TradDt,BizDt,Sgmt,Src,FinInstrmTp,FinInstrmId,ISIN,TckrSymb,SctySrs,XpryDt,FininstrmActlXpryDt,StrkPric,OptnTp,FinInstrmNm,OpnPric,HghPric,LwPric,ClsPric,LastPric,PrvsClsgPric,UndrlygPric,SttlmPric,OpnIntrst,ChngInOpnIntrst,TtlTradgVol,TtlTrfVal,TtlNbOfTxsExctd,SsnId,NewBrdLotQty,Rmks,Rsvd01,Rsvd02,Rsvd03,Rsvd04
2024-01-16,2024-01-16,FO,NSE,IDO,37748,,NIFTY,,2024-12-26,2024-12-26,23000.00,PE,NIFTY24DEC23000PE,1097.25,1145.00,1083.15,1137.25,1138.00,1099.40,22032.30,1137.25,102750,6050,390,470104987.50,272,F1,50,,,,,
2024-01-16,2024-01-16,FO,NSE,IDO,50091,,NIFTY,,2024-02-15,2024-02-15,23000.00,CE,NIFTY2421523000CE,79.95,87.00,62.55,69.95,69.60,83.95,22032.30,69.95,6850,2250,174,200761310.00,84,F1,50,,,,,
2024-01-16,2024-01-16,FO,NSE,IDO,45563,,NIFTY,,2024-02-08,2024-02-08,23000.00,PE,NIFTY2420823000PE,0.00,0.00,0.00,1241.60,0.00,1241.60,22032.30,903.75,0,0,0,0.00,0,F1,50,,,,,
2024-01-16,2024-01-16,FO,NSE,IDO,67276,,NIFTY,,2024-03-28,2024-03-28,21150.00,PE,NIFTY24MAR21150PE,0.00,0.00,0.00,199.90,199.90,199.90,22032.30,96.65,2900,0,0,0.00,0,F1,50,,,,,
2024-01-16,2024-01-16,FO,NSE,IDO,40464,,NIFTY,,2024-02-15,2024-02-15,21150.00,CE,NIFTY2421521150CE,0.00,0.00,0.00,790.25,0.00,790.25,22032.30,1031.60,0,0,0,0.00,0,F1,50,,,,,
2024-01-16,2024-01-16,FO,NSE,IDO,37967,,NIFTY,,2024-02-01,2024-02-01,21150.00,PE,NIFTY2420121150PE,39.60,45.75,35.75,36.80,36.70,39.00,22032.30,36.80,12000,-700,138,146204187.50,87,F1,50,,,,,
2024-01-16,2024-01-16,FO,NSE,IDO,72875,,NIFTY,,2024-02-29,2024-02-29,21150.00,PE,NIFTY24FEB21150PE,91.40,101.20,87.00,93.60,93.90,89.50,22032.30,93.60,14250,-2900,112,118964620.00,76,F1,50,,,,,
2024-01-16,2024-01-16,FO,NSE,IDO,42328,,NIFTY,,2024-02-08,2024-02-08,21150.00,CE,NIFTY2420821150CE,0.00,0.00,0.00,800.65,0.00,800.65,22032.30,992.55,0,0,0,0.00,0,F1,50,,,,,
2024-01-16,2024-01-16,FO,NSE,IDO,39677,,NIFTY,,2024-02-15,2024-02-15,20300.00,CE,NIFTY2421520300CE,0.00,0.00,0.00,1511.90,0.00,1511.90,22032.30,1846.10,0,0,0,0.00,0,F1,50,,,,,
2024-01-16,2024-01-16,FO,NSE,IDO,39234,,NIFTY,,2024-01-18,2024-01-18,20300.00,CE,NIFTY2411820300CE,0.00,0.00,0.00,1825.00,1825.00,1825.00,22032.30,1739.80,700,0,0,0.00,0,F1,50,,,,,
2024-01-16,2024-01-16,FO,NSE,IDO,56538,,NIFTY,,2024-01-25,2024-01-25,20300.00,CE,NIFTY24JAN20300CE,1772.80,1822.00,1684.15,1740.00,1740.00,1826.45,22032.30,1740.00,49250,-50,80,88283782.50,52,F1,50,,,,,
2024-01-16,2024-01-16,FO,NSE,IDO,39678,,NIFTY,,2024-02-15,2024-02-15,20300.00,PE,NIFTY2421520300PE,0.00,0.00,0.00,23.10,0.00,23.10,22032.30,1.45,0,0,0,0.00,0,F1,50,,,,,
2024-01-16,2024-01-16,FO,NSE,IDO,72809,,NIFTY,,2024-02-29,2024-02-29,20300.00,CE,NIFTY24FEB20300CE,1960.60,1960.60,1893.55,1898.00,1898.00,1999.15,22032.30,1898.00,4050,1550,34,37738662.50,5,F1,50,,,,,
2024-01-16,2024-01-16,FO,NSE,IDO,56435,,NIFTY,,2024-01-25,2024-01-25,18800.00,CE,NIFTY24JAN18800CE,0.00,0.00,0.00,3120.00,3120.00,3120.00,22032.30,3263.55,4150,0,0,0.00,0,F1,50,,,,,
2024-01-16,2024-01-16,FO,NSE,IDO,56428,,NIFTY,,2024-01-25,2024-01-25,18600.00,PE,NIFTY24JAN18600PE,2.45,3.05,2.10,2.10,2.10,3.45,22032.30,2.10,77050,300,138,128358847.50,37,F1,50,,,,,
2024-01-16,2024-01-16,FO,NSE,IDO,56433,,NIFTY,,2024-01-25,2024-01-25,18750.00,CE,NIFTY24JAN18750CE,3360.00,3360.00,3360.00,3360.00,3360.00,2814.45,22032.30,3313.50,550,0,1,1105500.00,1,F1,50,,,,,
2024-01-16,2024-01-16,FO,NSE,IDO,53603,,NIFTY,,2027-12-30,2027-12-30,18000.00,CE,NIFTY27DEC18000CE,0.00,0.00,0.00,6285.70,0.00,6285.70,22032.30,8293.20,0,0,0,0.00,0,F1,50,,,,,
2024-01-16,2024-01-16,FO,NSE,IDO,40471,,NIFTY,,2024-02-15,2024-02-15,21200.00,PE,NIFTY2421521200PE,0.00,0.00,0.00,157.80,0.00,157.80,22032.30,37.30,0,0,0,0.00,0,F1,50,,,,,
2024-01-16,2024-01-16,FO,NSE,IDO,40468,,NIFTY,,2024-02-15,2024-02-15,21200.00,CE,NIFTY2421521200CE,0.00,0.00,0.00,752.90,0.00,752.90,22032.30,986.90,0,0,0,0.00,0,F1,50,,,,,
2024-01-16,2024-01-16,FO,NSE,IDO,67277,,NIFTY,,2024-03-28,2024-03-28,21200.00,CE,NIFTY24MAR21200CE,1288.80,1288.80,1254.95,1271.90,1254.95,1350.00,22032.30,1271.90,2450,0,8,8988750.00,4,F1,50,,,,,
2024-01-16,2024-01-16,FO,NSE,IDO,56576,,NIFTY,,2024-01-25,2024-01-25,21200.00,CE,NIFTY24JAN21200CE,909.05,955.40,790.20,847.10,843.10,954.10,22032.30,847.10,320050,-11050,502,554543000.00,284,F1,50,,,,,
2024-01-16,2024-01-16,FO,NSE,IDO,37976,,NIFTY,,2024-02-01,2024-02-01,21200.00,CE,NIFTY2420121200CE,950.00,950.00,950.00,950.00,950.00,970.00,22032.30,907.00,1500,50,1,1107500.00,1,F1,50,,,,,
2024-01-16,2024-01-16,FO,NSE,IDO,72877,,NIFTY,,2024-02-29,2024-02-29,21200.00,PE,NIFTY24FEB21200PE,92.00,111.50,92.00,100.25,100.10,95.00,22032.30,100.25,288950,17150,5129,5462500705.00,2566,F1,50,,,,,
2024-01-16,2024-01-16,FO,NSE,IDO,59258,,NIFTY,,2024-01-18,2024-01-18,21200.00,PE,NIFTY2411821200PE,5.00,5.50,2.85,3.20,3.00,5.70,22032.30,3.20,4505250,594650,532811,564888462117.50,103628,F1,50,,,,,
2024-01-16,2024-01-16,FO,NSE,IDO,41188,,NIFTY,,2024-02-08,2024-02-08,20450.00,PE,NIFTY2420820450PE,0.00,0.00,0.00,33.65,0.00,33.65,22032.30,1.05,0,0,0,0.00,0,F1,50,,,,,
2024-01-16,2024-01-16,FO,NSE,IDO,56596,,NIFTY,,2024-01-25,2024-01-25,21600.00,PE,NIFTY24JAN21600PE,53.00,67.75,44.90,51.25,50.50,52.10,22032.30,51.25,2183600,161400,59696,64630218682.50,20460,F1,50,,,,,
2024-01-16,2024-01-16,FO,NSE,IDO,56425,,NIFTY,,2024-01-25,2024-01-25,18550.00,CE,NIFTY24JAN18550CE,0.00,0.00,0.00,931.75,0.00,931.75,22032.30,3513.15,0,0,0,0.00,0,F1,50,,,,,
2024-01-16,2024-01-16,FO,NSE,IDO,40457,,NIFTY,,2024-02-08,2024-02-08,20350.00,PE,NIFTY2420820350PE,0.00,0.00,0.00,26.30,0.00,26.30,22032.30,0.60,0,0,0,0.00,0,F1,50,,,,,
2024-01-16,2024-01-16,FO,NSE,IDO,59399,,NIFTY,,2024-01-18,2024-01-18,22650.00,PE,NIFTY2411822650PE,0.00,0.00,0.00,531.60,531.60,531.60,22032.30,609.40,150,0,0,0.00,0,F1,50,,,,,
2024-01-16,2024-01-16,FO,NSE,IDO,72940,,NIFTY,,2024-02-29,2024-02-29,22650.00,CE,NIFTY24FEB22650CE,223.75,238.90,184.25,204.35,199.85,239.65,22032.30,204.35,13400,300,91,104036305.00,56,F1,50,,,,,
2024-01-16,2024-01-16,FO,NSE,IDO,50077,,NIFTY,,2024-02-15,2024-02-15,22650.00,CE,NIFTY2421522650CE,0.00,0.00,0.00,109.95,0.00,109.95,22032.30,124.60,0,0,0,0.00,0,F1,50,,,,,
2024-01-16,2024-01-16,FO,NSE,IDO,45534,,NIFTY,,2024-02-08,2024-02-08,22650.00,CE,NIFTY2420822650CE,114.80,130.00,94.00,105.50,104.85,38.30,22032.30,105.50,4050,3900,168,191166730.00,36,F1,50,,,,,
2024-01-16,2024-01-16,FO,NSE,IDO,50971,,NIFTY,,2025-12-24,2025-12-24,27000.00,CE,NIFTY25DEC27000CE,0.00,0.00,0.00,1071.00,0.00,1071.00,22032.30,857.80,0,0,0,0.00,0,F1,50,,,,,
2024-01-16,2024-01-16,FO,NSE,IDO,50984,,NIFTY,,2027-06-24,2027-06-24,27000.00,PE,NIFTY27JUN27000PE,0.00,0.00,0.00,6273.45,0.00,6273.45,22032.30,1658.35,0,0,0,0.00,0,F1,50,,,,,
2024-01-16,2024-01-16,FO,NSE,IDO,50979,,NIFTY,,2026-12-31,2026-12-31,27000.00,PE,NIFTY26DEC27000PE,0.00,0.00,0.00,6522.30,0.00,6522.30,22032.30,1883.50,0,0,0,0.00,0,F1,50,,,,,
2024-01-16,2024-01-16,FO,NSE,IDO,50976,,NIFTY,,2026-06-25,2026-06-25,27000.00,PE,NIFTY26JUN27000PE,0.00,0.00,0.00,6810.70,0.00,6810.70,22032.30,2172.50,0,0,0,0.00,0,F1,50,,,,,
2024-01-16,2024-01-16,FO,NSE,IDO,67292,,NIFTY,,2024-03-28,2024-03-28,21550.00,PE,NIFTY24MAR21550PE,264.90,264.90,255.00,255.00,255.00,256.75,22032.30,255.00,2200,-100,7,7634225.00,5,F1,50,,,,,
2024-01-16,2024-01-16,FO,NSE,IDO,56490,,NIFTY,,2024-01-25,2024-01-25,19350.00,CE,NIFTY24JAN19350CE,2762.95,2762.95,2762.95,2762.95,2762.95,2416.00,22032.30,2714.50,10000,0,1,1105647.50,1,F1,50,,,,,
2024-01-16,2024-01-16,FO,NSE,IDO,56555,,NIFTY,,2024-01-25,2024-01-25,20700.00,PE,NIFTY24JAN20700PE,8.75,8.75,6.10,6.45,6.10,8.45,22032.30,6.45,761500,65650,12340,12776418420.00,5065,F1,50,,,,,
2024-01-16,2024-01-16,FO,NSE,IDO,40237,,NIFTY,,2024-02-08,2024-02-08,20250.00,PE,NIFTY2420820250PE,0.00,0.00,0.00,20.35,0.00,20.35,22032.30,0.35,0,0,0,0.00,0,F1,50,,,,,
2024-01-16,2024-01-16,FO,NSE,IDO,67241,,NIFTY,,2024-03-28,2024-03-28,20250.00,PE,NIFTY24MAR20250PE,0.00,0.00,0.00,51.10,51.10,51.10,22032.30,16.05,100,0,0,0.00,0,F1,50,,,,,
2024-01-16,2024-01-16,FO,NSE,IDO,39676,,NIFTY,,2024-02-15,2024-02-15,20250.00,PE,NIFTY2421520250PE,0.00,0.00,0.00,20.30,0.00,20.30,22032.30,1.20,0,0,0,0.00,0,F1,50,,,,,
2024-01-16,2024-01-16,FO,NSE,IDO,39233,,NIFTY,,2024-01-18,2024-01-18,20250.00,PE,NIFTY2411820250PE,2.00,2.70,1.25,1.40,1.35,2.65,22032.30,1.40,150900,-25100,8219,8322547515.00,1989,F1,50,,,,,
2024-01-16,2024-01-16,FO,NSE,IDO,56536,,NIFTY,,2024-01-25,2024-01-25,20250.00,CE,NIFTY24JAN20250CE,0.00,0.00,0.00,1840.00,1840.00,1840.00,22032.30,1816.00,17300,0,0,0.00,0,F1,50,,,,,
2024-01-16,2024-01-16,FO,NSE,IDO,72803,,NIFTY,,2024-02-29,2024-02-29,20250.00,CE,NIFTY24FEB20250CE,1977.30,1977.30,1977.30,1977.30,1977.30,1648.65,22032.30,1950.95,200,0,1,1111365.00,1,F1,50,,,,,
2024-01-16,2024-01-16,FO,NSE,IDO,40236,,NIFTY,,2024-02-08,2024-02-08,20250.00,CE,NIFTY2420820250CE,0.00,0.00,0.00,1570.05,0.00,1570.05,22032.30,1868.60,0,0,0,0.00,0,F1,50,,,,,
2024-01-16,2024-01-16,FO,NSE,IDO,72855,,NIFTY,,2024-02-29,2024-02-29,20950.00,PE,NIFTY24FEB20950PE,72.20,77.65,66.45,68.90,68.90,68.20,22032.30,34.55,11350,-550,18,18919180.00,18,F1,50,,,,,
2024-01-16,2024-01-16,FO,NSE,IDO,39675,,NIFTY,,2024-02-15,2024-02-15,20250.00,CE,NIFTY2421520250CE,0.00,0.00,0.00,1558.75,0.00,1558.75,22032.30,1895.50,0,0,0,0.00,0,F1,50,,,,,
2024-01-16,2024-01-16,FO,NSE,IDO,59397,,NIFTY,,2024-01-18,2024-01-18,22600.00,PE,NIFTY2411822600PE,543.85,633.40,480.00,563.15,573.75,493.15,22032.30,563.15,5750,-200,833,963682490.00,452,F1,50,,,,,
2024-01-16,2024-01-16,FO,NSE,IDO,59396,,NIFTY,,2024-01-18,2024-01-18,22600.00,CE,NIFTY2411822600CE,3.90,4.00,1.95,2.35,1.95,4.15,22032.30,2.35,6375100,2005400,832719,941094826807.50,144028,F1,50,,,,,
2024-01-16,2024-01-16,FO,NSE,IDO,35759,,NIFTY,,2024-01-25,2024-01-25,23250.00,PE,NIFTY24JAN23250PE,0.00,0.00,0.00,1130.45,1130.45,1130.45,22032.30,1179.45,100,0,0,0.00,0,F1,50,,,,,
2024-01-16,2024-01-16,FO,NSE,IDO,59426,,NIFTY,,2024-01-18,2024-01-18,23250.00,PE,NIFTY2411823250PE,0.00,0.00,0.00,1917.35,0.00,1917.35,22032.30,1209.10,0,0,0,0.00,0,F1,50,,,,,
2024-01-16,2024-01-16,FO,NSE,IDO,45599,,NIFTY,,2024-02-08,2024-02-08,23250.00,PE,NIFTY2420823250PE,0.00,0.00,0.00,1466.15,0.00,1466.15,22032.30,1134.40,0,0,0,0.00,0,F1,50,,,,,
2024-01-16,2024-01-16,FO,NSE,IDO,37966,,NIFTY,,2024-02-01,2024-02-01,21150.00,CE,NIFTY2420121150CE,0.00,0.00,0.00,645.00,645.00,645.00,22032.30,954.45,50,0,0,0.00,0,F1,50,,,,,
2024-01-16,2024-01-16,FO,NSE,IDO,40467,,NIFTY,,2024-02-15,2024-02-15,21150.00,PE,NIFTY2421521150PE,0.00,0.00,0.00,49.55,49.55,49.55,22032.30,32.30,50,0,0,0.00,0,F1,50,,,,,
2024-01-16,2024-01-16,FO,NSE,IDO,42326,,NIFTY,,2024-02-08,2024-02-08,21100.00,CE,NIFTY2420821100CE,0.00,0.00,0.00,837.20,0.00,837.20,22032.30,1039.00,0,0,0,0.00,0,F1,50,,,,,
2024-01-16,2024-01-16,FO,NSE,IDO,40463,,NIFTY,,2024-02-15,2024-02-15,21100.00,PE,NIFTY2421521100PE,0.00,0.00,0.00,132.30,0.00,132.30,22032.30,27.85,0,0,0,0.00,0,F1,50,,,,,
2024-01-16,2024-01-16,FO,NSE,IDO,56571,,NIFTY,,2024-01-25,2024-01-25,21100.00,PE,NIFTY24JAN21100PE,18.65,19.45,13.50,14.00,13.85,17.70,22032.30,14.00,987500,-108150,35302,37272154352.50,17971,F1,50,,,,,
2024-01-16,2024-01-16,FO,NSE,IDO,67274,,NIFTY,,2024-03-28,2024-03-28,21100.00,PE,NIFTY24MAR21100PE,162.80,169.00,154.05,161.40,161.90,157.50,22032.30,161.40,15300,1900,142,150941562.50,94,F1,50,,,,,
2024-01-16,2024-01-16,FO,NSE,IDO,59253,,NIFTY,,2024-01-18,2024-01-18,21100.00,CE,NIFTY2411821100CE,960.00,1024.90,884.50,935.80,931.65,1013.95,22032.30,935.80,50800,-1000,65,71711425.00,39,F1,50,,,,,
2024-01-16,2024-01-16,FO,NSE,IDO,37959,,NIFTY,,2024-02-01,2024-02-01,21100.00,PE,NIFTY2420121100PE,35.70,40.85,31.50,32.50,32.10,35.70,22032.30,32.50,58000,20750,2849,3010671357.50,1744,F1,50,,,,,
2024-01-16,2024-01-16,FO,NSE,IDO,50064,,NIFTY,,2024-02-15,2024-02-15,22350.00,PE,NIFTY2421522350PE,0.00,0.00,0.00,726.75,0.00,726.75,22032.30,415.30,0,0,0,0.00,0,F1,50,,,,,
2024-01-16,2024-01-16,FO,NSE,IDO,45601,,NIFTY,,2024-02-15,2024-02-15,21950.00,CE,NIFTY2421521950CE,490.65,490.65,446.65,446.65,446.65,320.60,22032.30,418.45,100,100,2,2241865.00,2,F1,50,,,,,
2024-01-16,2024-01-16,FO,NSE,IDO,46167,,NIFTY,,2024-01-25,2024-01-25,22350.00,CE,NIFTY24JAN22350CE,87.70,95.25,52.20,62.15,60.10,102.65,22032.30,62.15,421850,34200,21705,24332489565.00,8685,F1,50,,,,,
2024-01-16,2024-01-16,FO,NSE,IDO,38095,,NIFTY,,2024-02-01,2024-02-01,22350.00,CE,NIFTY2420122350CE,172.00,185.00,127.00,142.80,140.65,189.25,22032.30,142.80,21800,3750,427,480465415.00,256,F1,50,,,,,
2024-01-16,2024-01-16,FO,NSE,IDO,45013,,NIFTY,,2024-02-08,2024-02-08,21950.00,PE,NIFTY2420821950PE,222.00,251.00,222.00,247.40,247.40,220.55,22032.30,189.30,2400,300,10,11093447.50,8,F1,50,,,,,
2024-01-16,2024-01-16,FO,NSE,IDO,67567,,NIFTY,,2024-03-28,2024-03-28,22350.00,PE,NIFTY24MAR22350PE,0.00,0.00,0.00,826.00,826.00,826.00,22032.30,487.30,200,0,0,0.00,0,F1,50,,,,,
2024-01-16,2024-01-16,FO,NSE,IDO,35062,,NIFTY,,2024-01-25,2024-01-25,21950.00,PE,NIFTY24JAN21950PE,139.95,178.70,116.00,146.25,146.95,124.05,22032.30,146.25,216600,28500,20773,22947015740.00,7687,F1,50,,,,,
2024-01-16,2024-01-16,FO,NSE,IDO,45504,,NIFTY,,2024-02-08,2024-02-08,22350.00,CE,NIFTY2420822350CE,208.15,208.15,200.00,200.00,200.00,243.30,22032.30,200.00,1850,0,2,2255407.50,2,F1,50,,,,,
2024-01-16,2024-01-16,FO,NSE,IDO,72926,,NIFTY,,2024-02-29,2024-02-29,22350.00,CE,NIFTY24FEB22350CE,343.55,366.95,296.05,317.65,314.25,372.35,22032.30,317.65,11550,-2100,130,147483197.50,87,F1,50,,,,,
2024-01-16,2024-01-16,FO,NSE,IDO,50063,,NIFTY,,2024-02-15,2024-02-15,22350.00,CE,NIFTY2421522350CE,273.10,274.60,256.15,274.60,274.60,179.85,22032.30,221.25,850,850,20,22609682.50,8,F1,50,,,,,
2024-01-16,2024-01-16,FO,NSE,IDO,38062,,NIFTY,,2024-02-01,2024-02-01,21950.00,CE,NIFTY2420121950CE,375.00,399.25,297.85,324.45,325.10,405.95,22032.30,324.45,51250,450,210,234054045.00,130,F1,50,,,,,
2024-01-16,2024-01-16,FO,NSE,IDO,67308,,NIFTY,,2024-03-28,2024-03-28,21950.00,PE,NIFTY24MAR21950PE,365.45,390.65,365.45,386.80,382.25,348.00,22032.30,386.80,3100,-50,12,13399515.00,9,F1,50,,,,,
2024-01-16,2024-01-16,FO,NSE,IDO,72911,,NIFTY,,2024-02-29,2024-02-29,21950.00,PE,NIFTY24FEB21950PE,286.95,320.00,274.00,294.15,295.40,270.95,22032.30,294.15,11800,-650,234,260225555.00,93,F1,50,,,,,
2024-01-16,2024-01-16,FO,NSE,IDO,72910,,NIFTY,,2024-02-29,2024-02-29,21950.00,CE,NIFTY24FEB21950CE,559.00,569.95,498.00,521.15,517.80,599.90,22032.30,521.15,18200,4350,167,187858415.00,100,F1,50,,,,,
2024-01-16,2024-01-16,FO,NSE,IDO,67307,,NIFTY,,2024-03-28,2024-03-28,21950.00,CE,NIFTY24MAR21950CE,777.55,777.60,731.70,731.70,731.70,761.40,22032.30,681.45,1350,0,5,5677305.00,4,F1,50,,,,,
2024-01-16,2024-01-16,FO,NSE,IDO,45505,,NIFTY,,2024-02-08,2024-02-08,22350.00,PE,NIFTY2420822350PE,0.00,0.00,0.00,721.05,0.00,721.05,22032.30,396.30,0,0,0,0.00,0,F1,50,,,,,
2024-01-16,2024-01-16,FO,NSE,IDO,50066,,NIFTY,,2024-02-15,2024-02-15,22400.00,PE,NIFTY2421522400PE,0.00,0.00,0.00,762.80,0.00,762.80,22032.30,446.00,0,0,0,0.00,0,F1,50,,,,,
2024-01-16,2024-01-16,FO,NSE,IDO,60326,,NIFTY,,2024-03-28,2024-03-28,19000.00,PE,NIFTY24MAR19000PE,26.00,26.00,23.45,24.45,23.75,24.80,22032.30,24.45,1302100,-4500,1431,1361197825.00,607,F1,50,,,,,
2024-01-16,2024-01-16,FO,NSE,IDO,50057,,NIFTY,,2024-02-15,2024-02-15,22250.00,CE,NIFTY2421522250CE,314.00,314.15,303.80,303.80,303.80,320.00,22032.30,262.90,1350,850,18,20305962.50,8,F1,50,,,,,
2024-01-16,2024-01-16,FO,NSE,IDO,38083,,NIFTY,,2024-02-01,2024-02-01,22250.00,PE,NIFTY2420122250PE,325.05,380.05,301.50,356.30,350.65,302.95,22032.30,356.30,3300,-100,64,72313890.00,33,F1,50,,,,,
2024-01-16,2024-01-16,FO,NSE,IDO,72922,,NIFTY,,2024-02-29,2024-02-29,22250.00,CE,NIFTY24FEB22250CE,395.10,412.45,336.00,361.25,361.55,422.20,22032.30,361.25,15450,-1600,188,212715287.50,117,F1,50,,,,,
2024-01-16,2024-01-16,FO,NSE,IDO,72923,,NIFTY,,2024-02-29,2024-02-29,22250.00,PE,NIFTY24FEB22250PE,414.95,451.55,395.95,429.70,431.55,391.65,22032.30,429.70,27600,1050,219,248135585.00,91,F1,50,,,,,
2024-01-16,2024-01-16,FO,NSE,IDO,37795,,NIFTY,,2025-12-24,2025-12-24,23000.00,CE,NIFTY25DEC23000CE,2580.00,2580.00,2430.00,2430.00,2430.00,2379.00,22032.30,2542.30,2350,-50,4,5102900.00,4,F1,50,,,,,
2024-01-16,2024-01-16,FO,NSE,IDO,42607,,NIFTY,,2024-01-25,2024-01-25,23000.00,CE,NIFTY24JAN23000CE,10.00,10.00,5.70,6.25,6.10,8.55,22032.30,6.25,2502700,508900,74381,85564215630.00,19232,F1,50,,,,,
2024-01-16,2024-01-16,FO,NSE,IDO,37723,,NIFTY,,2024-06-27,2024-06-27,23000.00,PE,NIFTY24JUN23000PE,1103.75,1175.00,1091.45,1152.80,1150.00,1095.05,22032.30,1152.80,137350,9200,598,721318042.50,512,F1,50,,,,,
2024-01-16,2024-01-16,FO,NSE,IDO,60335,,NIFTY,,2024-03-28,2024-03-28,23000.00,CE,NIFTY24MAR23000CE,276.00,276.00,225.00,243.15,242.00,276.55,22032.30,243.15,852850,30000,4784,5562401167.50,2330,F1,50,,,,,
2024-01-16,2024-01-16,FO,NSE,IDO,45562,,NIFTY,,2024-02-08,2024-02-08,23000.00,CE,NIFTY2420823000CE,52.45,58.90,42.00,48.00,47.00,58.65,22032.30,48.00,36350,250,849,978538932.50,392,F1,50,,,,,
2024-01-16,2024-01-16,FO,NSE,IDO,42067,,NIFTY,,2024-02-29,2024-02-29,23550.00,PE,NIFTY24FEB23550PE,0.00,0.00,0.00,2500.05,0.00,2500.05,22032.30,1363.55,0,0,0,0.00,0,F1,50,,,,,
2024-01-16,2024-01-16,FO,NSE,IDO,37799,,NIFTY,,2026-06-25,2026-06-25,23000.00,CE,NIFTY26JUN23000CE,0.00,0.00,0.00,2645.65,0.00,2645.65,22032.30,3149.40,0,0,0,0.00,0,F1,50,,,,,
2024-01-16,2024-01-16,FO,NSE,IDO,38200,,NIFTY,,2024-02-01,2024-02-01,23550.00,PE,NIFTY2420123550PE,0.00,0.00,0.00,2112.15,0.00,2112.15,22032.30,1449.30,0,0,0,0.00,0,F1,50,,,,,
2024-01-16,2024-01-16,FO,NSE,IDO,42066,,NIFTY,,2024-02-29,2024-02-29,23550.00,CE,NIFTY24FEB23550CE,44.75,49.00,37.10,41.25,41.60,49.10,22032.30,41.25,6200,-600,179,211178397.50,147,F1,50,,,,,
2024-01-16,2024-01-16,FO,NSE,IDO,37796,,NIFTY,,2025-12-24,2025-12-24,23000.00,PE,NIFTY25DEC23000PE,920.05,1284.95,920.05,1189.50,1190.00,790.00,22032.30,1189.50,550,500,15,18106697.50,10,F1,50,,,,,
2024-01-16,2024-01-16,FO,NSE,IDO,37806,,NIFTY,,2026-12-31,2026-12-31,23000.00,CE,NIFTY26DEC23000CE,0.00,0.00,0.00,2020.00,2020.00,2020.00,22032.30,3757.60,500,0,0,0.00,0,F1,50,,,,,
2024-01-16,2024-01-16,FO,NSE,IDO,86150,,NIFTY,,2028-06-29,2028-06-29,23000.00,PE,NIFTY28JUN23000PE,0.00,0.00,0.00,1399.25,0.00,1399.25,22032.30,412.05,0,0,0,0.00,0,F1,50,,,,,
2024-01-16,2024-01-16,FO,NSE,IDO,37805,,NIFTY,,2026-06-25,2026-06-25,23000.00,PE,NIFTY26JUN23000PE,0.00,0.00,0.00,4171.75,0.00,4171.75,22032.30,623.05,0,0,0,0.00,0,F1,50,,,,,
2024-01-16,2024-01-16,FO,NSE,IDO,71559,,NIFTY,,2027-06-24,2027-06-24,23000.00,PE,NIFTY27JUN23000PE,0.00,0.00,0.00,4514.30,0.00,4514.30,22032.30,508.75,0,0,0,0.00,0,F1,50,,,,,
2024-01-16,2024-01-16,FO,NSE,IDO,45560,,NIFTY,,2024-02-08,2024-02-08,22950.00,PE,NIFTY2420822950PE,0.00,0.00,0.00,1198.00,0.00,1198.00,22032.30,859.25,0,0,0,0.00,0,F1,50,,,,,
2024-01-16,2024-01-16,FO,NSE,IDO,59305,,NIFTY,,2024-01-18,2024-01-18,21650.00,CE,NIFTY2411821650CE,433.00,487.00,337.35,389.00,387.95,482.60,22032.30,389.00,461650,-127000,5711,6296932367.50,2852,F1,50,,,,,
2024-01-16,2024-01-16,FO,NSE,IDO,43985,,NIFTY,,2024-02-15,2024-02-15,21650.00,PE,NIFTY2421521650PE,166.80,166.80,162.80,166.15,166.15,158.80,22032.30,116.45,150,-800,19,20725207.50,3,F1,50,,,,,
2024-01-16,2024-01-16,FO,NSE,IDO,56367,,NIFTY,,2024-01-25,2024-01-25,17750.00,CE,NIFTY24JAN17750CE,0.00,0.00,0.00,4140.65,4150.00,4140.65,22032.30,4311.80,2450,0,0,0.00,0,F1,50,,,,,
2024-01-16,2024-01-16,FO,NSE,IDO,44231,,NIFTY,,2024-02-08,2024-02-08,21650.00,CE,NIFTY2420821650CE,661.90,661.90,594.20,600.95,594.20,553.70,22032.30,600.95,2250,-200,19,21150067.50,8,F1,50,,,,,
2024-01-16,2024-01-16,FO,NSE,IDO,38033,,NIFTY,,2024-02-01,2024-02-01,21650.00,PE,NIFTY2420121650PE,102.05,120.00,94.25,104.55,108.95,97.10,22032.30,104.55,22000,2450,700,761432067.50,270,F1,50,,,,,
2024-01-16,2024-01-16,FO,NSE,IDO,67296,,NIFTY,,2024-03-28,2024-03-28,21650.00,PE,NIFTY24MAR21650PE,276.45,280.55,276.00,276.00,276.00,262.50,22032.30,208.30,2300,-600,26,28506645.00,14,F1,50,,,,,
2024-01-16,2024-01-16,FO,NSE,IDO,72955,,NIFTY,,2024-02-29,2024-02-29,22950.00,PE,NIFTY24FEB22950PE,837.85,878.15,837.80,878.15,878.15,813.25,22032.30,878.15,1450,100,7,8330370.00,6,F1,50,,,,,
2024-01-16,2024-01-16,FO,NSE,IDO,72716,,NIFTY,,2024-02-29,2024-02-29,19150.00,CE,NIFTY24FEB19150CE,0.00,0.00,0.00,1462.60,0.00,1462.60,22032.30,3037.55,0,0,0,0.00,0,F1,50,,,,,
2024-01-16,2024-01-16,FO,NSE,IDO,72717,,NIFTY,,2024-02-29,2024-02-29,19150.00,PE,NIFTY24FEB19150PE,0.00,0.00,0.00,136.40,0.00,136.40,22032.30,0.05,0,0,0,0.00,0,F1,50,,,,,
2024-01-16,2024-01-16,FO,NSE,IDO,56351,,NIFTY,,2024-01-25,2024-01-25,17350.00,CE,NIFTY24JAN17350CE,0.00,0.00,0.00,4400.00,4400.00,4400.00,22032.30,4711.15,200,0,0,0.00,0,F1,50,,,,,
2024-01-16,2024-01-16,FO,NSE,IDO,56352,,NIFTY,,2024-01-25,2024-01-25,17350.00,PE,NIFTY24JAN17350PE,1.55,1.70,1.30,1.45,1.30,1.75,22032.30,1.45,19950,-1350,130,112784797.50,23,F1,50,,,,,
2024-01-16,2024-01-16,FO,NSE,IDO,45662,,NIFTY,,2024-02-08,2024-02-08,23650.00,PE,NIFTY2420823650PE,1438.90,1442.45,1438.90,1442.45,1442.45,1841.95,22032.30,1520.95,250,250,5,6272635.00,4,F1,50,,,,,
2024-01-16,2024-01-16,FO,NSE,IDO,67640,,NIFTY,,2024-03-28,2024-03-28,23650.00,CE,NIFTY24MAR23650CE,100.00,106.55,96.45,103.65,103.65,114.25,22032.30,90.70,1700,-350,29,34438195.00,14,F1,50,,,,,
2024-01-16,2024-01-16,FO,NSE,IDO,37802,,NIFTY,,2026-06-25,2026-06-25,13000.00,PE,NIFTY26JUN13000PE,0.00,0.00,0.00,45.25,45.25,45.25,22032.30,0.10,200,0,0,0.00,0,F1,50,,,,,
2024-01-16,2024-01-16,FO,NSE,IDO,38209,,NIFTY,,2024-02-01,2024-02-01,23650.00,CE,NIFTY2420123650CE,8.80,8.95,7.00,7.95,7.10,7.80,22032.30,7.95,5800,-600,142,167970142.50,67,F1,50,,,,,
2024-01-16,2024-01-16,FO,NSE,IDO,67641,,NIFTY,,2024-03-28,2024-03-28,23650.00,PE,NIFTY24MAR23650PE,0.00,0.00,0.00,1621.90,0.00,1621.90,22032.30,1395.55,0,0,0,0.00,0,F1,50,,,,,
2024-01-16,2024-01-16,FO,NSE,IDO,38221,,NIFTY,,2024-02-01,2024-02-01,23650.00,PE,NIFTY2420123650PE,0.00,0.00,0.00,2208.70,0.00,2208.70,22032.30,1548.55,0,0,0,0.00,0,F1,50,,,,,
2024-01-16,2024-01-16,FO,NSE,IDO,50275,,NIFTY,,2024-02-15,2024-02-15,23650.00,CE,NIFTY2421523650CE,0.00,0.00,0.00,23.20,23.20,23.20,22032.30,9.55,550,0,0,0.00,0,F1,50,,,,,
2024-01-16,2024-01-16,FO,NSE,IDO,58631,,NIFTY,,2026-12-31,2026-12-31,13000.00,PE,NIFTY26DEC13000PE,0.00,0.00,0.00,450.00,450.00,450.00,22032.30,0.20,200,0,0,0.00,0,F1,50,,,,,
2024-01-16,2024-01-16,FO,NSE,IDO,37797,,NIFTY,,2025-12-24,2025-12-24,13000.00,PE,NIFTY25DEC13000PE,0.00,0.00,0.00,400.00,400.00,400.00,22032.30,0.05,150,0,0,0.00,0,F1,50,,,,,
2024-01-16,2024-01-16,FO,NSE,IDO,42025,,NIFTY,,2024-01-25,2024-01-25,23650.00,PE,NIFTY24JAN23650PE,0.00,0.00,0.00,2726.30,0.00,2726.30,22032.30,1578.40,0,0,0,0.00,0,F1,50,,,,,
2024-01-16,2024-01-16,FO,NSE,IDO,42087,,NIFTY,,2024-02-29,2024-02-29,23650.00,PE,NIFTY24FEB23650PE,0.00,0.00,0.00,2593.30,0.00,2593.30,22032.30,1455.45,0,0,0,0.00,0,F1,50,,,,,
2024-01-16,2024-01-16,FO,NSE,IDO,42024,,NIFTY,,2024-01-25,2024-01-25,23650.00,CE,NIFTY24JAN23650CE,2.70,2.80,2.05,2.15,2.05,2.60,22032.30,2.15,26700,8450,991,1171980450.00,320,F1,50,,,,,
2024-01-16,2024-01-16,FO,NSE,IDO,50276,,NIFTY,,2024-02-15,2024-02-15,23650.00,PE,NIFTY2421523650PE,0.00,0.00,0.00,1852.20,0.00,1852.20,22032.30,1496.40,0,0,0,0.00,0,F1,50,,,,,
2024-01-16,2024-01-16,FO,NSE,IDO,42086,,NIFTY,,2024-02-29,2024-02-29,23650.00,CE,NIFTY24FEB23650CE,42.00,42.00,31.60,34.50,34.45,41.35,22032.30,34.50,11250,-1700,373,441773567.50,297,F1,50,,,,,
2024-01-16,2024-01-16,FO,NSE,IDO,45661,,NIFTY,,2024-02-08,2024-02-08,23650.00,CE,NIFTY2420823650CE,19.15,19.15,11.05,17.40,17.40,18.20,22032.30,3.65,2700,-100,38,44963472.50,18,F1,50,,,,,
2024-01-16,2024-01-16,FO,NSE,IDO,59445,,NIFTY,,2024-01-18,2024-01-18,23650.00,CE,NIFTY2411823650CE,0.60,1.00,0.60,0.70,0.75,0.60,22032.30,0.70,204950,72200,29012,34307761627.50,4546,F1,50,,,,,
2024-01-16,2024-01-16,FO,NSE,IDO,59446,,NIFTY,,2024-01-18,2024-01-18,23650.00,PE,NIFTY2411823650PE,0.00,0.00,0.00,2307.35,0.00,2307.35,22032.30,1608.95,0,0,0,0.00,0,F1,50,,,,,
2024-01-16,2024-01-16,FO,NSE,IDO,56465,,NIFTY,,2024-01-25,2024-01-25,19100.00,CE,NIFTY24JAN19100CE,0.00,0.00,0.00,3002.10,3002.10,3002.10,22032.30,2964.05,11800,0,0,0.00,0,F1,50,,,,,
2024-01-16,2024-01-16,FO,NSE,IDO,72699,,NIFTY,,2024-02-29,2024-02-29,19100.00,CE,NIFTY24FEB19100CE,0.00,0.00,0.00,2190.55,2190.55,2190.55,22032.30,3087.10,50,0,0,0.00,0,F1,50,,,,,
2024-01-16,2024-01-16,FO,NSE,IDO,72700,,NIFTY,,2024-02-29,2024-02-29,19100.00,PE,NIFTY24FEB19100PE,0.00,0.00,0.00,127.50,0.00,127.50,22032.30,0.05,0,0,0,0.00,0,F1,50,,,,,
2024-01-16,2024-01-16,FO,NSE,IDO,65912,,NIFTY,,2024-09-26,2024-09-26,25000.00,PE,NIFTY24SEP25000PE,0.00,0.00,0.00,3952.40,0.00,3952.40,22032.30,2110.35,0,0,0,0.00,0,F1,50,,,,,
2024-01-16,2024-01-16,FO,NSE,IDO,71362,,NIFTY,,2024-12-26,2024-12-26,25000.00,CE,NIFTY24DEC25000CE,537.70,560.00,519.95,528.35,525.75,543.25,22032.30,528.35,172700,600,140,178770927.50,115,F1,50,,,,,
2024-01-16,2024-01-16,FO,NSE,IDO,67785,,NIFTY,,2028-12-28,2028-12-28,25000.00,PE,NIFTY28DEC25000PE,0.00,0.00,0.00,937.05,0.00,937.05,22032.30,683.30,0,0,0,0.00,0,F1,50,,,,,
2024-01-16,2024-01-16,FO,NSE,IDO,50279,,NIFTY,,2024-02-15,2024-02-15,23700.00,CE,NIFTY2421523700CE,0.00,0.00,0.00,12.80,0.00,12.80,22032.30,8.15,0,0,0,0.00,0,F1,50,,,,,
2024-01-16,2024-01-16,FO,NSE,IDO,67643,,NIFTY,,2024-03-28,2024-03-28,23700.00,PE,NIFTY24MAR23700PE,0.00,0.00,0.00,1662.25,0.00,1662.25,22032.30,1438.30,0,0,0,0.00,0,F1,50,,,,,
2024-01-16,2024-01-16,FO,NSE,IDO,67642,,NIFTY,,2024-03-28,2024-03-28,23700.00,CE,NIFTY24MAR23700CE,0.00,0.00,0.00,167.25,0.00,167.25,22032.30,84.10,0,0,0,0.00,0,F1,50,,,,,
2024-01-16,2024-01-16,FO,NSE,IDO,45664,,NIFTY,,2024-02-08,2024-02-08,23700.00,PE,NIFTY2420823700PE,0.00,0.00,0.00,1889.95,0.00,1889.95,22032.30,1570.10,0,0,0,0.00,0,F1,50,,,,,
2024-01-16,2024-01-16,FO,NSE,IDO,42029,,NIFTY,,2024-01-25,2024-01-25,23700.00,PE,NIFTY24JAN23700PE,0.00,0.00,0.00,2775.25,0.00,2775.25,22032.30,1628.30,0,0,0,0.00,0,F1,50,,,,,
2024-01-16,2024-01-16,FO,NSE,IDO,59448,,NIFTY,,2024-01-18,2024-01-18,23700.00,PE,NIFTY2411823700PE,0.00,0.00,0.00,2356.45,0.00,2356.45,22032.30,1658.95,0,0,0,0.00,0,F1,50,,,,,
2024-01-16,2024-01-16,FO,NSE,IDO,59447,,NIFTY,,2024-01-18,2024-01-18,23700.00,CE,NIFTY2411823700CE,0.65,0.90,0.50,0.65,0.60,3.60,22032.30,0.65,21800,21800,5522,6543758047.50,1439,F1,50,,,,,
2024-01-16,2024-01-16,FO,NSE,IDO,45663,,NIFTY,,2024-02-08,2024-02-08,23700.00,CE,NIFTY2420823700CE,20.90,20.90,7.55,12.50,12.50,13.65,22032.30,3.00,2050,2050,100,118566670.00,32,F1,50,,,,,
2024-01-16,2024-01-16,FO,NSE,IDO,67289,,NIFTY,,2024-03-28,2024-03-28,21500.00,CE,NIFTY24MAR21500CE,1069.45,1118.85,994.55,1037.25,1037.85,1124.45,22032.30,1037.25,84850,1650,551,622165450.00,402,F1,50,,,,,
2024-01-16,2024-01-16,FO,NSE,IDO,43932,,NIFTY,,2024-02-08,2024-02-08,21500.00,CE,NIFTY2420821500CE,770.00,785.00,703.00,709.95,709.95,808.75,22032.30,709.95,3800,-50,24,26677947.50,24,F1,50,,,,,
2024-01-16,2024-01-16,FO,NSE,IDO,39222,,NIFTY,,2024-01-18,2024-01-18,20000.00,PE,NIFTY2411820000PE,1.80,2.45,1.10,1.35,1.35,2.45,22032.30,1.35,3274100,206100,180129,180144855517.50,24947,F1,50,,,,,
2024-01-16,2024-01-16,FO,NSE,IDO,38699,,NIFTY,,2024-02-15,2024-02-15,20000.00,CE,NIFTY2421520000CE,0.00,0.00,0.00,1796.85,0.00,1796.85,22032.30,2143.30,0,0,0,0.00,0,F1,50,,,,,
2024-01-16,2024-01-16,FO,NSE,IDO,37856,,NIFTY,,2024-02-01,2024-02-01,20000.00,CE,NIFTY2420120000CE,0.00,0.00,0.00,1675.00,1675.00,1675.00,22032.30,2091.40,200,0,0,0.00,0,F1,50,,,,,
2024-01-16,2024-01-16,FO,NSE,IDO,38705,,NIFTY,,2024-02-15,2024-02-15,20000.00,PE,NIFTY2421520000PE,0.00,0.00,0.00,10.15,0.00,10.15,22032.30,0.35,0,0,0,0.00,0,F1,50,,,,,
2024-01-16,2024-01-16,FO,NSE,IDO,38373,,NIFTY,,2025-06-26,2025-06-26,20000.00,CE,NIFTY25JUN20000CE,0.00,0.00,0.00,3180.85,0.00,3180.85,22032.30,4015.50,0,0,0,0.00,0,F1,50,,,,,
2024-01-16,2024-01-16,FO,NSE,IDO,37857,,NIFTY,,2024-02-01,2024-02-01,20000.00,PE,NIFTY2420120000PE,10.40,10.40,6.80,7.35,6.80,8.55,22032.30,7.35,39500,6400,864,864349030.00,263,F1,50,,,,,
2024-01-16,2024-01-16,FO,NSE,IDO,38375,,NIFTY,,2025-06-26,2025-06-26,20000.00,PE,NIFTY25JUN20000PE,0.00,0.00,0.00,305.20,305.20,305.20,22032.30,126.00,400,0,0,0.00,0,F1,50,,,,,
2024-01-16,2024-01-16,FO,NSE,IDO,39947,,NIFTY,,2024-02-08,2024-02-08,20000.00,CE,NIFTY2420820000CE,0.00,0.00,0.00,1808.15,0.00,1808.15,22032.30,2117.25,0,0,0,0.00,0,F1,50,,,,,
2024-01-16,2024-01-16,FO,NSE,IDO,72790,,NIFTY,,2024-02-29,2024-02-29,20000.00,PE,NIFTY24FEB20000PE,21.80,22.05,18.90,19.40,19.35,21.05,22032.30,19.40,1273650,-38450,5454,5459489312.50,2697,F1,50,,,,,
2024-01-16,2024-01-16,FO,NSE,IDO,56524,,NIFTY,,2024-01-25,2024-01-25,20000.00,CE,NIFTY24JAN20000CE,2113.35,2133.00,1970.00,2022.10,2019.90,2134.35,22032.30,2022.10,634400,-10400,803,886153767.50,435,F1,50,,,,,
2024-01-16,2024-01-16,FO,NSE,IDO,72789,,NIFTY,,2024-02-29,2024-02-29,20000.00,CE,NIFTY24FEB20000CE,2220.25,2278.25,2148.00,2188.30,2180.70,2282.20,22032.30,2188.30,445650,-450,319,354585735.00,172,F1,50,,,,,
2024-01-16,2024-01-16,FO,NSE,IDO,72878,,NIFTY,,2024-02-29,2024-02-29,21250.00,CE,NIFTY24FEB21250CE,1036.10,1036.10,1036.10,1036.10,1036.10,1122.00,22032.30,1024.05,8250,0,1,1114305.00,1,F1,50,,,,,
2024-01-16,2024-01-16,FO,NSE,IDO,67317,,NIFTY,,2024-03-28,2024-03-28,22250.00,CE,NIFTY24MAR22250CE,600.00,600.00,600.00,600.00,600.00,592.45,22032.30,514.40,1850,-50,1,1142500.00,1,F1,50,,,,,
2024-01-16,2024-01-16,FO,NSE,IDO,44255,,NIFTY,,2024-01-25,2024-01-25,22250.00,CE,NIFTY24JAN22250CE,129.30,133.20,74.70,89.80,83.05,141.00,22032.30,89.80,338750,74200,24108,26944227712.50,9551,F1,50,,,,,
2024-01-16,2024-01-16,FO,NSE,IDO,60336,,NIFTY,,2024-03-28,2024-03-28,23000.00,PE,NIFTY24MAR23000PE,899.25,958.00,853.90,924.00,929.00,855.50,22032.30,924.00,149200,7600,1042,1244918120.00,609,F1,50,,,,,
2024-01-16,2024-01-16,FO,NSE,IDO,86149,,NIFTY,,2028-06-29,2028-06-29,23000.00,CE,NIFTY28JUN23000CE,0.00,0.00,0.00,4323.10,0.00,4323.10,22032.30,5417.40,0,0,0,0.00,0,F1,50,,,,,
2024-01-16,2024-01-16,FO,NSE,IDO,38127,,NIFTY,,2024-02-01,2024-02-01,23000.00,CE,NIFTY2420123000CE,35.90,35.90,22.35,26.65,26.50,33.05,22032.30,26.65,141850,5150,4388,5052412907.50,1663,F1,50,,,,,
2024-01-16,2024-01-16,FO,NSE,IDO,67574,,NIFTY,,2024-03-28,2024-03-28,22550.00,CE,NIFTY24MAR22550CE,414.15,441.95,379.35,379.35,379.35,431.45,22032.30,376.60,1000,-100,12,13783392.50,9,F1,50,,,,,
2024-01-16,2024-01-16,FO,NSE,IDO,56432,,NIFTY,,2024-01-25,2024-01-25,18700.00,PE,NIFTY24JAN18700PE,2.85,3.10,2.25,2.40,2.25,3.55,22032.30,2.40,102150,-800,290,271192307.50,82,F1,50,,,,,
2024-01-16,2024-01-16,FO,NSE,IDO,42699,,NIFTY,,2024-01-25,2024-01-25,22550.00,CE,NIFTY24JAN22550CE,52.95,52.95,23.65,28.20,26.75,49.10,22032.30,28.20,169500,25150,12473,14084411772.50,5268,F1,50,,,,,
2024-01-16,2024-01-16,FO,NSE,IDO,38103,,NIFTY,,2024-02-01,2024-02-01,22550.00,CE,NIFTY2420122550CE,119.80,119.80,74.80,86.55,84.80,119.20,22032.30,86.55,9150,-2200,249,281913315.00,119,F1,50,,,,,
2024-01-16,2024-01-16,FO,NSE,IDO,59404,,NIFTY,,2024-01-18,2024-01-18,22800.00,CE,NIFTY2411822800CE,2.00,2.10,1.30,1.45,1.30,2.00,22032.30,1.45,3382200,-132200,378869,431942227207.50,80042,F1,50,,,,,
2024-01-16,2024-01-16,FO,NSE,IDO,72909,,NIFTY,,2024-02-29,2024-02-29,21900.00,PE,NIFTY24FEB21900PE,265.50,301.20,253.60,278.85,277.00,254.45,22032.30,278.85,119900,11800,2558,2835989682.50,1256,F1,50,,,,,
2024-01-16,2024-01-16,FO,NSE,IDO,44841,,NIFTY,,2024-02-08,2024-02-08,21900.00,PE,NIFTY2420821900PE,217.00,245.00,197.50,221.75,223.55,202.50,22032.30,221.75,5100,-1200,147,162611502.50,87,F1,50,,,,,
2024-01-16,2024-01-16,FO,NSE,IDO,45593,,NIFTY,,2024-02-15,2024-02-15,21900.00,CE,NIFTY2421521900CE,456.45,456.45,445.40,445.40,445.40,506.45,22032.30,448.80,1550,0,2,2235092.50,2,F1,50,,,,,
2024-01-16,2024-01-16,FO,NSE,IDO,43386,,NIFTY,,2025-06-26,2025-06-26,14000.00,PE,NIFTY25JUN14000PE,0.00,0.00,0.00,42.35,42.35,42.35,22032.30,0.05,675,0,0,0.00,0,F1,50,,,,,
2024-01-16,2024-01-16,FO,NSE,IDO,43382,,NIFTY,,2024-06-27,2024-06-27,14000.00,PE,NIFTY24JUN14000PE,0.00,0.00,0.00,3.05,3.05,3.05,22032.30,0.05,7275,0,0,0.00,0,F1,50,,,,,
2024-01-16,2024-01-16,FO,NSE,IDO,60315,,NIFTY,,2024-03-28,2024-03-28,14000.00,CE,NIFTY24MAR14000CE,8207.85,8207.85,8099.30,8099.30,8099.30,8220.70,22032.30,8099.30,324700,-50,2,2215357.50,2,F1,50,,,,,
2024-01-16,2024-01-16,FO,NSE,IDO,43384,,NIFTY,,2024-12-26,2024-12-26,14000.00,PE,NIFTY24DEC14000PE,0.00,0.00,0.00,20.50,20.50,20.50,22032.30,0.05,3300,0,0,0.00,0,F1,50,,,,,
2024-01-16,2024-01-16,FO,NSE,IDO,50444,,NIFTY,,2026-06-25,2026-06-25,14000.00,PE,NIFTY26JUN14000PE,0.00,0.00,0.00,300.00,300.00,300.00,22032.30,0.50,100,0,0,0.00,0,F1,50,,,,,
2024-01-16,2024-01-16,FO,NSE,IDO,45627,,NIFTY,,2024-02-08,2024-02-08,23450.00,CE,NIFTY2420823450CE,23.65,23.65,17.80,17.80,17.80,20.40,22032.30,7.70,6400,450,51,59851007.50,24,F1,50,,,,,
2024-01-16,2024-01-16,FO,NSE,IDO,42060,,NIFTY,,2024-02-29,2024-02-29,23450.00,CE,NIFTY24FEB23450CE,59.85,59.85,44.15,48.65,48.30,56.70,22032.30,48.65,23850,-700,337,396031592.50,251,F1,50,,,,,
2024-01-16,2024-01-16,FO,NSE,IDO,67630,,NIFTY,,2024-03-28,2024-03-28,23450.00,CE,NIFTY24MAR23450CE,142.50,142.50,126.00,133.00,126.00,152.90,22032.30,133.00,3550,50,3,3537922.50,3,F1,50,,,,,
2024-01-16,2024-01-16,FO,NSE,IDO,67313,,NIFTY,,2024-03-28,2024-03-28,22150.00,CE,NIFTY24MAR22150CE,639.70,670.95,614.00,614.00,614.00,672.70,22032.30,614.00,1600,500,36,41060535.00,16,F1,50,,,,,
2024-01-16,2024-01-16,FO,NSE,IDO,37323,,NIFTY,,2024-01-25,2024-01-25,22150.00,PE,NIFTY24JAN22150PE,224.95,289.50,192.80,246.60,246.05,202.00,22032.30,246.60,132850,-3100,19007,21263485720.00,7438,F1,50,,,,,
2024-01-16,2024-01-16,FO,NSE,IDO,67314,,NIFTY,,2024-03-28,2024-03-28,22150.00,PE,NIFTY24MAR22150PE,462.45,481.30,441.20,457.45,457.45,696.55,22032.30,457.45,1900,1850,48,54245022.50,17,F1,50,,,,,
2024-01-16,2024-01-16,FO,NSE,IDO,59378,,NIFTY,,2024-01-18,2024-01-18,22150.00,PE,NIFTY2411822150PE,127.55,217.15,109.75,160.15,163.10,127.55,22032.30,160.15,1107150,373650,744547,829963815627.50,289382,F1,50,,,,,
2024-01-16,2024-01-16,FO,NSE,IDO,38071,,NIFTY,,2024-02-01,2024-02-01,22150.00,PE,NIFTY2420122150PE,270.65,326.35,249.55,297.55,295.05,251.90,22032.30,297.55,7600,2450,344,385869110.00,201,F1,50,,,,,
2024-01-16,2024-01-16,FO,NSE,IDO,49060,,NIFTY,,2024-02-15,2024-02-15,22150.00,PE,NIFTY2421522150PE,326.60,343.55,326.60,343.55,343.55,407.25,22032.30,304.80,50,0,2,2248507.50,2,F1,50,,,,,
2024-01-16,2024-01-16,FO,NSE,IDO,45497,,NIFTY,,2024-02-08,2024-02-08,22150.00,PE,NIFTY2420822150PE,325.80,337.30,291.60,330.95,333.05,296.55,22032.30,330.95,4700,1450,77,86502397.50,53,F1,50,,,,,
2024-01-16,2024-01-16,FO,NSE,IDO,59377,,NIFTY,,2024-01-18,2024-01-18,22150.00,CE,NIFTY2411822150CE,88.20,88.20,30.40,40.75,36.30,91.45,22032.30,40.75,3403650,1504900,1986933,2206254911145.00,654224,F1,50,,,,,
2024-01-16,2024-01-16,FO,NSE,IDO,39237,,NIFTY,,2024-01-18,2024-01-18,20350.00,PE,NIFTY2411820350PE,1.65,2.90,1.30,1.55,1.45,2.85,22032.30,1.55,134300,15250,7568,7701225557.50,2313,F1,50,,,,,
2024-01-16,2024-01-16,FO,NSE,IDO,41807,,NIFTY,,2024-02-08,2024-02-08,20700.00,CE,NIFTY2420820700CE,0.00,0.00,0.00,1162.35,0.00,1162.35,22032.30,1423.55,0,0,0,0.00,0,F1,50,,,,,
2024-01-16,2024-01-16,FO,NSE,IDO,39722,,NIFTY,,2024-02-15,2024-02-15,20700.00,PE,NIFTY2421520700PE,0.00,0.00,0.00,59.70,0.00,59.70,22032.30,7.35,0,0,0,0.00,0,F1,50,,,,,
2024-01-16,2024-01-16,FO,NSE,IDO,48055,,NIFTY,,2024-01-18,2024-01-18,20700.00,PE,NIFTY2411820700PE,2.85,3.30,1.55,1.90,1.70,3.20,22032.30,1.90,1976350,-46950,130113,134683233510.00,22533,F1,50,,,,,
2024-01-16,2024-01-16,FO,NSE,IDO,37926,,NIFTY,,2024-02-01,2024-02-01,20700.00,CE,NIFTY2420120700CE,0.00,0.00,0.00,879.80,0.00,879.80,22032.30,1394.35,0,0,0,0.00,0,F1,50,,,,,
2024-01-16,2024-01-16,FO,NSE,IDO,41808,,NIFTY,,2024-02-08,2024-02-08,20700.00,PE,NIFTY2420820700PE,25.00,27.60,22.30,23.65,23.05,25.45,22032.30,23.65,12350,3750,196,203105312.50,90,F1,50,,,,,
2024-01-16,2024-01-16,FO,NSE,IDO,67260,,NIFTY,,2024-03-28,2024-03-28,20700.00,PE,NIFTY24MAR20700PE,94.05,106.45,94.05,99.30,98.60,100.30,22032.30,99.30,84700,20700,888,923584642.50,438,F1,50,,,,,
2024-01-16,2024-01-16,FO,NSE,IDO,67259,,NIFTY,,2024-03-28,2024-03-28,20700.00,CE,NIFTY24MAR20700CE,0.00,0.00,0.00,1286.70,1286.70,1286.70,22032.30,1648.45,200,0,0,0.00,0,F1,50,,,,,
2024-01-16,2024-01-16,FO,NSE,IDO,72844,,NIFTY,,2024-02-29,2024-02-29,20700.00,PE,NIFTY24FEB20700PE,49.45,54.10,46.95,48.20,48.25,49.40,22032.30,48.20,215950,-5600,1678,1740842697.50,1022,F1,50,,,,,
2024-01-16,2024-01-16,FO,NSE,IDO,56554,,NIFTY,,2024-01-25,2024-01-25,20700.00,CE,NIFTY24JAN20700CE,1361.85,1433.00,1287.35,1333.20,1333.20,1447.90,22032.30,1333.20,71950,-550,21,23174487.50,18,F1,50,,,,,
2024-01-16,2024-01-16,FO,NSE,IDO,39721,,NIFTY,,2024-02-15,2024-02-15,20700.00,CE,NIFTY2421520700CE,0.00,0.00,0.00,1151.30,0.00,1151.30,22032.30,1454.20,0,0,0,0.00,0,F1,50,,,,,
2024-01-16,2024-01-16,FO,NSE,IDO,48054,,NIFTY,,2024-01-18,2024-01-18,20700.00,CE,NIFTY2411820700CE,1400.00,1416.95,1300.00,1326.00,1326.00,1415.85,22032.30,1326.00,5000,-200,8,8820597.50,7,F1,50,,,,,
2024-01-16,2024-01-16,FO,NSE,IDO,37928,,NIFTY,,2024-02-01,2024-02-01,20700.00,PE,NIFTY2420120700PE,17.00,18.70,14.95,15.25,15.00,17.45,22032.30,15.25,30100,-1050,418,432977497.50,221,F1,50,,,,,
2024-01-16,2024-01-16,FO,NSE,IDO,72836,,NIFTY,,2024-02-29,2024-02-29,20700.00,CE,NIFTY24FEB20700CE,0.00,0.00,0.00,1610.75,1611.00,1610.75,22032.30,1517.95,5400,0,0,0.00,0,F1,50,,,,,
2024-01-16,2024-01-16,FO,NSE,IDO,56564,,NIFTY,,2024-01-25,2024-01-25,20950.00,CE,NIFTY24JAN20950CE,1171.00,1176.55,1110.35,1110.35,1110.35,1157.00,22032.30,1117.55,6100,-100,3,3315395.00,3,F1,50,,,,,
2024-01-16,2024-01-16,FO,NSE,IDO,37880,,NIFTY,,2024-02-01,2024-02-01,20250.00,CE,NIFTY2420120250CE,0.00,0.00,0.00,1241.25,0.00,1241.25,22032.30,1842.15,0,0,0,0.00,0,F1,50,,,,,
2024-01-16,2024-01-16,FO,NSE,IDO,56565,,NIFTY,,2024-01-25,2024-01-25,20950.00,PE,NIFTY24JAN20950PE,13.30,14.15,9.70,10.20,10.00,13.45,22032.30,10.20,219750,4650,6466,6776932285.00,3048,F1,50,,,,,
2024-01-16,2024-01-16,FO,NSE,IDO,42320,,NIFTY,,2024-02-08,2024-02-08,20950.00,CE,NIFTY2420820950CE,0.00,0.00,0.00,953.90,0.00,953.90,22032.30,1180.95,0,0,0,0.00,0,F1,50,,,,,
2024-01-16,2024-01-16,FO,NSE,IDO,40263,,NIFTY,,2024-02-15,2024-02-15,20950.00,PE,NIFTY2421520950PE,0.00,0.00,0.00,99.80,0.00,99.80,22032.30,17.40,0,0,0,0.00,0,F1,50,,,,,
2024-01-16,2024-01-16,FO,NSE,IDO,50103,,NIFTY,,2024-02-15,2024-02-15,23250.00,CE,NIFTY2421523250CE,0.00,0.00,0.00,34.90,0.00,34.90,22032.30,30.20,0,0,0,0.00,0,F1,50,,,,,
2024-01-16,2024-01-16,FO,NSE,IDO,67237,,NIFTY,,2024-03-28,2024-03-28,20150.00,PE,NIFTY24MAR20150PE,60.30,60.85,57.80,59.10,59.10,51.10,22032.30,59.10,1650,-1650,126,127318942.50,70,F1,50,,,,,
2024-01-16,2024-01-16,FO,NSE,IDO,67577,,NIFTY,,2024-03-28,2024-03-28,22600.00,PE,NIFTY24MAR22600PE,655.35,678.55,617.70,678.55,678.55,620.10,22032.30,678.55,1350,100,10,11625192.50,8,F1,50,,,,,
2024-01-16,2024-01-16,FO,NSE,IDO,50104,,NIFTY,,2024-02-15,2024-02-15,23250.00,PE,NIFTY2421523250PE,0.00,0.00,0.00,1475.50,0.00,1475.50,22032.30,1119.30,0,0,0,0.00,0,F1,50,,,,,
2024-01-16,2024-01-16,FO,NSE,IDO,38710,,NIFTY,,2024-02-15,2024-02-15,20150.00,CE,NIFTY2421520150CE,0.00,0.00,0.00,1653.30,0.00,1653.30,22032.30,1994.55,0,0,0,0.00,0,F1,50,,,,,
2024-01-16,2024-01-16,FO,NSE,IDO,72939,,NIFTY,,2024-02-29,2024-02-29,22600.00,PE,NIFTY24FEB22600PE,612.95,674.15,575.10,633.50,635.05,574.25,22032.30,633.50,18550,-12450,639,742145622.50,341,F1,50,,,,,
2024-01-16,2024-01-16,FO,NSE,IDO,39228,,NIFTY,,2024-01-18,2024-01-18,20150.00,PE,NIFTY2411820150PE,2.55,3.20,1.20,1.35,1.50,2.55,22032.30,1.35,155650,-8750,11906,11996483575.00,3090,F1,50,,,,,
2024-01-16,2024-01-16,FO,NSE,IDO,45530,,NIFTY,,2024-02-08,2024-02-08,22600.00,CE,NIFTY2420822600CE,148.80,148.80,105.10,115.45,116.70,145.20,22032.30,115.45,8500,3200,241,273914702.50,179,F1,50,,,,,
2024-01-16,2024-01-16,FO,NSE,IDO,67280,,NIFTY,,2024-03-28,2024-03-28,21250.00,PE,NIFTY24MAR21250PE,0.00,0.00,0.00,225.75,225.75,225.75,22032.30,114.00,1650,0,0,0.00,0,F1,50,,,,,
2024-01-16,2024-01-16,FO,NSE,IDO,42755,,NIFTY,,2024-02-08,2024-02-08,21250.00,CE,NIFTY2420821250CE,0.00,0.00,0.00,727.50,0.00,727.50,22032.30,901.30,0,0,0,0.00,0,F1,50,,,,,
2024-01-16,2024-01-16,FO,NSE,IDO,37984,,NIFTY,,2024-02-01,2024-02-01,21250.00,CE,NIFTY2420121250CE,0.00,0.00,0.00,684.35,672.10,684.35,22032.30,860.10,1100,0,0,0.00,0,F1,50,,,,,
2024-01-16,2024-01-16,FO,NSE,IDO,41730,,NIFTY,,2024-02-15,2024-02-15,21250.00,CE,NIFTY2421521250CE,0.00,0.00,0.00,717.40,0.00,717.40,22032.30,942.80,0,0,0,0.00,0,F1,50,,,,,
2024-01-16,2024-01-16,FO,NSE,IDO,38082,,NIFTY,,2024-02-01,2024-02-01,22250.00,CE,NIFTY2420122250CE,213.95,230.00,158.55,180.15,176.55,235.25,22032.30,180.15,25850,8650,971,1089687612.50,459,F1,50,,,,,
2024-01-16,2024-01-16,FO,NSE,IDO,50058,,NIFTY,,2024-02-15,2024-02-15,22250.00,PE,NIFTY2421522250PE,0.00,0.00,0.00,657.20,0.00,657.20,22032.30,357.50,0,0,0,0.00,0,F1,50,,,,,
2024-01-16,2024-01-16,FO,NSE,IDO,41020,,NIFTY,,2024-12-26,2024-12-26,18500.00,CE,NIFTY24DEC18500CE,0.00,0.00,0.00,4400.00,4400.00,4400.00,22032.30,4694.80,1000,0,0,0.00,0,F1,50,,,,,
2024-01-16,2024-01-16,FO,NSE,IDO,65893,,NIFTY,,2024-09-26,2024-09-26,23000.00,CE,NIFTY24SEP23000CE,1000.00,1030.00,1000.00,1029.45,1020.00,900.00,22032.30,1029.45,4050,4000,86,103288322.50,82,F1,50,,,,,
2024-01-16,2024-01-16,FO,NSE,IDO,72957,,NIFTY,,2024-02-29,2024-02-29,23000.00,PE,NIFTY24FEB23000PE,899.00,973.40,849.00,921.50,926.50,849.00,22032.30,921.50,151600,44750,2325,2778720842.50,1408,F1,50,,,,,
2024-01-16,2024-01-16,FO,NSE,IDO,71558,,NIFTY,,2027-06-24,2027-06-24,23000.00,CE,NIFTY27JUN23000CE,0.00,0.00,0.00,2530.05,0.00,2530.05,22032.30,4304.90,0,0,0,0.00,0,F1,50,,,,,
2024-01-16,2024-01-16,FO,NSE,IDO,37722,,NIFTY,,2024-06-27,2024-06-27,23000.00,CE,NIFTY24JUN23000CE,759.75,783.65,721.35,759.15,761.55,781.05,22032.30,759.15,686200,8500,1381,1640761107.50,973,F1,50,,,,,
2024-01-16,2024-01-16,FO,NSE,IDO,65896,,NIFTY,,2024-09-26,2024-09-26,23000.00,PE,NIFTY24SEP23000PE,0.00,0.00,0.00,913.60,913.60,913.60,22032.30,848.75,100,0,0,0.00,0,F1,50,,,,,
2024-01-16,2024-01-16,FO,NSE,IDO,59412,,NIFTY,,2024-01-18,2024-01-18,23000.00,CE,NIFTY2411823000CE,1.10,1.40,1.00,1.15,1.10,1.35,22032.30,1.15,5017500,315300,481489,553740012540.00,66635,F1,50,,,,,
2024-01-16,2024-01-16,FO,NSE,IDO,41018,,NIFTY,,2024-06-27,2024-06-27,18500.00,CE,NIFTY24JUN18500CE,3900.00,3900.00,3900.00,3900.00,3900.00,3770.00,22032.30,4084.75,2725,50,1,1120000.00,1,F1,50,,,,,
2024-01-16,2024-01-16,FO,NSE,IDO,50270,,NIFTY,,2024-02-15,2024-02-15,23550.00,PE,NIFTY2421523550PE,0.00,0.00,0.00,1756.65,0.00,1756.65,22032.30,1400.35,0,0,0,0.00,0,F1,50,,,,,
2024-01-16,2024-01-16,FO,NSE,IDO,45635,,NIFTY,,2024-02-08,2024-02-08,23550.00,PE,NIFTY2420823550PE,0.00,0.00,0.00,1746.55,0.00,1746.55,22032.30,1423.10,0,0,0,0.00,0,F1,50,,,,,
2024-01-16,2024-01-16,FO,NSE,IDO,42017,,NIFTY,,2024-01-25,2024-01-25,23550.00,CE,NIFTY24JAN23550CE,2.85,3.10,2.10,2.25,2.25,2.70,22032.30,2.25,40300,18750,2707,3187866602.50,713,F1,50,,,,,
2024-01-16,2024-01-16,FO,NSE,IDO,42018,,NIFTY,,2024-01-25,2024-01-25,23550.00,PE,NIFTY24JAN23550PE,0.00,0.00,0.00,2628.65,0.00,2628.65,22032.30,1478.60,0,0,0,0.00,0,F1,50,,,,,
2024-01-16,2024-01-16,FO,NSE,IDO,67781,,NIFTY,,2028-12-28,2028-12-28,23000.00,PE,NIFTY28DEC23000PE,0.00,0.00,0.00,575.05,0.00,575.05,22032.30,371.30,0,0,0,0.00,0,F1,50,,,,,
2024-01-16,2024-01-16,FO,NSE,IDO,45633,,NIFTY,,2024-02-08,2024-02-08,23550.00,CE,NIFTY2420823550CE,18.00,20.00,15.30,16.15,15.30,16.30,22032.30,16.15,2050,200,12,14140552.50,9,F1,50,,,,,
2024-01-16,2024-01-16,FO,NSE,IDO,67636,,NIFTY,,2024-03-28,2024-03-28,23550.00,CE,NIFTY24MAR23550CE,135.20,135.20,123.05,123.05,123.05,128.75,22032.30,105.15,350,200,4,4736002.50,4,F1,50,,,,,
2024-01-16,2024-01-16,FO,NSE,IDO,37794,,NIFTY,,2025-06-26,2025-06-26,23000.00,PE,NIFTY25JUN23000PE,0.00,0.00,0.00,1170.00,1170.00,1170.00,22032.30,753.90,0,0,0,0.00,0,F1,50,,,,,
2024-01-16,2024-01-16,FO,NSE,IDO,38197,,NIFTY,,2024-02-01,2024-02-01,23550.00,CE,NIFTY2420123550CE,8.95,9.45,7.60,8.95,8.95,9.20,22032.30,8.95,3150,-350,122,143708812.50,49,F1,50,,,,,
2024-01-16,2024-01-16,FO,NSE,IDO,42608,,NIFTY,,2024-01-25,2024-01-25,23000.00,PE,NIFTY24JAN23000PE,923.95,1034.85,868.40,975.10,976.50,870.45,22032.30,975.10,292800,-78250,3067,3674408317.50,1021,F1,50,,,,,
2024-01-16,2024-01-16,FO,NSE,IDO,59413,,NIFTY,,2024-01-18,2024-01-18,23000.00,PE,NIFTY2411823000PE,920.00,1027.45,877.00,966.35,976.95,890.85,22032.30,966.35,9700,-300,311,372254707.50,149,F1,50,,,,,
2024-01-16,2024-01-16,FO,NSE,IDO,59441,,NIFTY,,2024-01-18,2024-01-18,23550.00,PE,NIFTY2411823550PE,1391.20,1391.20,1391.20,1391.20,1391.20,2209.25,22032.30,1391.20,50,50,1,1247060.00,1,F1,50,,,,,
2024-01-16,2024-01-16,FO,NSE,IDO,56395,,NIFTY,,2024-01-25,2024-01-25,18050.00,CE,NIFTY24JAN18050CE,0.00,0.00,0.00,1957.80,1957.80,1957.80,22032.30,4012.30,50,0,0,0.00,0,F1,50,,,,,
2024-01-16,2024-01-16,FO,NSE,IDO,59436,,NIFTY,,2024-01-18,2024-01-18,23500.00,CE,NIFTY2411823500CE,0.60,0.95,0.60,0.75,0.65,0.70,22032.30,0.75,257600,49000,34072,40035857625.00,8475,F1,50,,,,,
2024-01-16,2024-01-16,FO,NSE,IDO,67573,,NIFTY,,2024-03-28,2024-03-28,22500.00,PE,NIFTY24MAR22500PE,599.95,647.85,570.70,616.65,615.00,575.95,22032.30,616.65,99950,9400,1358,1568340300.00,594,F1,50,,,,,
2024-01-16,2024-01-16,FO,NSE,IDO,40249,,NIFTY,,2024-01-25,2024-01-25,22500.00,CE,NIFTY24JAN22500CE,58.00,58.00,29.25,35.05,33.00,59.50,22032.30,35.05,2647250,340200,112825,127164606492.50,38006,F1,50,,,,,
2024-01-16,2024-01-16,FO,NSE,IDO,56551,,NIFTY,,2024-01-25,2024-01-25,20600.00,PE,NIFTY24JAN20600PE,7.80,8.00,5.35,5.85,5.35,7.90,22032.30,5.85,531150,-53000,6696,6899077737.50,2533,F1,50,,,,,
2024-01-16,2024-01-16,FO,NSE,IDO,39710,,NIFTY,,2024-02-15,2024-02-15,20600.00,PE,NIFTY2421520600PE,0.00,0.00,0.00,47.80,0.00,47.80,22032.30,5.05,0,0,0,0.00,0,F1,50,,,,,
2024-01-16,2024-01-16,FO,NSE,IDO,50207,,NIFTY,,2024-02-15,2024-02-15,23500.00,PE,NIFTY2421523500PE,0.00,0.00,0.00,1709.15,0.00,1709.15,22032.30,1352.70,0,0,0,0.00,0,F1,50,,,,,
2024-01-16,2024-01-16,FO,NSE,IDO,42012,,NIFTY,,2024-01-25,2024-01-25,23500.00,CE,NIFTY24JAN23500CE,3.15,3.15,2.35,2.60,2.65,2.95,22032.30,2.60,104850,26850,4115,4835697095.00,1214,F1,50,,,,,
2024-01-16,2024-01-16,FO,NSE,IDO,56449,,NIFTY,,2024-01-25,2024-01-25,18850.00,PE,NIFTY24JAN18850PE,2.65,2.65,2.25,2.25,2.35,2.25,22032.30,2.25,1800,500,15,14139262.50,7,F1,50,,,,,
2024-01-16,2024-01-16,FO,NSE,IDO,56500,,NIFTY,,2024-01-25,2024-01-25,19500.00,CE,NIFTY24JAN19500CE,2590.00,2630.00,2470.00,2527.60,2522.90,2631.05,22032.30,2527.60,255500,-8700,252,278169282.50,137,F1,50,,,,,
2024-01-16,2024-01-16,FO,NSE,IDO,72872,,NIFTY,,2024-02-29,2024-02-29,21100.00,CE,NIFTY24FEB21100CE,1210.15,1237.40,1147.20,1164.35,1162.50,1255.05,22032.30,1164.35,14750,550,29,32355730.00,19,F1,50,,,,,
2024-01-16,2024-01-16,FO,NSE,IDO,42327,,NIFTY,,2024-02-08,2024-02-08,21100.00,PE,NIFTY2420821100PE,53.00,55.55,48.40,49.00,50.80,52.20,22032.30,49.00,3950,450,57,60283442.50,42,F1,50,,,,,
2024-01-16,2024-01-16,FO,NSE,IDO,56570,,NIFTY,,2024-01-25,2024-01-25,21100.00,CE,NIFTY24JAN21100CE,998.00,1042.75,886.55,956.25,940.45,1045.90,22032.30,956.25,291100,-7250,609,671988192.50,244,F1,50,,,,,
2024-01-16,2024-01-16,FO,NSE,IDO,40462,,NIFTY,,2024-02-15,2024-02-15,21100.00,CE,NIFTY2421521100CE,0.00,0.00,0.00,826.70,0.00,826.70,22032.30,1076.85,0,0,0,0.00,0,F1,50,,,,,
2024-01-16,2024-01-16,FO,NSE,IDO,67273,,NIFTY,,2024-03-28,2024-03-28,21100.00,CE,NIFTY24MAR21100CE,1385.80,1385.80,1347.55,1347.55,1347.55,1375.05,22032.30,1300.15,1400,100,4,4493335.00,3,F1,50,,,,,
2024-01-16,2024-01-16,FO,NSE,IDO,72873,,NIFTY,,2024-02-29,2024-02-29,21100.00,PE,NIFTY24FEB21100PE,84.20,96.35,81.00,86.45,86.10,82.40,22032.30,86.45,148950,7600,1776,1881269502.50,897,F1,50,,,,,
2024-01-16,2024-01-16,FO,NSE,IDO,72929,,NIFTY,,2024-02-29,2024-02-29,22400.00,PE,NIFTY24FEB22400PE,491.95,545.75,464.80,511.90,511.20,460.95,22032.30,511.90,108350,1200,1154,1321261015.00,641,F1,50,,,,,
2024-01-16,2024-01-16,FO,NSE,IDO,72928,,NIFTY,,2024-02-29,2024-02-29,22400.00,CE,NIFTY24FEB22400CE,321.15,345.00,268.05,292.15,294.05,348.05,22032.30,292.15,146100,17950,3018,3426514525.00,1817,F1,50,,,,,
2024-01-16,2024-01-16,FO,NSE,IDO,46170,,NIFTY,,2024-01-25,2024-01-25,22400.00,PE,NIFTY24JAN22400PE,391.60,474.00,342.10,421.10,423.85,351.35,22032.30,421.10,71050,-2400,2485,2832478475.00,1403,F1,50,,,,,
2024-01-16,2024-01-16,FO,NSE,IDO,45506,,NIFTY,,2024-02-08,2024-02-08,22400.00,CE,NIFTY2420822400CE,205.05,218.85,160.00,177.20,176.65,218.25,22032.30,177.20,6950,100,128,144597365.00,79,F1,50,,,,,
2024-01-16,2024-01-16,FO,NSE,IDO,67568,,NIFTY,,2024-03-28,2024-03-28,22400.00,CE,NIFTY24MAR22400CE,502.00,526.50,449.50,482.15,482.15,535.30,22032.30,441.85,14150,1200,96,109929280.00,51,F1,50,,,,,
2024-01-16,2024-01-16,FO,NSE,IDO,38184,,NIFTY,,2024-02-01,2024-02-01,23400.00,CE,NIFTY2420123400CE,11.95,12.85,10.40,11.80,11.75,11.70,22032.30,11.80,124600,110250,4952,5796715015.00,1531,F1,50,,,,,
2024-01-16,2024-01-16,FO,NSE,IDO,42009,,NIFTY,,2024-01-25,2024-01-25,23400.00,PE,NIFTY24JAN23400PE,1290.00,1308.00,1290.00,1292.95,1292.95,1259.95,22032.30,1328.90,1950,150,6,7409797.50,6,F1,50,,,,,
2024-01-16,2024-01-16,FO,NSE,IDO,38185,,NIFTY,,2024-02-01,2024-02-01,23400.00,PE,NIFTY2420123400PE,0.00,0.00,0.00,1968.40,0.00,1968.40,22032.30,1301.05,0,0,0,0.00,0,F1,50,,,,,
2024-01-16,2024-01-16,FO,NSE,IDO,56552,,NIFTY,,2024-01-25,2024-01-25,20650.00,CE,NIFTY24JAN20650CE,1475.00,1475.70,1455.55,1455.55,1455.55,1489.25,22032.30,1416.65,6500,-200,7,7742842.50,7,F1,50,,,,,
2024-01-16,2024-01-16,FO,NSE,IDO,39713,,NIFTY,,2024-02-15,2024-02-15,20650.00,CE,NIFTY2421520650CE,0.00,0.00,0.00,1194.75,0.00,1194.75,22032.30,1502.65,0,0,0,0.00,0,F1,50,,,,,
2024-01-16,2024-01-16,FO,NSE,IDO,39668,,NIFTY,,2024-06-27,2024-06-27,16000.00,PE,NIFTY24JUN16000PE,0.00,0.00,0.00,3.05,3.05,3.05,22032.30,0.05,37950,0,0,0.00,0,F1,50,,,,,
2024-01-16,2024-01-16,FO,NSE,IDO,39680,,NIFTY,,2025-06-26,2025-06-26,16000.00,PE,NIFTY25JUN16000PE,0.00,0.00,0.00,129.20,129.20,129.20,22032.30,1.70,100,0,0,0.00,0,F1,50,,,,,
2024-01-16,2024-01-16,FO,NSE,IDO,60319,,NIFTY,,2024-03-28,2024-03-28,16000.00,CE,NIFTY24MAR16000CE,6394.75,6394.75,6200.00,6200.00,6200.00,6280.00,22032.30,6243.95,45500,-500,10,11126265.00,10,F1,50,,,,,
2024-01-16,2024-01-16,FO,NSE,IDO,67570,,NIFTY,,2024-03-28,2024-03-28,22450.00,CE,NIFTY24MAR22450CE,480.00,491.20,480.00,486.45,486.45,486.55,22032.30,419.30,900,200,8,9173465.00,5,F1,50,,,,,
2024-01-16,2024-01-16,FO,NSE,IDO,72783,,NIFTY,,2024-02-29,2024-02-29,19850.00,CE,NIFTY24FEB19850CE,0.00,0.00,0.00,954.50,0.00,954.50,22032.30,2344.25,0,0,0,0.00,0,F1,50,,,,,
2024-01-16,2024-01-16,FO,NSE,IDO,67476,,NIFTY,,2024-03-28,2024-03-28,22300.00,PE,NIFTY24MAR22300PE,495.00,543.05,479.00,518.50,522.95,485.50,22032.30,518.50,7350,-50,170,193840635.00,77,F1,50,,,,,
2024-01-16,2024-01-16,FO,NSE,IDO,39512,,NIFTY,,2024-02-08,2024-02-08,19850.00,CE,NIFTY2420819850CE,0.00,0.00,0.00,1953.45,0.00,1953.45,22032.30,2266.60,0,0,0,0.00,0,F1,50,,,,,
2024-01-16,2024-01-16,FO,NSE,IDO,72924,,NIFTY,,2024-02-29,2024-02-29,22300.00,CE,NIFTY24FEB22300CE,354.50,395.00,310.00,336.05,340.00,396.55,22032.30,336.05,101450,3550,2095,2373821015.00,1003,F1,50,,,,,
2024-01-16,2024-01-16,FO,NSE,IDO,72931,,NIFTY,,2024-02-29,2024-02-29,22450.00,PE,NIFTY24FEB22450PE,512.10,570.20,504.90,541.45,542.00,491.30,22032.30,541.45,23800,-1900,108,124078727.50,60,F1,50,,,,,
2024-01-16,2024-01-16,FO,NSE,IDO,72784,,NIFTY,,2024-02-29,2024-02-29,19850.00,PE,NIFTY24FEB19850PE,0.00,0.00,0.00,11.45,11.45,11.45,22032.30,1.10,4250,0,0,0.00,0,F1,50,,,,,
2024-01-16,2024-01-16,FO,NSE,IDO,50059,,NIFTY,,2024-02-15,2024-02-15,22300.00,CE,NIFTY2421522300CE,293.10,293.10,248.50,249.45,249.45,304.25,22032.30,241.45,2500,-50,8,9024800.00,7,F1,50,,,,,
2024-01-16,2024-01-16,FO,NSE,IDO,59389,,NIFTY,,2024-01-18,2024-01-18,22450.00,CE,NIFTY2411822450CE,10.45,10.45,3.55,4.35,3.75,11.35,22032.30,4.35,3877300,2134450,798905,897013591072.50,164170,F1,50,,,,,
2024-01-16,2024-01-16,FO,NSE,IDO,38068,,NIFTY,,2024-02-01,2024-02-01,22100.00,CE,NIFTY2420122100CE,267.60,311.00,220.15,247.65,243.25,317.30,22032.30,247.65,82500,20900,3918,4382733122.50,1860,F1,50,,,,,
2024-01-16,2024-01-16,FO,NSE,IDO,72916,,NIFTY,,2024-02-29,2024-02-29,22100.00,CE,NIFTY24FEB22100CE,490.00,506.00,406.80,437.95,436.40,508.20,22032.30,437.95,99250,12400,1946,2196064400.00,1082,F1,50,,,,,
2024-01-16,2024-01-16,FO,NSE,IDO,38069,,NIFTY,,2024-02-01,2024-02-01,22100.00,PE,NIFTY2420122100PE,255.00,301.70,227.40,268.55,268.50,232.15,22032.30,268.55,50500,2450,5464,6107894932.50,1955,F1,50,,,,,
2024-01-16,2024-01-16,FO,NSE,IDO,48787,,NIFTY,,2024-02-15,2024-02-15,22100.00,PE,NIFTY2421522100PE,307.60,355.00,307.05,326.35,336.95,307.60,22032.30,326.35,1300,1150,56,62797345.00,24,F1,50,,,,,
2024-01-16,2024-01-16,FO,NSE,IDO,67622,,NIFTY,,2024-03-28,2024-03-28,23350.00,PE,NIFTY24MAR23350PE,0.00,0.00,0.00,1388.80,0.00,1388.80,22032.30,1148.70,0,0,0,0.00,0,F1,50,,,,,
2024-01-16,2024-01-16,FO,NSE,IDO,71309,,NIFTY,,2024-06-27,2024-06-27,26000.00,PE,NIFTY24JUN26000PE,0.00,0.00,0.00,8015.60,0.00,8015.60,22032.30,3234.15,0,0,0,0.00,0,F1,50,,,,,
2024-01-16,2024-01-16,FO,NSE,IDO,60347,,NIFTY,,2024-03-28,2024-03-28,26000.00,CE,NIFTY24MAR26000CE,12.90,13.20,11.30,12.10,12.00,12.50,22032.30,12.10,144250,2000,567,737454362.50,226,F1,50,,,,,
2024-01-16,2024-01-16,FO,NSE,IDO,65913,,NIFTY,,2024-09-26,2024-09-26,26000.00,CE,NIFTY24SEP26000CE,204.25,204.25,198.00,198.00,198.00,170.00,22032.30,142.80,2450,400,11,14410520.00,9,F1,50,,,,,
2024-01-16,2024-01-16,FO,NSE,IDO,65914,,NIFTY,,2024-09-26,2024-09-26,26000.00,PE,NIFTY24SEP26000PE,0.00,0.00,0.00,4801.50,0.00,4801.50,22032.30,2917.50,0,0,0,0.00,0,F1,50,,,,,
2024-01-16,2024-01-16,FO,NSE,IDO,71364,,NIFTY,,2024-12-26,2024-12-26,26000.00,CE,NIFTY24DEC26000CE,303.00,324.00,300.00,311.80,310.00,314.40,22032.30,311.80,62250,2600,157,206573205.00,119,F1,50,,,,,
2024-01-16,2024-01-16,FO,NSE,IDO,71383,,NIFTY,,2025-06-26,2025-06-26,26000.00,CE,NIFTY25JUN26000CE,0.00,0.00,0.00,811.85,0.00,811.85,22032.30,696.50,0,0,0,0.00,0,F1,50,,,,,
2024-01-16,2024-01-16,FO,NSE,IDO,71403,,NIFTY,,2025-12-24,2025-12-24,26000.00,PE,NIFTY25DEC26000PE,0.00,0.00,0.00,6993.25,0.00,6993.25,22032.30,1937.00,0,0,0,0.00,0,F1,50,,,,,
2024-01-16,2024-01-16,FO,NSE,IDO,71565,,NIFTY,,2027-06-24,2027-06-24,26000.00,PE,NIFTY27JUN26000PE,0.00,0.00,0.00,6202.20,0.00,6202.20,22032.30,1292.55,0,0,0,0.00,0,F1,50,,,,,
2024-01-16,2024-01-16,FO,NSE,IDO,86161,,NIFTY,,2028-06-29,2028-06-29,26000.00,CE,NIFTY28JUN26000CE,0.00,0.00,0.00,3200.90,0.00,3200.90,22032.30,3788.15,0,0,0,0.00,0,F1,50,,,,,
2024-01-16,2024-01-16,FO,NSE,IDO,39672,,NIFTY,,2024-12-26,2024-12-26,16000.00,PE,NIFTY24DEC16000PE,0.00,0.00,0.00,47.75,47.75,47.75,22032.30,0.35,13500,0,0,0.00,0,F1,50,,,,,
2024-01-16,2024-01-16,FO,NSE,IDO,49178,,NIFTY,,2025-12-24,2025-12-24,16000.00,PE,NIFTY25DEC16000PE,0.00,0.00,0.00,79.00,79.00,79.00,22032.30,3.65,2550,0,0,0.00,0,F1,50,,,,,
2024-01-16,2024-01-16,FO,NSE,IDO,56355,,NIFTY,,2024-01-25,2024-01-25,17450.00,CE,NIFTY24JAN17450CE,0.00,0.00,0.00,1783.70,0.00,1783.70,22032.30,4611.30,0,0,0,0.00,0,F1,50,,,,,
2024-01-16,2024-01-16,FO,NSE,IDO,56402,,NIFTY,,2024-01-25,2024-01-25,18150.00,PE,NIFTY24JAN18150PE,0.00,0.00,0.00,34.90,34.90,34.90,22032.30,0.05,3000,0,0,0.00,0,F1,50,,,,,
2024-01-16,2024-01-16,FO,NSE,IDO,56517,,NIFTY,,2024-01-25,2024-01-25,19850.00,PE,NIFTY24JAN19850PE,3.95,4.20,3.35,3.45,3.35,4.30,22032.30,3.45,10050,750,104,103239955.00,79,F1,50,,,,,
2024-01-16,2024-01-16,FO,NSE,IDO,50068,,NIFTY,,2024-02-15,2024-02-15,22450.00,PE,NIFTY2421522450PE,0.00,0.00,0.00,800.60,0.00,800.60,22032.30,477.95,0,0,0,0.00,0,F1,50,,,,,
2024-01-16,2024-01-16,FO,NSE,IDO,45508,,NIFTY,,2024-02-08,2024-02-08,22450.00,CE,NIFTY2420822450CE,188.55,188.55,155.30,161.30,158.15,158.45,22032.30,161.30,4000,4000,133,150437920.00,47,F1,50,,,,,
2024-01-16,2024-01-16,FO,NSE,IDO,56516,,NIFTY,,2024-01-25,2024-01-25,19850.00,CE,NIFTY24JAN19850CE,0.00,0.00,0.00,1830.00,1830.00,1830.00,22032.30,2215.30,2200,0,0,0.00,0,F1,50,,,,,
2024-01-16,2024-01-16,FO,NSE,IDO,59390,,NIFTY,,2024-01-18,2024-01-18,22450.00,PE,NIFTY2411822450PE,401.60,488.50,334.00,424.45,428.20,345.00,22032.30,424.45,6750,-1050,1299,1484318960.00,767,F1,50,,,,,
2024-01-16,2024-01-16,FO,NSE,IDO,37840,,NIFTY,,2024-02-01,2024-02-01,19850.00,CE,NIFTY2420119850CE,0.00,0.00,0.00,1806.35,1806.35,1806.35,22032.30,2240.95,50,0,0,0.00,0,F1,50,,,,,
2024-01-16,2024-01-16,FO,NSE,IDO,48144,,NIFTY,,2024-01-25,2024-01-25,22450.00,PE,NIFTY24JAN22450PE,424.55,511.25,384.25,464.45,468.65,381.25,22032.30,464.45,26850,4850,449,513659762.50,324,F1,50,,,,,
2024-01-16,2024-01-16,FO,NSE,IDO,48138,,NIFTY,,2024-01-25,2024-01-25,22450.00,CE,NIFTY24JAN22450CE,63.55,66.00,35.40,42.40,40.25,72.10,22032.30,42.40,231950,12850,17156,19301238877.50,6997,F1,50,,,,,
2024-01-16,2024-01-16,FO,NSE,IDO,67319,,NIFTY,,2024-03-28,2024-03-28,22300.00,CE,NIFTY24MAR22300CE,565.60,583.10,514.65,514.65,514.65,587.40,22032.30,514.65,12350,400,65,74294390.00,41,F1,50,,,,,
2024-01-16,2024-01-16,FO,NSE,IDO,72930,,NIFTY,,2024-02-29,2024-02-29,22450.00,CE,NIFTY24FEB22450CE,287.45,320.25,252.00,274.40,273.45,326.60,22032.30,274.40,17700,1350,253,287759192.50,143,F1,50,,,,,
2024-01-16,2024-01-16,FO,NSE,IDO,67226,,NIFTY,,2024-03-28,2024-03-28,19850.00,CE,NIFTY24MAR19850CE,0.00,0.00,0.00,2330.25,0.00,2330.25,22032.30,2450.80,0,0,0,0.00,0,F1,50,,,,,
2024-01-16,2024-01-16,FO,NSE,IDO,38084,,NIFTY,,2024-02-01,2024-02-01,22300.00,CE,NIFTY2420122300CE,213.00,213.00,140.40,162.65,159.85,211.85,22032.30,162.65,114300,19500,4780,5372358072.50,1758,F1,50,,,,,
2024-01-16,2024-01-16,FO,NSE,IDO,45502,,NIFTY,,2024-02-08,2024-02-08,22300.00,CE,NIFTY2420822300CE,242.95,261.95,202.90,213.90,214.65,268.25,22032.30,213.90,9750,1550,156,175764332.50,67,F1,50,,,,,
2024-01-16,2024-01-16,FO,NSE,IDO,46166,,NIFTY,,2024-01-25,2024-01-25,22300.00,PE,NIFTY24JAN22300PE,260.10,397.20,260.10,348.70,346.00,283.65,22032.30,348.70,113050,-34750,12765,14440913212.50,6058,F1,50,,,,,
2024-01-16,2024-01-16,FO,NSE,IDO,67311,,NIFTY,,2024-03-28,2024-03-28,22100.00,CE,NIFTY24MAR22100CE,684.80,705.10,608.40,637.15,635.85,705.95,22032.30,637.15,16950,6350,262,298333112.50,121,F1,50,,,,,
2024-01-16,2024-01-16,FO,NSE,IDO,37303,,NIFTY,,2024-01-25,2024-01-25,22100.00,CE,NIFTY24JAN22100CE,183.70,208.35,123.55,147.35,141.05,215.20,22032.30,147.35,1859650,191050,172486,192056004620.00,71450,F1,50,,,,,
2024-01-16,2024-01-16,FO,NSE,IDO,67312,,NIFTY,,2024-03-28,2024-03-28,22100.00,PE,NIFTY24MAR22100PE,417.50,455.25,405.00,436.60,437.20,407.40,22032.30,436.60,6450,500,197,221869897.50,126,F1,50,,,,,
2024-01-16,2024-01-16,FO,NSE,IDO,59376,,NIFTY,,2024-01-18,2024-01-18,22100.00,PE,NIFTY2411822100PE,109.90,180.00,87.20,127.50,126.45,104.60,22032.30,127.50,3106900,-435950,3169101,3520439424090.00,1193762,F1,50,,,,,
2024-01-16,2024-01-16,FO,NSE,IDO,45382,,NIFTY,,2024-02-08,2024-02-08,22100.00,CE,NIFTY2420822100CE,345.40,365.90,281.25,306.70,305.90,372.80,22032.30,306.70,20850,6600,488,547364360.00,308,F1,50,,,,,
2024-01-16,2024-01-16,FO,NSE,IDO,48786,,NIFTY,,2024-02-15,2024-02-15,22100.00,CE,NIFTY2421522100CE,400.00,406.40,348.50,349.25,348.50,418.05,22032.30,349.25,6400,1750,50,56204435.00,21,F1,50,,,,,
2024-01-16,2024-01-16,FO,NSE,IDO,37304,,NIFTY,,2024-01-25,2024-01-25,22100.00,PE,NIFTY24JAN22100PE,190.00,258.00,170.35,216.05,218.00,178.90,22032.30,216.05,1013750,130400,140229,156378656517.50,55446,F1,50,,,,,
2024-01-16,2024-01-16,FO,NSE,IDO,43939,,NIFTY,,2024-02-08,2024-02-08,21550.00,PE,NIFTY2420821550PE,0.00,0.00,0.00,274.15,0.00,274.15,22032.30,71.60,0,0,0,0.00,0,F1,50,,,,,
2024-01-16,2024-01-16,FO,NSE,IDO,72853,,NIFTY,,2024-02-29,2024-02-29,20900.00,PE,NIFTY24FEB20900PE,67.75,71.90,61.60,64.50,64.95,63.55,22032.30,64.50,153600,19400,1786,1872168702.50,923,F1,50,,,,,
2024-01-16,2024-01-16,FO,NSE,IDO,59245,,NIFTY,,2024-01-18,2024-01-18,20900.00,CE,NIFTY2411820900CE,1155.00,1202.25,1121.00,1127.80,1127.80,1213.25,22032.30,1140.05,34650,-300,6,6612402.50,4,F1,50,,,,,
2024-01-16,2024-01-16,FO,NSE,IDO,72897,,NIFTY,,2024-02-29,2024-02-29,21600.00,PE,NIFTY24FEB21600PE,179.45,202.00,168.55,182.70,182.30,171.30,22032.30,182.70,161300,3500,2907,3165744930.00,1791,F1,50,,,,,
2024-01-16,2024-01-16,FO,NSE,IDO,72857,,NIFTY,,2024-02-29,2024-02-29,21000.00,PE,NIFTY24FEB21000PE,77.55,84.70,71.40,76.80,76.05,73.80,22032.30,76.80,1263650,131350,18218,19198415950.00,8675,F1,50,,,,,
2024-01-16,2024-01-16,FO,NSE,IDO,51453,,NIFTY,,2026-06-25,2026-06-25,21000.00,CE,NIFTY26JUN21000CE,0.00,0.00,0.00,3881.90,0.00,3881.90,22032.30,4472.20,0,0,0,0.00,0,F1,50,,,,,
2024-01-16,2024-01-16,FO,NSE,IDO,53615,,NIFTY,,2027-12-30,2027-12-30,21000.00,PE,NIFTY27DEC21000PE,0.00,0.00,0.00,1563.55,0.00,1563.55,22032.30,207.25,0,0,0,0.00,0,F1,50,,,,,
2024-01-16,2024-01-16,FO,NSE,IDO,67776,,NIFTY,,2028-12-28,2028-12-28,21000.00,CE,NIFTY28DEC21000CE,0.00,0.00,0.00,7512.50,0.00,7512.50,22032.30,7176.95,0,0,0,0.00,0,F1,50,,,,,
2024-01-16,2024-01-16,FO,NSE,IDO,65882,,NIFTY,,2024-09-26,2024-09-26,21000.00,PE,NIFTY24SEP21000PE,0.00,0.00,0.00,1201.10,0.00,1201.10,22032.30,201.60,0,0,0,0.00,0,F1,50,,,,,
2024-01-16,2024-01-16,FO,NSE,IDO,39989,,NIFTY,,2026-06-25,2026-06-25,19000.00,CE,NIFTY26JUN19000CE,0.00,0.00,0.00,2872.25,2872.25,2872.25,22032.30,5993.90,100,0,0,0.00,0,F1,50,,,,,
2024-01-16,2024-01-16,FO,NSE,IDO,58643,,NIFTY,,2026-12-31,2026-12-31,19000.00,PE,NIFTY26DEC19000PE,0.00,0.00,0.00,450.00,450.00,450.00,22032.30,78.25,3200,0,0,0.00,0,F1,50,,,,,
2024-01-16,2024-01-16,FO,NSE,IDO,60325,,NIFTY,,2024-03-28,2024-03-28,19000.00,CE,NIFTY24MAR19000CE,3350.00,3374.45,3240.80,3279.35,3279.35,3377.40,22032.30,3279.35,468400,100,108,120593785.00,84,F1,50,,,,,
2024-01-16,2024-01-16,FO,NSE,IDO,72668,,NIFTY,,2024-02-29,2024-02-29,19000.00,CE,NIFTY24FEB19000CE,3210.00,3250.00,3130.00,3156.20,3156.30,3265.10,22032.30,3156.20,96850,-50,165,183154580.00,124,F1,50,,,,,
2024-01-16,2024-01-16,FO,NSE,IDO,39982,,NIFTY,,2025-06-26,2025-06-26,19000.00,CE,NIFTY25JUN19000CE,0.00,0.00,0.00,3077.90,0.00,3077.90,22032.30,4851.90,0,0,0,0.00,0,F1,50,,,,,
2024-01-16,2024-01-16,FO,NSE,IDO,39988,,NIFTY,,2025-12-24,2025-12-24,19000.00,PE,NIFTY25DEC19000PE,0.00,0.00,0.00,620.05,620.05,620.05,22032.30,68.15,3800,0,0,0.00,0,F1,50,,,,,
2024-01-16,2024-01-16,FO,NSE,IDO,72893,,NIFTY,,2024-02-29,2024-02-29,21500.00,PE,NIFTY24FEB21500PE,153.05,174.95,146.85,158.30,159.00,148.90,22032.30,158.30,923250,71950,13802,14945278070.00,6680,F1,50,,,,,
2024-01-16,2024-01-16,FO,NSE,IDO,43197,,NIFTY,,2024-02-15,2024-02-15,21500.00,CE,NIFTY2421521500CE,754.75,754.75,754.75,754.75,754.75,845.60,22032.30,733.45,100,0,1,1112737.50,1,F1,50,,,,,
2024-01-16,2024-01-16,FO,NSE,IDO,47403,,NIFTY,,2024-02-29,2024-02-29,23750.00,CE,NIFTY24FEB23750CE,34.25,34.25,26.55,29.40,29.75,40.50,22032.30,29.40,2700,2700,229,272299190.00,191,F1,50,,,,,
2024-01-16,2024-01-16,FO,NSE,IDO,43937,,NIFTY,,2024-02-08,2024-02-08,21500.00,PE,NIFTY2420821500PE,106.65,124.60,97.85,105.60,105.90,101.85,22032.30,105.60,32050,7350,1018,1099824427.50,488,F1,50,,,,,
2024-01-16,2024-01-16,FO,NSE,IDO,56592,,NIFTY,,2024-01-25,2024-01-25,21500.00,PE,NIFTY24JAN21500PE,44.95,51.95,35.25,39.20,38.60,41.80,22032.30,39.20,3488600,-5050,95241,102580906165.00,29654,F1,50,,,,,
2024-01-16,2024-01-16,FO,NSE,IDO,38024,,NIFTY,,2024-02-01,2024-02-01,21500.00,PE,NIFTY2420121500PE,77.10,91.95,70.20,74.85,76.00,74.85,22032.30,74.85,381700,26550,5799,6256531700.00,1910,F1,50,,,,,
2024-01-16,2024-01-16,FO,NSE,IDO,72720,,NIFTY,,2024-02-29,2024-02-29,19250.00,CE,NIFTY24FEB19250CE,0.00,0.00,0.00,1383.65,0.00,1383.65,22032.30,2938.40,0,0,0,0.00,0,F1,50,,,,,
2024-01-16,2024-01-16,FO,NSE,IDO,72890,,NIFTY,,2024-02-29,2024-02-29,21500.00,CE,NIFTY24FEB21500CE,862.95,920.30,786.30,833.75,830.95,925.25,22032.30,833.75,347000,-17150,1862,2082605222.50,1227,F1,50,,,,,
2024-01-16,2024-01-16,FO,NSE,IDO,58644,,NIFTY,,2026-12-31,2026-12-31,20000.00,CE,NIFTY26DEC20000CE,0.00,0.00,0.00,3704.30,0.00,3704.30,22032.30,5794.40,0,0,0,0.00,0,F1,50,,,,,
2024-01-16,2024-01-16,FO,NSE,IDO,65853,,NIFTY,,2024-09-26,2024-09-26,20000.00,CE,NIFTY24SEP20000CE,0.00,0.00,0.00,1666.45,0.00,1666.45,22032.30,3024.25,0,0,0,0.00,0,F1,50,,,,,
2024-01-16,2024-01-16,FO,NSE,IDO,86143,,NIFTY,,2028-06-29,2028-06-29,20000.00,CE,NIFTY28JUN20000CE,0.00,0.00,0.00,5724.65,0.00,5724.65,22032.30,7348.55,0,0,0,0.00,0,F1,50,,,,,
2024-01-16,2024-01-16,FO,NSE,IDO,38378,,NIFTY,,2026-06-25,2026-06-25,20000.00,CE,NIFTY26JUN20000CE,0.00,0.00,0.00,3829.50,0.00,3829.50,22032.30,5213.45,0,0,0,0.00,0,F1,50,,,,,
2024-01-16,2024-01-16,FO,NSE,IDO,38063,,NIFTY,,2024-02-01,2024-02-01,21950.00,PE,NIFTY2420121950PE,194.25,229.80,170.95,200.70,200.15,177.20,22032.30,200.70,22500,5200,377,417478560.00,193,F1,50,,,,,
2024-01-16,2024-01-16,FO,NSE,IDO,59386,,NIFTY,,2024-01-18,2024-01-18,22350.00,PE,NIFTY2411822350PE,293.45,393.15,244.25,328.35,338.60,261.30,22032.30,328.35,112100,-300,9240,10464865975.00,4119,F1,50,,,,,
2024-01-16,2024-01-16,FO,NSE,IDO,46168,,NIFTY,,2024-01-25,2024-01-25,22350.00,PE,NIFTY24JAN22350PE,364.60,431.95,309.60,384.00,385.00,313.90,22032.30,384.00,51950,4400,581,659657155.00,449,F1,50,,,,,
2024-01-16,2024-01-16,FO,NSE,IDO,35061,,NIFTY,,2024-01-25,2024-01-25,21950.00,CE,NIFTY24JAN21950CE,309.20,309.20,194.10,225.00,219.40,309.20,22032.30,225.00,237900,71750,12914,14328855167.50,6582,F1,50,,,,,
2024-01-16,2024-01-16,FO,NSE,IDO,38096,,NIFTY,,2024-02-01,2024-02-01,22350.00,PE,NIFTY2420122350PE,0.00,0.00,0.00,1032.90,0.00,1032.90,22032.30,373.45,0,0,0,0.00,0,F1,50,,,,,
2024-01-16,2024-01-16,FO,NSE,IDO,45012,,NIFTY,,2024-02-08,2024-02-08,21950.00,CE,NIFTY2420821950CE,434.90,434.90,360.95,392.15,390.00,463.25,22032.30,392.15,1550,1250,36,40208980.00,19,F1,50,,,,,
2024-01-16,2024-01-16,FO,NSE,IDO,59385,,NIFTY,,2024-01-18,2024-01-18,22350.00,CE,NIFTY2411822350CE,19.35,20.75,6.85,8.35,6.85,24.10,22032.30,8.35,3387000,1585850,1171059,1309370076675.00,245571,F1,50,,,,,
2024-01-16,2024-01-16,FO,NSE,IDO,67477,,NIFTY,,2024-03-28,2024-03-28,22350.00,CE,NIFTY24MAR22350CE,534.45,542.50,509.00,509.00,509.00,545.00,22032.30,465.25,1050,50,4,4574797.50,4,F1,50,,,,,
2024-01-16,2024-01-16,FO,NSE,IDO,72927,,NIFTY,,2024-02-29,2024-02-29,22350.00,PE,NIFTY24FEB22350PE,459.85,515.00,443.95,481.20,489.50,435.75,22032.30,481.20,13500,-450,66,75306465.00,49,F1,50,,,,,
2024-01-16,2024-01-16,FO,NSE,IDO,59369,,NIFTY,,2024-01-18,2024-01-18,21950.00,CE,NIFTY2411821950CE,186.35,219.00,107.10,137.35,130.55,219.45,22032.30,137.35,629700,-10850,470019,519435110025.00,177617,F1,50,,,,,
2024-01-16,2024-01-16,FO,NSE,IDO,45602,,NIFTY,,2024-02-15,2024-02-15,21950.00,PE,NIFTY2421521950PE,0.00,0.00,0.00,470.30,0.00,470.30,22032.30,214.70,0,0,0,0.00,0,F1,50,,,,,
2024-01-16,2024-01-16,FO,NSE,IDO,59370,,NIFTY,,2024-01-18,2024-01-18,21950.00,PE,NIFTY2411821950PE,51.00,94.75,42.00,57.70,56.80,55.90,22032.30,57.70,2583400,346300,1498609,1649363951595.00,507655,F1,50,,,,,
2024-01-16,2024-01-16,FO,NSE,IDO,67569,,NIFTY,,2024-03-28,2024-03-28,22400.00,PE,NIFTY24MAR22400PE,556.35,577.15,523.50,568.35,570.00,531.50,22032.30,568.35,5950,3150,140,160625507.50,81,F1,50,,,,,
2024-01-16,2024-01-16,FO,NSE,IDO,50065,,NIFTY,,2024-02-15,2024-02-15,22400.00,CE,NIFTY2421522400CE,220.00,226.65,208.15,218.70,218.60,130.90,22032.30,218.70,300,300,6,6786072.50,6,F1,50,,,,,
2024-01-16,2024-01-16,FO,NSE,IDO,59388,,NIFTY,,2024-01-18,2024-01-18,22400.00,PE,NIFTY2411822400PE,349.35,442.25,288.00,378.20,380.00,298.00,22032.30,378.20,131850,-33050,24571,27945662025.00,8463,F1,50,,,,,
2024-01-16,2024-01-16,FO,NSE,IDO,38097,,NIFTY,,2024-02-01,2024-02-01,22400.00,CE,NIFTY2420122400CE,150.00,169.30,110.10,126.35,122.50,169.30,22032.30,126.35,41550,5500,2079,2343081327.50,943,F1,50,,,,,
2024-01-16,2024-01-16,FO,NSE,IDO,59277,,NIFTY,,2024-01-18,2024-01-18,21550.00,CE,NIFTY2411821550CE,518.00,576.25,430.95,482.40,483.05,575.55,22032.30,482.40,137600,-4150,1102,1215368847.50,619,F1,50,,,,,
2024-01-16,2024-01-16,FO,NSE,IDO,72753,,NIFTY,,2024-02-29,2024-02-29,19350.00,PE,NIFTY24FEB19350PE,0.00,0.00,0.00,176.90,0.00,176.90,22032.30,0.15,0,0,0,0.00,0,F1,50,,,,,
2024-01-16,2024-01-16,FO,NSE,IDO,56491,,NIFTY,,2024-01-25,2024-01-25,19350.00,PE,NIFTY24JAN19350PE,2.30,3.15,2.30,3.00,3.00,3.35,22032.30,0.05,6100,-700,31,29997050.00,12,F1,50,,,,,
2024-01-16,2024-01-16,FO,NSE,IDO,71548,,NIFTY,,2027-06-24,2027-06-24,18000.00,PE,NIFTY27JUN18000PE,0.00,0.00,0.00,2188.90,0.00,2188.90,22032.30,41.80,0,0,0,0.00,0,F1,50,,,,,
2024-01-16,2024-01-16,FO,NSE,IDO,55121,,NIFTY,,2025-12-24,2025-12-24,18000.00,CE,NIFTY25DEC18000CE,0.00,0.00,0.00,6099.95,6099.95,6099.95,22032.30,6271.05,5650,0,0,0.00,0,F1,50,,,,,
2024-01-16,2024-01-16,FO,NSE,IDO,55122,,NIFTY,,2025-12-24,2025-12-24,18000.00,PE,NIFTY25DEC18000PE,0.00,0.00,0.00,60.55,60.55,60.55,22032.30,29.75,3600,0,0,0.00,0,F1,50,,,,,
2024-01-16,2024-01-16,FO,NSE,IDO,56458,,NIFTY,,2024-01-25,2024-01-25,18900.00,PE,NIFTY24JAN18900PE,3.35,3.45,2.30,2.60,2.30,3.35,22032.30,2.60,40900,550,159,150277845.00,56,F1,50,,,,,
2024-01-16,2024-01-16,FO,NSE,IDO,56501,,NIFTY,,2024-01-25,2024-01-25,19500.00,PE,NIFTY24JAN19500PE,3.40,3.60,2.45,2.60,2.45,3.40,22032.30,2.60,1084550,2000,3395,3310655067.50,1350,F1,50,,,,,
2024-01-16,2024-01-16,FO,NSE,IDO,59254,,NIFTY,,2024-01-18,2024-01-18,21100.00,PE,NIFTY2411821100PE,3.50,4.40,2.30,2.85,2.60,4.70,22032.30,2.85,2898600,-37450,401854,424024678240.00,83865,F1,50,,,,,
2024-01-16,2024-01-16,FO,NSE,IDO,37958,,NIFTY,,2024-02-01,2024-02-01,21100.00,CE,NIFTY2420121100CE,0.00,0.00,0.00,1046.30,1046.30,1046.30,22032.30,1002.30,350,0,0,0.00,0,F1,50,,,,,
2024-01-16,2024-01-16,FO,NSE,IDO,56508,,NIFTY,,2024-01-25,2024-01-25,19650.00,CE,NIFTY24JAN19650CE,0.00,0.00,0.00,2138.65,2138.65,2138.65,22032.30,2415.00,300,0,0,0.00,0,F1,50,,,,,
2024-01-16,2024-01-16,FO,NSE,IDO,71505,,NIFTY,,2026-12-31,2026-12-31,26000.00,CE,NIFTY26DEC26000CE,0.00,0.00,0.00,1631.05,0.00,1631.05,22032.30,2202.85,0,0,0,0.00,0,F1,50,,,,,
2024-01-16,2024-01-16,FO,NSE,IDO,71365,,NIFTY,,2024-12-26,2024-12-26,26000.00,PE,NIFTY24DEC26000PE,0.00,0.00,0.00,7636.70,0.00,7636.70,22032.30,2657.95,0,0,0,0.00,0,F1,50,,,,,
2024-01-16,2024-01-16,FO,NSE,IDO,72774,,NIFTY,,2024-02-29,2024-02-29,19650.00,PE,NIFTY24FEB19650PE,0.00,0.00,0.00,253.15,0.00,253.15,22032.30,0.50,0,0,0,0.00,0,F1,50,,,,,
2024-01-16,2024-01-16,FO,NSE,IDO,71399,,NIFTY,,2025-12-24,2025-12-24,26000.00,CE,NIFTY25DEC26000CE,0.00,0.00,0.00,1070.85,0.00,1070.85,22032.30,1160.10,0,0,0,0.00,0,F1,50,,,,,
2024-01-16,2024-01-16,FO,NSE,IDO,86162,,NIFTY,,2028-06-29,2028-06-29,26000.00,PE,NIFTY28JUN26000PE,0.00,0.00,0.00,2370.30,0.00,2370.30,22032.30,1003.65,0,0,0,0.00,0,F1,50,,,,,
2024-01-16,2024-01-16,FO,NSE,IDO,56509,,NIFTY,,2024-01-25,2024-01-25,19650.00,PE,NIFTY24JAN19650PE,3.55,3.90,3.00,3.05,3.05,3.90,22032.30,3.05,13650,-1700,81,79596805.00,24,F1,50,,,,,
2024-01-16,2024-01-16,FO,NSE,IDO,53628,,NIFTY,,2027-12-30,2027-12-30,26000.00,CE,NIFTY27DEC26000CE,0.00,0.00,0.00,3162.40,0.00,3162.40,22032.30,3260.25,0,0,0,0.00,0,F1,50,,,,,
2024-01-16,2024-01-16,FO,NSE,IDO,39202,,NIFTY,,2024-01-18,2024-01-18,19650.00,CE,NIFTY2411819650CE,0.00,0.00,0.00,2460.00,2460.00,2460.00,22032.30,2389.55,1550,0,0,0.00,0,F1,50,,,,,
2024-01-16,2024-01-16,FO,NSE,IDO,72773,,NIFTY,,2024-02-29,2024-02-29,19650.00,CE,NIFTY24FEB19650CE,0.00,0.00,0.00,1088.30,0.00,1088.30,22032.30,2542.00,0,0,0,0.00,0,F1,50,,,,,
2024-01-16,2024-01-16,FO,NSE,IDO,67787,,NIFTY,,2028-12-28,2028-12-28,26000.00,PE,NIFTY28DEC26000PE,0.00,0.00,0.00,1160.95,0.00,1160.95,22032.30,889.85,0,0,0,0.00,0,F1,50,,,,,
2024-01-16,2024-01-16,FO,NSE,IDO,67261,,NIFTY,,2024-03-28,2024-03-28,20750.00,CE,NIFTY24MAR20750CE,0.00,0.00,0.00,1433.25,1433.25,1433.25,22032.30,1603.45,200,0,0,0.00,0,F1,50,,,,,
2024-01-16,2024-01-16,FO,NSE,IDO,48061,,NIFTY,,2024-01-18,2024-01-18,20750.00,PE,NIFTY2411820750PE,2.60,3.50,1.80,2.00,1.85,3.40,22032.30,2.00,1255350,270000,85141,88345639960.00,17650,F1,50,,,,,
2024-01-16,2024-01-16,FO,NSE,IDO,37931,,NIFTY,,2024-02-01,2024-02-01,20750.00,PE,NIFTY2420120750PE,19.05,19.05,16.55,17.20,17.20,18.45,22032.30,1.20,2650,200,27,28037157.50,24,F1,50,,,,,
2024-01-16,2024-01-16,FO,NSE,IDO,41812,,NIFTY,,2024-02-08,2024-02-08,20750.00,PE,NIFTY2420820750PE,0.00,0.00,0.00,62.65,62.65,62.65,22032.30,4.25,0,0,0,0.00,0,F1,50,,,,,
2024-01-16,2024-01-16,FO,NSE,IDO,45600,,NIFTY,,2024-02-08,2024-02-08,23300.00,CE,NIFTY2420823300CE,26.90,30.55,23.50,24.55,24.00,29.90,22032.30,24.55,2450,-1900,137,159788750.00,67,F1,50,,,,,
2024-01-16,2024-01-16,FO,NSE,IDO,50107,,NIFTY,,2024-02-15,2024-02-15,23300.00,CE,NIFTY2421523300CE,36.35,36.35,32.70,34.35,34.35,31.40,22032.30,26.40,500,500,11,12833910.00,4,F1,50,,,,,
2024-01-16,2024-01-16,FO,NSE,IDO,67618,,NIFTY,,2024-03-28,2024-03-28,23300.00,CE,NIFTY24MAR23300CE,182.25,185.40,157.15,163.65,165.40,183.90,22032.30,163.65,37650,4600,266,312200147.50,177,F1,50,,,,,
2024-01-16,2024-01-16,FO,NSE,IDO,50108,,NIFTY,,2024-02-15,2024-02-15,23300.00,PE,NIFTY2421523300PE,0.00,0.00,0.00,1521.65,0.00,1521.65,22032.30,1165.20,0,0,0,0.00,0,F1,50,,,,,
2024-01-16,2024-01-16,FO,NSE,IDO,42035,,NIFTY,,2024-02-29,2024-02-29,23300.00,PE,NIFTY24FEB23300PE,1114.60,1162.20,1113.95,1159.55,1159.55,1075.10,22032.30,1140.70,2450,1850,46,56192322.50,20,F1,50,,,,,
2024-01-16,2024-01-16,FO,NSE,IDO,42034,,NIFTY,,2024-02-29,2024-02-29,23300.00,CE,NIFTY24FEB23300CE,83.00,83.00,57.40,63.45,62.70,76.80,22032.30,63.45,188200,-11950,3287,3840942215.00,1431,F1,50,,,,,
2024-01-16,2024-01-16,FO,NSE,IDO,59427,,NIFTY,,2024-01-18,2024-01-18,23300.00,CE,NIFTY2411823300CE,0.70,0.80,0.55,0.70,0.65,0.75,22032.30,0.70,1312300,-48150,94373,109947666110.00,16021,F1,50,,,,,
2024-01-16,2024-01-16,FO,NSE,IDO,45613,,NIFTY,,2024-02-08,2024-02-08,23300.00,PE,NIFTY2420823300PE,0.00,0.00,0.00,1512.20,0.00,1512.20,22032.30,1181.80,0,0,0,0.00,0,F1,50,,,,,
2024-01-16,2024-01-16,FO,NSE,IDO,59428,,NIFTY,,2024-01-18,2024-01-18,23300.00,PE,NIFTY2411823300PE,0.00,0.00,0.00,1271.65,1271.65,1271.65,22032.30,1259.10,50,0,0,0.00,0,F1,50,,,,,
2024-01-16,2024-01-16,FO,NSE,IDO,57432,,NIFTY,,2024-01-25,2024-01-25,22850.00,PE,NIFTY24JAN22850PE,0.00,0.00,0.00,1285.00,1285.00,1285.00,22032.30,785.60,900,0,0,0.00,0,F1,50,,,,,
2024-01-16,2024-01-16,FO,NSE,IDO,59406,,NIFTY,,2024-01-18,2024-01-18,22850.00,CE,NIFTY2411822850CE,1.60,1.90,1.20,1.30,1.25,1.80,22032.30,1.30,569400,-250100,93186,106471870992.50,24915,F1,50,,,,,
2024-01-16,2024-01-16,FO,NSE,IDO,42093,,NIFTY,,2024-02-29,2024-02-29,23700.00,PE,NIFTY24FEB23700PE,0.00,0.00,0.00,2640.15,0.00,2640.15,22032.30,1501.90,0,0,0,0.00,0,F1,50,,,,,
2024-01-16,2024-01-16,FO,NSE,IDO,60343,,NIFTY,,2024-03-28,2024-03-28,25000.00,CE,NIFTY24MAR25000CE,25.80,27.20,23.00,24.55,24.45,24.45,22032.30,24.55,345400,26900,2447,3061796892.50,699,F1,50,,,,,
2024-01-16,2024-01-16,FO,NSE,IDO,71504,,NIFTY,,2026-12-31,2026-12-31,25000.00,PE,NIFTY26DEC25000PE,0.00,0.00,0.00,5825.75,0.00,5825.75,22032.30,1102.90,0,0,0,0.00,0,F1,50,,,,,
2024-01-16,2024-01-16,FO,NSE,IDO,71307,,NIFTY,,2024-06-27,2024-06-27,25000.00,PE,NIFTY24JUN25000PE,0.00,0.00,0.00,7199.55,0.00,7199.55,22032.30,2335.20,0,0,0,0.00,0,F1,50,,,,,
2024-01-16,2024-01-16,FO,NSE,IDO,71382,,NIFTY,,2025-06-26,2025-06-26,25000.00,PE,NIFTY25JUN25000PE,0.00,0.00,0.00,6576.35,0.00,6576.35,22032.30,1653.90,0,0,0,0.00,0,F1,50,,,,,
2024-01-16,2024-01-16,FO,NSE,IDO,71363,,NIFTY,,2024-12-26,2024-12-26,25000.00,PE,NIFTY24DEC25000PE,2157.80,2192.75,2109.10,2178.55,2178.55,2118.05,22032.30,1932.30,9550,-100,8,10862062.50,8,F1,50,,,,,
2024-01-16,2024-01-16,FO,NSE,IDO,71503,,NIFTY,,2026-12-31,2026-12-31,25000.00,CE,NIFTY26DEC25000CE,0.00,0.00,0.00,1811.20,0.00,1811.20,22032.30,2661.35,0,0,0,0.00,0,F1,50,,,,,
2024-01-16,2024-01-16,FO,NSE,IDO,71381,,NIFTY,,2025-06-26,2025-06-26,25000.00,CE,NIFTY25JUN25000CE,0.00,0.00,0.00,945.65,0.00,945.65,22032.30,1007.70,0,0,0,0.00,0,F1,50,,,,,
2024-01-16,2024-01-16,FO,NSE,IDO,71398,,NIFTY,,2025-12-24,2025-12-24,25000.00,PE,NIFTY25DEC25000PE,0.00,0.00,0.00,6310.55,0.00,6310.55,22032.30,1437.85,0,0,0,0.00,0,F1,50,,,,,
2024-01-16,2024-01-16,FO,NSE,IDO,65903,,NIFTY,,2024-09-26,2024-09-26,25000.00,CE,NIFTY24SEP25000CE,315.00,354.95,311.00,351.75,351.75,318.35,22032.30,289.80,2000,200,13,16470142.50,11,F1,50,,,,,
2024-01-16,2024-01-16,FO,NSE,IDO,53627,,NIFTY,,2027-12-30,2027-12-30,25000.00,PE,NIFTY27DEC25000PE,0.00,0.00,0.00,2948.45,0.00,2948.45,22032.30,864.25,0,0,0,0.00,0,F1,50,,,,,
2024-01-16,2024-01-16,FO,NSE,IDO,60344,,NIFTY,,2024-03-28,2024-03-28,25000.00,PE,NIFTY24MAR25000PE,2595.00,2712.90,2562.50,2647.30,2653.25,2569.55,22032.30,2647.30,422200,2800,175,241535607.50,87,F1,50,,,,,
2024-01-16,2024-01-16,FO,NSE,IDO,56475,,NIFTY,,2024-01-25,2024-01-25,19200.00,CE,NIFTY24JAN19200CE,0.00,0.00,0.00,2900.00,2900.00,2900.00,22032.30,2864.25,12800,0,0,0.00,0,F1,50,,,,,
2024-01-16,2024-01-16,FO,NSE,IDO,58637,,NIFTY,,2026-12-31,2026-12-31,16000.00,PE,NIFTY26DEC16000PE,0.00,0.00,0.00,73.05,73.05,73.05,22032.30,7.60,2450,0,0,0.00,0,F1,50,,,,,
2024-01-16,2024-01-16,FO,NSE,IDO,50462,,NIFTY,,2026-06-25,2026-06-25,16000.00,PE,NIFTY26JUN16000PE,0.00,0.00,0.00,54.80,54.80,54.80,22032.30,5.75,500,0,0,0.00,0,F1,50,,,,,
2024-01-16,2024-01-16,FO,NSE,IDO,58636,,NIFTY,,2026-12-31,2026-12-31,16000.00,CE,NIFTY26DEC16000CE,0.00,0.00,0.00,6200.00,6200.00,6200.00,22032.30,8936.65,50,0,0,0.00,0,F1,50,,,,,
2024-01-16,2024-01-16,FO,NSE,IDO,49177,,NIFTY,,2025-12-24,2025-12-24,16000.00,CE,NIFTY25DEC16000CE,7200.00,7200.00,7200.00,7200.00,7200.00,4700.00,22032.30,7999.50,50,0,1,1160000.00,1,F1,50,,,,,
2024-01-16,2024-01-16,FO,NSE,IDO,39669,,NIFTY,,2024-12-26,2024-12-26,16000.00,CE,NIFTY24DEC16000CE,6727.95,6727.95,6727.95,6727.95,6727.95,6628.75,22032.30,7021.60,22100,0,1,1136397.50,1,F1,50,,,,,
2024-01-16,2024-01-16,FO,NSE,IDO,37841,,NIFTY,,2024-02-01,2024-02-01,19850.00,PE,NIFTY2420119850PE,0.00,0.00,0.00,28.60,0.00,28.60,22032.30,0.05,0,0,0,0.00,0,F1,50,,,,,
2024-01-16,2024-01-16,FO,NSE,IDO,50060,,NIFTY,,2024-02-15,2024-02-15,22300.00,PE,NIFTY2421522300PE,410.00,410.00,410.00,410.00,410.00,362.80,22032.30,385.75,2200,0,1,1135500.00,1,F1,50,,,,,
2024-01-16,2024-01-16,FO,NSE,IDO,50067,,NIFTY,,2024-02-15,2024-02-15,22450.00,CE,NIFTY2421522450CE,226.85,227.90,186.40,186.40,186.40,200.00,22032.30,186.40,1850,1450,43,48735480.00,13,F1,50,,,,,
2024-01-16,2024-01-16,FO,NSE,IDO,39215,,NIFTY,,2024-01-18,2024-01-18,19850.00,PE,NIFTY2411819850PE,2.80,2.85,1.00,1.15,1.10,2.55,22032.30,1.15,85000,-244450,18847,18707447557.50,4149,F1,50,,,,,
2024-01-16,2024-01-16,FO,NSE,IDO,39514,,NIFTY,,2024-02-08,2024-02-08,19850.00,PE,NIFTY2420819850PE,0.00,0.00,0.00,6.55,0.00,6.55,22032.30,0.05,0,0,0,0.00,0,F1,50,,,,,
2024-01-16,2024-01-16,FO,NSE,IDO,45509,,NIFTY,,2024-02-08,2024-02-08,22450.00,PE,NIFTY2420822450PE,0.00,0.00,0.00,793.45,0.00,793.45,22032.30,462.15,0,0,0,0.00,0,F1,50,,,,,
2024-01-16,2024-01-16,FO,NSE,IDO,39213,,NIFTY,,2024-01-18,2024-01-18,19850.00,CE,NIFTY2411819850CE,0.00,0.00,0.00,1493.10,0.00,1493.10,22032.30,2189.65,0,0,0,0.00,0,F1,50,,,,,
2024-01-16,2024-01-16,FO,NSE,IDO,42319,,NIFTY,,2024-02-08,2024-02-08,20900.00,PE,NIFTY2420820900PE,37.00,40.80,33.15,33.75,34.60,36.65,22032.30,33.75,6450,1900,86,90022900.00,76,F1,50,,,,,
2024-01-16,2024-01-16,FO,NSE,IDO,42318,,NIFTY,,2024-02-08,2024-02-08,20900.00,CE,NIFTY2420820900CE,0.00,0.00,0.00,994.30,0.00,994.30,22032.30,1229.00,0,0,0,0.00,0,F1,50,,,,,
2024-01-16,2024-01-16,FO,NSE,IDO,59246,,NIFTY,,2024-01-18,2024-01-18,20900.00,PE,NIFTY2411820900PE,3.20,3.85,1.75,2.15,2.00,3.60,22032.30,2.15,2475050,-150850,227148,237402041365.00,47547,F1,50,,,,,
2024-01-16,2024-01-16,FO,NSE,IDO,50286,,NIFTY,,2024-02-15,2024-02-15,23700.00,PE,NIFTY2421523700PE,0.00,0.00,0.00,1900.25,0.00,1900.25,22032.30,1544.75,0,0,0,0.00,0,F1,50,,,,,
2024-01-16,2024-01-16,FO,NSE,IDO,38223,,NIFTY,,2024-02-01,2024-02-01,23700.00,PE,NIFTY2420123700PE,0.00,0.00,0.00,2257.15,0.00,2257.15,22032.30,1598.20,0,0,0,0.00,0,F1,50,,,,,
2024-01-16,2024-01-16,FO,NSE,IDO,47396,,NIFTY,,2024-01-25,2024-01-25,23750.00,PE,NIFTY24JAN23750PE,1656.90,1661.05,1641.35,1641.35,1641.35,2662.75,22032.30,1678.20,150,150,6,7621912.50,5,F1,50,,,,,
2024-01-16,2024-01-16,FO,NSE,IDO,59449,,NIFTY,,2024-01-18,2024-01-18,23750.00,CE,NIFTY2411823750CE,0.95,1.00,0.55,0.65,0.70,3.15,22032.30,0.65,15900,15900,1844,2189816847.50,415,F1,50,,,,,
2024-01-16,2024-01-16,FO,NSE,IDO,67644,,NIFTY,,2024-03-28,2024-03-28,23750.00,CE,NIFTY24MAR23750CE,0.00,0.00,0.00,158.85,0.00,158.85,22032.30,77.90,0,0,0,0.00,0,F1,50,,,,,
2024-01-16,2024-01-16,FO,NSE,IDO,56482,,NIFTY,,2024-01-25,2024-01-25,19250.00,PE,NIFTY24JAN19250PE,1.60,3.00,1.60,2.40,2.40,2.85,22032.30,2.40,13950,-100,38,36579735.00,21,F1,50,,,,,
2024-01-16,2024-01-16,FO,NSE,IDO,38023,,NIFTY,,2024-02-01,2024-02-01,21500.00,CE,NIFTY2420121500CE,710.95,738.90,609.15,662.80,649.75,758.90,22032.30,662.80,214050,4550,431,477709292.50,193,F1,50,,,,,
2024-01-16,2024-01-16,FO,NSE,IDO,47411,,NIFTY,,2024-02-29,2024-02-29,23750.00,PE,NIFTY24FEB23750PE,0.00,0.00,0.00,2533.70,0.00,2533.70,22032.30,1548.65,0,0,0,0.00,0,F1,50,,,,,
2024-01-16,2024-01-16,FO,NSE,IDO,38380,,NIFTY,,2026-06-25,2026-06-25,20000.00,PE,NIFTY26JUN20000PE,0.00,0.00,0.00,3159.75,0.00,3159.75,22032.30,142.85,0,0,0,0.00,0,F1,50,,,,,
2024-01-16,2024-01-16,FO,NSE,IDO,53607,,NIFTY,,2027-12-30,2027-12-30,20000.00,CE,NIFTY27DEC20000CE,0.00,0.00,0.00,5333.85,0.00,5333.85,22032.30,6849.30,0,0,0,0.00,0,F1,50,,,,,
2024-01-16,2024-01-16,FO,NSE,IDO,38315,,NIFTY,,2024-12-26,2024-12-26,20000.00,PE,NIFTY24DEC20000PE,326.25,329.00,312.10,323.35,327.40,314.70,22032.30,323.35,533600,3900,413,419626600.00,290,F1,50,,,,,
2024-01-16,2024-01-16,FO,NSE,IDO,56414,,NIFTY,,2024-01-25,2024-01-25,18350.00,PE,NIFTY24JAN18350PE,1.60,2.25,0.05,1.25,1.80,17.05,22032.30,1.25,2600,-350,1076,987315212.50,88,F1,50,,,,,
2024-01-16,2024-01-16,FO,NSE,IDO,50271,,NIFTY,,2024-02-15,2024-02-15,23600.00,CE,NIFTY2421523600CE,0.00,0.00,0.00,16.15,0.00,16.15,22032.30,11.15,0,0,0,0.00,0,F1,50,,,,,
2024-01-16,2024-01-16,FO,NSE,IDO,50272,,NIFTY,,2024-02-15,2024-02-15,23600.00,PE,NIFTY2421523600PE,0.00,0.00,0.00,1804.30,0.00,1804.30,22032.30,1448.25,0,0,0,0.00,0,F1,50,,,,,
2024-01-16,2024-01-16,FO,NSE,IDO,45660,,NIFTY,,2024-02-08,2024-02-08,23600.00,PE,NIFTY2420823600PE,0.00,0.00,0.00,1794.15,0.00,1794.15,22032.30,1471.95,0,0,0,0.00,0,F1,50,,,,,
2024-01-16,2024-01-16,FO,NSE,IDO,39210,,NIFTY,,2024-01-18,2024-01-18,19800.00,CE,NIFTY2411819800CE,2290.00,2290.00,2285.00,2285.00,2285.00,2055.00,22032.30,2239.60,1200,-100,2,2208750.00,2,F1,50,,,,,
2024-01-16,2024-01-16,FO,NSE,IDO,59394,,NIFTY,,2024-01-18,2024-01-18,22550.00,PE,NIFTY2411822550PE,499.30,589.25,435.00,521.70,525.25,437.55,22032.30,521.70,3750,700,444,511614235.00,322,F1,50,,,,,
2024-01-16,2024-01-16,FO,NSE,IDO,38119,,NIFTY,,2024-02-01,2024-02-01,22800.00,PE,NIFTY2420122800PE,0.00,0.00,0.00,1230.00,1230.00,1230.00,22032.30,730.75,50,0,0,0.00,0,F1,50,,,,,
2024-01-16,2024-01-16,FO,NSE,IDO,45512,,NIFTY,,2024-02-08,2024-02-08,22550.00,CE,NIFTY2420822550CE,160.00,160.70,126.30,127.80,127.15,160.00,22032.30,127.80,1750,800,26,29489347.50,22,F1,50,,,,,
2024-01-16,2024-01-16,FO,NSE,IDO,50074,,NIFTY,,2024-02-15,2024-02-15,22550.00,PE,NIFTY2421522550PE,0.00,0.00,0.00,875.85,0.00,875.85,22032.30,545.25,0,0,0,0.00,0,F1,50,,,,,
2024-01-16,2024-01-16,FO,NSE,IDO,59393,,NIFTY,,2024-01-18,2024-01-18,22550.00,CE,NIFTY2411822550CE,6.20,6.20,2.35,2.75,2.40,5.65,22032.30,2.75,4815550,2186250,632250,712980609607.50,130792,F1,50,,,,,
2024-01-16,2024-01-16,FO,NSE,IDO,72616,,NIFTY,,2024-02-29,2024-02-29,18700.00,CE,NIFTY24FEB18700CE,3432.55,3432.55,3432.55,3432.55,3432.55,3402.00,22032.30,3483.85,100,50,1,1106627.50,1,F1,50,,,,,
2024-01-16,2024-01-16,FO,NSE,IDO,38118,,NIFTY,,2024-02-01,2024-02-01,22800.00,CE,NIFTY2420122800CE,50.00,57.50,38.00,45.10,45.00,59.65,22032.30,45.10,64150,16200,2308,2636779172.50,916,F1,50,,,,,
2024-01-16,2024-01-16,FO,NSE,IDO,45529,,NIFTY,,2024-02-08,2024-02-08,22550.00,PE,NIFTY2420822550PE,0.00,0.00,0.00,869.15,0.00,869.15,22032.30,533.15,0,0,0,0.00,0,F1,50,,,,,
2024-01-16,2024-01-16,FO,NSE,IDO,72908,,NIFTY,,2024-02-29,2024-02-29,21900.00,CE,NIFTY24FEB21900CE,581.95,632.00,517.30,549.60,550.00,629.40,22032.30,549.60,89900,2200,1092,1227271572.50,561,F1,50,,,,,
2024-01-16,2024-01-16,FO,NSE,IDO,45594,,NIFTY,,2024-02-15,2024-02-15,21900.00,PE,NIFTY2421521900PE,0.00,0.00,0.00,442.50,0.00,442.50,22032.30,195.30,0,0,0,0.00,0,F1,50,,,,,
2024-01-16,2024-01-16,FO,NSE,IDO,44821,,NIFTY,,2024-02-08,2024-02-08,21900.00,CE,NIFTY2420821900CE,450.05,483.30,392.25,417.95,417.90,500.05,22032.30,417.95,5150,500,40,44664602.50,31,F1,50,,,,,
2024-01-16,2024-01-16,FO,NSE,IDO,40461,,NIFTY,,2024-02-15,2024-02-15,21050.00,PE,NIFTY2421521050PE,0.00,0.00,0.00,120.70,0.00,120.70,22032.30,23.90,0,0,0,0.00,0,F1,50,,,,,
2024-01-16,2024-01-16,FO,NSE,IDO,56568,,NIFTY,,2024-01-25,2024-01-25,21050.00,CE,NIFTY24JAN21050CE,1056.00,1056.00,1000.75,1000.75,1000.75,1090.75,22032.30,1000.75,23600,0,2,2207837.50,2,F1,50,,,,,
2024-01-16,2024-01-16,FO,NSE,IDO,59252,,NIFTY,,2024-01-18,2024-01-18,21050.00,PE,NIFTY2411821050PE,3.50,4.40,2.35,2.70,2.40,4.35,22032.30,2.70,955850,78450,150560,158490345150.00,34063,F1,50,,,,,
2024-01-16,2024-01-16,FO,NSE,IDO,42325,,NIFTY,,2024-02-08,2024-02-08,21050.00,PE,NIFTY2420821050PE,0.00,0.00,0.00,92.50,92.50,92.50,22032.30,14.25,1000,0,0,0.00,0,F1,50,,,,,
2024-01-16,2024-01-16,FO,NSE,IDO,56569,,NIFTY,,2024-01-25,2024-01-25,21050.00,PE,NIFTY24JAN21050PE,16.90,17.65,12.20,12.75,12.55,16.45,22032.30,12.75,108400,-14900,5982,6300429557.50,2833,F1,50,,,,,
2024-01-16,2024-01-16,FO,NSE,IDO,37956,,NIFTY,,2024-02-01,2024-02-01,21050.00,CE,NIFTY2420121050CE,1163.95,1163.95,1163.95,1163.95,1163.95,639.90,22032.30,1050.50,50,50,1,1110697.50,1,F1,50,,,,,
2024-01-16,2024-01-16,FO,NSE,IDO,72858,,NIFTY,,2024-02-29,2024-02-29,21050.00,CE,NIFTY24FEB21050CE,1245.00,1245.00,1245.00,1245.00,1245.00,1235.00,22032.30,1196.95,1600,0,3,3344250.00,2,F1,50,,,,,
2024-01-16,2024-01-16,FO,NSE,IDO,72782,,NIFTY,,2024-02-29,2024-02-29,19800.00,PE,NIFTY24FEB19800PE,14.10,17.00,12.85,13.60,13.25,14.55,22032.30,13.60,224150,-4700,650,643950467.50,263,F1,50,,,,,
2024-01-16,2024-01-16,FO,NSE,IDO,45636,,NIFTY,,2024-02-08,2024-02-08,23600.00,CE,NIFTY2420823600CE,16.80,16.80,12.10,15.80,15.80,15.80,22032.30,15.80,1800,450,32,37784270.00,16,F1,50,,,,,
2024-01-16,2024-01-16,FO,NSE,IDO,67638,,NIFTY,,2024-03-28,2024-03-28,23600.00,CE,NIFTY24MAR23600CE,122.05,122.05,101.80,110.30,110.85,118.95,22032.30,110.30,1450,-150,51,60466220.00,35,F1,50,,,,,
2024-01-16,2024-01-16,FO,NSE,IDO,38208,,NIFTY,,2024-02-01,2024-02-01,23600.00,PE,NIFTY2420123600PE,0.00,0.00,0.00,2160.35,0.00,2160.35,22032.30,1498.90,0,0,0,0.00,0,F1,50,,,,,
2024-01-16,2024-01-16,FO,NSE,IDO,39511,,NIFTY,,2024-02-08,2024-02-08,19800.00,PE,NIFTY2420819800PE,0.00,0.00,0.00,5.60,0.00,5.60,22032.30,0.05,0,0,0,0.00,0,F1,50,,,,,
2024-01-16,2024-01-16,FO,NSE,IDO,59443,,NIFTY,,2024-01-18,2024-01-18,23600.00,PE,NIFTY2411823600PE,0.00,0.00,0.00,2258.25,0.00,2258.25,22032.30,1558.95,0,0,0,0.00,0,F1,50,,,,,
2024-01-16,2024-01-16,FO,NSE,IDO,67575,,NIFTY,,2024-03-28,2024-03-28,22550.00,PE,NIFTY24MAR22550PE,0.00,0.00,0.00,947.35,947.35,947.35,22032.30,596.00,50,0,0,0.00,0,F1,50,,,,,
2024-01-16,2024-01-16,FO,NSE,IDO,56431,,NIFTY,,2024-01-25,2024-01-25,18700.00,CE,NIFTY24JAN18700CE,3344.65,3344.65,3344.65,3344.65,3344.65,3245.80,22032.30,3363.40,4350,0,1,1102232.50,1,F1,50,,,,,
2024-01-16,2024-01-16,FO,NSE,IDO,72949,,NIFTY,,2024-02-29,2024-02-29,22800.00,PE,NIFTY24FEB22800PE,733.00,800.00,714.15,780.00,780.00,708.30,22032.30,780.00,14150,-500,58,68311032.50,39,F1,50,,,,,
2024-01-16,2024-01-16,FO,NSE,IDO,45546,,NIFTY,,2024-02-08,2024-02-08,22800.00,CE,NIFTY2420822800CE,89.35,93.00,69.50,75.50,76.30,92.00,22032.30,75.50,19550,14950,663,758541640.00,220,F1,50,,,,,
2024-01-16,2024-01-16,FO,NSE,IDO,48855,,NIFTY,,2024-01-25,2024-01-25,22800.00,PE,NIFTY24JAN22800PE,720.00,787.40,700.00,780.90,780.00,682.70,22032.30,780.90,12850,350,73,85981175.00,55,F1,50,,,,,
2024-01-16,2024-01-16,FO,NSE,IDO,38054,,NIFTY,,2024-02-01,2024-02-01,21800.00,CE,NIFTY2420121800CE,454.45,505.20,388.00,428.80,418.00,515.00,22032.30,428.80,32750,-5800,1008,1121237472.50,440,F1,50,,,,,
2024-01-16,2024-01-16,FO,NSE,IDO,67302,,NIFTY,,2024-03-28,2024-03-28,21800.00,PE,NIFTY24MAR21800PE,316.40,345.00,309.75,330.15,327.00,310.55,22032.30,330.15,41700,9150,414,457997107.50,218,F1,50,,,,,
2024-01-16,2024-01-16,FO,NSE,IDO,44675,,NIFTY,,2024-02-15,2024-02-15,21800.00,CE,NIFTY2421521800CE,575.45,599.70,492.40,505.15,505.15,611.75,22032.30,513.20,550,150,10,11177640.00,8,F1,50,,,,,
2024-01-16,2024-01-16,FO,NSE,IDO,37863,,NIFTY,,2024-02-01,2024-02-01,20050.00,PE,NIFTY2420120050PE,0.00,0.00,0.00,12.55,12.55,12.55,22032.30,0.05,2050,0,0,0.00,0,F1,50,,,,,
2024-01-16,2024-01-16,FO,NSE,IDO,37862,,NIFTY,,2024-02-01,2024-02-01,20050.00,CE,NIFTY2420120050CE,0.00,0.00,0.00,1416.75,0.00,1416.75,22032.30,2041.55,0,0,0,0.00,0,F1,50,,,,,
2024-01-16,2024-01-16,FO,NSE,IDO,56510,,NIFTY,,2024-01-25,2024-01-25,19700.00,CE,NIFTY24JAN19700CE,2389.50,2418.50,2322.10,2322.10,2322.10,2355.00,22032.30,2322.10,34850,-700,18,19876437.50,10,F1,50,,,,,
2024-01-16,2024-01-16,FO,NSE,IDO,39205,,NIFTY,,2024-01-18,2024-01-18,19700.00,CE,NIFTY2411819700CE,2400.00,2400.00,2375.00,2375.00,2375.00,2385.00,22032.30,2339.60,4950,-150,3,3312500.00,3,F1,50,,,,,
2024-01-16,2024-01-16,FO,NSE,IDO,39206,,NIFTY,,2024-01-18,2024-01-18,19700.00,PE,NIFTY2411819700PE,2.05,2.45,0.85,1.00,1.15,2.55,22032.30,1.00,2075100,-541600,74774,73658932552.50,11303,F1,50,,,,,
2024-01-16,2024-01-16,FO,NSE,IDO,59454,,NIFTY,,2024-01-18,2024-01-18,23850.00,PE,NIFTY2411823850PE,0.00,0.00,0.00,2504.20,0.00,2504.20,22032.30,1808.90,0,0,0,0.00,0,F1,50,,,,,
2024-01-16,2024-01-16,FO,NSE,IDO,56404,,NIFTY,,2024-01-25,2024-01-25,18200.00,PE,NIFTY24JAN18200PE,2.05,2.35,1.65,1.65,1.65,2.40,22032.30,0.05,40550,-50,38,34583552.50,17,F1,50,,,,,
2024-01-16,2024-01-16,FO,NSE,IDO,67779,,NIFTY,,2028-12-28,2028-12-28,22000.00,PE,NIFTY28DEC22000PE,0.00,0.00,0.00,435.30,0.00,435.30,22032.30,260.85,0,0,0,0.00,0,F1,50,,,,,
2024-01-16,2024-01-16,FO,NSE,IDO,67783,,NIFTY,,2028-12-28,2028-12-28,24000.00,PE,NIFTY28DEC24000PE,0.00,0.00,0.00,742.35,0.00,742.35,22032.30,511.15,0,0,0,0.00,0,F1,50,,,,,
2024-01-16,2024-01-16,FO,NSE,IDO,60340,,NIFTY,,2024-03-28,2024-03-28,24000.00,PE,NIFTY24MAR24000PE,1663.15,1780.00,1641.30,1718.80,1723.20,1638.15,22032.30,1718.80,216350,250,292,375001245.00,152,F1,50,,,,,
2024-01-16,2024-01-16,FO,NSE,IDO,71502,,NIFTY,,2026-12-31,2026-12-31,24000.00,PE,NIFTY26DEC24000PE,0.00,0.00,0.00,5233.45,0.00,5233.45,22032.30,802.75,0,0,0,0.00,0,F1,50,,,,,
2024-01-16,2024-01-16,FO,NSE,IDO,65897,,NIFTY,,2024-09-26,2024-09-26,24000.00,CE,NIFTY24SEP24000CE,0.00,0.00,0.00,500.00,500.00,500.00,22032.30,542.70,1200,0,0,0.00,0,F1,50,,,,,
2024-01-16,2024-01-16,FO,NSE,IDO,65892,,NIFTY,,2024-09-26,2024-09-26,22000.00,PE,NIFTY24SEP22000PE,0.00,0.00,0.00,1754.25,0.00,1754.25,22032.30,448.65,0,0,0,0.00,0,F1,50,,,,,
2024-01-16,2024-01-16,FO,NSE,IDO,46569,,NIFTY,,2024-02-15,2024-02-15,22000.00,CE,NIFTY2421522000CE,448.30,467.85,380.00,409.15,399.00,478.50,22032.30,409.15,7850,400,84,94129920.00,39,F1,50,,,,,
2024-01-16,2024-01-16,FO,NSE,IDO,71393,,NIFTY,,2025-12-24,2025-12-24,24000.00,CE,NIFTY25DEC24000CE,0.00,0.00,0.00,1396.05,0.00,1396.05,22032.30,1998.25,0,0,0,0.00,0,F1,50,,,,,
2024-01-16,2024-01-16,FO,NSE,IDO,67778,,NIFTY,,2028-12-28,2028-12-28,22000.00,CE,NIFTY28DEC22000CE,0.00,0.00,0.00,6932.45,0.00,6932.45,22032.30,6545.55,0,0,0,0.00,0,F1,50,,,,,
2024-01-16,2024-01-16,FO,NSE,IDO,53624,,NIFTY,,2027-12-30,2027-12-30,24000.00,CE,NIFTY27DEC24000CE,0.00,0.00,0.00,3778.95,0.00,3778.95,22032.30,4296.05,0,0,0,0.00,0,F1,50,,,,,
2024-01-16,2024-01-16,FO,NSE,IDO,86151,,NIFTY,,2028-06-29,2028-06-29,24000.00,CE,NIFTY28JUN24000CE,0.00,0.00,0.00,3918.85,0.00,3918.85,22032.30,4836.40,0,0,0,0.00,0,F1,50,,,,,
2024-01-16,2024-01-16,FO,NSE,IDO,67242,,NIFTY,,2024-03-28,2024-03-28,20300.00,CE,NIFTY24MAR20300CE,0.00,0.00,0.00,1930.60,0.00,1930.60,22032.30,2018.85,0,0,0,0.00,0,F1,50,,,,,
2024-01-16,2024-01-16,FO,NSE,IDO,67243,,NIFTY,,2024-03-28,2024-03-28,20300.00,PE,NIFTY24MAR20300PE,0.00,0.00,0.00,86.80,0.00,86.80,22032.30,18.05,0,0,0,0.00,0,F1,50,,,,,
2024-01-16,2024-01-16,FO,NSE,IDO,72810,,NIFTY,,2024-02-29,2024-02-29,20300.00,PE,NIFTY24FEB20300PE,26.80,28.50,25.00,25.95,25.65,26.70,22032.30,25.95,242950,6950,1405,1427917380.00,589,F1,50,,,,,
2024-01-16,2024-01-16,FO,NSE,IDO,37893,,NIFTY,,2024-02-01,2024-02-01,20300.00,PE,NIFTY2420120300PE,10.50,14.00,8.30,10.85,8.70,11.15,22032.30,10.85,9300,-550,240,243724670.00,67,F1,50,,,,,
2024-01-16,2024-01-16,FO,NSE,IDO,56427,,NIFTY,,2024-01-25,2024-01-25,18600.00,CE,NIFTY24JAN18600CE,0.00,0.00,0.00,3100.00,3100.00,3100.00,22032.30,3463.25,5100,0,0,0.00,0,F1,50,,,,,
2024-01-16,2024-01-16,FO,NSE,IDO,56442,,NIFTY,,2024-01-25,2024-01-25,18800.00,PE,NIFTY24JAN18800PE,3.30,3.30,2.50,2.50,2.50,3.60,22032.30,2.50,117950,250,226,212471992.50,54,F1,50,,,,,
2024-01-16,2024-01-16,FO,NSE,IDO,45576,,NIFTY,,2024-02-08,2024-02-08,23150.00,CE,NIFTY2420823150CE,0.00,0.00,0.00,32.40,32.40,32.40,22032.30,21.25,1150,0,0,0.00,0,F1,50,,,,,
2024-01-16,2024-01-16,FO,NSE,IDO,72963,,NIFTY,,2024-02-29,2024-02-29,23150.00,PE,NIFTY24FEB23150PE,991.40,1076.50,991.40,1054.55,1032.55,1297.65,22032.30,1054.55,500,200,9,10876002.50,8,F1,50,,,,,
2024-01-16,2024-01-16,FO,NSE,IDO,38167,,NIFTY,,2024-02-01,2024-02-01,23150.00,PE,NIFTY2420123150PE,0.00,0.00,0.00,1732.55,0.00,1732.55,22032.30,1057.05,0,0,0,0.00,0,F1,50,,,,,
2024-01-16,2024-01-16,FO,NSE,IDO,72962,,NIFTY,,2024-02-29,2024-02-29,23150.00,CE,NIFTY24FEB23150CE,98.00,105.00,79.40,86.05,85.65,101.20,22032.30,86.05,10750,2900,319,370734250.00,163,F1,50,,,,,
2024-01-16,2024-01-16,FO,NSE,IDO,59391,,NIFTY,,2024-01-18,2024-01-18,22500.00,CE,NIFTY2411822500CE,7.00,7.00,2.70,3.35,2.75,8.20,22032.30,3.35,8696000,1982050,1302665,1465809986247.50,245742,F1,50,,,,,
2024-01-16,2024-01-16,FO,NSE,IDO,45511,,NIFTY,,2024-02-08,2024-02-08,22500.00,PE,NIFTY2420822500PE,498.00,581.55,490.00,547.70,547.70,486.05,22032.30,547.70,4850,1050,57,65618897.50,37,F1,50,,,,,
2024-01-16,2024-01-16,FO,NSE,IDO,41804,,NIFTY,,2024-02-08,2024-02-08,20600.00,PE,NIFTY2420820600PE,0.00,0.00,0.00,47.75,0.00,47.75,22032.30,2.15,0,0,0,0.00,0,F1,50,,,,,
2024-01-16,2024-01-16,FO,NSE,IDO,50071,,NIFTY,,2024-02-15,2024-02-15,22500.00,CE,NIFTY2421522500CE,197.95,225.45,161.90,182.50,183.05,217.15,22032.30,182.50,4000,2550,119,135037850.00,45,F1,50,,,,,
2024-01-16,2024-01-16,FO,NSE,IDO,45086,,NIFTY,,2024-01-25,2024-01-25,22650.00,PE,NIFTY24JAN22650PE,573.15,642.35,545.00,642.35,642.35,541.60,22032.30,597.25,8400,550,37,42952490.00,26,F1,50,,,,,
2024-01-16,2024-01-16,FO,NSE,IDO,45535,,NIFTY,,2024-02-08,2024-02-08,22650.00,PE,NIFTY2420822650PE,0.00,0.00,0.00,947.60,0.00,947.60,22032.30,608.85,0,0,0,0.00,0,F1,50,,,,,
2024-01-16,2024-01-16,FO,NSE,IDO,50078,,NIFTY,,2024-02-15,2024-02-15,22650.00,PE,NIFTY2421522650PE,0.00,0.00,0.00,954.75,0.00,954.75,22032.30,616.95,0,0,0,0.00,0,F1,50,,,,,
2024-01-16,2024-01-16,FO,NSE,IDO,59398,,NIFTY,,2024-01-18,2024-01-18,22650.00,CE,NIFTY2411822650CE,3.00,3.60,1.70,1.95,1.95,3.20,22032.30,1.95,1661500,425000,296112,335381798610.00,77670,F1,50,,,,,
2024-01-16,2024-01-16,FO,NSE,IDO,67579,,NIFTY,,2024-03-28,2024-03-28,22650.00,PE,NIFTY24MAR22650PE,0.00,0.00,0.00,691.15,691.15,691.15,22032.30,655.15,4050,0,0,0.00,0,F1,50,,,,,
2024-01-16,2024-01-16,FO,NSE,IDO,67788,,NIFTY,,2028-12-28,2028-12-28,27000.00,CE,NIFTY28DEC27000CE,0.00,0.00,0.00,4437.95,0.00,4437.95,22032.30,3838.05,0,0,0,0.00,0,F1,50,,,,,
2024-01-16,2024-01-16,FO,NSE,IDO,50972,,NIFTY,,2025-12-24,2025-12-24,27000.00,PE,NIFTY25DEC27000PE,0.00,0.00,0.00,7112.80,0.00,7112.80,22032.30,2512.00,0,0,0,0.00,0,F1,50,,,,,
2024-01-16,2024-01-16,FO,NSE,IDO,86163,,NIFTY,,2028-06-29,2028-06-29,27000.00,CE,NIFTY28JUN27000CE,0.00,0.00,0.00,2885.15,0.00,2885.15,22032.30,3324.45,0,0,0,0.00,0,F1,50,,,,,
2024-01-16,2024-01-16,FO,NSE,IDO,65916,,NIFTY,,2024-09-26,2024-09-26,27000.00,PE,NIFTY24SEP27000PE,0.00,0.00,0.00,5681.95,0.00,5681.95,22032.30,3793.90,0,0,0,0.00,0,F1,50,,,,,
2024-01-16,2024-01-16,FO,NSE,IDO,50970,,NIFTY,,2025-06-26,2025-06-26,27000.00,PE,NIFTY25JUN27000PE,0.00,0.00,0.00,7438.15,0.00,7438.15,22032.30,2927.70,0,0,0,0.00,0,F1,50,,,,,
2024-01-16,2024-01-16,FO,NSE,IDO,50969,,NIFTY,,2025-06-26,2025-06-26,27000.00,CE,NIFTY25JUN27000CE,0.00,0.00,0.00,803.50,0.00,803.50,22032.30,467.25,0,0,0,0.00,0,F1,50,,,,,
2024-01-16,2024-01-16,FO,NSE,IDO,50973,,NIFTY,,2026-06-25,2026-06-25,27000.00,CE,NIFTY26JUN27000CE,0.00,0.00,0.00,1352.80,0.00,1352.80,22032.30,1306.50,0,0,0,0.00,0,F1,50,,,,,
2024-01-16,2024-01-16,FO,NSE,IDO,38222,,NIFTY,,2024-02-01,2024-02-01,23700.00,CE,NIFTY2420123700CE,7.45,8.00,7.05,7.90,7.90,9.65,22032.30,0.55,2750,2750,83,98385570.00,26,F1,50,,,,,
2024-01-16,2024-01-16,FO,NSE,IDO,42091,,NIFTY,,2024-02-29,2024-02-29,23700.00,CE,NIFTY24FEB23700CE,38.90,38.90,29.40,32.30,31.95,31.85,22032.30,32.30,22050,22050,1505,1786022030.00,1050,F1,50,,,,,
2024-01-16,2024-01-16,FO,NSE,IDO,47395,,NIFTY,,2024-01-25,2024-01-25,23750.00,CE,NIFTY24JAN23750CE,2.30,2.80,2.00,2.05,2.00,6.90,22032.30,2.05,36550,36550,885,1051033112.50,176,F1,50,,,,,
2024-01-16,2024-01-16,FO,NSE,IDO,43198,,NIFTY,,2024-02-15,2024-02-15,21500.00,PE,NIFTY2421521500PE,133.00,144.00,120.35,129.55,130.10,120.25,22032.30,129.55,12350,2300,337,364450962.50,180,F1,50,,,,,
2024-01-16,2024-01-16,FO,NSE,IDO,59450,,NIFTY,,2024-01-18,2024-01-18,23750.00,PE,NIFTY2411823750PE,0.00,0.00,0.00,2405.65,0.00,2405.65,22032.30,1708.90,0,0,0,0.00,0,F1,50,,,,,
2024-01-16,2024-01-16,FO,NSE,IDO,49180,,NIFTY,,2025-12-24,2025-12-24,16500.00,PE,NIFTY25DEC16500PE,0.00,0.00,0.00,38.15,38.15,38.15,22032.30,6.55,2600,0,0,0.00,0,F1,50,,,,,
2024-01-16,2024-01-16,FO,NSE,IDO,37758,,NIFTY,,2024-06-27,2024-06-27,20000.00,PE,NIFTY24JUN20000PE,224.05,244.90,224.05,236.50,238.00,231.60,22032.30,236.50,1066100,3250,1610,1628838885.00,1143,F1,50,,,,,
2024-01-16,2024-01-16,FO,NSE,IDO,71551,,NIFTY,,2027-06-24,2027-06-24,20000.00,CE,NIFTY27JUN20000CE,0.00,0.00,0.00,3367.05,0.00,3367.05,22032.30,6311.45,0,0,0,0.00,0,F1,50,,,,,
2024-01-16,2024-01-16,FO,NSE,IDO,45235,,NIFTY,,2024-02-08,2024-02-08,22050.00,PE,NIFTY2420822050PE,277.00,314.00,249.00,285.00,288.05,255.65,22032.30,285.00,4600,1400,97,108300840.00,45,F1,50,,,,,
2024-01-16,2024-01-16,FO,NSE,IDO,35073,,NIFTY,,2024-01-25,2024-01-25,22050.00,PE,NIFTY24JAN22050PE,170.65,229.35,150.95,191.55,190.30,159.35,22032.30,191.55,366900,29050,48514,53935963345.00,18328,F1,50,,,,,
2024-01-16,2024-01-16,FO,NSE,IDO,67309,,NIFTY,,2024-03-28,2024-03-28,22050.00,CE,NIFTY24MAR22050CE,716.05,730.00,660.00,660.00,660.00,688.35,22032.30,660.00,1300,0,8,9101477.50,8,F1,50,,,,,
2024-01-16,2024-01-16,FO,NSE,IDO,38066,,NIFTY,,2024-02-01,2024-02-01,22050.00,CE,NIFTY2420122050CE,321.10,336.15,244.85,272.15,270.20,346.70,22032.30,272.15,19650,5250,1289,1440097070.00,658,F1,50,,,,,
2024-01-16,2024-01-16,FO,NSE,IDO,58611,,NIFTY,,2024-06-27,2024-06-27,22000.00,PE,NIFTY24JUN22000PE,710.00,737.00,691.55,727.20,722.25,694.30,22032.30,727.20,815150,26600,2312,2625655985.00,1694,F1,50,,,,,
2024-01-16,2024-01-16,FO,NSE,IDO,86148,,NIFTY,,2028-06-29,2028-06-29,22000.00,PE,NIFTY28JUN22000PE,0.00,0.00,0.00,1137.90,0.00,1137.90,22032.30,286.75,0,0,0,0.00,0,F1,50,,,,,
2024-01-16,2024-01-16,FO,NSE,IDO,86147,,NIFTY,,2028-06-29,2028-06-29,22000.00,CE,NIFTY28JUN22000CE,0.00,0.00,0.00,4759.50,0.00,4759.50,22032.30,6032.45,0,0,0,0.00,0,F1,50,,,,,
2024-01-16,2024-01-16,FO,NSE,IDO,72791,,NIFTY,,2024-02-29,2024-02-29,20050.00,CE,NIFTY24FEB20050CE,0.00,0.00,0.00,750.00,750.00,750.00,22032.30,2147.05,0,0,0,0.00,0,F1,50,,,,,
2024-01-16,2024-01-16,FO,NSE,IDO,39223,,NIFTY,,2024-01-18,2024-01-18,20050.00,CE,NIFTY2411820050CE,0.00,0.00,0.00,2051.30,2080.00,2051.30,22032.30,1989.70,3250,0,0,0.00,0,F1,50,,,,,
2024-01-16,2024-01-16,FO,NSE,IDO,72796,,NIFTY,,2024-02-29,2024-02-29,20050.00,PE,NIFTY24FEB20050PE,18.75,20.30,18.30,18.35,18.35,18.70,22032.30,2.25,7450,0,22,22076342.50,16,F1,50,,,,,
2024-01-16,2024-01-16,FO,NSE,IDO,58629,,NIFTY,,2026-12-31,2026-12-31,12000.00,PE,NIFTY26DEC12000PE,0.00,0.00,0.00,250.10,250.10,250.10,22032.30,0.05,600,0,0,0.00,0,F1,50,,,,,
2024-01-16,2024-01-16,FO,NSE,IDO,58624,,NIFTY,,2026-06-25,2026-06-25,12000.00,CE,NIFTY26JUN12000CE,0.00,0.00,0.00,8690.00,8690.00,8690.00,22032.30,11855.30,50,0,0,0.00,0,F1,50,,,,,
2024-01-16,2024-01-16,FO,NSE,IDO,72776,,NIFTY,,2024-02-29,2024-02-29,19700.00,PE,NIFTY24FEB19700PE,13.30,13.50,11.95,12.40,12.50,14.85,22032.30,12.40,30450,-100,95,93636732.50,62,F1,50,,,,,
2024-01-16,2024-01-16,FO,NSE,IDO,53631,,NIFTY,,2027-12-30,2027-12-30,27000.00,CE,NIFTY27DEC27000CE,0.00,0.00,0.00,2889.80,0.00,2889.80,22032.30,2811.20,0,0,0,0.00,0,F1,50,,,,,
2024-01-16,2024-01-16,FO,NSE,IDO,50978,,NIFTY,,2026-12-31,2026-12-31,27000.00,CE,NIFTY26DEC27000CE,0.00,0.00,0.00,1651.65,0.00,1651.65,22032.30,1804.05,0,0,0,0.00,0,F1,50,,,,,
2024-01-16,2024-01-16,FO,NSE,IDO,86164,,NIFTY,,2028-06-29,2028-06-29,27000.00,PE,NIFTY28JUN27000PE,0.00,0.00,0.00,2752.35,0.00,2752.35,22032.30,1280.25,0,0,0,0.00,0,F1,50,,,,,
2024-01-16,2024-01-16,FO,NSE,IDO,65915,,NIFTY,,2024-09-26,2024-09-26,27000.00,CE,NIFTY24SEP27000CE,0.00,0.00,0.00,68.70,0.00,68.70,22032.30,65.15,0,0,0,0.00,0,F1,50,,,,,
2024-01-16,2024-01-16,FO,NSE,IDO,50966,,NIFTY,,2024-12-26,2024-12-26,27000.00,CE,NIFTY24DEC27000CE,182.00,194.00,179.80,184.00,184.95,182.45,22032.30,184.00,34750,3300,101,137299785.00,72,F1,50,,,,,
2024-01-16,2024-01-16,FO,NSE,IDO,56464,,NIFTY,,2024-01-25,2024-01-25,19050.00,PE,NIFTY24JAN19050PE,3.00,3.00,2.35,2.40,2.50,3.25,22032.30,2.40,5700,-100,12,11431562.50,4,F1,50,,,,,
2024-01-16,2024-01-16,FO,NSE,IDO,67315,,NIFTY,,2024-03-28,2024-03-28,22200.00,CE,NIFTY24MAR22200CE,626.50,638.00,549.00,582.55,572.05,646.70,22032.30,582.55,15050,750,126,143666900.00,75,F1,50,,,,,
2024-01-16,2024-01-16,FO,NSE,IDO,45499,,NIFTY,,2024-02-08,2024-02-08,22200.00,PE,NIFTY2420822200PE,340.00,393.00,312.95,357.75,357.55,319.15,22032.30,357.75,10900,2100,187,210792827.50,110,F1,50,,,,,
2024-01-16,2024-01-16,FO,NSE,IDO,67582,,NIFTY,,2024-03-28,2024-03-28,22750.00,CE,NIFTY24MAR22750CE,0.00,0.00,0.00,330.00,330.00,330.00,22032.30,300.55,450,0,0,0.00,0,F1,50,,,,,
2024-01-16,2024-01-16,FO,NSE,IDO,45498,,NIFTY,,2024-02-08,2024-02-08,22200.00,CE,NIFTY2420822200CE,296.00,315.00,235.00,255.35,253.75,318.65,22032.30,255.35,15850,4350,599,673334802.50,251,F1,50,,,,,
2024-01-16,2024-01-16,FO,NSE,IDO,72786,,NIFTY,,2024-02-29,2024-02-29,19900.00,PE,NIFTY24FEB19900PE,16.85,18.15,15.45,15.80,15.60,17.30,22032.30,15.80,242350,-1100,267,265885777.50,167,F1,50,,,,,
2024-01-16,2024-01-16,FO,NSE,IDO,72777,,NIFTY,,2024-02-29,2024-02-29,19750.00,CE,NIFTY24FEB19750CE,0.00,0.00,0.00,1020.15,0.00,1020.15,22032.30,2443.10,0,0,0,0.00,0,F1,50,,,,,
2024-01-16,2024-01-16,FO,NSE,IDO,59260,,NIFTY,,2024-01-18,2024-01-18,21250.00,PE,NIFTY2411821250PE,3.35,6.40,3.30,3.65,3.40,6.20,22032.30,3.65,1712050,599350,180148,191450120260.00,46916,F1,50,,,,,
2024-01-16,2024-01-16,FO,NSE,IDO,59381,,NIFTY,,2024-01-18,2024-01-18,22250.00,CE,NIFTY2411822250CE,47.20,47.20,14.50,18.90,16.20,49.75,22032.30,18.90,3729250,524650,1389826,1548064520795.00,367965,F1,50,,,,,
2024-01-16,2024-01-16,FO,NSE,IDO,45548,,NIFTY,,2024-02-08,2024-02-08,22850.00,CE,NIFTY2420822850CE,70.30,70.30,63.25,67.50,67.55,43.80,22032.30,67.50,450,200,8,9166822.50,8,F1,50,,,,,
2024-01-16,2024-01-16,FO,NSE,IDO,72950,,NIFTY,,2024-02-29,2024-02-29,22850.00,CE,NIFTY24FEB22850CE,163.25,174.65,132.85,146.75,146.15,172.70,22032.30,146.75,32400,23100,682,784514450.00,234,F1,50,,,,,
2024-01-16,2024-01-16,FO,NSE,IDO,38121,,NIFTY,,2024-02-01,2024-02-01,22850.00,CE,NIFTY2420122850CE,45.70,49.65,34.00,39.35,37.75,51.80,22032.30,39.35,11700,1700,408,467016512.50,192,F1,50,,,,,
2024-01-16,2024-01-16,FO,NSE,IDO,50085,,NIFTY,,2024-02-15,2024-02-15,22850.00,CE,NIFTY2421522850CE,0.00,0.00,0.00,76.85,0.00,76.85,22032.30,80.90,0,0,0,0.00,0,F1,50,,,,,
2024-01-16,2024-01-16,FO,NSE,IDO,58645,,NIFTY,,2026-12-31,2026-12-31,20000.00,PE,NIFTY26DEC20000PE,0.00,0.00,0.00,250.85,250.85,250.85,22032.30,141.20,3750,0,0,0.00,0,F1,50,,,,,
2024-01-16,2024-01-16,FO,NSE,IDO,56525,,NIFTY,,2024-01-25,2024-01-25,20000.00,PE,NIFTY24JAN20000PE,5.45,5.90,3.70,4.05,3.85,5.15,22032.30,4.05,2311200,-14150,18125,18129142465.00,4275,F1,50,,,,,
2024-01-16,2024-01-16,FO,NSE,IDO,72876,,NIFTY,,2024-02-29,2024-02-29,21200.00,CE,NIFTY24FEB21200CE,1093.30,1164.00,1048.00,1071.95,1065.00,1165.60,22032.30,1071.95,31250,-4800,175,195254227.50,119,F1,50,,,,,
2024-01-16,2024-01-16,FO,NSE,IDO,42330,,NIFTY,,2024-02-08,2024-02-08,21200.00,CE,NIFTY2420821200CE,0.00,0.00,0.00,763.15,0.00,763.15,22032.30,946.65,0,0,0,0.00,0,F1,50,,,,,
2024-01-16,2024-01-16,FO,NSE,IDO,42331,,NIFTY,,2024-02-08,2024-02-08,21200.00,PE,NIFTY2420821200PE,60.55,70.85,57.90,59.50,60.00,62.10,22032.30,59.50,8550,5200,230,244508427.50,79,F1,50,,,,,
2024-01-16,2024-01-16,FO,NSE,IDO,59257,,NIFTY,,2024-01-18,2024-01-18,21200.00,CE,NIFTY2411821200CE,850.00,929.00,771.65,824.55,829.35,913.80,22032.30,824.55,72500,-19100,2791,3077753430.00,1415,F1,50,,,,,
2024-01-16,2024-01-16,FO,NSE,IDO,37977,,NIFTY,,2024-02-01,2024-02-01,21200.00,PE,NIFTY2420121200PE,44.15,50.35,39.50,40.85,40.30,43.25,22032.30,40.85,102100,28700,3480,3696239150.00,1222,F1,50,,,,,
2024-01-16,2024-01-16,FO,NSE,IDO,72762,,NIFTY,,2024-02-29,2024-02-29,19500.00,PE,NIFTY24FEB19500PE,11.70,13.15,10.70,11.25,11.00,12.75,22032.30,11.25,267500,-62200,2325,2268229767.50,1239,F1,50,,,,,
2024-01-16,2024-01-16,FO,NSE,IDO,36688,,NIFTY,,2025-12-24,2025-12-24,19500.00,CE,NIFTY25DEC19500CE,0.00,0.00,0.00,3672.95,3672.95,3672.95,22032.30,5024.00,1250,0,0,0.00,0,F1,50,,,,,
2024-01-16,2024-01-16,FO,NSE,IDO,38026,,NIFTY,,2024-02-01,2024-02-01,21550.00,CE,NIFTY2420121550CE,675.00,702.60,579.00,623.65,623.65,713.40,22032.30,593.75,32900,-200,19,21088682.50,15,F1,50,,,,,
2024-01-16,2024-01-16,FO,NSE,IDO,67291,,NIFTY,,2024-03-28,2024-03-28,21550.00,CE,NIFTY24MAR21550CE,0.00,0.00,0.00,1070.00,1070.00,1070.00,22032.30,948.05,550,0,0,0.00,0,F1,50,,,,,
2024-01-16,2024-01-16,FO,NSE,IDO,72894,,NIFTY,,2024-02-29,2024-02-29,21550.00,CE,NIFTY24FEB21550CE,826.45,826.45,826.45,826.45,826.45,842.70,22032.30,784.90,7450,0,1,1118822.50,1,F1,50,,,,,
2024-01-16,2024-01-16,FO,NSE,IDO,56353,,NIFTY,,2024-01-25,2024-01-25,17400.00,CE,NIFTY24JAN17400CE,0.00,0.00,0.00,4656.35,4656.35,4656.35,22032.30,4661.25,14750,0,0,0.00,0,F1,50,,,,,
2024-01-16,2024-01-16,FO,NSE,IDO,72884,,NIFTY,,2024-02-29,2024-02-29,21400.00,CE,NIFTY24FEB21400CE,955.70,990.00,869.00,907.30,910.95,1000.55,22032.30,907.30,50850,-700,118,131880095.00,73,F1,50,,,,,
2024-01-16,2024-01-16,FO,NSE,IDO,67286,,NIFTY,,2024-03-28,2024-03-28,21400.00,PE,NIFTY24MAR21400PE,218.15,233.40,208.50,221.95,218.95,210.60,22032.30,221.95,24800,6250,237,256139322.50,100,F1,50,,,,,
2024-01-16,2024-01-16,FO,NSE,IDO,37998,,NIFTY,,2024-02-01,2024-02-01,21400.00,CE,NIFTY2420121400CE,712.00,731.00,712.00,731.00,731.00,685.00,22032.30,723.15,23450,0,2,2212150.00,2,F1,50,,,,,
2024-01-16,2024-01-16,FO,NSE,IDO,72887,,NIFTY,,2024-02-29,2024-02-29,21400.00,PE,NIFTY24FEB21400PE,132.45,149.00,126.10,135.00,138.20,128.15,22032.30,135.00,224550,20250,3639,3918047025.00,2076,F1,50,,,,,
2024-01-16,2024-01-16,FO,NSE,IDO,43615,,NIFTY,,2024-02-08,2024-02-08,21400.00,PE,NIFTY2420821400PE,92.90,102.10,82.00,90.05,90.05,83.60,22032.30,90.05,6850,-1000,186,199841102.50,110,F1,50,,,,,
2024-01-16,2024-01-16,FO,NSE,IDO,37999,,NIFTY,,2024-02-01,2024-02-01,21400.00,PE,NIFTY2420121400PE,64.20,74.00,57.80,61.55,60.20,62.05,22032.30,61.55,61100,15600,1243,1333904490.00,523,F1,50,,,,,
2024-01-16,2024-01-16,FO,NSE,IDO,41743,,NIFTY,,2024-02-15,2024-02-15,21400.00,CE,NIFTY2421521400CE,0.00,0.00,0.00,616.25,0.00,616.25,22032.30,814.75,0,0,0,0.00,0,F1,50,,,,,
2024-01-16,2024-01-16,FO,NSE,IDO,43606,,NIFTY,,2024-02-08,2024-02-08,21400.00,CE,NIFTY2420821400CE,787.10,787.10,769.10,769.10,769.10,503.00,22032.30,769.50,250,150,3,3327165.00,3,F1,50,,,,,
2024-01-16,2024-01-16,FO,NSE,IDO,56588,,NIFTY,,2024-01-25,2024-01-25,21400.00,PE,NIFTY24JAN21400PE,36.75,40.20,27.90,29.75,29.55,33.95,22032.30,29.75,1718900,-7350,47066,50435922432.50,17549,F1,50,,,,,
2024-01-16,2024-01-16,FO,NSE,IDO,41744,,NIFTY,,2024-02-15,2024-02-15,21400.00,PE,NIFTY2421521400PE,0.00,0.00,0.00,89.70,89.70,89.70,22032.30,64.05,50,0,0,0.00,0,F1,50,,,,,
2024-01-16,2024-01-16,FO,NSE,IDO,37987,,NIFTY,,2024-02-01,2024-02-01,21300.00,PE,NIFTY2420121300PE,54.10,61.20,48.35,49.85,49.85,52.80,22032.30,49.85,139650,-13350,4931,5264429352.50,1575,F1,50,,,,,
2024-01-16,2024-01-16,FO,NSE,IDO,41734,,NIFTY,,2024-02-15,2024-02-15,21300.00,CE,NIFTY2421521300CE,0.00,0.00,0.00,682.75,0.00,682.75,22032.30,899.40,0,0,0,0.00,0,F1,50,,,,,
2024-01-16,2024-01-16,FO,NSE,IDO,56583,,NIFTY,,2024-01-25,2024-01-25,21300.00,CE,NIFTY24JAN21300CE,805.30,854.05,700.00,751.90,745.00,859.75,22032.30,751.90,282100,-3750,1049,1158883570.00,471,F1,50,,,,,
2024-01-16,2024-01-16,FO,NSE,IDO,59262,,NIFTY,,2024-01-18,2024-01-18,21300.00,PE,NIFTY2411821300PE,5.10,7.35,3.55,4.00,3.90,6.80,22032.30,4.00,5074050,1298300,603513,642898039920.00,121994,F1,50,,,,,
2024-01-16,2024-01-16,FO,NSE,IDO,37986,,NIFTY,,2024-02-01,2024-02-01,21300.00,CE,NIFTY2420121300CE,0.00,0.00,0.00,945.95,945.95,945.95,22032.30,813.75,77850,0,0,0.00,0,F1,50,,,,,
2024-01-16,2024-01-16,FO,NSE,IDO,72934,,NIFTY,,2024-02-29,2024-02-29,22550.00,CE,NIFTY24FEB22550CE,247.45,279.75,219.70,235.35,236.90,277.05,22032.30,235.35,12950,500,171,195036112.50,111,F1,50,,,,,
2024-01-16,2024-01-16,FO,NSE,IDO,45547,,NIFTY,,2024-02-08,2024-02-08,22800.00,PE,NIFTY2420822800PE,0.00,0.00,0.00,1070.20,0.00,1070.20,22032.30,730.15,0,0,0,0.00,0,F1,50,,,,,
2024-01-16,2024-01-16,FO,NSE,IDO,38060,,NIFTY,,2024-02-01,2024-02-01,21900.00,CE,NIFTY2420121900CE,404.90,434.45,326.90,356.60,355.00,441.90,22032.30,356.60,40200,7900,641,713919407.50,332,F1,50,,,,,
2024-01-16,2024-01-16,FO,NSE,IDO,59316,,NIFTY,,2024-01-18,2024-01-18,21900.00,CE,NIFTY2411821900CE,266.00,266.00,137.15,172.00,164.75,257.85,22032.30,172.00,2077800,-170250,456225,503976064387.50,165048,F1,50,,,,,
2024-01-16,2024-01-16,FO,NSE,IDO,35055,,NIFTY,,2024-01-25,2024-01-25,21900.00,PE,NIFTY24JAN21900PE,120.00,156.75,101.20,125.90,126.00,109.80,22032.30,125.90,1276900,-97500,89652,98722277600.00,32904,F1,50,,,,,
2024-01-16,2024-01-16,FO,NSE,IDO,60316,,NIFTY,,2024-03-28,2024-03-28,14000.00,PE,NIFTY24MAR14000PE,3.65,4.00,3.60,3.65,3.65,3.60,22032.30,3.65,116350,0,18,12603372.50,9,F1,50,,,,,
2024-01-16,2024-01-16,FO,NSE,IDO,43383,,NIFTY,,2024-12-26,2024-12-26,14000.00,CE,NIFTY24DEC14000CE,0.00,0.00,0.00,8599.00,8599.00,8599.00,22032.30,8897.60,100,0,0,0.00,0,F1,50,,,,,
2024-01-16,2024-01-16,FO,NSE,IDO,42010,,NIFTY,,2024-01-25,2024-01-25,23450.00,CE,NIFTY24JAN23450CE,3.45,3.70,2.60,3.00,2.60,3.40,22032.30,3.00,63300,-4000,1506,1766030985.00,555,F1,50,,,,,
2024-01-16,2024-01-16,FO,NSE,IDO,42011,,NIFTY,,2024-01-25,2024-01-25,23450.00,PE,NIFTY24JAN23450PE,0.00,0.00,0.00,1431.35,1431.35,1431.35,22032.30,1378.80,0,0,0,0.00,0,F1,50,,,,,
2024-01-16,2024-01-16,FO,NSE,IDO,59435,,NIFTY,,2024-01-18,2024-01-18,23450.00,PE,NIFTY2411823450PE,1354.45,1354.45,1354.45,1354.45,1354.45,1383.10,22032.30,1409.05,150,50,1,1240222.50,1,F1,50,,,,,
2024-01-16,2024-01-16,FO,NSE,IDO,72918,,NIFTY,,2024-02-29,2024-02-29,22150.00,CE,NIFTY24FEB22150CE,447.00,471.00,385.75,410.75,412.40,479.25,22032.30,410.75,14400,2850,160,180761842.50,92,F1,50,,,,,
2024-01-16,2024-01-16,FO,NSE,IDO,37322,,NIFTY,,2024-01-25,2024-01-25,22150.00,CE,NIFTY24JAN22150CE,191.00,191.00,105.70,126.05,121.95,189.00,22032.30,126.05,272600,95550,27987,31200282127.50,11355,F1,50,,,,,
2024-01-16,2024-01-16,FO,NSE,IDO,38070,,NIFTY,,2024-02-01,2024-02-01,22150.00,CE,NIFTY2420122150CE,260.00,283.50,199.65,221.10,218.10,288.40,22032.30,221.10,22950,6100,604,676408482.50,420,F1,50,,,,,
2024-01-16,2024-01-16,FO,NSE,IDO,45496,,NIFTY,,2024-02-08,2024-02-08,22150.00,CE,NIFTY2420822150CE,312.00,341.00,260.40,283.35,280.75,343.30,22032.30,283.35,5350,1300,108,121257835.00,62,F1,50,,,,,
2024-01-16,2024-01-16,FO,NSE,IDO,72919,,NIFTY,,2024-02-29,2024-02-29,22150.00,PE,NIFTY24FEB22150PE,369.95,402.95,352.45,384.70,382.05,349.40,22032.30,384.70,14300,2650,146,164448410.00,50,F1,50,,,,,
2024-01-16,2024-01-16,FO,NSE,IDO,49055,,NIFTY,,2024-02-15,2024-02-15,22150.00,CE,NIFTY2421522150CE,369.40,381.10,316.90,324.35,316.90,242.85,22032.30,324.35,200,200,11,12368225.00,8,F1,50,,,,,
2024-01-16,2024-01-16,FO,NSE,IDO,67245,,NIFTY,,2024-03-28,2024-03-28,20350.00,PE,NIFTY24MAR20350PE,0.00,0.00,0.00,112.80,112.80,112.80,22032.30,20.20,3250,0,0,0.00,0,F1,50,,,,,
2024-01-16,2024-01-16,FO,NSE,IDO,72814,,NIFTY,,2024-02-29,2024-02-29,20350.00,PE,NIFTY24FEB20350PE,30.35,31.45,28.05,28.40,28.05,29.70,22032.30,28.40,6350,100,78,79479485.00,40,F1,50,,,,,
2024-01-16,2024-01-16,FO,NSE,IDO,39694,,NIFTY,,2024-02-15,2024-02-15,20450.00,CE,NIFTY2421520450CE,0.00,0.00,0.00,1373.50,0.00,1373.50,22032.30,1698.20,0,0,0,0.00,0,F1,50,,,,,
2024-01-16,2024-01-16,FO,NSE,IDO,71554,,NIFTY,,2027-06-24,2027-06-24,21000.00,PE,NIFTY27JUN21000PE,0.00,0.00,0.00,3501.35,0.00,3501.35,22032.30,223.30,0,0,0,0.00,0,F1,50,,,,,
2024-01-16,2024-01-16,FO,NSE,IDO,40265,,NIFTY,,2024-02-15,2024-02-15,21000.00,PE,NIFTY2421521000PE,56.00,60.20,52.45,55.25,55.80,55.60,22032.30,55.25,5250,3200,107,112643825.00,63,F1,50,,,,,
2024-01-16,2024-01-16,FO,NSE,IDO,58642,,NIFTY,,2026-12-31,2026-12-31,19000.00,CE,NIFTY26DEC19000CE,0.00,0.00,0.00,4999.00,4999.00,4999.00,22032.30,6550.40,200,0,0,0.00,0,F1,50,,,,,
2024-01-16,2024-01-16,FO,NSE,IDO,72669,,NIFTY,,2024-02-29,2024-02-29,19000.00,PE,NIFTY24FEB19000PE,9.95,10.90,8.30,8.60,8.55,10.40,22032.30,8.60,256200,-2850,1201,1141497587.50,519,F1,50,,,,,
2024-01-16,2024-01-16,FO,NSE,IDO,67772,,NIFTY,,2028-12-28,2028-12-28,19000.00,CE,NIFTY28DEC19000CE,0.00,0.00,0.00,8739.00,0.00,8739.00,22032.30,8502.55,0,0,0,0.00,0,F1,50,,,,,
2024-01-16,2024-01-16,FO,NSE,IDO,56462,,NIFTY,,2024-01-25,2024-01-25,19000.00,PE,NIFTY24JAN19000PE,3.25,3.25,2.35,2.55,2.55,3.50,22032.30,2.55,904950,-46300,4161,3953509232.50,1061,F1,50,,,,,
2024-01-16,2024-01-16,FO,NSE,IDO,39978,,NIFTY,,2024-12-26,2024-12-26,19000.00,PE,NIFTY24DEC19000PE,198.00,202.00,191.15,193.50,196.35,194.50,22032.30,193.50,429400,-700,158,151639682.50,142,F1,50,,,,,
2024-01-16,2024-01-16,FO,NSE,IDO,59409,,NIFTY,,2024-01-18,2024-01-18,22900.00,PE,NIFTY2411822900PE,908.20,908.20,866.85,897.45,897.45,785.65,22032.30,859.25,650,100,5,5945315.00,5,F1,50,,,,,
2024-01-16,2024-01-16,FO,NSE,IDO,38124,,NIFTY,,2024-02-01,2024-02-01,22900.00,PE,NIFTY2420122900PE,0.00,0.00,0.00,1503.05,0.00,1503.05,22032.30,821.15,0,0,0,0.00,0,F1,50,,,,,
2024-01-16,2024-01-16,FO,NSE,IDO,45557,,NIFTY,,2024-02-08,2024-02-08,22900.00,PE,NIFTY2420822900PE,0.00,0.00,0.00,1154.85,0.00,1154.85,22032.30,815.45,0,0,0,0.00,0,F1,50,,,,,
2024-01-16,2024-01-16,FO,NSE,IDO,72952,,NIFTY,,2024-02-29,2024-02-29,22900.00,CE,NIFTY24FEB22900CE,163.00,163.05,121.75,133.65,131.85,159.95,22032.30,133.65,119950,-12600,1672,1926425742.50,948,F1,50,,,,,
2024-01-16,2024-01-16,FO,NSE,IDO,50087,,NIFTY,,2024-02-15,2024-02-15,22900.00,CE,NIFTY2421522900CE,93.80,93.80,89.75,89.80,89.80,61.90,22032.30,89.80,250,200,5,5747647.50,3,F1,50,,,,,
2024-01-16,2024-01-16,FO,NSE,IDO,67588,,NIFTY,,2024-03-28,2024-03-28,22900.00,CE,NIFTY24MAR22900CE,300.40,301.60,274.35,274.55,274.40,310.50,22032.30,274.55,6350,100,32,37104915.00,18,F1,50,,,,,
2024-01-16,2024-01-16,FO,NSE,IDO,56361,,NIFTY,,2024-01-25,2024-01-25,17600.00,CE,NIFTY24JAN17600CE,0.00,0.00,0.00,4290.00,4290.00,4290.00,22032.30,4461.55,250,0,0,0.00,0,F1,50,,,,,
2024-01-16,2024-01-16,FO,NSE,IDO,38711,,NIFTY,,2024-02-15,2024-02-15,20150.00,PE,NIFTY2421520150PE,0.00,0.00,0.00,15.50,0.00,15.50,22032.30,0.75,0,0,0,0.00,0,F1,50,,,,,
2024-01-16,2024-01-16,FO,NSE,IDO,67236,,NIFTY,,2024-03-28,2024-03-28,20150.00,CE,NIFTY24MAR20150CE,0.00,0.00,0.00,2061.25,0.00,2061.25,22032.30,2161.50,0,0,0,0.00,0,F1,50,,,,,
2024-01-16,2024-01-16,FO,NSE,IDO,38175,,NIFTY,,2024-02-01,2024-02-01,23250.00,PE,NIFTY2420123250PE,0.00,0.00,0.00,1826.25,0.00,1826.25,22032.30,1154.00,0,0,0,0.00,0,F1,50,,,,,
2024-01-16,2024-01-16,FO,NSE,IDO,45082,,NIFTY,,2024-01-25,2024-01-25,22600.00,CE,NIFTY24JAN22600CE,39.00,39.00,19.05,22.65,21.00,39.25,22032.30,22.65,1041650,-8600,50838,57515748040.00,17310,F1,50,,,,,
2024-01-16,2024-01-16,FO,NSE,IDO,45083,,NIFTY,,2024-01-25,2024-01-25,22600.00,PE,NIFTY24JAN22600PE,551.95,650.00,500.25,592.25,592.05,503.70,22032.30,592.25,50500,-100,413,478394070.00,284,F1,50,,,,,
2024-01-16,2024-01-16,FO,NSE,IDO,45598,,NIFTY,,2024-02-08,2024-02-08,23250.00,CE,NIFTY2420823250CE,0.00,0.00,0.00,17.75,17.75,17.75,22032.30,15.35,1300,0,0,0.00,0,F1,50,,,,,
2024-01-16,2024-01-16,FO,NSE,IDO,40135,,NIFTY,,2024-02-08,2024-02-08,20150.00,CE,NIFTY2420820150CE,0.00,0.00,0.00,1664.55,0.00,1664.55,22032.30,1968.00,0,0,0,0.00,0,F1,50,,,,,
2024-01-16,2024-01-16,FO,NSE,IDO,67611,,NIFTY,,2024-03-28,2024-03-28,23250.00,PE,NIFTY24MAR23250PE,0.00,0.00,0.00,1340.20,1340.20,1340.20,22032.30,1070.55,100,0,0,0.00,0,F1,50,,,,,
2024-01-16,2024-01-16,FO,NSE,IDO,50076,,NIFTY,,2024-02-15,2024-02-15,22600.00,PE,NIFTY2421522600PE,0.00,0.00,0.00,914.95,0.00,914.95,22032.30,580.60,0,0,0,0.00,0,F1,50,,,,,
2024-01-16,2024-01-16,FO,NSE,IDO,38105,,NIFTY,,2024-02-01,2024-02-01,22600.00,CE,NIFTY2420122600CE,102.50,102.50,64.60,75.75,74.50,102.60,22032.30,75.75,64200,50,2692,3053178912.50,1096,F1,50,,,,,
2024-01-16,2024-01-16,FO,NSE,IDO,35764,,NIFTY,,2024-02-29,2024-02-29,23250.00,CE,NIFTY24FEB23250CE,80.30,87.20,65.70,71.40,69.20,84.70,22032.30,71.40,9300,300,90,104971965.00,76,F1,50,,,,,
2024-01-16,2024-01-16,FO,NSE,IDO,38108,,NIFTY,,2024-02-01,2024-02-01,22600.00,PE,NIFTY2420122600PE,0.00,0.00,0.00,1239.45,0.00,1239.45,22032.30,560.10,0,0,0,0.00,0,F1,50,,,,,
2024-01-16,2024-01-16,FO,NSE,IDO,56413,,NIFTY,,2024-01-25,2024-01-25,18350.00,CE,NIFTY24JAN18350CE,0.00,0.00,0.00,3575.00,3575.00,3575.00,22032.30,3712.80,100,0,0,0.00,0,F1,50,,,,,
2024-01-16,2024-01-16,FO,NSE,IDO,38186,,NIFTY,,2024-02-01,2024-02-01,23450.00,CE,NIFTY2420123450CE,11.30,11.55,9.40,10.70,10.70,11.05,22032.30,10.70,28150,-4700,525,615837745.00,225,F1,50,,,,,
2024-01-16,2024-01-16,FO,NSE,IDO,42061,,NIFTY,,2024-02-29,2024-02-29,23450.00,PE,NIFTY24FEB23450PE,0.00,0.00,0.00,2407.40,0.00,2407.40,22032.30,1273.10,0,0,0,0.00,0,F1,50,,,,,
2024-01-16,2024-01-16,FO,NSE,IDO,50204,,NIFTY,,2024-02-15,2024-02-15,23450.00,PE,NIFTY2421523450PE,0.00,0.00,0.00,1661.90,0.00,1661.90,22032.30,1305.30,0,0,0,0.00,0,F1,50,,,,,
2024-01-16,2024-01-16,FO,NSE,IDO,56397,,NIFTY,,2024-01-25,2024-01-25,18100.00,CE,NIFTY24JAN18100CE,0.00,0.00,0.00,3900.00,3900.00,3900.00,22032.30,3962.40,9750,0,0,0.00,0,F1,50,,,,,
2024-01-16,2024-01-16,FO,NSE,IDO,53910,,NIFTY,,2024-01-25,2024-01-25,22750.00,CE,NIFTY24JAN22750CE,21.00,21.00,10.00,12.50,10.25,20.30,22032.30,12.50,273150,3300,10766,12254031192.50,3909,F1,50,,,,,
2024-01-16,2024-01-16,FO,NSE,IDO,72935,,NIFTY,,2024-02-29,2024-02-29,22550.00,PE,NIFTY24FEB22550PE,576.05,638.95,548.95,599.70,608.75,545.05,22032.30,599.70,14100,-2950,131,151561167.50,63,F1,50,,,,,
2024-01-16,2024-01-16,FO,NSE,IDO,59405,,NIFTY,,2024-01-18,2024-01-18,22800.00,PE,NIFTY2411822800PE,748.50,831.05,685.00,775.55,775.75,688.50,22032.30,775.55,1300,-50,92,108439820.00,49,F1,50,,,,,
2024-01-16,2024-01-16,FO,NSE,IDO,59235,,NIFTY,,2024-01-18,2024-01-18,20800.00,CE,NIFTY2411820800CE,1248.70,1263.00,1200.00,1212.95,1212.95,1299.40,22032.30,1212.95,13650,-9600,239,263203997.50,49,F1,50,,,,,
2024-01-16,2024-01-16,FO,NSE,IDO,50094,,NIFTY,,2024-02-15,2024-02-15,23050.00,PE,NIFTY2421523050PE,0.00,0.00,0.00,1294.40,0.00,1294.40,22032.30,940.65,0,0,0,0.00,0,F1,50,,,,,
2024-01-16,2024-01-16,FO,NSE,IDO,67592,,NIFTY,,2024-03-28,2024-03-28,23050.00,CE,NIFTY24MAR23050CE,252.30,252.30,235.80,249.00,249.00,261.50,22032.30,208.50,1400,-200,9,10484410.00,7,F1,50,,,,,
2024-01-16,2024-01-16,FO,NSE,IDO,42610,,NIFTY,,2024-01-25,2024-01-25,23050.00,PE,NIFTY24JAN23050PE,0.00,0.00,0.00,1308.25,1308.25,1308.25,22032.30,981.10,200,0,0,0.00,0,F1,50,,,,,
2024-01-16,2024-01-16,FO,NSE,IDO,56499,,NIFTY,,2024-01-25,2024-01-25,19450.00,PE,NIFTY24JAN19450PE,3.05,3.20,2.65,2.75,2.65,3.05,22032.30,2.75,10950,300,76,73921702.50,32,F1,50,,,,,
2024-01-16,2024-01-16,FO,NSE,IDO,45088,,NIFTY,,2024-01-25,2024-01-25,22700.00,CE,NIFTY24JAN22700CE,26.00,28.00,12.65,15.15,14.20,25.65,22032.30,15.15,1055500,202300,50372,57216622100.00,18287,F1,50,,,,,
2024-01-16,2024-01-16,FO,NSE,IDO,59400,,NIFTY,,2024-01-18,2024-01-18,22700.00,CE,NIFTY2411822700CE,2.50,2.85,1.45,1.65,1.55,2.55,22032.30,1.65,5307500,1577950,787781,894208204962.50,161284,F1,50,,,,,
2024-01-16,2024-01-16,FO,NSE,IDO,37905,,NIFTY,,2024-02-01,2024-02-01,20500.00,PE,NIFTY2420120500PE,13.90,14.20,11.35,12.20,11.95,13.95,22032.30,12.20,59350,-8200,975,1000001802.50,480,F1,50,,,,,
2024-01-16,2024-01-16,FO,NSE,IDO,39696,,NIFTY,,2024-02-15,2024-02-15,20500.00,CE,NIFTY2421520500CE,0.00,0.00,0.00,1328.10,0.00,1328.10,22032.30,1649.15,0,0,0,0.00,0,F1,50,,,,,
2024-01-16,2024-01-16,FO,NSE,IDO,37902,,NIFTY,,2024-02-01,2024-02-01,20500.00,CE,NIFTY2420120500CE,0.00,0.00,0.00,1033.95,0.00,1033.95,22032.30,1593.10,0,0,0,0.00,0,F1,50,,,,,
2024-01-16,2024-01-16,FO,NSE,IDO,67287,,NIFTY,,2024-03-28,2024-03-28,21450.00,CE,NIFTY24MAR21450CE,1100.00,1175.60,1100.00,1175.60,1175.60,953.00,22032.30,1021.90,350,100,2,2258780.00,2,F1,50,,,,,
2024-01-16,2024-01-16,FO,NSE,IDO,59272,,NIFTY,,2024-01-18,2024-01-18,21450.00,PE,NIFTY2411821450PE,10.00,11.05,5.35,5.75,5.85,9.75,22032.30,5.75,1452850,-158700,293318,314690078945.00,69771,F1,50,,,,,
2024-01-16,2024-01-16,FO,NSE,IDO,41047,,NIFTY,,2024-01-18,2024-01-18,20500.00,CE,NIFTY2411820500CE,1595.00,1605.25,1492.80,1532.30,1528.40,1626.55,22032.30,1532.30,46700,-11700,332,366026532.50,65,F1,50,,,,,
2024-01-16,2024-01-16,FO,NSE,IDO,50054,,NIFTY,,2024-02-15,2024-02-15,22200.00,PE,NIFTY2421522200PE,381.80,403.65,350.65,389.50,380.00,345.40,22032.30,389.50,1950,-100,84,94866662.50,24,F1,50,,,,,
2024-01-16,2024-01-16,FO,NSE,IDO,39218,,NIFTY,,2024-01-18,2024-01-18,19950.00,CE,NIFTY2411819950CE,0.00,0.00,0.00,1724.00,1724.00,1724.00,22032.30,2089.70,1450,0,0,0.00,0,F1,50,,,,,
2024-01-16,2024-01-16,FO,NSE,IDO,72788,,NIFTY,,2024-02-29,2024-02-29,19950.00,PE,NIFTY24FEB19950PE,17.35,17.90,16.25,17.65,17.50,17.35,22032.30,17.65,6450,0,5,4991840.00,5,F1,50,,,,,
2024-01-16,2024-01-16,FO,NSE,IDO,38698,,NIFTY,,2024-02-15,2024-02-15,19950.00,PE,NIFTY2421519950PE,0.00,0.00,0.00,8.80,0.00,8.80,22032.30,0.30,0,0,0,0.00,0,F1,50,,,,,
2024-01-16,2024-01-16,FO,NSE,IDO,39517,,NIFTY,,2024-02-08,2024-02-08,19950.00,CE,NIFTY2420819950CE,0.00,0.00,0.00,1856.40,0.00,1856.40,22032.30,2167.05,0,0,0,0.00,0,F1,50,,,,,
2024-01-16,2024-01-16,FO,NSE,IDO,45578,,NIFTY,,2024-02-15,2024-02-15,21850.00,PE,NIFTY2421521850PE,0.00,0.00,0.00,415.70,0.00,415.70,22032.30,177.20,0,0,0,0.00,0,F1,50,,,,,
2024-01-16,2024-01-16,FO,NSE,IDO,44804,,NIFTY,,2024-02-08,2024-02-08,21850.00,CE,NIFTY2420821850CE,436.25,436.25,436.25,436.25,436.25,530.50,22032.30,436.25,1750,-50,1,1114312.50,1,F1,50,,,,,
2024-01-16,2024-01-16,FO,NSE,IDO,60330,,NIFTY,,2024-03-28,2024-03-28,21000.00,PE,NIFTY24MAR21000PE,144.95,154.25,140.30,146.45,146.00,143.15,22032.30,146.45,1922650,42100,5918,6256830055.00,2706,F1,50,,,,,
2024-01-16,2024-01-16,FO,NSE,IDO,58646,,NIFTY,,2026-12-31,2026-12-31,21000.00,CE,NIFTY26DEC21000CE,0.00,0.00,0.00,3356.25,0.00,3356.25,22032.30,5071.45,0,0,0,0.00,0,F1,50,,,,,
2024-01-16,2024-01-16,FO,NSE,IDO,59250,,NIFTY,,2024-01-18,2024-01-18,21000.00,PE,NIFTY2411821000PE,2.85,4.10,2.10,2.40,2.45,4.10,22032.30,2.40,6178650,-640800,516422,542324057567.50,90296,F1,50,,,,,
2024-01-16,2024-01-16,FO,NSE,IDO,51444,,NIFTY,,2024-06-27,2024-06-27,21000.00,CE,NIFTY24JUN21000CE,2050.00,2050.00,1919.00,1974.85,1970.80,2047.90,22032.30,1974.85,347050,-850,398,457480445.00,341,F1,50,,,,,
2024-01-16,2024-01-16,FO,NSE,IDO,58647,,NIFTY,,2026-12-31,2026-12-31,21000.00,PE,NIFTY26DEC21000PE,330.75,650.05,330.75,649.00,649.00,330.65,22032.30,237.25,850,350,7,7526782.50,5,F1,50,,,,,
2024-01-16,2024-01-16,FO,NSE,IDO,51445,,NIFTY,,2024-06-27,2024-06-27,21000.00,PE,NIFTY24JUN21000PE,420.95,434.80,408.00,421.10,420.00,415.00,22032.30,421.10,817950,50500,2087,2234979640.00,1438,F1,50,,,,,
2024-01-16,2024-01-16,FO,NSE,IDO,56364,,NIFTY,,2024-01-25,2024-01-25,17650.00,PE,NIFTY24JAN17650PE,3.05,3.05,0.85,1.55,1.55,3.05,22032.30,0.05,650,-150,30,26477135.00,6,F1,50,,,,,
2024-01-16,2024-01-16,FO,NSE,IDO,56574,,NIFTY,,2024-01-25,2024-01-25,21150.00,CE,NIFTY24JAN21150CE,949.95,987.25,932.50,987.25,987.25,999.40,22032.30,919.35,42550,-350,35,38696995.00,28,F1,50,,,,,
2024-01-16,2024-01-16,FO,NSE,IDO,67275,,NIFTY,,2024-03-28,2024-03-28,21150.00,CE,NIFTY24MAR21150CE,0.00,0.00,0.00,1256.75,0.00,1256.75,22032.30,1258.70,0,0,0,0.00,0,F1,50,,,,,
2024-01-16,2024-01-16,FO,NSE,IDO,67238,,NIFTY,,2024-03-28,2024-03-28,20200.00,CE,NIFTY24MAR20200CE,0.00,0.00,0.00,2017.40,0.00,2017.40,22032.30,2113.80,0,0,0,0.00,0,F1,50,,,,,
2024-01-16,2024-01-16,FO,NSE,IDO,56534,,NIFTY,,2024-01-25,2024-01-25,20200.00,CE,NIFTY24JAN20200CE,1879.00,1929.80,1818.90,1821.20,1823.45,1910.85,22032.30,1821.20,66150,-750,53,58452347.50,23,F1,50,,,,,
2024-01-16,2024-01-16,FO,NSE,IDO,67239,,NIFTY,,2024-03-28,2024-03-28,20200.00,PE,NIFTY24MAR20200PE,59.25,61.15,57.00,58.05,57.60,58.95,22032.30,58.05,73250,11000,960,972436265.00,366,F1,50,,,,,
2024-01-16,2024-01-16,FO,NSE,IDO,56535,,NIFTY,,2024-01-25,2024-01-25,20200.00,PE,NIFTY24JAN20200PE,6.20,6.20,4.30,4.60,4.30,5.80,22032.30,4.60,457100,-6100,6350,6415115515.00,1891,F1,50,,,,,
2024-01-16,2024-01-16,FO,NSE,IDO,72802,,NIFTY,,2024-02-29,2024-02-29,20200.00,PE,NIFTY24FEB20200PE,23.40,24.75,21.85,22.50,22.05,23.65,22032.30,22.50,304800,-1850,953,963631340.00,507,F1,50,,,,,
2024-01-16,2024-01-16,FO,NSE,IDO,72902,,NIFTY,,2024-02-29,2024-02-29,21750.00,CE,NIFTY24FEB21750CE,708.80,729.00,638.00,654.95,654.95,729.30,22032.30,642.00,17950,-300,27,30293235.00,25,F1,50,,,,,
2024-01-16,2024-01-16,FO,NSE,IDO,67603,,NIFTY,,2024-03-28,2024-03-28,23150.00,PE,NIFTY24MAR23150PE,0.00,0.00,0.00,1152.45,1152.45,1152.45,22032.30,994.70,50,0,0,0.00,0,F1,50,,,,,
2024-01-16,2024-01-16,FO,NSE,IDO,45582,,NIFTY,,2024-02-08,2024-02-08,23150.00,PE,NIFTY2420823150PE,0.00,0.00,0.00,1375.15,0.00,1375.15,22032.30,1040.70,0,0,0,0.00,0,F1,50,,,,,
2024-01-16,2024-01-16,FO,NSE,IDO,67635,,NIFTY,,2024-03-28,2024-03-28,23500.00,PE,NIFTY24MAR23500PE,1200.00,1326.70,1200.00,1290.00,1290.00,1200.00,22032.30,1290.00,550,400,15,18567982.50,15,F1,50,,,,,
2024-01-16,2024-01-16,FO,NSE,IDO,38191,,NIFTY,,2024-02-01,2024-02-01,23500.00,CE,NIFTY2420123500CE,10.00,10.30,8.15,9.60,9.05,9.75,22032.30,9.60,33000,4900,2086,2452027830.00,539,F1,50,,,,,
2024-01-16,2024-01-16,FO,NSE,IDO,44861,,NIFTY,,2024-01-18,2024-01-18,20600.00,CE,NIFTY2411820600CE,1482.00,1490.00,1381.00,1425.00,1425.00,1517.25,22032.30,1439.90,10250,-350,11,12115200.00,6,F1,50,,,,,
2024-01-16,2024-01-16,FO,NSE,IDO,56448,,NIFTY,,2024-01-25,2024-01-25,18850.00,CE,NIFTY24JAN18850CE,0.00,0.00,0.00,3050.00,3050.00,3050.00,22032.30,3213.65,200,0,0,0.00,0,F1,50,,,,,
2024-01-16,2024-01-16,FO,NSE,IDO,45859,,NIFTY,,2024-12-26,2024-12-26,17000.00,PE,NIFTY24DEC17000PE,73.65,77.50,70.05,70.85,71.65,77.00,22032.30,70.85,70950,-1450,39,33293572.50,14,F1,50,,,,,
2024-01-16,2024-01-16,FO,NSE,IDO,53602,,NIFTY,,2027-12-30,2027-12-30,17000.00,PE,NIFTY27DEC17000PE,0.00,0.00,0.00,514.00,514.00,514.00,22032.30,21.70,14250,0,0,0.00,0,F1,50,,,,,
2024-01-16,2024-01-16,FO,NSE,IDO,67769,,NIFTY,,2028-12-28,2028-12-28,17000.00,PE,NIFTY28DEC17000PE,0.00,0.00,0.00,66.15,0.00,66.15,22032.30,22.35,0,0,0,0.00,0,F1,50,,,,,
2024-01-16,2024-01-16,FO,NSE,IDO,58639,,NIFTY,,2026-12-31,2026-12-31,17000.00,PE,NIFTY26DEC17000PE,0.00,0.00,0.00,177.55,177.55,177.55,22032.30,18.45,2700,0,0,0.00,0,F1,50,,,,,
2024-01-16,2024-01-16,FO,NSE,IDO,53599,,NIFTY,,2027-12-30,2027-12-30,17000.00,CE,NIFTY27DEC17000CE,0.00,0.00,0.00,6805.50,0.00,6805.50,22032.30,9038.10,0,0,0,0.00,0,F1,50,,,,,
2024-01-16,2024-01-16,FO,NSE,IDO,45866,,NIFTY,,2025-06-26,2025-06-26,17000.00,PE,NIFTY25JUN17000PE,0.00,0.00,0.00,3497.35,0.00,3497.35,22032.30,6.60,0,0,0,0.00,0,F1,50,,,,,
2024-01-16,2024-01-16,FO,NSE,IDO,59275,,NIFTY,,2024-01-18,2024-01-18,21500.00,PE,NIFTY2411821500PE,11.40,13.30,6.10,6.85,6.55,11.40,22032.30,6.85,6514850,628850,697703,750332526665.00,139942,F1,50,,,,,
2024-01-16,2024-01-16,FO,NSE,IDO,59274,,NIFTY,,2024-01-18,2024-01-18,21500.00,CE,NIFTY2411821500CE,630.00,633.00,476.75,537.10,531.40,626.35,22032.30,537.10,329400,-81050,12313,13568935115.00,4070,F1,50,,,,,
2024-01-16,2024-01-16,FO,NSE,IDO,50287,,NIFTY,,2024-02-15,2024-02-15,23750.00,CE,NIFTY2421523750CE,0.00,0.00,0.00,11.35,0.00,11.35,22032.30,6.95,0,0,0,0.00,0,F1,50,,,,,
2024-01-16,2024-01-16,FO,NSE,IDO,38224,,NIFTY,,2024-02-01,2024-02-01,23750.00,CE,NIFTY2420123750CE,7.10,8.20,6.20,6.20,6.20,8.65,22032.30,0.40,2700,2700,75,89088380.00,24,F1,50,,,,,
2024-01-16,2024-01-16,FO,NSE,IDO,39948,,NIFTY,,2024-02-08,2024-02-08,20000.00,PE,NIFTY2420820000PE,0.00,0.00,0.00,11.15,11.15,11.15,22032.30,0.10,2700,0,0,0.00,0,F1,50,,,,,
2024-01-16,2024-01-16,FO,NSE,IDO,67775,,NIFTY,,2028-12-28,2028-12-28,20000.00,PE,NIFTY28DEC20000PE,0.00,0.00,0.00,229.10,0.00,229.10,22032.30,114.25,0,0,0,0.00,0,F1,50,,,,,
2024-01-16,2024-01-16,FO,NSE,IDO,42760,,NIFTY,,2024-02-08,2024-02-08,21300.00,PE,NIFTY2420821300PE,70.80,84.00,68.10,72.25,75.05,70.40,22032.30,72.25,5600,-200,68,72668477.50,29,F1,50,,,,,
2024-01-16,2024-01-16,FO,NSE,IDO,42759,,NIFTY,,2024-02-08,2024-02-08,21300.00,CE,NIFTY2420821300CE,0.00,0.00,0.00,510.00,510.00,510.00,22032.30,856.65,50,0,0,0.00,0,F1,50,,,,,
2024-01-16,2024-01-16,FO,NSE,IDO,56584,,NIFTY,,2024-01-25,2024-01-25,21300.00,PE,NIFTY24JAN21300PE,23.10,31.55,22.00,23.15,22.80,27.25,22032.30,23.15,1762300,34250,34367,36644700672.50,13258,F1,50,,,,,
2024-01-16,2024-01-16,FO,NSE,IDO,37829,,NIFTY,,2024-02-01,2024-02-01,19750.00,PE,NIFTY2420119750PE,0.00,0.00,0.00,22.55,0.00,22.55,22032.30,0.05,0,0,0,0.00,0,F1,50,,,,,
2024-01-16,2024-01-16,FO,NSE,IDO,72606,,NIFTY,,2024-02-29,2024-02-29,18650.00,CE,NIFTY24FEB18650CE,0.00,0.00,0.00,1883.15,0.00,1883.15,22032.30,3533.45,0,0,0,0.00,0,F1,50,,,,,
2024-01-16,2024-01-16,FO,NSE,IDO,56424,,NIFTY,,2024-01-25,2024-01-25,18500.00,PE,NIFTY24JAN18500PE,2.55,2.55,1.80,2.00,1.90,2.50,22032.30,2.00,209550,-1550,230,212775130.00,126,F1,50,,,,,
2024-01-16,2024-01-16,FO,NSE,IDO,56423,,NIFTY,,2024-01-25,2024-01-25,18500.00,CE,NIFTY24JAN18500CE,3581.00,3625.95,3476.45,3514.00,3514.00,3620.00,22032.30,3514.00,185750,-2000,46,50737155.00,41,F1,50,,,,,
2024-01-16,2024-01-16,FO,NSE,IDO,37810,,NIFTY,,2026-12-31,2026-12-31,23000.00,PE,NIFTY26DEC23000PE,782.60,1158.95,782.60,1158.95,1158.95,1151.00,22032.30,561.30,5800,100,8,9627822.50,6,F1,50,,,,,
2024-01-16,2024-01-16,FO,NSE,IDO,59440,,NIFTY,,2024-01-18,2024-01-18,23550.00,CE,NIFTY2411823550CE,0.65,0.95,0.60,0.75,0.70,0.65,22032.30,0.75,341950,323300,20774,24462164500.00,4587,F1,50,,,,,
2024-01-16,2024-01-16,FO,NSE,IDO,38128,,NIFTY,,2024-02-01,2024-02-01,23000.00,PE,NIFTY2420123000PE,888.95,1004.95,855.00,928.05,928.05,856.35,22032.30,914.15,1300,700,36,43022385.00,20,F1,50,,,,,
2024-01-16,2024-01-16,FO,NSE,IDO,67780,,NIFTY,,2028-12-28,2028-12-28,23000.00,CE,NIFTY28DEC23000CE,0.00,0.00,0.00,6377.60,0.00,6377.60,22032.30,5940.20,0,0,0,0.00,0,F1,50,,,,,
2024-01-16,2024-01-16,FO,NSE,IDO,50092,,NIFTY,,2024-02-15,2024-02-15,23000.00,PE,NIFTY2421523000PE,910.00,910.00,910.00,910.00,910.00,900.00,22032.30,897.45,100,0,2,2391000.00,1,F1,50,,,,,
2024-01-16,2024-01-16,FO,NSE,IDO,53619,,NIFTY,,2027-12-30,2027-12-30,23000.00,PE,NIFTY27DEC23000PE,0.00,0.00,0.00,2201.30,0.00,2201.30,22032.30,457.10,0,0,0,0.00,0,F1,50,,,,,
2024-01-16,2024-01-16,FO,NSE,IDO,67637,,NIFTY,,2024-03-28,2024-03-28,23550.00,PE,NIFTY24MAR23550PE,0.00,0.00,0.00,1542.30,0.00,1542.30,22032.30,1311.40,0,0,0,0.00,0,F1,50,,,,,
2024-01-16,2024-01-16,FO,NSE,IDO,37749,,NIFTY,,2025-06-26,2025-06-26,23000.00,CE,NIFTY25JUN23000CE,0.00,0.00,0.00,2003.65,0.00,2003.65,22032.30,1922.00,0,0,0,0.00,0,F1,50,,,,,
2024-01-16,2024-01-16,FO,NSE,IDO,72956,,NIFTY,,2024-02-29,2024-02-29,23000.00,CE,NIFTY24FEB23000CE,142.00,142.00,104.15,114.60,112.95,138.35,22032.30,114.60,1503650,283200,27047,31273057522.50,9528,F1,50,,,,,
2024-01-16,2024-01-16,FO,NSE,IDO,50269,,NIFTY,,2024-02-15,2024-02-15,23550.00,CE,NIFTY2421523550CE,0.00,0.00,0.00,18.10,0.00,18.10,22032.30,12.95,0,0,0,0.00,0,F1,50,,,,,
2024-01-16,2024-01-16,FO,NSE,IDO,37724,,NIFTY,,2024-12-26,2024-12-26,23000.00,CE,NIFTY24DEC23000CE,1398.95,1403.75,1331.40,1344.15,1349.00,1403.75,22032.30,1344.15,162950,700,148,180337222.50,127,F1,50,,,,,
2024-01-16,2024-01-16,FO,NSE,IDO,44232,,NIFTY,,2024-02-08,2024-02-08,21650.00,PE,NIFTY2420821650PE,141.05,158.00,138.00,158.00,158.00,131.25,22032.30,93.55,1200,-50,6,6537857.50,4,F1,50,,,,,
2024-01-16,2024-01-16,FO,NSE,IDO,72954,,NIFTY,,2024-02-29,2024-02-29,22950.00,CE,NIFTY24FEB22950CE,139.00,150.00,112.90,122.00,123.05,146.15,22032.30,122.00,26500,250,196,226238272.50,110,F1,50,,,,,
2024-01-16,2024-01-16,FO,NSE,IDO,56602,,NIFTY,,2024-01-25,2024-01-25,21650.00,PE,NIFTY24JAN21650PE,62.65,78.60,51.80,60.55,57.00,58.70,22032.30,60.55,328350,13500,16027,17398866475.00,7505,F1,50,,,,,
2024-01-16,2024-01-16,FO,NSE,IDO,72899,,NIFTY,,2024-02-29,2024-02-29,21650.00,PE,NIFTY24FEB21650PE,192.95,215.00,183.00,196.10,195.45,183.35,22032.30,196.10,19250,-3000,249,271966355.00,146,F1,50,,,,,
2024-01-16,2024-01-16,FO,NSE,IDO,42605,,NIFTY,,2024-01-25,2024-01-25,22950.00,CE,NIFTY24JAN22950CE,10.50,10.50,6.20,6.70,6.20,9.55,22032.30,6.70,185500,27800,7363,8451897962.50,3364,F1,50,,,,,
2024-01-16,2024-01-16,FO,NSE,IDO,71561,,NIFTY,,2027-06-24,2027-06-24,24000.00,PE,NIFTY27JUN24000PE,0.00,0.00,0.00,5056.20,0.00,5056.20,22032.30,718.95,0,0,0,0.00,0,F1,50,,,,,
2024-01-16,2024-01-16,FO,NSE,IDO,58619,,NIFTY,,2025-06-26,2025-06-26,22000.00,PE,NIFTY25JUN22000PE,0.00,0.00,0.00,3957.40,0.00,3957.40,22032.30,457.00,0,0,0,0.00,0,F1,50,,,,,
2024-01-16,2024-01-16,FO,NSE,IDO,58622,,NIFTY,,2025-12-24,2025-12-24,22000.00,CE,NIFTY25DEC22000CE,2900.00,2900.00,2890.00,2895.00,2890.00,2830.00,22032.30,2895.00,600,100,2,2489500.00,2,F1,50,,,,,
2024-01-16,2024-01-16,FO,NSE,IDO,67782,,NIFTY,,2028-12-28,2028-12-28,24000.00,CE,NIFTY28DEC24000CE,0.00,0.00,0.00,5850.30,0.00,5850.30,22032.30,5364.30,0,0,0,0.00,0,F1,50,,,,,
2024-01-16,2024-01-16,FO,NSE,IDO,59265,,NIFTY,,2024-01-18,2024-01-18,21350.00,CE,NIFTY2411821350CE,734.45,762.00,654.50,680.70,679.95,775.75,22032.30,680.70,23450,-1550,80,88250437.50,44,F1,50,,,,,
2024-01-16,2024-01-16,FO,NSE,IDO,56585,,NIFTY,,2024-01-25,2024-01-25,21350.00,CE,NIFTY24JAN21350CE,771.90,807.00,684.00,702.95,699.90,816.35,22032.30,702.95,38350,-100,259,286434012.50,107,F1,50,,,,,
2024-01-16,2024-01-16,FO,NSE,IDO,56586,,NIFTY,,2024-01-25,2024-01-25,21350.00,PE,NIFTY24JAN21350PE,32.10,35.10,24.55,25.65,25.30,30.10,22032.30,25.65,218000,66650,10831,11577520907.50,5447,F1,50,,,,,
2024-01-16,2024-01-16,FO,NSE,IDO,41741,,NIFTY,,2024-02-15,2024-02-15,21350.00,PE,NIFTY2421521350PE,0.00,0.00,0.00,202.90,0.00,202.90,22032.30,56.25,0,0,0,0.00,0,F1,50,,,,,
2024-01-16,2024-01-16,FO,NSE,IDO,67284,,NIFTY,,2024-03-28,2024-03-28,21350.00,PE,NIFTY24MAR21350PE,204.35,207.60,202.10,203.55,203.55,202.50,22032.30,133.75,750,0,13,14010927.50,13,F1,50,,,,,
2024-01-16,2024-01-16,FO,NSE,IDO,59266,,NIFTY,,2024-01-18,2024-01-18,21350.00,PE,NIFTY2411821350PE,6.05,8.25,4.05,4.40,4.15,7.55,22032.30,4.40,1701250,266700,194637,207831496882.50,49523,F1,50,,,,,
2024-01-16,2024-01-16,FO,NSE,IDO,40087,,NIFTY,,2024-12-26,2024-12-26,15000.00,PE,NIFTY24DEC15000PE,0.00,0.00,0.00,12.70,12.70,12.70,22032.30,0.05,28300,0,0,0.00,0,F1,50,,,,,
2024-01-16,2024-01-16,FO,NSE,IDO,42761,,NIFTY,,2024-02-08,2024-02-08,21350.00,CE,NIFTY2420821350CE,0.00,0.00,0.00,658.90,0.00,658.90,22032.30,812.70,0,0,0,0.00,0,F1,50,,,,,
2024-01-16,2024-01-16,FO,NSE,IDO,41740,,NIFTY,,2024-02-15,2024-02-15,21350.00,CE,NIFTY2421521350CE,0.00,0.00,0.00,649.05,0.00,649.05,22032.30,856.70,0,0,0,0.00,0,F1,50,,,,,
2024-01-16,2024-01-16,FO,NSE,IDO,42779,,NIFTY,,2024-02-08,2024-02-08,21350.00,PE,NIFTY2420821350PE,0.00,0.00,0.00,201.55,0.00,201.55,22032.30,39.75,0,0,0,0.00,0,F1,50,,,,,
2024-01-16,2024-01-16,FO,NSE,IDO,60317,,NIFTY,,2024-03-28,2024-03-28,15000.00,CE,NIFTY24MAR15000CE,0.00,0.00,0.00,7200.00,7200.00,7200.00,22032.30,7230.70,25500,0,0,0.00,0,F1,50,,,,,
2024-01-16,2024-01-16,FO,NSE,IDO,37925,,NIFTY,,2024-02-01,2024-02-01,20650.00,PE,NIFTY2420120650PE,16.05,17.75,14.60,14.60,14.60,16.50,22032.30,0.65,4400,-150,29,29965537.50,18,F1,50,,,,,
2024-01-16,2024-01-16,FO,NSE,IDO,37924,,NIFTY,,2024-02-01,2024-02-01,20650.00,CE,NIFTY2420120650CE,0.00,0.00,0.00,917.25,0.00,917.25,22032.30,1444.00,0,0,0,0.00,0,F1,50,,,,,
2024-01-16,2024-01-16,FO,NSE,IDO,67253,,NIFTY,,2024-03-28,2024-03-28,20550.00,CE,NIFTY24MAR20550CE,0.00,0.00,0.00,1444.55,1444.55,1444.55,22032.30,1785.30,50,0,0,0.00,0,F1,50,,,,,
2024-01-16,2024-01-16,FO,NSE,IDO,39707,,NIFTY,,2024-02-15,2024-02-15,20550.00,CE,NIFTY2421520550CE,0.00,0.00,0.00,1283.15,0.00,1283.15,22032.30,1600.15,0,0,0,0.00,0,F1,50,,,,,
2024-01-16,2024-01-16,FO,NSE,IDO,41053,,NIFTY,,2024-01-18,2024-01-18,20550.00,CE,NIFTY2411820550CE,0.00,0.00,0.00,1119.35,1119.35,1119.35,22032.30,1489.90,4750,0,0,0.00,0,F1,50,,,,,
2024-01-16,2024-01-16,FO,NSE,IDO,37915,,NIFTY,,2024-02-01,2024-02-01,20550.00,PE,NIFTY2420120550PE,4.20,15.10,4.20,12.90,12.90,17.55,22032.30,0.35,2150,-2700,78,80195290.00,24,F1,50,,,,,
2024-01-16,2024-01-16,FO,NSE,IDO,37912,,NIFTY,,2024-02-01,2024-02-01,20550.00,CE,NIFTY2420120550CE,0.00,0.00,0.00,994.35,0.00,994.35,22032.30,1543.35,0,0,0,0.00,0,F1,50,,,,,
2024-01-16,2024-01-16,FO,NSE,IDO,72827,,NIFTY,,2024-02-29,2024-02-29,20550.00,PE,NIFTY24FEB20550PE,40.30,42.90,38.40,39.00,39.60,39.25,22032.30,39.00,12950,1100,191,196636242.50,124,F1,50,,,,,
2024-01-16,2024-01-16,FO,NSE,IDO,56418,,NIFTY,,2024-01-25,2024-01-25,18400.00,PE,NIFTY24JAN18400PE,3.25,3.25,1.80,1.80,1.80,2.60,22032.30,1.80,48400,550,124,114094235.00,41,F1,50,,,,,
2024-01-16,2024-01-16,FO,NSE,IDO,41056,,NIFTY,,2024-01-18,2024-01-18,20550.00,PE,NIFTY2411820550PE,3.05,3.30,1.50,1.75,1.75,3.00,22032.30,1.75,309600,28600,22431,23050409542.50,5272,F1,50,,,,,
2024-01-16,2024-01-16,FO,NSE,IDO,56591,,NIFTY,,2024-01-25,2024-01-25,21500.00,CE,NIFTY24JAN21500CE,625.05,668.10,515.00,562.15,559.20,676.55,22032.30,562.15,1324300,-24500,13193,14573255362.50,6551,F1,50,,,,,
2024-01-16,2024-01-16,FO,NSE,IDO,60328,,NIFTY,,2024-03-28,2024-03-28,20000.00,PE,NIFTY24MAR20000PE,56.05,57.45,52.00,54.80,54.05,55.65,22032.30,54.80,2002000,-3300,3959,3969828525.00,2431,F1,50,,,,,
2024-01-16,2024-01-16,FO,NSE,IDO,72662,,NIFTY,,2024-02-29,2024-02-29,18900.00,CE,NIFTY24FEB18900CE,0.00,0.00,0.00,1667.90,0.00,1667.90,22032.30,3285.50,0,0,0,0.00,0,F1,50,,,,,
2024-01-16,2024-01-16,FO,NSE,IDO,58623,,NIFTY,,2025-12-24,2025-12-24,22000.00,PE,NIFTY25DEC22000PE,613.20,959.95,613.20,910.00,910.00,621.15,22032.30,435.35,2250,50,9,10300325.00,8,F1,50,,,,,
2024-01-16,2024-01-16,FO,NSE,IDO,38065,,NIFTY,,2024-02-01,2024-02-01,22000.00,PE,NIFTY2420122000PE,194.05,251.50,186.00,221.10,219.60,193.10,22032.30,221.10,229350,44650,9566,10624411995.00,4913,F1,50,,,,,
2024-01-16,2024-01-16,FO,NSE,IDO,71301,,NIFTY,,2024-06-27,2024-06-27,24000.00,PE,NIFTY24JUN24000PE,1650.25,2264.60,1649.00,1732.70,1755.75,1643.45,22032.30,1732.70,21700,5300,184,236514030.00,170,F1,50,,,,,
2024-01-16,2024-01-16,FO,NSE,IDO,71354,,NIFTY,,2024-12-26,2024-12-26,24000.00,CE,NIFTY24DEC24000CE,875.00,905.00,850.00,862.10,860.00,894.25,22032.30,862.10,144500,1000,183,227626347.50,142,F1,50,,,,,
2024-01-16,2024-01-16,FO,NSE,IDO,71560,,NIFTY,,2027-06-24,2027-06-24,24000.00,CE,NIFTY27JUN24000CE,0.00,0.00,0.00,2299.55,0.00,2299.55,22032.30,3722.25,0,0,0,0.00,0,F1,50,,,,,
2024-01-16,2024-01-16,FO,NSE,IDO,58614,,NIFTY,,2024-12-26,2024-12-26,22000.00,CE,NIFTY24DEC22000CE,1959.50,2010.00,1899.95,1932.75,1935.00,2009.50,22032.30,1932.75,147700,1250,179,214471370.00,126,F1,50,,,,,
2024-01-16,2024-01-16,FO,NSE,IDO,59371,,NIFTY,,2024-01-18,2024-01-18,22000.00,CE,NIFTY2411822000CE,189.80,189.80,81.25,105.95,101.00,182.25,22032.30,105.95,5624250,2043850,2839784,3141231975557.50,1117959,F1,50,,,,,
2024-01-16,2024-01-16,FO,NSE,IDO,59372,,NIFTY,,2024-01-18,2024-01-18,22000.00,PE,NIFTY2411822000PE,65.00,119.20,54.05,76.60,75.10,68.45,22032.30,76.60,7321800,-471300,4625987,5106585428890.00,1515909,F1,50,,,,,
2024-01-16,2024-01-16,FO,NSE,IDO,60332,,NIFTY,,2024-03-28,2024-03-28,22000.00,PE,NIFTY24MAR22000PE,383.55,419.35,370.00,398.10,397.80,374.55,22032.30,398.10,939900,78800,6284,7035094272.50,3183,F1,50,,,,,
2024-01-16,2024-01-16,FO,NSE,IDO,72913,,NIFTY,,2024-02-29,2024-02-29,22000.00,PE,NIFTY24FEB22000PE,299.95,344.20,287.35,317.00,319.00,289.40,22032.30,317.00,795650,57850,17501,19523205187.50,7873,F1,50,,,,,
2024-01-16,2024-01-16,FO,NSE,IDO,50080,,NIFTY,,2024-02-15,2024-02-15,22700.00,PE,NIFTY2421522700PE,0.00,0.00,0.00,995.20,0.00,995.20,22032.30,654.35,0,0,0,0.00,0,F1,50,,,,,
2024-01-16,2024-01-16,FO,NSE,IDO,45090,,NIFTY,,2024-01-25,2024-01-25,22700.00,PE,NIFTY24JAN22700PE,650.00,745.60,587.15,686.05,690.40,587.10,22032.30,686.05,42400,11150,544,635121520.00,231,F1,50,,,,,
2024-01-16,2024-01-16,FO,NSE,IDO,67580,,NIFTY,,2024-03-28,2024-03-28,22700.00,CE,NIFTY24MAR22700CE,376.80,378.65,321.15,347.15,343.20,386.70,22032.30,347.15,22550,1800,331,381514697.50,125,F1,50,,,,,
2024-01-16,2024-01-16,FO,NSE,IDO,72943,,NIFTY,,2024-02-29,2024-02-29,22700.00,PE,NIFTY24FEB22700PE,670.35,744.45,643.30,697.20,700.25,634.90,22032.30,697.20,29550,-6000,237,277130715.00,127,F1,50,,,,,
2024-01-16,2024-01-16,FO,NSE,IDO,44254,,NIFTY,,2024-01-25,2024-01-25,22200.00,PE,NIFTY24JAN22200PE,243.00,323.40,217.70,277.00,277.05,226.65,22032.30,277.00,387800,11100,53479,60049899657.50,18325,F1,50,,,,,
2024-01-16,2024-01-16,FO,NSE,IDO,40262,,NIFTY,,2024-02-15,2024-02-15,20950.00,CE,NIFTY2421520950CE,0.00,0.00,0.00,943.15,0.00,943.15,22032.30,1215.65,0,0,0,0.00,0,F1,50,,,,,
2024-01-16,2024-01-16,FO,NSE,IDO,59247,,NIFTY,,2024-01-18,2024-01-18,20950.00,CE,NIFTY2411820950CE,0.00,0.00,0.00,992.80,1000.15,992.80,22032.30,1090.05,2550,0,0,0.00,0,F1,50,,,,,
2024-01-16,2024-01-16,FO,NSE,IDO,37938,,NIFTY,,2024-02-01,2024-02-01,20900.00,CE,NIFTY2420120900CE,0.00,0.00,0.00,737.65,0.00,737.65,22032.30,1196.85,0,0,0,0.00,0,F1,50,,,,,
2024-01-16,2024-01-16,FO,NSE,IDO,56396,,NIFTY,,2024-01-25,2024-01-25,18050.00,PE,NIFTY24JAN18050PE,0.00,0.00,0.00,2.40,2.40,2.40,22032.30,0.05,1100,0,0,0.00,0,F1,50,,,,,
2024-01-16,2024-01-16,FO,NSE,IDO,67572,,NIFTY,,2024-03-28,2024-03-28,22500.00,CE,NIFTY24MAR22500CE,455.00,478.90,401.75,428.15,427.50,484.05,22032.30,428.15,136650,7600,1860,2134641957.50,878,F1,50,,,,,
2024-01-16,2024-01-16,FO,NSE,IDO,37921,,NIFTY,,2024-02-01,2024-02-01,20600.00,PE,NIFTY2420120600PE,15.25,15.85,12.80,13.15,12.90,15.55,22032.30,13.15,12450,50,126,129871182.50,53,F1,50,,,,,
2024-01-16,2024-01-16,FO,NSE,IDO,40250,,NIFTY,,2024-01-25,2024-01-25,22500.00,PE,NIFTY24JAN22500PE,439.95,560.00,418.25,505.80,504.30,423.90,22032.30,505.80,698150,800,11692,13429368667.50,5325,F1,50,,,,,
2024-01-16,2024-01-16,FO,NSE,IDO,50072,,NIFTY,,2024-02-15,2024-02-15,22500.00,PE,NIFTY2421522500PE,0.00,0.00,0.00,837.45,0.00,837.45,22032.30,511.05,0,0,0,0.00,0,F1,50,,,,,
2024-01-16,2024-01-16,FO,NSE,IDO,45632,,NIFTY,,2024-02-08,2024-02-08,23500.00,PE,NIFTY2420823500PE,0.00,0.00,0.00,1699.20,0.00,1699.20,22032.30,1374.40,0,0,0,0.00,0,F1,50,,,,,
2024-01-16,2024-01-16,FO,NSE,IDO,72660,,NIFTY,,2024-02-29,2024-02-29,18850.00,CE,NIFTY24FEB18850CE,0.00,0.00,0.00,1710.25,0.00,1710.25,22032.30,3335.05,0,0,0,0.00,0,F1,50,,,,,
2024-01-16,2024-01-16,FO,NSE,IDO,42039,,NIFTY,,2024-02-29,2024-02-29,23350.00,PE,NIFTY24FEB23350PE,0.00,0.00,0.00,2315.50,0.00,2315.50,22032.30,1184.35,0,0,0,0.00,0,F1,50,,,,,
2024-01-16,2024-01-16,FO,NSE,IDO,45623,,NIFTY,,2024-02-08,2024-02-08,23350.00,CE,NIFTY2420823350CE,19.65,19.65,19.65,19.65,19.65,19.65,22032.30,10.95,1350,0,2,2336965.00,2,F1,50,,,,,
2024-01-16,2024-01-16,FO,NSE,IDO,50140,,NIFTY,,2024-02-15,2024-02-15,23350.00,CE,NIFTY2421523350CE,0.00,0.00,0.00,28.20,0.00,28.20,22032.30,23.00,0,0,0,0.00,0,F1,50,,,,,
2024-01-16,2024-01-16,FO,NSE,IDO,42004,,NIFTY,,2024-01-25,2024-01-25,23350.00,CE,NIFTY24JAN23350CE,3.60,4.10,3.15,3.30,3.15,3.80,22032.30,3.30,24400,-2200,506,590846375.00,278,F1,50,,,,,
2024-01-16,2024-01-16,FO,NSE,IDO,59430,,NIFTY,,2024-01-18,2024-01-18,23350.00,PE,NIFTY2411823350PE,0.00,0.00,0.00,2014.20,0.00,2014.20,22032.30,1309.05,0,0,0,0.00,0,F1,50,,,,,
2024-01-16,2024-01-16,FO,NSE,IDO,53630,,NIFTY,,2027-12-30,2027-12-30,26000.00,PE,NIFTY27DEC26000PE,0.00,0.00,0.00,3359.75,0.00,3359.75,22032.30,1134.60,0,0,0,0.00,0,F1,50,,,,,
2024-01-16,2024-01-16,FO,NSE,IDO,71384,,NIFTY,,2025-06-26,2025-06-26,26000.00,PE,NIFTY25JUN26000PE,0.00,0.00,0.00,7299.00,0.00,7299.00,22032.30,2249.80,0,0,0,0.00,0,F1,50,,,,,
2024-01-16,2024-01-16,FO,NSE,IDO,60348,,NIFTY,,2024-03-28,2024-03-28,26000.00,PE,NIFTY24MAR26000PE,3550.00,3550.00,3550.00,3550.00,3550.00,3550.00,22032.30,3624.75,5000,0,2,2955000.00,1,F1,50,,,,,
2024-01-16,2024-01-16,FO,NSE,IDO,56407,,NIFTY,,2024-01-25,2024-01-25,18300.00,CE,NIFTY24JAN18300CE,3805.00,3810.00,3720.00,3725.10,3721.40,3823.00,22032.30,3725.10,9100,-3500,70,77232070.00,48,F1,50,,,,,
2024-01-16,2024-01-16,FO,NSE,IDO,67586,,NIFTY,,2024-03-28,2024-03-28,22850.00,CE,NIFTY24MAR22850CE,0.00,0.00,0.00,302.20,302.20,302.20,22032.30,267.00,750,0,0,0.00,0,F1,50,,,,,
2024-01-16,2024-01-16,FO,NSE,IDO,45865,,NIFTY,,2025-06-26,2025-06-26,17000.00,CE,NIFTY25JUN17000CE,0.00,0.00,0.00,4165.50,4165.50,4165.50,22032.30,6617.50,2750,0,0,0.00,0,F1,50,,,,,
2024-01-16,2024-01-16,FO,NSE,IDO,60321,,NIFTY,,2024-03-28,2024-03-28,17000.00,CE,NIFTY24MAR17000CE,5290.00,5299.30,5160.00,5160.00,5160.00,5324.30,22032.30,5257.15,138450,-1650,35,38980102.50,27,F1,50,,,,,
2024-01-16,2024-01-16,FO,NSE,IDO,50498,,NIFTY,,2026-06-25,2026-06-25,17000.00,PE,NIFTY26JUN17000PE,0.00,0.00,0.00,2627.25,0.00,2627.25,22032.30,15.35,0,0,0,0.00,0,F1,50,,,,,
2024-01-16,2024-01-16,FO,NSE,IDO,45857,,NIFTY,,2024-06-27,2024-06-27,17000.00,PE,NIFTY24JUN17000PE,0.00,0.00,0.00,12.30,12.30,12.30,22032.30,0.05,126500,0,0,0.00,0,F1,50,,,,,
2024-01-16,2024-01-16,FO,NSE,IDO,38226,,NIFTY,,2024-02-01,2024-02-01,23800.00,CE,NIFTY2420123800CE,6.85,7.60,5.55,5.55,5.55,7.70,22032.30,5.55,4450,4450,210,249968160.00,59,F1,50,,,,,
2024-01-16,2024-01-16,FO,NSE,IDO,42005,,NIFTY,,2024-01-25,2024-01-25,23350.00,PE,NIFTY24JAN23350PE,0.00,0.00,0.00,2434.20,0.00,2434.20,22032.30,1279.05,0,0,0,0.00,0,F1,50,,,,,
2024-01-16,2024-01-16,FO,NSE,IDO,67620,,NIFTY,,2024-03-28,2024-03-28,23350.00,CE,NIFTY24MAR23350CE,158.40,158.40,158.40,158.40,158.40,133.05,22032.30,158.40,450,50,1,1175420.00,1,F1,50,,,,,
2024-01-16,2024-01-16,FO,NSE,IDO,38182,,NIFTY,,2024-02-01,2024-02-01,23350.00,CE,NIFTY2420123350CE,14.80,18.30,11.45,13.25,15.00,13.50,22032.30,13.25,13150,6450,1010,1179852950.00,463,F1,50,,,,,
2024-01-16,2024-01-16,FO,NSE,IDO,59431,,NIFTY,,2024-01-18,2024-01-18,23400.00,CE,NIFTY2411823400CE,0.65,0.80,0.60,0.65,0.60,0.70,22032.30,0.65,1238700,-27250,50796,59433014737.50,9599,F1,50,,,,,
2024-01-16,2024-01-16,FO,NSE,IDO,44863,,NIFTY,,2024-01-18,2024-01-18,20650.00,CE,NIFTY2411820650CE,0.00,0.00,0.00,808.65,0.00,808.65,22032.30,1389.95,0,0,0,0.00,0,F1,50,,,,,
2024-01-16,2024-01-16,FO,NSE,IDO,50081,,NIFTY,,2024-02-15,2024-02-15,22750.00,CE,NIFTY2421522750CE,0.00,0.00,0.00,92.20,0.00,92.20,22032.30,100.90,0,0,0,0.00,0,F1,50,,,,,
2024-01-16,2024-01-16,FO,NSE,IDO,67316,,NIFTY,,2024-03-28,2024-03-28,22200.00,PE,NIFTY24MAR22200PE,450.00,501.75,443.00,476.00,480.00,449.25,22032.30,476.00,10150,2500,175,198323875.00,80,F1,50,,,,,
2024-01-16,2024-01-16,FO,NSE,IDO,38109,,NIFTY,,2024-02-01,2024-02-01,22650.00,CE,NIFTY2420122650CE,74.95,86.65,58.45,66.25,65.95,91.45,22032.30,66.25,11650,1900,493,560152290.00,238,F1,50,,,,,
2024-01-16,2024-01-16,FO,NSE,IDO,72941,,NIFTY,,2024-02-29,2024-02-29,22650.00,PE,NIFTY24FEB22650PE,641.95,705.00,615.00,687.00,687.00,606.55,22032.30,632.05,6600,-1450,43,50115615.00,29,F1,50,,,,,
2024-01-16,2024-01-16,FO,NSE,IDO,50981,,NIFTY,,2027-06-24,2027-06-24,27000.00,CE,NIFTY27JUN27000CE,0.00,0.00,0.00,1932.50,0.00,1932.50,22032.30,2283.05,0,0,0,0.00,0,F1,50,,,,,
2024-01-16,2024-01-16,FO,NSE,IDO,50964,,NIFTY,,2024-06-27,2024-06-27,27000.00,CE,NIFTY24JUN27000CE,0.00,0.00,0.00,331.60,0.00,331.60,22032.30,11.80,0,0,0,0.00,0,F1,50,,,,,
2024-01-16,2024-01-16,FO,NSE,IDO,50967,,NIFTY,,2024-12-26,2024-12-26,27000.00,PE,NIFTY24DEC27000PE,0.00,0.00,0.00,4500.00,4500.00,4500.00,22032.30,3463.35,50,0,0,0.00,0,F1,50,,,,,
2024-01-16,2024-01-16,FO,NSE,IDO,53632,,NIFTY,,2027-12-30,2027-12-30,27000.00,PE,NIFTY27DEC27000PE,0.00,0.00,0.00,3794.40,0.00,3794.40,22032.30,1451.20,0,0,0,0.00,0,F1,50,,,,,
2024-01-16,2024-01-16,FO,NSE,IDO,60351,,NIFTY,,2024-03-28,2024-03-28,27000.00,CE,NIFTY24MAR27000CE,3.10,3.10,3.10,3.10,3.10,3.10,22032.30,0.05,14050,0,1,1350155.00,1,F1,50,,,,,
2024-01-16,2024-01-16,FO,NSE,IDO,50965,,NIFTY,,2024-06-27,2024-06-27,27000.00,PE,NIFTY24JUN27000PE,0.00,0.00,0.00,8206.00,0.00,8206.00,22032.30,4177.75,0,0,0,0.00,0,F1,50,,,,,
2024-01-16,2024-01-16,FO,NSE,IDO,60352,,NIFTY,,2024-03-28,2024-03-28,27000.00,PE,NIFTY24MAR27000PE,0.00,0.00,0.00,4800.00,4800.00,4800.00,22032.30,4610.65,200,0,0,0.00,0,F1,50,,,,,
2024-01-16,2024-01-16,FO,NSE,IDO,67789,,NIFTY,,2028-12-28,2028-12-28,27000.00,PE,NIFTY28DEC27000PE,0.00,0.00,0.00,1413.85,0.00,1413.85,22032.30,1132.35,0,0,0,0.00,0,F1,50,,,,,
2024-01-16,2024-01-16,FO,NSE,IDO,72673,,NIFTY,,2024-02-29,2024-02-29,19050.00,PE,NIFTY24FEB19050PE,0.00,0.00,0.00,119.05,0.00,119.05,22032.30,0.05,0,0,0,0.00,0,F1,50,,,,,
2024-01-16,2024-01-16,FO,NSE,IDO,56463,,NIFTY,,2024-01-25,2024-01-25,19050.00,CE,NIFTY24JAN19050CE,0.00,0.00,0.00,2840.65,2840.65,2840.65,22032.30,3014.00,50,0,0,0.00,0,F1,50,,,,,
2024-01-16,2024-01-16,FO,NSE,IDO,44233,,NIFTY,,2024-02-08,2024-02-08,21700.00,CE,NIFTY2420821700CE,615.80,630.55,532.80,550.30,548.90,638.55,22032.30,550.30,3550,-1400,70,77992597.50,49,F1,50,,,,,
2024-01-16,2024-01-16,FO,NSE,IDO,56603,,NIFTY,,2024-01-25,2024-01-25,21700.00,CE,NIFTY24JAN21700CE,465.00,495.60,354.95,396.95,392.00,502.35,22032.30,396.95,1656500,-461800,26012,28764399822.50,11624,F1,50,,,,,
2024-01-16,2024-01-16,FO,NSE,IDO,67298,,NIFTY,,2024-03-28,2024-03-28,21700.00,PE,NIFTY24MAR21700PE,295.00,315.60,281.00,300.55,298.95,283.65,22032.30,300.55,45300,19050,1526,1678124965.00,376,F1,50,,,,,
2024-01-16,2024-01-16,FO,NSE,IDO,43986,,NIFTY,,2024-02-15,2024-02-15,21700.00,CE,NIFTY2421521700CE,0.00,0.00,0.00,679.55,679.55,679.55,22032.30,582.30,350,0,0,0.00,0,F1,50,,,,,
2024-01-16,2024-01-16,FO,NSE,IDO,72900,,NIFTY,,2024-02-29,2024-02-29,21700.00,CE,NIFTY24FEB21700CE,727.05,768.30,650.05,686.30,683.00,772.20,22032.30,686.30,138400,-1650,372,417001775.00,235,F1,50,,,,,
2024-01-16,2024-01-16,FO,NSE,IDO,72920,,NIFTY,,2024-02-29,2024-02-29,22200.00,CE,NIFTY24FEB22200CE,460.00,460.00,355.15,383.45,381.45,451.10,22032.30,383.45,236050,103100,5509,6228090747.50,2615,F1,50,,,,,
2024-01-16,2024-01-16,FO,NSE,IDO,38072,,NIFTY,,2024-02-01,2024-02-01,22200.00,CE,NIFTY2420122200CE,261.35,261.35,178.00,199.95,197.70,261.35,22032.30,199.95,88550,34200,3313,3713496512.50,1637,F1,50,,,,,
2024-01-16,2024-01-16,FO,NSE,IDO,37951,,NIFTY,,2024-02-01,2024-02-01,20950.00,PE,NIFTY2420120950PE,25.60,28.15,23.60,24.05,23.75,26.75,22032.30,24.05,7100,-1350,190,199273290.00,136,F1,50,,,,,
2024-01-16,2024-01-16,FO,NSE,IDO,56537,,NIFTY,,2024-01-25,2024-01-25,20250.00,PE,NIFTY24JAN20250PE,5.70,5.80,4.30,4.55,4.30,5.80,22032.30,4.55,29750,-3250,564,571192532.50,250,F1,50,,,,,
2024-01-16,2024-01-16,FO,NSE,IDO,45666,,NIFTY,,2024-02-08,2024-02-08,23750.00,PE,NIFTY2420823750PE,0.00,0.00,0.00,1938.05,0.00,1938.05,22032.30,1619.35,0,0,0,0.00,0,F1,50,,,,,
2024-01-16,2024-01-16,FO,NSE,IDO,38225,,NIFTY,,2024-02-01,2024-02-01,23750.00,PE,NIFTY2420123750PE,0.00,0.00,0.00,2305.75,0.00,2305.75,22032.30,1647.95,0,0,0,0.00,0,F1,50,,,,,
2024-01-16,2024-01-16,FO,NSE,IDO,47422,,NIFTY,,2024-02-29,2024-02-29,23850.00,PE,NIFTY24FEB23850PE,0.00,0.00,0.00,2626.90,0.00,2626.90,22032.30,1642.95,0,0,0,0.00,0,F1,50,,,,,
2024-01-16,2024-01-16,FO,NSE,IDO,38228,,NIFTY,,2024-02-01,2024-02-01,23850.00,CE,NIFTY2420123850CE,7.00,7.70,4.70,6.20,5.90,6.90,22032.30,6.20,4750,4750,190,226634052.50,91,F1,50,,,,,
2024-01-16,2024-01-16,FO,NSE,IDO,50308,,NIFTY,,2024-02-15,2024-02-15,23850.00,PE,NIFTY2421523850PE,0.00,0.00,0.00,2045.35,0.00,2045.35,22032.30,1690.80,0,0,0,0.00,0,F1,50,,,,,
2024-01-16,2024-01-16,FO,NSE,IDO,39674,,NIFTY,,2024-02-15,2024-02-15,20200.00,PE,NIFTY2421520200PE,0.00,0.00,0.00,17.75,0.00,17.75,22032.30,0.95,0,0,0,0.00,0,F1,50,,,,,
2024-01-16,2024-01-16,FO,NSE,IDO,37874,,NIFTY,,2024-02-01,2024-02-01,20200.00,CE,NIFTY2420120200CE,0.00,0.00,0.00,1425.00,1425.00,1425.00,22032.30,1892.00,150,0,0,0.00,0,F1,50,,,,,
2024-01-16,2024-01-16,FO,NSE,IDO,39230,,NIFTY,,2024-01-18,2024-01-18,20200.00,PE,NIFTY2411820200PE,1.50,2.60,1.00,1.30,1.25,2.75,22032.30,1.30,344900,26450,31470,31787898187.50,6293,F1,50,,,,,
2024-01-16,2024-01-16,FO,NSE,IDO,39671,,NIFTY,,2024-02-15,2024-02-15,20200.00,CE,NIFTY2421520200CE,0.00,0.00,0.00,1605.90,0.00,1605.90,22032.30,1945.00,0,0,0,0.00,0,F1,50,,,,,
2024-01-16,2024-01-16,FO,NSE,IDO,39229,,NIFTY,,2024-01-18,2024-01-18,20200.00,CE,NIFTY2411820200CE,0.00,0.00,0.00,1877.65,1877.65,1877.65,22032.30,1839.75,2600,0,0,0.00,0,F1,50,,,,,
2024-01-16,2024-01-16,FO,NSE,IDO,43992,,NIFTY,,2024-02-15,2024-02-15,21750.00,PE,NIFTY2421521750PE,0.00,0.00,0.00,365.25,0.00,365.25,22032.30,144.55,0,0,0,0.00,0,F1,50,,,,,
2024-01-16,2024-01-16,FO,NSE,IDO,38046,,NIFTY,,2024-02-01,2024-02-01,21750.00,CE,NIFTY2420121750CE,497.75,527.00,442.30,462.15,450.10,553.15,22032.30,462.15,5250,-450,30,33348122.50,28,F1,50,,,,,
2024-01-16,2024-01-16,FO,NSE,IDO,44235,,NIFTY,,2024-02-08,2024-02-08,21750.00,CE,NIFTY2420821750CE,569.00,570.70,505.80,506.55,507.30,570.00,22032.30,506.55,3150,-250,8,8918350.00,6,F1,50,,,,,
2024-01-16,2024-01-16,FO,NSE,IDO,59422,,NIFTY,,2024-01-18,2024-01-18,23150.00,PE,NIFTY2411823150PE,0.00,0.00,0.00,1361.40,1361.40,1361.40,22032.30,1109.15,50,0,0,0.00,0,F1,50,,,,,
2024-01-16,2024-01-16,FO,NSE,IDO,67602,,NIFTY,,2024-03-28,2024-03-28,23150.00,CE,NIFTY24MAR23150CE,209.95,209.95,195.00,195.00,195.00,231.25,22032.30,183.20,1350,50,3,3502497.50,2,F1,50,,,,,
2024-01-16,2024-01-16,FO,NSE,IDO,45625,,NIFTY,,2024-02-08,2024-02-08,23400.00,CE,NIFTY2420823400CE,24.70,25.95,18.55,20.25,21.85,24.10,22032.30,20.25,1700,800,40,46843552.50,39,F1,50,,,,,
2024-01-16,2024-01-16,FO,NSE,IDO,72835,,NIFTY,,2024-02-29,2024-02-29,20650.00,PE,NIFTY24FEB20650PE,45.70,49.05,43.90,44.70,44.20,44.75,22032.30,44.70,6900,-3850,137,141761777.50,111,F1,50,,,,,
2024-01-16,2024-01-16,FO,NSE,IDO,56480,,NIFTY,,2024-01-25,2024-01-25,19200.00,PE,NIFTY24JAN19200PE,3.10,3.45,2.60,2.75,2.60,3.70,22032.30,2.75,45550,-1400,237,227555387.50,84,F1,50,,,,,
2024-01-16,2024-01-16,FO,NSE,IDO,65839,,NIFTY,,2024-09-26,2024-09-26,17000.00,CE,NIFTY24SEP17000CE,0.00,0.00,0.00,3800.40,0.00,3800.40,22032.30,5813.05,0,0,0,0.00,0,F1,50,,,,,
2024-01-16,2024-01-16,FO,NSE,IDO,86138,,NIFTY,,2028-06-29,2028-06-29,17000.00,PE,NIFTY28JUN17000PE,0.00,0.00,0.00,283.10,0.00,283.10,22032.30,22.25,0,0,0,0.00,0,F1,50,,,,,
2024-01-16,2024-01-16,FO,NSE,IDO,50297,,NIFTY,,2024-02-15,2024-02-15,23800.00,CE,NIFTY2421523800CE,0.00,0.00,0.00,10.05,0.00,10.05,22032.30,5.95,0,0,0,0.00,0,F1,50,,,,,
2024-01-16,2024-01-16,FO,NSE,IDO,45624,,NIFTY,,2024-02-08,2024-02-08,23350.00,PE,NIFTY2420823350PE,0.00,0.00,0.00,1558.50,0.00,1558.50,22032.30,1229.55,0,0,0,0.00,0,F1,50,,,,,
2024-01-16,2024-01-16,FO,NSE,IDO,59429,,NIFTY,,2024-01-18,2024-01-18,23350.00,CE,NIFTY2411823350CE,0.60,0.95,0.55,0.65,0.55,0.70,22032.30,0.65,111100,6050,11805,13782751167.50,3922,F1,50,,,,,
2024-01-16,2024-01-16,FO,NSE,IDO,38183,,NIFTY,,2024-02-01,2024-02-01,23350.00,PE,NIFTY2420123350PE,0.00,0.00,0.00,1920.80,0.00,1920.80,22032.30,1251.90,0,0,0,0.00,0,F1,50,,,,,
2024-01-16,2024-01-16,FO,NSE,IDO,50141,,NIFTY,,2024-02-15,2024-02-15,23350.00,PE,NIFTY2421523350PE,0.00,0.00,0.00,1568.15,0.00,1568.15,22032.30,1211.55,0,0,0,0.00,0,F1,50,,,,,
2024-01-16,2024-01-16,FO,NSE,IDO,42038,,NIFTY,,2024-02-29,2024-02-29,23350.00,CE,NIFTY24FEB23350CE,65.60,70.85,53.35,59.40,58.65,70.55,22032.30,59.40,10450,300,78,91316562.50,68,F1,50,,,,,
2024-01-16,2024-01-16,FO,NSE,IDO,39204,,NIFTY,,2024-01-18,2024-01-18,19650.00,PE,NIFTY2411819650PE,2.30,2.45,0.65,0.75,0.80,2.55,22032.30,0.75,3699950,-4528350,423023,415651030730.00,55802,F1,50,,,,,
2024-01-16,2024-01-16,FO,NSE,IDO,71308,,NIFTY,,2024-06-27,2024-06-27,26000.00,CE,NIFTY24JUN26000CE,97.10,113.95,90.00,95.05,95.00,94.85,22032.30,95.05,20950,3950,161,210065580.00,103,F1,50,,,,,
2024-01-16,2024-01-16,FO,NSE,IDO,71476,,NIFTY,,2026-06-25,2026-06-25,26000.00,CE,NIFTY26JUN26000CE,0.00,0.00,0.00,1343.15,0.00,1343.15,22032.30,1663.70,0,0,0,0.00,0,F1,50,,,,,
2024-01-16,2024-01-16,FO,NSE,IDO,71477,,NIFTY,,2026-06-25,2026-06-25,26000.00,PE,NIFTY26JUN26000PE,0.00,0.00,0.00,6709.20,0.00,6709.20,22032.30,1681.60,0,0,0,0.00,0,F1,50,,,,,
2024-01-16,2024-01-16,FO,NSE,IDO,71564,,NIFTY,,2027-06-24,2027-06-24,26000.00,CE,NIFTY27JUN26000CE,0.00,0.00,0.00,1900.85,0.00,1900.85,22032.30,2710.10,0,0,0,0.00,0,F1,50,,,,,
2024-01-16,2024-01-16,FO,NSE,IDO,43628,,NIFTY,,2024-02-15,2024-02-15,21550.00,CE,NIFTY2421521550CE,0.00,0.00,0.00,523.70,0.00,523.70,22032.30,694.15,0,0,0,0.00,0,F1,50,,,,,
2024-01-16,2024-01-16,FO,NSE,IDO,43629,,NIFTY,,2024-02-15,2024-02-15,21550.00,PE,NIFTY2421521550PE,0.00,0.00,0.00,276.15,0.00,276.15,22032.30,92.60,0,0,0,0.00,0,F1,50,,,,,
2024-01-16,2024-01-16,FO,NSE,IDO,38029,,NIFTY,,2024-02-01,2024-02-01,21550.00,PE,NIFTY2420121550PE,84.60,96.30,77.90,83.75,83.55,79.85,22032.30,83.75,13700,2750,295,319086527.50,104,F1,50,,,,,
2024-01-16,2024-01-16,FO,NSE,IDO,56593,,NIFTY,,2024-01-25,2024-01-25,21550.00,CE,NIFTY24JAN21550CE,584.00,618.00,479.00,520.55,521.00,628.65,22032.30,520.55,81000,-2750,273,301446502.50,159,F1,50,,,,,
2024-01-16,2024-01-16,FO,NSE,IDO,45665,,NIFTY,,2024-02-08,2024-02-08,23750.00,CE,NIFTY2420823750CE,13.10,13.10,11.75,11.75,11.75,12.10,22032.30,2.45,2600,2600,54,64156792.50,6,F1,50,,,,,
2024-01-16,2024-01-16,FO,NSE,IDO,60327,,NIFTY,,2024-03-28,2024-03-28,20000.00,CE,NIFTY24MAR20000CE,2282.60,2428.55,2277.00,2334.35,2323.00,2426.80,22032.30,2334.35,481150,6900,449,502265845.00,376,F1,50,,,,,
2024-01-16,2024-01-16,FO,NSE,IDO,38376,,NIFTY,,2025-12-24,2025-12-24,20000.00,CE,NIFTY25DEC20000CE,0.00,0.00,0.00,3210.00,3210.00,3210.00,22032.30,4625.65,300,0,0,0.00,0,F1,50,,,,,
2024-01-16,2024-01-16,FO,NSE,IDO,42317,,NIFTY,,2024-02-08,2024-02-08,20850.00,PE,NIFTY2420820850PE,0.00,0.00,0.00,81.55,0.00,81.55,22032.30,6.50,0,0,0,0.00,0,F1,50,,,,,
2024-01-16,2024-01-16,FO,NSE,IDO,37865,,NIFTY,,2024-02-01,2024-02-01,20100.00,PE,NIFTY2420120100PE,8.70,10.25,6.65,7.60,7.65,8.70,22032.30,7.60,4350,-50,85,85459697.50,39,F1,50,,,,,
2024-01-16,2024-01-16,FO,NSE,IDO,56529,,NIFTY,,2024-01-25,2024-01-25,20100.00,CE,NIFTY24JAN20100CE,1979.20,2010.00,1914.65,1937.55,1917.70,2019.10,22032.30,1937.55,50500,-250,35,38617337.50,21,F1,50,,,,,
2024-01-16,2024-01-16,FO,NSE,IDO,72798,,NIFTY,,2024-02-29,2024-02-29,20100.00,PE,NIFTY24FEB20100PE,21.75,22.05,18.80,19.25,19.25,20.70,22032.30,19.25,245900,350,594,597556337.50,319,F1,50,,,,,
2024-01-16,2024-01-16,FO,NSE,IDO,56530,,NIFTY,,2024-01-25,2024-01-25,20100.00,PE,NIFTY24JAN20100PE,5.30,5.30,3.90,4.15,3.90,5.35,22032.30,4.15,117850,-11050,1770,1779256577.50,982,F1,50,,,,,
2024-01-16,2024-01-16,FO,NSE,IDO,67235,,NIFTY,,2024-03-28,2024-03-28,20100.00,PE,NIFTY24MAR20100PE,58.00,59.45,54.10,56.25,57.40,58.15,22032.30,56.25,54100,4800,413,416246865.00,251,F1,50,,,,,
2024-01-16,2024-01-16,FO,NSE,IDO,56387,,NIFTY,,2024-01-25,2024-01-25,17950.00,CE,NIFTY24JAN17950CE,0.00,0.00,0.00,1366.10,0.00,1366.10,22032.30,4112.15,0,0,0,0.00,0,F1,50,,,,,
2024-01-16,2024-01-16,FO,NSE,IDO,49174,,NIFTY,,2025-12-24,2025-12-24,15000.00,PE,NIFTY25DEC15000PE,0.00,0.00,0.00,62.15,62.15,62.15,22032.30,0.95,1100,0,0,0.00,0,F1,50,,,,,
2024-01-16,2024-01-16,FO,NSE,IDO,60318,,NIFTY,,2024-03-28,2024-03-28,15000.00,PE,NIFTY24MAR15000PE,5.50,6.50,5.00,6.50,6.50,7.45,22032.30,6.50,7800,650,18,13504755.00,5,F1,50,,,,,
2024-01-16,2024-01-16,FO,NSE,IDO,72746,,NIFTY,,2024-02-29,2024-02-29,19300.00,CE,NIFTY24FEB19300CE,0.00,0.00,0.00,2430.00,2430.00,2430.00,22032.30,2888.80,100,0,0,0.00,0,F1,50,,,,,
2024-01-16,2024-01-16,FO,NSE,IDO,56485,,NIFTY,,2024-01-25,2024-01-25,19300.00,PE,NIFTY24JAN19300PE,2.90,4.80,2.15,2.35,2.35,3.10,22032.30,2.35,111350,100,102,98444310.00,46,F1,50,,,,,
2024-01-16,2024-01-16,FO,NSE,IDO,72747,,NIFTY,,2024-02-29,2024-02-29,19300.00,PE,NIFTY24FEB19300PE,0.00,0.00,0.00,39.90,39.90,39.90,22032.30,0.10,8050,0,0,0.00,0,F1,50,,,,,
2024-01-16,2024-01-16,FO,NSE,IDO,40458,,NIFTY,,2024-02-08,2024-02-08,20400.00,CE,NIFTY2420820400CE,1792.50,1792.50,1792.50,1792.50,1792.50,1430.50,22032.30,1719.70,50,50,1,1109625.00,1,F1,50,,,,,
2024-01-16,2024-01-16,FO,NSE,IDO,39691,,NIFTY,,2024-02-15,2024-02-15,20400.00,CE,NIFTY2421520400CE,0.00,0.00,0.00,1419.25,0.00,1419.25,22032.30,1747.45,0,0,0,0.00,0,F1,50,,,,,
2024-01-16,2024-01-16,FO,NSE,IDO,72817,,NIFTY,,2024-02-29,2024-02-29,20400.00,PE,NIFTY24FEB20400PE,31.70,33.60,29.20,30.10,29.90,31.25,22032.30,30.10,229650,10600,2068,2112542437.50,1171,F1,50,,,,,
2024-01-16,2024-01-16,FO,NSE,IDO,40459,,NIFTY,,2024-02-08,2024-02-08,20400.00,PE,NIFTY2420820400PE,0.00,0.00,0.00,21.70,21.70,21.70,22032.30,0.80,750,0,0,0.00,0,F1,50,,,,,
2024-01-16,2024-01-16,FO,NSE,IDO,72816,,NIFTY,,2024-02-29,2024-02-29,20400.00,CE,NIFTY24FEB20400CE,1847.30,1874.35,1745.20,1800.55,1801.95,1885.35,22032.30,1800.55,3550,0,14,15565295.00,8,F1,50,,,,,
2024-01-16,2024-01-16,FO,NSE,IDO,39242,,NIFTY,,2024-01-18,2024-01-18,20400.00,PE,NIFTY2411820400PE,2.90,2.90,1.25,1.50,1.40,2.95,22032.30,1.50,731600,-53450,62018,63265274567.50,12045,F1,50,,,,,
2024-01-16,2024-01-16,FO,NSE,IDO,72427,,NIFTY,,2024-01-25,2024-01-25,23150.00,PE,NIFTY24JAN23150PE,1059.30,1126.70,1059.25,1126.70,1126.70,1512.45,22032.30,1080.05,650,150,5,6059062.50,4,F1,50,,,,,
2024-01-16,2024-01-16,FO,NSE,IDO,41187,,NIFTY,,2024-02-08,2024-02-08,20450.00,CE,NIFTY2420820450CE,0.00,0.00,0.00,1384.70,0.00,1384.70,22032.30,1670.15,0,0,0,0.00,0,F1,50,,,,,
2024-01-16,2024-01-16,FO,NSE,IDO,56496,,NIFTY,,2024-01-25,2024-01-25,19400.00,CE,NIFTY24JAN19400CE,0.00,0.00,0.00,2642.00,2642.00,2642.00,22032.30,2664.55,15450,0,0,0.00,0,F1,50,,,,,
2024-01-16,2024-01-16,FO,NSE,IDO,39752,,NIFTY,,2024-02-15,2024-02-15,20850.00,PE,NIFTY2421520850PE,0.00,0.00,0.00,81.80,0.00,81.80,22032.30,12.50,0,0,0,0.00,0,F1,50,,,,,
2024-01-16,2024-01-16,FO,NSE,IDO,56561,,NIFTY,,2024-01-25,2024-01-25,20850.00,PE,NIFTY24JAN20850PE,10.75,11.55,7.85,8.25,7.85,11.15,22032.30,8.25,99850,-1850,3296,3437678297.50,1578,F1,50,,,,,
2024-01-16,2024-01-16,FO,NSE,IDO,72849,,NIFTY,,2024-02-29,2024-02-29,20850.00,CE,NIFTY24FEB20850CE,0.00,0.00,0.00,1049.80,1049.80,1049.80,22032.30,1378.05,800,0,0,0.00,0,F1,50,,,,,
2024-01-16,2024-01-16,FO,NSE,IDO,72770,,NIFTY,,2024-02-29,2024-02-29,19550.00,PE,NIFTY24FEB19550PE,0.00,0.00,0.00,22.05,22.05,22.05,22032.30,0.30,2250,0,0,0.00,0,F1,50,,,,,
2024-01-16,2024-01-16,FO,NSE,IDO,44802,,NIFTY,,2024-02-08,2024-02-08,21800.00,PE,NIFTY2420821800PE,184.00,210.00,164.00,187.15,187.65,171.75,22032.30,187.15,12850,3850,344,378050482.50,179,F1,50,,,,,
2024-01-16,2024-01-16,FO,NSE,IDO,44797,,NIFTY,,2024-02-08,2024-02-08,21800.00,CE,NIFTY2420821800CE,521.55,562.95,445.70,480.15,483.35,575.75,22032.30,480.15,13000,6700,218,243378990.00,99,F1,50,,,,,
2024-01-16,2024-01-16,FO,NSE,IDO,59311,,NIFTY,,2024-01-18,2024-01-18,21800.00,CE,NIFTY2411821800CE,304.90,348.75,209.40,254.20,248.95,345.35,22032.30,254.20,1181050,-711950,150673,166281431237.50,51365,F1,50,,,,,
2024-01-16,2024-01-16,FO,NSE,IDO,37901,,NIFTY,,2024-02-01,2024-02-01,20450.00,PE,NIFTY2420120450PE,0.00,0.00,0.00,30.50,30.50,30.50,22032.30,0.20,1700,0,0,0.00,0,F1,50,,,,,
2024-01-16,2024-01-16,FO,NSE,IDO,72960,,NIFTY,,2024-02-29,2024-02-29,23100.00,CE,NIFTY24FEB23100CE,98.45,115.25,85.40,93.50,92.20,113.20,22032.30,93.50,109700,3500,1714,1988455195.00,1134,F1,50,,,,,
2024-01-16,2024-01-16,FO,NSE,IDO,45575,,NIFTY,,2024-02-08,2024-02-08,23100.00,PE,NIFTY2420823100PE,0.00,0.00,0.00,1330.20,0.00,1330.20,22032.30,994.55,0,0,0,0.00,0,F1,50,,,,,
2024-01-16,2024-01-16,FO,NSE,IDO,37843,,NIFTY,,2024-02-01,2024-02-01,19900.00,PE,NIFTY2420119900PE,0.00,0.00,0.00,32.05,0.00,32.05,22032.30,0.05,0,0,0,0.00,0,F1,50,,,,,
2024-01-16,2024-01-16,FO,NSE,IDO,39516,,NIFTY,,2024-02-08,2024-02-08,19900.00,PE,NIFTY2420819900PE,0.00,0.00,0.00,7.65,0.00,7.65,22032.30,0.05,0,0,0,0.00,0,F1,50,,,,,
2024-01-16,2024-01-16,FO,NSE,IDO,38348,,NIFTY,,2024-02-15,2024-02-15,19900.00,PE,NIFTY2421519900PE,0.00,0.00,0.00,7.55,0.00,7.55,22032.30,0.20,0,0,0,0.00,0,F1,50,,,,,
2024-01-16,2024-01-16,FO,NSE,IDO,56362,,NIFTY,,2024-01-25,2024-01-25,17600.00,PE,NIFTY24JAN17600PE,1.30,1.50,1.30,1.50,1.50,1.80,22032.30,1.50,2700,-300,14,12321030.00,5,F1,50,,,,,
2024-01-16,2024-01-16,FO,NSE,IDO,42314,,NIFTY,,2024-02-08,2024-02-08,20800.00,CE,NIFTY2420820800CE,0.00,0.00,0.00,1077.10,0.00,1077.10,22032.30,1325.85,0,0,0,0.00,0,F1,50,,,,,
2024-01-16,2024-01-16,FO,NSE,IDO,37934,,NIFTY,,2024-02-01,2024-02-01,20800.00,CE,NIFTY2420120800CE,0.00,0.00,0.00,1143.50,1143.50,1143.50,22032.30,1295.40,50,0,0,0.00,0,F1,50,,,,,
2024-01-16,2024-01-16,FO,NSE,IDO,72847,,NIFTY,,2024-02-29,2024-02-29,20800.00,CE,NIFTY24FEB20800CE,1468.40,1481.70,1410.00,1428.75,1430.75,1500.65,22032.30,1428.75,10100,-200,18,20030600.00,13,F1,50,,,,,
2024-01-16,2024-01-16,FO,NSE,IDO,56558,,NIFTY,,2024-01-25,2024-01-25,20800.00,CE,NIFTY24JAN20800CE,1270.00,1334.75,1204.05,1225.75,1225.75,1336.80,22032.30,1225.75,140200,1250,125,137861647.50,57,F1,50,,,,,
2024-01-16,2024-01-16,FO,NSE,IDO,39740,,NIFTY,,2024-02-15,2024-02-15,20800.00,CE,NIFTY2421520800CE,0.00,0.00,0.00,1066.10,0.00,1066.10,22032.30,1357.90,0,0,0,0.00,0,F1,50,,,,,
2024-01-16,2024-01-16,FO,NSE,IDO,39744,,NIFTY,,2024-02-15,2024-02-15,20800.00,PE,NIFTY2421520800PE,0.00,0.00,0.00,73.85,0.00,73.85,22032.30,10.50,0,0,0,0.00,0,F1,50,,,,,
2024-01-16,2024-01-16,FO,NSE,IDO,39751,,NIFTY,,2024-02-15,2024-02-15,20850.00,CE,NIFTY2421520850CE,0.00,0.00,0.00,1024.45,0.00,1024.45,22032.30,1310.15,0,0,0,0.00,0,F1,50,,,,,
2024-01-16,2024-01-16,FO,NSE,IDO,50095,,NIFTY,,2024-02-15,2024-02-15,23100.00,CE,NIFTY2421523100CE,0.00,0.00,0.00,47.45,0.00,47.45,22032.30,44.55,0,0,0,0.00,0,F1,50,,,,,
2024-01-16,2024-01-16,FO,NSE,IDO,59419,,NIFTY,,2024-01-18,2024-01-18,23100.00,PE,NIFTY2411823100PE,0.00,0.00,0.00,1773.25,0.00,1773.25,22032.30,1059.15,0,0,0,0.00,0,F1,50,,,,,
2024-01-16,2024-01-16,FO,NSE,IDO,39217,,NIFTY,,2024-01-18,2024-01-18,19900.00,PE,NIFTY2411819900PE,2.65,2.65,1.10,1.30,1.25,2.60,22032.30,1.30,1084550,137100,55149,54877931545.00,11191,F1,50,,,,,
2024-01-16,2024-01-16,FO,NSE,IDO,56518,,NIFTY,,2024-01-25,2024-01-25,19900.00,CE,NIFTY24JAN19900CE,2168.00,2203.85,2118.00,2133.00,2133.00,2235.00,22032.30,2165.40,28350,-1250,50,55126007.50,28,F1,50,,,,,
2024-01-16,2024-01-16,FO,NSE,IDO,67258,,NIFTY,,2024-03-28,2024-03-28,20650.00,PE,NIFTY24MAR20650PE,0.00,0.00,0.00,137.85,0.00,137.85,22032.30,38.30,0,0,0,0.00,0,F1,50,,,,,
2024-01-16,2024-01-16,FO,NSE,IDO,72834,,NIFTY,,2024-02-29,2024-02-29,20650.00,CE,NIFTY24FEB20650CE,0.00,0.00,0.00,1640.00,1640.00,1640.00,22032.30,1565.20,200,0,0,0.00,0,F1,50,,,,,
2024-01-16,2024-01-16,FO,NSE,IDO,56553,,NIFTY,,2024-01-25,2024-01-25,20650.00,PE,NIFTY24JAN20650PE,7.35,7.65,5.35,5.80,5.45,7.50,22032.30,5.80,312650,-850,6152,6353934902.50,2837,F1,50,,,,,
2024-01-16,2024-01-16,FO,NSE,IDO,56473,,NIFTY,,2024-01-25,2024-01-25,19150.00,CE,NIFTY24JAN19150CE,0.00,0.00,0.00,2794.75,2794.75,2794.75,22032.30,2914.15,50,0,0,0.00,0,F1,50,,,,,
2024-01-16,2024-01-16,FO,NSE,IDO,86144,,NIFTY,,2028-06-29,2028-06-29,20000.00,PE,NIFTY28JUN20000PE,0.00,0.00,0.00,707.55,0.00,707.55,22032.30,122.25,0,0,0,0.00,0,F1,50,,,,,
2024-01-16,2024-01-16,FO,NSE,IDO,86146,,NIFTY,,2028-06-29,2028-06-29,21000.00,PE,NIFTY28JUN21000PE,0.00,0.00,0.00,907.20,0.00,907.20,22032.30,191.65,0,0,0,0.00,0,F1,50,,,,,
2024-01-16,2024-01-16,FO,NSE,IDO,56567,,NIFTY,,2024-01-25,2024-01-25,21000.00,PE,NIFTY24JAN21000PE,14.00,16.90,11.00,11.60,11.45,15.10,22032.30,11.60,3891800,146450,77259,81174006607.50,22606,F1,50,,,,,
2024-01-16,2024-01-16,FO,NSE,IDO,65879,,NIFTY,,2024-09-26,2024-09-26,21000.00,CE,NIFTY24SEP21000CE,0.00,0.00,0.00,1173.80,0.00,1173.80,22032.30,2197.50,0,0,0,0.00,0,F1,50,,,,,
2024-01-16,2024-01-16,FO,NSE,IDO,39976,,NIFTY,,2024-12-26,2024-12-26,19000.00,CE,NIFTY24DEC19000CE,4222.00,4250.00,4095.05,4105.90,4120.00,4207.25,22032.30,4105.90,69150,100,80,92627932.50,68,F1,50,,,,,
2024-01-16,2024-01-16,FO,NSE,IDO,67773,,NIFTY,,2028-12-28,2028-12-28,19000.00,PE,NIFTY28DEC19000PE,0.00,0.00,0.00,158.00,0.00,158.00,22032.30,70.45,0,0,0,0.00,0,F1,50,,,,,
2024-01-16,2024-01-16,FO,NSE,IDO,56461,,NIFTY,,2024-01-25,2024-01-25,19000.00,CE,NIFTY24JAN19000CE,3094.00,3130.00,3010.00,3035.95,3020.60,3143.25,22032.30,3035.95,462350,-15750,2246,2474853577.50,658,F1,50,,,,,
2024-01-16,2024-01-16,FO,NSE,IDO,65847,,NIFTY,,2024-09-26,2024-09-26,19000.00,CE,NIFTY24SEP19000CE,0.00,0.00,0.00,2277.40,0.00,2277.40,22032.30,3925.60,0,0,0,0.00,0,F1,50,,,,,
2024-01-16,2024-01-16,FO,NSE,IDO,53606,,NIFTY,,2027-12-30,2027-12-30,19000.00,PE,NIFTY27DEC19000PE,0.00,0.00,0.00,760.00,760.00,760.00,22032.30,76.75,700,0,0,0.00,0,F1,50,,,,,
2024-01-16,2024-01-16,FO,NSE,IDO,39987,,NIFTY,,2025-12-24,2025-12-24,19000.00,CE,NIFTY25DEC19000CE,0.00,0.00,0.00,4401.00,4401.00,4401.00,22032.30,5432.15,3200,0,0,0.00,0,F1,50,,,,,
2024-01-16,2024-01-16,FO,NSE,IDO,53605,,NIFTY,,2027-12-30,2027-12-30,19000.00,CE,NIFTY27DEC19000CE,0.00,0.00,0.00,5794.90,0.00,5794.90,22032.30,7561.85,0,0,0,0.00,0,F1,50,,,,,
2024-01-16,2024-01-16,FO,NSE,IDO,39986,,NIFTY,,2025-06-26,2025-06-26,19000.00,PE,NIFTY25JUN19000PE,0.00,0.00,0.00,3210.95,0.00,3210.95,22032.30,55.25,0,0,0,0.00,0,F1,50,,,,,
2024-01-16,2024-01-16,FO,NSE,IDO,86141,,NIFTY,,2028-06-29,2028-06-29,19000.00,CE,NIFTY28JUN19000CE,0.00,0.00,0.00,6252.25,0.00,6252.25,22032.30,8040.55,0,0,0,0.00,0,F1,50,,,,,
2024-01-16,2024-01-16,FO,NSE,IDO,71549,,NIFTY,,2027-06-24,2027-06-24,19000.00,CE,NIFTY27JUN19000CE,0.00,0.00,0.00,3701.25,3701.25,3701.25,22032.30,7046.10,100,0,0,0.00,0,F1,50,,,,,
2024-01-16,2024-01-16,FO,NSE,IDO,44805,,NIFTY,,2024-02-08,2024-02-08,21850.00,PE,NIFTY2420821850PE,188.00,225.00,186.55,197.90,198.80,188.10,22032.30,197.90,3100,150,20,22050555.00,18,F1,50,,,,,
2024-01-16,2024-01-16,FO,NSE,IDO,72665,,NIFTY,,2024-02-29,2024-02-29,18950.00,PE,NIFTY24FEB18950PE,0.00,0.00,0.00,103.40,0.00,103.40,22032.30,0.05,0,0,0,0.00,0,F1,50,,,,,
2024-01-16,2024-01-16,FO,NSE,IDO,38055,,NIFTY,,2024-02-01,2024-02-01,21800.00,PE,NIFTY2420121800PE,140.15,169.00,124.20,143.35,145.00,129.50,22032.30,143.35,245050,6700,5647,6195508755.00,1981,F1,50,,,,,
2024-01-16,2024-01-16,FO,NSE,IDO,42062,,NIFTY,,2024-02-29,2024-02-29,23500.00,CE,NIFTY24FEB23500CE,53.95,54.85,41.00,45.70,45.30,53.95,22032.30,45.70,211600,83500,7783,9163839262.50,4036,F1,50,,,,,
2024-01-16,2024-01-16,FO,NSE,IDO,72833,,NIFTY,,2024-02-29,2024-02-29,20600.00,PE,NIFTY24FEB20600PE,43.00,46.20,40.20,40.70,40.60,42.30,22032.30,40.70,212450,29700,2139,2207663817.50,1251,F1,50,,,,,
2024-01-16,2024-01-16,FO,NSE,IDO,50205,,NIFTY,,2024-02-15,2024-02-15,23500.00,CE,NIFTY2421523500CE,24.00,29.50,20.95,26.10,27.30,24.00,22032.30,26.10,950,750,29,34113990.00,12,F1,50,,,,,
2024-01-16,2024-01-16,FO,NSE,IDO,50305,,NIFTY,,2024-02-15,2024-02-15,23800.00,PE,NIFTY2421523800PE,0.00,0.00,0.00,1996.85,0.00,1996.85,22032.30,1641.95,0,0,0,0.00,0,F1,50,,,,,
2024-01-16,2024-01-16,FO,NSE,IDO,47400,,NIFTY,,2024-01-25,2024-01-25,23800.00,PE,NIFTY24JAN23800PE,1717.70,1717.70,1690.45,1690.45,1690.45,2711.55,22032.30,1728.15,150,150,5,6377772.50,4,F1,50,,,,,
2024-01-16,2024-01-16,FO,NSE,IDO,45667,,NIFTY,,2024-02-08,2024-02-08,23800.00,CE,NIFTY2420823800CE,10.75,13.95,10.35,13.45,13.45,10.75,22032.30,13.45,1850,1850,63,75005802.50,19,F1,50,,,,,
2024-01-16,2024-01-16,FO,NSE,IDO,58638,,NIFTY,,2026-12-31,2026-12-31,17000.00,CE,NIFTY26DEC17000CE,0.00,0.00,0.00,4955.10,0.00,4955.10,22032.30,8128.55,0,0,0,0.00,0,F1,50,,,,,
2024-01-16,2024-01-16,FO,NSE,IDO,65840,,NIFTY,,2024-09-26,2024-09-26,17000.00,PE,NIFTY24SEP17000PE,0.00,0.00,0.00,103.70,0.00,103.70,22032.30,0.70,0,0,0,0.00,0,F1,50,,,,,
2024-01-16,2024-01-16,FO,NSE,IDO,38122,,NIFTY,,2024-02-01,2024-02-01,22850.00,PE,NIFTY2420122850PE,0.00,0.00,0.00,1458.10,0.00,1458.10,22032.30,775.60,0,0,0,0.00,0,F1,50,,,,,
2024-01-16,2024-01-16,FO,NSE,IDO,50086,,NIFTY,,2024-02-15,2024-02-15,22850.00,PE,NIFTY2421522850PE,0.00,0.00,0.00,1120.25,0.00,1120.25,22032.30,772.20,0,0,0,0.00,0,F1,50,,,,,
2024-01-16,2024-01-16,FO,NSE,IDO,65878,,NIFTY,,2024-09-26,2024-09-26,20000.00,PE,NIFTY24SEP20000PE,0.00,0.00,0.00,762.75,0.00,762.75,22032.30,74.20,0,0,0,0.00,0,F1,50,,,,,
2024-01-16,2024-01-16,FO,NSE,IDO,50088,,NIFTY,,2024-02-15,2024-02-15,22900.00,PE,NIFTY2421522900PE,0.00,0.00,0.00,1163.05,0.00,1163.05,22032.30,813.20,0,0,0,0.00,0,F1,50,,,,,
2024-01-16,2024-01-16,FO,NSE,IDO,67589,,NIFTY,,2024-03-28,2024-03-28,22900.00,PE,NIFTY24MAR22900PE,805.00,857.00,805.00,836.40,836.40,785.10,22032.30,816.15,1950,350,21,24918382.50,18,F1,50,,,,,
2024-01-16,2024-01-16,FO,NSE,IDO,38123,,NIFTY,,2024-02-01,2024-02-01,22900.00,CE,NIFTY2420122900CE,41.00,43.65,29.05,34.45,34.65,44.40,22032.30,34.45,46750,8550,1355,1554023395.00,575,F1,50,,,,,
2024-01-16,2024-01-16,FO,NSE,IDO,57433,,NIFTY,,2024-01-25,2024-01-25,22900.00,CE,NIFTY24JAN22900CE,11.70,12.35,6.75,7.45,7.25,11.00,22032.30,7.45,712750,5450,26105,29901364647.50,10152,F1,50,,,,,
2024-01-16,2024-01-16,FO,NSE,IDO,67282,,NIFTY,,2024-03-28,2024-03-28,21300.00,PE,NIFTY24MAR21300PE,196.95,206.30,188.00,198.55,201.65,191.50,22032.30,198.55,20150,1500,154,165521870.00,73,F1,50,,,,,
2024-01-16,2024-01-16,FO,NSE,IDO,72881,,NIFTY,,2024-02-29,2024-02-29,21300.00,PE,NIFTY24FEB21300PE,114.95,129.95,109.70,118.65,118.10,112.15,22032.30,118.65,184850,13100,2174,2327981195.00,948,F1,50,,,,,
2024-01-16,2024-01-16,FO,NSE,IDO,59261,,NIFTY,,2024-01-18,2024-01-18,21300.00,CE,NIFTY2411821300CE,763.70,825.00,673.30,729.20,729.05,821.10,22032.30,729.20,111750,-6250,421,464340362.50,206,F1,50,,,,,
2024-01-16,2024-01-16,FO,NSE,IDO,67281,,NIFTY,,2024-03-28,2024-03-28,21300.00,CE,NIFTY24MAR21300CE,1244.15,1252.15,1212.75,1212.75,1212.75,1265.70,22032.30,1137.60,5450,-750,20,22537895.00,12,F1,50,,,,,
2024-01-16,2024-01-16,FO,NSE,IDO,41735,,NIFTY,,2024-02-15,2024-02-15,21300.00,PE,NIFTY2421521300PE,0.00,0.00,0.00,186.95,0.00,186.95,22032.30,49.25,0,0,0,0.00,0,F1,50,,,,,
2024-01-16,2024-01-16,FO,NSE,IDO,72880,,NIFTY,,2024-02-29,2024-02-29,21300.00,CE,NIFTY24FEB21300CE,1036.70,1073.10,975.00,983.70,984.75,1078.40,22032.30,983.70,17700,-1250,99,110584417.50,65,F1,50,,,,,
2024-01-16,2024-01-16,FO,NSE,IDO,39207,,NIFTY,,2024-01-18,2024-01-18,19750.00,CE,NIFTY2411819750CE,0.00,0.00,0.00,1873.05,1873.05,1873.05,22032.30,2289.60,200,0,0,0.00,0,F1,50,,,,,
2024-01-16,2024-01-16,FO,NSE,IDO,56513,,NIFTY,,2024-01-25,2024-01-25,19750.00,PE,NIFTY24JAN19750PE,3.40,3.95,3.00,3.15,3.00,3.80,22032.30,3.15,23800,650,339,334821215.00,97,F1,50,,,,,
2024-01-16,2024-01-16,FO,NSE,IDO,41731,,NIFTY,,2024-02-15,2024-02-15,21250.00,PE,NIFTY2421521250PE,0.00,0.00,0.00,171.95,0.00,171.95,22032.30,42.95,0,0,0,0.00,0,F1,50,,,,,
2024-01-16,2024-01-16,FO,NSE,IDO,67279,,NIFTY,,2024-03-28,2024-03-28,21250.00,CE,NIFTY24MAR21250CE,0.00,0.00,0.00,1300.00,1300.00,1300.00,22032.30,1177.40,150,0,0,0.00,0,F1,50,,,,,
2024-01-16,2024-01-16,FO,NSE,IDO,72879,,NIFTY,,2024-02-29,2024-02-29,21250.00,PE,NIFTY24FEB21250PE,103.95,116.40,102.50,108.80,109.25,104.20,22032.30,108.80,10050,-3450,296,316090722.50,152,F1,50,,,,,
2024-01-16,2024-01-16,FO,NSE,IDO,42756,,NIFTY,,2024-02-08,2024-02-08,21250.00,PE,NIFTY2420821250PE,0.00,0.00,0.00,170.90,0.00,170.90,22032.30,28.80,0,0,0,0.00,0,F1,50,,,,,
2024-01-16,2024-01-16,FO,NSE,IDO,56430,,NIFTY,,2024-01-25,2024-01-25,18650.00,PE,NIFTY24JAN18650PE,2.15,2.50,2.15,2.35,2.35,2.45,22032.30,0.05,1300,-1050,32,29843687.50,7,F1,50,,,,,
2024-01-16,2024-01-16,FO,NSE,IDO,56429,,NIFTY,,2024-01-25,2024-01-25,18650.00,CE,NIFTY24JAN18650CE,0.00,0.00,0.00,867.95,0.00,867.95,22032.30,3413.30,0,0,0,0.00,0,F1,50,,,,,
2024-01-16,2024-01-16,FO,NSE,IDO,72607,,NIFTY,,2024-02-29,2024-02-29,18650.00,PE,NIFTY24FEB18650PE,0.00,0.00,0.00,26.60,26.60,26.60,22032.30,0.05,1050,0,0,0.00,0,F1,50,,,,,
2024-01-16,2024-01-16,FO,NSE,IDO,56579,,NIFTY,,2024-01-25,2024-01-25,21250.00,PE,NIFTY24JAN21250PE,25.50,27.60,19.35,20.20,22.50,24.60,22032.30,20.20,196350,10250,8954,9523549725.00,3390,F1,50,,,,,
2024-01-16,2024-01-16,FO,NSE,IDO,56578,,NIFTY,,2024-01-25,2024-01-25,21250.00,CE,NIFTY24JAN21250CE,851.10,905.00,751.05,800.70,790.70,908.45,22032.30,800.70,38300,-2950,138,152302305.00,62,F1,50,,,,,
2024-01-16,2024-01-16,FO,NSE,IDO,45501,,NIFTY,,2024-02-08,2024-02-08,22250.00,PE,NIFTY2420822250PE,383.75,383.75,383.70,383.75,383.70,344.90,22032.30,383.75,3000,-50,2,2263372.50,2,F1,50,,,,,
2024-01-16,2024-01-16,FO,NSE,IDO,44249,,NIFTY,,2024-01-25,2024-01-25,22200.00,CE,NIFTY24JAN22200CE,140.05,155.60,89.30,105.40,102.10,162.95,22032.30,105.40,1872200,568700,128745,143687661410.00,45346,F1,50,,,,,
2024-01-16,2024-01-16,FO,NSE,IDO,35070,,NIFTY,,2024-01-25,2024-01-25,22000.00,CE,NIFTY24JAN22000CE,258.00,269.25,167.80,194.60,188.00,276.50,22032.30,194.60,2991750,326350,224027,248862028642.50,92143,F1,50,,,,,
2024-01-16,2024-01-16,FO,NSE,IDO,45018,,NIFTY,,2024-02-08,2024-02-08,22000.00,PE,NIFTY2420822000PE,235.00,290.10,229.00,263.55,262.95,232.95,22032.30,263.55,73400,24700,2121,2360178110.00,1041,F1,50,,,,,
2024-01-16,2024-01-16,FO,NSE,IDO,65902,,NIFTY,,2024-09-26,2024-09-26,24000.00,PE,NIFTY24SEP24000PE,0.00,0.00,0.00,3149.25,0.00,3149.25,22032.30,1409.15,0,0,0,0.00,0,F1,50,,,,,
2024-01-16,2024-01-16,FO,NSE,IDO,38064,,NIFTY,,2024-02-01,2024-02-01,22000.00,CE,NIFTY2420122000CE,378.50,378.50,268.15,298.05,295.90,376.40,22032.30,298.05,299850,57600,7023,7840239890.00,3441,F1,50,,,,,
2024-01-16,2024-01-16,FO,NSE,IDO,71472,,NIFTY,,2026-06-25,2026-06-25,24000.00,CE,NIFTY26JUN24000CE,0.00,0.00,0.00,1698.30,0.00,1698.30,22032.30,2584.00,0,0,0,0.00,0,F1,50,,,,,
2024-01-16,2024-01-16,FO,NSE,IDO,46570,,NIFTY,,2024-02-15,2024-02-15,22000.00,PE,NIFTY2421522000PE,276.00,313.70,255.20,290.55,287.00,258.50,22032.30,290.55,7800,3200,181,201668547.50,103,F1,50,,,,,
2024-01-16,2024-01-16,FO,NSE,IDO,56370,,NIFTY,,2024-01-25,2024-01-25,17800.00,PE,NIFTY24JAN17800PE,1.70,1.80,1.50,1.50,1.50,1.70,22032.30,1.50,4400,-1050,54,48064652.50,18,F1,50,,,,,
2024-01-16,2024-01-16,FO,NSE,IDO,56360,,NIFTY,,2024-01-25,2024-01-25,17550.00,PE,NIFTY24JAN17550PE,1.45,1.45,1.35,1.35,1.35,2.25,22032.30,0.05,2100,-250,5,4387857.50,2,F1,50,,,,,
2024-01-16,2024-01-16,FO,NSE,IDO,56359,,NIFTY,,2024-01-25,2024-01-25,17550.00,CE,NIFTY24JAN17550CE,0.00,0.00,0.00,4050.00,4050.00,4050.00,22032.30,4511.50,250,0,0,0.00,0,F1,50,,,,,
2024-01-16,2024-01-16,FO,NSE,IDO,56366,,NIFTY,,2024-01-25,2024-01-25,17700.00,PE,NIFTY24JAN17700PE,1.50,2.30,1.45,1.50,1.50,1.80,22032.30,1.50,1500,-1100,55,48679637.50,21,F1,50,,,,,
2024-01-16,2024-01-16,FO,NSE,IDO,50307,,NIFTY,,2024-02-15,2024-02-15,23850.00,CE,NIFTY2421523850CE,0.00,0.00,0.00,8.90,0.00,8.90,22032.30,5.05,0,0,0,0.00,0,F1,50,,,,,
2024-01-16,2024-01-16,FO,NSE,IDO,47421,,NIFTY,,2024-02-29,2024-02-29,23850.00,CE,NIFTY24FEB23850CE,30.90,30.90,22.70,25.35,25.35,35.40,22032.30,25.35,9650,9650,918,1095958082.50,456,F1,50,,,,,
2024-01-16,2024-01-16,FO,NSE,IDO,40231,,NIFTY,,2024-02-08,2024-02-08,20200.00,CE,NIFTY2420820200CE,0.00,0.00,0.00,1617.15,0.00,1617.15,22032.30,1918.30,0,0,0,0.00,0,F1,50,,,,,
2024-01-16,2024-01-16,FO,NSE,IDO,37879,,NIFTY,,2024-02-01,2024-02-01,20200.00,PE,NIFTY2420120200PE,9.20,10.40,6.90,7.95,6.90,9.00,22032.30,7.95,12750,600,108,109128665.00,40,F1,50,,,,,
2024-01-16,2024-01-16,FO,NSE,IDO,55116,,NIFTY,,2024-06-27,2024-06-27,18000.00,PE,NIFTY24JUN18000PE,66.00,70.00,58.05,62.60,63.00,59.50,22032.30,62.60,454000,29500,1202,1085440522.50,432,F1,50,,,,,
2024-01-16,2024-01-16,FO,NSE,IDO,60324,,NIFTY,,2024-03-28,2024-03-28,18000.00,PE,NIFTY24MAR18000PE,16.30,17.20,14.80,15.60,15.90,16.80,22032.30,15.60,851550,-5350,595,535975750.00,282,F1,50,,,,,
2024-01-16,2024-01-16,FO,NSE,IDO,71547,,NIFTY,,2027-06-24,2027-06-24,18000.00,CE,NIFTY27JUN18000CE,0.00,0.00,0.00,4066.45,0.00,4066.45,22032.30,7802.35,0,0,0,0.00,0,F1,50,,,,,
2024-01-16,2024-01-16,FO,NSE,IDO,58640,,NIFTY,,2026-12-31,2026-12-31,18000.00,CE,NIFTY26DEC18000CE,0.00,0.00,0.00,4501.45,0.00,4501.45,22032.30,7331.00,0,0,0,0.00,0,F1,50,,,,,
2024-01-16,2024-01-16,FO,NSE,IDO,72961,,NIFTY,,2024-02-29,2024-02-29,23100.00,PE,NIFTY24FEB23100PE,954.80,1038.50,953.80,1038.50,1038.50,922.10,22032.30,971.60,1200,150,12,14443670.00,12,F1,50,,,,,
2024-01-16,2024-01-16,FO,NSE,IDO,56406,,NIFTY,,2024-01-25,2024-01-25,18250.00,PE,NIFTY24JAN18250PE,2.00,2.00,1.95,1.95,1.95,3.00,22032.30,0.05,1050,-400,12,10951185.00,3,F1,50,,,,,
2024-01-16,2024-01-16,FO,NSE,IDO,59270,,NIFTY,,2024-01-18,2024-01-18,21400.00,PE,NIFTY2411821400PE,8.00,9.50,4.55,4.90,4.90,8.60,22032.30,4.90,4106700,-199950,494245,529000324232.50,116984,F1,50,,,,,
2024-01-16,2024-01-16,FO,NSE,IDO,59269,,NIFTY,,2024-01-18,2024-01-18,21400.00,CE,NIFTY2411821400CE,690.00,726.05,572.00,633.75,629.85,722.85,22032.30,633.75,216750,-61600,3754,4140132885.00,1697,F1,50,,,,,
2024-01-16,2024-01-16,FO,NSE,IDO,67285,,NIFTY,,2024-03-28,2024-03-28,21400.00,CE,NIFTY24MAR21400CE,1151.65,1165.75,1075.00,1075.00,1075.00,1149.10,22032.30,1059.85,2900,100,9,10147865.00,6,F1,50,,,,,
2024-01-16,2024-01-16,FO,NSE,IDO,56587,,NIFTY,,2024-01-25,2024-01-25,21400.00,CE,NIFTY24JAN21400CE,709.70,762.40,608.45,657.75,651.30,765.20,22032.30,657.75,334400,-34950,2458,2715659112.50,1377,F1,50,,,,,
2024-01-16,2024-01-16,FO,NSE,IDO,39515,,NIFTY,,2024-02-08,2024-02-08,19900.00,CE,NIFTY2420819900CE,0.00,0.00,0.00,1904.85,0.00,1904.85,22032.30,2216.80,0,0,0,0.00,0,F1,50,,,,,
2024-01-16,2024-01-16,FO,NSE,IDO,37842,,NIFTY,,2024-02-01,2024-02-01,19900.00,CE,NIFTY2420119900CE,0.00,0.00,0.00,1725.30,1725.30,1725.30,22032.30,2191.10,50,0,0,0.00,0,F1,50,,,,,
2024-01-16,2024-01-16,FO,NSE,IDO,38346,,NIFTY,,2024-02-15,2024-02-15,19900.00,CE,NIFTY2421519900CE,0.00,0.00,0.00,1893.55,0.00,1893.55,22032.30,2242.60,0,0,0,0.00,0,F1,50,,,,,
2024-01-16,2024-01-16,FO,NSE,IDO,39491,,NIFTY,,2024-02-08,2024-02-08,19750.00,CE,NIFTY2420819750CE,0.00,0.00,0.00,2051.00,0.00,2051.00,22032.30,2366.15,0,0,0,0.00,0,F1,50,,,,,
2024-01-16,2024-01-16,FO,NSE,IDO,67222,,NIFTY,,2024-03-28,2024-03-28,19750.00,CE,NIFTY24MAR19750CE,0.00,0.00,0.00,2421.85,0.00,2421.85,22032.30,2548.10,0,0,0,0.00,0,F1,50,,,,,
2024-01-16,2024-01-16,FO,NSE,IDO,59259,,NIFTY,,2024-01-18,2024-01-18,21250.00,CE,NIFTY2411821250CE,841.50,868.85,750.30,781.30,779.50,865.95,22032.30,781.30,14200,-550,27,29768425.00,21,F1,50,,,,,
2024-01-16,2024-01-16,FO,NSE,IDO,59382,,NIFTY,,2024-01-18,2024-01-18,22250.00,PE,NIFTY2411822250PE,211.55,301.35,168.25,237.40,243.75,185.40,22032.30,237.40,341600,-150900,131203,147342924420.00,56882,F1,50,,,,,
2024-01-16,2024-01-16,FO,NSE,IDO,44256,,NIFTY,,2024-01-25,2024-01-25,22250.00,PE,NIFTY24JAN22250PE,273.00,358.00,246.10,310.90,310.65,255.90,22032.30,310.90,57400,-19100,3801,4284584315.00,2054,F1,50,,,,,
2024-01-16,2024-01-16,FO,NSE,IDO,67318,,NIFTY,,2024-03-28,2024-03-28,22250.00,PE,NIFTY24MAR22250PE,0.00,0.00,0.00,678.20,0.00,678.20,22032.30,437.80,0,0,0,0.00,0,F1,50,,,,,
2024-01-16,2024-01-16,FO,NSE,IDO,45500,,NIFTY,,2024-02-08,2024-02-08,22250.00,CE,NIFTY2420822250CE,299.50,299.50,214.55,240.20,237.10,295.30,22032.30,240.20,7550,5250,124,139513082.50,26,F1,50,,,,,
2024-01-16,2024-01-16,FO,NSE,IDO,72780,,NIFTY,,2024-02-29,2024-02-29,19750.00,PE,NIFTY24FEB19750PE,0.00,0.00,0.00,16.55,16.55,16.55,22032.30,0.75,2500,0,0,0.00,0,F1,50,,,,,
2024-01-16,2024-01-16,FO,NSE,IDO,56512,,NIFTY,,2024-01-25,2024-01-25,19750.00,CE,NIFTY24JAN19750CE,0.00,0.00,0.00,1923.80,1923.80,1923.80,22032.30,2315.15,1350,0,0,0.00,0,F1,50,,,,,
2024-01-16,2024-01-16,FO,NSE,IDO,37985,,NIFTY,,2024-02-01,2024-02-01,21250.00,PE,NIFTY2420121250PE,48.00,54.60,43.75,45.40,45.15,48.00,22032.30,45.40,13600,-300,147,156532232.50,80,F1,50,,,,,
2024-01-16,2024-01-16,FO,NSE,IDO,67651,,NIFTY,,2024-03-28,2024-03-28,23850.00,PE,NIFTY24MAR23850PE,0.00,0.00,0.00,1785.45,0.00,1785.45,22032.30,1568.90,0,0,0,0.00,0,F1,50,,,,,
2024-01-16,2024-01-16,FO,NSE,IDO,47401,,NIFTY,,2024-01-25,2024-01-25,23850.00,CE,NIFTY24JAN23850CE,2.30,2.55,2.00,2.15,2.10,5.55,22032.30,2.15,50200,50200,3074,3666089507.50,681,F1,50,,,,,
2024-01-16,2024-01-16,FO,NSE,IDO,45680,,NIFTY,,2024-02-08,2024-02-08,23850.00,PE,NIFTY2420823850PE,0.00,0.00,0.00,2034.80,0.00,2034.80,22032.30,1718.10,0,0,0,0.00,0,F1,50,,,,,
2024-01-16,2024-01-16,FO,NSE,IDO,39235,,NIFTY,,2024-01-18,2024-01-18,20300.00,PE,NIFTY2411820300PE,2.00,2.65,1.15,1.35,1.30,2.65,22032.30,1.35,567750,19400,50648,51412763370.00,9371,F1,50,,,,,
2024-01-16,2024-01-16,FO,NSE,IDO,37890,,NIFTY,,2024-02-01,2024-02-01,20300.00,CE,NIFTY2420120300CE,0.00,0.00,0.00,1198.65,0.00,1198.65,22032.30,1792.35,0,0,0,0.00,0,F1,50,,,,,
2024-01-16,2024-01-16,FO,NSE,IDO,56539,,NIFTY,,2024-01-25,2024-01-25,20300.00,PE,NIFTY24JAN20300PE,5.80,6.40,4.50,4.80,4.60,6.30,22032.30,4.80,278000,-60700,5232,5311885285.00,2265,F1,50,,,,,
2024-01-16,2024-01-16,FO,NSE,IDO,40454,,NIFTY,,2024-02-08,2024-02-08,20300.00,CE,NIFTY2420820300CE,0.00,0.00,0.00,1523.20,0.00,1523.20,22032.30,1818.95,0,0,0,0.00,0,F1,50,,,,,
2024-01-16,2024-01-16,FO,NSE,IDO,40455,,NIFTY,,2024-02-08,2024-02-08,20300.00,PE,NIFTY2420820300PE,0.00,0.00,0.00,23.20,0.00,23.20,22032.30,0.45,0,0,0,0.00,0,F1,50,,,,,
2024-01-16,2024-01-16,FO,NSE,IDO,72635,,NIFTY,,2024-02-29,2024-02-29,18800.00,PE,NIFTY24FEB18800PE,0.00,0.00,0.00,83.00,0.00,83.00,22032.30,0.05,0,0,0,0.00,0,F1,50,,,,,
2024-01-16,2024-01-16,FO,NSE,IDO,72620,,NIFTY,,2024-02-29,2024-02-29,18800.00,CE,NIFTY24FEB18800CE,0.00,0.00,0.00,3143.75,3143.75,3143.75,22032.30,3384.65,50,0,0,0.00,0,F1,50,,,,,
2024-01-16,2024-01-16,FO,NSE,IDO,65842,,NIFTY,,2024-09-26,2024-09-26,18000.00,PE,NIFTY24SEP18000PE,0.00,0.00,0.00,229.25,0.00,229.25,22032.30,4.65,0,0,0,0.00,0,F1,50,,,,,
2024-01-16,2024-01-16,FO,NSE,IDO,67278,,NIFTY,,2024-03-28,2024-03-28,21200.00,PE,NIFTY24MAR21200PE,175.65,188.10,170.30,179.00,179.35,172.40,22032.30,179.00,23350,3700,391,417927065.00,203,F1,50,,,,,
2024-01-16,2024-01-16,FO,NSE,IDO,56577,,NIFTY,,2024-01-25,2024-01-25,21200.00,PE,NIFTY24JAN21200PE,24.00,24.20,16.95,17.60,17.30,21.90,22032.30,17.60,1247000,63600,37193,39461762360.00,13418,F1,50,,,,,
2024-01-16,2024-01-16,FO,NSE,IDO,67591,,NIFTY,,2024-03-28,2024-03-28,22950.00,PE,NIFTY24MAR22950PE,0.00,0.00,0.00,1100.35,0.00,1100.35,22032.30,850.50,0,0,0,0.00,0,F1,50,,,,,
2024-01-16,2024-01-16,FO,NSE,IDO,56368,,NIFTY,,2024-01-25,2024-01-25,17750.00,PE,NIFTY24JAN17750PE,1.65,1.65,1.65,1.65,1.65,2.25,22032.30,0.05,1650,0,1,887582.50,1,F1,50,,,,,
2024-01-16,2024-01-16,FO,NSE,IDO,59411,,NIFTY,,2024-01-18,2024-01-18,22950.00,PE,NIFTY2411822950PE,898.25,934.25,897.40,929.45,927.80,923.45,22032.30,929.45,300,250,9,10739467.50,8,F1,50,,,,,
2024-01-16,2024-01-16,FO,NSE,IDO,38032,,NIFTY,,2024-02-01,2024-02-01,21650.00,CE,NIFTY2420121650CE,0.00,0.00,0.00,631.25,633.25,631.25,22032.30,513.00,13250,0,0,0.00,0,F1,50,,,,,
2024-01-16,2024-01-16,FO,NSE,IDO,59373,,NIFTY,,2024-01-18,2024-01-18,22050.00,CE,NIFTY2411822050CE,154.65,155.00,59.60,79.10,74.55,148.45,22032.30,79.10,3645850,2380300,2511429,2781030781420.00,946228,F1,50,,,,,
2024-01-16,2024-01-16,FO,NSE,IDO,35072,,NIFTY,,2024-01-25,2024-01-25,22050.00,CE,NIFTY24JAN22050CE,214.10,237.30,145.55,170.15,163.00,245.05,22032.30,170.15,463300,164550,50779,56468529702.50,18657,F1,50,,,,,
2024-01-16,2024-01-16,FO,NSE,IDO,72914,,NIFTY,,2024-02-29,2024-02-29,22050.00,CE,NIFTY24FEB22050CE,490.45,533.65,444.55,464.95,466.00,533.45,22032.30,464.95,22100,7550,291,327975465.00,199,F1,50,,,,,
2024-01-16,2024-01-16,FO,NSE,IDO,39231,,NIFTY,,2024-01-18,2024-01-18,20250.00,CE,NIFTY2411820250CE,1851.00,1851.00,1755.00,1755.00,1755.00,1819.00,22032.30,1789.80,3150,-800,16,17654750.00,3,F1,50,,,,,
2024-01-16,2024-01-16,FO,NSE,IDO,72854,,NIFTY,,2024-02-29,2024-02-29,20950.00,CE,NIFTY24FEB20950CE,0.00,0.00,0.00,956.10,956.10,956.10,22032.30,1286.60,750,0,0,0.00,0,F1,50,,,,,
2024-01-16,2024-01-16,FO,NSE,IDO,37889,,NIFTY,,2024-02-01,2024-02-01,20250.00,PE,NIFTY2420120250PE,0.00,0.00,0.00,11.40,11.40,11.40,22032.30,0.05,1450,0,0,0.00,0,F1,50,,,,,
2024-01-16,2024-01-16,FO,NSE,IDO,42321,,NIFTY,,2024-02-08,2024-02-08,20950.00,PE,NIFTY2420820950PE,0.00,0.00,0.00,99.40,0.00,99.40,22032.30,9.75,0,0,0,0.00,0,F1,50,,,,,
2024-01-16,2024-01-16,FO,NSE,IDO,67268,,NIFTY,,2024-03-28,2024-03-28,20900.00,PE,NIFTY24MAR20900PE,129.00,134.90,123.50,129.05,128.05,126.70,22032.30,129.05,54250,9300,295,310164570.00,174,F1,50,,,,,
2024-01-16,2024-01-16,FO,NSE,IDO,67305,,NIFTY,,2024-03-28,2024-03-28,21900.00,CE,NIFTY24MAR21900CE,800.00,831.05,749.95,761.15,750.00,844.85,22032.30,761.15,6850,850,72,81641897.50,40,F1,50,,,,,
2024-01-16,2024-01-16,FO,NSE,IDO,35054,,NIFTY,,2024-01-25,2024-01-25,21900.00,CE,NIFTY24JAN21900CE,330.05,338.00,221.95,255.65,248.00,345.90,22032.30,255.65,746850,-139650,35788,39687717352.50,16267,F1,50,,,,,
2024-01-16,2024-01-16,FO,NSE,IDO,38061,,NIFTY,,2024-02-01,2024-02-01,21900.00,PE,NIFTY2420121900PE,168.40,207.85,152.95,179.40,181.25,160.90,22032.30,179.40,77550,32300,3165,3493449922.50,1241,F1,50,,,,,
2024-01-16,2024-01-16,FO,NSE,IDO,67623,,NIFTY,,2024-03-28,2024-03-28,23400.00,CE,NIFTY24MAR23400CE,161.50,162.55,134.20,144.05,144.00,164.55,22032.30,144.05,17600,-2400,162,190755477.50,97,F1,50,,,,,
2024-01-16,2024-01-16,FO,NSE,IDO,39972,,NIFTY,,2024-06-27,2024-06-27,19000.00,PE,NIFTY24JUN19000PE,120.05,129.35,117.95,124.10,125.00,122.25,22032.30,124.10,757450,11200,913,872957967.50,716,F1,50,,,,,
2024-01-16,2024-01-16,FO,NSE,IDO,65848,,NIFTY,,2024-09-26,2024-09-26,19000.00,PE,NIFTY24SEP19000PE,0.00,0.00,0.00,239.55,239.55,239.55,22032.30,21.45,2850,0,0,0.00,0,F1,50,,,,,
2024-01-16,2024-01-16,FO,NSE,IDO,71556,,NIFTY,,2027-06-24,2027-06-24,22000.00,CE,NIFTY27JUN22000CE,0.00,0.00,0.00,2783.50,0.00,2783.50,22032.30,4934.30,0,0,0,0.00,0,F1,50,,,,,
2024-01-16,2024-01-16,FO,NSE,IDO,65883,,NIFTY,,2024-09-26,2024-09-26,22000.00,CE,NIFTY24SEP22000CE,1620.00,1620.00,1575.00,1579.20,1580.00,1620.00,22032.30,1579.20,7600,100,10,11797750.00,7,F1,50,,,,,
2024-01-16,2024-01-16,FO,NSE,IDO,58615,,NIFTY,,2024-12-26,2024-12-26,22000.00,PE,NIFTY24DEC22000PE,747.55,797.00,747.00,777.45,780.00,747.50,22032.30,777.45,288150,10100,504,573666697.50,310,F1,50,,,,,
2024-01-16,2024-01-16,FO,NSE,IDO,58627,,NIFTY,,2026-06-25,2026-06-25,22000.00,PE,NIFTY26JUN22000PE,0.00,0.00,0.00,3829.50,0.00,3829.50,22032.30,406.65,0,0,0,0.00,0,F1,50,,,,,
2024-01-16,2024-01-16,FO,NSE,IDO,45014,,NIFTY,,2024-02-08,2024-02-08,22000.00,CE,NIFTY2420822000CE,405.00,430.00,330.00,357.65,358.25,433.50,22032.30,357.65,58200,13950,984,1101156552.50,695,F1,50,,,,,
2024-01-16,2024-01-16,FO,NSE,IDO,72912,,NIFTY,,2024-02-29,2024-02-29,22000.00,CE,NIFTY24FEB22000CE,563.00,566.20,458.35,493.15,488.90,567.60,22032.30,493.15,907500,101200,11366,12796052107.50,7687,F1,50,,,,,
2024-01-16,2024-01-16,FO,NSE,IDO,67770,,NIFTY,,2028-12-28,2028-12-28,18000.00,CE,NIFTY28DEC18000CE,0.00,0.00,0.00,9380.30,0.00,9380.30,22032.30,9188.90,0,0,0,0.00,0,F1,50,,,,,
2024-01-16,2024-01-16,FO,NSE,IDO,55120,,NIFTY,,2025-06-26,2025-06-26,18000.00,PE,NIFTY25JUN18000PE,0.00,0.00,0.00,3586.15,0.00,3586.15,22032.30,20.85,0,0,0,0.00,0,F1,50,,,,,
2024-01-16,2024-01-16,FO,NSE,IDO,58641,,NIFTY,,2026-12-31,2026-12-31,18000.00,PE,NIFTY26DEC18000PE,0.00,0.00,0.00,374.15,374.15,374.15,22032.30,39.90,6350,0,0,0.00,0,F1,50,,,,,
2024-01-16,2024-01-16,FO,NSE,IDO,55117,,NIFTY,,2024-12-26,2024-12-26,18000.00,CE,NIFTY24DEC18000CE,5050.00,5050.00,4926.50,4926.50,4926.50,4953.25,22032.30,5154.70,25150,0,2,2298825.00,2,F1,50,,,,,
2024-01-16,2024-01-16,FO,NSE,IDO,56394,,NIFTY,,2024-01-25,2024-01-25,18000.00,PE,NIFTY24JAN18000PE,1.85,1.85,1.25,1.30,1.25,2.00,22032.30,1.30,435050,-10300,1503,1352814340.00,324,F1,50,,,,,
2024-01-16,2024-01-16,FO,NSE,IDO,72618,,NIFTY,,2024-02-29,2024-02-29,18750.00,CE,NIFTY24FEB18750CE,0.00,0.00,0.00,1796.00,0.00,1796.00,22032.30,3434.25,0,0,0,0.00,0,F1,50,,,,,
2024-01-16,2024-01-16,FO,NSE,IDO,60339,,NIFTY,,2024-03-28,2024-03-28,24000.00,CE,NIFTY24MAR24000CE,73.00,73.00,60.00,64.95,62.95,71.90,22032.30,64.95,668850,61400,3941,4742244705.00,1554,F1,50,,,,,
2024-01-16,2024-01-16,FO,NSE,IDO,58626,,NIFTY,,2026-06-25,2026-06-25,22000.00,CE,NIFTY26JUN22000CE,0.00,0.00,0.00,2722.55,0.00,2722.55,22032.30,3781.05,0,0,0,0.00,0,F1,50,,,,,
2024-01-16,2024-01-16,FO,NSE,IDO,53625,,NIFTY,,2027-12-30,2027-12-30,24000.00,PE,NIFTY27DEC24000PE,0.00,0.00,0.00,2561.85,0.00,2561.85,22032.30,639.15,0,0,0,0.00,0,F1,50,,,,,
2024-01-16,2024-01-16,FO,NSE,IDO,53604,,NIFTY,,2027-12-30,2027-12-30,18000.00,PE,NIFTY27DEC18000PE,0.00,0.00,0.00,74.80,74.80,74.80,22032.30,42.45,10500,0,0,0.00,0,F1,50,,,,,
2024-01-16,2024-01-16,FO,NSE,IDO,50556,,NIFTY,,2026-06-25,2026-06-25,18000.00,CE,NIFTY26JUN18000CE,0.00,0.00,0.00,4150.00,4150.00,4150.00,22032.30,6802.75,200,0,0,0.00,0,F1,50,,,,,
2024-01-16,2024-01-16,FO,NSE,IDO,86140,,NIFTY,,2028-06-29,2028-06-29,18000.00,PE,NIFTY28JUN18000PE,0.00,0.00,0.00,396.75,0.00,396.75,22032.30,42.05,0,0,0,0.00,0,F1,50,,,,,
2024-01-16,2024-01-16,FO,NSE,IDO,56358,,NIFTY,,2024-01-25,2024-01-25,17500.00,PE,NIFTY24JAN17500PE,1.85,2.20,1.55,1.65,1.55,2.45,22032.30,1.65,277500,-1600,338,295780975.00,77,F1,50,,,,,
2024-01-16,2024-01-16,FO,NSE,IDO,72760,,NIFTY,,2024-02-29,2024-02-29,19450.00,PE,NIFTY24FEB19450PE,0.00,0.00,0.00,18.15,18.15,18.15,22032.30,0.20,850,0,0,0.00,0,F1,50,,,,,
2024-01-16,2024-01-16,FO,NSE,IDO,45543,,NIFTY,,2024-02-08,2024-02-08,22700.00,PE,NIFTY2420822700PE,0.00,0.00,0.00,987.85,0.00,987.85,22032.30,648.30,0,0,0,0.00,0,F1,50,,,,,
2024-01-16,2024-01-16,FO,NSE,IDO,50079,,NIFTY,,2024-02-15,2024-02-15,22700.00,CE,NIFTY2421522700CE,144.20,154.25,117.00,122.05,126.05,152.20,22032.30,122.05,2150,200,37,42246742.50,26,F1,50,,,,,
2024-01-16,2024-01-16,FO,NSE,IDO,38113,,NIFTY,,2024-02-01,2024-02-01,22700.00,CE,NIFTY2420122700CE,80.00,80.00,48.90,58.00,57.25,78.05,22032.30,58.00,54900,1800,1861,2118092655.00,845,F1,50,,,,,
2024-01-16,2024-01-16,FO,NSE,IDO,67252,,NIFTY,,2024-03-28,2024-03-28,20500.00,PE,NIFTY24MAR20500PE,87.85,90.35,83.20,86.10,85.15,87.15,22032.30,86.10,479400,54150,2479,2551625902.50,1493,F1,50,,,,,
2024-01-16,2024-01-16,FO,NSE,IDO,56546,,NIFTY,,2024-01-25,2024-01-25,20500.00,CE,NIFTY24JAN20500CE,1565.55,1634.25,1471.00,1531.20,1530.40,1643.20,22032.30,1531.20,502050,-16450,597,659353675.00,515,F1,50,,,,,
2024-01-16,2024-01-16,FO,NSE,IDO,43623,,NIFTY,,2024-02-08,2024-02-08,21450.00,PE,NIFTY2420821450PE,98.90,101.25,91.15,91.15,91.15,96.95,22032.30,53.85,700,50,8,8618670.00,7,F1,50,,,,,
2024-01-16,2024-01-16,FO,NSE,IDO,38015,,NIFTY,,2024-02-01,2024-02-01,21450.00,CE,NIFTY2420121450CE,740.00,783.00,650.00,705.40,702.50,465.65,22032.30,705.40,4200,-1950,58,64169535.00,25,F1,50,,,,,
2024-01-16,2024-01-16,FO,NSE,IDO,67288,,NIFTY,,2024-03-28,2024-03-28,21450.00,PE,NIFTY24MAR21450PE,225.00,236.95,225.00,236.95,236.95,222.20,22032.30,155.90,950,50,2,2168097.50,2,F1,50,,,,,
2024-01-16,2024-01-16,FO,NSE,IDO,67269,,NIFTY,,2024-03-28,2024-03-28,20950.00,CE,NIFTY24MAR20950CE,0.00,0.00,0.00,1403.15,0.00,1403.15,22032.30,1427.50,0,0,0,0.00,0,F1,50,,,,,
2024-01-16,2024-01-16,FO,NSE,IDO,67270,,NIFTY,,2024-03-28,2024-03-28,20950.00,PE,NIFTY24MAR20950PE,133.10,144.00,133.10,136.35,136.35,133.10,22032.30,68.10,2150,150,9,9490440.00,7,F1,50,,,,,
2024-01-16,2024-01-16,FO,NSE,IDO,67240,,NIFTY,,2024-03-28,2024-03-28,20250.00,CE,NIFTY24MAR20250CE,0.00,0.00,0.00,1973.85,0.00,1973.85,22032.30,2066.20,0,0,0,0.00,0,F1,50,,,,,
2024-01-16,2024-01-16,FO,NSE,IDO,72718,,NIFTY,,2024-02-29,2024-02-29,19200.00,CE,NIFTY24FEB19200CE,0.00,0.00,0.00,3050.00,3050.00,3050.00,22032.30,2987.95,450,0,0,0.00,0,F1,50,,,,,
2024-01-16,2024-01-16,FO,NSE,IDO,72719,,NIFTY,,2024-02-29,2024-02-29,19200.00,PE,NIFTY24FEB19200PE,0.00,0.00,0.00,14.70,14.70,14.70,22032.30,0.05,2150,0,0,0.00,0,F1,50,,,,,
2024-01-16,2024-01-16,FO,NSE,IDO,38067,,NIFTY,,2024-02-01,2024-02-01,22050.00,PE,NIFTY2420122050PE,228.95,274.80,207.00,245.85,246.15,215.05,22032.30,245.85,20600,3000,1560,1738386182.50,738,F1,50,,,,,
2024-01-16,2024-01-16,FO,NSE,IDO,45220,,NIFTY,,2024-02-08,2024-02-08,22050.00,CE,NIFTY2420822050CE,383.10,394.80,304.55,327.00,332.85,393.85,22032.30,327.00,5900,1650,108,120971115.00,64,F1,50,,,,,
2024-01-16,2024-01-16,FO,NSE,IDO,48784,,NIFTY,,2024-02-15,2024-02-15,22050.00,CE,NIFTY2421522050CE,427.45,427.45,367.40,381.35,381.35,279.80,22032.30,381.35,1050,1050,42,47135280.00,25,F1,50,,,,,
2024-01-16,2024-01-16,FO,NSE,IDO,53616,,NIFTY,,2027-12-30,2027-12-30,22000.00,CE,NIFTY27DEC22000CE,0.00,0.00,0.00,4499.55,0.00,4499.55,22032.30,5502.75,0,0,0,0.00,0,F1,50,,,,,
2024-01-16,2024-01-16,FO,NSE,IDO,71501,,NIFTY,,2026-12-31,2026-12-31,24000.00,CE,NIFTY26DEC24000CE,0.00,0.00,0.00,2010.65,0.00,2010.65,22032.30,3180.10,0,0,0,0.00,0,F1,50,,,,,
2024-01-16,2024-01-16,FO,NSE,IDO,58648,,NIFTY,,2026-12-31,2026-12-31,22000.00,CE,NIFTY26DEC22000CE,0.00,0.00,0.00,3039.00,0.00,3039.00,22032.30,4390.05,0,0,0,0.00,0,F1,50,,,,,
2024-01-16,2024-01-16,FO,NSE,IDO,71394,,NIFTY,,2025-12-24,2025-12-24,24000.00,PE,NIFTY25DEC24000PE,0.00,0.00,0.00,5649.00,0.00,5649.00,22032.30,1020.60,0,0,0,0.00,0,F1,50,,,,,
2024-01-16,2024-01-16,FO,NSE,IDO,71557,,NIFTY,,2027-06-24,2027-06-24,22000.00,PE,NIFTY27JUN22000PE,0.00,0.00,0.00,3995.40,0.00,3995.40,22032.30,345.25,0,0,0,0.00,0,F1,50,,,,,
2024-01-16,2024-01-16,FO,NSE,IDO,53617,,NIFTY,,2027-12-30,2027-12-30,22000.00,PE,NIFTY27DEC22000PE,0.00,0.00,0.00,1867.90,0.00,1867.90,22032.30,314.60,0,0,0,0.00,0,F1,50,,,,,
2024-01-16,2024-01-16,FO,NSE,IDO,71380,,NIFTY,,2025-06-26,2025-06-26,24000.00,PE,NIFTY25JUN24000PE,0.00,0.00,0.00,5875.10,0.00,5875.10,22032.30,1152.80,0,0,0,0.00,0,F1,50,,,,,
2024-01-16,2024-01-16,FO,NSE,IDO,72848,,NIFTY,,2024-02-29,2024-02-29,20800.00,PE,NIFTY24FEB20800PE,58.80,62.05,53.15,55.00,55.15,54.80,22032.30,55.00,222600,22100,3761,3921902402.50,1977,F1,50,,,,,
2024-01-16,2024-01-16,FO,NSE,IDO,42315,,NIFTY,,2024-02-08,2024-02-08,20800.00,PE,NIFTY2420820800PE,0.00,0.00,0.00,73.60,0.00,73.60,22032.30,5.25,0,0,0,0.00,0,F1,50,,,,,
2024-01-16,2024-01-16,FO,NSE,IDO,42609,,NIFTY,,2024-01-25,2024-01-25,23050.00,CE,NIFTY24JAN23050CE,7.15,8.30,4.50,4.90,4.50,6.95,22032.30,4.90,183150,114450,10605,12225237140.00,4253,F1,50,,,,,
2024-01-16,2024-01-16,FO,NSE,IDO,72958,,NIFTY,,2024-02-29,2024-02-29,23050.00,CE,NIFTY24FEB23050CE,110.00,124.90,95.00,102.80,103.25,123.20,22032.30,102.80,15400,-700,190,220053120.00,103,F1,50,,,,,
2024-01-16,2024-01-16,FO,NSE,IDO,39250,,NIFTY,,2024-01-18,2024-01-18,20450.00,PE,NIFTY2411820450PE,2.30,3.00,1.30,1.55,1.60,2.90,22032.30,1.55,214450,-32650,22270,22773534085.00,6031,F1,50,,,,,
2024-01-16,2024-01-16,FO,NSE,IDO,72932,,NIFTY,,2024-02-29,2024-02-29,22500.00,CE,NIFTY24FEB22500CE,279.95,302.00,232.85,254.95,253.95,302.25,22032.30,254.95,669100,45900,12340,14052361800.00,5003,F1,50,,,,,
2024-01-16,2024-01-16,FO,NSE,IDO,45631,,NIFTY,,2024-02-08,2024-02-08,23500.00,CE,NIFTY2420823500CE,20.00,20.00,13.95,17.80,17.90,19.95,22032.30,17.80,7100,1500,145,170506607.50,73,F1,50,,,,,
2024-01-16,2024-01-16,FO,NSE,IDO,67255,,NIFTY,,2024-03-28,2024-03-28,20600.00,CE,NIFTY24MAR20600CE,0.00,0.00,0.00,1378.10,1378.10,1378.10,22032.30,1739.35,150,0,0,0.00,0,F1,50,,,,,
2024-01-16,2024-01-16,FO,NSE,IDO,39709,,NIFTY,,2024-02-15,2024-02-15,20600.00,CE,NIFTY2421520600CE,0.00,0.00,0.00,1238.70,0.00,1238.70,22032.30,1551.30,0,0,0,0.00,0,F1,50,,,,,
2024-01-16,2024-01-16,FO,NSE,IDO,72661,,NIFTY,,2024-02-29,2024-02-29,18850.00,PE,NIFTY24FEB18850PE,0.00,0.00,0.00,89.45,0.00,89.45,22032.30,0.05,0,0,0,0.00,0,F1,50,,,,,
2024-01-16,2024-01-16,FO,NSE,IDO,45874,,NIFTY,,2025-12-24,2025-12-24,17000.00,PE,NIFTY25DEC17000PE,0.00,0.00,0.00,155.05,155.05,155.05,22032.30,11.30,2400,0,0,0.00,0,F1,50,,,,,
2024-01-16,2024-01-16,FO,NSE,IDO,38227,,NIFTY,,2024-02-01,2024-02-01,23800.00,PE,NIFTY2420123800PE,0.00,0.00,0.00,2354.40,0.00,2354.40,22032.30,1697.70,0,0,0,0.00,0,F1,50,,,,,
2024-01-16,2024-01-16,FO,NSE,IDO,45873,,NIFTY,,2025-12-24,2025-12-24,17000.00,CE,NIFTY25DEC17000CE,0.00,0.00,0.00,5080.00,5080.00,5080.00,22032.30,7129.90,650,0,0,0.00,0,F1,50,,,,,
2024-01-16,2024-01-16,FO,NSE,IDO,59452,,NIFTY,,2024-01-18,2024-01-18,23800.00,PE,NIFTY2411823800PE,0.00,0.00,0.00,2454.90,0.00,2454.90,22032.30,1758.90,0,0,0,0.00,0,F1,50,,,,,
2024-01-16,2024-01-16,FO,NSE,IDO,59248,,NIFTY,,2024-01-18,2024-01-18,20950.00,PE,NIFTY2411820950PE,3.45,4.10,2.10,2.40,2.15,3.85,22032.30,2.40,1094100,558550,139306,145945286185.00,29868,F1,50,,,,,
2024-01-16,2024-01-16,FO,NSE,IDO,37950,,NIFTY,,2024-02-01,2024-02-01,20950.00,CE,NIFTY2420120950CE,0.00,0.00,0.00,704.20,0.00,704.20,22032.30,1147.85,0,0,0,0.00,0,F1,50,,,,,
2024-01-16,2024-01-16,FO,NSE,IDO,72808,,NIFTY,,2024-02-29,2024-02-29,20250.00,PE,NIFTY24FEB20250PE,25.95,27.15,24.05,24.80,25.00,26.45,22032.30,24.80,6450,1250,95,96308152.50,67,F1,50,,,,,
2024-01-16,2024-01-16,FO,NSE,IDF,71441,,NIFTY,,2024-02-29,2024-02-29,,,NIFTY24FEBFUT,22251.00,22277.70,22113.25,22175.90,22175.00,22274.00,22032.30,22175.90,1898250,202500,16076,17851597882.50,10894,F1,50,,,,,
2024-01-16,2024-01-16,FO,NSE,IDO,56563,,NIFTY,,2024-01-25,2024-01-25,20900.00,PE,NIFTY24JAN20900PE,13.05,13.20,8.35,9.75,9.15,12.50,22032.30,9.75,1441950,24700,19772,20672542650.00,6530,F1,50,,,,,
2024-01-16,2024-01-16,FO,NSE,IDO,39221,,NIFTY,,2024-01-18,2024-01-18,20000.00,CE,NIFTY2411820000CE,2070.00,2113.00,1978.60,2026.70,2027.55,2105.55,22032.30,2026.70,38700,-2300,108,119098737.50,47,F1,50,,,,,
2024-01-16,2024-01-16,FO,NSE,IDO,59402,,NIFTY,,2024-01-18,2024-01-18,22750.00,CE,NIFTY2411822750CE,2.15,2.70,1.35,1.55,1.55,2.25,22032.30,1.55,881400,190500,242684,276074939347.50,67916,F1,50,,,,,
2024-01-16,2024-01-16,FO,NSE,IDO,59403,,NIFTY,,2024-01-18,2024-01-18,22750.00,PE,NIFTY2411822750PE,720.00,742.75,720.00,722.90,722.90,642.05,22032.30,722.90,300,-50,5,5869780.00,4,F1,50,,,,,
2024-01-16,2024-01-16,FO,NSE,IDO,59380,,NIFTY,,2024-01-18,2024-01-18,22200.00,PE,NIFTY2411822200PE,170.55,257.90,136.70,198.55,202.80,155.00,22032.30,198.55,1227450,-75650,792671,887005355770.00,286536,F1,50,,,,,
2024-01-16,2024-01-16,FO,NSE,IDO,56403,,NIFTY,,2024-01-25,2024-01-25,18200.00,CE,NIFTY24JAN18200CE,3914.85,3914.85,3914.85,3914.85,3914.85,3731.65,22032.30,3862.55,13800,-50,1,1105742.50,1,F1,50,,,,,
2024-01-16,2024-01-16,FO,NSE,IDO,42329,,NIFTY,,2024-02-08,2024-02-08,21150.00,PE,NIFTY2420821150PE,0.00,0.00,0.00,144.75,0.00,144.75,22032.30,20.50,0,0,0,0.00,0,F1,50,,,,,
2024-01-16,2024-01-16,FO,NSE,IDO,72874,,NIFTY,,2024-02-29,2024-02-29,21150.00,CE,NIFTY24FEB21150CE,0.00,0.00,0.00,1064.70,1064.70,1064.70,22032.30,1109.35,2050,0,0,0.00,0,F1,50,,,,,
2024-01-16,2024-01-16,FO,NSE,IDO,59256,,NIFTY,,2024-01-18,2024-01-18,21150.00,PE,NIFTY2411821150PE,5.35,5.35,2.65,3.00,2.95,5.25,22032.30,3.00,1098750,-1843000,270175,285761796167.50,55982,F1,50,,,,,
2024-01-16,2024-01-16,FO,NSE,IDO,59255,,NIFTY,,2024-01-18,2024-01-18,21150.00,CE,NIFTY2411821150CE,930.80,971.70,859.90,880.25,868.80,974.35,22032.30,880.25,10650,-650,111,122545842.50,70,F1,50,,,,,
2024-01-16,2024-01-16,FO,NSE,IDO,56575,,NIFTY,,2024-01-25,2024-01-25,21150.00,PE,NIFTY24JAN21150PE,20.45,21.70,15.20,15.75,15.50,19.75,22032.30,15.75,163100,5100,10214,10810402937.50,5888,F1,50,,,,,
2024-01-16,2024-01-16,FO,NSE,IDO,72801,,NIFTY,,2024-02-29,2024-02-29,20200.00,CE,NIFTY24FEB20200CE,2045.00,2080.50,1972.95,2002.40,2002.40,2040.00,22032.30,1999.85,8700,7150,186,206866507.50,40,F1,50,,,,,
2024-01-16,2024-01-16,FO,NSE,IDO,40232,,NIFTY,,2024-02-08,2024-02-08,20200.00,PE,NIFTY2420820200PE,0.00,0.00,0.00,17.85,0.00,17.85,22032.30,0.25,0,0,0,0.00,0,F1,50,,,,,
2024-01-16,2024-01-16,FO,NSE,IDO,59310,,NIFTY,,2024-01-18,2024-01-18,21750.00,PE,NIFTY2411821750PE,20.65,37.40,17.35,19.75,18.80,25.60,22032.30,19.75,3195500,-444350,621540,676641518745.00,162431,F1,50,,,,,
2024-01-16,2024-01-16,FO,NSE,IDO,38053,,NIFTY,,2024-02-01,2024-02-01,21750.00,PE,NIFTY2420121750PE,115.95,152.00,114.25,129.55,131.50,120.30,22032.30,129.55,24750,2900,387,423345270.00,186,F1,50,,,,,
2024-01-16,2024-01-16,FO,NSE,IDO,56606,,NIFTY,,2024-01-25,2024-01-25,21750.00,PE,NIFTY24JAN21750PE,72.85,104.00,67.50,80.80,80.00,75.65,22032.30,80.80,582350,179400,33440,36501596405.00,11201,F1,50,,,,,
2024-01-16,2024-01-16,FO,NSE,IDO,67299,,NIFTY,,2024-03-28,2024-03-28,21750.00,CE,NIFTY24MAR21750CE,0.00,0.00,0.00,706.80,706.80,706.80,22032.30,808.75,1100,0,0,0.00,0,F1,50,,,,,
2024-01-16,2024-01-16,FO,NSE,IDO,56605,,NIFTY,,2024-01-25,2024-01-25,21750.00,CE,NIFTY24JAN21750CE,445.00,448.00,320.00,358.75,349.15,459.60,22032.30,358.75,134400,-7700,1263,1398164677.50,759,F1,50,,,,,
2024-01-16,2024-01-16,FO,NSE,IDO,72903,,NIFTY,,2024-02-29,2024-02-29,21750.00,PE,NIFTY24FEB21750PE,217.40,230.75,207.00,224.95,225.60,210.40,22032.30,224.95,28100,1700,196,215307160.00,91,F1,50,,,,,
2024-01-16,2024-01-16,FO,NSE,IDO,38136,,NIFTY,,2024-02-01,2024-02-01,23150.00,CE,NIFTY2420123150CE,21.85,22.55,15.95,18.55,18.50,22.45,22032.30,18.55,12000,7050,253,293113007.50,79,F1,50,,,,,
2024-01-16,2024-01-16,FO,NSE,IDO,50098,,NIFTY,,2024-02-15,2024-02-15,23150.00,CE,NIFTY2421523150CE,50.25,52.80,47.50,49.90,49.90,42.90,22032.30,49.90,100,100,4,4640022.50,4,F1,50,,,,,
2024-01-16,2024-01-16,FO,NSE,IDO,55118,,NIFTY,,2024-12-26,2024-12-26,18000.00,PE,NIFTY24DEC18000PE,116.00,127.85,115.00,117.40,118.45,121.25,22032.30,117.40,247850,250,95,86067552.50,73,F1,50,,,,,
2024-01-16,2024-01-16,FO,NSE,IDO,56434,,NIFTY,,2024-01-25,2024-01-25,18750.00,PE,NIFTY24JAN18750PE,2.05,2.85,2.05,2.60,2.60,2.90,22032.30,0.05,6850,150,30,28129067.50,11,F1,50,,,,,
2024-01-16,2024-01-16,FO,NSE,IDO,56393,,NIFTY,,2024-01-25,2024-01-25,18000.00,CE,NIFTY24JAN18000CE,4074.20,4122.00,3974.45,4012.00,4011.55,4118.65,22032.30,4012.00,387250,-5400,202,222822592.50,124,F1,50,,,,,
2024-01-16,2024-01-16,FO,NSE,IDO,72951,,NIFTY,,2024-02-29,2024-02-29,22850.00,PE,NIFTY24FEB22850PE,772.30,846.60,772.30,846.60,846.60,738.30,22032.30,775.00,3550,150,7,8273800.00,7,F1,50,,,,,
2024-01-16,2024-01-16,FO,NSE,IDO,53618,,NIFTY,,2027-12-30,2027-12-30,23000.00,CE,NIFTY27DEC23000CE,0.00,0.00,0.00,4125.70,0.00,4125.70,22032.30,4879.60,0,0,0,0.00,0,F1,50,,,,,
2024-01-16,2024-01-16,FO,NSE,IDO,37852,,NIFTY,,2024-02-01,2024-02-01,19950.00,CE,NIFTY2420119950CE,0.00,0.00,0.00,1507.15,0.00,1507.15,22032.30,2141.25,0,0,0,0.00,0,F1,50,,,,,
2024-01-16,2024-01-16,FO,NSE,IDO,72852,,NIFTY,,2024-02-29,2024-02-29,20900.00,CE,NIFTY24FEB20900CE,1385.40,1427.45,1291.05,1291.05,1291.05,1426.55,22032.30,1332.15,8900,0,32,35650340.00,14,F1,50,,,,,
2024-01-16,2024-01-16,FO,NSE,IDO,40077,,NIFTY,,2024-02-15,2024-02-15,20900.00,PE,NIFTY2421520900PE,0.00,0.00,0.00,90.50,0.00,90.50,22032.30,14.80,0,0,0,0.00,0,F1,50,,,,,
2024-01-16,2024-01-16,FO,NSE,IDO,56504,,NIFTY,,2024-01-25,2024-01-25,19550.00,CE,NIFTY24JAN19550CE,0.00,0.00,0.00,2561.95,2561.95,2561.95,22032.30,2514.80,6150,0,0,0.00,0,F1,50,,,,,
2024-01-16,2024-01-16,FO,NSE,IDO,56505,,NIFTY,,2024-01-25,2024-01-25,19550.00,PE,NIFTY24JAN19550PE,3.40,4.05,2.95,3.00,2.95,3.45,22032.30,3.00,19400,1700,79,77235995.00,42,F1,50,,,,,
2024-01-16,2024-01-16,FO,NSE,IDO,44676,,NIFTY,,2024-02-15,2024-02-15,21800.00,PE,NIFTY2421521800PE,207.50,232.80,189.70,212.35,212.30,197.20,22032.30,212.35,3000,900,69,75919842.50,36,F1,50,,,,,
2024-01-16,2024-01-16,FO,NSE,IDO,59368,,NIFTY,,2024-01-18,2024-01-18,21900.00,PE,NIFTY2411821900PE,30.00,74.80,30.00,43.00,41.80,45.20,22032.30,43.00,5991550,297150,1909012,2094911699832.50,599548,F1,50,,,,,
2024-01-16,2024-01-16,FO,NSE,IDO,67306,,NIFTY,,2024-03-28,2024-03-28,21900.00,PE,NIFTY24MAR21900PE,351.05,380.00,339.05,360.10,360.35,341.05,22032.30,360.10,17550,-350,186,207000097.50,128,F1,50,,,,,
2024-01-16,2024-01-16,FO,NSE,IDO,58633,,NIFTY,,2026-12-31,2026-12-31,14000.00,PE,NIFTY26DEC14000PE,0.00,0.00,0.00,500.00,500.00,500.00,22032.30,0.85,950,0,0,0.00,0,F1,50,,,,,
2024-01-16,2024-01-16,FO,NSE,IDO,67631,,NIFTY,,2024-03-28,2024-03-28,23450.00,PE,NIFTY24MAR23450PE,0.00,0.00,0.00,1457.95,1457.95,1457.95,22032.30,1229.05,50,0,0,0.00,0,F1,50,,,,,
2024-01-16,2024-01-16,FO,NSE,IDO,56426,,NIFTY,,2024-01-25,2024-01-25,18550.00,PE,NIFTY24JAN18550PE,3.00,3.00,2.15,2.15,2.15,3.00,22032.30,0.05,1150,-600,19,17624665.00,8,F1,50,,,,,
2024-01-16,2024-01-16,FO,NSE,IDO,39236,,NIFTY,,2024-01-18,2024-01-18,20350.00,CE,NIFTY2411820350CE,0.00,0.00,0.00,1781.45,1781.50,1781.45,22032.30,1689.80,700,0,0,0.00,0,F1,50,,,,,
2024-01-16,2024-01-16,FO,NSE,IDO,72813,,NIFTY,,2024-02-29,2024-02-29,20350.00,CE,NIFTY24FEB20350CE,0.00,0.00,0.00,664.05,0.00,664.05,22032.30,1853.50,0,0,0,0.00,0,F1,50,,,,,
2024-01-16,2024-01-16,FO,NSE,IDO,40456,,NIFTY,,2024-02-08,2024-02-08,20350.00,CE,NIFTY2420820350CE,0.00,0.00,0.00,1476.65,0.00,1476.65,22032.30,1769.30,0,0,0,0.00,0,F1,50,,,,,
2024-01-16,2024-01-16,FO,NSE,IDO,56400,,NIFTY,,2024-01-25,2024-01-25,18100.00,PE,NIFTY24JAN18100PE,2.40,2.40,1.65,1.65,1.65,2.40,22032.30,1.65,13100,-1200,83,75122990.00,19,F1,50,,,,,
2024-01-16,2024-01-16,FO,NSE,IDO,45084,,NIFTY,,2024-01-25,2024-01-25,22650.00,CE,NIFTY24JAN22650CE,29.90,29.90,15.65,18.40,17.00,31.80,22032.30,18.40,193650,31500,10766,12204291627.50,4755,F1,50,,,,,
2024-01-16,2024-01-16,FO,NSE,IDO,40133,,NIFTY,,2024-02-08,2024-02-08,20100.00,CE,NIFTY2420820100CE,0.00,0.00,0.00,1712.20,0.00,1712.20,22032.30,2017.75,0,0,0,0.00,0,F1,50,,,,,
2024-01-16,2024-01-16,FO,NSE,IDO,56390,,NIFTY,,2024-01-25,2024-01-25,17950.00,PE,NIFTY24JAN17950PE,1.70,1.70,1.70,1.70,1.70,2.30,22032.30,0.05,1050,-250,7,6283095.00,2,F1,50,,,,,
2024-01-16,2024-01-16,FO,NSE,IDO,59416,,NIFTY,,2024-01-18,2024-01-18,23100.00,CE,NIFTY2411823100CE,0.50,0.95,0.50,0.80,0.75,0.90,22032.30,0.80,3441800,-51200,222350,256822928920.00,29903,F1,50,,,,,
2024-01-16,2024-01-16,FO,NSE,IDO,38132,,NIFTY,,2024-02-01,2024-02-01,23100.00,CE,NIFTY2420123100CE,23.25,25.10,17.50,20.65,20.00,25.85,22032.30,20.65,22150,3350,335,387295830.00,158,F1,50,,,,,
2024-01-16,2024-01-16,FO,NSE,IDO,37900,,NIFTY,,2024-02-01,2024-02-01,20450.00,CE,NIFTY2420120450CE,0.00,0.00,0.00,1074.20,0.00,1074.20,22032.30,1642.90,0,0,0,0.00,0,F1,50,,,,,
2024-01-16,2024-01-16,FO,NSE,IDO,56544,,NIFTY,,2024-01-25,2024-01-25,20450.00,CE,NIFTY24JAN20450CE,0.00,0.00,0.00,1623.70,1623.70,1623.70,22032.30,1616.30,3200,0,0,0.00,0,F1,50,,,,,
2024-01-16,2024-01-16,FO,NSE,IDO,39248,,NIFTY,,2024-01-18,2024-01-18,20450.00,CE,NIFTY2411820450CE,0.00,0.00,0.00,1590.00,1590.00,1590.00,22032.30,1589.85,1350,0,0,0.00,0,F1,50,,,,,
2024-01-16,2024-01-16,FO,NSE,IDO,56545,,NIFTY,,2024-01-25,2024-01-25,20450.00,PE,NIFTY24JAN20450PE,6.55,6.60,4.65,4.95,4.65,6.65,22032.30,4.95,49500,-8300,2148,2196945827.50,1145,F1,50,,,,,
2024-01-16,2024-01-16,FO,NSE,IDO,67293,,NIFTY,,2024-03-28,2024-03-28,21600.00,CE,NIFTY24MAR21600CE,997.75,1041.40,947.15,957.30,947.15,1034.90,22032.30,957.30,9550,600,109,123254052.50,82,F1,50,,,,,
2024-01-16,2024-01-16,FO,NSE,IDO,43941,,NIFTY,,2024-02-08,2024-02-08,21600.00,PE,NIFTY2420821600PE,128.95,147.55,118.20,128.80,131.40,122.80,22032.30,128.80,15900,1300,651,707224450.00,171,F1,50,,,,,
2024-01-16,2024-01-16,FO,NSE,IDO,59282,,NIFTY,,2024-01-18,2024-01-18,21600.00,PE,NIFTY2411821600PE,16.00,19.60,9.35,10.15,9.80,15.15,22032.30,10.15,4123450,-920550,695701,751788165877.50,152570,F1,50,,,,,
2024-01-16,2024-01-16,FO,NSE,IDO,43983,,NIFTY,,2024-02-15,2024-02-15,21600.00,PE,NIFTY2421521600PE,142.05,160.25,142.00,144.40,144.40,142.00,22032.30,144.40,1400,750,31,33711750.00,9,F1,50,,,,,
2024-01-16,2024-01-16,FO,NSE,IDO,38031,,NIFTY,,2024-02-01,2024-02-01,21600.00,PE,NIFTY2420121600PE,91.00,112.15,84.15,93.55,94.00,89.10,22032.30,93.55,103150,13400,2326,2523011160.00,1030,F1,50,,,,,
2024-01-16,2024-01-16,FO,NSE,IDO,56386,,NIFTY,,2024-01-25,2024-01-25,17900.00,PE,NIFTY24JAN17900PE,1.75,1.75,1.75,1.75,1.75,3.05,22032.30,0.05,800,150,6,5370525.00,1,F1,50,,,,,
2024-01-16,2024-01-16,FO,NSE,IDO,50102,,NIFTY,,2024-02-15,2024-02-15,23200.00,PE,NIFTY2421523200PE,0.00,0.00,0.00,1429.70,0.00,1429.70,22032.30,1073.85,0,0,0,0.00,0,F1,50,,,,,
2024-01-16,2024-01-16,FO,NSE,IDO,59453,,NIFTY,,2024-01-18,2024-01-18,23850.00,CE,NIFTY2411823850CE,1.80,1.90,0.40,0.45,0.45,2.40,22032.30,0.45,256900,256900,19181,22873880460.00,4723,F1,50,,,,,
2024-01-16,2024-01-16,FO,NSE,IDO,38229,,NIFTY,,2024-02-01,2024-02-01,23850.00,PE,NIFTY2420123850PE,0.00,0.00,0.00,2403.15,0.00,2403.15,22032.30,1747.45,0,0,0,0.00,0,F1,50,,,,,
2024-01-16,2024-01-16,FO,NSE,IDO,45679,,NIFTY,,2024-02-08,2024-02-08,23850.00,CE,NIFTY2420823850CE,10.55,12.45,9.60,11.05,9.65,9.55,22032.30,11.05,2250,2250,100,119304845.00,35,F1,50,,,,,
2024-01-16,2024-01-16,FO,NSE,IDO,59309,,NIFTY,,2024-01-18,2024-01-18,21750.00,CE,NIFTY2411821750CE,351.55,392.95,250.05,299.50,294.10,391.15,22032.30,299.50,785750,-277650,18595,20516507472.50,8848,F1,50,,,,,
2024-01-16,2024-01-16,FO,NSE,IDO,43991,,NIFTY,,2024-02-15,2024-02-15,21750.00,CE,NIFTY2421521750CE,0.00,0.00,0.00,414.15,0.00,414.15,22032.30,547.15,0,0,0,0.00,0,F1,50,,,,,
2024-01-16,2024-01-16,FO,NSE,IDO,50099,,NIFTY,,2024-02-15,2024-02-15,23150.00,PE,NIFTY2421523150PE,0.00,0.00,0.00,1384.20,0.00,1384.20,22032.30,1028.85,0,0,0,0.00,0,F1,50,,,,,
2024-01-16,2024-01-16,FO,NSE,IDO,72426,,NIFTY,,2024-01-25,2024-01-25,23150.00,CE,NIFTY24JAN23150CE,6.55,6.55,4.00,4.40,4.00,5.65,22032.30,4.40,165050,-5150,7759,8983004275.00,2823,F1,50,,,,,
2024-01-16,2024-01-16,FO,NSE,IDO,59420,,NIFTY,,2024-01-18,2024-01-18,23150.00,CE,NIFTY2411823150CE,0.80,1.05,0.65,0.75,0.70,0.85,22032.30,0.75,191350,14450,15630,18092332472.50,2812,F1,50,,,,,
2024-01-16,2024-01-16,FO,NSE,IDO,45510,,NIFTY,,2024-02-08,2024-02-08,22500.00,CE,NIFTY2420822500CE,162.05,180.40,127.85,145.65,136.10,182.40,22032.30,145.65,29600,3050,582,659303777.50,335,F1,50,,,,,
2024-01-16,2024-01-16,FO,NSE,IDO,67634,,NIFTY,,2024-03-28,2024-03-28,23500.00,CE,NIFTY24MAR23500CE,135.85,145.00,117.30,125.90,125.05,141.25,22032.30,125.90,17300,8500,965,1140227515.00,511,F1,50,,,,,
2024-01-16,2024-01-16,FO,NSE,IDO,38196,,NIFTY,,2024-02-01,2024-02-01,23500.00,PE,NIFTY2420123500PE,1460.00,1460.00,1398.00,1420.30,1420.30,1336.00,22032.30,1399.80,1300,850,17,21189075.00,4,F1,50,,,,,
2024-01-16,2024-01-16,FO,NSE,IDO,37920,,NIFTY,,2024-02-01,2024-02-01,20600.00,CE,NIFTY2420120600CE,0.00,0.00,0.00,955.45,0.00,955.45,22032.30,1493.65,0,0,0,0.00,0,F1,50,,,,,
2024-01-16,2024-01-16,FO,NSE,IDO,59439,,NIFTY,,2024-01-18,2024-01-18,23500.00,PE,NIFTY2411823500PE,0.00,0.00,0.00,2160.35,0.00,2160.35,22032.30,1459.00,0,0,0,0.00,0,F1,50,,,,,
2024-01-16,2024-01-16,FO,NSE,IDO,71552,,NIFTY,,2027-06-24,2027-06-24,20000.00,PE,NIFTY27JUN20000PE,0.00,0.00,0.00,3034.20,0.00,3034.20,22032.30,136.65,0,0,0,0.00,0,F1,50,,,,,
2024-01-16,2024-01-16,FO,NSE,IDO,56369,,NIFTY,,2024-01-25,2024-01-25,17800.00,CE,NIFTY24JAN17800CE,4223.40,4223.40,4223.40,4223.40,4223.40,4224.85,22032.30,4261.90,10400,0,2,2202340.00,2,F1,50,,,,,
2024-01-16,2024-01-16,FO,NSE,IDO,56401,,NIFTY,,2024-01-25,2024-01-25,18150.00,CE,NIFTY24JAN18150CE,0.00,0.00,0.00,3700.00,3700.00,3700.00,22032.30,3912.50,100,0,0,0.00,0,F1,50,,,,,
2024-01-16,2024-01-16,FO,NSE,IDO,45503,,NIFTY,,2024-02-08,2024-02-08,22300.00,PE,NIFTY2420822300PE,397.00,421.35,382.40,409.95,417.65,365.00,22032.30,409.95,900,800,27,30641032.50,26,F1,50,,,,,
2024-01-16,2024-01-16,FO,NSE,IDO,72925,,NIFTY,,2024-02-29,2024-02-29,22300.00,PE,NIFTY24FEB22300PE,442.95,491.60,414.05,459.25,457.65,412.95,22032.30,459.25,78600,11900,1743,1982136542.50,680,F1,50,,,,,
2024-01-16,2024-01-16,FO,NSE,IDO,38086,,NIFTY,,2024-02-01,2024-02-01,22300.00,PE,NIFTY2420122300PE,361.05,420.00,323.85,384.75,382.50,329.50,22032.30,384.75,18200,8450,996,1128838687.50,360,F1,50,,,,,
2024-01-16,2024-01-16,FO,NSE,IDO,38099,,NIFTY,,2024-02-01,2024-02-01,22450.00,CE,NIFTY2420122450CE,124.25,145.30,96.00,112.60,109.30,152.20,22032.30,112.60,14800,5000,361,407450790.00,171,F1,50,,,,,
2024-01-16,2024-01-16,FO,NSE,IDO,46165,,NIFTY,,2024-01-25,2024-01-25,22300.00,CE,NIFTY24JAN22300CE,125.00,125.00,62.70,75.00,71.00,120.75,22032.30,75.00,1564450,257850,116155,130034252870.00,43800,F1,50,,,,,
2024-01-16,2024-01-16,FO,NSE,IDO,59384,,NIFTY,,2024-01-18,2024-01-18,22300.00,PE,NIFTY2411822300PE,238.00,347.55,204.30,282.65,285.90,220.85,22032.30,282.65,868900,72050,169026,190628959050.00,63388,F1,50,,,,,
2024-01-16,2024-01-16,FO,NSE,IDO,67571,,NIFTY,,2024-03-28,2024-03-28,22450.00,PE,NIFTY24MAR22450PE,0.00,0.00,0.00,787.50,0.00,787.50,22032.30,540.05,0,0,0,0.00,0,F1,50,,,,,
2024-01-16,2024-01-16,FO,NSE,IDO,59383,,NIFTY,,2024-01-18,2024-01-18,22300.00,CE,NIFTY2411822300CE,27.00,30.45,10.35,12.75,10.75,35.00,22032.30,12.75,6095500,-252200,1968392,2196548556580.00,417015,F1,50,,,,,
2024-01-16,2024-01-16,FO,NSE,IDO,38100,,NIFTY,,2024-02-01,2024-02-01,22450.00,PE,NIFTY2420122450PE,0.00,0.00,0.00,1113.85,0.00,1113.85,22032.30,443.95,0,0,0,0.00,0,F1,50,,,,,
2024-01-16,2024-01-16,FO,NSE,IDO,67227,,NIFTY,,2024-03-28,2024-03-28,19850.00,PE,NIFTY24MAR19850PE,0.00,0.00,0.00,66.85,66.85,66.85,22032.30,5.95,200,0,0,0.00,0,F1,50,,,,,
2024-01-16,2024-01-16,FO,NSE,IDO,59375,,NIFTY,,2024-01-18,2024-01-18,22100.00,CE,NIFTY2411822100CE,89.00,113.35,42.90,57.25,53.30,118.00,22032.30,57.25,7928400,4063700,4434248,4917178795007.50,1576126,F1,50,,,,,
2024-01-16,2024-01-16,FO,NSE,IDO,72917,,NIFTY,,2024-02-29,2024-02-29,22100.00,PE,NIFTY24FEB22100PE,350.00,390.00,327.40,360.75,364.40,329.50,22032.30,360.75,152500,12250,5113,5740622327.50,1958,F1,50,,,,,
2024-01-16,2024-01-16,FO,NSE,IDO,45383,,NIFTY,,2024-02-08,2024-02-08,22100.00,PE,NIFTY2420822100PE,298.00,340.00,270.00,306.40,309.00,275.25,22032.30,306.40,12800,7700,451,505002340.00,288,F1,50,,,,,
2024-01-16,2024-01-16,FO,NSE,IDO,56520,,NIFTY,,2024-01-25,2024-01-25,19950.00,CE,NIFTY24JAN19950CE,0.00,0.00,0.00,1727.55,1727.55,1727.55,22032.30,2115.50,2700,0,0,0.00,0,F1,50,,,,,
2024-01-16,2024-01-16,FO,NSE,IDO,38058,,NIFTY,,2024-02-01,2024-02-01,21850.00,CE,NIFTY2420121850CE,428.80,461.55,365.10,378.30,378.30,480.10,22032.30,378.30,5100,100,87,96906427.50,52,F1,50,,,,,
2024-01-16,2024-01-16,FO,NSE,IDO,67303,,NIFTY,,2024-03-28,2024-03-28,21850.00,CE,NIFTY24MAR21850CE,840.00,840.00,802.90,802.90,802.90,857.00,22032.30,743.55,600,-50,2,2267145.00,2,F1,50,,,,,
2024-01-16,2024-01-16,FO,NSE,IDO,59314,,NIFTY,,2024-01-18,2024-01-18,21850.00,CE,NIFTY2411821850CE,262.15,303.75,171.45,213.30,206.85,301.65,22032.30,213.30,557150,-296950,91490,100989155422.50,38643,F1,50,,,,,
2024-01-16,2024-01-16,FO,NSE,IDO,67304,,NIFTY,,2024-03-28,2024-03-28,21850.00,PE,NIFTY24MAR21850PE,338.10,338.40,335.20,338.40,338.40,338.45,22032.30,272.25,2000,-150,7,7765510.00,6,F1,50,,,,,
2024-01-16,2024-01-16,FO,NSE,IDO,72907,,NIFTY,,2024-02-29,2024-02-29,21850.00,PE,NIFTY24FEB21850PE,250.95,278.80,239.25,259.50,259.50,239.45,22032.30,259.50,13750,-1200,92,101666635.00,55,F1,50,,,,,
2024-01-16,2024-01-16,FO,NSE,IDO,72664,,NIFTY,,2024-02-29,2024-02-29,18950.00,CE,NIFTY24FEB18950CE,0.00,0.00,0.00,1626.00,0.00,1626.00,22032.30,3235.90,0,0,0,0.00,0,F1,50,,,,,
2024-01-16,2024-01-16,FO,NSE,IDO,56560,,NIFTY,,2024-01-25,2024-01-25,20850.00,CE,NIFTY24JAN20850CE,1268.70,1268.70,1268.70,1268.70,1268.70,1281.85,22032.30,1217.15,10050,0,1,1105935.00,1,F1,50,,,,,
2024-01-16,2024-01-16,FO,NSE,IDO,72758,,NIFTY,,2024-02-29,2024-02-29,19400.00,PE,NIFTY24FEB19400PE,0.00,0.00,0.00,56.00,56.00,56.00,22032.30,0.15,17550,0,0,0.00,0,F1,50,,,,,
2024-01-16,2024-01-16,FO,NSE,IDO,37936,,NIFTY,,2024-02-01,2024-02-01,20850.00,CE,NIFTY2420120850CE,0.00,0.00,0.00,771.95,0.00,771.95,22032.30,1246.05,0,0,0,0.00,0,F1,50,,,,,
2024-01-16,2024-01-16,FO,NSE,IDO,56497,,NIFTY,,2024-01-25,2024-01-25,19400.00,PE,NIFTY24JAN19400PE,3.65,3.75,2.55,2.75,2.55,3.65,22032.30,2.75,70300,900,167,162017562.50,58,F1,50,,,,,
2024-01-16,2024-01-16,FO,NSE,IDO,56365,,NIFTY,,2024-01-25,2024-01-25,17700.00,CE,NIFTY24JAN17700CE,0.00,0.00,0.00,1569.60,0.00,1569.60,22032.30,4361.75,0,0,0,0.00,0,F1,50,,,,,
2024-01-16,2024-01-16,FO,NSE,IDO,56484,,NIFTY,,2024-01-25,2024-01-25,19300.00,CE,NIFTY24JAN19300CE,2780.90,2780.90,2729.75,2730.90,2732.00,2802.95,22032.30,2730.90,11900,-150,4,4409517.50,4,F1,50,,,,,
2024-01-16,2024-01-16,FO,NSE,IDO,37898,,NIFTY,,2024-02-01,2024-02-01,20400.00,CE,NIFTY2420120400CE,0.00,0.00,0.00,1115.10,0.00,1115.10,22032.30,1692.70,0,0,0,0.00,0,F1,50,,,,,
2024-01-16,2024-01-16,FO,NSE,IDO,67247,,NIFTY,,2024-03-28,2024-03-28,20400.00,CE,NIFTY24MAR20400CE,0.00,0.00,0.00,1845.15,0.00,1845.15,22032.30,1924.70,0,0,0,0.00,0,F1,50,,,,,
2024-01-16,2024-01-16,FO,NSE,IDO,39693,,NIFTY,,2024-02-15,2024-02-15,20400.00,PE,NIFTY2421520400PE,0.00,0.00,0.00,29.75,0.00,29.75,22032.30,2.25,0,0,0,0.00,0,F1,50,,,,,
2024-01-16,2024-01-16,FO,NSE,IDO,39241,,NIFTY,,2024-01-18,2024-01-18,20400.00,CE,NIFTY2411820400CE,0.00,0.00,0.00,1710.00,1710.00,1710.00,22032.30,1639.85,3100,0,0,0.00,0,F1,50,,,,,
2024-01-16,2024-01-16,FO,NSE,IDO,67248,,NIFTY,,2024-03-28,2024-03-28,20400.00,PE,NIFTY24MAR20400PE,77.80,79.00,70.85,74.65,75.55,74.05,22032.30,74.65,90000,14150,643,658271385.00,443,F1,50,,,,,
2024-01-16,2024-01-16,FO,NSE,IDO,56543,,NIFTY,,2024-01-25,2024-01-25,20400.00,PE,NIFTY24JAN20400PE,6.60,6.70,4.55,4.90,4.70,6.40,22032.30,4.90,242650,-29250,4144,4228048460.00,1651,F1,50,,,,,
2024-01-16,2024-01-16,FO,NSE,IDO,38189,,NIFTY,,2024-02-01,2024-02-01,23450.00,PE,NIFTY2420123450PE,0.00,0.00,0.00,2016.15,0.00,2016.15,22032.30,1350.40,0,0,0,0.00,0,F1,50,,,,,
2024-01-16,2024-01-16,FO,NSE,IDO,56541,,NIFTY,,2024-01-25,2024-01-25,20350.00,PE,NIFTY24JAN20350PE,6.75,6.75,4.55,4.90,4.55,6.35,22032.30,4.90,40450,250,1611,1639637267.50,662,F1,50,,,,,
2024-01-16,2024-01-16,FO,NSE,IDO,39683,,NIFTY,,2024-02-15,2024-02-15,20350.00,PE,NIFTY2421520350PE,0.00,0.00,0.00,26.25,0.00,26.25,22032.30,1.85,0,0,0,0.00,0,F1,50,,,,,
2024-01-16,2024-01-16,FO,NSE,IDO,67578,,NIFTY,,2024-03-28,2024-03-28,22650.00,CE,NIFTY24MAR22650CE,397.20,397.20,353.10,353.10,353.10,410.00,22032.30,337.00,1700,-150,5,5758960.00,3,F1,50,,,,,
2024-01-16,2024-01-16,FO,NSE,IDO,38110,,NIFTY,,2024-02-01,2024-02-01,22650.00,PE,NIFTY2420122650PE,0.00,0.00,0.00,1282.30,0.00,1282.30,22032.30,601.25,0,0,0,0.00,0,F1,50,,,,,
2024-01-16,2024-01-16,FO,NSE,IDO,72672,,NIFTY,,2024-02-29,2024-02-29,19050.00,CE,NIFTY24FEB19050CE,0.00,0.00,0.00,1543.40,0.00,1543.40,22032.30,3136.70,0,0,0,0.00,0,F1,50,,,,,
2024-01-16,2024-01-16,FO,NSE,IDO,71298,,NIFTY,,2024-06-27,2024-06-27,24000.00,CE,NIFTY24JUN24000CE,410.00,410.00,369.95,389.15,386.00,396.15,22032.30,389.15,203300,9750,1066,1299905400.00,607,F1,50,,,,,
2024-01-16,2024-01-16,FO,NSE,IDO,86152,,NIFTY,,2028-06-29,2028-06-29,24000.00,PE,NIFTY28JUN24000PE,0.00,0.00,0.00,1692.75,0.00,1692.75,22032.30,571.35,0,0,0,0.00,0,F1,50,,,,,
2024-01-16,2024-01-16,FO,NSE,IDO,60331,,NIFTY,,2024-03-28,2024-03-28,22000.00,CE,NIFTY24MAR22000CE,738.00,769.95,662.35,693.70,693.45,769.10,22032.30,693.70,787150,-14900,3245,3687085952.50,2039,F1,50,,,,,
2024-01-16,2024-01-16,FO,NSE,IDO,60323,,NIFTY,,2024-03-28,2024-03-28,18000.00,CE,NIFTY24MAR18000CE,4236.20,4340.00,4220.05,4243.10,4246.95,4321.60,22032.30,4243.10,410400,-850,98,109205595.00,65,F1,50,,,,,
2024-01-16,2024-01-16,FO,NSE,IDO,55119,,NIFTY,,2025-06-26,2025-06-26,18000.00,CE,NIFTY25JUN18000CE,0.00,0.00,0.00,3934.00,3934.00,3934.00,22032.30,5724.65,2200,0,0,0.00,0,F1,50,,,,,
2024-01-16,2024-01-16,FO,NSE,IDO,72619,,NIFTY,,2024-02-29,2024-02-29,18750.00,PE,NIFTY24FEB18750PE,0.00,0.00,0.00,77.00,0.00,77.00,22032.30,0.05,0,0,0,0.00,0,F1,50,,,,,
2024-01-16,2024-01-16,FO,NSE,IDO,56594,,NIFTY,,2024-01-25,2024-01-25,21550.00,PE,NIFTY24JAN21550PE,49.15,59.30,39.75,44.70,44.50,46.15,22032.30,44.70,307700,-105800,12711,13726181582.50,5589,F1,50,,,,,
2024-01-16,2024-01-16,FO,NSE,IDO,46169,,NIFTY,,2024-01-25,2024-01-25,22400.00,CE,NIFTY24JAN22400CE,88.80,88.80,43.00,51.00,49.00,85.30,22032.30,51.00,1318100,66700,78386,88031847760.00,26902,F1,50,,,,,
2024-01-16,2024-01-16,FO,NSE,IDO,45507,,NIFTY,,2024-02-08,2024-02-08,22400.00,PE,NIFTY2420822400PE,501.50,501.50,501.50,501.50,501.50,557.25,22032.30,428.55,50,0,1,1145075.00,1,F1,50,,,,,
2024-01-16,2024-01-16,FO,NSE,IDO,59280,,NIFTY,,2024-01-18,2024-01-18,21550.00,PE,NIFTY2411821550PE,12.00,16.05,7.55,8.30,7.70,12.95,22032.30,8.30,1556750,-171550,304825,328607766037.50,72908,F1,50,,,,,
2024-01-16,2024-01-16,FO,NSE,IDO,71379,,NIFTY,,2025-06-26,2025-06-26,24000.00,CE,NIFTY25JUN24000CE,0.00,0.00,0.00,1100.85,0.00,1100.85,22032.30,1413.75,0,0,0,0.00,0,F1,50,,,,,
2024-01-16,2024-01-16,FO,NSE,IDO,35071,,NIFTY,,2024-01-25,2024-01-25,22000.00,PE,NIFTY24JAN22000PE,155.65,202.95,131.35,166.85,166.00,140.70,22032.30,166.85,3175300,-135700,285846,316721036260.00,103411,F1,50,,,,,
2024-01-16,2024-01-16,FO,NSE,IDO,65841,,NIFTY,,2024-09-26,2024-09-26,18000.00,CE,NIFTY24SEP18000CE,0.00,0.00,0.00,2994.95,0.00,2994.95,22032.30,4862.90,0,0,0,0.00,0,F1,50,,,,,
2024-01-16,2024-01-16,FO,NSE,IDO,67771,,NIFTY,,2028-12-28,2028-12-28,18000.00,PE,NIFTY28DEC18000PE,0.00,0.00,0.00,104.65,0.00,104.65,22032.30,41.00,0,0,0,0.00,0,F1,50,,,,,
2024-01-16,2024-01-16,FO,NSE,IDO,55115,,NIFTY,,2024-06-27,2024-06-27,18000.00,CE,NIFTY24JUN18000CE,4441.75,4441.75,4427.65,4427.65,4427.65,4493.10,22032.30,4567.80,17800,50,3,3364852.50,3,F1,50,,,,,
2024-01-16,2024-01-16,FO,NSE,IDO,56357,,NIFTY,,2024-01-25,2024-01-25,17500.00,CE,NIFTY24JAN17500CE,4575.00,4610.00,4463.50,4515.00,4515.00,4611.00,22032.30,4515.00,92250,-300,11,12123432.50,11,F1,50,,,,,
2024-01-16,2024-01-16,FO,NSE,IDO,56610,,NIFTY,,2024-01-25,2024-01-25,21850.00,PE,NIFTY24JAN21850PE,106.45,137.05,89.00,109.45,110.20,97.40,22032.30,109.45,353650,16300,17575,19295888127.50,6894,F1,50,,,,,
2024-01-16,2024-01-16,FO,NSE,IDO,45577,,NIFTY,,2024-02-15,2024-02-15,21850.00,CE,NIFTY2421521850CE,0.00,0.00,0.00,507.75,507.75,507.75,22032.30,480.40,50,0,0,0.00,0,F1,50,,,,,
2024-01-16,2024-01-16,FO,NSE,IDO,59315,,NIFTY,,2024-01-18,2024-01-18,21850.00,PE,NIFTY2411821850PE,33.75,59.35,26.30,32.55,31.15,37.00,22032.30,32.55,3543050,272450,890186,974162617310.00,265749,F1,50,,,,,
2024-01-16,2024-01-16,FO,NSE,IDO,56609,,NIFTY,,2024-01-25,2024-01-25,21850.00,CE,NIFTY24JAN21850CE,340.50,374.00,252.90,287.20,283.90,383.55,22032.30,287.20,249950,68300,6259,6935969620.00,3004,F1,50,,,,,
2024-01-16,2024-01-16,FO,NSE,IDO,56460,,NIFTY,,2024-01-25,2024-01-25,18950.00,PE,NIFTY24JAN18950PE,3.55,3.55,2.40,2.40,2.40,3.55,22032.30,2.40,2200,-100,25,23690830.00,12,F1,50,,,,,
2024-01-16,2024-01-16,FO,NSE,IDO,56459,,NIFTY,,2024-01-25,2024-01-25,18950.00,CE,NIFTY24JAN18950CE,0.00,0.00,0.00,692.45,0.00,692.45,22032.30,3113.80,0,0,0,0.00,0,F1,50,,,,,
2024-01-16,2024-01-16,FO,NSE,IDO,72763,,NIFTY,,2024-02-29,2024-02-29,19550.00,CE,NIFTY24FEB19550CE,0.00,0.00,0.00,1159.60,0.00,1159.60,22032.30,2641.05,0,0,0,0.00,0,F1,50,,,,,
2024-01-16,2024-01-16,FO,NSE,IDO,59312,,NIFTY,,2024-01-18,2024-01-18,21800.00,PE,NIFTY2411821800PE,28.00,47.20,21.25,25.35,24.25,30.90,22032.30,25.35,6326500,-430600,1359905,1484286702347.50,370868,F1,50,,,,,
2024-01-16,2024-01-16,FO,NSE,IDO,67263,,NIFTY,,2024-03-28,2024-03-28,20800.00,CE,NIFTY24MAR20800CE,0.00,0.00,0.00,1431.90,1431.90,1431.90,22032.30,1558.90,50,0,0,0.00,0,F1,50,,,,,
2024-01-16,2024-01-16,FO,NSE,IDO,37935,,NIFTY,,2024-02-01,2024-02-01,20800.00,PE,NIFTY2420120800PE,19.05,22.25,17.00,17.40,17.00,19.65,22032.30,17.40,29650,-19850,1834,1909147545.00,768,F1,50,,,,,
2024-01-16,2024-01-16,FO,NSE,IDO,38030,,NIFTY,,2024-02-01,2024-02-01,21600.00,CE,NIFTY2420121600CE,604.85,665.50,534.75,572.95,572.95,673.75,22032.30,572.95,55100,2850,331,367618462.50,155,F1,50,,,,,
2024-01-16,2024-01-16,FO,NSE,IDO,56420,,NIFTY,,2024-01-25,2024-01-25,18450.00,PE,NIFTY24JAN18450PE,2.20,2.25,1.95,2.05,2.10,3.10,22032.30,2.05,2700,-300,77,71040507.50,13,F1,50,,,,,
2024-01-16,2024-01-16,FO,NSE,IDO,67650,,NIFTY,,2024-03-28,2024-03-28,23850.00,CE,NIFTY24MAR23850CE,90.25,90.25,72.50,76.25,76.25,143.10,22032.30,66.65,1000,1000,27,32304532.50,14,F1,50,,,,,
2024-01-16,2024-01-16,FO,NSE,IDO,47402,,NIFTY,,2024-01-25,2024-01-25,23850.00,PE,NIFTY24JAN23850PE,1757.70,1828.10,1730.15,1828.10,1828.10,2760.40,22032.30,1778.05,150,150,6,7681700.00,4,F1,50,,,,,
2024-01-16,2024-01-16,FO,NSE,IDO,38101,,NIFTY,,2024-02-01,2024-02-01,22500.00,CE,NIFTY2420122500CE,126.05,129.85,85.75,98.75,97.00,135.05,22032.30,98.75,214350,11900,6718,7595081760.00,2066,F1,50,,,,,
2024-01-16,2024-01-16,FO,NSE,IDO,44862,,NIFTY,,2024-01-18,2024-01-18,20600.00,PE,NIFTY2411820600PE,3.30,3.30,1.55,1.75,1.60,3.00,22032.30,1.75,1514300,36850,92486,95271608992.50,15221,F1,50,,,,,
2024-01-16,2024-01-16,FO,NSE,IDO,41801,,NIFTY,,2024-02-08,2024-02-08,20600.00,CE,NIFTY2420820600CE,0.00,0.00,0.00,1249.85,0.00,1249.85,22032.30,1521.90,0,0,0,0.00,0,F1,50,,,,,
2024-01-16,2024-01-16,FO,NSE,IDO,38102,,NIFTY,,2024-02-01,2024-02-01,22500.00,PE,NIFTY2420122500PE,500.00,562.00,447.65,507.45,517.35,450.15,22032.30,507.45,12350,5200,743,854493620.00,300,F1,50,,,,,
2024-01-16,2024-01-16,FO,NSE,IDO,42063,,NIFTY,,2024-02-29,2024-02-29,23500.00,PE,NIFTY24FEB23500PE,1287.00,1351.00,1273.95,1350.00,1350.00,2453.65,22032.30,1350.00,2500,2500,55,68224072.50,30,F1,50,,,,,
2024-01-16,2024-01-16,FO,NSE,IDO,42013,,NIFTY,,2024-01-25,2024-01-25,23500.00,PE,NIFTY24JAN23500PE,1420.00,1515.00,1376.00,1465.25,1465.70,1359.65,22032.30,1465.25,8100,4900,100,124774390.00,36,F1,50,,,,,
2024-01-16,2024-01-16,FO,NSE,IDO,72828,,NIFTY,,2024-02-29,2024-02-29,20600.00,CE,NIFTY24FEB20600CE,1677.10,1677.10,1614.75,1614.75,1614.75,1640.00,22032.30,1614.75,3400,-50,5,5563337.50,4,F1,50,,,,,
2024-01-16,2024-01-16,FO,NSE,IDO,67256,,NIFTY,,2024-03-28,2024-03-28,20600.00,PE,NIFTY24MAR20600PE,94.95,98.05,90.00,92.25,92.30,94.20,22032.30,92.25,91500,2600,433,448023565.00,276,F1,50,,,,,
2024-01-16,2024-01-16,FO,NSE,IDO,47413,,NIFTY,,2024-02-29,2024-02-29,23800.00,CE,NIFTY24FEB23800CE,31.45,31.55,24.75,26.95,27.05,37.90,22032.30,26.95,34800,34800,1357,1616809012.50,671,F1,50,,,,,
2024-01-16,2024-01-16,FO,NSE,IDO,45668,,NIFTY,,2024-02-08,2024-02-08,23800.00,PE,NIFTY2420823800PE,0.00,0.00,0.00,1986.35,0.00,1986.35,22032.30,1668.70,0,0,0,0.00,0,F1,50,,,,,
2024-01-16,2024-01-16,FO,NSE,IDO,60322,,NIFTY,,2024-03-28,2024-03-28,17000.00,PE,NIFTY24MAR17000PE,14.00,16.25,11.00,11.60,12.40,13.30,22032.30,11.60,329450,-400,530,450836962.50,158,F1,50,,,,,
2024-01-16,2024-01-16,FO,NSE,IDO,71546,,NIFTY,,2027-06-24,2027-06-24,17000.00,PE,NIFTY27JUN17000PE,0.00,0.00,0.00,1814.75,0.00,1814.75,22032.30,20.45,0,0,0,0.00,0,F1,50,,,,,
2024-01-16,2024-01-16,FO,NSE,IDO,50497,,NIFTY,,2026-06-25,2026-06-25,17000.00,CE,NIFTY26JUN17000CE,0.00,0.00,0.00,4348.25,0.00,4348.25,22032.30,7630.20,0,0,0,0.00,0,F1,50,,,,,
2024-01-16,2024-01-16,FO,NSE,IDO,50198,,NIFTY,,2024-02-15,2024-02-15,23450.00,CE,NIFTY2421523450CE,0.00,0.00,0.00,22.65,0.00,22.65,22032.30,17.35,0,0,0,0.00,0,F1,50,,,,,
2024-01-16,2024-01-16,FO,NSE,IDO,45628,,NIFTY,,2024-02-08,2024-02-08,23450.00,PE,NIFTY2420823450PE,0.00,0.00,0.00,1652.05,0.00,1652.05,22032.30,1325.90,0,0,0,0.00,0,F1,50,,,,,
2024-01-16,2024-01-16,FO,NSE,IDO,59415,,NIFTY,,2024-01-18,2024-01-18,23050.00,PE,NIFTY2411823050PE,0.00,0.00,0.00,1725.60,0.00,1725.60,22032.30,1009.20,0,0,0,0.00,0,F1,50,,,,,
2024-01-16,2024-01-16,FO,NSE,IDO,38116,,NIFTY,,2024-02-01,2024-02-01,22750.00,PE,NIFTY2420122750PE,0.00,0.00,0.00,1369.35,0.00,1369.35,22032.30,686.65,0,0,0,0.00,0,F1,50,,,,,
2024-01-16,2024-01-16,FO,NSE,IDO,72921,,NIFTY,,2024-02-29,2024-02-29,22200.00,PE,NIFTY24FEB22200PE,387.95,439.60,369.75,408.60,410.25,369.05,22032.30,408.60,120350,32800,3116,3520419085.00,1745,F1,50,,,,,
2024-01-16,2024-01-16,FO,NSE,IDO,38077,,NIFTY,,2024-02-01,2024-02-01,22200.00,PE,NIFTY2420122200PE,289.05,356.20,273.10,325.65,323.00,277.00,22032.30,325.65,31350,-4800,2501,2815037462.50,903,F1,50,,,,,
2024-01-16,2024-01-16,FO,NSE,IDO,56385,,NIFTY,,2024-01-25,2024-01-25,17900.00,CE,NIFTY24JAN17900CE,0.00,0.00,0.00,3971.50,3979.90,3971.50,22032.30,4162.05,7650,0,0,0.00,0,F1,50,,,,,
2024-01-16,2024-01-16,FO,NSE,IDO,37954,,NIFTY,,2024-02-01,2024-02-01,21000.00,CE,NIFTY2420121000CE,1154.05,1200.95,1049.00,1105.55,1096.00,1214.50,22032.30,1105.55,41550,450,168,185876607.50,73,F1,50,,,,,
2024-01-16,2024-01-16,FO,NSE,IDO,51451,,NIFTY,,2025-12-24,2025-12-24,21000.00,CE,NIFTY25DEC21000CE,0.00,0.00,0.00,1400.00,1400.00,1400.00,22032.30,3866.00,100,0,0,0.00,0,F1,50,,,,,
2024-01-16,2024-01-16,FO,NSE,IDO,86145,,NIFTY,,2028-06-29,2028-06-29,21000.00,CE,NIFTY28JUN21000CE,0.00,0.00,0.00,5226.55,0.00,5226.55,22032.30,6677.60,0,0,0,0.00,0,F1,50,,,,,
2024-01-16,2024-01-16,FO,NSE,IDO,56566,,NIFTY,,2024-01-25,2024-01-25,21000.00,CE,NIFTY24JAN21000CE,1100.05,1142.00,980.00,1039.50,1030.05,1145.75,22032.30,1039.50,819550,-53000,4658,5138922317.50,1766,F1,50,,,,,
2024-01-16,2024-01-16,FO,NSE,IDO,67777,,NIFTY,,2028-12-28,2028-12-28,21000.00,PE,NIFTY28DEC21000PE,0.00,0.00,0.00,320.70,0.00,320.70,22032.30,176.40,0,0,0,0.00,0,F1,50,,,,,
2024-01-16,2024-01-16,FO,NSE,IDO,42322,,NIFTY,,2024-02-08,2024-02-08,21000.00,CE,NIFTY2420821000CE,0.00,0.00,0.00,914.25,0.00,914.25,22032.30,1133.25,0,0,0,0.00,0,F1,50,,,,,
2024-01-16,2024-01-16,FO,NSE,IDO,42082,,NIFTY,,2024-02-29,2024-02-29,23600.00,PE,NIFTY24FEB23600PE,0.00,0.00,0.00,2546.60,0.00,2546.60,22032.30,1409.35,0,0,0,0.00,0,F1,50,,,,,
2024-01-16,2024-01-16,FO,NSE,IDO,67225,,NIFTY,,2024-03-28,2024-03-28,19800.00,PE,NIFTY24MAR19800PE,43.40,46.00,43.40,44.00,44.00,43.40,22032.30,44.00,19100,1500,109,108151317.50,81,F1,50,,,,,
2024-01-16,2024-01-16,FO,NSE,IDO,56515,,NIFTY,,2024-01-25,2024-01-25,19800.00,PE,NIFTY24JAN19800PE,3.95,4.15,3.10,3.35,3.25,4.10,22032.30,3.35,174400,-800,1142,1130786202.50,320,F1,50,,,,,
2024-01-16,2024-01-16,FO,NSE,IDO,42019,,NIFTY,,2024-01-25,2024-01-25,23600.00,CE,NIFTY24JAN23600CE,2.80,3.15,2.05,2.10,2.05,2.60,22032.30,2.10,82800,26450,2286,2697754740.00,586,F1,50,,,,,
2024-01-16,2024-01-16,FO,NSE,IDO,42022,,NIFTY,,2024-01-25,2024-01-25,23600.00,PE,NIFTY24JAN23600PE,0.00,0.00,0.00,2677.45,0.00,2677.45,22032.30,1528.50,0,0,0,0.00,0,F1,50,,,,,
2024-01-16,2024-01-16,FO,NSE,IDO,59442,,NIFTY,,2024-01-18,2024-01-18,23600.00,CE,NIFTY2411823600CE,0.50,0.85,0.50,0.60,0.55,0.60,22032.30,0.60,160150,-159900,23777,28057640820.00,5173,F1,50,,,,,
2024-01-16,2024-01-16,FO,NSE,IDO,39212,,NIFTY,,2024-01-18,2024-01-18,19800.00,PE,NIFTY2411819800PE,2.60,3.05,1.00,1.10,1.25,2.60,22032.30,1.10,1400500,-364150,96034,95082314742.50,14147,F1,50,,,,,
2024-01-16,2024-01-16,FO,NSE,IDO,56514,,NIFTY,,2024-01-25,2024-01-25,19800.00,CE,NIFTY24JAN19800CE,2300.00,2325.00,2218.55,2218.55,2218.55,2342.15,22032.30,2218.55,52450,-450,165,182346210.00,58,F1,50,,,,,
2024-01-16,2024-01-16,FO,NSE,IDO,72781,,NIFTY,,2024-02-29,2024-02-29,19800.00,CE,NIFTY24FEB19800CE,0.00,0.00,0.00,2270.00,2270.00,2270.00,22032.30,2393.65,1200,0,0,0.00,0,F1,50,,,,,
2024-01-16,2024-01-16,FO,NSE,IDO,56412,,NIFTY,,2024-01-25,2024-01-25,18300.00,PE,NIFTY24JAN18300PE,2.70,2.70,1.90,2.05,2.05,2.70,22032.30,2.05,49950,-1000,86,78699250.00,26,F1,50,,,,,
2024-01-16,2024-01-16,FO,NSE,IDO,38114,,NIFTY,,2024-02-01,2024-02-01,22700.00,PE,NIFTY2420122700PE,0.00,0.00,0.00,1325.60,0.00,1325.60,22032.30,643.50,0,0,0,0.00,0,F1,50,,,,,
2024-01-16,2024-01-16,FO,NSE,IDO,59401,,NIFTY,,2024-01-18,2024-01-18,22700.00,PE,NIFTY2411822700PE,648.40,721.00,588.95,663.75,675.05,579.20,22032.30,663.75,4850,2650,405,472891392.50,161,F1,50,,,,,
2024-01-16,2024-01-16,FO,NSE,IDO,43940,,NIFTY,,2024-02-08,2024-02-08,21600.00,CE,NIFTY2420821600CE,642.85,700.60,583.70,631.00,622.45,710.10,22032.30,631.00,1200,-1400,62,68973437.50,54,F1,50,,,,,
2024-01-16,2024-01-16,FO,NSE,IDO,44866,,NIFTY,,2024-01-18,2024-01-18,20650.00,PE,NIFTY2411820650PE,3.15,4.35,1.70,1.90,1.70,3.15,22032.30,1.90,989300,221600,79416,82007266940.00,17655,F1,50,,,,,
2024-01-16,2024-01-16,FO,NSE,IDO,67257,,NIFTY,,2024-03-28,2024-03-28,20650.00,CE,NIFTY24MAR20650CE,0.00,0.00,0.00,1384.80,1384.80,1384.80,22032.30,1693.75,350,0,0,0.00,0,F1,50,,,,,
2024-01-16,2024-01-16,FO,NSE,IDO,56474,,NIFTY,,2024-01-25,2024-01-25,19150.00,PE,NIFTY24JAN19150PE,3.90,3.90,2.20,2.35,2.50,3.95,22032.30,2.35,4950,1650,196,187699085.00,46,F1,50,,,,,
2024-01-16,2024-01-16,FO,NSE,IDO,71473,,NIFTY,,2026-06-25,2026-06-25,24000.00,PE,NIFTY26JUN24000PE,0.00,0.00,0.00,5437.70,0.00,5437.70,22032.30,905.75,0,0,0,0.00,0,F1,50,,,,,
2024-01-16,2024-01-16,FO,NSE,IDO,67610,,NIFTY,,2024-03-28,2024-03-28,23250.00,CE,NIFTY24MAR23250CE,185.00,185.00,180.00,180.00,180.00,144.90,22032.30,180.00,1250,-100,3,3514955.00,3,F1,50,,,,,
2024-01-16,2024-01-16,FO,NSE,IDO,56533,,NIFTY,,2024-01-25,2024-01-25,20150.00,PE,NIFTY24JAN20150PE,5.25,5.55,3.95,4.25,3.95,5.40,22032.30,4.25,28050,-4100,596,600612685.00,311,F1,50,,,,,
2024-01-16,2024-01-16,FO,NSE,IDO,35765,,NIFTY,,2024-02-29,2024-02-29,23250.00,PE,NIFTY24FEB23250PE,1073.95,1134.70,1073.90,1134.70,1134.70,1095.30,22032.30,1097.60,500,250,8,9738165.00,7,F1,50,,,,,
2024-01-16,2024-01-16,FO,NSE,IDO,72799,,NIFTY,,2024-02-29,2024-02-29,20150.00,CE,NIFTY24FEB20150CE,0.00,0.00,0.00,1735.00,1735.00,1735.00,22032.30,2048.85,50,0,0,0.00,0,F1,50,,,,,
2024-01-16,2024-01-16,FO,NSE,IDO,39227,,NIFTY,,2024-01-18,2024-01-18,20150.00,CE,NIFTY2411820150CE,0.00,0.00,0.00,1500.00,1500.00,1500.00,22032.30,1889.75,200,0,0,0.00,0,F1,50,,,,,
2024-01-16,2024-01-16,FO,NSE,IDO,59425,,NIFTY,,2024-01-18,2024-01-18,23250.00,CE,NIFTY2411823250CE,0.80,0.85,0.60,0.75,0.70,0.75,22032.30,0.75,221900,2650,18991,22077717805.00,4390,F1,50,,,,,
2024-01-16,2024-01-16,FO,NSE,IDO,35758,,NIFTY,,2024-01-25,2024-01-25,23250.00,CE,NIFTY24JAN23250CE,4.50,5.65,3.60,3.90,3.65,4.50,22032.30,3.90,43950,17600,2194,2551001317.50,811,F1,50,,,,,
2024-01-16,2024-01-16,FO,NSE,IDO,72800,,NIFTY,,2024-02-29,2024-02-29,20150.00,PE,NIFTY24FEB20150PE,23.85,23.85,21.45,21.80,21.80,22.70,22032.30,3.25,5700,-200,33,33283965.00,24,F1,50,,,,,
2024-01-16,2024-01-16,FO,NSE,IDO,67576,,NIFTY,,2024-03-28,2024-03-28,22600.00,CE,NIFTY24MAR22600CE,443.00,443.00,366.00,388.30,383.00,439.10,22032.30,388.30,8150,2000,80,92002650.00,32,F1,50,,,,,
2024-01-16,2024-01-16,FO,NSE,IDO,38174,,NIFTY,,2024-02-01,2024-02-01,23250.00,CE,NIFTY2420123250CE,18.40,18.40,13.55,14.60,15.05,17.20,22032.30,14.60,8150,1200,201,233812867.50,67,F1,50,,,,,
2024-01-16,2024-01-16,FO,NSE,IDO,40073,,NIFTY,,2024-02-15,2024-02-15,20900.00,CE,NIFTY2421520900CE,0.00,0.00,0.00,983.45,0.00,983.45,22032.30,1262.70,0,0,0,0.00,0,F1,50,,,,,
2024-01-16,2024-01-16,FO,NSE,IDO,72663,,NIFTY,,2024-02-29,2024-02-29,18900.00,PE,NIFTY24FEB18900PE,0.00,0.00,0.00,25.40,25.40,25.40,22032.30,0.05,1050,0,0,0.00,0,F1,50,,,,,
2024-01-16,2024-01-16,FO,NSE,IDO,72761,,NIFTY,,2024-02-29,2024-02-29,19500.00,CE,NIFTY24FEB19500CE,2741.40,2755.00,2650.00,2671.00,2671.00,2758.00,22032.30,2690.60,7950,800,32,35544847.50,27,F1,50,,,,,
2024-01-16,2024-01-16,FO,NSE,IDO,38098,,NIFTY,,2024-02-01,2024-02-01,22400.00,PE,NIFTY2420122400PE,411.20,471.10,388.00,443.50,443.50,383.85,22032.30,443.50,6050,0,40,45639280.00,28,F1,50,,,,,
2024-01-16,2024-01-16,FO,NSE,IDO,59387,,NIFTY,,2024-01-18,2024-01-18,22400.00,CE,NIFTY2411822400CE,15.00,15.00,4.70,5.70,4.70,16.55,22032.30,5.70,5792350,2175150,1327950,1487864963372.50,268338,F1,50,,,,,
2024-01-16,2024-01-16,FO,NSE,IDO,72895,,NIFTY,,2024-02-29,2024-02-29,21550.00,PE,NIFTY24FEB21550PE,166.30,179.90,157.80,168.55,169.65,161.15,22032.30,168.55,8450,-850,53,57548085.00,44,F1,50,,,,,
2024-01-16,2024-01-16,FO,NSE,IDO,72752,,NIFTY,,2024-02-29,2024-02-29,19350.00,CE,NIFTY24FEB19350CE,0.00,0.00,0.00,1306.65,0.00,1306.65,22032.30,2839.25,0,0,0,0.00,0,F1,50,,,,,
2024-01-16,2024-01-16,FO,NSE,IDO,40085,,NIFTY,,2024-06-27,2024-06-27,15000.00,PE,NIFTY24JUN15000PE,0.00,0.00,0.00,3.05,3.05,3.05,22032.30,0.05,12425,0,0,0.00,0,F1,50,,,,,
2024-01-16,2024-01-16,FO,NSE,IDO,58618,,NIFTY,,2025-06-26,2025-06-26,22000.00,CE,NIFTY25JUN22000CE,0.00,0.00,0.00,2088.15,0.00,2088.15,22032.30,2532.25,0,0,0,0.00,0,F1,50,,,,,
2024-01-16,2024-01-16,FO,NSE,IDO,58610,,NIFTY,,2024-06-27,2024-06-27,22000.00,CE,NIFTY24JUN22000CE,1312.00,1358.55,1260.35,1305.65,1297.35,1354.35,22032.30,1305.65,268750,-15000,1398,1630574040.00,1007,F1,50,,,,,
2024-01-16,2024-01-16,FO,NSE,IDO,58649,,NIFTY,,2026-12-31,2026-12-31,22000.00,PE,NIFTY26DEC22000PE,0.00,0.00,0.00,609.65,609.65,609.65,22032.30,374.75,100,0,0,0.00,0,F1,50,,,,,
2024-01-16,2024-01-16,FO,NSE,IDO,71355,,NIFTY,,2024-12-26,2024-12-26,24000.00,PE,NIFTY24DEC24000PE,1545.00,1585.05,1521.05,1568.55,1572.00,1527.35,22032.30,1568.55,20600,-200,80,102266597.50,60,F1,50,,,,,
2024-01-16,2024-01-16,FO,NSE,IDO,38707,,NIFTY,,2024-02-15,2024-02-15,20050.00,PE,NIFTY2421520050PE,0.00,0.00,0.00,11.75,0.00,11.75,22032.30,0.45,0,0,0,0.00,0,F1,50,,,,,
2024-01-16,2024-01-16,FO,NSE,IDO,56526,,NIFTY,,2024-01-25,2024-01-25,20050.00,CE,NIFTY24JAN20050CE,2055.00,2072.00,2052.00,2072.00,2072.00,2075.00,22032.30,2015.65,6350,1300,29,32064590.00,6,F1,50,,,,,
2024-01-16,2024-01-16,FO,NSE,IDO,40132,,NIFTY,,2024-02-08,2024-02-08,20050.00,PE,NIFTY2420820050PE,0.00,0.00,0.00,11.80,0.00,11.80,22032.30,0.10,0,0,0,0.00,0,F1,50,,,,,
2024-01-16,2024-01-16,FO,NSE,IDO,58625,,NIFTY,,2026-06-25,2026-06-25,12000.00,PE,NIFTY26JUN12000PE,0.00,0.00,0.00,10.05,10.05,10.05,22032.30,0.05,500,0,0,0.00,0,F1,50,,,,,
2024-01-16,2024-01-16,FO,NSE,IDO,72772,,NIFTY,,2024-02-29,2024-02-29,19600.00,PE,NIFTY24FEB19600PE,13.00,13.25,12.00,12.35,12.65,13.05,22032.30,12.35,14750,-19450,587,575622010.00,145,F1,50,,,,,
2024-01-16,2024-01-16,FO,NSE,IDO,72775,,NIFTY,,2024-02-29,2024-02-29,19700.00,CE,NIFTY24FEB19700CE,2537.90,2560.25,2537.90,2560.25,2560.25,2500.00,22032.30,2492.55,450,0,2,2224907.50,2,F1,50,,,,,
2024-01-16,2024-01-16,FO,NSE,IDO,59414,,NIFTY,,2024-01-18,2024-01-18,23050.00,CE,NIFTY2411823050CE,1.00,1.15,0.70,0.90,0.80,1.05,22032.30,0.90,799500,-25550,45820,52809638255.00,8731,F1,50,,,,,
2024-01-16,2024-01-16,FO,NSE,IDO,72959,,NIFTY,,2024-02-29,2024-02-29,23050.00,PE,NIFTY24FEB23050PE,920.25,938.90,920.25,938.90,938.90,897.25,22032.30,930.85,900,100,5,5994080.00,4,F1,50,,,,,
2024-01-16,2024-01-16,FO,NSE,IDF,36612,,NIFTY,,2024-03-28,2024-03-28,,,NIFTY24MARFUT,22362.30,22394.65,22242.00,22301.50,22299.00,22398.50,22032.30,22301.50,468500,11650,3062,3419066517.50,2501,F1,50,,,,,
2024-01-16,2024-01-16,FO,NSE,IDO,42059,,NIFTY,,2024-02-29,2024-02-29,23400.00,PE,NIFTY24FEB23400PE,0.00,0.00,0.00,2361.35,0.00,2361.35,22032.30,1228.50,0,0,0,0.00,0,F1,50,,,,,
2024-01-16,2024-01-16,FO,NSE,IDO,42008,,NIFTY,,2024-01-25,2024-01-25,23400.00,CE,NIFTY24JAN23400CE,3.60,3.75,2.75,3.00,2.85,3.50,22032.30,3.00,88550,-75650,7146,8361999925.00,2518,F1,50,,,,,
2024-01-16,2024-01-16,FO,NSE,IDO,59432,,NIFTY,,2024-01-18,2024-01-18,23400.00,PE,NIFTY2411823400PE,0.00,0.00,0.00,2062.80,0.00,2062.80,22032.30,1359.05,0,0,0,0.00,0,F1,50,,,,,
2024-01-16,2024-01-16,FO,NSE,IDO,56415,,NIFTY,,2024-01-25,2024-01-25,18400.00,CE,NIFTY24JAN18400CE,0.00,0.00,0.00,3680.00,3680.00,3680.00,22032.30,3662.90,8550,0,0,0.00,0,F1,50,,,,,
2024-01-16,2024-01-16,FO,NSE,IDO,41726,,NIFTY,,2024-02-08,2024-02-08,20550.00,CE,NIFTY2420820550CE,0.00,0.00,0.00,1294.35,0.00,1294.35,22032.30,1571.20,0,0,0,0.00,0,F1,50,,,,,
2024-01-16,2024-01-16,FO,NSE,IDO,56549,,NIFTY,,2024-01-25,2024-01-25,20550.00,PE,NIFTY24JAN20550PE,6.90,7.35,5.15,5.45,5.20,7.35,22032.30,5.45,38050,700,2229,2291015265.00,1522,F1,50,,,,,
2024-01-16,2024-01-16,FO,NSE,IDO,67254,,NIFTY,,2024-03-28,2024-03-28,20550.00,PE,NIFTY24MAR20550PE,0.00,0.00,0.00,158.40,161.90,158.40,22032.30,31.15,2750,0,0,0.00,0,F1,50,,,,,
2024-01-16,2024-01-16,FO,NSE,IDO,39708,,NIFTY,,2024-02-15,2024-02-15,20550.00,PE,NIFTY2421520550PE,0.00,0.00,0.00,42.60,0.00,42.60,22032.30,4.15,0,0,0,0.00,0,F1,50,,,,,
2024-01-16,2024-01-16,FO,NSE,IDO,72826,,NIFTY,,2024-02-29,2024-02-29,20550.00,CE,NIFTY24FEB20550CE,0.00,0.00,0.00,1670.00,1670.00,1670.00,22032.30,1660.50,800,0,0,0.00,0,F1,50,,,,,
2024-01-16,2024-01-16,FO,NSE,IDO,56548,,NIFTY,,2024-01-25,2024-01-25,20550.00,CE,NIFTY24JAN20550CE,0.00,0.00,0.00,1515.00,1515.00,1515.00,22032.30,1516.50,4800,0,0,0.00,0,F1,50,,,,,
2024-01-16,2024-01-16,FO,NSE,IDO,41727,,NIFTY,,2024-02-08,2024-02-08,20550.00,PE,NIFTY2420820550PE,0.00,0.00,0.00,42.60,0.00,42.60,22032.30,1.70,0,0,0,0.00,0,F1,50,,,,,
2024-01-16,2024-01-16,FO,NSE,IDO,38133,,NIFTY,,2024-02-01,2024-02-01,23100.00,PE,NIFTY2420123100PE,0.00,0.00,0.00,1686.05,0.00,1686.05,22032.30,1009.05,0,0,0,0.00,0,F1,50,,,,,
2024-01-16,2024-01-16,FO,NSE,IDO,59433,,NIFTY,,2024-01-18,2024-01-18,23450.00,CE,NIFTY2411823450CE,0.60,0.75,0.55,0.60,0.60,0.65,22032.30,0.60,647950,-44000,35545,41677649062.50,5004,F1,50,,,,,
2024-01-16,2024-01-16,FO,NSE,IDO,37894,,NIFTY,,2024-02-01,2024-02-01,20350.00,CE,NIFTY2420120350CE,0.00,0.00,0.00,1156.60,0.00,1156.60,22032.30,1742.50,0,0,0,0.00,0,F1,50,,,,,
2024-01-16,2024-01-16,FO,NSE,IDO,67244,,NIFTY,,2024-03-28,2024-03-28,20350.00,CE,NIFTY24MAR20350CE,0.00,0.00,0.00,1887.70,0.00,1887.70,22032.30,1971.65,0,0,0,0.00,0,F1,50,,,,,
2024-01-16,2024-01-16,FO,NSE,IDO,53611,,NIFTY,,2027-12-30,2027-12-30,20000.00,PE,NIFTY27DEC20000PE,0.00,0.00,0.00,811.00,811.00,811.00,22032.30,129.80,2350,0,0,0.00,0,F1,50,,,,,
2024-01-16,2024-01-16,FO,NSE,IDO,50053,,NIFTY,,2024-02-15,2024-02-15,22200.00,CE,NIFTY2421522200CE,334.90,355.60,301.00,301.00,301.00,225.80,22032.30,285.65,500,500,14,15770262.50,8,F1,50,,,,,
2024-01-16,2024-01-16,FO,NSE,IDO,50082,,NIFTY,,2024-02-15,2024-02-15,22750.00,PE,NIFTY2421522750PE,0.00,0.00,0.00,1036.30,0.00,1036.30,22032.30,692.75,0,0,0,0.00,0,F1,50,,,,,
2024-01-16,2024-01-16,FO,NSE,IDO,39990,,NIFTY,,2026-06-25,2026-06-25,19000.00,PE,NIFTY26JUN19000PE,0.00,0.00,0.00,140.45,140.45,140.45,22032.30,75.25,100,0,0,0.00,0,F1,50,,,,,
2024-01-16,2024-01-16,FO,NSE,IDO,71550,,NIFTY,,2027-06-24,2027-06-24,19000.00,PE,NIFTY27JUN19000PE,0.00,0.00,0.00,223.05,223.05,223.05,22032.30,78.45,200,0,0,0.00,0,F1,50,,,,,
2024-01-16,2024-01-16,FO,NSE,IDO,39971,,NIFTY,,2024-06-27,2024-06-27,19000.00,CE,NIFTY24JUN19000CE,3696.90,3696.90,3577.70,3600.00,3600.00,3678.50,22032.30,3600.00,103900,-1300,51,57730517.50,51,F1,50,,,,,
2024-01-16,2024-01-16,FO,NSE,IDO,56363,,NIFTY,,2024-01-25,2024-01-25,17650.00,CE,NIFTY24JAN17650CE,0.00,0.00,0.00,1611.60,0.00,1611.60,22032.30,4411.65,0,0,0,0.00,0,F1,50,,,,,
2024-01-16,2024-01-16,FO,NSE,IDO,59392,,NIFTY,,2024-01-18,2024-01-18,22500.00,PE,NIFTY2411822500PE,420.00,540.30,381.05,474.55,479.85,394.40,22032.30,474.55,213900,-80350,20280,23271294560.00,6938,F1,50,,,,,
2024-01-16,2024-01-16,FO,NSE,IDO,72933,,NIFTY,,2024-02-29,2024-02-29,22500.00,PE,NIFTY24FEB22500PE,545.95,611.75,517.75,570.90,575.00,518.70,22032.30,570.90,196350,-15800,3135,3613975910.00,1771,F1,50,,,,,
2024-01-16,2024-01-16,FO,NSE,IDO,56550,,NIFTY,,2024-01-25,2024-01-25,20600.00,CE,NIFTY24JAN20600CE,1478.50,1504.40,1407.00,1450.95,1450.95,1546.25,22032.30,1466.55,61750,-2450,69,76057715.00,45,F1,50,,,,,
2024-01-16,2024-01-16,FO,NSE,IDO,67649,,NIFTY,,2024-03-28,2024-03-28,23800.00,PE,NIFTY24MAR23800PE,0.00,0.00,0.00,1744.05,0.00,1744.05,22032.30,1525.00,0,0,0,0.00,0,F1,50,,,,,
2024-01-16,2024-01-16,FO,NSE,IDO,67648,,NIFTY,,2024-03-28,2024-03-28,23800.00,CE,NIFTY24MAR23800CE,88.70,95.20,77.25,83.75,83.70,150.80,22032.30,83.75,1300,1300,72,85994472.50,39,F1,50,,,,,
2024-01-16,2024-01-16,FO,NSE,IDO,86137,,NIFTY,,2028-06-29,2028-06-29,17000.00,CE,NIFTY28JUN17000CE,0.00,0.00,0.00,7393.45,0.00,7393.45,22032.30,9469.45,0,0,0,0.00,0,F1,50,,,,,
2024-01-16,2024-01-16,FO,NSE,IDO,45858,,NIFTY,,2024-12-26,2024-12-26,17000.00,CE,NIFTY24DEC17000CE,0.00,0.00,0.00,5798.60,5798.60,5798.60,22032.30,6085.20,21100,0,0,0.00,0,F1,50,,,,,
2024-01-16,2024-01-16,FO,NSE,IDO,45856,,NIFTY,,2024-06-27,2024-06-27,17000.00,CE,NIFTY24JUN17000CE,0.00,0.00,0.00,5010.65,5010.65,5010.65,22032.30,5537.15,50,0,0,0.00,0,F1,50,,,,,
2024-01-16,2024-01-16,FO,NSE,IDO,47398,,NIFTY,,2024-01-25,2024-01-25,23800.00,CE,NIFTY24JAN23800CE,2.35,3.20,2.05,2.10,2.10,6.20,22032.30,2.10,28350,28350,1810,2154112377.50,385,F1,50,,,,,
2024-01-16,2024-01-16,FO,NSE,IDO,59451,,NIFTY,,2024-01-18,2024-01-18,23800.00,CE,NIFTY2411823800CE,2.65,2.80,0.40,0.50,0.45,2.75,22032.30,0.50,94600,94600,8165,9716596040.00,2772,F1,50,,,,,
2024-01-16,2024-01-16,FO,NSE,IDO,47420,,NIFTY,,2024-02-29,2024-02-29,23800.00,PE,NIFTY24FEB23800PE,0.00,0.00,0.00,2580.25,0.00,2580.25,22032.30,1595.70,0,0,0,0.00,0,F1,50,,,,,
2024-01-16,2024-01-16,FO,NSE,IDO,67768,,NIFTY,,2028-12-28,2028-12-28,17000.00,CE,NIFTY28DEC17000CE,0.00,0.00,0.00,10036.40,0.00,10036.40,22032.30,9886.05,0,0,0,0.00,0,F1,50,,,,,
2024-01-16,2024-01-16,FO,NSE,IDO,71545,,NIFTY,,2027-06-24,2027-06-24,17000.00,CE,NIFTY27JUN17000CE,0.00,0.00,0.00,4464.70,0.00,4464.70,22032.30,8573.85,0,0,0,0.00,0,F1,50,,,,,
2024-01-16,2024-01-16,FO,NSE,IDO,56419,,NIFTY,,2024-01-25,2024-01-25,18450.00,CE,NIFTY24JAN18450CE,0.00,0.00,0.00,3410.00,3410.00,3410.00,22032.30,3613.00,150,0,0,0.00,0,F1,50,,,,,
2024-01-16,2024-01-16,FO,NSE,IDO,56562,,NIFTY,,2024-01-25,2024-01-25,20900.00,CE,NIFTY24JAN20900CE,1215.00,1231.65,1119.30,1130.00,1130.00,1252.55,22032.30,1130.00,74450,-3400,89,98358747.50,49,F1,50,,,,,
2024-01-16,2024-01-16,FO,NSE,IDO,67267,,NIFTY,,2024-03-28,2024-03-28,20900.00,CE,NIFTY24MAR20900CE,0.00,0.00,0.00,1400.00,1400.00,1400.00,22032.30,1470.85,100,0,0,0.00,0,F1,50,,,,,
2024-01-16,2024-01-16,FO,NSE,IDO,40183,,NIFTY,,2024-02-08,2024-02-08,20150.00,PE,NIFTY2420820150PE,0.00,0.00,0.00,15.60,0.00,15.60,22032.30,0.20,0,0,0,0.00,0,F1,50,,,,,
2024-01-16,2024-01-16,FO,NSE,IDO,45533,,NIFTY,,2024-02-08,2024-02-08,22600.00,PE,NIFTY2420822600PE,569.00,569.00,569.00,569.00,569.00,542.35,22032.30,570.45,100,0,2,2316900.00,1,F1,50,,,,,
2024-01-16,2024-01-16,FO,NSE,IDO,56532,,NIFTY,,2024-01-25,2024-01-25,20150.00,CE,NIFTY24JAN20150CE,1900.00,1900.00,1845.00,1845.00,1845.00,2000.00,22032.30,1915.80,1800,-100,2,2202250.00,2,F1,50,,,,,
2024-01-16,2024-01-16,FO,NSE,IDO,50075,,NIFTY,,2024-02-15,2024-02-15,22600.00,CE,NIFTY2421522600CE,162.00,169.05,137.30,154.00,154.00,196.20,22032.30,154.00,1300,200,12,13651115.00,10,F1,50,,,,,
2024-01-16,2024-01-16,FO,NSE,IDO,37873,,NIFTY,,2024-02-01,2024-02-01,20150.00,PE,NIFTY2420120150PE,9.45,9.50,7.25,8.35,7.25,8.95,22032.30,8.35,8000,2200,202,203604667.50,53,F1,50,,,,,
2024-01-16,2024-01-16,FO,NSE,IDO,72936,,NIFTY,,2024-02-29,2024-02-29,22600.00,CE,NIFTY24FEB22600CE,250.00,261.00,200.00,221.10,219.50,259.85,22032.30,221.10,181600,55500,4578,5226322707.50,3652,F1,50,,,,,
2024-01-16,2024-01-16,FO,NSE,IDO,37870,,NIFTY,,2024-02-01,2024-02-01,20150.00,CE,NIFTY2420120150CE,0.00,0.00,0.00,1328.05,0.00,1328.05,22032.30,1941.85,0,0,0,0.00,0,F1,50,,,,,
2024-01-16,2024-01-16,FO,NSE,IDO,38706,,NIFTY,,2024-02-15,2024-02-15,20050.00,CE,NIFTY2421520050CE,0.00,0.00,0.00,1748.80,0.00,1748.80,22032.30,2093.70,0,0,0,0.00,0,F1,50,,,,,
2024-01-16,2024-01-16,FO,NSE,IDO,39224,,NIFTY,,2024-01-18,2024-01-18,20050.00,PE,NIFTY2411820050PE,2.35,2.50,1.10,1.30,1.30,2.50,22032.30,1.30,131350,-9550,10312,10338755810.00,2169,F1,50,,,,,
2024-01-16,2024-01-16,FO,NSE,IDO,56527,,NIFTY,,2024-01-25,2024-01-25,20050.00,PE,NIFTY24JAN20050PE,4.90,5.25,3.75,4.20,3.75,5.15,22032.30,4.20,32500,1350,367,368003780.00,208,F1,50,,,,,
2024-01-16,2024-01-16,FO,NSE,IDO,67233,,NIFTY,,2024-03-28,2024-03-28,20050.00,PE,NIFTY24MAR20050PE,0.00,0.00,0.00,60.50,0.00,60.50,22032.30,9.95,0,0,0,0.00,0,F1,50,,,,,
2024-01-16,2024-01-16,FO,NSE,IDO,67232,,NIFTY,,2024-03-28,2024-03-28,20050.00,CE,NIFTY24MAR20050CE,0.00,0.00,0.00,2149.85,0.00,2149.85,22032.30,2257.45,0,0,0,0.00,0,F1,50,,,,,
2024-01-16,2024-01-16,FO,NSE,IDO,72771,,NIFTY,,2024-02-29,2024-02-29,19600.00,CE,NIFTY24FEB19600CE,0.00,0.00,0.00,2487.00,2487.00,2487.00,22032.30,2591.55,50,0,0,0.00,0,F1,50,,,,,
2024-01-16,2024-01-16,FO,NSE,IDO,56511,,NIFTY,,2024-01-25,2024-01-25,19700.00,PE,NIFTY24JAN19700PE,3.20,4.05,3.05,3.15,3.05,3.95,22032.30,3.15,81650,-1500,1392,1371371377.50,328,F1,50,,,,,
2024-01-16,2024-01-16,FO,NSE,IDO,72820,,NIFTY,,2024-02-29,2024-02-29,20450.00,CE,NIFTY24FEB20450CE,0.00,0.00,0.00,613.70,0.00,613.70,22032.30,1756.65,0,0,0,0.00,0,F1,50,,,,,
2024-01-16,2024-01-16,FO,NSE,IDO,67250,,NIFTY,,2024-03-28,2024-03-28,20450.00,PE,NIFTY24MAR20450PE,0.00,0.00,0.00,139.05,139.00,139.05,22032.30,25.20,2450,0,0,0.00,0,F1,50,,,,,
2024-01-16,2024-01-16,FO,NSE,IDO,72823,,NIFTY,,2024-02-29,2024-02-29,20450.00,PE,NIFTY24FEB20450PE,34.80,37.25,32.40,32.75,32.40,34.85,22032.30,32.75,8400,150,52,53260362.50,49,F1,50,,,,,
2024-01-16,2024-01-16,FO,NSE,IDO,42058,,NIFTY,,2024-02-29,2024-02-29,23400.00,CE,NIFTY24FEB23400CE,65.00,65.00,47.75,52.65,52.10,63.00,22032.30,52.65,175450,10200,3175,3723764797.50,1296,F1,50,,,,,
2024-01-16,2024-01-16,FO,NSE,IDO,50174,,NIFTY,,2024-02-15,2024-02-15,23400.00,PE,NIFTY2421523400PE,0.00,0.00,0.00,1614.90,0.00,1614.90,22032.30,1258.25,0,0,0,0.00,0,F1,50,,,,,
2024-01-16,2024-01-16,FO,NSE,IDO,41806,,NIFTY,,2024-02-08,2024-02-08,20650.00,PE,NIFTY2420820650PE,0.00,0.00,0.00,53.40,0.00,53.40,22032.30,2.70,0,0,0,0.00,0,F1,50,,,,,
2024-01-16,2024-01-16,FO,NSE,IDO,59410,,NIFTY,,2024-01-18,2024-01-18,22950.00,CE,NIFTY2411822950CE,1.45,1.60,1.05,1.15,1.05,1.40,22032.30,1.15,300350,37200,39310,45110726047.50,8044,F1,50,,,,,
2024-01-16,2024-01-16,FO,NSE,IDO,67310,,NIFTY,,2024-03-28,2024-03-28,22050.00,PE,NIFTY24MAR22050PE,411.25,419.00,397.00,416.50,415.00,393.00,22032.30,416.50,2800,550,26,29192825.00,19,F1,50,,,,,
2024-01-16,2024-01-16,FO,NSE,IDO,44236,,NIFTY,,2024-02-08,2024-02-08,21750.00,PE,NIFTY2420821750PE,158.75,185.70,158.75,185.70,185.70,158.75,22032.30,185.70,3800,0,20,21919957.50,14,F1,50,,,,,
2024-01-16,2024-01-16,FO,NSE,IDO,67300,,NIFTY,,2024-03-28,2024-03-28,21750.00,PE,NIFTY24MAR21750PE,299.20,316.00,294.15,316.00,316.00,297.00,22032.30,238.75,2500,450,31,34185182.50,14,F1,50,,,,,
2024-01-16,2024-01-16,FO,NSE,IDO,43982,,NIFTY,,2024-02-15,2024-02-15,21600.00,CE,NIFTY2421521600CE,0.00,0.00,0.00,494.80,0.00,494.80,22032.30,655.80,0,0,0,0.00,0,F1,50,,,,,
2024-01-16,2024-01-16,FO,NSE,IDO,86153,,NIFTY,,2028-06-29,2028-06-29,25000.00,CE,NIFTY28JUN25000CE,0.00,0.00,0.00,3545.15,0.00,3545.15,22032.30,4292.60,0,0,0,0.00,0,F1,50,,,,,
2024-01-16,2024-01-16,FO,NSE,IDO,71563,,NIFTY,,2027-06-24,2027-06-24,25000.00,PE,NIFTY27JUN25000PE,0.00,0.00,0.00,5619.05,0.00,5619.05,22032.30,979.55,0,0,0,0.00,0,F1,50,,,,,
2024-01-16,2024-01-16,FO,NSE,IDO,71395,,NIFTY,,2025-12-24,2025-12-24,25000.00,CE,NIFTY25DEC25000CE,0.00,0.00,0.00,1222.85,0.00,1222.85,22032.30,1538.20,0,0,0,0.00,0,F1,50,,,,,
2024-01-16,2024-01-16,FO,NSE,IDO,53626,,NIFTY,,2027-12-30,2027-12-30,25000.00,CE,NIFTY27DEC25000CE,0.00,0.00,0.00,3458.35,0.00,3458.35,22032.30,3755.55,0,0,0,0.00,0,F1,50,,,,,
2024-01-16,2024-01-16,FO,NSE,IDO,71562,,NIFTY,,2027-06-24,2027-06-24,25000.00,CE,NIFTY27JUN25000CE,0.00,0.00,0.00,2090.05,0.00,2090.05,22032.30,3190.00,0,0,0,0.00,0,F1,50,,,,,
2024-01-16,2024-01-16,FO,NSE,IDO,86160,,NIFTY,,2028-06-29,2028-06-29,25000.00,PE,NIFTY28JUN25000PE,0.00,0.00,0.00,2016.80,0.00,2016.80,22032.30,767.80,0,0,0,0.00,0,F1,50,,,,,
2024-01-16,2024-01-16,FO,NSE,IDO,67784,,NIFTY,,2028-12-28,2028-12-28,25000.00,CE,NIFTY28DEC25000CE,0.00,0.00,0.00,5350.40,0.00,5350.40,22032.30,4820.60,0,0,0,0.00,0,F1,50,,,,,
2024-01-16,2024-01-16,FO,NSE,IDO,71475,,NIFTY,,2026-06-25,2026-06-25,25000.00,PE,NIFTY26JUN25000PE,0.00,0.00,0.00,6063.10,0.00,6063.10,22032.30,1258.50,0,0,0,0.00,0,F1,50,,,,,
2024-01-16,2024-01-16,FO,NSE,IDO,71474,,NIFTY,,2026-06-25,2026-06-25,25000.00,CE,NIFTY26JUN25000CE,0.00,0.00,0.00,1510.40,0.00,1510.40,22032.30,2088.65,0,0,0,0.00,0,F1,50,,,,,
2024-01-16,2024-01-16,FO,NSE,IDO,56354,,NIFTY,,2024-01-25,2024-01-25,17400.00,PE,NIFTY24JAN17400PE,1.85,2.00,1.30,1.35,1.35,1.80,22032.30,1.35,9800,-100,50,43503862.50,13,F1,50,,,,,
2024-01-16,2024-01-16,FO,NSE,IDO,56519,,NIFTY,,2024-01-25,2024-01-25,19900.00,PE,NIFTY24JAN19900PE,4.60,4.75,3.20,3.45,3.20,4.55,22032.30,3.45,134250,-3700,646,642892350.00,334,F1,50,,,,,
2024-01-16,2024-01-16,FO,NSE,IDO,67229,,NIFTY,,2024-03-28,2024-03-28,19900.00,PE,NIFTY24MAR19900PE,49.00,50.25,46.90,48.10,47.55,49.00,22032.30,48.10,25300,3000,183,182528687.50,122,F1,50,,,,,
2024-01-16,2024-01-16,FO,NSE,IDO,72785,,NIFTY,,2024-02-29,2024-02-29,19900.00,CE,NIFTY24FEB19900CE,2335.00,2360.00,2335.00,2360.00,2360.00,2149.50,22032.30,2294.85,750,50,3,3336500.00,2,F1,50,,,,,
2024-01-16,2024-01-16,FO,NSE,IDO,39216,,NIFTY,,2024-01-18,2024-01-18,19900.00,CE,NIFTY2411819900CE,2170.00,2170.00,2170.00,2170.00,2170.00,1752.00,22032.30,2139.65,200,-200,4,4414000.00,4,F1,50,,,,,
2024-01-16,2024-01-16,FO,NSE,IDO,53911,,NIFTY,,2024-01-25,2024-01-25,22750.00,PE,NIFTY24JAN22750PE,735.25,735.25,713.25,721.45,721.45,656.35,22032.30,721.45,1800,0,8,9387707.50,8,F1,50,,,,,
2024-01-16,2024-01-16,FO,NSE,IDO,67583,,NIFTY,,2024-03-28,2024-03-28,22750.00,PE,NIFTY24MAR22750PE,0.00,0.00,0.00,879.05,879.05,879.05,22032.30,717.30,150,0,0,0.00,0,F1,50,,,,,
2024-01-16,2024-01-16,FO,NSE,IDO,56371,,NIFTY,,2024-01-25,2024-01-25,17850.00,CE,NIFTY24JAN17850CE,0.00,0.00,0.00,3980.00,3980.00,3980.00,22032.30,4212.00,150,0,0,0.00,0,F1,50,,,,,
2024-01-16,2024-01-16,FO,NSE,IDO,56384,,NIFTY,,2024-01-25,2024-01-25,17850.00,PE,NIFTY24JAN17850PE,2.35,2.35,1.10,1.50,1.50,2.35,22032.30,1.50,3600,-750,31,27670020.00,8,F1,50,,,,,
2024-01-16,2024-01-16,FO,NSE,IDO,72871,,NIFTY,,2024-02-29,2024-02-29,21050.00,PE,NIFTY24FEB21050PE,82.75,83.10,76.35,81.15,81.80,77.55,22032.30,81.15,6250,-200,117,123615262.50,88,F1,50,,,,,
2024-01-16,2024-01-16,FO,NSE,IDO,42324,,NIFTY,,2024-02-08,2024-02-08,21050.00,CE,NIFTY2420821050CE,0.00,0.00,0.00,875.35,0.00,875.35,22032.30,1085.90,0,0,0,0.00,0,F1,50,,,,,
2024-01-16,2024-01-16,FO,NSE,IDO,40460,,NIFTY,,2024-02-15,2024-02-15,21050.00,CE,NIFTY2421521050CE,0.00,0.00,0.00,864.75,0.00,864.75,22032.30,1122.65,0,0,0,0.00,0,F1,50,,,,,
2024-01-16,2024-01-16,FO,NSE,IDO,67272,,NIFTY,,2024-03-28,2024-03-28,21050.00,PE,NIFTY24MAR21050PE,0.00,0.00,0.00,204.80,204.80,204.80,22032.30,81.35,300,0,0,0.00,0,F1,50,,,,,
2024-01-16,2024-01-16,FO,NSE,IDO,37836,,NIFTY,,2024-02-01,2024-02-01,19800.00,CE,NIFTY2420119800CE,0.00,0.00,0.00,1645.40,0.00,1645.40,22032.30,2290.80,0,0,0,0.00,0,F1,50,,,,,
2024-01-16,2024-01-16,FO,NSE,IDO,39493,,NIFTY,,2024-02-08,2024-02-08,19800.00,CE,NIFTY2420819800CE,0.00,0.00,0.00,2002.15,0.00,2002.15,22032.30,2316.35,0,0,0,0.00,0,F1,50,,,,,
2024-01-16,2024-01-16,FO,NSE,IDO,37837,,NIFTY,,2024-02-01,2024-02-01,19800.00,PE,NIFTY2420119800PE,0.00,0.00,0.00,25.40,0.00,25.40,22032.30,0.05,0,0,0,0.00,0,F1,50,,,,,
2024-01-16,2024-01-16,FO,NSE,IDO,67629,,NIFTY,,2024-03-28,2024-03-28,23400.00,PE,NIFTY24MAR23400PE,0.00,0.00,0.00,1425.90,0.00,1425.90,22032.30,1188.60,0,0,0,0.00,0,F1,50,,,,,
2024-01-16,2024-01-16,FO,NSE,IDO,50155,,NIFTY,,2024-02-15,2024-02-15,23400.00,CE,NIFTY2421523400CE,37.05,37.05,34.60,34.65,34.65,37.05,22032.30,20.00,2200,100,7,8202455.00,5,F1,50,,,,,
2024-01-16,2024-01-16,FO,NSE,IDO,45626,,NIFTY,,2024-02-08,2024-02-08,23400.00,PE,NIFTY2420823400PE,0.00,0.00,0.00,1605.15,0.00,1605.15,22032.30,1277.60,0,0,0,0.00,0,F1,50,,,,,
2024-01-16,2024-01-16,FO,NSE,IDO,39714,,NIFTY,,2024-02-15,2024-02-15,20650.00,PE,NIFTY2421520650PE,0.00,0.00,0.00,53.50,0.00,53.50,22032.30,6.10,0,0,0,0.00,0,F1,50,,,,,
2024-01-16,2024-01-16,FO,NSE,IDO,41805,,NIFTY,,2024-02-08,2024-02-08,20650.00,CE,NIFTY2420820650CE,0.00,0.00,0.00,1205.85,0.00,1205.85,22032.30,1472.65,0,0,0,0.00,0,F1,50,,,,,
2024-01-16,2024-01-16,FO,NSE,IDO,41273,,NIFTY,,2024-02-08,2024-02-08,20500.00,CE,NIFTY2420820500CE,0.00,0.00,0.00,1339.30,0.00,1339.30,22032.30,1620.65,0,0,0,0.00,0,F1,50,,,,,
2024-01-16,2024-01-16,FO,NSE,IDO,56547,,NIFTY,,2024-01-25,2024-01-25,20500.00,PE,NIFTY24JAN20500PE,7.35,7.60,5.15,5.65,5.30,7.25,22032.30,5.65,3430250,22100,33987,34847414175.00,11096,F1,50,,,,,
2024-01-16,2024-01-16,FO,NSE,IDO,59271,,NIFTY,,2024-01-18,2024-01-18,21450.00,CE,NIFTY2411821450CE,606.00,676.50,535.00,584.30,581.55,675.95,22032.30,584.30,22600,-5100,420,463102702.50,250,F1,50,,,,,
2024-01-16,2024-01-16,FO,NSE,IDO,67599,,NIFTY,,2024-03-28,2024-03-28,23050.00,PE,NIFTY24MAR23050PE,883.95,883.95,883.95,883.95,883.95,1027.80,22032.30,921.30,350,50,1,1196697.50,1,F1,50,,,,,
2024-01-16,2024-01-16,FO,NSE,IDO,67607,,NIFTY,,2024-03-28,2024-03-28,23200.00,PE,NIFTY24MAR23200PE,0.00,0.00,0.00,1299.30,1299.30,1299.30,22032.30,1032.30,100,0,0,0.00,0,F1,50,,,,,
2024-01-16,2024-01-16,FO,NSE,IDO,35756,,NIFTY,,2024-01-25,2024-01-25,23200.00,CE,NIFTY24JAN23200CE,5.05,5.30,3.65,4.00,3.70,4.65,22032.30,4.00,256250,76600,9839,11415410465.00,3198,F1,50,,,,,
2024-01-16,2024-01-16,FO,NSE,IDO,59424,,NIFTY,,2024-01-18,2024-01-18,23200.00,PE,NIFTY2411823200PE,0.00,0.00,0.00,1869.15,0.00,1869.15,22032.30,1159.10,0,0,0,0.00,0,F1,50,,,,,
2024-01-16,2024-01-16,FO,NSE,IDO,45597,,NIFTY,,2024-02-08,2024-02-08,23200.00,PE,NIFTY2420823200PE,0.00,0.00,0.00,1420.50,0.00,1420.50,22032.30,1087.35,0,0,0,0.00,0,F1,50,,,,,
2024-01-16,2024-01-16,FO,NSE,IDO,38168,,NIFTY,,2024-02-01,2024-02-01,23200.00,CE,NIFTY2420123200CE,21.10,21.10,14.35,16.30,15.55,20.35,22032.30,16.30,61250,32200,2864,3324718330.00,784,F1,50,,,,,
2024-01-16,2024-01-16,FO,NSE,IDO,67606,,NIFTY,,2024-03-28,2024-03-28,23200.00,CE,NIFTY24MAR23200CE,212.10,213.65,173.40,185.90,184.30,212.10,22032.30,185.90,19550,1300,183,214047617.50,128,F1,50,,,,,
2024-01-16,2024-01-16,FO,NSE,IDO,39220,,NIFTY,,2024-01-18,2024-01-18,19950.00,PE,NIFTY2411819950PE,1.55,2.55,1.15,1.25,1.25,2.60,22032.30,1.25,130900,-5000,20599,20549433765.00,3655,F1,50,,,,,
2024-01-16,2024-01-16,FO,NSE,IDO,67231,,NIFTY,,2024-03-28,2024-03-28,19950.00,PE,NIFTY24MAR19950PE,0.00,0.00,0.00,52.00,0.00,52.00,22032.30,7.70,0,0,0,0.00,0,F1,50,,,,,
2024-01-16,2024-01-16,FO,NSE,IDO,67230,,NIFTY,,2024-03-28,2024-03-28,19950.00,CE,NIFTY24MAR19950CE,0.00,0.00,0.00,2239.55,0.00,2239.55,22032.30,2353.90,0,0,0,0.00,0,F1,50,,,,,
2024-01-16,2024-01-16,FO,NSE,IDO,37853,,NIFTY,,2024-02-01,2024-02-01,19950.00,PE,NIFTY2420119950PE,0.00,0.00,0.00,7.65,7.65,7.65,22032.30,0.05,2750,0,0,0.00,0,F1,50,,,,,
2024-01-16,2024-01-16,FO,NSE,IDO,38059,,NIFTY,,2024-02-01,2024-02-01,21850.00,PE,NIFTY2420121850PE,152.65,185.50,139.70,162.55,161.10,143.00,22032.30,162.55,21600,7100,732,805478897.50,326,F1,50,,,,,
2024-01-16,2024-01-16,FO,NSE,IDO,59251,,NIFTY,,2024-01-18,2024-01-18,21050.00,CE,NIFTY2411821050CE,1040.00,1057.45,992.00,992.00,992.00,1046.80,22032.30,992.00,1850,-100,7,7725860.00,6,F1,50,,,,,
2024-01-16,2024-01-16,FO,NSE,IDO,37957,,NIFTY,,2024-02-01,2024-02-01,21050.00,PE,NIFTY2420121050PE,32.20,37.40,29.15,29.40,29.20,32.30,22032.30,29.40,8250,-400,162,170756702.50,62,F1,50,,,,,
2024-01-16,2024-01-16,FO,NSE,IDO,67271,,NIFTY,,2024-03-28,2024-03-28,21050.00,CE,NIFTY24MAR21050CE,0.00,0.00,0.00,1328.60,0.00,1328.60,22032.30,1342.10,0,0,0,0.00,0,F1,50,,,,,
2024-01-16,2024-01-16,FO,NSE,IDO,42080,,NIFTY,,2024-02-29,2024-02-29,23600.00,CE,NIFTY24FEB23600CE,41.55,44.50,33.80,37.85,37.05,43.35,22032.30,37.85,52900,3700,2975,3516411455.00,1697,F1,50,,,,,
2024-01-16,2024-01-16,FO,NSE,IDO,67639,,NIFTY,,2024-03-28,2024-03-28,23600.00,PE,NIFTY24MAR23600PE,0.00,0.00,0.00,1581.90,0.00,1581.90,22032.30,1353.25,0,0,0,0.00,0,F1,50,,,,,
2024-01-16,2024-01-16,FO,NSE,IDO,38201,,NIFTY,,2024-02-01,2024-02-01,23600.00,CE,NIFTY2420123600CE,8.55,11.40,7.15,8.65,8.70,8.35,22032.30,8.65,8750,3900,255,301007957.50,110,F1,50,,,,,
2024-01-16,2024-01-16,FO,NSE,IDO,67224,,NIFTY,,2024-03-28,2024-03-28,19800.00,CE,NIFTY24MAR19800CE,0.00,0.00,0.00,2375.95,0.00,2375.95,22032.30,2499.40,0,0,0,0.00,0,F1,50,,,,,
2024-01-16,2024-01-16,FO,NSE,IDO,67584,,NIFTY,,2024-03-28,2024-03-28,22800.00,CE,NIFTY24MAR22800CE,332.55,341.00,287.95,306.65,304.60,346.15,22032.30,306.65,14150,850,119,137521712.50,65,F1,50,,,,,
2024-01-16,2024-01-16,FO,NSE,IDO,50083,,NIFTY,,2024-02-15,2024-02-15,22800.00,CE,NIFTY2421522800CE,110.75,124.20,90.00,101.55,101.55,123.10,22032.30,101.55,1450,150,23,26347067.50,14,F1,50,,,,,
2024-01-16,2024-01-16,FO,NSE,IDO,42700,,NIFTY,,2024-01-25,2024-01-25,22550.00,PE,NIFTY24JAN22550PE,507.40,587.85,464.95,537.65,540.00,456.00,22032.30,537.65,13650,1400,120,138284017.50,84,F1,50,,,,,
2024-01-16,2024-01-16,FO,NSE,IDO,38104,,NIFTY,,2024-02-01,2024-02-01,22550.00,PE,NIFTY2420122550PE,0.00,0.00,0.00,1197.05,0.00,1197.05,22032.30,520.10,0,0,0,0.00,0,F1,50,,,,,
2024-01-16,2024-01-16,FO,NSE,IDO,72617,,NIFTY,,2024-02-29,2024-02-29,18700.00,PE,NIFTY24FEB18700PE,0.00,0.00,0.00,71.30,0.00,71.30,22032.30,0.05,0,0,0,0.00,0,F1,50,,,,,
2024-01-16,2024-01-16,FO,NSE,IDO,40084,,NIFTY,,2024-06-27,2024-06-27,15000.00,CE,NIFTY24JUN15000CE,0.00,0.00,0.00,4599.25,4599.25,4599.25,22032.30,7477.70,50,0,0,0.00,0,F1,50,,,,,
2024-01-16,2024-01-16,FO,NSE,IDO,67774,,NIFTY,,2028-12-28,2028-12-28,20000.00,CE,NIFTY28DEC20000CE,0.00,0.00,0.00,8115.50,0.00,8115.50,22032.30,7830.60,0,0,0,0.00,0,F1,50,,,,,
2024-01-16,2024-01-16,FO,NSE,IDO,37757,,NIFTY,,2024-06-27,2024-06-27,20000.00,CE,NIFTY24JUN20000CE,1948.65,2830.00,1948.65,2738.90,2732.00,2833.65,22032.30,2738.90,157350,-900,95,108078115.00,89,F1,50,,,,,
2024-01-16,2024-01-16,FO,NSE,IDO,38312,,NIFTY,,2024-12-26,2024-12-26,20000.00,CE,NIFTY24DEC20000CE,4308.60,4308.60,3334.20,3348.30,3349.65,3466.05,22032.30,3348.30,82100,250,53,62104305.00,52,F1,50,,,,,
2024-01-16,2024-01-16,FO,NSE,IDO,67295,,NIFTY,,2024-03-28,2024-03-28,21650.00,CE,NIFTY24MAR21650CE,921.85,921.85,877.15,877.15,877.15,1005.00,22032.30,876.95,2550,50,2,2254950.00,2,F1,50,,,,,
2024-01-16,2024-01-16,FO,NSE,IDO,56589,,NIFTY,,2024-01-25,2024-01-25,21450.00,CE,NIFTY24JAN21450CE,670.60,716.35,573.60,635.15,635.15,720.85,22032.30,630.55,36550,-1000,67,74085780.00,46,F1,50,,,,,
2024-01-16,2024-01-16,FO,NSE,IDO,72825,,NIFTY,,2024-02-29,2024-02-29,20500.00,PE,NIFTY24FEB20500PE,39.10,41.70,36.60,37.25,37.25,39.00,22032.30,37.25,1059250,54950,6742,6923457495.00,3447,F1,50,,,,,
2024-01-16,2024-01-16,FO,NSE,IDO,56559,,NIFTY,,2024-01-25,2024-01-25,20800.00,PE,NIFTY24JAN20800PE,10.10,10.30,6.95,7.40,7.15,10.05,22032.30,7.40,1102750,-24250,22756,23676093290.00,9937,F1,50,,,,,
2024-01-16,2024-01-16,FO,NSE,IDO,67264,,NIFTY,,2024-03-28,2024-03-28,20800.00,PE,NIFTY24MAR20800PE,114.00,120.45,110.15,115.15,114.60,113.55,22032.30,115.15,73950,3800,467,488354715.00,302,F1,50,,,,,
2024-01-16,2024-01-16,FO,NSE,IDO,59236,,NIFTY,,2024-01-18,2024-01-18,20800.00,PE,NIFTY2411820800PE,2.10,3.60,1.80,2.05,1.80,3.45,22032.30,2.05,2763400,-256550,225573,234627374987.50,37800,F1,50,,,,,
2024-01-16,2024-01-16,FO,NSE,IDO,72904,,NIFTY,,2024-02-29,2024-02-29,21800.00,CE,NIFTY24FEB21800CE,650.55,698.05,579.95,614.10,613.45,698.10,22032.30,614.10,205850,2300,751,843134130.00,515,F1,50,,,,,
2024-01-16,2024-01-16,FO,NSE,IDO,56608,,NIFTY,,2024-01-25,2024-01-25,21800.00,PE,NIFTY24JAN21800PE,93.35,119.40,77.20,94.95,93.55,85.00,22032.30,94.95,2343550,-199450,145357,159115965565.00,51900,F1,50,,,,,
2024-01-16,2024-01-16,FO,NSE,IDO,39949,,NIFTY,,2024-02-08,2024-02-08,20050.00,CE,NIFTY2420820050CE,0.00,0.00,0.00,1760.10,0.00,1760.10,22032.30,2067.50,0,0,0,0.00,0,F1,50,,,,,
2024-01-16,2024-01-16,FO,NSE,IDO,56506,,NIFTY,,2024-01-25,2024-01-25,19600.00,CE,NIFTY24JAN19600CE,2478.00,2510.00,2416.95,2416.95,2416.95,2502.90,22032.30,2416.95,22300,150,23,25388490.00,17,F1,50,,,,,
2024-01-16,2024-01-16,FO,NSE,IDO,56507,,NIFTY,,2024-01-25,2024-01-25,19600.00,PE,NIFTY24JAN19600PE,3.25,3.60,2.35,2.65,2.60,3.65,22032.30,2.65,63600,-1750,713,698851805.00,173,F1,50,,,,,
2024-01-16,2024-01-16,FO,NSE,IDO,39695,,NIFTY,,2024-02-15,2024-02-15,20450.00,PE,NIFTY2421520450PE,0.00,0.00,0.00,33.65,0.00,33.65,22032.30,2.80,0,0,0,0.00,0,F1,50,,,,,
2024-01-16,2024-01-16,FO,NSE,IDO,38377,,NIFTY,,2025-12-24,2025-12-24,20000.00,PE,NIFTY25DEC20000PE,0.00,0.00,0.00,199.85,199.85,199.85,22032.30,138.90,4550,0,0,0.00,0,F1,50,,,,,
2024-01-16,2024-01-16,FO,NSE,IDO,71506,,NIFTY,,2026-12-31,2026-12-31,26000.00,PE,NIFTY26DEC26000PE,0.00,0.00,0.00,6437.40,0.00,6437.40,22032.30,1463.40,0,0,0,0.00,0,F1,50,,,,,
2024-01-16,2024-01-16,FO,NSE,IDO,67786,,NIFTY,,2028-12-28,2028-12-28,26000.00,CE,NIFTY28DEC26000CE,0.00,0.00,0.00,4879.70,0.00,4879.70,22032.30,4311.40,0,0,0,0.00,0,F1,50,,,,,
2024-01-16,2024-01-16,FO,NSE,IDO,56556,,NIFTY,,2024-01-25,2024-01-25,20750.00,CE,NIFTY24JAN20750CE,1374.80,1374.80,1374.80,1374.80,1374.80,1181.10,22032.30,1316.90,12650,-50,1,1106240.00,1,F1,50,,,,,
2024-01-16,2024-01-16,FO,NSE,IDO,37929,,NIFTY,,2024-02-01,2024-02-01,20750.00,CE,NIFTY2420120750CE,0.00,0.00,0.00,843.85,0.00,843.85,22032.30,1344.80,0,0,0,0.00,0,F1,50,,,,,
2024-01-16,2024-01-16,FO,NSE,IDO,67262,,NIFTY,,2024-03-28,2024-03-28,20750.00,PE,NIFTY24MAR20750PE,0.00,0.00,0.00,153.25,152.30,153.25,22032.30,46.70,1200,0,0,0.00,0,F1,50,,,,,
2024-01-16,2024-01-16,FO,NSE,IDO,72846,,NIFTY,,2024-02-29,2024-02-29,20750.00,PE,NIFTY24FEB20750PE,52.75,57.85,50.25,51.80,51.10,51.50,22032.30,51.80,7750,150,66,68646635.00,46,F1,50,,,,,
2024-01-16,2024-01-16,FO,NSE,IDO,41809,,NIFTY,,2024-02-08,2024-02-08,20750.00,CE,NIFTY2420820750CE,0.00,0.00,0.00,1119.45,0.00,1119.45,22032.30,1374.60,0,0,0,0.00,0,F1,50,,,,,
2024-01-16,2024-01-16,FO,NSE,IDO,48057,,NIFTY,,2024-01-18,2024-01-18,20750.00,CE,NIFTY2411820750CE,0.00,0.00,0.00,1201.95,1203.85,1201.95,22032.30,1289.95,1350,0,0,0.00,0,F1,50,,,,,
2024-01-16,2024-01-16,FO,NSE,IDO,56557,,NIFTY,,2024-01-25,2024-01-25,20750.00,PE,NIFTY24JAN20750PE,9.10,9.55,6.60,7.05,6.60,9.45,22032.30,7.05,117900,-4100,2268,2353979320.00,1035,F1,50,,,,,
2024-01-16,2024-01-16,FO,NSE,IDO,39739,,NIFTY,,2024-02-15,2024-02-15,20750.00,PE,NIFTY2421520750PE,0.00,0.00,0.00,66.45,0.00,66.45,22032.30,8.80,0,0,0,0.00,0,F1,50,,,,,
2024-01-16,2024-01-16,FO,NSE,IDO,72845,,NIFTY,,2024-02-29,2024-02-29,20750.00,CE,NIFTY24FEB20750CE,0.00,0.00,0.00,1535.00,1535.00,1535.00,22032.30,1471.00,550,0,0,0.00,0,F1,50,,,,,
2024-01-16,2024-01-16,FO,NSE,IDO,39738,,NIFTY,,2024-02-15,2024-02-15,20750.00,CE,NIFTY2421520750CE,0.00,0.00,0.00,1108.40,0.00,1108.40,22032.30,1405.90,0,0,0,0.00,0,F1,50,,,,,
2024-01-16,2024-01-16,FO,NSE,IDO,42002,,NIFTY,,2024-01-25,2024-01-25,23300.00,CE,NIFTY24JAN23300CE,4.05,4.35,3.05,3.30,3.20,4.00,22032.30,3.30,354550,44550,5415,6309474167.50,1638,F1,50,,,,,
2024-01-16,2024-01-16,FO,NSE,IDO,38181,,NIFTY,,2024-02-01,2024-02-01,23300.00,PE,NIFTY2420123300PE,0.00,0.00,0.00,1873.45,0.00,1873.45,22032.30,1202.85,0,0,0,0.00,0,F1,50,,,,,
2024-01-16,2024-01-16,FO,NSE,IDO,38176,,NIFTY,,2024-02-01,2024-02-01,23300.00,CE,NIFTY2420123300CE,14.05,15.75,11.30,12.95,12.55,15.65,22032.30,12.95,42450,4400,1243,1448938730.00,558,F1,50,,,,,
2024-01-16,2024-01-16,FO,NSE,IDO,67619,,NIFTY,,2024-03-28,2024-03-28,23300.00,PE,NIFTY24MAR23300PE,0.00,0.00,0.00,1075.00,1075.00,1075.00,22032.30,1109.35,850,0,0,0.00,0,F1,50,,,,,
2024-01-16,2024-01-16,FO,NSE,IDO,42003,,NIFTY,,2024-01-25,2024-01-25,23300.00,PE,NIFTY24JAN23300PE,1192.15,1289.80,1192.15,1270.25,1270.25,1162.70,22032.30,1270.25,8550,0,6,7363747.50,6,F1,50,,,,,
2024-01-16,2024-01-16,FO,NSE,IDO,59407,,NIFTY,,2024-01-18,2024-01-18,22850.00,PE,NIFTY2411822850PE,0.00,0.00,0.00,1027.90,1027.90,1027.90,22032.30,809.25,250,0,0,0.00,0,F1,50,,,,,
2024-01-16,2024-01-16,FO,NSE,IDO,72883,,NIFTY,,2024-02-29,2024-02-29,21350.00,PE,NIFTY24FEB21350PE,121.05,138.45,118.75,125.50,125.00,120.40,22032.30,125.50,10750,1700,207,222272270.00,93,F1,50,,,,,
2024-01-16,2024-01-16,FO,NSE,IDO,67283,,NIFTY,,2024-03-28,2024-03-28,21350.00,CE,NIFTY24MAR21350CE,0.00,0.00,0.00,819.00,819.00,819.00,22032.30,1098.40,50,0,0,0.00,0,F1,50,,,,,
2024-01-16,2024-01-16,FO,NSE,IDO,72882,,NIFTY,,2024-02-29,2024-02-29,21350.00,CE,NIFTY24FEB21350CE,1029.25,1030.00,892.55,951.00,951.00,1050.00,22032.30,941.35,6150,50,6,6695080.00,6,F1,50,,,,,
2024-01-16,2024-01-16,FO,NSE,IDO,37996,,NIFTY,,2024-02-01,2024-02-01,21350.00,CE,NIFTY2420121350CE,0.00,0.00,0.00,722.00,722.00,722.00,22032.30,768.10,2450,0,0,0.00,0,F1,50,,,,,
2024-01-16,2024-01-16,FO,NSE,IDO,53595,,NIFTY,,2027-12-30,2027-12-30,15000.00,PE,NIFTY27DEC15000PE,0.00,0.00,0.00,86.75,86.75,86.75,22032.30,4.25,350,0,0,0.00,0,F1,50,,,,,
2024-01-16,2024-01-16,FO,NSE,IDO,40091,,NIFTY,,2025-06-26,2025-06-26,15000.00,PE,NIFTY25JUN15000PE,0.00,0.00,0.00,134.00,134.00,134.00,22032.30,0.35,1800,0,0,0.00,0,F1,50,,,,,
2024-01-16,2024-01-16,FO,NSE,IDO,60320,,NIFTY,,2024-03-28,2024-03-28,16000.00,PE,NIFTY24MAR16000PE,9.05,10.90,9.05,10.60,10.05,6.05,22032.30,10.60,182050,-2000,89,71243070.00,40,F1,50,,,,,
2024-01-16,2024-01-16,FO,NSE,IDO,56356,,NIFTY,,2024-01-25,2024-01-25,17450.00,PE,NIFTY24JAN17450PE,1.35,1.50,1.35,1.35,1.35,1.35,22032.30,1.35,1150,-1100,24,20941667.50,7,F1,50,,,,,
2024-01-16,2024-01-16,FO,NSE,IDO,37897,,NIFTY,,2024-02-01,2024-02-01,20350.00,PE,NIFTY2420120350PE,0.00,0.00,0.00,25.00,25.00,25.00,22032.30,0.10,2700,0,0,0.00,0,F1,50,,,,,
2024-01-16,2024-01-16,FO,NSE,IDO,39681,,NIFTY,,2024-02-15,2024-02-15,20350.00,CE,NIFTY2421520350CE,0.00,0.00,0.00,1465.40,0.00,1465.40,22032.30,1796.70,0,0,0,0.00,0,F1,50,,,,,
2024-01-16,2024-01-16,FO,NSE,IDO,56540,,NIFTY,,2024-01-25,2024-01-25,20350.00,CE,NIFTY24JAN20350CE,0.00,0.00,0.00,1783.85,1784.35,1783.85,22032.30,1716.15,8150,0,0,0.00,0,F1,50,,,,,
2024-01-16,2024-01-16,FO,NSE,IDO,56472,,NIFTY,,2024-01-25,2024-01-25,19100.00,PE,NIFTY24JAN19100PE,3.95,4.30,2.30,2.55,2.30,3.40,22032.30,2.55,37750,2250,180,171928505.00,65,F1,50,,,,,
2024-01-16,2024-01-16,FO,NSE,IDO,71302,,NIFTY,,2024-06-27,2024-06-27,25000.00,CE,NIFTY24JUN25000CE,185.00,200.00,164.40,186.45,183.00,186.80,22032.30,186.45,107950,4400,592,745556910.00,412,F1,50,,,,,
2024-01-16,2024-01-16,FO,NSE,IDO,38130,,NIFTY,,2024-02-01,2024-02-01,23050.00,CE,NIFTY2420123050CE,29.90,29.90,22.65,23.45,23.55,29.20,22032.30,23.45,6600,600,112,129221955.00,60,F1,50,,,,,
2024-01-16,2024-01-16,FO,NSE,IDO,38131,,NIFTY,,2024-02-01,2024-02-01,23050.00,PE,NIFTY2420123050PE,0.00,0.00,0.00,1639.85,0.00,1639.85,22032.30,961.35,0,0,0,0.00,0,F1,50,,,,,
2024-01-16,2024-01-16,FO,NSE,IDO,56601,,NIFTY,,2024-01-25,2024-01-25,21650.00,CE,NIFTY24JAN21650CE,500.00,535.00,399.45,436.65,433.90,543.85,22032.30,436.65,200600,-12100,766,847211605.00,427,F1,50,,,,,
2024-01-16,2024-01-16,FO,NSE,IDO,42606,,NIFTY,,2024-01-25,2024-01-25,22950.00,PE,NIFTY24JAN22950PE,0.00,0.00,0.00,1267.90,1267.90,1267.90,22032.30,882.75,5450,0,0,0.00,0,F1,50,,,,,
2024-01-16,2024-01-16,FO,NSE,IDO,38125,,NIFTY,,2024-02-01,2024-02-01,22950.00,CE,NIFTY2420122950CE,35.35,37.90,27.60,30.10,30.35,39.30,22032.30,30.10,12500,1400,285,327505920.00,165,F1,50,,,,,
2024-01-16,2024-01-16,FO,NSE,IDO,38126,,NIFTY,,2024-02-01,2024-02-01,22950.00,PE,NIFTY2420122950PE,0.00,0.00,0.00,1548.30,0.00,1548.30,22032.30,867.35,0,0,0,0.00,0,F1,50,,,,,
2024-01-16,2024-01-16,FO,NSE,IDO,37937,,NIFTY,,2024-02-01,2024-02-01,20850.00,PE,NIFTY2420120850PE,21.75,23.75,18.70,19.10,19.25,21.40,22032.30,19.10,6900,950,144,150270122.50,83,F1,50,,,,,
2024-01-16,2024-01-16,FO,NSE,IDO,72850,,NIFTY,,2024-02-29,2024-02-29,20850.00,PE,NIFTY24FEB20850PE,60.55,66.90,58.40,59.65,61.35,59.45,22032.30,59.65,11300,-200,121,126509830.00,68,F1,50,,,,,
2024-01-16,2024-01-16,FO,NSE,IDO,67587,,NIFTY,,2024-03-28,2024-03-28,22850.00,PE,NIFTY24MAR22850PE,0.00,0.00,0.00,1157.05,1157.05,1157.05,22032.30,782.50,900,0,0,0.00,0,F1,50,,,,,
2024-01-16,2024-01-16,FO,NSE,IDO,56521,,NIFTY,,2024-01-25,2024-01-25,19950.00,PE,NIFTY24JAN19950PE,4.45,4.55,3.45,3.70,3.45,4.65,22032.30,3.70,29950,4800,359,358172760.00,178,F1,50,,,,,
2024-01-16,2024-01-16,FO,NSE,IDO,39941,,NIFTY,,2024-02-08,2024-02-08,19950.00,PE,NIFTY2420819950PE,0.00,0.00,0.00,8.85,0.00,8.85,22032.30,0.05,0,0,0,0.00,0,F1,50,,,,,
2024-01-16,2024-01-16,FO,NSE,IDO,38696,,NIFTY,,2024-02-15,2024-02-15,19950.00,CE,NIFTY2421519950CE,0.00,0.00,0.00,1845.15,0.00,1845.15,22032.30,2192.95,0,0,0,0.00,0,F1,50,,,,,
2024-01-16,2024-01-16,FO,NSE,IDO,72906,,NIFTY,,2024-02-29,2024-02-29,21850.00,CE,NIFTY24FEB21850CE,609.95,658.00,550.00,598.00,598.00,657.75,22032.30,576.25,11550,100,98,109986697.50,53,F1,50,,,,,
2024-01-16,2024-01-16,FO,NSE,IDO,59244,,NIFTY,,2024-01-18,2024-01-18,20850.00,PE,NIFTY2411820850PE,2.80,3.80,1.90,2.20,1.95,3.60,22032.30,2.20,1438550,527950,117707,122726952502.50,24695,F1,50,,,,,
2024-01-16,2024-01-16,FO,NSE,IDO,59237,,NIFTY,,2024-01-18,2024-01-18,20850.00,CE,NIFTY2411820850CE,0.00,0.00,0.00,1104.50,1103.25,1104.50,22032.30,1190.00,2900,0,0,0.00,0,F1,50,,,,,
2024-01-16,2024-01-16,FO,NSE,IDO,45536,,NIFTY,,2024-02-08,2024-02-08,22700.00,CE,NIFTY2420822700CE,107.25,117.45,84.00,94.05,95.05,118.05,22032.30,94.05,10950,3350,330,376163162.50,94,F1,50,,,,,
2024-01-16,2024-01-16,FO,NSE,IDO,67581,,NIFTY,,2024-03-28,2024-03-28,22700.00,PE,NIFTY24MAR22700PE,702.00,739.40,685.00,722.90,725.85,695.90,22032.30,722.90,3350,50,19,22240555.00,16,F1,50,,,,,
2024-01-16,2024-01-16,FO,NSE,IDO,72889,,NIFTY,,2024-02-29,2024-02-29,21450.00,PE,NIFTY24FEB21450PE,143.15,157.40,137.95,145.00,147.55,139.25,22032.30,145.00,9200,-2800,166,179228055.00,80,F1,50,,,,,
2024-01-16,2024-01-16,FO,NSE,IDO,41051,,NIFTY,,2024-01-18,2024-01-18,20500.00,PE,NIFTY2411820500PE,2.45,3.00,1.20,1.50,1.60,2.95,22032.30,1.50,3594750,-358650,246563,252753518080.00,40207,F1,50,,,,,
2024-01-16,2024-01-16,FO,NSE,IDO,56590,,NIFTY,,2024-01-25,2024-01-25,21450.00,PE,NIFTY24JAN21450PE,39.35,45.45,31.40,34.00,33.85,37.20,22032.30,34.00,220000,16050,13053,14022990655.00,5653,F1,50,,,,,
2024-01-16,2024-01-16,FO,NSE,IDO,38016,,NIFTY,,2024-02-01,2024-02-01,21450.00,PE,NIFTY2420121450PE,68.45,79.25,63.75,67.85,68.75,68.05,22032.30,67.85,11500,2650,455,489582680.00,155,F1,50,,,,,
2024-01-16,2024-01-16,FO,NSE,IDO,39699,,NIFTY,,2024-02-15,2024-02-15,20500.00,PE,NIFTY2421520500PE,0.00,0.00,0.00,37.90,0.00,37.90,22032.30,3.40,0,0,0,0.00,0,F1,50,,,,,
2024-01-16,2024-01-16,FO,NSE,IDO,72953,,NIFTY,,2024-02-29,2024-02-29,22900.00,PE,NIFTY24FEB22900PE,809.25,863.10,800.00,845.50,845.50,766.20,22032.30,845.50,3150,300,23,27277542.50,16,F1,50,,,,,
2024-01-16,2024-01-16,FO,NSE,IDO,59408,,NIFTY,,2024-01-18,2024-01-18,22900.00,CE,NIFTY2411822900CE,1.35,1.70,1.10,1.20,1.15,1.55,22032.30,1.20,2014600,-52550,292451,334876389770.00,50145,F1,50,,,,,
2024-01-16,2024-01-16,FO,NSE,IDO,45550,,NIFTY,,2024-02-08,2024-02-08,22900.00,CE,NIFTY2420822900CE,68.00,72.45,59.50,60.55,61.60,73.70,22032.30,60.55,3750,3600,84,96468850.00,28,F1,50,,,,,
2024-01-16,2024-01-16,FO,NSE,IDO,57434,,NIFTY,,2024-01-25,2024-01-25,22900.00,PE,NIFTY24JAN22900PE,849.95,918.15,795.00,880.45,880.55,769.05,22032.30,880.45,106950,-800,37,43928807.50,36,F1,50,,,,,
2024-01-16,2024-01-16,FO,NSE,IDO,58635,,NIFTY,,2026-12-31,2026-12-31,15000.00,PE,NIFTY26DEC15000PE,0.00,0.00,0.00,118.90,118.90,118.90,22032.30,2.75,2200,0,0,0.00,0,F1,50,,,,,
2024-01-16,2024-01-16,FO,NSE,IDO,40086,,NIFTY,,2024-12-26,2024-12-26,15000.00,CE,NIFTY24DEC15000CE,0.00,0.00,0.00,7100.00,7100.00,7100.00,22032.30,7959.45,2100,0,0,0.00,0,F1,50,,,,,
2024-01-16,2024-01-16,FO,NSE,IDO,50448,,NIFTY,,2026-06-25,2026-06-25,15000.00,PE,NIFTY26JUN15000PE,0.00,0.00,0.00,105.50,105.50,105.50,22032.30,1.80,850,0,0,0.00,0,F1,50,,,,,
2024-01-16,2024-01-16,FO,NSE,IDO,67234,,NIFTY,,2024-03-28,2024-03-28,20100.00,CE,NIFTY24MAR20100CE,0.00,0.00,0.00,2105.40,0.00,2105.40,22032.30,2209.40,0,0,0,0.00,0,F1,50,,,,,
2024-01-16,2024-01-16,FO,NSE,IDO,40134,,NIFTY,,2024-02-08,2024-02-08,20100.00,PE,NIFTY2420820100PE,0.00,0.00,0.00,15.95,15.95,15.95,22032.30,0.15,250,0,0,0.00,0,F1,50,,,,,
2024-01-16,2024-01-16,FO,NSE,IDO,37828,,NIFTY,,2024-02-01,2024-02-01,19750.00,CE,NIFTY2420119750CE,0.00,0.00,0.00,1692.15,0.00,1692.15,22032.30,2340.65,0,0,0,0.00,0,F1,50,,,,,
2024-01-16,2024-01-16,FO,NSE,IDO,45549,,NIFTY,,2024-02-08,2024-02-08,22850.00,PE,NIFTY2420822850PE,0.00,0.00,0.00,1112.25,0.00,1112.25,22032.30,772.40,0,0,0,0.00,0,F1,50,,,,,
2024-01-16,2024-01-16,FO,NSE,IDO,57431,,NIFTY,,2024-01-25,2024-01-25,22850.00,CE,NIFTY24JAN22850CE,14.80,15.55,7.65,8.40,7.75,13.45,22032.30,8.40,252850,46500,9624,11000175770.00,3974,F1,50,,,,,
2024-01-16,2024-01-16,FO,NSE,IDO,42028,,NIFTY,,2024-01-25,2024-01-25,23700.00,CE,NIFTY24JAN23700CE,2.30,2.60,2.05,2.10,2.05,4.90,22032.30,2.10,22950,22950,638,756102462.50,188,F1,50,,,,,
2024-01-16,2024-01-16,FO,NSE,IDO,67647,,NIFTY,,2024-03-28,2024-03-28,23750.00,PE,NIFTY24MAR23750PE,0.00,0.00,0.00,1702.95,0.00,1702.95,22032.30,1481.45,0,0,0,0.00,0,F1,50,,,,,
2024-01-16,2024-01-16,FO,NSE,IDO,67290,,NIFTY,,2024-03-28,2024-03-28,21500.00,PE,NIFTY24MAR21500PE,240.00,260.05,231.40,245.35,241.50,233.95,22032.30,245.35,320850,12450,2524,2743722560.00,1223,F1,50,,,,,
2024-01-16,2024-01-16,FO,NSE,IDO,56481,,NIFTY,,2024-01-25,2024-01-25,19250.00,CE,NIFTY24JAN19250CE,2868.95,2868.95,2800.35,2800.35,2800.35,2380.00,22032.30,2814.30,600,-50,2,2208465.00,2,F1,50,,,,,
2024-01-16,2024-01-16,FO,NSE,IDO,72721,,NIFTY,,2024-02-29,2024-02-29,19250.00,PE,NIFTY24FEB19250PE,0.00,0.00,0.00,155.65,0.00,155.65,22032.30,0.10,0,0,0,0.00,0,F1,50,,,,,
2024-01-16,2024-01-16,FO,NSE,IDO,50296,,NIFTY,,2024-02-15,2024-02-15,23750.00,PE,NIFTY2421523750PE,0.00,0.00,0.00,1948.45,0.00,1948.45,22032.30,1593.30,0,0,0,0.00,0,F1,50,,,,,
2024-01-16,2024-01-16,FO,NSE,IDO,72905,,NIFTY,,2024-02-29,2024-02-29,21800.00,PE,NIFTY24FEB21800PE,217.00,263.20,217.00,241.10,241.50,222.65,22032.30,241.10,240450,33500,3474,3827764127.50,1518,F1,50,,,,,
2024-01-16,2024-01-16,FO,NSE,IDO,56607,,NIFTY,,2024-01-25,2024-01-25,21800.00,CE,NIFTY24JAN21800CE,370.85,414.00,284.90,322.20,314.10,420.85,22032.30,322.20,1022000,-208900,23876,26440425810.00,12806,F1,50,,,,,
2024-01-16,2024-01-16,FO,NSE,IDO,67301,,NIFTY,,2024-03-28,2024-03-28,21800.00,CE,NIFTY24MAR21800CE,861.25,898.90,786.10,820.00,820.00,906.40,22032.30,820.00,10750,800,46,52081170.00,40,F1,50,,,,,
2024-01-16,2024-01-16,FO,NSE,IDO,67249,,NIFTY,,2024-03-28,2024-03-28,20450.00,CE,NIFTY24MAR20450CE,0.00,0.00,0.00,1802.95,0.00,1802.95,22032.30,1877.95,0,0,0,0.00,0,F1,50,,,,,
2024-01-16,2024-01-16,FO,NSE,IDO,37939,,NIFTY,,2024-02-01,2024-02-01,20900.00,PE,NIFTY2420120900PE,23.90,26.55,20.60,21.20,20.60,23.85,22032.30,21.20,65950,6250,1721,1800432537.50,656,F1,50,,,,,
2024-01-16,2024-01-16,FO,NSE,IDO,59307,,NIFTY,,2024-01-18,2024-01-18,21700.00,CE,NIFTY2411821700CE,396.00,440.30,292.50,345.15,337.50,435.25,22032.30,345.15,1036350,-795300,79975,88213309955.00,26934,F1,50,,,,,
2024-01-16,2024-01-16,FO,NSE,IDO,72901,,NIFTY,,2024-02-29,2024-02-29,21700.00,PE,NIFTY24FEB21700PE,195.60,230.90,192.80,209.70,212.10,195.60,22032.30,209.70,282750,61050,3969,4347503555.00,1388,F1,50,,,,,
2024-01-16,2024-01-16,FO,NSE,IDO,44234,,NIFTY,,2024-02-08,2024-02-08,21700.00,PE,NIFTY2420821700PE,143.25,174.75,139.05,154.95,156.00,141.00,22032.30,154.95,12100,-1950,129,140949060.00,75,F1,50,,,,,
2024-01-16,2024-01-16,FO,NSE,IDO,38037,,NIFTY,,2024-02-01,2024-02-01,21700.00,PE,NIFTY2420121700PE,118.85,138.45,102.95,116.55,117.45,108.50,22032.30,116.55,227450,6400,2348,2561293275.00,942,F1,50,,,,,
2024-01-16,2024-01-16,FO,NSE,IDO,59308,,NIFTY,,2024-01-18,2024-01-18,21700.00,PE,NIFTY2411821700PE,18.90,29.80,14.00,15.75,14.60,21.30,22032.30,15.75,6044700,-904700,1060705,1151842977225.00,231919,F1,50,,,,,
2024-01-16,2024-01-16,FO,NSE,IDO,45544,,NIFTY,,2024-02-08,2024-02-08,22750.00,CE,NIFTY2420822750CE,90.20,90.25,90.20,90.25,90.25,95.80,22032.30,90.25,100,100,2,2284022.50,2,F1,50,,,,,
2024-01-16,2024-01-16,FO,NSE,IDO,72944,,NIFTY,,2024-02-29,2024-02-29,22750.00,CE,NIFTY24FEB22750CE,191.70,205.15,161.00,174.25,171.75,203.45,22032.30,174.25,17000,800,184,210997942.50,91,F1,50,,,,,
2024-01-16,2024-01-16,FO,NSE,IDO,59423,,NIFTY,,2024-01-18,2024-01-18,23200.00,CE,NIFTY2411823200CE,0.80,1.00,0.65,0.75,0.80,0.80,22032.30,0.75,1000900,192100,65387,75851292187.50,9062,F1,50,,,,,
2024-01-16,2024-01-16,FO,NSE,IDO,35763,,NIFTY,,2024-02-29,2024-02-29,23200.00,PE,NIFTY24FEB23200PE,1048.70,1091.50,998.70,1090.00,1090.00,995.65,22032.30,1090.00,3900,500,22,26659300.00,14,F1,50,,,,,
2024-01-16,2024-01-16,FO,NSE,IDO,50100,,NIFTY,,2024-02-15,2024-02-15,23200.00,CE,NIFTY2421523200CE,45.60,45.60,41.00,41.00,41.00,38.70,22032.30,34.50,50,50,2,2324330.00,2,F1,50,,,,,
2024-01-16,2024-01-16,FO,NSE,IDO,45583,,NIFTY,,2024-02-08,2024-02-08,23200.00,CE,NIFTY2420823200CE,35.00,37.25,28.00,29.35,29.35,36.15,22032.30,29.35,2150,50,74,85966560.00,50,F1,50,,,,,
2024-01-16,2024-01-16,FO,NSE,IDO,72797,,NIFTY,,2024-02-29,2024-02-29,20100.00,CE,NIFTY24FEB20100CE,2135.00,2135.00,2135.00,2135.00,2135.00,2140.00,22032.30,2097.90,600,50,1,1111750.00,1,F1,50,,,,,
2024-01-16,2024-01-16,FO,NSE,IDO,38709,,NIFTY,,2024-02-15,2024-02-15,20100.00,PE,NIFTY2421520100PE,0.00,0.00,0.00,13.50,0.00,13.50,22032.30,0.60,0,0,0,0.00,0,F1,50,,,,,
2024-01-16,2024-01-16,FO,NSE,IDO,39225,,NIFTY,,2024-01-18,2024-01-18,20100.00,CE,NIFTY2411820100CE,0.00,0.00,0.00,1965.00,1965.00,1965.00,22032.30,1939.75,2750,0,0,0.00,0,F1,50,,,,,
2024-01-16,2024-01-16,FO,NSE,IDO,39226,,NIFTY,,2024-01-18,2024-01-18,20100.00,PE,NIFTY2411820100PE,2.95,3.00,1.10,1.25,1.15,2.55,22032.30,1.25,343800,10500,47052,47291951442.50,9931,F1,50,,,,,
2024-01-16,2024-01-16,FO,NSE,IDO,37864,,NIFTY,,2024-02-01,2024-02-01,20100.00,CE,NIFTY2420120100CE,0.00,0.00,0.00,1372.20,0.00,1372.20,22032.30,1991.70,0,0,0,0.00,0,F1,50,,,,,
2024-01-16,2024-01-16,FO,NSE,IDO,38708,,NIFTY,,2024-02-15,2024-02-15,20100.00,CE,NIFTY2421520100CE,0.00,0.00,0.00,1700.90,0.00,1700.90,22032.30,2044.10,0,0,0,0.00,0,F1,50,,,,,
2024-01-16,2024-01-16,FO,NSE,IDO,37997,,NIFTY,,2024-02-01,2024-02-01,21350.00,PE,NIFTY2420121350PE,60.00,62.15,52.45,54.95,54.95,56.40,22032.30,54.95,13600,1250,77,82417745.00,40,F1,50,,,,,
2024-01-16,2024-01-16,FO,NSE,IDO,67266,,NIFTY,,2024-03-28,2024-03-28,20850.00,PE,NIFTY24MAR20850PE,0.00,0.00,0.00,139.75,139.75,139.75,22032.30,56.60,50,0,0,0.00,0,F1,50,,,,,
2024-01-16,2024-01-16,FO,NSE,IDO,42611,,NIFTY,,2024-01-25,2024-01-25,23100.00,CE,NIFTY24JAN23100CE,6.40,7.80,4.05,4.55,4.15,5.95,22032.30,4.55,295000,85200,10434,12053953282.50,4152,F1,50,,,,,
2024-01-16,2024-01-16,FO,NSE,IDO,39492,,NIFTY,,2024-02-08,2024-02-08,19750.00,PE,NIFTY2420819750PE,0.00,0.00,0.00,4.80,0.00,4.80,22032.30,0.05,0,0,0,0.00,0,F1,50,,,,,
2024-01-16,2024-01-16,FO,NSE,IDO,67223,,NIFTY,,2024-03-28,2024-03-28,19750.00,PE,NIFTY24MAR19750PE,0.00,0.00,0.00,51.00,51.00,51.00,22032.30,4.55,750,0,0,0.00,0,F1,50,,,,,
2024-01-16,2024-01-16,FO,NSE,IDO,43938,,NIFTY,,2024-02-08,2024-02-08,21550.00,CE,NIFTY2420821550CE,0.00,0.00,0.00,557.35,557.35,557.35,22032.30,645.35,450,0,0,0.00,0,F1,50,,,,,
2024-01-16,2024-01-16,FO,NSE,IDO,50097,,NIFTY,,2024-02-15,2024-02-15,23100.00,PE,NIFTY2421523100PE,0.00,0.00,0.00,1339.10,0.00,1339.10,22032.30,984.45,0,0,0,0.00,0,F1,50,,,,,
2024-01-16,2024-01-16,FO,NSE,IDO,67600,,NIFTY,,2024-03-28,2024-03-28,23100.00,CE,NIFTY24MAR23100CE,225.00,236.15,198.90,214.35,213.60,236.90,22032.30,214.35,13700,-2800,141,164425420.00,81,F1,50,,,,,
2024-01-16,2024-01-16,FO,NSE,IDO,45567,,NIFTY,,2024-02-08,2024-02-08,23100.00,CE,NIFTY2420823100CE,41.10,46.10,36.05,38.35,38.35,45.70,22032.30,38.35,2250,400,46,53226742.50,33,F1,50,,,,,
2024-01-16,2024-01-16,FO,NSE,IDO,56405,,NIFTY,,2024-01-25,2024-01-25,18250.00,CE,NIFTY24JAN18250CE,0.00,0.00,0.00,1139.20,0.00,1139.20,22032.30,3812.65,0,0,0,0.00,0,F1,50,,,,,
2024-01-16,2024-01-16,FO,NSE,IDO,39208,,NIFTY,,2024-01-18,2024-01-18,19750.00,PE,NIFTY2411819750PE,2.25,2.75,0.90,1.05,1.20,2.55,22032.30,1.05,238000,-181750,19392,19151211767.50,4337,F1,50,,,,,
2024-01-16,2024-01-16,FO,NSE,IDO,50084,,NIFTY,,2024-02-15,2024-02-15,22800.00,PE,NIFTY2421522800PE,0.00,0.00,0.00,1078.00,0.00,1078.00,22032.30,732.05,0,0,0,0.00,0,F1,50,,,,,
2024-01-16,2024-01-16,FO,NSE,IDO,50073,,NIFTY,,2024-02-15,2024-02-15,22550.00,CE,NIFTY2421522550CE,0.00,0.00,0.00,130.35,0.00,130.35,22032.30,152.30,0,0,0,0.00,0,F1,50,,,,,
2024-01-16,2024-01-16,FO,NSE,IDO,72946,,NIFTY,,2024-02-29,2024-02-29,22800.00,CE,NIFTY24FEB22800CE,172.95,191.00,144.45,159.55,157.25,190.05,22032.30,159.55,179000,1450,2723,3127494752.50,1324,F1,50,,,,,
2024-01-16,2024-01-16,FO,NSE,IDO,67585,,NIFTY,,2024-03-28,2024-03-28,22800.00,PE,NIFTY24MAR22800PE,806.70,806.70,769.30,800.00,800.00,1000.75,22032.30,800.00,200,200,4,4717265.00,4,F1,50,,,,,
2024-01-16,2024-01-16,FO,NSE,IDO,48854,,NIFTY,,2024-01-25,2024-01-25,22800.00,CE,NIFTY24JAN22800CE,17.15,17.15,8.90,10.00,9.50,16.30,22032.30,10.00,1333900,135650,42160,48087211575.00,12403,F1,50,,,,,
2024-01-16,2024-01-16,FO,NSE,IDO,51450,,NIFTY,,2025-06-26,2025-06-26,21000.00,PE,NIFTY25JUN21000PE,0.00,0.00,0.00,3070.85,0.00,3070.85,22032.30,253.15,0,0,0,0.00,0,F1,50,,,,,
2024-01-16,2024-01-16,FO,NSE,IDO,51452,,NIFTY,,2025-12-24,2025-12-24,21000.00,PE,NIFTY25DEC21000PE,0.00,0.00,0.00,701.00,701.00,701.00,22032.30,256.55,3200,0,0,0.00,0,F1,50,,,,,
2024-01-16,2024-01-16,FO,NSE,IDO,51455,,NIFTY,,2026-06-25,2026-06-25,21000.00,PE,NIFTY26JUN21000PE,0.00,0.00,0.00,3065.60,0.00,3065.60,22032.30,249.70,0,0,0,0.00,0,F1,50,,,,,
2024-01-16,2024-01-16,FO,NSE,IDO,60329,,NIFTY,,2024-03-28,2024-03-28,21000.00,CE,NIFTY24MAR21000CE,1428.70,1526.00,1384.90,1433.20,1430.00,1532.35,22032.30,1433.20,1135500,-2100,1253,1407645497.50,797,F1,50,,,,,
2024-01-16,2024-01-16,FO,NSE,IDO,51448,,NIFTY,,2024-12-26,2024-12-26,21000.00,PE,NIFTY24DEC21000PE,507.05,521.15,493.00,510.80,511.80,499.70,22032.30,510.80,821850,7750,876,941997597.50,489,F1,50,,,,,
2024-01-16,2024-01-16,FO,NSE,IDO,40264,,NIFTY,,2024-02-15,2024-02-15,21000.00,CE,NIFTY2421521000CE,0.00,0.00,0.00,903.55,0.00,903.55,22032.30,1168.95,0,0,0,0.00,0,F1,50,,,,,
2024-01-16,2024-01-16,FO,NSE,IDO,59249,,NIFTY,,2024-01-18,2024-01-18,21000.00,CE,NIFTY2411821000CE,1050.15,1126.00,971.65,1034.20,1026.00,1114.85,22032.30,1034.20,260900,-13200,893,984755605.00,368,F1,50,,,,,
2024-01-16,2024-01-16,FO,NSE,IDO,37955,,NIFTY,,2024-02-01,2024-02-01,21000.00,PE,NIFTY2420121000PE,34.00,34.00,25.50,26.40,27.05,29.95,22032.30,26.40,187650,9050,4587,4822996847.50,1980,F1,50,,,,,
2024-01-16,2024-01-16,FO,NSE,IDO,51447,,NIFTY,,2024-12-26,2024-12-26,21000.00,CE,NIFTY24DEC21000CE,2672.00,2700.00,2578.85,2623.00,2625.00,2730.10,22032.30,2623.00,126050,-2900,318,376145385.00,201,F1,50,,,,,
2024-01-16,2024-01-16,FO,NSE,IDO,72856,,NIFTY,,2024-02-29,2024-02-29,21000.00,CE,NIFTY24FEB21000CE,1303.00,1336.00,1193.05,1241.25,1236.45,1341.70,22032.30,1241.25,298700,10350,1252,1393463237.50,579,F1,50,,,,,
2024-01-16,2024-01-16,FO,NSE,IDO,53613,,NIFTY,,2027-12-30,2027-12-30,21000.00,CE,NIFTY27DEC21000CE,0.00,0.00,0.00,4902.40,0.00,4902.40,22032.30,6161.05,0,0,0,0.00,0,F1,50,,,,,
2024-01-16,2024-01-16,FO,NSE,IDO,71553,,NIFTY,,2027-06-24,2027-06-24,21000.00,CE,NIFTY27JUN21000CE,0.00,0.00,0.00,3061.80,0.00,3061.80,22032.30,5605.20,0,0,0,0.00,0,F1,50,,,,,
2024-01-16,2024-01-16,FO,NSE,IDO,72757,,NIFTY,,2024-02-29,2024-02-29,19400.00,CE,NIFTY24FEB19400CE,0.00,0.00,0.00,2475.00,2475.00,2475.00,22032.30,2789.70,200,0,0,0.00,0,F1,50,,,,,
2024-01-16,2024-01-16,FO,NSE,IDO,42316,,NIFTY,,2024-02-08,2024-02-08,20850.00,CE,NIFTY2420820850CE,0.00,0.00,0.00,1035.35,0.00,1035.35,22032.30,1277.30,0,0,0,0.00,0,F1,50,,,,,
2024-01-16,2024-01-16,FO,NSE,IDO,67265,,NIFTY,,2024-03-28,2024-03-28,20850.00,CE,NIFTY24MAR20850CE,0.00,0.00,0.00,1279.60,1279.60,1279.60,22032.30,1514.65,50,0,0,0.00,0,F1,50,,,,,
2024-01-16,2024-01-16,FO,NSE,IDO,67228,,NIFTY,,2024-03-28,2024-03-28,19900.00,CE,NIFTY24MAR19900CE,0.00,0.00,0.00,2284.75,0.00,2284.75,22032.30,2402.30,0,0,0,0.00,0,F1,50,,,,,
2024-01-16,2024-01-16,FO,NSE,IDO,42612,,NIFTY,,2024-01-25,2024-01-25,23100.00,PE,NIFTY24JAN23100PE,1019.65,1125.00,991.50,1055.75,1055.75,966.25,22032.30,1030.50,4150,800,49,59099465.00,27,F1,50,,,,,
2024-01-16,2024-01-16,FO,NSE,IDO,67601,,NIFTY,,2024-03-28,2024-03-28,23100.00,PE,NIFTY24MAR23100PE,0.00,0.00,0.00,1204.50,0.00,1204.50,22032.30,957.65,0,0,0,0.00,0,F1,50,,,,,
2024-01-16,2024-01-16,FO,NSE,IDO,35762,,NIFTY,,2024-02-29,2024-02-29,23200.00,CE,NIFTY24FEB23200CE,82.70,96.45,70.90,78.45,77.15,95.30,22032.30,78.45,118350,9550,1697,1975814822.50,1068,F1,50,,,,,
2024-01-16,2024-01-16,FO,NSE,IDO,38173,,NIFTY,,2024-02-01,2024-02-01,23200.00,PE,NIFTY2420123200PE,0.00,0.00,0.00,1779.25,0.00,1779.25,22032.30,1105.40,0,0,0,0.00,0,F1,50,,,,,
2024-01-16,2024-01-16,FO,NSE,IDO,35757,,NIFTY,,2024-01-25,2024-01-25,23200.00,PE,NIFTY24JAN23200PE,1110.45,1112.30,1087.15,1094.15,1094.15,1063.75,22032.30,1129.75,2150,150,7,8504947.50,7,F1,50,,,,,
2024-01-16,2024-01-16,FO,NSE,IDO,72787,,NIFTY,,2024-02-29,2024-02-29,19950.00,CE,NIFTY24FEB19950CE,0.00,0.00,0.00,891.25,0.00,891.25,22032.30,2245.55,0,0,0,0.00,0,F1,50,,,,,
2024-01-16,2024-01-16,FO,NSE,IDO,56498,,NIFTY,,2024-01-25,2024-01-25,19450.00,CE,NIFTY24JAN19450CE,2622.35,2622.35,2574.65,2574.65,2574.65,2668.30,22032.30,2614.65,650,100,5,5510932.50,3,F1,50,,,,,
2024-01-16,2024-01-16,FO,NSE,IDO,72759,,NIFTY,,2024-02-29,2024-02-29,19450.00,CE,NIFTY24FEB19450CE,0.00,0.00,0.00,1231.75,0.00,1231.75,22032.30,2740.10,0,0,0,0.00,0,F1,50,,,,,
2024-01-16,2024-01-16,FO,NSE,IDO,72942,,NIFTY,,2024-02-29,2024-02-29,22700.00,CE,NIFTY24FEB22700CE,204.00,223.30,170.05,188.10,185.35,222.15,22032.30,188.10,119650,10050,2336,2674454760.00,1333,F1,50,,,,,
2024-01-16,2024-01-16,FO,NSE,IDO,72824,,NIFTY,,2024-02-29,2024-02-29,20500.00,CE,NIFTY24FEB20500CE,1751.45,1793.85,1670.00,1695.25,1701.20,1801.30,22032.30,1695.25,145500,-750,141,156782907.50,92,F1,50,,,,,
2024-01-16,2024-01-16,FO,NSE,IDO,72888,,NIFTY,,2024-02-29,2024-02-29,21450.00,CE,NIFTY24FEB21450CE,937.50,939.95,864.80,864.80,864.80,942.85,22032.30,861.55,10800,100,3,3354612.50,3,F1,50,,,,,
2024-01-16,2024-01-16,FO,NSE,IDO,41745,,NIFTY,,2024-02-15,2024-02-15,21450.00,CE,NIFTY2421521450CE,0.00,0.00,0.00,584.45,0.00,584.45,22032.30,773.65,0,0,0,0.00,0,F1,50,,,,,
2024-01-16,2024-01-16,FO,NSE,IDO,43616,,NIFTY,,2024-02-08,2024-02-08,21450.00,CE,NIFTY2420821450CE,0.00,0.00,0.00,746.20,746.20,746.20,22032.30,727.20,50,0,0,0.00,0,F1,50,,,,,
2024-01-16,2024-01-16,FO,NSE,IDO,67251,,NIFTY,,2024-03-28,2024-03-28,20500.00,CE,NIFTY24MAR20500CE,1934.10,1960.00,1840.70,1860.90,1862.75,1968.95,22032.30,1860.90,15200,-100,87,97398197.50,63,F1,50,,,,,
2024-01-16,2024-01-16,FO,NSE,IDO,41274,,NIFTY,,2024-02-08,2024-02-08,20500.00,PE,NIFTY2420820500PE,18.80,20.75,16.80,17.40,17.65,18.85,22032.30,17.40,18250,1500,127,130291587.50,78,F1,50,,,,,
2024-01-16,2024-01-16,FO,NSE,IDO,41746,,NIFTY,,2024-02-15,2024-02-15,21450.00,PE,NIFTY2421521450PE,0.00,0.00,0.00,172.35,172.35,172.35,22032.30,72.70,200,0,0,0.00,0,F1,50,,,,,
2024-01-16,2024-01-16,FO,NSE,IDO,59379,,NIFTY,,2024-01-18,2024-01-18,22200.00,CE,NIFTY2411822200CE,55.00,62.75,21.20,28.40,25.50,68.75,22032.30,28.40,6737350,1936550,2453014,2727776396932.50,728309,F1,50,,,,,
2024-01-16,2024-01-16,FO,NSE,IDO,38115,,NIFTY,,2024-02-01,2024-02-01,22750.00,CE,NIFTY2420122750CE,60.75,66.15,43.25,51.00,50.60,67.75,22032.30,51.00,23200,4450,427,486960722.50,162,F1,50,,,,,
2024-01-16,2024-01-16,FO,NSE,IDO,43990,,NIFTY,,2024-02-15,2024-02-15,21700.00,PE,NIFTY2421521700PE,180.75,202.30,162.40,177.90,177.90,162.60,22032.30,129.95,2350,750,35,38276187.50,16,F1,50,,,,,
2024-01-16,2024-01-16,FO,NSE,IDO,38034,,NIFTY,,2024-02-01,2024-02-01,21700.00,CE,NIFTY2420121700CE,558.90,586.05,465.80,494.95,494.00,594.05,22032.30,494.95,181600,-1350,347,385703980.00,192,F1,50,,,,,
2024-01-16,2024-01-16,FO,NSE,IDO,56604,,NIFTY,,2024-01-25,2024-01-25,21700.00,PE,NIFTY24JAN21700PE,69.65,90.00,58.50,69.45,68.20,65.75,22032.30,69.45,2898450,-312750,113359,123392955002.50,45840,F1,50,,,,,
2024-01-16,2024-01-16,FO,NSE,IDO,67297,,NIFTY,,2024-03-28,2024-03-28,21700.00,CE,NIFTY24MAR21700CE,946.55,971.75,871.05,885.85,877.50,970.05,22032.30,885.85,8500,0,35,39597437.50,28,F1,50,,,,,
2024-01-16,2024-01-16,FO,NSE,IDO,72945,,NIFTY,,2024-02-29,2024-02-29,22750.00,PE,NIFTY24FEB22750PE,700.05,755.35,700.05,755.35,755.35,674.20,22032.30,701.80,9600,-100,5,5871570.00,4,F1,50,,,,,
2024-01-16,2024-01-16,FO,NSE,IDO,45545,,NIFTY,,2024-02-08,2024-02-08,22750.00,PE,NIFTY2420822750PE,0.00,0.00,0.00,1028.70,0.00,1028.70,22032.30,688.75,0,0,0,0.00,0,F1,50,,,,,
2024-01-16,2024-01-16,FO,NSE,IDO,56542,,NIFTY,,2024-01-25,2024-01-25,20400.00,CE,NIFTY24JAN20400CE,1671.50,1728.00,1600.00,1625.00,1625.00,1746.25,22032.30,1625.00,75350,-600,19,20968832.50,16,F1,50,,,,,
2024-01-16,2024-01-16,FO,NSE,IDO,37899,,NIFTY,,2024-02-01,2024-02-01,20400.00,PE,NIFTY2420120400PE,11.45,11.95,10.05,10.50,10.05,12.15,22032.30,10.50,2600,0,34,34699317.50,14,F1,50,,,,,
2024-01-16,2024-01-16,FO,NSE,IDO,50557,,NIFTY,,2026-06-25,2026-06-25,18000.00,PE,NIFTY26JUN18000PE,0.00,0.00,0.00,3088.05,0.00,3088.05,22032.30,35.95,0,0,0,0.00,0,F1,50,,,,,
2024-01-16,2024-01-16,FO,NSE,IDO,86139,,NIFTY,,2028-06-29,2028-06-29,18000.00,CE,NIFTY28JUN18000CE,0.00,0.00,0.00,6809.35,0.00,6809.35,22032.30,8748.95,0,0,0,0.00,0,F1,50,,,,,
2024-01-16,2024-01-16,FO,NSE,IDO,56457,,NIFTY,,2024-01-25,2024-01-25,18900.00,CE,NIFTY24JAN18900CE,3176.15,3176.15,3136.30,3136.30,3136.30,2877.70,22032.30,3163.75,2300,0,4,4411245.00,2,F1,50,,,,,
2024-01-16,2024-01-16,FO,NSE,IDF,55318,,NIFTY,,2024-01-25,2024-01-25,,,NIFTY24JANFUT,22089.90,22138.00,21964.70,22029.50,22025.75,22133.30,22032.30,22029.50,12209500,-175150,103215,113831721802.50,58504,F1,50,,,,,
2024-01-16,2024-01-16,FO,NSE,IDO,45565,,NIFTY,,2024-02-08,2024-02-08,23050.00,PE,NIFTY2420823050PE,0.00,0.00,0.00,1285.70,0.00,1285.70,22032.30,948.85,0,0,0,0.00,0,F1,50,,,,,
2024-01-16,2024-01-16,FO,NSE,IDO,50089,,NIFTY,,2024-02-15,2024-02-15,22950.00,CE,NIFTY2421522950CE,0.00,0.00,0.00,63.65,0.00,63.65,22032.30,64.25,0,0,0,0.00,0,F1,50,,,,,
2024-01-16,2024-01-16,FO,NSE,IDO,67590,,NIFTY,,2024-03-28,2024-03-28,22950.00,CE,NIFTY24MAR22950CE,278.00,280.35,248.45,248.50,248.50,253.35,22032.30,236.35,750,-200,5,5804165.00,5,F1,50,,,,,
2024-01-16,2024-01-16,FO,NSE,IDO,72898,,NIFTY,,2024-02-29,2024-02-29,21650.00,CE,NIFTY24FEB21650CE,767.25,786.55,693.00,704.05,704.05,804.00,22032.30,711.65,13150,700,32,35778695.00,17,F1,50,,,,,
2024-01-16,2024-01-16,FO,NSE,IDO,67294,,NIFTY,,2024-03-28,2024-03-28,21600.00,PE,NIFTY24MAR21600PE,264.00,286.65,256.50,271.50,270.15,257.70,22032.30,271.50,19150,-150,173,189150702.50,102,F1,50,,,,,
2024-01-16,2024-01-16,FO,NSE,IDO,56595,,NIFTY,,2024-01-25,2024-01-25,21600.00,CE,NIFTY24JAN21600CE,525.00,581.10,436.00,481.20,475.95,587.10,22032.30,481.20,884100,-74600,5413,5986147945.00,3044,F1,50,,,,,
2024-01-16,2024-01-16,FO,NSE,IDO,72896,,NIFTY,,2024-02-29,2024-02-29,21600.00,CE,NIFTY24FEB21600CE,820.00,841.55,713.60,755.75,757.65,845.20,22032.30,755.75,70300,-3850,313,350369847.50,257,F1,50,,,,,
2024-01-16,2024-01-16,FO,NSE,IDO,59281,,NIFTY,,2024-01-18,2024-01-18,21600.00,CE,NIFTY2411821600CE,480.00,535.50,382.50,439.00,432.35,529.30,22032.30,439.00,499300,-138400,13559,14954628827.50,5483,F1,50,,,,,
2024-01-16,2024-01-16,FO,NSE,IDO,51449,,NIFTY,,2025-06-26,2025-06-26,21000.00,CE,NIFTY25JUN21000CE,0.00,0.00,0.00,3199.45,0.00,3199.45,22032.30,3235.50,0,0,0,0.00,0,F1,50,,,,,
2024-01-16,2024-01-16,FO,NSE,IDO,42323,,NIFTY,,2024-02-08,2024-02-08,21000.00,PE,NIFTY2420821000PE,43.00,48.85,39.25,40.60,40.90,42.95,22032.30,40.60,45600,12950,974,1024777485.00,731,F1,50,,,,,
2024-01-16,2024-01-16,FO,NSE,IDO,86142,,NIFTY,,2028-06-29,2028-06-29,19000.00,PE,NIFTY28JUN19000PE,0.00,0.00,0.00,537.45,0.00,537.45,22032.30,73.95,0,0,0,0.00,0,F1,50,,,,,
2024-01-16,2024-01-16,FO,NSE,IDO,45558,,NIFTY,,2024-02-08,2024-02-08,22950.00,CE,NIFTY2420822950CE,54.20,54.20,54.20,54.20,54.20,66.45,22032.30,39.00,150,150,3,3450630.00,1,F1,50,,,,,
2024-01-16,2024-01-16,FO,NSE,IDO,43984,,NIFTY,,2024-02-15,2024-02-15,21650.00,CE,NIFTY2421521650CE,0.00,0.00,0.00,466.90,0.00,466.90,22032.30,618.50,0,0,0,0.00,0,F1,50,,,,,
2024-01-16,2024-01-16,FO,NSE,IDO,50090,,NIFTY,,2024-02-15,2024-02-15,22950.00,PE,NIFTY2421522950PE,0.00,0.00,0.00,1206.35,0.00,1206.35,22032.30,854.95,0,0,0,0.00,0,F1,50,,,,,
2024-01-16,2024-01-16,FO,NSE,IDO,59306,,NIFTY,,2024-01-18,2024-01-18,21650.00,PE,NIFTY2411821650PE,16.00,23.95,11.25,12.40,11.25,17.95,22032.30,12.40,2759750,5400,508217,550527443425.00,109989,F1,50,,,,,
2024-01-16,2024-01-16,FO,NSE,IDO,59374,,NIFTY,,2024-01-18,2024-01-18,22050.00,PE,NIFTY2411822050PE,92.00,147.40,68.65,99.20,98.25,85.25,22032.30,99.20,2194050,-457450,2554001,2828053999027.50,952622,F1,50,,,,,
2024-01-16,2024-01-16,FO,NSE,IDO,48785,,NIFTY,,2024-02-15,2024-02-15,22050.00,PE,NIFTY2421522050PE,297.90,315.10,297.80,315.10,315.10,294.05,22032.30,257.20,2200,900,26,29058785.00,15,F1,50,,,,,
2024-01-16,2024-01-16,FO,NSE,IDO,72915,,NIFTY,,2024-02-29,2024-02-29,22050.00,PE,NIFTY24FEB22050PE,300.00,363.50,300.00,337.85,339.65,309.05,22032.30,337.85,12550,-100,300,335747815.00,160,F1,50,,,,,
2024-01-16,2024-01-16,FO,NSE,IDO,45564,,NIFTY,,2024-02-08,2024-02-08,23050.00,CE,NIFTY2420823050CE,41.15,43.25,41.15,43.25,43.25,54.85,22032.30,29.00,150,150,3,3463777.50,3,F1,50,,,,,
2024-01-16,2024-01-16,FO,NSE,IDO,50093,,NIFTY,,2024-02-15,2024-02-15,23050.00,CE,NIFTY2421523050CE,0.00,0.00,0.00,52.40,0.00,52.40,22032.30,50.45,0,0,0,0.00,0,F1,50,,,,,
