TradDt,BizDt,Sgmt,Src,FinInstrmTp,FinInstrmId,ISIN,TckrSymb,SctySrs,XpryDt,FininstrmActlXpryDt,StrkPric,OptnTp,FinInstrmNm,OpnPric,HghPric,LwPric,ClsPric,LastPric,PrvsClsgPric,UndrlygPric,SttlmPric,OpnIntrst,ChngInOpnIntrst,TtlTradgVol,TtlTrfVal,TtlNbOfTxsExctd,SsnId,NewBrdLotQty,Rmks,Rsvd1,Rsvd2,Rsvd3,Rsvd4
2024-10-08,2024-10-08,FO,NSE,IDO,64127,,NIFTY,,2024-12-26,2024-12-26,26600.00,CE,NIFTY24DEC26600CE,170.00,200.00,160.00,190.00,190.00,170.45,25013.15,224.15,15400,475,52,34808403.75,15,F1,25,,,,,
2024-10-08,2024-10-08,FO,NSE,IDO,50187,,NIFTY,,2024-10-10,2024-10-10,26600.00,PE,NIFTY24O1026600PE,1791.95,1794.55,1604.65,1650.00,1650.00,1748.85,25013.15,1650.00,5750,-625,45,31768278.75,28,F1,25,,,,,
2024-10-08,2024-10-08,FO,NSE,IDO,50524,,NIFTY,,2024-11-07,2024-11-07,26600.00,PE,NIFTY24N0726600PE,0.00,0.00,0.00,1297.15,0.00,1297.15,25013.15,1476.20,0,0,0,0.00,0,F1,25,,,,,
2024-10-08,2024-10-08,FO,NSE,IDO,44644,,NIFTY,,2024-10-24,2024-10-24,26400.00,PE,NIFTY24O2426400PE,0.00,0.00,0.00,710.85,710.85,710.85,25013.15,1320.55,25,0,0,0.00,0,F1,25,,,,,
2024-10-08,2024-10-08,FO,NSE,IDO,64114,,NIFTY,,2024-12-26,2024-12-26,26400.00,PE,NIFTY24DEC26400PE,0.00,0.00,0.00,1300.00,1300.00,1300.00,25013.15,1275.70,75,0,0,0.00,0,F1,25,,,,,
2024-10-08,2024-10-08,FO,NSE,IDO,48115,,NIFTY,,2024-11-28,2024-11-28,26400.00,PE,NIFTY24NOV26400PE,1252.80,1252.80,1252.80,1252.80,1252.80,1337.50,25013.15,1281.55,8250,0,1,691320.00,1,F1,25,,,,,
2024-10-08,2024-10-08,FO,NSE,IDO,62917,,NIFTY,,2024-10-31,2024-10-31,26400.00,CE,NIFTY24OCT26400CE,26.15,26.90,20.75,23.10,25.55,25.55,25013.15,23.10,575475,4000,25883,17097875680.00,10321,F1,25,,,,,
2024-10-08,2024-10-08,FO,NSE,IDO,64113,,NIFTY,,2024-12-26,2024-12-26,26400.00,CE,NIFTY24DEC26400CE,212.60,251.85,200.05,244.35,251.00,212.60,25013.15,244.35,65925,-825,98,65201900.00,60,F1,25,,,,,
2024-10-08,2024-10-08,FO,NSE,IDO,48963,,NIFTY,,2024-10-31,2024-10-31,23500.00,PE,NIFTY24OCT23500PE,55.20,64.75,36.30,38.55,38.00,57.75,25013.15,38.55,1687750,35225,83321,49049854898.75,21005,F1,25,,,,,
2024-10-08,2024-10-08,FO,NSE,IDO,48902,,NIFTY,,2024-10-31,2024-10-31,22500.00,CE,NIFTY24OCT22500CE,2500.00,2695.00,2455.00,2635.55,2655.00,2488.10,25013.15,2635.55,309625,-675,444,278508670.00,203,F1,25,,,,,
2024-10-08,2024-10-08,FO,NSE,IDO,42918,,NIFTY,,2024-11-28,2024-11-28,23500.00,PE,NIFTY24NOV23500PE,120.05,134.40,97.00,105.40,107.00,123.35,25013.15,105.40,728825,75375,18401,10861400952.50,7227,F1,25,,,,,
2024-10-08,2024-10-08,FO,NSE,IDO,43455,,NIFTY,,2024-10-17,2024-10-17,23500.00,CE,NIFTY24O1723500CE,1400.00,1600.00,1400.00,1600.00,1600.00,1359.30,25013.15,1552.45,2450,425,40,24991828.75,25,F1,25,,,,,
2024-10-08,2024-10-08,FO,NSE,IDO,47089,,NIFTY,,2024-10-10,2024-10-10,23500.00,PE,NIFTY24O1023500PE,2.55,5.35,1.90,2.45,2.25,3.50,25013.15,2.45,4674100,42475,1058784,622133842922.50,112085,F1,25,,,,,
2024-10-08,2024-10-08,FO,NSE,IDO,47087,,NIFTY,,2024-10-10,2024-10-10,23500.00,CE,NIFTY24O1023500CE,1330.00,1537.45,1330.00,1499.95,1507.40,1342.65,25013.15,1499.95,6775,-7275,465,289218220.00,92,F1,25,,,,,
2024-10-08,2024-10-08,FO,NSE,IDO,50427,,NIFTY,,2024-11-07,2024-11-07,25000.00,PE,NIFTY24N0725000PE,400.65,414.80,253.35,314.00,315.00,400.65,25013.15,314.00,1150,400,54,34196477.50,34,F1,25,,,,,
2024-10-08,2024-10-08,FO,NSE,IDO,47171,,NIFTY,,2024-10-10,2024-10-10,25000.00,PE,NIFTY24O1025000PE,255.25,303.15,108.00,142.90,131.15,264.00,25013.15,142.90,4361250,1968850,3002789,1889330909822.50,999978,F1,25,,,,,
2024-10-08,2024-10-08,FO,NSE,IDO,71395,,NIFTY,,2025-12-24,2025-12-24,25000.00,CE,NIFTY25DEC25000CE,2692.00,2876.80,2692.00,2859.65,2855.00,2703.65,25013.15,2859.65,41175,4100,382,265452470.00,255,F1,25,,,,,
2024-10-08,2024-10-08,FO,NSE,IDO,64570,,NIFTY,,2025-03-27,2025-03-27,25000.00,CE,NIFTY25MAR25000CE,1306.60,1441.30,1270.80,1407.45,1405.90,1303.30,25013.15,1407.45,191400,775,1165,767732013.75,789,F1,25,,,,,
2024-10-08,2024-10-08,FO,NSE,IDO,53627,,NIFTY,,2027-12-30,2027-12-30,25000.00,PE,NIFTY27DEC25000PE,0.00,0.00,0.00,2948.45,0.00,2948.45,25013.15,579.25,0,0,0,0.00,0,F1,25,,,,,
2024-10-08,2024-10-08,FO,NSE,IDO,47168,,NIFTY,,2024-10-10,2024-10-10,25000.00,CE,NIFTY24O1025000CE,100.00,166.00,78.60,120.65,133.00,103.75,25013.15,120.65,5584175,975950,6374795,4003462030965.00,1811092,F1,25,,,,,
2024-10-08,2024-10-08,FO,NSE,IDO,53626,,NIFTY,,2027-12-30,2027-12-30,25000.00,CE,NIFTY27DEC25000CE,0.00,0.00,0.00,3458.35,0.00,3458.35,25013.15,5486.20,0,0,0,0.00,0,F1,25,,,,,
2024-10-08,2024-10-08,FO,NSE,IDO,50474,,NIFTY,,2024-11-07,2024-11-07,25800.00,PE,NIFTY24N0725800PE,0.00,0.00,0.00,718.05,0.00,718.05,25013.15,802.55,0,0,0,0.00,0,F1,25,,,,,
2024-10-08,2024-10-08,FO,NSE,IDO,49833,,NIFTY,,2024-10-10,2024-10-10,25800.00,PE,NIFTY24O1025800PE,962.80,1018.65,750.00,827.35,800.00,961.75,25013.15,827.35,385925,-43200,2781,1854568941.25,1109,F1,25,,,,,
2024-10-08,2024-10-08,FO,NSE,IDO,71562,,NIFTY,,2027-06-24,2027-06-24,25000.00,CE,NIFTY27JUN25000CE,0.00,0.00,0.00,2090.05,0.00,2090.05,25013.15,4808.10,0,0,0,0.00,0,F1,25,,,,,
2024-10-08,2024-10-08,FO,NSE,IDO,64694,,NIFTY,,2025-09-25,2025-09-25,25000.00,CE,NIFTY25SEP25000CE,0.00,0.00,0.00,3510.00,0.00,3510.00,25013.15,2255.75,0,0,0,0.00,0,F1,25,,,,,
2024-10-08,2024-10-08,FO,NSE,IDO,71504,,NIFTY,,2026-12-31,2026-12-31,25000.00,PE,NIFTY26DEC25000PE,0.00,0.00,0.00,5825.75,0.00,5825.75,25013.15,647.20,0,0,0,0.00,0,F1,25,,,,,
2024-10-08,2024-10-08,FO,NSE,IDO,47159,,NIFTY,,2024-10-10,2024-10-10,24850.00,PE,NIFTY24O1024850PE,175.05,219.30,64.35,84.60,76.95,183.60,25013.15,84.60,963800,317900,1608425,1004315786097.50,589783,F1,25,,,,,
2024-10-08,2024-10-08,FO,NSE,IDO,50419,,NIFTY,,2024-11-07,2024-11-07,24850.00,PE,NIFTY24N0724850PE,322.70,322.70,227.75,227.75,227.75,266.95,25013.15,227.75,350,350,23,14450907.50,4,F1,25,,,,,
2024-10-08,2024-10-08,FO,NSE,IDO,43487,,NIFTY,,2024-12-26,2024-12-26,24850.00,CE,NIFTY24DEC24850CE,920.35,1001.70,920.30,1001.70,1001.70,952.00,25013.15,1001.70,500,450,41,26433126.25,23,F1,25,,,,,
2024-10-08,2024-10-08,FO,NSE,IDO,50510,,NIFTY,,2024-11-07,2024-11-07,26300.00,CE,NIFTY24N0726300CE,0.00,0.00,0.00,196.15,0.00,196.15,25013.15,66.20,0,0,0,0.00,0,F1,25,,,,,
2024-10-08,2024-10-08,FO,NSE,IDO,48109,,NIFTY,,2024-11-28,2024-11-28,26300.00,PE,NIFTY24NOV26300PE,1285.85,1292.50,1100.80,1113.60,1120.00,1305.00,25013.15,1113.60,10075,-400,58,39873291.25,12,F1,25,,,,,
2024-10-08,2024-10-08,FO,NSE,IDO,48108,,NIFTY,,2024-11-28,2024-11-28,26300.00,CE,NIFTY24NOV26300CE,119.95,154.90,111.40,146.25,144.25,117.60,25013.15,146.25,47450,600,1326,876272575.00,385,F1,25,,,,,
2024-10-08,2024-10-08,FO,NSE,IDO,62397,,NIFTY,,2024-12-26,2024-12-26,26300.00,CE,NIFTY24DEC26300CE,230.20,294.95,221.25,294.95,294.95,239.35,25013.15,294.95,9450,-975,82,54437613.75,34,F1,25,,,,,
2024-10-08,2024-10-08,FO,NSE,IDO,50173,,NIFTY,,2024-10-10,2024-10-10,26300.00,PE,NIFTY24O1026300PE,1461.95,1490.75,1253.00,1316.20,1303.80,1455.80,25013.15,1316.20,103175,-1025,159,110001991.25,87,F1,25,,,,,
2024-10-08,2024-10-08,FO,NSE,IDO,62913,,NIFTY,,2024-10-31,2024-10-31,26300.00,CE,NIFTY24OCT26300CE,25.45,32.10,24.15,27.95,29.35,29.05,25013.15,27.95,957075,-4800,37625,24764585732.50,13631,F1,25,,,,,
2024-10-08,2024-10-08,FO,NSE,IDO,50411,,NIFTY,,2024-11-07,2024-11-07,24700.00,PE,NIFTY24N0724700PE,286.00,286.00,219.20,244.00,244.00,274.50,25013.15,207.60,400,125,18,11224181.25,15,F1,25,,,,,
2024-10-08,2024-10-08,FO,NSE,IDO,42550,,NIFTY,,2024-12-26,2024-12-26,24700.00,PE,NIFTY24DEC24700PE,442.15,454.20,369.25,388.25,381.95,404.00,25013.15,388.25,41750,2875,553,347084762.50,168,F1,25,,,,,
2024-10-08,2024-10-08,FO,NSE,IDO,47246,,NIFTY,,2024-11-28,2024-11-28,24850.00,PE,NIFTY24NOV24850PE,401.00,401.00,340.50,351.30,370.75,411.55,25013.15,351.30,6850,75,102,64294777.50,51,F1,25,,,,,
2024-10-08,2024-10-08,FO,NSE,IDO,43469,,NIFTY,,2024-10-24,2024-10-24,23400.00,CE,NIFTY24O2423400CE,0.00,0.00,0.00,2198.20,0.00,2198.20,25013.15,1684.15,0,0,0,0.00,0,F1,25,,,,,
2024-10-08,2024-10-08,FO,NSE,IDO,48953,,NIFTY,,2024-10-31,2024-10-31,23400.00,PE,NIFTY24OCT23400PE,53.25,57.05,32.80,34.35,33.30,51.10,25013.15,34.35,100450,2650,14424,8453463597.50,5771,F1,25,,,,,
2024-10-08,2024-10-08,FO,NSE,IDO,43470,,NIFTY,,2024-10-24,2024-10-24,23400.00,PE,NIFTY24O2423400PE,0.00,0.00,0.00,19.15,0.00,19.15,25013.15,1.90,0,0,0,0.00,0,F1,25,,,,,
2024-10-08,2024-10-08,FO,NSE,IDO,50332,,NIFTY,,2024-11-07,2024-11-07,23400.00,CE,NIFTY24N0723400CE,0.00,0.00,0.00,2038.65,0.00,2038.65,25013.15,1755.55,0,0,0,0.00,0,F1,25,,,,,
2024-10-08,2024-10-08,FO,NSE,IDO,42963,,NIFTY,,2024-11-28,2024-11-28,24200.00,CE,NIFTY24NOV24200CE,1135.00,1135.00,1135.00,1135.00,1135.00,1135.00,25013.15,1186.80,2425,25,1,633375.00,1,F1,25,,,,,
2024-10-08,2024-10-08,FO,NSE,IDO,42932,,NIFTY,,2024-11-28,2024-11-28,23750.00,PE,NIFTY24NOV23750PE,151.70,151.70,151.70,151.70,151.70,141.25,25013.15,72.65,2150,0,12,7170510.00,1,F1,25,,,,,
2024-10-08,2024-10-08,FO,NSE,IDO,49180,,NIFTY,,2025-12-24,2025-12-24,16500.00,PE,NIFTY25DEC16500PE,0.00,0.00,0.00,22.60,22.60,22.60,25013.15,0.40,2600,0,0,0.00,0,F1,25,,,,,
2024-10-08,2024-10-08,FO,NSE,IDO,43534,,NIFTY,,2024-10-24,2024-10-24,23750.00,PE,NIFTY24O2423750PE,0.00,0.00,0.00,52.50,52.50,52.50,25013.15,7.95,550,0,0,0.00,0,F1,25,,,,,
2024-10-08,2024-10-08,FO,NSE,IDO,43501,,NIFTY,,2024-10-17,2024-10-17,23750.00,CE,NIFTY24O1723750CE,1190.60,1350.25,1190.60,1350.25,1350.25,1844.95,25013.15,1350.25,100,100,8,5004085.00,2,F1,25,,,,,
2024-10-08,2024-10-08,FO,NSE,IDO,64202,,NIFTY,,2024-12-26,2024-12-26,27850.00,CE,NIFTY24DEC27850CE,0.00,0.00,0.00,49.00,49.00,49.00,25013.15,56.30,125,0,0,0.00,0,F1,25,,,,,
2024-10-08,2024-10-08,FO,NSE,IDO,62991,,NIFTY,,2024-10-31,2024-10-31,27850.00,CE,NIFTY24OCT27850CE,7.55,9.30,6.65,7.95,7.95,7.85,25013.15,7.95,6875,4800,271,188736608.75,65,F1,25,,,,,
2024-10-08,2024-10-08,FO,NSE,IDO,48797,,NIFTY,,2024-10-17,2024-10-17,27850.00,CE,NIFTY24O1727850CE,3.10,3.85,2.80,3.20,3.20,3.80,25013.15,3.20,5325,1100,387,269480802.50,72,F1,25,,,,,
2024-10-08,2024-10-08,FO,NSE,IDO,50406,,NIFTY,,2024-10-10,2024-10-10,27850.00,PE,NIFTY24O1027850PE,0.00,0.00,0.00,2527.20,0.00,2527.20,25013.15,2826.55,0,0,0,0.00,0,F1,25,,,,,
2024-10-08,2024-10-08,FO,NSE,IDO,45071,,NIFTY,,2024-10-24,2024-10-24,27850.00,PE,NIFTY24O2427850PE,0.00,0.00,0.00,2266.75,0.00,2266.75,25013.15,2754.60,0,0,0,0.00,0,F1,25,,,,,
2024-10-08,2024-10-08,FO,NSE,IDO,64166,,NIFTY,,2024-12-26,2024-12-26,27250.00,PE,NIFTY24DEC27250PE,0.00,0.00,0.00,1158.55,0.00,1158.55,25013.15,1955.20,0,0,0,0.00,0,F1,25,,,,,
2024-10-08,2024-10-08,FO,NSE,IDO,64163,,NIFTY,,2024-12-26,2024-12-26,27250.00,CE,NIFTY24DEC27250CE,0.00,0.00,0.00,616.05,0.00,616.05,25013.15,113.55,0,0,0,0.00,0,F1,25,,,,,
2024-10-08,2024-10-08,FO,NSE,IDO,43842,,NIFTY,,2024-10-24,2024-10-24,24700.00,PE,NIFTY24O2424700PE,209.20,249.60,138.55,157.25,150.40,219.15,25013.15,157.25,24275,6925,2340,1455681142.50,828,F1,25,,,,,
2024-10-08,2024-10-08,FO,NSE,IDO,54762,,NIFTY,,2024-10-31,2024-10-31,24700.00,CE,NIFTY24OCT24700CE,545.95,666.00,507.20,615.00,627.20,534.60,25013.15,615.00,106825,33850,13868,8763611227.50,4826,F1,25,,,,,
2024-10-08,2024-10-08,FO,NSE,IDO,43449,,NIFTY,,2024-10-17,2024-10-17,23400.00,CE,NIFTY24O1723400CE,0.00,0.00,0.00,2172.15,0.00,2172.15,25013.15,1652.20,0,0,0,0.00,0,F1,25,,,,,
2024-10-08,2024-10-08,FO,NSE,IDO,47083,,NIFTY,,2024-10-10,2024-10-10,23400.00,CE,NIFTY24O1023400CE,1479.15,1492.30,1445.45,1492.30,1492.30,1621.80,25013.15,1621.80,225,75,15,9326347.50,11,F1,25,,,,,
2024-10-08,2024-10-08,FO,NSE,IDO,41650,,NIFTY,,2024-12-26,2024-12-26,23400.00,CE,NIFTY24DEC23400CE,0.00,0.00,0.00,3282.70,0.00,3282.70,25013.15,2028.60,0,0,0,0.00,0,F1,25,,,,,
2024-10-08,2024-10-08,FO,NSE,IDO,48952,,NIFTY,,2024-10-31,2024-10-31,23400.00,CE,NIFTY24OCT23400CE,1756.95,1756.95,1756.95,1756.95,1756.95,1756.95,25013.15,1718.80,1875,-50,2,1257847.50,2,F1,25,,,,,
2024-10-08,2024-10-08,FO,NSE,IDO,42934,,NIFTY,,2024-11-28,2024-11-28,23800.00,PE,NIFTY24NOV23800PE,154.60,172.50,121.15,134.00,130.95,158.40,25013.15,134.00,140150,5300,964,576975802.50,537,F1,25,,,,,
2024-10-08,2024-10-08,FO,NSE,IDO,45865,,NIFTY,,2025-06-26,2025-06-26,17000.00,CE,NIFTY25JUN17000CE,0.00,0.00,0.00,8700.00,8700.00,8700.00,25013.15,8814.25,2750,0,0,0.00,0,F1,25,,,,,
2024-10-08,2024-10-08,FO,NSE,IDO,45874,,NIFTY,,2025-12-24,2025-12-24,17000.00,PE,NIFTY25DEC17000PE,0.00,0.00,0.00,25.60,25.60,25.60,25013.15,0.90,2925,0,0,0.00,0,F1,25,,,,,
2024-10-08,2024-10-08,FO,NSE,IDO,41688,,NIFTY,,2024-12-26,2024-12-26,23800.00,PE,NIFTY24DEC23800PE,229.00,234.00,204.65,204.65,204.65,199.50,25013.15,129.95,16050,1450,60,36047085.00,24,F1,25,,,,,
2024-10-08,2024-10-08,FO,NSE,IDO,45873,,NIFTY,,2025-12-24,2025-12-24,17000.00,CE,NIFTY25DEC17000CE,0.00,0.00,0.00,9200.00,9200.00,9200.00,25013.15,9348.35,625,0,0,0.00,0,F1,25,,,,,
2024-10-08,2024-10-08,FO,NSE,IDO,48201,,NIFTY,,2024-10-17,2024-10-17,24650.00,CE,NIFTY24O1724650CE,421.30,553.95,388.00,503.55,516.80,421.30,25013.15,503.55,9900,725,1358,852541230.00,423,F1,25,,,,,
2024-10-08,2024-10-08,FO,NSE,IDO,47143,,NIFTY,,2024-10-10,2024-10-10,24650.00,PE,NIFTY24O1024650PE,108.30,137.10,33.00,41.40,37.30,108.40,25013.15,41.40,684150,254625,810560,500901992052.50,274821,F1,25,,,,,
2024-10-08,2024-10-08,FO,NSE,IDO,46474,,NIFTY,,2024-11-28,2024-11-28,24650.00,CE,NIFTY24NOV24650CE,0.00,0.00,0.00,1174.35,1174.35,1174.35,25013.15,861.30,50,0,0,0.00,0,F1,25,,,,,
2024-10-08,2024-10-08,FO,NSE,IDO,48928,,NIFTY,,2024-10-31,2024-10-31,22950.00,PE,NIFTY24OCT22950PE,35.45,38.55,22.45,22.90,23.05,34.10,25013.15,22.90,4500,-1300,306,175807323.75,108,F1,25,,,,,
2024-10-08,2024-10-08,FO,NSE,IDO,48924,,NIFTY,,2024-10-31,2024-10-31,22950.00,CE,NIFTY24OCT22950CE,0.00,0.00,0.00,2088.40,0.00,2088.40,25013.15,2161.75,0,0,0,0.00,0,F1,25,,,,,
2024-10-08,2024-10-08,FO,NSE,IDO,50502,,NIFTY,,2024-11-07,2024-11-07,26200.00,CE,NIFTY24N0726200CE,60.10,60.10,57.20,60.05,60.05,57.20,25013.15,79.80,2100,0,5,3282365.00,5,F1,25,,,,,
2024-10-08,2024-10-08,FO,NSE,IDO,50503,,NIFTY,,2024-11-07,2024-11-07,26200.00,PE,NIFTY24N0726200PE,0.00,0.00,0.00,987.75,0.00,987.75,25013.15,1121.70,0,0,0,0.00,0,F1,25,,,,,
2024-10-08,2024-10-08,FO,NSE,IDO,48506,,NIFTY,,2024-10-17,2024-10-17,26200.00,PE,NIFTY24O1726200PE,1367.10,1367.10,1129.40,1136.55,1129.40,1302.00,25013.15,1136.55,20150,-2275,173,118527923.75,50,F1,25,,,,,
2024-10-08,2024-10-08,FO,NSE,IDO,44607,,NIFTY,,2024-10-24,2024-10-24,26200.00,CE,NIFTY24O2426200CE,26.40,28.85,20.60,24.20,24.20,26.45,25013.15,24.20,80350,9900,2641,1731510182.50,1033,F1,25,,,,,
2024-10-08,2024-10-08,FO,NSE,IDO,62909,,NIFTY,,2024-10-31,2024-10-31,26200.00,CE,NIFTY24OCT26200CE,33.00,39.30,29.90,35.05,37.60,35.05,25013.15,35.05,927475,12275,39163,25685516208.75,15739,F1,25,,,,,
2024-10-08,2024-10-08,FO,NSE,IDO,62393,,NIFTY,,2024-12-26,2024-12-26,26200.00,PE,NIFTY24DEC26200PE,1165.00,1165.00,1100.00,1100.00,1100.00,1206.00,25013.15,1133.70,10950,-125,5,3419000.00,2,F1,25,,,,,
2024-10-08,2024-10-08,FO,NSE,IDO,50169,,NIFTY,,2024-10-10,2024-10-10,26200.00,PE,NIFTY24O1026200PE,1331.35,1392.20,1158.00,1207.40,1194.80,1355.50,25013.15,1207.40,224675,-5700,323,221785873.75,112,F1,25,,,,,
2024-10-08,2024-10-08,FO,NSE,IDO,48103,,NIFTY,,2024-11-28,2024-11-28,26200.00,PE,NIFTY24NOV26200PE,1115.85,1163.70,1037.80,1037.85,1037.80,1174.55,25013.15,1037.85,20950,-125,31,21129818.75,15,F1,25,,,,,
2024-10-08,2024-10-08,FO,NSE,IDO,43457,,NIFTY,,2024-10-17,2024-10-17,23550.00,CE,NIFTY24O1723550CE,0.00,0.00,0.00,2030.50,0.00,2030.50,25013.15,1502.65,0,0,0,0.00,0,F1,25,,,,,
2024-10-08,2024-10-08,FO,NSE,IDO,54757,,NIFTY,,2024-10-31,2024-10-31,24550.00,PE,NIFTY24OCT24550PE,195.35,223.10,132.85,148.20,142.85,200.90,25013.15,148.20,29075,5975,2323,1436263301.25,762,F1,25,,,,,
2024-10-08,2024-10-08,FO,NSE,IDO,67780,,NIFTY,,2028-12-28,2028-12-28,23000.00,CE,NIFTY28DEC23000CE,0.00,0.00,0.00,6377.60,0.00,6377.60,25013.15,7988.20,0,0,0,0.00,0,F1,25,,,,,
2024-10-08,2024-10-08,FO,NSE,IDO,53619,,NIFTY,,2027-12-30,2027-12-30,23000.00,PE,NIFTY27DEC23000PE,0.00,0.00,0.00,2201.30,0.00,2201.30,25013.15,289.75,0,0,0,0.00,0,F1,25,,,,,
2024-10-08,2024-10-08,FO,NSE,IDO,48964,,NIFTY,,2024-10-31,2024-10-31,23550.00,CE,NIFTY24OCT23550CE,0.00,0.00,0.00,2454.20,2454.20,2454.20,25013.15,1573.45,50,0,0,0.00,0,F1,25,,,,,
2024-10-08,2024-10-08,FO,NSE,IDO,41670,,NIFTY,,2024-12-26,2024-12-26,23550.00,PE,NIFTY24DEC23550PE,0.00,0.00,0.00,53.80,0.00,53.80,25013.15,93.65,0,0,0,0.00,0,F1,25,,,,,
2024-10-08,2024-10-08,FO,NSE,IDO,50341,,NIFTY,,2024-11-07,2024-11-07,23550.00,PE,NIFTY24N0723550PE,0.00,0.00,0.00,55.15,55.15,55.15,25013.15,19.35,75,0,0,0.00,0,F1,25,,,,,
2024-10-08,2024-10-08,FO,NSE,IDO,46186,,NIFTY,,2024-11-28,2024-11-28,24550.00,PE,NIFTY24NOV24550PE,321.90,338.10,258.70,286.60,286.60,284.90,25013.15,235.40,10350,-200,43,26699148.75,20,F1,25,,,,,
2024-10-08,2024-10-08,FO,NSE,IDO,37795,,NIFTY,,2025-12-24,2025-12-24,23000.00,CE,NIFTY25DEC23000CE,4000.00,4000.00,4000.00,4000.00,4000.00,4100.00,25013.15,4064.15,6850,0,1,675000.00,1,F1,25,,,,,
2024-10-08,2024-10-08,FO,NSE,IDO,89629,,NIFTY,,2029-06-28,2029-06-28,23000.00,PE,NIFTY29JUN23000PE,0.00,0.00,0.00,543.65,0.00,543.65,25013.15,255.20,0,0,0,0.00,0,F1,25,,,,,
2024-10-08,2024-10-08,FO,NSE,IDO,53618,,NIFTY,,2027-12-30,2027-12-30,23000.00,CE,NIFTY27DEC23000CE,0.00,0.00,0.00,4125.70,0.00,4125.70,25013.15,6805.25,0,0,0,0.00,0,F1,25,,,,,
2024-10-08,2024-10-08,FO,NSE,IDO,48930,,NIFTY,,2024-10-31,2024-10-31,23000.00,PE,NIFTY24OCT23000PE,37.55,41.10,23.60,24.65,24.75,37.55,25013.15,24.65,2579075,182800,77104,44394819003.75,18044,F1,25,,,,,
2024-10-08,2024-10-08,FO,NSE,IDO,37796,,NIFTY,,2025-12-24,2025-12-24,23000.00,PE,NIFTY25DEC23000PE,570.00,620.00,522.00,541.95,541.95,567.85,25013.15,541.95,159500,1125,218,128354382.50,141,F1,25,,,,,
2024-10-08,2024-10-08,FO,NSE,IDO,48965,,NIFTY,,2024-10-31,2024-10-31,23550.00,PE,NIFTY24OCT23550PE,66.00,68.00,37.10,39.75,39.85,60.50,25013.15,39.75,44475,2925,1753,1034682577.50,628,F1,25,,,,,
2024-10-08,2024-10-08,FO,NSE,IDO,48003,,NIFTY,,2024-11-28,2024-11-28,25500.00,CE,NIFTY24NOV25500CE,331.05,442.95,331.05,419.00,432.95,353.35,25013.15,419.00,502875,58250,18562,12015788981.25,9908,F1,25,,,,,
2024-10-08,2024-10-08,FO,NSE,IDO,54655,,NIFTY,,2024-12-26,2024-12-26,25500.00,CE,NIFTY24DEC25500CE,565.00,635.00,468.35,609.15,617.90,531.60,25013.15,609.15,157000,26350,6051,3944880622.50,3388,F1,25,,,,,
2024-10-08,2024-10-08,FO,NSE,IDO,48006,,NIFTY,,2024-11-28,2024-11-28,25500.00,PE,NIFTY24NOV25500PE,720.25,747.00,585.05,628.00,621.90,705.15,25013.15,628.00,660775,-75425,10086,6593502500.00,6041,F1,25,,,,,
2024-10-08,2024-10-08,FO,NSE,IDO,48509,,NIFTY,,2024-10-17,2024-10-17,26250.00,CE,NIFTY24O1726250CE,12.00,12.00,8.00,8.95,9.90,11.95,25013.15,8.95,74975,18375,6290,4129301448.75,2059,F1,25,,,,,
2024-10-08,2024-10-08,FO,NSE,IDO,62396,,NIFTY,,2024-12-26,2024-12-26,26250.00,PE,NIFTY24DEC26250PE,1143.20,1143.20,1133.95,1133.95,1133.95,1022.10,25013.15,1168.45,1900,-75,5,3423235.00,3,F1,25,,,,,
2024-10-08,2024-10-08,FO,NSE,IDO,62394,,NIFTY,,2024-12-26,2024-12-26,26250.00,CE,NIFTY24DEC26250CE,266.75,266.75,266.75,266.75,266.75,221.50,25013.15,312.30,4275,50,3,1988756.25,2,F1,25,,,,,
2024-10-08,2024-10-08,FO,NSE,IDO,62911,,NIFTY,,2024-10-31,2024-10-31,26250.00,CE,NIFTY24OCT26250CE,29.10,35.70,27.15,31.85,32.10,31.60,25013.15,31.85,106650,-4275,4685,3078198365.00,1953,F1,25,,,,,
2024-10-08,2024-10-08,FO,NSE,IDO,48107,,NIFTY,,2024-11-28,2024-11-28,26250.00,PE,NIFTY24NOV26250PE,1246.95,1246.95,1111.35,1111.35,1111.35,1201.25,25013.15,1163.10,1200,-25,8,5485073.75,7,F1,25,,,,,
2024-10-08,2024-10-08,FO,NSE,IDO,48510,,NIFTY,,2024-10-17,2024-10-17,26250.00,PE,NIFTY24O1726250PE,1245.00,1245.00,1164.25,1164.25,1164.25,1313.70,25013.15,1196.35,2450,-25,3,2058466.25,3,F1,25,,,,,
2024-10-08,2024-10-08,FO,NSE,IDO,44622,,NIFTY,,2024-10-24,2024-10-24,26250.00,PE,NIFTY24O2426250PE,0.00,0.00,0.00,1142.20,1151.95,1142.20,25013.15,1178.00,1575,0,0,0.00,0,F1,25,,,,,
2024-10-08,2024-10-08,FO,NSE,IDO,50505,,NIFTY,,2024-11-07,2024-11-07,26250.00,PE,NIFTY24N0726250PE,0.00,0.00,0.00,1024.40,0.00,1024.40,25013.15,1164.35,0,0,0,0.00,0,F1,25,,,,,
2024-10-08,2024-10-08,FO,NSE,IDO,50320,,NIFTY,,2024-10-10,2024-10-10,27600.00,PE,NIFTY24O1027600PE,0.00,0.00,0.00,2287.90,0.00,2287.90,25013.15,2576.65,0,0,0,0.00,0,F1,25,,,,,
2024-10-08,2024-10-08,FO,NSE,IDO,64183,,NIFTY,,2024-12-26,2024-12-26,27350.00,PE,NIFTY24DEC27350PE,0.00,0.00,0.00,1219.75,0.00,1219.75,25013.15,2041.70,0,0,0,0.00,0,F1,25,,,,,
2024-10-08,2024-10-08,FO,NSE,IDO,43528,,NIFTY,,2024-10-24,2024-10-24,23700.00,CE,NIFTY24O2423700CE,0.00,0.00,0.00,1916.25,0.00,1916.25,25013.15,1389.75,0,0,0,0.00,0,F1,25,,,,,
2024-10-08,2024-10-08,FO,NSE,IDO,48679,,NIFTY,,2024-10-17,2024-10-17,27350.00,CE,NIFTY24O1727350CE,3.60,4.95,3.20,3.35,3.20,5.10,25013.15,3.35,8325,800,191,130614387.50,42,F1,25,,,,,
2024-10-08,2024-10-08,FO,NSE,IDO,48683,,NIFTY,,2024-10-17,2024-10-17,27350.00,PE,NIFTY24O1727350PE,0.00,0.00,0.00,1827.80,0.00,1827.80,25013.15,2291.35,0,0,0,0.00,0,F1,25,,,,,
2024-10-08,2024-10-08,FO,NSE,IDO,44962,,NIFTY,,2024-10-24,2024-10-24,27350.00,PE,NIFTY24O2427350PE,0.00,0.00,0.00,1803.15,0.00,1803.15,25013.15,2256.35,0,0,0,0.00,0,F1,25,,,,,
2024-10-08,2024-10-08,FO,NSE,IDO,48224,,NIFTY,,2024-11-28,2024-11-28,27550.00,PE,NIFTY24NOV27550PE,0.00,0.00,0.00,1163.70,1163.70,1163.70,25013.15,2303.80,50,0,0,0.00,0,F1,25,,,,,
2024-10-08,2024-10-08,FO,NSE,IDO,62977,,NIFTY,,2024-10-31,2024-10-31,27550.00,CE,NIFTY24OCT27550CE,8.05,8.80,6.35,7.80,8.80,9.35,25013.15,7.80,78775,-15525,1608,1107812707.50,189,F1,25,,,,,
2024-10-08,2024-10-08,FO,NSE,IDO,50305,,NIFTY,,2024-10-10,2024-10-10,27550.00,CE,NIFTY24O1027550CE,1.80,2.65,1.30,1.45,1.35,2.55,25013.15,1.45,220200,-33925,11751,8093989180.00,3254,F1,25,,,,,
2024-10-08,2024-10-08,FO,NSE,IDO,44998,,NIFTY,,2024-10-24,2024-10-24,27550.00,PE,NIFTY24O2427550PE,0.00,0.00,0.00,1985.80,0.00,1985.80,25013.15,2455.60,0,0,0,0.00,0,F1,25,,,,,
2024-10-08,2024-10-08,FO,NSE,IDO,48739,,NIFTY,,2024-10-17,2024-10-17,27550.00,CE,NIFTY24O1727550CE,3.75,5.65,3.40,4.35,3.50,4.60,25013.15,4.35,12450,2950,258,177724396.25,38,F1,25,,,,,
2024-10-08,2024-10-08,FO,NSE,IDO,64190,,NIFTY,,2024-12-26,2024-12-26,27550.00,CE,NIFTY24DEC27550CE,61.85,61.85,61.85,61.85,61.85,510.10,25013.15,80.65,500,500,20,13805925.00,1,F1,25,,,,,
2024-10-08,2024-10-08,FO,NSE,IDO,44997,,NIFTY,,2024-10-24,2024-10-24,27550.00,CE,NIFTY24O2427550CE,4.70,9.95,4.70,7.75,7.80,8.20,25013.15,7.75,4325,-175,384,264553146.25,61,F1,25,,,,,
2024-10-08,2024-10-08,FO,NSE,IDO,48748,,NIFTY,,2024-10-17,2024-10-17,27550.00,PE,NIFTY24O1727550PE,0.00,0.00,0.00,1607.05,1607.05,1607.05,25013.15,2491.05,25,0,0,0.00,0,F1,25,,,,,
2024-10-08,2024-10-08,FO,NSE,IDO,48223,,NIFTY,,2024-11-28,2024-11-28,27550.00,CE,NIFTY24NOV27550CE,30.00,30.45,24.95,26.10,26.10,29.00,25013.15,25.60,7250,-125,30,20681918.75,14,F1,25,,,,,
2024-10-08,2024-10-08,FO,NSE,IDO,50312,,NIFTY,,2024-10-10,2024-10-10,27550.00,PE,NIFTY24O1027550PE,0.00,0.00,0.00,2240.45,0.00,2240.45,25013.15,2526.65,0,0,0,0.00,0,F1,25,,,,,
2024-10-08,2024-10-08,FO,NSE,IDO,62978,,NIFTY,,2024-10-31,2024-10-31,27550.00,PE,NIFTY24OCT27550PE,0.00,0.00,0.00,2739.00,0.00,2739.00,25013.15,2421.00,0,0,0,0.00,0,F1,25,,,,,
2024-10-08,2024-10-08,FO,NSE,IDO,64191,,NIFTY,,2024-12-26,2024-12-26,27550.00,PE,NIFTY24DEC27550PE,0.00,0.00,0.00,1347.15,0.00,1347.15,25013.15,2217.95,0,0,0,0.00,0,F1,25,,,,,
2024-10-08,2024-10-08,FO,NSE,IDO,47099,,NIFTY,,2024-10-10,2024-10-10,23750.00,PE,NIFTY24O1023750PE,6.60,12.15,3.20,3.80,3.45,7.85,25013.15,3.80,471000,-61450,195771,116271332206.25,34373,F1,25,,,,,
2024-10-08,2024-10-08,FO,NSE,IDO,43502,,NIFTY,,2024-10-17,2024-10-17,23750.00,PE,NIFTY24O1723750PE,36.00,43.00,18.95,20.75,20.20,34.70,25013.15,20.75,79575,1075,6926,4116935350.00,1806,F1,25,,,,,
2024-10-08,2024-10-08,FO,NSE,IDO,64557,,NIFTY,,2025-03-27,2025-03-27,20000.00,PE,NIFTY25MAR20000PE,78.00,101.00,69.00,77.35,72.50,78.10,25013.15,77.35,60150,3800,510,255957202.50,174,F1,25,,,,,
2024-10-08,2024-10-08,FO,NSE,IDO,71551,,NIFTY,,2027-06-24,2027-06-24,20000.00,CE,NIFTY27JUN20000CE,0.00,0.00,0.00,3367.05,0.00,3367.05,25013.15,8424.55,0,0,0,0.00,0,F1,25,,,,,
2024-10-08,2024-10-08,FO,NSE,IDO,50417,,NIFTY,,2024-11-07,2024-11-07,24800.00,PE,NIFTY24N0724800PE,252.05,283.60,216.00,256.30,256.30,280.05,25013.15,256.30,200,75,11,6889123.75,9,F1,25,,,,,
2024-10-08,2024-10-08,FO,NSE,IDO,54766,,NIFTY,,2024-10-31,2024-10-31,24800.00,CE,NIFTY24OCT24800CE,489.00,592.60,443.40,546.05,561.40,468.60,25013.15,546.05,464450,1150,44571,28203831727.50,14683,F1,25,,,,,
2024-10-08,2024-10-08,FO,NSE,IDO,50416,,NIFTY,,2024-11-07,2024-11-07,24800.00,CE,NIFTY24N0724800CE,515.40,772.95,515.40,596.30,596.30,572.65,25013.15,592.75,125,100,35,22266073.75,22,F1,25,,,,,
2024-10-08,2024-10-08,FO,NSE,IDO,47239,,NIFTY,,2024-11-28,2024-11-28,24800.00,CE,NIFTY24NOV24800CE,730.40,864.00,710.55,821.45,843.30,730.40,25013.15,821.45,20125,2400,1047,669083655.00,478,F1,25,,,,,
2024-10-08,2024-10-08,FO,NSE,IDO,54767,,NIFTY,,2024-10-31,2024-10-31,24800.00,PE,NIFTY24OCT24800PE,271.00,308.45,188.05,211.60,205.10,278.80,25013.15,211.60,1175725,-181725,94211,58971170037.50,31690,F1,25,,,,,
2024-10-08,2024-10-08,FO,NSE,IDO,50373,,NIFTY,,2024-10-10,2024-10-10,27800.00,CE,NIFTY24O1027800CE,1.50,2.30,1.05,1.40,1.35,2.50,25013.15,1.40,2086725,156975,260719,181211088822.50,24383,F1,25,,,,,
2024-10-08,2024-10-08,FO,NSE,IDO,43495,,NIFTY,,2024-10-17,2024-10-17,23650.00,CE,NIFTY24O1723650CE,0.00,0.00,0.00,1937.20,0.00,1937.20,25013.15,1403.10,0,0,0,0.00,0,F1,25,,,,,
2024-10-08,2024-10-08,FO,NSE,IDO,45063,,NIFTY,,2024-10-24,2024-10-24,27800.00,PE,NIFTY24O2427800PE,0.00,0.00,0.00,2219.45,0.00,2219.45,25013.15,2704.75,0,0,0,0.00,0,F1,25,,,,,
2024-10-08,2024-10-08,FO,NSE,IDO,37802,,NIFTY,,2026-06-25,2026-06-25,13000.00,PE,NIFTY26JUN13000PE,0.00,0.00,0.00,21.60,21.60,21.60,25013.15,0.05,200,0,0,0.00,0,F1,25,,,,,
2024-10-08,2024-10-08,FO,NSE,IDO,64201,,NIFTY,,2024-12-26,2024-12-26,27800.00,PE,NIFTY24DEC27800PE,0.00,0.00,0.00,1515.35,0.00,1515.35,25013.15,2443.50,0,0,0,0.00,0,F1,25,,,,,
2024-10-08,2024-10-08,FO,NSE,IDO,41682,,NIFTY,,2024-12-26,2024-12-26,23650.00,PE,NIFTY24DEC23650PE,0.00,0.00,0.00,60.70,0.00,60.70,25013.15,107.10,0,0,0,0.00,0,F1,25,,,,,
2024-10-08,2024-10-08,FO,NSE,IDO,43496,,NIFTY,,2024-10-17,2024-10-17,23650.00,PE,NIFTY24O1723650PE,31.00,36.85,13.90,17.40,19.00,29.55,25013.15,17.40,12225,3525,2119,1254172078.75,671,F1,25,,,,,
2024-10-08,2024-10-08,FO,NSE,IDO,58631,,NIFTY,,2026-12-31,2026-12-31,13000.00,PE,NIFTY26DEC13000PE,0.00,0.00,0.00,21.40,21.40,21.40,25013.15,0.05,150,0,0,0.00,0,F1,25,,,,,
2024-10-08,2024-10-08,FO,NSE,IDO,37797,,NIFTY,,2025-12-24,2025-12-24,13000.00,PE,NIFTY25DEC13000PE,0.00,0.00,0.00,20.10,20.10,20.10,25013.15,0.05,225,0,0,0.00,0,F1,25,,,,,
2024-10-08,2024-10-08,FO,NSE,IDO,42924,,NIFTY,,2024-11-28,2024-11-28,23650.00,CE,NIFTY24NOV23650CE,0.00,0.00,0.00,2316.55,2316.55,2316.55,25013.15,1646.35,25,0,0,0.00,0,F1,25,,,,,
2024-10-08,2024-10-08,FO,NSE,IDO,48487,,NIFTY,,2024-10-17,2024-10-17,25800.00,PE,NIFTY24O1725800PE,900.00,968.75,709.15,769.50,754.00,908.40,25013.15,769.50,61875,8500,844,561804451.25,303,F1,25,,,,,
2024-10-08,2024-10-08,FO,NSE,IDO,71381,,NIFTY,,2025-06-26,2025-06-26,25000.00,CE,NIFTY25JUN25000CE,1780.90,1900.00,1766.00,1882.15,1890.00,1780.90,25013.15,1882.15,6225,625,42,28195272.50,33,F1,25,,,,,
2024-10-08,2024-10-08,FO,NSE,IDO,71362,,NIFTY,,2024-12-26,2024-12-26,25000.00,CE,NIFTY24DEC25000CE,802.65,935.40,782.55,898.15,902.05,802.45,25013.15,898.15,1437750,-7800,10490,6781583206.25,5520,F1,25,,,,,
2024-10-08,2024-10-08,FO,NSE,IDO,54853,,NIFTY,,2024-12-26,2024-12-26,25800.00,CE,NIFTY24DEC25800CE,390.15,484.00,390.15,450.65,401.25,409.25,25013.15,450.65,4875,1825,227,148930412.50,92,F1,25,,,,,
2024-10-08,2024-10-08,FO,NSE,IDO,47621,,NIFTY,,2024-11-28,2024-11-28,25000.00,PE,NIFTY24NOV25000PE,439.90,500.00,385.05,415.45,406.15,470.35,25013.15,415.45,1222375,207725,36100,22950779340.00,19594,F1,25,,,,,
2024-10-08,2024-10-08,FO,NSE,IDO,48276,,NIFTY,,2024-10-17,2024-10-17,25000.00,CE,NIFTY24O1725000CE,220.00,294.75,186.95,252.75,268.90,208.50,25013.15,252.75,1027625,519450,270012,170387177215.00,62670,F1,25,,,,,
2024-10-08,2024-10-08,FO,NSE,IDO,48083,,NIFTY,,2024-11-28,2024-11-28,25800.00,PE,NIFTY24NOV25800PE,901.00,920.30,746.60,795.15,792.60,883.40,25013.15,795.15,68425,8925,639,425269303.75,248,F1,25,,,,,
2024-10-08,2024-10-08,FO,NSE,IDO,54775,,NIFTY,,2024-10-31,2024-10-31,25000.00,PE,NIFTY24OCT25000PE,360.00,390.85,248.00,278.70,272.45,354.90,25013.15,278.70,4033750,86200,251104,158850035177.50,76052,F1,25,,,,,
2024-10-08,2024-10-08,FO,NSE,IDO,71474,,NIFTY,,2026-06-25,2026-06-25,25000.00,CE,NIFTY26JUN25000CE,0.00,0.00,0.00,1510.40,0.00,1510.40,25013.15,3413.85,0,0,0,0.00,0,F1,25,,,,,
2024-10-08,2024-10-08,FO,NSE,IDO,67785,,NIFTY,,2028-12-28,2028-12-28,25000.00,PE,NIFTY28DEC25000PE,0.00,0.00,0.00,1311.00,1311.00,1311.00,25013.15,505.80,100,0,0,0.00,0,F1,25,,,,,
2024-10-08,2024-10-08,FO,NSE,IDO,50465,,NIFTY,,2024-11-07,2024-11-07,25800.00,CE,NIFTY24N0725800CE,128.15,149.30,116.45,149.30,149.30,118.40,25013.15,149.30,2400,100,57,36956261.25,36,F1,25,,,,,
2024-10-08,2024-10-08,FO,NSE,IDO,54905,,NIFTY,,2024-12-26,2024-12-26,25800.00,PE,NIFTY24DEC25800PE,900.00,956.15,631.00,789.15,789.15,903.00,25013.15,789.15,2400,-75,15,9993300.00,9,F1,25,,,,,
2024-10-08,2024-10-08,FO,NSE,IDO,44430,,NIFTY,,2024-10-24,2024-10-24,25800.00,CE,NIFTY24O2425800CE,46.45,65.35,43.15,56.40,55.95,51.60,25013.15,56.40,49675,11675,3557,2299238382.50,1822,F1,25,,,,,
2024-10-08,2024-10-08,FO,NSE,IDO,43497,,NIFTY,,2024-10-17,2024-10-17,23700.00,CE,NIFTY24O1723700CE,0.00,0.00,0.00,1230.90,1230.90,1230.90,25013.15,1353.45,150,0,0,0.00,0,F1,25,,,,,
2024-10-08,2024-10-08,FO,NSE,IDO,50357,,NIFTY,,2024-11-07,2024-11-07,23700.00,PE,NIFTY24N0723700PE,57.45,57.45,57.45,57.45,57.45,45.85,25013.15,28.25,25,25,1,593936.25,1,F1,25,,,,,
2024-10-08,2024-10-08,FO,NSE,IDO,48210,,NIFTY,,2024-11-28,2024-11-28,27350.00,CE,NIFTY24NOV27350CE,26.40,26.40,26.40,26.40,26.40,33.10,25013.15,35.60,75,0,1,684410.00,1,F1,25,,,,,
2024-10-08,2024-10-08,FO,NSE,IDO,47961,,NIFTY,,2024-11-28,2024-11-28,25250.00,PE,NIFTY24NOV25250PE,588.95,590.75,490.00,509.10,503.05,562.65,25013.15,509.10,2850,425,109,70241168.75,32,F1,25,,,,,
2024-10-08,2024-10-08,FO,NSE,IDO,54769,,NIFTY,,2024-10-31,2024-10-31,24850.00,PE,NIFTY24OCT24850PE,305.00,326.50,202.05,224.80,225.45,296.35,25013.15,224.80,63600,23050,6885,4322920175.00,2965,F1,25,,,,,
2024-10-08,2024-10-08,FO,NSE,IDO,48262,,NIFTY,,2024-10-17,2024-10-17,24850.00,PE,NIFTY24O1724850PE,240.00,264.00,129.65,152.25,151.00,231.40,25013.15,152.25,80850,33775,28493,17837136591.25,8206,F1,25,,,,,
2024-10-08,2024-10-08,FO,NSE,IDO,43715,,NIFTY,,2024-10-24,2024-10-24,24450.00,CE,NIFTY24O2424450CE,0.00,0.00,0.00,661.00,661.00,661.00,25013.15,708.75,0,0,0,0.00,0,F1,25,,,,,
2024-10-08,2024-10-08,FO,NSE,IDO,47133,,NIFTY,,2024-10-10,2024-10-10,24450.00,PE,NIFTY24O1024450PE,62.00,83.40,18.20,21.70,18.20,61.90,25013.15,21.70,489575,122300,514423,314917358723.75,151610,F1,25,,,,,
2024-10-08,2024-10-08,FO,NSE,IDO,45749,,NIFTY,,2024-11-28,2024-11-28,24450.00,PE,NIFTY24NOV24450PE,312.85,312.85,240.25,245.50,241.45,228.35,25013.15,245.50,325,225,25,15445927.50,13,F1,25,,,,,
2024-10-08,2024-10-08,FO,NSE,IDO,54752,,NIFTY,,2024-10-31,2024-10-31,24450.00,CE,NIFTY24OCT24450CE,699.05,822.80,688.00,822.80,822.80,719.70,25013.15,822.80,10375,50,33,20761287.50,22,F1,25,,,,,
2024-10-08,2024-10-08,FO,NSE,IDO,41904,,NIFTY,,2024-12-26,2024-12-26,24450.00,PE,NIFTY24DEC24450PE,402.30,402.30,318.00,318.00,318.00,146.70,25013.15,318.00,100,0,4,2482087.50,4,F1,25,,,,,
2024-10-08,2024-10-08,FO,NSE,IDO,43725,,NIFTY,,2024-10-24,2024-10-24,24450.00,PE,NIFTY24O2424450PE,166.65,166.65,92.00,101.85,100.90,155.00,25013.15,101.85,4200,2250,200,122849126.25,64,F1,25,,,,,
2024-10-08,2024-10-08,FO,NSE,IDO,44835,,NIFTY,,2024-10-24,2024-10-24,27200.00,CE,NIFTY24O2427200CE,8.55,8.95,6.15,7.20,7.15,8.55,25013.15,7.20,575,225,14,9522708.75,8,F1,25,,,,,
2024-10-08,2024-10-08,FO,NSE,IDO,62962,,NIFTY,,2024-10-31,2024-10-31,27200.00,PE,NIFTY24OCT27200PE,2200.85,2200.85,2012.55,2012.55,2012.55,2149.65,25013.15,2012.55,6575,50,10,7324080.00,3,F1,25,,,,,
2024-10-08,2024-10-08,FO,NSE,IDO,44872,,NIFTY,,2024-10-24,2024-10-24,27200.00,PE,NIFTY24O2427200PE,0.00,0.00,0.00,1669.20,0.00,1669.20,25013.15,2107.10,0,0,0,0.00,0,F1,25,,,,,
2024-10-08,2024-10-08,FO,NSE,IDO,48205,,NIFTY,,2024-11-28,2024-11-28,27200.00,PE,NIFTY24NOV27200PE,0.00,0.00,0.00,1950.00,1950.00,1950.00,25013.15,1976.70,1350,0,0,0.00,0,F1,25,,,,,
2024-10-08,2024-10-08,FO,NSE,IDO,64161,,NIFTY,,2024-12-26,2024-12-26,27200.00,PE,NIFTY24DEC27200PE,0.00,0.00,0.00,1128.55,0.00,1128.55,25013.15,1912.35,0,0,0,0.00,0,F1,25,,,,,
2024-10-08,2024-10-08,FO,NSE,IDO,50456,,NIFTY,,2024-11-07,2024-11-07,25600.00,PE,NIFTY24N0725600PE,0.00,0.00,0.00,650.00,650.00,650.00,25013.15,660.75,0,0,0,0.00,0,F1,25,,,,,
2024-10-08,2024-10-08,FO,NSE,IDO,48014,,NIFTY,,2024-11-28,2024-11-28,25600.00,PE,NIFTY24NOV25600PE,773.95,801.00,637.25,682.50,669.10,758.30,25013.15,682.50,31825,-6475,990,650844193.75,437,F1,25,,,,,
2024-10-08,2024-10-08,FO,NSE,IDO,48458,,NIFTY,,2024-10-17,2024-10-17,25600.00,CE,NIFTY24O1725600CE,42.00,52.65,33.35,43.70,48.50,42.20,25013.15,43.70,415325,137050,78796,50513929590.00,24702,F1,25,,,,,
2024-10-08,2024-10-08,FO,NSE,IDO,48459,,NIFTY,,2024-10-17,2024-10-17,25600.00,PE,NIFTY24O1725600PE,766.35,777.55,533.60,593.70,578.60,738.95,25013.15,593.70,45525,-6300,1487,976452217.50,485,F1,25,,,,,
2024-10-08,2024-10-08,FO,NSE,IDO,62883,,NIFTY,,2024-10-31,2024-10-31,25600.00,CE,NIFTY24OCT25600CE,109.55,151.95,100.00,135.75,137.00,109.55,25013.15,135.75,1098200,157825,53012,34094010416.25,17764,F1,25,,,,,
2024-10-08,2024-10-08,FO,NSE,IDO,50455,,NIFTY,,2024-11-07,2024-11-07,25600.00,CE,NIFTY24N0725600CE,0.00,0.00,0.00,138.75,131.45,138.75,25013.15,215.50,1350,0,0,0.00,0,F1,25,,,,,
2024-10-08,2024-10-08,FO,NSE,IDO,44264,,NIFTY,,2024-10-24,2024-10-24,25600.00,PE,NIFTY24O2425600PE,670.00,670.00,550.00,625.00,625.00,722.50,25013.15,625.00,7175,-175,38,24902192.50,13,F1,25,,,,,
2024-10-08,2024-10-08,FO,NSE,IDO,49076,,NIFTY,,2024-10-10,2024-10-10,25600.00,PE,NIFTY24O1025600PE,796.20,815.00,554.75,615.90,606.40,765.85,25013.15,615.90,696125,-11350,7693,5045494761.25,2222,F1,25,,,,,
2024-10-08,2024-10-08,FO,NSE,IDO,54702,,NIFTY,,2024-12-26,2024-12-26,25600.00,CE,NIFTY24DEC25600CE,501.30,584.35,488.95,559.70,568.25,505.65,25013.15,559.70,8275,1200,135,88177251.25,38,F1,25,,,,,
2024-10-08,2024-10-08,FO,NSE,IDO,54703,,NIFTY,,2024-12-26,2024-12-26,25600.00,PE,NIFTY24DEC25600PE,802.60,802.60,750.00,750.00,750.00,780.00,25013.15,758.40,31225,25,3,1977565.00,2,F1,25,,,,,
2024-10-08,2024-10-08,FO,NSE,IDO,44255,,NIFTY,,2024-10-24,2024-10-24,25600.00,CE,NIFTY24O2425600CE,88.35,105.00,72.15,91.55,95.05,80.30,25013.15,91.55,50325,17225,3059,1964630797.50,1336,F1,25,,,,,
2024-10-08,2024-10-08,FO,NSE,IDO,42923,,NIFTY,,2024-11-28,2024-11-28,23600.00,PE,NIFTY24NOV23600PE,136.35,146.95,100.70,111.55,119.35,133.95,25013.15,111.55,72875,4175,516,306011190.00,218,F1,25,,,,,
2024-10-08,2024-10-08,FO,NSE,IDO,41673,,NIFTY,,2024-12-26,2024-12-26,23600.00,PE,NIFTY24DEC23600PE,0.00,0.00,0.00,195.00,195.00,195.00,25013.15,100.20,13200,0,0,0.00,0,F1,25,,,,,
2024-10-08,2024-10-08,FO,NSE,IDO,42921,,NIFTY,,2024-11-28,2024-11-28,23600.00,CE,NIFTY24NOV23600CE,0.00,0.00,0.00,2035.00,2035.00,2035.00,25013.15,1690.75,100,0,0,0.00,0,F1,25,,,,,
2024-10-08,2024-10-08,FO,NSE,IDO,48914,,NIFTY,,2024-10-31,2024-10-31,22800.00,CE,NIFTY24OCT22800CE,0.00,0.00,0.00,2660.00,2660.00,2660.00,25013.15,2310.55,2750,0,0,0.00,0,F1,25,,,,,
2024-10-08,2024-10-08,FO,NSE,IDO,48904,,NIFTY,,2024-10-31,2024-10-31,22550.00,CE,NIFTY24OCT22550CE,0.00,0.00,0.00,3583.10,3583.10,3583.10,25013.15,2559.05,75,0,0,0.00,0,F1,25,,,,,
2024-10-08,2024-10-08,FO,NSE,IDO,43386,,NIFTY,,2025-06-26,2025-06-26,14000.00,PE,NIFTY25JUN14000PE,0.00,0.00,0.00,20.05,20.05,20.05,25013.15,0.05,1425,0,0,0.00,0,F1,25,,,,,
2024-10-08,2024-10-08,FO,NSE,IDO,50444,,NIFTY,,2026-06-25,2026-06-25,14000.00,PE,NIFTY26JUN14000PE,0.00,0.00,0.00,20.60,20.60,20.60,25013.15,0.05,100,0,0,0.00,0,F1,25,,,,,
2024-10-08,2024-10-08,FO,NSE,IDO,43383,,NIFTY,,2024-12-26,2024-12-26,14000.00,CE,NIFTY24DEC14000CE,0.00,0.00,0.00,12035.35,12035.35,12035.35,25013.15,11216.20,175,0,0,0.00,0,F1,25,,,,,
2024-10-08,2024-10-08,FO,NSE,IDO,48611,,NIFTY,,2024-10-17,2024-10-17,26900.00,PE,NIFTY24O1726900PE,0.00,0.00,0.00,1433.60,0.00,1433.60,25013.15,1842.20,0,0,0,0.00,0,F1,25,,,,,
2024-10-08,2024-10-08,FO,NSE,IDO,43454,,NIFTY,,2024-10-17,2024-10-17,23450.00,PE,NIFTY24O1723450PE,26.70,28.90,11.60,12.50,12.75,20.95,25013.15,12.50,4950,775,814,477594982.50,305,F1,25,,,,,
2024-10-08,2024-10-08,FO,NSE,IDO,48954,,NIFTY,,2024-10-31,2024-10-31,23450.00,CE,NIFTY24OCT23450CE,0.00,0.00,0.00,1706.85,0.00,1706.85,25013.15,1670.20,0,0,0,0.00,0,F1,25,,,,,
2024-10-08,2024-10-08,FO,NSE,IDO,47086,,NIFTY,,2024-10-10,2024-10-10,23450.00,PE,NIFTY24O1023450PE,3.15,4.85,1.85,2.30,2.05,3.15,25013.15,2.30,384150,-193050,175577,102947577981.25,28710,F1,25,,,,,
2024-10-08,2024-10-08,FO,NSE,IDO,48173,,NIFTY,,2024-11-28,2024-11-28,26900.00,CE,NIFTY24NOV26900CE,49.00,58.30,42.65,55.80,58.30,48.05,25013.15,55.80,32350,-500,1373,925046413.75,341,F1,25,,,,,
2024-10-08,2024-10-08,FO,NSE,IDO,44739,,NIFTY,,2024-10-24,2024-10-24,26900.00,CE,NIFTY24O2426900CE,9.25,12.95,8.40,8.95,8.50,8.35,25013.15,8.95,4325,625,100,67273631.25,74,F1,25,,,,,
2024-10-08,2024-10-08,FO,NSE,IDO,42916,,NIFTY,,2024-11-28,2024-11-28,23450.00,PE,NIFTY24NOV23450PE,0.00,0.00,0.00,76.10,73.80,76.10,25013.15,42.75,875,0,0,0.00,0,F1,25,,,,,
2024-10-08,2024-10-08,FO,NSE,IDO,47085,,NIFTY,,2024-10-10,2024-10-10,23450.00,CE,NIFTY24O1023450CE,0.00,0.00,0.00,1894.35,0.00,1894.35,25013.15,1571.80,0,0,0,0.00,0,F1,25,,,,,
2024-10-08,2024-10-08,FO,NSE,IDO,48491,,NIFTY,,2024-10-17,2024-10-17,25900.00,PE,NIFTY24O1725900PE,1025.00,1045.90,802.00,878.75,847.15,997.10,25013.15,878.75,47075,725,320,214712593.75,86,F1,25,,,,,
2024-10-08,2024-10-08,FO,NSE,IDO,48087,,NIFTY,,2024-11-28,2024-11-28,25900.00,CE,NIFTY24NOV25900CE,228.70,270.90,201.30,255.30,261.00,207.90,25013.15,255.30,37700,-3300,2374,1551239248.75,727,F1,25,,,,,
2024-10-08,2024-10-08,FO,NSE,IDO,50145,,NIFTY,,2024-10-10,2024-10-10,25900.00,PE,NIFTY24O1025900PE,1091.30,1110.00,851.65,926.25,900.00,1073.95,25013.15,926.25,319250,-1275,812,545117336.25,273,F1,25,,,,,
2024-10-08,2024-10-08,FO,NSE,IDO,48490,,NIFTY,,2024-10-17,2024-10-17,25900.00,CE,NIFTY24O1725900CE,18.00,23.25,8.70,18.65,19.40,21.70,25013.15,18.65,269125,48075,38797,25139349637.50,15037,F1,25,,,,,
2024-10-08,2024-10-08,FO,NSE,IDO,54916,,NIFTY,,2024-12-26,2024-12-26,25900.00,PE,NIFTY24DEC25900PE,895.00,895.00,870.00,870.00,870.00,895.00,25013.15,936.05,1875,-25,3,2008375.00,3,F1,25,,,,,
2024-10-08,2024-10-08,FO,NSE,IDO,50480,,NIFTY,,2024-11-07,2024-11-07,25900.00,CE,NIFTY24N0725900CE,0.00,0.00,0.00,96.35,92.80,96.35,25013.15,134.65,750,0,0,0.00,0,F1,25,,,,,
2024-10-08,2024-10-08,FO,NSE,IDO,54915,,NIFTY,,2024-12-26,2024-12-26,25900.00,CE,NIFTY24DEC25900CE,384.25,420.70,360.00,417.75,407.50,365.95,25013.15,417.75,5775,1850,195,128163716.25,60,F1,25,,,,,
2024-10-08,2024-10-08,FO,NSE,IDO,62898,,NIFTY,,2024-10-31,2024-10-31,25900.00,PE,NIFTY24OCT25900PE,953.00,1006.30,774.00,829.75,813.95,961.50,25013.15,829.75,642175,-10825,1548,1035587957.50,1065,F1,25,,,,,
2024-10-08,2024-10-08,FO,NSE,IDO,50144,,NIFTY,,2024-10-10,2024-10-10,25900.00,CE,NIFTY24O1025900CE,4.00,5.60,2.40,2.70,2.70,4.90,25013.15,2.70,3413125,215850,640552,414808276903.75,92002,F1,25,,,,,
2024-10-08,2024-10-08,FO,NSE,IDO,50482,,NIFTY,,2024-11-07,2024-11-07,25900.00,PE,NIFTY24N0725900PE,0.00,0.00,0.00,781.35,0.00,781.35,25013.15,878.20,0,0,0,0.00,0,F1,25,,,,,
2024-10-08,2024-10-08,FO,NSE,IDO,50370,,NIFTY,,2024-11-07,2024-11-07,23950.00,CE,NIFTY24N0723950CE,0.00,0.00,0.00,1538.50,0.00,1538.50,25013.15,1246.15,0,0,0,0.00,0,F1,25,,,,,
2024-10-08,2024-10-08,FO,NSE,IDO,41693,,NIFTY,,2024-12-26,2024-12-26,23950.00,CE,NIFTY24DEC23950CE,0.00,0.00,0.00,2784.00,0.00,2784.00,25013.15,1566.95,0,0,0,0.00,0,F1,25,,,,,
2024-10-08,2024-10-08,FO,NSE,IDO,48536,,NIFTY,,2024-10-10,2024-10-10,25200.00,PE,NIFTY24O1025200PE,397.10,454.80,211.60,266.70,248.80,408.10,25013.15,266.70,1506800,95075,231279,147415485433.75,87304,F1,25,,,,,
2024-10-08,2024-10-08,FO,NSE,IDO,48328,,NIFTY,,2024-10-17,2024-10-17,25200.00,CE,NIFTY24O1725200CE,126.30,180.95,110.10,153.25,151.00,126.30,25013.15,153.25,419425,113900,105173,66643348292.50,30648,F1,25,,,,,
2024-10-08,2024-10-08,FO,NSE,IDO,50436,,NIFTY,,2024-11-07,2024-11-07,25200.00,PE,NIFTY24N0725200PE,449.60,449.60,375.00,382.55,382.55,449.60,25013.15,420.30,3400,-450,21,13445543.75,10,F1,25,,,,,
2024-10-08,2024-10-08,FO,NSE,IDO,47915,,NIFTY,,2024-11-28,2024-11-28,25200.00,PE,NIFTY24NOV25200PE,573.95,588.95,457.65,487.60,482.65,555.45,25013.15,487.60,110800,-1825,1936,1244264206.25,850,F1,25,,,,,
2024-10-08,2024-10-08,FO,NSE,IDO,54782,,NIFTY,,2024-10-31,2024-10-31,25200.00,CE,NIFTY24OCT25200CE,264.00,333.50,232.85,299.35,309.00,249.10,25013.15,299.35,917075,45675,61293,39051889147.50,21361,F1,25,,,,,
2024-10-08,2024-10-08,FO,NSE,IDO,48656,,NIFTY,,2024-12-26,2024-12-26,25200.00,PE,NIFTY24DEC25200PE,605.00,650.05,501.80,561.60,548.40,597.95,25013.15,561.60,14975,-500,80,51536151.25,30,F1,25,,,,,
2024-10-08,2024-10-08,FO,NSE,IDO,44112,,NIFTY,,2024-10-24,2024-10-24,25200.00,CE,NIFTY24O2425200CE,208.95,261.00,173.75,228.25,235.00,197.45,25013.15,228.25,52400,-3500,2269,1442117802.50,1042,F1,25,,,,,
2024-10-08,2024-10-08,FO,NSE,IDO,50435,,NIFTY,,2024-11-07,2024-11-07,25200.00,CE,NIFTY24N0725200CE,255.70,415.60,255.70,409.25,409.25,312.05,25013.15,409.25,925,300,25,15979372.50,19,F1,25,,,,,
2024-10-08,2024-10-08,FO,NSE,IDO,48655,,NIFTY,,2024-12-26,2024-12-26,25200.00,CE,NIFTY24DEC25200CE,689.55,779.00,689.00,768.80,767.45,689.55,25013.15,768.80,4825,400,50,32425492.50,34,F1,25,,,,,
2024-10-08,2024-10-08,FO,NSE,IDO,44113,,NIFTY,,2024-10-24,2024-10-24,25200.00,PE,NIFTY24O2425200PE,474.40,479.00,308.00,346.15,336.30,454.60,25013.15,346.15,39475,-6525,1149,734378318.75,536,F1,25,,,,,
2024-10-08,2024-10-08,FO,NSE,IDO,48534,,NIFTY,,2024-10-10,2024-10-10,25200.00,CE,NIFTY24O1025200CE,48.00,70.65,28.10,47.10,53.00,48.10,25013.15,47.10,5004475,829150,3456897,2182080044497.50,910492,F1,25,,,,,
2024-10-08,2024-10-08,FO,NSE,IDO,54783,,NIFTY,,2024-10-31,2024-10-31,25200.00,PE,NIFTY24OCT25200PE,418.75,493.50,326.05,363.60,353.00,456.85,25013.15,363.60,1246400,186325,43774,27998339038.75,14353,F1,25,,,,,
2024-10-08,2024-10-08,FO,NSE,IDO,47909,,NIFTY,,2024-11-28,2024-11-28,25200.00,CE,NIFTY24NOV25200CE,499.00,606.95,481.55,574.40,570.80,496.40,25013.15,574.40,65250,9325,1796,1156117307.50,684,F1,25,,,,,
2024-10-08,2024-10-08,FO,NSE,IDO,48330,,NIFTY,,2024-10-17,2024-10-17,25200.00,PE,NIFTY24O1725200PE,417.55,455.70,259.20,304.75,294.40,415.05,25013.15,304.75,136350,4400,16881,10772977005.00,5720,F1,25,,,,,
2024-10-08,2024-10-08,FO,NSE,IDO,37794,,NIFTY,,2025-06-26,2025-06-26,23000.00,PE,NIFTY25JUN23000PE,330.00,335.00,301.05,307.10,312.65,326.65,25013.15,307.10,27950,7500,466,271724932.50,98,F1,25,,,,,
2024-10-08,2024-10-08,FO,NSE,IDO,43522,,NIFTY,,2024-10-24,2024-10-24,23550.00,CE,NIFTY24O2423550CE,0.00,0.00,0.00,2056.20,0.00,2056.20,25013.15,1536.35,0,0,0,0.00,0,F1,25,,,,,
2024-10-08,2024-10-08,FO,NSE,IDO,48135,,NIFTY,,2024-10-17,2024-10-17,24550.00,CE,NIFTY24O1724550CE,485.20,618.35,462.00,578.60,593.55,498.35,25013.15,578.60,3750,125,442,277065740.00,150,F1,25,,,,,
2024-10-08,2024-10-08,FO,NSE,IDO,64691,,NIFTY,,2025-09-25,2025-09-25,23000.00,PE,NIFTY25SEP23000PE,0.00,0.00,0.00,195.15,0.00,195.15,25013.15,217.50,0,0,0,0.00,0,F1,25,,,,,
2024-10-08,2024-10-08,FO,NSE,IDO,86149,,NIFTY,,2028-06-29,2028-06-29,23000.00,CE,NIFTY28JUN23000CE,0.00,0.00,0.00,4323.10,0.00,4323.10,25013.15,7408.10,0,0,0,0.00,0,F1,25,,,,,
2024-10-08,2024-10-08,FO,NSE,IDO,64564,,NIFTY,,2025-03-27,2025-03-27,23000.00,CE,NIFTY25MAR23000CE,2700.00,2941.50,2700.00,2895.65,2905.40,2665.10,25013.15,2895.65,37000,4600,262,169442081.25,216,F1,25,,,,,
2024-10-08,2024-10-08,FO,NSE,IDO,43523,,NIFTY,,2024-10-24,2024-10-24,23550.00,PE,NIFTY24O2423550PE,0.00,0.00,0.00,26.15,0.00,26.15,25013.15,3.60,0,0,0,0.00,0,F1,25,,,,,
2024-10-08,2024-10-08,FO,NSE,IDO,50453,,NIFTY,,2024-11-07,2024-11-07,25550.00,CE,NIFTY24N0725550CE,0.00,0.00,0.00,450.65,0.00,450.65,25013.15,231.90,0,0,0,0.00,0,F1,25,,,,,
2024-10-08,2024-10-08,FO,NSE,IDO,54701,,NIFTY,,2024-12-26,2024-12-26,25550.00,PE,NIFTY24DEC25550PE,895.15,895.15,895.15,895.15,895.15,388.10,25013.15,730.80,25,25,1,661128.75,1,F1,25,,,,,
2024-10-08,2024-10-08,FO,NSE,IDO,50452,,NIFTY,,2024-11-07,2024-11-07,25500.00,PE,NIFTY24N0725500PE,554.75,555.20,499.00,499.00,499.00,510.00,25013.15,595.00,25,0,7,4554020.00,5,F1,25,,,,,
2024-10-08,2024-10-08,FO,NSE,IDO,47096,,NIFTY,,2024-10-10,2024-10-10,23700.00,CE,NIFTY24O1023700CE,1166.00,1338.30,1126.25,1286.20,1286.20,1128.05,25013.15,1286.20,1300,175,38,23680497.50,19,F1,25,,,,,
2024-10-08,2024-10-08,FO,NSE,IDO,47097,,NIFTY,,2024-10-10,2024-10-10,23700.00,PE,NIFTY24O1023700PE,5.75,10.20,2.75,3.50,3.40,6.55,25013.15,3.50,1589250,498000,455849,270153903502.50,68180,F1,25,,,,,
2024-10-08,2024-10-08,FO,NSE,IDO,50286,,NIFTY,,2024-10-10,2024-10-10,27350.00,PE,NIFTY24O1027350PE,0.00,0.00,0.00,2052.65,0.00,2052.65,25013.15,2326.75,0,0,0,0.00,0,F1,25,,,,,
2024-10-08,2024-10-08,FO,NSE,IDO,41683,,NIFTY,,2024-12-26,2024-12-26,23700.00,CE,NIFTY24DEC23700CE,0.00,0.00,0.00,2095.20,2095.20,2095.20,25013.15,1771.20,525,0,0,0.00,0,F1,25,,,,,
2024-10-08,2024-10-08,FO,NSE,IDO,48214,,NIFTY,,2024-11-28,2024-11-28,27350.00,PE,NIFTY24NOV27350PE,0.00,0.00,0.00,1971.40,0.00,1971.40,25013.15,2115.70,0,0,0,0.00,0,F1,25,,,,,
2024-10-08,2024-10-08,FO,NSE,IDO,42930,,NIFTY,,2024-11-28,2024-11-28,23700.00,PE,NIFTY24NOV23700PE,146.70,154.90,109.70,120.10,120.00,143.75,25013.15,120.10,115375,7600,772,459869122.50,424,F1,25,,,,,
2024-10-08,2024-10-08,FO,NSE,IDO,42929,,NIFTY,,2024-11-28,2024-11-28,23700.00,CE,NIFTY24NOV23700CE,0.00,0.00,0.00,2068.80,0.00,2068.80,25013.15,1602.35,0,0,0,0.00,0,F1,25,,,,,
2024-10-08,2024-10-08,FO,NSE,IDO,48982,,NIFTY,,2024-10-31,2024-10-31,23750.00,CE,NIFTY24OCT23750CE,0.00,0.00,0.00,1771.00,1771.00,1771.00,25013.15,1382.90,275,0,0,0.00,0,F1,25,,,,,
2024-10-08,2024-10-08,FO,NSE,IDO,41685,,NIFTY,,2024-12-26,2024-12-26,23750.00,CE,NIFTY24DEC23750CE,0.00,0.00,0.00,2962.75,0.00,2962.75,25013.15,1729.55,0,0,0,0.00,0,F1,25,,,,,
2024-10-08,2024-10-08,FO,NSE,IDO,43530,,NIFTY,,2024-10-24,2024-10-24,23750.00,CE,NIFTY24O2423750CE,0.00,0.00,0.00,1870.15,0.00,1870.15,25013.15,1341.30,0,0,0,0.00,0,F1,25,,,,,
2024-10-08,2024-10-08,FO,NSE,IDO,47098,,NIFTY,,2024-10-10,2024-10-10,23750.00,CE,NIFTY24O1023750CE,1096.50,1236.35,1046.00,1236.35,1236.35,1096.35,25013.15,1236.35,2800,-100,18,11206945.00,18,F1,25,,,,,
2024-10-08,2024-10-08,FO,NSE,IDO,64684,,NIFTY,,2025-09-25,2025-09-25,20000.00,CE,NIFTY25SEP20000CE,0.00,0.00,0.00,7643.10,0.00,7643.10,25013.15,6291.30,0,0,0,0.00,0,F1,25,,,,,
2024-10-08,2024-10-08,FO,NSE,IDO,38376,,NIFTY,,2025-12-24,2025-12-24,20000.00,CE,NIFTY25DEC20000CE,6290.00,6290.00,6100.00,6100.00,6100.00,6069.95,25013.15,6610.15,2500,0,3,1967000.00,3,F1,25,,,,,
2024-10-08,2024-10-08,FO,NSE,IDO,50424,,NIFTY,,2024-11-07,2024-11-07,24950.00,CE,NIFTY24N0724950CE,524.25,551.60,524.25,551.60,551.60,614.25,25013.15,551.60,350,225,11,7007063.75,6,F1,25,,,,,
2024-10-08,2024-10-08,FO,NSE,IDO,43486,,NIFTY,,2024-12-26,2024-12-26,24800.00,PE,NIFTY24DEC24800PE,411.30,489.95,399.00,412.70,405.00,456.95,25013.15,412.70,45900,550,305,192348228.75,112,F1,25,,,,,
2024-10-08,2024-10-08,FO,NSE,IDO,47150,,NIFTY,,2024-10-10,2024-10-10,24800.00,CE,NIFTY24O1024800CE,210.05,310.00,168.10,247.55,265.00,200.05,25013.15,247.55,1236975,-256300,1976748,1236676294878.75,673910,F1,25,,,,,
2024-10-08,2024-10-08,FO,NSE,IDO,48250,,NIFTY,,2024-10-17,2024-10-17,24800.00,CE,NIFTY24O1724800CE,320.85,436.50,291.25,383.60,404.25,318.55,25013.15,383.60,197200,13675,67414,42386763340.00,20395,F1,25,,,,,
2024-10-08,2024-10-08,FO,NSE,IDO,43891,,NIFTY,,2024-10-24,2024-10-24,24800.00,CE,NIFTY24O2424800CE,405.00,511.55,373.25,465.25,477.40,392.20,25013.15,465.25,19725,3000,2293,1446619250.00,725,F1,25,,,,,
2024-10-08,2024-10-08,FO,NSE,IDO,47244,,NIFTY,,2024-11-28,2024-11-28,24800.00,PE,NIFTY24NOV24800PE,380.00,421.40,315.75,339.70,350.00,391.70,25013.15,339.70,110375,-1350,6089,3831045865.00,2212,F1,25,,,,,
2024-10-08,2024-10-08,FO,NSE,IDO,62895,,NIFTY,,2024-10-31,2024-10-31,25850.00,CE,NIFTY24OCT25850CE,63.05,86.55,58.05,76.35,77.85,64.50,25013.15,76.35,67625,-8850,4998,3238781407.50,2018,F1,25,,,,,
2024-10-08,2024-10-08,FO,NSE,IDO,50142,,NIFTY,,2024-10-10,2024-10-10,25850.00,CE,NIFTY24O1025850CE,4.50,10.00,2.60,2.95,2.95,5.45,25013.15,2.95,1487400,43600,380646,246026555791.25,52511,F1,25,,,,,
2024-10-08,2024-10-08,FO,NSE,IDO,48085,,NIFTY,,2024-11-28,2024-11-28,25850.00,PE,NIFTY24NOV25850PE,921.60,921.60,849.30,849.30,849.30,908.00,25013.15,872.05,1950,0,4,2671957.50,4,F1,25,,,,,
2024-10-08,2024-10-08,FO,NSE,IDO,62896,,NIFTY,,2024-10-31,2024-10-31,25850.00,PE,NIFTY24OCT25850PE,880.00,912.25,749.45,767.10,757.00,878.35,25013.15,767.10,34850,-475,58,38666640.00,29,F1,25,,,,,
2024-10-08,2024-10-08,FO,NSE,IDO,50143,,NIFTY,,2024-10-10,2024-10-10,25850.00,PE,NIFTY24O1025850PE,1012.25,1059.30,800.00,859.40,852.15,1002.65,25013.15,859.40,47400,-12000,1121,751192345.00,299,F1,25,,,,,
2024-10-08,2024-10-08,FO,NSE,IDO,54912,,NIFTY,,2024-12-26,2024-12-26,25850.00,PE,NIFTY24DEC25850PE,0.00,0.00,0.00,930.00,930.00,930.00,25013.15,905.05,25,0,0,0.00,0,F1,25,,,,,
2024-10-08,2024-10-08,FO,NSE,IDO,44487,,NIFTY,,2024-10-24,2024-10-24,25850.00,PE,NIFTY24O2425850PE,0.00,0.00,0.00,814.40,814.40,814.40,25013.15,817.85,625,0,0,0.00,0,F1,25,,,,,
2024-10-08,2024-10-08,FO,NSE,IDO,53628,,NIFTY,,2027-12-30,2027-12-30,26000.00,CE,NIFTY27DEC26000CE,0.00,0.00,0.00,3162.40,0.00,3162.40,25013.15,4883.10,0,0,0,0.00,0,F1,25,,,,,
2024-10-08,2024-10-08,FO,NSE,IDO,71506,,NIFTY,,2026-12-31,2026-12-31,26000.00,PE,NIFTY26DEC26000PE,0.00,0.00,0.00,1000.00,1000.00,1000.00,25013.15,903.10,125,0,0,0.00,0,F1,25,,,,,
2024-10-08,2024-10-08,FO,NSE,IDO,48044,,NIFTY,,2024-10-17,2024-10-17,24200.00,PE,NIFTY24O1724200PE,75.00,87.60,37.50,42.00,44.00,72.60,25013.15,42.00,276650,139975,51337,31128847725.00,16638,F1,25,,,,,
2024-10-08,2024-10-08,FO,NSE,IDO,41872,,NIFTY,,2024-12-26,2024-12-26,24200.00,PE,NIFTY24DEC24200PE,318.05,318.05,240.00,280.45,280.45,304.00,25013.15,209.55,20075,125,11,6728956.25,8,F1,25,,,,,
2024-10-08,2024-10-08,FO,NSE,IDO,41871,,NIFTY,,2024-12-26,2024-12-26,24200.00,CE,NIFTY24DEC24200CE,0.00,0.00,0.00,2565.50,0.00,2565.50,25013.15,1373.65,0,0,0,0.00,0,F1,25,,,,,
2024-10-08,2024-10-08,FO,NSE,IDO,43426,,NIFTY,,2024-10-17,2024-10-17,23300.00,PE,NIFTY24O1723300PE,17.90,21.85,9.05,9.60,9.05,17.80,25013.15,9.60,130100,36575,22231,12957142217.50,7184,F1,25,,,,,
2024-10-08,2024-10-08,FO,NSE,IDO,35346,,NIFTY,,2027-12-30,2027-12-30,30000.00,CE,NIFTY27DEC30000CE,0.00,0.00,0.00,1877.70,0.00,1877.70,25013.15,2898.10,0,0,0,0.00,0,F1,25,,,,,
2024-10-08,2024-10-08,FO,NSE,IDO,35222,,NIFTY,,2025-12-24,2025-12-24,30000.00,PE,NIFTY25DEC30000PE,0.00,0.00,0.00,6135.10,0.00,6135.10,25013.15,3245.75,0,0,0,0.00,0,F1,25,,,,,
2024-10-08,2024-10-08,FO,NSE,IDO,35231,,NIFTY,,2026-06-25,2026-06-25,30000.00,PE,NIFTY26JUN30000PE,0.00,0.00,0.00,5541.20,0.00,5541.20,25013.15,2844.85,0,0,0,0.00,0,F1,25,,,,,
2024-10-08,2024-10-08,FO,NSE,IDO,35217,,NIFTY,,2024-12-26,2024-12-26,30000.00,CE,NIFTY24DEC30000CE,11.10,12.20,11.00,11.65,11.60,12.00,25013.15,11.65,546250,200,1835,1376781491.25,474,F1,25,,,,,
2024-10-08,2024-10-08,FO,NSE,IDO,35352,,NIFTY,,2028-06-29,2028-06-29,30000.00,CE,NIFTY28JUN30000CE,0.00,0.00,0.00,2278.45,0.00,2278.45,25013.15,3495.95,0,0,0,0.00,0,F1,25,,,,,
2024-10-08,2024-10-08,FO,NSE,IDO,50327,,NIFTY,,2024-11-07,2024-11-07,23300.00,PE,NIFTY24N0723300PE,0.00,0.00,0.00,20.75,0.00,20.75,25013.15,9.80,0,0,0,0.00,0,F1,25,,,,,
2024-10-08,2024-10-08,FO,NSE,IDO,41636,,NIFTY,,2024-12-26,2024-12-26,23300.00,CE,NIFTY24DEC23300CE,2200.00,2200.00,2200.00,2200.00,2200.00,3375.55,25013.15,2200.00,25,25,1,637500.00,1,F1,25,,,,,
2024-10-08,2024-10-08,FO,NSE,IDO,35219,,NIFTY,,2025-06-26,2025-06-26,30000.00,CE,NIFTY25JUN30000CE,0.00,0.00,0.00,264.15,0.00,264.15,25013.15,197.40,0,0,0,0.00,0,F1,25,,,,,
2024-10-08,2024-10-08,FO,NSE,IDO,43465,,NIFTY,,2024-10-24,2024-10-24,23300.00,CE,NIFTY24O2423300CE,0.00,0.00,0.00,2293.80,0.00,2293.80,25013.15,1783.20,0,0,0,0.00,0,F1,25,,,,,
2024-10-08,2024-10-08,FO,NSE,IDO,43425,,NIFTY,,2024-10-17,2024-10-17,23300.00,CE,NIFTY24O1723300CE,0.00,0.00,0.00,2267.55,0.00,2267.55,25013.15,1751.95,0,0,0,0.00,0,F1,25,,,,,
2024-10-08,2024-10-08,FO,NSE,IDO,89642,,NIFTY,,2029-06-28,2029-06-28,30000.00,CE,NIFTY29JUN30000CE,0.00,0.00,0.00,5268.40,0.00,5268.40,25013.15,4681.95,0,0,0,0.00,0,F1,25,,,,,
2024-10-08,2024-10-08,FO,NSE,IDO,64584,,NIFTY,,2025-03-27,2025-03-27,30000.00,CE,NIFTY25MAR30000CE,51.00,54.00,49.00,53.75,51.50,50.35,25013.15,53.75,139575,2375,461,346355720.00,192,F1,25,,,,,
2024-10-08,2024-10-08,FO,NSE,IDO,35220,,NIFTY,,2025-06-26,2025-06-26,30000.00,PE,NIFTY25JUN30000PE,0.00,0.00,0.00,6809.40,0.00,6809.40,25013.15,3770.65,0,0,0,0.00,0,F1,25,,,,,
2024-10-08,2024-10-08,FO,NSE,IDO,35221,,NIFTY,,2025-12-24,2025-12-24,30000.00,CE,NIFTY25DEC30000CE,580.00,585.00,563.00,578.00,578.00,590.00,25013.15,578.00,6350,1100,58,44336127.50,30,F1,25,,,,,
2024-10-08,2024-10-08,FO,NSE,IDO,64705,,NIFTY,,2025-09-25,2025-09-25,30000.00,PE,NIFTY25SEP30000PE,0.00,0.00,0.00,2720.25,0.00,2720.25,25013.15,3485.40,0,0,0,0.00,0,F1,25,,,,,
2024-10-08,2024-10-08,FO,NSE,IDO,48944,,NIFTY,,2024-10-31,2024-10-31,23300.00,CE,NIFTY24OCT23300CE,1738.50,1903.65,1738.50,1903.65,1903.65,1738.10,25013.15,1903.65,4225,200,16,10048500.00,3,F1,25,,,,,
2024-10-08,2024-10-08,FO,NSE,IDO,48945,,NIFTY,,2024-10-31,2024-10-31,23300.00,PE,NIFTY24OCT23300PE,46.75,51.95,29.10,30.90,31.00,47.00,25013.15,30.90,229625,-14450,17327,10110168032.50,7775,F1,25,,,,,
2024-10-08,2024-10-08,FO,NSE,IDO,35353,,NIFTY,,2028-06-29,2028-06-29,30000.00,PE,NIFTY28JUN30000PE,0.00,0.00,0.00,3779.25,0.00,3779.25,25013.15,1811.60,0,0,0,0.00,0,F1,25,,,,,
2024-10-08,2024-10-08,FO,NSE,IDO,67794,,NIFTY,,2028-12-28,2028-12-28,30000.00,CE,NIFTY28DEC30000CE,0.00,0.00,0.00,3293.05,0.00,3293.05,25013.15,4091.60,0,0,0,0.00,0,F1,25,,,,,
2024-10-08,2024-10-08,FO,NSE,IDO,48916,,NIFTY,,2024-10-31,2024-10-31,22850.00,CE,NIFTY24OCT22850CE,0.00,0.00,0.00,2169.05,0.00,2169.05,25013.15,2260.95,0,0,0,0.00,0,F1,25,,,,,
2024-10-08,2024-10-08,FO,NSE,IDO,48215,,NIFTY,,2024-11-28,2024-11-28,27400.00,CE,NIFTY24NOV27400CE,29.00,40.00,28.75,32.10,30.10,27.70,25013.15,32.10,8200,1325,143,98069671.25,38,F1,25,,,,,
2024-10-08,2024-10-08,FO,NSE,IDO,89640,,NIFTY,,2029-06-28,2029-06-28,29000.00,CE,NIFTY29JUN29000CE,0.00,0.00,0.00,5677.90,0.00,5677.90,25013.15,5148.05,0,0,0,0.00,0,F1,25,,,,,
2024-10-08,2024-10-08,FO,NSE,IDO,38165,,NIFTY,,2027-12-30,2027-12-30,29000.00,PE,NIFTY27DEC29000PE,0.00,0.00,0.00,4227.50,0.00,4227.50,25013.15,1638.60,0,0,0,0.00,0,F1,25,,,,,
2024-10-08,2024-10-08,FO,NSE,IDO,38152,,NIFTY,,2025-12-24,2025-12-24,29000.00,CE,NIFTY25DEC29000CE,806.00,900.00,806.00,865.00,865.00,800.00,25013.15,865.00,13425,200,25,18649581.25,18,F1,25,,,,,
2024-10-08,2024-10-08,FO,NSE,IDO,38164,,NIFTY,,2027-12-30,2027-12-30,29000.00,CE,NIFTY27DEC29000CE,0.00,0.00,0.00,1932.55,0.00,1932.55,25013.15,3328.60,0,0,0,0.00,0,F1,25,,,,,
2024-10-08,2024-10-08,FO,NSE,IDO,38159,,NIFTY,,2026-12-31,2026-12-31,29000.00,PE,NIFTY26DEC29000PE,0.00,0.00,0.00,5042.25,0.00,5042.25,25013.15,2022.35,0,0,0,0.00,0,F1,25,,,,,
2024-10-08,2024-10-08,FO,NSE,IDO,38150,,NIFTY,,2025-06-26,2025-06-26,29000.00,CE,NIFTY25JUN29000CE,260.00,295.00,200.00,295.00,295.00,260.25,25013.15,336.90,3450,1500,97,70931575.00,56,F1,25,,,,,
2024-10-08,2024-10-08,FO,NSE,IDO,38157,,NIFTY,,2026-06-25,2026-06-25,29000.00,PE,NIFTY26JUN29000PE,0.00,0.00,0.00,5546.10,0.00,5546.10,25013.15,2273.35,0,0,0,0.00,0,F1,25,,,,,
2024-10-08,2024-10-08,FO,NSE,IDO,44265,,NIFTY,,2024-10-24,2024-10-24,25650.00,CE,NIFTY24O2425650CE,68.00,100.65,68.00,86.30,100.65,74.40,25013.15,86.30,4675,875,225,144744575.00,77,F1,25,,,,,
2024-10-08,2024-10-08,FO,NSE,IDO,50458,,NIFTY,,2024-11-07,2024-11-07,25650.00,PE,NIFTY24N0725650PE,0.00,0.00,0.00,628.50,0.00,628.50,25013.15,694.90,0,0,0,0.00,0,F1,25,,,,,
2024-10-08,2024-10-08,FO,NSE,IDO,50457,,NIFTY,,2024-11-07,2024-11-07,25650.00,CE,NIFTY24N0725650CE,0.00,0.00,0.00,311.60,311.60,311.60,25013.15,200.00,75,0,0,0.00,0,F1,25,,,,,
2024-10-08,2024-10-08,FO,NSE,IDO,49081,,NIFTY,,2024-10-10,2024-10-10,25650.00,CE,NIFTY24O1025650CE,9.55,10.25,4.15,5.15,5.70,9.50,25013.15,5.15,1296250,-84175,789425,506345075767.50,97854,F1,25,,,,,
2024-10-08,2024-10-08,FO,NSE,IDO,54704,,NIFTY,,2024-12-26,2024-12-26,25650.00,CE,NIFTY24DEC25650CE,0.00,0.00,0.00,490.05,490.05,490.05,25013.15,521.70,1550,0,0,0.00,0,F1,25,,,,,
2024-10-08,2024-10-08,FO,NSE,IDO,48062,,NIFTY,,2024-11-28,2024-11-28,25650.00,PE,NIFTY24NOV25650PE,805.55,805.55,725.00,725.00,725.00,805.55,25013.15,741.90,1400,0,3,1982152.50,2,F1,25,,,,,
2024-10-08,2024-10-08,FO,NSE,IDO,48548,,NIFTY,,2024-10-17,2024-10-17,26600.00,CE,NIFTY24O1726600CE,5.35,7.35,4.80,5.50,5.05,7.60,25013.15,5.50,104775,25675,9251,6153297225.00,2036,F1,25,,,,,
2024-10-08,2024-10-08,FO,NSE,IDO,50522,,NIFTY,,2024-11-07,2024-11-07,26600.00,CE,NIFTY24N0726600CE,21.60,31.60,21.60,31.60,31.60,139.15,25013.15,36.50,0,-25,2,1331330.00,2,F1,25,,,,,
2024-10-08,2024-10-08,FO,NSE,IDO,62974,,NIFTY,,2024-10-31,2024-10-31,27450.00,PE,NIFTY24OCT27450PE,2430.65,2430.65,2270.25,2270.25,2270.25,2324.90,25013.15,2270.25,250,175,16,11920170.00,4,F1,25,,,,,
2024-10-08,2024-10-08,FO,NSE,IDO,50291,,NIFTY,,2024-10-10,2024-10-10,27450.00,CE,NIFTY24O1027450CE,2.00,2.25,1.25,1.45,1.30,2.55,25013.15,1.45,324075,-366350,55574,38139896506.25,8096,F1,25,,,,,
2024-10-08,2024-10-08,FO,NSE,IDO,48698,,NIFTY,,2024-10-17,2024-10-17,27450.00,PE,NIFTY24O1727450PE,0.00,0.00,0.00,1918.90,0.00,1918.90,25013.15,2391.20,0,0,0,0.00,0,F1,25,,,,,
2024-10-08,2024-10-08,FO,NSE,IDO,48219,,NIFTY,,2024-11-28,2024-11-28,27450.00,CE,NIFTY24NOV27450CE,0.00,0.00,0.00,25.05,25.05,25.05,25013.15,30.20,10425,0,0,0.00,0,F1,25,,,,,
2024-10-08,2024-10-08,FO,NSE,IDO,64187,,NIFTY,,2024-12-26,2024-12-26,27450.00,PE,NIFTY24DEC27450PE,0.00,0.00,0.00,1282.65,0.00,1282.65,25013.15,2129.30,0,0,0,0.00,0,F1,25,,,,,
2024-10-08,2024-10-08,FO,NSE,IDO,58624,,NIFTY,,2026-06-25,2026-06-25,12000.00,CE,NIFTY26JUN12000CE,0.00,0.00,0.00,8690.00,8690.00,8690.00,25013.15,14323.00,50,0,0,0.00,0,F1,25,,,,,
2024-10-08,2024-10-08,FO,NSE,IDO,58625,,NIFTY,,2026-06-25,2026-06-25,12000.00,PE,NIFTY26JUN12000PE,0.00,0.00,0.00,20.10,20.10,20.10,25013.15,0.05,500,0,0,0.00,0,F1,25,,,,,
2024-10-08,2024-10-08,FO,NSE,IDO,86166,,NIFTY,,2028-06-29,2028-06-29,28000.00,PE,NIFTY28JUN28000PE,0.00,0.00,0.00,3161.35,0.00,3161.35,25013.15,1190.25,0,0,0,0.00,0,F1,25,,,,,
2024-10-08,2024-10-08,FO,NSE,IDO,89638,,NIFTY,,2029-06-28,2029-06-28,28000.00,CE,NIFTY29JUN28000CE,0.00,0.00,0.00,6112.60,0.00,6112.60,25013.15,5644.55,0,0,0,0.00,0,F1,25,,,,,
2024-10-08,2024-10-08,FO,NSE,IDO,53633,,NIFTY,,2027-12-30,2027-12-30,28000.00,CE,NIFTY27DEC28000CE,0.00,0.00,0.00,2639.20,0.00,2639.20,25013.15,3803.00,0,0,0,0.00,0,F1,25,,,,,
2024-10-08,2024-10-08,FO,NSE,IDO,67791,,NIFTY,,2028-12-28,2028-12-28,28000.00,PE,NIFTY28DEC28000PE,0.00,0.00,0.00,1697.60,0.00,1697.60,25013.15,1083.65,0,0,0,0.00,0,F1,25,,,,,
2024-10-08,2024-10-08,FO,NSE,IDO,64579,,NIFTY,,2025-03-27,2025-03-27,28000.00,PE,NIFTY25MAR28000PE,2359.55,2407.75,2220.65,2273.45,2245.00,2359.55,25013.15,2273.45,71925,12475,714,541068317.50,595,F1,25,,,,,
2024-10-08,2024-10-08,FO,NSE,IDO,48185,,NIFTY,,2024-11-28,2024-11-28,27050.00,PE,NIFTY24NOV27050PE,0.00,0.00,0.00,841.05,841.05,841.05,25013.15,1839.90,7550,0,0,0.00,0,F1,25,,,,,
2024-10-08,2024-10-08,FO,NSE,IDO,48627,,NIFTY,,2024-10-17,2024-10-17,27050.00,CE,NIFTY24O1727050CE,5.25,5.25,3.70,3.80,3.70,5.15,25013.15,3.80,4725,-2375,314,212374688.75,51,F1,25,,,,,
2024-10-08,2024-10-08,FO,NSE,IDO,64154,,NIFTY,,2024-12-26,2024-12-26,27050.00,PE,NIFTY24DEC27050PE,0.00,0.00,0.00,864.70,864.70,864.70,25013.15,1785.75,25,0,0,0.00,0,F1,25,,,,,
2024-10-08,2024-10-08,FO,NSE,IDO,50252,,NIFTY,,2024-10-10,2024-10-10,27050.00,PE,NIFTY24O1027050PE,0.00,0.00,0.00,1777.70,0.00,1777.70,25013.15,2026.85,0,0,0,0.00,0,F1,25,,,,,
2024-10-08,2024-10-08,FO,NSE,IDO,50251,,NIFTY,,2024-10-10,2024-10-10,27050.00,CE,NIFTY24O1027050CE,2.00,2.25,1.25,1.50,1.25,2.50,25013.15,1.50,184075,-31075,17251,11666752630.00,5045,F1,25,,,,,
2024-10-08,2024-10-08,FO,NSE,IDO,44827,,NIFTY,,2024-10-24,2024-10-24,27050.00,CE,NIFTY24O2427050CE,6.05,6.05,6.05,6.05,6.05,10.20,25013.15,6.05,775,-25,1,676401.25,1,F1,25,,,,,
2024-10-08,2024-10-08,FO,NSE,IDO,48644,,NIFTY,,2024-10-17,2024-10-17,27050.00,PE,NIFTY24O1727050PE,0.00,0.00,0.00,1561.75,0.00,1561.75,25013.15,1991.90,0,0,0,0.00,0,F1,25,,,,,
2024-10-08,2024-10-08,FO,NSE,IDO,48184,,NIFTY,,2024-11-28,2024-11-28,27050.00,CE,NIFTY24NOV27050CE,40.00,48.60,34.85,45.25,45.05,40.00,25013.15,45.25,7425,-300,50,33866911.25,15,F1,25,,,,,
2024-10-08,2024-10-08,FO,NSE,IDO,62954,,NIFTY,,2024-10-31,2024-10-31,27050.00,PE,NIFTY24OCT27050PE,0.00,0.00,0.00,1512.00,1512.00,1512.00,25013.15,1927.40,0,0,0,0.00,0,F1,25,,,,,
2024-10-08,2024-10-08,FO,NSE,IDO,64150,,NIFTY,,2024-12-26,2024-12-26,27050.00,CE,NIFTY24DEC27050CE,116.30,116.30,100.00,100.00,100.00,115.85,25013.15,141.25,5400,25,9,6110380.00,5,F1,25,,,,,
2024-10-08,2024-10-08,FO,NSE,IDO,44828,,NIFTY,,2024-10-24,2024-10-24,27050.00,PE,NIFTY24O2427050PE,0.00,0.00,0.00,1538.25,0.00,1538.25,25013.15,1958.05,0,0,0,0.00,0,F1,25,,,,,
2024-10-08,2024-10-08,FO,NSE,IDO,48164,,NIFTY,,2024-11-28,2024-11-28,26750.00,CE,NIFTY24NOV26750CE,68.50,70.95,67.60,70.95,70.95,68.15,25013.15,70.95,9200,-25,4,2681866.25,3,F1,25,,,,,
2024-10-08,2024-10-08,FO,NSE,IDO,64141,,NIFTY,,2024-12-26,2024-12-26,26750.00,PE,NIFTY24DEC26750PE,0.00,0.00,0.00,878.25,0.00,878.25,25013.15,1541.90,0,0,0,0.00,0,F1,25,,,,,
2024-10-08,2024-10-08,FO,NSE,IDO,64566,,NIFTY,,2025-03-27,2025-03-27,24000.00,CE,NIFTY25MAR24000CE,1980.00,2135.05,1976.00,2099.45,2105.00,1980.90,25013.15,2099.45,111975,2575,354,230613140.00,276,F1,25,,,,,
2024-10-08,2024-10-08,FO,NSE,IDO,71380,,NIFTY,,2025-06-26,2025-06-26,24000.00,PE,NIFTY25JUN24000PE,510.00,525.00,468.00,478.45,480.40,506.15,25013.15,478.45,66025,1275,109,66748037.50,92,F1,25,,,,,
2024-10-08,2024-10-08,FO,NSE,IDO,67779,,NIFTY,,2028-12-28,2028-12-28,22000.00,PE,NIFTY28DEC22000PE,0.00,0.00,0.00,446.15,446.15,446.15,25013.15,186.60,125,0,0,0.00,0,F1,25,,,,,
2024-10-08,2024-10-08,FO,NSE,IDO,71473,,NIFTY,,2026-06-25,2026-06-25,24000.00,PE,NIFTY26JUN24000PE,0.00,0.00,0.00,5437.70,0.00,5437.70,25013.15,445.45,0,0,0,0.00,0,F1,25,,,,,
2024-10-08,2024-10-08,FO,NSE,IDO,64562,,NIFTY,,2025-03-27,2025-03-27,22000.00,CE,NIFTY25MAR22000CE,3669.40,3755.75,3669.40,3751.60,3751.60,3669.40,25013.15,3734.60,825,0,4,2572796.25,4,F1,25,,,,,
2024-10-08,2024-10-08,FO,NSE,IDO,67783,,NIFTY,,2028-12-28,2028-12-28,24000.00,PE,NIFTY28DEC24000PE,0.00,0.00,0.00,742.35,0.00,742.35,25013.15,373.95,0,0,0,0.00,0,F1,25,,,,,
2024-10-08,2024-10-08,FO,NSE,IDO,89630,,NIFTY,,2029-06-28,2029-06-28,24000.00,CE,NIFTY29JUN24000CE,0.00,0.00,0.00,8085.35,0.00,8085.35,25013.15,7916.20,0,0,0,0.00,0,F1,25,,,,,
2024-10-08,2024-10-08,FO,NSE,IDO,71502,,NIFTY,,2026-12-31,2026-12-31,24000.00,PE,NIFTY26DEC24000PE,0.00,0.00,0.00,950.00,950.00,950.00,25013.15,445.65,4375,0,0,0.00,0,F1,25,,,,,
2024-10-08,2024-10-08,FO,NSE,IDO,44654,,NIFTY,,2024-10-24,2024-10-24,26550.00,PE,NIFTY24O2426550PE,0.00,0.00,0.00,1129.45,0.00,1129.45,25013.15,1465.50,0,0,0,0.00,0,F1,25,,,,,
2024-10-08,2024-10-08,FO,NSE,IDO,50229,,NIFTY,,2024-10-10,2024-10-10,26800.00,CE,NIFTY24O1026800CE,1.65,2.30,1.20,1.50,1.20,2.60,25013.15,1.50,1039750,-909075,176181,118049294968.75,22504,F1,25,,,,,
2024-10-08,2024-10-08,FO,NSE,IDO,50540,,NIFTY,,2024-11-07,2024-11-07,26800.00,PE,NIFTY24N0726800PE,0.00,0.00,0.00,1463.90,0.00,1463.90,25013.15,1662.40,0,0,0,0.00,0,F1,25,,,,,
2024-10-08,2024-10-08,FO,NSE,IDO,62941,,NIFTY,,2024-10-31,2024-10-31,26800.00,CE,NIFTY24OCT26800CE,14.90,14.90,10.95,12.70,12.75,14.65,25013.15,12.70,536075,-60075,15436,10347093752.50,4096,F1,25,,,,,
2024-10-08,2024-10-08,FO,NSE,IDO,44653,,NIFTY,,2024-10-24,2024-10-24,26550.00,CE,NIFTY24O2426550CE,16.75,16.75,11.65,12.00,12.00,18.60,25013.15,12.00,3325,-575,30,19921670.00,7,F1,25,,,,,
2024-10-08,2024-10-08,FO,NSE,IDO,71548,,NIFTY,,2027-06-24,2027-06-24,18000.00,PE,NIFTY27JUN18000PE,0.00,0.00,0.00,264.20,264.20,264.20,25013.15,18.70,25,0,0,0.00,0,F1,25,,,,,
2024-10-08,2024-10-08,FO,NSE,IDO,45070,,NIFTY,,2024-10-24,2024-10-24,27850.00,CE,NIFTY24O2427850CE,0.00,0.00,0.00,26.80,0.00,26.80,25013.15,0.05,0,0,0,0.00,0,F1,25,,,,,
2024-10-08,2024-10-08,FO,NSE,IDO,48826,,NIFTY,,2024-10-17,2024-10-17,27850.00,PE,NIFTY24O1727850PE,0.00,0.00,0.00,2292.65,0.00,2292.65,25013.15,2790.55,0,0,0,0.00,0,F1,25,,,,,
2024-10-08,2024-10-08,FO,NSE,IDO,48557,,NIFTY,,2024-10-17,2024-10-17,26600.00,PE,NIFTY24O1726600PE,0.00,0.00,0.00,529.75,529.75,529.75,25013.15,1543.10,25,0,0,0.00,0,F1,25,,,,,
2024-10-08,2024-10-08,FO,NSE,IDO,62925,,NIFTY,,2024-10-31,2024-10-31,26600.00,CE,NIFTY24OCT26600CE,18.65,19.65,15.10,16.85,18.90,19.30,25013.15,16.85,502600,-29250,24322,16184590486.25,6708,F1,25,,,,,
2024-10-08,2024-10-08,FO,NSE,IDO,64128,,NIFTY,,2024-12-26,2024-12-26,26600.00,PE,NIFTY24DEC26600PE,1350.00,1350.00,1350.00,1350.00,1350.00,1450.00,25013.15,1425.20,3000,0,1,698750.00,1,F1,25,,,,,
2024-10-08,2024-10-08,FO,NSE,IDO,50490,,NIFTY,,2024-11-07,2024-11-07,26050.00,CE,NIFTY24N0726050CE,0.00,0.00,0.00,263.10,0.00,263.10,25013.15,104.35,0,0,0,0.00,0,F1,25,,,,,
2024-10-08,2024-10-08,FO,NSE,IDO,50534,,NIFTY,,2024-11-07,2024-11-07,26700.00,PE,NIFTY24N0726700PE,0.00,0.00,0.00,1379.65,0.00,1379.65,25013.15,1568.70,0,0,0,0.00,0,F1,25,,,,,
2024-10-08,2024-10-08,FO,NSE,IDO,48094,,NIFTY,,2024-11-28,2024-11-28,26050.00,PE,NIFTY24NOV26050PE,1057.15,1057.15,1057.15,1057.15,1057.15,1056.55,25013.15,1012.80,900,0,1,677678.75,1,F1,25,,,,,
2024-10-08,2024-10-08,FO,NSE,IDO,44664,,NIFTY,,2024-10-24,2024-10-24,26700.00,PE,NIFTY24O2426700PE,0.00,0.00,0.00,1247.05,0.00,1247.05,25013.15,1612.15,0,0,0,0.00,0,F1,25,,,,,
2024-10-08,2024-10-08,FO,NSE,IDO,89624,,NIFTY,,2029-06-28,2029-06-28,21000.00,CE,NIFTY29JUN21000CE,0.00,0.00,0.00,9799.75,0.00,9799.75,25013.15,9868.60,0,0,0,0.00,0,F1,25,,,,,
2024-10-08,2024-10-08,FO,NSE,IDO,86146,,NIFTY,,2028-06-29,2028-06-29,21000.00,PE,NIFTY28JUN21000PE,0.00,0.00,0.00,907.20,0.00,907.20,25013.15,125.60,0,0,0,0.00,0,F1,25,,,,,
2024-10-08,2024-10-08,FO,NSE,IDO,64687,,NIFTY,,2025-09-25,2025-09-25,21000.00,PE,NIFTY25SEP21000PE,0.00,0.00,0.00,51.55,0.00,51.55,25013.15,46.70,0,0,0,0.00,0,F1,25,,,,,
2024-10-08,2024-10-08,FO,NSE,IDO,48560,,NIFTY,,2024-10-17,2024-10-17,26700.00,CE,NIFTY24O1726700CE,6.50,7.05,4.40,5.00,4.50,6.70,25013.15,5.00,81675,-4300,4704,3140545783.75,905,F1,25,,,,,
2024-10-08,2024-10-08,FO,NSE,IDO,64560,,NIFTY,,2025-03-27,2025-03-27,21000.00,CE,NIFTY25MAR21000CE,0.00,0.00,0.00,5200.00,5200.00,5200.00,25013.15,4673.95,100,0,0,0.00,0,F1,25,,,,,
2024-10-08,2024-10-08,FO,NSE,IDO,51449,,NIFTY,,2025-06-26,2025-06-26,21000.00,CE,NIFTY25JUN21000CE,0.00,0.00,0.00,3199.45,0.00,3199.45,25013.15,5031.00,0,0,0,0.00,0,F1,25,,,,,
2024-10-08,2024-10-08,FO,NSE,IDO,44563,,NIFTY,,2024-10-24,2024-10-24,26050.00,CE,NIFTY24O2426050CE,30.00,38.15,28.40,31.10,32.70,30.05,25013.15,31.10,2600,825,55,35861182.50,22,F1,25,,,,,
2024-10-08,2024-10-08,FO,NSE,IDO,61331,,NIFTY,,2024-12-26,2024-12-26,26050.00,CE,NIFTY24DEC26050CE,0.00,0.00,0.00,1197.05,0.00,1197.05,25013.15,373.45,0,0,0,0.00,0,F1,25,,,,,
2024-10-08,2024-10-08,FO,NSE,IDO,86142,,NIFTY,,2028-06-29,2028-06-29,19000.00,PE,NIFTY28JUN19000PE,0.00,0.00,0.00,537.45,0.00,537.45,25013.15,46.70,0,0,0,0.00,0,F1,25,,,,,
2024-10-08,2024-10-08,FO,NSE,IDO,64554,,NIFTY,,2025-03-27,2025-03-27,19000.00,CE,NIFTY25MAR19000CE,0.00,0.00,0.00,4745.30,0.00,4745.30,25013.15,6601.50,0,0,0,0.00,0,F1,25,,,,,
2024-10-08,2024-10-08,FO,NSE,IDO,67772,,NIFTY,,2028-12-28,2028-12-28,19000.00,CE,NIFTY28DEC19000CE,0.00,0.00,0.00,8739.00,0.00,8739.00,25013.15,10776.30,0,0,0,0.00,0,F1,25,,,,,
2024-10-08,2024-10-08,FO,NSE,IDO,64555,,NIFTY,,2025-03-27,2025-03-27,19000.00,PE,NIFTY25MAR19000PE,0.00,0.00,0.00,63.55,0.00,63.55,25013.15,0.30,0,0,0,0.00,0,F1,25,,,,,
2024-10-08,2024-10-08,FO,NSE,IDO,89615,,NIFTY,,2029-06-28,2029-06-28,19000.00,PE,NIFTY29JUN19000PE,0.00,0.00,0.00,170.30,0.00,170.30,25013.15,50.30,0,0,0,0.00,0,F1,25,,,,,
2024-10-08,2024-10-08,FO,NSE,IDO,39989,,NIFTY,,2026-06-25,2026-06-25,19000.00,CE,NIFTY26JUN19000CE,0.00,0.00,0.00,5792.00,5792.00,5792.00,25013.15,8107.50,100,0,0,0.00,0,F1,25,,,,,
2024-10-08,2024-10-08,FO,NSE,IDO,89614,,NIFTY,,2029-06-28,2029-06-28,19000.00,CE,NIFTY29JUN19000CE,0.00,0.00,0.00,11036.95,0.00,11036.95,25013.15,11250.35,0,0,0,0.00,0,F1,25,,,,,
2024-10-08,2024-10-08,FO,NSE,IDO,39988,,NIFTY,,2025-12-24,2025-12-24,19000.00,PE,NIFTY25DEC19000PE,0.00,0.00,0.00,81.00,81.00,81.00,25013.15,10.25,9825,0,0,0.00,0,F1,25,,,,,
2024-10-08,2024-10-08,FO,NSE,IDO,58642,,NIFTY,,2026-12-31,2026-12-31,19000.00,CE,NIFTY26DEC19000CE,0.00,0.00,0.00,8600.00,8600.00,8600.00,25013.15,8698.50,125,0,0,0.00,0,F1,25,,,,,
2024-10-08,2024-10-08,FO,NSE,IDO,39978,,NIFTY,,2024-12-26,2024-12-26,19000.00,PE,NIFTY24DEC19000PE,25.00,25.95,23.55,25.00,25.00,25.05,25013.15,25.00,511950,-1125,1160,551723045.00,345,F1,25,,,,,
2024-10-08,2024-10-08,FO,NSE,IDO,67773,,NIFTY,,2028-12-28,2028-12-28,19000.00,PE,NIFTY28DEC19000PE,0.00,0.00,0.00,158.00,0.00,158.00,25013.15,49.05,0,0,0,0.00,0,F1,25,,,,,
2024-10-08,2024-10-08,FO,NSE,IDO,44620,,NIFTY,,2024-10-24,2024-10-24,26200.00,PE,NIFTY24O2426200PE,1088.60,1088.95,1088.60,1088.95,1088.95,1350.00,25013.15,1131.20,2800,0,3,2046662.50,3,F1,25,,,,,
2024-10-08,2024-10-08,FO,NSE,IDO,50168,,NIFTY,,2024-10-10,2024-10-10,26200.00,CE,NIFTY24O1026200CE,3.45,3.45,1.50,1.70,1.50,3.25,25013.15,1.70,3022400,-310325,377355,247187227562.50,66591,F1,25,,,,,
2024-10-08,2024-10-08,FO,NSE,IDO,62391,,NIFTY,,2024-12-26,2024-12-26,26200.00,CE,NIFTY24DEC26200CE,264.95,330.75,250.30,299.10,294.05,262.85,25013.15,299.10,25250,2125,171,113236540.00,50,F1,25,,,,,
2024-10-08,2024-10-08,FO,NSE,IDO,48102,,NIFTY,,2024-11-28,2024-11-28,26200.00,CE,NIFTY24NOV26200CE,130.00,180.00,124.80,169.40,167.90,135.60,25013.15,169.40,92775,10600,4846,3193157612.50,2344,F1,25,,,,,
2024-10-08,2024-10-08,FO,NSE,IDO,62910,,NIFTY,,2024-10-31,2024-10-31,26200.00,PE,NIFTY24OCT26200PE,1193.80,1279.00,1029.00,1091.75,1076.65,1235.50,25013.15,1091.75,611850,-7850,2823,1928680383.75,2147,F1,25,,,,,
2024-10-08,2024-10-08,FO,NSE,IDO,50272,,NIFTY,,2024-10-10,2024-10-10,27250.00,CE,NIFTY24O1027250CE,1.90,2.60,1.30,1.50,1.30,2.55,25013.15,1.50,730700,-27650,9971,6793167567.50,2435,F1,25,,,,,
2024-10-08,2024-10-08,FO,NSE,IDO,44873,,NIFTY,,2024-10-24,2024-10-24,27250.00,CE,NIFTY24O2427250CE,0.00,0.00,0.00,9.95,9.95,9.95,25013.15,0.50,5925,0,0,0.00,0,F1,25,,,,,
2024-10-08,2024-10-08,FO,NSE,IDO,48241,,NIFTY,,2024-11-28,2024-11-28,27850.00,PE,NIFTY24NOV27850PE,0.00,0.00,0.00,2376.90,0.00,2376.90,25013.15,2590.60,0,0,0,0.00,0,F1,25,,,,,
2024-10-08,2024-10-08,FO,NSE,IDO,50405,,NIFTY,,2024-10-10,2024-10-10,27850.00,CE,NIFTY24O1027850CE,1.30,2.30,0.95,1.45,1.10,2.50,25013.15,1.45,2264925,488150,227972,158735747947.50,21983,F1,25,,,,,
2024-10-08,2024-10-08,FO,NSE,IDO,62992,,NIFTY,,2024-10-31,2024-10-31,27850.00,PE,NIFTY24OCT27850PE,0.00,0.00,0.00,3004.00,0.00,3004.00,25013.15,2719.05,0,0,0,0.00,0,F1,25,,,,,
2024-10-08,2024-10-08,FO,NSE,IDO,44662,,NIFTY,,2024-10-24,2024-10-24,26650.00,PE,NIFTY24O2426650PE,0.00,0.00,0.00,1207.30,0.00,1207.30,25013.15,1563.15,0,0,0,0.00,0,F1,25,,,,,
2024-10-08,2024-10-08,FO,NSE,IDO,62928,,NIFTY,,2024-10-31,2024-10-31,26650.00,PE,NIFTY24OCT26650PE,1663.15,1663.15,1489.05,1515.65,1489.05,1661.20,25013.15,1515.65,12125,-175,15,10580551.25,10,F1,25,,,,,
2024-10-08,2024-10-08,FO,NSE,IDO,62927,,NIFTY,,2024-10-31,2024-10-31,26650.00,CE,NIFTY24OCT26650CE,15.05,19.15,15.05,16.30,16.55,19.45,25013.15,16.30,182300,-50,380,253332300.00,122,F1,25,,,,,
2024-10-08,2024-10-08,FO,NSE,IDO,50529,,NIFTY,,2024-11-07,2024-11-07,26650.00,CE,NIFTY24N0726650CE,0.00,0.00,0.00,123.90,0.00,123.90,25013.15,32.90,0,0,0,0.00,0,F1,25,,,,,
2024-10-08,2024-10-08,FO,NSE,IDO,64130,,NIFTY,,2024-12-26,2024-12-26,26650.00,PE,NIFTY24DEC26650PE,0.00,0.00,0.00,827.55,0.00,827.55,25013.15,1463.70,0,0,0,0.00,0,F1,25,,,,,
2024-10-08,2024-10-08,FO,NSE,IDO,48559,,NIFTY,,2024-10-17,2024-10-17,26650.00,PE,NIFTY24O1726650PE,0.00,0.00,0.00,1228.80,0.00,1228.80,25013.15,1592.90,0,0,0,0.00,0,F1,25,,,,,
2024-10-08,2024-10-08,FO,NSE,IDO,64129,,NIFTY,,2024-12-26,2024-12-26,26650.00,CE,NIFTY24DEC26650CE,0.00,0.00,0.00,874.25,0.00,874.25,25013.15,213.35,0,0,0,0.00,0,F1,25,,,,,
2024-10-08,2024-10-08,FO,NSE,IDO,48154,,NIFTY,,2024-11-28,2024-11-28,26650.00,PE,NIFTY24NOV26650PE,0.00,0.00,0.00,1455.80,0.00,1455.80,25013.15,1488.50,0,0,0,0.00,0,F1,25,,,,,
2024-10-08,2024-10-08,FO,NSE,IDO,48153,,NIFTY,,2024-11-28,2024-11-28,26650.00,CE,NIFTY24NOV26650CE,0.00,0.00,0.00,437.05,0.00,437.05,25013.15,101.85,0,0,0,0.00,0,F1,25,,,,,
2024-10-08,2024-10-08,FO,NSE,IDO,48558,,NIFTY,,2024-10-17,2024-10-17,26650.00,CE,NIFTY24O1726650CE,7.65,7.65,4.70,5.20,6.25,7.85,25013.15,5.20,8600,-1350,978,651732170.00,94,F1,25,,,,,
2024-10-08,2024-10-08,FO,NSE,IDO,50531,,NIFTY,,2024-11-07,2024-11-07,26650.00,PE,NIFTY24N0726650PE,0.00,0.00,0.00,1338.15,0.00,1338.15,25013.15,1522.30,0,0,0,0.00,0,F1,25,,,,,
2024-10-08,2024-10-08,FO,NSE,IDO,44661,,NIFTY,,2024-10-24,2024-10-24,26650.00,CE,NIFTY24O2426650CE,0.00,0.00,0.00,159.00,0.00,159.00,25013.15,5.00,0,0,0,0.00,0,F1,25,,,,,
2024-10-08,2024-10-08,FO,NSE,IDO,50188,,NIFTY,,2024-10-10,2024-10-10,26650.00,CE,NIFTY24O1026650CE,1.50,2.25,1.30,1.50,1.35,2.60,25013.15,1.50,358600,-56425,32373,21569941988.75,9334,F1,25,,,,,
2024-10-08,2024-10-08,FO,NSE,IDO,50198,,NIFTY,,2024-10-10,2024-10-10,26650.00,PE,NIFTY24O1026650PE,0.00,0.00,0.00,1385.25,1385.25,1385.25,25013.15,1627.00,475,0,0,0.00,0,F1,25,,,,,
2024-10-08,2024-10-08,FO,NSE,IDO,42908,,NIFTY,,2024-11-28,2024-11-28,23250.00,PE,NIFTY24NOV23250PE,0.00,0.00,0.00,111.45,111.45,111.45,25013.15,29.10,1850,0,0,0.00,0,F1,25,,,,,
2024-10-08,2024-10-08,FO,NSE,IDO,42821,,NIFTY,,2024-10-17,2024-10-17,23250.00,PE,NIFTY24O1723250PE,21.20,22.50,8.30,8.80,8.30,17.60,25013.15,8.80,50425,5375,7242,4211904635.00,2481,F1,25,,,,,
2024-10-08,2024-10-08,FO,NSE,IDO,50324,,NIFTY,,2024-11-07,2024-11-07,23250.00,PE,NIFTY24N0723250PE,0.00,0.00,0.00,18.65,0.00,18.65,25013.15,8.45,0,0,0,0.00,0,F1,25,,,,,
2024-10-08,2024-10-08,FO,NSE,IDO,48984,,NIFTY,,2024-10-31,2024-10-31,23800.00,CE,NIFTY24OCT23800CE,1250.00,1404.65,1206.30,1404.65,1404.65,1269.45,25013.15,1336.05,9900,150,10,6269953.75,5,F1,25,,,,,
2024-10-08,2024-10-08,FO,NSE,IDO,45859,,NIFTY,,2024-12-26,2024-12-26,17000.00,PE,NIFTY24DEC17000PE,17.35,17.35,16.50,17.25,17.00,19.25,25013.15,17.25,182175,-775,500,212708338.75,17,F1,25,,,,,
2024-10-08,2024-10-08,FO,NSE,IDO,53602,,NIFTY,,2027-12-30,2027-12-30,17000.00,PE,NIFTY27DEC17000PE,0.00,0.00,0.00,90.00,90.00,90.00,25013.15,11.35,14200,0,0,0.00,0,F1,25,,,,,
2024-10-08,2024-10-08,FO,NSE,IDO,47100,,NIFTY,,2024-10-10,2024-10-10,23800.00,CE,NIFTY24O1023800CE,1025.05,1252.60,999.80,1183.05,1205.00,1053.60,25013.15,1183.05,2050,0,74,46077438.75,56,F1,25,,,,,
2024-10-08,2024-10-08,FO,NSE,IDO,47101,,NIFTY,,2024-10-10,2024-10-10,23800.00,PE,NIFTY24O1023800PE,9.15,14.30,3.30,4.10,3.70,9.15,25013.15,4.10,2799500,1451150,649840,386769280567.50,95168,F1,25,,,,,
2024-10-08,2024-10-08,FO,NSE,IDO,45858,,NIFTY,,2024-12-26,2024-12-26,17000.00,CE,NIFTY24DEC17000CE,0.00,0.00,0.00,8082.75,8082.75,8082.75,25013.15,8259.70,27925,0,0,0.00,0,F1,25,,,,,
2024-10-08,2024-10-08,FO,NSE,IDO,89635,,NIFTY,,2029-06-28,2029-06-28,26000.00,PE,NIFTY29JUN26000PE,0.00,0.00,0.00,1391.75,1391.75,1391.75,25013.15,614.95,25,0,0,0.00,0,F1,25,,,,,
2024-10-08,2024-10-08,FO,NSE,IDO,71476,,NIFTY,,2026-06-25,2026-06-25,26000.00,CE,NIFTY26JUN26000CE,0.00,0.00,0.00,1343.15,0.00,1343.15,25013.15,2816.65,0,0,0,0.00,0,F1,25,,,,,
2024-10-08,2024-10-08,FO,NSE,IDO,71477,,NIFTY,,2026-06-25,2026-06-25,26000.00,PE,NIFTY26JUN26000PE,0.00,0.00,0.00,6709.20,0.00,6709.20,25013.15,965.50,0,0,0,0.00,0,F1,25,,,,,
2024-10-08,2024-10-08,FO,NSE,IDO,64697,,NIFTY,,2025-09-25,2025-09-25,26000.00,PE,NIFTY25SEP26000PE,0.00,0.00,0.00,812.55,0.00,812.55,25013.15,1036.20,0,0,0,0.00,0,F1,25,,,,,
2024-10-08,2024-10-08,FO,NSE,IDO,64573,,NIFTY,,2025-03-27,2025-03-27,26000.00,PE,NIFTY25MAR26000PE,1069.95,1098.55,971.00,997.90,984.00,1052.90,25013.15,997.90,327475,9100,3165,2138602835.00,2064,F1,25,,,,,
2024-10-08,2024-10-08,FO,NSE,IDO,67786,,NIFTY,,2028-12-28,2028-12-28,26000.00,CE,NIFTY28DEC26000CE,0.00,0.00,0.00,4879.70,0.00,4879.70,25013.15,6130.70,0,0,0,0.00,0,F1,25,,,,,
2024-10-08,2024-10-08,FO,NSE,IDO,53630,,NIFTY,,2027-12-30,2027-12-30,26000.00,PE,NIFTY27DEC26000PE,0.00,0.00,0.00,3359.75,0.00,3359.75,25013.15,780.35,0,0,0,0.00,0,F1,25,,,,,
2024-10-08,2024-10-08,FO,NSE,IDO,71505,,NIFTY,,2026-12-31,2026-12-31,26000.00,CE,NIFTY26DEC26000CE,0.00,0.00,0.00,1631.05,0.00,1631.05,25013.15,3549.80,0,0,0,0.00,0,F1,25,,,,,
2024-10-08,2024-10-08,FO,NSE,IDO,50488,,NIFTY,,2024-11-07,2024-11-07,26000.00,CE,NIFTY24N0726000CE,84.00,109.95,79.75,103.45,106.00,84.15,25013.15,103.45,21600,400,762,497156388.75,284,F1,25,,,,,
2024-10-08,2024-10-08,FO,NSE,IDO,44558,,NIFTY,,2024-10-24,2024-10-24,26000.00,CE,NIFTY24O2426000CE,39.75,40.90,30.15,35.50,39.00,35.75,25013.15,35.50,243775,28650,10516,6844791795.00,4532,F1,25,,,,,
2024-10-08,2024-10-08,FO,NSE,IDO,64572,,NIFTY,,2025-03-27,2025-03-27,26000.00,CE,NIFTY25MAR26000CE,749.95,868.40,727.30,828.05,840.00,750.85,25013.15,828.05,222675,16525,3296,2208636830.00,2106,F1,25,,,,,
2024-10-08,2024-10-08,FO,NSE,IDO,48091,,NIFTY,,2024-11-28,2024-11-28,26000.00,CE,NIFTY24NOV26000CE,181.95,238.00,169.20,226.35,230.00,180.05,25013.15,226.35,786000,45550,27385,17940634785.00,7418,F1,25,,,,,
2024-10-08,2024-10-08,FO,NSE,IDO,47122,,NIFTY,,2024-10-10,2024-10-10,24200.00,CE,NIFTY24O1024200CE,648.40,856.60,618.00,784.75,810.05,666.75,25013.15,784.75,11100,-1050,1376,857769188.75,520,F1,25,,,,,
2024-10-08,2024-10-08,FO,NSE,IDO,48513,,NIFTY,,2024-10-17,2024-10-17,26300.00,PE,NIFTY24O1726300PE,1337.55,1337.55,1264.25,1265.05,1265.05,1390.25,25013.15,1245.60,19200,-75,30,20705277.50,12,F1,25,,,,,
2024-10-08,2024-10-08,FO,NSE,IDO,45638,,NIFTY,,2024-11-28,2024-11-28,24400.00,PE,NIFTY24NOV24400PE,281.00,296.00,217.30,234.55,251.00,272.65,25013.15,234.55,80000,6150,2989,1841520215.00,1414,F1,25,,,,,
2024-10-08,2024-10-08,FO,NSE,IDO,47130,,NIFTY,,2024-10-10,2024-10-10,24400.00,CE,NIFTY24O1024400CE,503.25,670.10,445.65,596.15,616.30,498.25,25013.15,596.15,30250,-7400,8027,5004269216.25,2860,F1,25,,,,,
2024-10-08,2024-10-08,FO,NSE,IDO,50393,,NIFTY,,2024-11-07,2024-11-07,24400.00,PE,NIFTY24N0724400PE,0.00,0.00,0.00,189.15,189.15,189.15,25013.15,124.70,0,0,0,0.00,0,F1,25,,,,,
2024-10-08,2024-10-08,FO,NSE,IDO,62867,,NIFTY,,2024-10-31,2024-10-31,25450.00,CE,NIFTY24OCT25450CE,156.60,208.95,142.75,186.65,193.10,153.55,25013.15,186.65,43625,-5750,3186,2040624853.75,1257,F1,25,,,,,
2024-10-08,2024-10-08,FO,NSE,IDO,48436,,NIFTY,,2024-10-17,2024-10-17,25450.00,CE,NIFTY24O1725450CE,58.50,85.70,52.65,69.85,76.10,63.20,25013.15,69.85,88450,23275,22599,14417055108.75,7157,F1,25,,,,,
2024-10-08,2024-10-08,FO,NSE,IDO,54653,,NIFTY,,2024-12-26,2024-12-26,25450.00,CE,NIFTY24DEC25450CE,0.00,0.00,0.00,906.05,906.05,906.05,25013.15,609.70,75,0,0,0.00,0,F1,25,,,,,
2024-10-08,2024-10-08,FO,NSE,IDO,50410,,NIFTY,,2024-11-07,2024-11-07,24700.00,CE,NIFTY24N0724700CE,686.40,686.40,686.40,686.40,686.40,814.45,25013.15,686.40,100,0,2,1269320.00,1,F1,25,,,,,
2024-10-08,2024-10-08,FO,NSE,IDO,47146,,NIFTY,,2024-10-10,2024-10-10,24700.00,CE,NIFTY24O1024700CE,262.10,394.00,226.00,326.35,348.10,262.10,25013.15,326.35,476675,22000,426409,266443952003.75,125373,F1,25,,,,,
2024-10-08,2024-10-08,FO,NSE,IDO,43837,,NIFTY,,2024-10-24,2024-10-24,24700.00,CE,NIFTY24O2424700CE,469.15,580.00,437.75,536.15,543.40,464.25,25013.15,536.15,9300,2450,533,335881383.75,241,F1,25,,,,,
2024-10-08,2024-10-08,FO,NSE,IDO,42913,,NIFTY,,2024-11-28,2024-11-28,23400.00,CE,NIFTY24NOV23400CE,0.00,0.00,0.00,2200.00,2200.00,2200.00,25013.15,1871.70,125,0,0,0.00,0,F1,25,,,,,
2024-10-08,2024-10-08,FO,NSE,IDO,50333,,NIFTY,,2024-11-07,2024-11-07,23400.00,PE,NIFTY24N0723400PE,0.00,0.00,0.00,25.55,0.00,25.55,25013.15,12.95,0,0,0,0.00,0,F1,25,,,,,
2024-10-08,2024-10-08,FO,NSE,IDO,42914,,NIFTY,,2024-11-28,2024-11-28,23400.00,PE,NIFTY24NOV23400PE,102.65,119.75,83.00,91.45,119.50,109.35,25013.15,91.45,147125,-4525,3994,2345995826.25,1842,F1,25,,,,,
2024-10-08,2024-10-08,FO,NSE,IDO,48056,,NIFTY,,2024-10-17,2024-10-17,24250.00,CE,NIFTY24O1724250CE,0.00,0.00,0.00,714.00,714.00,714.00,25013.15,819.05,25,0,0,0.00,0,F1,25,,,,,
2024-10-08,2024-10-08,FO,NSE,IDO,41881,,NIFTY,,2024-12-26,2024-12-26,24250.00,PE,NIFTY24DEC24250PE,0.00,0.00,0.00,119.10,0.00,119.10,25013.15,221.55,0,0,0,0.00,0,F1,25,,,,,
2024-10-08,2024-10-08,FO,NSE,IDO,43690,,NIFTY,,2024-10-24,2024-10-24,24250.00,PE,NIFTY24O2424250PE,105.75,111.00,79.80,82.55,82.55,105.75,25013.15,42.30,850,150,19,11562666.25,11,F1,25,,,,,
2024-10-08,2024-10-08,FO,NSE,IDO,47125,,NIFTY,,2024-10-10,2024-10-10,24250.00,PE,NIFTY24O1024250PE,31.20,49.35,10.10,11.95,10.10,34.95,25013.15,11.95,631875,208425,377785,229241627890.00,77928,F1,25,,,,,
2024-10-08,2024-10-08,FO,NSE,IDO,41878,,NIFTY,,2024-12-26,2024-12-26,24250.00,CE,NIFTY24DEC24250CE,0.00,0.00,0.00,2522.50,0.00,2522.50,25013.15,1336.40,0,0,0,0.00,0,F1,25,,,,,
2024-10-08,2024-10-08,FO,NSE,IDO,49012,,NIFTY,,2024-10-31,2024-10-31,24250.00,CE,NIFTY24OCT24250CE,985.00,1041.75,950.00,1041.75,1041.75,1048.15,25013.15,1041.75,1750,0,6,3787756.25,4,F1,25,,,,,
2024-10-08,2024-10-08,FO,NSE,IDO,42965,,NIFTY,,2024-11-28,2024-11-28,24250.00,CE,NIFTY24NOV24250CE,0.00,0.00,0.00,1651.75,0.00,1651.75,25013.15,1148.15,0,0,0,0.00,0,F1,25,,,,,
2024-10-08,2024-10-08,FO,NSE,IDO,42966,,NIFTY,,2024-11-28,2024-11-28,24250.00,PE,NIFTY24NOV24250PE,238.50,238.50,201.50,201.50,201.50,238.50,25013.15,201.50,3250,275,21,12843665.00,15,F1,25,,,,,
2024-10-08,2024-10-08,FO,NSE,IDO,48065,,NIFTY,,2024-10-17,2024-10-17,24250.00,PE,NIFTY24O1724250PE,77.05,94.75,40.15,46.45,46.95,77.75,25013.15,46.45,64300,40375,14840,9020086341.25,5565,F1,25,,,,,
2024-10-08,2024-10-08,FO,NSE,IDO,47124,,NIFTY,,2024-10-10,2024-10-10,24250.00,CE,NIFTY24O1024250CE,641.10,815.30,579.15,741.15,760.80,623.35,25013.15,741.15,1475,-25,209,130312177.50,141,F1,25,,,,,
2024-10-08,2024-10-08,FO,NSE,IDO,50385,,NIFTY,,2024-11-07,2024-11-07,24250.00,CE,NIFTY24N0724250CE,0.00,0.00,0.00,1285.40,0.00,1285.40,25013.15,991.40,0,0,0,0.00,0,F1,25,,,,,
2024-10-08,2024-10-08,FO,NSE,IDO,43680,,NIFTY,,2024-10-24,2024-10-24,24250.00,CE,NIFTY24O2424250CE,0.00,0.00,0.00,1427.55,0.00,1427.55,25013.15,877.10,0,0,0,0.00,0,F1,25,,,,,
2024-10-08,2024-10-08,FO,NSE,IDO,49013,,NIFTY,,2024-10-31,2024-10-31,24250.00,PE,NIFTY24OCT24250PE,143.65,152.90,87.85,96.40,100.75,134.65,25013.15,96.40,37550,-8200,2402,1463018906.25,734,F1,25,,,,,
2024-10-08,2024-10-08,FO,NSE,IDO,50387,,NIFTY,,2024-11-07,2024-11-07,24250.00,PE,NIFTY24N0724250PE,150.00,150.00,150.00,150.00,150.00,114.00,25013.15,94.10,50,0,1,610000.00,1,F1,25,,,,,
2024-10-08,2024-10-08,FO,NSE,IDO,62874,,NIFTY,,2024-10-31,2024-10-31,25450.00,PE,NIFTY24OCT25450PE,630.00,641.25,453.50,503.55,480.00,601.55,25013.15,503.55,46300,1425,386,250749771.25,192,F1,25,,,,,
2024-10-08,2024-10-08,FO,NSE,IDO,48650,,NIFTY,,2024-10-10,2024-10-10,25450.00,CE,NIFTY24O1025450CE,17.90,21.20,5.40,12.10,14.10,18.35,25013.15,12.10,1606650,213775,1114444,709444396800.00,178292,F1,25,,,,,
2024-10-08,2024-10-08,FO,NSE,IDO,48444,,NIFTY,,2024-10-17,2024-10-17,25450.00,PE,NIFTY24O1725450PE,628.45,653.05,437.05,481.35,481.35,597.25,25013.15,470.10,35925,-225,89,57768923.75,49,F1,25,,,,,
2024-10-08,2024-10-08,FO,NSE,IDO,43751,,NIFTY,,2024-10-24,2024-10-24,24600.00,CE,NIFTY24O2424600CE,521.05,660.00,520.85,594.50,596.00,491.70,25013.15,594.50,250,75,43,27073615.00,31,F1,25,,,,,
2024-10-08,2024-10-08,FO,NSE,IDO,42524,,NIFTY,,2024-12-26,2024-12-26,24600.00,CE,NIFTY24DEC24600CE,0.00,0.00,0.00,2229.30,0.00,2229.30,25013.15,1090.35,0,0,0,0.00,0,F1,25,,,,,
2024-10-08,2024-10-08,FO,NSE,IDO,71561,,NIFTY,,2027-06-24,2027-06-24,24000.00,PE,NIFTY27JUN24000PE,0.00,0.00,0.00,5056.20,0.00,5056.20,25013.15,434.90,0,0,0,0.00,0,F1,25,,,,,
2024-10-08,2024-10-08,FO,NSE,IDO,48505,,NIFTY,,2024-10-17,2024-10-17,26200.00,CE,NIFTY24O1726200CE,25.00,25.00,9.05,9.95,10.80,12.85,25013.15,9.95,669825,222075,53327,34943520262.50,11831,F1,25,,,,,
2024-10-08,2024-10-08,FO,NSE,IDO,64124,,NIFTY,,2024-12-26,2024-12-26,26550.00,PE,NIFTY24DEC26550PE,0.00,0.00,0.00,778.70,0.00,778.70,25013.15,1387.15,0,0,0,0.00,0,F1,25,,,,,
2024-10-08,2024-10-08,FO,NSE,IDO,48133,,NIFTY,,2024-11-28,2024-11-28,26550.00,CE,NIFTY24NOV26550CE,83.50,106.80,83.50,98.70,98.70,83.55,25013.15,98.70,3550,125,22,14653875.00,12,F1,25,,,,,
2024-10-08,2024-10-08,FO,NSE,IDO,64123,,NIFTY,,2024-12-26,2024-12-26,26550.00,CE,NIFTY24DEC26550CE,188.00,188.00,188.00,188.00,188.00,620.00,25013.15,235.40,7100,0,1,668450.00,1,F1,25,,,,,
2024-10-08,2024-10-08,FO,NSE,IDO,48991,,NIFTY,,2024-10-31,2024-10-31,23900.00,PE,NIFTY24OCT23900PE,85.00,100.25,56.15,60.65,59.95,89.20,25013.15,60.65,197075,-15450,24613,14751872962.50,8947,F1,25,,,,,
2024-10-08,2024-10-08,FO,NSE,IDO,42939,,NIFTY,,2024-11-28,2024-11-28,23900.00,CE,NIFTY24NOV23900CE,0.00,0.00,0.00,1911.75,0.00,1911.75,25013.15,1430.40,0,0,0,0.00,0,F1,25,,,,,
2024-10-08,2024-10-08,FO,NSE,IDO,42940,,NIFTY,,2024-11-28,2024-11-28,23900.00,PE,NIFTY24NOV23900PE,173.15,188.40,132.55,145.45,140.80,171.15,25013.15,145.45,122350,2025,1465,881033282.50,419,F1,25,,,,,
2024-10-08,2024-10-08,FO,NSE,IDO,47954,,NIFTY,,2024-10-17,2024-10-17,23900.00,PE,NIFTY24O1723900PE,44.00,54.70,23.00,25.30,27.95,44.95,25013.15,25.30,99575,45625,26129,15634837055.00,11311,F1,25,,,,,
2024-10-08,2024-10-08,FO,NSE,IDO,41691,,NIFTY,,2024-12-26,2024-12-26,23900.00,CE,NIFTY24DEC23900CE,0.00,0.00,0.00,2828.35,0.00,2828.35,25013.15,1607.00,0,0,0,0.00,0,F1,25,,,,,
2024-10-08,2024-10-08,FO,NSE,IDO,50366,,NIFTY,,2024-11-07,2024-11-07,23900.00,CE,NIFTY24N0723900CE,0.00,0.00,0.00,1582.25,0.00,1582.25,25013.15,1290.55,0,0,0,0.00,0,F1,25,,,,,
2024-10-08,2024-10-08,FO,NSE,IDO,50367,,NIFTY,,2024-11-07,2024-11-07,23900.00,PE,NIFTY24N0723900PE,0.00,0.00,0.00,65.65,0.00,65.65,25013.15,45.20,0,0,0,0.00,0,F1,25,,,,,
2024-10-08,2024-10-08,FO,NSE,IDO,43547,,NIFTY,,2024-10-24,2024-10-24,23900.00,CE,NIFTY24O2423900CE,0.00,0.00,0.00,1733.55,0.00,1733.55,25013.15,1197.55,0,0,0,0.00,0,F1,25,,,,,
2024-10-08,2024-10-08,FO,NSE,IDO,41692,,NIFTY,,2024-12-26,2024-12-26,23900.00,PE,NIFTY24DEC23900PE,274.55,274.55,198.50,201.60,202.15,261.50,25013.15,201.60,6300,-450,34,20497735.00,15,F1,25,,,,,
2024-10-08,2024-10-08,FO,NSE,IDO,47106,,NIFTY,,2024-10-10,2024-10-10,23900.00,CE,NIFTY24O1023900CE,943.00,1147.55,929.00,1020.20,1020.20,962.85,25013.15,1122.00,2000,-225,67,41788865.00,39,F1,25,,,,,
2024-10-08,2024-10-08,FO,NSE,IDO,47108,,NIFTY,,2024-10-10,2024-10-10,23900.00,PE,NIFTY24O1023900PE,7.00,19.30,4.00,5.25,4.15,12.50,25013.15,5.25,1345650,710750,600149,358728163827.50,85322,F1,25,,,,,
2024-10-08,2024-10-08,FO,NSE,IDO,49009,,NIFTY,,2024-10-31,2024-10-31,24150.00,PE,NIFTY24OCT24150PE,112.60,134.35,75.80,84.45,88.15,122.20,25013.15,84.45,41550,-1475,1011,613034285.00,311,F1,25,,,,,
2024-10-08,2024-10-08,FO,NSE,IDO,41870,,NIFTY,,2024-12-26,2024-12-26,24150.00,PE,NIFTY24DEC24150PE,0.00,0.00,0.00,124.60,124.60,124.60,25013.15,197.95,300,0,0,0.00,0,F1,25,,,,,
2024-10-08,2024-10-08,FO,NSE,IDO,47121,,NIFTY,,2024-10-10,2024-10-10,24150.00,PE,NIFTY24O1024150PE,18.00,37.75,7.70,9.00,8.30,26.10,25013.15,9.00,596425,226975,374462,226236349038.75,70841,F1,25,,,,,
2024-10-08,2024-10-08,FO,NSE,IDO,48033,,NIFTY,,2024-10-17,2024-10-17,24150.00,CE,NIFTY24O1724150CE,0.00,0.00,0.00,1489.30,0.00,1489.30,25013.15,913.25,0,0,0,0.00,0,F1,25,,,,,
2024-10-08,2024-10-08,FO,NSE,IDO,47962,,NIFTY,,2024-11-28,2024-11-28,25300.00,CE,NIFTY24NOV25300CE,434.45,545.35,430.45,525.20,539.90,442.05,25013.15,525.20,39650,1175,1351,871020352.50,620,F1,25,,,,,
2024-10-08,2024-10-08,FO,NSE,IDO,47966,,NIFTY,,2024-11-28,2024-11-28,25300.00,PE,NIFTY24NOV25300PE,622.95,636.90,494.50,527.45,504.15,598.55,25013.15,527.45,70500,7100,1361,879529420.00,551,F1,25,,,,,
2024-10-08,2024-10-08,FO,NSE,IDO,54786,,NIFTY,,2024-10-31,2024-10-31,25300.00,CE,NIFTY24OCT25300CE,210.05,279.95,192.00,252.80,256.10,207.55,25013.15,252.80,859525,-63400,39090,24955903197.50,11901,F1,25,,,,,
2024-10-08,2024-10-08,FO,NSE,IDO,44144,,NIFTY,,2024-10-24,2024-10-24,25300.00,CE,NIFTY24O2425300CE,168.30,213.85,144.95,189.95,195.00,160.30,25013.15,189.95,26650,5800,1783,1135778407.50,1032,F1,25,,,,,
2024-10-08,2024-10-08,FO,NSE,IDO,48659,,NIFTY,,2024-12-26,2024-12-26,25300.00,CE,NIFTY24DEC25300CE,600.00,736.10,600.00,716.15,703.30,636.85,25013.15,716.15,8050,-775,369,239580090.00,116,F1,25,,,,,
2024-10-08,2024-10-08,FO,NSE,IDO,51000,,NIFTY,,2024-12-26,2024-12-26,25300.00,PE,NIFTY24DEC25300PE,661.85,675.00,574.55,593.30,589.35,634.60,25013.15,593.30,5050,1750,232,150379006.25,48,F1,25,,,,,
2024-10-08,2024-10-08,FO,NSE,IDO,49085,,NIFTY,,2024-10-10,2024-10-10,25750.00,CE,NIFTY24O1025750CE,6.95,9.25,3.15,3.70,4.00,7.10,25013.15,3.70,1238450,49600,502631,323624946058.75,73277,F1,25,,,,,
2024-10-08,2024-10-08,FO,NSE,IDO,43482,,NIFTY,,2024-12-26,2024-12-26,24800.00,CE,NIFTY24DEC24800CE,932.60,1067.55,900.00,1034.40,1031.20,932.60,25013.15,1034.40,2175,-2225,337,217179363.75,123,F1,25,,,,,
2024-10-08,2024-10-08,FO,NSE,IDO,48252,,NIFTY,,2024-10-17,2024-10-17,24800.00,PE,NIFTY24O1724800PE,202.00,243.95,117.00,139.20,135.00,210.95,25013.15,139.20,439675,77025,132830,82940365135.00,35562,F1,25,,,,,
2024-10-08,2024-10-08,FO,NSE,IDO,43900,,NIFTY,,2024-10-24,2024-10-24,24800.00,PE,NIFTY24O2424800PE,267.05,283.10,160.25,179.55,182.50,254.50,25013.15,179.55,24575,5925,2776,1736365320.00,1188,F1,25,,,,,
2024-10-08,2024-10-08,FO,NSE,IDO,47151,,NIFTY,,2024-10-10,2024-10-10,24800.00,PE,NIFTY24O1024800PE,145.00,195.50,54.00,70.45,64.00,161.00,25013.15,70.45,3021225,712975,3584739,2232677634521.25,1111454,F1,25,,,,,
2024-10-08,2024-10-08,FO,NSE,IDO,54906,,NIFTY,,2024-12-26,2024-12-26,25850.00,CE,NIFTY24DEC25850CE,0.00,0.00,0.00,374.30,374.30,374.30,25013.15,443.10,1575,0,0,0.00,0,F1,25,,,,,
2024-10-08,2024-10-08,FO,NSE,IDO,50477,,NIFTY,,2024-11-07,2024-11-07,25850.00,PE,NIFTY24N0725850PE,0.00,0.00,0.00,749.35,0.00,749.35,25013.15,840.00,0,0,0,0.00,0,F1,25,,,,,
2024-10-08,2024-10-08,FO,NSE,IDO,48488,,NIFTY,,2024-10-17,2024-10-17,25850.00,CE,NIFTY24O1725850CE,25.00,26.40,17.80,21.00,21.45,24.55,25013.15,21.00,115850,11900,12797,8277060671.25,5820,F1,25,,,,,
2024-10-08,2024-10-08,FO,NSE,IDO,35237,,NIFTY,,2026-12-31,2026-12-31,30000.00,PE,NIFTY26DEC30000PE,0.00,0.00,0.00,5003.20,0.00,5003.20,25013.15,2511.50,0,0,0,0.00,0,F1,25,,,,,
2024-10-08,2024-10-08,FO,NSE,IDO,48489,,NIFTY,,2024-10-17,2024-10-17,25850.00,PE,NIFTY24O1725850PE,939.20,939.20,856.00,907.55,907.55,978.10,25013.15,812.45,4275,-125,20,13366925.00,6,F1,25,,,,,
2024-10-08,2024-10-08,FO,NSE,IDO,48084,,NIFTY,,2024-11-28,2024-11-28,25850.00,CE,NIFTY24NOV25850CE,227.95,292.90,214.50,275.00,275.00,235.95,25013.15,275.00,4875,750,84,54824573.75,25,F1,25,,,,,
2024-10-08,2024-10-08,FO,NSE,IDO,49084,,NIFTY,,2024-10-10,2024-10-10,25700.00,PE,NIFTY24O1025700PE,890.00,914.30,653.00,719.70,703.25,866.20,25013.15,719.70,448975,-98225,12177,8064176920.00,3029,F1,25,,,,,
2024-10-08,2024-10-08,FO,NSE,IDO,48074,,NIFTY,,2024-11-28,2024-11-28,25700.00,CE,NIFTY24NOV25700CE,276.55,352.95,266.80,338.75,337.05,277.10,25013.15,338.75,88600,-1275,1971,1281361853.75,847,F1,25,,,,,
2024-10-08,2024-10-08,FO,NSE,IDO,62889,,NIFTY,,2024-10-31,2024-10-31,25700.00,CE,NIFTY24OCT25700CE,95.00,122.45,80.00,108.50,109.45,88.35,25013.15,108.50,1061650,-63550,61923,39944316910.00,19025,F1,25,,,,,
2024-10-08,2024-10-08,FO,NSE,IDO,48517,,NIFTY,,2024-10-17,2024-10-17,26400.00,CE,NIFTY24O1726400CE,5.30,12.20,5.30,7.05,7.30,9.75,25013.15,7.05,150300,55300,9686,6394587046.25,2509,F1,25,,,,,
2024-10-08,2024-10-08,FO,NSE,IDO,48519,,NIFTY,,2024-10-17,2024-10-17,26400.00,PE,NIFTY24O1726400PE,1325.00,1370.30,1325.00,1370.30,1370.30,1208.15,25013.15,1370.30,6300,975,43,29850807.50,5,F1,25,,,,,
2024-10-08,2024-10-08,FO,NSE,IDO,62918,,NIFTY,,2024-10-31,2024-10-31,26400.00,PE,NIFTY24OCT26400PE,1398.55,1467.20,1194.10,1256.40,1255.00,1422.10,25013.15,1256.40,213175,-8375,456,316060691.25,329,F1,25,,,,,
2024-10-08,2024-10-08,FO,NSE,IDO,44643,,NIFTY,,2024-10-24,2024-10-24,26400.00,CE,NIFTY24O2426400CE,19.60,20.00,14.60,17.05,14.70,19.60,25013.15,17.05,26425,625,649,428621385.00,252,F1,25,,,,,
2024-10-08,2024-10-08,FO,NSE,IDO,50274,,NIFTY,,2024-10-10,2024-10-10,27250.00,PE,NIFTY24O1027250PE,0.00,0.00,0.00,1960.00,0.00,1960.00,25013.15,2226.75,0,0,0,0.00,0,F1,25,,,,,
2024-10-08,2024-10-08,FO,NSE,IDO,36688,,NIFTY,,2025-12-24,2025-12-24,19500.00,CE,NIFTY25DEC19500CE,0.00,0.00,0.00,6500.00,6500.00,6500.00,25013.15,7060.70,1525,0,0,0.00,0,F1,25,,,,,
2024-10-08,2024-10-08,FO,NSE,IDO,62966,,NIFTY,,2024-10-31,2024-10-31,27250.00,PE,NIFTY24OCT27250PE,0.00,0.00,0.00,1143.05,1143.05,1143.05,25013.15,2124.10,0,0,0,0.00,0,F1,25,,,,,
2024-10-08,2024-10-08,FO,NSE,IDO,44182,,NIFTY,,2024-10-24,2024-10-24,25350.00,CE,NIFTY24O2425350CE,145.70,190.00,135.30,168.55,174.15,138.80,25013.15,168.55,3800,-550,245,156304945.00,79,F1,25,,,,,
2024-10-08,2024-10-08,FO,NSE,IDO,50442,,NIFTY,,2024-11-07,2024-11-07,25350.00,PE,NIFTY24N0725350PE,0.00,0.00,0.00,469.95,0.00,469.95,25013.15,503.30,0,0,0,0.00,0,F1,25,,,,,
2024-10-08,2024-10-08,FO,NSE,IDO,62863,,NIFTY,,2024-10-31,2024-10-31,25350.00,CE,NIFTY24OCT25350CE,188.65,254.35,175.00,225.80,235.00,187.45,25013.15,225.80,41350,-3300,2724,1740565951.25,1058,F1,25,,,,,
2024-10-08,2024-10-08,FO,NSE,IDO,51394,,NIFTY,,2024-12-26,2024-12-26,25350.00,PE,NIFTY24DEC25350PE,0.00,0.00,0.00,465.30,465.30,465.30,25013.15,626.45,200,0,0,0.00,0,F1,25,,,,,
2024-10-08,2024-10-08,FO,NSE,IDO,48642,,NIFTY,,2024-10-10,2024-10-10,25350.00,PE,NIFTY24O1025350PE,551.45,588.15,325.20,385.80,370.10,533.10,25013.15,385.80,564675,-11850,12606,8126623098.75,4547,F1,25,,,,,
2024-10-08,2024-10-08,FO,NSE,IDO,50414,,NIFTY,,2024-11-07,2024-11-07,24750.00,PE,NIFTY24N0724750PE,327.00,343.35,327.00,343.35,343.35,328.00,25013.15,224.55,150,100,4,2508108.75,3,F1,25,,,,,
2024-10-08,2024-10-08,FO,NSE,IDO,62892,,NIFTY,,2024-10-31,2024-10-31,25750.00,PE,NIFTY24OCT25750PE,835.55,864.30,660.00,710.95,687.60,835.60,25013.15,710.95,33650,-6900,450,298362905.00,94,F1,25,,,,,
2024-10-08,2024-10-08,FO,NSE,IDO,64207,,NIFTY,,2024-12-26,2024-12-26,27950.00,PE,NIFTY24DEC27950PE,0.00,0.00,0.00,1620.80,0.00,1620.80,25013.15,2581.20,0,0,0,0.00,0,F1,25,,,,,
2024-10-08,2024-10-08,FO,NSE,IDO,50415,,NIFTY,,2024-10-10,2024-10-10,27950.00,CE,NIFTY24O1027950CE,1.55,2.25,0.95,1.40,1.30,2.45,25013.15,1.40,14041775,592400,614350,429302310156.25,39808,F1,25,,,,,
2024-10-08,2024-10-08,FO,NSE,IDO,48858,,NIFTY,,2024-10-17,2024-10-17,27950.00,CE,NIFTY24O1727950CE,4.20,4.75,2.85,3.55,3.30,3.85,25013.15,3.55,194450,175950,18652,13034921211.25,1854,F1,25,,,,,
2024-10-08,2024-10-08,FO,NSE,IDO,48909,,NIFTY,,2024-10-31,2024-10-31,22650.00,PE,NIFTY24OCT22650PE,27.50,27.50,17.10,17.65,17.75,26.20,25013.15,17.65,7500,-850,161,91251627.50,67,F1,25,,,,,
2024-10-08,2024-10-08,FO,NSE,IDO,50560,,NIFTY,,2024-11-07,2024-11-07,27000.00,PE,NIFTY24N0727000PE,0.00,0.00,0.00,1637.25,0.00,1637.25,25013.15,1852.60,0,0,0,0.00,0,F1,25,,,,,
2024-10-08,2024-10-08,FO,NSE,IDO,50971,,NIFTY,,2025-12-24,2025-12-24,27000.00,CE,NIFTY25DEC27000CE,1615.85,1750.00,1595.00,1689.30,1673.05,1615.85,25013.15,1689.30,50300,1250,115,82422152.50,97,F1,25,,,,,
2024-10-08,2024-10-08,FO,NSE,IDO,50241,,NIFTY,,2024-10-10,2024-10-10,26950.00,PE,NIFTY24O1026950PE,0.00,0.00,0.00,1688.35,0.00,1688.35,25013.15,1926.90,0,0,0,0.00,0,F1,25,,,,,
2024-10-08,2024-10-08,FO,NSE,IDO,50984,,NIFTY,,2027-06-24,2027-06-24,27000.00,PE,NIFTY27JUN27000PE,0.00,0.00,0.00,6273.45,0.00,6273.45,25013.15,1119.75,0,0,0,0.00,0,F1,25,,,,,
2024-10-08,2024-10-08,FO,NSE,IDO,48179,,NIFTY,,2024-11-28,2024-11-28,26950.00,PE,NIFTY24NOV26950PE,0.00,0.00,0.00,1668.20,0.00,1668.20,25013.15,1750.05,0,0,0,0.00,0,F1,25,,,,,
2024-10-08,2024-10-08,FO,NSE,IDO,50555,,NIFTY,,2024-11-07,2024-11-07,26950.00,CE,NIFTY24N0726950CE,0.00,0.00,0.00,57.00,57.00,57.00,25013.15,17.00,25,0,0,0.00,0,F1,25,,,,,
2024-10-08,2024-10-08,FO,NSE,IDO,50243,,NIFTY,,2024-10-10,2024-10-10,27000.00,CE,NIFTY24O1027000CE,1.50,2.30,1.20,1.45,1.80,2.55,25013.15,1.45,8522275,-1609400,580460,391835190963.75,50975,F1,25,,,,,
2024-10-08,2024-10-08,FO,NSE,IDO,62949,,NIFTY,,2024-10-31,2024-10-31,26950.00,CE,NIFTY24OCT26950CE,13.50,13.50,10.05,11.40,12.10,13.50,25013.15,11.40,34700,-1525,336,226478306.25,59,F1,25,,,,,
2024-10-08,2024-10-08,FO,NSE,IDO,64577,,NIFTY,,2025-03-27,2025-03-27,27000.00,PE,NIFTY25MAR27000PE,1634.00,1678.95,1514.55,1544.05,1517.35,1629.15,25013.15,1544.05,141775,1450,1406,1005010146.25,805,F1,25,,,,,
2024-10-08,2024-10-08,FO,NSE,IDO,50976,,NIFTY,,2026-06-25,2026-06-25,27000.00,PE,NIFTY26JUN27000PE,0.00,0.00,0.00,6810.70,0.00,6810.70,25013.15,1330.30,0,0,0,0.00,0,F1,25,,,,,
2024-10-08,2024-10-08,FO,NSE,IDO,50972,,NIFTY,,2025-12-24,2025-12-24,27000.00,PE,NIFTY25DEC27000PE,1750.00,1800.00,1711.00,1721.00,1721.00,1757.55,25013.15,1721.00,64450,600,112,80497358.75,76,F1,25,,,,,
2024-10-08,2024-10-08,FO,NSE,IDO,42785,,NIFTY,,2024-10-17,2024-10-17,23100.00,CE,NIFTY24O1723100CE,0.00,0.00,0.00,2460.25,0.00,2460.25,25013.15,1951.60,0,0,0,0.00,0,F1,25,,,,,
2024-10-08,2024-10-08,FO,NSE,IDO,43379,,NIFTY,,2024-10-24,2024-10-24,23100.00,PE,NIFTY24O2423100PE,10.80,20.00,10.75,15.95,16.95,9.85,25013.15,15.95,3575,3575,193,111535963.75,31,F1,25,,,,,
2024-10-08,2024-10-08,FO,NSE,IDO,62920,,NIFTY,,2024-10-31,2024-10-31,26450.00,PE,NIFTY24OCT26450PE,1460.00,1473.00,1419.15,1419.15,1419.15,1472.00,25013.15,1351.55,11200,0,7,4884145.00,4,F1,25,,,,,
2024-10-08,2024-10-08,FO,NSE,IDO,50516,,NIFTY,,2024-11-07,2024-11-07,26450.00,CE,NIFTY24N0726450CE,0.00,0.00,0.00,161.45,0.00,161.45,25013.15,49.50,0,0,0,0.00,0,F1,25,,,,,
2024-10-08,2024-10-08,FO,NSE,IDO,64120,,NIFTY,,2024-12-26,2024-12-26,26450.00,PE,NIFTY24DEC26450PE,0.00,0.00,0.00,731.60,0.00,731.60,25013.15,1312.40,0,0,0,0.00,0,F1,25,,,,,
2024-10-08,2024-10-08,FO,NSE,IDO,48120,,NIFTY,,2024-11-28,2024-11-28,26450.00,PE,NIFTY24NOV26450PE,0.00,0.00,0.00,852.85,852.85,852.85,25013.15,1322.05,250,0,0,0.00,0,F1,25,,,,,
2024-10-08,2024-10-08,FO,NSE,IDO,48119,,NIFTY,,2024-11-28,2024-11-28,26450.00,CE,NIFTY24NOV26450CE,120.00,120.00,106.90,109.60,117.55,499.50,25013.15,109.60,100,100,7,4648706.25,3,F1,25,,,,,
2024-10-08,2024-10-08,FO,NSE,IDO,48529,,NIFTY,,2024-10-17,2024-10-17,26450.00,PE,NIFTY24O1726450PE,1541.20,1566.45,1541.20,1566.45,1566.45,1075.05,25013.15,1394.00,100,100,8,5600765.00,2,F1,25,,,,,
2024-10-08,2024-10-08,FO,NSE,IDO,48520,,NIFTY,,2024-10-17,2024-10-17,26450.00,CE,NIFTY24O1726450CE,5.20,8.55,5.20,6.85,5.55,9.50,25013.15,6.85,17050,3350,1694,1120457901.25,292,F1,25,,,,,
2024-10-08,2024-10-08,FO,NSE,IDO,64119,,NIFTY,,2024-12-26,2024-12-26,26450.00,CE,NIFTY24DEC26450CE,0.00,0.00,0.00,974.65,0.00,974.65,25013.15,259.15,0,0,0,0.00,0,F1,25,,,,,
2024-10-08,2024-10-08,FO,NSE,IDO,86163,,NIFTY,,2028-06-29,2028-06-29,27000.00,CE,NIFTY28JUN27000CE,0.00,0.00,0.00,2885.15,0.00,2885.15,25013.15,4954.55,0,0,0,0.00,0,F1,25,,,,,
2024-10-08,2024-10-08,FO,NSE,IDO,62950,,NIFTY,,2024-10-31,2024-10-31,26950.00,PE,NIFTY24OCT26950PE,1942.90,1942.90,1760.80,1760.80,1760.80,1016.55,25013.15,1760.80,225,0,8,5760370.00,3,F1,25,,,,,
2024-10-08,2024-10-08,FO,NSE,IDO,64698,,NIFTY,,2025-09-25,2025-09-25,27000.00,CE,NIFTY25SEP27000CE,0.00,0.00,0.00,2279.95,0.00,2279.95,25013.15,1224.45,0,0,0,0.00,0,F1,25,,,,,
2024-10-08,2024-10-08,FO,NSE,IDO,86164,,NIFTY,,2028-06-29,2028-06-29,27000.00,PE,NIFTY28JUN27000PE,0.00,0.00,0.00,2752.35,0.00,2752.35,25013.15,937.35,0,0,0,0.00,0,F1,25,,,,,
2024-10-08,2024-10-08,FO,NSE,IDO,50966,,NIFTY,,2024-12-26,2024-12-26,27000.00,CE,NIFTY24DEC27000CE,109.70,121.85,95.30,115.45,119.00,104.65,25013.15,115.45,1827700,-7475,23568,15971220608.75,9019,F1,25,,,,,
2024-10-08,2024-10-08,FO,NSE,IDO,62951,,NIFTY,,2024-10-31,2024-10-31,27000.00,CE,NIFTY24OCT27000CE,12.05,13.00,10.15,11.50,12.00,13.15,25013.15,11.50,7078150,252150,69003,46596855868.75,15298,F1,25,,,,,
2024-10-08,2024-10-08,FO,NSE,IDO,50379,,NIFTY,,2024-11-07,2024-11-07,24100.00,CE,NIFTY24N0724100CE,0.00,0.00,0.00,1268.30,1268.30,1268.30,25013.15,1116.10,25,0,0,0.00,0,F1,25,,,,,
2024-10-08,2024-10-08,FO,NSE,IDO,41863,,NIFTY,,2024-12-26,2024-12-26,24100.00,CE,NIFTY24DEC24100CE,0.00,0.00,0.00,2652.20,0.00,2652.20,25013.15,1449.60,0,0,0,0.00,0,F1,25,,,,,
2024-10-08,2024-10-08,FO,NSE,IDO,42955,,NIFTY,,2024-11-28,2024-11-28,24100.00,CE,NIFTY24NOV24100CE,1219.60,1220.20,1219.60,1220.20,1220.20,1702.80,25013.15,1265.90,150,25,3,1899000.00,3,F1,25,,,,,
2024-10-08,2024-10-08,FO,NSE,IDO,43598,,NIFTY,,2024-10-24,2024-10-24,23950.00,CE,NIFTY24O2423950CE,0.00,0.00,0.00,1688.65,0.00,1688.65,25013.15,1150.30,0,0,0,0.00,0,F1,25,,,,,
2024-10-08,2024-10-08,FO,NSE,IDO,50412,,NIFTY,,2024-10-10,2024-10-10,27900.00,PE,NIFTY24O1027900PE,0.00,0.00,0.00,2660.10,2660.10,2660.10,25013.15,2876.55,250,0,0,0.00,0,F1,25,,,,,
2024-10-08,2024-10-08,FO,NSE,IDO,47137,,NIFTY,,2024-10-10,2024-10-10,24550.00,PE,NIFTY24O1024550PE,74.85,107.70,24.70,29.80,26.50,81.45,25013.15,29.80,679125,303950,717744,441462849256.25,223823,F1,25,,,,,
2024-10-08,2024-10-08,FO,NSE,IDO,86150,,NIFTY,,2028-06-29,2028-06-29,23000.00,PE,NIFTY28JUN23000PE,0.00,0.00,0.00,1399.25,0.00,1399.25,25013.15,280.40,0,0,0,0.00,0,F1,25,,,,,
2024-10-08,2024-10-08,FO,NSE,IDO,37805,,NIFTY,,2026-06-25,2026-06-25,23000.00,PE,NIFTY26JUN23000PE,0.00,0.00,0.00,425.05,425.05,425.05,25013.15,279.35,275,0,0,0.00,0,F1,25,,,,,
2024-10-08,2024-10-08,FO,NSE,IDO,89628,,NIFTY,,2029-06-28,2029-06-28,23000.00,CE,NIFTY29JUN23000CE,0.00,0.00,0.00,8636.00,0.00,8636.00,25013.15,8547.25,0,0,0,0.00,0,F1,25,,,,,
2024-10-08,2024-10-08,FO,NSE,IDO,41020,,NIFTY,,2024-12-26,2024-12-26,18500.00,CE,NIFTY24DEC18500CE,0.00,0.00,0.00,6400.00,6400.00,6400.00,25013.15,6781.45,1050,0,0,0.00,0,F1,25,,,,,
2024-10-08,2024-10-08,FO,NSE,IDO,48929,,NIFTY,,2024-10-31,2024-10-31,23000.00,CE,NIFTY24OCT23000CE,1995.00,2210.00,1974.05,2135.00,2155.65,2009.75,25013.15,2135.00,574475,525,1667,1047212848.75,410,F1,25,,,,,
2024-10-08,2024-10-08,FO,NSE,IDO,42474,,NIFTY,,2024-12-26,2024-12-26,24550.00,CE,NIFTY24DEC24550CE,0.00,0.00,0.00,2270.30,0.00,2270.30,25013.15,1123.85,0,0,0,0.00,0,F1,25,,,,,
2024-10-08,2024-10-08,FO,NSE,IDO,43458,,NIFTY,,2024-10-17,2024-10-17,23550.00,PE,NIFTY24O1723550PE,27.50,32.75,12.55,14.90,14.85,27.05,25013.15,14.90,10250,5725,2584,1522843721.25,964,F1,25,,,,,
2024-10-08,2024-10-08,FO,NSE,IDO,43750,,NIFTY,,2024-10-24,2024-10-24,24550.00,PE,NIFTY24O2424550PE,186.70,200.50,112.85,116.80,120.75,177.85,25013.15,116.80,1650,500,97,59944620.00,62,F1,25,,,,,
2024-10-08,2024-10-08,FO,NSE,IDO,67781,,NIFTY,,2028-12-28,2028-12-28,23000.00,PE,NIFTY28DEC23000PE,0.00,0.00,0.00,643.35,700.00,643.35,25013.15,268.50,100,0,0,0.00,0,F1,25,,,,,
2024-10-08,2024-10-08,FO,NSE,IDO,47091,,NIFTY,,2024-10-10,2024-10-10,23550.00,PE,NIFTY24O1023550PE,3.55,6.40,2.10,2.65,2.60,4.30,25013.15,2.65,272050,175,121000,71251941545.00,23026,F1,25,,,,,
2024-10-08,2024-10-08,FO,NSE,IDO,47136,,NIFTY,,2024-10-10,2024-10-10,24550.00,CE,NIFTY24O1024550CE,380.00,526.65,329.50,457.30,476.95,367.45,25013.15,457.30,58525,36175,14534,9064218361.25,6606,F1,25,,,,,
2024-10-08,2024-10-08,FO,NSE,IDO,47090,,NIFTY,,2024-10-10,2024-10-10,23550.00,CE,NIFTY24O1023550CE,0.00,0.00,0.00,1802.55,0.00,1802.55,25013.15,1471.85,0,0,0,0.00,0,F1,25,,,,,
2024-10-08,2024-10-08,FO,NSE,IDO,48198,,NIFTY,,2024-11-28,2024-11-28,27100.00,PE,NIFTY24NOV27100PE,1940.40,1940.40,1940.40,1940.40,1940.40,1972.90,25013.15,1885.25,1925,0,1,726010.00,1,F1,25,,,,,
2024-10-08,2024-10-08,FO,NSE,IDO,44829,,NIFTY,,2024-10-24,2024-10-24,27100.00,CE,NIFTY24O2427100CE,7.45,8.30,6.25,6.65,7.35,8.35,25013.15,6.65,19850,50,99,67090377.50,37,F1,25,,,,,
2024-10-08,2024-10-08,FO,NSE,IDO,48893,,NIFTY,,2024-10-31,2024-10-31,22300.00,PE,NIFTY24OCT22300PE,21.00,24.65,13.35,15.10,14.65,21.20,25013.15,15.10,494200,114300,19874,11087929527.50,6255,F1,25,,,,,
2024-10-08,2024-10-08,FO,NSE,IDO,41905,,NIFTY,,2024-12-26,2024-12-26,24500.00,CE,NIFTY24DEC24500CE,1100.00,1260.00,1100.00,1235.40,1239.10,1136.30,25013.15,1235.40,23275,5000,501,321677255.00,296,F1,25,,,,,
2024-10-08,2024-10-08,FO,NSE,IDO,54754,,NIFTY,,2024-10-31,2024-10-31,24500.00,CE,NIFTY24OCT24500CE,700.00,823.10,645.75,768.45,781.00,675.05,25013.15,768.45,441700,-50500,26840,16927769870.00,7392,F1,25,,,,,
2024-10-08,2024-10-08,FO,NSE,IDO,47134,,NIFTY,,2024-10-10,2024-10-10,24500.00,CE,NIFTY24O1024500CE,411.60,575.00,366.15,506.65,523.00,411.60,25013.15,506.65,264500,-46325,113901,71085628787.50,29840,F1,25,,,,,
2024-10-08,2024-10-08,FO,NSE,IDO,43726,,NIFTY,,2024-10-24,2024-10-24,24500.00,CE,NIFTY24O2424500CE,582.30,748.70,570.05,686.75,706.90,620.90,25013.15,686.75,1250,-325,186,116981620.00,83,F1,25,,,,,
2024-10-08,2024-10-08,FO,NSE,IDO,43727,,NIFTY,,2024-10-24,2024-10-24,24500.00,PE,NIFTY24O2424500PE,159.30,184.55,99.55,110.45,107.90,160.45,25013.15,110.45,57100,13800,4104,2527615088.75,1327,F1,25,,,,,
2024-10-08,2024-10-08,FO,NSE,IDO,50431,,NIFTY,,2024-11-07,2024-11-07,25100.00,CE,NIFTY24N0725100CE,382.15,487.15,362.30,448.90,464.00,386.65,25013.15,448.90,625,350,41,26179005.00,29,F1,25,,,,,
2024-10-08,2024-10-08,FO,NSE,IDO,44104,,NIFTY,,2024-10-24,2024-10-24,25100.00,PE,NIFTY24O2425100PE,417.55,423.00,262.05,290.50,288.30,391.95,25013.15,290.50,23375,2975,988,627742760.00,441,F1,25,,,,,
2024-10-08,2024-10-08,FO,NSE,IDO,50165,,NIFTY,,2024-10-10,2024-10-10,26100.00,PE,NIFTY24O1026100PE,1278.85,1302.65,1047.10,1118.85,1097.70,1254.90,25013.15,1118.85,157150,-5825,413,281273920.00,167,F1,25,,,,,
2024-10-08,2024-10-08,FO,NSE,IDO,48199,,NIFTY,,2024-11-28,2024-11-28,27150.00,CE,NIFTY24NOV27150CE,37.00,40.75,37.00,40.75,40.75,37.90,25013.15,40.75,7525,0,7,4758146.25,5,F1,25,,,,,
2024-10-08,2024-10-08,FO,NSE,IDO,48236,,NIFTY,,2024-11-28,2024-11-28,27750.00,PE,NIFTY24NOV27750PE,0.00,0.00,0.00,2293.70,0.00,2293.70,25013.15,2494.50,0,0,0,0.00,0,F1,25,,,,,
2024-10-08,2024-10-08,FO,NSE,IDO,44833,,NIFTY,,2024-10-24,2024-10-24,27150.00,CE,NIFTY24O2427150CE,7.55,7.55,6.60,7.50,7.50,7.95,25013.15,7.50,1625,0,13,8826157.50,7,F1,25,,,,,
2024-10-08,2024-10-08,FO,NSE,IDO,48647,,NIFTY,,2024-10-17,2024-10-17,27150.00,CE,NIFTY24O1727150CE,4.50,4.85,3.20,3.45,3.20,4.50,25013.15,3.45,11925,3375,431,292583061.25,161,F1,25,,,,,
2024-10-08,2024-10-08,FO,NSE,IDO,44834,,NIFTY,,2024-10-24,2024-10-24,27150.00,PE,NIFTY24O2427150PE,0.00,0.00,0.00,1625.15,0.00,1625.15,25013.15,2057.35,0,0,0,0.00,0,F1,25,,,,,
2024-10-08,2024-10-08,FO,NSE,IDO,64158,,NIFTY,,2024-12-26,2024-12-26,27150.00,PE,NIFTY24DEC27150PE,0.00,0.00,0.00,1099.00,0.00,1099.00,25013.15,1869.85,0,0,0,0.00,0,F1,25,,,,,
2024-10-08,2024-10-08,FO,NSE,IDO,50369,,NIFTY,,2024-10-10,2024-10-10,27750.00,CE,NIFTY24O1027750CE,1.30,2.40,1.20,1.50,1.30,2.50,25013.15,1.50,3465225,1080150,325265,225667178302.50,25945,F1,25,,,,,
2024-10-08,2024-10-08,FO,NSE,IDO,48071,,NIFTY,,2024-10-17,2024-10-17,24300.00,PE,NIFTY24O1724300PE,75.00,104.00,45.10,51.70,55.45,85.85,25013.15,51.70,143575,9000,37788,23020797878.75,13232,F1,25,,,,,
2024-10-08,2024-10-08,FO,NSE,IDO,51398,,NIFTY,,2024-12-26,2024-12-26,25400.00,CE,NIFTY24DEC25400CE,599.95,689.00,575.00,666.70,668.00,580.55,25013.15,666.70,3700,-850,100,65056308.75,41,F1,25,,,,,
2024-10-08,2024-10-08,FO,NSE,IDO,43691,,NIFTY,,2024-10-24,2024-10-24,24300.00,CE,NIFTY24O2424300CE,0.00,0.00,0.00,1385.55,0.00,1385.55,25013.15,833.80,0,0,0,0.00,0,F1,25,,,,,
2024-10-08,2024-10-08,FO,NSE,IDO,44201,,NIFTY,,2024-10-24,2024-10-24,25400.00,PE,NIFTY24O2425400PE,576.00,604.80,449.75,454.60,449.75,580.90,25013.15,454.60,12700,-825,80,51893108.75,26,F1,25,,,,,
2024-10-08,2024-10-08,FO,NSE,IDO,48931,,NIFTY,,2024-10-31,2024-10-31,23050.00,CE,NIFTY24OCT23050CE,0.00,0.00,0.00,2985.95,2986.10,2985.95,25013.15,2062.80,100,0,0,0.00,0,F1,25,,,,,
2024-10-08,2024-10-08,FO,NSE,IDO,42898,,NIFTY,,2024-11-28,2024-11-28,23050.00,PE,NIFTY24NOV23050PE,0.00,0.00,0.00,97.15,0.00,97.15,25013.15,19.35,0,0,0,0.00,0,F1,25,,,,,
2024-10-08,2024-10-08,FO,NSE,IDO,48110,,NIFTY,,2024-11-28,2024-11-28,26350.00,CE,NIFTY24NOV26350CE,106.00,139.20,100.80,137.40,139.20,107.00,25013.15,137.40,4950,-75,36,23828480.00,12,F1,25,,,,,
2024-10-08,2024-10-08,FO,NSE,IDO,62916,,NIFTY,,2024-10-31,2024-10-31,26350.00,PE,NIFTY24OCT26350PE,1368.45,1368.45,1199.55,1199.55,1199.55,1368.40,25013.15,1199.55,36575,0,3,2072772.50,3,F1,25,,,,,
2024-10-08,2024-10-08,FO,NSE,IDO,48515,,NIFTY,,2024-10-17,2024-10-17,26350.00,PE,NIFTY24O1726350PE,0.00,0.00,0.00,511.40,511.40,511.40,25013.15,1294.95,2075,0,0,0.00,0,F1,25,,,,,
2024-10-08,2024-10-08,FO,NSE,IDO,50513,,NIFTY,,2024-11-07,2024-11-07,26350.00,PE,NIFTY24N0726350PE,0.00,0.00,0.00,1099.70,0.00,1099.70,25013.15,1251.25,0,0,0,0.00,0,F1,25,,,,,
2024-10-08,2024-10-08,FO,NSE,IDO,64194,,NIFTY,,2024-12-26,2024-12-26,27650.00,CE,NIFTY24DEC27650CE,54.75,54.75,54.75,54.75,54.75,163.80,25013.15,71.70,175,150,6,4155712.50,2,F1,25,,,,,
2024-10-08,2024-10-08,FO,NSE,IDO,50331,,NIFTY,,2024-11-07,2024-11-07,23350.00,PE,NIFTY24N0723350PE,0.00,0.00,0.00,23.05,0.00,23.05,25013.15,11.30,0,0,0,0.00,0,F1,25,,,,,
2024-10-08,2024-10-08,FO,NSE,IDO,48946,,NIFTY,,2024-10-31,2024-10-31,23350.00,CE,NIFTY24OCT23350CE,0.00,0.00,0.00,1779.50,0.00,1779.50,25013.15,1767.60,0,0,0,0.00,0,F1,25,,,,,
2024-10-08,2024-10-08,FO,NSE,IDO,42912,,NIFTY,,2024-11-28,2024-11-28,23350.00,PE,NIFTY24NOV23350PE,0.00,0.00,0.00,87.25,87.25,87.25,25013.15,35.40,1550,0,0,0.00,0,F1,25,,,,,
2024-10-08,2024-10-08,FO,NSE,IDO,43448,,NIFTY,,2024-10-17,2024-10-17,23350.00,PE,NIFTY24O1723350PE,19.80,25.95,10.30,10.80,11.00,18.85,25013.15,10.80,3875,150,294,171744315.00,109,F1,25,,,,,
2024-10-08,2024-10-08,FO,NSE,IDO,50355,,NIFTY,,2024-10-10,2024-10-10,27650.00,PE,NIFTY24O1027650PE,0.00,0.00,0.00,2335.45,0.00,2335.45,25013.15,2626.65,0,0,0,0.00,0,F1,25,,,,,
2024-10-08,2024-10-08,FO,NSE,IDO,42911,,NIFTY,,2024-11-28,2024-11-28,23350.00,CE,NIFTY24NOV23350CE,0.00,0.00,0.00,2356.20,0.00,2356.20,25013.15,1917.70,0,0,0,0.00,0,F1,25,,,,,
2024-10-08,2024-10-08,FO,NSE,IDO,71365,,NIFTY,,2024-12-26,2024-12-26,26000.00,PE,NIFTY24DEC26000PE,1012.05,1070.95,890.25,939.20,925.00,1021.95,25013.15,939.20,1250050,-112700,13768,9290392015.00,6823,F1,25,,,,,
2024-10-08,2024-10-08,FO,NSE,IDO,89634,,NIFTY,,2029-06-28,2029-06-28,26000.00,CE,NIFTY29JUN26000CE,0.00,0.00,0.00,7052.20,0.00,7052.20,25013.15,6725.95,0,0,0,0.00,0,F1,25,,,,,
2024-10-08,2024-10-08,FO,NSE,IDO,62901,,NIFTY,,2024-10-31,2024-10-31,26000.00,CE,NIFTY24OCT26000CE,45.00,60.95,43.35,53.70,56.00,49.30,25013.15,53.70,4610325,50125,192289,125236451800.00,53418,F1,25,,,,,
2024-10-08,2024-10-08,FO,NSE,IDO,50489,,NIFTY,,2024-11-07,2024-11-07,26000.00,PE,NIFTY24N0726000PE,0.00,0.00,0.00,847.45,0.00,847.45,25013.15,956.80,0,0,0,0.00,0,F1,25,,,,,
2024-10-08,2024-10-08,FO,NSE,IDO,71384,,NIFTY,,2025-06-26,2025-06-26,26000.00,PE,NIFTY25JUN26000PE,1155.15,1155.15,1055.00,1090.00,1090.00,1200.00,25013.15,1090.00,9025,150,37,25068236.25,32,F1,25,,,,,
2024-10-08,2024-10-08,FO,NSE,IDO,71399,,NIFTY,,2025-12-24,2025-12-24,26000.00,CE,NIFTY25DEC26000CE,2129.45,2250.00,2076.65,2228.50,2214.00,2125.55,25013.15,2228.50,35350,-600,125,88051282.50,104,F1,25,,,,,
2024-10-08,2024-10-08,FO,NSE,IDO,86162,,NIFTY,,2028-06-29,2028-06-29,26000.00,PE,NIFTY28JUN26000PE,0.00,0.00,0.00,2370.30,0.00,2370.30,25013.15,721.95,0,0,0,0.00,0,F1,25,,,,,
2024-10-08,2024-10-08,FO,NSE,IDO,50148,,NIFTY,,2024-10-10,2024-10-10,26000.00,CE,NIFTY24O1026000CE,4.20,4.20,2.10,2.35,2.45,4.35,25013.15,2.35,9794850,-391500,1655582,1076245439371.25,200689,F1,25,,,,,
2024-10-08,2024-10-08,FO,NSE,IDO,48494,,NIFTY,,2024-10-17,2024-10-17,26000.00,CE,NIFTY24O1726000CE,18.05,23.00,12.60,14.90,16.00,18.35,25013.15,14.90,1086600,170125,89517,58220545361.25,25884,F1,25,,,,,
2024-10-08,2024-10-08,FO,NSE,IDO,48092,,NIFTY,,2024-11-28,2024-11-28,26000.00,PE,NIFTY24NOV26000PE,1039.95,1069.00,871.15,923.70,906.75,1019.00,25013.15,923.70,357500,-28425,6288,4235966498.75,3428,F1,25,,,,,
2024-10-08,2024-10-08,FO,NSE,IDO,67787,,NIFTY,,2028-12-28,2028-12-28,26000.00,PE,NIFTY28DEC26000PE,0.00,0.00,0.00,1160.95,0.00,1160.95,25013.15,666.75,0,0,0,0.00,0,F1,25,,,,,
2024-10-08,2024-10-08,FO,NSE,IDO,64696,,NIFTY,,2025-09-25,2025-09-25,26000.00,CE,NIFTY25SEP26000CE,0.00,0.00,0.00,2854.15,0.00,2854.15,25013.15,1687.95,0,0,0,0.00,0,F1,25,,,,,
2024-10-08,2024-10-08,FO,NSE,IDO,71364,,NIFTY,,2024-12-26,2024-12-26,26000.00,CE,NIFTY24DEC26000CE,333.95,398.95,313.30,382.30,389.00,328.30,25013.15,382.30,1772050,-36800,24972,16455198781.25,11841,F1,25,,,,,
2024-10-08,2024-10-08,FO,NSE,IDO,71383,,NIFTY,,2025-06-26,2025-06-26,26000.00,CE,NIFTY25JUN26000CE,0.00,0.00,0.00,811.85,0.00,811.85,25013.15,1284.15,0,0,0,0.00,0,F1,25,,,,,
2024-10-08,2024-10-08,FO,NSE,IDO,71403,,NIFTY,,2025-12-24,2025-12-24,26000.00,PE,NIFTY25DEC26000PE,1400.00,1430.00,1320.05,1343.45,1345.00,1367.90,25013.15,1343.45,88000,1975,328,224420511.25,236,F1,25,,,,,
2024-10-08,2024-10-08,FO,NSE,IDO,86161,,NIFTY,,2028-06-29,2028-06-29,26000.00,CE,NIFTY28JUN26000CE,0.00,0.00,0.00,3200.90,0.00,3200.90,25013.15,5516.80,0,0,0,0.00,0,F1,25,,,,,
2024-10-08,2024-10-08,FO,NSE,IDO,71565,,NIFTY,,2027-06-24,2027-06-24,26000.00,PE,NIFTY27JUN26000PE,0.00,0.00,0.00,6202.20,0.00,6202.20,25013.15,843.55,0,0,0,0.00,0,F1,25,,,,,
2024-10-08,2024-10-08,FO,NSE,IDO,50384,,NIFTY,,2024-11-07,2024-11-07,24200.00,PE,NIFTY24N0724200PE,165.30,165.30,126.55,126.55,126.55,165.30,25013.15,85.30,1800,1750,75,45638428.75,14,F1,25,,,,,
2024-10-08,2024-10-08,FO,NSE,IDO,49010,,NIFTY,,2024-10-31,2024-10-31,24200.00,CE,NIFTY24OCT24200CE,914.75,1060.60,871.80,1022.60,1030.05,904.55,25013.15,1022.60,10375,75,150,94451682.50,80,F1,25,,,,,
2024-10-08,2024-10-08,FO,NSE,IDO,48651,,NIFTY,,2024-10-10,2024-10-10,25450.00,PE,NIFTY24O1025450PE,635.00,680.00,412.00,471.20,461.05,626.65,25013.15,471.20,393500,-36675,6192,4021589507.50,2034,F1,25,,,,,
2024-10-08,2024-10-08,FO,NSE,IDO,62990,,NIFTY,,2024-10-31,2024-10-31,27800.00,PE,NIFTY24OCT27800PE,2794.95,2794.95,2608.60,2608.60,2608.60,2287.00,25013.15,2608.60,825,50,16,12200610.00,4,F1,25,,,,,
2024-10-08,2024-10-08,FO,NSE,IDO,48238,,NIFTY,,2024-11-28,2024-11-28,27800.00,PE,NIFTY24NOV27800PE,0.00,0.00,0.00,2335.20,0.00,2335.20,25013.15,2542.50,0,0,0,0.00,0,F1,25,,,,,
2024-10-08,2024-10-08,FO,NSE,IDO,43527,,NIFTY,,2024-10-24,2024-10-24,23650.00,PE,NIFTY24O2423650PE,42.55,42.55,30.00,34.85,34.85,46.00,25013.15,5.40,8725,25,14,8289191.25,12,F1,25,,,,,
2024-10-08,2024-10-08,FO,NSE,IDO,50353,,NIFTY,,2024-11-07,2024-11-07,23650.00,PE,NIFTY24N0723650PE,0.00,0.00,0.00,62.50,62.50,62.50,25013.15,24.95,25,0,0,0.00,0,F1,25,,,,,
2024-10-08,2024-10-08,FO,NSE,IDO,50352,,NIFTY,,2024-11-07,2024-11-07,23650.00,CE,NIFTY24N0723650CE,0.00,0.00,0.00,1806.60,0.00,1806.60,25013.15,1518.95,0,0,0,0.00,0,F1,25,,,,,
2024-10-08,2024-10-08,FO,NSE,IDO,50377,,NIFTY,,2024-10-10,2024-10-10,27800.00,PE,NIFTY24O1027800PE,0.00,0.00,0.00,2440.00,2440.00,2440.00,25013.15,2776.55,25,0,0,0.00,0,F1,25,,,,,
2024-10-08,2024-10-08,FO,NSE,IDO,47095,,NIFTY,,2024-10-10,2024-10-10,23650.00,PE,NIFTY24O1023650PE,3.00,8.90,0.05,3.10,3.05,5.80,25013.15,3.10,456800,183500,138023,81624145428.75,26279,F1,25,,,,,
2024-10-08,2024-10-08,FO,NSE,IDO,43526,,NIFTY,,2024-10-24,2024-10-24,23650.00,CE,NIFTY24O2423650CE,0.00,0.00,0.00,1962.65,0.00,1962.65,25013.15,1438.45,0,0,0,0.00,0,F1,25,,,,,
2024-10-08,2024-10-08,FO,NSE,IDO,71363,,NIFTY,,2024-12-26,2024-12-26,25000.00,PE,NIFTY24DEC25000PE,522.10,559.95,457.00,480.90,476.00,531.50,25013.15,480.90,2145425,-51000,21820,13911831557.50,9541,F1,25,,,,,
2024-10-08,2024-10-08,FO,NSE,IDO,71563,,NIFTY,,2027-06-24,2027-06-24,25000.00,PE,NIFTY27JUN25000PE,0.00,0.00,0.00,5619.05,0.00,5619.05,25013.15,616.30,0,0,0,0.00,0,F1,25,,,,,
2024-10-08,2024-10-08,FO,NSE,IDO,62894,,NIFTY,,2024-10-31,2024-10-31,25800.00,PE,NIFTY24OCT25800PE,856.20,912.35,684.75,745.15,732.10,860.25,25013.15,745.15,989050,-18175,5387,3582174580.00,2127,F1,25,,,,,
2024-10-08,2024-10-08,FO,NSE,IDO,71503,,NIFTY,,2026-12-31,2026-12-31,25000.00,CE,NIFTY26DEC25000CE,0.00,0.00,0.00,1811.20,0.00,1811.20,25013.15,4154.10,0,0,0,0.00,0,F1,25,,,,,
2024-10-08,2024-10-08,FO,NSE,IDO,49832,,NIFTY,,2024-10-10,2024-10-10,25800.00,CE,NIFTY24O1025800CE,5.00,9.90,2.80,3.25,3.30,6.25,25013.15,3.25,3792375,-744800,1089912,703102777216.25,128471,F1,25,,,,,
2024-10-08,2024-10-08,FO,NSE,IDO,43959,,NIFTY,,2024-10-24,2024-10-24,25000.00,CE,NIFTY24O2425000CE,291.85,379.60,267.00,329.05,345.00,284.65,25013.15,329.05,61875,28600,8210,5198459670.00,3519,F1,25,,,,,
2024-10-08,2024-10-08,FO,NSE,IDO,47620,,NIFTY,,2024-11-28,2024-11-28,25000.00,CE,NIFTY24NOV25000CE,620.00,732.00,584.60,697.85,705.00,604.10,25013.15,697.85,343150,98175,18419,11819000861.25,10400,F1,25,,,,,
2024-10-08,2024-10-08,FO,NSE,IDO,86160,,NIFTY,,2028-06-29,2028-06-29,25000.00,PE,NIFTY28JUN25000PE,0.00,0.00,0.00,2016.80,0.00,2016.80,25013.15,542.35,0,0,0,0.00,0,F1,25,,,,,
2024-10-08,2024-10-08,FO,NSE,IDO,71398,,NIFTY,,2025-12-24,2025-12-24,25000.00,PE,NIFTY25DEC25000PE,1062.00,1100.05,1015.05,1039.45,1029.75,1062.00,25013.15,1039.45,184175,2050,560,364723382.50,388,F1,25,,,,,
2024-10-08,2024-10-08,FO,NSE,IDO,48486,,NIFTY,,2024-10-17,2024-10-17,25800.00,CE,NIFTY24O1725800CE,28.00,29.90,19.25,23.95,26.10,26.95,25013.15,23.95,434875,115825,56197,36281182983.75,20242,F1,25,,,,,
2024-10-08,2024-10-08,FO,NSE,IDO,64695,,NIFTY,,2025-09-25,2025-09-25,25000.00,PE,NIFTY25SEP25000PE,0.00,0.00,0.00,538.60,0.00,538.60,25013.15,667.05,0,0,0,0.00,0,F1,25,,,,,
2024-10-08,2024-10-08,FO,NSE,IDO,48297,,NIFTY,,2024-10-17,2024-10-17,25000.00,PE,NIFTY24O1725000PE,294.95,337.30,173.70,206.75,199.15,300.00,25013.15,206.75,807925,353450,175046,110433032666.25,44336,F1,25,,,,,
2024-10-08,2024-10-08,FO,NSE,IDO,54774,,NIFTY,,2024-10-31,2024-10-31,25000.00,CE,NIFTY24OCT25000CE,354.05,454.00,328.25,411.45,423.95,350.20,25013.15,411.45,3475500,393150,226615,143851591723.75,85872,F1,25,,,,,
2024-10-08,2024-10-08,FO,NSE,IDO,44431,,NIFTY,,2024-10-24,2024-10-24,25800.00,PE,NIFTY24O2425800PE,931.05,931.05,735.80,755.00,755.00,931.05,25013.15,775.75,11150,-175,13,8632482.50,7,F1,25,,,,,
2024-10-08,2024-10-08,FO,NSE,IDO,62893,,NIFTY,,2024-10-31,2024-10-31,25800.00,CE,NIFTY24OCT25800CE,77.00,96.50,64.00,84.55,86.00,70.75,25013.15,84.55,1532650,52225,76945,49781836046.25,24907,F1,25,,,,,
2024-10-08,2024-10-08,FO,NSE,IDO,44015,,NIFTY,,2024-10-24,2024-10-24,25000.00,PE,NIFTY24O2425000PE,340.00,378.20,220.00,252.95,245.60,333.80,25013.15,252.95,110600,35525,6577,4155600695.00,3147,F1,25,,,,,
2024-10-08,2024-10-08,FO,NSE,IDO,64686,,NIFTY,,2025-09-25,2025-09-25,21000.00,CE,NIFTY25SEP21000CE,0.00,0.00,0.00,6742.10,0.00,6742.10,25013.15,5383.35,0,0,0,0.00,0,F1,25,,,,,
2024-10-08,2024-10-08,FO,NSE,IDO,47808,,NIFTY,,2024-11-28,2024-11-28,25100.00,PE,NIFTY24NOV25100PE,495.00,539.50,419.05,452.05,444.80,505.75,25013.15,452.05,62000,17500,3429,2191220148.75,2120,F1,25,,,,,
2024-10-08,2024-10-08,FO,NSE,IDO,48321,,NIFTY,,2024-10-17,2024-10-17,25100.00,PE,NIFTY24O1725100PE,347.00,394.10,211.60,248.45,243.05,359.00,25013.15,248.45,182825,84425,36418,23099371672.50,12142,F1,25,,,,,
2024-10-08,2024-10-08,FO,NSE,IDO,43493,,NIFTY,,2024-10-17,2024-10-17,23600.00,CE,NIFTY24O1723600CE,1492.70,1495.05,1492.70,1495.05,1495.05,1250.00,25013.15,1452.85,150,100,4,2509446.25,4,F1,25,,,,,
2024-10-08,2024-10-08,FO,NSE,IDO,47092,,NIFTY,,2024-10-10,2024-10-10,23600.00,CE,NIFTY24O1023600CE,1315.95,1456.65,1304.85,1386.65,1386.65,1258.95,25013.15,1386.65,650,300,138,86114801.25,42,F1,25,,,,,
2024-10-08,2024-10-08,FO,NSE,IDO,50349,,NIFTY,,2024-11-07,2024-11-07,23600.00,PE,NIFTY24N0723600PE,48.20,48.20,48.20,48.20,48.20,68.30,25013.15,22.00,225,25,1,591205.00,1,F1,25,,,,,
2024-10-08,2024-10-08,FO,NSE,IDO,48966,,NIFTY,,2024-10-31,2024-10-31,23600.00,CE,NIFTY24OCT23600CE,0.00,0.00,0.00,1425.00,1425.00,1425.00,25013.15,1525.40,5825,0,0,0.00,0,F1,25,,,,,
2024-10-08,2024-10-08,FO,NSE,IDO,47093,,NIFTY,,2024-10-10,2024-10-10,23600.00,PE,NIFTY24O1023600PE,4.35,7.40,2.05,2.80,2.50,4.70,25013.15,2.80,1293150,432425,405442,239256610871.25,68287,F1,25,,,,,
2024-10-08,2024-10-08,FO,NSE,IDO,48967,,NIFTY,,2024-10-31,2024-10-31,23600.00,PE,NIFTY24OCT23600PE,59.00,71.40,39.55,42.10,41.35,64.00,25013.15,42.10,178150,54475,23158,13693097126.25,7690,F1,25,,,,,
2024-10-08,2024-10-08,FO,NSE,IDO,50347,,NIFTY,,2024-11-07,2024-11-07,23600.00,CE,NIFTY24N0723600CE,0.00,0.00,0.00,1852.45,0.00,1852.45,25013.15,1565.70,0,0,0,0.00,0,F1,25,,,,,
2024-10-08,2024-10-08,FO,NSE,IDO,43524,,NIFTY,,2024-10-24,2024-10-24,23600.00,CE,NIFTY24O2423600CE,0.00,0.00,0.00,2009.30,0.00,2009.30,25013.15,1487.30,0,0,0,0.00,0,F1,25,,,,,
2024-10-08,2024-10-08,FO,NSE,IDO,48905,,NIFTY,,2024-10-31,2024-10-31,22550.00,PE,NIFTY24OCT22550PE,22.95,26.85,15.15,16.25,16.30,25.50,25013.15,16.25,6325,825,340,191839398.75,113,F1,25,,,,,
2024-10-08,2024-10-08,FO,NSE,IDO,58633,,NIFTY,,2026-12-31,2026-12-31,14000.00,PE,NIFTY26DEC14000PE,0.00,0.00,0.00,20.70,20.70,20.70,25013.15,0.20,1075,0,0,0.00,0,F1,25,,,,,
2024-10-08,2024-10-08,FO,NSE,IDO,50360,,NIFTY,,2024-10-10,2024-10-10,27700.00,CE,NIFTY24O1027700CE,1.10,2.10,1.05,1.25,1.20,2.55,25013.15,1.25,746000,-289325,99390,68831426963.75,9998,F1,25,,,,,
2024-10-08,2024-10-08,FO,NSE,IDO,48645,,NIFTY,,2024-10-17,2024-10-17,27100.00,CE,NIFTY24O1727100CE,4.40,5.25,3.65,3.90,3.95,4.95,25013.15,3.90,46975,1475,1552,1051636325.00,318,F1,25,,,,,
2024-10-08,2024-10-08,FO,NSE,IDO,62957,,NIFTY,,2024-10-31,2024-10-31,27100.00,CE,NIFTY24OCT27100CE,11.00,12.80,8.25,9.25,8.85,11.10,25013.15,9.25,515000,-225,6353,4305652771.25,2249,F1,25,,,,,
2024-10-08,2024-10-08,FO,NSE,IDO,48234,,NIFTY,,2024-11-28,2024-11-28,27700.00,PE,NIFTY24NOV27700PE,0.00,0.00,0.00,2252.45,0.00,2252.45,25013.15,2446.60,0,0,0,0.00,0,F1,25,,,,,
2024-10-08,2024-10-08,FO,NSE,IDO,62983,,NIFTY,,2024-10-31,2024-10-31,27700.00,CE,NIFTY24OCT27700CE,8.80,8.85,6.10,7.00,6.65,8.85,25013.15,7.00,236175,6200,4874,3376117568.75,1003,F1,25,,,,,
2024-10-08,2024-10-08,FO,NSE,IDO,48196,,NIFTY,,2024-11-28,2024-11-28,27100.00,CE,NIFTY24NOV27100CE,23.35,45.50,23.35,42.65,42.50,37.05,25013.15,42.65,9700,-1700,361,244938936.25,84,F1,25,,,,,
2024-10-08,2024-10-08,FO,NSE,IDO,48779,,NIFTY,,2024-10-17,2024-10-17,27700.00,PE,NIFTY24O1727700PE,0.00,0.00,0.00,2150.95,0.00,2150.95,25013.15,2640.80,0,0,0,0.00,0,F1,25,,,,,
2024-10-08,2024-10-08,FO,NSE,IDO,50164,,NIFTY,,2024-10-10,2024-10-10,26100.00,CE,NIFTY24O1026100CE,3.80,3.80,1.65,1.85,1.80,3.95,25013.15,1.85,3216275,663700,480365,313466031355.00,76308,F1,25,,,,,
2024-10-08,2024-10-08,FO,NSE,IDO,62388,,NIFTY,,2024-12-26,2024-12-26,26100.00,PE,NIFTY24DEC26100PE,0.00,0.00,0.00,1127.75,1127.75,1127.75,25013.15,1065.70,5725,0,0,0.00,0,F1,25,,,,,
2024-10-08,2024-10-08,FO,NSE,IDO,62960,,NIFTY,,2024-10-31,2024-10-31,27150.00,PE,NIFTY24OCT27150PE,2142.65,2142.65,1934.20,1934.20,1934.20,2396.85,25013.15,1934.20,200,200,16,11675360.00,5,F1,25,,,,,
2024-10-08,2024-10-08,FO,NSE,IDO,50257,,NIFTY,,2024-10-10,2024-10-10,27150.00,CE,NIFTY24O1027150CE,2.35,2.60,1.35,1.50,1.55,2.60,25013.15,1.50,711875,-34200,7828,5313600595.00,2479,F1,25,,,,,
2024-10-08,2024-10-08,FO,NSE,IDO,48200,,NIFTY,,2024-11-28,2024-11-28,27150.00,PE,NIFTY24NOV27150PE,0.00,0.00,0.00,891.75,891.75,891.75,25013.15,1930.85,125,0,0,0.00,0,F1,25,,,,,
2024-10-08,2024-10-08,FO,NSE,IDO,62986,,NIFTY,,2024-10-31,2024-10-31,27750.00,PE,NIFTY24OCT27750PE,0.00,0.00,0.00,2914.95,0.00,2914.95,25013.15,2619.60,0,0,0,0.00,0,F1,25,,,,,
2024-10-08,2024-10-08,FO,NSE,IDO,62865,,NIFTY,,2024-10-31,2024-10-31,25400.00,CE,NIFTY24OCT25400CE,170.55,230.45,156.00,206.10,215.05,167.80,25013.15,206.10,951850,-3050,39944,25557701922.50,13729,F1,25,,,,,
2024-10-08,2024-10-08,FO,NSE,IDO,48460,,NIFTY,,2024-10-17,2024-10-17,25650.00,CE,NIFTY24O1725650CE,38.85,45.00,29.25,37.30,41.75,37.25,25013.15,37.30,73100,18425,16325,10483448362.50,5556,F1,25,,,,,
2024-10-08,2024-10-08,FO,NSE,IDO,54843,,NIFTY,,2024-12-26,2024-12-26,25650.00,PE,NIFTY24DEC25650PE,0.00,0.00,0.00,562.20,562.20,562.20,25013.15,786.55,75,0,0,0.00,0,F1,25,,,,,
2024-10-08,2024-10-08,FO,NSE,IDO,62888,,NIFTY,,2024-10-31,2024-10-31,25650.00,PE,NIFTY24OCT25650PE,775.30,775.30,572.50,636.75,630.15,738.40,25013.15,636.75,47800,-725,190,125082131.25,72,F1,25,,,,,
2024-10-08,2024-10-08,FO,NSE,IDO,48046,,NIFTY,,2024-11-28,2024-11-28,25650.00,CE,NIFTY24NOV25650CE,322.00,361.00,291.25,361.00,361.00,297.85,25013.15,345.80,1825,-125,65,42238438.75,11,F1,25,,,,,
2024-10-08,2024-10-08,FO,NSE,IDO,48331,,NIFTY,,2024-10-17,2024-10-17,25250.00,CE,NIFTY24O1725250CE,110.00,156.70,95.00,131.80,138.40,109.35,25013.15,131.80,105200,15025,23451,14876201452.50,7924,F1,25,,,,,
2024-10-08,2024-10-08,FO,NSE,IDO,48537,,NIFTY,,2024-10-10,2024-10-10,25250.00,CE,NIFTY24O1025250CE,41.95,54.30,21.20,35.60,40.95,39.35,25013.15,35.60,1913350,218950,1303190,823876290570.00,392121,F1,25,,,,,
2024-10-08,2024-10-08,FO,NSE,IDO,48332,,NIFTY,,2024-10-17,2024-10-17,25250.00,PE,NIFTY24O1725250PE,470.15,480.00,285.20,327.90,322.00,452.55,25013.15,327.90,35675,-2925,1019,652747113.75,438,F1,25,,,,,
2024-10-08,2024-10-08,FO,NSE,IDO,54785,,NIFTY,,2024-10-31,2024-10-31,25250.00,PE,NIFTY24OCT25250PE,488.35,519.80,350.00,386.30,378.35,477.05,25013.15,386.30,104350,950,1906,1223473850.00,822,F1,25,,,,,
2024-10-08,2024-10-08,FO,NSE,IDO,47154,,NIFTY,,2024-10-10,2024-10-10,24850.00,CE,NIFTY24O1024850CE,160.00,270.60,142.00,211.35,227.10,173.10,25013.15,211.35,636850,-20175,1248375,781594050683.75,500256,F1,25,,,,,
2024-10-08,2024-10-08,FO,NSE,IDO,50418,,NIFTY,,2024-11-07,2024-11-07,24850.00,CE,NIFTY24N0724850CE,0.00,0.00,0.00,718.00,718.00,718.00,25013.15,561.80,125,0,0,0.00,0,F1,25,,,,,
2024-10-08,2024-10-08,FO,NSE,IDO,43488,,NIFTY,,2024-12-26,2024-12-26,24850.00,PE,NIFTY24DEC24850PE,0.00,0.00,0.00,214.70,0.00,214.70,25013.15,407.60,0,0,0,0.00,0,F1,25,,,,,
2024-10-08,2024-10-08,FO,NSE,IDO,48261,,NIFTY,,2024-10-17,2024-10-17,24850.00,CE,NIFTY24O1724850CE,295.90,398.00,262.85,352.05,360.55,289.60,25013.15,352.05,42950,-3400,15930,10026710513.75,5711,F1,25,,,,,
2024-10-08,2024-10-08,FO,NSE,IDO,43901,,NIFTY,,2024-10-24,2024-10-24,24850.00,CE,NIFTY24O2424850CE,378.15,465.55,352.55,430.95,443.55,371.65,25013.15,430.95,1825,-625,968,611142235.00,236,F1,25,,,,,
2024-10-08,2024-10-08,FO,NSE,IDO,47131,,NIFTY,,2024-10-10,2024-10-10,24400.00,PE,NIFTY24O1024400PE,45.00,73.45,15.35,18.35,15.35,53.35,25013.15,18.35,1979475,852775,1076518,657530325037.50,245349,F1,25,,,,,
2024-10-08,2024-10-08,FO,NSE,IDO,48113,,NIFTY,,2024-10-17,2024-10-17,24400.00,CE,NIFTY24O1724400CE,601.95,760.55,573.35,694.55,702.70,598.05,25013.15,694.55,12050,825,275,172268306.25,122,F1,25,,,,,
2024-10-08,2024-10-08,FO,NSE,IDO,54758,,NIFTY,,2024-10-31,2024-10-31,24600.00,CE,NIFTY24OCT24600CE,613.95,744.75,578.15,692.25,708.00,602.65,25013.15,692.25,40000,6275,4778,3017548992.50,1796,F1,25,,,,,
2024-10-08,2024-10-08,FO,NSE,IDO,48151,,NIFTY,,2024-10-17,2024-10-17,24600.00,CE,NIFTY24O1724600CE,470.10,595.00,421.45,541.05,557.00,452.15,25013.15,541.05,14350,-15950,3970,2492081807.50,1766,F1,25,,,,,
2024-10-08,2024-10-08,FO,NSE,IDO,50402,,NIFTY,,2024-11-07,2024-11-07,24600.00,CE,NIFTY24N0724600CE,0.00,0.00,0.00,1015.45,0.00,1015.45,25013.15,725.80,0,0,0,0.00,0,F1,25,,,,,
2024-10-08,2024-10-08,FO,NSE,IDO,43752,,NIFTY,,2024-10-24,2024-10-24,24600.00,PE,NIFTY24O2424600PE,180.00,212.20,115.10,131.00,129.95,188.25,25013.15,131.00,15225,3325,1523,942788506.25,777,F1,25,,,,,
2024-10-08,2024-10-08,FO,NSE,IDO,42525,,NIFTY,,2024-12-26,2024-12-26,24600.00,PE,NIFTY24DEC24600PE,333.00,408.05,333.00,362.75,362.75,324.60,25013.15,320.40,21450,0,49,30590283.75,34,F1,25,,,,,
2024-10-08,2024-10-08,FO,NSE,IDO,58614,,NIFTY,,2024-12-26,2024-12-26,22000.00,CE,NIFTY24DEC22000CE,3240.00,3454.80,3215.00,3409.80,3420.75,3252.40,25013.15,3409.80,437975,-3000,287,181932003.75,195,F1,25,,,,,
2024-10-08,2024-10-08,FO,NSE,IDO,89627,,NIFTY,,2029-06-28,2029-06-28,22000.00,PE,NIFTY29JUN22000PE,0.00,0.00,0.00,422.00,0.00,422.00,25013.15,179.90,0,0,0,0.00,0,F1,25,,,,,
2024-10-08,2024-10-08,FO,NSE,IDO,64688,,NIFTY,,2025-09-25,2025-09-25,22000.00,CE,NIFTY25SEP22000CE,0.00,0.00,0.00,5865.75,0.00,5865.75,25013.15,4506.75,0,0,0,0.00,0,F1,25,,,,,
2024-10-08,2024-10-08,FO,NSE,IDO,48996,,NIFTY,,2024-10-31,2024-10-31,24000.00,CE,NIFTY24OCT24000CE,1100.00,1260.00,1048.85,1193.35,1206.80,1081.80,25013.15,1193.35,578350,-5450,4566,2870979538.75,1502,F1,25,,,,,
2024-10-08,2024-10-08,FO,NSE,IDO,43612,,NIFTY,,2024-10-24,2024-10-24,24000.00,CE,NIFTY24O2424000CE,1024.70,1165.50,1024.70,1159.40,1159.40,954.90,25013.15,1159.40,1375,-100,13,8168048.75,7,F1,25,,,,,
2024-10-08,2024-10-08,FO,NSE,IDO,48011,,NIFTY,,2024-10-17,2024-10-17,24000.00,CE,NIFTY24O1724000CE,965.00,1141.85,950.00,1081.00,1081.05,962.50,25013.15,1081.00,49825,5200,1013,634654523.75,390,F1,25,,,,,
2024-10-08,2024-10-08,FO,NSE,IDO,50374,,NIFTY,,2024-11-07,2024-11-07,24000.00,CE,NIFTY24N0724000CE,0.00,0.00,0.00,1495.15,0.00,1495.15,25013.15,1202.30,0,0,0,0.00,0,F1,25,,,,,
2024-10-08,2024-10-08,FO,NSE,IDO,53616,,NIFTY,,2027-12-30,2027-12-30,22000.00,CE,NIFTY27DEC22000CE,0.00,0.00,0.00,4499.55,0.00,4499.55,25013.15,7513.35,0,0,0,0.00,0,F1,25,,,,,
2024-10-08,2024-10-08,FO,NSE,IDO,71501,,NIFTY,,2026-12-31,2026-12-31,24000.00,CE,NIFTY26DEC24000CE,0.00,0.00,0.00,2010.65,0.00,2010.65,25013.15,4812.85,0,0,0,0.00,0,F1,25,,,,,
2024-10-08,2024-10-08,FO,NSE,IDO,58648,,NIFTY,,2026-12-31,2026-12-31,22000.00,CE,NIFTY26DEC22000CE,0.00,0.00,0.00,3039.00,0.00,3039.00,25013.15,6270.85,0,0,0,0.00,0,F1,25,,,,,
2024-10-08,2024-10-08,FO,NSE,IDO,50375,,NIFTY,,2024-11-07,2024-11-07,24000.00,PE,NIFTY24N0724000PE,130.00,145.00,92.65,100.05,101.75,112.95,25013.15,100.05,9200,7450,421,253818887.50,143,F1,25,,,,,
2024-10-08,2024-10-08,FO,NSE,IDO,71394,,NIFTY,,2025-12-24,2025-12-24,24000.00,PE,NIFTY25DEC24000PE,825.00,852.60,768.00,775.95,775.00,813.55,25013.15,775.95,330375,4875,629,389870068.75,523,F1,25,,,,,
2024-10-08,2024-10-08,FO,NSE,IDO,42948,,NIFTY,,2024-11-28,2024-11-28,24000.00,CE,NIFTY24NOV24000CE,1309.00,1475.00,1273.00,1421.10,1450.00,1299.70,25013.15,1421.10,52750,2475,2003,1269922801.25,643,F1,25,,,,,
2024-10-08,2024-10-08,FO,NSE,IDO,64693,,NIFTY,,2025-09-25,2025-09-25,24000.00,PE,NIFTY25SEP24000PE,0.00,0.00,0.00,335.20,0.00,335.20,25013.15,398.15,0,0,0,0.00,0,F1,25,,,,,
2024-10-08,2024-10-08,FO,NSE,IDO,64563,,NIFTY,,2025-03-27,2025-03-27,22000.00,PE,NIFTY25MAR22000PE,143.50,165.75,133.60,138.10,139.90,143.50,25013.15,138.10,266275,-1225,957,529714068.75,438,F1,25,,,,,
2024-10-08,2024-10-08,FO,NSE,IDO,64567,,NIFTY,,2025-03-27,2025-03-27,24000.00,PE,NIFTY25MAR24000PE,390.05,408.00,357.30,366.80,364.00,389.05,25013.15,366.80,407325,11225,3072,1872295941.25,1975,F1,25,,,,,
2024-10-08,2024-10-08,FO,NSE,IDO,71557,,NIFTY,,2027-06-24,2027-06-24,22000.00,PE,NIFTY27JUN22000PE,0.00,0.00,0.00,3995.40,0.00,3995.40,25013.15,191.35,0,0,0,0.00,0,F1,25,,,,,
2024-10-08,2024-10-08,FO,NSE,IDO,44674,,NIFTY,,2024-10-24,2024-10-24,26800.00,CE,NIFTY24O2426800CE,12.85,12.85,8.95,9.45,8.95,11.90,25013.15,9.45,38575,425,498,333784297.50,129,F1,25,,,,,
2024-10-08,2024-10-08,FO,NSE,IDO,55118,,NIFTY,,2024-12-26,2024-12-26,18000.00,PE,NIFTY24DEC18000PE,20.00,21.20,19.00,20.00,19.95,20.25,25013.15,20.00,579800,-7275,1071,482484151.25,122,F1,25,,,,,
2024-10-08,2024-10-08,FO,NSE,IDO,50183,,NIFTY,,2024-10-10,2024-10-10,26550.00,PE,NIFTY24O1026550PE,0.00,0.00,0.00,1562.50,1562.50,1562.50,25013.15,1527.05,3550,0,0,0.00,0,F1,25,,,,,
2024-10-08,2024-10-08,FO,NSE,IDO,50231,,NIFTY,,2024-10-10,2024-10-10,26800.00,PE,NIFTY24O1026800PE,1988.35,1988.35,1817.75,1822.70,1817.75,1895.25,25013.15,1822.70,11775,-25,16,11473210.00,12,F1,25,,,,,
2024-10-08,2024-10-08,FO,NSE,IDO,48166,,NIFTY,,2024-11-28,2024-11-28,26800.00,CE,NIFTY24NOV26800CE,55.50,72.80,50.75,64.05,64.45,55.50,25013.15,64.05,60700,-900,2015,1353209608.75,843,F1,25,,,,,
2024-10-08,2024-10-08,FO,NSE,IDO,48988,,NIFTY,,2024-10-31,2024-10-31,23900.00,CE,NIFTY24OCT23900CE,0.00,0.00,0.00,1208.70,1208.70,1208.70,25013.15,1243.45,2125,0,0,0.00,0,F1,25,,,,,
2024-10-08,2024-10-08,FO,NSE,IDO,45956,,NIFTY,,2024-10-17,2024-10-17,23900.00,CE,NIFTY24O1723900CE,0.00,0.00,0.00,991.90,991.90,991.90,25013.15,1155.70,350,0,0,0.00,0,F1,25,,,,,
2024-10-08,2024-10-08,FO,NSE,IDO,43548,,NIFTY,,2024-10-24,2024-10-24,23900.00,PE,NIFTY24O2423900PE,0.00,0.00,0.00,47.40,47.40,47.40,25013.15,13.80,25,0,0,0.00,0,F1,25,,,,,
2024-10-08,2024-10-08,FO,NSE,IDO,41868,,NIFTY,,2024-12-26,2024-12-26,24150.00,CE,NIFTY24DEC24150CE,0.00,0.00,0.00,2608.70,0.00,2608.70,25013.15,1411.40,0,0,0,0.00,0,F1,25,,,,,
2024-10-08,2024-10-08,FO,NSE,IDO,43655,,NIFTY,,2024-10-24,2024-10-24,24150.00,PE,NIFTY24O2424150PE,93.50,98.15,63.85,63.85,63.85,91.80,25013.15,31.35,1475,50,6,3635403.75,5,F1,25,,,,,
2024-10-08,2024-10-08,FO,NSE,IDO,50381,,NIFTY,,2024-11-07,2024-11-07,24150.00,CE,NIFTY24N0724150CE,0.00,0.00,0.00,1367.85,0.00,1367.85,25013.15,1073.90,0,0,0,0.00,0,F1,25,,,,,
2024-10-08,2024-10-08,FO,NSE,IDO,42961,,NIFTY,,2024-11-28,2024-11-28,24150.00,CE,NIFTY24NOV24150CE,1206.30,1239.85,1206.30,1239.85,1239.85,1677.80,25013.15,1226.10,225,75,4,2536472.50,4,F1,25,,,,,
2024-10-08,2024-10-08,FO,NSE,IDO,47123,,NIFTY,,2024-10-10,2024-10-10,24200.00,PE,NIFTY24O1024200PE,26.90,43.20,8.55,10.15,9.00,30.45,25013.15,10.15,2497225,985100,932864,564819689036.25,153791,F1,25,,,,,
2024-10-08,2024-10-08,FO,NSE,IDO,43656,,NIFTY,,2024-10-24,2024-10-24,24200.00,CE,NIFTY24O2424200CE,0.00,0.00,0.00,1273.25,1273.25,1273.25,25013.15,921.15,50,0,0,0.00,0,F1,25,,,,,
2024-10-08,2024-10-08,FO,NSE,IDO,43402,,NIFTY,,2024-10-24,2024-10-24,23150.00,CE,NIFTY24O2423150CE,0.00,0.00,0.00,2438.35,0.00,2438.35,25013.15,1932.10,0,0,0,0.00,0,F1,25,,,,,
2024-10-08,2024-10-08,FO,NSE,IDO,62899,,NIFTY,,2024-10-31,2024-10-31,25950.00,CE,NIFTY24OCT25950CE,51.30,69.15,48.10,62.00,63.30,53.85,25013.15,62.00,259000,30275,8959,5825372162.50,3562,F1,25,,,,,
2024-10-08,2024-10-08,FO,NSE,IDO,50487,,NIFTY,,2024-11-07,2024-11-07,25950.00,PE,NIFTY24N0725950PE,0.00,0.00,0.00,814.05,0.00,814.05,25013.15,917.15,0,0,0,0.00,0,F1,25,,,,,
2024-10-08,2024-10-08,FO,NSE,IDO,50483,,NIFTY,,2024-11-07,2024-11-07,25950.00,CE,NIFTY24N0725950CE,0.00,0.00,0.00,162.00,162.00,162.00,25013.15,123.85,25,0,0,0.00,0,F1,25,,,,,
2024-10-08,2024-10-08,FO,NSE,IDO,48492,,NIFTY,,2024-10-17,2024-10-17,25950.00,CE,NIFTY24O1725950CE,19.05,20.50,14.00,16.05,17.00,19.65,25013.15,16.05,91550,35400,10654,6916240611.25,4780,F1,25,,,,,
2024-10-08,2024-10-08,FO,NSE,IDO,38153,,NIFTY,,2025-12-24,2025-12-24,29000.00,PE,NIFTY25DEC29000PE,0.00,0.00,0.00,6099.30,0.00,6099.30,25013.15,2570.45,0,0,0,0.00,0,F1,25,,,,,
2024-10-08,2024-10-08,FO,NSE,IDO,38149,,NIFTY,,2024-12-26,2024-12-26,29000.00,PE,NIFTY24DEC29000PE,3634.35,3676.25,3434.95,3483.85,3480.70,3636.85,25013.15,3483.85,482250,15750,2551,2076290708.75,1901,F1,25,,,,,
2024-10-08,2024-10-08,FO,NSE,IDO,64582,,NIFTY,,2025-03-27,2025-03-27,29000.00,CE,NIFTY25MAR29000CE,79.95,97.95,74.05,90.35,94.40,81.00,25013.15,90.35,62850,-3675,712,517768400.00,408,F1,25,,,,,
2024-10-08,2024-10-08,FO,NSE,IDO,64703,,NIFTY,,2025-09-25,2025-09-25,29000.00,PE,NIFTY25SEP29000PE,0.00,0.00,0.00,2125.30,0.00,2125.30,25013.15,2746.70,0,0,0,0.00,0,F1,25,,,,,
2024-10-08,2024-10-08,FO,NSE,IDO,64583,,NIFTY,,2025-03-27,2025-03-27,29000.00,PE,NIFTY25MAR29000PE,0.00,0.00,0.00,2763.70,2763.70,2763.70,25013.15,3220.25,300,0,0,0.00,0,F1,25,,,,,
2024-10-08,2024-10-08,FO,NSE,IDO,38154,,NIFTY,,2026-06-25,2026-06-25,29000.00,CE,NIFTY26JUN29000CE,0.00,0.00,0.00,864.20,0.00,864.20,25013.15,1451.90,0,0,0,0.00,0,F1,25,,,,,
2024-10-08,2024-10-08,FO,NSE,IDO,41619,,NIFTY,,2024-12-26,2024-12-26,23050.00,PE,NIFTY24DEC23050PE,0.00,0.00,0.00,28.20,0.00,28.20,25013.15,45.25,0,0,0,0.00,0,F1,25,,,,,
2024-10-08,2024-10-08,FO,NSE,IDO,42897,,NIFTY,,2024-11-28,2024-11-28,23050.00,CE,NIFTY24NOV23050CE,0.00,0.00,0.00,2613.70,0.00,2613.70,25013.15,2198.85,0,0,0,0.00,0,F1,25,,,,,
2024-10-08,2024-10-08,FO,NSE,IDO,50309,,NIFTY,,2024-11-07,2024-11-07,23050.00,PE,NIFTY24N0723050PE,0.00,0.00,0.00,11.95,0.00,11.95,25013.15,4.65,0,0,0,0.00,0,F1,25,,,,,
2024-10-08,2024-10-08,FO,NSE,IDO,64110,,NIFTY,,2024-12-26,2024-12-26,26350.00,PE,NIFTY24DEC26350PE,0.00,0.00,0.00,602.10,602.10,602.10,25013.15,1239.45,25,0,0,0.00,0,F1,25,,,,,
2024-10-08,2024-10-08,FO,NSE,IDO,48111,,NIFTY,,2024-11-28,2024-11-28,26350.00,PE,NIFTY24NOV26350PE,0.00,0.00,0.00,904.75,904.75,904.75,25013.15,1241.55,150,0,0,0.00,0,F1,25,,,,,
2024-10-08,2024-10-08,FO,NSE,IDO,42528,,NIFTY,,2024-12-26,2024-12-26,24650.00,CE,NIFTY24DEC24650CE,0.00,0.00,0.00,2188.60,0.00,2188.60,25013.15,1057.35,0,0,0,0.00,0,F1,25,,,,,
2024-10-08,2024-10-08,FO,NSE,IDO,45004,,NIFTY,,2024-10-24,2024-10-24,27650.00,PE,NIFTY24O2427650PE,0.00,0.00,0.00,2078.65,0.00,2078.65,25013.15,2555.25,0,0,0,0.00,0,F1,25,,,,,
2024-10-08,2024-10-08,FO,NSE,IDO,43468,,NIFTY,,2024-10-24,2024-10-24,23350.00,PE,NIFTY24O2423350PE,0.00,0.00,0.00,17.20,0.00,17.20,25013.15,1.50,0,0,0,0.00,0,F1,25,,,,,
2024-10-08,2024-10-08,FO,NSE,IDO,48951,,NIFTY,,2024-10-31,2024-10-31,23350.00,PE,NIFTY24OCT23350PE,51.90,55.00,31.30,32.70,33.10,49.40,25013.15,32.70,9125,2175,847,495471246.25,242,F1,25,,,,,
2024-10-08,2024-10-08,FO,NSE,IDO,50321,,NIFTY,,2024-10-10,2024-10-10,27650.00,CE,NIFTY24O1027650CE,2.30,2.30,1.25,1.40,1.25,2.45,25013.15,1.40,326650,-90925,19236,13297657537.50,3815,F1,25,,,,,
2024-10-08,2024-10-08,FO,NSE,IDO,50383,,NIFTY,,2024-11-07,2024-11-07,24200.00,CE,NIFTY24N0724200CE,0.00,0.00,0.00,1326.40,0.00,1326.40,25013.15,1032.30,0,0,0,0.00,0,F1,25,,,,,
2024-10-08,2024-10-08,FO,NSE,IDO,43679,,NIFTY,,2024-10-24,2024-10-24,24200.00,PE,NIFTY24O2424200PE,112.55,119.30,62.00,69.40,70.40,103.25,25013.15,69.40,7225,3050,625,379385860.00,181,F1,25,,,,,
2024-10-08,2024-10-08,FO,NSE,IDO,89643,,NIFTY,,2029-06-28,2029-06-28,30000.00,PE,NIFTY29JUN30000PE,0.00,0.00,0.00,2031.05,0.00,2031.05,25013.15,1478.95,0,0,0,0.00,0,F1,25,,,,,
2024-10-08,2024-10-08,FO,NSE,IDO,35347,,NIFTY,,2027-12-30,2027-12-30,30000.00,PE,NIFTY27DEC30000PE,0.00,0.00,0.00,4140.90,0.00,4140.90,25013.15,2012.35,0,0,0,0.00,0,F1,25,,,,,
2024-10-08,2024-10-08,FO,NSE,IDO,42909,,NIFTY,,2024-11-28,2024-11-28,23300.00,CE,NIFTY24NOV23300CE,0.00,0.00,0.00,2074.10,2074.10,2074.10,25013.15,1964.00,25,0,0,0.00,0,F1,25,,,,,
2024-10-08,2024-10-08,FO,NSE,IDO,64704,,NIFTY,,2025-09-25,2025-09-25,30000.00,CE,NIFTY25SEP30000CE,0.00,0.00,0.00,1042.70,0.00,1042.70,25013.15,389.25,0,0,0,0.00,0,F1,25,,,,,
2024-10-08,2024-10-08,FO,NSE,IDO,62400,,NIFTY,,2024-12-26,2024-12-26,26300.00,PE,NIFTY24DEC26300PE,1200.00,1209.50,1136.25,1136.25,1136.25,1259.65,25013.15,1203.70,2025,0,5,3434550.00,5,F1,25,,,,,
2024-10-08,2024-10-08,FO,NSE,IDO,48620,,NIFTY,,2024-10-17,2024-10-17,26950.00,PE,NIFTY24O1726950PE,0.00,0.00,0.00,1475.90,0.00,1475.90,25013.15,1892.10,0,0,0,0.00,0,F1,25,,,,,
2024-10-08,2024-10-08,FO,NSE,IDO,50250,,NIFTY,,2024-10-10,2024-10-10,27000.00,PE,NIFTY24O1027000PE,2189.15,2215.20,1961.00,2016.40,2010.00,2145.45,25013.15,2016.40,18400,-9375,480,348562416.25,190,F1,25,,,,,
2024-10-08,2024-10-08,FO,NSE,IDO,50978,,NIFTY,,2026-12-31,2026-12-31,27000.00,CE,NIFTY26DEC27000CE,0.00,0.00,0.00,1651.65,0.00,1651.65,25013.15,3003.40,0,0,0,0.00,0,F1,25,,,,,
2024-10-08,2024-10-08,FO,NSE,IDO,44824,,NIFTY,,2024-10-24,2024-10-24,26950.00,PE,NIFTY24O2426950PE,0.00,0.00,0.00,1452.85,0.00,1452.85,25013.15,1858.85,0,0,0,0.00,0,F1,25,,,,,
2024-10-08,2024-10-08,FO,NSE,IDO,67788,,NIFTY,,2028-12-28,2028-12-28,27000.00,CE,NIFTY28DEC27000CE,0.00,0.00,0.00,4437.95,0.00,4437.95,25013.15,5570.90,0,0,0,0.00,0,F1,25,,,,,
2024-10-08,2024-10-08,FO,NSE,IDO,44825,,NIFTY,,2024-10-24,2024-10-24,27000.00,CE,NIFTY24O2427000CE,9.55,9.55,5.50,7.50,7.45,9.15,25013.15,7.50,134700,-13575,1776,1199129961.25,770,F1,25,,,,,
2024-10-08,2024-10-08,FO,NSE,IDO,89637,,NIFTY,,2029-06-28,2029-06-28,27000.00,PE,NIFTY29JUN27000PE,0.00,0.00,0.00,1252.35,0.00,1252.35,25013.15,786.85,0,0,0,0.00,0,F1,25,,,,,
2024-10-08,2024-10-08,FO,NSE,IDO,89636,,NIFTY,,2029-06-28,2029-06-28,27000.00,CE,NIFTY29JUN27000CE,0.00,0.00,0.00,6570.40,0.00,6570.40,25013.15,6170.85,0,0,0,0.00,0,F1,25,,,,,
2024-10-08,2024-10-08,FO,NSE,IDO,53631,,NIFTY,,2027-12-30,2027-12-30,27000.00,CE,NIFTY27DEC27000CE,0.00,0.00,0.00,2889.80,0.00,2889.80,25013.15,4321.40,0,0,0,0.00,0,F1,25,,,,,
2024-10-08,2024-10-08,FO,NSE,IDO,53632,,NIFTY,,2027-12-30,2027-12-30,27000.00,PE,NIFTY27DEC27000PE,0.00,0.00,0.00,3794.40,0.00,3794.40,25013.15,1022.95,0,0,0,0.00,0,F1,25,,,,,
2024-10-08,2024-10-08,FO,NSE,IDO,64149,,NIFTY,,2024-12-26,2024-12-26,26950.00,PE,NIFTY24DEC26950PE,0.00,0.00,0.00,985.10,0.00,985.10,25013.15,1703.05,0,0,0,0.00,0,F1,25,,,,,
2024-10-08,2024-10-08,FO,NSE,IDO,48181,,NIFTY,,2024-11-28,2024-11-28,27000.00,PE,NIFTY24NOV27000PE,1866.00,1927.65,1680.00,1723.90,1713.35,1880.40,25013.15,1723.90,109450,-3550,873,627739486.25,400,F1,25,,,,,
2024-10-08,2024-10-08,FO,NSE,IDO,47118,,NIFTY,,2024-10-10,2024-10-10,24100.00,CE,NIFTY24O1024100CE,748.80,954.70,730.00,890.00,910.05,753.45,25013.15,890.00,4750,-375,406,253145172.50,214,F1,25,,,,,
2024-10-08,2024-10-08,FO,NSE,IDO,43649,,NIFTY,,2024-10-24,2024-10-24,24100.00,PE,NIFTY24O2424100PE,92.15,100.70,53.50,59.85,56.85,87.80,25013.15,59.85,8425,2875,348,210283436.25,115,F1,25,,,,,
2024-10-08,2024-10-08,FO,NSE,IDO,43641,,NIFTY,,2024-10-24,2024-10-24,24100.00,CE,NIFTY24O2424100CE,0.00,0.00,0.00,903.65,903.65,903.65,25013.15,1011.20,550,0,0,0.00,0,F1,25,,,,,
2024-10-08,2024-10-08,FO,NSE,IDO,48027,,NIFTY,,2024-10-17,2024-10-17,24100.00,CE,NIFTY24O1724100CE,0.00,0.00,0.00,851.00,851.00,851.00,25013.15,961.05,25,0,0,0.00,0,F1,25,,,,,
2024-10-08,2024-10-08,FO,NSE,IDO,86141,,NIFTY,,2028-06-29,2028-06-29,19000.00,CE,NIFTY28JUN19000CE,0.00,0.00,0.00,6252.25,0.00,6252.25,25013.15,10284.90,0,0,0,0.00,0,F1,25,,,,,
2024-10-08,2024-10-08,FO,NSE,IDO,53605,,NIFTY,,2027-12-30,2027-12-30,19000.00,CE,NIFTY27DEC19000CE,0.00,0.00,0.00,5794.90,0.00,5794.90,25013.15,9775.40,0,0,0,0.00,0,F1,25,,,,,
2024-10-08,2024-10-08,FO,NSE,IDO,39987,,NIFTY,,2025-12-24,2025-12-24,19000.00,CE,NIFTY25DEC19000CE,0.00,0.00,0.00,7100.05,7100.05,7100.05,25013.15,7514.65,3175,0,0,0.00,0,F1,25,,,,,
2024-10-08,2024-10-08,FO,NSE,IDO,39982,,NIFTY,,2025-06-26,2025-06-26,19000.00,CE,NIFTY25JUN19000CE,0.00,0.00,0.00,3077.90,0.00,3077.90,25013.15,6910.60,0,0,0,0.00,0,F1,25,,,,,
2024-10-08,2024-10-08,FO,NSE,IDO,62907,,NIFTY,,2024-10-31,2024-10-31,26150.00,CE,NIFTY24OCT26150CE,37.10,45.80,32.70,40.10,42.95,38.00,25013.15,40.10,143225,31675,5477,3585901711.25,2496,F1,25,,,,,
2024-10-08,2024-10-08,FO,NSE,IDO,48503,,NIFTY,,2024-10-17,2024-10-17,26150.00,CE,NIFTY24O1726150CE,13.50,15.80,9.40,10.65,9.80,13.50,25013.15,10.65,52800,6075,5284,3455885948.75,1692,F1,25,,,,,
2024-10-08,2024-10-08,FO,NSE,IDO,44605,,NIFTY,,2024-10-24,2024-10-24,26150.00,CE,NIFTY24O2426150CE,39.00,39.00,32.85,32.85,32.85,44.00,25013.15,32.85,6075,1550,63,41241351.25,9,F1,25,,,,,
2024-10-08,2024-10-08,FO,NSE,IDO,50166,,NIFTY,,2024-10-10,2024-10-10,26150.00,CE,NIFTY24O1026150CE,3.50,3.50,1.60,1.85,1.75,3.60,25013.15,1.85,548875,29175,115506,75518756467.50,29905,F1,25,,,,,
2024-10-08,2024-10-08,FO,NSE,IDO,48897,,NIFTY,,2024-10-31,2024-10-31,22400.00,CE,NIFTY24OCT22400CE,0.00,0.00,0.00,2800.00,2800.00,2800.00,25013.15,2708.35,2200,0,0,0.00,0,F1,25,,,,,
2024-10-08,2024-10-08,FO,NSE,IDO,54781,,NIFTY,,2024-10-31,2024-10-31,25150.00,PE,NIFTY24OCT25150PE,450.00,459.45,307.05,338.20,320.75,424.20,25013.15,338.20,52400,5625,2605,1661540943.75,1147,F1,25,,,,,
2024-10-08,2024-10-08,FO,NSE,IDO,50395,,NIFTY,,2024-11-07,2024-11-07,24450.00,PE,NIFTY24N0724450PE,208.55,218.95,208.55,218.95,218.95,156.65,25013.15,136.45,50,50,2,1233187.50,2,F1,25,,,,,
2024-10-08,2024-10-08,FO,NSE,IDO,41903,,NIFTY,,2024-12-26,2024-12-26,24450.00,CE,NIFTY24DEC24450CE,0.00,0.00,0.00,2353.25,0.00,2353.25,25013.15,1192.60,0,0,0,0.00,0,F1,25,,,,,
2024-10-08,2024-10-08,FO,NSE,IDO,50394,,NIFTY,,2024-11-07,2024-11-07,24450.00,CE,NIFTY24N0724450CE,0.00,0.00,0.00,1127.05,0.00,1127.05,25013.15,834.85,0,0,0,0.00,0,F1,25,,,,,
2024-10-08,2024-10-08,FO,NSE,IDO,50413,,NIFTY,,2024-11-07,2024-11-07,24750.00,CE,NIFTY24N0724750CE,577.05,648.60,577.05,648.60,648.60,781.45,25013.15,624.60,50,25,4,2537778.75,4,F1,25,,,,,
2024-10-08,2024-10-08,FO,NSE,IDO,47236,,NIFTY,,2024-11-28,2024-11-28,24750.00,CE,NIFTY24NOV24750CE,732.00,880.70,710.00,880.70,880.70,737.95,25013.15,880.70,1100,25,183,116851681.25,67,F1,25,,,,,
2024-10-08,2024-10-08,FO,NSE,IDO,42571,,NIFTY,,2024-12-26,2024-12-26,24750.00,CE,NIFTY24DEC24750CE,0.00,0.00,0.00,956.65,956.65,956.65,25013.15,993.10,225,0,0,0.00,0,F1,25,,,,,
2024-10-08,2024-10-08,FO,NSE,IDO,54764,,NIFTY,,2024-10-31,2024-10-31,24750.00,CE,NIFTY24OCT24750CE,494.50,626.00,478.55,575.25,594.20,503.05,25013.15,575.25,11750,350,1449,915592120.00,658,F1,25,,,,,
2024-10-08,2024-10-08,FO,NSE,IDO,50297,,NIFTY,,2024-10-10,2024-10-10,27500.00,PE,NIFTY24O1027500PE,2534.05,2566.15,2508.60,2563.45,2563.45,2546.50,25013.15,2476.70,225,-25,7,5258722.50,7,F1,25,,,,,
2024-10-08,2024-10-08,FO,NSE,IDO,44995,,NIFTY,,2024-10-24,2024-10-24,27500.00,CE,NIFTY24O2427500CE,6.05,7.65,5.10,5.80,5.20,6.65,25013.15,5.80,26350,975,404,277811757.50,108,F1,25,,,,,
2024-10-08,2024-10-08,FO,NSE,IDO,64188,,NIFTY,,2024-12-26,2024-12-26,27500.00,CE,NIFTY24DEC27500CE,55.40,62.60,51.05,59.70,59.85,55.35,25013.15,59.70,156000,-13300,5500,3789071756.25,1769,F1,25,,,,,
2024-10-08,2024-10-08,FO,NSE,IDO,55121,,NIFTY,,2025-12-24,2025-12-24,18000.00,CE,NIFTY25DEC18000CE,8199.95,8199.95,7860.00,7860.00,7860.00,8025.00,25013.15,8429.25,6575,-200,9,5879616.25,6,F1,25,,,,,
2024-10-08,2024-10-08,FO,NSE,IDO,62923,,NIFTY,,2024-10-31,2024-10-31,26550.00,CE,NIFTY24OCT26550CE,19.30,24.70,16.70,17.65,19.15,20.90,25013.15,17.65,77725,25050,3834,2546573332.50,760,F1,25,,,,,
2024-10-08,2024-10-08,FO,NSE,IDO,55122,,NIFTY,,2025-12-24,2025-12-24,18000.00,PE,NIFTY25DEC18000PE,0.00,0.00,0.00,123.95,123.95,123.95,25013.15,3.30,2975,0,0,0.00,0,F1,25,,,,,
2024-10-08,2024-10-08,FO,NSE,IDO,48545,,NIFTY,,2024-10-17,2024-10-17,26550.00,CE,NIFTY24O1726550CE,9.40,9.40,4.90,6.05,5.80,9.40,25013.15,6.05,2550,400,101,67054662.50,34,F1,25,,,,,
2024-10-08,2024-10-08,FO,NSE,IDO,49008,,NIFTY,,2024-10-31,2024-10-31,24150.00,CE,NIFTY24OCT24150CE,1060.40,1060.40,1019.00,1019.00,1019.00,946.35,25013.15,1020.30,2200,100,5,3147160.00,2,F1,25,,,,,
2024-10-08,2024-10-08,FO,NSE,IDO,50382,,NIFTY,,2024-11-07,2024-11-07,24150.00,PE,NIFTY24N0724150PE,0.00,0.00,0.00,99.50,0.00,99.50,25013.15,77.15,0,0,0,0.00,0,F1,25,,,,,
2024-10-08,2024-10-08,FO,NSE,IDO,48034,,NIFTY,,2024-10-17,2024-10-17,24150.00,PE,NIFTY24O1724150PE,79.00,80.00,34.65,38.70,38.00,66.80,25013.15,38.70,29925,3175,10563,6390923152.50,3220,F1,25,,,,,
2024-10-08,2024-10-08,FO,NSE,IDO,47120,,NIFTY,,2024-10-10,2024-10-10,24150.00,CE,NIFTY24O1024150CE,715.95,911.85,696.50,846.45,850.40,723.50,25013.15,846.45,725,0,69,43031146.25,51,F1,25,,,,,
2024-10-08,2024-10-08,FO,NSE,IDO,43651,,NIFTY,,2024-10-24,2024-10-24,24150.00,CE,NIFTY24O2424150CE,0.00,0.00,0.00,1512.90,0.00,1512.90,25013.15,965.85,0,0,0,0.00,0,F1,25,,,,,
2024-10-08,2024-10-08,FO,NSE,IDO,50440,,NIFTY,,2024-11-07,2024-11-07,25300.00,PE,NIFTY24N0725300PE,489.55,489.55,453.00,453.00,453.00,572.30,25013.15,474.65,24900,-25,5,3220038.75,2,F1,25,,,,,
2024-10-08,2024-10-08,FO,NSE,IDO,48379,,NIFTY,,2024-10-17,2024-10-17,25300.00,CE,NIFTY24O1725300CE,96.65,135.80,81.85,112.55,121.05,95.40,25013.15,112.55,413725,70875,82107,52155848138.75,24693,F1,25,,,,,
2024-10-08,2024-10-08,FO,NSE,IDO,48539,,NIFTY,,2024-10-10,2024-10-10,25300.00,CE,NIFTY24O1025300CE,34.90,41.40,16.20,27.10,31.70,32.30,25013.15,27.10,4182450,656950,2207103,1397590318411.25,490426,F1,25,,,,,
2024-10-08,2024-10-08,FO,NSE,IDO,50439,,NIFTY,,2024-11-07,2024-11-07,25300.00,CE,NIFTY24N0725300CE,297.30,365.85,291.00,335.80,347.00,319.40,25013.15,335.80,1775,400,62,39725230.00,55,F1,25,,,,,
2024-10-08,2024-10-08,FO,NSE,IDO,44181,,NIFTY,,2024-10-24,2024-10-24,25300.00,PE,NIFTY24O2425300PE,500.00,528.00,359.35,401.45,391.15,510.10,25013.15,401.45,11600,300,263,169129533.75,125,F1,25,,,,,
2024-10-08,2024-10-08,FO,NSE,IDO,48665,,NIFTY,,2024-10-17,2024-10-17,27250.00,CE,NIFTY24O1727250CE,5.00,5.00,3.25,3.60,4.05,4.20,25013.15,3.60,6825,1525,210,143083492.50,44,F1,25,,,,,
2024-10-08,2024-10-08,FO,NSE,IDO,50536,,NIFTY,,2024-11-07,2024-11-07,26750.00,PE,NIFTY24N0726750PE,0.00,0.00,0.00,1421.55,0.00,1421.55,25013.15,1615.40,0,0,0,0.00,0,F1,25,,,,,
2024-10-08,2024-10-08,FO,NSE,IDO,64140,,NIFTY,,2024-12-26,2024-12-26,26750.00,CE,NIFTY24DEC26750CE,0.00,0.00,0.00,412.80,412.80,412.80,25013.15,193.05,25,0,0,0.00,0,F1,25,,,,,
2024-10-08,2024-10-08,FO,NSE,IDO,48146,,NIFTY,,2024-11-28,2024-11-28,26600.00,CE,NIFTY24NOV26600CE,72.30,98.90,66.00,94.20,95.00,72.30,25013.15,94.20,56825,9825,2134,1423581331.25,802,F1,25,,,,,
2024-10-08,2024-10-08,FO,NSE,IDO,48162,,NIFTY,,2024-11-28,2024-11-28,26700.00,CE,NIFTY24NOV26700CE,61.00,82.20,57.40,74.75,69.10,62.65,25013.15,74.75,46500,12500,2303,1541232873.75,649,F1,25,,,,,
2024-10-08,2024-10-08,FO,NSE,IDO,51453,,NIFTY,,2026-06-25,2026-06-25,21000.00,CE,NIFTY26JUN21000CE,0.00,0.00,0.00,3881.90,0.00,3881.90,25013.15,6395.15,0,0,0,0.00,0,F1,25,,,,,
2024-10-08,2024-10-08,FO,NSE,IDO,53615,,NIFTY,,2027-12-30,2027-12-30,21000.00,PE,NIFTY27DEC21000PE,0.00,0.00,0.00,582.95,582.95,582.95,25013.15,123.65,50,0,0,0.00,0,F1,25,,,,,
2024-10-08,2024-10-08,FO,NSE,IDO,48565,,NIFTY,,2024-10-17,2024-10-17,26700.00,PE,NIFTY24O1726700PE,0.00,0.00,0.00,458.75,458.75,458.75,25013.15,1642.70,25,0,0,0.00,0,F1,25,,,,,
2024-10-08,2024-10-08,FO,NSE,IDO,89625,,NIFTY,,2029-06-28,2029-06-28,21000.00,PE,NIFTY29JUN21000PE,0.00,0.00,0.00,320.25,0.00,320.25,25013.15,122.55,0,0,0,0.00,0,F1,25,,,,,
2024-10-08,2024-10-08,FO,NSE,IDO,67776,,NIFTY,,2028-12-28,2028-12-28,21000.00,CE,NIFTY28DEC21000CE,0.00,0.00,0.00,7512.50,0.00,7512.50,25013.15,9348.40,0,0,0,0.00,0,F1,25,,,,,
2024-10-08,2024-10-08,FO,NSE,IDO,64132,,NIFTY,,2024-12-26,2024-12-26,26700.00,PE,NIFTY24DEC26700PE,0.00,0.00,0.00,1550.00,1550.00,1550.00,25013.15,1502.60,25,0,0,0.00,0,F1,25,,,,,
2024-10-08,2024-10-08,FO,NSE,IDO,61332,,NIFTY,,2024-12-26,2024-12-26,26050.00,PE,NIFTY24DEC26050PE,0.00,0.00,0.00,489.60,489.60,489.60,25013.15,1032.50,50,0,0,0.00,0,F1,25,,,,,
2024-10-08,2024-10-08,FO,NSE,IDO,62930,,NIFTY,,2024-10-31,2024-10-31,26700.00,PE,NIFTY24OCT26700PE,1715.60,1715.60,1580.00,1580.00,1580.00,1716.60,25013.15,1580.00,16475,-125,5,3538390.00,4,F1,25,,,,,
2024-10-08,2024-10-08,FO,NSE,IDO,39990,,NIFTY,,2026-06-25,2026-06-25,19000.00,PE,NIFTY26JUN19000PE,0.00,0.00,0.00,160.05,160.05,160.05,25013.15,20.45,175,0,0,0.00,0,F1,25,,,,,
2024-10-08,2024-10-08,FO,NSE,IDO,39986,,NIFTY,,2025-06-26,2025-06-26,19000.00,PE,NIFTY25JUN19000PE,0.00,0.00,0.00,68.05,68.05,68.05,25013.15,2.15,600425,0,0,0.00,0,F1,25,,,,,
2024-10-08,2024-10-08,FO,NSE,IDO,71550,,NIFTY,,2027-06-24,2027-06-24,19000.00,PE,NIFTY27JUN19000PE,0.00,0.00,0.00,201.05,201.05,201.05,25013.15,37.20,525,0,0,0.00,0,F1,25,,,,,
2024-10-08,2024-10-08,FO,NSE,IDO,58643,,NIFTY,,2026-12-31,2026-12-31,19000.00,PE,NIFTY26DEC19000PE,0.00,0.00,0.00,234.95,234.95,234.95,25013.15,30.05,2425,0,0,0.00,0,F1,25,,,,,
2024-10-08,2024-10-08,FO,NSE,IDO,71549,,NIFTY,,2027-06-24,2027-06-24,19000.00,CE,NIFTY27JUN19000CE,0.00,0.00,0.00,7800.00,7800.00,7800.00,25013.15,9226.10,100,0,0,0.00,0,F1,25,,,,,
2024-10-08,2024-10-08,FO,NSE,IDO,53606,,NIFTY,,2027-12-30,2027-12-30,19000.00,PE,NIFTY27DEC19000PE,0.00,0.00,0.00,204.70,204.70,204.70,25013.15,42.90,775,0,0,0.00,0,F1,25,,,,,
2024-10-08,2024-10-08,FO,NSE,IDO,39976,,NIFTY,,2024-12-26,2024-12-26,19000.00,CE,NIFTY24DEC19000CE,6149.90,6310.00,6110.15,6268.00,6268.00,6152.20,25013.15,6288.70,90175,-525,41,25885406.25,41,F1,25,,,,,
2024-10-08,2024-10-08,FO,NSE,IDO,48935,,NIFTY,,2024-10-31,2024-10-31,23050.00,PE,NIFTY24OCT23050PE,39.60,44.15,23.30,24.20,24.80,37.75,25013.15,24.20,7600,-975,1177,679263796.25,302,F1,25,,,,,
2024-10-08,2024-10-08,FO,NSE,IDO,50512,,NIFTY,,2024-11-07,2024-11-07,26350.00,CE,NIFTY24N0726350CE,0.00,0.00,0.00,183.35,0.00,183.35,25013.15,60.20,0,0,0,0.00,0,F1,25,,,,,
2024-10-08,2024-10-08,FO,NSE,IDO,47140,,NIFTY,,2024-10-10,2024-10-10,24600.00,CE,NIFTY24O1024600CE,343.30,482.00,292.00,411.55,434.35,330.55,25013.15,411.55,234500,69600,106769,66646035125.00,35104,F1,25,,,,,
2024-10-08,2024-10-08,FO,NSE,IDO,47141,,NIFTY,,2024-10-10,2024-10-10,24600.00,PE,NIFTY24O1024600PE,79.00,121.55,28.20,35.00,30.90,92.50,25013.15,35.00,1948775,495725,1625516,1002079286900.00,454638,F1,25,,,,,
2024-10-08,2024-10-08,FO,NSE,IDO,58626,,NIFTY,,2026-06-25,2026-06-25,22000.00,CE,NIFTY26JUN22000CE,0.00,0.00,0.00,2722.55,0.00,2722.55,25013.15,5578.85,0,0,0,0.00,0,F1,25,,,,,
2024-10-08,2024-10-08,FO,NSE,IDO,64689,,NIFTY,,2025-09-25,2025-09-25,22000.00,PE,NIFTY25SEP22000PE,0.00,0.00,0.00,105.00,0.00,105.00,25013.15,107.10,0,0,0,0.00,0,F1,25,,,,,
2024-10-08,2024-10-08,FO,NSE,IDO,53625,,NIFTY,,2027-12-30,2027-12-30,24000.00,PE,NIFTY27DEC24000PE,0.00,0.00,0.00,800.00,800.00,800.00,25013.15,416.90,75,0,0,0.00,0,F1,25,,,,,
2024-10-08,2024-10-08,FO,NSE,IDO,86148,,NIFTY,,2028-06-29,2028-06-29,22000.00,PE,NIFTY28JUN22000PE,0.00,0.00,0.00,520.05,520.05,520.05,25013.15,191.50,100,0,0,0.00,0,F1,25,,,,,
2024-10-08,2024-10-08,FO,NSE,IDO,49075,,NIFTY,,2024-10-10,2024-10-10,25600.00,CE,NIFTY24O1025600CE,11.00,12.95,4.90,6.25,7.05,11.10,25013.15,6.25,3826150,366300,1407125,900823312746.25,171933,F1,25,,,,,
2024-10-08,2024-10-08,FO,NSE,IDO,48010,,NIFTY,,2024-11-28,2024-11-28,25600.00,CE,NIFTY24NOV25600CE,312.45,395.00,302.45,378.25,382.25,309.90,25013.15,378.25,45525,-1075,1185,768418898.75,359,F1,25,,,,,
2024-10-08,2024-10-08,FO,NSE,IDO,62886,,NIFTY,,2024-10-31,2024-10-31,25600.00,PE,NIFTY24OCT25600PE,636.60,764.25,545.05,590.30,587.30,717.35,25013.15,590.30,605625,-6025,2728,1789888662.50,1078,F1,25,,,,,
2024-10-08,2024-10-08,FO,NSE,IDO,51448,,NIFTY,,2024-12-26,2024-12-26,21000.00,PE,NIFTY24DEC21000PE,39.90,43.65,37.30,38.45,37.55,39.95,25013.15,38.45,1621425,-27150,3868,2034611822.50,1486,F1,25,,,,,
2024-10-08,2024-10-08,FO,NSE,IDO,50222,,NIFTY,,2024-10-10,2024-10-10,26700.00,CE,NIFTY24O1026700CE,1.20,2.85,1.20,1.50,1.30,2.65,25013.15,1.50,916950,19350,86740,57902809816.25,18363,F1,25,,,,,
2024-10-08,2024-10-08,FO,NSE,IDO,51447,,NIFTY,,2024-12-26,2024-12-26,21000.00,CE,NIFTY24DEC21000CE,4165.65,4413.55,4165.65,4352.55,4351.00,4190.25,25013.15,4352.55,631750,-8350,627,396847441.25,523,F1,25,,,,,
2024-10-08,2024-10-08,FO,NSE,IDO,48093,,NIFTY,,2024-11-28,2024-11-28,26050.00,CE,NIFTY24NOV26050CE,165.40,208.65,160.05,197.10,197.10,178.80,25013.15,220.45,5075,-150,40,26240142.50,19,F1,25,,,,,
2024-10-08,2024-10-08,FO,NSE,IDO,53613,,NIFTY,,2027-12-30,2027-12-30,21000.00,CE,NIFTY27DEC21000CE,0.00,0.00,0.00,4902.40,0.00,4902.40,25013.15,8247.65,0,0,0,0.00,0,F1,25,,,,,
2024-10-08,2024-10-08,FO,NSE,IDO,71553,,NIFTY,,2027-06-24,2027-06-24,21000.00,CE,NIFTY27JUN21000CE,0.00,0.00,0.00,3061.80,0.00,3061.80,25013.15,7641.10,0,0,0,0.00,0,F1,25,,,,,
2024-10-08,2024-10-08,FO,NSE,IDO,50151,,NIFTY,,2024-10-10,2024-10-10,26050.00,PE,NIFTY24O1026050PE,1210.00,1221.00,1020.00,1060.85,1052.15,1182.15,25013.15,1060.85,66150,-850,146,99153731.25,79,F1,25,,,,,
2024-10-08,2024-10-08,FO,NSE,IDO,47805,,NIFTY,,2024-11-28,2024-11-28,25050.00,CE,NIFTY24NOV25050CE,579.50,702.10,559.10,660.35,680.75,569.30,25013.15,660.35,6350,3750,227,145825351.25,103,F1,25,,,,,
2024-10-08,2024-10-08,FO,NSE,IDO,64121,,NIFTY,,2024-12-26,2024-12-26,26500.00,CE,NIFTY24DEC26500CE,180.15,227.70,180.00,218.45,222.00,189.95,25013.15,218.45,433525,7150,7477,4991664825.00,4946,F1,25,,,,,
2024-10-08,2024-10-08,FO,NSE,IDO,47127,,NIFTY,,2024-10-10,2024-10-10,24300.00,PE,NIFTY24O1024300PE,39.85,56.55,11.95,13.70,12.40,40.70,25013.15,13.70,1655750,433725,967092,588120030927.50,180541,F1,25,,,,,
2024-10-08,2024-10-08,FO,NSE,IDO,50445,,NIFTY,,2024-11-07,2024-11-07,25400.00,CE,NIFTY24N0725400CE,0.00,0.00,0.00,221.15,221.15,221.15,25013.15,286.60,375,0,0,0.00,0,F1,25,,,,,
2024-10-08,2024-10-08,FO,NSE,IDO,62866,,NIFTY,,2024-10-31,2024-10-31,25400.00,PE,NIFTY24OCT25400PE,569.05,615.00,422.50,465.60,463.40,577.65,25013.15,465.60,709975,-25300,11951,7739826243.75,5126,F1,25,,,,,
2024-10-08,2024-10-08,FO,NSE,IDO,48066,,NIFTY,,2024-10-17,2024-10-17,24300.00,CE,NIFTY24O1724300CE,675.05,846.25,675.05,794.10,794.10,696.40,25013.15,794.10,3550,-50,257,160979195.00,80,F1,25,,,,,
2024-10-08,2024-10-08,FO,NSE,IDO,50446,,NIFTY,,2024-11-07,2024-11-07,25400.00,PE,NIFTY24N0725400PE,0.00,0.00,0.00,494.40,0.00,494.40,25013.15,532.90,0,0,0,0.00,0,F1,25,,,,,
2024-10-08,2024-10-08,FO,NSE,IDO,47160,,NIFTY,,2024-10-10,2024-10-10,24900.00,CE,NIFTY24O1024900CE,150.05,232.95,119.50,178.00,194.45,146.95,25013.15,178.00,1359125,-138575,3334737,2090039986756.25,1140546,F1,25,,,,,
2024-10-08,2024-10-08,FO,NSE,IDO,47612,,NIFTY,,2024-11-28,2024-11-28,24900.00,CE,NIFTY24NOV24900CE,736.90,793.15,626.40,767.20,767.45,669.90,25013.15,767.20,23550,6025,1346,861935281.25,547,F1,25,,,,,
2024-10-08,2024-10-08,FO,NSE,IDO,42786,,NIFTY,,2024-10-17,2024-10-17,23100.00,PE,NIFTY24O1723100PE,11.95,12.45,6.60,7.25,7.05,10.45,25013.15,7.25,116550,116550,16822,9718629578.75,5744,F1,25,,,,,
2024-10-08,2024-10-08,FO,NSE,IDO,41622,,NIFTY,,2024-12-26,2024-12-26,23100.00,CE,NIFTY24DEC23100CE,0.00,0.00,0.00,3562.85,0.00,3562.85,25013.15,2297.05,0,0,0,0.00,0,F1,25,,,,,
2024-10-08,2024-10-08,FO,NSE,IDO,48667,,NIFTY,,2024-10-17,2024-10-17,27300.00,CE,NIFTY24O1727300CE,4.00,4.10,2.90,3.30,3.15,4.55,25013.15,3.30,5475,1125,351,239589832.50,76,F1,25,,,,,
2024-10-08,2024-10-08,FO,NSE,IDO,47068,,NIFTY,,2024-10-10,2024-10-10,23100.00,CE,NIFTY24O1023100CE,1664.75,1876.10,1664.75,1876.10,1876.10,1811.65,25013.15,1876.10,225,-25,6,3731960.00,5,F1,25,,,,,
2024-10-08,2024-10-08,FO,NSE,IDO,50284,,NIFTY,,2024-10-10,2024-10-10,27300.00,PE,NIFTY24O1027300PE,0.00,0.00,0.00,2006.20,0.00,2006.20,25013.15,2276.75,0,0,0,0.00,0,F1,25,,,,,
2024-10-08,2024-10-08,FO,NSE,IDO,64205,,NIFTY,,2024-12-26,2024-12-26,27900.00,PE,NIFTY24DEC27900PE,0.00,0.00,0.00,1585.30,0.00,1585.30,25013.15,2535.10,0,0,0,0.00,0,F1,25,,,,,
2024-10-08,2024-10-08,FO,NSE,IDO,50407,,NIFTY,,2024-10-10,2024-10-10,27900.00,CE,NIFTY24O1027900CE,1.50,2.25,0.70,1.40,1.40,2.40,25013.15,1.40,5323150,978050,288788,201441745235.00,20286,F1,25,,,,,
2024-10-08,2024-10-08,FO,NSE,IDO,45074,,NIFTY,,2024-10-24,2024-10-24,27900.00,CE,NIFTY24O2427900CE,7.95,7.95,7.15,7.90,7.90,24.65,25013.15,0.05,50,50,3,2093075.00,3,F1,25,,,,,
2024-10-08,2024-10-08,FO,NSE,IDO,62996,,NIFTY,,2024-10-31,2024-10-31,27900.00,PE,NIFTY24OCT27900PE,2891.20,2891.20,2675.00,2760.00,2760.00,2850.60,25013.15,2768.75,98850,25,602,461505456.25,88,F1,25,,,,,
2024-10-08,2024-10-08,FO,NSE,IDO,44575,,NIFTY,,2024-10-24,2024-10-24,26100.00,CE,NIFTY24O2426100CE,33.70,35.15,24.55,30.35,32.90,32.50,25013.15,30.35,26325,2625,1393,910007145.00,466,F1,25,,,,,
2024-10-08,2024-10-08,FO,NSE,IDO,50495,,NIFTY,,2024-11-07,2024-11-07,26100.00,CE,NIFTY24N0726100CE,0.00,0.00,0.00,180.00,180.00,180.00,25013.15,95.55,100,0,0,0.00,0,F1,25,,,,,
2024-10-08,2024-10-08,FO,NSE,IDO,48782,,NIFTY,,2024-10-17,2024-10-17,27750.00,PE,NIFTY24O1727750PE,0.00,0.00,0.00,2198.00,0.00,2198.00,25013.15,2690.70,0,0,0,0.00,0,F1,25,,,,,
2024-10-08,2024-10-08,FO,NSE,IDO,45032,,NIFTY,,2024-10-24,2024-10-24,27750.00,PE,NIFTY24O2427750PE,0.00,0.00,0.00,2172.30,0.00,2172.30,25013.15,2654.90,0,0,0,0.00,0,F1,25,,,,,
2024-10-08,2024-10-08,FO,NSE,IDO,62985,,NIFTY,,2024-10-31,2024-10-31,27750.00,CE,NIFTY24OCT27750CE,7.80,9.35,6.80,7.15,6.80,8.15,25013.15,7.15,39575,700,380,263693076.25,119,F1,25,,,,,
2024-10-08,2024-10-08,FO,NSE,IDO,48235,,NIFTY,,2024-11-28,2024-11-28,27750.00,CE,NIFTY24NOV27750CE,21.00,28.80,21.00,28.80,28.80,21.20,25013.15,18.15,6875,0,2,1388745.00,2,F1,25,,,,,
2024-10-08,2024-10-08,FO,NSE,IDO,50372,,NIFTY,,2024-10-10,2024-10-10,27750.00,PE,NIFTY24O1027750PE,2982.25,2982.25,2777.65,2827.80,2827.80,2431.05,25013.15,2726.60,100,100,25,19153742.50,10,F1,25,,,,,
2024-10-08,2024-10-08,FO,NSE,IDO,50388,,NIFTY,,2024-11-07,2024-11-07,24300.00,CE,NIFTY24N0724300CE,0.00,0.00,0.00,1245.00,0.00,1245.00,25013.15,951.15,0,0,0,0.00,0,F1,25,,,,,
2024-10-08,2024-10-08,FO,NSE,IDO,41883,,NIFTY,,2024-12-26,2024-12-26,24300.00,CE,NIFTY24DEC24300CE,0.00,0.00,0.00,2479.80,0.00,2479.80,25013.15,1299.70,0,0,0,0.00,0,F1,25,,,,,
2024-10-08,2024-10-08,FO,NSE,IDO,47978,,NIFTY,,2024-11-28,2024-11-28,25400.00,PE,NIFTY24NOV25400PE,672.95,686.40,542.50,572.65,570.10,652.65,25013.15,572.65,37975,-2225,1139,741493151.25,254,F1,25,,,,,
2024-10-08,2024-10-08,FO,NSE,IDO,47126,,NIFTY,,2024-10-10,2024-10-10,24300.00,CE,NIFTY24O1024300CE,568.25,763.60,529.95,702.50,715.60,573.85,25013.15,702.50,39475,-14650,5078,3162996383.75,1719,F1,25,,,,,
2024-10-08,2024-10-08,FO,NSE,IDO,49015,,NIFTY,,2024-10-31,2024-10-31,24300.00,PE,NIFTY24OCT24300PE,154.00,162.55,94.00,102.50,104.20,145.85,25013.15,102.50,506325,2725,31693,19348830883.75,11423,F1,25,,,,,
2024-10-08,2024-10-08,FO,NSE,IDO,44188,,NIFTY,,2024-10-24,2024-10-24,25400.00,CE,NIFTY24O2425400CE,127.00,170.75,114.40,150.85,156.60,125.45,25013.15,150.85,25375,1650,1830,1168729755.00,1205,F1,25,,,,,
2024-10-08,2024-10-08,FO,NSE,IDO,48263,,NIFTY,,2024-10-17,2024-10-17,24900.00,CE,NIFTY24O1724900CE,271.00,363.00,236.05,317.95,332.30,260.70,25013.15,317.95,147725,-15150,80058,50430585490.00,23775,F1,25,,,,,
2024-10-08,2024-10-08,FO,NSE,IDO,43929,,NIFTY,,2024-10-24,2024-10-24,24900.00,CE,NIFTY24O2424900CE,329.20,440.90,318.00,392.60,405.40,338.40,25013.15,392.60,22650,15700,2751,1739354193.75,1200,F1,25,,,,,
2024-10-08,2024-10-08,FO,NSE,IDO,43942,,NIFTY,,2024-10-24,2024-10-24,24900.00,PE,NIFTY24O2424900PE,292.15,329.15,191.55,217.00,208.60,290.55,25013.15,217.00,29775,16825,3841,2414247878.75,1429,F1,25,,,,,
2024-10-08,2024-10-08,FO,NSE,IDO,48264,,NIFTY,,2024-10-17,2024-10-17,24900.00,PE,NIFTY24O1724900PE,253.10,287.10,142.50,169.55,165.00,253.10,25013.15,169.55,290825,134675,97585,61241922418.75,25949,F1,25,,,,,
2024-10-08,2024-10-08,FO,NSE,IDO,43506,,NIFTY,,2024-12-26,2024-12-26,25050.00,CE,NIFTY24DEC25050CE,735.80,900.00,735.80,858.15,858.15,860.00,25013.15,814.40,375,-50,4,2587223.75,4,F1,25,,,,,
2024-10-08,2024-10-08,FO,NSE,IDO,50288,,NIFTY,,2024-10-10,2024-10-10,27400.00,PE,NIFTY24O1027400PE,0.00,0.00,0.00,2062.15,2062.15,2062.15,25013.15,2376.70,25,0,0,0.00,0,F1,25,,,,,
2024-10-08,2024-10-08,FO,NSE,IDO,38315,,NIFTY,,2024-12-26,2024-12-26,20000.00,PE,NIFTY24DEC20000PE,31.00,33.20,28.70,30.75,29.80,30.55,25013.15,30.75,987075,-14650,2681,1342559123.75,1368,F1,25,,,,,
2024-10-08,2024-10-08,FO,NSE,IDO,38373,,NIFTY,,2025-06-26,2025-06-26,20000.00,CE,NIFTY25JUN20000CE,0.00,0.00,0.00,3180.85,0.00,3180.85,25013.15,5964.25,0,0,0,0.00,0,F1,25,,,,,
2024-10-08,2024-10-08,FO,NSE,IDO,86143,,NIFTY,,2028-06-29,2028-06-29,20000.00,CE,NIFTY28JUN20000CE,0.00,0.00,0.00,5724.65,0.00,5724.65,25013.15,9539.20,0,0,0,0.00,0,F1,25,,,,,
2024-10-08,2024-10-08,FO,NSE,IDO,62915,,NIFTY,,2024-10-31,2024-10-31,26350.00,CE,NIFTY24OCT26350CE,22.45,29.25,22.35,25.90,28.95,26.95,25013.15,25.90,69625,-20475,4598,3031825336.25,1978,F1,25,,,,,
2024-10-08,2024-10-08,FO,NSE,IDO,50174,,NIFTY,,2024-10-10,2024-10-10,26350.00,CE,NIFTY24O1026350CE,2.50,2.50,1.45,1.65,1.65,2.85,25013.15,1.65,587825,-241525,119805,78927423571.25,24606,F1,25,,,,,
2024-10-08,2024-10-08,FO,NSE,IDO,42529,,NIFTY,,2024-12-26,2024-12-26,24650.00,PE,NIFTY24DEC24650PE,0.00,0.00,0.00,387.15,387.15,387.15,25013.15,336.70,50,0,0,0.00,0,F1,25,,,,,
2024-10-08,2024-10-08,FO,NSE,IDO,54760,,NIFTY,,2024-10-31,2024-10-31,24650.00,CE,NIFTY24OCT24650CE,579.95,670.80,538.95,655.95,670.00,568.20,25013.15,655.95,5175,200,658,415188123.75,206,F1,25,,,,,
2024-10-08,2024-10-08,FO,NSE,IDO,43714,,NIFTY,,2024-10-24,2024-10-24,24400.00,PE,NIFTY24O2424400PE,153.10,157.10,84.00,95.50,91.85,134.90,25013.15,95.50,15925,775,1148,703551433.75,381,F1,25,,,,,
2024-10-08,2024-10-08,FO,NSE,IDO,43711,,NIFTY,,2024-10-24,2024-10-24,24400.00,CE,NIFTY24O2424400CE,0.00,0.00,0.00,1303.05,0.00,1303.05,25013.15,749.55,0,0,0,0.00,0,F1,25,,,,,
2024-10-08,2024-10-08,FO,NSE,IDO,64203,,NIFTY,,2024-12-26,2024-12-26,27850.00,PE,NIFTY24DEC27850PE,0.00,0.00,0.00,1550.15,0.00,1550.15,25013.15,2489.20,0,0,0,0.00,0,F1,25,,,,,
2024-10-08,2024-10-08,FO,NSE,IDO,48240,,NIFTY,,2024-11-28,2024-11-28,27850.00,CE,NIFTY24NOV27850CE,0.00,0.00,0.00,179.80,0.00,179.80,25013.15,15.20,0,0,0,0.00,0,F1,25,,,,,
2024-10-08,2024-10-08,FO,NSE,IDO,50521,,NIFTY,,2024-11-07,2024-11-07,26550.00,PE,NIFTY24N0726550PE,0.00,0.00,0.00,1256.65,0.00,1256.65,25013.15,1430.45,0,0,0,0.00,0,F1,25,,,,,
2024-10-08,2024-10-08,FO,NSE,IDO,55119,,NIFTY,,2025-06-26,2025-06-26,18000.00,CE,NIFTY25JUN18000CE,0.00,0.00,0.00,5600.00,5600.00,5600.00,25013.15,7861.75,2250,0,0,0.00,0,F1,25,,,,,
2024-10-08,2024-10-08,FO,NSE,IDO,64143,,NIFTY,,2024-12-26,2024-12-26,26800.00,PE,NIFTY24DEC26800PE,0.00,0.00,0.00,1625.00,1625.00,1625.00,25013.15,1581.60,50,0,0,0.00,0,F1,25,,,,,
2024-10-08,2024-10-08,FO,NSE,IDO,62390,,NIFTY,,2024-12-26,2024-12-26,26150.00,PE,NIFTY24DEC26150PE,0.00,0.00,0.00,851.10,851.10,851.10,25013.15,1099.45,100,0,0,0.00,0,F1,25,,,,,
2024-10-08,2024-10-08,FO,NSE,IDO,48101,,NIFTY,,2024-11-28,2024-11-28,26150.00,PE,NIFTY24NOV26150PE,0.00,0.00,0.00,1189.60,1189.60,1189.60,25013.15,1086.80,325,0,0,0.00,0,F1,25,,,,,
2024-10-08,2024-10-08,FO,NSE,IDO,48504,,NIFTY,,2024-10-17,2024-10-17,26150.00,PE,NIFTY24O1726150PE,1180.00,1180.00,1180.00,1180.00,1180.00,1286.05,25013.15,1098.50,1625,50,2,1366500.00,1,F1,25,,,,,
2024-10-08,2024-10-08,FO,NSE,IDO,48694,,NIFTY,,2024-10-17,2024-10-17,27400.00,PE,NIFTY24O1727400PE,0.00,0.00,0.00,1873.20,0.00,1873.20,25013.15,2341.30,0,0,0,0.00,0,F1,25,,,,,
2024-10-08,2024-10-08,FO,NSE,IDO,62971,,NIFTY,,2024-10-31,2024-10-31,27400.00,CE,NIFTY24OCT27400CE,8.65,10.65,7.60,8.00,8.50,9.60,25013.15,8.00,59225,475,747,511848822.50,184,F1,25,,,,,
2024-10-08,2024-10-08,FO,NSE,IDO,50172,,NIFTY,,2024-10-10,2024-10-10,26300.00,CE,NIFTY24O1026300CE,2.40,2.90,1.40,1.60,1.80,2.95,25013.15,1.60,2824900,-281150,467313,307281203452.50,66676,F1,25,,,,,
2024-10-08,2024-10-08,FO,NSE,IDO,44640,,NIFTY,,2024-10-24,2024-10-24,26300.00,PE,NIFTY24O2426300PE,0.00,0.00,0.00,1171.00,1170.00,1171.00,25013.15,1225.20,1200,0,0,0.00,0,F1,25,,,,,
2024-10-08,2024-10-08,FO,NSE,IDO,44623,,NIFTY,,2024-10-24,2024-10-24,26300.00,CE,NIFTY24O2426300CE,23.70,24.15,18.00,19.55,22.25,23.90,25013.15,19.55,42100,325,789,519174765.00,389,F1,25,,,,,
2024-10-08,2024-10-08,FO,NSE,IDO,42549,,NIFTY,,2024-12-26,2024-12-26,24700.00,CE,NIFTY24DEC24700CE,981.40,1118.55,981.40,1109.95,1109.95,981.40,25013.15,1109.95,1525,650,90,57911386.25,21,F1,25,,,,,
2024-10-08,2024-10-08,FO,NSE,IDO,47147,,NIFTY,,2024-10-10,2024-10-10,24700.00,PE,NIFTY24O1024700PE,145.00,155.00,38.75,49.05,43.80,124.30,25013.15,49.05,2696250,677000,2169636,1344124393258.75,628617,F1,25,,,,,
2024-10-08,2024-10-08,FO,NSE,IDO,47084,,NIFTY,,2024-10-10,2024-10-10,23400.00,PE,NIFTY24O1023400PE,3.55,4.35,1.65,2.05,1.95,2.55,25013.15,2.05,1334725,114425,382237,223637859931.25,68708,F1,25,,,,,
2024-10-08,2024-10-08,FO,NSE,IDO,41651,,NIFTY,,2024-12-26,2024-12-26,23400.00,PE,NIFTY24DEC23400PE,0.00,0.00,0.00,175.00,175.00,175.00,25013.15,76.10,12225,0,0,0.00,0,F1,25,,,,,
2024-10-08,2024-10-08,FO,NSE,IDO,43452,,NIFTY,,2024-10-17,2024-10-17,23400.00,PE,NIFTY24O1723400PE,19.90,24.60,10.70,11.70,11.90,19.15,25013.15,11.70,38200,10900,8322,4871666418.75,3334,F1,25,,,,,
2024-10-08,2024-10-08,FO,NSE,IDO,64702,,NIFTY,,2025-09-25,2025-09-25,29000.00,CE,NIFTY25SEP29000CE,0.00,0.00,0.00,1377.55,0.00,1377.55,25013.15,587.50,0,0,0,0.00,0,F1,25,,,,,
2024-10-08,2024-10-08,FO,NSE,IDO,89641,,NIFTY,,2029-06-28,2029-06-28,29000.00,PE,NIFTY29JUN29000PE,0.00,0.00,0.00,1746.95,0.00,1746.95,25013.15,1218.00,0,0,0,0.00,0,F1,25,,,,,
2024-10-08,2024-10-08,FO,NSE,IDO,38163,,NIFTY,,2027-06-24,2027-06-24,29000.00,PE,NIFTY27JUN29000PE,0.00,0.00,0.00,4627.10,0.00,4627.10,25013.15,1824.40,0,0,0,0.00,0,F1,25,,,,,
2024-10-08,2024-10-08,FO,NSE,IDO,67793,,NIFTY,,2028-12-28,2028-12-28,29000.00,PE,NIFTY28DEC29000PE,0.00,0.00,0.00,2010.85,0.00,2010.85,25013.15,1342.30,0,0,0,0.00,0,F1,25,,,,,
2024-10-08,2024-10-08,FO,NSE,IDO,38160,,NIFTY,,2027-06-24,2027-06-24,29000.00,CE,NIFTY27JUN29000CE,0.00,0.00,0.00,1545.20,0.00,1545.20,25013.15,2684.80,0,0,0,0.00,0,F1,25,,,,,
2024-10-08,2024-10-08,FO,NSE,IDO,67792,,NIFTY,,2028-12-28,2028-12-28,29000.00,CE,NIFTY28DEC29000CE,0.00,0.00,0.00,3645.75,0.00,3645.75,25013.15,4550.60,0,0,0,0.00,0,F1,25,,,,,
2024-10-08,2024-10-08,FO,NSE,IDO,41687,,NIFTY,,2024-12-26,2024-12-26,23800.00,CE,NIFTY24DEC23800CE,0.00,0.00,0.00,2917.75,0.00,2917.75,25013.15,1688.30,0,0,0,0.00,0,F1,25,,,,,
2024-10-08,2024-10-08,FO,NSE,IDO,58639,,NIFTY,,2026-12-31,2026-12-31,17000.00,PE,NIFTY26DEC17000PE,0.00,0.00,0.00,66.45,66.45,66.45,25013.15,5.80,3000,0,0,0.00,0,F1,25,,,,,
2024-10-08,2024-10-08,FO,NSE,IDO,43539,,NIFTY,,2024-10-24,2024-10-24,23800.00,PE,NIFTY24O2423800PE,67.80,74.65,37.90,38.95,38.80,59.55,25013.15,38.95,2325,150,119,70968597.50,67,F1,25,,,,,
2024-10-08,2024-10-08,FO,NSE,IDO,45933,,NIFTY,,2024-10-17,2024-10-17,23800.00,CE,NIFTY24O1723800CE,1158.60,1300.35,1130.40,1300.35,1300.35,1199.05,25013.15,1300.35,150,125,13,8115790.00,7,F1,25,,,,,
2024-10-08,2024-10-08,FO,NSE,IDO,45935,,NIFTY,,2024-10-17,2024-10-17,23800.00,PE,NIFTY24O1723800PE,36.50,45.75,19.75,22.00,24.00,36.65,25013.15,22.00,174050,94575,36721,21875302367.50,13373,F1,25,,,,,
2024-10-08,2024-10-08,FO,NSE,IDO,43535,,NIFTY,,2024-10-24,2024-10-24,23800.00,CE,NIFTY24O2423800CE,0.00,0.00,0.00,1824.30,0.00,1824.30,25013.15,1293.10,0,0,0,0.00,0,F1,25,,,,,
2024-10-08,2024-10-08,FO,NSE,IDO,42933,,NIFTY,,2024-11-28,2024-11-28,23800.00,CE,NIFTY24NOV23800CE,0.00,0.00,0.00,1895.00,1895.00,1895.00,25013.15,1515.50,100,0,0,0.00,0,F1,25,,,,,
2024-10-08,2024-10-08,FO,NSE,IDO,50361,,NIFTY,,2024-11-07,2024-11-07,23800.00,CE,NIFTY24N0723800CE,0.00,0.00,0.00,1670.95,0.00,1670.95,25013.15,1380.70,0,0,0,0.00,0,F1,25,,,,,
2024-10-08,2024-10-08,FO,NSE,IDO,48755,,NIFTY,,2024-10-17,2024-10-17,27650.00,PE,NIFTY24O1727650PE,0.00,0.00,0.00,2104.10,0.00,2104.10,25013.15,2590.85,0,0,0,0.00,0,F1,25,,,,,
2024-10-08,2024-10-08,FO,NSE,IDO,62981,,NIFTY,,2024-10-31,2024-10-31,27650.00,CE,NIFTY24OCT27650CE,8.70,9.65,7.70,7.70,7.70,8.70,25013.15,0.80,3175,125,13,8989115.00,6,F1,25,,,,,
2024-10-08,2024-10-08,FO,NSE,IDO,64195,,NIFTY,,2024-12-26,2024-12-26,27650.00,PE,NIFTY24DEC27650PE,0.00,0.00,0.00,1413.30,0.00,1413.30,25013.15,2307.50,0,0,0,0.00,0,F1,25,,,,,
2024-10-08,2024-10-08,FO,NSE,IDO,50328,,NIFTY,,2024-11-07,2024-11-07,23350.00,CE,NIFTY24N0723350CE,0.00,0.00,0.00,2085.80,0.00,2085.80,25013.15,1803.60,0,0,0,0.00,0,F1,25,,,,,
2024-10-08,2024-10-08,FO,NSE,IDO,48231,,NIFTY,,2024-11-28,2024-11-28,27650.00,CE,NIFTY24NOV27650CE,0.00,0.00,0.00,18.20,18.20,18.20,25013.15,21.60,1000,0,0,0.00,0,F1,25,,,,,
2024-10-08,2024-10-08,FO,NSE,IDO,62982,,NIFTY,,2024-10-31,2024-10-31,27650.00,PE,NIFTY24OCT27650PE,0.00,0.00,0.00,1410.80,1410.80,1410.80,25013.15,2520.30,50,0,0,0.00,0,F1,25,,,,,
2024-10-08,2024-10-08,FO,NSE,IDO,48495,,NIFTY,,2024-10-17,2024-10-17,26000.00,PE,NIFTY24O1726000PE,1143.50,1146.15,895.55,947.60,942.25,1091.60,25013.15,947.60,99450,16200,1420,958279778.75,552,F1,25,,,,,
2024-10-08,2024-10-08,FO,NSE,IDO,44562,,NIFTY,,2024-10-24,2024-10-24,26000.00,PE,NIFTY24O2426000PE,860.00,1092.40,860.00,1001.05,1001.05,1082.15,25013.15,948.60,16525,-250,46,31034947.50,30,F1,25,,,,,
2024-10-08,2024-10-08,FO,NSE,IDO,62902,,NIFTY,,2024-10-31,2024-10-31,26000.00,PE,NIFTY24OCT26000PE,1048.85,1092.45,845.10,904.75,893.00,1048.85,25013.15,904.75,2479575,-99325,20622,13894453521.25,7265,F1,25,,,,,
2024-10-08,2024-10-08,FO,NSE,IDO,71564,,NIFTY,,2027-06-24,2027-06-24,26000.00,CE,NIFTY27JUN26000CE,0.00,0.00,0.00,1900.85,0.00,1900.85,25013.15,4202.50,0,0,0,0.00,0,F1,25,,,,,
2024-10-08,2024-10-08,FO,NSE,IDO,50149,,NIFTY,,2024-10-10,2024-10-10,26000.00,PE,NIFTY24O1026000PE,1168.45,1218.25,949.15,1038.45,1000.95,1168.45,25013.15,1038.45,571675,-75300,8998,6083634297.50,2677,F1,25,,,,,
2024-10-08,2024-10-08,FO,NSE,IDO,48007,,NIFTY,,2024-11-28,2024-11-28,25550.00,CE,NIFTY24NOV25550CE,336.50,415.00,326.00,400.05,405.45,337.05,25013.15,400.05,6525,100,182,117946647.50,48,F1,25,,,,,
2024-10-08,2024-10-08,FO,NSE,IDO,48457,,NIFTY,,2024-10-17,2024-10-17,25550.00,PE,NIFTY24O1725550PE,712.10,712.10,497.10,565.35,538.75,680.05,25013.15,565.35,18250,-850,285,186052116.25,118,F1,25,,,,,
2024-10-08,2024-10-08,FO,NSE,IDO,41690,,NIFTY,,2024-12-26,2024-12-26,23850.00,PE,NIFTY24DEC23850PE,0.00,0.00,0.00,76.75,0.00,76.75,25013.15,138.40,0,0,0,0.00,0,F1,25,,,,,
2024-10-08,2024-10-08,FO,NSE,IDO,43541,,NIFTY,,2024-10-24,2024-10-24,23850.00,PE,NIFTY24O2423850PE,0.00,0.00,0.00,38.00,38.00,38.00,25013.15,11.55,50,0,0,0.00,0,F1,25,,,,,
2024-10-08,2024-10-08,FO,NSE,IDO,45936,,NIFTY,,2024-10-17,2024-10-17,23850.00,CE,NIFTY24O1723850CE,0.00,0.00,0.00,1088.25,1088.25,1088.25,25013.15,1204.95,475,0,0,0.00,0,F1,25,,,,,
2024-10-08,2024-10-08,FO,NSE,IDO,41689,,NIFTY,,2024-12-26,2024-12-26,23850.00,CE,NIFTY24DEC23850CE,0.00,0.00,0.00,2872.95,0.00,2872.95,25013.15,1647.45,0,0,0,0.00,0,F1,25,,,,,
2024-10-08,2024-10-08,FO,NSE,IDO,47105,,NIFTY,,2024-10-10,2024-10-10,23850.00,PE,NIFTY24O1023850PE,8.00,16.60,0.10,4.55,3.90,11.20,25013.15,4.55,355650,12350,226921,135356799426.25,39250,F1,25,,,,,
2024-10-08,2024-10-08,FO,NSE,IDO,42935,,NIFTY,,2024-11-28,2024-11-28,23850.00,CE,NIFTY24NOV23850CE,0.00,0.00,0.00,1938.75,1938.75,1938.75,25013.15,1472.75,25,0,0,0.00,0,F1,25,,,,,
2024-10-08,2024-10-08,FO,NSE,IDO,50365,,NIFTY,,2024-11-07,2024-11-07,23850.00,PE,NIFTY24N0723850PE,0.00,0.00,0.00,60.15,0.00,60.15,25013.15,40.30,0,0,0,0.00,0,F1,25,,,,,
2024-10-08,2024-10-08,FO,NSE,IDO,48987,,NIFTY,,2024-10-31,2024-10-31,23850.00,PE,NIFTY24OCT23850PE,86.95,95.10,52.95,57.50,56.05,85.25,25013.15,57.50,33650,-71000,8433,5043270807.50,1627,F1,25,,,,,
2024-10-08,2024-10-08,FO,NSE,IDO,48749,,NIFTY,,2024-10-17,2024-10-17,27600.00,CE,NIFTY24O1727600CE,3.00,9.90,3.00,3.35,3.20,4.00,25013.15,3.35,13650,-8075,1690,1166260461.25,218,F1,25,,,,,
2024-10-08,2024-10-08,FO,NSE,IDO,45002,,NIFTY,,2024-10-24,2024-10-24,27600.00,PE,NIFTY24O2427600PE,0.00,0.00,0.00,2032.10,0.00,2032.10,25013.15,2505.40,0,0,0,0.00,0,F1,25,,,,,
2024-10-08,2024-10-08,FO,NSE,IDO,62980,,NIFTY,,2024-10-31,2024-10-31,27600.00,PE,NIFTY24OCT27600PE,2574.20,2574.20,2408.50,2408.50,2408.50,1284.95,25013.15,2408.50,1325,0,8,6018270.00,2,F1,25,,,,,
2024-10-08,2024-10-08,FO,NSE,IDO,50317,,NIFTY,,2024-10-10,2024-10-10,27600.00,CE,NIFTY24O1027600CE,1.40,2.65,1.10,1.30,1.35,2.45,25013.15,1.30,284850,-314875,103551,71454208755.00,12302,F1,25,,,,,
2024-10-08,2024-10-08,FO,NSE,IDO,42129,,NIFTY,,2025-12-24,2025-12-24,31000.00,CE,NIFTY25DEC31000CE,404.15,424.00,401.00,405.00,405.00,404.15,25013.15,428.85,1825,125,11,8637555.00,10,F1,25,,,,,
2024-10-08,2024-10-08,FO,NSE,IDO,67796,,NIFTY,,2028-12-28,2028-12-28,31000.00,CE,NIFTY28DEC31000CE,0.00,0.00,0.00,2968.35,0.00,2968.35,25013.15,3666.90,0,0,0,0.00,0,F1,25,,,,,
2024-10-08,2024-10-08,FO,NSE,IDO,42155,,NIFTY,,2028-06-29,2028-06-29,31000.00,CE,NIFTY28JUN31000CE,0.00,0.00,0.00,1955.45,0.00,1955.45,25013.15,3086.75,0,0,0,0.00,0,F1,25,,,,,
2024-10-08,2024-10-08,FO,NSE,IDO,42142,,NIFTY,,2027-06-24,2027-06-24,31000.00,CE,NIFTY27JUN31000CE,0.00,0.00,0.00,1151.25,0.00,1151.25,25013.15,1923.45,0,0,0,0.00,0,F1,25,,,,,
2024-10-08,2024-10-08,FO,NSE,IDO,42134,,NIFTY,,2026-06-25,2026-06-25,31000.00,PE,NIFTY26JUN31000PE,0.00,0.00,0.00,5585.00,0.00,5585.00,25013.15,3475.30,0,0,0,0.00,0,F1,25,,,,,
2024-10-08,2024-10-08,FO,NSE,IDO,67797,,NIFTY,,2028-12-28,2028-12-28,31000.00,PE,NIFTY28DEC31000PE,0.00,0.00,0.00,2722.70,0.00,2722.70,25013.15,1962.35,0,0,0,0.00,0,F1,25,,,,,
2024-10-08,2024-10-08,FO,NSE,IDO,47110,,NIFTY,,2024-10-10,2024-10-10,23950.00,PE,NIFTY24O1023950PE,13.00,22.30,4.55,5.75,4.55,15.00,25013.15,5.75,372100,46350,358148,214550817855.00,56310,F1,25,,,,,
2024-10-08,2024-10-08,FO,NSE,IDO,48992,,NIFTY,,2024-10-31,2024-10-31,23950.00,CE,NIFTY24OCT23950CE,0.00,0.00,0.00,1153.60,1153.60,1153.60,25013.15,1197.80,2650,0,0,0.00,0,F1,25,,,,,
2024-10-08,2024-10-08,FO,NSE,IDO,48165,,NIFTY,,2024-11-28,2024-11-28,26750.00,PE,NIFTY24NOV26750PE,0.00,0.00,0.00,1525.10,0.00,1525.10,25013.15,1574.25,0,0,0,0.00,0,F1,25,,,,,
2024-10-08,2024-10-08,FO,NSE,IDO,62934,,NIFTY,,2024-10-31,2024-10-31,26750.00,CE,NIFTY24OCT26750CE,14.75,16.35,12.45,13.70,14.70,15.85,25013.15,13.70,118775,-17175,2715,1816579820.00,837,F1,25,,,,,
2024-10-08,2024-10-08,FO,NSE,IDO,50226,,NIFTY,,2024-10-10,2024-10-10,26750.00,CE,NIFTY24O1026750CE,2.60,2.95,1.15,1.55,1.40,2.60,25013.15,1.55,185525,-97850,34544,23102807811.25,9709,F1,25,,,,,
2024-10-08,2024-10-08,FO,NSE,IDO,64591,,NIFTY,,2025-03-27,2025-03-27,30000.00,PE,NIFTY25MAR30000PE,0.00,0.00,0.00,5633.65,0.00,5633.65,25013.15,4118.55,0,0,0,0.00,0,F1,25,,,,,
2024-10-08,2024-10-08,FO,NSE,IDO,44963,,NIFTY,,2024-10-24,2024-10-24,27400.00,CE,NIFTY24O2427400CE,8.00,8.70,5.55,7.65,7.65,8.00,25013.15,7.65,11750,25,15,10277777.50,10,F1,25,,,,,
2024-10-08,2024-10-08,FO,NSE,IDO,44992,,NIFTY,,2024-10-24,2024-10-24,27400.00,PE,NIFTY24O2427400PE,0.00,0.00,0.00,1848.40,0.00,1848.40,25013.15,2306.15,0,0,0,0.00,0,F1,25,,,,,
2024-10-08,2024-10-08,FO,NSE,IDO,62914,,NIFTY,,2024-10-31,2024-10-31,26300.00,PE,NIFTY24OCT26300PE,1350.00,1375.40,1115.45,1179.10,1171.65,1328.40,25013.15,1179.10,327025,-2800,295,202872741.25,134,F1,25,,,,,
2024-10-08,2024-10-08,FO,NSE,IDO,50511,,NIFTY,,2024-11-07,2024-11-07,26300.00,PE,NIFTY24N0726300PE,0.00,0.00,0.00,1062.85,0.00,1062.85,25013.15,1207.55,0,0,0,0.00,0,F1,25,,,,,
2024-10-08,2024-10-08,FO,NSE,IDO,46479,,NIFTY,,2024-11-28,2024-11-28,24700.00,PE,NIFTY24NOV24700PE,365.85,385.45,288.70,308.95,308.00,361.25,25013.15,308.95,156375,-875,3877,2425984523.75,1470,F1,25,,,,,
2024-10-08,2024-10-08,FO,NSE,IDO,54763,,NIFTY,,2024-10-31,2024-10-31,24700.00,PE,NIFTY24OCT24700PE,239.00,271.90,163.20,181.95,178.10,245.15,25013.15,181.95,552950,-89950,51820,32272315068.75,22176,F1,25,,,,,
2024-10-08,2024-10-08,FO,NSE,IDO,48227,,NIFTY,,2024-10-17,2024-10-17,24700.00,CE,NIFTY24O1724700CE,399.95,513.95,352.50,458.40,472.35,383.70,25013.15,458.40,60975,-24225,13304,8354717698.75,5304,F1,25,,,,,
2024-10-08,2024-10-08,FO,NSE,IDO,48228,,NIFTY,,2024-10-17,2024-10-17,24700.00,PE,NIFTY24O1724700PE,165.05,205.60,96.10,112.90,112.00,177.70,25013.15,112.90,280000,28675,78656,48853707540.00,26586,F1,25,,,,,
2024-10-08,2024-10-08,FO,NSE,IDO,44202,,NIFTY,,2024-10-24,2024-10-24,25450.00,CE,NIFTY24O2425450CE,104.90,150.00,100.00,131.50,143.45,116.55,25013.15,131.50,2700,-125,75,47964005.00,55,F1,25,,,,,
2024-10-08,2024-10-08,FO,NSE,IDO,50227,,NIFTY,,2024-10-10,2024-10-10,26750.00,PE,NIFTY24O1026750PE,1809.95,1809.95,1778.25,1778.25,1778.25,1599.05,25013.15,1726.95,50,0,2,1427205.00,2,F1,25,,,,,
2024-10-08,2024-10-08,FO,NSE,IDO,48567,,NIFTY,,2024-10-17,2024-10-17,26750.00,CE,NIFTY24O1726750CE,5.50,8.20,4.65,5.15,5.70,6.45,25013.15,5.15,8575,-1125,446,298323910.00,117,F1,25,,,,,
2024-10-08,2024-10-08,FO,NSE,IDO,50535,,NIFTY,,2024-11-07,2024-11-07,26750.00,CE,NIFTY24N0726750CE,0.00,0.00,0.00,108.00,0.00,108.00,25013.15,26.55,0,0,0,0.00,0,F1,25,,,,,
2024-10-08,2024-10-08,FO,NSE,IDO,50150,,NIFTY,,2024-10-10,2024-10-10,26050.00,CE,NIFTY24O1026050CE,4.15,4.15,1.95,2.20,2.00,4.10,25013.15,2.20,1218375,213450,220726,143762738783.75,48878,F1,25,,,,,
2024-10-08,2024-10-08,FO,NSE,IDO,58646,,NIFTY,,2026-12-31,2026-12-31,21000.00,CE,NIFTY26DEC21000CE,0.00,0.00,0.00,3356.25,0.00,3356.25,25013.15,7055.70,0,0,0,0.00,0,F1,25,,,,,
2024-10-08,2024-10-08,FO,NSE,IDO,48547,,NIFTY,,2024-10-17,2024-10-17,26550.00,PE,NIFTY24O1726550PE,1643.00,1643.00,1473.55,1473.55,1473.55,638.30,25013.15,1473.55,225,200,16,11243300.00,4,F1,25,,,,,
2024-10-08,2024-10-08,FO,NSE,IDO,50539,,NIFTY,,2024-11-07,2024-11-07,26800.00,CE,NIFTY24N0726800CE,0.00,0.00,0.00,100.70,0.00,100.70,25013.15,23.80,0,0,0,0.00,0,F1,25,,,,,
2024-10-08,2024-10-08,FO,NSE,IDO,50520,,NIFTY,,2024-11-07,2024-11-07,26550.00,CE,NIFTY24N0726550CE,0.00,0.00,0.00,141.70,0.00,141.70,25013.15,40.45,0,0,0,0.00,0,F1,25,,,,,
2024-10-08,2024-10-08,FO,NSE,IDO,55120,,NIFTY,,2025-06-26,2025-06-26,18000.00,PE,NIFTY25JUN18000PE,0.00,0.00,0.00,110.05,110.05,110.05,25013.15,0.40,300,0,0,0.00,0,F1,25,,,,,
2024-10-08,2024-10-08,FO,NSE,IDO,48570,,NIFTY,,2024-10-17,2024-10-17,26800.00,PE,NIFTY24O1726800PE,0.00,0.00,0.00,1350.30,0.00,1350.30,25013.15,1742.45,0,0,0,0.00,0,F1,25,,,,,
2024-10-08,2024-10-08,FO,NSE,IDO,58641,,NIFTY,,2026-12-31,2026-12-31,18000.00,PE,NIFTY26DEC18000PE,0.00,0.00,0.00,135.05,135.05,135.05,25013.15,13.90,5275,0,0,0.00,0,F1,25,,,,,
2024-10-08,2024-10-08,FO,NSE,IDO,48542,,NIFTY,,2024-10-10,2024-10-10,25300.00,PE,NIFTY24O1025300PE,490.00,542.65,283.00,346.35,330.00,489.40,25013.15,346.35,1172250,-29525,78988,50698220417.50,25764,F1,25,,,,,
2024-10-08,2024-10-08,FO,NSE,IDO,44606,,NIFTY,,2024-10-24,2024-10-24,26150.00,PE,NIFTY24O2426150PE,0.00,0.00,0.00,1210.45,1210.45,1210.45,25013.15,1084.85,425,0,0,0.00,0,F1,25,,,,,
2024-10-08,2024-10-08,FO,NSE,IDO,50500,,NIFTY,,2024-11-07,2024-11-07,26150.00,PE,NIFTY24N0726150PE,0.00,0.00,0.00,951.70,0.00,951.70,25013.15,1079.55,0,0,0,0.00,0,F1,25,,,,,
2024-10-08,2024-10-08,FO,NSE,IDO,54780,,NIFTY,,2024-10-31,2024-10-31,25150.00,CE,NIFTY24OCT25150CE,269.45,361.00,256.35,328.55,334.80,276.20,25013.15,328.55,51025,2750,3510,2234230802.50,1621,F1,25,,,,,
2024-10-08,2024-10-08,FO,NSE,IDO,64193,,NIFTY,,2024-12-26,2024-12-26,27600.00,PE,NIFTY24DEC27600PE,0.00,0.00,0.00,1380.05,0.00,1380.05,25013.15,2262.60,0,0,0,0.00,0,F1,25,,,,,
2024-10-08,2024-10-08,FO,NSE,IDO,62979,,NIFTY,,2024-10-31,2024-10-31,27600.00,CE,NIFTY24OCT27600CE,12.95,12.95,6.70,7.70,7.80,8.75,25013.15,7.70,10950,1500,282,194635358.75,90,F1,25,,,,,
2024-10-08,2024-10-08,FO,NSE,IDO,64707,,NIFTY,,2025-09-25,2025-09-25,31000.00,PE,NIFTY25SEP31000PE,0.00,0.00,0.00,3384.50,0.00,3384.50,25013.15,4283.85,0,0,0,0.00,0,F1,25,,,,,
2024-10-08,2024-10-08,FO,NSE,IDO,42144,,NIFTY,,2027-12-30,2027-12-30,31000.00,CE,NIFTY27DEC31000CE,0.00,0.00,0.00,1546.60,0.00,1546.60,25013.15,2510.55,0,0,0,0.00,0,F1,25,,,,,
2024-10-08,2024-10-08,FO,NSE,IDO,89644,,NIFTY,,2029-06-28,2029-06-28,31000.00,CE,NIFTY29JUN31000CE,0.00,0.00,0.00,4882.55,0.00,4882.55,25013.15,4246.55,0,0,0,0.00,0,F1,25,,,,,
2024-10-08,2024-10-08,FO,NSE,IDO,42143,,NIFTY,,2027-06-24,2027-06-24,31000.00,PE,NIFTY27JUN31000PE,0.00,0.00,0.00,4436.25,0.00,4436.25,25013.15,2728.80,0,0,0,0.00,0,F1,25,,,,,
2024-10-08,2024-10-08,FO,NSE,IDO,42132,,NIFTY,,2025-12-24,2025-12-24,31000.00,PE,NIFTY25DEC31000PE,0.00,0.00,0.00,6296.45,0.00,6296.45,25013.15,3982.55,0,0,0,0.00,0,F1,25,,,,,
2024-10-08,2024-10-08,FO,NSE,IDO,42125,,NIFTY,,2025-06-26,2025-06-26,31000.00,CE,NIFTY25JUN31000CE,0.00,0.00,0.00,104.10,0.00,104.10,25013.15,111.00,0,0,0,0.00,0,F1,25,,,,,
2024-10-08,2024-10-08,FO,NSE,IDO,42121,,NIFTY,,2024-12-26,2024-12-26,31000.00,CE,NIFTY24DEC31000CE,9.40,11.00,9.15,9.75,9.65,10.40,25013.15,9.75,47000,-300,116,89927888.75,24,F1,25,,,,,
2024-10-08,2024-10-08,FO,NSE,IDO,42133,,NIFTY,,2026-06-25,2026-06-25,31000.00,CE,NIFTY26JUN31000CE,0.00,0.00,0.00,507.80,0.00,507.80,25013.15,872.20,0,0,0,0.00,0,F1,25,,,,,
2024-10-08,2024-10-08,FO,NSE,IDO,42159,,NIFTY,,2028-06-29,2028-06-29,31000.00,PE,NIFTY28JUN31000PE,0.00,0.00,0.00,3541.95,0.00,3541.95,25013.15,2180.05,0,0,0,0.00,0,F1,25,,,,,
2024-10-08,2024-10-08,FO,NSE,IDO,64593,,NIFTY,,2025-03-27,2025-03-27,31000.00,PE,NIFTY25MAR31000PE,0.00,0.00,0.00,6521.65,0.00,6521.65,25013.15,5053.20,0,0,0,0.00,0,F1,25,,,,,
2024-10-08,2024-10-08,FO,NSE,IDO,50313,,NIFTY,,2024-11-07,2024-11-07,23150.00,CE,NIFTY24N0723150CE,0.00,0.00,0.00,2276.35,0.00,2276.35,25013.15,1997.55,0,0,0,0.00,0,F1,25,,,,,
2024-10-08,2024-10-08,FO,NSE,IDO,48921,,NIFTY,,2024-10-31,2024-10-31,22900.00,CE,NIFTY24OCT22900CE,0.00,0.00,0.00,3272.00,3272.00,3272.00,25013.15,2211.35,200,0,0,0.00,0,F1,25,,,,,
2024-10-08,2024-10-08,FO,NSE,IDO,48923,,NIFTY,,2024-10-31,2024-10-31,22900.00,PE,NIFTY24OCT22900PE,34.15,36.65,20.00,21.05,21.00,34.15,25013.15,21.05,214900,101950,16211,9290830142.50,5333,F1,25,,,,,
2024-10-08,2024-10-08,FO,NSE,IDO,47071,,NIFTY,,2024-10-10,2024-10-10,23150.00,CE,NIFTY24O1023150CE,0.00,0.00,0.00,2175.95,0.00,2175.95,25013.15,1871.70,0,0,0,0.00,0,F1,25,,,,,
2024-10-08,2024-10-08,FO,NSE,IDO,62900,,NIFTY,,2024-10-31,2024-10-31,25950.00,PE,NIFTY24OCT25950PE,1002.25,1037.75,815.05,867.05,843.40,982.25,25013.15,867.05,27075,-900,190,127824416.25,77,F1,25,,,,,
2024-10-08,2024-10-08,FO,NSE,IDO,50147,,NIFTY,,2024-10-10,2024-10-10,25950.00,PE,NIFTY24O1025950PE,1100.45,1100.45,900.00,969.05,953.55,1121.30,25013.15,969.05,327125,450,713,480373690.00,445,F1,25,,,,,
2024-10-08,2024-10-08,FO,NSE,IDO,54917,,NIFTY,,2024-12-26,2024-12-26,25950.00,CE,NIFTY24DEC25950CE,0.00,0.00,0.00,543.35,410.45,543.35,25013.15,407.15,125,0,0,0.00,0,F1,25,,,,,
2024-10-08,2024-10-08,FO,NSE,IDO,43467,,NIFTY,,2024-10-24,2024-10-24,23350.00,CE,NIFTY24O2423350CE,0.00,0.00,0.00,2245.90,0.00,2245.90,25013.15,1733.65,0,0,0,0.00,0,F1,25,,,,,
2024-10-08,2024-10-08,FO,NSE,IDO,41649,,NIFTY,,2024-12-26,2024-12-26,23350.00,PE,NIFTY24DEC23350PE,0.00,0.00,0.00,41.90,0.00,41.90,25013.15,70.85,0,0,0,0.00,0,F1,25,,,,,
2024-10-08,2024-10-08,FO,NSE,IDO,45003,,NIFTY,,2024-10-24,2024-10-24,27650.00,CE,NIFTY24O2427650CE,8.20,8.30,5.15,6.60,6.40,7.95,25013.15,6.60,17725,0,179,123761940.00,78,F1,25,,,,,
2024-10-08,2024-10-08,FO,NSE,IDO,41648,,NIFTY,,2024-12-26,2024-12-26,23350.00,CE,NIFTY24DEC23350CE,0.00,0.00,0.00,3329.05,0.00,3329.05,25013.15,2072.65,0,0,0,0.00,0,F1,25,,,,,
2024-10-08,2024-10-08,FO,NSE,IDO,47081,,NIFTY,,2024-10-10,2024-10-10,23350.00,CE,NIFTY24O1023350CE,1531.60,1554.15,1476.45,1554.15,1554.15,1987.30,25013.15,1671.80,25,25,3,1865305.00,3,F1,25,,,,,
2024-10-08,2024-10-08,FO,NSE,IDO,47082,,NIFTY,,2024-10-10,2024-10-10,23350.00,PE,NIFTY24O1023350PE,2.05,4.15,1.50,1.80,2.00,2.25,25013.15,1.80,372950,-117000,110818,64698182863.75,32047,F1,25,,,,,
2024-10-08,2024-10-08,FO,NSE,IDO,48232,,NIFTY,,2024-11-28,2024-11-28,27650.00,PE,NIFTY24NOV27650PE,0.00,0.00,0.00,2211.45,0.00,2211.45,25013.15,2398.85,0,0,0,0.00,0,F1,25,,,,,
2024-10-08,2024-10-08,FO,NSE,IDO,48942,,NIFTY,,2024-10-31,2024-10-31,23250.00,CE,NIFTY24OCT23250CE,1785.50,1962.05,1785.50,1962.05,1962.05,1854.55,25013.15,1962.05,100,100,8,5024755.00,2,F1,25,,,,,
2024-10-08,2024-10-08,FO,NSE,IDO,47076,,NIFTY,,2024-10-10,2024-10-10,23250.00,CE,NIFTY24O1023250CE,1646.10,1646.10,1585.00,1585.00,1585.00,2081.15,25013.15,1771.75,25,25,2,1243277.50,2,F1,25,,,,,
2024-10-08,2024-10-08,FO,NSE,IDO,42907,,NIFTY,,2024-11-28,2024-11-28,23250.00,CE,NIFTY24NOV23250CE,0.00,0.00,0.00,2441.00,0.00,2441.00,25013.15,2010.50,0,0,0,0.00,0,F1,25,,,,,
2024-10-08,2024-10-08,FO,NSE,IDO,43464,,NIFTY,,2024-10-24,2024-10-24,23250.00,PE,NIFTY24O2423250PE,14.80,23.10,14.80,22.75,22.00,14.80,25013.15,22.75,1275,1200,75,43626415.00,5,F1,25,,,,,
2024-10-08,2024-10-08,FO,NSE,IDO,41635,,NIFTY,,2024-12-26,2024-12-26,23250.00,PE,NIFTY24DEC23250PE,0.00,0.00,0.00,156.00,156.00,156.00,25013.15,61.25,10500,0,0,0.00,0,F1,25,,,,,
2024-10-08,2024-10-08,FO,NSE,IDF,35089,,NIFTY,,2024-11-28,2024-11-28,,,NIFTY24NOVFUT,25140.20,25335.00,25080.00,25273.95,25280.00,25126.85,25013.15,25273.95,1401050,66800,21622,13633680981.25,13601,F1,25,,,,,
2024-10-08,2024-10-08,FO,NSE,IDO,50518,,NIFTY,,2024-11-07,2024-11-07,26500.00,CE,NIFTY24N0726500CE,45.05,51.75,34.20,46.05,46.40,45.05,25013.15,46.05,7400,-1400,261,173168755.00,74,F1,25,,,,,
2024-10-08,2024-10-08,FO,NSE,IDO,44648,,NIFTY,,2024-10-24,2024-10-24,26500.00,CE,NIFTY24O2426500CE,15.55,20.25,12.45,13.80,16.00,17.35,25013.15,13.80,112500,-25500,3404,2256398145.00,1243,F1,25,,,,,
2024-10-08,2024-10-08,FO,NSE,IDO,48532,,NIFTY,,2024-10-17,2024-10-17,26500.00,CE,NIFTY24O1726500CE,9.80,9.80,5.55,6.20,6.60,8.55,25013.15,6.20,538450,137150,46526,30831378436.25,7711,F1,25,,,,,
2024-10-08,2024-10-08,FO,NSE,IDO,48130,,NIFTY,,2024-11-28,2024-11-28,26500.00,CE,NIFTY24NOV26500CE,85.35,114.00,80.00,106.00,109.70,85.25,25013.15,106.00,486050,54275,23102,15360570987.50,6796,F1,25,,,,,
2024-10-08,2024-10-08,FO,NSE,IDO,50180,,NIFTY,,2024-10-10,2024-10-10,26500.00,CE,NIFTY24O1026500CE,2.75,2.75,1.20,1.55,1.35,2.75,25013.15,1.55,5631375,-563100,638512,423043115550.00,70903,F1,25,,,,,
2024-10-08,2024-10-08,FO,NSE,IDO,50181,,NIFTY,,2024-10-10,2024-10-10,26500.00,PE,NIFTY24O1026500PE,1641.60,1711.00,1450.00,1518.85,1495.55,1665.70,25013.15,1518.85,101400,-8225,563,395106841.25,82,F1,25,,,,,
2024-10-08,2024-10-08,FO,NSE,IDO,44652,,NIFTY,,2024-10-24,2024-10-24,26500.00,PE,NIFTY24O2426500PE,1390.00,1440.00,1390.00,1440.00,1440.00,780.50,25013.15,1440.00,25,25,13,9072613.75,6,F1,25,,,,,
2024-10-08,2024-10-08,FO,NSE,IDO,48131,,NIFTY,,2024-11-28,2024-11-28,26500.00,PE,NIFTY24NOV26500PE,1401.00,1467.95,1244.90,1291.25,1290.05,1405.30,25013.15,1291.25,132025,-7700,635,442230898.75,232,F1,25,,,,,
2024-10-08,2024-10-08,FO,NSE,IDO,62922,,NIFTY,,2024-10-31,2024-10-31,26500.00,PE,NIFTY24OCT26500PE,1500.00,1560.00,1310.00,1373.35,1355.00,1516.90,25013.15,1373.35,525125,-9550,1385,967659107.50,642,F1,25,,,,,
2024-10-08,2024-10-08,FO,NSE,IDO,47975,,NIFTY,,2024-11-28,2024-11-28,25400.00,CE,NIFTY24NOV25400CE,396.50,493.00,384.45,471.50,479.15,397.90,25013.15,471.50,35525,-800,1305,842593667.50,572,F1,25,,,,,
2024-10-08,2024-10-08,FO,NSE,IDO,48649,,NIFTY,,2024-10-10,2024-10-10,25400.00,PE,NIFTY24O1025400PE,561.05,634.25,367.95,432.55,417.40,584.45,25013.15,432.55,1009900,-52775,20853,13485276311.25,8274,F1,25,,,,,
2024-10-08,2024-10-08,FO,NSE,IDO,54652,,NIFTY,,2024-12-26,2024-12-26,25400.00,PE,NIFTY24DEC25400PE,702.00,702.00,619.00,630.75,630.00,715.85,25013.15,630.75,3550,75,14,9116358.75,10,F1,25,,,,,
2024-10-08,2024-10-08,FO,NSE,IDO,42967,,NIFTY,,2024-11-28,2024-11-28,24300.00,CE,NIFTY24NOV24300CE,1038.65,1240.55,1038.65,1212.55,1222.75,1110.00,25013.15,1212.55,4850,3525,255,161985498.75,197,F1,25,,,,,
2024-10-08,2024-10-08,FO,NSE,IDO,42968,,NIFTY,,2024-11-28,2024-11-28,24300.00,PE,NIFTY24NOV24300PE,247.25,266.45,197.40,214.60,217.80,247.25,25013.15,214.60,113750,1550,1008,618157342.50,348,F1,25,,,,,
2024-10-08,2024-10-08,FO,NSE,IDO,48209,,NIFTY,,2024-11-28,2024-11-28,27300.00,PE,NIFTY24NOV27300PE,0.00,0.00,0.00,2050.00,2050.00,2050.00,25013.15,2069.15,150,0,0,0.00,0,F1,25,,,,,
2024-10-08,2024-10-08,FO,NSE,IDO,48936,,NIFTY,,2024-10-31,2024-10-31,23100.00,CE,NIFTY24OCT23100CE,1928.15,2083.90,1928.15,2083.90,2083.90,2322.00,25013.15,2083.90,1600,100,16,10042420.00,4,F1,25,,,,,
2024-10-08,2024-10-08,FO,NSE,IDO,48937,,NIFTY,,2024-10-31,2024-10-31,23100.00,PE,NIFTY24OCT23100PE,39.55,43.25,24.85,26.15,26.20,39.60,25013.15,26.15,82400,18600,6951,4019735917.50,3412,F1,25,,,,,
2024-10-08,2024-10-08,FO,NSE,IDO,48249,,NIFTY,,2024-11-28,2024-11-28,27900.00,PE,NIFTY24NOV27900PE,0.00,0.00,0.00,2418.90,0.00,2418.90,25013.15,2638.85,0,0,0,0.00,0,F1,25,,,,,
2024-10-08,2024-10-08,FO,NSE,IDO,44818,,NIFTY,,2024-10-24,2024-10-24,26950.00,CE,NIFTY24O2426950CE,9.50,9.50,7.65,8.00,8.00,10.55,25013.15,8.00,2225,-25,6,4043770.00,5,F1,25,,,,,
2024-10-08,2024-10-08,FO,NSE,IDO,62952,,NIFTY,,2024-10-31,2024-10-31,27000.00,PE,NIFTY24OCT27000PE,2000.00,2050.00,1790.35,1843.70,1836.40,2007.65,25013.15,1843.70,779000,-400,1670,1206753483.75,641,F1,25,,,,,
2024-10-08,2024-10-08,FO,NSE,IDO,50981,,NIFTY,,2027-06-24,2027-06-24,27000.00,CE,NIFTY27JUN27000CE,0.00,0.00,0.00,1932.50,0.00,1932.50,25013.15,3645.85,0,0,0,0.00,0,F1,25,,,,,
2024-10-08,2024-10-08,FO,NSE,IDO,44826,,NIFTY,,2024-10-24,2024-10-24,27000.00,PE,NIFTY24O2427000PE,0.00,0.00,0.00,1548.05,1548.05,1548.05,25013.15,1908.40,25,0,0,0.00,0,F1,25,,,,,
2024-10-08,2024-10-08,FO,NSE,IDO,50967,,NIFTY,,2024-12-26,2024-12-26,27000.00,PE,NIFTY24DEC27000PE,1799.95,1817.15,1585.60,1640.95,1623.05,1772.30,25013.15,1640.95,489050,-16650,3044,2184030353.75,2017,F1,25,,,,,
2024-10-08,2024-10-08,FO,NSE,IDO,64576,,NIFTY,,2025-03-27,2025-03-27,27000.00,CE,NIFTY25MAR27000CE,400.05,457.00,361.05,434.70,443.00,384.30,25013.15,434.70,248825,-19800,5064,3471638623.75,1963,F1,25,,,,,
2024-10-08,2024-10-08,FO,NSE,IDO,48180,,NIFTY,,2024-11-28,2024-11-28,27000.00,CE,NIFTY24NOV27000CE,39.95,49.50,36.20,45.80,49.50,42.75,25013.15,45.80,772325,185125,38616,26106875237.50,10950,F1,25,,,,,
2024-10-08,2024-10-08,FO,NSE,IDO,50237,,NIFTY,,2024-10-10,2024-10-10,26950.00,CE,NIFTY24O1026950CE,1.20,2.50,1.15,1.55,1.40,2.45,25013.15,1.55,101150,-78725,20947,14113966723.75,5637,F1,25,,,,,
2024-10-08,2024-10-08,FO,NSE,IDO,48028,,NIFTY,,2024-10-17,2024-10-17,24100.00,PE,NIFTY24O1724100PE,59.50,73.75,31.65,34.80,35.35,59.50,25013.15,34.80,184200,65725,32869,19843245665.00,12264,F1,25,,,,,
2024-10-08,2024-10-08,FO,NSE,IDO,49007,,NIFTY,,2024-10-31,2024-10-31,24100.00,PE,NIFTY24OCT24100PE,119.85,127.00,71.50,78.60,77.60,111.45,25013.15,78.60,422050,37575,26627,16103609772.50,10197,F1,25,,,,,
2024-10-08,2024-10-08,FO,NSE,IDO,41865,,NIFTY,,2024-12-26,2024-12-26,24100.00,PE,NIFTY24DEC24100PE,266.95,266.95,266.95,266.95,266.95,293.15,25013.15,186.90,4700,-50,10,6091737.50,1,F1,25,,,,,
2024-10-08,2024-10-08,FO,NSE,IDO,50371,,NIFTY,,2024-11-07,2024-11-07,23950.00,PE,NIFTY24N0723950PE,0.00,0.00,0.00,71.55,71.55,71.55,25013.15,50.50,25,0,0,0.00,0,F1,25,,,,,
2024-10-08,2024-10-08,FO,NSE,IDO,42943,,NIFTY,,2024-11-28,2024-11-28,23950.00,CE,NIFTY24NOV23950CE,0.00,0.00,0.00,1850.55,1850.35,1850.55,25013.15,1388.50,50,0,0,0.00,0,F1,25,,,,,
2024-10-08,2024-10-08,FO,NSE,IDO,48218,,NIFTY,,2024-11-28,2024-11-28,27400.00,PE,NIFTY24NOV27400PE,0.00,0.00,0.00,2150.00,2150.00,2150.00,25013.15,2162.45,25,0,0,0.00,0,F1,25,,,,,
2024-10-08,2024-10-08,FO,NSE,IDO,44203,,NIFTY,,2024-10-24,2024-10-24,25450.00,PE,NIFTY24O2425450PE,0.00,0.00,0.00,597.00,597.00,597.00,25013.15,506.95,400,0,0,0.00,0,F1,25,,,,,
2024-10-08,2024-10-08,FO,NSE,IDO,48002,,NIFTY,,2024-11-28,2024-11-28,25450.00,PE,NIFTY24NOV25450PE,636.05,648.15,591.70,594.95,597.20,600.00,25013.15,594.95,1300,275,15,9772588.75,7,F1,25,,,,,
2024-10-08,2024-10-08,FO,NSE,IDO,53611,,NIFTY,,2027-12-30,2027-12-30,20000.00,PE,NIFTY27DEC20000PE,0.00,0.00,0.00,311.25,311.25,311.25,25013.15,75.05,2650,0,0,0.00,0,F1,25,,,,,
2024-10-08,2024-10-08,FO,NSE,IDO,43499,,NIFTY,,2024-12-26,2024-12-26,24950.00,CE,NIFTY24DEC24950CE,859.00,921.40,859.00,891.00,891.00,951.30,25013.15,871.60,225,175,12,7751246.25,7,F1,25,,,,,
2024-10-08,2024-10-08,FO,NSE,IDO,64556,,NIFTY,,2025-03-27,2025-03-27,20000.00,CE,NIFTY25MAR20000CE,0.00,0.00,0.00,3896.85,0.00,3896.85,25013.15,5634.30,0,0,0,0.00,0,F1,25,,,,,
2024-10-08,2024-10-08,FO,NSE,IDO,50438,,NIFTY,,2024-11-07,2024-11-07,25250.00,PE,NIFTY24N0725250PE,0.00,0.00,0.00,380.50,380.50,380.50,25013.15,447.00,575,0,0,0.00,0,F1,25,,,,,
2024-10-08,2024-10-08,FO,NSE,IDO,54784,,NIFTY,,2024-10-31,2024-10-31,25250.00,CE,NIFTY24OCT25250CE,238.00,305.00,214.00,274.70,282.30,229.50,25013.15,274.70,77650,-4975,4060,2588953625.00,1456,F1,25,,,,,
2024-10-08,2024-10-08,FO,NSE,IDO,44114,,NIFTY,,2024-10-24,2024-10-24,25250.00,CE,NIFTY24O2425250CE,178.95,232.70,163.40,213.30,216.00,174.05,25013.15,213.30,10050,1850,253,160997672.50,138,F1,25,,,,,
2024-10-08,2024-10-08,FO,NSE,IDO,50235,,NIFTY,,2024-10-10,2024-10-10,26900.00,CE,NIFTY24O1026900CE,1.25,2.40,1.20,1.50,1.35,2.60,25013.15,1.50,904100,-229300,99449,66883804421.25,16309,F1,25,,,,,
2024-10-08,2024-10-08,FO,NSE,IDO,50335,,NIFTY,,2024-11-07,2024-11-07,23450.00,PE,NIFTY24N0723450PE,0.00,0.00,0.00,28.25,0.00,28.25,25013.15,14.85,0,0,0,0.00,0,F1,25,,,,,
2024-10-08,2024-10-08,FO,NSE,IDO,42915,,NIFTY,,2024-11-28,2024-11-28,23450.00,CE,NIFTY24NOV23450CE,0.00,0.00,0.00,2300.45,2300.45,2300.45,25013.15,1826.00,25,0,0,0.00,0,F1,25,,,,,
2024-10-08,2024-10-08,FO,NSE,IDO,38146,,NIFTY,,2024-12-26,2024-12-26,29000.00,CE,NIFTY24DEC29000CE,16.60,17.85,14.40,15.25,15.30,16.10,25013.15,15.25,592450,5125,5309,3851086926.25,2625,F1,25,,,,,
2024-10-08,2024-10-08,FO,NSE,IDO,86168,,NIFTY,,2028-06-29,2028-06-29,29000.00,PE,NIFTY28JUN29000PE,0.00,0.00,0.00,3595.90,0.00,3595.90,25013.15,1481.55,0,0,0,0.00,0,F1,25,,,,,
2024-10-08,2024-10-08,FO,NSE,IDO,38151,,NIFTY,,2025-06-26,2025-06-26,29000.00,PE,NIFTY25JUN29000PE,0.00,0.00,0.00,6724.50,0.00,6724.50,25013.15,2957.20,0,0,0,0.00,0,F1,25,,,,,
2024-10-08,2024-10-08,FO,NSE,IDO,86167,,NIFTY,,2028-06-29,2028-06-29,29000.00,CE,NIFTY28JUN29000CE,0.00,0.00,0.00,2333.25,0.00,2333.25,25013.15,3943.50,0,0,0,0.00,0,F1,25,,,,,
2024-10-08,2024-10-08,FO,NSE,IDO,38158,,NIFTY,,2026-12-31,2026-12-31,29000.00,CE,NIFTY26DEC29000CE,0.00,0.00,0.00,1205.35,0.00,1205.35,25013.15,2088.30,0,0,0,0.00,0,F1,25,,,,,
2024-10-08,2024-10-08,FO,NSE,IDO,50362,,NIFTY,,2024-11-07,2024-11-07,23800.00,PE,NIFTY24N0723800PE,0.00,0.00,0.00,55.05,0.00,55.05,25013.15,35.90,0,0,0,0.00,0,F1,25,,,,,
2024-10-08,2024-10-08,FO,NSE,IDO,48985,,NIFTY,,2024-10-31,2024-10-31,23800.00,PE,NIFTY24OCT23800PE,80.00,95.60,49.00,52.95,52.50,78.80,25013.15,52.95,441775,94250,45714,27273487810.00,16034,F1,25,,,,,
2024-10-08,2024-10-08,FO,NSE,IDO,43512,,NIFTY,,2024-12-26,2024-12-26,25100.00,PE,NIFTY24DEC25100PE,560.65,560.65,424.05,482.55,424.80,568.65,25013.15,482.55,3650,-475,104,66592988.75,33,F1,25,,,,,
2024-10-08,2024-10-08,FO,NSE,IDO,48310,,NIFTY,,2024-10-17,2024-10-17,25100.00,CE,NIFTY24O1725100CE,169.95,234.00,145.25,200.40,212.60,164.65,25013.15,200.40,346025,94925,104785,66255757107.50,28761,F1,25,,,,,
2024-10-08,2024-10-08,FO,NSE,IDO,54779,,NIFTY,,2024-10-31,2024-10-31,25100.00,PE,NIFTY24OCT25100PE,395.45,440.00,285.75,318.10,313.85,401.90,25013.15,318.10,585300,-4875,40763,25926827536.25,15108,F1,25,,,,,
2024-10-08,2024-10-08,FO,NSE,IDO,62947,,NIFTY,,2024-10-31,2024-10-31,26900.00,CE,NIFTY24OCT26900CE,12.05,13.85,10.40,11.70,12.90,13.65,25013.15,11.70,312575,-12025,5340,3592742466.25,1476,F1,25,,,,,
2024-10-08,2024-10-08,FO,NSE,IDO,44817,,NIFTY,,2024-10-24,2024-10-24,26900.00,PE,NIFTY24O2426900PE,0.00,0.00,0.00,1410.80,0.00,1410.80,25013.15,1809.35,0,0,0,0.00,0,F1,25,,,,,
2024-10-08,2024-10-08,FO,NSE,IDO,50554,,NIFTY,,2024-11-07,2024-11-07,26900.00,PE,NIFTY24N0726900PE,0.00,0.00,0.00,1549.80,0.00,1549.80,25013.15,1757.05,0,0,0,0.00,0,F1,25,,,,,
2024-10-08,2024-10-08,FO,NSE,IDO,48466,,NIFTY,,2024-10-17,2024-10-17,25750.00,PE,NIFTY24O1725750PE,880.00,900.00,696.05,715.65,711.50,892.70,25013.15,715.65,5800,-1350,153,101490950.00,37,F1,25,,,,,
2024-10-08,2024-10-08,FO,NSE,IDO,44399,,NIFTY,,2024-10-24,2024-10-24,25750.00,PE,NIFTY24O2425750PE,762.50,762.50,673.85,673.85,673.85,450.00,25013.15,734.45,350,-100,5,3311846.25,3,F1,25,,,,,
2024-10-08,2024-10-08,FO,NSE,IDO,48079,,NIFTY,,2024-11-28,2024-11-28,25750.00,PE,NIFTY24NOV25750PE,821.05,821.05,781.75,781.75,781.75,875.00,25013.15,805.60,925,125,6,3984675.00,3,F1,25,,,,,
2024-10-08,2024-10-08,FO,NSE,IDO,44993,,NIFTY,,2024-10-24,2024-10-24,27450.00,CE,NIFTY24O2427450CE,9.05,9.85,9.05,9.85,9.85,9.05,25013.15,0.20,600,375,15,10297243.75,2,F1,25,,,,,
2024-10-08,2024-10-08,FO,NSE,IDO,48220,,NIFTY,,2024-11-28,2024-11-28,27450.00,PE,NIFTY24NOV27450PE,0.00,0.00,0.00,1090.30,1090.30,1090.30,25013.15,2209.40,50,0,0,0.00,0,F1,25,,,,,
2024-10-08,2024-10-08,FO,NSE,IDO,50292,,NIFTY,,2024-10-10,2024-10-10,27450.00,PE,NIFTY24O1027450PE,0.00,0.00,0.00,2146.15,0.00,2146.15,25013.15,2426.70,0,0,0,0.00,0,F1,25,,,,,
2024-10-08,2024-10-08,FO,NSE,IDO,58629,,NIFTY,,2026-12-31,2026-12-31,12000.00,PE,NIFTY26DEC12000PE,20.05,20.05,20.05,20.05,20.05,21.15,25013.15,0.05,800,200,28,8414035.00,2,F1,25,,,,,
2024-10-08,2024-10-08,FO,NSE,IDO,50549,,NIFTY,,2027-06-24,2027-06-24,28000.00,CE,NIFTY27JUN28000CE,0.00,0.00,0.00,2186.30,0.00,2186.30,25013.15,3139.80,0,0,0,0.00,0,F1,25,,,,,
2024-10-08,2024-10-08,FO,NSE,IDO,64578,,NIFTY,,2025-03-27,2025-03-27,28000.00,CE,NIFTY25MAR28000CE,180.15,213.45,175.15,203.80,204.00,180.20,25013.15,203.80,257375,18500,2128,1500209461.25,1534,F1,25,,,,,
2024-10-08,2024-10-08,FO,NSE,IDO,50543,,NIFTY,,2025-12-24,2025-12-24,28000.00,CE,NIFTY25DEC28000CE,1195.00,1430.00,1155.00,1203.35,1190.05,1197.00,25013.15,1203.35,27275,375,59,43093366.25,52,F1,25,,,,,
2024-10-08,2024-10-08,FO,NSE,IDO,64701,,NIFTY,,2025-09-25,2025-09-25,28000.00,PE,NIFTY25SEP28000PE,0.00,0.00,0.00,1606.20,0.00,1606.20,25013.15,2083.35,0,0,0,0.00,0,F1,25,,,,,
2024-10-08,2024-10-08,FO,NSE,IDO,50546,,NIFTY,,2026-06-25,2026-06-25,28000.00,PE,NIFTY26JUN28000PE,0.00,0.00,0.00,6532.55,0.00,6532.55,25013.15,1766.95,0,0,0,0.00,0,F1,25,,,,,
2024-10-08,2024-10-08,FO,NSE,IDO,50544,,NIFTY,,2025-12-24,2025-12-24,28000.00,PE,NIFTY25DEC28000PE,2272.80,2272.80,2100.00,2127.50,2165.00,2190.00,25013.15,2127.50,14900,225,22,16575716.25,21,F1,25,,,,,
2024-10-08,2024-10-08,FO,NSE,IDO,64700,,NIFTY,,2025-09-25,2025-09-25,28000.00,CE,NIFTY25SEP28000CE,0.00,0.00,0.00,1788.20,0.00,1788.20,25013.15,861.15,0,0,0,0.00,0,F1,25,,,,,
2024-10-08,2024-10-08,FO,NSE,IDO,62953,,NIFTY,,2024-10-31,2024-10-31,27050.00,CE,NIFTY24OCT27050CE,11.00,13.90,9.05,10.85,10.85,11.40,25013.15,10.85,26475,-3625,630,426203453.75,88,F1,25,,,,,
2024-10-08,2024-10-08,FO,NSE,IDO,50428,,NIFTY,,2024-11-07,2024-11-07,25050.00,CE,NIFTY24N0725050CE,463.00,463.00,463.00,463.00,463.00,505.90,25013.15,463.00,50,25,1,637825.00,1,F1,25,,,,,
2024-10-08,2024-10-08,FO,NSE,IDO,47074,,NIFTY,,2024-10-10,2024-10-10,23200.00,CE,NIFTY24O1023200CE,1665.05,1790.60,1665.05,1726.55,1726.55,1830.05,25013.15,1821.75,825,-150,25,15578682.50,13,F1,25,,,,,
2024-10-08,2024-10-08,FO,NSE,IDO,42789,,NIFTY,,2024-10-17,2024-10-17,23200.00,CE,NIFTY24O1723200CE,1820.00,1845.85,1800.00,1845.85,1845.85,2363.65,25013.15,1851.75,250,250,10,6254146.25,4,F1,25,,,,,
2024-10-08,2024-10-08,FO,NSE,IDO,41628,,NIFTY,,2024-12-26,2024-12-26,23200.00,CE,NIFTY24DEC23200CE,0.00,0.00,0.00,3468.95,0.00,3468.95,25013.15,2206.50,0,0,0,0.00,0,F1,25,,,,,
2024-10-08,2024-10-08,FO,NSE,IDO,41629,,NIFTY,,2024-12-26,2024-12-26,23200.00,PE,NIFTY24DEC23200PE,150.00,152.15,150.00,152.15,152.15,34.45,25013.15,56.90,800,800,32,18681150.00,8,F1,25,,,,,
2024-10-08,2024-10-08,FO,NSE,IDO,42905,,NIFTY,,2024-11-28,2024-11-28,23200.00,CE,NIFTY24NOV23200CE,0.00,0.00,0.00,1989.65,2001.25,1989.65,25013.15,2057.30,3875,0,0,0.00,0,F1,25,,,,,
2024-10-08,2024-10-08,FO,NSE,IDO,43459,,NIFTY,,2024-10-24,2024-10-24,23200.00,CE,NIFTY24O2423200CE,0.00,0.00,0.00,2390.00,0.00,2390.00,25013.15,1882.45,0,0,0,0.00,0,F1,25,,,,,
2024-10-08,2024-10-08,FO,NSE,IDO,47974,,NIFTY,,2024-11-28,2024-11-28,25350.00,PE,NIFTY24NOV25350PE,627.00,627.00,531.00,569.00,569.00,619.20,25013.15,567.90,5300,125,15,9725315.00,13,F1,25,,,,,
2024-10-08,2024-10-08,FO,NSE,IDO,48433,,NIFTY,,2024-10-17,2024-10-17,25350.00,PE,NIFTY24O1725350PE,530.00,558.60,347.55,391.05,386.90,524.45,25013.15,391.05,14975,-1125,779,502214072.50,359,F1,25,,,,,
2024-10-08,2024-10-08,FO,NSE,IDO,48641,,NIFTY,,2024-10-10,2024-10-10,25350.00,CE,NIFTY24O1025350CE,26.50,32.60,12.50,20.25,24.15,26.20,25013.15,20.25,1702300,-143150,1076684,682948202518.75,264017,F1,25,,,,,
2024-10-08,2024-10-08,FO,NSE,IDO,48465,,NIFTY,,2024-10-17,2024-10-17,25750.00,CE,NIFTY24O1725750CE,26.75,36.90,21.55,27.50,27.55,29.70,25013.15,27.50,74550,-5450,21682,13973102365.00,6946,F1,25,,,,,
2024-10-08,2024-10-08,FO,NSE,IDO,48078,,NIFTY,,2024-11-28,2024-11-28,25750.00,CE,NIFTY24NOV25750CE,292.45,328.00,278.75,313.05,320.00,260.90,25013.15,313.05,3500,450,42,27356056.25,21,F1,25,,,,,
2024-10-08,2024-10-08,FO,NSE,IDO,50463,,NIFTY,,2024-11-07,2024-11-07,25750.00,CE,NIFTY24N0725750CE,0.00,0.00,0.00,366.95,0.00,366.95,25013.15,171.45,0,0,0,0.00,0,F1,25,,,,,
2024-10-08,2024-10-08,FO,NSE,IDO,48912,,NIFTY,,2024-10-31,2024-10-31,22750.00,CE,NIFTY24OCT22750CE,0.00,0.00,0.00,2250.95,0.00,2250.95,25013.15,2360.25,0,0,0,0.00,0,F1,25,,,,,
2024-10-08,2024-10-08,FO,NSE,IDO,47955,,NIFTY,,2024-10-17,2024-10-17,23950.00,CE,NIFTY24O1723950CE,1008.45,1154.45,1008.45,1154.45,1154.45,1664.20,25013.15,1154.45,200,200,16,10012590.00,4,F1,25,,,,,
2024-10-08,2024-10-08,FO,NSE,IDO,48995,,NIFTY,,2024-10-31,2024-10-31,23950.00,PE,NIFTY24OCT23950PE,94.95,106.80,60.10,65.35,63.20,94.90,25013.15,65.35,22425,-37725,4688,2816386982.50,1077,F1,25,,,,,
2024-10-08,2024-10-08,FO,NSE,IDO,48998,,NIFTY,,2024-10-31,2024-10-31,24050.00,CE,NIFTY24OCT24050CE,0.00,0.00,0.00,2010.00,2010.00,2010.00,25013.15,1107.95,300,0,0,0.00,0,F1,25,,,,,
2024-10-08,2024-10-08,FO,NSE,IDO,47116,,NIFTY,,2024-10-10,2024-10-10,24050.00,CE,NIFTY24O1024050CE,929.65,939.55,840.55,939.55,939.55,1011.20,25013.15,939.55,200,0,11,6859806.25,11,F1,25,,,,,
2024-10-08,2024-10-08,FO,NSE,IDO,43640,,NIFTY,,2024-10-24,2024-10-24,24050.00,PE,NIFTY24O2424050PE,60.20,63.20,60.20,63.20,63.20,63.00,25013.15,22.85,225,0,5,3014000.00,3,F1,25,,,,,
2024-10-08,2024-10-08,FO,NSE,IDO,50376,,NIFTY,,2024-11-07,2024-11-07,24050.00,CE,NIFTY24N0724050CE,0.00,0.00,0.00,1452.25,0.00,1452.25,25013.15,1158.90,0,0,0,0.00,0,F1,25,,,,,
2024-10-08,2024-10-08,FO,NSE,IDO,58636,,NIFTY,,2026-12-31,2026-12-31,16000.00,CE,NIFTY26DEC16000CE,0.00,0.00,0.00,6200.00,6200.00,6200.00,25013.15,11251.30,50,0,0,0.00,0,F1,25,,,,,
2024-10-08,2024-10-08,FO,NSE,IDO,48901,,NIFTY,,2024-10-31,2024-10-31,22450.00,PE,NIFTY24OCT22450PE,22.70,23.85,14.90,15.75,15.65,21.65,25013.15,15.75,22125,-1125,233,130873577.50,73,F1,25,,,,,
2024-10-08,2024-10-08,FO,NSE,IDO,48900,,NIFTY,,2024-10-31,2024-10-31,22450.00,CE,NIFTY24OCT22450CE,0.00,0.00,0.00,2650.00,2650.00,2650.00,25013.15,2658.55,75,0,0,0.00,0,F1,25,,,,,
2024-10-08,2024-10-08,FO,NSE,IDO,48892,,NIFTY,,2024-10-31,2024-10-31,22300.00,CE,NIFTY24OCT22300CE,2675.00,2800.00,2675.00,2800.00,2800.00,2755.15,25013.15,2807.85,51600,-100,6,3754375.00,3,F1,25,,,,,
2024-10-08,2024-10-08,FO,NSE,IDO,46181,,NIFTY,,2024-11-28,2024-11-28,24500.00,CE,NIFTY24NOV24500CE,925.05,1075.00,908.00,1043.00,1053.55,930.30,25013.15,1043.00,43100,-75,1550,987248667.50,459,F1,25,,,,,
2024-10-08,2024-10-08,FO,NSE,IDO,48125,,NIFTY,,2024-10-17,2024-10-17,24500.00,CE,NIFTY24O1724500CE,530.25,681.00,494.50,623.05,636.25,526.65,25013.15,623.05,70500,-7850,8029,5035850078.75,3161,F1,25,,,,,
2024-10-08,2024-10-08,FO,NSE,IDO,54755,,NIFTY,,2024-10-31,2024-10-31,24500.00,PE,NIFTY24OCT24500PE,188.00,210.25,123.15,137.80,132.20,188.80,25013.15,137.80,3750725,26825,150914,93039857187.50,43890,F1,25,,,,,
2024-10-08,2024-10-08,FO,NSE,IDO,46182,,NIFTY,,2024-11-28,2024-11-28,24500.00,PE,NIFTY24NOV24500PE,301.40,325.00,244.00,262.65,257.25,301.40,25013.15,262.65,799300,95225,26689,16530681112.50,11116,F1,25,,,,,
2024-10-08,2024-10-08,FO,NSE,IDO,50399,,NIFTY,,2024-11-07,2024-11-07,24500.00,PE,NIFTY24N0724500PE,213.40,217.90,162.00,180.65,180.00,213.40,25013.15,180.65,975,500,36,22219992.50,24,F1,25,,,,,
2024-10-08,2024-10-08,FO,NSE,IDO,50396,,NIFTY,,2024-11-07,2024-11-07,24500.00,CE,NIFTY24N0724500CE,0.00,0.00,0.00,1088.95,0.00,1088.95,25013.15,797.65,0,0,0,0.00,0,F1,25,,,,,
2024-10-08,2024-10-08,FO,NSE,IDO,41910,,NIFTY,,2024-12-26,2024-12-26,24500.00,PE,NIFTY24DEC24500PE,362.75,399.95,320.00,333.85,333.00,377.30,25013.15,333.85,237300,5400,3501,2175335202.50,1788,F1,25,,,,,
2024-10-08,2024-10-08,FO,NSE,IDO,47135,,NIFTY,,2024-10-10,2024-10-10,24500.00,PE,NIFTY24O1024500PE,72.00,95.00,21.55,25.30,22.40,70.90,25013.15,25.30,4167475,830500,2205936,1353620396498.75,511903,F1,25,,,,,
2024-10-08,2024-10-08,FO,NSE,IDO,48126,,NIFTY,,2024-10-17,2024-10-17,24500.00,PE,NIFTY24O1724500PE,150.00,150.00,65.50,75.20,73.00,123.40,25013.15,75.20,666375,147625,148307,91202721056.25,35718,F1,25,,,,,
2024-10-08,2024-10-08,FO,NSE,IDO,55117,,NIFTY,,2024-12-26,2024-12-26,18000.00,CE,NIFTY24DEC18000CE,7117.00,7300.00,7110.90,7200.00,7200.00,7117.00,25013.15,7274.20,62825,-125,17,10713347.50,17,F1,25,,,,,
2024-10-08,2024-10-08,FO,NSE,IDO,50532,,NIFTY,,2024-12-26,2024-12-26,28000.00,PE,NIFTY24DEC28000PE,2707.95,2727.00,2469.00,2517.95,2511.40,2670.65,25013.15,2517.95,255100,8125,1983,1514441573.75,1921,F1,25,,,,,
2024-10-08,2024-10-08,FO,NSE,IDO,89639,,NIFTY,,2029-06-28,2029-06-28,28000.00,PE,NIFTY29JUN28000PE,0.00,0.00,0.00,1488.10,0.00,1488.10,25013.15,987.50,0,0,0,0.00,0,F1,25,,,,,
2024-10-08,2024-10-08,FO,NSE,IDO,67790,,NIFTY,,2028-12-28,2028-12-28,28000.00,CE,NIFTY28DEC28000CE,0.00,0.00,0.00,4027.15,0.00,4027.15,25013.15,5043.85,0,0,0,0.00,0,F1,25,,,,,
2024-10-08,2024-10-08,FO,NSE,IDO,53635,,NIFTY,,2027-12-30,2027-12-30,28000.00,PE,NIFTY27DEC28000PE,0.00,0.00,0.00,4251.00,0.00,4251.00,25013.15,1308.75,0,0,0,0.00,0,F1,25,,,,,
2024-10-08,2024-10-08,FO,NSE,IDO,50538,,NIFTY,,2025-06-26,2025-06-26,28000.00,PE,NIFTY25JUN28000PE,0.00,0.00,0.00,7207.55,0.00,7207.55,25013.15,2217.95,0,0,0,0.00,0,F1,25,,,,,
2024-10-08,2024-10-08,FO,NSE,IDO,86165,,NIFTY,,2028-06-29,2028-06-29,28000.00,CE,NIFTY28JUN28000CE,0.00,0.00,0.00,2596.45,0.00,2596.45,25013.15,4429.80,0,0,0,0.00,0,F1,25,,,,,
2024-10-08,2024-10-08,FO,NSE,IDO,50392,,NIFTY,,2024-11-07,2024-11-07,24400.00,CE,NIFTY24N0724400CE,0.00,0.00,0.00,1165.80,0.00,1165.80,25013.15,872.85,0,0,0,0.00,0,F1,25,,,,,
2024-10-08,2024-10-08,FO,NSE,IDO,41898,,NIFTY,,2024-12-26,2024-12-26,24400.00,CE,NIFTY24DEC24400CE,0.00,0.00,0.00,2395.15,0.00,2395.15,25013.15,1227.75,0,0,0,0.00,0,F1,25,,,,,
2024-10-08,2024-10-08,FO,NSE,IDO,54751,,NIFTY,,2024-10-31,2024-10-31,24400.00,PE,NIFTY24OCT24400PE,167.55,184.10,105.75,118.60,115.50,163.55,25013.15,118.60,1788050,14800,42648,26161629286.25,13893,F1,25,,,,,
2024-10-08,2024-10-08,FO,NSE,IDO,45637,,NIFTY,,2024-11-28,2024-11-28,24400.00,CE,NIFTY24NOV24400CE,1006.95,1152.40,975.05,1152.40,1152.40,1004.95,25013.15,1152.40,3375,2125,185,117634716.25,102,F1,25,,,,,
2024-10-08,2024-10-08,FO,NSE,IDO,53617,,NIFTY,,2027-12-30,2027-12-30,22000.00,PE,NIFTY27DEC22000PE,0.00,0.00,0.00,329.00,329.00,329.00,25013.15,193.60,25,0,0,0.00,0,F1,25,,,,,
2024-10-08,2024-10-08,FO,NSE,IDO,50450,,NIFTY,,2024-11-07,2024-11-07,25450.00,PE,NIFTY24N0725450PE,0.00,0.00,0.00,519.70,0.00,519.70,25013.15,563.50,0,0,0,0.00,0,F1,25,,,,,
2024-10-08,2024-10-08,FO,NSE,IDO,47990,,NIFTY,,2024-11-28,2024-11-28,25450.00,CE,NIFTY24NOV25450CE,369.70,462.00,357.70,444.00,449.00,381.40,25013.15,444.00,2575,-200,39,25223091.25,14,F1,25,,,,,
2024-10-08,2024-10-08,FO,NSE,IDO,45062,,NIFTY,,2024-10-24,2024-10-24,27800.00,CE,NIFTY24O2427800CE,0.00,0.00,0.00,29.15,0.00,29.15,25013.15,0.05,0,0,0,0.00,0,F1,25,,,,,
2024-10-08,2024-10-08,FO,NSE,IDO,48783,,NIFTY,,2024-10-17,2024-10-17,27800.00,CE,NIFTY24O1727800CE,3.10,4.15,2.90,3.30,3.05,4.15,25013.15,3.30,19500,5525,1540,1070427071.25,219,F1,25,,,,,
2024-10-08,2024-10-08,FO,NSE,IDO,48968,,NIFTY,,2024-10-31,2024-10-31,23650.00,CE,NIFTY24OCT23650CE,1418.20,1551.60,1418.20,1551.60,1551.60,2617.55,25013.15,1551.60,2400,0,8,5026980.00,2,F1,25,,,,,
2024-10-08,2024-10-08,FO,NSE,IDO,62987,,NIFTY,,2024-10-31,2024-10-31,27800.00,CE,NIFTY24OCT27800CE,8.30,8.30,6.25,7.65,8.15,8.35,25013.15,7.65,127125,850,623,433098683.75,111,F1,25,,,,,
2024-10-08,2024-10-08,FO,NSE,IDO,48237,,NIFTY,,2024-11-28,2024-11-28,27800.00,CE,NIFTY24NOV27800CE,12.65,12.65,12.65,12.65,12.65,187.15,25013.15,16.60,100,100,4,2781265.00,1,F1,25,,,,,
2024-10-08,2024-10-08,FO,NSE,IDO,64200,,NIFTY,,2024-12-26,2024-12-26,27800.00,CE,NIFTY24DEC27800CE,0.00,0.00,0.00,215.40,215.40,215.40,25013.15,59.85,0,0,0,0.00,0,F1,25,,,,,
2024-10-08,2024-10-08,FO,NSE,IDO,47094,,NIFTY,,2024-10-10,2024-10-10,23650.00,CE,NIFTY24O1023650CE,0.00,0.00,0.00,1704.80,1704.80,1704.80,25013.15,1371.90,125,0,0,0.00,0,F1,25,,,,,
2024-10-08,2024-10-08,FO,NSE,IDO,48971,,NIFTY,,2024-10-31,2024-10-31,23650.00,PE,NIFTY24OCT23650PE,72.60,73.40,42.10,45.45,45.00,66.35,25013.15,45.45,17450,-75,724,429087837.50,254,F1,25,,,,,
2024-10-08,2024-10-08,FO,NSE,IDO,41681,,NIFTY,,2024-12-26,2024-12-26,23650.00,CE,NIFTY24DEC23650CE,0.00,0.00,0.00,3053.30,0.00,3053.30,25013.15,1813.25,0,0,0,0.00,0,F1,25,,,,,
2024-10-08,2024-10-08,FO,NSE,IDO,42925,,NIFTY,,2024-11-28,2024-11-28,23650.00,PE,NIFTY24NOV23650PE,0.00,0.00,0.00,124.55,124.55,124.55,25013.15,61.20,600,0,0,0.00,0,F1,25,,,,,
2024-10-08,2024-10-08,FO,NSE,IDO,48796,,NIFTY,,2024-10-17,2024-10-17,27800.00,PE,NIFTY24O1727800PE,0.00,0.00,0.00,2245.25,0.00,2245.25,25013.15,2740.60,0,0,0,0.00,0,F1,25,,,,,
2024-10-08,2024-10-08,FO,NSE,IDO,89633,,NIFTY,,2029-06-28,2029-06-28,25000.00,PE,NIFTY29JUN25000PE,0.00,0.00,0.00,852.50,0.00,852.50,25013.15,470.35,0,0,0,0.00,0,F1,25,,,,,
2024-10-08,2024-10-08,FO,NSE,IDO,48080,,NIFTY,,2024-11-28,2024-11-28,25800.00,CE,NIFTY24NOV25800CE,242.05,310.45,229.60,296.20,295.30,242.00,25013.15,296.20,71525,3100,4988,3250440823.75,2472,F1,25,,,,,
2024-10-08,2024-10-08,FO,NSE,IDO,64571,,NIFTY,,2025-03-27,2025-03-27,25000.00,PE,NIFTY25MAR25000PE,664.80,685.25,587.45,619.95,615.25,663.90,25013.15,619.95,542825,-5850,3275,2099006218.75,1991,F1,25,,,,,
2024-10-08,2024-10-08,FO,NSE,IDO,89632,,NIFTY,,2029-06-28,2029-06-28,25000.00,CE,NIFTY29JUN25000CE,0.00,0.00,0.00,7557.70,0.00,7557.70,25013.15,7308.35,0,0,0,0.00,0,F1,25,,,,,
2024-10-08,2024-10-08,FO,NSE,IDO,71475,,NIFTY,,2026-06-25,2026-06-25,25000.00,PE,NIFTY26JUN25000PE,0.00,0.00,0.00,6063.10,0.00,6063.10,25013.15,671.85,0,0,0,0.00,0,F1,25,,,,,
2024-10-08,2024-10-08,FO,NSE,IDO,67784,,NIFTY,,2028-12-28,2028-12-28,25000.00,CE,NIFTY28DEC25000CE,0.00,0.00,0.00,5350.40,0.00,5350.40,25013.15,6721.70,0,0,0,0.00,0,F1,25,,,,,
2024-10-08,2024-10-08,FO,NSE,IDO,86153,,NIFTY,,2028-06-29,2028-06-29,25000.00,CE,NIFTY28JUN25000CE,0.00,0.00,0.00,3545.15,0.00,3545.15,25013.15,6114.80,0,0,0,0.00,0,F1,25,,,,,
2024-10-08,2024-10-08,FO,NSE,IDO,48613,,NIFTY,,2024-10-17,2024-10-17,26950.00,CE,NIFTY24O1726950CE,4.90,5.75,3.85,4.50,4.15,5.35,25013.15,4.50,7850,675,244,164424010.00,60,F1,25,,,,,
2024-10-08,2024-10-08,FO,NSE,IDO,50979,,NIFTY,,2026-12-31,2026-12-31,27000.00,PE,NIFTY26DEC27000PE,0.00,0.00,0.00,6522.30,0.00,6522.30,25013.15,1216.95,0,0,0,0.00,0,F1,25,,,,,
2024-10-08,2024-10-08,FO,NSE,IDO,64699,,NIFTY,,2025-09-25,2025-09-25,27000.00,PE,NIFTY25SEP27000PE,0.00,0.00,0.00,1168.15,0.00,1168.15,25013.15,1509.70,0,0,0,0.00,0,F1,25,,,,,
2024-10-08,2024-10-08,FO,NSE,IDO,48623,,NIFTY,,2024-10-17,2024-10-17,27000.00,PE,NIFTY24O1727000PE,1980.00,1980.00,1923.20,1923.20,1923.20,1518.65,25013.15,1942.00,50,50,2,1447580.00,2,F1,25,,,,,
2024-10-08,2024-10-08,FO,NSE,IDO,48175,,NIFTY,,2024-11-28,2024-11-28,26950.00,CE,NIFTY24NOV26950CE,0.00,0.00,0.00,461.35,461.35,461.35,25013.15,66.20,25,0,0,0.00,0,F1,25,,,,,
2024-10-08,2024-10-08,FO,NSE,IDO,47119,,NIFTY,,2024-10-10,2024-10-10,24100.00,PE,NIFTY24O1024100PE,16.50,33.00,6.55,7.85,6.55,22.60,25013.15,7.85,1678800,251400,759856,458087191910.00,126094,F1,25,,,,,
2024-10-08,2024-10-08,FO,NSE,IDO,50380,,NIFTY,,2024-11-07,2024-11-07,24100.00,PE,NIFTY24N0724100PE,0.00,0.00,0.00,91.85,0.00,91.85,25013.15,69.65,0,0,0,0.00,0,F1,25,,,,,
2024-10-08,2024-10-08,FO,NSE,IDO,49006,,NIFTY,,2024-10-31,2024-10-31,24100.00,CE,NIFTY24OCT24100CE,1048.00,1160.00,1000.00,1060.00,1060.00,1004.25,25013.15,1063.80,11850,475,101,63542693.75,36,F1,25,,,,,
2024-10-08,2024-10-08,FO,NSE,IDO,42956,,NIFTY,,2024-11-28,2024-11-28,24100.00,PE,NIFTY24NOV24100PE,206.50,218.00,162.05,178.75,174.45,209.20,25013.15,178.75,42650,-1250,303,183989023.75,175,F1,25,,,,,
2024-10-08,2024-10-08,FO,NSE,IDO,48008,,NIFTY,,2024-10-17,2024-10-17,23950.00,PE,NIFTY24O1723950PE,47.55,57.20,25.05,27.65,25.55,46.60,25013.15,27.65,36575,27825,11005,6600125083.75,3920,F1,25,,,,,
2024-10-08,2024-10-08,FO,NSE,IDO,41702,,NIFTY,,2024-12-26,2024-12-26,23950.00,PE,NIFTY24DEC23950PE,0.00,0.00,0.00,86.00,0.00,86.00,25013.15,156.45,0,0,0,0.00,0,F1,25,,,,,
2024-10-08,2024-10-08,FO,NSE,IDO,43610,,NIFTY,,2024-10-24,2024-10-24,23950.00,PE,NIFTY24O2423950PE,0.00,0.00,0.00,32.95,32.95,32.95,25013.15,16.40,25,0,0,0.00,0,F1,25,,,,,
2024-10-08,2024-10-08,FO,NSE,IDO,42944,,NIFTY,,2024-11-28,2024-11-28,23950.00,PE,NIFTY24NOV23950PE,163.55,189.15,158.00,162.00,162.00,180.80,25013.15,162.00,375,300,14,8440487.50,9,F1,25,,,,,
2024-10-08,2024-10-08,FO,NSE,IDO,40087,,NIFTY,,2024-12-26,2024-12-26,15000.00,PE,NIFTY24DEC15000PE,15.05,15.95,14.05,14.85,15.70,16.05,25013.15,14.85,204050,250,775,290915303.75,130,F1,25,,,,,
2024-10-08,2024-10-08,FO,NSE,IDO,48099,,NIFTY,,2024-11-28,2024-11-28,26100.00,PE,NIFTY24NOV26100PE,1098.35,1130.00,970.50,1020.00,1020.00,1089.65,25013.15,1049.50,12850,0,32,21688045.00,14,F1,25,,,,,
2024-10-08,2024-10-08,FO,NSE,IDO,62905,,NIFTY,,2024-10-31,2024-10-31,26100.00,CE,NIFTY24OCT26100CE,40.55,49.00,35.30,44.10,46.90,40.50,25013.15,44.10,1339750,-10200,49795,32543123013.75,19099,F1,25,,,,,
2024-10-08,2024-10-08,FO,NSE,IDO,50496,,NIFTY,,2024-11-07,2024-11-07,26100.00,PE,NIFTY24N0726100PE,0.00,0.00,0.00,916.30,0.00,916.30,25013.15,1038.00,0,0,0,0.00,0,F1,25,,,,,
2024-10-08,2024-10-08,FO,NSE,IDO,48500,,NIFTY,,2024-10-17,2024-10-17,26100.00,CE,NIFTY24O1726100CE,15.05,15.30,10.30,11.80,12.45,14.95,25013.15,11.80,258200,45550,23670,15452119098.75,8069,F1,25,,,,,
2024-10-08,2024-10-08,FO,NSE,IDO,48502,,NIFTY,,2024-10-17,2024-10-17,26100.00,PE,NIFTY24O1726100PE,1226.60,1231.65,1003.25,1069.25,1048.40,1167.05,25013.15,1069.25,11400,500,74,50451916.25,41,F1,25,,,,,
2024-10-08,2024-10-08,FO,NSE,IDO,48095,,NIFTY,,2024-11-28,2024-11-28,26100.00,CE,NIFTY24NOV26100CE,156.00,208.45,151.40,196.65,203.90,158.70,25013.15,196.65,56650,-1050,2218,1457414706.25,862,F1,25,,,,,
2024-10-08,2024-10-08,FO,NSE,IDO,61333,,NIFTY,,2024-12-26,2024-12-26,26100.00,CE,NIFTY24DEC26100CE,302.00,350.25,302.00,315.00,315.00,288.20,25013.15,357.40,14225,-400,40,26423025.00,18,F1,25,,,,,
2024-10-08,2024-10-08,FO,NSE,IDO,48662,,NIFTY,,2024-10-17,2024-10-17,27150.00,PE,NIFTY24O1727150PE,0.00,0.00,0.00,1649.10,0.00,1649.10,25013.15,2091.70,0,0,0,0.00,0,F1,25,,,,,
2024-10-08,2024-10-08,FO,NSE,IDO,64199,,NIFTY,,2024-12-26,2024-12-26,27750.00,PE,NIFTY24DEC27750PE,0.00,0.00,0.00,1480.95,0.00,1480.95,25013.15,2397.95,0,0,0,0.00,0,F1,25,,,,,
2024-10-08,2024-10-08,FO,NSE,IDO,50258,,NIFTY,,2024-10-10,2024-10-10,27150.00,PE,NIFTY24O1027150PE,0.00,0.00,0.00,1868.30,0.00,1868.30,25013.15,2126.80,0,0,0,0.00,0,F1,25,,,,,
2024-10-08,2024-10-08,FO,NSE,IDO,48648,,NIFTY,,2024-10-10,2024-10-10,25400.00,CE,NIFTY24O1025400CE,21.00,26.00,10.05,15.65,18.65,21.80,25013.15,15.65,4245350,510675,1951312,1239931282171.25,334188,F1,25,,,,,
2024-10-08,2024-10-08,FO,NSE,IDO,48434,,NIFTY,,2024-10-17,2024-10-17,25400.00,CE,NIFTY24O1725400CE,80.00,100.20,60.90,82.95,88.00,72.25,25013.15,82.95,481800,144600,73906,47079607062.50,22351,F1,25,,,,,
2024-10-08,2024-10-08,FO,NSE,IDO,43699,,NIFTY,,2024-10-24,2024-10-24,24300.00,PE,NIFTY24O2424300PE,131.95,140.50,72.45,80.75,81.00,120.20,25013.15,80.75,7900,1250,816,497906067.50,325,F1,25,,,,,
2024-10-08,2024-10-08,FO,NSE,IDO,41888,,NIFTY,,2024-12-26,2024-12-26,24300.00,PE,NIFTY24DEC24300PE,320.00,325.00,289.95,290.00,290.00,346.30,25013.15,234.10,12275,500,74,45512228.75,14,F1,25,,,,,
2024-10-08,2024-10-08,FO,NSE,IDO,50389,,NIFTY,,2024-11-07,2024-11-07,24300.00,PE,NIFTY24N0724300PE,0.00,0.00,0.00,125.60,0.00,125.60,25013.15,103.55,0,0,0,0.00,0,F1,25,,,,,
2024-10-08,2024-10-08,FO,NSE,IDO,50423,,NIFTY,,2024-11-07,2024-11-07,24900.00,PE,NIFTY24N0724900PE,400.00,400.00,275.00,285.30,281.50,342.00,25013.15,285.30,3000,1925,109,68717732.50,32,F1,25,,,,,
2024-10-08,2024-10-08,FO,NSE,IDO,54771,,NIFTY,,2024-10-31,2024-10-31,24900.00,PE,NIFTY24OCT24900PE,313.95,346.00,215.45,244.95,235.05,314.55,25013.15,244.95,973350,109225,78572,49448761697.50,27501,F1,25,,,,,
2024-10-08,2024-10-08,FO,NSE,IDO,47165,,NIFTY,,2024-10-10,2024-10-10,24900.00,PE,NIFTY24O1024900PE,215.00,245.10,76.20,100.95,91.25,207.90,25013.15,100.95,1945300,581800,3057142,1913575750211.25,1031856,F1,25,,,,,
2024-10-08,2024-10-08,FO,NSE,IDO,41709,,NIFTY,,2024-12-26,2024-12-26,24050.00,PE,NIFTY24DEC24050PE,0.00,0.00,0.00,120.05,120.05,120.05,25013.15,176.30,2800,0,0,0.00,0,F1,25,,,,,
2024-10-08,2024-10-08,FO,NSE,IDO,43628,,NIFTY,,2024-10-24,2024-10-24,24050.00,CE,NIFTY24O2424050CE,0.00,0.00,0.00,1600.00,0.00,1600.00,25013.15,1057.05,0,0,0,0.00,0,F1,25,,,,,
2024-10-08,2024-10-08,FO,NSE,IDO,47117,,NIFTY,,2024-10-10,2024-10-10,24050.00,PE,NIFTY24O1024050PE,19.00,29.35,5.60,7.20,5.60,20.00,25013.15,7.20,753250,431000,458081,275582597753.75,70356,F1,25,,,,,
2024-10-08,2024-10-08,FO,NSE,IDO,50378,,NIFTY,,2024-11-07,2024-11-07,24050.00,PE,NIFTY24N0724050PE,0.00,0.00,0.00,84.65,0.00,84.65,25013.15,62.70,0,0,0,0.00,0,F1,25,,,,,
2024-10-08,2024-10-08,FO,NSE,IDO,41708,,NIFTY,,2024-12-26,2024-12-26,24050.00,CE,NIFTY24DEC24050CE,0.00,0.00,0.00,2695.90,0.00,2695.90,25013.15,1488.25,0,0,0,0.00,0,F1,25,,,,,
2024-10-08,2024-10-08,FO,NSE,IDO,49005,,NIFTY,,2024-10-31,2024-10-31,24050.00,PE,NIFTY24OCT24050PE,115.70,119.75,65.25,73.90,72.05,107.60,25013.15,73.90,79025,8475,2595,1565963936.25,894,F1,25,,,,,
2024-10-08,2024-10-08,FO,NSE,IDO,48013,,NIFTY,,2024-10-17,2024-10-17,24050.00,CE,NIFTY24O1724050CE,917.90,1085.15,917.90,1059.45,1059.45,1575.95,25013.15,1009.25,225,225,26,16284687.50,12,F1,25,,,,,
2024-10-08,2024-10-08,FO,NSE,IDO,48026,,NIFTY,,2024-10-17,2024-10-17,24050.00,PE,NIFTY24O1724050PE,61.75,67.55,29.15,32.30,33.85,55.00,25013.15,32.30,54275,-2725,7952,4789670892.50,2448,F1,25,,,,,
2024-10-08,2024-10-08,FO,NSE,IDO,42954,,NIFTY,,2024-11-28,2024-11-28,24050.00,PE,NIFTY24NOV24050PE,169.05,169.05,160.00,160.00,160.00,84.35,25013.15,117.35,450,25,6,3632631.25,2,F1,25,,,,,
2024-10-08,2024-10-08,FO,NSE,IDO,42953,,NIFTY,,2024-11-28,2024-11-28,24050.00,CE,NIFTY24NOV24050CE,0.00,0.00,0.00,1633.55,1633.55,1633.55,25013.15,1306.25,50,0,0,0.00,0,F1,25,,,,,
2024-10-08,2024-10-08,FO,NSE,IDO,39672,,NIFTY,,2024-12-26,2024-12-26,16000.00,PE,NIFTY24DEC16000PE,15.00,15.90,14.90,15.35,15.45,16.20,25013.15,15.35,209600,-225,261,104499320.00,83,F1,25,,,,,
2024-10-08,2024-10-08,FO,NSE,IDO,49178,,NIFTY,,2025-12-24,2025-12-24,16000.00,PE,NIFTY25DEC16000PE,0.00,0.00,0.00,33.95,33.95,33.95,25013.15,0.20,2150,0,0,0.00,0,F1,25,,,,,
2024-10-08,2024-10-08,FO,NSE,IDO,49177,,NIFTY,,2025-12-24,2025-12-24,16000.00,CE,NIFTY25DEC16000CE,0.00,0.00,0.00,7200.00,7200.00,7200.00,25013.15,10269.15,50,0,0,0.00,0,F1,25,,,,,
2024-10-08,2024-10-08,FO,NSE,IDO,39669,,NIFTY,,2024-12-26,2024-12-26,16000.00,CE,NIFTY24DEC16000CE,9148.35,9230.75,9056.70,9200.95,9200.00,9139.85,25013.15,9200.95,331750,-25,29,18238475.00,22,F1,25,,,,,
2024-10-08,2024-10-08,FO,NSE,IDO,50462,,NIFTY,,2026-06-25,2026-06-25,16000.00,PE,NIFTY26JUN16000PE,0.00,0.00,0.00,32.40,32.40,32.40,25013.15,0.90,500,0,0,0.00,0,F1,25,,,,,
2024-10-08,2024-10-08,FO,NSE,IDO,58637,,NIFTY,,2026-12-31,2026-12-31,16000.00,PE,NIFTY26DEC16000PE,0.00,0.00,0.00,58.45,58.45,58.45,25013.15,2.15,2400,0,0,0.00,0,F1,25,,,,,
2024-10-08,2024-10-08,FO,NSE,IDO,39680,,NIFTY,,2025-06-26,2025-06-26,16000.00,PE,NIFTY25JUN16000PE,0.00,0.00,0.00,60.15,60.15,60.15,25013.15,0.05,75,0,0,0.00,0,F1,25,,,,,
2024-10-08,2024-10-08,FO,NSE,IDO,62958,,NIFTY,,2024-10-31,2024-10-31,27100.00,PE,NIFTY24OCT27100PE,2107.15,2107.15,1917.15,1917.15,1917.15,2050.00,25013.15,1917.15,3000,-100,8,5822430.00,2,F1,25,,,,,
2024-10-08,2024-10-08,FO,NSE,IDO,45005,,NIFTY,,2024-10-24,2024-10-24,27700.00,CE,NIFTY24O2427700CE,8.50,8.50,4.55,4.65,4.65,7.90,25013.15,0.05,2700,100,33,22857731.25,13,F1,25,,,,,
2024-10-08,2024-10-08,FO,NSE,IDO,40091,,NIFTY,,2025-06-26,2025-06-26,15000.00,PE,NIFTY25JUN15000PE,0.00,0.00,0.00,20.05,20.05,20.05,25013.15,0.05,1750,0,0,0.00,0,F1,25,,,,,
2024-10-08,2024-10-08,FO,NSE,IDO,53595,,NIFTY,,2027-12-30,2027-12-30,15000.00,PE,NIFTY27DEC15000PE,0.00,0.00,0.00,37.40,37.40,37.40,25013.15,2.05,350,0,0,0.00,0,F1,25,,,,,
2024-10-08,2024-10-08,FO,NSE,IDO,64197,,NIFTY,,2024-12-26,2024-12-26,27700.00,PE,NIFTY24DEC27700PE,0.00,0.00,0.00,1446.95,0.00,1446.95,25013.15,2352.65,0,0,0,0.00,0,F1,25,,,,,
2024-10-08,2024-10-08,FO,NSE,IDO,45024,,NIFTY,,2024-10-24,2024-10-24,27700.00,PE,NIFTY24O2427700PE,0.00,0.00,0.00,2125.35,0.00,2125.35,25013.15,2605.05,0,0,0,0.00,0,F1,25,,,,,
2024-10-08,2024-10-08,FO,NSE,IDO,50253,,NIFTY,,2024-10-10,2024-10-10,27100.00,CE,NIFTY24O1027100CE,1.40,2.60,1.15,1.45,1.50,2.55,25013.15,1.45,1812775,88100,58721,39785988508.75,7651,F1,25,,,,,
2024-10-08,2024-10-08,FO,NSE,IDO,48757,,NIFTY,,2024-10-17,2024-10-17,27700.00,CE,NIFTY24O1727700CE,2.55,7.80,2.55,3.45,3.45,4.10,25013.15,3.45,17225,-6675,1865,1291698688.75,283,F1,25,,,,,
2024-10-08,2024-10-08,FO,NSE,IDO,48446,,NIFTY,,2024-10-17,2024-10-17,25500.00,PE,NIFTY24O1725500PE,673.90,694.25,449.35,506.00,497.70,644.75,25013.15,506.00,149550,42200,9672,6294313666.25,3066,F1,25,,,,,
2024-10-08,2024-10-08,FO,NSE,IDO,50171,,NIFTY,,2024-10-10,2024-10-10,26250.00,PE,NIFTY24O1026250PE,1436.00,1460.00,1207.90,1253.95,1240.00,1415.05,25013.15,1253.95,21500,-625,60,41327132.50,29,F1,25,,,,,
2024-10-08,2024-10-08,FO,NSE,IDO,62912,,NIFTY,,2024-10-31,2024-10-31,26250.00,PE,NIFTY24OCT26250PE,1285.00,1318.50,1110.00,1154.55,1130.50,1285.40,25013.15,1154.55,36625,-1075,128,87758520.00,27,F1,25,,,,,
2024-10-08,2024-10-08,FO,NSE,IDO,50504,,NIFTY,,2024-11-07,2024-11-07,26250.00,CE,NIFTY24N0726250CE,44.65,44.65,44.65,44.65,44.65,156.70,25013.15,72.75,25,0,1,657366.25,1,F1,25,,,,,
2024-10-08,2024-10-08,FO,NSE,IDO,44621,,NIFTY,,2024-10-24,2024-10-24,26250.00,CE,NIFTY24O2426250CE,25.50,29.90,18.90,18.90,18.90,24.30,25013.15,18.75,5950,-25,37,24302486.25,16,F1,25,,,,,
2024-10-08,2024-10-08,FO,NSE,IDO,50170,,NIFTY,,2024-10-10,2024-10-10,26250.00,CE,NIFTY24O1026250CE,3.20,3.20,1.55,1.75,1.70,3.15,25013.15,1.75,647150,-161575,144896,95095808402.50,35363,F1,25,,,,,
2024-10-08,2024-10-08,FO,NSE,IDO,48104,,NIFTY,,2024-11-28,2024-11-28,26250.00,CE,NIFTY24NOV26250CE,128.00,168.95,124.10,149.90,151.25,125.70,25013.15,149.90,7025,-650,160,105573316.25,47,F1,25,,,,,
2024-10-08,2024-10-08,FO,NSE,IDO,42936,,NIFTY,,2024-11-28,2024-11-28,23850.00,PE,NIFTY24NOV23850PE,138.55,138.55,138.55,138.55,138.55,59.60,25013.15,85.70,475,0,2,1199427.50,1,F1,25,,,,,
2024-10-08,2024-10-08,FO,NSE,IDO,43540,,NIFTY,,2024-10-24,2024-10-24,23850.00,CE,NIFTY24O2423850CE,0.00,0.00,0.00,1778.75,0.00,1778.75,25013.15,1245.15,0,0,0,0.00,0,F1,25,,,,,
2024-10-08,2024-10-08,FO,NSE,IDO,50363,,NIFTY,,2024-11-07,2024-11-07,23850.00,CE,NIFTY24N0723850CE,0.00,0.00,0.00,1626.40,0.00,1626.40,25013.15,1335.40,0,0,0,0.00,0,F1,25,,,,,
2024-10-08,2024-10-08,FO,NSE,IDO,62968,,NIFTY,,2024-10-31,2024-10-31,27300.00,PE,NIFTY24OCT27300PE,2294.60,2294.60,2102.55,2179.80,2179.80,2100.00,25013.15,2179.80,2550,-150,18,13286871.25,11,F1,25,,,,,
2024-10-08,2024-10-08,FO,NSE,IDO,47070,,NIFTY,,2024-10-10,2024-10-10,23100.00,PE,NIFTY24O1023100PE,1.95,2.75,0.95,1.20,1.15,1.70,25013.15,1.20,8258975,-1158200,1020568,589429706183.75,102466,F1,25,,,,,
2024-10-08,2024-10-08,FO,NSE,IDO,64170,,NIFTY,,2024-12-26,2024-12-26,27300.00,CE,NIFTY24DEC27300CE,83.30,88.00,73.30,87.35,88.00,597.35,25013.15,87.35,5650,5650,290,198514633.75,64,F1,25,,,,,
2024-10-08,2024-10-08,FO,NSE,IDO,48891,,NIFTY,,2024-10-31,2024-10-31,22250.00,PE,NIFTY24OCT22250PE,22.55,22.55,10.85,12.90,12.05,20.50,25013.15,12.90,451750,-35900,25071,13955056563.75,5851,F1,25,,,,,
2024-10-08,2024-10-08,FO,NSE,IDO,48890,,NIFTY,,2024-10-31,2024-10-31,22250.00,CE,NIFTY24OCT22250CE,2870.00,2870.00,2870.00,2870.00,2870.00,2625.25,25013.15,2870.00,20175,0,1,628000.00,1,F1,25,,,,,
2024-10-08,2024-10-08,FO,NSE,IDO,44227,,NIFTY,,2024-10-24,2024-10-24,25550.00,CE,NIFTY24O2425550CE,97.20,123.65,85.00,104.95,110.85,92.60,25013.15,104.95,4450,450,74,47460990.00,51,F1,25,,,,,
2024-10-08,2024-10-08,FO,NSE,IDO,54687,,NIFTY,,2024-12-26,2024-12-26,25550.00,CE,NIFTY24DEC25550CE,503.00,590.45,503.00,556.90,556.90,503.00,25013.15,556.90,1075,-50,22,14358956.25,9,F1,25,,,,,
2024-10-08,2024-10-08,FO,NSE,IDO,62881,,NIFTY,,2024-10-31,2024-10-31,25550.00,CE,NIFTY24OCT25550CE,123.95,170.45,115.00,151.90,157.65,123.35,25013.15,151.90,78525,2725,3919,2516864783.75,1370,F1,25,,,,,
2024-10-08,2024-10-08,FO,NSE,IDO,50454,,NIFTY,,2024-11-07,2024-11-07,25550.00,PE,NIFTY24N0725550PE,0.00,0.00,0.00,572.55,0.00,572.55,25013.15,627.40,0,0,0,0.00,0,F1,25,,,,,
2024-10-08,2024-10-08,FO,NSE,IDO,49024,,NIFTY,,2024-10-10,2024-10-10,25550.00,PE,NIFTY24O1025550PE,742.65,764.65,510.25,585.90,557.40,721.55,25013.15,585.90,237775,-1950,1397,913637988.75,489,F1,25,,,,,
2024-10-08,2024-10-08,FO,NSE,IDO,62880,,NIFTY,,2024-10-31,2024-10-31,25500.00,PE,NIFTY24OCT25500PE,633.25,680.00,478.10,527.35,518.00,633.25,25013.15,527.35,2353175,-105375,50378,32833134310.00,15073,F1,25,,,,,
2024-10-08,2024-10-08,FO,NSE,IDO,44551,,NIFTY,,2024-10-24,2024-10-24,25900.00,PE,NIFTY24O2425900PE,967.80,967.80,810.00,820.00,820.00,967.75,25013.15,820.00,2300,75,6,4012695.00,6,F1,25,,,,,
2024-10-08,2024-10-08,FO,NSE,IDO,62897,,NIFTY,,2024-10-31,2024-10-31,25900.00,CE,NIFTY24OCT25900CE,58.80,77.00,52.00,67.10,71.10,58.35,25013.15,67.10,953400,-117925,52945,34366136006.25,24126,F1,25,,,,,
2024-10-08,2024-10-08,FO,NSE,IDO,48088,,NIFTY,,2024-11-28,2024-11-28,25900.00,PE,NIFTY24NOV25900PE,944.00,1006.60,809.05,859.25,858.85,960.30,25013.15,859.25,21625,-1275,302,202296305.00,222,F1,25,,,,,
2024-10-08,2024-10-08,FO,NSE,IDO,44488,,NIFTY,,2024-10-24,2024-10-24,25900.00,CE,NIFTY24O2425900CE,40.55,50.55,35.95,43.15,44.10,45.05,25013.15,43.15,36875,-4775,3144,2039181695.00,1657,F1,25,,,,,
2024-10-08,2024-10-08,FO,NSE,IDO,49017,,NIFTY,,2024-10-31,2024-10-31,24350.00,PE,NIFTY24OCT24350PE,167.95,173.60,100.15,111.45,109.00,154.40,25013.15,111.45,48025,2100,1706,1044554191.25,584,F1,25,,,,,
2024-10-08,2024-10-08,FO,NSE,IDO,41895,,NIFTY,,2024-12-26,2024-12-26,24350.00,CE,NIFTY24DEC24350CE,0.00,0.00,0.00,2437.35,0.00,2437.35,25013.15,1263.45,0,0,0,0.00,0,F1,25,,,,,
2024-10-08,2024-10-08,FO,NSE,IDO,41896,,NIFTY,,2024-12-26,2024-12-26,24350.00,PE,NIFTY24DEC24350PE,337.75,337.75,337.75,337.75,337.75,224.30,25013.15,247.15,475,0,1,617193.75,1,F1,25,,,,,
2024-10-08,2024-10-08,FO,NSE,IDO,47129,,NIFTY,,2024-10-10,2024-10-10,24350.00,PE,NIFTY24O1024350PE,41.55,64.50,13.40,15.90,14.25,46.25,25013.15,15.90,499475,128675,447344,272646238718.75,116168,F1,25,,,,,
2024-10-08,2024-10-08,FO,NSE,IDO,42973,,NIFTY,,2024-11-28,2024-11-28,24350.00,CE,NIFTY24NOV24350CE,0.00,0.00,0.00,1090.45,1090.45,1090.45,25013.15,1072.55,25,0,0,0.00,0,F1,25,,,,,
2024-10-08,2024-10-08,FO,NSE,IDO,41623,,NIFTY,,2024-12-26,2024-12-26,23100.00,PE,NIFTY24DEC23100PE,131.00,144.85,131.00,144.85,144.85,30.15,25013.15,48.90,3600,3600,173,100508398.75,36,F1,25,,,,,
2024-10-08,2024-10-08,FO,NSE,IDO,42899,,NIFTY,,2024-11-28,2024-11-28,23100.00,CE,NIFTY24NOV23100CE,2240.00,2240.00,2240.00,2240.00,2240.00,2080.00,25013.15,2240.00,75,-25,1,633500.00,1,F1,25,,,,,
2024-10-08,2024-10-08,FO,NSE,IDO,50311,,NIFTY,,2024-11-07,2024-11-07,23100.00,PE,NIFTY24N0723100PE,0.00,0.00,0.00,13.40,0.00,13.40,25013.15,5.40,0,0,0,0.00,0,F1,25,,,,,
2024-10-08,2024-10-08,FO,NSE,IDO,50403,,NIFTY,,2024-11-07,2024-11-07,24600.00,PE,NIFTY24N0724600PE,0.00,0.00,0.00,193.95,0.00,193.95,25013.15,176.55,0,0,0,0.00,0,F1,25,,,,,
2024-10-08,2024-10-08,FO,NSE,IDO,48187,,NIFTY,,2024-10-17,2024-10-17,24600.00,PE,NIFTY24O1724600PE,146.85,173.65,78.80,92.55,90.05,147.50,25013.15,92.55,185000,4300,57151,35323641110.00,20530,F1,25,,,,,
2024-10-08,2024-10-08,FO,NSE,IDO,71393,,NIFTY,,2025-12-24,2025-12-24,24000.00,CE,NIFTY25DEC24000CE,3324.50,3490.00,3300.00,3449.45,3449.45,3350.00,25013.15,3320.10,8100,0,6,4111598.75,6,F1,25,,,,,
2024-10-08,2024-10-08,FO,NSE,IDO,86152,,NIFTY,,2028-06-29,2028-06-29,24000.00,PE,NIFTY28JUN24000PE,0.00,0.00,0.00,1692.75,0.00,1692.75,25013.15,396.20,0,0,0,0.00,0,F1,25,,,,,
2024-10-08,2024-10-08,FO,NSE,IDO,89626,,NIFTY,,2029-06-28,2029-06-28,22000.00,CE,NIFTY29JUN22000CE,0.00,0.00,0.00,9207.90,0.00,9207.90,25013.15,9198.95,0,0,0,0.00,0,F1,25,,,,,
2024-10-08,2024-10-08,FO,NSE,IDO,67778,,NIFTY,,2028-12-28,2028-12-28,22000.00,CE,NIFTY28DEC22000CE,0.00,0.00,0.00,6932.45,0.00,6932.45,25013.15,8658.15,0,0,0,0.00,0,F1,25,,,,,
2024-10-08,2024-10-08,FO,NSE,IDO,53624,,NIFTY,,2027-12-30,2027-12-30,24000.00,CE,NIFTY27DEC24000CE,0.00,0.00,0.00,3778.95,0.00,3778.95,25013.15,6128.10,0,0,0,0.00,0,F1,25,,,,,
2024-10-08,2024-10-08,FO,NSE,IDO,86151,,NIFTY,,2028-06-29,2028-06-29,24000.00,CE,NIFTY28JUN24000CE,0.00,0.00,0.00,3918.85,0.00,3918.85,25013.15,6746.25,0,0,0,0.00,0,F1,25,,,,,
2024-10-08,2024-10-08,FO,NSE,IDO,58623,,NIFTY,,2025-12-24,2025-12-24,22000.00,PE,NIFTY25DEC22000PE,376.00,385.00,340.15,363.40,364.55,376.70,25013.15,363.40,114400,3475,300,167764553.75,213,F1,25,,,,,
2024-10-08,2024-10-08,FO,NSE,IDO,64692,,NIFTY,,2025-09-25,2025-09-25,24000.00,CE,NIFTY25SEP24000CE,0.00,0.00,0.00,4236.35,0.00,4236.35,25013.15,2923.85,0,0,0,0.00,0,F1,25,,,,,
2024-10-08,2024-10-08,FO,NSE,IDO,71354,,NIFTY,,2024-12-26,2024-12-26,24000.00,CE,NIFTY24DEC24000CE,1502.55,1671.00,1476.10,1629.10,1633.05,1510.30,25013.15,1629.10,751525,1450,2213,1414162930.00,1077,F1,25,,,,,
2024-10-08,2024-10-08,FO,NSE,IDO,71560,,NIFTY,,2027-06-24,2027-06-24,24000.00,CE,NIFTY27JUN24000CE,0.00,0.00,0.00,2299.55,0.00,2299.55,25013.15,5459.55,0,0,0,0.00,0,F1,25,,,,,
2024-10-08,2024-10-08,FO,NSE,IDO,62942,,NIFTY,,2024-10-31,2024-10-31,26800.00,PE,NIFTY24OCT26800PE,1822.05,1825.00,1628.90,1654.55,1628.90,1760.40,25013.15,1654.55,30200,200,59,42150122.50,35,F1,25,,,,,
2024-10-08,2024-10-08,FO,NSE,IDO,48512,,NIFTY,,2024-10-17,2024-10-17,26300.00,CE,NIFTY24O1726300CE,10.05,11.95,7.25,8.20,8.65,11.05,25013.15,8.20,220300,79850,21347,14040524710.00,5084,F1,25,,,,,
2024-10-08,2024-10-08,FO,NSE,IDO,46476,,NIFTY,,2024-11-28,2024-11-28,24700.00,CE,NIFTY24NOV24700CE,795.95,928.05,769.05,888.35,900.95,796.40,25013.15,888.35,10000,1425,331,211437822.50,158,F1,25,,,,,
2024-10-08,2024-10-08,FO,NSE,IDO,50542,,NIFTY,,2024-11-07,2024-11-07,26850.00,PE,NIFTY24N0726850PE,0.00,0.00,0.00,1506.65,0.00,1506.65,25013.15,1709.60,0,0,0,0.00,0,F1,25,,,,,
2024-10-08,2024-10-08,FO,NSE,IDO,50232,,NIFTY,,2024-10-10,2024-10-10,26850.00,CE,NIFTY24O1026850CE,2.25,2.30,1.30,1.50,1.30,2.40,25013.15,1.50,335150,-312675,53527,35932303037.50,9339,F1,25,,,,,
2024-10-08,2024-10-08,FO,NSE,IDO,44728,,NIFTY,,2024-10-24,2024-10-24,26850.00,PE,NIFTY24O2426850PE,0.00,0.00,0.00,1369.15,0.00,1369.15,25013.15,1759.95,0,0,0,0.00,0,F1,25,,,,,
2024-10-08,2024-10-08,FO,NSE,IDO,48910,,NIFTY,,2024-10-31,2024-10-31,22700.00,CE,NIFTY24OCT22700CE,2314.65,2488.55,2314.65,2488.55,2488.55,3050.00,25013.15,2488.55,1175,25,16,10040650.00,4,F1,25,,,,,
2024-10-08,2024-10-08,FO,NSE,IDO,64185,,NIFTY,,2024-12-26,2024-12-26,27400.00,PE,NIFTY24DEC27400PE,0.00,0.00,0.00,1251.00,0.00,1251.00,25013.15,2085.35,0,0,0,0.00,0,F1,25,,,,,
2024-10-08,2024-10-08,FO,NSE,IDO,48270,,NIFTY,,2024-10-17,2024-10-17,24950.00,CE,NIFTY24O1724950CE,249.80,327.45,210.75,283.80,297.00,233.90,25013.15,283.80,48825,12100,28382,17893463136.25,9411,F1,25,,,,,
2024-10-08,2024-10-08,FO,NSE,IDO,64685,,NIFTY,,2025-09-25,2025-09-25,20000.00,PE,NIFTY25SEP20000PE,0.00,0.00,0.00,22.80,0.00,22.80,25013.15,17.70,0,0,0,0.00,0,F1,25,,,,,
2024-10-08,2024-10-08,FO,NSE,IDO,67774,,NIFTY,,2028-12-28,2028-12-28,20000.00,CE,NIFTY28DEC20000CE,0.00,0.00,0.00,8115.50,0.00,8115.50,25013.15,10055.55,0,0,0,0.00,0,F1,25,,,,,
2024-10-08,2024-10-08,FO,NSE,IDO,50553,,NIFTY,,2024-11-07,2024-11-07,26900.00,CE,NIFTY24N0726900CE,33.25,33.25,19.05,19.05,19.05,36.95,25013.15,19.05,475,175,10,6731517.50,7,F1,25,,,,,
2024-10-08,2024-10-08,FO,NSE,IDO,48961,,NIFTY,,2024-10-31,2024-10-31,23450.00,PE,NIFTY24OCT23450PE,58.20,61.00,34.95,37.00,37.55,55.45,25013.15,37.00,9800,2450,1083,636276768.75,302,F1,25,,,,,
2024-10-08,2024-10-08,FO,NSE,IDO,43509,,NIFTY,,2024-10-24,2024-10-24,23450.00,CE,NIFTY24O2423450CE,0.00,0.00,0.00,2150.65,0.00,2150.65,25013.15,1634.80,0,0,0,0.00,0,F1,25,,,,,
2024-10-08,2024-10-08,FO,NSE,IDO,44277,,NIFTY,,2024-10-24,2024-10-24,25750.00,CE,NIFTY24O2425750CE,64.80,74.95,59.80,59.80,59.80,64.20,25013.15,59.80,6300,300,47,30336877.50,21,F1,25,,,,,
2024-10-08,2024-10-08,FO,NSE,IDO,54852,,NIFTY,,2024-12-26,2024-12-26,25750.00,PE,NIFTY24DEC25750PE,0.00,0.00,0.00,452.15,0.00,452.15,25013.15,844.65,0,0,0,0.00,0,F1,25,,,,,
2024-10-08,2024-10-08,FO,NSE,IDO,58619,,NIFTY,,2025-06-26,2025-06-26,22000.00,PE,NIFTY25JUN22000PE,147.40,147.40,147.40,147.40,147.40,220.00,25013.15,76.65,1925,25,1,553685.00,1,F1,25,,,,,
2024-10-08,2024-10-08,FO,NSE,IDO,58622,,NIFTY,,2025-12-24,2025-12-24,22000.00,CE,NIFTY25DEC22000CE,0.00,0.00,0.00,4700.00,4700.00,4700.00,25013.15,4870.95,3000,0,0,0.00,0,F1,25,,,,,
2024-10-08,2024-10-08,FO,NSE,IDO,42949,,NIFTY,,2024-11-28,2024-11-28,24000.00,PE,NIFTY24NOV24000PE,181.95,210.50,153.45,167.00,166.00,191.60,25013.15,167.00,1042950,67650,29168,17630551295.00,8941,F1,25,,,,,
2024-10-08,2024-10-08,FO,NSE,IDO,67782,,NIFTY,,2028-12-28,2028-12-28,24000.00,CE,NIFTY28DEC24000CE,0.00,0.00,0.00,5850.30,0.00,5850.30,25013.15,7341.70,0,0,0,0.00,0,F1,25,,,,,
2024-10-08,2024-10-08,FO,NSE,IDO,58618,,NIFTY,,2025-06-26,2025-06-26,22000.00,CE,NIFTY25JUN22000CE,0.00,0.00,0.00,2088.15,0.00,2088.15,25013.15,4126.45,0,0,0,0.00,0,F1,25,,,,,
2024-10-08,2024-10-08,FO,NSE,IDO,48997,,NIFTY,,2024-10-31,2024-10-31,24000.00,PE,NIFTY24OCT24000PE,100.55,113.45,62.80,68.25,68.00,100.55,25013.15,68.25,3991050,254425,167406,100790194585.00,40681,F1,25,,,,,
2024-10-08,2024-10-08,FO,NSE,IDO,47115,,NIFTY,,2024-10-10,2024-10-10,24000.00,PE,NIFTY24O1024000PE,12.50,25.65,5.50,6.55,5.80,17.20,25013.15,6.55,7091650,1584975,1905653,1143959847941.25,248422,F1,25,,,,,
2024-10-08,2024-10-08,FO,NSE,IDO,58649,,NIFTY,,2026-12-31,2026-12-31,22000.00,PE,NIFTY26DEC22000PE,0.00,0.00,0.00,414.30,414.30,414.30,25013.15,183.15,150,0,0,0.00,0,F1,25,,,,,
2024-10-08,2024-10-08,FO,NSE,IDO,71355,,NIFTY,,2024-12-26,2024-12-26,24000.00,PE,NIFTY24DEC24000PE,255.05,283.75,222.45,234.85,228.65,259.90,25013.15,234.85,2874750,58950,24838,15058000871.25,9700,F1,25,,,,,
2024-10-08,2024-10-08,FO,NSE,IDO,48538,,NIFTY,,2024-10-10,2024-10-10,25250.00,PE,NIFTY24O1025250PE,437.65,495.00,247.40,307.00,290.00,449.80,25013.15,307.00,513975,-32000,37191,23786385358.75,16868,F1,25,,,,,
2024-10-08,2024-10-08,FO,NSE,IDO,47245,,NIFTY,,2024-11-28,2024-11-28,24850.00,CE,NIFTY24NOV24850CE,720.00,830.00,708.45,812.05,812.05,712.65,25013.15,812.05,1550,700,122,78070992.50,65,F1,25,,,,,
2024-10-08,2024-10-08,FO,NSE,IDO,43928,,NIFTY,,2024-10-24,2024-10-24,24850.00,PE,NIFTY24O2424850PE,272.05,304.25,179.00,195.50,202.80,273.25,25013.15,195.50,4325,3250,459,288107830.00,176,F1,25,,,,,
2024-10-08,2024-10-08,FO,NSE,IDO,54778,,NIFTY,,2024-10-31,2024-10-31,25100.00,CE,NIFTY24OCT25100CE,304.95,391.45,278.40,354.70,360.05,299.40,25013.15,354.70,638125,61175,48849,31072555897.50,20377,F1,25,,,,,
2024-10-08,2024-10-08,FO,NSE,IDO,50432,,NIFTY,,2024-11-07,2024-11-07,25100.00,PE,NIFTY24N0725100PE,0.00,0.00,0.00,306.05,306.05,306.05,25013.15,369.85,175,0,0,0.00,0,F1,25,,,,,
2024-10-08,2024-10-08,FO,NSE,IDO,64147,,NIFTY,,2024-12-26,2024-12-26,26900.00,PE,NIFTY24DEC26900PE,0.00,0.00,0.00,1700.00,1700.00,1700.00,25013.15,1662.20,25,0,0,0.00,0,F1,25,,,,,
2024-10-08,2024-10-08,FO,NSE,IDO,71382,,NIFTY,,2025-06-26,2025-06-26,25000.00,PE,NIFTY25JUN25000PE,792.95,806.00,730.00,736.95,730.00,781.90,25013.15,736.95,17625,850,67,43150473.75,51,F1,25,,,,,
2024-10-08,2024-10-08,FO,NSE,IDO,50426,,NIFTY,,2024-11-07,2024-11-07,25000.00,CE,NIFTY24N0725000CE,431.35,548.00,431.35,509.60,522.00,431.35,25013.15,509.60,8900,3700,388,247249832.50,186,F1,25,,,,,
2024-10-08,2024-10-08,FO,NSE,IDO,50434,,NIFTY,,2024-11-07,2024-11-07,25150.00,PE,NIFTY24N0725150PE,0.00,0.00,0.00,379.65,0.00,379.65,25013.15,394.60,0,0,0,0.00,0,F1,25,,,,,
2024-10-08,2024-10-08,FO,NSE,IDO,44106,,NIFTY,,2024-10-24,2024-10-24,25150.00,CE,NIFTY24O2425150CE,192.85,287.60,192.85,254.50,263.35,214.25,25013.15,254.50,4675,400,88,55888411.25,52,F1,25,,,,,
2024-10-08,2024-10-08,FO,NSE,IDO,43514,,NIFTY,,2024-12-26,2024-12-26,25150.00,CE,NIFTY24DEC25150CE,786.45,794.10,786.45,790.30,794.10,883.80,25013.15,790.30,150,50,2,1297013.75,2,F1,25,,,,,
2024-10-08,2024-10-08,FO,NSE,IDO,48899,,NIFTY,,2024-10-31,2024-10-31,22400.00,PE,NIFTY24OCT22400PE,22.40,23.65,13.90,14.95,14.95,22.30,25013.15,14.95,84725,-9875,4212,2360564467.50,1547,F1,25,,,,,
2024-10-08,2024-10-08,FO,NSE,IDO,47841,,NIFTY,,2024-11-28,2024-11-28,25150.00,CE,NIFTY24NOV25150CE,525.00,645.10,525.00,609.45,625.15,532.05,25013.15,609.45,2800,375,135,86849555.00,44,F1,25,,,,,
2024-10-08,2024-10-08,FO,NSE,IDO,47172,,NIFTY,,2024-10-10,2024-10-10,25050.00,CE,NIFTY24O1025050CE,75.00,137.60,62.00,98.35,107.90,86.40,25013.15,98.35,1771325,552475,2134842,1342335914855.00,712921,F1,25,,,,,
2024-10-08,2024-10-08,FO,NSE,IDO,54776,,NIFTY,,2024-10-31,2024-10-31,25050.00,CE,NIFTY24OCT25050CE,330.00,421.85,307.90,384.15,393.00,323.45,25013.15,384.15,37775,3825,4603,2924531868.75,1944,F1,25,,,,,
2024-10-08,2024-10-08,FO,NSE,IDO,43507,,NIFTY,,2024-12-26,2024-12-26,25050.00,PE,NIFTY24DEC25050PE,525.50,525.50,502.65,502.65,502.65,572.50,25013.15,502.65,800,50,4,2556703.75,3,F1,25,,,,,
2024-10-08,2024-10-08,FO,NSE,IDO,64122,,NIFTY,,2024-12-26,2024-12-26,26500.00,PE,NIFTY24DEC26500PE,1360.00,1413.00,1200.00,1245.00,1239.95,1370.80,25013.15,1245.00,68625,150,213,148035468.75,103,F1,25,,,,,
2024-10-08,2024-10-08,FO,NSE,IDO,47616,,NIFTY,,2024-11-28,2024-11-28,24900.00,PE,NIFTY24NOV24900PE,458.45,459.45,348.90,375.10,370.75,427.85,25013.15,375.10,67375,-1375,3077,1946541568.75,1160,F1,25,,,,,
2024-10-08,2024-10-08,FO,NSE,IDO,54770,,NIFTY,,2024-10-31,2024-10-31,24900.00,CE,NIFTY24OCT24900CE,415.95,521.75,385.00,476.40,492.55,406.00,25013.15,476.40,356825,114350,48485,30725883272.50,17450,F1,25,,,,,
2024-10-08,2024-10-08,FO,NSE,IDO,43490,,NIFTY,,2024-12-26,2024-12-26,24900.00,PE,NIFTY24DEC24900PE,496.80,505.85,430.00,433.90,433.90,496.80,25013.15,426.80,8800,-75,39,24725422.50,22,F1,25,,,,,
2024-10-08,2024-10-08,FO,NSE,IDO,43489,,NIFTY,,2024-12-26,2024-12-26,24900.00,CE,NIFTY24DEC24900CE,880.00,990.55,821.10,950.00,950.00,884.40,25013.15,950.00,2325,700,77,49689691.25,35,F1,25,,,,,
2024-10-08,2024-10-08,FO,NSE,IDO,48678,,NIFTY,,2024-10-17,2024-10-17,27300.00,PE,NIFTY24O1727300PE,0.00,0.00,0.00,1782.65,0.00,1782.65,25013.15,2241.45,0,0,0,0.00,0,F1,25,,,,,
2024-10-08,2024-10-08,FO,NSE,IDO,62967,,NIFTY,,2024-10-31,2024-10-31,27300.00,CE,NIFTY24OCT27300CE,8.95,9.20,7.60,8.50,8.80,9.80,25013.15,8.50,82350,-8175,2174,1484208386.25,517,F1,25,,,,,
2024-10-08,2024-10-08,FO,NSE,IDO,50310,,NIFTY,,2024-11-07,2024-11-07,23100.00,CE,NIFTY24N0723100CE,0.00,0.00,0.00,2324.45,0.00,2324.45,25013.15,2046.35,0,0,0,0.00,0,F1,25,,,,,
2024-10-08,2024-10-08,FO,NSE,IDO,50275,,NIFTY,,2024-10-10,2024-10-10,27300.00,CE,NIFTY24O1027300CE,2.15,2.80,1.25,1.45,1.55,2.60,25013.15,1.45,1313350,-338425,91596,62518297407.50,12618,F1,25,,,,,
2024-10-08,2024-10-08,FO,NSE,IDO,44884,,NIFTY,,2024-10-24,2024-10-24,27300.00,PE,NIFTY24O2427300PE,0.00,0.00,0.00,1758.20,0.00,1758.20,25013.15,2206.60,0,0,0,0.00,0,F1,25,,,,,
2024-10-08,2024-10-08,FO,NSE,IDO,48247,,NIFTY,,2024-11-28,2024-11-28,27900.00,CE,NIFTY24NOV27900CE,21.40,23.55,17.90,19.70,20.35,20.40,25013.15,19.70,11725,1500,197,137507848.75,77,F1,25,,,,,
2024-10-08,2024-10-08,FO,NSE,IDO,45075,,NIFTY,,2024-10-24,2024-10-24,27900.00,PE,NIFTY24O2427900PE,0.00,0.00,0.00,2314.20,0.00,2314.20,25013.15,2804.45,0,0,0,0.00,0,F1,25,,,,,
2024-10-08,2024-10-08,FO,NSE,IDO,47967,,NIFTY,,2024-11-28,2024-11-28,25350.00,CE,NIFTY24NOV25350CE,492.00,515.00,489.50,489.50,489.50,426.80,25013.15,489.50,4075,0,7,4524550.00,4,F1,25,,,,,
2024-10-08,2024-10-08,FO,NSE,IDO,62864,,NIFTY,,2024-10-31,2024-10-31,25350.00,PE,NIFTY24OCT25350PE,554.95,577.00,399.00,438.10,429.75,541.95,25013.15,438.10,35275,-1550,974,628943231.25,337,F1,25,,,,,
2024-10-08,2024-10-08,FO,NSE,IDO,51001,,NIFTY,,2024-12-26,2024-12-26,25350.00,CE,NIFTY24DEC25350CE,0.00,0.00,0.00,608.65,608.65,608.65,25013.15,657.25,50,0,0,0.00,0,F1,25,,,,,
2024-10-08,2024-10-08,FO,NSE,IDO,42572,,NIFTY,,2024-12-26,2024-12-26,24750.00,PE,NIFTY24DEC24750PE,0.00,0.00,0.00,438.05,415.00,438.05,25013.15,371.00,300,0,0,0.00,0,F1,25,,,,,
2024-10-08,2024-10-08,FO,NSE,IDO,62976,,NIFTY,,2024-10-31,2024-10-31,27500.00,PE,NIFTY24OCT27500PE,2525.00,2531.30,2279.55,2344.10,2338.20,2487.45,25013.15,2344.10,277925,13975,790,589234211.25,243,F1,25,,,,,
2024-10-08,2024-10-08,FO,NSE,IDO,58647,,NIFTY,,2026-12-31,2026-12-31,21000.00,PE,NIFTY26DEC21000PE,0.00,0.00,0.00,333.65,333.65,333.65,25013.15,107.80,700,0,0,0.00,0,F1,25,,,,,
2024-10-08,2024-10-08,FO,NSE,IDO,62903,,NIFTY,,2024-10-31,2024-10-31,26050.00,CE,NIFTY24OCT26050CE,44.05,54.60,38.85,48.25,52.00,44.15,25013.15,48.25,90775,8500,6285,4100338728.75,2581,F1,25,,,,,
2024-10-08,2024-10-08,FO,NSE,IDO,51451,,NIFTY,,2025-12-24,2025-12-24,21000.00,CE,NIFTY25DEC21000CE,0.00,0.00,0.00,5650.00,5650.00,5650.00,25013.15,5724.70,325,0,0,0.00,0,F1,25,,,,,
2024-10-08,2024-10-08,FO,NSE,IDO,44574,,NIFTY,,2024-10-24,2024-10-24,26050.00,PE,NIFTY24O2426050PE,0.00,0.00,0.00,947.45,945.20,947.45,25013.15,993.50,275,0,0,0.00,0,F1,25,,,,,
2024-10-08,2024-10-08,FO,NSE,IDF,35005,,NIFTY,,2024-12-26,2024-12-26,,,NIFTY24DECFUT,25232.95,25481.00,25230.00,25424.45,25440.00,25281.05,25013.15,25424.45,468800,9800,8511,5396837660.00,5681,F1,25,,,,,
2024-10-08,2024-10-08,FO,NSE,IDO,64192,,NIFTY,,2024-12-26,2024-12-26,27600.00,CE,NIFTY24DEC27600CE,0.00,0.00,0.00,493.85,0.00,493.85,25013.15,76.05,0,0,0,0.00,0,F1,25,,,,,
2024-10-08,2024-10-08,FO,NSE,IDO,44999,,NIFTY,,2024-10-24,2024-10-24,27600.00,CE,NIFTY24O2427600CE,5.60,6.65,5.60,6.65,6.65,7.55,25013.15,6.65,8550,375,88,60733165.00,53,F1,25,,,,,
2024-10-08,2024-10-08,FO,NSE,IDO,48752,,NIFTY,,2024-10-17,2024-10-17,27600.00,PE,NIFTY24O1727600PE,0.00,0.00,0.00,2057.45,0.00,2057.45,25013.15,2540.95,0,0,0,0.00,0,F1,25,,,,,
2024-10-08,2024-10-08,FO,NSE,IDO,48226,,NIFTY,,2024-11-28,2024-11-28,27600.00,PE,NIFTY24NOV27600PE,0.00,0.00,0.00,1217.75,1217.75,1217.75,25013.15,2351.25,25,0,0,0.00,0,F1,25,,,,,
2024-10-08,2024-10-08,FO,NSE,IDO,48225,,NIFTY,,2024-11-28,2024-11-28,27600.00,CE,NIFTY24NOV27600CE,34.00,34.00,20.00,21.70,25.20,101.35,25013.15,21.70,1075,900,59,40743918.75,17,F1,25,,,,,
2024-10-08,2024-10-08,FO,NSE,IDO,42147,,NIFTY,,2027-12-30,2027-12-30,31000.00,PE,NIFTY27DEC31000PE,0.00,0.00,0.00,3950.70,0.00,3950.70,25013.15,2429.05,0,0,0,0.00,0,F1,25,,,,,
2024-10-08,2024-10-08,FO,NSE,IDO,42136,,NIFTY,,2026-12-31,2026-12-31,31000.00,CE,NIFTY26DEC31000CE,0.00,0.00,0.00,819.15,0.00,819.15,25013.15,1399.60,0,0,0,0.00,0,F1,25,,,,,
2024-10-08,2024-10-08,FO,NSE,IDO,89645,,NIFTY,,2029-06-28,2029-06-28,31000.00,PE,NIFTY29JUN31000PE,0.00,0.00,0.00,2338.75,0.00,2338.75,25013.15,1770.60,0,0,0,0.00,0,F1,25,,,,,
2024-10-08,2024-10-08,FO,NSE,IDO,42137,,NIFTY,,2026-12-31,2026-12-31,31000.00,PE,NIFTY26DEC31000PE,0.00,0.00,0.00,4949.65,0.00,4949.65,25013.15,3054.15,0,0,0,0.00,0,F1,25,,,,,
2024-10-08,2024-10-08,FO,NSE,IDO,64706,,NIFTY,,2025-09-25,2025-09-25,31000.00,CE,NIFTY25SEP31000CE,0.00,0.00,0.00,777.15,0.00,777.15,25013.15,250.70,0,0,0,0.00,0,F1,25,,,,,
2024-10-08,2024-10-08,FO,NSE,IDO,64592,,NIFTY,,2025-03-27,2025-03-27,31000.00,CE,NIFTY25MAR31000CE,27.50,37.00,27.50,36.95,37.00,43.45,25013.15,36.95,6800,2125,99,76813918.75,13,F1,25,,,,,
2024-10-08,2024-10-08,FO,NSE,IDO,42128,,NIFTY,,2025-06-26,2025-06-26,31000.00,PE,NIFTY25JUN31000PE,0.00,0.00,0.00,7107.55,0.00,7107.55,25013.15,4637.10,0,0,0,0.00,0,F1,25,,,,,
2024-10-08,2024-10-08,FO,NSE,IDO,42123,,NIFTY,,2024-12-26,2024-12-26,31000.00,PE,NIFTY24DEC31000PE,0.00,0.00,0.00,5222.00,5222.00,5222.00,25013.15,5537.70,1700,0,0,0.00,0,F1,25,,,,,
2024-10-08,2024-10-08,FO,NSE,IDO,44226,,NIFTY,,2024-10-24,2024-10-24,25500.00,PE,NIFTY24O2425500PE,620.20,698.95,496.60,537.40,523.00,640.50,25013.15,537.40,103425,-8525,810,527978327.50,243,F1,25,,,,,
2024-10-08,2024-10-08,FO,NSE,IDO,48653,,NIFTY,,2024-10-10,2024-10-10,25500.00,PE,NIFTY24O1025500PE,675.45,730.40,458.00,532.05,508.00,675.45,25013.15,532.05,1329675,-71700,45319,29537066196.25,13617,F1,25,,,,,
2024-10-08,2024-10-08,FO,NSE,IDO,48652,,NIFTY,,2024-10-10,2024-10-10,25500.00,CE,NIFTY24O1025500CE,16.00,17.50,5.05,9.75,11.20,15.35,25013.15,9.75,7392425,534600,2291884,1461707489911.25,300530,F1,25,,,,,
2024-10-08,2024-10-08,FO,NSE,IDO,50451,,NIFTY,,2024-11-07,2024-11-07,25500.00,CE,NIFTY24N0725500CE,200.00,266.95,196.50,243.30,241.35,196.30,25013.15,243.30,5650,750,228,146681558.75,119,F1,25,,,,,
2024-10-08,2024-10-08,FO,NSE,IDO,47073,,NIFTY,,2024-10-10,2024-10-10,23150.00,PE,NIFTY24O1023150PE,1.85,4.60,1.10,1.40,1.55,1.60,25013.15,1.40,813025,-403050,395920,229162016176.25,60064,F1,25,,,,,
2024-10-08,2024-10-08,FO,NSE,IDO,43403,,NIFTY,,2024-10-24,2024-10-24,23150.00,PE,NIFTY24O2423150PE,0.00,0.00,0.00,11.05,0.00,11.05,25013.15,0.60,0,0,0,0.00,0,F1,25,,,,,
2024-10-08,2024-10-08,FO,NSE,IDO,42788,,NIFTY,,2024-10-17,2024-10-17,23150.00,PE,NIFTY24O1723150PE,12.60,13.45,6.30,7.65,6.30,11.70,25013.15,7.65,20250,20250,1485,859758146.25,345,F1,25,,,,,
2024-10-08,2024-10-08,FO,NSE,IDO,41625,,NIFTY,,2024-12-26,2024-12-26,23150.00,PE,NIFTY24DEC23150PE,0.00,0.00,0.00,32.25,0.00,32.25,25013.15,52.75,0,0,0,0.00,0,F1,25,,,,,
2024-10-08,2024-10-08,FO,NSE,IDO,44556,,NIFTY,,2024-10-24,2024-10-24,25950.00,PE,NIFTY24O2425950PE,0.00,0.00,0.00,861.15,861.15,861.15,25013.15,904.35,300,0,0,0.00,0,F1,25,,,,,
2024-10-08,2024-10-08,FO,NSE,IDO,48493,,NIFTY,,2024-10-17,2024-10-17,25950.00,PE,NIFTY24O1725950PE,1055.40,1077.95,854.85,901.50,891.70,1026.70,25013.15,901.50,8200,4975,1615,1086495807.50,313,F1,25,,,,,
2024-10-08,2024-10-08,FO,NSE,IDO,48753,,NIFTY,,2024-10-17,2024-10-17,27650.00,CE,NIFTY24O1727650CE,3.55,4.65,3.05,3.40,3.40,4.50,25013.15,3.40,8875,650,130,89874173.75,30,F1,25,,,,,
2024-10-08,2024-10-08,FO,NSE,IDO,43447,,NIFTY,,2024-10-17,2024-10-17,23350.00,CE,NIFTY24O1723350CE,0.00,0.00,0.00,2219.75,0.00,2219.75,25013.15,1702.05,0,0,0,0.00,0,F1,25,,,,,
2024-10-08,2024-10-08,FO,NSE,IDO,42964,,NIFTY,,2024-11-28,2024-11-28,24200.00,PE,NIFTY24NOV24200PE,228.05,243.55,178.20,192.10,189.45,223.10,25013.15,192.10,379825,3600,1660,1012602358.75,568,F1,25,,,,,
2024-10-08,2024-10-08,FO,NSE,IDO,71556,,NIFTY,,2027-06-24,2027-06-24,22000.00,CE,NIFTY27JUN22000CE,0.00,0.00,0.00,2783.50,0.00,2783.50,25013.15,6881.70,0,0,0,0.00,0,F1,25,,,,,
2024-10-08,2024-10-08,FO,NSE,IDO,58615,,NIFTY,,2024-12-26,2024-12-26,22000.00,PE,NIFTY24DEC22000PE,60.00,66.85,55.10,58.50,57.15,60.00,25013.15,58.50,2153650,4100,10116,5579059298.75,4787,F1,25,,,,,
2024-10-08,2024-10-08,FO,NSE,IDO,58627,,NIFTY,,2026-06-25,2026-06-25,22000.00,PE,NIFTY26JUN22000PE,0.00,0.00,0.00,3829.50,0.00,3829.50,25013.15,164.30,0,0,0,0.00,0,F1,25,,,,,
2024-10-08,2024-10-08,FO,NSE,IDO,48939,,NIFTY,,2024-10-31,2024-10-31,23150.00,PE,NIFTY24OCT23150PE,41.65,46.40,25.95,28.30,27.30,41.65,25013.15,28.30,3400,-2075,601,348367920.00,209,F1,25,,,,,
2024-10-08,2024-10-08,FO,NSE,IDO,50314,,NIFTY,,2024-11-07,2024-11-07,23150.00,PE,NIFTY24N0723150PE,0.00,0.00,0.00,15.00,0.00,15.00,25013.15,6.30,0,0,0,0.00,0,F1,25,,,,,
2024-10-08,2024-10-08,FO,NSE,IDO,48089,,NIFTY,,2024-11-28,2024-11-28,25950.00,CE,NIFTY24NOV25950CE,210.00,253.65,210.00,247.60,250.95,207.30,25013.15,247.60,4725,-150,62,40596960.00,18,F1,25,,,,,
2024-10-08,2024-10-08,FO,NSE,IDO,50146,,NIFTY,,2024-10-10,2024-10-10,25950.00,CE,NIFTY24O1025950CE,5.00,5.00,2.30,2.50,2.35,4.80,25013.15,2.50,1521950,212375,397923,258183572980.00,60051,F1,25,,,,,
2024-10-08,2024-10-08,FO,NSE,IDO,44553,,NIFTY,,2024-10-24,2024-10-24,25950.00,CE,NIFTY24O2425950CE,37.30,49.00,32.80,34.45,34.40,41.40,25013.15,34.45,6225,-125,74,48082266.25,20,F1,25,,,,,
2024-10-08,2024-10-08,FO,NSE,IDO,48903,,NIFTY,,2024-10-31,2024-10-31,22500.00,PE,NIFTY24OCT22500PE,22.90,25.40,14.60,16.00,15.60,23.25,25013.15,16.00,1777075,57625,36391,20487756063.75,10242,F1,25,,,,,
2024-10-08,2024-10-08,FO,NSE,IDO,42917,,NIFTY,,2024-11-28,2024-11-28,23500.00,CE,NIFTY24NOV23500CE,1733.00,1913.95,1720.00,1873.95,1870.00,1746.10,25013.15,1873.95,30125,3900,202,127877288.75,66,F1,25,,,,,
2024-10-08,2024-10-08,FO,NSE,IDO,43513,,NIFTY,,2024-10-24,2024-10-24,23500.00,CE,NIFTY24O2423500CE,1657.60,1657.60,1546.45,1546.45,1546.45,1487.45,25013.15,1585.50,25,0,2,1255101.25,2,F1,25,,,,,
2024-10-08,2024-10-08,FO,NSE,IDO,41664,,NIFTY,,2024-12-26,2024-12-26,23500.00,PE,NIFTY24DEC23500PE,179.05,195.00,152.00,160.30,160.00,182.45,25013.15,160.30,418200,18175,3183,1883811730.00,982,F1,25,,,,,
2024-10-08,2024-10-08,FO,NSE,IDO,64184,,NIFTY,,2024-12-26,2024-12-26,27400.00,CE,NIFTY24DEC27400CE,77.75,77.75,65.95,70.50,68.70,561.20,25013.15,70.50,2350,2350,136,93400501.25,31,F1,25,,,,,
2024-10-08,2024-10-08,FO,NSE,IDO,43500,,NIFTY,,2024-12-26,2024-12-26,24950.00,PE,NIFTY24DEC24950PE,478.75,551.35,447.30,468.15,471.40,531.90,25013.15,468.15,3000,1975,145,92166331.25,34,F1,25,,,,,
2024-10-08,2024-10-08,FO,NSE,IDO,86144,,NIFTY,,2028-06-29,2028-06-29,20000.00,PE,NIFTY28JUN20000PE,0.00,0.00,0.00,400.00,400.00,400.00,25013.15,78.65,0,0,0,0.00,0,F1,25,,,,,
2024-10-08,2024-10-08,FO,NSE,IDO,43510,,NIFTY,,2024-10-24,2024-10-24,23450.00,PE,NIFTY24O2423450PE,36.95,36.95,36.95,36.95,36.95,43.20,25013.15,36.95,1100,0,1,587173.75,1,F1,25,,,,,
2024-10-08,2024-10-08,FO,NSE,IDO,41658,,NIFTY,,2024-12-26,2024-12-26,23450.00,PE,NIFTY24DEC23450PE,0.00,0.00,0.00,47.55,0.00,47.55,25013.15,81.65,0,0,0,0.00,0,F1,25,,,,,
2024-10-08,2024-10-08,FO,NSE,IDO,43453,,NIFTY,,2024-10-17,2024-10-17,23450.00,CE,NIFTY24O1723450CE,0.00,0.00,0.00,2124.70,0.00,2124.70,25013.15,1602.30,0,0,0,0.00,0,F1,25,,,,,
2024-10-08,2024-10-08,FO,NSE,IDO,50334,,NIFTY,,2024-11-07,2024-11-07,23450.00,CE,NIFTY24N0723450CE,0.00,0.00,0.00,1991.70,0.00,1991.70,25013.15,1707.75,0,0,0,0.00,0,F1,25,,,,,
2024-10-08,2024-10-08,FO,NSE,IDO,50236,,NIFTY,,2024-10-10,2024-10-10,26900.00,PE,NIFTY24O1026900PE,2090.75,2090.75,1921.00,1921.00,1921.00,2052.85,25013.15,1921.00,325,-50,12,8667265.00,6,F1,25,,,,,
2024-10-08,2024-10-08,FO,NSE,IDO,62891,,NIFTY,,2024-10-31,2024-10-31,25750.00,CE,NIFTY24OCT25750CE,80.55,108.70,71.95,96.50,98.85,79.60,25013.15,96.50,66675,3825,5858,3784092692.50,2328,F1,25,,,,,
2024-10-08,2024-10-08,FO,NSE,IDO,48268,,NIFTY,,2024-11-28,2024-11-28,27950.00,CE,NIFTY24NOV27950CE,20.15,20.15,15.10,19.80,19.80,19.20,25013.15,19.80,6275,75,51,35659618.75,20,F1,25,,,,,
2024-10-08,2024-10-08,FO,NSE,IDO,64206,,NIFTY,,2024-12-26,2024-12-26,27950.00,CE,NIFTY24DEC27950CE,39.30,39.30,35.40,35.40,35.40,47.80,25013.15,35.40,6725,-25,6,4198161.25,5,F1,25,,,,,
2024-10-08,2024-10-08,FO,NSE,IDO,48908,,NIFTY,,2024-10-31,2024-10-31,22650.00,CE,NIFTY24OCT22650CE,0.00,0.00,0.00,2334.10,0.00,2334.10,25013.15,2459.60,0,0,0,0.00,0,F1,25,,,,,
2024-10-08,2024-10-08,FO,NSE,IDO,50420,,NIFTY,,2024-10-10,2024-10-10,27950.00,PE,NIFTY24O1027950PE,0.00,0.00,0.00,2665.35,2665.35,2665.35,25013.15,2926.50,75,0,0,0.00,0,F1,25,,,,,
2024-10-08,2024-10-08,FO,NSE,IDO,45096,,NIFTY,,2024-10-24,2024-10-24,27950.00,PE,NIFTY24O2427950PE,0.00,0.00,0.00,2361.85,0.00,2361.85,25013.15,2854.30,0,0,0,0.00,0,F1,25,,,,,
2024-10-08,2024-10-08,FO,NSE,IDO,48622,,NIFTY,,2024-10-17,2024-10-17,27000.00,CE,NIFTY24O1727000CE,5.60,5.60,3.70,3.85,3.80,5.25,25013.15,3.85,365150,19600,16122,10884083801.25,1983,F1,25,,,,,
2024-10-08,2024-10-08,FO,NSE,IDO,50558,,NIFTY,,2024-11-07,2024-11-07,26950.00,PE,NIFTY24N0726950PE,0.00,0.00,0.00,1593.35,0.00,1593.35,25013.15,1804.75,0,0,0,0.00,0,F1,25,,,,,
2024-10-08,2024-10-08,FO,NSE,IDO,50970,,NIFTY,,2025-06-26,2025-06-26,27000.00,PE,NIFTY25JUN27000PE,0.00,0.00,0.00,7438.15,0.00,7438.15,25013.15,1574.75,0,0,0,0.00,0,F1,25,,,,,
2024-10-08,2024-10-08,FO,NSE,IDO,50969,,NIFTY,,2025-06-26,2025-06-26,27000.00,CE,NIFTY25JUN27000CE,0.00,0.00,0.00,803.50,0.00,803.50,25013.15,860.15,0,0,0,0.00,0,F1,25,,,,,
2024-10-08,2024-10-08,FO,NSE,IDO,50973,,NIFTY,,2026-06-25,2026-06-25,27000.00,CE,NIFTY26JUN27000CE,0.00,0.00,0.00,1352.80,0.00,1352.80,25013.15,2290.55,0,0,0,0.00,0,F1,25,,,,,
2024-10-08,2024-10-08,FO,NSE,IDO,64148,,NIFTY,,2024-12-26,2024-12-26,26950.00,CE,NIFTY24DEC26950CE,123.80,129.95,118.45,124.05,118.45,737.20,25013.15,124.05,125,125,7,4738535.00,5,F1,25,,,,,
2024-10-08,2024-10-08,FO,NSE,IDO,48009,,NIFTY,,2024-11-28,2024-11-28,25550.00,PE,NIFTY24NOV25550PE,650.00,697.95,650.00,691.25,691.25,777.00,25013.15,681.00,5300,50,67,43914438.75,21,F1,25,,,,,
2024-10-08,2024-10-08,FO,NSE,IDO,49023,,NIFTY,,2024-10-10,2024-10-10,25550.00,CE,NIFTY24O1025550CE,12.00,18.20,5.80,7.75,8.70,13.00,25013.15,7.75,1649875,34200,826814,528314669790.00,103752,F1,25,,,,,
2024-10-08,2024-10-08,FO,NSE,IDO,54656,,NIFTY,,2024-12-26,2024-12-26,25500.00,PE,NIFTY24DEC25500PE,800.00,800.00,650.00,678.90,684.15,746.55,25013.15,678.90,405875,14225,3859,2527664778.75,1946,F1,25,,,,,
2024-10-08,2024-10-08,FO,NSE,IDO,62875,,NIFTY,,2024-10-31,2024-10-31,25500.00,CE,NIFTY24OCT25500CE,143.00,188.90,99.00,166.90,174.00,138.10,25013.15,166.90,3463075,20875,190738,122345591865.00,64459,F1,25,,,,,
2024-10-08,2024-10-08,FO,NSE,IDO,49011,,NIFTY,,2024-10-31,2024-10-31,24200.00,PE,NIFTY24OCT24200PE,126.95,143.60,82.20,90.25,89.55,127.30,25013.15,90.25,798525,158675,49280,29943024812.50,16803,F1,25,,,,,
2024-10-08,2024-10-08,FO,NSE,IDO,48043,,NIFTY,,2024-10-17,2024-10-17,24200.00,CE,NIFTY24O1724200CE,0.00,0.00,0.00,1446.60,0.00,1446.60,25013.15,865.85,0,0,0,0.00,0,F1,25,,,,,
2024-10-08,2024-10-08,FO,NSE,IDO,48941,,NIFTY,,2024-10-31,2024-10-31,23200.00,PE,NIFTY24OCT23200PE,45.05,47.75,26.90,28.50,26.90,43.50,25013.15,28.50,113700,32550,10190,5919382258.75,3860,F1,25,,,,,
2024-10-08,2024-10-08,FO,NSE,IDO,42819,,NIFTY,,2024-10-17,2024-10-17,23200.00,PE,NIFTY24O1723200PE,20.00,20.00,7.70,8.45,7.70,13.10,25013.15,8.45,33575,33575,9463,5491347306.25,3566,F1,25,,,,,
2024-10-08,2024-10-08,FO,NSE,IDO,42906,,NIFTY,,2024-11-28,2024-11-28,23200.00,PE,NIFTY24NOV23200PE,94.05,100.60,70.00,74.70,74.80,92.10,25013.15,74.70,60575,13550,1988,1156960582.50,801,F1,25,,,,,
2024-10-08,2024-10-08,FO,NSE,IDO,47075,,NIFTY,,2024-10-10,2024-10-10,23200.00,PE,NIFTY24O1023200PE,1.55,3.70,1.25,1.55,1.45,1.85,25013.15,1.55,2106150,117150,423533,245675447172.50,80155,F1,25,,,,,
2024-10-08,2024-10-08,FO,NSE,IDO,43460,,NIFTY,,2024-10-24,2024-10-24,23200.00,PE,NIFTY24O2423200PE,0.00,0.00,0.00,12.40,0.00,12.40,25013.15,0.75,0,0,0,0.00,0,F1,25,,,,,
2024-10-08,2024-10-08,FO,NSE,IDO,50322,,NIFTY,,2024-11-07,2024-11-07,23200.00,PE,NIFTY24N0723200PE,0.00,0.00,0.00,16.75,0.00,16.75,25013.15,7.30,0,0,0,0.00,0,F1,25,,,,,
2024-10-08,2024-10-08,FO,NSE,IDO,50315,,NIFTY,,2024-11-07,2024-11-07,23200.00,CE,NIFTY24N0723200CE,0.00,0.00,0.00,2228.45,0.00,2228.45,25013.15,1948.80,0,0,0,0.00,0,F1,25,,,,,
2024-10-08,2024-10-08,FO,NSE,IDO,48940,,NIFTY,,2024-10-31,2024-10-31,23200.00,CE,NIFTY24OCT23200CE,1830.25,1986.20,1830.25,1986.20,1986.20,1877.75,25013.15,1986.20,4350,125,16,10043300.00,4,F1,25,,,,,
2024-10-08,2024-10-08,FO,NSE,IDO,44184,,NIFTY,,2024-10-24,2024-10-24,25350.00,PE,NIFTY24O2425350PE,580.80,580.85,454.40,454.40,454.40,580.85,25013.15,440.10,2150,0,5,3231871.25,5,F1,25,,,,,
2024-10-08,2024-10-08,FO,NSE,IDO,43884,,NIFTY,,2024-10-24,2024-10-24,24750.00,PE,NIFTY24O2424750PE,257.65,265.95,151.60,168.35,167.00,235.90,25013.15,168.35,13550,3575,595,371150497.50,187,F1,25,,,,,
2024-10-08,2024-10-08,FO,NSE,IDO,48244,,NIFTY,,2024-10-17,2024-10-17,24750.00,CE,NIFTY24O1724750CE,340.00,472.25,322.15,417.75,440.05,350.35,25013.15,417.75,19825,-800,5062,3180805608.75,1825,F1,25,,,,,
2024-10-08,2024-10-08,FO,NSE,IDO,48248,,NIFTY,,2024-10-17,2024-10-17,24750.00,PE,NIFTY24O1724750PE,194.30,223.70,106.50,125.30,120.45,194.20,25013.15,125.30,81500,24175,24975,15559171976.25,7437,F1,25,,,,,
2024-10-08,2024-10-08,FO,NSE,IDO,43844,,NIFTY,,2024-10-24,2024-10-24,24750.00,CE,NIFTY24O2424750CE,448.45,543.40,399.30,503.25,503.25,427.10,25013.15,503.25,825,-550,128,80675163.75,100,F1,25,,,,,
2024-10-08,2024-10-08,FO,NSE,IDO,48168,,NIFTY,,2024-11-28,2024-11-28,26850.00,CE,NIFTY24NOV26850CE,49.60,62.00,49.50,59.00,57.65,53.05,25013.15,59.00,9575,75,43,28925468.75,24,F1,25,,,,,
2024-10-08,2024-10-08,FO,NSE,IDO,48573,,NIFTY,,2024-10-17,2024-10-17,26850.00,PE,NIFTY24O1726850PE,0.00,0.00,0.00,1391.75,0.00,1391.75,25013.15,1792.30,0,0,0,0.00,0,F1,25,,,,,
2024-10-08,2024-10-08,FO,NSE,IDO,48571,,NIFTY,,2024-10-17,2024-10-17,26850.00,CE,NIFTY24O1726850CE,4.90,5.80,4.35,4.65,4.35,5.50,25013.15,4.65,6725,-4625,653,438408276.25,132,F1,25,,,,,
2024-10-08,2024-10-08,FO,NSE,IDO,62946,,NIFTY,,2024-10-31,2024-10-31,26850.00,PE,NIFTY24OCT26850PE,0.00,0.00,0.00,1953.70,1953.70,1953.70,25013.15,1732.35,2100,0,0,0.00,0,F1,25,,,,,
2024-10-08,2024-10-08,FO,NSE,IDO,48100,,NIFTY,,2024-11-28,2024-11-28,26150.00,CE,NIFTY24NOV26150CE,0.00,0.00,0.00,155.45,155.45,155.45,25013.15,195.40,2225,0,0,0.00,0,F1,25,,,,,
2024-10-08,2024-10-08,FO,NSE,IDO,47842,,NIFTY,,2024-11-28,2024-11-28,25150.00,PE,NIFTY24NOV25150PE,544.95,554.95,432.95,470.00,470.00,536.70,25013.15,470.00,1175,-100,73,46826445.00,25,F1,25,,,,,
2024-10-08,2024-10-08,FO,NSE,IDO,44109,,NIFTY,,2024-10-24,2024-10-24,25150.00,PE,NIFTY24O2425150PE,422.00,422.00,299.00,322.65,319.50,426.55,25013.15,322.65,850,300,46,29316110.00,33,F1,25,,,,,
2024-10-08,2024-10-08,FO,NSE,IDO,48325,,NIFTY,,2024-10-17,2024-10-17,25150.00,PE,NIFTY24O1725150PE,411.10,418.60,236.25,276.45,273.35,380.45,25013.15,276.45,38000,1250,2700,1716816561.25,1115,F1,25,,,,,
2024-10-08,2024-10-08,FO,NSE,IDO,48654,,NIFTY,,2024-12-26,2024-12-26,25150.00,PE,NIFTY24DEC25150PE,0.00,0.00,0.00,269.10,269.10,269.10,25013.15,531.70,0,0,0,0.00,0,F1,25,,,,,
2024-10-08,2024-10-08,FO,NSE,IDO,48530,,NIFTY,,2024-10-10,2024-10-10,25150.00,CE,NIFTY24O1025150CE,54.95,90.00,36.80,60.70,69.05,58.95,25013.15,60.70,1632925,214550,1502060,946767387236.25,465389,F1,25,,,,,
2024-10-08,2024-10-08,FO,NSE,IDO,45748,,NIFTY,,2024-11-28,2024-11-28,24450.00,CE,NIFTY24NOV24450CE,0.00,0.00,0.00,1055.90,1055.90,1055.90,25013.15,999.50,50,0,0,0.00,0,F1,25,,,,,
2024-10-08,2024-10-08,FO,NSE,IDO,48122,,NIFTY,,2024-10-17,2024-10-17,24450.00,PE,NIFTY24O1724450PE,113.15,133.40,59.75,68.15,67.00,111.45,25013.15,68.15,54250,22050,13900,8528300591.25,3339,F1,25,,,,,
2024-10-08,2024-10-08,FO,NSE,IDO,48121,,NIFTY,,2024-10-17,2024-10-17,24450.00,CE,NIFTY24O1724450CE,571.05,720.85,543.95,665.40,665.40,575.70,25013.15,665.40,4300,375,116,72727161.25,78,F1,25,,,,,
2024-10-08,2024-10-08,FO,NSE,IDO,54753,,NIFTY,,2024-10-31,2024-10-31,24450.00,PE,NIFTY24OCT24450PE,180.00,196.05,115.10,128.25,124.75,174.90,25013.15,128.25,67325,4950,3474,2136634338.75,1037,F1,25,,,,,
2024-10-08,2024-10-08,FO,NSE,IDO,47132,,NIFTY,,2024-10-10,2024-10-10,24450.00,CE,NIFTY24O1024450CE,465.35,619.05,405.80,550.60,570.55,457.05,25013.15,550.60,8375,-25,2763,1723564390.00,1503,F1,25,,,,,
2024-10-08,2024-10-08,FO,NSE,IDO,48203,,NIFTY,,2024-11-28,2024-11-28,27200.00,CE,NIFTY24NOV27200CE,32.10,39.70,30.05,37.65,36.65,34.70,25013.15,37.65,72100,-450,4820,3281986048.75,1732,F1,25,,,,,
2024-10-08,2024-10-08,FO,NSE,IDO,50269,,NIFTY,,2024-10-10,2024-10-10,27200.00,PE,NIFTY24O1027200PE,0.00,0.00,0.00,1937.60,1937.60,1937.60,25013.15,2176.80,0,0,0,0.00,0,F1,25,,,,,
2024-10-08,2024-10-08,FO,NSE,IDO,62961,,NIFTY,,2024-10-31,2024-10-31,27200.00,CE,NIFTY24OCT27200CE,10.00,10.30,8.05,9.05,8.15,10.80,25013.15,9.05,360550,-10075,9051,6156745970.00,2722,F1,25,,,,,
2024-10-08,2024-10-08,FO,NSE,IDO,48664,,NIFTY,,2024-10-17,2024-10-17,27200.00,PE,NIFTY24O1727200PE,0.00,0.00,0.00,1693.30,0.00,1693.30,25013.15,2141.65,0,0,0,0.00,0,F1,25,,,,,
2024-10-08,2024-10-08,FO,NSE,IDO,50259,,NIFTY,,2024-10-10,2024-10-10,27200.00,CE,NIFTY24O1027200CE,2.40,2.40,1.30,1.45,1.30,2.55,25013.15,1.45,1923450,-56425,76944,52325218165.00,8416,F1,25,,,,,
2024-10-08,2024-10-08,FO,NSE,IDO,64159,,NIFTY,,2024-12-26,2024-12-26,27200.00,CE,NIFTY24DEC27200CE,0.00,0.00,0.00,635.15,0.00,635.15,25013.15,120.00,0,0,0,0.00,0,F1,25,,,,,
2024-10-08,2024-10-08,FO,NSE,IDO,48663,,NIFTY,,2024-10-17,2024-10-17,27200.00,CE,NIFTY24O1727200CE,4.65,4.65,3.15,3.65,3.60,4.60,25013.15,3.65,10100,3100,1260,856919536.25,230,F1,25,,,,,
2024-10-08,2024-10-08,FO,NSE,IDO,47806,,NIFTY,,2024-11-28,2024-11-28,25050.00,PE,NIFTY24NOV25050PE,494.05,497.00,407.65,427.90,422.70,482.85,25013.15,427.90,2725,750,54,34420471.25,18,F1,25,,,,,
2024-10-08,2024-10-08,FO,NSE,IDO,54759,,NIFTY,,2024-10-31,2024-10-31,24600.00,PE,NIFTY24OCT24600PE,210.00,239.25,141.95,157.55,156.60,215.55,25013.15,157.55,655725,21500,32602,20201021536.25,15064,F1,25,,,,,
2024-10-08,2024-10-08,FO,NSE,IDO,46472,,NIFTY,,2024-11-28,2024-11-28,24600.00,CE,NIFTY24NOV24600CE,859.95,955.05,837.55,948.00,948.00,864.85,25013.15,948.00,4275,900,101,64386668.75,64,F1,25,,,,,
2024-10-08,2024-10-08,FO,NSE,IDO,62924,,NIFTY,,2024-10-31,2024-10-31,26550.00,PE,NIFTY24OCT26550PE,0.00,0.00,0.00,1640.40,1640.40,1640.40,25013.15,1445.20,16875,0,0,0.00,0,F1,25,,,,,
2024-10-08,2024-10-08,FO,NSE,IDO,44724,,NIFTY,,2024-10-24,2024-10-24,26800.00,PE,NIFTY24O2426800PE,0.00,0.00,0.00,1328.00,0.00,1328.00,25013.15,1710.55,0,0,0,0.00,0,F1,25,,,,,
2024-10-08,2024-10-08,FO,NSE,IDO,62908,,NIFTY,,2024-10-31,2024-10-31,26150.00,PE,NIFTY24OCT26150PE,1138.55,1180.10,997.45,1027.45,1027.45,1163.50,25013.15,1080.05,41500,-525,54,36827685.00,28,F1,25,,,,,
2024-10-08,2024-10-08,FO,NSE,IDO,47148,,NIFTY,,2024-10-10,2024-10-10,24750.00,CE,NIFTY24O1024750CE,228.00,351.50,196.40,284.15,304.00,228.80,25013.15,284.15,455150,88800,397360,248387431430.00,143131,F1,25,,,,,
2024-10-08,2024-10-08,FO,NSE,IDO,47237,,NIFTY,,2024-11-28,2024-11-28,24750.00,PE,NIFTY24NOV24750PE,395.00,408.60,307.95,324.80,324.45,377.80,25013.15,324.80,17200,13950,872,546857067.50,203,F1,25,,,,,
2024-10-08,2024-10-08,FO,NSE,IDO,62975,,NIFTY,,2024-10-31,2024-10-31,27500.00,CE,NIFTY24OCT27500CE,8.65,9.90,7.70,8.40,8.65,9.55,25013.15,8.40,1604500,12200,18729,12880057688.75,3061,F1,25,,,,,
2024-10-08,2024-10-08,FO,NSE,IDO,48699,,NIFTY,,2024-10-17,2024-10-17,27500.00,CE,NIFTY24O1727500CE,3.10,4.85,3.10,3.50,3.40,4.05,25013.15,3.50,95275,1775,4031,2771681110.00,526,F1,25,,,,,
2024-10-08,2024-10-08,FO,NSE,IDO,44668,,NIFTY,,2024-10-24,2024-10-24,26750.00,PE,NIFTY24O2426750PE,0.00,0.00,0.00,1287.25,0.00,1287.25,25013.15,1661.30,0,0,0,0.00,0,F1,25,,,,,
2024-10-08,2024-10-08,FO,NSE,IDO,44663,,NIFTY,,2024-10-24,2024-10-24,26700.00,CE,NIFTY24O2426700CE,14.45,14.45,8.55,10.35,11.20,13.50,25013.15,10.35,1675,-50,33,22037392.50,12,F1,25,,,,,
2024-10-08,2024-10-08,FO,NSE,IDO,86145,,NIFTY,,2028-06-29,2028-06-29,21000.00,CE,NIFTY28JUN21000CE,0.00,0.00,0.00,5226.55,0.00,5226.55,25013.15,8808.55,0,0,0,0.00,0,F1,25,,,,,
2024-10-08,2024-10-08,FO,NSE,IDO,64131,,NIFTY,,2024-12-26,2024-12-26,26700.00,CE,NIFTY24DEC26700CE,152.00,178.95,140.00,177.75,177.75,146.70,25013.15,177.75,7550,500,79,53046776.25,26,F1,25,,,,,
2024-10-08,2024-10-08,FO,NSE,IDO,62929,,NIFTY,,2024-10-31,2024-10-31,26700.00,CE,NIFTY24OCT26700CE,15.80,16.75,12.90,14.15,14.95,16.55,25013.15,14.15,591200,850,17828,11906685002.50,5593,F1,25,,,,,
2024-10-08,2024-10-08,FO,NSE,IDO,48496,,NIFTY,,2024-10-17,2024-10-17,26050.00,CE,NIFTY24O1726050CE,16.05,16.15,9.85,12.85,14.30,16.30,25013.15,12.85,68550,12525,9593,6250599205.00,2343,F1,25,,,,,
2024-10-08,2024-10-08,FO,NSE,IDO,62904,,NIFTY,,2024-10-31,2024-10-31,26050.00,PE,NIFTY24OCT26050PE,1093.95,1095.00,888.45,948.90,948.90,1093.95,25013.15,948.90,24825,-1950,126,85256625.00,31,F1,25,,,,,
2024-10-08,2024-10-08,FO,NSE,IDO,48163,,NIFTY,,2024-11-28,2024-11-28,26700.00,PE,NIFTY24NOV26700PE,0.00,0.00,0.00,1450.00,1450.00,1450.00,25013.15,1531.20,725,0,0,0.00,0,F1,25,,,,,
2024-10-08,2024-10-08,FO,NSE,IDO,50223,,NIFTY,,2024-10-10,2024-10-10,26700.00,PE,NIFTY24O1026700PE,1890.25,1890.25,1745.00,1745.70,1746.75,1860.00,25013.15,1745.70,6575,-125,16,11398793.75,13,F1,25,,,,,
2024-10-08,2024-10-08,FO,NSE,IDO,50533,,NIFTY,,2024-11-07,2024-11-07,26700.00,CE,NIFTY24N0726700CE,0.00,0.00,0.00,115.75,115.75,115.75,25013.15,29.55,50,0,0,0.00,0,F1,25,,,,,
2024-10-08,2024-10-08,FO,NSE,IDO,41624,,NIFTY,,2024-12-26,2024-12-26,23150.00,CE,NIFTY24DEC23150CE,0.00,0.00,0.00,3515.80,0.00,3515.80,25013.15,2251.65,0,0,0,0.00,0,F1,25,,,,,
2024-10-08,2024-10-08,FO,NSE,IDO,42787,,NIFTY,,2024-10-17,2024-10-17,23150.00,CE,NIFTY24O1723150CE,0.00,0.00,0.00,2411.90,0.00,2411.90,25013.15,1901.65,0,0,0,0.00,0,F1,25,,,,,
2024-10-08,2024-10-08,FO,NSE,IDO,42901,,NIFTY,,2024-11-28,2024-11-28,23150.00,CE,NIFTY24NOV23150CE,0.00,0.00,0.00,2526.85,0.00,2526.85,25013.15,2104.25,0,0,0,0.00,0,F1,25,,,,,
2024-10-08,2024-10-08,FO,NSE,IDO,42902,,NIFTY,,2024-11-28,2024-11-28,23150.00,PE,NIFTY24NOV23150PE,0.00,0.00,0.00,75.75,75.75,75.75,25013.15,23.80,2775,0,0,0.00,0,F1,25,,,,,
2024-10-08,2024-10-08,FO,NSE,IDO,48938,,NIFTY,,2024-10-31,2024-10-31,23150.00,CE,NIFTY24OCT23150CE,0.00,0.00,0.00,1851.25,1851.25,1851.25,25013.15,1964.05,175,0,0,0.00,0,F1,25,,,,,
2024-10-08,2024-10-08,FO,NSE,IDO,48090,,NIFTY,,2024-11-28,2024-11-28,25950.00,PE,NIFTY24NOV25950PE,928.35,928.35,875.90,875.90,875.90,913.10,25013.15,941.15,875,-25,2,1342606.25,2,F1,25,,,,,
2024-10-08,2024-10-08,FO,NSE,IDO,61330,,NIFTY,,2024-12-26,2024-12-26,25950.00,PE,NIFTY24DEC25950PE,0.00,0.00,0.00,706.10,706.15,706.10,25013.15,967.65,100,0,0,0.00,0,F1,25,,,,,
2024-10-08,2024-10-08,FO,NSE,IDO,48962,,NIFTY,,2024-10-31,2024-10-31,23500.00,CE,NIFTY24OCT23500CE,1550.00,1726.90,1501.30,1663.55,1680.00,1543.10,25013.15,1663.55,139850,-475,408,256233111.25,141,F1,25,,,,,
2024-10-08,2024-10-08,FO,NSE,IDO,50336,,NIFTY,,2024-11-07,2024-11-07,23500.00,CE,NIFTY24N0723500CE,0.00,0.00,0.00,1945.05,0.00,1945.05,25013.15,1660.15,0,0,0,0.00,0,F1,25,,,,,
2024-10-08,2024-10-08,FO,NSE,IDO,50339,,NIFTY,,2024-11-07,2024-11-07,23500.00,PE,NIFTY24N0723500PE,65.05,88.20,52.15,60.05,55.95,59.70,25013.15,60.05,2650,1425,118,69525946.25,64,F1,25,,,,,
2024-10-08,2024-10-08,FO,NSE,IDO,43456,,NIFTY,,2024-10-17,2024-10-17,23500.00,PE,NIFTY24O1723500PE,21.00,29.80,12.60,13.55,13.80,23.15,25013.15,13.55,223800,91500,31465,18500679933.75,9616,F1,25,,,,,
2024-10-08,2024-10-08,FO,NSE,IDO,41659,,NIFTY,,2024-12-26,2024-12-26,23500.00,CE,NIFTY24DEC23500CE,1990.00,1999.95,1990.00,1999.95,1999.95,3190.45,25013.15,1999.95,50,50,2,1274748.75,2,F1,25,,,,,
2024-10-08,2024-10-08,FO,NSE,IDO,43518,,NIFTY,,2024-10-24,2024-10-24,23500.00,PE,NIFTY24O2423500PE,40.00,49.30,24.30,27.10,25.40,41.85,25013.15,27.10,26650,6625,1499,881991877.50,292,F1,25,,,,,
2024-10-08,2024-10-08,FO,NSE,IDF,35382,,NIFTY,,2024-10-31,2024-10-31,,,NIFTY24OCTFUT,24983.95,25200.00,24928.60,25131.65,25148.20,24985.55,25013.15,25131.65,14034225,201650,297545,186525036351.25,126089,F1,25,,,,,
2024-10-08,2024-10-08,FO,NSE,IDO,41902,,NIFTY,,2024-12-26,2024-12-26,24400.00,PE,NIFTY24DEC24400PE,358.15,358.15,331.60,331.60,331.60,260.10,25013.15,260.75,13925,0,4,2473823.75,4,F1,25,,,,,
2024-10-08,2024-10-08,FO,NSE,IDO,48116,,NIFTY,,2024-10-17,2024-10-17,24400.00,PE,NIFTY24O1724400PE,92.05,123.15,53.95,61.80,64.55,102.05,25013.15,61.80,187350,43650,42743,26161518387.50,13911,F1,25,,,,,
2024-10-08,2024-10-08,FO,NSE,IDO,49018,,NIFTY,,2024-10-31,2024-10-31,24400.00,CE,NIFTY24OCT24400CE,759.00,913.70,720.10,856.15,874.75,751.55,25013.15,856.15,28425,3200,727,458256233.75,293,F1,25,,,,,
2024-10-08,2024-10-08,FO,NSE,IDO,46473,,NIFTY,,2024-11-28,2024-11-28,24600.00,PE,NIFTY24NOV24600PE,344.20,352.95,265.00,284.05,274.65,330.55,25013.15,284.05,97500,3700,1891,1177539323.75,867,F1,25,,,,,
2024-10-08,2024-10-08,FO,NSE,IDO,43627,,NIFTY,,2024-10-24,2024-10-24,24000.00,PE,NIFTY24O2424000PE,75.00,91.70,46.05,50.30,52.65,75.70,25013.15,50.30,118800,14225,8253,4964877005.00,2797,F1,25,,,,,
2024-10-08,2024-10-08,FO,NSE,IDO,89631,,NIFTY,,2029-06-28,2029-06-28,24000.00,PE,NIFTY29JUN24000PE,0.00,0.00,0.00,686.60,0.00,686.60,25013.15,351.20,0,0,0,0.00,0,F1,25,,,,,
2024-10-08,2024-10-08,FO,NSE,IDO,71472,,NIFTY,,2026-06-25,2026-06-25,24000.00,CE,NIFTY26JUN24000CE,0.00,0.00,0.00,1698.30,0.00,1698.30,25013.15,4078.25,0,0,0,0.00,0,F1,25,,,,,
2024-10-08,2024-10-08,FO,NSE,IDO,71379,,NIFTY,,2025-06-26,2025-06-26,24000.00,CE,NIFTY25JUN24000CE,0.00,0.00,0.00,2506.75,2506.75,2506.75,25013.15,2500.60,650,0,0,0.00,0,F1,25,,,,,
2024-10-08,2024-10-08,FO,NSE,IDO,50182,,NIFTY,,2024-10-10,2024-10-10,26550.00,CE,NIFTY24O1026550CE,2.00,2.70,1.30,1.60,1.40,2.65,25013.15,1.60,306550,-25225,77406,51381854551.25,18959,F1,25,,,,,
2024-10-08,2024-10-08,FO,NSE,IDO,50556,,NIFTY,,2026-06-25,2026-06-25,18000.00,CE,NIFTY26JUN18000CE,0.00,0.00,0.00,4150.00,4150.00,4150.00,25013.15,8986.20,200,0,0,0.00,0,F1,25,,,,,
2024-10-08,2024-10-08,FO,NSE,IDO,53604,,NIFTY,,2027-12-30,2027-12-30,18000.00,PE,NIFTY27DEC18000PE,0.00,0.00,0.00,169.00,169.00,169.00,25013.15,22.95,10100,0,0,0.00,0,F1,25,,,,,
2024-10-08,2024-10-08,FO,NSE,IDO,48167,,NIFTY,,2024-11-28,2024-11-28,26800.00,PE,NIFTY24NOV26800PE,1528.00,1528.00,1528.00,1528.00,1528.00,1675.00,25013.15,1617.70,1850,0,1,708200.00,1,F1,25,,,,,
2024-10-08,2024-10-08,FO,NSE,IDO,48569,,NIFTY,,2024-10-17,2024-10-17,26800.00,CE,NIFTY24O1726800CE,5.75,5.75,3.80,4.25,3.80,6.40,25013.15,4.25,227025,74250,12023,8056903080.00,2293,F1,25,,,,,
2024-10-08,2024-10-08,FO,NSE,IDO,64142,,NIFTY,,2024-12-26,2024-12-26,26800.00,CE,NIFTY24DEC26800CE,138.05,179.20,124.25,179.20,179.20,138.05,25013.15,183.45,4975,1175,87,58597315.00,35,F1,25,,,,,
2024-10-08,2024-10-08,FO,NSE,IDO,48134,,NIFTY,,2024-11-28,2024-11-28,26550.00,PE,NIFTY24NOV26550PE,0.00,0.00,0.00,729.20,729.20,729.20,25013.15,1404.40,25,0,0,0.00,0,F1,25,,,,,
2024-10-08,2024-10-08,FO,NSE,IDO,50167,,NIFTY,,2024-10-10,2024-10-10,26150.00,PE,NIFTY24O1026150PE,1278.10,1278.10,1146.80,1146.80,1146.80,1304.65,25013.15,1146.80,20100,-175,18,12318737.50,14,F1,25,,,,,
2024-10-08,2024-10-08,FO,NSE,IDO,50499,,NIFTY,,2024-11-07,2024-11-07,26150.00,CE,NIFTY24N0726150CE,0.00,0.00,0.00,233.95,0.00,233.95,25013.15,87.40,0,0,0,0.00,0,F1,25,,,,,
2024-10-08,2024-10-08,FO,NSE,IDO,50449,,NIFTY,,2024-11-07,2024-11-07,25450.00,CE,NIFTY24N0725450CE,0.00,0.00,0.00,260.70,260.70,260.70,25013.15,267.45,25,0,0,0.00,0,F1,25,,,,,
2024-10-08,2024-10-08,FO,NSE,IDO,54654,,NIFTY,,2024-12-26,2024-12-26,25450.00,PE,NIFTY24DEC25450PE,760.95,760.95,674.20,674.20,674.20,760.95,25013.15,677.45,12550,0,5,3270080.00,5,F1,25,,,,,
2024-10-08,2024-10-08,FO,NSE,IDO,43529,,NIFTY,,2024-10-24,2024-10-24,23700.00,PE,NIFTY24O2423700PE,0.00,0.00,0.00,35.15,0.00,35.15,25013.15,6.60,0,0,0,0.00,0,F1,25,,,,,
2024-10-08,2024-10-08,FO,NSE,IDO,64182,,NIFTY,,2024-12-26,2024-12-26,27350.00,CE,NIFTY24DEC27350CE,0.00,0.00,0.00,579.10,0.00,579.10,25013.15,101.50,0,0,0,0.00,0,F1,25,,,,,
2024-10-08,2024-10-08,FO,NSE,IDO,43498,,NIFTY,,2024-10-17,2024-10-17,23700.00,PE,NIFTY24O1723700PE,30.00,39.45,16.95,18.35,19.75,30.80,25013.15,18.35,125100,32175,24073,14278371601.25,9947,F1,25,,,,,
2024-10-08,2024-10-08,FO,NSE,IDO,50356,,NIFTY,,2024-11-07,2024-11-07,23700.00,CE,NIFTY24N0723700CE,0.00,0.00,0.00,1761.05,0.00,1761.05,25013.15,1472.50,0,0,0,0.00,0,F1,25,,,,,
2024-10-08,2024-10-08,FO,NSE,IDO,50358,,NIFTY,,2024-11-07,2024-11-07,23750.00,CE,NIFTY24N0723750CE,0.00,0.00,0.00,1715.80,0.00,1715.80,25013.15,1426.45,0,0,0,0.00,0,F1,25,,,,,
2024-10-08,2024-10-08,FO,NSE,IDO,43943,,NIFTY,,2024-10-24,2024-10-24,24950.00,CE,NIFTY24O2424950CE,305.90,408.05,292.50,357.70,368.90,319.20,25013.15,357.70,7375,4525,776,490947318.75,253,F1,25,,,,,
2024-10-08,2024-10-08,FO,NSE,IDO,89623,,NIFTY,,2029-06-28,2029-06-28,20000.00,PE,NIFTY29JUN20000PE,0.00,0.00,0.00,236.95,0.00,236.95,25013.15,80.25,0,0,0,0.00,0,F1,25,,,,,
2024-10-08,2024-10-08,FO,NSE,IDO,67775,,NIFTY,,2028-12-28,2028-12-28,20000.00,PE,NIFTY28DEC20000PE,0.00,0.00,0.00,405.00,405.00,405.00,25013.15,80.20,1550,0,0,0.00,0,F1,25,,,,,
2024-10-08,2024-10-08,FO,NSE,IDO,50425,,NIFTY,,2024-11-07,2024-11-07,24950.00,PE,NIFTY24N0724950PE,424.90,424.90,424.90,424.90,424.90,259.75,25013.15,301.70,375,25,1,634372.50,1,F1,25,,,,,
2024-10-08,2024-10-08,FO,NSE,IDO,47618,,NIFTY,,2024-11-28,2024-11-28,24950.00,CE,NIFTY24NOV24950CE,701.00,749.00,668.60,730.05,742.95,630.00,25013.15,730.05,5250,4950,260,166684392.50,105,F1,25,,,,,
2024-10-08,2024-10-08,FO,NSE,IDO,38375,,NIFTY,,2025-06-26,2025-06-26,20000.00,PE,NIFTY25JUN20000PE,0.00,0.00,0.00,125.00,125.00,125.00,25013.15,8.70,458625,0,0,0.00,0,F1,25,,,,,
2024-10-08,2024-10-08,FO,NSE,IDO,47167,,NIFTY,,2024-10-10,2024-10-10,24950.00,PE,NIFTY24O1024950PE,218.00,272.50,90.75,120.95,111.10,236.30,25013.15,120.95,1147975,559400,1677665,1052685931635.00,616753,F1,25,,,,,
2024-10-08,2024-10-08,FO,NSE,IDO,62926,,NIFTY,,2024-10-31,2024-10-31,26600.00,PE,NIFTY24OCT26600PE,1620.00,1620.05,1451.40,1462.60,1462.10,1624.40,25013.15,1462.60,19250,-75,42,29547396.25,18,F1,25,,,,,
2024-10-08,2024-10-08,FO,NSE,IDO,50185,,NIFTY,,2024-10-10,2024-10-10,26600.00,CE,NIFTY24O1026600CE,1.20,2.35,1.20,1.55,1.30,2.60,25013.15,1.55,1183650,43175,197596,131410119046.25,31783,F1,25,,,,,
2024-10-08,2024-10-08,FO,NSE,IDO,44660,,NIFTY,,2024-10-24,2024-10-24,26600.00,PE,NIFTY24O2426600PE,0.00,0.00,0.00,1168.10,0.00,1168.10,25013.15,1514.25,0,0,0,0.00,0,F1,25,,,,,
2024-10-08,2024-10-08,FO,NSE,IDO,44655,,NIFTY,,2024-10-24,2024-10-24,26600.00,CE,NIFTY24O2426600CE,13.15,15.15,11.55,12.00,11.95,15.65,25013.15,12.00,33675,450,323,214901130.00,90,F1,25,,,,,
2024-10-08,2024-10-08,FO,NSE,IDO,48148,,NIFTY,,2024-11-28,2024-11-28,26600.00,PE,NIFTY24NOV26600PE,0.00,0.00,0.00,1500.00,1500.00,1500.00,25013.15,1446.25,1700,0,0,0.00,0,F1,25,,,,,
2024-10-08,2024-10-08,FO,NSE,IDO,67777,,NIFTY,,2028-12-28,2028-12-28,21000.00,PE,NIFTY28DEC21000PE,0.00,0.00,0.00,490.00,490.00,490.00,25013.15,124.95,1225,0,0,0.00,0,F1,25,,,,,
2024-10-08,2024-10-08,FO,NSE,IDO,71554,,NIFTY,,2027-06-24,2027-06-24,21000.00,PE,NIFTY27JUN21000PE,0.00,0.00,0.00,500.00,500.00,500.00,25013.15,117.90,200,0,0,0.00,0,F1,25,,,,,
2024-10-08,2024-10-08,FO,NSE,IDO,64561,,NIFTY,,2025-03-27,2025-03-27,21000.00,PE,NIFTY25MAR21000PE,94.45,98.90,87.25,91.55,91.60,94.65,25013.15,91.55,163750,-2000,513,270511231.25,205,F1,25,,,,,
2024-10-08,2024-10-08,FO,NSE,IDO,50491,,NIFTY,,2024-11-07,2024-11-07,26050.00,PE,NIFTY24N0726050PE,0.00,0.00,0.00,881.55,0.00,881.55,25013.15,997.10,0,0,0,0.00,0,F1,25,,,,,
2024-10-08,2024-10-08,FO,NSE,IDO,51450,,NIFTY,,2025-06-26,2025-06-26,21000.00,PE,NIFTY25JUN21000PE,0.00,0.00,0.00,160.00,160.00,160.00,25013.15,28.35,875,0,0,0.00,0,F1,25,,,,,
2024-10-08,2024-10-08,FO,NSE,IDO,51452,,NIFTY,,2025-12-24,2025-12-24,21000.00,PE,NIFTY25DEC21000PE,102.50,102.50,102.50,102.50,102.50,267.95,25013.15,63.30,13475,0,10,5275625.00,1,F1,25,,,,,
2024-10-08,2024-10-08,FO,NSE,IDO,51455,,NIFTY,,2026-06-25,2026-06-25,21000.00,PE,NIFTY26JUN21000PE,0.00,0.00,0.00,3065.60,0.00,3065.60,25013.15,89.75,0,0,0,0.00,0,F1,25,,,,,
2024-10-08,2024-10-08,FO,NSE,IDO,48499,,NIFTY,,2024-10-17,2024-10-17,26050.00,PE,NIFTY24O1726050PE,1080.45,1091.90,950.00,1000.05,990.00,1135.60,25013.15,1000.05,3200,-475,28,18962051.25,16,F1,25,,,,,
2024-10-08,2024-10-08,FO,NSE,IDO,48857,,NIFTY,,2024-10-17,2024-10-17,27900.00,PE,NIFTY24O1727900PE,0.00,0.00,0.00,2340.20,0.00,2340.20,25013.15,2840.45,0,0,0,0.00,0,F1,25,,,,,
2024-10-08,2024-10-08,FO,NSE,IDO,48827,,NIFTY,,2024-10-17,2024-10-17,27900.00,CE,NIFTY24O1727900CE,2.00,4.00,2.00,3.45,3.30,3.75,25013.15,3.45,39825,23750,3936,2745697206.25,527,F1,25,,,,,
2024-10-08,2024-10-08,FO,NSE,IDO,42477,,NIFTY,,2024-12-26,2024-12-26,24550.00,PE,NIFTY24DEC24550PE,0.00,0.00,0.00,161.50,0.00,161.50,25013.15,304.65,0,0,0,0.00,0,F1,25,,,,,
2024-10-08,2024-10-08,FO,NSE,IDO,37749,,NIFTY,,2025-06-26,2025-06-26,23000.00,CE,NIFTY25JUN23000CE,0.00,0.00,0.00,3800.00,3800.00,3800.00,25013.15,3273.85,25,0,0,0.00,0,F1,25,,,,,
2024-10-08,2024-10-08,FO,NSE,IDO,37724,,NIFTY,,2024-12-26,2024-12-26,23000.00,CE,NIFTY24DEC23000CE,2350.00,2526.00,2299.80,2471.10,2479.60,2343.65,25013.15,2471.10,500000,37100,3526,2238702600.00,2002,F1,25,,,,,
2024-10-08,2024-10-08,FO,NSE,IDO,37748,,NIFTY,,2024-12-26,2024-12-26,23000.00,PE,NIFTY24DEC23000PE,127.35,136.90,108.00,111.70,111.85,127.35,25013.15,111.70,2191725,15175,22176,12816336423.75,9429,F1,25,,,,,
2024-10-08,2024-10-08,FO,NSE,IDO,50401,,NIFTY,,2024-11-07,2024-11-07,24550.00,PE,NIFTY24N0724550PE,0.00,0.00,0.00,180.30,0.00,180.30,25013.15,162.30,0,0,0,0.00,0,F1,25,,,,,
2024-10-08,2024-10-08,FO,NSE,IDO,50400,,NIFTY,,2024-11-07,2024-11-07,24550.00,CE,NIFTY24N0724550CE,0.00,0.00,0.00,1051.40,0.00,1051.40,25013.15,761.30,0,0,0,0.00,0,F1,25,,,,,
2024-10-08,2024-10-08,FO,NSE,IDO,71558,,NIFTY,,2027-06-24,2027-06-24,23000.00,CE,NIFTY27JUN23000CE,0.00,0.00,0.00,2530.05,0.00,2530.05,25013.15,6152.55,0,0,0,0.00,0,F1,25,,,,,
2024-10-08,2024-10-08,FO,NSE,IDO,41665,,NIFTY,,2024-12-26,2024-12-26,23550.00,CE,NIFTY24DEC23550CE,0.00,0.00,0.00,3144.60,0.00,3144.60,25013.15,1898.40,0,0,0,0.00,0,F1,25,,,,,
2024-10-08,2024-10-08,FO,NSE,IDO,54756,,NIFTY,,2024-10-31,2024-10-31,24550.00,CE,NIFTY24OCT24550CE,645.95,755.35,624.00,714.35,741.30,649.00,25013.15,714.35,5625,325,304,191729963.75,124,F1,25,,,,,
2024-10-08,2024-10-08,FO,NSE,IDO,71559,,NIFTY,,2027-06-24,2027-06-24,23000.00,PE,NIFTY27JUN23000PE,0.00,0.00,0.00,4514.30,0.00,4514.30,25013.15,295.00,0,0,0,0.00,0,F1,25,,,,,
2024-10-08,2024-10-08,FO,NSE,IDO,42920,,NIFTY,,2024-11-28,2024-11-28,23550.00,PE,NIFTY24NOV23550PE,0.00,0.00,0.00,120.00,120.00,120.00,25013.15,51.30,1025,0,0,0.00,0,F1,25,,,,,
2024-10-08,2024-10-08,FO,NSE,IDO,37799,,NIFTY,,2026-06-25,2026-06-25,23000.00,CE,NIFTY26JUN23000CE,0.00,0.00,0.00,2645.65,0.00,2645.65,25013.15,4803.00,0,0,0,0.00,0,F1,25,,,,,
2024-10-08,2024-10-08,FO,NSE,IDO,50340,,NIFTY,,2024-11-07,2024-11-07,23550.00,CE,NIFTY24N0723550CE,0.00,0.00,0.00,1898.60,0.00,1898.60,25013.15,1612.80,0,0,0,0.00,0,F1,25,,,,,
2024-10-08,2024-10-08,FO,NSE,IDO,42919,,NIFTY,,2024-11-28,2024-11-28,23550.00,CE,NIFTY24NOV23550CE,0.00,0.00,0.00,2190.10,0.00,2190.10,25013.15,1735.50,0,0,0,0.00,0,F1,25,,,,,
2024-10-08,2024-10-08,FO,NSE,IDO,48136,,NIFTY,,2024-10-17,2024-10-17,24550.00,PE,NIFTY24O1724550PE,126.05,157.90,71.70,83.75,82.55,135.55,25013.15,83.75,36550,2575,14571,8983986318.75,3889,F1,25,,,,,
2024-10-08,2024-10-08,FO,NSE,IDO,37806,,NIFTY,,2026-12-31,2026-12-31,23000.00,CE,NIFTY26DEC23000CE,0.00,0.00,0.00,2020.00,2020.00,2020.00,25013.15,5520.65,500,0,0,0.00,0,F1,25,,,,,
2024-10-08,2024-10-08,FO,NSE,IDO,37810,,NIFTY,,2026-12-31,2026-12-31,23000.00,PE,NIFTY26DEC23000PE,0.00,0.00,0.00,636.95,636.95,636.95,25013.15,293.25,12475,0,0,0.00,0,F1,25,,,,,
2024-10-08,2024-10-08,FO,NSE,IDO,64565,,NIFTY,,2025-03-27,2025-03-27,23000.00,PE,NIFTY25MAR23000PE,231.20,243.30,209.95,212.40,215.00,231.45,25013.15,212.40,365850,375,1674,971831863.75,825,F1,25,,,,,
2024-10-08,2024-10-08,FO,NSE,IDO,48920,,NIFTY,,2024-10-31,2024-10-31,22850.00,PE,NIFTY24OCT22850PE,32.00,40.70,18.60,20.35,20.60,32.60,25013.15,20.35,22225,19075,1637,935999591.25,425,F1,25,,,,,
2024-10-08,2024-10-08,FO,NSE,IDO,50287,,NIFTY,,2024-10-10,2024-10-10,27400.00,CE,NIFTY24O1027400CE,2.05,2.30,1.10,1.45,1.55,2.55,25013.15,1.45,1068525,-332200,105122,72013014953.75,11754,F1,25,,,,,
2024-10-08,2024-10-08,FO,NSE,IDO,58635,,NIFTY,,2026-12-31,2026-12-31,15000.00,PE,NIFTY26DEC15000PE,0.00,0.00,0.00,37.80,37.80,37.80,25013.15,0.65,2150,0,0,0.00,0,F1,25,,,,,
2024-10-08,2024-10-08,FO,NSE,IDO,40086,,NIFTY,,2024-12-26,2024-12-26,15000.00,CE,NIFTY24DEC15000CE,10150.00,10219.50,10150.00,10219.50,10219.50,10100.00,25013.15,10230.70,15800,-50,2,1259237.50,2,F1,25,,,,,
2024-10-08,2024-10-08,FO,NSE,IDO,50448,,NIFTY,,2026-06-25,2026-06-25,15000.00,PE,NIFTY26JUN15000PE,0.00,0.00,0.00,21.90,21.90,21.90,25013.15,0.20,850,0,0,0.00,0,F1,25,,,,,
2024-10-08,2024-10-08,FO,NSE,IDO,48646,,NIFTY,,2024-10-17,2024-10-17,27100.00,PE,NIFTY24O1727100PE,0.00,0.00,0.00,1605.25,0.00,1605.25,25013.15,2041.80,0,0,0,0.00,0,F1,25,,,,,
2024-10-08,2024-10-08,FO,NSE,IDO,64155,,NIFTY,,2024-12-26,2024-12-26,27100.00,CE,NIFTY24DEC27100CE,94.35,94.35,94.35,94.35,94.35,511.30,25013.15,133.85,25,0,1,679858.75,1,F1,25,,,,,
2024-10-08,2024-10-08,FO,NSE,IDO,44604,,NIFTY,,2024-10-24,2024-10-24,26100.00,PE,NIFTY24O2426100PE,0.00,0.00,0.00,1000.00,1000.00,1000.00,25013.15,1038.90,1925,0,0,0.00,0,F1,25,,,,,
2024-10-08,2024-10-08,FO,NSE,IDO,62972,,NIFTY,,2024-10-31,2024-10-31,27400.00,PE,NIFTY24OCT27400PE,0.00,0.00,0.00,2100.00,2100.00,2100.00,25013.15,2272.35,2100,0,0,0.00,0,F1,25,,,,,
2024-10-08,2024-10-08,FO,NSE,IDO,58645,,NIFTY,,2026-12-31,2026-12-31,20000.00,PE,NIFTY26DEC20000PE,0.00,0.00,0.00,135.45,135.45,135.45,25013.15,59.20,4300,0,0,0.00,0,F1,25,,,,,
2024-10-08,2024-10-08,FO,NSE,IDO,38377,,NIFTY,,2025-12-24,2025-12-24,20000.00,PE,NIFTY25DEC20000PE,151.25,172.05,151.25,172.05,172.05,193.50,25013.15,27.25,16050,75,3,1512383.75,2,F1,25,,,,,
2024-10-08,2024-10-08,FO,NSE,IDO,47619,,NIFTY,,2024-11-28,2024-11-28,24950.00,PE,NIFTY24NOV24950PE,460.00,470.00,371.50,397.30,388.95,439.45,25013.15,397.30,6200,3775,404,256112366.25,83,F1,25,,,,,
2024-10-08,2024-10-08,FO,NSE,IDO,47166,,NIFTY,,2024-10-10,2024-10-10,24950.00,CE,NIFTY24O1024950CE,123.00,198.15,97.40,146.05,162.75,124.00,25013.15,146.05,1164625,480850,2359808,1480450208365.00,817209,F1,25,,,,,
2024-10-08,2024-10-08,FO,NSE,IDO,43951,,NIFTY,,2024-10-24,2024-10-24,24950.00,PE,NIFTY24O2424950PE,332.55,345.00,209.05,234.75,225.15,312.55,25013.15,234.75,2600,350,464,292475663.75,167,F1,25,,,,,
2024-10-08,2024-10-08,FO,NSE,IDO,48657,,NIFTY,,2024-12-26,2024-12-26,25250.00,CE,NIFTY24DEC25250CE,757.00,775.00,634.10,775.00,775.00,762.80,25013.15,775.00,2125,25,3,1947902.50,3,F1,25,,,,,
2024-10-08,2024-10-08,FO,NSE,IDO,44143,,NIFTY,,2024-10-24,2024-10-24,25250.00,PE,NIFTY24O2425250PE,500.85,507.70,329.80,375.35,371.75,465.25,25013.15,375.35,2625,675,172,110398108.75,88,F1,25,,,,,
2024-10-08,2024-10-08,FO,NSE,IDO,44016,,NIFTY,,2024-10-24,2024-10-24,25050.00,CE,NIFTY24O2425050CE,258.25,348.55,240.60,307.75,314.05,264.85,25013.15,307.75,7225,5275,731,463343971.25,188,F1,25,,,,,
2024-10-08,2024-10-08,FO,NSE,IDO,47173,,NIFTY,,2024-10-10,2024-10-10,25050.00,PE,NIFTY24O1025050PE,295.60,337.45,129.00,169.45,157.50,298.30,25013.15,169.45,668350,252725,602752,380262019956.25,230111,F1,25,,,,,
2024-10-08,2024-10-08,FO,NSE,IDO,54777,,NIFTY,,2024-10-31,2024-10-31,25050.00,PE,NIFTY24OCT25050PE,377.90,413.80,267.00,296.35,290.05,377.95,25013.15,296.35,59500,11850,3717,2358061620.00,1613,F1,25,,,,,
2024-10-08,2024-10-08,FO,NSE,IDO,50519,,NIFTY,,2024-11-07,2024-11-07,26500.00,PE,NIFTY24N0726500PE,0.00,0.00,0.00,1216.60,0.00,1216.60,25013.15,1385.05,0,0,0,0.00,0,F1,25,,,,,
2024-10-08,2024-10-08,FO,NSE,IDO,48544,,NIFTY,,2024-10-17,2024-10-17,26500.00,PE,NIFTY24O1726500PE,1598.20,1651.00,1397.80,1432.80,1430.00,1604.65,25013.15,1432.80,10400,3700,207,144635615.00,75,F1,25,,,,,
2024-10-08,2024-10-08,FO,NSE,IDO,62921,,NIFTY,,2024-10-31,2024-10-31,26500.00,CE,NIFTY24OCT26500CE,23.10,23.10,18.00,19.70,21.00,22.50,25013.15,19.70,2393250,40775,67752,44919910698.75,18644,F1,25,,,,,
2024-10-08,2024-10-08,FO,NSE,IDO,44994,,NIFTY,,2024-10-24,2024-10-24,27450.00,PE,NIFTY24O2427450PE,0.00,0.00,0.00,1893.95,0.00,1893.95,25013.15,2355.95,0,0,0,0.00,0,F1,25,,,,,
2024-10-08,2024-10-08,FO,NSE,IDO,64186,,NIFTY,,2024-12-26,2024-12-26,27450.00,CE,NIFTY24DEC27450CE,0.00,0.00,0.00,190.20,190.20,190.20,25013.15,90.60,25,0,0,0.00,0,F1,25,,,,,
2024-10-08,2024-10-08,FO,NSE,IDO,50530,,NIFTY,,2024-12-26,2024-12-26,28000.00,CE,NIFTY24DEC28000CE,39.00,40.90,32.20,34.35,34.00,38.05,25013.15,34.35,953875,38200,12157,8520763187.50,4462,F1,25,,,,,
2024-10-08,2024-10-08,FO,NSE,IDO,50547,,NIFTY,,2026-12-31,2026-12-31,28000.00,CE,NIFTY26DEC28000CE,0.00,0.00,0.00,1871.10,0.00,1871.10,25013.15,2516.35,0,0,0,0.00,0,F1,25,,,,,
2024-10-08,2024-10-08,FO,NSE,IDO,50550,,NIFTY,,2027-06-24,2027-06-24,28000.00,PE,NIFTY27JUN28000PE,0.00,0.00,0.00,5959.35,0.00,5959.35,25013.15,1446.55,0,0,0,0.00,0,F1,25,,,,,
2024-10-08,2024-10-08,FO,NSE,IDO,50537,,NIFTY,,2025-06-26,2025-06-26,28000.00,CE,NIFTY25JUN28000CE,0.00,0.00,0.00,912.95,0.00,912.95,25013.15,550.50,0,0,0,0.00,0,F1,25,,,,,
2024-10-08,2024-10-08,FO,NSE,IDO,50545,,NIFTY,,2026-06-25,2026-06-25,28000.00,CE,NIFTY26JUN28000CE,0.00,0.00,0.00,1533.95,0.00,1533.95,25013.15,1836.40,0,0,0,0.00,0,F1,25,,,,,
2024-10-08,2024-10-08,FO,NSE,IDO,50548,,NIFTY,,2026-12-31,2026-12-31,28000.00,PE,NIFTY26DEC28000PE,0.00,0.00,0.00,6224.80,0.00,6224.80,25013.15,1590.15,0,0,0,0.00,0,F1,25,,,,,
2024-10-08,2024-10-08,FO,NSE,IDO,41684,,NIFTY,,2024-12-26,2024-12-26,23700.00,PE,NIFTY24DEC23700PE,0.00,0.00,0.00,208.00,208.00,208.00,25013.15,114.35,12400,0,0,0.00,0,F1,25,,,,,
2024-10-08,2024-10-08,FO,NSE,IDO,44885,,NIFTY,,2024-10-24,2024-10-24,27350.00,CE,NIFTY24O2427350CE,0.00,0.00,0.00,59.75,0.00,59.75,25013.15,0.30,0,0,0,0.00,0,F1,25,,,,,
2024-10-08,2024-10-08,FO,NSE,IDO,48981,,NIFTY,,2024-10-31,2024-10-31,23700.00,PE,NIFTY24OCT23700PE,81.00,81.00,44.20,47.60,47.00,71.00,25013.15,47.60,274025,75500,28263,16786743783.75,11419,F1,25,,,,,
2024-10-08,2024-10-08,FO,NSE,IDO,50285,,NIFTY,,2024-10-10,2024-10-10,27350.00,CE,NIFTY24O1027350CE,1.00,2.60,1.00,1.45,1.35,2.60,25013.15,1.45,465700,-72875,10497,7177763148.75,2258,F1,25,,,,,
2024-10-08,2024-10-08,FO,NSE,IDO,62970,,NIFTY,,2024-10-31,2024-10-31,27350.00,PE,NIFTY24OCT27350PE,0.00,0.00,0.00,2566.20,0.00,2566.20,25013.15,2222.90,0,0,0,0.00,0,F1,25,,,,,
2024-10-08,2024-10-08,FO,NSE,IDO,62969,,NIFTY,,2024-10-31,2024-10-31,27350.00,CE,NIFTY24OCT27350CE,10.35,10.35,7.60,7.60,7.60,11.00,25013.15,2.10,325,0,3,2051911.25,3,F1,25,,,,,
2024-10-08,2024-10-08,FO,NSE,IDO,48972,,NIFTY,,2024-10-31,2024-10-31,23700.00,CE,NIFTY24OCT23700CE,1486.05,1486.05,1406.05,1467.00,1467.00,1323.00,25013.15,1467.00,6100,25,3,1886477.50,3,F1,25,,,,,
2024-10-08,2024-10-08,FO,NSE,IDO,41686,,NIFTY,,2024-12-26,2024-12-26,23750.00,PE,NIFTY24DEC23750PE,0.00,0.00,0.00,68.35,0.00,68.35,25013.15,121.95,0,0,0,0.00,0,F1,25,,,,,
2024-10-08,2024-10-08,FO,NSE,IDO,48983,,NIFTY,,2024-10-31,2024-10-31,23750.00,PE,NIFTY24OCT23750PE,65.00,83.35,47.20,50.60,51.40,76.30,25013.15,50.60,19200,1125,1326,789341976.25,440,F1,25,,,,,
2024-10-08,2024-10-08,FO,NSE,IDO,50359,,NIFTY,,2024-11-07,2024-11-07,23750.00,PE,NIFTY24N0723750PE,0.00,0.00,0.00,50.25,0.00,50.25,25013.15,31.90,0,0,0,0.00,0,F1,25,,,,,
2024-10-08,2024-10-08,FO,NSE,IDO,42931,,NIFTY,,2024-11-28,2024-11-28,23750.00,CE,NIFTY24NOV23750CE,0.00,0.00,0.00,2029.00,0.00,2029.00,25013.15,1558.75,0,0,0,0.00,0,F1,25,,,,,
2024-10-08,2024-10-08,FO,NSE,IDO,58644,,NIFTY,,2026-12-31,2026-12-31,20000.00,CE,NIFTY26DEC20000CE,0.00,0.00,0.00,3704.30,0.00,3704.30,25013.15,7867.40,0,0,0,0.00,0,F1,25,,,,,
2024-10-08,2024-10-08,FO,NSE,IDO,38378,,NIFTY,,2026-06-25,2026-06-25,20000.00,CE,NIFTY26JUN20000CE,0.00,0.00,0.00,3829.50,0.00,3829.50,25013.15,7241.25,0,0,0,0.00,0,F1,25,,,,,
2024-10-08,2024-10-08,FO,NSE,IDO,71552,,NIFTY,,2027-06-24,2027-06-24,20000.00,PE,NIFTY27JUN20000PE,0.00,0.00,0.00,3034.20,0.00,3034.20,25013.15,68.50,0,0,0,0.00,0,F1,25,,,,,
2024-10-08,2024-10-08,FO,NSE,IDO,54772,,NIFTY,,2024-10-31,2024-10-31,24950.00,CE,NIFTY24OCT24950CE,369.05,486.45,357.85,442.40,450.60,383.95,25013.15,442.40,48575,1050,6284,3986075340.00,2998,F1,25,,,,,
2024-10-08,2024-10-08,FO,NSE,IDO,48271,,NIFTY,,2024-10-17,2024-10-17,24950.00,PE,NIFTY24O1724950PE,275.00,309.70,158.40,185.20,179.75,273.35,25013.15,185.20,81775,25100,29187,18360406846.25,8256,F1,25,,,,,
2024-10-08,2024-10-08,FO,NSE,IDO,47960,,NIFTY,,2024-11-28,2024-11-28,25250.00,CE,NIFTY24NOV25250CE,472.70,577.50,472.70,554.30,577.50,472.70,25013.15,554.30,4575,175,79,50911052.50,33,F1,25,,,,,
2024-10-08,2024-10-08,FO,NSE,IDO,48658,,NIFTY,,2024-12-26,2024-12-26,25250.00,PE,NIFTY24DEC25250PE,599.60,673.80,571.55,593.10,593.10,534.75,25013.15,577.85,3000,0,21,13575196.25,11,F1,25,,,,,
2024-10-08,2024-10-08,FO,NSE,IDO,54768,,NIFTY,,2024-10-31,2024-10-31,24850.00,CE,NIFTY24OCT24850CE,460.00,555.30,414.90,509.60,518.15,443.65,25013.15,509.60,24175,4100,4602,2913215351.25,1979,F1,25,,,,,
2024-10-08,2024-10-08,FO,NSE,IDO,54846,,NIFTY,,2024-12-26,2024-12-26,25700.00,PE,NIFTY24DEC25700PE,800.00,800.00,763.00,763.00,763.00,800.00,25013.15,763.00,2775,-50,17,11258523.75,9,F1,25,,,,,
2024-10-08,2024-10-08,FO,NSE,IDO,50460,,NIFTY,,2024-11-07,2024-11-07,25700.00,PE,NIFTY24N0725700PE,0.00,0.00,0.00,657.60,0.00,657.60,25013.15,729.95,0,0,0,0.00,0,F1,25,,,,,
2024-10-08,2024-10-08,FO,NSE,IDO,49083,,NIFTY,,2024-10-10,2024-10-10,25700.00,CE,NIFTY24O1025700CE,8.60,9.35,3.60,4.40,4.55,8.20,25013.15,4.40,4548950,-121575,1342912,862998676562.50,171206,F1,25,,,,,
2024-10-08,2024-10-08,FO,NSE,IDO,48077,,NIFTY,,2024-11-28,2024-11-28,25700.00,PE,NIFTY24NOV25700PE,849.40,863.10,693.05,737.45,722.35,819.90,25013.15,737.45,41800,-6250,984,650740370.00,456,F1,25,,,,,
2024-10-08,2024-10-08,FO,NSE,IDO,44275,,NIFTY,,2024-10-24,2024-10-24,25700.00,CE,NIFTY24O2425700CE,60.80,83.65,55.40,72.25,74.05,63.85,25013.15,72.25,38400,5175,2741,1765887902.50,1539,F1,25,,,,,
2024-10-08,2024-10-08,FO,NSE,IDO,48463,,NIFTY,,2024-10-17,2024-10-17,25700.00,PE,NIFTY24O1725700PE,803.90,852.30,620.70,671.65,665.70,814.80,25013.15,671.65,43950,5175,422,278697292.50,144,F1,25,,,,,
2024-10-08,2024-10-08,FO,NSE,IDO,48462,,NIFTY,,2024-10-17,2024-10-17,25700.00,CE,NIFTY24O1725700CE,33.00,38.85,25.05,32.20,34.85,33.00,25013.15,32.20,263800,60600,48892,31451754521.25,16698,F1,25,,,,,
2024-10-08,2024-10-08,FO,NSE,IDO,48461,,NIFTY,,2024-10-17,2024-10-17,25650.00,PE,NIFTY24O1725650PE,767.30,800.80,606.30,634.65,620.20,765.30,25013.15,634.65,16750,4275,1655,1088876596.25,340,F1,25,,,,,
2024-10-08,2024-10-08,FO,NSE,IDO,49082,,NIFTY,,2024-10-10,2024-10-10,25650.00,PE,NIFTY24O1025650PE,806.80,857.00,610.00,660.05,650.95,816.10,25013.15,660.05,125900,-4675,683,449906390.00,289,F1,25,,,,,
2024-10-08,2024-10-08,FO,NSE,IDO,62887,,NIFTY,,2024-10-31,2024-10-31,25650.00,CE,NIFTY24OCT25650CE,99.95,135.90,90.15,120.50,125.85,98.20,25013.15,120.50,64025,8075,4543,2925902182.50,1716,F1,25,,,,,
2024-10-08,2024-10-08,FO,NSE,IDO,44273,,NIFTY,,2024-10-24,2024-10-24,25650.00,PE,NIFTY24O2425650PE,826.20,826.20,755.00,755.00,755.00,733.00,25013.15,654.55,775,0,3,1983935.00,2,F1,25,,,,,
2024-10-08,2024-10-08,FO,NSE,IDO,48896,,NIFTY,,2024-10-31,2024-10-31,22350.00,PE,NIFTY24OCT22350PE,21.45,24.55,13.10,14.80,13.10,21.20,25013.15,14.80,11900,-4225,597,333819503.75,232,F1,25,,,,,
2024-10-08,2024-10-08,FO,NSE,IDO,48894,,NIFTY,,2024-10-31,2024-10-31,22350.00,CE,NIFTY24OCT22350CE,0.00,0.00,0.00,4045.40,4045.40,4045.40,25013.15,2758.10,3775,0,0,0.00,0,F1,25,,,,,
2024-10-08,2024-10-08,FO,NSE,IDO,62389,,NIFTY,,2024-12-26,2024-12-26,26150.00,CE,NIFTY24DEC26150CE,293.30,293.30,264.00,264.00,264.00,345.90,25013.15,341.85,25,-25,2,1321432.50,2,F1,25,,,,,
2024-10-08,2024-10-08,FO,NSE,IDO,48322,,NIFTY,,2024-10-17,2024-10-17,25150.00,CE,NIFTY24O1725150CE,150.00,205.90,126.40,176.30,187.05,144.15,25013.15,176.30,74650,23300,20998,13290502750.00,7235,F1,25,,,,,
2024-10-08,2024-10-08,FO,NSE,IDO,48531,,NIFTY,,2024-10-10,2024-10-10,25150.00,PE,NIFTY24O1025150PE,369.15,414.05,181.00,233.45,218.75,365.25,25013.15,233.45,349725,75100,136281,86569118970.00,55176,F1,25,,,,,
2024-10-08,2024-10-08,FO,NSE,IDO,50433,,NIFTY,,2024-11-07,2024-11-07,25150.00,CE,NIFTY24N0725150CE,0.00,0.00,0.00,443.85,443.85,443.85,25013.15,396.85,525,0,0,0.00,0,F1,25,,,,,
2024-10-08,2024-10-08,FO,NSE,IDO,48697,,NIFTY,,2024-10-17,2024-10-17,27450.00,CE,NIFTY24O1727450CE,4.40,4.40,3.15,3.15,3.15,3.65,25013.15,3.15,7300,750,255,175017181.25,62,F1,25,,,,,
2024-10-08,2024-10-08,FO,NSE,IDO,62973,,NIFTY,,2024-10-31,2024-10-31,27450.00,CE,NIFTY24OCT27450CE,9.50,9.50,7.85,7.85,7.85,9.40,25013.15,7.85,125,0,3,2059388.75,3,F1,25,,,,,
2024-10-08,2024-10-08,FO,NSE,IDO,62940,,NIFTY,,2024-10-31,2024-10-31,26750.00,PE,NIFTY24OCT26750PE,0.00,0.00,0.00,1727.75,1731.55,1727.75,25013.15,1635.75,11125,0,0,0.00,0,F1,25,,,,,
2024-10-08,2024-10-08,FO,NSE,IDO,44665,,NIFTY,,2024-10-24,2024-10-24,26750.00,CE,NIFTY24O2426750CE,0.00,0.00,0.00,16.95,16.95,16.95,25013.15,3.50,50,0,0,0.00,0,F1,25,,,,,
2024-10-08,2024-10-08,FO,NSE,IDO,48568,,NIFTY,,2024-10-17,2024-10-17,26750.00,PE,NIFTY24O1726750PE,0.00,0.00,0.00,1309.30,0.00,1309.30,25013.15,1692.55,0,0,0,0.00,0,F1,25,,,,,
2024-10-08,2024-10-08,FO,NSE,IDO,43525,,NIFTY,,2024-10-24,2024-10-24,23600.00,PE,NIFTY24O2423600PE,25.10,27.90,25.10,27.90,27.90,53.10,25013.15,4.40,825,0,2,1181325.00,2,F1,25,,,,,
2024-10-08,2024-10-08,FO,NSE,IDO,48915,,NIFTY,,2024-10-31,2024-10-31,22800.00,PE,NIFTY24OCT22800PE,29.55,33.55,19.45,20.40,20.35,30.20,25013.15,20.40,223550,-15475,12035,6867375265.00,4165,F1,25,,,,,
2024-10-08,2024-10-08,FO,NSE,IDO,43384,,NIFTY,,2024-12-26,2024-12-26,14000.00,PE,NIFTY24DEC14000PE,15.20,15.90,14.20,15.20,15.00,15.85,25013.15,15.20,515400,-475,259,90746558.75,37,F1,25,,,,,
2024-10-08,2024-10-08,FO,NSE,IDO,48574,,NIFTY,,2024-10-17,2024-10-17,26900.00,CE,NIFTY24O1726900CE,6.00,6.00,3.75,4.00,3.75,5.50,25013.15,4.00,31925,-10550,1030,692788706.25,227,F1,25,,,,,
2024-10-08,2024-10-08,FO,NSE,IDO,41652,,NIFTY,,2024-12-26,2024-12-26,23450.00,CE,NIFTY24DEC23450CE,0.00,0.00,0.00,3236.50,0.00,3236.50,25013.15,1984.90,0,0,0,0.00,0,F1,25,,,,,
2024-10-08,2024-10-08,FO,NSE,IDO,48174,,NIFTY,,2024-11-28,2024-11-28,26900.00,PE,NIFTY24NOV26900PE,1725.00,1740.00,1720.00,1740.00,1740.00,1680.00,25013.15,1705.60,4750,-25,21,15026125.00,3,F1,25,,,,,
2024-10-08,2024-10-08,FO,NSE,IDO,64146,,NIFTY,,2024-12-26,2024-12-26,26900.00,CE,NIFTY24DEC26900CE,0.00,0.00,0.00,758.95,0.00,758.95,25013.15,165.50,0,0,0,0.00,0,F1,25,,,,,
2024-10-08,2024-10-08,FO,NSE,IDO,62948,,NIFTY,,2024-10-31,2024-10-31,26900.00,PE,NIFTY24OCT26900PE,1919.95,1919.95,1666.35,1666.35,1666.35,1900.00,25013.15,1666.35,17075,200,17,12197487.50,4,F1,25,,,,,
2024-10-08,2024-10-08,FO,NSE,IDO,50464,,NIFTY,,2024-11-07,2024-11-07,25750.00,PE,NIFTY24N0725750PE,0.00,0.00,0.00,687.45,0.00,687.45,25013.15,765.85,0,0,0,0.00,0,F1,25,,,,,
2024-10-08,2024-10-08,FO,NSE,IDO,49086,,NIFTY,,2024-10-10,2024-10-10,25750.00,PE,NIFTY24O1025750PE,900.00,966.50,700.00,766.35,754.10,905.80,25013.15,766.35,74425,-13075,877,582891921.25,307,F1,25,,,,,
2024-10-08,2024-10-08,FO,NSE,IDO,54848,,NIFTY,,2024-12-26,2024-12-26,25750.00,CE,NIFTY24DEC25750CE,0.00,0.00,0.00,557.35,557.35,557.35,25013.15,481.25,175,0,0,0.00,0,F1,25,,,,,
2024-10-08,2024-10-08,FO,NSE,IDO,45095,,NIFTY,,2024-10-24,2024-10-24,27950.00,CE,NIFTY24O2427950CE,5.00,8.00,4.20,4.60,4.20,5.90,25013.15,4.60,5125,75,45,31449852.50,28,F1,25,,,,,
2024-10-08,2024-10-08,FO,NSE,IDO,62998,,NIFTY,,2024-10-31,2024-10-31,27950.00,PE,NIFTY24OCT27950PE,0.00,0.00,0.00,2690.00,2690.00,2690.00,25013.15,2818.50,25,0,0,0.00,0,F1,25,,,,,
2024-10-08,2024-10-08,FO,NSE,IDO,62997,,NIFTY,,2024-10-31,2024-10-31,27950.00,CE,NIFTY24OCT27950CE,6.50,7.85,6.10,7.10,6.70,7.35,25013.15,7.10,60225,7475,925,646504075.00,188,F1,25,,,,,
2024-10-08,2024-10-08,FO,NSE,IDO,48277,,NIFTY,,2024-11-28,2024-11-28,27950.00,PE,NIFTY24NOV27950PE,0.00,0.00,0.00,2461.15,0.00,2461.15,25013.15,2687.20,0,0,0,0.00,0,F1,25,,,,,
2024-10-08,2024-10-08,FO,NSE,IDO,48861,,NIFTY,,2024-10-17,2024-10-17,27950.00,PE,NIFTY24O1727950PE,0.00,0.00,0.00,2387.90,0.00,2387.90,25013.15,2890.35,0,0,0,0.00,0,F1,25,,,,,
2024-10-08,2024-10-08,FO,NSE,IDO,67789,,NIFTY,,2028-12-28,2028-12-28,27000.00,PE,NIFTY28DEC27000PE,0.00,0.00,0.00,1413.85,0.00,1413.85,25013.15,858.80,0,0,0,0.00,0,F1,25,,,,,
2024-10-08,2024-10-08,FO,NSE,IDO,50559,,NIFTY,,2024-11-07,2024-11-07,27000.00,CE,NIFTY24N0727000CE,28.00,28.00,17.05,19.10,22.00,26.05,25013.15,19.10,14500,3950,860,580922295.00,195,F1,25,,,,,
2024-10-08,2024-10-08,FO,NSE,IDO,42962,,NIFTY,,2024-11-28,2024-11-28,24150.00,PE,NIFTY24NOV24150PE,178.00,199.05,170.95,170.95,170.95,114.80,25013.15,136.25,525,150,9,5475346.25,6,F1,25,,,,,
2024-10-08,2024-10-08,FO,NSE,IDO,62862,,NIFTY,,2024-10-31,2024-10-31,25300.00,PE,NIFTY24OCT25300PE,509.95,552.00,372.70,416.40,401.15,512.00,25013.15,416.40,1000975,-76150,22192,14280761771.25,7623,F1,25,,,,,
2024-10-08,2024-10-08,FO,NSE,IDO,48380,,NIFTY,,2024-10-17,2024-10-17,25300.00,PE,NIFTY24O1725300PE,504.95,529.00,315.00,365.85,353.55,488.40,25013.15,365.85,132100,5000,6489,4169941847.50,2218,F1,25,,,,,
2024-10-08,2024-10-08,FO,NSE,IDO,50515,,NIFTY,,2024-11-07,2024-11-07,26400.00,PE,NIFTY24N0726400PE,0.00,0.00,0.00,1138.15,0.00,1138.15,25013.15,1295.40,0,0,0,0.00,0,F1,25,,,,,
2024-10-08,2024-10-08,FO,NSE,IDO,50514,,NIFTY,,2024-11-07,2024-11-07,26400.00,CE,NIFTY24N0726400CE,0.00,0.00,0.00,172.15,0.00,172.15,25013.15,54.65,0,0,0,0.00,0,F1,25,,,,,
2024-10-08,2024-10-08,FO,NSE,IDO,48114,,NIFTY,,2024-11-28,2024-11-28,26400.00,CE,NIFTY24NOV26400CE,96.00,132.80,95.30,122.95,120.25,98.70,25013.15,122.95,40050,1225,1178,780801596.25,442,F1,25,,,,,
2024-10-08,2024-10-08,FO,NSE,IDO,50177,,NIFTY,,2024-10-10,2024-10-10,26400.00,PE,NIFTY24O1026400PE,1475.00,1525.00,1361.00,1439.45,1398.00,1564.30,25013.15,1439.45,60350,-450,47,32726503.75,34,F1,25,,,,,
2024-10-08,2024-10-08,FO,NSE,IDO,50176,,NIFTY,,2024-10-10,2024-10-10,26400.00,CE,NIFTY24O1026400CE,2.35,2.40,1.20,1.50,1.20,2.75,25013.15,1.50,2265875,-596975,330797,218341566762.50,53898,F1,25,,,,,
2024-10-08,2024-10-08,FO,NSE,IDO,48206,,NIFTY,,2024-11-28,2024-11-28,27250.00,CE,NIFTY24NOV27250CE,31.15,31.15,31.15,31.15,31.15,285.80,25013.15,41.75,25,25,1,682028.75,1,F1,25,,,,,
2024-10-08,2024-10-08,FO,NSE,IDO,48207,,NIFTY,,2024-11-28,2024-11-28,27250.00,PE,NIFTY24NOV27250PE,0.00,0.00,0.00,1893.75,0.00,1893.75,25013.15,2022.80,0,0,0,0.00,0,F1,25,,,,,
2024-10-08,2024-10-08,FO,NSE,IDO,44880,,NIFTY,,2024-10-24,2024-10-24,27250.00,PE,NIFTY24O2427250PE,0.00,0.00,0.00,1713.50,0.00,1713.50,25013.15,2156.80,0,0,0,0.00,0,F1,25,,,,,
2024-10-08,2024-10-08,FO,NSE,IDO,48666,,NIFTY,,2024-10-17,2024-10-17,27250.00,PE,NIFTY24O1727250PE,0.00,0.00,0.00,1737.80,0.00,1737.80,25013.15,2191.55,0,0,0,0.00,0,F1,25,,,,,
2024-10-08,2024-10-08,FO,NSE,IDO,62963,,NIFTY,,2024-10-31,2024-10-31,27250.00,CE,NIFTY24OCT27250CE,9.95,11.55,6.95,8.20,8.80,10.00,25013.15,8.20,2700,-300,85,57925662.50,20,F1,25,,,,,
2024-10-08,2024-10-08,FO,NSE,IDO,45607,,NIFTY,,2024-11-28,2024-11-28,24350.00,PE,NIFTY24NOV24350PE,250.00,250.00,225.80,233.15,233.15,213.00,25013.15,233.15,825,725,29,17821370.00,13,F1,25,,,,,
2024-10-08,2024-10-08,FO,NSE,IDO,43710,,NIFTY,,2024-10-24,2024-10-24,24350.00,PE,NIFTY24O2424350PE,130.00,130.00,78.00,87.20,84.45,116.90,25013.15,87.20,2150,100,46,28106795.00,23,F1,25,,,,,
2024-10-08,2024-10-08,FO,NSE,IDO,50391,,NIFTY,,2024-11-07,2024-11-07,24350.00,PE,NIFTY24N0724350PE,177.10,177.10,177.10,177.10,177.10,135.35,25013.15,113.75,25,25,1,613177.50,1,F1,25,,,,,
2024-10-08,2024-10-08,FO,NSE,IDO,43700,,NIFTY,,2024-10-24,2024-10-24,24350.00,CE,NIFTY24O2424350CE,0.00,0.00,0.00,1344.05,0.00,1344.05,25013.15,791.25,0,0,0,0.00,0,F1,25,,,,,
2024-10-08,2024-10-08,FO,NSE,IDO,50390,,NIFTY,,2024-11-07,2024-11-07,24350.00,CE,NIFTY24N0724350CE,0.00,0.00,0.00,1205.10,0.00,1205.10,25013.15,911.65,0,0,0,0.00,0,F1,25,,,,,
2024-10-08,2024-10-08,FO,NSE,IDO,48072,,NIFTY,,2024-10-17,2024-10-17,24350.00,CE,NIFTY24O1724350CE,634.05,763.30,634.05,753.35,753.35,653.25,25013.15,753.35,2650,25,13,8142988.75,8,F1,25,,,,,
2024-10-08,2024-10-08,FO,NSE,IDO,49016,,NIFTY,,2024-10-31,2024-10-31,24350.00,CE,NIFTY24OCT24350CE,0.00,0.00,0.00,810.10,810.10,810.10,25013.15,852.95,825,0,0,0.00,0,F1,25,,,,,
2024-10-08,2024-10-08,FO,NSE,IDO,48112,,NIFTY,,2024-10-17,2024-10-17,24350.00,PE,NIFTY24O1724350PE,100.00,112.60,49.40,56.00,55.40,94.25,25013.15,56.00,29625,6175,14819,9049634815.00,3711,F1,25,,,,,
2024-10-08,2024-10-08,FO,NSE,IDO,47128,,NIFTY,,2024-10-10,2024-10-10,24350.00,CE,NIFTY24O1024350CE,540.00,705.90,485.90,648.15,664.65,544.45,25013.15,648.15,16975,-1975,3500,2180102801.25,1052,F1,25,,,,,
2024-10-08,2024-10-08,FO,NSE,IDO,42900,,NIFTY,,2024-11-28,2024-11-28,23100.00,PE,NIFTY24NOV23100PE,84.50,93.00,65.75,69.70,72.80,85.15,25013.15,69.70,165925,23800,6080,3522796652.50,2691,F1,25,,,,,
2024-10-08,2024-10-08,FO,NSE,IDO,43376,,NIFTY,,2024-10-24,2024-10-24,23100.00,CE,NIFTY24O2423100CE,0.00,0.00,0.00,2486.80,0.00,2486.80,25013.15,1981.85,0,0,0,0.00,0,F1,25,,,,,
2024-10-08,2024-10-08,FO,NSE,IDO,50179,,NIFTY,,2024-10-10,2024-10-10,26450.00,PE,NIFTY24O1026450PE,1593.25,1639.90,1506.50,1511.90,1511.90,1683.70,25013.15,1427.05,5250,-150,9,6301540.00,9,F1,25,,,,,
2024-10-08,2024-10-08,FO,NSE,IDO,50178,,NIFTY,,2024-10-10,2024-10-10,26450.00,CE,NIFTY24O1026450CE,1.35,2.40,1.15,1.50,1.60,2.65,25013.15,1.50,618725,-29950,101742,67281616620.00,25256,F1,25,,,,,
2024-10-08,2024-10-08,FO,NSE,IDO,50517,,NIFTY,,2024-11-07,2024-11-07,26450.00,PE,NIFTY24N0726450PE,0.00,0.00,0.00,1177.10,0.00,1177.10,25013.15,1340.00,0,0,0,0.00,0,F1,25,,,,,
2024-10-08,2024-10-08,FO,NSE,IDO,44645,,NIFTY,,2024-10-24,2024-10-24,26450.00,CE,NIFTY24O2426450CE,16.65,17.00,12.70,15.35,15.35,18.50,25013.15,9.95,1200,-325,18,11909750.00,7,F1,25,,,,,
2024-10-08,2024-10-08,FO,NSE,IDO,62919,,NIFTY,,2024-10-31,2024-10-31,26450.00,CE,NIFTY24OCT26450CE,23.65,24.55,19.35,21.50,22.95,23.65,25013.15,21.50,59825,1250,2322,1536660017.50,892,F1,25,,,,,
2024-10-08,2024-10-08,FO,NSE,IDO,44647,,NIFTY,,2024-10-24,2024-10-24,26450.00,PE,NIFTY24O2426450PE,0.00,0.00,0.00,1374.40,1374.40,1374.40,25013.15,1368.65,0,0,0,0.00,0,F1,25,,,,,
2024-10-08,2024-10-08,FO,NSE,IDO,50429,,NIFTY,,2024-11-07,2024-11-07,25050.00,PE,NIFTY24N0725050PE,350.00,350.00,302.25,339.75,339.75,350.00,25013.15,339.75,350,-100,8,5076100.00,7,F1,25,,,,,
2024-10-08,2024-10-08,FO,NSE,IDO,44074,,NIFTY,,2024-10-24,2024-10-24,25050.00,PE,NIFTY24O2425050PE,388.40,400.00,245.60,274.85,260.25,361.30,25013.15,274.85,6400,4900,439,277972631.25,109,F1,25,,,,,
2024-10-08,2024-10-08,FO,NSE,IDO,48684,,NIFTY,,2024-10-17,2024-10-17,27400.00,CE,NIFTY24O1727400CE,4.90,5.50,2.80,3.80,3.10,4.55,25013.15,3.80,8875,-1275,1395,955701017.50,181,F1,25,,,,,
2024-10-08,2024-10-08,FO,NSE,IDO,54773,,NIFTY,,2024-10-31,2024-10-31,24950.00,PE,NIFTY24OCT24950PE,350.00,368.90,231.35,259.80,272.45,334.30,25013.15,259.80,72350,16475,7463,4708414126.25,3236,F1,25,,,,,
2024-10-08,2024-10-08,FO,NSE,IDO,38380,,NIFTY,,2026-06-25,2026-06-25,20000.00,PE,NIFTY26JUN20000PE,0.00,0.00,0.00,3159.75,0.00,3159.75,25013.15,45.05,0,0,0,0.00,0,F1,25,,,,,
2024-10-08,2024-10-08,FO,NSE,IDO,53607,,NIFTY,,2027-12-30,2027-12-30,20000.00,CE,NIFTY27DEC20000CE,0.00,0.00,0.00,5333.85,0.00,5333.85,25013.15,9003.25,0,0,0,0.00,0,F1,25,,,,,
2024-10-08,2024-10-08,FO,NSE,IDO,38312,,NIFTY,,2024-12-26,2024-12-26,20000.00,CE,NIFTY24DEC20000CE,5120.00,5354.30,5120.00,5306.85,5306.20,5135.40,25013.15,5306.85,323175,-13050,1072,677828448.75,1051,F1,25,,,,,
2024-10-08,2024-10-08,FO,NSE,IDO,89616,,NIFTY,,2029-06-28,2029-06-28,20000.00,CE,NIFTY29JUN20000CE,0.00,0.00,0.00,10410.00,0.00,10410.00,25013.15,10553.30,0,0,0,0.00,0,F1,25,,,,,
2024-10-08,2024-10-08,FO,NSE,IDO,50437,,NIFTY,,2024-11-07,2024-11-07,25250.00,CE,NIFTY24N0725250CE,0.00,0.00,0.00,599.25,0.00,599.25,25013.15,349.80,0,0,0,0.00,0,F1,25,,,,,
2024-10-08,2024-10-08,FO,NSE,IDO,48012,,NIFTY,,2024-10-17,2024-10-17,24000.00,PE,NIFTY24O1724000PE,52.00,63.90,27.15,30.50,31.15,51.55,25013.15,30.50,860375,368625,108839,65415288502.50,28126,F1,25,,,,,
2024-10-08,2024-10-08,FO,NSE,IDO,86147,,NIFTY,,2028-06-29,2028-06-29,22000.00,CE,NIFTY28JUN22000CE,0.00,0.00,0.00,4759.50,0.00,4759.50,25013.15,8096.80,0,0,0,0.00,0,F1,25,,,,,
2024-10-08,2024-10-08,FO,NSE,IDO,47111,,NIFTY,,2024-10-10,2024-10-10,24000.00,CE,NIFTY24O1024000CE,860.05,1060.00,800.00,987.40,1004.55,858.70,25013.15,987.40,66650,-16250,13218,8229631165.00,4512,F1,25,,,,,
2024-10-08,2024-10-08,FO,NSE,IDO,50296,,NIFTY,,2024-10-10,2024-10-10,27500.00,CE,NIFTY24O1027500CE,1.20,2.15,1.10,1.30,1.30,2.50,25013.15,1.30,2981300,-820350,307720,211569741277.50,26818,F1,25,,,,,
2024-10-08,2024-10-08,FO,NSE,IDO,48222,,NIFTY,,2024-11-28,2024-11-28,27500.00,PE,NIFTY24NOV27500PE,2360.00,2360.00,2180.00,2206.00,2191.00,2360.50,25013.15,2206.00,11225,75,24,17855678.75,19,F1,25,,,,,
2024-10-08,2024-10-08,FO,NSE,IDO,44996,,NIFTY,,2024-10-24,2024-10-24,27500.00,PE,NIFTY24O2427500PE,0.00,0.00,0.00,1939.75,0.00,1939.75,25013.15,2405.75,0,0,0,0.00,0,F1,25,,,,,
2024-10-08,2024-10-08,FO,NSE,IDO,64189,,NIFTY,,2024-12-26,2024-12-26,27500.00,PE,NIFTY24DEC27500PE,2100.00,2100.00,2040.00,2040.00,2040.00,2210.00,25013.15,2173.50,2075,0,3,2217250.00,3,F1,25,,,,,
2024-10-08,2024-10-08,FO,NSE,IDO,48738,,NIFTY,,2024-10-17,2024-10-17,27500.00,PE,NIFTY24O1727500PE,0.00,0.00,0.00,1964.85,0.00,1964.85,25013.15,2441.10,0,0,0,0.00,0,F1,25,,,,,
2024-10-08,2024-10-08,FO,NSE,IDO,43374,,NIFTY,,2024-10-24,2024-10-24,23050.00,CE,NIFTY24O2423050CE,0.00,0.00,0.00,2535.35,0.00,2535.35,25013.15,2031.60,0,0,0,0.00,0,F1,25,,,,,
2024-10-08,2024-10-08,FO,NSE,IDO,43375,,NIFTY,,2024-10-24,2024-10-24,23050.00,PE,NIFTY24O2423050PE,0.00,0.00,0.00,8.75,0.00,8.75,25013.15,0.35,0,0,0,0.00,0,F1,25,,,,,
2024-10-08,2024-10-08,FO,NSE,IDO,50308,,NIFTY,,2024-11-07,2024-11-07,23050.00,CE,NIFTY24N0723050CE,0.00,0.00,0.00,2372.65,0.00,2372.65,25013.15,2095.30,0,0,0,0.00,0,F1,25,,,,,
2024-10-08,2024-10-08,FO,NSE,IDO,42784,,NIFTY,,2024-10-17,2024-10-17,23050.00,PE,NIFTY24O1723050PE,15.00,18.30,6.05,6.80,6.05,9.30,25013.15,6.80,267275,267275,20226,11659827327.50,4221,F1,25,,,,,
2024-10-08,2024-10-08,FO,NSE,IDO,50175,,NIFTY,,2024-10-10,2024-10-10,26350.00,PE,NIFTY24O1026350PE,1371.00,1449.90,1304.00,1408.30,1411.00,1508.10,25013.15,1408.30,7150,-850,55,38163201.25,33,F1,25,,,,,
2024-10-08,2024-10-08,FO,NSE,IDO,48514,,NIFTY,,2024-10-17,2024-10-17,26350.00,CE,NIFTY24O1726350CE,10.70,11.10,6.05,7.45,8.45,10.70,25013.15,7.45,24675,1400,4265,2810490808.75,1077,F1,25,,,,,
2024-10-08,2024-10-08,FO,NSE,IDO,50409,,NIFTY,,2024-11-07,2024-11-07,24650.00,PE,NIFTY24N0724650PE,242.55,242.55,242.55,242.55,242.55,305.00,25013.15,191.65,50,-100,4,2489255.00,1,F1,25,,,,,
2024-10-08,2024-10-08,FO,NSE,IDO,46475,,NIFTY,,2024-11-28,2024-11-28,24650.00,PE,NIFTY24NOV24650PE,0.00,0.00,0.00,383.15,383.15,383.15,25013.15,266.75,50,0,0,0.00,0,F1,25,,,,,
2024-10-08,2024-10-08,FO,NSE,IDO,43836,,NIFTY,,2024-10-24,2024-10-24,24650.00,PE,NIFTY24O2424650PE,203.90,223.85,125.75,144.35,135.15,203.90,25013.15,144.35,2575,350,192,119152375.00,88,F1,25,,,,,
2024-10-08,2024-10-08,FO,NSE,IDO,48202,,NIFTY,,2024-10-17,2024-10-17,24650.00,PE,NIFTY24O1724650PE,161.60,188.90,87.25,101.60,100.00,161.60,25013.15,101.60,113925,60150,19004,11776613416.25,5164,F1,25,,,,,
2024-10-08,2024-10-08,FO,NSE,IDO,47142,,NIFTY,,2024-10-10,2024-10-10,24650.00,CE,NIFTY24O1024650CE,306.00,437.00,259.15,370.60,390.10,294.40,25013.15,370.60,152775,70550,63114,39403962405.00,25241,F1,25,,,,,
2024-10-08,2024-10-08,FO,NSE,IDO,48516,,NIFTY,,2024-10-10,2024-10-10,25100.00,CE,NIFTY24O1025100CE,80.00,111.85,48.00,77.95,87.00,71.65,25013.15,77.95,3818675,712675,3415700,2150184533477.50,933341,F1,25,,,,,
2024-10-08,2024-10-08,FO,NSE,IDO,43511,,NIFTY,,2024-12-26,2024-12-26,25100.00,CE,NIFTY24DEC25100CE,744.00,879.90,688.50,854.35,854.35,791.90,25013.15,854.35,625,300,59,38220532.50,37,F1,25,,,,,
2024-10-08,2024-10-08,FO,NSE,IDO,47807,,NIFTY,,2024-11-28,2024-11-28,25100.00,CE,NIFTY24NOV25100CE,556.30,665.80,537.75,629.80,646.80,551.30,25013.15,629.80,34075,4675,1543,991928682.50,930,F1,25,,,,,
2024-10-08,2024-10-08,FO,NSE,IDO,44075,,NIFTY,,2024-10-24,2024-10-24,25100.00,CE,NIFTY24O2425100CE,233.00,317.00,216.80,282.50,291.90,235.95,25013.15,282.50,27800,5875,1814,1150663721.25,730,F1,25,,,,,
2024-10-08,2024-10-08,FO,NSE,IDO,48528,,NIFTY,,2024-10-10,2024-10-10,25100.00,PE,NIFTY24O1025100PE,323.15,374.70,153.00,203.50,184.55,328.30,25013.15,203.50,1210750,190175,636340,402850442118.75,221283,F1,25,,,,,
2024-10-08,2024-10-08,FO,NSE,IDO,43494,,NIFTY,,2024-10-17,2024-10-17,23600.00,PE,NIFTY24O1723600PE,28.50,34.20,14.85,15.85,22.45,28.05,25013.15,15.85,113300,14425,24630,14546236452.50,9406,F1,25,,,,,
2024-10-08,2024-10-08,FO,NSE,IDO,41672,,NIFTY,,2024-12-26,2024-12-26,23600.00,CE,NIFTY24DEC23600CE,0.00,0.00,0.00,3098.85,0.00,3098.85,25013.15,1855.65,0,0,0,0.00,0,F1,25,,,,,
2024-10-08,2024-10-08,FO,NSE,IDO,44436,,NIFTY,,2024-10-24,2024-10-24,25850.00,CE,NIFTY24O2425850CE,40.95,54.95,40.95,49.00,49.00,45.50,25013.15,57.40,6875,475,58,37549957.50,20,F1,25,,,,,
2024-10-08,2024-10-08,FO,NSE,IDO,50476,,NIFTY,,2024-11-07,2024-11-07,25850.00,CE,NIFTY24N0725850CE,0.00,0.00,0.00,329.50,0.00,329.50,25013.15,146.15,0,0,0,0.00,0,F1,25,,,,,
2024-10-08,2024-10-08,FO,NSE,IDO,54844,,NIFTY,,2024-12-26,2024-12-26,25700.00,CE,NIFTY24DEC25700CE,436.70,515.05,436.70,502.80,515.05,436.70,25013.15,502.80,4500,-200,32,20955481.25,16,F1,25,,,,,
2024-10-08,2024-10-08,FO,NSE,IDO,44276,,NIFTY,,2024-10-24,2024-10-24,25700.00,PE,NIFTY24O2425700PE,795.30,826.90,645.00,662.90,662.90,856.30,25013.15,694.05,1825,-100,30,19830685.00,16,F1,25,,,,,
2024-10-08,2024-10-08,FO,NSE,IDO,62890,,NIFTY,,2024-10-31,2024-10-31,25700.00,PE,NIFTY24OCT25700PE,787.55,831.00,610.00,663.55,656.90,778.45,25013.15,663.55,829700,-29800,5761,3800444723.75,3112,F1,25,,,,,
2024-10-08,2024-10-08,FO,NSE,IDO,50459,,NIFTY,,2024-11-07,2024-11-07,25700.00,CE,NIFTY24N0725700CE,136.00,136.00,134.35,134.35,134.35,136.00,25013.15,185.30,10125,250,10,6458628.75,4,F1,25,,,,,
2024-10-08,2024-10-08,FO,NSE,IDO,47067,,NIFTY,,2024-10-10,2024-10-10,23050.00,PE,NIFTY24O1023050PE,2.55,3.00,0.70,0.85,1.00,15.80,25013.15,0.85,1473200,1473200,446774,257471323056.25,49865,F1,25,,,,,
2024-10-08,2024-10-08,FO,NSE,IDO,47066,,NIFTY,,2024-10-10,2024-10-10,23050.00,CE,NIFTY24O1023050CE,0.00,0.00,0.00,2271.45,0.00,2271.45,25013.15,1971.65,0,0,0,0.00,0,F1,25,,,,,
2024-10-08,2024-10-08,FO,NSE,IDO,44642,,NIFTY,,2024-10-24,2024-10-24,26350.00,PE,NIFTY24O2426350PE,0.00,0.00,0.00,986.25,986.25,986.25,25013.15,1272.75,375,0,0,0.00,0,F1,25,,,,,
2024-10-08,2024-10-08,FO,NSE,IDO,42783,,NIFTY,,2024-10-17,2024-10-17,23050.00,CE,NIFTY24O1723050CE,0.00,0.00,0.00,2508.80,0.00,2508.80,25013.15,2001.50,0,0,0,0.00,0,F1,25,,,,,
2024-10-08,2024-10-08,FO,NSE,IDO,41618,,NIFTY,,2024-12-26,2024-12-26,23050.00,CE,NIFTY24DEC23050CE,0.00,0.00,0.00,3609.95,0.00,3609.95,25013.15,2342.70,0,0,0,0.00,0,F1,25,,,,,
2024-10-08,2024-10-08,FO,NSE,IDO,62401,,NIFTY,,2024-12-26,2024-12-26,26350.00,CE,NIFTY24DEC26350CE,0.00,0.00,0.00,1027.55,0.00,1027.55,25013.15,284.80,0,0,0,0.00,0,F1,25,,,,,
2024-10-08,2024-10-08,FO,NSE,IDO,44641,,NIFTY,,2024-10-24,2024-10-24,26350.00,CE,NIFTY24O2426350CE,9.85,9.85,9.85,9.85,9.85,26.05,25013.15,13.75,3075,-25,1,658996.25,1,F1,25,,,,,
2024-10-08,2024-10-08,FO,NSE,IDO,50408,,NIFTY,,2024-11-07,2024-11-07,24650.00,CE,NIFTY24N0724650CE,0.00,0.00,0.00,978.15,0.00,978.15,25013.15,691.15,0,0,0,0.00,0,F1,25,,,,,
2024-10-08,2024-10-08,FO,NSE,IDO,54761,,NIFTY,,2024-10-31,2024-10-31,24650.00,PE,NIFTY24OCT24650PE,226.85,252.00,153.25,168.70,165.50,226.85,25013.15,168.70,32150,-2000,1752,1088796967.50,591,F1,25,,,,,
2024-10-08,2024-10-08,FO,NSE,IDO,43753,,NIFTY,,2024-10-24,2024-10-24,24650.00,CE,NIFTY24O2424650CE,0.00,0.00,0.00,1106.30,0.00,1106.30,25013.15,555.70,0,0,0,0.00,0,F1,25,,,,,
2024-10-08,2024-10-08,FO,NSE,IDO,48298,,NIFTY,,2024-10-17,2024-10-17,25050.00,CE,NIFTY24O1725050CE,194.90,263.85,165.20,230.35,239.35,186.15,25013.15,230.35,102675,48325,36574,23103456827.50,11663,F1,25,,,,,
2024-10-08,2024-10-08,FO,NSE,IDO,48309,,NIFTY,,2024-10-17,2024-10-17,25050.00,PE,NIFTY24O1725050PE,316.90,365.00,185.00,225.10,216.35,322.80,25013.15,225.10,61050,32350,19226,12154931686.25,5993,F1,25,,,,,
2024-10-08,2024-10-08,FO,NSE,IDO,64181,,NIFTY,,2024-12-26,2024-12-26,27300.00,PE,NIFTY24DEC27300PE,0.00,0.00,0.00,1188.95,0.00,1188.95,25013.15,1998.30,0,0,0,0.00,0,F1,25,,,,,
2024-10-08,2024-10-08,FO,NSE,IDO,44883,,NIFTY,,2024-10-24,2024-10-24,27300.00,CE,NIFTY24O2427300CE,0.00,0.00,0.00,64.40,0.00,64.40,25013.15,0.40,0,0,0,0.00,0,F1,25,,,,,
2024-10-08,2024-10-08,FO,NSE,IDO,48208,,NIFTY,,2024-11-28,2024-11-28,27300.00,CE,NIFTY24NOV27300CE,32.70,35.35,30.05,32.70,32.00,32.70,25013.15,32.70,24000,1850,339,231643960.00,119,F1,25,,,,,
2024-10-08,2024-10-08,FO,NSE,IDO,64144,,NIFTY,,2024-12-26,2024-12-26,26850.00,CE,NIFTY24DEC26850CE,0.00,0.00,0.00,781.10,0.00,781.10,25013.15,174.30,0,0,0,0.00,0,F1,25,,,,,
2024-10-08,2024-10-08,FO,NSE,IDO,62943,,NIFTY,,2024-10-31,2024-10-31,26850.00,CE,NIFTY24OCT26850CE,14.00,14.25,10.85,12.30,12.50,14.25,25013.15,12.30,91775,-4400,644,432483217.50,103,F1,25,,,,,
2024-10-08,2024-10-08,FO,NSE,IDO,50541,,NIFTY,,2024-11-07,2024-11-07,26850.00,CE,NIFTY24N0726850CE,0.00,0.00,0.00,93.80,0.00,93.80,25013.15,21.30,0,0,0,0.00,0,F1,25,,,,,
2024-10-08,2024-10-08,FO,NSE,IDO,64145,,NIFTY,,2024-12-26,2024-12-26,26850.00,PE,NIFTY24DEC26850PE,0.00,0.00,0.00,930.80,0.00,930.80,25013.15,1621.70,0,0,0,0.00,0,F1,25,,,,,
2024-10-08,2024-10-08,FO,NSE,IDO,50234,,NIFTY,,2024-10-10,2024-10-10,26850.00,PE,NIFTY24O1026850PE,0.00,0.00,0.00,1740.15,1740.15,1740.15,25013.15,1826.90,50,0,0,0.00,0,F1,25,,,,,
2024-10-08,2024-10-08,FO,NSE,IDO,48169,,NIFTY,,2024-11-28,2024-11-28,26850.00,PE,NIFTY24NOV26850PE,0.00,0.00,0.00,730.55,730.55,730.55,25013.15,1661.50,75,0,0,0.00,0,F1,25,,,,,
2024-10-08,2024-10-08,FO,NSE,IDO,44725,,NIFTY,,2024-10-24,2024-10-24,26850.00,CE,NIFTY24O2426850CE,0.00,0.00,0.00,15.95,15.95,15.95,25013.15,2.40,4275,0,0,0.00,0,F1,25,,,,,
2024-10-08,2024-10-08,FO,NSE,IDO,48911,,NIFTY,,2024-10-31,2024-10-31,22700.00,PE,NIFTY24OCT22700PE,29.15,31.25,17.60,18.70,19.30,29.20,25013.15,18.70,136475,-33500,7713,4381509803.75,3002,F1,25,,,,,
2024-10-08,2024-10-08,FO,NSE,IDO,64204,,NIFTY,,2024-12-26,2024-12-26,27900.00,CE,NIFTY24DEC27900CE,47.25,49.60,42.00,42.00,42.00,45.00,25013.15,52.90,2950,25,12,8384102.50,3,F1,25,,,,,
2024-10-08,2024-10-08,FO,NSE,IDO,62993,,NIFTY,,2024-10-31,2024-10-31,27900.00,CE,NIFTY24OCT27900CE,7.75,9.45,6.20,7.50,7.00,7.70,25013.15,7.50,22675,6200,670,467442652.50,182,F1,25,,,,,
2024-10-08,2024-10-08,FO,NSE,IDO,43734,,NIFTY,,2024-10-24,2024-10-24,24550.00,CE,NIFTY24O2424550CE,577.05,663.80,577.00,663.80,663.80,589.55,25013.15,663.80,25,-100,6,3771223.75,4,F1,25,,,,,
2024-10-08,2024-10-08,FO,NSE,IDO,46185,,NIFTY,,2024-11-28,2024-11-28,24550.00,CE,NIFTY24NOV24550CE,982.35,982.35,977.00,977.00,977.00,1785.10,25013.15,929.00,75,50,3,1914658.75,3,F1,25,,,,,
2024-10-08,2024-10-08,FO,NSE,IDO,64690,,NIFTY,,2025-09-25,2025-09-25,23000.00,CE,NIFTY25SEP23000CE,0.00,0.00,0.00,5026.10,0.00,5026.10,25013.15,3680.15,0,0,0,0.00,0,F1,25,,,,,
2024-10-08,2024-10-08,FO,NSE,IDO,44254,,NIFTY,,2024-10-24,2024-10-24,25550.00,PE,NIFTY24O2425550PE,0.00,0.00,0.00,667.85,675.95,667.85,25013.15,578.55,250,0,0,0.00,0,F1,25,,,,,
2024-10-08,2024-10-08,FO,NSE,IDO,48447,,NIFTY,,2024-10-17,2024-10-17,25550.00,CE,NIFTY24O1725550CE,47.05,62.05,38.40,51.70,56.90,47.65,25013.15,51.70,107650,52950,19033,12181539478.75,5934,F1,25,,,,,
2024-10-08,2024-10-08,FO,NSE,IDO,62882,,NIFTY,,2024-10-31,2024-10-31,25550.00,PE,NIFTY24OCT25550PE,683.00,710.00,513.00,553.45,548.30,683.00,25013.15,553.45,29950,-675,367,239707327.50,266,F1,25,,,,,
2024-10-08,2024-10-08,FO,NSE,IDO,48445,,NIFTY,,2024-10-17,2024-10-17,25500.00,CE,NIFTY24O1725500CE,55.95,73.25,45.20,60.20,66.90,55.15,25013.15,60.20,1066875,280525,187895,120060966515.00,47223,F1,25,,,,,
2024-10-08,2024-10-08,FO,NSE,IDO,44204,,NIFTY,,2024-10-24,2024-10-24,25500.00,CE,NIFTY24O2425500CE,104.95,134.85,90.40,118.80,121.55,100.25,25013.15,118.80,139575,10775,9225,5907196396.25,4849,F1,25,,,,,
2024-10-08,2024-10-08,FO,NSE,IDO,45955,,NIFTY,,2024-10-17,2024-10-17,23850.00,PE,NIFTY24O1723850PE,40.25,48.70,21.05,24.10,25.75,40.25,25013.15,24.10,9025,1875,2288,1365996867.50,645,F1,25,,,,,
2024-10-08,2024-10-08,FO,NSE,IDO,47102,,NIFTY,,2024-10-10,2024-10-10,23850.00,CE,NIFTY24O1023850CE,0.00,0.00,0.00,1535.20,0.00,1535.20,25013.15,1171.95,0,0,0,0.00,0,F1,25,,,,,
2024-10-08,2024-10-08,FO,NSE,IDO,48986,,NIFTY,,2024-10-31,2024-10-31,23850.00,CE,NIFTY24OCT23850CE,0.00,0.00,0.00,2340.00,2340.00,2340.00,25013.15,1289.55,1200,0,0,0.00,0,F1,25,,,,,
2024-10-08,2024-10-08,FO,NSE,IDO,50323,,NIFTY,,2024-11-07,2024-11-07,23250.00,CE,NIFTY24N0723250CE,0.00,0.00,0.00,2180.70,0.00,2180.70,25013.15,1900.25,0,0,0,0.00,0,F1,25,,,,,
2024-10-08,2024-10-08,FO,NSE,IDO,48906,,NIFTY,,2024-10-31,2024-10-31,22600.00,CE,NIFTY24OCT22600CE,2420.45,2591.35,2420.45,2577.60,2550.00,2412.35,25013.15,2577.60,2950,-50,10,6278680.00,4,F1,25,,,,,
2024-10-08,2024-10-08,FO,NSE,IDO,43461,,NIFTY,,2024-10-24,2024-10-24,23250.00,CE,NIFTY24O2423250CE,0.00,0.00,0.00,2341.85,0.00,2341.85,25013.15,1832.80,0,0,0,0.00,0,F1,25,,,,,
2024-10-08,2024-10-08,FO,NSE,IDO,48943,,NIFTY,,2024-10-31,2024-10-31,23250.00,PE,NIFTY24OCT23250PE,47.45,50.40,28.25,29.75,31.05,46.35,25013.15,29.75,12825,-7225,1294,753226766.25,1007,F1,25,,,,,
2024-10-08,2024-10-08,FO,NSE,IDO,47078,,NIFTY,,2024-10-10,2024-10-10,23250.00,PE,NIFTY24O1023250PE,1.95,3.55,1.30,1.60,1.35,1.85,25013.15,1.60,332400,-54700,179522,104358725123.75,53171,F1,25,,,,,
2024-10-08,2024-10-08,FO,NSE,IDO,42820,,NIFTY,,2024-10-17,2024-10-17,23250.00,CE,NIFTY24O1723250CE,0.00,0.00,0.00,2315.50,0.00,2315.50,25013.15,1801.85,0,0,0,0.00,0,F1,25,,,,,
2024-10-08,2024-10-08,FO,NSE,IDO,48907,,NIFTY,,2024-10-31,2024-10-31,22600.00,PE,NIFTY24OCT22600PE,25.55,28.25,15.80,16.90,16.55,25.80,25013.15,16.90,35700,8025,2272,1284829382.50,838,F1,25,,,,,
2024-10-08,2024-10-08,FO,NSE,IDO,41634,,NIFTY,,2024-12-26,2024-12-26,23250.00,CE,NIFTY24DEC23250CE,0.00,0.00,0.00,3422.20,0.00,3422.20,25013.15,2161.65,0,0,0,0.00,0,F1,25,,,,,
2024-10-08,2024-10-08,FO,NSE,IDO,64156,,NIFTY,,2024-12-26,2024-12-26,27100.00,PE,NIFTY24DEC27100PE,0.00,0.00,0.00,1069.90,0.00,1069.90,25013.15,1827.65,0,0,0,0.00,0,F1,25,,,,,
2024-10-08,2024-10-08,FO,NSE,IDO,44831,,NIFTY,,2024-10-24,2024-10-24,27100.00,PE,NIFTY24O2427100PE,0.00,0.00,0.00,1581.55,0.00,1581.55,25013.15,2007.70,0,0,0,0.00,0,F1,25,,,,,
2024-10-08,2024-10-08,FO,NSE,IDO,62984,,NIFTY,,2024-10-31,2024-10-31,27700.00,PE,NIFTY24OCT27700PE,2695.45,2695.45,2488.20,2495.65,2488.20,2675.25,25013.15,2495.65,4250,-150,41,31062315.00,22,F1,25,,,,,
2024-10-08,2024-10-08,FO,NSE,IDO,50256,,NIFTY,,2024-10-10,2024-10-10,27100.00,PE,NIFTY24O1027100PE,0.00,0.00,0.00,1500.00,1500.00,1500.00,25013.15,2076.85,100,0,0,0.00,0,F1,25,,,,,
2024-10-08,2024-10-08,FO,NSE,IDO,49174,,NIFTY,,2025-12-24,2025-12-24,15000.00,PE,NIFTY25DEC15000PE,0.00,0.00,0.00,20.80,20.80,20.80,25013.15,0.05,1175,0,0,0.00,0,F1,25,,,,,
2024-10-08,2024-10-08,FO,NSE,IDO,48233,,NIFTY,,2024-11-28,2024-11-28,27700.00,CE,NIFTY24NOV27700CE,20.80,24.75,18.00,20.25,20.40,19.85,25013.15,20.25,37625,-1325,116,80388250.00,56,F1,25,,,,,
2024-10-08,2024-10-08,FO,NSE,IDO,64196,,NIFTY,,2024-12-26,2024-12-26,27700.00,CE,NIFTY24DEC27700CE,60.90,60.90,54.85,58.50,58.50,58.00,25013.15,67.55,275,50,5,3469781.25,3,F1,25,,,,,
2024-10-08,2024-10-08,FO,NSE,IDO,50368,,NIFTY,,2024-10-10,2024-10-10,27700.00,PE,NIFTY24O1027700PE,0.00,0.00,0.00,2383.20,0.00,2383.20,25013.15,2676.60,0,0,0,0.00,0,F1,25,,,,,
2024-10-08,2024-10-08,FO,NSE,IDO,62906,,NIFTY,,2024-10-31,2024-10-31,26100.00,PE,NIFTY24OCT26100PE,1171.85,1191.65,943.70,990.85,986.45,1134.95,25013.15,990.85,1093900,-8550,2201,1493591172.50,1429,F1,25,,,,,
2024-10-08,2024-10-08,FO,NSE,IDO,45029,,NIFTY,,2024-10-24,2024-10-24,27750.00,CE,NIFTY24O2427750CE,8.50,8.50,4.90,4.90,4.90,6.85,25013.15,0.05,6150,-875,47,32612522.50,16,F1,25,,,,,
2024-10-08,2024-10-08,FO,NSE,IDO,62959,,NIFTY,,2024-10-31,2024-10-31,27150.00,CE,NIFTY24OCT27150CE,10.10,10.50,7.45,8.10,7.50,10.10,25013.15,8.10,403150,-350,958,650443005.00,269,F1,25,,,,,
2024-10-08,2024-10-08,FO,NSE,IDO,64157,,NIFTY,,2024-12-26,2024-12-26,27150.00,CE,NIFTY24DEC27150CE,99.00,103.95,99.00,103.95,103.95,654.70,25013.15,126.75,50,50,2,1362573.75,2,F1,25,,,,,
2024-10-08,2024-10-08,FO,NSE,IDO,48780,,NIFTY,,2024-10-17,2024-10-17,27750.00,CE,NIFTY24O1727750CE,3.10,5.40,2.50,3.35,3.25,4.45,25013.15,3.35,14025,1950,1081,750034162.50,133,F1,25,,,,,
2024-10-08,2024-10-08,FO,NSE,IDO,64198,,NIFTY,,2024-12-26,2024-12-26,27750.00,CE,NIFTY24DEC27750CE,50.70,53.20,50.70,53.20,53.20,447.50,25013.15,63.60,75,75,3,2085177.50,3,F1,25,,,,,
2024-10-08,2024-10-08,FO,NSE,IDO,48435,,NIFTY,,2024-10-17,2024-10-17,25400.00,PE,NIFTY24O1725400PE,564.75,606.40,379.65,425.40,417.80,557.60,25013.15,425.40,85350,-1150,4197,2714843345.00,1713,F1,25,,,,,
2024-10-08,2024-10-08,FO,NSE,IDO,49014,,NIFTY,,2024-10-31,2024-10-31,24300.00,CE,NIFTY24OCT24300CE,849.95,980.45,814.55,931.75,953.15,849.15,25013.15,931.75,17125,200,183,115368336.25,103,F1,25,,,,,
2024-10-08,2024-10-08,FO,NSE,IDO,50422,,NIFTY,,2024-11-07,2024-11-07,24900.00,CE,NIFTY24N0724900CE,563.00,570.00,513.00,513.00,513.00,890.00,25013.15,531.85,500,425,23,14638892.50,12,F1,25,,,,,
2024-10-08,2024-10-08,FO,NSE,IDO,35262,,NIFTY,,2027-06-24,2027-06-24,30000.00,CE,NIFTY27JUN30000CE,0.00,0.00,0.00,1478.40,0.00,1478.40,25013.15,2280.00,0,0,0,0.00,0,F1,25,,,,,
2024-10-08,2024-10-08,FO,NSE,IDO,35263,,NIFTY,,2027-06-24,2027-06-24,30000.00,PE,NIFTY27JUN30000PE,0.00,0.00,0.00,4562.55,0.00,4562.55,25013.15,2252.45,0,0,0,0.00,0,F1,25,,,,,
2024-10-08,2024-10-08,FO,NSE,IDO,50326,,NIFTY,,2024-11-07,2024-11-07,23300.00,CE,NIFTY24N0723300CE,0.00,0.00,0.00,2133.15,0.00,2133.15,25013.15,1851.85,0,0,0,0.00,0,F1,25,,,,,
2024-10-08,2024-10-08,FO,NSE,IDO,35229,,NIFTY,,2026-06-25,2026-06-25,30000.00,CE,NIFTY26JUN30000CE,0.00,0.00,0.00,788.00,0.00,788.00,25013.15,1132.60,0,0,0,0.00,0,F1,25,,,,,
2024-10-08,2024-10-08,FO,NSE,IDO,42910,,NIFTY,,2024-11-28,2024-11-28,23300.00,PE,NIFTY24NOV23300PE,107.95,119.25,71.60,81.80,88.45,112.65,25013.15,81.80,58725,11350,1125,657718436.25,468,F1,25,,,,,
2024-10-08,2024-10-08,FO,NSE,IDO,35218,,NIFTY,,2024-12-26,2024-12-26,30000.00,PE,NIFTY24DEC30000PE,4640.45,4651.30,4405.35,4436.45,4433.70,4733.75,25013.15,4436.45,22225,-175,30,25885101.25,27,F1,25,,,,,
2024-10-08,2024-10-08,FO,NSE,IDO,47079,,NIFTY,,2024-10-10,2024-10-10,23300.00,CE,NIFTY24O1023300CE,1584.05,1739.75,1526.65,1702.50,1715.00,1966.15,25013.15,1702.50,275,-125,14,8726806.25,9,F1,25,,,,,
2024-10-08,2024-10-08,FO,NSE,IDO,67795,,NIFTY,,2028-12-28,2028-12-28,30000.00,PE,NIFTY28DEC30000PE,0.00,0.00,0.00,2352.75,0.00,2352.75,25013.15,1635.20,0,0,0,0.00,0,F1,25,,,,,
2024-10-08,2024-10-08,FO,NSE,IDO,47080,,NIFTY,,2024-10-10,2024-10-10,23300.00,PE,NIFTY24O1023300PE,2.20,3.85,1.35,1.75,1.50,2.00,25013.15,1.75,1190575,-420500,440496,256617363622.50,85430,F1,25,,,,,
2024-10-08,2024-10-08,FO,NSE,IDO,35235,,NIFTY,,2026-12-31,2026-12-31,30000.00,CE,NIFTY26DEC30000CE,0.00,0.00,0.00,1131.45,0.00,1131.45,25013.15,1717.20,0,0,0,0.00,0,F1,25,,,,,
2024-10-08,2024-10-08,FO,NSE,IDO,41637,,NIFTY,,2024-12-26,2024-12-26,23300.00,PE,NIFTY24DEC23300PE,101.30,154.15,101.30,154.15,154.15,170.00,25013.15,65.95,11625,0,10,5853020.00,4,F1,25,,,,,
2024-10-08,2024-10-08,FO,NSE,IDO,43466,,NIFTY,,2024-10-24,2024-10-24,23300.00,PE,NIFTY24O2423300PE,0.00,0.00,0.00,15.45,0.00,15.45,25013.15,1.20,0,0,0,0.00,0,F1,25,,,,,
2024-10-08,2024-10-08,FO,NSE,IDO,48913,,NIFTY,,2024-10-31,2024-10-31,22750.00,PE,NIFTY24OCT22750PE,31.00,32.55,18.35,19.55,20.30,28.75,25013.15,19.55,2775,-875,169,96205577.50,68,F1,25,,,,,
2024-10-08,2024-10-08,FO,NSE,IDO,47109,,NIFTY,,2024-10-10,2024-10-10,23950.00,CE,NIFTY24O1023950CE,0.00,0.00,0.00,947.15,947.15,947.15,25013.15,1072.00,25,0,0,0.00,0,F1,25,,,,,
2024-10-08,2024-10-08,FO,NSE,IDO,48430,,NIFTY,,2024-10-17,2024-10-17,25350.00,CE,NIFTY24O1725350CE,88.40,116.75,71.00,97.05,105.00,83.60,25013.15,97.05,99500,44575,26281,16716072330.00,9628,F1,25,,,,,
2024-10-08,2024-10-08,FO,NSE,IDO,50441,,NIFTY,,2024-11-07,2024-11-07,25350.00,CE,NIFTY24N0725350CE,0.00,0.00,0.00,486.00,486.00,486.00,25013.15,306.70,50,0,0,0.00,0,F1,25,,,,,
2024-10-08,2024-10-08,FO,NSE,IDO,54765,,NIFTY,,2024-10-31,2024-10-31,24750.00,PE,NIFTY24OCT24750PE,260.65,289.00,176.35,193.30,191.95,261.10,25013.15,193.30,58550,2225,4883,3049742862.50,1872,F1,25,,,,,
2024-10-08,2024-10-08,FO,NSE,IDO,47149,,NIFTY,,2024-10-10,2024-10-10,24750.00,PE,NIFTY24O1024750PE,128.50,174.50,45.55,57.75,53.60,143.05,25013.15,57.75,1894325,1021925,1428100,887076291565.00,494822,F1,25,,,,,
2024-10-08,2024-10-08,FO,NSE,IDO,48221,,NIFTY,,2024-11-28,2024-11-28,27500.00,CE,NIFTY24NOV27500CE,22.05,29.95,20.50,23.15,25.05,23.55,25013.15,23.15,244200,-3475,4133,2843794053.75,1171,F1,25,,,,,
