TradDt,BizDt,Sgmt,Src,FinInstrmTp,FinInstrmId,ISIN,TckrSymb,SctySrs,XpryDt,FininstrmActlXpryDt,StrkPric,OptnTp,FinInstrmNm,OpnPric,HghPric,LwPric,ClsPric,LastPric,PrvsClsgPric,UndrlygPric,SttlmPric,OpnIntrst,ChngInOpnIntrst,TtlTradgVol,TtlTrfVal,TtlNbOfTxsExctd,SsnId,NewBrdLotQty,Rmks,Rsvd01,Rsvd02,Rsvd03,Rsvd04
2024-05-16,2024-05-16,FO,NSE,IDO,37810,,NIFTY,,2026-12-31,2026-12-31,23000.00,PE,NIFTY26DEC23000PE,1120.00,1125.00,1055.00,1055.00,1055.00,1110.05,22403.85,1055.00,8525,50,18,10846232.50,15,F1,25,,,,,
2024-05-16,2024-05-16,FO,NSE,IDO,43956,,NIFTY,,2024-06-13,2024-06-13,23000.00,CE,NIFTY2461323000CE,280.00,313.00,242.00,299.55,304.85,268.65,22403.85,299.55,30400,7075,1421,826834790.00,600,F1,25,,,,,
2024-05-16,2024-05-16,FO,NSE,IDO,65093,,NIFTY,,2024-07-25,2024-07-25,23000.00,CE,NIFTY24JUL23000CE,489.00,536.25,435.00,523.35,522.40,475.75,22403.85,523.35,100225,8000,1898,1114273010.00,976,F1,25,,,,,
2024-05-16,2024-05-16,FO,NSE,IDO,51740,,NIFTY,,2024-05-16,2024-05-16,23550.00,PE,NIFTY2451623550PE,0.00,0.00,0.00,1295.25,1295.25,1295.25,22403.85,22403.85,925,0,0,0.00,0,F1,25,,,,,
2024-05-16,2024-05-16,FO,NSE,IDO,53619,,NIFTY,,2027-12-30,2027-12-30,23000.00,PE,NIFTY27DEC23000PE,0.00,0.00,0.00,2201.30,0.00,2201.30,22403.85,564.00,0,0,0,0.00,0,F1,25,,,,,
2024-05-16,2024-05-16,FO,NSE,IDO,65236,,NIFTY,,2024-07-25,2024-07-25,23550.00,PE,NIFTY24JUL23550PE,1221.20,1240.45,1221.20,1240.45,1240.45,1372.85,22403.85,1069.25,525,-50,2,1239041.25,2,F1,25,,,,,
2024-05-16,2024-05-16,FO,NSE,IDO,51739,,NIFTY,,2024-05-16,2024-05-16,23550.00,CE,NIFTY2451623550CE,0.30,0.30,0.05,0.05,0.05,0.30,22403.85,22403.85,221075,96650,46318,27269858958.75,4648,F1,25,,,,,
2024-05-16,2024-05-16,FO,NSE,IDO,37795,,NIFTY,,2025-12-24,2025-12-24,23000.00,CE,NIFTY25DEC23000CE,2799.95,2800.00,2799.95,2800.00,2800.00,2670.00,22403.85,2800.00,5650,-25,2,1289998.75,2,F1,25,,,,,
2024-05-16,2024-05-16,FO,NSE,IDO,37723,,NIFTY,,2024-06-27,2024-06-27,23000.00,PE,NIFTY24JUN23000PE,885.00,1012.00,779.30,806.00,782.70,930.05,22403.85,806.00,964500,-82150,18022,10762190305.00,6422,F1,25,,,,,
2024-05-16,2024-05-16,FO,NSE,IDO,39088,,NIFTY,,2024-05-23,2024-05-23,23550.00,PE,NIFTY2452323550PE,1252.55,1252.55,1120.00,1120.45,1120.00,1296.50,22403.85,1120.45,1975,875,35,21631512.50,17,F1,25,,,,,
2024-05-16,2024-05-16,FO,NSE,IDO,37799,,NIFTY,,2026-06-25,2026-06-25,23000.00,CE,NIFTY26JUN23000CE,0.00,0.00,0.00,2645.65,0.00,2645.65,22403.85,3397.25,0,0,0,0.00,0,F1,25,,,,,
2024-05-16,2024-05-16,FO,NSE,IDO,37796,,NIFTY,,2025-12-24,2025-12-24,23000.00,PE,NIFTY25DEC23000PE,1095.00,1130.00,1010.00,1045.00,1080.00,1100.00,22403.85,1045.00,16000,350,57,34324837.50,38,F1,25,,,,,
2024-05-16,2024-05-16,FO,NSE,IDO,43957,,NIFTY,,2024-06-13,2024-06-13,23000.00,PE,NIFTY2461323000PE,800.00,800.00,800.00,800.00,800.00,982.65,22403.85,640.95,25,25,1,595000.00,1,F1,25,,,,,
2024-05-16,2024-05-16,FO,NSE,IDO,86150,,NIFTY,,2028-06-29,2028-06-29,23000.00,PE,NIFTY28JUN23000PE,0.00,0.00,0.00,1399.25,0.00,1399.25,22403.85,518.20,0,0,0,0.00,0,F1,25,,,,,
2024-05-16,2024-05-16,FO,NSE,IDO,37805,,NIFTY,,2026-06-25,2026-06-25,23000.00,PE,NIFTY26JUN23000PE,0.00,0.00,0.00,859.20,859.20,859.20,22403.85,714.80,150,0,0,0.00,0,F1,25,,,,,
2024-05-16,2024-05-16,FO,NSE,IDO,38795,,NIFTY,,2024-05-23,2024-05-23,22800.00,PE,NIFTY2452322800PE,500.00,682.00,380.00,405.95,392.00,570.55,22403.85,405.95,81075,44600,7527,4385267800.00,2610,F1,25,,,,,
2024-05-16,2024-05-16,FO,NSE,IDO,43917,,NIFTY,,2024-06-13,2024-06-13,22800.00,CE,NIFTY2461322800CE,0.00,0.00,0.00,141.80,0.00,141.80,22403.85,235.30,0,0,0,0.00,0,F1,25,,,,,
2024-05-16,2024-05-16,FO,NSE,IDO,64317,,NIFTY,,2024-06-27,2024-06-27,22800.00,PE,NIFTY24JUN22800PE,755.00,880.00,673.15,697.15,677.90,808.30,22403.85,697.15,68025,-5100,1233,726632380.00,327,F1,25,,,,,
2024-05-16,2024-05-16,FO,NSE,IDO,65040,,NIFTY,,2024-07-25,2024-07-25,22800.00,PE,NIFTY24JUL22800PE,764.50,891.05,706.85,727.00,716.05,827.10,22403.85,727.00,3650,250,169,99633376.25,36,F1,25,,,,,
2024-05-16,2024-05-16,FO,NSE,IDO,51700,,NIFTY,,2024-05-16,2024-05-16,22550.00,PE,NIFTY2451622550PE,265.75,511.40,133.55,151.40,146.10,344.55,22403.85,22403.85,311725,252700,116443,66282066752.50,47596,F1,25,,,,,
2024-05-16,2024-05-16,FO,NSE,IDO,37054,,NIFTY,,2024-06-06,2024-06-06,22550.00,CE,NIFTY2460622550CE,411.25,472.85,360.00,439.70,446.35,391.65,22403.85,439.70,975,625,49,28125948.75,42,F1,25,,,,,
2024-05-16,2024-05-16,FO,NSE,IDO,51699,,NIFTY,,2024-05-16,2024-05-16,22550.00,CE,NIFTY2451622550CE,3.00,4.70,0.05,0.30,0.05,2.45,22403.85,22403.85,4700875,16300,10393542,5859643907877.50,1412286,F1,25,,,,,
2024-05-16,2024-05-16,FO,NSE,IDO,38737,,NIFTY,,2024-05-23,2024-05-23,22100.00,CE,NIFTY2452322100CE,300.00,395.85,186.55,370.20,382.15,257.40,22403.85,370.20,696050,364725,454765,254000251402.50,123169,F1,25,,,,,
2024-05-16,2024-05-16,FO,NSE,IDO,51669,,NIFTY,,2024-05-16,2024-05-16,22100.00,CE,NIFTY2451622100CE,175.00,319.75,16.25,298.10,304.15,138.05,22403.85,22403.85,3267775,1005275,21656720,12000953786115.00,5412725,F1,25,,,,,
2024-05-16,2024-05-16,FO,NSE,IDO,64923,,NIFTY,,2024-07-25,2024-07-25,22100.00,CE,NIFTY24JUL22100CE,975.00,1048.25,887.00,1032.45,1048.25,969.00,22403.85,1032.45,4225,925,421,242590676.25,137,F1,25,,,,,
2024-05-16,2024-05-16,FO,NSE,IDO,56998,,NIFTY,,2024-05-30,2024-05-30,24500.00,PE,NIFTY24MAY24500PE,2136.60,2313.80,2007.05,2043.40,2012.10,2206.70,22403.85,2043.40,277025,750,653,435757977.50,159,F1,25,,,,,
2024-05-16,2024-05-16,FO,NSE,IDO,56901,,NIFTY,,2024-05-30,2024-05-30,22100.00,CE,NIFTY24MAY22100CE,381.65,478.10,282.95,453.50,464.00,347.75,22403.85,453.50,588625,-41150,135031,75813895536.25,45904,F1,25,,,,,
2024-05-16,2024-05-16,FO,NSE,IDO,37002,,NIFTY,,2024-06-06,2024-06-06,22100.00,CE,NIFTY2460622100CE,671.00,734.70,571.55,708.70,725.00,630.40,22403.85,708.70,16125,-650,1429,812445310.00,647,F1,25,,,,,
2024-05-16,2024-05-16,FO,NSE,IDO,51670,,NIFTY,,2024-05-16,2024-05-16,22100.00,PE,NIFTY2451622100PE,18.00,98.00,0.05,0.55,0.10,30.55,22403.85,22403.85,11013075,6494700,39503907,21858855084852.50,8319951,F1,25,,,,,
2024-05-16,2024-05-16,FO,NSE,IDO,64928,,NIFTY,,2024-07-25,2024-07-25,22100.00,PE,NIFTY24JUL22100PE,480.00,573.90,438.15,449.05,445.00,533.05,22403.85,449.05,7925,1725,222,125534490.00,91,F1,25,,,,,
2024-05-16,2024-05-16,FO,NSE,IDO,50971,,NIFTY,,2025-12-24,2025-12-24,27000.00,CE,NIFTY25DEC27000CE,0.00,0.00,0.00,1071.00,0.00,1071.00,22403.85,988.55,0,0,0,0.00,0,F1,25,,,,,
2024-05-16,2024-05-16,FO,NSE,IDO,50979,,NIFTY,,2026-12-31,2026-12-31,27000.00,PE,NIFTY26DEC27000PE,0.00,0.00,0.00,6522.30,0.00,6522.30,22403.85,2001.60,0,0,0,0.00,0,F1,25,,,,,
2024-05-16,2024-05-16,FO,NSE,IDO,64577,,NIFTY,,2025-03-27,2025-03-27,27000.00,PE,NIFTY25MAR27000PE,0.00,0.00,0.00,3159.85,0.00,3159.85,22403.85,3248.05,0,0,0,0.00,0,F1,25,,,,,
2024-05-16,2024-05-16,FO,NSE,IDO,86163,,NIFTY,,2028-06-29,2028-06-29,27000.00,CE,NIFTY28JUN27000CE,0.00,0.00,0.00,2885.15,0.00,2885.15,22403.85,3832.05,0,0,0,0.00,0,F1,25,,,,,
2024-05-16,2024-05-16,FO,NSE,IDO,65916,,NIFTY,,2024-09-26,2024-09-26,27000.00,PE,NIFTY24SEP27000PE,0.00,0.00,0.00,5681.95,0.00,5681.95,22403.85,3914.15,0,0,0,0.00,0,F1,25,,,,,
2024-05-16,2024-05-16,FO,NSE,IDO,50970,,NIFTY,,2025-06-26,2025-06-26,27000.00,PE,NIFTY25JUN27000PE,0.00,0.00,0.00,7438.15,0.00,7438.15,22403.85,2999.95,0,0,0,0.00,0,F1,25,,,,,
2024-05-16,2024-05-16,FO,NSE,IDO,50969,,NIFTY,,2025-06-26,2025-06-26,27000.00,CE,NIFTY25JUN27000CE,0.00,0.00,0.00,803.50,0.00,803.50,22403.85,506.75,0,0,0,0.00,0,F1,25,,,,,
2024-05-16,2024-05-16,FO,NSE,IDO,50973,,NIFTY,,2026-06-25,2026-06-25,27000.00,CE,NIFTY26JUN27000CE,0.00,0.00,0.00,1352.80,0.00,1352.80,22403.85,1528.40,0,0,0,0.00,0,F1,25,,,,,
2024-05-16,2024-05-16,FO,NSE,IDO,50981,,NIFTY,,2027-06-24,2027-06-24,27000.00,CE,NIFTY27JUN27000CE,0.00,0.00,0.00,1932.50,0.00,1932.50,22403.85,2662.40,0,0,0,0.00,0,F1,25,,,,,
2024-05-16,2024-05-16,FO,NSE,IDO,50964,,NIFTY,,2024-06-27,2024-06-27,27000.00,CE,NIFTY24JUN27000CE,7.85,8.90,7.65,8.40,8.25,7.85,22403.85,8.40,279100,150,2704,1825758483.75,1225,F1,25,,,,,
2024-05-16,2024-05-16,FO,NSE,IDO,50967,,NIFTY,,2024-12-26,2024-12-26,27000.00,PE,NIFTY24DEC27000PE,0.00,0.00,0.00,4849.00,4849.00,4849.00,22403.85,3545.55,100,0,0,0.00,0,F1,25,,,,,
2024-05-16,2024-05-16,FO,NSE,IDO,65315,,NIFTY,,2024-07-25,2024-07-25,24100.00,CE,NIFTY24JUL24100CE,0.00,0.00,0.00,173.30,173.30,173.30,22403.85,133.45,1950,0,0,0.00,0,F1,25,,,,,
2024-05-16,2024-05-16,FO,NSE,IDO,39273,,NIFTY,,2024-05-23,2024-05-23,24100.00,PE,NIFTY2452324100PE,1970.00,1970.00,1676.60,1689.45,1702.15,1845.75,22403.85,1689.45,2025,550,23,14838817.50,12,F1,25,,,,,
2024-05-16,2024-05-16,FO,NSE,IDO,64427,,NIFTY,,2024-06-27,2024-06-27,24100.00,PE,NIFTY24JUN24100PE,1624.15,1624.15,1610.20,1615.20,1615.35,1731.45,22403.85,1615.20,2575,600,24,15429122.50,12,F1,25,,,,,
2024-05-16,2024-05-16,FO,NSE,IDO,38614,,NIFTY,,2024-05-23,2024-05-23,20800.00,CE,NIFTY2452320800CE,1405.00,1440.00,1340.00,1380.00,1380.00,1471.15,22403.85,1632.10,1875,675,38,21090150.00,23,F1,25,,,,,
2024-05-16,2024-05-16,FO,NSE,IDO,43606,,NIFTY,,2024-06-13,2024-06-13,20800.00,PE,NIFTY2461320800PE,29.75,32.15,29.75,32.15,32.15,40.10,22403.85,6.95,150,125,5,2603958.75,2,F1,25,,,,,
2024-05-16,2024-05-16,FO,NSE,IDO,64419,,NIFTY,,2024-07-25,2024-07-25,20800.00,PE,NIFTY24JUL20800PE,185.05,217.00,143.90,165.20,160.95,201.55,22403.85,165.20,218725,10075,1601,839940181.25,1214,F1,25,,,,,
2024-05-16,2024-05-16,FO,NSE,IDO,51597,,NIFTY,,2024-05-16,2024-05-16,20800.00,CE,NIFTY2451620800CE,1429.20,1606.20,1251.90,1601.05,1595.85,1385.00,22403.85,22403.85,550,-75,44,24326940.00,19,F1,25,,,,,
2024-05-16,2024-05-16,FO,NSE,IDO,36984,,NIFTY,,2024-06-06,2024-06-06,21950.00,PE,NIFTY2460621950PE,245.55,384.20,245.55,256.70,259.10,106.45,22403.85,256.70,375,375,28,15570978.75,18,F1,25,,,,,
2024-05-16,2024-05-16,FO,NSE,IDO,43870,,NIFTY,,2024-06-13,2024-06-13,22350.00,PE,NIFTY2461322350PE,0.00,0.00,0.00,518.00,0.00,518.00,22403.85,271.10,0,0,0,0.00,0,F1,25,,,,,
2024-05-16,2024-05-16,FO,NSE,IDO,37023,,NIFTY,,2024-06-06,2024-06-06,22350.00,CE,NIFTY2460622350CE,509.80,580.20,440.95,545.25,580.20,485.35,22403.85,545.25,6225,4450,464,265290921.25,158,F1,25,,,,,
2024-05-16,2024-05-16,FO,NSE,IDO,38729,,NIFTY,,2024-05-23,2024-05-23,21950.00,PE,NIFTY2452321950PE,54.20,113.00,25.70,30.95,26.20,68.15,22403.85,30.95,737350,599900,254271,139948406131.25,69349,F1,25,,,,,
2024-05-16,2024-05-16,FO,NSE,IDO,64966,,NIFTY,,2024-07-25,2024-07-25,22350.00,PE,NIFTY24JUL22350PE,590.00,600.65,590.00,600.15,600.15,621.80,22403.85,390.45,700,-100,20,11472040.00,4,F1,25,,,,,
2024-05-16,2024-05-16,FO,NSE,IDO,36976,,NIFTY,,2024-06-06,2024-06-06,21950.00,CE,NIFTY2460621950CE,640.70,812.10,640.70,812.10,812.10,730.45,22403.85,812.10,1525,175,15,8500696.25,11,F1,25,,,,,
2024-05-16,2024-05-16,FO,NSE,IDO,51664,,NIFTY,,2024-05-16,2024-05-16,21950.00,PE,NIFTY2451621950PE,5.25,25.00,0.05,0.30,0.05,8.35,22403.85,22403.85,5024100,2594325,27627300,15165341667477.50,3477864,F1,25,,,,,
2024-05-16,2024-05-16,FO,NSE,IDO,43771,,NIFTY,,2024-06-13,2024-06-13,21950.00,CE,NIFTY2461321950CE,0.00,0.00,0.00,470.50,0.00,470.50,22403.85,708.20,0,0,0,0.00,0,F1,25,,,,,
2024-05-16,2024-05-16,FO,NSE,IDO,38728,,NIFTY,,2024-05-23,2024-05-23,21950.00,CE,NIFTY2452321950CE,415.10,527.25,280.65,502.90,513.90,367.10,22403.85,502.90,382650,357750,34876,19465155360.00,12324,F1,25,,,,,
2024-05-16,2024-05-16,FO,NSE,IDO,64277,,NIFTY,,2024-06-27,2024-06-27,22350.00,CE,NIFTY24JUN22350CE,670.05,719.10,585.95,699.00,714.55,632.60,22403.85,699.00,22725,5900,476,273737476.25,144,F1,25,,,,,
2024-05-16,2024-05-16,FO,NSE,IDO,64961,,NIFTY,,2024-07-25,2024-07-25,22350.00,CE,NIFTY24JUL22350CE,760.80,805.00,750.00,750.00,750.00,798.50,22403.85,754.60,900,125,13,7519040.00,3,F1,25,,,,,
2024-05-16,2024-05-16,FO,NSE,IDO,56895,,NIFTY,,2024-05-30,2024-05-30,21950.00,CE,NIFTY24MAY21950CE,501.95,597.30,377.15,575.35,584.00,448.70,22403.85,575.35,42600,-2950,2011,1127041077.50,863,F1,25,,,,,
2024-05-16,2024-05-16,FO,NSE,IDO,51717,,NIFTY,,2024-05-16,2024-05-16,23000.00,CE,NIFTY2451623000CE,0.30,0.45,0.05,0.05,0.05,0.45,22403.85,22403.85,6562050,-188625,1199013,689438290940.00,86484,F1,25,,,,,
2024-05-16,2024-05-16,FO,NSE,IDO,71559,,NIFTY,,2027-06-24,2027-06-24,23000.00,PE,NIFTY27JUN23000PE,0.00,0.00,0.00,4514.30,0.00,4514.30,22403.85,614.35,0,0,0,0.00,0,F1,25,,,,,
2024-05-16,2024-05-16,FO,NSE,IDO,41020,,NIFTY,,2024-12-26,2024-12-26,18500.00,CE,NIFTY24DEC18500CE,0.00,0.00,0.00,4400.00,4400.00,4400.00,22403.85,4727.15,1000,0,0,0.00,0,F1,25,,,,,
2024-05-16,2024-05-16,FO,NSE,IDO,65893,,NIFTY,,2024-09-26,2024-09-26,23000.00,CE,NIFTY24SEP23000CE,759.55,820.00,700.00,808.90,819.00,743.70,22403.85,808.90,155900,3025,1298,771105841.25,697,F1,25,,,,,
2024-05-16,2024-05-16,FO,NSE,IDO,56938,,NIFTY,,2024-05-30,2024-05-30,23000.00,PE,NIFTY24MAY23000PE,690.40,861.80,557.20,583.50,569.00,741.05,22403.85,583.50,1082275,2100,25024,14820353621.25,7181,F1,25,,,,,
2024-05-16,2024-05-16,FO,NSE,IDO,39087,,NIFTY,,2024-05-23,2024-05-23,23550.00,CE,NIFTY2452323550CE,1.80,3.75,1.15,1.60,1.40,1.75,22403.85,1.60,31975,24900,8965,5278489216.25,1187,F1,25,,,,,
2024-05-16,2024-05-16,FO,NSE,IDO,71558,,NIFTY,,2027-06-24,2027-06-24,23000.00,CE,NIFTY27JUN23000CE,0.00,0.00,0.00,2530.05,0.00,2530.05,22403.85,4679.65,0,0,0,0.00,0,F1,25,,,,,
2024-05-16,2024-05-16,FO,NSE,IDO,37722,,NIFTY,,2024-06-27,2024-06-27,23000.00,CE,NIFTY24JUN23000CE,369.95,388.65,300.05,377.25,379.00,339.55,22403.85,377.25,2473375,-67400,60628,35384986568.75,21222,F1,25,,,,,
2024-05-16,2024-05-16,FO,NSE,IDO,65896,,NIFTY,,2024-09-26,2024-09-26,23000.00,PE,NIFTY24SEP23000PE,871.45,985.00,810.05,838.95,810.05,922.45,22403.85,838.95,167750,1400,1451,867079145.00,763,F1,25,,,,,
2024-05-16,2024-05-16,FO,NSE,IDO,37172,,NIFTY,,2024-06-06,2024-06-06,23550.00,PE,NIFTY2460623550PE,0.00,0.00,0.00,878.65,0.00,878.65,22403.85,1083.35,0,0,0,0.00,0,F1,25,,,,,
2024-05-16,2024-05-16,FO,NSE,IDO,41018,,NIFTY,,2024-06-27,2024-06-27,18500.00,CE,NIFTY24JUN18500CE,4049.25,4086.40,4049.25,4066.10,4050.00,3676.15,22403.85,4066.10,4000,-50,18,10154727.50,9,F1,25,,,,,
2024-05-16,2024-05-16,FO,NSE,IDO,38827,,NIFTY,,2024-05-23,2024-05-23,23000.00,PE,NIFTY2452323000PE,707.15,878.60,559.80,580.70,571.10,761.35,22403.85,580.70,143850,116050,9151,5405897113.75,3251,F1,25,,,,,
2024-05-16,2024-05-16,FO,NSE,IDO,51718,,NIFTY,,2024-05-16,2024-05-16,23000.00,PE,NIFTY2451623000PE,740.00,957.30,585.00,598.95,597.30,790.40,22403.85,22403.85,29975,-53350,7421,4400804980.00,3198,F1,25,,,,,
2024-05-16,2024-05-16,FO,NSE,IDO,44000,,NIFTY,,2024-06-13,2024-06-13,23550.00,CE,NIFTY2461323550CE,0.00,0.00,0.00,34.50,0.00,34.50,22403.85,59.15,0,0,0,0.00,0,F1,25,,,,,
2024-05-16,2024-05-16,FO,NSE,IDO,64379,,NIFTY,,2024-06-27,2024-06-27,23550.00,PE,NIFTY24JUN23550PE,1225.00,1225.00,1169.00,1173.10,1174.95,1287.50,22403.85,1173.10,4475,550,26,16075210.00,12,F1,25,,,,,
2024-05-16,2024-05-16,FO,NSE,IDO,44001,,NIFTY,,2024-06-13,2024-06-13,23550.00,PE,NIFTY2461323550PE,0.00,0.00,0.00,1462.70,0.00,1462.70,22403.85,1077.75,0,0,0,0.00,0,F1,25,,,,,
2024-05-16,2024-05-16,FO,NSE,IDO,65104,,NIFTY,,2024-07-25,2024-07-25,23000.00,PE,NIFTY24JUL23000PE,897.80,1006.00,810.00,826.45,814.55,936.25,22403.85,826.45,50350,1625,1071,640173340.00,321,F1,25,,,,,
2024-05-16,2024-05-16,FO,NSE,IDO,43684,,NIFTY,,2024-06-13,2024-06-13,21500.00,CE,NIFTY2461321500CE,0.00,0.00,0.00,759.25,0.00,759.25,22403.85,1071.00,0,0,0,0.00,0,F1,25,,,,,
2024-05-16,2024-05-16,FO,NSE,IDO,44027,,NIFTY,,2024-06-13,2024-06-13,23750.00,PE,NIFTY2461323750PE,0.00,0.00,0.00,1649.15,0.00,1649.15,22403.85,1255.65,0,0,0,0.00,0,F1,25,,,,,
2024-05-16,2024-05-16,FO,NSE,IDO,44026,,NIFTY,,2024-06-13,2024-06-13,23750.00,CE,NIFTY2461323750CE,0.00,0.00,0.00,22.30,0.00,22.30,22403.85,38.10,0,0,0,0.00,0,F1,25,,,,,
2024-05-16,2024-05-16,FO,NSE,IDO,56878,,NIFTY,,2024-05-30,2024-05-30,21500.00,PE,NIFTY24MAY21500PE,35.00,65.25,22.85,26.10,24.55,42.80,22403.85,26.10,2952150,-331700,205472,110638730475.00,42400,F1,25,,,,,
2024-05-16,2024-05-16,FO,NSE,IDO,51755,,NIFTY,,2024-05-16,2024-05-16,23750.00,CE,NIFTY2451623750CE,0.30,0.30,0.05,0.05,0.05,0.30,22403.85,22403.85,132025,-33000,35732,21215967405.00,2220,F1,25,,,,,
2024-05-16,2024-05-16,FO,NSE,IDO,39232,,NIFTY,,2024-05-23,2024-05-23,23750.00,CE,NIFTY2452323750CE,1.65,3.45,1.00,1.30,1.15,1.65,22403.85,1.30,16950,9950,2436,1446456680.00,467,F1,25,,,,,
2024-05-16,2024-05-16,FO,NSE,IDO,37186,,NIFTY,,2024-06-06,2024-06-06,23750.00,PE,NIFTY2460623750PE,0.00,0.00,0.00,1037.30,0.00,1037.30,22403.85,1268.55,0,0,0,0.00,0,F1,25,,,,,
2024-05-16,2024-05-16,FO,NSE,IDO,64231,,NIFTY,,2024-06-27,2024-06-27,21500.00,CE,NIFTY24JUN21500CE,1250.00,1311.95,1102.20,1298.90,1310.00,1187.35,22403.85,1298.90,104450,-375,1579,896223300.00,483,F1,25,,,,,
2024-05-16,2024-05-16,FO,NSE,IDO,56968,,NIFTY,,2024-05-30,2024-05-30,23750.00,PE,NIFTY24MAY23750PE,1353.25,1353.25,1334.00,1334.00,1334.00,1464.25,22403.85,1287.35,1525,500,20,12548317.50,10,F1,25,,,,,
2024-05-16,2024-05-16,FO,NSE,IDO,38670,,NIFTY,,2024-05-23,2024-05-23,21500.00,CE,NIFTY2452321500CE,830.00,954.45,645.00,936.55,944.50,759.25,22403.85,936.55,98950,62625,6885,3844713940.00,2086,F1,25,,,,,
2024-05-16,2024-05-16,FO,NSE,IDO,56877,,NIFTY,,2024-05-30,2024-05-30,21500.00,CE,NIFTY24MAY21500CE,902.95,1008.75,719.65,980.20,992.45,826.25,22403.85,980.20,354675,-3875,6912,3861539528.75,2334,F1,25,,,,,
2024-05-16,2024-05-16,FO,NSE,IDO,51571,,NIFTY,,2024-05-16,2024-05-16,20400.00,CE,NIFTY2451620400CE,0.00,0.00,0.00,1862.30,1862.30,1862.30,22403.85,22403.85,1000,0,0,0.00,0,F1,25,,,,,
2024-05-16,2024-05-16,FO,NSE,IDO,36238,,NIFTY,,2024-06-06,2024-06-06,20400.00,CE,NIFTY2460620400CE,0.00,0.00,0.00,2392.40,0.00,2392.40,22403.85,2087.25,0,0,0,0.00,0,F1,25,,,,,
2024-05-16,2024-05-16,FO,NSE,IDO,51572,,NIFTY,,2024-05-16,2024-05-16,20400.00,PE,NIFTY2451620400PE,0.25,0.25,0.05,0.10,0.05,0.35,22403.85,22403.85,143250,-42025,23018,11739241446.25,4399,F1,25,,,,,
2024-05-16,2024-05-16,FO,NSE,IDO,36241,,NIFTY,,2024-06-06,2024-06-06,20400.00,PE,NIFTY2460620400PE,0.00,0.00,0.00,1.90,0.00,1.90,22403.85,0.50,0,0,0,0.00,0,F1,25,,,,,
2024-05-16,2024-05-16,FO,NSE,IDO,38587,,NIFTY,,2024-05-23,2024-05-23,20400.00,CE,NIFTY2452320400CE,1988.50,2022.25,1987.95,2010.75,2022.25,1859.25,22403.85,2010.75,1600,325,43,24091556.25,19,F1,25,,,,,
2024-05-16,2024-05-16,FO,NSE,IDO,56834,,NIFTY,,2024-05-30,2024-05-30,20400.00,PE,NIFTY24MAY20400PE,4.60,7.75,4.30,4.75,4.40,6.00,22403.85,4.75,198350,7200,7425,3787795368.75,2306,F1,25,,,,,
2024-05-16,2024-05-16,FO,NSE,IDO,64095,,NIFTY,,2024-06-27,2024-06-27,20400.00,PE,NIFTY24JUN20400PE,0.00,0.00,0.00,43.30,0.00,43.30,22403.85,6.55,0,0,0,0.00,0,F1,25,,,,,
2024-05-16,2024-05-16,FO,NSE,IDO,38588,,NIFTY,,2024-05-23,2024-05-23,20400.00,PE,NIFTY2452320400PE,1.95,2.25,1.45,1.90,1.75,2.30,22403.85,1.90,213450,190475,20791,10604393092.50,1794,F1,25,,,,,
2024-05-16,2024-05-16,FO,NSE,IDO,64094,,NIFTY,,2024-06-27,2024-06-27,20400.00,CE,NIFTY24JUN20400CE,2153.65,2159.05,2153.65,2159.05,2159.05,2099.30,22403.85,2180.80,1200,0,4,2255635.00,2,F1,25,,,,,
2024-05-16,2024-05-16,FO,NSE,IDO,64572,,NIFTY,,2025-03-27,2025-03-27,26000.00,CE,NIFTY25MAR26000CE,0.00,0.00,0.00,624.25,0.00,624.25,22403.85,482.95,0,0,0,0.00,0,F1,25,,,,,
2024-05-16,2024-05-16,FO,NSE,IDO,71308,,NIFTY,,2024-06-27,2024-06-27,26000.00,CE,NIFTY24JUN26000CE,15.05,17.25,14.00,16.80,17.00,15.05,22403.85,16.80,869950,22425,4729,3075707261.25,755,F1,25,,,,,
2024-05-16,2024-05-16,FO,NSE,IDO,71365,,NIFTY,,2024-12-26,2024-12-26,26000.00,PE,NIFTY24DEC26000PE,2900.00,2900.00,2700.00,2708.35,2700.00,2785.00,22403.85,2708.35,80725,0,4,2875625.00,4,F1,25,,,,,
2024-05-16,2024-05-16,FO,NSE,IDO,51730,,NIFTY,,2024-05-16,2024-05-16,23300.00,PE,NIFTY2451623300PE,1007.45,1232.50,889.15,894.10,895.35,1086.05,22403.85,22403.85,1100,-1025,169,103309971.25,75,F1,25,,,,,
2024-05-16,2024-05-16,FO,NSE,IDO,37144,,NIFTY,,2024-06-06,2024-06-06,23300.00,PE,NIFTY2460623300PE,0.00,0.00,0.00,696.45,0.00,696.45,22403.85,863.25,0,0,0,0.00,0,F1,25,,,,,
2024-05-16,2024-05-16,FO,NSE,IDO,64354,,NIFTY,,2024-06-27,2024-06-27,23300.00,CE,NIFTY24JUN23300CE,247.05,276.00,209.75,269.40,270.00,238.65,22403.85,269.40,88100,21425,3166,1864063077.50,1695,F1,25,,,,,
2024-05-16,2024-05-16,FO,NSE,IDO,56909,,NIFTY,,2024-05-30,2024-05-30,22300.00,CE,NIFTY24MAY22300CE,280.00,332.00,181.00,311.95,320.00,229.90,22403.85,311.95,1091050,-209400,374266,210917338671.25,120110,F1,25,,,,,
2024-05-16,2024-05-16,FO,NSE,IDO,64282,,NIFTY,,2024-06-27,2024-06-27,22450.00,PE,NIFTY24JUN22450PE,610.10,681.00,515.85,530.75,520.00,634.00,22403.85,530.75,7275,125,164,94356880.00,49,F1,25,,,,,
2024-05-16,2024-05-16,FO,NSE,IDO,64275,,NIFTY,,2024-06-27,2024-06-27,22300.00,CE,NIFTY24JUN22300CE,700.95,747.25,595.05,731.60,733.90,654.95,22403.85,731.60,229150,40425,8702,4996081732.50,3661,F1,25,,,,,
2024-05-16,2024-05-16,FO,NSE,IDO,51690,,NIFTY,,2024-05-16,2024-05-16,22300.00,PE,NIFTY2451622300PE,65.00,264.00,0.05,1.90,0.05,126.65,22403.85,22403.85,7874625,6426475,20367753,11384889258632.50,5058260,F1,25,,,,,
2024-05-16,2024-05-16,FO,NSE,IDO,38751,,NIFTY,,2024-05-23,2024-05-23,22300.00,PE,NIFTY2452322300PE,150.00,282.10,90.20,102.70,94.00,196.00,22403.85,102.70,1969700,1118850,984800,553098923017.50,262855,F1,25,,,,,
2024-05-16,2024-05-16,FO,NSE,IDO,38762,,NIFTY,,2024-05-23,2024-05-23,22450.00,CE,NIFTY2452322450CE,100.00,151.70,53.20,136.15,144.00,82.75,22403.85,136.15,893950,392275,328158,184972007145.00,89786,F1,25,,,,,
2024-05-16,2024-05-16,FO,NSE,IDO,43867,,NIFTY,,2024-06-13,2024-06-13,22300.00,CE,NIFTY2461322300CE,577.00,667.70,519.50,658.70,663.00,301.55,22403.85,658.70,4575,4575,225,128559660.00,55,F1,25,,,,,
2024-05-16,2024-05-16,FO,NSE,IDO,51616,,NIFTY,,2024-05-16,2024-05-16,21050.00,PE,NIFTY2451621050PE,0.30,0.35,0.05,0.15,0.05,0.50,22403.85,22403.85,470225,169025,138849,73069766943.75,12033,F1,25,,,,,
2024-05-16,2024-05-16,FO,NSE,IDO,38625,,NIFTY,,2024-05-23,2024-05-23,21050.00,CE,NIFTY2452321050CE,1155.00,1247.20,1155.00,1247.10,1247.10,1208.80,22403.85,1382.50,925,275,13,7236668.75,9,F1,25,,,,,
2024-05-16,2024-05-16,FO,NSE,IDO,56860,,NIFTY,,2024-05-30,2024-05-30,21050.00,PE,NIFTY24MAY21050PE,17.35,25.75,11.10,12.50,11.10,17.35,22403.85,12.50,62775,2075,10625,5596060068.75,3248,F1,25,,,,,
2024-05-16,2024-05-16,FO,NSE,IDO,51615,,NIFTY,,2024-05-16,2024-05-16,21050.00,CE,NIFTY2451621050CE,1138.75,1138.75,1025.90,1025.90,1025.90,1138.00,22403.85,22403.85,875,0,13,7180278.75,7,F1,25,,,,,
2024-05-16,2024-05-16,FO,NSE,IDO,43638,,NIFTY,,2024-06-13,2024-06-13,21050.00,CE,NIFTY2461321050CE,0.00,0.00,0.00,1117.35,0.00,1117.35,22403.85,1483.00,0,0,0,0.00,0,F1,25,,,,,
2024-05-16,2024-05-16,FO,NSE,IDO,64167,,NIFTY,,2024-06-27,2024-06-27,21050.00,PE,NIFTY24JUN21050PE,0.00,0.00,0.00,101.35,101.35,101.35,22403.85,33.60,3625,0,0,0.00,0,F1,25,,,,,
2024-05-16,2024-05-16,FO,NSE,IDO,36900,,NIFTY,,2024-06-06,2024-06-06,21050.00,CE,NIFTY2460621050CE,0.00,0.00,0.00,1758.80,0.00,1758.80,22403.85,1446.85,0,0,0,0.00,0,F1,25,,,,,
2024-05-16,2024-05-16,FO,NSE,IDO,64487,,NIFTY,,2024-07-25,2024-07-25,21050.00,CE,NIFTY24JUL21050CE,1763.00,1847.60,1763.00,1847.35,1846.95,1707.10,22403.85,1847.35,1050,250,10,5720112.50,5,F1,25,,,,,
2024-05-16,2024-05-16,FO,NSE,IDO,64162,,NIFTY,,2024-06-27,2024-06-27,21050.00,CE,NIFTY24JUN21050CE,1552.95,1620.65,1552.95,1619.10,1619.10,1513.95,22403.85,1563.30,850,125,5,2832061.25,3,F1,25,,,,,
2024-05-16,2024-05-16,FO,NSE,IDO,64381,,NIFTY,,2024-06-27,2024-06-27,23600.00,PE,NIFTY24JUN23600PE,1314.65,1314.65,1256.70,1256.70,1256.70,1332.00,22403.85,1256.70,2425,25,5,3112822.50,3,F1,25,,,,,
2024-05-16,2024-05-16,FO,NSE,IDO,39089,,NIFTY,,2024-05-23,2024-05-23,23600.00,CE,NIFTY2452323600CE,2.00,2.00,1.15,1.45,1.20,1.65,22403.85,1.45,272600,214000,47896,28260314852.50,4839,F1,25,,,,,
2024-05-16,2024-05-16,FO,NSE,IDO,37180,,NIFTY,,2024-06-06,2024-06-06,23600.00,PE,NIFTY2460623600PE,0.00,0.00,0.00,917.30,0.00,917.30,22403.85,1129.00,0,0,0,0.00,0,F1,25,,,,,
2024-05-16,2024-05-16,FO,NSE,IDO,51741,,NIFTY,,2024-05-16,2024-05-16,23600.00,CE,NIFTY2451623600CE,0.30,0.30,0.05,0.05,0.05,0.35,22403.85,22403.85,598225,-46925,81114,47857495018.75,6502,F1,25,,,,,
2024-05-16,2024-05-16,FO,NSE,IDO,64380,,NIFTY,,2024-06-27,2024-06-27,23600.00,CE,NIFTY24JUN23600CE,176.00,191.70,145.00,186.45,187.40,164.45,22403.85,186.45,69550,2875,2041,1212966215.00,611,F1,25,,,,,
2024-05-16,2024-05-16,FO,NSE,IDO,71504,,NIFTY,,2026-12-31,2026-12-31,25000.00,PE,NIFTY26DEC25000PE,0.00,0.00,0.00,5825.75,0.00,5825.75,22403.85,1221.95,0,0,0,0.00,0,F1,25,,,,,
2024-05-16,2024-05-16,FO,NSE,IDO,71307,,NIFTY,,2024-06-27,2024-06-27,25000.00,PE,NIFTY24JUN25000PE,2509.00,2708.10,2405.80,2442.25,2424.95,2595.00,22403.85,2442.25,594400,3400,600,412955087.50,426,F1,25,,,,,
2024-05-16,2024-05-16,FO,NSE,IDO,71382,,NIFTY,,2025-06-26,2025-06-26,25000.00,PE,NIFTY25JUN25000PE,0.00,0.00,0.00,6576.35,0.00,6576.35,22403.85,1711.25,0,0,0,0.00,0,F1,25,,,,,
2024-05-16,2024-05-16,FO,NSE,IDO,71363,,NIFTY,,2024-12-26,2024-12-26,25000.00,PE,NIFTY24DEC25000PE,2035.00,2152.50,1920.00,1948.70,1920.00,2072.50,22403.85,1948.70,128175,2900,244,164912291.25,141,F1,25,,,,,
2024-05-16,2024-05-16,FO,NSE,IDO,71503,,NIFTY,,2026-12-31,2026-12-31,25000.00,CE,NIFTY26DEC25000CE,0.00,0.00,0.00,1811.20,0.00,1811.20,22403.85,2983.55,0,0,0,0.00,0,F1,25,,,,,
2024-05-16,2024-05-16,FO,NSE,IDO,64833,,NIFTY,,2024-07-25,2024-07-25,21700.00,CE,NIFTY24JUL21700CE,1230.35,1316.00,1230.00,1316.00,1316.00,1203.20,22403.85,1316.00,1750,-150,9,5161953.75,6,F1,25,,,,,
2024-05-16,2024-05-16,FO,NSE,IDO,56886,,NIFTY,,2024-05-30,2024-05-30,21700.00,PE,NIFTY24MAY21700PE,50.00,99.40,33.90,39.25,34.45,66.60,22403.85,39.25,1022500,-144425,132457,72055854248.75,33705,F1,25,,,,,
2024-05-16,2024-05-16,FO,NSE,IDO,64252,,NIFTY,,2024-06-27,2024-06-27,21700.00,CE,NIFTY24JUN21700CE,1108.00,1169.85,968.00,1145.15,1147.20,1041.00,22403.85,1145.15,6000,-400,119,67795238.75,65,F1,25,,,,,
2024-05-16,2024-05-16,FO,NSE,IDO,36957,,NIFTY,,2024-06-06,2024-06-06,21700.00,CE,NIFTY2460621700CE,866.00,949.90,840.00,875.00,875.00,879.15,22403.85,848.95,775,275,13,7336872.50,13,F1,25,,,,,
2024-05-16,2024-05-16,FO,NSE,IDO,64834,,NIFTY,,2024-07-25,2024-07-25,21700.00,PE,NIFTY24JUL21700PE,0.00,0.00,0.00,200.85,200.85,200.85,22403.85,184.30,25,0,0,0.00,0,F1,25,,,,,
2024-05-16,2024-05-16,FO,NSE,IDO,38697,,NIFTY,,2024-05-23,2024-05-23,21700.00,PE,NIFTY2452321700PE,20.55,53.25,11.80,13.85,11.85,29.40,22403.85,13.85,1109050,590400,359255,195124178698.75,83275,F1,25,,,,,
2024-05-16,2024-05-16,FO,NSE,IDO,38792,,NIFTY,,2024-05-23,2024-05-23,22750.00,CE,NIFTY2452322750CE,27.55,41.85,12.05,34.10,39.70,21.35,22403.85,34.10,566750,278250,307480,175058670841.25,64927,F1,25,,,,,
2024-05-16,2024-05-16,FO,NSE,IDO,64933,,NIFTY,,2024-07-25,2024-07-25,22200.00,CE,NIFTY24JUL22200CE,950.00,987.25,836.00,973.20,968.05,893.05,22403.85,973.20,36750,14650,1458,841938508.75,482,F1,25,,,,,
2024-05-16,2024-05-16,FO,NSE,IDO,64418,,NIFTY,,2024-06-27,2024-06-27,23950.00,PE,NIFTY24JUN23950PE,1533.15,1533.15,1492.65,1499.20,1492.65,1610.55,22403.85,1499.20,600,125,12,7636455.00,6,F1,25,,,,,
2024-05-16,2024-05-16,FO,NSE,IDO,51775,,NIFTY,,2024-05-16,2024-05-16,23950.00,PE,NIFTY2451623950PE,0.00,0.00,0.00,1926.80,1928.20,1926.80,22403.85,22403.85,750,0,0,0.00,0,F1,25,,,,,
2024-05-16,2024-05-16,FO,NSE,IDO,65272,,NIFTY,,2024-07-25,2024-07-25,23950.00,PE,NIFTY24JUL23950PE,1416.95,1416.95,1396.45,1401.35,1396.45,1590.70,22403.85,1401.35,1350,550,22,13943232.50,11,F1,25,,,,,
2024-05-16,2024-05-16,FO,NSE,IDO,56975,,NIFTY,,2024-05-30,2024-05-30,23950.00,CE,NIFTY24MAY23950CE,3.80,5.35,3.30,4.05,3.50,3.70,22403.85,4.05,31600,3375,890,532973380.00,198,F1,25,,,,,
2024-05-16,2024-05-16,FO,NSE,IDO,49178,,NIFTY,,2025-12-24,2025-12-24,16000.00,PE,NIFTY25DEC16000PE,0.00,0.00,0.00,139.95,139.95,139.95,22403.85,6.30,2150,0,0,0.00,0,F1,25,,,,,
2024-05-16,2024-05-16,FO,NSE,IDO,71544,,NIFTY,,2027-06-24,2027-06-24,16000.00,PE,NIFTY27JUN16000PE,0.00,0.00,0.00,1476.10,0.00,1476.10,22403.85,18.50,0,0,0,0.00,0,F1,25,,,,,
2024-05-16,2024-05-16,FO,NSE,IDO,67767,,NIFTY,,2028-12-28,2028-12-28,16000.00,PE,NIFTY28DEC16000PE,0.00,0.00,0.00,39.60,0.00,39.60,22403.85,24.05,0,0,0,0.00,0,F1,25,,,,,
2024-05-16,2024-05-16,FO,NSE,IDO,58637,,NIFTY,,2026-12-31,2026-12-31,16000.00,PE,NIFTY26DEC16000PE,0.00,0.00,0.00,27.95,27.95,27.95,22403.85,15.20,2450,0,0,0.00,0,F1,25,,,,,
2024-05-16,2024-05-16,FO,NSE,IDO,67766,,NIFTY,,2028-12-28,2028-12-28,16000.00,CE,NIFTY28DEC16000CE,0.00,0.00,0.00,10704.45,0.00,10704.45,22403.85,11004.65,0,0,0,0.00,0,F1,25,,,,,
2024-05-16,2024-05-16,FO,NSE,IDO,39673,,NIFTY,,2025-06-26,2025-06-26,16000.00,CE,NIFTY25JUN16000CE,0.00,0.00,0.00,3227.55,0.00,3227.55,22403.85,7652.35,0,0,0,0.00,0,F1,25,,,,,
2024-05-16,2024-05-16,FO,NSE,IDO,43886,,NIFTY,,2024-06-13,2024-06-13,22450.00,CE,NIFTY2461322450CE,0.00,0.00,0.00,244.05,0.00,244.05,22403.85,391.45,0,0,0,0.00,0,F1,25,,,,,
2024-05-16,2024-05-16,FO,NSE,IDO,37048,,NIFTY,,2024-06-06,2024-06-06,22450.00,CE,NIFTY2460622450CE,456.90,511.30,394.00,500.45,507.00,435.05,22403.85,500.45,4650,875,237,135761236.25,105,F1,25,,,,,
2024-05-16,2024-05-16,FO,NSE,IDO,43887,,NIFTY,,2024-06-13,2024-06-13,22450.00,PE,NIFTY2461322450PE,0.00,0.00,0.00,579.95,0.00,579.95,22403.85,316.00,0,0,0,0.00,0,F1,25,,,,,
2024-05-16,2024-05-16,FO,NSE,IDO,56915,,NIFTY,,2024-05-30,2024-05-30,22450.00,CE,NIFTY24MAY22450CE,185.00,241.45,124.00,226.65,230.65,160.15,22403.85,226.65,194475,51775,32503,18390054195.00,10715,F1,25,,,,,
2024-05-16,2024-05-16,FO,NSE,IDO,51695,,NIFTY,,2024-05-16,2024-05-16,22450.00,CE,NIFTY2451622450CE,12.00,16.20,0.05,1.80,0.05,7.60,22403.85,22403.85,11573400,7975225,28260823,15863240815938.75,3935473,F1,25,,,,,
2024-05-16,2024-05-16,FO,NSE,IDO,64998,,NIFTY,,2024-07-25,2024-07-25,22450.00,PE,NIFTY24JUL22450PE,657.70,657.70,565.85,568.45,565.85,661.85,22403.85,568.45,1025,75,29,16700815.00,9,F1,25,,,,,
2024-05-16,2024-05-16,FO,NSE,IDO,64960,,NIFTY,,2024-07-25,2024-07-25,22300.00,PE,NIFTY24JUL22300PE,606.55,650.00,509.90,522.10,510.00,606.55,22403.85,522.10,11950,-25,277,158506823.75,101,F1,25,,,,,
2024-05-16,2024-05-16,FO,NSE,IDO,51689,,NIFTY,,2024-05-16,2024-05-16,22300.00,CE,NIFTY2451622300CE,54.90,121.05,0.75,97.95,104.15,34.30,22403.85,22403.85,8181750,667325,54821126,30590230495997.50,11630434,F1,25,,,,,
2024-05-16,2024-05-16,FO,NSE,IDO,51792,,NIFTY,,2024-05-16,2024-05-16,24050.00,PE,NIFTY2451624050PE,1620.00,1680.00,1620.00,1650.00,1650.00,1823.90,22403.85,22403.85,1250,250,36,23130000.00,14,F1,25,,,,,
2024-05-16,2024-05-16,FO,NSE,IDO,39266,,NIFTY,,2024-05-23,2024-05-23,24050.00,CE,NIFTY2452324050CE,1.60,1.65,1.05,1.20,1.20,1.45,22403.85,1.20,18450,7725,1682,1011354040.00,234,F1,25,,,,,
2024-05-16,2024-05-16,FO,NSE,IDO,39267,,NIFTY,,2024-05-23,2024-05-23,24050.00,PE,NIFTY2452324050PE,1697.25,1697.25,1628.80,1638.80,1640.30,1780.95,22403.85,1638.80,2000,650,26,16702515.00,13,F1,25,,,,,
2024-05-16,2024-05-16,FO,NSE,IDO,51784,,NIFTY,,2024-05-16,2024-05-16,24050.00,CE,NIFTY2451624050CE,0.30,0.30,0.05,0.05,0.05,0.25,22403.85,22403.85,137100,-13075,11427,6870507235.00,938,F1,25,,,,,
2024-05-16,2024-05-16,FO,NSE,IDO,65314,,NIFTY,,2024-07-25,2024-07-25,24050.00,PE,NIFTY24JUL24050PE,1491.80,1491.80,1470.85,1479.35,1470.85,1622.35,22403.85,1479.35,2225,500,20,12764655.00,10,F1,25,,,,,
2024-05-16,2024-05-16,FO,NSE,IDO,39668,,NIFTY,,2024-06-27,2024-06-27,16000.00,PE,NIFTY24JUN16000PE,8.75,9.40,7.00,7.05,7.00,8.50,22403.85,7.05,58325,275,266,106450622.50,36,F1,25,,,,,
2024-05-16,2024-05-16,FO,NSE,IDO,39680,,NIFTY,,2025-06-26,2025-06-26,16000.00,PE,NIFTY25JUN16000PE,0.00,0.00,0.00,129.20,129.20,129.20,22403.85,2.25,100,0,0,0.00,0,F1,25,,,,,
2024-05-16,2024-05-16,FO,NSE,IDO,65830,,NIFTY,,2024-09-26,2024-09-26,16000.00,PE,NIFTY24SEP16000PE,0.00,0.00,0.00,39.75,0.00,39.75,22403.85,0.00,0,0,0,0.00,0,F1,25,,,,,
2024-05-16,2024-05-16,FO,NSE,IDO,53598,,NIFTY,,2027-12-30,2027-12-30,16000.00,PE,NIFTY27DEC16000PE,0.00,0.00,0.00,479.35,0.00,479.35,22403.85,21.15,0,0,0,0.00,0,F1,25,,,,,
2024-05-16,2024-05-16,FO,NSE,IDO,71543,,NIFTY,,2027-06-24,2027-06-24,16000.00,CE,NIFTY27JUN16000CE,0.00,0.00,0.00,4898.40,0.00,4898.40,22403.85,9665.10,0,0,0,0.00,0,F1,25,,,,,
2024-05-16,2024-05-16,FO,NSE,IDO,50461,,NIFTY,,2026-06-25,2026-06-25,16000.00,CE,NIFTY26JUN16000CE,0.00,0.00,0.00,4748.30,0.00,4748.30,22403.85,8695.50,0,0,0,0.00,0,F1,25,,,,,
2024-05-16,2024-05-16,FO,NSE,IDO,39672,,NIFTY,,2024-12-26,2024-12-26,16000.00,PE,NIFTY24DEC16000PE,0.00,0.00,0.00,3.25,3.25,3.25,22403.85,0.20,17325,0,0,0.00,0,F1,25,,,,,
2024-05-16,2024-05-16,FO,NSE,IDO,65829,,NIFTY,,2024-09-26,2024-09-26,16000.00,CE,NIFTY24SEP16000CE,0.00,0.00,0.00,4667.40,0.00,4667.40,22403.85,6823.30,0,0,0,0.00,0,F1,25,,,,,
2024-05-16,2024-05-16,FO,NSE,IDO,86136,,NIFTY,,2028-06-29,2028-06-29,16000.00,PE,NIFTY28JUN16000PE,0.00,0.00,0.00,194.20,0.00,194.20,22403.85,22.95,0,0,0,0.00,0,F1,25,,,,,
2024-05-16,2024-05-16,FO,NSE,IDO,38872,,NIFTY,,2024-05-23,2024-05-23,23400.00,PE,NIFTY2452323400PE,1065.45,1159.85,1065.45,1098.30,1098.30,1145.10,22403.85,967.10,825,125,17,10413906.25,11,F1,25,,,,,
2024-05-16,2024-05-16,FO,NSE,IDO,37151,,NIFTY,,2024-06-06,2024-06-06,23400.00,CE,NIFTY2460623400CE,125.00,140.55,104.80,132.65,138.40,119.50,22403.85,132.65,13650,1175,1810,1064445723.75,525,F1,25,,,,,
2024-05-16,2024-05-16,FO,NSE,IDO,64108,,NIFTY,,2024-06-27,2024-06-27,20650.00,CE,NIFTY24JUN20650CE,1908.85,2015.00,1908.85,2011.05,2015.00,1916.45,22403.85,2011.05,1500,400,18,10194921.25,11,F1,25,,,,,
2024-05-16,2024-05-16,FO,NSE,IDO,64399,,NIFTY,,2024-07-25,2024-07-25,20650.00,CE,NIFTY24JUL20650CE,2047.75,2156.65,2047.75,2155.05,2150.00,2025.00,22403.85,2155.05,1000,-375,19,10829701.25,9,F1,25,,,,,
2024-05-16,2024-05-16,FO,NSE,IDO,51585,,NIFTY,,2024-05-16,2024-05-16,20650.00,CE,NIFTY2451620650CE,1480.00,1614.90,1480.00,1516.85,1516.85,1414.85,22403.85,22403.85,1450,-25,3,1664043.75,3,F1,25,,,,,
2024-05-16,2024-05-16,FO,NSE,IDO,64111,,NIFTY,,2024-06-27,2024-06-27,20650.00,PE,NIFTY24JUN20650PE,0.00,0.00,0.00,82.65,82.65,82.65,22403.85,12.85,950,0,0,0.00,0,F1,25,,,,,
2024-05-16,2024-05-16,FO,NSE,IDO,37223,,NIFTY,,2024-06-06,2024-06-06,24250.00,PE,NIFTY2460624250PE,0.00,0.00,0.00,1472.50,0.00,1472.50,22403.85,1751.55,0,0,0,0.00,0,F1,25,,,,,
2024-05-16,2024-05-16,FO,NSE,IDO,56987,,NIFTY,,2024-05-30,2024-05-30,24250.00,CE,NIFTY24MAY24250CE,3.10,3.95,2.70,3.10,3.00,3.35,22403.85,3.10,87450,-775,354,214640000.00,94,F1,25,,,,,
2024-05-16,2024-05-16,FO,NSE,IDO,51580,,NIFTY,,2024-05-16,2024-05-16,20550.00,PE,NIFTY2451620550PE,0.20,0.30,0.05,0.05,0.05,0.35,22403.85,22403.85,44175,-14325,11906,6116735358.75,1735,F1,25,,,,,
2024-05-16,2024-05-16,FO,NSE,IDO,64105,,NIFTY,,2024-06-27,2024-06-27,20550.00,PE,NIFTY24JUN20550PE,0.00,0.00,0.00,54.70,0.00,54.70,22403.85,9.85,0,0,0,0.00,0,F1,25,,,,,
2024-05-16,2024-05-16,FO,NSE,IDO,39280,,NIFTY,,2024-05-23,2024-05-23,24250.00,PE,NIFTY2452324250PE,1835.85,1857.45,1835.85,1850.80,1850.20,1998.50,22403.85,1850.80,1900,500,20,13050392.50,10,F1,25,,,,,
2024-05-16,2024-05-16,FO,NSE,IDO,36862,,NIFTY,,2024-06-06,2024-06-06,20550.00,PE,NIFTY2460620550PE,0.00,0.00,0.00,3.10,0.00,3.10,22403.85,0.95,0,0,0,0.00,0,F1,25,,,,,
2024-05-16,2024-05-16,FO,NSE,IDO,56828,,NIFTY,,2024-05-30,2024-05-30,20250.00,PE,NIFTY24MAY20250PE,3.30,6.85,3.30,3.90,3.45,4.90,22403.85,3.90,39950,450,2461,1246193550.00,589,F1,25,,,,,
2024-05-16,2024-05-16,FO,NSE,IDO,35869,,NIFTY,,2024-06-06,2024-06-06,20250.00,PE,NIFTY2460620250PE,0.00,0.00,0.00,1.10,0.00,1.10,22403.85,0.25,0,0,0,0.00,0,F1,25,,,,,
2024-05-16,2024-05-16,FO,NSE,IDO,64481,,NIFTY,,2024-07-25,2024-07-25,20950.00,PE,NIFTY24JUL20950PE,0.00,0.00,0.00,71.65,0.00,71.65,22403.85,61.60,0,0,0,0.00,0,F1,25,,,,,
2024-05-16,2024-05-16,FO,NSE,IDO,38622,,NIFTY,,2024-05-23,2024-05-23,20950.00,PE,NIFTY2452320950PE,2.40,6.70,2.40,3.10,3.05,3.95,22403.85,3.10,228050,134875,38901,20377753507.50,6266,F1,25,,,,,
2024-05-16,2024-05-16,FO,NSE,IDO,43633,,NIFTY,,2024-06-13,2024-06-13,20950.00,PE,NIFTY2461320950PE,0.00,0.00,0.00,50.55,0.00,50.55,22403.85,11.20,0,0,0,0.00,0,F1,25,,,,,
2024-05-16,2024-05-16,FO,NSE,IDO,64153,,NIFTY,,2024-06-27,2024-06-27,20950.00,PE,NIFTY24JUN20950PE,0.00,0.00,0.00,189.40,189.40,189.40,22403.85,26.75,6850,0,0,0.00,0,F1,25,,,,,
2024-05-16,2024-05-16,FO,NSE,IDO,64148,,NIFTY,,2024-07-25,2024-07-25,20250.00,CE,NIFTY24JUL20250CE,2524.40,2537.55,2524.40,2534.05,2537.35,2413.55,22403.85,2534.05,1100,550,22,12531227.50,11,F1,25,,,,,
2024-05-16,2024-05-16,FO,NSE,IDO,64085,,NIFTY,,2024-06-27,2024-06-27,20250.00,PE,NIFTY24JUN20250PE,0.00,0.00,0.00,33.95,0.00,33.95,22403.85,4.25,0,0,0,0.00,0,F1,25,,,,,
2024-05-16,2024-05-16,FO,NSE,IDO,56947,,NIFTY,,2024-05-30,2024-05-30,23250.00,CE,NIFTY24MAY23250CE,16.05,20.25,10.35,17.10,18.20,14.00,22403.85,17.10,166775,25000,16192,9417134335.00,5060,F1,25,,,,,
2024-05-16,2024-05-16,FO,NSE,IDO,38847,,NIFTY,,2024-05-23,2024-05-23,23250.00,CE,NIFTY2452323250CE,2.80,3.25,1.55,2.75,2.90,2.70,22403.85,2.75,381750,109125,63869,37127628690.00,10843,F1,25,,,,,
2024-05-16,2024-05-16,FO,NSE,IDO,37057,,NIFTY,,2024-06-06,2024-06-06,22600.00,PE,NIFTY2460622600PE,579.85,685.75,500.60,519.55,507.00,615.00,22403.85,519.55,3050,2175,221,127946907.50,94,F1,25,,,,,
2024-05-16,2024-05-16,FO,NSE,IDO,37134,,NIFTY,,2024-06-06,2024-06-06,23250.00,PE,NIFTY2460623250PE,0.00,0.00,0.00,662.50,0.00,662.50,22403.85,821.15,0,0,0,0.00,0,F1,25,,,,,
2024-05-16,2024-05-16,FO,NSE,IDO,43894,,NIFTY,,2024-06-13,2024-06-13,22600.00,PE,NIFTY2461322600PE,510.60,688.60,510.60,675.80,675.80,503.75,22403.85,391.60,400,200,10,5798932.50,6,F1,25,,,,,
2024-05-16,2024-05-16,FO,NSE,IDO,65185,,NIFTY,,2024-07-25,2024-07-25,23250.00,CE,NIFTY24JUL23250CE,0.00,0.00,0.00,527.55,0.00,527.55,22403.85,341.00,0,0,0,0.00,0,F1,25,,,,,
2024-05-16,2024-05-16,FO,NSE,IDO,64352,,NIFTY,,2024-06-27,2024-06-27,23250.00,CE,NIFTY24JUN23250CE,263.10,264.55,263.10,263.85,264.55,248.75,22403.85,263.85,6975,-25,2,1175691.25,2,F1,25,,,,,
2024-05-16,2024-05-16,FO,NSE,IDO,65005,,NIFTY,,2024-07-25,2024-07-25,22600.00,CE,NIFTY24JUL22600CE,708.40,741.00,618.00,736.25,729.80,674.95,22403.85,736.25,7150,-2800,303,176268640.00,107,F1,25,,,,,
2024-05-16,2024-05-16,FO,NSE,IDO,64295,,NIFTY,,2024-06-27,2024-06-27,22600.00,PE,NIFTY24JUN22600PE,641.80,763.90,575.75,587.35,578.90,702.20,22403.85,587.35,80275,18125,2532,1471391145.00,540,F1,25,,,,,
2024-05-16,2024-05-16,FO,NSE,IDO,56921,,NIFTY,,2024-05-30,2024-05-30,22600.00,CE,NIFTY24MAY22600CE,131.15,166.35,80.10,151.50,159.90,106.90,22403.85,151.50,1564150,-20975,137631,78165277012.50,38221,F1,25,,,,,
2024-05-16,2024-05-16,FO,NSE,IDO,64257,,NIFTY,,2024-06-27,2024-06-27,21800.00,CE,NIFTY24JUN21800CE,1012.05,1089.95,901.15,1079.60,1082.60,975.65,22403.85,1079.60,112050,-450,602,342377571.25,395,F1,25,,,,,
2024-05-16,2024-05-16,FO,NSE,IDO,36971,,NIFTY,,2024-06-06,2024-06-06,21800.00,PE,NIFTY2460621800PE,255.15,338.30,218.90,230.65,225.00,289.35,22403.85,230.65,55975,4225,1073,591944796.25,396,F1,25,,,,,
2024-05-16,2024-05-16,FO,NSE,IDO,38714,,NIFTY,,2024-05-23,2024-05-23,21800.00,PE,NIFTY2452321800PE,38.00,72.85,16.00,19.25,16.10,41.35,22403.85,19.25,1489550,443150,558897,305130387983.75,121664,F1,25,,,,,
2024-05-16,2024-05-16,FO,NSE,IDO,56889,,NIFTY,,2024-05-30,2024-05-30,21800.00,CE,NIFTY24MAY21800CE,615.00,728.85,479.55,700.45,717.10,565.65,22403.85,700.45,246800,-38075,10959,6133299578.75,4313,F1,25,,,,,
2024-05-16,2024-05-16,FO,NSE,IDO,58625,,NIFTY,,2026-06-25,2026-06-25,12000.00,PE,NIFTY26JUN12000PE,0.00,0.00,0.00,10.05,10.05,10.05,22403.85,0.10,500,0,0,0.00,0,F1,25,,,,,
2024-05-16,2024-05-16,FO,NSE,IDO,50544,,NIFTY,,2025-12-24,2025-12-24,28000.00,PE,NIFTY25DEC28000PE,0.00,0.00,0.00,6856.45,0.00,6856.45,22403.85,3236.60,0,0,0,0.00,0,F1,25,,,,,
2024-05-16,2024-05-16,FO,NSE,IDO,50530,,NIFTY,,2024-12-26,2024-12-26,28000.00,CE,NIFTY24DEC28000CE,54.35,61.00,52.65,58.00,58.00,54.35,22403.85,58.00,13500,-100,39,27353907.50,16,F1,25,,,,,
2024-05-16,2024-05-16,FO,NSE,IDO,50547,,NIFTY,,2026-12-31,2026-12-31,28000.00,CE,NIFTY26DEC28000CE,0.00,0.00,0.00,1871.10,0.00,1871.10,22403.85,1755.75,0,0,0,0.00,0,F1,25,,,,,
2024-05-16,2024-05-16,FO,NSE,IDO,35875,,NIFTY,,2024-06-06,2024-06-06,20300.00,PE,NIFTY2460620300PE,0.00,0.00,0.00,1.35,0.00,1.35,22403.85,0.30,0,0,0,0.00,0,F1,25,,,,,
2024-05-16,2024-05-16,FO,NSE,IDO,64154,,NIFTY,,2024-07-25,2024-07-25,20300.00,PE,NIFTY24JUL20300PE,0.00,0.00,0.00,93.95,93.95,93.95,22403.85,18.85,200,0,0,0.00,0,F1,25,,,,,
2024-05-16,2024-05-16,FO,NSE,IDO,38580,,NIFTY,,2024-05-23,2024-05-23,20300.00,CE,NIFTY2452320300CE,1950.00,2100.00,1830.00,2094.75,2099.95,1944.05,22403.85,2094.75,2675,775,43,23986747.50,26,F1,25,,,,,
2024-05-16,2024-05-16,FO,NSE,IDO,64087,,NIFTY,,2024-06-27,2024-06-27,20300.00,PE,NIFTY24JUN20300PE,92.95,111.15,78.45,80.70,80.45,102.80,22403.85,80.70,50400,34300,2918,1487581756.25,1008,F1,25,,,,,
2024-05-16,2024-05-16,FO,NSE,IDO,43562,,NIFTY,,2024-06-13,2024-06-13,20300.00,PE,NIFTY2461320300PE,0.00,0.00,0.00,7.30,7.30,7.30,22403.85,1.15,500,0,0,0.00,0,F1,25,,,,,
2024-05-16,2024-05-16,FO,NSE,IDO,43560,,NIFTY,,2024-06-13,2024-06-13,20300.00,CE,NIFTY2461320300CE,0.00,0.00,0.00,1808.45,0.00,1808.45,22403.85,2214.95,0,0,0,0.00,0,F1,25,,,,,
2024-05-16,2024-05-16,FO,NSE,IDO,51564,,NIFTY,,2024-05-16,2024-05-16,20300.00,PE,NIFTY2451620300PE,0.25,0.30,0.05,0.10,0.05,0.30,22403.85,22403.85,984900,-253125,101150,51333935463.75,9532,F1,25,,,,,
2024-05-16,2024-05-16,FO,NSE,IDO,38584,,NIFTY,,2024-05-23,2024-05-23,20300.00,PE,NIFTY2452320300PE,1.90,2.45,1.45,1.80,1.65,2.20,22403.85,1.80,231150,191050,20990,10653366877.50,1986,F1,25,,,,,
2024-05-16,2024-05-16,FO,NSE,IDO,64150,,NIFTY,,2024-07-25,2024-07-25,20300.00,CE,NIFTY24JUL20300CE,2469.85,2490.15,2469.85,2482.75,2481.95,2323.00,22403.85,2482.75,575,550,22,12530492.50,11,F1,25,,,,,
2024-05-16,2024-05-16,FO,NSE,IDO,56829,,NIFTY,,2024-05-30,2024-05-30,20300.00,CE,NIFTY24MAY20300CE,1989.60,2002.75,1858.00,2002.75,2002.75,1966.45,22403.85,2158.95,6125,-550,32,17761238.75,13,F1,25,,,,,
2024-05-16,2024-05-16,FO,NSE,IDO,53603,,NIFTY,,2027-12-30,2027-12-30,18000.00,CE,NIFTY27DEC18000CE,0.00,0.00,0.00,6285.70,0.00,6285.70,22403.85,8655.25,0,0,0,0.00,0,F1,25,,,,,
2024-05-16,2024-05-16,FO,NSE,IDO,55118,,NIFTY,,2024-12-26,2024-12-26,18000.00,PE,NIFTY24DEC18000PE,66.00,78.95,62.00,65.60,66.90,68.60,22403.85,65.60,387300,7575,919,415166601.25,357,F1,25,,,,,
2024-05-16,2024-05-16,FO,NSE,IDO,64523,,NIFTY,,2024-07-25,2024-07-25,21200.00,CE,NIFTY24JUL21200CE,1643.70,1704.65,1643.70,1700.10,1704.10,1621.25,22403.85,1700.10,1225,550,22,12592230.00,11,F1,25,,,,,
2024-05-16,2024-05-16,FO,NSE,IDO,56974,,NIFTY,,2024-05-30,2024-05-30,23900.00,PE,NIFTY24MAY23900PE,1583.45,1655.45,1441.60,1462.00,1467.75,1600.50,22403.85,1462.00,2775,400,21,13322922.50,12,F1,25,,,,,
2024-05-16,2024-05-16,FO,NSE,IDO,39253,,NIFTY,,2024-05-23,2024-05-23,23900.00,PE,NIFTY2452323900PE,1547.60,1550.65,1518.45,1519.50,1519.50,1632.10,22403.85,1463.80,1500,650,26,16529402.50,13,F1,25,,,,,
2024-05-16,2024-05-16,FO,NSE,IDO,39252,,NIFTY,,2024-05-23,2024-05-23,23900.00,CE,NIFTY2452323900CE,1.55,1.80,1.10,1.25,1.35,1.65,22403.85,1.25,142550,19825,14196,8482561973.75,1720,F1,25,,,,,
2024-05-16,2024-05-16,FO,NSE,IDO,56973,,NIFTY,,2024-05-30,2024-05-30,23900.00,CE,NIFTY24MAY23900CE,4.00,4.55,3.15,4.10,4.00,3.85,22403.85,4.10,66375,475,3362,2009118831.25,844,F1,25,,,,,
2024-05-16,2024-05-16,FO,NSE,IDO,43654,,NIFTY,,2024-06-13,2024-06-13,21200.00,CE,NIFTY2461321200CE,0.00,0.00,0.00,991.60,0.00,991.60,22403.85,1342.00,0,0,0,0.00,0,F1,25,,,,,
2024-05-16,2024-05-16,FO,NSE,IDO,44035,,NIFTY,,2024-06-13,2024-06-13,23900.00,PE,NIFTY2461323900PE,0.00,0.00,0.00,1791.60,0.00,1791.60,22403.85,1393.55,0,0,0,0.00,0,F1,25,,,,,
2024-05-16,2024-05-16,FO,NSE,IDO,64532,,NIFTY,,2024-07-25,2024-07-25,21200.00,PE,NIFTY24JUL21200PE,0.00,0.00,0.00,183.65,183.65,183.65,22403.85,91.50,275,0,0,0.00,0,F1,25,,,,,
2024-05-16,2024-05-16,FO,NSE,IDO,36926,,NIFTY,,2024-06-06,2024-06-06,21200.00,PE,NIFTY2460621200PE,0.00,0.00,0.00,20.40,0.00,20.40,22403.85,12.60,0,0,0,0.00,0,F1,25,,,,,
2024-05-16,2024-05-16,FO,NSE,IDO,36925,,NIFTY,,2024-06-06,2024-06-06,21200.00,CE,NIFTY2460621200CE,0.00,0.00,0.00,1616.50,0.00,1616.50,22403.85,1302.65,0,0,0,0.00,0,F1,25,,,,,
2024-05-16,2024-05-16,FO,NSE,IDO,64175,,NIFTY,,2024-06-27,2024-06-27,21200.00,PE,NIFTY24JUN21200PE,211.00,251.10,172.00,183.30,172.00,230.75,22403.85,183.30,256425,-2475,3104,1661648030.00,1721,F1,25,,,,,
2024-05-16,2024-05-16,FO,NSE,IDO,38635,,NIFTY,,2024-05-23,2024-05-23,21200.00,CE,NIFTY2452321200CE,1125.00,1242.00,940.00,1207.30,1242.00,1060.40,22403.85,1207.30,2125,1500,88,49026258.75,64,F1,25,,,,,
2024-05-16,2024-05-16,FO,NSE,IDO,65269,,NIFTY,,2024-07-25,2024-07-25,23900.00,CE,NIFTY24JUL23900CE,0.00,0.00,0.00,207.75,208.45,207.75,22403.85,169.30,4450,0,0,0.00,0,F1,25,,,,,
2024-05-16,2024-05-16,FO,NSE,IDO,64414,,NIFTY,,2024-06-27,2024-06-27,23900.00,PE,NIFTY24JUN23900PE,1493.50,1493.50,1488.20,1488.20,1488.20,1566.30,22403.85,1364.15,1625,0,8,5078192.50,4,F1,25,,,,,
2024-05-16,2024-05-16,FO,NSE,IDO,64264,,NIFTY,,2024-06-27,2024-06-27,21950.00,PE,NIFTY24JUN21950PE,317.70,463.00,317.70,357.60,352.15,433.35,22403.85,357.60,13875,-175,34,18993067.50,26,F1,25,,,,,
2024-05-16,2024-05-16,FO,NSE,IDO,51663,,NIFTY,,2024-05-16,2024-05-16,21950.00,CE,NIFTY2451621950CE,323.05,468.35,99.00,453.35,454.05,265.75,22403.85,22403.85,1297200,901150,743695,411217361765.00,245193,F1,25,,,,,
2024-05-16,2024-05-16,FO,NSE,IDO,51691,,NIFTY,,2024-05-16,2024-05-16,22350.00,CE,NIFTY2451622350CE,36.20,74.30,0.40,50.65,53.90,21.35,22403.85,22403.85,4685900,692775,42681572,23863321283778.75,7734305,F1,25,,,,,
2024-05-16,2024-05-16,FO,NSE,IDO,51692,,NIFTY,,2024-05-16,2024-05-16,22350.00,PE,NIFTY2451622350PE,100.00,313.10,0.05,3.85,0.05,164.25,22403.85,22403.85,7042675,6569575,11414240,6388143660831.25,2728606,F1,25,,,,,
2024-05-16,2024-05-16,FO,NSE,IDO,64867,,NIFTY,,2024-07-25,2024-07-25,21950.00,CE,NIFTY24JUL21950CE,1076.15,1134.30,1076.15,1125.90,1124.05,1048.15,22403.85,1125.90,675,350,24,13841902.50,13,F1,25,,,,,
2024-05-16,2024-05-16,FO,NSE,IDO,37024,,NIFTY,,2024-06-06,2024-06-06,22350.00,PE,NIFTY2460622350PE,479.60,548.85,390.65,404.65,398.65,497.70,22403.85,404.65,6775,5175,331,188402083.75,72,F1,25,,,,,
2024-05-16,2024-05-16,FO,NSE,IDO,64876,,NIFTY,,2024-07-25,2024-07-25,21950.00,PE,NIFTY24JUL21950PE,400.05,459.95,400.05,457.70,457.70,535.80,22403.85,250.70,1375,550,22,12310187.50,7,F1,25,,,,,
2024-05-16,2024-05-16,FO,NSE,IDO,64278,,NIFTY,,2024-06-27,2024-06-27,22350.00,PE,NIFTY24JUN22350PE,584.60,638.95,476.55,484.45,481.10,583.20,22403.85,484.45,23350,5425,562,321792183.75,152,F1,25,,,,,
2024-05-16,2024-05-16,FO,NSE,IDO,38753,,NIFTY,,2024-05-23,2024-05-23,22350.00,PE,NIFTY2452322350PE,192.00,313.85,107.40,123.20,112.90,222.55,22403.85,123.20,595475,508700,241272,135848721897.50,65614,F1,25,,,,,
2024-05-16,2024-05-16,FO,NSE,IDO,56911,,NIFTY,,2024-05-30,2024-05-30,22350.00,CE,NIFTY24MAY22350CE,220.00,299.90,160.60,277.70,289.85,204.45,22403.85,277.70,164775,13350,39426,22246835593.75,12244,F1,25,,,,,
2024-05-16,2024-05-16,FO,NSE,IDO,38752,,NIFTY,,2024-05-23,2024-05-23,22350.00,CE,NIFTY2452322350CE,133.05,210.00,80.30,187.95,199.55,121.30,22403.85,187.95,659225,437325,429838,241614097681.25,120334,F1,25,,,,,
2024-05-16,2024-05-16,FO,NSE,IDO,43869,,NIFTY,,2024-06-13,2024-06-13,22350.00,CE,NIFTY2461322350CE,0.00,0.00,0.00,281.40,0.00,281.40,22403.85,446.00,0,0,0,0.00,0,F1,25,,,,,
2024-05-16,2024-05-16,FO,NSE,IDO,56896,,NIFTY,,2024-05-30,2024-05-30,21950.00,PE,NIFTY24MAY21950PE,100.00,165.80,61.40,68.25,61.50,116.35,22403.85,68.25,137000,-9625,29219,16109806323.75,9055,F1,25,,,,,
2024-05-16,2024-05-16,FO,NSE,IDO,56912,,NIFTY,,2024-05-30,2024-05-30,22350.00,PE,NIFTY24MAY22350PE,238.95,354.00,161.15,176.00,165.40,268.55,22403.85,176.00,131525,11700,42967,24278439091.25,11158,F1,25,,,,,
2024-05-16,2024-05-16,FO,NSE,IDO,43791,,NIFTY,,2024-06-13,2024-06-13,21950.00,PE,NIFTY2461321950PE,0.00,0.00,0.00,309.90,0.00,309.90,22403.85,135.45,0,0,0,0.00,0,F1,25,,,,,
2024-05-16,2024-05-16,FO,NSE,IDO,64263,,NIFTY,,2024-06-27,2024-06-27,21950.00,CE,NIFTY24JUN21950CE,912.55,985.45,810.00,959.40,955.80,877.85,22403.85,959.40,2300,-100,28,15992753.75,23,F1,25,,,,,
2024-05-16,2024-05-16,FO,NSE,IDO,43883,,NIFTY,,2024-06-13,2024-06-13,22400.00,CE,NIFTY2461322400CE,0.00,0.00,0.00,262.25,0.00,262.25,22403.85,418.20,0,0,0,0.00,0,F1,25,,,,,
2024-05-16,2024-05-16,FO,NSE,IDO,64280,,NIFTY,,2024-06-27,2024-06-27,22400.00,PE,NIFTY24JUN22400PE,560.00,664.95,490.05,506.55,490.05,604.05,22403.85,506.55,228350,38125,7558,4341706742.50,3639,F1,25,,,,,
2024-05-16,2024-05-16,FO,NSE,IDO,43694,,NIFTY,,2024-06-13,2024-06-13,21550.00,PE,NIFTY2461321550PE,0.00,0.00,0.00,165.60,0.00,165.60,22403.85,57.15,0,0,0,0.00,0,F1,25,,,,,
2024-05-16,2024-05-16,FO,NSE,IDO,51693,,NIFTY,,2024-05-16,2024-05-16,22400.00,CE,NIFTY2451622400CE,21.20,33.75,0.25,9.35,3.75,13.05,22403.85,22403.85,11538725,5143225,53449141,29940849706176.25,9901046,F1,25,,,,,
2024-05-16,2024-05-16,FO,NSE,IDO,64967,,NIFTY,,2024-07-25,2024-07-25,22400.00,CE,NIFTY24JUL22400CE,798.60,861.50,722.00,842.25,836.00,769.05,22403.85,842.25,8400,-100,298,172954352.50,93,F1,25,,,,,
2024-05-16,2024-05-16,FO,NSE,IDO,56914,,NIFTY,,2024-05-30,2024-05-30,22400.00,PE,NIFTY24MAY22400PE,259.20,383.00,179.35,194.80,182.95,295.25,22403.85,194.80,1137800,490325,164015,92921945216.25,52304,F1,25,,,,,
2024-05-16,2024-05-16,FO,NSE,IDO,43885,,NIFTY,,2024-06-13,2024-06-13,22400.00,PE,NIFTY2461322400PE,0.00,0.00,0.00,548.50,0.00,548.50,22403.85,293.00,0,0,0,0.00,0,F1,25,,,,,
2024-05-16,2024-05-16,FO,NSE,IDO,37033,,NIFTY,,2024-06-06,2024-06-06,22400.00,CE,NIFTY2460622400CE,519.50,540.00,413.40,522.05,528.00,461.35,22403.85,522.05,49425,5325,2992,1711064277.50,1561,F1,25,,,,,
2024-05-16,2024-05-16,FO,NSE,IDO,38754,,NIFTY,,2024-05-23,2024-05-23,22400.00,CE,NIFTY2452322400CE,127.00,179.00,65.20,160.90,170.30,101.25,22403.85,160.90,1887575,1167175,988581,556482422118.75,252961,F1,25,,,,,
2024-05-16,2024-05-16,FO,NSE,IDO,43794,,NIFTY,,2024-06-13,2024-06-13,22050.00,CE,NIFTY2461322050CE,0.00,0.00,0.00,417.20,0.00,417.20,22403.85,635.75,0,0,0,0.00,0,F1,25,,,,,
2024-05-16,2024-05-16,FO,NSE,IDO,38732,,NIFTY,,2024-05-23,2024-05-23,22050.00,CE,NIFTY2452322050CE,320.00,439.80,216.80,409.40,425.00,289.55,22403.85,409.40,73800,20075,68910,38452911456.25,20915,F1,25,,,,,
2024-05-16,2024-05-16,FO,NSE,IDO,56899,,NIFTY,,2024-05-30,2024-05-30,22050.00,CE,NIFTY24MAY22050CE,421.10,513.85,312.55,490.70,501.05,378.70,22403.85,490.70,60000,-3575,7940,4451589771.25,4024,F1,25,,,,,
2024-05-16,2024-05-16,FO,NSE,IDO,64265,,NIFTY,,2024-06-27,2024-06-27,22050.00,CE,NIFTY24JUN22050CE,863.00,916.25,737.00,893.10,916.25,807.10,22403.85,893.10,4050,350,245,140024655.00,72,F1,25,,,,,
2024-05-16,2024-05-16,FO,NSE,IDO,51668,,NIFTY,,2024-05-16,2024-05-16,22050.00,PE,NIFTY2451622050PE,15.20,68.00,0.05,0.40,0.05,19.90,22403.85,22403.85,7894875,5558625,29855352,16474052597490.00,5835571,F1,25,,,,,
2024-05-16,2024-05-16,FO,NSE,IDO,51667,,NIFTY,,2024-05-16,2024-05-16,22050.00,CE,NIFTY2451622050CE,202.05,368.65,33.80,348.55,354.00,176.75,22403.85,22403.85,761775,-204575,6603788,3654282138447.50,1825164,F1,25,,,,,
2024-05-16,2024-05-16,FO,NSE,IDO,37001,,NIFTY,,2024-06-06,2024-06-06,22050.00,PE,NIFTY2460622050PE,217.10,429.85,217.10,296.50,326.50,206.05,22403.85,296.50,900,875,100,56031567.50,32,F1,25,,,,,
2024-05-16,2024-05-16,FO,NSE,IDO,64895,,NIFTY,,2024-07-25,2024-07-25,22050.00,CE,NIFTY24JUL22050CE,920.00,1071.55,908.55,1058.95,1071.55,978.70,22403.85,1058.95,875,500,22,12696357.50,12,F1,25,,,,,
2024-05-16,2024-05-16,FO,NSE,IDO,71561,,NIFTY,,2027-06-24,2027-06-24,24000.00,PE,NIFTY27JUN24000PE,0.00,0.00,0.00,5056.20,0.00,5056.20,22403.85,837.25,0,0,0,0.00,0,F1,25,,,,,
2024-05-16,2024-05-16,FO,NSE,IDO,64894,,NIFTY,,2024-07-25,2024-07-25,22000.00,PE,NIFTY24JUL22000PE,470.95,537.55,403.55,412.85,409.45,490.40,22403.85,412.85,307150,-4475,5250,2948603188.75,2288,F1,25,,,,,
2024-05-16,2024-05-16,FO,NSE,IDO,58622,,NIFTY,,2025-12-24,2025-12-24,22000.00,CE,NIFTY25DEC22000CE,3350.00,3350.00,3350.00,3350.00,3350.00,3100.00,22403.85,3335.60,2475,25,1,633750.00,1,F1,25,,,,,
2024-05-16,2024-05-16,FO,NSE,IDO,36986,,NIFTY,,2024-06-06,2024-06-06,22000.00,CE,NIFTY2460622000CE,745.00,801.05,630.00,777.95,801.05,698.10,22403.85,777.95,422050,16300,5834,3312356426.25,1904,F1,25,,,,,
2024-05-16,2024-05-16,FO,NSE,IDO,43793,,NIFTY,,2024-06-13,2024-06-13,22000.00,PE,NIFTY2461322000PE,365.65,447.95,305.25,321.15,309.00,390.30,22403.85,321.15,32550,5250,1139,637249533.75,483,F1,25,,,,,
2024-05-16,2024-05-16,FO,NSE,IDO,65296,,NIFTY,,2024-07-25,2024-07-25,24000.00,PE,NIFTY24JUL24000PE,1540.00,1658.25,1484.55,1484.55,1484.55,1600.00,22403.85,1484.55,1425,-25,7,4474782.50,5,F1,25,,,,,
2024-05-16,2024-05-16,FO,NSE,IDO,58618,,NIFTY,,2025-06-26,2025-06-26,22000.00,CE,NIFTY25JUN22000CE,0.00,0.00,0.00,2088.15,0.00,2088.15,22403.85,2607.70,0,0,0,0.00,0,F1,25,,,,,
2024-05-16,2024-05-16,FO,NSE,IDO,67782,,NIFTY,,2028-12-28,2028-12-28,24000.00,CE,NIFTY28DEC24000CE,0.00,0.00,0.00,5850.30,0.00,5850.30,22403.85,5897.70,0,0,0,0.00,0,F1,25,,,,,
2024-05-16,2024-05-16,FO,NSE,IDO,58610,,NIFTY,,2024-06-27,2024-06-27,22000.00,CE,NIFTY24JUN22000CE,894.95,948.95,770.00,925.25,938.35,845.05,22403.85,925.25,1921600,20200,23274,13303090067.50,11213,F1,25,,,,,
2024-05-16,2024-05-16,FO,NSE,IDO,51776,,NIFTY,,2024-05-16,2024-05-16,24000.00,CE,NIFTY2451624000CE,0.20,0.25,0.05,0.05,0.05,0.30,22403.85,22403.85,1611400,-946750,155921,93552923836.25,6036,F1,25,,,,,
2024-05-16,2024-05-16,FO,NSE,IDO,56994,,NIFTY,,2024-05-30,2024-05-30,24400.00,PE,NIFTY24MAY24400PE,2000.00,2000.00,1948.70,1955.90,1948.70,2095.95,22403.85,1955.90,5375,425,19,12520157.50,10,F1,25,,,,,
2024-05-16,2024-05-16,FO,NSE,IDO,38818,,NIFTY,,2024-05-23,2024-05-23,22950.00,CE,NIFTY2452322950CE,8.20,13.95,4.10,10.95,13.05,7.75,22403.85,10.95,470650,277125,237093,136075003142.50,47155,F1,25,,,,,
2024-05-16,2024-05-16,FO,NSE,IDO,38687,,NIFTY,,2024-05-23,2024-05-23,21650.00,CE,NIFTY2452321650CE,700.00,806.25,518.85,787.05,791.15,614.35,22403.85,787.05,8525,4400,689,383287365.00,236,F1,25,,,,,
2024-05-16,2024-05-16,FO,NSE,IDO,43730,,NIFTY,,2024-06-13,2024-06-13,21650.00,CE,NIFTY2461321650CE,0.00,0.00,0.00,654.45,0.00,654.45,22403.85,943.05,0,0,0,0.00,0,F1,25,,,,,
2024-05-16,2024-05-16,FO,NSE,IDO,43940,,NIFTY,,2024-06-13,2024-06-13,22950.00,CE,NIFTY2461322950CE,0.00,0.00,0.00,109.85,0.00,109.85,22403.85,184.35,0,0,0,0.00,0,F1,25,,,,,
2024-05-16,2024-05-16,FO,NSE,IDO,43731,,NIFTY,,2024-06-13,2024-06-13,21650.00,PE,NIFTY2461321650PE,0.00,0.00,0.00,195.95,0.00,195.95,22403.85,71.95,0,0,0,0.00,0,F1,25,,,,,
2024-05-16,2024-05-16,FO,NSE,IDO,38821,,NIFTY,,2024-05-23,2024-05-23,22950.00,PE,NIFTY2452322950PE,654.80,809.75,519.95,533.80,524.10,712.00,22403.85,533.80,22175,1650,437,257545752.50,146,F1,25,,,,,
2024-05-16,2024-05-16,FO,NSE,IDO,36956,,NIFTY,,2024-06-06,2024-06-06,21650.00,PE,NIFTY2460621650PE,0.00,0.00,0.00,250.45,250.45,250.45,22403.85,49.80,300,0,0,0.00,0,F1,25,,,,,
2024-05-16,2024-05-16,FO,NSE,IDO,37802,,NIFTY,,2026-06-25,2026-06-25,13000.00,PE,NIFTY26JUN13000PE,0.00,0.00,0.00,45.25,45.25,45.25,22403.85,0.35,200,0,0,0.00,0,F1,25,,,,,
2024-05-16,2024-05-16,FO,NSE,IDO,51748,,NIFTY,,2024-05-16,2024-05-16,23650.00,PE,NIFTY2451623650PE,0.00,0.00,0.00,1628.00,1629.60,1628.00,22403.85,22403.85,925,0,0,0.00,0,F1,25,,,,,
2024-05-16,2024-05-16,FO,NSE,IDO,39092,,NIFTY,,2024-05-23,2024-05-23,23650.00,PE,NIFTY2452323650PE,1349.95,1349.95,1295.00,1304.75,1304.75,1380.10,22403.85,1214.60,1350,475,19,11855605.00,15,F1,25,,,,,
2024-05-16,2024-05-16,FO,NSE,IDO,64390,,NIFTY,,2024-06-27,2024-06-27,23650.00,CE,NIFTY24JUN23650CE,129.40,181.40,129.40,179.05,175.90,152.55,22403.85,179.05,12450,-50,99,58910130.00,32,F1,25,,,,,
2024-05-16,2024-05-16,FO,NSE,IDO,44019,,NIFTY,,2024-06-13,2024-06-13,23650.00,PE,NIFTY2461323650PE,0.00,0.00,0.00,1555.35,0.00,1555.35,22403.85,1165.70,0,0,0,0.00,0,F1,25,,,,,
2024-05-16,2024-05-16,FO,NSE,IDO,56964,,NIFTY,,2024-05-30,2024-05-30,23650.00,PE,NIFTY24MAY23650PE,1239.85,1239.85,1197.10,1205.85,1209.30,1375.55,22403.85,1205.85,3075,550,22,13672402.50,11,F1,25,,,,,
2024-05-16,2024-05-16,FO,NSE,IDO,58631,,NIFTY,,2026-12-31,2026-12-31,13000.00,PE,NIFTY26DEC13000PE,0.00,0.00,0.00,450.00,450.00,450.00,22403.85,0.70,200,0,0,0.00,0,F1,25,,,,,
2024-05-16,2024-05-16,FO,NSE,IDO,37797,,NIFTY,,2025-12-24,2025-12-24,13000.00,PE,NIFTY25DEC13000PE,0.00,0.00,0.00,400.00,400.00,400.00,22403.85,0.10,150,0,0,0.00,0,F1,25,,,,,
2024-05-16,2024-05-16,FO,NSE,IDO,37181,,NIFTY,,2024-06-06,2024-06-06,23650.00,CE,NIFTY2460623650CE,0.00,0.00,0.00,119.80,0.00,119.80,22403.85,25.10,0,0,0,0.00,0,F1,25,,,,,
2024-05-16,2024-05-16,FO,NSE,IDO,65241,,NIFTY,,2024-07-25,2024-07-25,23650.00,CE,NIFTY24JUL23650CE,261.30,261.70,261.30,261.70,261.70,223.60,22403.85,225.30,975,0,2,1195575.00,2,F1,25,,,,,
2024-05-16,2024-05-16,FO,NSE,IDO,51747,,NIFTY,,2024-05-16,2024-05-16,23650.00,CE,NIFTY2451623650CE,0.15,0.35,0.05,0.05,0.05,0.35,22403.85,22403.85,248975,77400,45225,26739402006.25,3886,F1,25,,,,,
2024-05-16,2024-05-16,FO,NSE,IDO,64391,,NIFTY,,2024-06-27,2024-06-27,23650.00,PE,NIFTY24JUN23650PE,1319.00,1434.15,1259.50,1336.80,1416.95,1369.40,22403.85,1336.80,1875,250,18,11242232.50,9,F1,25,,,,,
2024-05-16,2024-05-16,FO,NSE,IDO,37182,,NIFTY,,2024-06-06,2024-06-06,23650.00,PE,NIFTY2460623650PE,0.00,0.00,0.00,956.65,0.00,956.65,22403.85,1175.15,0,0,0,0.00,0,F1,25,,,,,
2024-05-16,2024-05-16,FO,NSE,IDO,44014,,NIFTY,,2024-06-13,2024-06-13,23650.00,CE,NIFTY2461323650CE,0.00,0.00,0.00,27.80,0.00,27.80,22403.85,47.65,0,0,0,0.00,0,F1,25,,,,,
2024-05-16,2024-05-16,FO,NSE,IDO,56963,,NIFTY,,2024-05-30,2024-05-30,23650.00,CE,NIFTY24MAY23650CE,5.70,7.60,4.00,5.95,4.80,5.65,22403.85,5.95,52475,-2800,1128,667071938.75,252,F1,25,,,,,
2024-05-16,2024-05-16,FO,NSE,IDO,39091,,NIFTY,,2024-05-23,2024-05-23,23650.00,CE,NIFTY2452323650CE,1.85,2.00,1.00,1.40,1.50,1.85,22403.85,1.40,28050,-475,5899,3488001690.00,1253,F1,25,,,,,
2024-05-16,2024-05-16,FO,NSE,IDO,65248,,NIFTY,,2024-07-25,2024-07-25,23650.00,PE,NIFTY24JUL23650PE,1226.25,1229.45,1215.50,1221.35,1222.25,1439.20,22403.85,1221.35,625,-25,37,23005988.75,19,F1,25,,,,,
2024-05-16,2024-05-16,FO,NSE,IDO,65912,,NIFTY,,2024-09-26,2024-09-26,25000.00,PE,NIFTY24SEP25000PE,0.00,0.00,0.00,3952.40,0.00,3952.40,22403.85,2120.00,0,0,0,0.00,0,F1,25,,,,,
2024-05-16,2024-05-16,FO,NSE,IDO,71362,,NIFTY,,2024-12-26,2024-12-26,25000.00,CE,NIFTY24DEC25000CE,340.10,388.00,330.00,375.80,379.00,340.10,22403.85,375.80,380100,9025,1667,1056895118.75,582,F1,25,,,,,
2024-05-16,2024-05-16,FO,NSE,IDO,67785,,NIFTY,,2028-12-28,2028-12-28,25000.00,PE,NIFTY28DEC25000PE,0.00,0.00,0.00,937.05,0.00,937.05,22403.85,812.40,0,0,0,0.00,0,F1,25,,,,,
2024-05-16,2024-05-16,FO,NSE,IDO,64571,,NIFTY,,2025-03-27,2025-03-27,25000.00,PE,NIFTY25MAR25000PE,0.00,0.00,0.00,1808.70,0.00,1808.70,22403.85,1821.80,0,0,0,0.00,0,F1,25,,,,,
2024-05-16,2024-05-16,FO,NSE,IDO,71395,,NIFTY,,2025-12-24,2025-12-24,25000.00,CE,NIFTY25DEC25000CE,0.00,0.00,0.00,1222.85,0.00,1222.85,22403.85,1694.15,0,0,0,0.00,0,F1,25,,,,,
2024-05-16,2024-05-16,FO,NSE,IDO,71562,,NIFTY,,2027-06-24,2027-06-24,25000.00,CE,NIFTY27JUN25000CE,0.00,0.00,0.00,2090.05,0.00,2090.05,22403.85,3575.75,0,0,0,0.00,0,F1,25,,,,,
2024-05-16,2024-05-16,FO,NSE,IDO,86160,,NIFTY,,2028-06-29,2028-06-29,25000.00,PE,NIFTY28JUN25000PE,0.00,0.00,0.00,2016.80,0.00,2016.80,22403.85,898.20,0,0,0,0.00,0,F1,25,,,,,
2024-05-16,2024-05-16,FO,NSE,IDO,71475,,NIFTY,,2026-06-25,2026-06-25,25000.00,PE,NIFTY26JUN25000PE,0.00,0.00,0.00,6063.10,0.00,6063.10,22403.85,1365.00,0,0,0,0.00,0,F1,25,,,,,
2024-05-16,2024-05-16,FO,NSE,IDO,71474,,NIFTY,,2026-06-25,2026-06-25,25000.00,CE,NIFTY26JUN25000CE,0.00,0.00,0.00,1510.40,0.00,1510.40,22403.85,2332.55,0,0,0,0.00,0,F1,25,,,,,
2024-05-16,2024-05-16,FO,NSE,IDO,51752,,NIFTY,,2024-05-16,2024-05-16,23700.00,PE,NIFTY2451623700PE,1482.55,1482.55,1482.55,1482.55,1482.55,1483.85,22403.85,22403.85,1300,0,2,1259127.50,1,F1,25,,,,,
2024-05-16,2024-05-16,FO,NSE,IDO,56980,,NIFTY,,2024-05-30,2024-05-30,24050.00,PE,NIFTY24MAY24050PE,1614.20,1614.20,1596.90,1605.40,1602.40,1712.75,22403.85,1605.40,3750,700,28,17958777.50,14,F1,25,,,,,
2024-05-16,2024-05-16,FO,NSE,IDO,56979,,NIFTY,,2024-05-30,2024-05-30,24050.00,CE,NIFTY24MAY24050CE,3.05,3.85,2.80,3.50,3.10,3.30,22403.85,3.50,13925,50,499,300063143.75,159,F1,25,,,,,
2024-05-16,2024-05-16,FO,NSE,IDO,64423,,NIFTY,,2024-06-27,2024-06-27,24050.00,CE,NIFTY24JUN24050CE,97.00,105.60,78.00,103.00,103.95,90.90,22403.85,103.00,8200,-1575,215,129765475.00,114,F1,25,,,,,
2024-05-16,2024-05-16,FO,NSE,IDO,64425,,NIFTY,,2024-06-27,2024-06-27,24050.00,PE,NIFTY24JUN24050PE,1585.00,1585.00,1571.25,1576.60,1574.10,1686.75,22403.85,1576.60,1400,450,20,12813285.00,10,F1,25,,,,,
2024-05-16,2024-05-16,FO,NSE,IDO,37204,,NIFTY,,2024-06-06,2024-06-06,24050.00,PE,NIFTY2460624050PE,0.00,0.00,0.00,1292.90,0.00,1292.90,22403.85,1556.05,0,0,0,0.00,0,F1,25,,,,,
2024-05-16,2024-05-16,FO,NSE,IDO,37203,,NIFTY,,2024-06-06,2024-06-06,24050.00,CE,NIFTY2460624050CE,0.00,0.00,0.00,58.90,0.00,58.90,22403.85,7.65,0,0,0,0.00,0,F1,25,,,,,
2024-05-16,2024-05-16,FO,NSE,IDO,50462,,NIFTY,,2026-06-25,2026-06-25,16000.00,PE,NIFTY26JUN16000PE,0.00,0.00,0.00,54.80,54.80,54.80,22403.85,10.90,500,0,0,0.00,0,F1,25,,,,,
2024-05-16,2024-05-16,FO,NSE,IDO,58636,,NIFTY,,2026-12-31,2026-12-31,16000.00,CE,NIFTY26DEC16000CE,0.00,0.00,0.00,6200.00,6200.00,6200.00,22403.85,9208.05,50,0,0,0.00,0,F1,25,,,,,
2024-05-16,2024-05-16,FO,NSE,IDO,86135,,NIFTY,,2028-06-29,2028-06-29,16000.00,CE,NIFTY28JUN16000CE,0.00,0.00,0.00,8002.30,0.00,8002.30,22403.85,10580.65,0,0,0,0.00,0,F1,25,,,,,
2024-05-16,2024-05-16,FO,NSE,IDO,49177,,NIFTY,,2025-12-24,2025-12-24,16000.00,CE,NIFTY25DEC16000CE,0.00,0.00,0.00,7200.00,7200.00,7200.00,22403.85,8180.20,50,0,0,0.00,0,F1,25,,,,,
2024-05-16,2024-05-16,FO,NSE,IDO,39669,,NIFTY,,2024-12-26,2024-12-26,16000.00,CE,NIFTY24DEC16000CE,0.00,0.00,0.00,6951.00,6951.00,6951.00,22403.85,7104.10,21800,0,0,0.00,0,F1,25,,,,,
2024-05-16,2024-05-16,FO,NSE,IDO,53596,,NIFTY,,2027-12-30,2027-12-30,16000.00,CE,NIFTY27DEC16000CE,0.00,0.00,0.00,7354.45,0.00,7354.45,22403.85,10140.35,0,0,0,0.00,0,F1,25,,,,,
2024-05-16,2024-05-16,FO,NSE,IDO,39661,,NIFTY,,2024-06-27,2024-06-27,16000.00,CE,NIFTY24JUN16000CE,0.00,0.00,0.00,2666.10,0.00,2666.10,22403.85,6537.50,0,0,0,0.00,0,F1,25,,,,,
2024-05-16,2024-05-16,FO,NSE,IDO,37020,,NIFTY,,2024-06-06,2024-06-06,22300.00,PE,NIFTY2460622300PE,448.20,543.10,362.40,388.70,378.85,475.85,22403.85,388.70,39400,9825,1436,815926367.50,665,F1,25,,,,,
2024-05-16,2024-05-16,FO,NSE,IDO,51696,,NIFTY,,2024-05-16,2024-05-16,22450.00,PE,NIFTY2451622450PE,184.85,410.65,37.35,49.45,46.30,248.95,22403.85,22403.85,3862450,3682500,2349666,1323248346780.00,820983,F1,25,,,,,
2024-05-16,2024-05-16,FO,NSE,IDO,43868,,NIFTY,,2024-06-13,2024-06-13,22300.00,PE,NIFTY2461322300PE,0.00,0.00,0.00,488.45,0.00,488.45,22403.85,250.30,0,0,0,0.00,0,F1,25,,,,,
2024-05-16,2024-05-16,FO,NSE,IDO,37019,,NIFTY,,2024-06-06,2024-06-06,22300.00,CE,NIFTY2460622300CE,555.00,600.00,461.75,579.65,590.00,512.60,22403.85,579.65,38025,7725,2151,1227689772.50,992,F1,25,,,,,
2024-05-16,2024-05-16,FO,NSE,IDO,64953,,NIFTY,,2024-07-25,2024-07-25,22300.00,CE,NIFTY24JUL22300CE,880.00,919.95,775.00,901.50,907.30,832.15,22403.85,901.50,9650,4450,489,283218416.25,157,F1,25,,,,,
2024-05-16,2024-05-16,FO,NSE,IDO,64983,,NIFTY,,2024-07-25,2024-07-25,22450.00,CE,NIFTY24JUL22450CE,759.30,831.00,757.70,807.55,831.00,737.30,22403.85,807.55,950,300,17,9870043.75,10,F1,25,,,,,
2024-05-16,2024-05-16,FO,NSE,IDO,38763,,NIFTY,,2024-05-23,2024-05-23,22450.00,PE,NIFTY2452322450PE,240.00,385.05,148.90,162.15,155.00,285.15,22403.85,162.15,270450,243450,64582,36582357321.25,19624,F1,25,,,,,
2024-05-16,2024-05-16,FO,NSE,IDO,51891,,NIFTY,,2024-05-16,2024-05-16,24500.00,PE,NIFTY2451624500PE,2298.00,2298.00,2105.00,2110.60,2114.25,2272.60,22403.85,22403.85,500,-25,9,5995956.25,5,F1,25,,,,,
2024-05-16,2024-05-16,FO,NSE,IDO,51890,,NIFTY,,2024-05-16,2024-05-16,24500.00,CE,NIFTY2451624500CE,0.10,0.20,0.05,0.05,0.05,0.30,22403.85,22403.85,2287075,-1304125,253799,155452399638.75,9816,F1,25,,,,,
2024-05-16,2024-05-16,FO,NSE,IDO,64268,,NIFTY,,2024-06-27,2024-06-27,22100.00,PE,NIFTY24JUN22100PE,441.25,531.20,385.55,401.15,393.10,482.60,22403.85,401.15,102975,11250,5419,3057624301.25,1921,F1,25,,,,,
2024-05-16,2024-05-16,FO,NSE,IDO,56902,,NIFTY,,2024-05-30,2024-05-30,22100.00,PE,NIFTY24MAY22100PE,158.00,225.90,88.65,98.40,89.65,162.65,22403.85,98.40,1119250,143250,217745,121135357245.00,73095,F1,25,,,,,
2024-05-16,2024-05-16,FO,NSE,IDO,43845,,NIFTY,,2024-06-13,2024-06-13,22100.00,PE,NIFTY2461322100PE,0.00,0.00,0.00,380.30,0.00,380.30,22403.85,177.95,0,0,0,0.00,0,F1,25,,,,,
2024-05-16,2024-05-16,FO,NSE,IDO,43798,,NIFTY,,2024-06-13,2024-06-13,22100.00,CE,NIFTY2461322100CE,725.65,790.00,625.10,771.80,774.65,682.55,22403.85,771.80,5600,850,93,53037003.75,47,F1,25,,,,,
2024-05-16,2024-05-16,FO,NSE,IDO,64290,,NIFTY,,2024-06-27,2024-06-27,22550.00,CE,NIFTY24JUN22550CE,566.00,603.65,475.35,595.75,595.00,531.25,22403.85,595.75,22475,-800,314,181330068.75,85,F1,25,,,,,
2024-05-16,2024-05-16,FO,NSE,IDO,43892,,NIFTY,,2024-06-13,2024-06-13,22550.00,PE,NIFTY2461322550PE,0.00,0.00,0.00,645.65,0.00,645.65,22403.85,365.30,0,0,0,0.00,0,F1,25,,,,,
2024-05-16,2024-05-16,FO,NSE,IDO,64316,,NIFTY,,2024-06-27,2024-06-27,22800.00,CE,NIFTY24JUN22800CE,421.00,473.00,366.80,459.35,461.40,413.20,22403.85,459.35,311825,10800,4718,2738893572.50,1532,F1,25,,,,,
2024-05-16,2024-05-16,FO,NSE,IDO,37076,,NIFTY,,2024-06-06,2024-06-06,22800.00,PE,NIFTY2460622800PE,699.00,835.00,599.90,620.00,599.90,741.60,22403.85,620.00,5775,3100,292,171585505.00,90,F1,25,,,,,
2024-05-16,2024-05-16,FO,NSE,IDO,56929,,NIFTY,,2024-05-30,2024-05-30,22800.00,CE,NIFTY24MAY22800CE,69.90,91.45,41.60,82.85,87.95,57.55,22403.85,82.85,1551975,9300,167520,95747281877.50,41661,F1,25,,,,,
2024-05-16,2024-05-16,FO,NSE,IDO,37075,,NIFTY,,2024-06-06,2024-06-06,22800.00,CE,NIFTY2460622800CE,292.05,337.05,255.65,324.85,335.00,286.15,22403.85,324.85,43600,23050,2671,1542310018.75,978,F1,25,,,,,
2024-05-16,2024-05-16,FO,NSE,IDO,64861,,NIFTY,,2024-07-25,2024-07-25,21900.00,CE,NIFTY24JUL21900CE,1033.05,1170.00,1014.00,1169.85,1167.00,1080.00,22403.85,1169.85,4175,875,90,51703426.25,19,F1,25,,,,,
2024-05-16,2024-05-16,FO,NSE,IDO,51662,,NIFTY,,2024-05-16,2024-05-16,21900.00,PE,NIFTY2451621900PE,2.50,13.10,0.05,0.20,0.05,5.75,22403.85,22403.85,8094725,3500900,30434954,16666123448165.00,3421674,F1,25,,,,,
2024-05-16,2024-05-16,FO,NSE,IDO,56894,,NIFTY,,2024-05-30,2024-05-30,21900.00,PE,NIFTY24MAY21900PE,80.05,151.80,53.50,61.30,55.95,103.15,22403.85,61.30,1130475,-18000,106570,58602960982.50,30905,F1,25,,,,,
2024-05-16,2024-05-16,FO,NSE,IDO,43386,,NIFTY,,2025-06-26,2025-06-26,14000.00,PE,NIFTY25JUN14000PE,0.00,0.00,0.00,4.35,4.35,4.35,22403.85,0.10,1150,0,0,0.00,0,F1,25,,,,,
2024-05-16,2024-05-16,FO,NSE,IDO,65214,,NIFTY,,2024-07-25,2024-07-25,23450.00,PE,NIFTY24JUL23450PE,1160.75,1160.75,1160.75,1160.75,1160.75,1196.50,22403.85,998.60,25,-100,4,2461075.00,3,F1,25,,,,,
2024-05-16,2024-05-16,FO,NSE,IDO,64929,,NIFTY,,2024-07-25,2024-07-25,22150.00,CE,NIFTY24JUL22150CE,933.85,1020.10,933.85,1020.10,1020.10,917.45,22403.85,1020.10,300,75,11,6350847.50,6,F1,25,,,,,
2024-05-16,2024-05-16,FO,NSE,IDO,38740,,NIFTY,,2024-05-23,2024-05-23,22150.00,CE,NIFTY2452322150CE,275.00,354.95,161.40,325.85,345.35,225.30,22403.85,325.85,167700,21100,321333,179655167070.00,92748,F1,25,,,,,
2024-05-16,2024-05-16,FO,NSE,IDO,43850,,NIFTY,,2024-06-13,2024-06-13,22150.00,PE,NIFTY2461322150PE,0.00,0.00,0.00,405.85,0.00,405.85,22403.85,194.45,0,0,0,0.00,0,F1,25,,,,,
2024-05-16,2024-05-16,FO,NSE,IDO,51672,,NIFTY,,2024-05-16,2024-05-16,22150.00,PE,NIFTY2451622150PE,24.75,133.75,0.05,0.70,0.05,45.85,22403.85,22403.85,4593900,1828850,29593034,16418924442080.00,6910095,F1,25,,,,,
2024-05-16,2024-05-16,FO,NSE,IDO,56903,,NIFTY,,2024-05-30,2024-05-30,22150.00,CE,NIFTY24MAY22150CE,355.05,438.55,255.00,416.40,431.75,315.80,22403.85,416.40,93125,7150,26791,15047290317.50,10561,F1,25,,,,,
2024-05-16,2024-05-16,FO,NSE,IDO,56904,,NIFTY,,2024-05-30,2024-05-30,22150.00,PE,NIFTY24MAY22150PE,183.35,247.40,100.30,112.45,101.00,181.45,22403.85,112.45,127400,16150,33762,18846826737.50,10800,F1,25,,,,,
2024-05-16,2024-05-16,FO,NSE,IDO,64932,,NIFTY,,2024-07-25,2024-07-25,22150.00,PE,NIFTY24JUL22150PE,565.40,603.00,521.00,521.00,521.00,563.00,22403.85,315.30,650,125,6,3404107.50,4,F1,25,,,,,
2024-05-16,2024-05-16,FO,NSE,IDO,64270,,NIFTY,,2024-06-27,2024-06-27,22150.00,PE,NIFTY24JUN22150PE,475.00,550.00,402.25,420.00,405.50,501.80,22403.85,420.00,10050,-450,182,102995727.50,84,F1,25,,,,,
2024-05-16,2024-05-16,FO,NSE,IDO,51671,,NIFTY,,2024-05-16,2024-05-16,22150.00,CE,NIFTY2451622150CE,138.00,268.75,7.15,247.60,253.80,103.05,22403.85,22403.85,3756250,2350675,26442334,14673692543740.00,6433344,F1,25,,,,,
2024-05-16,2024-05-16,FO,NSE,IDO,43849,,NIFTY,,2024-06-13,2024-06-13,22150.00,CE,NIFTY2461322150CE,0.00,0.00,0.00,367.85,0.00,367.85,22403.85,568.30,0,0,0,0.00,0,F1,25,,,,,
2024-05-16,2024-05-16,FO,NSE,IDO,64269,,NIFTY,,2024-06-27,2024-06-27,22150.00,CE,NIFTY24JUN22150CE,755.90,844.60,682.35,822.10,822.90,751.05,22403.85,822.10,8800,-800,188,107661632.50,116,F1,25,,,,,
2024-05-16,2024-05-16,FO,NSE,IDO,37004,,NIFTY,,2024-06-06,2024-06-06,22150.00,CE,NIFTY2460622150CE,631.70,708.25,541.95,668.55,677.05,601.60,22403.85,668.55,2925,625,452,257057955.00,189,F1,25,,,,,
2024-05-16,2024-05-16,FO,NSE,IDO,38741,,NIFTY,,2024-05-23,2024-05-23,22150.00,PE,NIFTY2452322150PE,103.00,195.60,52.70,62.20,55.50,127.80,22403.85,62.20,562775,391350,537206,299196373132.50,147645,F1,25,,,,,
2024-05-16,2024-05-16,FO,NSE,IDO,64155,,NIFTY,,2024-07-25,2024-07-25,20350.00,CE,NIFTY24JUL20350CE,2437.50,2479.15,2437.50,2451.95,2450.80,2327.90,22403.85,2451.95,1200,500,20,11400975.00,10,F1,25,,,,,
2024-05-16,2024-05-16,FO,NSE,IDO,64117,,NIFTY,,2024-06-27,2024-06-27,20700.00,PE,NIFTY24JUN20700PE,138.65,158.45,111.55,115.90,113.00,145.70,22403.85,115.90,320300,7400,2292,1193291875.00,585,F1,25,,,,,
2024-05-16,2024-05-16,FO,NSE,IDO,64112,,NIFTY,,2024-06-27,2024-06-27,20700.00,CE,NIFTY24JUN20700CE,1800.00,1970.10,1800.00,1967.50,1970.10,1834.85,22403.85,1967.50,2050,800,32,18100477.50,14,F1,25,,,,,
2024-05-16,2024-05-16,FO,NSE,IDO,64402,,NIFTY,,2024-07-25,2024-07-25,20700.00,PE,NIFTY24JUL20700PE,0.00,0.00,0.00,98.50,98.50,98.50,22403.85,40.15,225,0,0,0.00,0,F1,25,,,,,
2024-05-16,2024-05-16,FO,NSE,IDO,56845,,NIFTY,,2024-05-30,2024-05-30,20700.00,CE,NIFTY24MAY20700CE,1654.80,1746.55,1472.00,1744.75,1742.90,1574.95,22403.85,1744.75,5700,-75,10,5580867.50,8,F1,25,,,,,
2024-05-16,2024-05-16,FO,NSE,IDO,36869,,NIFTY,,2024-06-06,2024-06-06,20700.00,CE,NIFTY2460620700CE,0.00,0.00,0.00,2097.55,0.00,2097.55,22403.85,1789.85,0,0,0,0.00,0,F1,25,,,,,
2024-05-16,2024-05-16,FO,NSE,IDO,38603,,NIFTY,,2024-05-23,2024-05-23,20700.00,CE,NIFTY2452320700CE,1585.00,1709.75,1430.00,1709.75,1709.75,1584.25,22403.85,1709.75,6275,4125,175,97078812.50,59,F1,25,,,,,
2024-05-16,2024-05-16,FO,NSE,IDO,51588,,NIFTY,,2024-05-16,2024-05-16,20700.00,CE,NIFTY2451620700CE,1500.00,1709.10,1349.50,1709.10,1709.10,1503.30,22403.85,22403.85,1975,-3800,378,208935650.00,66,F1,25,,,,,
2024-05-16,2024-05-16,FO,NSE,IDO,56846,,NIFTY,,2024-05-30,2024-05-30,20700.00,PE,NIFTY24MAY20700PE,7.60,13.75,6.55,7.50,6.55,10.15,22403.85,7.50,173125,-64600,42164,21829654988.75,12364,F1,25,,,,,
2024-05-16,2024-05-16,FO,NSE,IDO,64401,,NIFTY,,2024-07-25,2024-07-25,20700.00,CE,NIFTY24JUL20700CE,2037.60,2147.40,2005.25,2136.75,2146.85,2021.75,22403.85,2136.75,700,350,22,12548670.00,12,F1,25,,,,,
2024-05-16,2024-05-16,FO,NSE,IDO,38611,,NIFTY,,2024-05-23,2024-05-23,20700.00,PE,NIFTY2452320700PE,2.70,2.90,1.70,2.30,1.95,2.80,22403.85,2.30,521100,423000,104416,54041245631.25,13168,F1,25,,,,,
2024-05-16,2024-05-16,FO,NSE,IDO,43595,,NIFTY,,2024-06-13,2024-06-13,20700.00,CE,NIFTY2461320700CE,0.00,0.00,0.00,1429.75,0.00,1429.75,22403.85,1820.90,0,0,0,0.00,0,F1,25,,,,,
2024-05-16,2024-05-16,FO,NSE,IDO,51589,,NIFTY,,2024-05-16,2024-05-16,20700.00,PE,NIFTY2451620700PE,0.30,0.30,0.05,0.10,0.05,0.35,22403.85,22403.85,190975,-242350,39986,20692852713.75,3172,F1,25,,,,,
2024-05-16,2024-05-16,FO,NSE,IDO,36874,,NIFTY,,2024-06-06,2024-06-06,20700.00,PE,NIFTY2460620700PE,0.00,0.00,0.00,5.00,0.00,5.00,22403.85,1.85,0,0,0,0.00,0,F1,25,,,,,
2024-05-16,2024-05-16,FO,NSE,IDO,43596,,NIFTY,,2024-06-13,2024-06-13,20700.00,PE,NIFTY2461320700PE,24.15,24.15,24.15,24.15,24.15,27.85,22403.85,4.95,25,25,1,518103.75,1,F1,25,,,,,
2024-05-16,2024-05-16,FO,NSE,IDO,43559,,NIFTY,,2024-06-13,2024-06-13,20250.00,PE,NIFTY2461320250PE,0.00,0.00,0.00,8.05,0.00,8.05,22403.85,0.90,0,0,0,0.00,0,F1,25,,,,,
2024-05-16,2024-05-16,FO,NSE,IDO,51561,,NIFTY,,2024-05-16,2024-05-16,20250.00,CE,NIFTY2451620250CE,2016.00,2046.90,1798.45,1798.45,1798.45,1973.00,22403.85,22403.85,2150,75,18,9982272.50,18,F1,25,,,,,
2024-05-16,2024-05-16,FO,NSE,IDO,64080,,NIFTY,,2024-06-27,2024-06-27,20250.00,CE,NIFTY24JUN20250CE,2358.10,2359.85,2352.50,2355.80,2354.80,2235.15,22403.85,2355.80,1925,300,12,6781735.00,6,F1,25,,,,,
2024-05-16,2024-05-16,FO,NSE,IDO,43626,,NIFTY,,2024-06-13,2024-06-13,20950.00,CE,NIFTY2461320950CE,0.00,0.00,0.00,1204.15,0.00,1204.15,22403.85,1578.50,0,0,0,0.00,0,F1,25,,,,,
2024-05-16,2024-05-16,FO,NSE,IDO,51562,,NIFTY,,2024-05-16,2024-05-16,20250.00,PE,NIFTY2451620250PE,0.20,0.25,0.05,0.10,0.05,0.35,22403.85,22403.85,1318300,-670900,163964,83007276913.75,12966,F1,25,,,,,
2024-05-16,2024-05-16,FO,NSE,IDO,64152,,NIFTY,,2024-06-27,2024-06-27,20950.00,CE,NIFTY24JUN20950CE,1731.10,1753.50,1725.45,1738.45,1745.55,1662.00,22403.85,1738.45,1475,450,18,10209797.50,10,F1,25,,,,,
2024-05-16,2024-05-16,FO,NSE,IDO,56856,,NIFTY,,2024-05-30,2024-05-30,20950.00,PE,NIFTY24MAY20950PE,13.00,22.05,9.70,11.05,9.70,14.85,22403.85,11.05,42150,2775,2751,1441782581.25,943,F1,25,,,,,
2024-05-16,2024-05-16,FO,NSE,IDO,38578,,NIFTY,,2024-05-23,2024-05-23,20250.00,PE,NIFTY2452320250PE,2.00,2.10,1.45,1.75,1.55,2.10,22403.85,1.75,1157575,746325,54298,27490611561.25,2932,F1,25,,,,,
2024-05-16,2024-05-16,FO,NSE,IDO,38577,,NIFTY,,2024-05-23,2024-05-23,20250.00,CE,NIFTY2452320250CE,2095.95,2170.05,2095.95,2157.65,2167.65,2003.40,22403.85,2157.65,1400,650,26,14561882.50,13,F1,25,,,,,
2024-05-16,2024-05-16,FO,NSE,IDO,65237,,NIFTY,,2024-07-25,2024-07-25,23600.00,CE,NIFTY24JUL23600CE,299.50,299.50,244.70,297.20,298.60,263.70,22403.85,297.20,6300,2075,129,76923706.25,38,F1,25,,,,,
2024-05-16,2024-05-16,FO,NSE,IDO,43763,,NIFTY,,2024-06-13,2024-06-13,21900.00,CE,NIFTY2461321900CE,0.00,0.00,0.00,836.95,836.95,836.95,22403.85,744.50,225,0,0,0.00,0,F1,25,,,,,
2024-05-16,2024-05-16,FO,NSE,IDO,56956,,NIFTY,,2024-05-30,2024-05-30,23450.00,PE,NIFTY24MAY23450PE,1139.35,1140.00,1049.45,1049.45,1049.45,1166.40,22403.85,999.85,9675,25,29,17774348.75,5,F1,25,,,,,
2024-05-16,2024-05-16,FO,NSE,IDO,64103,,NIFTY,,2024-06-27,2024-06-27,20500.00,PE,NIFTY24JUN20500PE,114.95,138.00,98.00,102.00,99.00,125.20,22403.85,102.00,851700,22100,17093,8810055145.00,5317,F1,25,,,,,
2024-05-16,2024-05-16,FO,NSE,IDO,64325,,NIFTY,,2024-07-25,2024-07-25,20500.00,CE,NIFTY24JUL20500CE,2303.80,2315.75,2303.80,2310.95,2315.75,2194.30,22403.85,2310.95,1200,500,20,11405472.50,10,F1,25,,,,,
2024-05-16,2024-05-16,FO,NSE,IDO,51634,,NIFTY,,2024-05-16,2024-05-16,21450.00,PE,NIFTY2451621450PE,0.50,0.50,0.05,0.20,0.05,0.70,22403.85,22403.85,1282675,441775,959408,514486277207.50,58356,F1,25,,,,,
2024-05-16,2024-05-16,FO,NSE,IDO,64707,,NIFTY,,2024-07-25,2024-07-25,21450.00,CE,NIFTY24JUL21450CE,1414.60,1418.40,1412.15,1418.40,1418.40,1257.65,22403.85,1383.40,275,150,6,3429757.50,3,F1,25,,,,,
2024-05-16,2024-05-16,FO,NSE,IDO,64230,,NIFTY,,2024-06-27,2024-06-27,21450.00,PE,NIFTY24JUN21450PE,172.15,266.45,172.15,228.15,222.95,284.45,22403.85,228.15,2300,125,17,9216486.25,14,F1,25,,,,,
2024-05-16,2024-05-16,FO,NSE,IDO,36939,,NIFTY,,2024-06-06,2024-06-06,21450.00,PE,NIFTY2460621450PE,0.00,0.00,0.00,37.50,0.00,37.50,22403.85,28.15,0,0,0,0.00,0,F1,25,,,,,
2024-05-16,2024-05-16,FO,NSE,IDO,64708,,NIFTY,,2024-07-25,2024-07-25,21450.00,PE,NIFTY24JUL21450PE,0.00,0.00,0.00,139.70,0.00,139.70,22403.85,131.75,0,0,0,0.00,0,F1,25,,,,,
2024-05-16,2024-05-16,FO,NSE,IDO,51633,,NIFTY,,2024-05-16,2024-05-16,21450.00,CE,NIFTY2451621450CE,822.00,959.60,595.35,949.55,954.50,753.75,22403.85,22403.85,5625,-900,426,236319975.00,182,F1,25,,,,,
2024-05-16,2024-05-16,FO,NSE,IDO,43582,,NIFTY,,2024-06-13,2024-06-13,20500.00,PE,NIFTY2461320500PE,0.00,0.00,0.00,16.50,0.00,16.50,22403.85,2.45,0,0,0,0.00,0,F1,25,,,,,
2024-05-16,2024-05-16,FO,NSE,IDO,64326,,NIFTY,,2024-07-25,2024-07-25,20500.00,PE,NIFTY24JUL20500PE,71.35,118.30,71.35,118.30,118.30,71.50,22403.85,118.30,2175,975,40,20617126.25,18,F1,25,,,,,
2024-05-16,2024-05-16,FO,NSE,IDO,56934,,NIFTY,,2024-05-30,2024-05-30,22900.00,PE,NIFTY24MAY22900PE,625.00,764.80,474.00,509.85,488.90,659.05,22403.85,509.85,122675,-2450,947,556097171.25,394,F1,25,,,,,
2024-05-16,2024-05-16,FO,NSE,IDO,65045,,NIFTY,,2024-07-25,2024-07-25,22900.00,CE,NIFTY24JUL22900CE,550.00,591.10,490.00,569.90,577.00,522.75,22403.85,569.90,4875,775,82,48009423.75,21,F1,25,,,,,
2024-05-16,2024-05-16,FO,NSE,IDO,56933,,NIFTY,,2024-05-30,2024-05-30,22900.00,CE,NIFTY24MAY22900CE,57.00,65.45,29.70,59.40,61.95,40.75,22403.85,59.40,1126575,-52075,146324,83932819641.25,49393,F1,25,,,,,
2024-05-16,2024-05-16,FO,NSE,IDO,43927,,NIFTY,,2024-06-13,2024-06-13,22900.00,CE,NIFTY2461322900CE,0.00,0.00,0.00,177.60,177.60,177.60,22403.85,200.35,200,0,0,0.00,0,F1,25,,,,,
2024-05-16,2024-05-16,FO,NSE,IDO,37099,,NIFTY,,2024-06-06,2024-06-06,22900.00,CE,NIFTY2460622900CE,262.80,292.00,225.00,284.75,292.00,252.50,22403.85,284.75,10750,1450,502,290600076.25,228,F1,25,,,,,
2024-05-16,2024-05-16,FO,NSE,IDO,43930,,NIFTY,,2024-06-13,2024-06-13,22900.00,PE,NIFTY2461322900PE,0.00,0.00,0.00,902.55,0.00,902.55,22403.85,572.45,0,0,0,0.00,0,F1,25,,,,,
2024-05-16,2024-05-16,FO,NSE,IDO,51714,,NIFTY,,2024-05-16,2024-05-16,22900.00,PE,NIFTY2451622900PE,630.00,861.00,483.85,499.15,497.00,694.30,22403.85,22403.85,13400,-12225,3690,2172702893.75,1739,F1,25,,,,,
2024-05-16,2024-05-16,FO,NSE,IDO,64322,,NIFTY,,2024-06-27,2024-06-27,22900.00,CE,NIFTY24JUN22900CE,392.65,427.50,332.00,416.85,420.90,375.95,22403.85,416.85,61375,3475,1792,1043224623.75,543,F1,25,,,,,
2024-05-16,2024-05-16,FO,NSE,IDO,43729,,NIFTY,,2024-06-13,2024-06-13,21600.00,PE,NIFTY2461321600PE,0.00,0.00,0.00,180.30,0.00,180.30,22403.85,64.20,0,0,0,0.00,0,F1,25,,,,,
2024-05-16,2024-05-16,FO,NSE,IDO,56881,,NIFTY,,2024-05-30,2024-05-30,21600.00,CE,NIFTY24MAY21600CE,807.25,915.30,639.35,892.70,908.40,739.45,22403.85,892.70,74475,-2500,771,430693871.25,271,F1,25,,,,,
2024-05-16,2024-05-16,FO,NSE,IDO,38686,,NIFTY,,2024-05-23,2024-05-23,21600.00,PE,NIFTY2452321600PE,14.70,38.50,9.00,10.60,9.00,20.55,22403.85,10.60,1271850,665350,356892,192876020398.75,77089,F1,25,,,,,
2024-05-16,2024-05-16,FO,NSE,IDO,56858,,NIFTY,,2024-05-30,2024-05-30,21000.00,PE,NIFTY24MAY21000PE,16.40,24.30,10.65,12.15,10.85,16.55,22403.85,12.15,3917050,197800,208514,109552054627.50,53014,F1,25,,,,,
2024-05-16,2024-05-16,FO,NSE,IDO,51611,,NIFTY,,2024-05-16,2024-05-16,21000.00,CE,NIFTY2451621000CE,1279.95,1410.00,1047.90,1396.40,1405.50,1203.25,22403.85,22403.85,10150,-17100,1516,841272017.50,700,F1,25,,,,,
2024-05-16,2024-05-16,FO,NSE,IDO,58646,,NIFTY,,2026-12-31,2026-12-31,21000.00,CE,NIFTY26DEC21000CE,0.00,0.00,0.00,3356.25,0.00,3356.25,22403.85,5371.35,0,0,0,0.00,0,F1,25,,,,,
2024-05-16,2024-05-16,FO,NSE,IDO,51444,,NIFTY,,2024-06-27,2024-06-27,21000.00,CE,NIFTY24JUN21000CE,1649.95,1735.05,1483.95,1696.15,1718.00,1580.60,22403.85,1696.15,537850,-13000,1636,925741797.50,695,F1,25,,,,,
2024-05-16,2024-05-16,FO,NSE,IDO,37794,,NIFTY,,2025-06-26,2025-06-26,23000.00,PE,NIFTY25JUN23000PE,900.05,900.05,900.05,900.05,900.05,899.00,22403.85,795.25,1375,25,1,597501.25,1,F1,25,,,,,
2024-05-16,2024-05-16,FO,NSE,IDO,51732,,NIFTY,,2024-05-16,2024-05-16,23350.00,PE,NIFTY2451623350PE,1198.30,1269.65,944.50,947.80,945.25,1095.90,22403.85,22403.85,1225,675,242,147550976.25,62,F1,25,,,,,
2024-05-16,2024-05-16,FO,NSE,IDO,38852,,NIFTY,,2024-05-23,2024-05-23,23350.00,CE,NIFTY2452323350CE,2.20,2.40,1.20,1.90,2.10,2.10,22403.85,1.90,371450,193425,46053,26885450858.75,5582,F1,25,,,,,
2024-05-16,2024-05-16,FO,NSE,IDO,64356,,NIFTY,,2024-06-27,2024-06-27,23350.00,CE,NIFTY24JUN23350CE,206.30,254.70,198.80,252.95,251.55,226.00,22403.85,252.95,5550,-1650,206,121348478.75,55,F1,25,,,,,
2024-05-16,2024-05-16,FO,NSE,IDO,37150,,NIFTY,,2024-06-06,2024-06-06,23350.00,PE,NIFTY2460623350PE,0.00,0.00,0.00,731.25,0.00,731.25,22403.85,906.00,0,0,0,0.00,0,F1,25,,,,,
2024-05-16,2024-05-16,FO,NSE,IDO,43988,,NIFTY,,2024-06-13,2024-06-13,23350.00,PE,NIFTY2461323350PE,0.00,0.00,0.00,1281.65,0.00,1281.65,22403.85,908.70,0,0,0,0.00,0,F1,25,,,,,
2024-05-16,2024-05-16,FO,NSE,IDO,71476,,NIFTY,,2026-06-25,2026-06-25,26000.00,CE,NIFTY26JUN26000CE,0.00,0.00,0.00,1343.15,0.00,1343.15,22403.85,1898.85,0,0,0,0.00,0,F1,25,,,,,
2024-05-16,2024-05-16,FO,NSE,IDO,71477,,NIFTY,,2026-06-25,2026-06-25,26000.00,PE,NIFTY26JUN26000PE,0.00,0.00,0.00,6709.20,0.00,6709.20,22403.85,1788.80,0,0,0,0.00,0,F1,25,,,,,
2024-05-16,2024-05-16,FO,NSE,IDO,71506,,NIFTY,,2026-12-31,2026-12-31,26000.00,PE,NIFTY26DEC26000PE,0.00,0.00,0.00,6437.40,0.00,6437.40,22403.85,1584.50,0,0,0,0.00,0,F1,25,,,,,
2024-05-16,2024-05-16,FO,NSE,IDO,67786,,NIFTY,,2028-12-28,2028-12-28,26000.00,CE,NIFTY28DEC26000CE,0.00,0.00,0.00,4879.70,0.00,4879.70,22403.85,4867.50,0,0,0,0.00,0,F1,25,,,,,
2024-05-16,2024-05-16,FO,NSE,IDO,53630,,NIFTY,,2027-12-30,2027-12-30,26000.00,PE,NIFTY27DEC26000PE,0.00,0.00,0.00,3359.75,0.00,3359.75,22403.85,1268.65,0,0,0,0.00,0,F1,25,,,,,
2024-05-16,2024-05-16,FO,NSE,IDO,71505,,NIFTY,,2026-12-31,2026-12-31,26000.00,CE,NIFTY26DEC26000CE,0.00,0.00,0.00,1631.05,0.00,1631.05,22403.85,2520.45,0,0,0,0.00,0,F1,25,,,,,
2024-05-16,2024-05-16,FO,NSE,IDO,56986,,NIFTY,,2024-05-30,2024-05-30,24200.00,PE,NIFTY24MAY24200PE,1759.65,1761.00,1747.95,1754.35,1747.95,1892.30,22403.85,1754.35,5100,500,20,12977177.50,10,F1,25,,,,,
2024-05-16,2024-05-16,FO,NSE,IDO,51811,,NIFTY,,2024-05-16,2024-05-16,24200.00,CE,NIFTY2451624200CE,0.25,0.25,0.05,0.05,0.05,0.25,22403.85,22403.85,165550,-168025,15785,9549971221.25,809,F1,25,,,,,
2024-05-16,2024-05-16,FO,NSE,IDO,43993,,NIFTY,,2024-06-13,2024-06-13,23400.00,PE,NIFTY2461323400PE,0.00,0.00,0.00,1326.35,0.00,1326.35,22403.85,950.00,0,0,0,0.00,0,F1,25,,,,,
2024-05-16,2024-05-16,FO,NSE,IDO,56953,,NIFTY,,2024-05-30,2024-05-30,23400.00,CE,NIFTY24MAY23400CE,10.15,12.45,6.85,11.00,11.60,9.25,22403.85,11.00,486375,30600,36037,21089893830.00,8509,F1,25,,,,,
2024-05-16,2024-05-16,FO,NSE,IDO,43989,,NIFTY,,2024-06-13,2024-06-13,23400.00,CE,NIFTY2461323400CE,87.05,87.05,87.05,87.05,87.05,47.05,22403.85,87.05,25,25,1,587176.25,1,F1,25,,,,,
2024-05-16,2024-05-16,FO,NSE,IDO,64362,,NIFTY,,2024-06-27,2024-06-27,23400.00,CE,NIFTY24JUN23400CE,215.15,244.55,185.00,240.00,230.65,210.80,22403.85,240.00,125575,76450,5771,3406455776.25,1889,F1,25,,,,,
2024-05-16,2024-05-16,FO,NSE,IDO,39137,,NIFTY,,2024-05-23,2024-05-23,23700.00,CE,NIFTY2452323700CE,1.35,1.80,1.10,1.35,1.30,1.65,22403.85,1.35,187675,33400,26024,15420112658.75,3205,F1,25,,,,,
2024-05-16,2024-05-16,FO,NSE,IDO,37184,,NIFTY,,2024-06-06,2024-06-06,23700.00,PE,NIFTY2460623700PE,0.00,0.00,0.00,996.65,0.00,996.65,22403.85,1221.65,0,0,0,0.00,0,F1,25,,,,,
2024-05-16,2024-05-16,FO,NSE,IDO,44020,,NIFTY,,2024-06-13,2024-06-13,23700.00,CE,NIFTY2461323700CE,0.00,0.00,0.00,71.00,71.00,71.00,22403.85,42.65,1825,0,0,0.00,0,F1,25,,,,,
2024-05-16,2024-05-16,FO,NSE,IDO,37183,,NIFTY,,2024-06-06,2024-06-06,23700.00,CE,NIFTY2460623700CE,0.00,0.00,0.00,110.20,0.00,110.20,22403.85,21.85,0,0,0,0.00,0,F1,25,,,,,
2024-05-16,2024-05-16,FO,NSE,IDO,56966,,NIFTY,,2024-05-30,2024-05-30,23700.00,PE,NIFTY24MAY23700PE,1338.00,1506.25,1211.65,1222.70,1227.65,1426.10,22403.85,1222.70,4925,200,42,26286642.50,15,F1,25,,,,,
2024-05-16,2024-05-16,FO,NSE,IDO,39243,,NIFTY,,2024-05-23,2024-05-23,23800.00,CE,NIFTY2452323800CE,1.80,1.85,1.05,1.25,1.15,1.95,22403.85,1.25,70150,35525,18761,11163398025.00,2141,F1,25,,,,,
2024-05-16,2024-05-16,FO,NSE,IDO,71546,,NIFTY,,2027-06-24,2027-06-24,17000.00,PE,NIFTY27JUN17000PE,0.00,0.00,0.00,1814.75,0.00,1814.75,22403.85,37.25,0,0,0,0.00,0,F1,25,,,,,
2024-05-16,2024-05-16,FO,NSE,IDO,39244,,NIFTY,,2024-05-23,2024-05-23,23800.00,PE,NIFTY2452323800PE,1447.90,1451.60,1447.40,1447.40,1447.40,1574.15,22403.85,1364.05,1050,400,16,10099876.25,13,F1,25,,,,,
2024-05-16,2024-05-16,FO,NSE,IDO,65204,,NIFTY,,2024-07-25,2024-07-25,23350.00,PE,NIFTY24JUL23350PE,0.00,0.00,0.00,1226.45,1226.45,1226.45,22403.85,930.25,275,0,0,0.00,0,F1,25,,,,,
2024-05-16,2024-05-16,FO,NSE,IDO,65003,,NIFTY,,2024-07-25,2024-07-25,22550.00,CE,NIFTY24JUL22550CE,701.00,705.85,701.00,705.85,705.85,683.85,22403.85,643.45,1250,400,16,9300800.00,4,F1,25,,,,,
2024-05-16,2024-05-16,FO,NSE,IDO,38794,,NIFTY,,2024-05-23,2024-05-23,22800.00,CE,NIFTY2452322800CE,23.65,32.65,9.40,27.75,30.10,16.45,22403.85,27.75,2178350,1588175,587338,335069054811.25,113581,F1,25,,,,,
2024-05-16,2024-05-16,FO,NSE,IDO,38766,,NIFTY,,2024-05-23,2024-05-23,22550.00,CE,NIFTY2452322550CE,71.25,110.00,33.45,91.10,98.00,55.20,22403.85,91.10,475250,273725,305225,172537190762.50,81843,F1,25,,,,,
2024-05-16,2024-05-16,FO,NSE,IDO,65004,,NIFTY,,2024-07-25,2024-07-25,22550.00,PE,NIFTY24JUL22550PE,688.10,690.30,593.40,603.10,606.40,708.00,22403.85,603.10,1600,1100,101,58489252.50,29,F1,25,,,,,
2024-05-16,2024-05-16,FO,NSE,IDO,65039,,NIFTY,,2024-07-25,2024-07-25,22800.00,CE,NIFTY24JUL22800CE,587.80,634.95,525.00,625.50,629.95,565.00,22403.85,625.50,8700,-900,198,115696222.50,56,F1,25,,,,,
2024-05-16,2024-05-16,FO,NSE,IDO,43919,,NIFTY,,2024-06-13,2024-06-13,22800.00,PE,NIFTY2461322800PE,0.00,0.00,0.00,825.25,0.00,825.25,22403.85,507.95,0,0,0,0.00,0,F1,25,,,,,
2024-05-16,2024-05-16,FO,NSE,IDO,51709,,NIFTY,,2024-05-16,2024-05-16,22800.00,CE,NIFTY2451622800CE,0.50,0.60,0.05,0.10,0.05,0.60,22403.85,22403.85,6200425,821825,2348955,1338922084915.00,187468,F1,25,,,,,
2024-05-16,2024-05-16,FO,NSE,IDO,56919,,NIFTY,,2024-05-30,2024-05-30,22550.00,CE,NIFTY24MAY22550CE,147.65,188.90,93.70,176.55,183.00,123.20,22403.85,176.55,158975,17200,31202,17693510707.50,11703,F1,25,,,,,
2024-05-16,2024-05-16,FO,NSE,IDO,38723,,NIFTY,,2024-05-23,2024-05-23,21900.00,CE,NIFTY2452321900CE,459.55,571.85,315.00,543.35,561.00,404.85,22403.85,543.35,93500,16500,22405,12488113875.00,7845,F1,25,,,,,
2024-05-16,2024-05-16,FO,NSE,IDO,64262,,NIFTY,,2024-06-27,2024-06-27,21900.00,PE,NIFTY24JUN21900PE,381.95,452.05,324.50,335.75,325.00,409.75,22403.85,335.75,94250,-2175,2680,1493340437.50,960,F1,25,,,,,
2024-05-16,2024-05-16,FO,NSE,IDO,43770,,NIFTY,,2024-06-13,2024-06-13,21900.00,PE,NIFTY2461321900PE,0.00,0.00,0.00,288.45,0.00,288.45,22403.85,122.05,0,0,0,0.00,0,F1,25,,,,,
2024-05-16,2024-05-16,FO,NSE,IDO,43382,,NIFTY,,2024-06-27,2024-06-27,14000.00,PE,NIFTY24JUN14000PE,0.00,0.00,0.00,3.05,3.05,3.05,22403.85,0.00,7075,0,0,0.00,0,F1,25,,,,,
2024-05-16,2024-05-16,FO,NSE,IDO,43384,,NIFTY,,2024-12-26,2024-12-26,14000.00,PE,NIFTY24DEC14000PE,0.00,0.00,0.00,20.50,20.50,20.50,22403.85,0.00,3300,0,0,0.00,0,F1,25,,,,,
2024-05-16,2024-05-16,FO,NSE,IDO,50444,,NIFTY,,2026-06-25,2026-06-25,14000.00,PE,NIFTY26JUN14000PE,0.00,0.00,0.00,300.00,300.00,300.00,22403.85,1.25,100,0,0,0.00,0,F1,25,,,,,
2024-05-16,2024-05-16,FO,NSE,IDO,43383,,NIFTY,,2024-12-26,2024-12-26,14000.00,CE,NIFTY24DEC14000CE,0.00,0.00,0.00,8800.00,8800.00,8800.00,22403.85,9016.40,100,0,0,0.00,0,F1,25,,,,,
2024-05-16,2024-05-16,FO,NSE,IDO,58633,,NIFTY,,2026-12-31,2026-12-31,14000.00,PE,NIFTY26DEC14000PE,0.00,0.00,0.00,500.00,500.00,500.00,22403.85,2.30,950,0,0,0.00,0,F1,25,,,,,
2024-05-16,2024-05-16,FO,NSE,IDO,64296,,NIFTY,,2024-06-27,2024-06-27,22650.00,CE,NIFTY24JUN22650CE,514.35,544.00,426.60,526.05,540.25,480.00,22403.85,526.05,8400,-1500,198,114587805.00,59,F1,25,,,,,
2024-05-16,2024-05-16,FO,NSE,IDO,56924,,NIFTY,,2024-05-30,2024-05-30,22650.00,PE,NIFTY24MAY22650PE,399.95,555.90,305.00,324.35,313.00,442.35,22403.85,324.35,69700,6400,3871,2231278348.75,1617,F1,25,,,,,
2024-05-16,2024-05-16,FO,NSE,IDO,65316,,NIFTY,,2024-07-25,2024-07-25,24100.00,PE,NIFTY24JUL24100PE,1530.05,1530.05,1508.95,1516.90,1509.10,1768.50,22403.85,1516.90,1800,650,26,16650982.50,13,F1,25,,,,,
2024-05-16,2024-05-16,FO,NSE,IDO,64426,,NIFTY,,2024-06-27,2024-06-27,24100.00,CE,NIFTY24JUN24100CE,89.95,100.00,72.40,96.95,90.00,83.85,22403.85,96.95,65775,-1775,1101,665698041.25,508,F1,25,,,,,
2024-05-16,2024-05-16,FO,NSE,IDO,43575,,NIFTY,,2024-06-13,2024-06-13,20400.00,CE,NIFTY2461320400CE,0.00,0.00,0.00,1712.30,0.00,1712.30,22403.85,2116.00,0,0,0,0.00,0,F1,25,,,,,
2024-05-16,2024-05-16,FO,NSE,IDO,65297,,NIFTY,,2024-07-25,2024-07-25,24050.00,CE,NIFTY24JUL24050CE,0.00,0.00,0.00,174.80,174.80,174.80,22403.85,141.80,2100,0,0,0.00,0,F1,25,,,,,
2024-05-16,2024-05-16,FO,NSE,IDO,56970,,NIFTY,,2024-05-30,2024-05-30,23800.00,PE,NIFTY24MAY23800PE,1440.30,1506.00,1319.15,1330.10,1319.15,1523.50,22403.85,1330.10,4600,475,32,20149206.25,16,F1,25,,,,,
2024-05-16,2024-05-16,FO,NSE,IDO,45857,,NIFTY,,2024-06-27,2024-06-27,17000.00,PE,NIFTY24JUN17000PE,10.50,11.40,10.00,10.85,10.30,11.40,22403.85,10.85,313725,12400,2492,1059762658.75,397,F1,25,,,,,
2024-05-16,2024-05-16,FO,NSE,IDO,50497,,NIFTY,,2026-06-25,2026-06-25,17000.00,CE,NIFTY26JUN17000CE,0.00,0.00,0.00,4348.25,0.00,4348.25,22403.85,7853.10,0,0,0,0.00,0,F1,25,,,,,
2024-05-16,2024-05-16,FO,NSE,IDO,37189,,NIFTY,,2024-06-06,2024-06-06,23800.00,CE,NIFTY2460623800CE,0.00,0.00,0.00,24.80,24.80,24.80,22403.85,16.40,50,0,0,0.00,0,F1,25,,,,,
2024-05-16,2024-05-16,FO,NSE,IDO,37127,,NIFTY,,2024-06-06,2024-06-06,23200.00,CE,NIFTY2460623200CE,170.00,191.00,145.00,184.55,189.45,162.90,22403.85,184.55,26300,5325,943,550861352.50,436,F1,25,,,,,
2024-05-16,2024-05-16,FO,NSE,IDO,56946,,NIFTY,,2024-05-30,2024-05-30,23200.00,PE,NIFTY24MAY23200PE,849.30,1038.95,733.95,760.60,746.40,931.00,22403.85,760.60,56925,225,154,92583183.75,75,F1,25,,,,,
2024-05-16,2024-05-16,FO,NSE,IDO,64346,,NIFTY,,2024-06-27,2024-06-27,23200.00,CE,NIFTY24JUN23200CE,280.10,308.25,236.20,298.70,299.00,268.10,22403.85,298.70,186425,-7875,4383,2571424050.00,2468,F1,25,,,,,
2024-05-16,2024-05-16,FO,NSE,IDO,38842,,NIFTY,,2024-05-23,2024-05-23,23200.00,CE,NIFTY2452323200CE,4.10,4.10,1.60,3.05,3.30,2.85,22403.85,3.05,1601150,1260825,287279,166639297795.00,35598,F1,25,,,,,
2024-05-16,2024-05-16,FO,NSE,IDO,65184,,NIFTY,,2024-07-25,2024-07-25,23200.00,PE,NIFTY24JUL23200PE,1072.95,1115.00,924.00,935.05,924.00,1049.95,22403.85,935.05,3275,1700,129,78316246.25,31,F1,25,,,,,
2024-05-16,2024-05-16,FO,NSE,IDO,64347,,NIFTY,,2024-06-27,2024-06-27,23200.00,PE,NIFTY24JUN23200PE,974.05,1125.00,911.05,927.35,911.05,1060.00,22403.85,927.35,15275,475,53,32119530.00,29,F1,25,,,,,
2024-05-16,2024-05-16,FO,NSE,IDO,65181,,NIFTY,,2024-07-25,2024-07-25,23200.00,CE,NIFTY24JUL23200CE,403.55,445.00,367.70,432.50,443.35,402.30,22403.85,432.50,5175,-100,265,156396732.50,112,F1,25,,,,,
2024-05-16,2024-05-16,FO,NSE,IDO,43975,,NIFTY,,2024-06-13,2024-06-13,23200.00,CE,NIFTY2461323200CE,0.00,0.00,0.00,69.65,0.00,69.65,22403.85,118.60,0,0,0,0.00,0,F1,25,,,,,
2024-05-16,2024-05-16,FO,NSE,IDO,38845,,NIFTY,,2024-05-23,2024-05-23,23200.00,PE,NIFTY2452323200PE,899.15,1068.00,752.75,774.95,774.65,950.05,22403.85,774.95,10200,8375,467,280500503.75,114,F1,25,,,,,
2024-05-16,2024-05-16,FO,NSE,IDO,37179,,NIFTY,,2024-06-06,2024-06-06,23600.00,CE,NIFTY2460623600CE,90.00,104.50,75.65,98.15,101.70,51.70,22403.85,98.15,8475,7800,903,534767857.50,252,F1,25,,,,,
2024-05-16,2024-05-16,FO,NSE,IDO,56962,,NIFTY,,2024-05-30,2024-05-30,23600.00,PE,NIFTY24MAY23600PE,1242.10,1420.00,1116.85,1142.35,1124.55,1240.00,22403.85,1142.35,8225,275,51,31695090.00,20,F1,25,,,,,
2024-05-16,2024-05-16,FO,NSE,IDO,44007,,NIFTY,,2024-06-13,2024-06-13,23600.00,CE,NIFTY2461323600CE,0.00,0.00,0.00,31.00,0.00,31.00,22403.85,53.15,0,0,0,0.00,0,F1,25,,,,,
2024-05-16,2024-05-16,FO,NSE,IDO,37055,,NIFTY,,2024-06-06,2024-06-06,22550.00,PE,NIFTY2460622550PE,536.75,536.75,480.00,480.00,480.00,679.60,22403.85,480.00,350,325,13,7501547.50,7,F1,25,,,,,
2024-05-16,2024-05-16,FO,NSE,IDO,51710,,NIFTY,,2024-05-16,2024-05-16,22800.00,PE,NIFTY2451622800PE,520.05,755.00,383.70,402.85,396.05,592.15,22403.85,22403.85,67025,-18575,9010,5252798158.75,4150,F1,25,,,,,
2024-05-16,2024-05-16,FO,NSE,IDO,56920,,NIFTY,,2024-05-30,2024-05-30,22550.00,PE,NIFTY24MAY22550PE,327.65,484.05,250.00,264.80,256.80,386.00,22403.85,264.80,50150,9775,7070,4048563460.00,2945,F1,25,,,,,
2024-05-16,2024-05-16,FO,NSE,IDO,56930,,NIFTY,,2024-05-30,2024-05-30,22800.00,PE,NIFTY24MAY22800PE,496.30,682.35,404.00,412.10,408.10,569.85,22403.85,412.10,629500,48100,11522,6706226652.50,3295,F1,25,,,,,
2024-05-16,2024-05-16,FO,NSE,IDO,64291,,NIFTY,,2024-06-27,2024-06-27,22550.00,PE,NIFTY24JUN22550PE,656.00,670.00,558.40,576.65,564.00,672.45,22403.85,576.65,5900,1950,303,175407078.75,48,F1,25,,,,,
2024-05-16,2024-05-16,FO,NSE,IDO,43890,,NIFTY,,2024-06-13,2024-06-13,22550.00,CE,NIFTY2461322550CE,0.00,0.00,0.00,210.45,0.00,210.45,22403.85,341.25,0,0,0,0.00,0,F1,25,,,,,
2024-05-16,2024-05-16,FO,NSE,IDO,38767,,NIFTY,,2024-05-23,2024-05-23,22550.00,PE,NIFTY2452322550PE,308.45,463.30,201.90,219.90,211.00,360.55,22403.85,219.90,62025,50375,15707,8964318396.25,4984,F1,25,,,,,
2024-05-16,2024-05-16,FO,NSE,IDO,36975,,NIFTY,,2024-06-06,2024-06-06,21900.00,PE,NIFTY2460621900PE,315.25,368.60,225.90,248.85,238.00,323.75,22403.85,248.85,13975,4550,475,263594182.50,191,F1,25,,,,,
2024-05-16,2024-05-16,FO,NSE,IDO,38726,,NIFTY,,2024-05-23,2024-05-23,21900.00,PE,NIFTY2452321900PE,44.20,97.65,21.80,26.85,23.00,57.85,22403.85,26.85,1034175,545500,472337,259253019107.50,114601,F1,25,,,,,
2024-05-16,2024-05-16,FO,NSE,IDO,56893,,NIFTY,,2024-05-30,2024-05-30,21900.00,CE,NIFTY24MAY21900CE,531.05,642.90,408.60,612.65,626.80,487.70,22403.85,612.65,218700,-78725,13258,7425130940.00,5249,F1,25,,,,,
2024-05-16,2024-05-16,FO,NSE,IDO,64866,,NIFTY,,2024-07-25,2024-07-25,21900.00,PE,NIFTY24JUL21900PE,470.00,494.95,378.00,383.95,382.85,461.05,22403.85,383.95,15975,225,255,142485102.50,59,F1,25,,,,,
2024-05-16,2024-05-16,FO,NSE,IDO,37156,,NIFTY,,2024-06-06,2024-06-06,23450.00,CE,NIFTY2460623450CE,0.00,0.00,0.00,165.10,0.00,165.10,22403.85,42.70,0,0,0,0.00,0,F1,25,,,,,
2024-05-16,2024-05-16,FO,NSE,IDO,43995,,NIFTY,,2024-06-13,2024-06-13,23450.00,PE,NIFTY2461323450PE,0.00,0.00,0.00,1371.40,0.00,1371.40,22403.85,992.00,0,0,0,0.00,0,F1,25,,,,,
2024-05-16,2024-05-16,FO,NSE,IDO,65194,,NIFTY,,2024-07-25,2024-07-25,23250.00,PE,NIFTY24JUL23250PE,0.00,0.00,0.00,1159.85,1159.85,1159.85,22403.85,864.35,50,0,0,0.00,0,F1,25,,,,,
2024-05-16,2024-05-16,FO,NSE,IDO,65008,,NIFTY,,2024-07-25,2024-07-25,22600.00,PE,NIFTY24JUL22600PE,712.65,791.95,624.25,634.70,627.55,723.20,22403.85,634.70,19675,175,220,128185780.00,88,F1,25,,,,,
2024-05-16,2024-05-16,FO,NSE,IDO,43979,,NIFTY,,2024-06-13,2024-06-13,23250.00,PE,NIFTY2461323250PE,0.00,0.00,0.00,1193.60,0.00,1193.60,22403.85,828.20,0,0,0,0.00,0,F1,25,,,,,
2024-05-16,2024-05-16,FO,NSE,IDO,64294,,NIFTY,,2024-06-27,2024-06-27,22600.00,CE,NIFTY24JUN22600CE,540.00,576.45,450.40,563.15,568.50,504.40,22403.85,563.15,113675,8400,3862,2232462347.50,1216,F1,25,,,,,
2024-05-16,2024-05-16,FO,NSE,IDO,51727,,NIFTY,,2024-05-16,2024-05-16,23250.00,CE,NIFTY2451623250CE,0.30,0.30,0.05,0.05,0.05,0.35,22403.85,22403.85,304500,75300,73975,42998228251.25,7698,F1,25,,,,,
2024-05-16,2024-05-16,FO,NSE,IDO,64453,,NIFTY,,2024-07-25,2024-07-25,20900.00,PE,NIFTY24JUL20900PE,199.00,233.90,172.25,176.20,172.55,216.55,22403.85,176.20,199050,7000,1046,551957660.00,689,F1,25,,,,,
2024-05-16,2024-05-16,FO,NSE,IDO,43623,,NIFTY,,2024-06-13,2024-06-13,20900.00,PE,NIFTY2461320900PE,0.00,0.00,0.00,45.10,0.00,45.10,22403.85,9.55,0,0,0,0.00,0,F1,25,,,,,
2024-05-16,2024-05-16,FO,NSE,IDO,43622,,NIFTY,,2024-06-13,2024-06-13,20900.00,CE,NIFTY2461320900CE,0.00,0.00,0.00,1248.35,0.00,1248.35,22403.85,1626.65,0,0,0,0.00,0,F1,25,,,,,
2024-05-16,2024-05-16,FO,NSE,IDO,64442,,NIFTY,,2024-07-25,2024-07-25,20900.00,CE,NIFTY24JUL20900CE,1840.20,1976.20,1840.20,1975.15,1974.50,1792.70,22403.85,1975.15,350,200,14,7999545.00,7,F1,25,,,,,
2024-05-16,2024-05-16,FO,NSE,IDO,38682,,NIFTY,,2024-05-23,2024-05-23,21600.00,CE,NIFTY2452321600CE,715.90,851.00,558.00,830.00,835.00,670.70,22403.85,830.00,47675,30700,3305,1840370216.25,1104,F1,25,,,,,
2024-05-16,2024-05-16,FO,NSE,IDO,67777,,NIFTY,,2028-12-28,2028-12-28,21000.00,PE,NIFTY28DEC21000PE,580.00,580.00,580.00,580.00,580.00,600.00,22403.85,580.00,775,25,1,539500.00,1,F1,25,,,,,
2024-05-16,2024-05-16,FO,NSE,IDO,56857,,NIFTY,,2024-05-30,2024-05-30,21000.00,CE,NIFTY24MAY21000CE,1362.25,1488.50,1176.85,1457.00,1482.75,1289.10,22403.85,1457.00,498575,-2450,5098,2853136137.50,1199,F1,25,,,,,
2024-05-16,2024-05-16,FO,NSE,IDO,51614,,NIFTY,,2024-05-16,2024-05-16,21000.00,PE,NIFTY2451621000PE,0.35,0.35,0.05,0.10,0.05,0.45,22403.85,22403.85,2639400,-1033500,459744,241367137452.50,31414,F1,25,,,,,
2024-05-16,2024-05-16,FO,NSE,IDO,71554,,NIFTY,,2027-06-24,2027-06-24,21000.00,PE,NIFTY27JUN21000PE,0.00,0.00,0.00,442.50,442.50,442.50,22403.85,296.60,450,0,0,0.00,0,F1,25,,,,,
2024-05-16,2024-05-16,FO,NSE,IDO,64561,,NIFTY,,2025-03-27,2025-03-27,21000.00,PE,NIFTY25MAR21000PE,0.00,0.00,0.00,286.25,0.00,286.25,22403.85,248.90,0,0,0,0.00,0,F1,25,,,,,
2024-05-16,2024-05-16,FO,NSE,IDO,43635,,NIFTY,,2024-06-13,2024-06-13,21000.00,CE,NIFTY2461321000CE,0.00,0.00,0.00,1160.50,0.00,1160.50,22403.85,1530.65,0,0,0,0.00,0,F1,25,,,,,
2024-05-16,2024-05-16,FO,NSE,IDO,36899,,NIFTY,,2024-06-06,2024-06-06,21000.00,PE,NIFTY2460621000PE,104.00,142.45,87.00,92.65,89.95,124.25,22403.85,92.65,124775,12375,6514,3438120711.25,1694,F1,25,,,,,
2024-05-16,2024-05-16,FO,NSE,IDO,51450,,NIFTY,,2025-06-26,2025-06-26,21000.00,PE,NIFTY25JUN21000PE,0.00,0.00,0.00,411.05,411.05,411.05,22403.85,276.75,550,0,0,0.00,0,F1,25,,,,,
2024-05-16,2024-05-16,FO,NSE,IDO,39976,,NIFTY,,2024-12-26,2024-12-26,19000.00,CE,NIFTY24DEC19000CE,4083.50,4225.00,3985.00,4203.00,4225.00,4065.70,22403.85,4203.00,90425,-75,81,46804507.50,74,F1,25,,,,,
2024-05-16,2024-05-16,FO,NSE,IDO,53605,,NIFTY,,2027-12-30,2027-12-30,19000.00,CE,NIFTY27DEC19000CE,0.00,0.00,0.00,5794.90,0.00,5794.90,22403.85,7935.05,0,0,0,0.00,0,F1,25,,,,,
2024-05-16,2024-05-16,FO,NSE,IDO,39986,,NIFTY,,2025-06-26,2025-06-26,19000.00,PE,NIFTY25JUN19000PE,0.00,0.00,0.00,107.90,107.90,107.90,22403.85,63.95,600125,0,0,0.00,0,F1,25,,,,,
2024-05-16,2024-05-16,FO,NSE,IDO,86141,,NIFTY,,2028-06-29,2028-06-29,19000.00,CE,NIFTY28JUN19000CE,0.00,0.00,0.00,6252.25,0.00,6252.25,22403.85,8453.70,0,0,0,0.00,0,F1,25,,,,,
2024-05-16,2024-05-16,FO,NSE,IDO,86142,,NIFTY,,2028-06-29,2028-06-29,19000.00,PE,NIFTY28JUN19000PE,0.00,0.00,0.00,537.45,0.00,537.45,22403.85,117.10,0,0,0,0.00,0,F1,25,,,,,
2024-05-16,2024-05-16,FO,NSE,IDO,64555,,NIFTY,,2025-03-27,2025-03-27,19000.00,PE,NIFTY25MAR19000PE,0.00,0.00,0.00,63.55,0.00,63.55,22403.85,46.40,0,0,0,0.00,0,F1,25,,,,,
2024-05-16,2024-05-16,FO,NSE,IDO,67772,,NIFTY,,2028-12-28,2028-12-28,19000.00,CE,NIFTY28DEC19000CE,0.00,0.00,0.00,8739.00,0.00,8739.00,22403.85,8952.20,0,0,0,0.00,0,F1,25,,,,,
2024-05-16,2024-05-16,FO,NSE,IDO,39971,,NIFTY,,2024-06-27,2024-06-27,19000.00,CE,NIFTY24JUN19000CE,3450.65,3570.00,3270.25,3517.85,3544.90,3391.85,22403.85,3517.85,471200,36125,2029,1141254712.50,561,F1,25,,,,,
2024-05-16,2024-05-16,FO,NSE,IDO,39982,,NIFTY,,2025-06-26,2025-06-26,19000.00,CE,NIFTY25JUN19000CE,0.00,0.00,0.00,3077.90,0.00,3077.90,22403.85,4947.65,0,0,0,0.00,0,F1,25,,,,,
2024-05-16,2024-05-16,FO,NSE,IDO,56850,,NIFTY,,2024-05-30,2024-05-30,20800.00,PE,NIFTY24MAY20800PE,9.30,16.00,7.60,8.70,7.80,11.70,22403.85,8.70,362550,-400,44779,23297370401.25,12024,F1,25,,,,,
2024-05-16,2024-05-16,FO,NSE,IDO,51598,,NIFTY,,2024-05-16,2024-05-16,20800.00,PE,NIFTY2451620800PE,0.30,0.30,0.05,0.10,0.05,0.30,22403.85,22403.85,486550,-156225,50792,26411977026.25,4845,F1,25,,,,,
2024-05-16,2024-05-16,FO,NSE,IDO,64337,,NIFTY,,2024-06-27,2024-06-27,23050.00,PE,NIFTY24JUN23050PE,896.80,899.25,884.00,884.00,884.00,1001.00,22403.85,700.45,3675,-500,20,11970622.50,10,F1,25,,,,,
2024-05-16,2024-05-16,FO,NSE,IDO,65108,,NIFTY,,2024-07-25,2024-07-25,23050.00,PE,NIFTY24JUL23050PE,777.60,777.60,777.60,777.60,777.60,769.20,22403.85,777.60,150,25,1,595690.00,1,F1,25,,,,,
2024-05-16,2024-05-16,FO,NSE,IDO,56940,,NIFTY,,2024-05-30,2024-05-30,23050.00,PE,NIFTY24MAY23050PE,716.45,907.00,600.10,618.80,620.75,794.80,22403.85,618.80,23250,-25,132,78592896.25,60,F1,25,,,,,
2024-05-16,2024-05-16,FO,NSE,IDO,56925,,NIFTY,,2024-05-30,2024-05-30,22700.00,CE,NIFTY24MAY22700CE,90.80,126.00,58.75,114.00,119.25,79.15,22403.85,114.00,1431850,36550,137898,78554111153.75,33303,F1,25,,,,,
2024-05-16,2024-05-16,FO,NSE,IDO,65031,,NIFTY,,2024-07-25,2024-07-25,22700.00,PE,NIFTY24JUL22700PE,755.00,826.95,654.50,671.55,669.30,782.35,22403.85,671.55,16925,-1575,353,207090775.00,53,F1,25,,,,,
2024-05-16,2024-05-16,FO,NSE,IDO,64301,,NIFTY,,2024-06-27,2024-06-27,22700.00,PE,NIFTY24JUN22700PE,715.25,825.00,628.05,641.20,631.90,751.25,22403.85,641.20,85700,2825,1783,1044848635.00,733,F1,25,,,,,
2024-05-16,2024-05-16,FO,NSE,IDO,56876,,NIFTY,,2024-05-30,2024-05-30,21450.00,PE,NIFTY24MAY21450PE,32.80,57.20,20.40,23.15,28.70,37.45,22403.85,23.15,79225,-14275,13045,7006319841.25,4673,F1,25,,,,,
2024-05-16,2024-05-16,FO,NSE,IDO,56875,,NIFTY,,2024-05-30,2024-05-30,21450.00,CE,NIFTY24MAY21450CE,860.00,1058.05,809.70,1040.90,1046.90,892.45,22403.85,1040.90,2900,400,36,20195728.75,22,F1,25,,,,,
2024-05-16,2024-05-16,FO,NSE,IDO,38592,,NIFTY,,2024-05-23,2024-05-23,20500.00,PE,NIFTY2452320500PE,1.50,2.45,1.50,2.00,1.85,2.50,22403.85,2.00,1262575,631675,117321,60132930710.00,9234,F1,25,,,,,
2024-05-16,2024-05-16,FO,NSE,IDO,36860,,NIFTY,,2024-06-06,2024-06-06,20500.00,PE,NIFTY2460620500PE,0.00,0.00,0.00,2.65,0.00,2.65,22403.85,0.75,0,0,0,0.00,0,F1,25,,,,,
2024-05-16,2024-05-16,FO,NSE,IDO,36859,,NIFTY,,2024-06-06,2024-06-06,20500.00,CE,NIFTY2460620500CE,0.00,0.00,0.00,2293.85,0.00,2293.85,22403.85,1987.95,0,0,0,0.00,0,F1,25,,,,,
2024-05-16,2024-05-16,FO,NSE,IDO,38669,,NIFTY,,2024-05-23,2024-05-23,21450.00,PE,NIFTY2452321450PE,8.90,23.55,6.45,7.50,6.55,12.20,22403.85,7.50,418825,100650,150887,80959868547.50,34603,F1,25,,,,,
2024-05-16,2024-05-16,FO,NSE,IDO,64098,,NIFTY,,2024-06-27,2024-06-27,20500.00,CE,NIFTY24JUN20500CE,2070.00,2160.00,1894.05,2138.35,2144.75,1988.70,22403.85,2138.35,24925,5100,326,183316730.00,142,F1,25,,,,,
2024-05-16,2024-05-16,FO,NSE,IDO,51575,,NIFTY,,2024-05-16,2024-05-16,20500.00,CE,NIFTY2451620500CE,1716.00,1903.85,1540.60,1891.05,1903.85,1696.00,22403.85,22403.85,14750,-2275,135,74837611.25,48,F1,25,,,,,
2024-05-16,2024-05-16,FO,NSE,IDO,43683,,NIFTY,,2024-06-13,2024-06-13,21450.00,PE,NIFTY2461321450PE,0.00,0.00,0.00,139.00,0.00,139.00,22403.85,44.85,0,0,0,0.00,0,F1,25,,,,,
2024-05-16,2024-05-16,FO,NSE,IDO,65048,,NIFTY,,2024-07-25,2024-07-25,22900.00,PE,NIFTY24JUL22900PE,903.00,903.00,759.15,760.85,759.15,887.05,22403.85,760.85,2400,850,80,47369500.00,17,F1,25,,,,,
2024-05-16,2024-05-16,FO,NSE,IDO,51713,,NIFTY,,2024-05-16,2024-05-16,22900.00,CE,NIFTY2451622900CE,0.40,0.50,0.05,0.10,0.05,0.50,22403.85,22403.85,2579825,-158075,877730,502505733611.25,72579,F1,25,,,,,
2024-05-16,2024-05-16,FO,NSE,IDO,64323,,NIFTY,,2024-06-27,2024-06-27,22900.00,PE,NIFTY24JUN22900PE,813.00,936.95,730.00,746.20,736.50,859.65,22403.85,746.20,33700,-7800,1745,1034493758.75,309,F1,25,,,,,
2024-05-16,2024-05-16,FO,NSE,IDO,71379,,NIFTY,,2025-06-26,2025-06-26,24000.00,CE,NIFTY25JUN24000CE,0.00,0.00,0.00,1100.85,0.00,1100.85,22403.85,1475.85,0,0,0,0.00,0,F1,25,,,,,
2024-05-16,2024-05-16,FO,NSE,IDO,58619,,NIFTY,,2025-06-26,2025-06-26,22000.00,PE,NIFTY25JUN22000PE,0.00,0.00,0.00,650.00,650.00,650.00,22403.85,490.30,925,0,0,0.00,0,F1,25,,,,,
2024-05-16,2024-05-16,FO,NSE,IDO,39256,,NIFTY,,2024-05-23,2024-05-23,24000.00,CE,NIFTY2452324000CE,1.50,1.65,1.05,1.25,1.20,1.60,22403.85,1.25,1989050,1390650,180243,108151468003.75,10757,F1,25,,,,,
2024-05-16,2024-05-16,FO,NSE,IDO,71355,,NIFTY,,2024-12-26,2024-12-26,24000.00,PE,NIFTY24DEC24000PE,1391.05,1490.00,1301.00,1330.70,1320.00,1445.35,22403.85,1330.70,163700,-500,583,369928485.00,287,F1,25,,,,,
2024-05-16,2024-05-16,FO,NSE,IDO,51665,,NIFTY,,2024-05-16,2024-05-16,22000.00,CE,NIFTY2451622000CE,285.85,417.80,61.80,399.80,403.95,220.95,22403.85,22403.85,3890950,2080825,5145485,2847402470678.75,1370028,F1,25,,,,,
2024-05-16,2024-05-16,FO,NSE,IDO,38871,,NIFTY,,2024-05-23,2024-05-23,23400.00,CE,NIFTY2452323400CE,1.90,2.20,1.25,1.75,1.80,1.85,22403.85,1.75,994675,554125,155928,91224184493.75,13052,F1,25,,,,,
2024-05-16,2024-05-16,FO,NSE,IDO,51734,,NIFTY,,2024-05-16,2024-05-16,23400.00,PE,NIFTY2451623400PE,1080.00,1325.00,985.25,989.60,996.85,1476.70,22403.85,22403.85,1125,175,84,51438305.00,55,F1,25,,,,,
2024-05-16,2024-05-16,FO,NSE,IDO,65212,,NIFTY,,2024-07-25,2024-07-25,23400.00,PE,NIFTY24JUL23400PE,1153.75,1153.75,1149.70,1149.70,1149.70,1162.30,22403.85,964.15,925,-200,8,4910342.50,4,F1,25,,,,,
2024-05-16,2024-05-16,FO,NSE,IDO,43593,,NIFTY,,2024-06-13,2024-06-13,20650.00,CE,NIFTY2461320650CE,0.00,0.00,0.00,1476.05,0.00,1476.05,22403.85,1869.85,0,0,0,0.00,0,F1,25,,,,,
2024-05-16,2024-05-16,FO,NSE,IDO,56988,,NIFTY,,2024-05-30,2024-05-30,24250.00,PE,NIFTY24MAY24250PE,1813.10,1813.10,1797.90,1805.25,1797.90,1933.20,22403.85,1805.25,6025,550,22,14330382.50,11,F1,25,,,,,
2024-05-16,2024-05-16,FO,NSE,IDO,51577,,NIFTY,,2024-05-16,2024-05-16,20550.00,CE,NIFTY2451620550CE,0.00,0.00,0.00,1608.05,1608.05,1608.05,22403.85,22403.85,3450,0,0,0.00,0,F1,25,,,,,
2024-05-16,2024-05-16,FO,NSE,IDO,64432,,NIFTY,,2024-06-27,2024-06-27,24250.00,CE,NIFTY24JUN24250CE,73.50,83.80,63.10,80.60,80.15,71.25,22403.85,80.60,40650,1450,244,148370487.50,45,F1,25,,,,,
2024-05-16,2024-05-16,FO,NSE,IDO,56839,,NIFTY,,2024-05-30,2024-05-30,20550.00,CE,NIFTY24MAY20550CE,1829.05,1937.20,1821.45,1937.00,1936.85,1724.00,22403.85,1937.00,2275,400,16,8968132.50,8,F1,25,,,,,
2024-05-16,2024-05-16,FO,NSE,IDO,51820,,NIFTY,,2024-05-16,2024-05-16,24250.00,CE,NIFTY2451624250CE,0.25,0.25,0.05,0.05,0.05,0.30,22403.85,22403.85,195075,-113250,16808,10189882620.00,912,F1,25,,,,,
2024-05-16,2024-05-16,FO,NSE,IDO,65323,,NIFTY,,2024-07-25,2024-07-25,24250.00,CE,NIFTY24JUL24250CE,0.00,0.00,0.00,129.75,129.75,129.75,22403.85,110.90,1050,0,0,0.00,0,F1,25,,,,,
2024-05-16,2024-05-16,FO,NSE,IDO,64104,,NIFTY,,2024-06-27,2024-06-27,20550.00,CE,NIFTY24JUN20550CE,2083.60,2097.45,2083.60,2093.50,2096.00,1949.10,22403.85,2093.50,2025,425,17,9623473.75,11,F1,25,,,,,
2024-05-16,2024-05-16,FO,NSE,IDO,38593,,NIFTY,,2024-05-23,2024-05-23,20550.00,CE,NIFTY2452320550CE,1657.20,1874.75,1657.20,1867.80,1870.60,1704.65,22403.85,1867.80,5550,300,28,15646832.50,11,F1,25,,,,,
2024-05-16,2024-05-16,FO,NSE,IDO,43583,,NIFTY,,2024-06-13,2024-06-13,20550.00,CE,NIFTY2461320550CE,0.00,0.00,0.00,1569.70,0.00,1569.70,22403.85,1968.05,0,0,0,0.00,0,F1,25,,,,,
2024-05-16,2024-05-16,FO,NSE,IDO,39279,,NIFTY,,2024-05-23,2024-05-23,24250.00,CE,NIFTY2452324250CE,1.20,1.70,0.85,1.15,1.10,1.40,22403.85,1.15,36250,8375,1437,871222488.75,342,F1,25,,,,,
2024-05-16,2024-05-16,FO,NSE,IDO,51827,,NIFTY,,2024-05-16,2024-05-16,24250.00,PE,NIFTY2451624250PE,0.00,0.00,0.00,2046.65,2046.65,2046.65,22403.85,22403.85,1750,0,0,0.00,0,F1,25,,,,,
2024-05-16,2024-05-16,FO,NSE,IDO,36861,,NIFTY,,2024-06-06,2024-06-06,20550.00,CE,NIFTY2460620550CE,0.00,0.00,0.00,2244.65,0.00,2244.65,22403.85,1938.35,0,0,0,0.00,0,F1,25,,,,,
2024-05-16,2024-05-16,FO,NSE,IDO,65332,,NIFTY,,2024-07-25,2024-07-25,24250.00,PE,NIFTY24JUL24250PE,1771.40,1771.40,1625.90,1626.20,1626.35,1881.95,22403.85,1626.20,1225,450,18,11651542.50,9,F1,25,,,,,
2024-05-16,2024-05-16,FO,NSE,IDO,43584,,NIFTY,,2024-06-13,2024-06-13,20550.00,PE,NIFTY2461320550PE,25.05,25.05,25.05,25.05,25.05,23.55,22403.85,25.05,1025,25,1,514376.25,1,F1,25,,,,,
2024-05-16,2024-05-16,FO,NSE,IDO,37222,,NIFTY,,2024-06-06,2024-06-06,24250.00,CE,NIFTY2460624250CE,0.00,0.00,0.00,36.55,36.55,36.55,22403.85,3.95,50,0,0,0.00,0,F1,25,,,,,
2024-05-16,2024-05-16,FO,NSE,IDO,64433,,NIFTY,,2024-06-27,2024-06-27,24250.00,PE,NIFTY24JUN24250PE,1844.00,1851.45,1742.60,1745.75,1747.10,1905.25,22403.85,1745.75,2375,600,26,16902333.75,14,F1,25,,,,,
2024-05-16,2024-05-16,FO,NSE,IDO,43737,,NIFTY,,2024-06-13,2024-06-13,21800.00,CE,NIFTY2461321800CE,0.00,0.00,0.00,558.05,0.00,558.05,22403.85,821.50,0,0,0,0.00,0,F1,25,,,,,
2024-05-16,2024-05-16,FO,NSE,IDO,51657,,NIFTY,,2024-05-16,2024-05-16,21800.00,CE,NIFTY2451621800CE,480.40,616.45,241.00,598.20,602.55,407.50,22403.85,22403.85,204975,-75650,112494,62299078107.50,35149,F1,25,,,,,
2024-05-16,2024-05-16,FO,NSE,IDO,56820,,NIFTY,,2024-05-30,2024-05-30,20050.00,PE,NIFTY24MAY20050PE,5.10,5.40,3.45,3.80,4.00,5.00,22403.85,3.80,165775,7950,6361,3189128613.75,761,F1,25,,,,,
2024-05-16,2024-05-16,FO,NSE,IDO,67791,,NIFTY,,2028-12-28,2028-12-28,28000.00,PE,NIFTY28DEC28000PE,0.00,0.00,0.00,1697.60,0.00,1697.60,22403.85,1550.70,0,0,0,0.00,0,F1,25,,,,,
2024-05-16,2024-05-16,FO,NSE,IDO,53633,,NIFTY,,2027-12-30,2027-12-30,28000.00,CE,NIFTY27DEC28000CE,0.00,0.00,0.00,2639.20,0.00,2639.20,22403.85,2850.25,0,0,0,0.00,0,F1,25,,,,,
2024-05-16,2024-05-16,FO,NSE,IDO,50548,,NIFTY,,2026-12-31,2026-12-31,28000.00,PE,NIFTY26DEC28000PE,0.00,0.00,0.00,6224.80,0.00,6224.80,22403.85,2471.20,0,0,0,0.00,0,F1,25,,,,,
2024-05-16,2024-05-16,FO,NSE,IDO,64146,,NIFTY,,2024-07-25,2024-07-25,20200.00,CE,NIFTY24JUL20200CE,2569.05,2579.40,2569.05,2572.80,2579.40,2457.00,22403.85,2572.80,950,500,20,11386402.50,10,F1,25,,,,,
2024-05-16,2024-05-16,FO,NSE,IDO,38575,,NIFTY,,2024-05-23,2024-05-23,20200.00,CE,NIFTY2452320200CE,1950.00,2204.85,1950.00,2191.00,2204.85,1990.00,22403.85,2191.00,875,350,18,10069926.25,11,F1,25,,,,,
2024-05-16,2024-05-16,FO,NSE,IDO,38576,,NIFTY,,2024-05-23,2024-05-23,20200.00,PE,NIFTY2452320200PE,1.95,2.10,1.35,1.70,1.50,2.05,22403.85,1.70,4103825,3160725,204449,103255239852.50,10949,F1,25,,,,,
2024-05-16,2024-05-16,FO,NSE,IDO,56825,,NIFTY,,2024-05-30,2024-05-30,20200.00,CE,NIFTY24MAY20200CE,2154.60,2154.60,2000.00,2133.85,2133.85,2070.00,22403.85,2258.65,29500,0,21,11714115.00,13,F1,25,,,,,
2024-05-16,2024-05-16,FO,NSE,IDO,64835,,NIFTY,,2024-07-25,2024-07-25,21750.00,CE,NIFTY24JUL21750CE,1305.70,1305.70,1305.10,1305.45,1305.10,1197.45,22403.85,1305.45,425,400,16,9222165.00,8,F1,25,,,,,
2024-05-16,2024-05-16,FO,NSE,IDO,36967,,NIFTY,,2024-06-06,2024-06-06,21750.00,PE,NIFTY2460621750PE,0.00,0.00,0.00,135.00,135.00,135.00,22403.85,64.80,25,0,0,0.00,0,F1,25,,,,,
2024-05-16,2024-05-16,FO,NSE,IDO,64255,,NIFTY,,2024-06-27,2024-06-27,21750.00,CE,NIFTY24JUN21750CE,1000.00,1000.00,967.75,967.75,967.75,1013.60,22403.85,966.85,1000,-25,2,1136693.75,2,F1,25,,,,,
2024-05-16,2024-05-16,FO,NSE,IDO,43735,,NIFTY,,2024-06-13,2024-06-13,21750.00,CE,NIFTY2461321750CE,0.00,0.00,0.00,589.25,0.00,589.25,22403.85,861.25,0,0,0,0.00,0,F1,25,,,,,
2024-05-16,2024-05-16,FO,NSE,IDO,56943,,NIFTY,,2024-05-30,2024-05-30,23150.00,CE,NIFTY24MAY23150CE,21.00,27.95,13.50,24.65,26.45,18.45,22403.85,24.65,93300,6375,12656,7330654932.50,4333,F1,25,,,,,
2024-05-16,2024-05-16,FO,NSE,IDO,56944,,NIFTY,,2024-05-30,2024-05-30,23150.00,PE,NIFTY24MAY23150PE,844.55,934.40,678.10,688.45,702.35,864.00,22403.85,688.45,19400,450,35,20918002.50,15,F1,25,,,,,
2024-05-16,2024-05-16,FO,NSE,IDO,38835,,NIFTY,,2024-05-23,2024-05-23,23150.00,PE,NIFTY2452323150PE,829.00,887.80,716.00,718.55,718.35,900.00,22403.85,718.55,925,425,33,19706800.00,13,F1,25,,,,,
2024-05-16,2024-05-16,FO,NSE,IDO,37758,,NIFTY,,2024-06-27,2024-06-27,20000.00,PE,NIFTY24JUN20000PE,73.00,87.45,63.10,66.05,65.20,78.20,22403.85,66.05,3112800,79825,29033,14569332457.50,8367,F1,25,,,,,
2024-05-16,2024-05-16,FO,NSE,IDO,71551,,NIFTY,,2027-06-24,2027-06-24,20000.00,CE,NIFTY27JUN20000CE,0.00,0.00,0.00,3367.05,0.00,3367.05,22403.85,6650.20,0,0,0,0.00,0,F1,25,,,,,
2024-05-16,2024-05-16,FO,NSE,IDO,38376,,NIFTY,,2025-12-24,2025-12-24,20000.00,CE,NIFTY25DEC20000CE,0.00,0.00,0.00,4650.00,4650.00,4650.00,22403.85,4789.50,400,0,0,0.00,0,F1,25,,,,,
2024-05-16,2024-05-16,FO,NSE,IDO,56910,,NIFTY,,2024-05-30,2024-05-30,22300.00,PE,NIFTY24MAY22300PE,202.00,323.35,142.50,155.80,144.60,242.45,22403.85,155.80,1197700,169700,339664,191269180405.00,114090,F1,25,,,,,
2024-05-16,2024-05-16,FO,NSE,IDO,64281,,NIFTY,,2024-06-27,2024-06-27,22450.00,CE,NIFTY24JUN22450CE,599.20,653.50,524.75,643.40,648.40,580.50,22403.85,643.40,24825,400,254,146404571.25,78,F1,25,,,,,
2024-05-16,2024-05-16,FO,NSE,IDO,64416,,NIFTY,,2024-07-25,2024-07-25,20800.00,CE,NIFTY24JUL20800CE,1920.05,1924.40,1917.55,1924.40,1924.40,1876.40,22403.85,1940.50,600,-150,6,3408100.00,3,F1,25,,,,,
2024-05-16,2024-05-16,FO,NSE,IDO,38615,,NIFTY,,2024-05-23,2024-05-23,20800.00,PE,NIFTY2452320800PE,2.85,3.60,1.90,2.65,2.25,3.30,22403.85,2.65,883200,695400,170684,88767092813.75,20097,F1,25,,,,,
2024-05-16,2024-05-16,FO,NSE,IDO,36877,,NIFTY,,2024-06-06,2024-06-06,20800.00,CE,NIFTY2460620800CE,0.00,0.00,0.00,2000.05,0.00,2000.05,22403.85,1691.20,0,0,0,0.00,0,F1,25,,,,,
2024-05-16,2024-05-16,FO,NSE,IDO,43603,,NIFTY,,2024-06-13,2024-06-13,20800.00,CE,NIFTY2461320800CE,0.00,0.00,0.00,1338.20,0.00,1338.20,22403.85,1723.45,0,0,0,0.00,0,F1,25,,,,,
2024-05-16,2024-05-16,FO,NSE,IDO,38828,,NIFTY,,2024-05-23,2024-05-23,23050.00,CE,NIFTY2452323050CE,5.25,7.85,2.60,6.55,7.55,4.80,22403.85,6.55,426825,190400,133646,77029966790.00,21906,F1,25,,,,,
2024-05-16,2024-05-16,FO,NSE,IDO,37106,,NIFTY,,2024-06-06,2024-06-06,23050.00,PE,NIFTY2460623050PE,0.00,0.00,0.00,535.45,0.00,535.45,22403.85,661.15,0,0,0,0.00,0,F1,25,,,,,
2024-05-16,2024-05-16,FO,NSE,IDO,43958,,NIFTY,,2024-06-13,2024-06-13,23050.00,CE,NIFTY2461323050CE,0.00,0.00,0.00,92.00,0.00,92.00,22403.85,155.30,0,0,0,0.00,0,F1,25,,,,,
2024-05-16,2024-05-16,FO,NSE,IDO,38831,,NIFTY,,2024-05-23,2024-05-23,23050.00,PE,NIFTY2452323050PE,754.10,778.75,611.35,618.55,614.80,913.80,22403.85,618.55,625,600,33,19572970.00,21,F1,25,,,,,
2024-05-16,2024-05-16,FO,NSE,IDO,56952,,NIFTY,,2024-05-30,2024-05-30,23350.00,PE,NIFTY24MAY23350PE,1113.25,1175.85,1113.25,1175.85,1175.85,1064.55,22403.85,907.15,10950,175,13,7964618.75,4,F1,25,,,,,
2024-05-16,2024-05-16,FO,NSE,IDO,71384,,NIFTY,,2025-06-26,2025-06-26,26000.00,PE,NIFTY25JUN26000PE,0.00,0.00,0.00,7299.00,0.00,7299.00,22403.85,2314.00,0,0,0,0.00,0,F1,25,,,,,
2024-05-16,2024-05-16,FO,NSE,IDO,71564,,NIFTY,,2027-06-24,2027-06-24,26000.00,CE,NIFTY27JUN26000CE,0.00,0.00,0.00,1900.85,0.00,1900.85,22403.85,3095.15,0,0,0,0.00,0,F1,25,,,,,
2024-05-16,2024-05-16,FO,NSE,IDO,64573,,NIFTY,,2025-03-27,2025-03-27,26000.00,PE,NIFTY25MAR26000PE,0.00,0.00,0.00,2443.30,0.00,2443.30,22403.85,2493.75,0,0,0,0.00,0,F1,25,,,,,
2024-05-16,2024-05-16,FO,NSE,IDO,65013,,NIFTY,,2024-07-25,2024-07-25,22700.00,CE,NIFTY24JUL22700CE,639.15,686.70,573.00,675.30,677.00,610.65,22403.85,675.30,6100,675,78,45458895.00,39,F1,25,,,,,
2024-05-16,2024-05-16,FO,NSE,IDO,64852,,NIFTY,,2024-07-25,2024-07-25,21800.00,PE,NIFTY24JUL21800PE,348.95,460.00,348.95,359.40,354.00,448.75,22403.85,359.40,26300,-450,162,89880043.75,55,F1,25,,,,,
2024-05-16,2024-05-16,FO,NSE,IDO,38704,,NIFTY,,2024-05-23,2024-05-23,21800.00,CE,NIFTY2452321800CE,551.95,666.00,389.65,634.55,655.20,489.05,22403.85,634.55,71975,21950,12560,7002755855.00,4418,F1,25,,,,,
2024-05-16,2024-05-16,FO,NSE,IDO,50543,,NIFTY,,2025-12-24,2025-12-24,28000.00,CE,NIFTY25DEC28000CE,0.00,0.00,0.00,1215.35,0.00,1215.35,22403.85,738.00,0,0,0,0.00,0,F1,25,,,,,
2024-05-16,2024-05-16,FO,NSE,IDO,36856,,NIFTY,,2024-06-06,2024-06-06,20450.00,PE,NIFTY2460620450PE,0.00,0.00,0.00,2.20,0.00,2.20,22403.85,0.60,0,0,0,0.00,0,F1,25,,,,,
2024-05-16,2024-05-16,FO,NSE,IDO,64159,,NIFTY,,2024-07-25,2024-07-25,20450.00,CE,NIFTY24JUL20450CE,2337.75,2357.55,2337.75,2348.70,2348.10,2250.00,22403.85,2348.70,650,500,20,11399345.00,10,F1,25,,,,,
2024-05-16,2024-05-16,FO,NSE,IDO,58624,,NIFTY,,2026-06-25,2026-06-25,12000.00,CE,NIFTY26JUN12000CE,0.00,0.00,0.00,8690.00,8690.00,8690.00,22403.85,12114.50,50,0,0,0.00,0,F1,25,,,,,
2024-05-16,2024-05-16,FO,NSE,IDO,65001,,NIFTY,,2024-07-25,2024-07-25,22500.00,CE,NIFTY24JUL22500CE,750.00,800.00,663.10,786.25,780.30,715.75,22403.85,786.25,72100,6075,2569,1492055395.00,976,F1,25,,,,,
2024-05-16,2024-05-16,FO,NSE,IDO,37051,,NIFTY,,2024-06-06,2024-06-06,22500.00,PE,NIFTY2460622500PE,534.80,651.40,452.35,473.10,465.00,570.05,22403.85,473.10,234200,34225,4740,2732312286.25,2686,F1,25,,,,,
2024-05-16,2024-05-16,FO,NSE,IDO,56957,,NIFTY,,2024-05-30,2024-05-30,23500.00,CE,NIFTY24MAY23500CE,9.95,9.95,5.40,8.55,8.85,7.70,22403.85,8.55,2398775,19875,104189,61230037120.00,22484,F1,25,,,,,
2024-05-16,2024-05-16,FO,NSE,IDO,64106,,NIFTY,,2024-06-27,2024-06-27,20600.00,CE,NIFTY24JUN20600CE,2005.00,2018.90,2005.00,2018.90,2018.90,1856.30,22403.85,2018.90,875,75,3,1696070.00,2,F1,25,,,,,
2024-05-16,2024-05-16,FO,NSE,IDO,43998,,NIFTY,,2024-06-13,2024-06-13,23500.00,PE,NIFTY2461323500PE,0.00,0.00,0.00,1416.90,0.00,1416.90,22403.85,1034.55,0,0,0,0.00,0,F1,25,,,,,
2024-05-16,2024-05-16,FO,NSE,IDO,56918,,NIFTY,,2024-05-30,2024-05-30,22500.00,PE,NIFTY24MAY22500PE,300.00,449.70,224.15,238.50,225.05,353.90,22403.85,238.50,1708050,229975,167958,95807288146.25,48878,F1,25,,,,,
2024-05-16,2024-05-16,FO,NSE,IDO,56842,,NIFTY,,2024-05-30,2024-05-30,20600.00,PE,NIFTY24MAY20600PE,6.75,11.30,5.10,6.50,6.20,8.60,22403.85,6.50,328125,-33400,21994,11331214783.75,6763,F1,25,,,,,
2024-05-16,2024-05-16,FO,NSE,IDO,65232,,NIFTY,,2024-07-25,2024-07-25,23500.00,PE,NIFTY24JUL23500PE,1180.00,1280.00,1100.00,1120.25,1100.00,1304.00,22403.85,1120.25,5600,100,25,15415218.75,16,F1,25,,,,,
2024-05-16,2024-05-16,FO,NSE,IDO,64551,,NIFTY,,2025-03-27,2025-03-27,17000.00,PE,NIFTY25MAR17000PE,0.00,0.00,0.00,7.65,0.00,7.65,22403.85,4.20,0,0,0,0.00,0,F1,25,,,,,
2024-05-16,2024-05-16,FO,NSE,IDO,56969,,NIFTY,,2024-05-30,2024-05-30,23800.00,CE,NIFTY24MAY23800CE,4.45,5.15,3.20,4.05,3.80,3.75,22403.85,4.05,424375,-2175,11267,6704916613.75,2151,F1,25,,,,,
2024-05-16,2024-05-16,FO,NSE,IDO,86137,,NIFTY,,2028-06-29,2028-06-29,17000.00,CE,NIFTY28JUN17000CE,0.00,0.00,0.00,7393.45,0.00,7393.45,22403.85,9859.50,0,0,0,0.00,0,F1,25,,,,,
2024-05-16,2024-05-16,FO,NSE,IDO,45858,,NIFTY,,2024-12-26,2024-12-26,17000.00,CE,NIFTY24DEC17000CE,0.00,0.00,0.00,5950.00,5950.00,5950.00,22403.85,6148.95,15450,0,0,0.00,0,F1,25,,,,,
2024-05-16,2024-05-16,FO,NSE,IDO,45856,,NIFTY,,2024-06-27,2024-06-27,17000.00,CE,NIFTY24JUN17000CE,5300.00,5300.00,5300.00,5300.00,5300.00,5400.00,22403.85,5545.90,20600,-25,1,557500.00,1,F1,25,,,,,
2024-05-16,2024-05-16,FO,NSE,IDO,67768,,NIFTY,,2028-12-28,2028-12-28,17000.00,CE,NIFTY28DEC17000CE,0.00,0.00,0.00,10036.40,0.00,10036.40,22403.85,10309.50,0,0,0,0.00,0,F1,25,,,,,
2024-05-16,2024-05-16,FO,NSE,IDO,71545,,NIFTY,,2027-06-24,2027-06-24,17000.00,CE,NIFTY27JUN17000CE,0.00,0.00,0.00,4464.70,0.00,4464.70,22403.85,8886.50,0,0,0,0.00,0,F1,25,,,,,
2024-05-16,2024-05-16,FO,NSE,IDO,56985,,NIFTY,,2024-05-30,2024-05-30,24200.00,CE,NIFTY24MAY24200CE,3.15,3.40,2.65,3.15,3.35,3.25,22403.85,3.15,243025,1775,5254,3179065180.00,883,F1,25,,,,,
2024-05-16,2024-05-16,FO,NSE,IDO,37083,,NIFTY,,2024-06-06,2024-06-06,22850.00,CE,NIFTY2460622850CE,0.00,0.00,0.00,380.95,0.00,380.95,22403.85,163.15,0,0,0,0.00,0,F1,25,,,,,
2024-05-16,2024-05-16,FO,NSE,IDO,51857,,NIFTY,,2024-05-16,2024-05-16,24350.00,CE,NIFTY2451624350CE,0.20,0.20,0.05,0.10,0.05,0.30,22403.85,22403.85,171800,-68000,18022,10970933438.75,1130,F1,25,,,,,
2024-05-16,2024-05-16,FO,NSE,IDO,64437,,NIFTY,,2024-06-27,2024-06-27,24350.00,PE,NIFTY24JUN24350PE,1932.35,1932.35,1831.60,1835.85,1831.60,1954.10,22403.85,1835.85,1800,400,18,11788450.00,10,F1,25,,,,,
2024-05-16,2024-05-16,FO,NSE,IDO,51858,,NIFTY,,2024-05-16,2024-05-16,24350.00,PE,NIFTY2451624350PE,0.00,0.00,0.00,2306.70,2306.70,2306.70,22403.85,22403.85,1050,0,0,0.00,0,F1,25,,,,,
2024-05-16,2024-05-16,FO,NSE,IDO,39289,,NIFTY,,2024-05-23,2024-05-23,24350.00,PE,NIFTY2452324350PE,1935.55,1955.15,1935.55,1948.75,1952.75,2162.05,22403.85,1948.75,975,350,14,9204552.50,7,F1,25,,,,,
2024-05-16,2024-05-16,FO,NSE,IDO,65375,,NIFTY,,2024-07-25,2024-07-25,24350.00,PE,NIFTY24JUL24350PE,1852.15,1852.15,1707.25,1707.60,1707.75,1883.90,22403.85,1707.60,1325,375,17,11078078.75,9,F1,25,,,,,
2024-05-16,2024-05-16,FO,NSE,IDO,39288,,NIFTY,,2024-05-23,2024-05-23,24350.00,CE,NIFTY2452324350CE,1.35,1.35,1.00,1.10,1.05,1.55,22403.85,1.10,79750,47575,5067,3084678111.25,461,F1,25,,,,,
2024-05-16,2024-05-16,FO,NSE,IDO,38832,,NIFTY,,2024-05-23,2024-05-23,23100.00,CE,NIFTY2452323100CE,4.45,5.95,2.10,5.00,5.70,3.90,22403.85,5.00,1111025,619825,300513,173574042392.50,51453,F1,25,,,,,
2024-05-16,2024-05-16,FO,NSE,IDO,56941,,NIFTY,,2024-05-30,2024-05-30,23100.00,CE,NIFTY24MAY23100CE,30.55,33.20,15.60,29.40,29.55,21.30,22403.85,29.40,888600,-271275,112330,64934757307.50,25062,F1,25,,,,,
2024-05-16,2024-05-16,FO,NSE,IDO,36937,,NIFTY,,2024-06-06,2024-06-06,21400.00,PE,NIFTY2460621400PE,160.00,216.00,137.10,140.55,140.00,185.20,22403.85,140.55,34250,450,1496,806489813.75,365,F1,25,,,,,
2024-05-16,2024-05-16,FO,NSE,IDO,56873,,NIFTY,,2024-05-30,2024-05-30,21400.00,CE,NIFTY24MAY21400CE,850.00,1065.00,835.00,1055.85,1065.00,925.00,22403.85,1055.85,25800,-175,37,20663233.75,27,F1,25,,,,,
2024-05-16,2024-05-16,FO,NSE,IDO,37152,,NIFTY,,2024-06-06,2024-06-06,23400.00,PE,NIFTY2460623400PE,1074.05,1293.80,1074.05,1143.05,1143.05,1169.45,22403.85,949.45,850,550,33,20247798.75,11,F1,25,,,,,
2024-05-16,2024-05-16,FO,NSE,IDO,49180,,NIFTY,,2025-12-24,2025-12-24,16500.00,PE,NIFTY25DEC16500PE,0.00,0.00,0.00,44.60,44.60,44.60,22403.85,10.70,2600,0,0,0.00,0,F1,25,,,,,
2024-05-16,2024-05-16,FO,NSE,IDO,64710,,NIFTY,,2024-07-25,2024-07-25,21500.00,PE,NIFTY24JUL21500PE,333.10,377.25,282.45,292.45,285.00,350.10,22403.85,292.45,159525,11300,2518,1373900957.50,1042,F1,25,,,,,
2024-05-16,2024-05-16,FO,NSE,IDO,64232,,NIFTY,,2024-06-27,2024-06-27,21500.00,PE,NIFTY24JUN21500PE,280.05,331.45,234.30,244.30,236.10,301.20,22403.85,244.30,2106100,-2150,35013,19066415602.50,11467,F1,25,,,,,
2024-05-16,2024-05-16,FO,NSE,IDO,51635,,NIFTY,,2024-05-16,2024-05-16,21500.00,CE,NIFTY2451621500CE,777.00,912.45,541.40,902.40,904.45,709.95,22403.85,22403.85,165300,-102200,16362,9065443112.50,5444,F1,25,,,,,
2024-05-16,2024-05-16,FO,NSE,IDO,38375,,NIFTY,,2025-06-26,2025-06-26,20000.00,PE,NIFTY25JUN20000PE,0.00,0.00,0.00,370.00,370.00,370.00,22403.85,141.30,456550,0,0,0.00,0,F1,25,,,,,
2024-05-16,2024-05-16,FO,NSE,IDO,51574,,NIFTY,,2024-05-16,2024-05-16,20450.00,PE,NIFTY2451620450PE,0.25,0.25,0.05,0.10,0.05,0.35,22403.85,22403.85,44900,-10400,13834,7072669131.25,3121,F1,25,,,,,
2024-05-16,2024-05-16,FO,NSE,IDO,64830,,NIFTY,,2024-07-25,2024-07-25,21600.00,PE,NIFTY24JUL21600PE,0.00,0.00,0.00,167.65,0.00,167.65,22403.85,161.65,0,0,0,0.00,0,F1,25,,,,,
2024-05-16,2024-05-16,FO,NSE,IDO,38718,,NIFTY,,2024-05-23,2024-05-23,21850.00,CE,NIFTY2452321850CE,473.55,617.50,355.00,591.65,603.90,447.10,22403.85,591.65,33775,18175,8076,4498681177.50,2287,F1,25,,,,,
2024-05-16,2024-05-16,FO,NSE,IDO,64260,,NIFTY,,2024-06-27,2024-06-27,21850.00,PE,NIFTY24JUN21850PE,371.60,437.40,316.65,326.75,320.00,383.30,22403.85,326.75,4400,-75,206,114272548.75,43,F1,25,,,,,
2024-05-16,2024-05-16,FO,NSE,IDO,56892,,NIFTY,,2024-05-30,2024-05-30,21850.00,PE,NIFTY24MAY21850PE,75.00,135.25,47.70,54.85,49.95,93.05,22403.85,54.85,110850,21600,24030,13179899250.00,6110,F1,25,,,,,
2024-05-16,2024-05-16,FO,NSE,IDO,64853,,NIFTY,,2024-07-25,2024-07-25,21850.00,CE,NIFTY24JUL21850CE,0.00,0.00,0.00,1113.05,1109.45,1113.05,22403.85,1079.45,1675,0,0,0.00,0,F1,25,,,,,
2024-05-16,2024-05-16,FO,NSE,IDO,51666,,NIFTY,,2024-05-16,2024-05-16,22000.00,PE,NIFTY2451622000PE,5.00,44.00,0.05,0.35,0.05,13.05,22403.85,22403.85,11069175,4272200,42109833,23174447205971.25,5906773,F1,25,,,,,
2024-05-16,2024-05-16,FO,NSE,IDO,43792,,NIFTY,,2024-06-13,2024-06-13,22000.00,CE,NIFTY2461322000CE,802.40,853.85,698.00,831.55,844.00,750.00,22403.85,831.55,11500,5700,375,213621216.25,140,F1,25,,,,,
2024-05-16,2024-05-16,FO,NSE,IDO,56977,,NIFTY,,2024-05-30,2024-05-30,24000.00,CE,NIFTY24MAY24000CE,3.70,4.50,3.10,3.80,3.80,3.80,22403.85,3.80,2525075,170300,81157,48701758836.25,9227,F1,25,,,,,
2024-05-16,2024-05-16,FO,NSE,IDO,71472,,NIFTY,,2026-06-25,2026-06-25,24000.00,CE,NIFTY26JUN24000CE,0.00,0.00,0.00,1698.30,0.00,1698.30,22403.85,2831.60,0,0,0,0.00,0,F1,25,,,,,
2024-05-16,2024-05-16,FO,NSE,IDO,56978,,NIFTY,,2024-05-30,2024-05-30,24000.00,PE,NIFTY24MAY24000PE,1625.00,1830.00,1510.00,1535.00,1522.00,1694.65,22403.85,1535.00,421300,-9950,1933,1240212716.25,579,F1,25,,,,,
2024-05-16,2024-05-16,FO,NSE,IDO,36952,,NIFTY,,2024-06-06,2024-06-06,21550.00,PE,NIFTY2460621550PE,0.00,0.00,0.00,47.05,0.00,47.05,22403.85,37.70,0,0,0,0.00,0,F1,25,,,,,
2024-05-16,2024-05-16,FO,NSE,IDO,64820,,NIFTY,,2024-07-25,2024-07-25,21550.00,PE,NIFTY24JUL21550PE,0.00,0.00,0.00,313.20,313.20,313.20,22403.85,151.15,1150,0,0,0.00,0,F1,25,,,,,
2024-05-16,2024-05-16,FO,NSE,IDO,56879,,NIFTY,,2024-05-30,2024-05-30,21550.00,CE,NIFTY24MAY21550CE,842.40,958.80,687.60,942.35,950.35,835.15,22403.85,942.35,4900,0,53,29689502.50,33,F1,25,,,,,
2024-05-16,2024-05-16,FO,NSE,IDO,37227,,NIFTY,,2024-06-06,2024-06-06,24300.00,PE,NIFTY2460624300PE,0.00,0.00,0.00,1518.35,0.00,1518.35,22403.85,1800.70,0,0,0,0.00,0,F1,25,,,,,
2024-05-16,2024-05-16,FO,NSE,IDO,43893,,NIFTY,,2024-06-13,2024-06-13,22600.00,CE,NIFTY2461322600CE,0.00,0.00,0.00,195.00,0.00,195.00,22403.85,317.90,0,0,0,0.00,0,F1,25,,,,,
2024-05-16,2024-05-16,FO,NSE,IDO,38771,,NIFTY,,2024-05-23,2024-05-23,22600.00,PE,NIFTY2452322600PE,330.10,507.40,232.35,249.30,240.00,399.45,22403.85,249.30,239850,169025,40807,23392510066.25,12386,F1,25,,,,,
2024-05-16,2024-05-16,FO,NSE,IDO,38770,,NIFTY,,2024-05-23,2024-05-23,22600.00,CE,NIFTY2452322600CE,50.80,84.65,26.45,74.20,79.00,43.75,22403.85,74.20,1603975,782875,732330,414736512738.75,172289,F1,25,,,,,
2024-05-16,2024-05-16,FO,NSE,IDO,43978,,NIFTY,,2024-06-13,2024-06-13,23250.00,CE,NIFTY2461323250CE,0.00,0.00,0.00,63.30,0.00,63.30,22403.85,108.00,0,0,0,0.00,0,F1,25,,,,,
2024-05-16,2024-05-16,FO,NSE,IDO,37056,,NIFTY,,2024-06-06,2024-06-06,22600.00,CE,NIFTY2460622600CE,357.40,466.30,327.60,427.95,430.00,366.60,22403.85,427.95,21200,-225,1261,725045525.00,504,F1,25,,,,,
2024-05-16,2024-05-16,FO,NSE,IDO,51701,,NIFTY,,2024-05-16,2024-05-16,22600.00,CE,NIFTY2451622600CE,1.75,2.45,0.05,0.20,0.05,1.55,22403.85,22403.85,8205875,1445950,11689836,6604966169755.01,1074671,F1,25,,,,,
2024-05-16,2024-05-16,FO,NSE,IDO,51702,,NIFTY,,2024-05-16,2024-05-16,22600.00,PE,NIFTY2451622600PE,311.70,560.50,183.15,200.95,195.85,394.40,22403.85,22403.85,226825,15500,79184,45334144628.75,32765,F1,25,,,,,
2024-05-16,2024-05-16,FO,NSE,IDO,56824,,NIFTY,,2024-05-30,2024-05-30,20150.00,PE,NIFTY24MAY20150PE,4.70,6.80,3.45,4.30,4.00,4.55,22403.85,4.30,28450,3900,762,383947586.25,169,F1,25,,,,,
2024-05-16,2024-05-16,FO,NSE,IDO,51728,,NIFTY,,2024-05-16,2024-05-16,23250.00,PE,NIFTY2451623250PE,1101.00,1101.00,1101.00,1101.00,1101.00,1100.45,22403.85,22403.85,250,-25,1,608775.00,1,F1,25,,,,,
2024-05-16,2024-05-16,FO,NSE,IDO,56922,,NIFTY,,2024-05-30,2024-05-30,22600.00,PE,NIFTY24MAY22600PE,364.95,523.95,277.10,294.80,281.20,421.60,22403.85,294.80,1368350,41450,29022,16662087947.50,11693,F1,25,,,,,
2024-05-16,2024-05-16,FO,NSE,IDO,64353,,NIFTY,,2024-06-27,2024-06-27,23250.00,PE,NIFTY24JUN23250PE,1090.00,1090.00,962.65,965.45,962.65,1087.55,22403.85,965.45,2550,100,5,3030045.00,3,F1,25,,,,,
2024-05-16,2024-05-16,FO,NSE,IDO,37133,,NIFTY,,2024-06-06,2024-06-06,23250.00,CE,NIFTY2460623250CE,0.00,0.00,0.00,116.45,116.45,116.45,22403.85,69.55,100,0,0,0.00,0,F1,25,,,,,
2024-05-16,2024-05-16,FO,NSE,IDF,35007,,NIFTY,,2024-07-25,2024-07-25,,,NIFTY24JULFUT,22584.80,22716.60,22412.00,22683.45,22703.95,22529.05,22403.85,22683.45,288775,8250,9109,5139284176.25,5480,F1,25,,,,,
2024-05-16,2024-05-16,FO,NSE,IDO,36891,,NIFTY,,2024-06-06,2024-06-06,20900.00,PE,NIFTY2460620900PE,0.00,0.00,0.00,39.55,39.55,39.55,22403.85,4.20,50,0,0,0.00,0,F1,25,,,,,
2024-05-16,2024-05-16,FO,NSE,IDO,43852,,NIFTY,,2024-06-13,2024-06-13,22200.00,PE,NIFTY2461322200PE,400.00,478.90,398.00,400.50,406.75,312.25,22403.85,400.50,100,75,23,12997097.50,9,F1,25,,,,,
2024-05-16,2024-05-16,FO,NSE,IDO,56927,,NIFTY,,2024-05-30,2024-05-30,22750.00,CE,NIFTY24MAY22750CE,80.40,107.05,49.45,97.15,103.70,67.40,22403.85,97.15,280925,16225,26529,15136061317.50,6839,F1,25,,,,,
2024-05-16,2024-05-16,FO,NSE,IDO,38793,,NIFTY,,2024-05-23,2024-05-23,22750.00,PE,NIFTY2452322750PE,440.00,645.25,340.10,365.00,348.95,518.00,22403.85,365.00,27200,6900,1991,1155108892.50,704,F1,25,,,,,
2024-05-16,2024-05-16,FO,NSE,IDO,51707,,NIFTY,,2024-05-16,2024-05-16,22750.00,CE,NIFTY2451622750CE,0.70,0.95,0.05,0.10,0.05,0.70,22403.85,22403.85,3567025,1392675,2097226,1192814212035.00,176523,F1,25,,,,,
2024-05-16,2024-05-16,FO,NSE,IDO,65271,,NIFTY,,2024-07-25,2024-07-25,23950.00,CE,NIFTY24JUL23950CE,0.00,0.00,0.00,180.80,180.80,180.80,22403.85,159.70,1800,0,0,0.00,0,F1,25,,,,,
2024-05-16,2024-05-16,FO,NSE,IDO,56976,,NIFTY,,2024-05-30,2024-05-30,23950.00,PE,NIFTY24MAY23950PE,1514.35,1514.35,1498.50,1507.25,1500.95,1636.75,22403.85,1507.25,3275,550,22,14001467.50,11,F1,25,,,,,
2024-05-16,2024-05-16,FO,NSE,IDO,37196,,NIFTY,,2024-06-06,2024-06-06,23950.00,PE,NIFTY2460623950PE,0.00,0.00,0.00,1205.65,0.00,1205.65,22403.85,1459.25,0,0,0,0.00,0,F1,25,,,,,
2024-05-16,2024-05-16,FO,NSE,IDO,65917,,NIFTY,,2024-09-26,2024-09-26,28000.00,CE,NIFTY24SEP28000CE,0.00,0.00,0.00,38.55,0.00,38.55,22403.85,8.25,0,0,0,0.00,0,F1,25,,,,,
2024-05-16,2024-05-16,FO,NSE,IDO,64579,,NIFTY,,2025-03-27,2025-03-27,28000.00,PE,NIFTY25MAR28000PE,0.00,0.00,0.00,3940.45,0.00,3940.45,22403.85,4066.55,0,0,0,0.00,0,F1,25,,,,,
2024-05-16,2024-05-16,FO,NSE,IDO,67790,,NIFTY,,2028-12-28,2028-12-28,28000.00,CE,NIFTY28DEC28000CE,0.00,0.00,0.00,4027.15,0.00,4027.15,22403.85,3963.85,0,0,0,0.00,0,F1,25,,,,,
2024-05-16,2024-05-16,FO,NSE,IDO,65264,,NIFTY,,2024-07-25,2024-07-25,23800.00,PE,NIFTY24JUL23800PE,1433.90,1433.90,1430.30,1430.30,1430.30,1433.90,22403.85,1255.65,625,0,2,1261605.00,2,F1,25,,,,,
2024-05-16,2024-05-16,FO,NSE,IDO,45865,,NIFTY,,2025-06-26,2025-06-26,17000.00,CE,NIFTY25JUN17000CE,0.00,0.00,0.00,6640.00,6640.00,6640.00,22403.85,6736.25,2800,0,0,0.00,0,F1,25,,,,,
2024-05-16,2024-05-16,FO,NSE,IDO,45874,,NIFTY,,2025-12-24,2025-12-24,17000.00,PE,NIFTY25DEC17000PE,0.00,0.00,0.00,46.80,46.80,46.80,22403.85,17.50,2225,0,0,0.00,0,F1,25,,,,,
2024-05-16,2024-05-16,FO,NSE,IDO,39277,,NIFTY,,2024-05-23,2024-05-23,24200.00,PE,NIFTY2452324200PE,1798.00,1807.55,1779.40,1799.10,1798.55,1963.05,22403.85,1799.10,2250,600,24,15599455.00,12,F1,25,,,,,
2024-05-16,2024-05-16,FO,NSE,IDO,65041,,NIFTY,,2024-07-25,2024-07-25,22850.00,CE,NIFTY24JUL22850CE,579.60,579.60,551.90,551.90,551.90,553.00,22403.85,497.50,1175,125,8,4684507.50,7,F1,25,,,,,
2024-05-16,2024-05-16,FO,NSE,IDO,37084,,NIFTY,,2024-06-06,2024-06-06,22850.00,PE,NIFTY2460622850PE,0.00,0.00,0.00,767.90,767.90,767.90,22403.85,516.40,100,0,0,0.00,0,F1,25,,,,,
2024-05-16,2024-05-16,FO,NSE,IDO,56843,,NIFTY,,2024-05-30,2024-05-30,20650.00,CE,NIFTY24MAY20650CE,1680.25,1680.25,1670.30,1670.30,1670.30,1651.85,22403.85,1810.10,1300,100,4,2232527.50,2,F1,25,,,,,
2024-05-16,2024-05-16,FO,NSE,IDO,51703,,NIFTY,,2024-05-16,2024-05-16,22650.00,CE,NIFTY2451622650CE,1.15,1.90,0.05,0.15,0.05,0.95,22403.85,22403.85,4403700,532775,5802200,3285573626386.26,494781,F1,25,,,,,
2024-05-16,2024-05-16,FO,NSE,IDO,43895,,NIFTY,,2024-06-13,2024-06-13,22650.00,CE,NIFTY2461322650CE,0.00,0.00,0.00,180.40,0.00,180.40,22403.85,295.60,0,0,0,0.00,0,F1,25,,,,,
2024-05-16,2024-05-16,FO,NSE,IDO,38777,,NIFTY,,2024-05-23,2024-05-23,22650.00,PE,NIFTY2452322650PE,368.10,546.10,265.70,283.85,276.10,437.35,22403.85,283.85,35450,27950,4549,2615969852.50,1532,F1,25,,,,,
2024-05-16,2024-05-16,FO,NSE,IDO,37060,,NIFTY,,2024-06-06,2024-06-06,22650.00,CE,NIFTY2460622650CE,0.00,0.00,0.00,506.65,506.65,506.65,22403.85,235.85,25,0,0,0.00,0,F1,25,,,,,
2024-05-16,2024-05-16,FO,NSE,IDO,51704,,NIFTY,,2024-05-16,2024-05-16,22650.00,PE,NIFTY2451622650PE,375.75,606.35,233.25,250.20,246.20,440.45,22403.85,22403.85,38575,1200,15453,8889899872.50,8811,F1,25,,,,,
2024-05-16,2024-05-16,FO,NSE,IDO,37061,,NIFTY,,2024-06-06,2024-06-06,22650.00,PE,NIFTY2460622650PE,0.00,0.00,0.00,850.00,850.00,850.00,22403.85,389.90,125,0,0,0.00,0,F1,25,,,,,
2024-05-16,2024-05-16,FO,NSE,IDO,64576,,NIFTY,,2025-03-27,2025-03-27,27000.00,CE,NIFTY25MAR27000CE,282.00,282.00,282.00,282.00,282.00,238.50,22403.85,298.25,50,25,1,682050.00,1,F1,25,,,,,
2024-05-16,2024-05-16,FO,NSE,IDO,50965,,NIFTY,,2024-06-27,2024-06-27,27000.00,PE,NIFTY24JUN27000PE,4425.00,4669.15,4337.20,4391.80,4337.20,4538.20,22403.85,4391.80,103250,39200,8318,6540325901.25,4788,F1,25,,,,,
2024-05-16,2024-05-16,FO,NSE,IDO,53631,,NIFTY,,2027-12-30,2027-12-30,27000.00,CE,NIFTY27DEC27000CE,0.00,0.00,0.00,2889.80,0.00,2889.80,22403.85,3259.45,0,0,0,0.00,0,F1,25,,,,,
2024-05-16,2024-05-16,FO,NSE,IDO,50978,,NIFTY,,2026-12-31,2026-12-31,27000.00,CE,NIFTY26DEC27000CE,0.00,0.00,0.00,1651.65,0.00,1651.65,22403.85,2111.85,0,0,0,0.00,0,F1,25,,,,,
2024-05-16,2024-05-16,FO,NSE,IDO,50976,,NIFTY,,2026-06-25,2026-06-25,27000.00,PE,NIFTY26JUN27000PE,0.00,0.00,0.00,6810.70,0.00,6810.70,22403.85,2275.80,0,0,0,0.00,0,F1,25,,,,,
2024-05-16,2024-05-16,FO,NSE,IDO,67788,,NIFTY,,2028-12-28,2028-12-28,27000.00,CE,NIFTY28DEC27000CE,0.00,0.00,0.00,4437.95,0.00,4437.95,22403.85,4398.80,0,0,0,0.00,0,F1,25,,,,,
2024-05-16,2024-05-16,FO,NSE,IDO,86164,,NIFTY,,2028-06-29,2028-06-29,27000.00,PE,NIFTY28JUN27000PE,0.00,0.00,0.00,2752.35,0.00,2752.35,22403.85,1418.55,0,0,0,0.00,0,F1,25,,,,,
2024-05-16,2024-05-16,FO,NSE,IDO,67789,,NIFTY,,2028-12-28,2028-12-28,27000.00,PE,NIFTY28DEC27000PE,0.00,0.00,0.00,1413.85,0.00,1413.85,22403.85,1271.70,0,0,0,0.00,0,F1,25,,,,,
2024-05-16,2024-05-16,FO,NSE,IDO,50972,,NIFTY,,2025-12-24,2025-12-24,27000.00,PE,NIFTY25DEC27000PE,0.00,0.00,0.00,7112.80,0.00,7112.80,22403.85,2597.75,0,0,0,0.00,0,F1,25,,,,,
2024-05-16,2024-05-16,FO,NSE,IDO,50966,,NIFTY,,2024-12-26,2024-12-26,27000.00,CE,NIFTY24DEC27000CE,81.05,92.00,78.10,85.75,81.50,84.20,22403.85,85.75,80600,3150,443,299947503.75,104,F1,25,,,,,
2024-05-16,2024-05-16,FO,NSE,IDO,65915,,NIFTY,,2024-09-26,2024-09-26,27000.00,CE,NIFTY24SEP27000CE,12.75,12.75,12.70,12.70,12.70,68.70,22403.85,25.75,125,125,5,3376592.50,2,F1,25,,,,,
2024-05-16,2024-05-16,FO,NSE,IDO,50984,,NIFTY,,2027-06-24,2027-06-24,27000.00,PE,NIFTY27JUN27000PE,0.00,0.00,0.00,6273.45,0.00,6273.45,22403.85,1786.40,0,0,0,0.00,0,F1,25,,,,,
2024-05-16,2024-05-16,FO,NSE,IDO,53632,,NIFTY,,2027-12-30,2027-12-30,27000.00,PE,NIFTY27DEC27000PE,0.00,0.00,0.00,3794.40,0.00,3794.40,22403.85,1585.95,0,0,0,0.00,0,F1,25,,,,,
2024-05-16,2024-05-16,FO,NSE,IDO,51793,,NIFTY,,2024-05-16,2024-05-16,24100.00,CE,NIFTY2451624100CE,0.20,0.20,0.05,0.05,0.05,0.30,22403.85,22403.85,129000,-118700,16467,9921406186.25,1309,F1,25,,,,,
2024-05-16,2024-05-16,FO,NSE,IDO,56981,,NIFTY,,2024-05-30,2024-05-30,24100.00,CE,NIFTY24MAY24100CE,3.45,3.95,2.80,3.55,2.80,3.40,22403.85,3.55,88425,725,2258,1360637952.50,434,F1,25,,,,,
2024-05-16,2024-05-16,FO,NSE,IDO,43733,,NIFTY,,2024-06-13,2024-06-13,21700.00,PE,NIFTY2461321700PE,0.00,0.00,0.00,212.50,0.00,212.50,22403.85,80.35,0,0,0,0.00,0,F1,25,,,,,
2024-05-16,2024-05-16,FO,NSE,IDO,56885,,NIFTY,,2024-05-30,2024-05-30,21700.00,CE,NIFTY24MAY21700CE,718.60,820.00,559.00,792.30,812.35,656.50,22403.85,792.30,77250,-6875,1524,852186591.25,715,F1,25,,,,,
2024-05-16,2024-05-16,FO,NSE,IDO,51654,,NIFTY,,2024-05-16,2024-05-16,21700.00,PE,NIFTY2451621700PE,0.75,1.00,0.05,0.15,0.05,1.65,22403.85,22403.85,6300250,1246150,9094622,4933928100273.76,724633,F1,25,,,,,
2024-05-16,2024-05-16,FO,NSE,IDO,51653,,NIFTY,,2024-05-16,2024-05-16,21700.00,CE,NIFTY2451621700CE,560.00,715.90,338.75,696.65,705.00,516.30,22403.85,22403.85,96075,-34025,20202,11189273065.00,7476,F1,25,,,,,
2024-05-16,2024-05-16,FO,NSE,IDO,49174,,NIFTY,,2025-12-24,2025-12-24,15000.00,PE,NIFTY25DEC15000PE,0.00,0.00,0.00,62.15,62.15,62.15,22403.85,1.90,1100,0,0,0.00,0,F1,25,,,,,
2024-05-16,2024-05-16,FO,NSE,IDO,44025,,NIFTY,,2024-06-13,2024-06-13,23700.00,PE,NIFTY2461323700PE,0.00,0.00,0.00,1602.10,0.00,1602.10,22403.85,1210.45,0,0,0,0.00,0,F1,25,,,,,
2024-05-16,2024-05-16,FO,NSE,IDO,64394,,NIFTY,,2024-06-27,2024-06-27,23700.00,CE,NIFTY24JUN23700CE,155.95,167.60,126.00,162.40,164.05,142.90,22403.85,162.40,85375,-2600,3260,1943754716.25,1620,F1,25,,,,,
2024-05-16,2024-05-16,FO,NSE,IDO,65249,,NIFTY,,2024-07-25,2024-07-25,23700.00,CE,NIFTY24JUL23700CE,241.80,275.00,241.80,258.40,275.00,258.95,22403.85,258.40,2100,25,2,1197920.00,2,F1,25,,,,,
2024-05-16,2024-05-16,FO,NSE,IDO,56965,,NIFTY,,2024-05-30,2024-05-30,23700.00,CE,NIFTY24MAY23700CE,4.80,5.85,3.40,5.25,4.65,4.65,22403.85,5.25,303450,7900,22999,13629520787.50,4480,F1,25,,,,,
2024-05-16,2024-05-16,FO,NSE,IDO,64395,,NIFTY,,2024-06-27,2024-06-27,23700.00,PE,NIFTY24JUN23700PE,1356.55,1356.55,1316.85,1318.20,1316.85,1353.00,22403.85,1318.20,2875,250,13,8135347.50,7,F1,25,,,,,
2024-05-16,2024-05-16,FO,NSE,IDO,64324,,NIFTY,,2024-07-25,2024-07-25,20450.00,PE,NIFTY24JUL20450PE,0.00,0.00,0.00,33.20,0.00,33.20,22403.85,25.30,0,0,0,0.00,0,F1,25,,,,,
2024-05-16,2024-05-16,FO,NSE,IDO,64096,,NIFTY,,2024-06-27,2024-06-27,20450.00,CE,NIFTY24JUN20450CE,2173.05,2183.95,2173.05,2178.55,2183.95,2048.50,22403.85,2178.55,2000,250,10,5657130.00,5,F1,25,,,,,
2024-05-16,2024-05-16,FO,NSE,IDO,36851,,NIFTY,,2024-06-06,2024-06-06,20450.00,CE,NIFTY2460620450CE,0.00,0.00,0.00,2343.05,0.00,2343.05,22403.85,2037.60,0,0,0,0.00,0,F1,25,,,,,
2024-05-16,2024-05-16,FO,NSE,IDO,38589,,NIFTY,,2024-05-23,2024-05-23,20450.00,CE,NIFTY2452320450CE,1968.30,1970.85,1949.00,1961.15,1964.80,1804.85,22403.85,1961.15,2125,350,42,23531707.50,17,F1,25,,,,,
2024-05-16,2024-05-16,FO,NSE,IDO,43695,,NIFTY,,2024-06-13,2024-06-13,21600.00,CE,NIFTY2461321600CE,0.00,0.00,0.00,688.50,0.00,688.50,22403.85,985.05,0,0,0,0.00,0,F1,25,,,,,
2024-05-16,2024-05-16,FO,NSE,IDO,64236,,NIFTY,,2024-06-27,2024-06-27,21600.00,PE,NIFTY24JUN21600PE,300.05,356.00,230.45,263.45,230.45,322.65,22403.85,263.45,139650,8225,2542,1391398712.50,660,F1,25,,,,,
2024-05-16,2024-05-16,FO,NSE,IDO,51452,,NIFTY,,2025-12-24,2025-12-24,21000.00,PE,NIFTY25DEC21000PE,460.75,540.00,460.75,540.00,540.00,535.00,22403.85,304.60,2600,75,7,3763537.50,6,F1,25,,,,,
2024-05-16,2024-05-16,FO,NSE,IDO,43637,,NIFTY,,2024-06-13,2024-06-13,21000.00,PE,NIFTY2461321000PE,134.40,168.05,109.85,118.25,109.85,149.35,22403.85,118.25,22600,5150,381,201369871.25,168,F1,25,,,,,
2024-05-16,2024-05-16,FO,NSE,IDO,51455,,NIFTY,,2026-06-25,2026-06-25,21000.00,PE,NIFTY26JUN21000PE,0.00,0.00,0.00,3065.60,0.00,3065.60,22403.85,311.65,0,0,0,0.00,0,F1,25,,,,,
2024-05-16,2024-05-16,FO,NSE,IDO,64485,,NIFTY,,2024-07-25,2024-07-25,21000.00,PE,NIFTY24JUL21000PE,225.40,263.00,192.10,199.90,192.75,243.70,22403.85,199.90,371925,12100,4297,2279871476.25,2552,F1,25,,,,,
2024-05-16,2024-05-16,FO,NSE,IDO,51448,,NIFTY,,2024-12-26,2024-12-26,21000.00,PE,NIFTY24DEC21000PE,341.60,372.85,310.00,322.10,313.00,358.25,22403.85,322.10,1261150,12350,3304,1763273932.50,1643,F1,25,,,,,
2024-05-16,2024-05-16,FO,NSE,IDO,51447,,NIFTY,,2024-12-26,2024-12-26,21000.00,CE,NIFTY24DEC21000CE,2501.60,2557.00,2342.50,2543.45,2555.95,2419.85,22403.85,2543.45,216875,3050,415,243317461.25,267,F1,25,,,,,
2024-05-16,2024-05-16,FO,NSE,IDO,53613,,NIFTY,,2027-12-30,2027-12-30,21000.00,CE,NIFTY27DEC21000CE,0.00,0.00,0.00,4902.40,0.00,4902.40,22403.85,6562.10,0,0,0,0.00,0,F1,25,,,,,
2024-05-16,2024-05-16,FO,NSE,IDO,71553,,NIFTY,,2027-06-24,2027-06-24,21000.00,CE,NIFTY27JUN21000CE,0.00,0.00,0.00,3061.80,0.00,3061.80,22403.85,5956.55,0,0,0,0.00,0,F1,25,,,,,
2024-05-16,2024-05-16,FO,NSE,IDO,64429,,NIFTY,,2024-06-27,2024-06-27,24150.00,PE,NIFTY24JUN24150PE,1665.20,1665.20,1653.40,1658.50,1659.00,1766.80,22403.85,1658.50,1975,525,21,13549455.00,11,F1,25,,,,,
2024-05-16,2024-05-16,FO,NSE,IDO,37208,,NIFTY,,2024-06-06,2024-06-06,24150.00,PE,NIFTY2460624150PE,0.00,0.00,0.00,1381.95,0.00,1381.95,22403.85,1653.50,0,0,0,0.00,0,F1,25,,,,,
2024-05-16,2024-05-16,FO,NSE,IDO,36688,,NIFTY,,2025-12-24,2025-12-24,19500.00,CE,NIFTY25DEC19500CE,5500.00,5500.00,5500.00,5500.00,5500.00,4500.00,22403.85,5187.45,1475,0,2,1250000.00,2,F1,25,,,,,
2024-05-16,2024-05-16,FO,NSE,IDO,43645,,NIFTY,,2024-06-13,2024-06-13,21100.00,PE,NIFTY2461321100PE,0.00,0.00,0.00,90.05,90.05,90.05,22403.85,17.55,75,0,0,0.00,0,F1,25,,,,,
2024-05-16,2024-05-16,FO,NSE,IDO,64491,,NIFTY,,2024-07-25,2024-07-25,21100.00,CE,NIFTY24JUL21100CE,1709.00,1808.80,1709.00,1807.05,1806.25,1703.50,22403.85,1807.05,1075,300,12,6867207.50,6,F1,25,,,,,
2024-05-16,2024-05-16,FO,NSE,IDO,64169,,NIFTY,,2024-06-27,2024-06-27,21100.00,PE,NIFTY24JUN21100PE,208.85,230.00,161.35,168.25,161.35,211.95,22403.85,168.25,210075,-4000,1606,854722008.75,426,F1,25,,,,,
2024-05-16,2024-05-16,FO,NSE,IDO,64168,,NIFTY,,2024-06-27,2024-06-27,21100.00,CE,NIFTY24JUN21100CE,1425.55,1644.90,1425.55,1640.55,1625.55,1488.00,22403.85,1640.55,1450,325,20,11349310.00,12,F1,25,,,,,
2024-05-16,2024-05-16,FO,NSE,IDO,38632,,NIFTY,,2024-05-23,2024-05-23,21100.00,PE,NIFTY2452321100PE,4.80,7.70,3.10,3.95,3.40,4.85,22403.85,3.95,972825,797425,294266,155258886427.50,52703,F1,25,,,,,
2024-05-16,2024-05-16,FO,NSE,IDO,65841,,NIFTY,,2024-09-26,2024-09-26,18000.00,CE,NIFTY24SEP18000CE,0.00,0.00,0.00,4860.00,4860.00,4860.00,22403.85,4876.80,50,0,0,0.00,0,F1,25,,,,,
2024-05-16,2024-05-16,FO,NSE,IDO,67771,,NIFTY,,2028-12-28,2028-12-28,18000.00,PE,NIFTY28DEC18000PE,0.00,0.00,0.00,104.65,0.00,104.65,22403.85,71.60,0,0,0,0.00,0,F1,25,,,,,
2024-05-16,2024-05-16,FO,NSE,IDO,55115,,NIFTY,,2024-06-27,2024-06-27,18000.00,CE,NIFTY24JUN18000CE,4410.55,4550.00,4220.50,4510.15,4520.05,4350.95,22403.85,4510.15,470425,-37075,2595,1451827598.75,1348,F1,25,,,,,
2024-05-16,2024-05-16,FO,NSE,IDO,64428,,NIFTY,,2024-06-27,2024-06-27,24150.00,CE,NIFTY24JUN24150CE,0.00,0.00,0.00,95.00,95.00,95.00,22403.85,43.30,3925,0,0,0.00,0,F1,25,,,,,
2024-05-16,2024-05-16,FO,NSE,IDO,39275,,NIFTY,,2024-05-23,2024-05-23,24150.00,PE,NIFTY2452324150PE,1796.95,1797.15,1730.10,1742.30,1740.40,1894.85,22403.85,1742.30,2125,500,20,12951627.50,10,F1,25,,,,,
2024-05-16,2024-05-16,FO,NSE,IDO,37207,,NIFTY,,2024-06-06,2024-06-06,24150.00,CE,NIFTY2460624150CE,0.00,0.00,0.00,48.60,0.00,48.60,22403.85,5.55,0,0,0,0.00,0,F1,25,,,,,
2024-05-16,2024-05-16,FO,NSE,IDO,38627,,NIFTY,,2024-05-23,2024-05-23,21100.00,CE,NIFTY2452321100CE,1245.00,1255.00,1035.00,1215.00,1215.00,1132.00,22403.85,1332.60,2550,1300,53,29457018.75,45,F1,25,,,,,
2024-05-16,2024-05-16,FO,NSE,IDO,51618,,NIFTY,,2024-05-16,2024-05-16,21100.00,PE,NIFTY2451621100PE,0.25,0.35,0.05,0.15,0.05,0.50,22403.85,22403.85,620975,-356225,144364,76152489447.50,13001,F1,25,,,,,
2024-05-16,2024-05-16,FO,NSE,IDO,51617,,NIFTY,,2024-05-16,2024-05-16,21100.00,CE,NIFTY2451621100CE,1205.00,1313.70,953.10,1307.25,1310.00,1114.40,22403.85,22403.85,1750,-400,112,62113471.25,82,F1,25,,,,,
2024-05-16,2024-05-16,FO,NSE,IDO,64500,,NIFTY,,2024-07-25,2024-07-25,21100.00,PE,NIFTY24JUL21100PE,0.00,0.00,0.00,245.65,245.65,245.65,22403.85,78.40,700,0,0,0.00,0,F1,25,,,,,
2024-05-16,2024-05-16,FO,NSE,IDO,56861,,NIFTY,,2024-05-30,2024-05-30,21100.00,CE,NIFTY24MAY21100CE,1269.85,1380.35,1084.70,1350.20,1380.35,1189.90,22403.85,1350.20,11500,125,38,21218170.00,25,F1,25,,,,,
2024-05-16,2024-05-16,FO,NSE,IDO,58626,,NIFTY,,2026-06-25,2026-06-25,22000.00,CE,NIFTY26JUN22000CE,0.00,0.00,0.00,2722.55,0.00,2722.55,22403.85,4024.25,0,0,0,0.00,0,F1,25,,,,,
2024-05-16,2024-05-16,FO,NSE,IDO,38873,,NIFTY,,2024-05-23,2024-05-23,23450.00,CE,NIFTY2452323450CE,1.95,2.05,1.15,1.55,1.35,1.95,22403.85,1.55,91150,70450,27050,15859077771.25,3534,F1,25,,,,,
2024-05-16,2024-05-16,FO,NSE,IDO,37167,,NIFTY,,2024-06-06,2024-06-06,23450.00,PE,NIFTY2460623450PE,0.00,0.00,0.00,803.30,0.00,803.30,22403.85,993.50,0,0,0,0.00,0,F1,25,,,,,
2024-05-16,2024-05-16,FO,NSE,IDO,37005,,NIFTY,,2024-06-06,2024-06-06,22150.00,PE,NIFTY2460622150PE,389.05,479.95,319.00,324.85,319.50,401.50,22403.85,324.85,1025,250,131,73821843.75,32,F1,25,,,,,
2024-05-16,2024-05-16,FO,NSE,IDO,43566,,NIFTY,,2024-06-13,2024-06-13,20350.00,CE,NIFTY2461320350CE,0.00,0.00,0.00,1760.25,0.00,1760.25,22403.85,2165.45,0,0,0,0.00,0,F1,25,,,,,
2024-05-16,2024-05-16,FO,NSE,IDO,56906,,NIFTY,,2024-05-30,2024-05-30,22200.00,PE,NIFTY24MAY22200PE,187.00,272.60,113.75,125.95,114.15,201.20,22403.85,125.95,1744225,-77475,344935,193046627076.25,120607,F1,25,,,,,
2024-05-16,2024-05-16,FO,NSE,IDO,51708,,NIFTY,,2024-05-16,2024-05-16,22750.00,PE,NIFTY2451622750PE,470.05,700.00,334.45,351.80,346.10,540.85,22403.85,22403.85,19150,-5375,3286,1905093463.75,1734,F1,25,,,,,
2024-05-16,2024-05-16,FO,NSE,IDO,65032,,NIFTY,,2024-07-25,2024-07-25,22750.00,CE,NIFTY24JUL22750CE,617.30,667.00,611.85,660.35,657.05,589.55,22403.85,660.35,1450,-225,13,7600283.75,9,F1,25,,,,,
2024-05-16,2024-05-16,FO,NSE,IDO,56890,,NIFTY,,2024-05-30,2024-05-30,21800.00,PE,NIFTY24MAY21800PE,70.40,122.75,42.25,47.85,44.30,83.25,22403.85,47.85,1315575,27575,134478,73541009315.00,37610,F1,25,,,,,
2024-05-16,2024-05-16,FO,NSE,IDO,51646,,NIFTY,,2024-05-16,2024-05-16,21600.00,CE,NIFTY2451621600CE,671.05,813.60,440.45,805.75,802.30,612.60,22403.85,22403.85,61500,-13025,6367,3523865957.50,2318,F1,25,,,,,
2024-05-16,2024-05-16,FO,NSE,IDO,38646,,NIFTY,,2024-05-23,2024-05-23,21400.00,CE,NIFTY2452321400CE,899.95,1051.80,742.45,1006.75,1028.30,856.95,22403.85,1006.75,9475,3525,302,167825612.50,153,F1,25,,,,,
2024-05-16,2024-05-16,FO,NSE,IDO,64706,,NIFTY,,2024-07-25,2024-07-25,21400.00,PE,NIFTY24JUL21400PE,0.00,0.00,0.00,131.25,0.00,131.25,22403.85,122.75,0,0,0,0.00,0,F1,25,,,,,
2024-05-16,2024-05-16,FO,NSE,IDO,36936,,NIFTY,,2024-06-06,2024-06-06,21400.00,CE,NIFTY2460621400CE,0.00,0.00,0.00,1115.15,1115.15,1115.15,22403.85,1115.00,50,0,0,0.00,0,F1,25,,,,,
2024-05-16,2024-05-16,FO,NSE,IDO,43675,,NIFTY,,2024-06-13,2024-06-13,21400.00,CE,NIFTY2461321400CE,0.00,0.00,0.00,833.65,0.00,833.65,22403.85,1159.35,0,0,0,0.00,0,F1,25,,,,,
2024-05-16,2024-05-16,FO,NSE,IDO,43676,,NIFTY,,2024-06-13,2024-06-13,21400.00,PE,NIFTY2461321400PE,117.05,117.05,117.05,117.05,117.05,126.90,22403.85,117.05,25,25,1,537926.25,1,F1,25,,,,,
2024-05-16,2024-05-16,FO,NSE,IDO,56874,,NIFTY,,2024-05-30,2024-05-30,21400.00,PE,NIFTY24MAY21400PE,28.30,51.70,18.65,20.90,19.60,33.50,22403.85,20.90,778175,-43025,79178,42420508540.00,20777,F1,25,,,,,
2024-05-16,2024-05-16,FO,NSE,IDO,64703,,NIFTY,,2024-07-25,2024-07-25,21400.00,CE,NIFTY24JUL21400CE,1452.30,1456.35,1452.30,1456.35,1456.35,1465.00,22403.85,1423.70,300,100,4,2285432.50,2,F1,25,,,,,
2024-05-16,2024-05-16,FO,NSE,IDO,64220,,NIFTY,,2024-06-27,2024-06-27,21400.00,CE,NIFTY24JUN21400CE,1244.60,1397.90,1191.00,1397.90,1397.90,1257.75,22403.85,1397.90,6000,2625,112,63419836.25,43,F1,25,,,,,
2024-05-16,2024-05-16,FO,NSE,IDO,38647,,NIFTY,,2024-05-23,2024-05-23,21400.00,PE,NIFTY2452321400PE,8.90,19.95,5.50,6.85,6.15,10.60,22403.85,6.85,923850,402525,404432,216470548636.25,81209,F1,25,,,,,
2024-05-16,2024-05-16,FO,NSE,IDO,64221,,NIFTY,,2024-06-27,2024-06-27,21400.00,PE,NIFTY24JUN21400PE,247.85,298.20,209.15,215.10,212.00,273.15,22403.85,215.10,259625,78475,5845,3164686965.00,2225,F1,25,,,,,
2024-05-16,2024-05-16,FO,NSE,IDO,51632,,NIFTY,,2024-05-16,2024-05-16,21400.00,PE,NIFTY2451621400PE,0.40,0.40,0.05,0.10,0.05,0.70,22403.85,22403.85,1352650,-799825,629194,336621412660.00,41939,F1,25,,,,,
2024-05-16,2024-05-16,FO,NSE,IDO,51631,,NIFTY,,2024-05-16,2024-05-16,21400.00,CE,NIFTY2451621400CE,860.00,1014.05,649.00,1002.35,1003.65,815.75,22403.85,22403.85,17200,-3575,823,457142838.75,423,F1,25,,,,,
2024-05-16,2024-05-16,FO,NSE,IDO,65268,,NIFTY,,2024-07-25,2024-07-25,23850.00,PE,NIFTY24JUL23850PE,1343.95,1343.95,1323.85,1333.65,1323.85,1493.35,22403.85,1333.65,1200,600,24,15110182.50,12,F1,25,,,,,
2024-05-16,2024-05-16,FO,NSE,IDO,37191,,NIFTY,,2024-06-06,2024-06-06,23850.00,CE,NIFTY2460623850CE,0.00,0.00,0.00,84.95,0.00,84.95,22403.85,14.15,0,0,0,0.00,0,F1,25,,,,,
2024-05-16,2024-05-16,FO,NSE,IDO,51760,,NIFTY,,2024-05-16,2024-05-16,23850.00,PE,NIFTY2451623850PE,0.00,0.00,0.00,1624.45,1624.45,1624.45,22403.85,22403.85,725,0,0,0.00,0,F1,25,,,,,
2024-05-16,2024-05-16,FO,NSE,IDO,39247,,NIFTY,,2024-05-23,2024-05-23,23850.00,PE,NIFTY2452323850PE,1535.60,1535.60,1474.95,1489.45,1489.45,1593.55,22403.85,1413.95,1450,600,24,15203290.00,14,F1,25,,,,,
2024-05-16,2024-05-16,FO,NSE,IDO,64412,,NIFTY,,2024-06-27,2024-06-27,23850.00,PE,NIFTY24JUN23850PE,1417.45,1417.45,1403.95,1410.25,1403.95,1541.80,22403.85,1410.25,1375,500,20,12630107.50,10,F1,25,,,,,
2024-05-16,2024-05-16,FO,NSE,IDO,36966,,NIFTY,,2024-06-06,2024-06-06,21750.00,CE,NIFTY2460621750CE,0.00,0.00,0.00,842.25,842.25,842.25,22403.85,807.05,225,0,0,0.00,0,F1,25,,,,,
2024-05-16,2024-05-16,FO,NSE,IDO,64844,,NIFTY,,2024-07-25,2024-07-25,21750.00,PE,NIFTY24JUL21750PE,0.00,0.00,0.00,199.60,0.00,199.60,22403.85,196.45,0,0,0,0.00,0,F1,25,,,,,
2024-05-16,2024-05-16,FO,NSE,IDO,51656,,NIFTY,,2024-05-16,2024-05-16,21750.00,PE,NIFTY2451621750PE,1.50,1.55,0.05,0.20,0.05,2.05,22403.85,22403.85,3605975,534025,12314584,6696240434247.51,1327000,F1,25,,,,,
2024-05-16,2024-05-16,FO,NSE,IDO,51723,,NIFTY,,2024-05-16,2024-05-16,23150.00,CE,NIFTY2451623150CE,0.30,0.35,0.05,0.05,0.05,0.40,22403.85,22403.85,395600,24225,162469,94029537612.50,14706,F1,25,,,,,
2024-05-16,2024-05-16,FO,NSE,IDO,37123,,NIFTY,,2024-06-06,2024-06-06,23150.00,PE,NIFTY2460623150PE,0.00,0.00,0.00,597.15,0.00,597.15,22403.85,739.40,0,0,0,0.00,0,F1,25,,,,,
2024-05-16,2024-05-16,FO,NSE,IDO,37121,,NIFTY,,2024-06-06,2024-06-06,23150.00,CE,NIFTY2460623150CE,0.00,0.00,0.00,111.00,111.00,111.00,22403.85,87.40,300,0,0,0.00,0,F1,25,,,,,
2024-05-16,2024-05-16,FO,NSE,IDF,46930,,NIFTY,,2024-05-30,2024-05-30,,,NIFTY24MAYFUT,22384.10,22485.00,22154.05,22452.35,22473.25,22287.05,22403.85,22452.35,10119150,-278925,554977,309563106015.00,229828,F1,25,,,,,
2024-05-16,2024-05-16,FO,NSE,IDF,35004,,NIFTY,,2024-06-27,2024-06-27,,,NIFTY24JUNFUT,22420.25,22590.30,22267.90,22552.65,22583.00,22390.35,22403.85,22552.65,4845775,510550,81138,45490820647.50,48397,F1,25,,,,,
2024-05-16,2024-05-16,FO,NSE,IDO,38849,,NIFTY,,2024-05-23,2024-05-23,23300.00,CE,NIFTY2452323300CE,1.90,2.65,1.30,2.15,2.20,2.25,22403.85,2.15,931700,666100,169480,98730084943.75,21426,F1,25,,,,,
2024-05-16,2024-05-16,FO,NSE,IDO,51729,,NIFTY,,2024-05-16,2024-05-16,23300.00,CE,NIFTY2451623300CE,0.25,0.30,0.05,0.05,0.05,0.30,22403.85,22403.85,1295925,-1575,162760,94808209251.25,11417,F1,25,,,,,
2024-05-16,2024-05-16,FO,NSE,IDO,56932,,NIFTY,,2024-05-30,2024-05-30,22850.00,PE,NIFTY24MAY22850PE,540.05,707.45,440.00,459.30,451.30,618.05,22403.85,459.30,20750,250,708,414095570.00,199,F1,25,,,,,
2024-05-16,2024-05-16,FO,NSE,IDO,37201,,NIFTY,,2024-06-06,2024-06-06,24000.00,CE,NIFTY2460624000CE,54.95,55.85,40.00,52.75,52.00,47.40,22403.85,52.75,303250,25575,14837,8919983990.00,5821,F1,25,,,,,
2024-05-16,2024-05-16,FO,NSE,IDO,58627,,NIFTY,,2026-06-25,2026-06-25,22000.00,PE,NIFTY26JUN22000PE,0.00,0.00,0.00,3829.50,0.00,3829.50,22403.85,484.40,0,0,0,0.00,0,F1,25,,,,,
2024-05-16,2024-05-16,FO,NSE,IDO,65273,,NIFTY,,2024-07-25,2024-07-25,24000.00,CE,NIFTY24JUL24000CE,187.75,196.95,157.50,191.95,192.00,172.70,22403.85,191.95,101300,-9600,2874,1737415410.00,880,F1,25,,,,,
2024-05-16,2024-05-16,FO,NSE,IDO,51783,,NIFTY,,2024-05-16,2024-05-16,24000.00,PE,NIFTY2451624000PE,1800.00,1800.00,1650.00,1650.00,1650.00,1878.55,22403.85,22403.85,750,-150,6,3866250.00,2,F1,25,,,,,
2024-05-16,2024-05-16,FO,NSE,IDO,64877,,NIFTY,,2024-07-25,2024-07-25,22000.00,CE,NIFTY24JUL22000CE,1059.95,1116.65,947.00,1093.20,1098.15,1015.80,22403.85,1093.20,49550,-225,1055,607334068.75,524,F1,25,,,,,
2024-05-16,2024-05-16,FO,NSE,IDO,58611,,NIFTY,,2024-06-27,2024-06-27,22000.00,PE,NIFTY24JUN22000PE,436.65,494.70,356.95,372.15,358.00,445.95,22403.85,372.15,3493150,-195500,80281,45009215271.25,27610,F1,25,,,,,
2024-05-16,2024-05-16,FO,NSE,IDO,53625,,NIFTY,,2027-12-30,2027-12-30,24000.00,PE,NIFTY27DEC24000PE,0.00,0.00,0.00,1100.00,1100.00,1100.00,22403.85,759.70,50,0,0,0.00,0,F1,25,,,,,
2024-05-16,2024-05-16,FO,NSE,IDO,86148,,NIFTY,,2028-06-29,2028-06-29,22000.00,PE,NIFTY28JUN22000PE,0.00,0.00,0.00,523.50,523.50,523.50,22403.85,377.45,50,0,0,0.00,0,F1,25,,,,,
2024-05-16,2024-05-16,FO,NSE,IDO,38731,,NIFTY,,2024-05-23,2024-05-23,22000.00,PE,NIFTY2452322000PE,50.05,130.00,30.90,37.95,33.00,80.10,22403.85,37.95,3093925,1229350,1099851,607043184362.50,246164,F1,25,,,,,
2024-05-16,2024-05-16,FO,NSE,IDO,64711,,NIFTY,,2024-07-25,2024-07-25,21550.00,CE,NIFTY24JUL21550CE,1404.10,1463.45,1404.10,1449.20,1462.95,1328.60,22403.85,1449.20,825,450,18,10347385.00,9,F1,25,,,,,
2024-05-16,2024-05-16,FO,NSE,IDO,37034,,NIFTY,,2024-06-06,2024-06-06,22400.00,PE,NIFTY2460622400PE,476.60,586.30,408.60,421.45,415.15,516.40,22403.85,421.45,38525,15725,2302,1316609970.00,1113,F1,25,,,,,
2024-05-16,2024-05-16,FO,NSE,IDO,51645,,NIFTY,,2024-05-16,2024-05-16,21550.00,PE,NIFTY2451621550PE,0.55,0.60,0.05,0.15,0.05,1.00,22403.85,22403.85,2131375,1333500,1273878,686308869187.50,110146,F1,25,,,,,
2024-05-16,2024-05-16,FO,NSE,IDO,36951,,NIFTY,,2024-06-06,2024-06-06,21550.00,CE,NIFTY2460621550CE,728.60,1150.00,728.60,1150.00,1150.00,974.40,22403.85,1150.00,375,225,21,11882742.50,6,F1,25,,,,,
2024-05-16,2024-05-16,FO,NSE,IDO,51639,,NIFTY,,2024-05-16,2024-05-16,21550.00,CE,NIFTY2451621550CE,749.00,858.95,491.85,852.30,852.15,657.80,22403.85,22403.85,16150,-775,441,244400466.25,272,F1,25,,,,,
2024-05-16,2024-05-16,FO,NSE,IDO,64234,,NIFTY,,2024-06-27,2024-06-27,21550.00,PE,NIFTY24JUN21550PE,291.30,334.45,234.90,249.95,234.90,312.75,22403.85,249.95,10700,-325,116,63329515.00,44,F1,25,,,,,
2024-05-16,2024-05-16,FO,NSE,IDO,51870,,NIFTY,,2024-05-16,2024-05-16,24450.00,CE,NIFTY2451624450CE,0.20,0.25,0.05,0.05,0.05,0.25,22403.85,22403.85,460650,-9050,27272,16670073987.50,1552,F1,25,,,,,
2024-05-16,2024-05-16,FO,NSE,IDO,56931,,NIFTY,,2024-05-30,2024-05-30,22850.00,CE,NIFTY24MAY22850CE,57.00,78.00,35.70,69.60,76.85,48.70,22403.85,69.60,142200,16000,24696,14139225296.25,7302,F1,25,,,,,
2024-05-16,2024-05-16,FO,NSE,IDO,43925,,NIFTY,,2024-06-13,2024-06-13,22850.00,CE,NIFTY2461322850CE,0.00,0.00,0.00,130.40,0.00,130.40,22403.85,217.30,0,0,0,0.00,0,F1,25,,,,,
2024-05-16,2024-05-16,FO,NSE,IDO,64321,,NIFTY,,2024-06-27,2024-06-27,22850.00,PE,NIFTY24JUN22850PE,777.45,858.00,708.85,737.15,708.85,835.15,22403.85,737.15,1075,-1150,63,37183948.75,19,F1,25,,,,,
2024-05-16,2024-05-16,FO,NSE,IDO,58645,,NIFTY,,2026-12-31,2026-12-31,20000.00,PE,NIFTY26DEC20000PE,430.00,430.00,430.00,430.00,430.00,450.00,22403.85,430.00,5375,25,1,510750.00,1,F1,25,,,,,
2024-05-16,2024-05-16,FO,NSE,IDO,38377,,NIFTY,,2025-12-24,2025-12-24,20000.00,PE,NIFTY25DEC20000PE,0.00,0.00,0.00,401.00,401.00,401.00,22403.85,173.10,5125,0,0,0.00,0,F1,25,,,,,
2024-05-16,2024-05-16,FO,NSE,IDO,56905,,NIFTY,,2024-05-30,2024-05-30,22200.00,CE,NIFTY24MAY22200CE,307.00,402.90,230.00,380.95,395.00,287.45,22403.85,380.95,1271550,-359475,328576,184795838552.50,105268,F1,25,,,,,
2024-05-16,2024-05-16,FO,NSE,IDO,43916,,NIFTY,,2024-06-13,2024-06-13,22750.00,PE,NIFTY2461322750PE,608.70,800.60,608.70,800.60,800.60,788.50,22403.85,477.25,0,0,16,9381860.00,2,F1,25,,,,,
2024-05-16,2024-05-16,FO,NSE,IDO,64940,,NIFTY,,2024-07-25,2024-07-25,22200.00,PE,NIFTY24JUL22200PE,525.00,615.00,474.65,482.65,476.10,563.70,22403.85,482.65,14050,2550,486,276563298.75,163,F1,25,,,,,
2024-05-16,2024-05-16,FO,NSE,IDO,56972,,NIFTY,,2024-05-30,2024-05-30,23850.00,PE,NIFTY24MAY23850PE,1409.65,1420.50,1392.05,1411.40,1415.45,1559.75,22403.85,1411.40,3650,550,22,13893762.50,11,F1,25,,,,,
2024-05-16,2024-05-16,FO,NSE,IDO,56971,,NIFTY,,2024-05-30,2024-05-30,23850.00,CE,NIFTY24MAY23850CE,3.90,5.80,3.30,4.50,3.60,4.40,22403.85,4.50,13025,350,242,144317126.25,107,F1,25,,,,,
2024-05-16,2024-05-16,FO,NSE,IDO,64501,,NIFTY,,2024-07-25,2024-07-25,21150.00,CE,NIFTY24JUL21150CE,1641.15,1788.55,1641.15,1778.80,1787.75,1659.40,22403.85,1778.80,875,650,26,14896820.00,13,F1,25,,,,,
2024-05-16,2024-05-16,FO,NSE,IDO,36914,,NIFTY,,2024-06-06,2024-06-06,21150.00,CE,NIFTY2460621150CE,0.00,0.00,0.00,1663.65,0.00,1663.65,22403.85,1350.45,0,0,0,0.00,0,F1,25,,,,,
2024-05-16,2024-05-16,FO,NSE,IDO,64522,,NIFTY,,2024-07-25,2024-07-25,21150.00,PE,NIFTY24JUL21150PE,0.00,0.00,0.00,94.65,0.00,94.65,22403.85,84.75,0,0,0,0.00,0,F1,25,,,,,
2024-05-16,2024-05-16,FO,NSE,IDO,36924,,NIFTY,,2024-06-06,2024-06-06,21150.00,PE,NIFTY2460621150PE,0.00,0.00,0.00,40.55,40.55,40.55,22403.85,10.60,25,0,0,0.00,0,F1,25,,,,,
2024-05-16,2024-05-16,FO,NSE,IDO,43648,,NIFTY,,2024-06-13,2024-06-13,21150.00,CE,NIFTY2461321150CE,0.00,0.00,0.00,1032.90,0.00,1032.90,22403.85,1388.65,0,0,0,0.00,0,F1,25,,,,,
2024-05-16,2024-05-16,FO,NSE,IDO,64172,,NIFTY,,2024-06-27,2024-06-27,21150.00,CE,NIFTY24JUN21150CE,1539.20,1541.85,1539.20,1541.85,1541.85,1444.90,22403.85,1472.30,1225,150,6,3403545.00,3,F1,25,,,,,
2024-05-16,2024-05-16,FO,NSE,IDO,56863,,NIFTY,,2024-05-30,2024-05-30,21150.00,CE,NIFTY24MAY21150CE,1176.35,1181.45,1176.35,1181.45,1181.45,1154.00,22403.85,1314.55,2725,100,4,2232890.00,2,F1,25,,,,,
2024-05-16,2024-05-16,FO,NSE,IDO,64173,,NIFTY,,2024-06-27,2024-06-27,21150.00,PE,NIFTY24JUN21150PE,0.00,0.00,0.00,120.70,120.70,120.70,22403.85,41.80,12375,0,0,0.00,0,F1,25,,,,,
2024-05-16,2024-05-16,FO,NSE,IDO,51621,,NIFTY,,2024-05-16,2024-05-16,21150.00,CE,NIFTY2451621150CE,1068.05,1261.85,894.25,1254.20,1256.20,1046.05,22403.85,22403.85,16700,15025,1119,619949246.25,527,F1,25,,,,,
2024-05-16,2024-05-16,FO,NSE,IDO,51622,,NIFTY,,2024-05-16,2024-05-16,21150.00,PE,NIFTY2451621150PE,0.35,0.35,0.05,0.15,0.05,0.45,22403.85,22403.85,476700,-45750,173206,91583258895.00,14324,F1,25,,,,,
2024-05-16,2024-05-16,FO,NSE,IDO,43554,,NIFTY,,2024-06-13,2024-06-13,20200.00,CE,NIFTY2461320200CE,0.00,0.00,0.00,1905.30,0.00,1905.30,22403.85,2314.00,0,0,0,0.00,0,F1,25,,,,,
2024-05-16,2024-05-16,FO,NSE,IDO,35866,,NIFTY,,2024-06-06,2024-06-06,20200.00,CE,NIFTY2460620200CE,0.00,0.00,0.00,2590.05,0.00,2590.05,22403.85,2286.15,0,0,0,0.00,0,F1,25,,,,,
2024-05-16,2024-05-16,FO,NSE,IDO,51560,,NIFTY,,2024-05-16,2024-05-16,20200.00,PE,NIFTY2451620200PE,0.15,0.25,0.05,0.10,0.05,0.25,22403.85,22403.85,916225,-360075,252255,127389416517.50,15199,F1,25,,,,,
2024-05-16,2024-05-16,FO,NSE,IDO,64076,,NIFTY,,2024-06-27,2024-06-27,20200.00,CE,NIFTY24JUN20200CE,2315.00,2315.00,2315.00,2315.00,2315.00,2269.30,22403.85,2376.25,875,100,4,2251500.00,2,F1,25,,,,,
2024-05-16,2024-05-16,FO,NSE,IDO,64363,,NIFTY,,2024-06-27,2024-06-27,23400.00,PE,NIFTY24JUN23400PE,1240.00,1275.00,1101.00,1101.00,1101.00,1180.35,22403.85,951.65,6700,50,20,12292177.50,13,F1,25,,,,,
2024-05-16,2024-05-16,FO,NSE,IDO,36866,,NIFTY,,2024-06-06,2024-06-06,20650.00,CE,NIFTY2460620650CE,0.00,0.00,0.00,2146.50,0.00,2146.50,22403.85,1839.30,0,0,0,0.00,0,F1,25,,,,,
2024-05-16,2024-05-16,FO,NSE,IDO,43594,,NIFTY,,2024-06-13,2024-06-13,20650.00,PE,NIFTY2461320650PE,0.00,0.00,0.00,24.50,0.00,24.50,22403.85,4.15,0,0,0,0.00,0,F1,25,,,,,
2024-05-16,2024-05-16,FO,NSE,IDO,53626,,NIFTY,,2027-12-30,2027-12-30,25000.00,CE,NIFTY27DEC25000CE,0.00,0.00,0.00,3458.35,0.00,3458.35,22403.85,4203.00,0,0,0,0.00,0,F1,25,,,,,
2024-05-16,2024-05-16,FO,NSE,IDO,67784,,NIFTY,,2028-12-28,2028-12-28,25000.00,CE,NIFTY28DEC25000CE,0.00,0.00,0.00,5350.40,0.00,5350.40,22403.85,5367.45,0,0,0,0.00,0,F1,25,,,,,
2024-05-16,2024-05-16,FO,NSE,IDO,64397,,NIFTY,,2024-06-27,2024-06-27,23750.00,PE,NIFTY24JUN23750PE,1396.20,1396.20,1329.00,1336.65,1329.00,1445.65,22403.85,1336.65,1425,400,16,10039055.00,8,F1,25,,,,,
2024-05-16,2024-05-16,FO,NSE,IDO,51638,,NIFTY,,2024-05-16,2024-05-16,21500.00,PE,NIFTY2451621500PE,0.45,0.65,0.05,0.15,0.05,0.85,22403.85,22403.85,3917850,-562400,2318936,1246440437918.75,145079,F1,25,,,,,
2024-05-16,2024-05-16,FO,NSE,IDO,64709,,NIFTY,,2024-07-25,2024-07-25,21500.00,CE,NIFTY24JUL21500CE,1391.70,1474.35,1307.35,1456.55,1474.35,1334.20,22403.85,1456.55,4500,-150,32,18336576.25,17,F1,25,,,,,
2024-05-16,2024-05-16,FO,NSE,IDO,36947,,NIFTY,,2024-06-06,2024-06-06,21500.00,CE,NIFTY2460621500CE,1080.00,1170.00,975.00,1145.40,1170.00,1041.15,22403.85,1145.40,4650,1200,80,45100280.00,38,F1,25,,,,,
2024-05-16,2024-05-16,FO,NSE,IDO,64444,,NIFTY,,2024-06-27,2024-06-27,24500.00,CE,NIFTY24JUN24500CE,55.05,61.50,42.50,59.40,57.50,51.45,22403.85,59.40,479725,-16750,15956,9794408342.50,5031,F1,25,,,,,
2024-05-16,2024-05-16,FO,NSE,IDO,37003,,NIFTY,,2024-06-06,2024-06-06,22100.00,PE,NIFTY2460622100PE,319.70,452.05,303.55,317.45,307.00,392.50,22403.85,317.45,23275,6800,1643,923143160.00,578,F1,25,,,,,
2024-05-16,2024-05-16,FO,NSE,IDO,64267,,NIFTY,,2024-06-27,2024-06-27,22100.00,CE,NIFTY24JUN22100CE,816.65,874.95,710.00,857.50,856.90,779.95,22403.85,857.50,61575,7975,2970,1699158610.00,1209,F1,25,,,,,
2024-05-16,2024-05-16,FO,NSE,IDO,37242,,NIFTY,,2024-06-06,2024-06-06,24400.00,CE,NIFTY2460624400CE,28.50,29.25,22.05,26.75,27.50,27.80,22403.85,26.75,98000,25425,4313,2633745270.00,866,F1,25,,,,,
2024-05-16,2024-05-16,FO,NSE,IDO,65377,,NIFTY,,2024-07-25,2024-07-25,24400.00,PE,NIFTY24JUL24400PE,1882.60,1882.60,1846.10,1846.10,1846.10,1924.10,22403.85,1749.00,775,25,3,1969370.00,2,F1,25,,,,,
2024-05-16,2024-05-16,FO,NSE,IDO,39291,,NIFTY,,2024-05-23,2024-05-23,24400.00,PE,NIFTY2452324400PE,2103.00,2103.00,1950.00,1975.75,1970.00,2161.30,22403.85,1975.75,950,100,13,8587825.00,12,F1,25,,,,,
2024-05-16,2024-05-16,FO,NSE,IDO,64250,,NIFTY,,2024-06-27,2024-06-27,21650.00,CE,NIFTY24JUN21650CE,1129.25,1181.45,1129.25,1176.55,1181.45,1078.80,22403.85,1176.55,1425,450,18,10269577.50,10,F1,25,,,,,
2024-05-16,2024-05-16,FO,NSE,IDO,64335,,NIFTY,,2024-06-27,2024-06-27,22950.00,PE,NIFTY24JUN22950PE,817.25,837.05,760.30,786.45,760.30,974.95,22403.85,786.45,9025,8075,451,267646826.25,68,F1,25,,,,,
2024-05-16,2024-05-16,FO,NSE,IDO,43941,,NIFTY,,2024-06-13,2024-06-13,22950.00,PE,NIFTY2461322950PE,0.00,0.00,0.00,942.25,0.00,942.25,22403.85,606.20,0,0,0,0.00,0,F1,25,,,,,
2024-05-16,2024-05-16,FO,NSE,IDO,51651,,NIFTY,,2024-05-16,2024-05-16,21650.00,CE,NIFTY2451621650CE,586.50,762.55,375.45,749.80,752.45,556.45,22403.85,22403.85,41750,-1400,1743,964803612.50,938,F1,25,,,,,
2024-05-16,2024-05-16,FO,NSE,IDO,67778,,NIFTY,,2028-12-28,2028-12-28,22000.00,CE,NIFTY28DEC22000CE,0.00,0.00,0.00,6932.45,0.00,6932.45,22403.85,7046.45,0,0,0,0.00,0,F1,25,,,,,
2024-05-16,2024-05-16,FO,NSE,IDO,43972,,NIFTY,,2024-06-13,2024-06-13,23150.00,PE,NIFTY2461323150PE,0.00,0.00,0.00,1107.55,0.00,1107.55,22403.85,750.80,0,0,0,0.00,0,F1,25,,,,,
2024-05-16,2024-05-16,FO,NSE,IDO,43971,,NIFTY,,2024-06-13,2024-06-13,23150.00,CE,NIFTY2461323150CE,0.00,0.00,0.00,76.55,0.00,76.55,22403.85,130.05,0,0,0,0.00,0,F1,25,,,,,
2024-05-16,2024-05-16,FO,NSE,IDO,64398,,NIFTY,,2024-07-25,2024-07-25,20600.00,PE,NIFTY24JUL20600PE,0.00,0.00,0.00,146.85,146.85,146.85,22403.85,33.55,200,0,0,0.00,0,F1,25,,,,,
2024-05-16,2024-05-16,FO,NSE,IDO,64349,,NIFTY,,2024-07-25,2024-07-25,20600.00,CE,NIFTY24JUL20600CE,2088.85,2228.70,2088.85,2228.05,2227.80,2087.65,22403.85,2228.05,475,400,16,9124262.50,8,F1,25,,,,,
2024-05-16,2024-05-16,FO,NSE,IDO,56841,,NIFTY,,2024-05-30,2024-05-30,20600.00,CE,NIFTY24MAY20600CE,1705.00,1850.00,1595.00,1842.85,1850.00,1675.60,22403.85,1842.85,8975,1025,103,57419053.75,19,F1,25,,,,,
2024-05-16,2024-05-16,FO,NSE,IDO,37050,,NIFTY,,2024-06-06,2024-06-06,22500.00,CE,NIFTY2460622500CE,440.00,485.00,369.70,466.75,477.85,411.05,22403.85,466.75,278100,31400,12083,6922390353.75,4771,F1,25,,,,,
2024-05-16,2024-05-16,FO,NSE,IDO,38764,,NIFTY,,2024-05-23,2024-05-23,22500.00,CE,NIFTY2452322500CE,90.00,126.05,42.45,111.60,119.70,68.40,22403.85,111.60,2743825,1323575,1107902,625392216693.75,246430,F1,25,,,,,
2024-05-16,2024-05-16,FO,NSE,IDO,64283,,NIFTY,,2024-06-27,2024-06-27,22500.00,CE,NIFTY24JUN22500CE,600.05,634.00,498.05,617.45,626.00,558.75,22403.85,617.45,1286425,-15650,27069,15608602323.75,10897,F1,25,,,,,
2024-05-16,2024-05-16,FO,NSE,IDO,43996,,NIFTY,,2024-06-13,2024-06-13,23500.00,CE,NIFTY2461323500CE,129.00,159.00,121.05,150.25,156.00,106.10,22403.85,150.25,11525,10850,772,456324858.75,260,F1,25,,,,,
2024-05-16,2024-05-16,FO,NSE,IDO,36864,,NIFTY,,2024-06-06,2024-06-06,20600.00,CE,NIFTY2460620600CE,0.00,0.00,0.00,2195.55,0.00,2195.55,22403.85,1888.80,0,0,0,0.00,0,F1,25,,,,,
2024-05-16,2024-05-16,FO,NSE,IDO,43590,,NIFTY,,2024-06-13,2024-06-13,20600.00,PE,NIFTY2461320600PE,0.00,0.00,0.00,71.10,71.10,71.10,22403.85,3.50,50075,0,0,0.00,0,F1,25,,,,,
2024-05-16,2024-05-16,FO,NSE,IDO,43889,,NIFTY,,2024-06-13,2024-06-13,22500.00,PE,NIFTY2461322500PE,550.05,680.00,480.05,522.60,480.05,625.00,22403.85,522.60,5700,5525,293,168947936.25,94,F1,25,,,,,
2024-05-16,2024-05-16,FO,NSE,IDO,38596,,NIFTY,,2024-05-23,2024-05-23,20600.00,PE,NIFTY2452320600PE,2.70,2.70,1.65,2.15,2.15,2.80,22403.85,2.15,395625,160450,61309,31577371096.25,7169,F1,25,,,,,
2024-05-16,2024-05-16,FO,NSE,IDO,56854,,NIFTY,,2024-05-30,2024-05-30,20900.00,PE,NIFTY24MAY20900PE,10.80,19.75,8.55,9.90,9.30,14.00,22403.85,9.90,267300,-126250,43530,22757647098.75,11970,F1,25,,,,,
2024-05-16,2024-05-16,FO,NSE,IDO,38618,,NIFTY,,2024-05-23,2024-05-23,20900.00,CE,NIFTY2452320900CE,1325.00,1380.00,1235.00,1259.00,1259.00,1370.95,22403.85,1532.25,4125,750,30,16646575.00,19,F1,25,,,,,
2024-05-16,2024-05-16,FO,NSE,IDO,36881,,NIFTY,,2024-06-06,2024-06-06,20900.00,CE,NIFTY2460620900CE,0.00,0.00,0.00,1903.05,0.00,1903.05,22403.85,1593.00,0,0,0,0.00,0,F1,25,,,,,
2024-05-16,2024-05-16,FO,NSE,IDO,51773,,NIFTY,,2024-05-16,2024-05-16,23900.00,PE,NIFTY2451623900PE,0.00,0.00,0.00,1685.00,1685.00,1685.00,22403.85,22403.85,775,0,0,0.00,0,F1,25,,,,,
2024-05-16,2024-05-16,FO,NSE,IDO,37193,,NIFTY,,2024-06-06,2024-06-06,23900.00,CE,NIFTY2460623900CE,0.00,0.00,0.00,77.70,0.00,77.70,22403.85,12.20,0,0,0,0.00,0,F1,25,,,,,
2024-05-16,2024-05-16,FO,NSE,IDO,44034,,NIFTY,,2024-06-13,2024-06-13,23900.00,CE,NIFTY2461323900CE,0.00,0.00,0.00,15.80,0.00,15.80,22403.85,26.85,0,0,0,0.00,0,F1,25,,,,,
2024-05-16,2024-05-16,FO,NSE,IDO,64413,,NIFTY,,2024-06-27,2024-06-27,23900.00,CE,NIFTY24JUN23900CE,119.00,128.95,96.55,124.70,125.65,110.60,22403.85,124.70,47675,-325,1422,853671327.50,342,F1,25,,,,,
2024-05-16,2024-05-16,FO,NSE,IDO,51810,,NIFTY,,2024-05-16,2024-05-16,24150.00,PE,NIFTY2451624150PE,0.00,0.00,0.00,1960.00,1960.00,1960.00,22403.85,22403.85,1750,0,0,0.00,0,F1,25,,,,,
2024-05-16,2024-05-16,FO,NSE,IDO,64562,,NIFTY,,2025-03-27,2025-03-27,22000.00,CE,NIFTY25MAR22000CE,0.00,0.00,0.00,2408.30,0.00,2408.30,22403.85,2217.00,0,0,0,0.00,0,F1,25,,,,,
2024-05-16,2024-05-16,FO,NSE,IDO,67783,,NIFTY,,2028-12-28,2028-12-28,24000.00,PE,NIFTY28DEC24000PE,0.00,0.00,0.00,742.35,0.00,742.35,22403.85,628.70,0,0,0,0.00,0,F1,25,,,,,
2024-05-16,2024-05-16,FO,NSE,IDO,71298,,NIFTY,,2024-06-27,2024-06-27,24000.00,CE,NIFTY24JUN24000CE,108.05,115.45,85.15,110.20,110.35,97.85,22403.85,110.20,2419925,-21250,62443,37621547281.25,12524,F1,25,,,,,
2024-05-16,2024-05-16,FO,NSE,IDO,71502,,NIFTY,,2026-12-31,2026-12-31,24000.00,PE,NIFTY26DEC24000PE,0.00,0.00,0.00,5233.45,0.00,5233.45,22403.85,914.60,0,0,0,0.00,0,F1,25,,,,,
2024-05-16,2024-05-16,FO,NSE,IDO,65897,,NIFTY,,2024-09-26,2024-09-26,24000.00,CE,NIFTY24SEP24000CE,379.95,405.00,349.15,399.70,400.20,362.05,22403.85,399.70,191600,2825,1370,834873280.00,673,F1,25,,,,,
2024-05-16,2024-05-16,FO,NSE,IDO,65892,,NIFTY,,2024-09-26,2024-09-26,22000.00,PE,NIFTY24SEP22000PE,513.00,558.70,445.05,463.15,445.05,528.35,22403.85,463.15,374575,4725,1385,779140330.00,564,F1,25,,,,,
2024-05-16,2024-05-16,FO,NSE,IDO,71393,,NIFTY,,2025-12-24,2025-12-24,24000.00,CE,NIFTY25DEC24000CE,2140.00,2140.00,2085.00,2090.00,2090.00,2139.50,22403.85,2161.45,1700,75,4,2610125.00,4,F1,25,,,,,
2024-05-16,2024-05-16,FO,NSE,IDO,39257,,NIFTY,,2024-05-23,2024-05-23,24000.00,PE,NIFTY2452324000PE,1700.00,1700.00,1570.00,1578.05,1573.20,1738.05,22403.85,1578.05,1625,675,31,19858711.25,23,F1,25,,,,,
2024-05-16,2024-05-16,FO,NSE,IDO,86152,,NIFTY,,2028-06-29,2028-06-29,24000.00,PE,NIFTY28JUN24000PE,0.00,0.00,0.00,1692.75,0.00,1692.75,22403.85,691.65,0,0,0,0.00,0,F1,25,,,,,
2024-05-16,2024-05-16,FO,NSE,IDO,50557,,NIFTY,,2026-06-25,2026-06-25,18000.00,PE,NIFTY26JUN18000PE,0.00,0.00,0.00,3088.05,0.00,3088.05,22403.85,55.15,0,0,0,0.00,0,F1,25,,,,,
2024-05-16,2024-05-16,FO,NSE,IDO,64552,,NIFTY,,2025-03-27,2025-03-27,18000.00,CE,NIFTY25MAR18000CE,0.00,0.00,0.00,5634.60,0.00,5634.60,22403.85,5516.95,0,0,0,0.00,0,F1,25,,,,,
2024-05-16,2024-05-16,FO,NSE,IDO,86139,,NIFTY,,2028-06-29,2028-06-29,18000.00,CE,NIFTY28JUN18000CE,0.00,0.00,0.00,6809.35,0.00,6809.35,22403.85,9149.30,0,0,0,0.00,0,F1,25,,,,,
2024-05-16,2024-05-16,FO,NSE,IDO,43639,,NIFTY,,2024-06-13,2024-06-13,21050.00,PE,NIFTY2461321050PE,0.00,0.00,0.00,63.05,0.00,63.05,22403.85,15.15,0,0,0,0.00,0,F1,25,,,,,
2024-05-16,2024-05-16,FO,NSE,IDO,38626,,NIFTY,,2024-05-23,2024-05-23,21050.00,PE,NIFTY2452321050PE,3.10,6.80,2.75,3.60,3.40,4.50,22403.85,3.60,72775,42850,39398,20737408391.25,7492,F1,25,,,,,
2024-05-16,2024-05-16,FO,NSE,IDO,64488,,NIFTY,,2024-07-25,2024-07-25,21050.00,PE,NIFTY24JUL21050PE,0.00,0.00,0.00,82.50,0.00,82.50,22403.85,72.45,0,0,0,0.00,0,F1,25,,,,,
2024-05-16,2024-05-16,FO,NSE,IDO,36901,,NIFTY,,2024-06-06,2024-06-06,21050.00,PE,NIFTY2460621050PE,0.00,0.00,0.00,13.75,0.00,13.75,22403.85,7.40,0,0,0,0.00,0,F1,25,,,,,
2024-05-16,2024-05-16,FO,NSE,IDO,56859,,NIFTY,,2024-05-30,2024-05-30,21050.00,CE,NIFTY24MAY21050CE,1286.75,1309.05,1286.75,1309.05,1309.05,1263.15,22403.85,1413.00,2475,0,2,1117395.00,2,F1,25,,,,,
2024-05-16,2024-05-16,FO,NSE,IDO,56961,,NIFTY,,2024-05-30,2024-05-30,23600.00,CE,NIFTY24MAY23600CE,6.35,7.20,4.10,6.25,6.95,5.50,22403.85,6.25,267775,1850,18618,10987158267.50,4842,F1,25,,,,,
2024-05-16,2024-05-16,FO,NSE,IDO,51742,,NIFTY,,2024-05-16,2024-05-16,23600.00,PE,NIFTY2451623600PE,1331.10,1464.10,1331.10,1464.10,1464.10,1578.35,22403.85,22403.85,975,0,3,1876097.50,3,F1,25,,,,,
2024-05-16,2024-05-16,FO,NSE,IDO,39090,,NIFTY,,2024-05-23,2024-05-23,23600.00,PE,NIFTY2452323600PE,1250.80,1259.55,1245.80,1259.55,1259.55,1347.20,22403.85,1164.90,1400,350,14,8698045.00,11,F1,25,,,,,
2024-05-16,2024-05-16,FO,NSE,IDO,38730,,NIFTY,,2024-05-23,2024-05-23,22000.00,CE,NIFTY2452322000CE,396.00,481.45,246.20,456.65,472.60,327.95,22403.85,456.65,1086450,419525,263614,147112220230.00,81850,F1,25,,,,,
2024-05-16,2024-05-16,FO,NSE,IDO,53624,,NIFTY,,2027-12-30,2027-12-30,24000.00,CE,NIFTY27DEC24000CE,0.00,0.00,0.00,3778.95,0.00,3778.95,22403.85,4736.55,0,0,0,0.00,0,F1,25,,,,,
2024-05-16,2024-05-16,FO,NSE,IDO,86151,,NIFTY,,2028-06-29,2028-06-29,24000.00,CE,NIFTY28JUN24000CE,0.00,0.00,0.00,3918.85,0.00,3918.85,22403.85,5326.30,0,0,0,0.00,0,F1,25,,,,,
2024-05-16,2024-05-16,FO,NSE,IDO,58623,,NIFTY,,2025-12-24,2025-12-24,22000.00,PE,NIFTY25DEC22000PE,740.00,780.00,650.00,667.15,650.00,780.00,22403.85,667.15,7075,475,29,16473331.25,24,F1,25,,,,,
2024-05-16,2024-05-16,FO,NSE,IDO,71301,,NIFTY,,2024-06-27,2024-06-27,24000.00,PE,NIFTY24JUN24000PE,1600.05,1780.00,1498.20,1531.80,1498.20,1677.95,22403.85,1531.80,541250,-50,2739,1752763670.00,1384,F1,25,,,,,
2024-05-16,2024-05-16,FO,NSE,IDO,71560,,NIFTY,,2027-06-24,2027-06-24,24000.00,CE,NIFTY27JUN24000CE,0.00,0.00,0.00,2299.55,0.00,2299.55,22403.85,4105.20,0,0,0,0.00,0,F1,25,,,,,
2024-05-16,2024-05-16,FO,NSE,IDO,71354,,NIFTY,,2024-12-26,2024-12-26,24000.00,CE,NIFTY24DEC24000CE,649.75,710.00,623.95,697.50,707.00,646.70,22403.85,697.50,310775,7025,2390,1474024451.25,785,F1,25,,,,,
2024-05-16,2024-05-16,FO,NSE,IDO,58614,,NIFTY,,2024-12-26,2024-12-26,22000.00,CE,NIFTY24DEC22000CE,1765.00,1849.00,1621.60,1801.25,1820.00,1711.55,22403.85,1801.25,360700,4875,1320,782333981.25,1002,F1,25,,,,,
2024-05-16,2024-05-16,FO,NSE,IDO,55119,,NIFTY,,2025-06-26,2025-06-26,18000.00,CE,NIFTY25JUN18000CE,0.00,0.00,0.00,5600.00,5600.00,5600.00,22403.85,5830.90,2250,0,0,0.00,0,F1,25,,,,,
2024-05-16,2024-05-16,FO,NSE,IDO,53604,,NIFTY,,2027-12-30,2027-12-30,18000.00,PE,NIFTY27DEC18000PE,0.00,0.00,0.00,74.80,74.80,74.80,22403.85,71.65,10500,0,0,0.00,0,F1,25,,,,,
2024-05-16,2024-05-16,FO,NSE,IDO,50556,,NIFTY,,2026-06-25,2026-06-25,18000.00,CE,NIFTY26JUN18000CE,0.00,0.00,0.00,4150.00,4150.00,4150.00,22403.85,7024.85,200,0,0,0.00,0,F1,25,,,,,
2024-05-16,2024-05-16,FO,NSE,IDO,86140,,NIFTY,,2028-06-29,2028-06-29,18000.00,PE,NIFTY28JUN18000PE,0.00,0.00,0.00,396.75,0.00,396.75,22403.85,72.30,0,0,0,0.00,0,F1,25,,,,,
2024-05-16,2024-05-16,FO,NSE,IDO,64553,,NIFTY,,2025-03-27,2025-03-27,18000.00,PE,NIFTY25MAR18000PE,0.00,0.00,0.00,24.15,0.00,24.15,22403.85,15.55,0,0,0,0.00,0,F1,25,,,,,
2024-05-16,2024-05-16,FO,NSE,IDO,56984,,NIFTY,,2024-05-30,2024-05-30,24150.00,PE,NIFTY24MAY24150PE,1713.60,1713.60,1698.55,1705.95,1699.90,1827.65,22403.85,1705.95,4650,550,22,14220775.00,11,F1,25,,,,,
2024-05-16,2024-05-16,FO,NSE,IDO,51809,,NIFTY,,2024-05-16,2024-05-16,24150.00,CE,NIFTY2451624150CE,0.20,0.20,0.05,0.05,0.05,0.25,22403.85,22403.85,68400,25175,13767,8311856943.75,1830,F1,25,,,,,
2024-05-16,2024-05-16,FO,NSE,IDO,56821,,NIFTY,,2024-05-30,2024-05-30,20100.00,CE,NIFTY24MAY20100CE,2202.00,2370.00,2056.85,2352.40,2370.00,2171.60,22403.85,2352.40,244300,-425,124,69148025.00,60,F1,25,,,,,
2024-05-16,2024-05-16,FO,NSE,IDO,39281,,NIFTY,,2024-05-23,2024-05-23,24300.00,CE,NIFTY2452324300CE,1.35,1.50,1.00,1.20,1.15,1.50,22403.85,1.20,546275,505375,28183,17122002415.00,1682,F1,25,,,,,
2024-05-16,2024-05-16,FO,NSE,IDO,56851,,NIFTY,,2024-05-30,2024-05-30,20850.00,CE,NIFTY24MAY20850CE,1471.10,1472.65,1471.10,1472.65,1472.65,1432.60,22403.85,1611.10,1650,100,4,2232187.50,2,F1,25,,,,,
2024-05-16,2024-05-16,FO,NSE,IDO,38616,,NIFTY,,2024-05-23,2024-05-23,20850.00,CE,NIFTY2452320850CE,1495.60,1500.75,1490.20,1495.55,1495.55,1380.95,22403.85,1582.15,2475,0,20,11172830.00,10,F1,25,,,,,
2024-05-16,2024-05-16,FO,NSE,IDO,36880,,NIFTY,,2024-06-06,2024-06-06,20850.00,PE,NIFTY2460620850PE,0.00,0.00,0.00,7.80,0.00,7.80,22403.85,3.45,0,0,0,0.00,0,F1,25,,,,,
2024-05-16,2024-05-16,FO,NSE,IDO,64422,,NIFTY,,2024-07-25,2024-07-25,20850.00,CE,NIFTY24JUL20850CE,1951.55,2003.55,1951.55,2000.45,2003.55,1808.40,22403.85,2000.45,925,650,26,14850350.00,13,F1,25,,,,,
2024-05-16,2024-05-16,FO,NSE,IDO,43888,,NIFTY,,2024-06-13,2024-06-13,22500.00,CE,NIFTY2461322500CE,500.65,543.55,428.45,532.95,543.55,475.20,22403.85,532.95,11100,3250,629,361416070.00,275,F1,25,,,,,
2024-05-16,2024-05-16,FO,NSE,IDO,56958,,NIFTY,,2024-05-30,2024-05-30,23500.00,PE,NIFTY24MAY23500PE,1150.00,1340.00,1015.15,1038.90,1027.60,1216.65,22403.85,1038.90,382325,-39200,5314,3279028768.75,1606,F1,25,,,,,
2024-05-16,2024-05-16,FO,NSE,IDO,65215,,NIFTY,,2024-07-25,2024-07-25,23500.00,CE,NIFTY24JUL23500CE,303.20,338.30,273.00,329.35,330.00,295.15,22403.85,329.35,83500,15925,2059,1225225975.00,881,F1,25,,,,,
2024-05-16,2024-05-16,FO,NSE,IDO,38765,,NIFTY,,2024-05-23,2024-05-23,22500.00,PE,NIFTY2452322500PE,255.00,426.00,173.40,189.10,181.40,320.35,22403.85,189.10,1253375,931550,182581,103922489790.00,51544,F1,25,,,,,
2024-05-16,2024-05-16,FO,NSE,IDO,39085,,NIFTY,,2024-05-23,2024-05-23,23500.00,CE,NIFTY2452323500CE,2.50,2.60,1.25,1.65,1.55,1.75,22403.85,1.65,2389325,1745925,324829,190849557602.50,27731,F1,25,,,,,
2024-05-16,2024-05-16,FO,NSE,IDO,39086,,NIFTY,,2024-05-23,2024-05-23,23500.00,PE,NIFTY2452323500PE,1169.00,1360.00,1064.95,1069.75,1073.45,1245.10,22403.85,1069.75,3650,2150,212,131014470.00,73,F1,25,,,,,
2024-05-16,2024-05-16,FO,NSE,IDO,37168,,NIFTY,,2024-06-06,2024-06-06,23500.00,CE,NIFTY2460623500CE,110.05,119.45,88.05,114.90,117.90,101.40,22403.85,114.90,287525,31475,12435,7338304490.00,4982,F1,25,,,,,
2024-05-16,2024-05-16,FO,NSE,IDO,56917,,NIFTY,,2024-05-30,2024-05-30,22500.00,CE,NIFTY24MAY22500CE,171.00,213.95,107.80,199.35,204.95,140.65,22403.85,199.35,2815400,-149200,347804,196975645217.50,101557,F1,25,,,,,
2024-05-16,2024-05-16,FO,NSE,IDO,58638,,NIFTY,,2026-12-31,2026-12-31,17000.00,CE,NIFTY26DEC17000CE,0.00,0.00,0.00,4955.10,0.00,4955.10,22403.85,8399.90,0,0,0,0.00,0,F1,25,,,,,
2024-05-16,2024-05-16,FO,NSE,IDO,44028,,NIFTY,,2024-06-13,2024-06-13,23800.00,CE,NIFTY2461323800CE,0.00,0.00,0.00,19.90,0.00,19.90,22403.85,34.00,0,0,0,0.00,0,F1,25,,,,,
2024-05-16,2024-05-16,FO,NSE,IDO,65840,,NIFTY,,2024-09-26,2024-09-26,17000.00,PE,NIFTY24SEP17000PE,0.00,0.00,0.00,103.70,0.00,103.70,22403.85,0.10,0,0,0,0.00,0,F1,25,,,,,
2024-05-16,2024-05-16,FO,NSE,IDO,37190,,NIFTY,,2024-06-06,2024-06-06,23800.00,PE,NIFTY2460623800PE,0.00,0.00,0.00,1078.55,0.00,1078.55,22403.85,1315.80,0,0,0,0.00,0,F1,25,,,,,
2024-05-16,2024-05-16,FO,NSE,IDO,65321,,NIFTY,,2024-07-25,2024-07-25,24200.00,CE,NIFTY24JUL24200CE,0.00,0.00,0.00,134.20,131.75,134.20,22403.85,118.05,1425,0,0,0.00,0,F1,25,,,,,
2024-05-16,2024-05-16,FO,NSE,IDO,37221,,NIFTY,,2024-06-06,2024-06-06,24200.00,PE,NIFTY2460624200PE,0.00,0.00,0.00,1427.05,0.00,1427.05,22403.85,1702.45,0,0,0,0.00,0,F1,25,,,,,
2024-05-16,2024-05-16,FO,NSE,IDO,51711,,NIFTY,,2024-05-16,2024-05-16,22850.00,CE,NIFTY2451622850CE,0.50,0.55,0.05,0.10,0.05,0.55,22403.85,22403.85,1911050,131125,698563,399058594642.50,70654,F1,25,,,,,
2024-05-16,2024-05-16,FO,NSE,IDO,38617,,NIFTY,,2024-05-23,2024-05-23,20850.00,PE,NIFTY2452320850PE,3.00,4.25,2.20,2.85,2.80,3.55,22403.85,2.85,150900,45050,26701,13919871915.00,3982,F1,25,,,,,
2024-05-16,2024-05-16,FO,NSE,IDO,56992,,NIFTY,,2024-05-30,2024-05-30,24350.00,PE,NIFTY24MAY24350PE,1908.75,1910.05,1899.05,1905.60,1899.05,2057.30,22403.85,1905.60,3850,400,16,10502235.00,8,F1,25,,,,,
2024-05-16,2024-05-16,FO,NSE,IDO,65335,,NIFTY,,2024-07-25,2024-07-25,24350.00,CE,NIFTY24JUL24350CE,110.00,112.35,110.00,112.35,112.35,105.00,22403.85,112.35,1700,25,2,1223058.75,2,F1,25,,,,,
2024-05-16,2024-05-16,FO,NSE,IDO,51722,,NIFTY,,2024-05-16,2024-05-16,23100.00,PE,NIFTY2451623100PE,805.00,1058.60,687.25,701.10,695.20,877.05,22403.85,22403.85,5450,-2100,393,234961515.00,233,F1,25,,,,,
2024-05-16,2024-05-16,FO,NSE,IDO,38833,,NIFTY,,2024-05-23,2024-05-23,23100.00,PE,NIFTY2452323100PE,854.45,966.00,654.80,673.95,674.20,853.60,22403.85,673.95,6850,1725,158,94399212.50,68,F1,25,,,,,
2024-05-16,2024-05-16,FO,NSE,IDO,64176,,NIFTY,,2024-06-27,2024-06-27,21250.00,CE,NIFTY24JUN21250CE,1383.35,1495.00,1383.35,1488.55,1495.00,1352.00,22403.85,1488.55,1175,425,19,10798183.75,11,F1,25,,,,,
2024-05-16,2024-05-16,FO,NSE,IDO,56867,,NIFTY,,2024-05-30,2024-05-30,21250.00,CE,NIFTY24MAY21250CE,1075.00,1085.75,1020.00,1085.75,1085.75,1059.00,22403.85,1216.85,1900,75,7,3905252.50,5,F1,25,,,,,
2024-05-16,2024-05-16,FO,NSE,IDO,56868,,NIFTY,,2024-05-30,2024-05-30,21250.00,PE,NIFTY24MAY21250PE,18.55,37.80,14.65,17.00,14.75,25.00,22403.85,17.00,71750,-53600,17328,9215402845.00,4754,F1,25,,,,,
2024-05-16,2024-05-16,FO,NSE,IDO,38639,,NIFTY,,2024-05-23,2024-05-23,21250.00,PE,NIFTY2452321250PE,4.60,12.00,4.00,5.15,4.00,6.80,22403.85,5.15,228600,10225,91879,48826661198.75,17767,F1,25,,,,,
2024-05-16,2024-05-16,FO,NSE,IDO,37013,,NIFTY,,2024-06-06,2024-06-06,22250.00,PE,NIFTY2460622250PE,406.00,510.00,351.80,374.60,357.35,451.15,22403.85,374.60,12525,5075,435,246479490.00,159,F1,25,,,,,
2024-05-16,2024-05-16,FO,NSE,IDO,64273,,NIFTY,,2024-06-27,2024-06-27,22250.00,CE,NIFTY24JUN22250CE,720.00,777.20,625.95,760.15,767.15,685.10,22403.85,760.15,18000,1000,677,388773538.75,226,F1,25,,,,,
2024-05-16,2024-05-16,FO,NSE,IDO,37010,,NIFTY,,2024-06-06,2024-06-06,22250.00,CE,NIFTY2460622250CE,555.05,626.85,488.90,610.80,619.95,540.25,22403.85,610.80,12650,4750,675,384920318.75,272,F1,25,,,,,
2024-05-16,2024-05-16,FO,NSE,IDO,38748,,NIFTY,,2024-05-23,2024-05-23,22250.00,CE,NIFTY2452322250CE,205.00,280.00,115.95,252.85,269.05,169.35,22403.85,252.85,530375,188750,496456,278298619615.00,140312,F1,25,,,,,
2024-05-16,2024-05-16,FO,NSE,IDO,43674,,NIFTY,,2024-06-13,2024-06-13,21350.00,PE,NIFTY2461321350PE,0.00,0.00,0.00,115.60,0.00,115.60,22403.85,34.85,0,0,0,0.00,0,F1,25,,,,,
2024-05-16,2024-05-16,FO,NSE,IDO,38645,,NIFTY,,2024-05-23,2024-05-23,21350.00,PE,NIFTY2452321350PE,9.15,20.05,5.25,6.10,5.30,9.15,22403.85,6.10,210075,66075,118601,63331085591.25,22802,F1,25,,,,,
2024-05-16,2024-05-16,FO,NSE,IDO,36935,,NIFTY,,2024-06-06,2024-06-06,21350.00,PE,NIFTY2460621350PE,0.00,0.00,0.00,218.15,218.15,218.15,22403.85,20.65,275,0,0,0.00,0,F1,25,,,,,
2024-05-16,2024-05-16,FO,NSE,IDO,64219,,NIFTY,,2024-06-27,2024-06-27,21350.00,PE,NIFTY24JUN21350PE,0.00,0.00,0.00,172.20,172.20,172.20,22403.85,63.15,2900,0,0,0.00,0,F1,25,,,,,
2024-05-16,2024-05-16,FO,NSE,IDO,40087,,NIFTY,,2024-12-26,2024-12-26,15000.00,PE,NIFTY24DEC15000PE,0.00,0.00,0.00,3.05,3.05,3.05,22403.85,0.05,28725,0,0,0.00,0,F1,25,,,,,
2024-05-16,2024-05-16,FO,NSE,IDO,53595,,NIFTY,,2027-12-30,2027-12-30,15000.00,PE,NIFTY27DEC15000PE,0.00,0.00,0.00,27.80,27.80,27.80,22403.85,10.15,350,0,0,0.00,0,F1,25,,,,,
2024-05-16,2024-05-16,FO,NSE,IDO,40091,,NIFTY,,2025-06-26,2025-06-26,15000.00,PE,NIFTY25JUN15000PE,0.00,0.00,0.00,16.20,16.20,16.20,22403.85,0.50,1800,0,0,0.00,0,F1,25,,,,,
2024-05-16,2024-05-16,FO,NSE,IDO,51839,,NIFTY,,2024-05-16,2024-05-16,24300.00,CE,NIFTY2451624300CE,0.20,0.20,0.05,0.10,0.05,0.30,22403.85,22403.85,288175,-64850,21672,13165781641.25,1907,F1,25,,,,,
2024-05-16,2024-05-16,FO,NSE,IDO,56990,,NIFTY,,2024-05-30,2024-05-30,24300.00,PE,NIFTY24MAY24300PE,1865.75,1865.75,1850.25,1857.40,1850.25,2021.45,22403.85,1857.40,3350,450,18,11770815.00,9,F1,25,,,,,
2024-05-16,2024-05-16,FO,NSE,IDO,56989,,NIFTY,,2024-05-30,2024-05-30,24300.00,CE,NIFTY24MAY24300CE,3.00,3.65,2.55,2.80,2.70,2.90,22403.85,2.80,68575,925,1120,680476803.75,281,F1,25,,,,,
2024-05-16,2024-05-16,FO,NSE,IDO,37226,,NIFTY,,2024-06-06,2024-06-06,24300.00,CE,NIFTY2460624300CE,0.00,0.00,0.00,36.05,0.00,36.05,22403.85,3.35,0,0,0,0.00,0,F1,25,,,,,
2024-05-16,2024-05-16,FO,NSE,IDO,43611,,NIFTY,,2024-06-13,2024-06-13,20850.00,CE,NIFTY2461320850CE,0.00,0.00,0.00,1293.05,0.00,1293.05,22403.85,1674.95,0,0,0,0.00,0,F1,25,,,,,
2024-05-16,2024-05-16,FO,NSE,IDO,51599,,NIFTY,,2024-05-16,2024-05-16,20850.00,CE,NIFTY2451620850CE,1367.70,1370.00,1275.00,1370.00,1370.00,1379.30,22403.85,22403.85,2100,-725,43,23808417.50,7,F1,25,,,,,
2024-05-16,2024-05-16,FO,NSE,IDO,64136,,NIFTY,,2024-06-27,2024-06-27,20850.00,CE,NIFTY24JUN20850CE,1703.95,1849.00,1703.95,1848.90,1849.00,1701.10,22403.85,1848.90,750,50,3,1698793.75,3,F1,25,,,,,
2024-05-16,2024-05-16,FO,NSE,IDO,64441,,NIFTY,,2024-07-25,2024-07-25,20850.00,PE,NIFTY24JUL20850PE,0.00,0.00,0.00,61.95,0.00,61.95,22403.85,52.15,0,0,0,0.00,0,F1,25,,,,,
2024-05-16,2024-05-16,FO,NSE,IDO,51819,,NIFTY,,2024-05-16,2024-05-16,24200.00,PE,NIFTY2451624200PE,1870.00,1870.00,1870.00,1870.00,1870.00,1979.35,22403.85,22403.85,1300,-25,1,651750.00,1,F1,25,,,,,
2024-05-16,2024-05-16,FO,NSE,IDO,38799,,NIFTY,,2024-05-23,2024-05-23,22850.00,PE,NIFTY2452322850PE,545.70,725.00,425.80,449.45,436.90,621.70,22403.85,449.45,46325,12050,1768,1033474806.25,528,F1,25,,,,,
2024-05-16,2024-05-16,FO,NSE,IDO,71552,,NIFTY,,2027-06-24,2027-06-24,20000.00,PE,NIFTY27JUN20000PE,0.00,0.00,0.00,3034.20,0.00,3034.20,22403.85,192.90,0,0,0,0.00,0,F1,25,,,,,
2024-05-16,2024-05-16,FO,NSE,IDO,67775,,NIFTY,,2028-12-28,2028-12-28,20000.00,PE,NIFTY28DEC20000PE,490.00,490.00,490.00,490.00,490.00,520.00,22403.85,490.00,1325,25,1,512250.00,1,F1,25,,,,,
2024-05-16,2024-05-16,FO,NSE,IDO,38594,,NIFTY,,2024-05-23,2024-05-23,20550.00,PE,NIFTY2452320550PE,1.70,5.30,1.60,2.10,1.85,2.50,22403.85,2.10,9450,6700,3338,1715078927.50,507,F1,25,,,,,
2024-05-16,2024-05-16,FO,NSE,IDO,56840,,NIFTY,,2024-05-30,2024-05-30,20550.00,PE,NIFTY24MAY20550PE,7.00,10.00,4.85,5.70,5.45,7.70,22403.85,5.70,27700,3450,254,130533397.50,57,F1,25,,,,,
2024-05-16,2024-05-16,FO,NSE,IDO,64327,,NIFTY,,2024-07-25,2024-07-25,20550.00,CE,NIFTY24JUL20550CE,2127.50,2132.40,2124.60,2132.40,2132.40,2139.40,22403.85,2169.75,2325,-300,12,6803597.50,6,F1,25,,,,,
2024-05-16,2024-05-16,FO,NSE,IDO,64348,,NIFTY,,2024-07-25,2024-07-25,20550.00,PE,NIFTY24JUL20550PE,0.00,0.00,0.00,39.05,0.00,39.05,22403.85,30.55,0,0,0,0.00,0,F1,25,,,,,
2024-05-16,2024-05-16,FO,NSE,IDO,58635,,NIFTY,,2026-12-31,2026-12-31,15000.00,PE,NIFTY26DEC15000PE,0.00,0.00,0.00,23.00,23.00,23.00,22403.85,6.30,2200,0,0,0.00,0,F1,25,,,,,
2024-05-16,2024-05-16,FO,NSE,IDO,64438,,NIFTY,,2024-06-27,2024-06-27,24400.00,CE,NIFTY24JUN24400CE,63.15,71.35,48.80,67.60,67.95,59.95,22403.85,67.60,57825,5500,5729,3503091286.25,2013,F1,25,,,,,
2024-05-16,2024-05-16,FO,NSE,IDO,64439,,NIFTY,,2024-06-27,2024-06-27,24400.00,PE,NIFTY24JUN24400PE,1984.80,1984.80,1882.65,1887.80,1884.85,2027.20,22403.85,1887.80,1075,225,17,11193185.00,13,F1,25,,,,,
2024-05-16,2024-05-16,FO,NSE,IDO,37243,,NIFTY,,2024-06-06,2024-06-06,24400.00,PE,NIFTY2460624400PE,0.00,0.00,0.00,1610.90,0.00,1610.90,22403.85,1899.30,0,0,0,0.00,0,F1,25,,,,,
2024-05-16,2024-05-16,FO,NSE,IDO,51867,,NIFTY,,2024-05-16,2024-05-16,24400.00,PE,NIFTY2451624400PE,0.00,0.00,0.00,2374.85,2375.35,2374.85,22403.85,22403.85,850,0,0,0.00,0,F1,25,,,,,
2024-05-16,2024-05-16,FO,NSE,IDO,39290,,NIFTY,,2024-05-23,2024-05-23,24400.00,CE,NIFTY2452324400CE,1.45,1.55,0.95,1.20,1.20,1.45,22403.85,1.20,1404900,1288950,98533,60107941570.00,4778,F1,25,,,,,
2024-05-16,2024-05-16,FO,NSE,IDO,64831,,NIFTY,,2024-07-25,2024-07-25,21650.00,CE,NIFTY24JUL21650CE,1285.85,1370.60,1285.85,1356.60,1370.60,1156.05,22403.85,1356.60,775,675,30,17251405.00,15,F1,25,,,,,
2024-05-16,2024-05-16,FO,NSE,IDO,64251,,NIFTY,,2024-06-27,2024-06-27,21650.00,PE,NIFTY24JUN21650PE,323.85,371.45,271.25,275.40,271.25,337.50,22403.85,275.40,5325,225,68,37354271.25,26,F1,25,,,,,
2024-05-16,2024-05-16,FO,NSE,IDO,51715,,NIFTY,,2024-05-16,2024-05-16,22950.00,CE,NIFTY2451622950CE,0.40,0.50,0.05,0.05,0.05,0.50,22403.85,22403.85,976475,199500,380154,218115150608.75,36745,F1,25,,,,,
2024-05-16,2024-05-16,FO,NSE,IDO,56935,,NIFTY,,2024-05-30,2024-05-30,22950.00,CE,NIFTY24MAY22950CE,40.05,55.15,25.25,49.75,52.45,34.75,22403.85,49.75,251200,9500,29546,16978930950.00,9008,F1,25,,,,,
2024-05-16,2024-05-16,FO,NSE,IDO,56849,,NIFTY,,2024-05-30,2024-05-30,20800.00,CE,NIFTY24MAY20800CE,1524.30,1620.00,1400.00,1620.00,1620.00,1477.55,22403.85,1620.00,45050,-300,15,8335107.50,7,F1,25,,,,,
2024-05-16,2024-05-16,FO,NSE,IDO,64135,,NIFTY,,2024-06-27,2024-06-27,20800.00,PE,NIFTY24JUN20800PE,150.00,173.70,123.05,125.95,125.60,162.25,22403.85,125.95,355100,1800,1834,960222893.75,728,F1,25,,,,,
2024-05-16,2024-05-16,FO,NSE,IDO,36878,,NIFTY,,2024-06-06,2024-06-06,20800.00,PE,NIFTY2460620800PE,86.80,118.15,68.20,73.35,71.00,97.95,22403.85,73.35,109875,7100,3172,1656251267.50,682,F1,25,,,,,
2024-05-16,2024-05-16,FO,NSE,IDO,64134,,NIFTY,,2024-06-27,2024-06-27,20800.00,CE,NIFTY24JUN20800CE,1859.40,1875.60,1853.10,1868.90,1874.00,1710.50,22403.85,1868.90,1750,400,16,9067558.75,12,F1,25,,,,,
2024-05-16,2024-05-16,FO,NSE,IDO,37105,,NIFTY,,2024-06-06,2024-06-06,23050.00,CE,NIFTY2460623050CE,0.00,0.00,0.00,294.45,0.00,294.45,22403.85,108.70,0,0,0,0.00,0,F1,25,,,,,
2024-05-16,2024-05-16,FO,NSE,IDO,65105,,NIFTY,,2024-07-25,2024-07-25,23050.00,CE,NIFTY24JUL23050CE,462.20,464.75,462.20,464.75,464.75,453.90,22403.85,414.00,725,150,6,3527022.50,3,F1,25,,,,,
2024-05-16,2024-05-16,FO,NSE,IDO,37220,,NIFTY,,2024-06-06,2024-06-06,24200.00,CE,NIFTY2460624200CE,0.00,0.00,0.00,44.05,0.00,44.05,22403.85,4.70,0,0,0,0.00,0,F1,25,,,,,
2024-05-16,2024-05-16,FO,NSE,IDO,65322,,NIFTY,,2024-07-25,2024-07-25,24200.00,PE,NIFTY24JUL24200PE,1737.70,1737.70,1587.05,1587.40,1587.60,1770.50,22403.85,1587.40,650,450,18,11611837.50,9,F1,25,,,,,
2024-05-16,2024-05-16,FO,NSE,IDO,55122,,NIFTY,,2025-12-24,2025-12-24,18000.00,PE,NIFTY25DEC18000PE,0.00,0.00,0.00,220.95,220.95,220.95,22403.85,42.20,2600,0,0,0.00,0,F1,25,,,,,
2024-05-16,2024-05-16,FO,NSE,IDO,67770,,NIFTY,,2028-12-28,2028-12-28,18000.00,CE,NIFTY28DEC18000CE,0.00,0.00,0.00,9380.30,0.00,9380.30,22403.85,9624.30,0,0,0,0.00,0,F1,25,,,,,
2024-05-16,2024-05-16,FO,NSE,IDO,55120,,NIFTY,,2025-06-26,2025-06-26,18000.00,PE,NIFTY25JUN18000PE,0.00,0.00,0.00,188.10,188.10,188.10,22403.85,25.10,250,0,0,0.00,0,F1,25,,,,,
2024-05-16,2024-05-16,FO,NSE,IDO,58641,,NIFTY,,2026-12-31,2026-12-31,18000.00,PE,NIFTY26DEC18000PE,0.00,0.00,0.00,149.80,149.80,149.80,22403.85,64.05,6050,0,0,0.00,0,F1,25,,,,,
2024-05-16,2024-05-16,FO,NSE,IDO,55117,,NIFTY,,2024-12-26,2024-12-26,18000.00,CE,NIFTY24DEC18000CE,5050.00,5104.05,4875.00,5090.00,5090.00,4910.00,22403.85,5090.00,27325,0,10,5757346.25,10,F1,25,,,,,
2024-05-16,2024-05-16,FO,NSE,IDO,65270,,NIFTY,,2024-07-25,2024-07-25,23900.00,PE,NIFTY24JUL23900PE,1379.90,1379.90,1359.60,1368.65,1359.60,1514.90,22403.85,1368.65,1900,550,22,13897755.00,11,F1,25,,,,,
2024-05-16,2024-05-16,FO,NSE,IDO,51623,,NIFTY,,2024-05-16,2024-05-16,21200.00,CE,NIFTY2451621200CE,1080.00,1212.45,845.00,1204.65,1202.70,1019.45,22403.85,22403.85,31300,28575,1843,1021751420.00,1172,F1,25,,,,,
2024-05-16,2024-05-16,FO,NSE,IDO,37194,,NIFTY,,2024-06-06,2024-06-06,23900.00,PE,NIFTY2460623900PE,0.00,0.00,0.00,1162.75,0.00,1162.75,22403.85,1411.20,0,0,0,0.00,0,F1,25,,,,,
2024-05-16,2024-05-16,FO,NSE,IDO,51624,,NIFTY,,2024-05-16,2024-05-16,21200.00,PE,NIFTY2451621200PE,0.30,0.40,0.05,0.15,0.05,0.55,22403.85,22403.85,1344425,-621475,285074,151090296063.75,20779,F1,25,,,,,
2024-05-16,2024-05-16,FO,NSE,IDO,64174,,NIFTY,,2024-06-27,2024-06-27,21200.00,CE,NIFTY24JUN21200CE,1458.70,1561.70,1308.95,1561.70,1561.70,1400.00,22403.85,1561.70,1250,200,12,6795341.25,6,F1,25,,,,,
2024-05-16,2024-05-16,FO,NSE,IDO,56865,,NIFTY,,2024-05-30,2024-05-30,21200.00,CE,NIFTY24MAY21200CE,1201.35,1279.55,1000.00,1241.00,1279.20,1117.25,22403.85,1241.00,32025,-400,69,38540247.50,38,F1,25,,,,,
2024-05-16,2024-05-16,FO,NSE,IDO,51761,,NIFTY,,2024-05-16,2024-05-16,23900.00,CE,NIFTY2451623900CE,0.30,0.30,0.05,0.05,0.05,0.30,22403.85,22403.85,331050,-23750,21835,13046462517.50,915,F1,25,,,,,
2024-05-16,2024-05-16,FO,NSE,IDO,56866,,NIFTY,,2024-05-30,2024-05-30,21200.00,PE,NIFTY24MAY21200PE,18.55,33.90,11.95,15.20,12.05,21.70,22403.85,15.20,948375,41300,111609,59211063511.25,24633,F1,25,,,,,
2024-05-16,2024-05-16,FO,NSE,IDO,43661,,NIFTY,,2024-06-13,2024-06-13,21200.00,PE,NIFTY2461321200PE,0.00,0.00,0.00,86.25,0.00,86.25,22403.85,23.30,0,0,0,0.00,0,F1,25,,,,,
2024-05-16,2024-05-16,FO,NSE,IDO,38636,,NIFTY,,2024-05-23,2024-05-23,21200.00,PE,NIFTY2452321200PE,5.65,10.35,3.65,4.75,4.00,6.00,22403.85,4.75,2047825,1622950,361265,191521262661.25,61465,F1,25,,,,,
2024-05-16,2024-05-16,FO,NSE,IDO,39274,,NIFTY,,2024-05-23,2024-05-23,24150.00,CE,NIFTY2452324150CE,1.45,1.45,1.00,1.10,1.30,1.60,22403.85,1.10,37625,24075,2457,1483485505.00,237,F1,25,,,,,
2024-05-16,2024-05-16,FO,NSE,IDO,65320,,NIFTY,,2024-07-25,2024-07-25,24150.00,PE,NIFTY24JUL24150PE,1568.80,1569.15,1553.45,1561.25,1553.45,1804.25,22403.85,1561.25,1975,650,26,16712312.50,13,F1,25,,,,,
2024-05-16,2024-05-16,FO,NSE,IDO,65317,,NIFTY,,2024-07-25,2024-07-25,24150.00,CE,NIFTY24JUL24150CE,150.00,150.00,150.00,150.00,150.00,146.55,22403.85,125.55,1000,-75,42,25515000.00,3,F1,25,,,,,
2024-05-16,2024-05-16,FO,NSE,IDO,56983,,NIFTY,,2024-05-30,2024-05-30,24150.00,CE,NIFTY24MAY24150CE,3.90,4.90,2.70,3.80,2.85,3.50,22403.85,3.80,10725,1900,284,171489786.25,72,F1,25,,,,,
2024-05-16,2024-05-16,FO,NSE,IDO,55121,,NIFTY,,2025-12-24,2025-12-24,18000.00,CE,NIFTY25DEC18000CE,0.00,0.00,0.00,6500.00,6500.00,6500.00,22403.85,6437.35,5650,0,0,0.00,0,F1,25,,,,,
2024-05-16,2024-05-16,FO,NSE,IDO,71547,,NIFTY,,2027-06-24,2027-06-24,18000.00,CE,NIFTY27JUN18000CE,0.00,0.00,0.00,4066.45,0.00,4066.45,22403.85,8120.95,0,0,0,0.00,0,F1,25,,,,,
2024-05-16,2024-05-16,FO,NSE,IDO,58640,,NIFTY,,2026-12-31,2026-12-31,18000.00,CE,NIFTY26DEC18000CE,0.00,0.00,0.00,4501.45,0.00,4501.45,22403.85,7605.50,0,0,0,0.00,0,F1,25,,,,,
2024-05-16,2024-05-16,FO,NSE,IDO,64980,,NIFTY,,2024-07-25,2024-07-25,22400.00,PE,NIFTY24JUL22400PE,609.90,691.00,543.70,552.75,569.25,644.95,22403.85,552.75,6550,950,354,203506733.75,103,F1,25,,,,,
2024-05-16,2024-05-16,FO,NSE,IDO,43693,,NIFTY,,2024-06-13,2024-06-13,21550.00,CE,NIFTY2461321550CE,0.00,0.00,0.00,723.45,0.00,723.45,22403.85,1027.70,0,0,0,0.00,0,F1,25,,,,,
2024-05-16,2024-05-16,FO,NSE,IDO,56916,,NIFTY,,2024-05-30,2024-05-30,22450.00,PE,NIFTY24MAY22450PE,277.45,415.65,201.90,217.65,204.15,323.45,22403.85,217.65,115175,43125,18000,10215831295.00,4353,F1,25,,,,,
2024-05-16,2024-05-16,FO,NSE,IDO,64276,,NIFTY,,2024-06-27,2024-06-27,22300.00,PE,NIFTY24JUN22300PE,516.70,616.60,450.05,469.20,450.05,556.65,22403.85,469.20,227700,14400,7736,4416908807.50,3141,F1,25,,,,,
2024-05-16,2024-05-16,FO,NSE,IDO,38750,,NIFTY,,2024-05-23,2024-05-23,22300.00,CE,NIFTY2452322300CE,177.00,242.85,96.50,219.75,233.90,143.25,22403.85,219.75,1578750,382300,1385997,777971278651.25,364647,F1,25,,,,,
2024-05-16,2024-05-16,FO,NSE,IDO,37049,,NIFTY,,2024-06-06,2024-06-06,22450.00,PE,NIFTY2460622450PE,525.80,527.45,434.00,437.45,442.60,547.85,22403.85,437.45,6275,5875,241,137914346.25,45,F1,25,,,,,
2024-05-16,2024-05-16,FO,NSE,IDO,64445,,NIFTY,,2024-06-27,2024-06-27,24500.00,PE,NIFTY24JUN24500PE,2050.00,2190.00,1940.00,1940.00,1940.00,2100.00,22403.85,1940.00,4600,-100,11,7301000.00,6,F1,25,,,,,
2024-05-16,2024-05-16,FO,NSE,IDO,38739,,NIFTY,,2024-05-23,2024-05-23,22100.00,PE,NIFTY2452322100PE,89.20,171.70,43.85,52.35,46.40,109.50,22403.85,52.35,1680850,848925,983326,545947339015.00,242786,F1,25,,,,,
2024-05-16,2024-05-16,FO,NSE,IDO,56997,,NIFTY,,2024-05-30,2024-05-30,24500.00,CE,NIFTY24MAY24500CE,2.95,3.40,2.50,2.85,2.85,3.10,22403.85,2.85,1193075,99600,16417,10056564400.00,2152,F1,25,,,,,
2024-05-16,2024-05-16,FO,NSE,IDO,86144,,NIFTY,,2028-06-29,2028-06-29,20000.00,PE,NIFTY28JUN20000PE,0.00,0.00,0.00,707.55,0.00,707.55,22403.85,180.35,0,0,0,0.00,0,F1,25,,,,,
2024-05-16,2024-05-16,FO,NSE,IDO,38749,,NIFTY,,2024-05-23,2024-05-23,22250.00,PE,NIFTY2452322250PE,140.80,250.00,75.65,87.50,79.30,170.50,22403.85,87.50,654025,487125,398312,223080036960.00,116290,F1,25,,,,,
2024-05-16,2024-05-16,FO,NSE,IDO,56908,,NIFTY,,2024-05-30,2024-05-30,22250.00,PE,NIFTY24MAY22250PE,185.00,297.30,127.85,140.95,131.70,221.90,22403.85,140.95,185825,19525,46309,25999818802.50,15735,F1,25,,,,,
2024-05-16,2024-05-16,FO,NSE,IDO,64941,,NIFTY,,2024-07-25,2024-07-25,22250.00,CE,NIFTY24JUL22250CE,787.55,949.15,787.55,932.80,929.75,858.80,22403.85,932.80,975,100,10,5783066.25,8,F1,25,,,,,
2024-05-16,2024-05-16,FO,NSE,IDO,56960,,NIFTY,,2024-05-30,2024-05-30,23550.00,PE,NIFTY24MAY23550PE,1190.00,1290.00,1130.80,1131.25,1131.65,1260.45,22403.85,1131.25,6075,475,22,13586262.50,12,F1,25,,,,,
2024-05-16,2024-05-16,FO,NSE,IDO,64565,,NIFTY,,2025-03-27,2025-03-27,23000.00,PE,NIFTY25MAR23000PE,0.00,0.00,0.00,780.00,780.00,780.00,22403.85,802.90,100,0,0,0.00,0,F1,25,,,,,
2024-05-16,2024-05-16,FO,NSE,IDO,65265,,NIFTY,,2024-07-25,2024-07-25,23850.00,CE,NIFTY24JUL23850CE,0.00,0.00,0.00,203.00,203.00,203.00,22403.85,179.35,3150,0,0,0.00,0,F1,25,,,,,
2024-05-16,2024-05-16,FO,NSE,IDO,39246,,NIFTY,,2024-05-23,2024-05-23,23850.00,CE,NIFTY2452323850CE,1.55,1.75,1.10,1.30,1.20,1.55,22403.85,1.30,23325,7800,2361,1407826876.25,477,F1,25,,,,,
2024-05-16,2024-05-16,FO,NSE,IDO,44032,,NIFTY,,2024-06-13,2024-06-13,23850.00,CE,NIFTY2461323850CE,0.00,0.00,0.00,17.75,0.00,17.75,22403.85,30.25,0,0,0,0.00,0,F1,25,,,,,
2024-05-16,2024-05-16,FO,NSE,IDO,44033,,NIFTY,,2024-06-13,2024-06-13,23850.00,PE,NIFTY2461323850PE,0.00,0.00,0.00,1743.90,0.00,1743.90,22403.85,1347.20,0,0,0,0.00,0,F1,25,,,,,
2024-05-16,2024-05-16,FO,NSE,IDO,51674,,NIFTY,,2024-05-16,2024-05-16,22200.00,PE,NIFTY2451622200PE,26.10,175.00,0.05,0.85,0.05,67.20,22403.85,22403.85,7289800,1740025,32454712,18054661027785.00,7968267,F1,25,,,,,
2024-05-16,2024-05-16,FO,NSE,IDO,39255,,NIFTY,,2024-05-23,2024-05-23,23950.00,PE,NIFTY2452323950PE,1577.15,1587.75,1543.70,1546.00,1543.70,1686.95,22403.85,1546.00,1275,500,20,12759082.50,10,F1,25,,,,,
2024-05-16,2024-05-16,FO,NSE,IDO,51774,,NIFTY,,2024-05-16,2024-05-16,23950.00,CE,NIFTY2451623950CE,0.25,0.25,0.05,0.05,0.05,0.30,22403.85,22403.85,98550,-6175,11384,6816197661.25,564,F1,25,,,,,
2024-05-16,2024-05-16,FO,NSE,IDO,44037,,NIFTY,,2024-06-13,2024-06-13,23950.00,PE,NIFTY2461323950PE,0.00,0.00,0.00,1839.50,0.00,1839.50,22403.85,1440.25,0,0,0,0.00,0,F1,25,,,,,
2024-05-16,2024-05-16,FO,NSE,IDO,36969,,NIFTY,,2024-06-06,2024-06-06,21800.00,CE,NIFTY2460621800CE,899.95,919.30,759.05,910.70,919.30,837.85,22403.85,910.70,5400,600,103,58298746.25,54,F1,25,,,,,
2024-05-16,2024-05-16,FO,NSE,IDO,64845,,NIFTY,,2024-07-25,2024-07-25,21800.00,CE,NIFTY24JUL21800CE,1120.00,1249.00,1078.95,1247.50,1249.00,1150.05,22403.85,1247.50,1850,325,73,41813183.75,32,F1,25,,,,,
2024-05-16,2024-05-16,FO,NSE,IDO,64258,,NIFTY,,2024-06-27,2024-06-27,21800.00,PE,NIFTY24JUN21800PE,350.05,419.40,298.00,309.55,302.30,380.00,22403.85,309.55,245400,8225,4630,2564125435.00,1648,F1,25,,,,,
2024-05-16,2024-05-16,FO,NSE,IDO,64336,,NIFTY,,2024-06-27,2024-06-27,23050.00,CE,NIFTY24JUN23050CE,331.65,362.90,291.40,354.70,357.60,320.10,22403.85,354.70,10750,1475,283,165463523.75,58,F1,25,,,,,
2024-05-16,2024-05-16,FO,NSE,IDO,43744,,NIFTY,,2024-06-13,2024-06-13,21850.00,CE,NIFTY2461321850CE,0.00,0.00,0.00,527.90,0.00,527.90,22403.85,782.55,0,0,0,0.00,0,F1,25,,,,,
2024-05-16,2024-05-16,FO,NSE,IDO,56891,,NIFTY,,2024-05-30,2024-05-30,21850.00,CE,NIFTY24MAY21850CE,576.55,684.20,447.20,646.10,670.00,541.60,22403.85,646.10,37125,-4200,1198,670743860.00,481,F1,25,,,,,
2024-05-16,2024-05-16,FO,NSE,IDO,36973,,NIFTY,,2024-06-06,2024-06-06,21850.00,PE,NIFTY2460621850PE,0.00,0.00,0.00,87.95,0.00,87.95,22403.85,83.10,0,0,0,0.00,0,F1,25,,,,,
2024-05-16,2024-05-16,FO,NSE,IDO,36972,,NIFTY,,2024-06-06,2024-06-06,21850.00,CE,NIFTY2460621850CE,832.80,832.80,756.60,756.85,756.85,813.00,22403.85,725.80,700,50,6,3398616.25,3,F1,25,,,,,
2024-05-16,2024-05-16,FO,NSE,IDO,51660,,NIFTY,,2024-05-16,2024-05-16,21850.00,PE,NIFTY2451621850PE,2.00,8.00,0.05,0.20,0.05,4.05,22403.85,22403.85,4691575,1827050,19661134,10740988962152.51,2529389,F1,25,,,,,
2024-05-16,2024-05-16,FO,NSE,IDO,38586,,NIFTY,,2024-05-23,2024-05-23,20350.00,PE,NIFTY2452320350PE,2.70,2.75,1.50,1.80,1.85,2.45,22403.85,1.80,11550,6450,1477,751491623.75,208,F1,25,,,,,
2024-05-16,2024-05-16,FO,NSE,IDO,36228,,NIFTY,,2024-06-06,2024-06-06,20350.00,CE,NIFTY2460620350CE,0.00,0.00,0.00,2441.75,0.00,2441.75,22403.85,2136.95,0,0,0,0.00,0,F1,25,,,,,
2024-05-16,2024-05-16,FO,NSE,IDO,43896,,NIFTY,,2024-06-13,2024-06-13,22650.00,PE,NIFTY2461322650PE,0.00,0.00,0.00,714.90,0.00,714.90,22403.85,419.10,0,0,0,0.00,0,F1,25,,,,,
2024-05-16,2024-05-16,FO,NSE,IDO,65009,,NIFTY,,2024-07-25,2024-07-25,22650.00,CE,NIFTY24JUL22650CE,698.95,709.20,649.40,709.20,709.20,633.10,22403.85,709.20,1225,200,15,8749543.75,10,F1,25,,,,,
2024-05-16,2024-05-16,FO,NSE,IDO,65010,,NIFTY,,2024-07-25,2024-07-25,22650.00,PE,NIFTY24JUL22650PE,730.75,730.75,729.95,729.95,729.95,754.20,22403.85,523.75,750,100,4,2338035.00,2,F1,25,,,,,
2024-05-16,2024-05-16,FO,NSE,IDO,64297,,NIFTY,,2024-06-27,2024-06-27,22650.00,PE,NIFTY24JUN22650PE,707.00,767.60,601.05,616.70,608.25,721.70,22403.85,616.70,3900,-150,181,105658371.25,31,F1,25,,,,,
2024-05-16,2024-05-16,FO,NSE,IDO,56923,,NIFTY,,2024-05-30,2024-05-30,22650.00,CE,NIFTY24MAY22650CE,109.10,144.20,68.00,131.40,139.40,92.00,22403.85,131.40,245900,29300,33202,18881507348.75,11837,F1,25,,,,,
2024-05-16,2024-05-16,FO,NSE,IDO,38776,,NIFTY,,2024-05-23,2024-05-23,22650.00,CE,NIFTY2452322650CE,45.25,67.95,20.60,57.40,64.05,34.75,22403.85,57.40,506000,278775,276156,156634107205.00,69900,F1,25,,,,,
2024-05-16,2024-05-16,FO,NSE,IDO,39270,,NIFTY,,2024-05-23,2024-05-23,24100.00,CE,NIFTY2452324100CE,1.55,1.75,1.00,1.15,1.20,1.55,22403.85,1.15,55350,28325,6315,3804976230.00,645,F1,25,,,,,
2024-05-16,2024-05-16,FO,NSE,IDO,43732,,NIFTY,,2024-06-13,2024-06-13,21700.00,CE,NIFTY2461321700CE,0.00,0.00,0.00,621.35,0.00,621.35,22403.85,901.75,0,0,0,0.00,0,F1,25,,,,,
2024-05-16,2024-05-16,FO,NSE,IDO,64253,,NIFTY,,2024-06-27,2024-06-27,21700.00,PE,NIFTY24JUN21700PE,325.05,386.00,275.25,286.35,277.00,351.15,22403.85,286.35,118450,-6075,2952,1625067828.75,995,F1,25,,,,,
2024-05-16,2024-05-16,FO,NSE,IDO,36958,,NIFTY,,2024-06-06,2024-06-06,21700.00,PE,NIFTY2460621700PE,229.10,303.00,192.25,201.95,198.55,264.85,22403.85,201.95,19350,15275,965,528874078.75,232,F1,25,,,,,
2024-05-16,2024-05-16,FO,NSE,IDO,67776,,NIFTY,,2028-12-28,2028-12-28,21000.00,CE,NIFTY28DEC21000CE,0.00,0.00,0.00,7512.50,0.00,7512.50,22403.85,7660.10,0,0,0,0.00,0,F1,25,,,,,
2024-05-16,2024-05-16,FO,NSE,IDO,65882,,NIFTY,,2024-09-26,2024-09-26,21000.00,PE,NIFTY24SEP21000PE,287.00,303.65,233.45,247.10,240.00,286.75,22403.85,247.10,465250,3200,2014,1071043900.00,1297,F1,25,,,,,
2024-05-16,2024-05-16,FO,NSE,IDO,64138,,NIFTY,,2024-06-27,2024-06-27,20900.00,CE,NIFTY24JUN20900CE,1725.00,1790.05,1725.00,1783.35,1788.55,1625.00,22403.85,1783.35,1175,325,13,7370627.50,10,F1,25,,,,,
2024-05-16,2024-05-16,FO,NSE,IDO,71398,,NIFTY,,2025-12-24,2025-12-24,25000.00,PE,NIFTY25DEC25000PE,0.00,0.00,0.00,6310.55,0.00,6310.55,22403.85,1524.60,0,0,0,0.00,0,F1,25,,,,,
2024-05-16,2024-05-16,FO,NSE,IDO,65903,,NIFTY,,2024-09-26,2024-09-26,25000.00,CE,NIFTY24SEP25000CE,160.00,180.00,147.45,171.95,176.00,155.75,22403.85,171.95,161275,3000,704,442849473.75,291,F1,25,,,,,
2024-05-16,2024-05-16,FO,NSE,IDO,71563,,NIFTY,,2027-06-24,2027-06-24,25000.00,PE,NIFTY27JUN25000PE,0.00,0.00,0.00,5619.05,0.00,5619.05,22403.85,1105.10,0,0,0,0.00,0,F1,25,,,,,
2024-05-16,2024-05-16,FO,NSE,IDO,71302,,NIFTY,,2024-06-27,2024-06-27,25000.00,CE,NIFTY24JUN25000CE,34.30,40.00,30.00,38.70,39.00,34.25,22403.85,38.70,2016800,122550,25421,15910214477.50,6594,F1,25,,,,,
2024-05-16,2024-05-16,FO,NSE,IDO,71381,,NIFTY,,2025-06-26,2025-06-26,25000.00,CE,NIFTY25JUN25000CE,1000.00,1000.00,1000.00,1000.00,1000.00,600.00,22403.85,1062.35,50,-50,2,1300000.00,1,F1,25,,,,,
2024-05-16,2024-05-16,FO,NSE,IDO,86153,,NIFTY,,2028-06-29,2028-06-29,25000.00,CE,NIFTY28JUN25000CE,0.00,0.00,0.00,3545.15,0.00,3545.15,22403.85,4792.45,0,0,0,0.00,0,F1,25,,,,,
2024-05-16,2024-05-16,FO,NSE,IDO,53627,,NIFTY,,2027-12-30,2027-12-30,25000.00,PE,NIFTY27DEC25000PE,0.00,0.00,0.00,2948.45,0.00,2948.45,22403.85,993.95,0,0,0,0.00,0,F1,25,,,,,
2024-05-16,2024-05-16,FO,NSE,IDO,64570,,NIFTY,,2025-03-27,2025-03-27,25000.00,CE,NIFTY25MAR25000CE,0.00,0.00,0.00,918.35,0.00,918.35,22403.85,750.05,0,0,0,0.00,0,F1,25,,,,,
2024-05-16,2024-05-16,FO,NSE,IDO,65256,,NIFTY,,2024-07-25,2024-07-25,23700.00,PE,NIFTY24JUL23700PE,1238.05,1246.70,1220.75,1231.75,1232.60,1396.40,22403.85,1231.75,1025,425,82,51110065.00,21,F1,25,,,,,
2024-05-16,2024-05-16,FO,NSE,IDO,51751,,NIFTY,,2024-05-16,2024-05-16,23700.00,CE,NIFTY2451623700CE,0.55,0.55,0.05,0.05,0.05,0.25,22403.85,22403.85,618425,-103800,35669,21133979527.50,2467,F1,25,,,,,
2024-05-16,2024-05-16,FO,NSE,IDO,39138,,NIFTY,,2024-05-23,2024-05-23,23700.00,PE,NIFTY2452323700PE,1383.05,1458.60,1347.95,1354.60,1354.60,1511.25,22403.85,1264.40,1050,450,22,13798142.50,13,F1,25,,,,,
2024-05-16,2024-05-16,FO,NSE,IDO,38679,,NIFTY,,2024-05-23,2024-05-23,21500.00,PE,NIFTY2452321500PE,12.85,27.95,7.25,8.60,7.25,14.95,22403.85,8.60,1864950,1154350,485046,260874867020.00,87926,F1,25,,,,,
2024-05-16,2024-05-16,FO,NSE,IDO,51756,,NIFTY,,2024-05-16,2024-05-16,23750.00,PE,NIFTY2451623750PE,0.00,0.00,0.00,1621.65,1621.65,1621.65,22403.85,22403.85,800,0,0,0.00,0,F1,25,,,,,
2024-05-16,2024-05-16,FO,NSE,IDO,37185,,NIFTY,,2024-06-06,2024-06-06,23750.00,CE,NIFTY2460623750CE,0.00,0.00,0.00,101.20,0.00,101.20,22403.85,18.95,0,0,0,0.00,0,F1,25,,,,,
2024-05-16,2024-05-16,FO,NSE,IDO,65262,,NIFTY,,2024-07-25,2024-07-25,23750.00,PE,NIFTY24JUL23750PE,1272.90,1272.90,1253.25,1258.75,1261.15,1505.20,22403.85,1258.75,1350,750,30,18756537.50,15,F1,25,,,,,
2024-05-16,2024-05-16,FO,NSE,IDO,65257,,NIFTY,,2024-07-25,2024-07-25,23750.00,CE,NIFTY24JUL23750CE,199.95,249.95,199.95,249.95,249.95,191.55,22403.85,249.95,325,25,2,1198747.50,2,F1,25,,,,,
2024-05-16,2024-05-16,FO,NSE,IDO,39239,,NIFTY,,2024-05-23,2024-05-23,23750.00,PE,NIFTY2452323750PE,1399.40,1410.50,1395.40,1406.95,1406.95,1549.70,22403.85,1314.20,1025,325,13,8174825.00,12,F1,25,,,,,
2024-05-16,2024-05-16,FO,NSE,IDO,64556,,NIFTY,,2025-03-27,2025-03-27,20000.00,CE,NIFTY25MAR20000CE,0.00,0.00,0.00,3896.85,0.00,3896.85,22403.85,3739.25,0,0,0,0.00,0,F1,25,,,,,
2024-05-16,2024-05-16,FO,NSE,IDO,53607,,NIFTY,,2027-12-30,2027-12-30,20000.00,CE,NIFTY27DEC20000CE,0.00,0.00,0.00,5333.85,0.00,5333.85,22403.85,7235.75,0,0,0,0.00,0,F1,25,,,,,
2024-05-16,2024-05-16,FO,NSE,IDO,38315,,NIFTY,,2024-12-26,2024-12-26,20000.00,PE,NIFTY24DEC20000PE,206.25,228.50,191.00,195.40,191.10,218.10,22403.85,195.40,689050,5200,1853,936231553.75,837,F1,25,,,,,
2024-05-16,2024-05-16,FO,NSE,IDO,64557,,NIFTY,,2025-03-27,2025-03-27,20000.00,PE,NIFTY25MAR20000PE,0.00,0.00,0.00,139.90,139.90,139.90,22403.85,115.90,50,0,0,0.00,0,F1,25,,,,,
2024-05-16,2024-05-16,FO,NSE,IDO,43965,,NIFTY,,2024-06-13,2024-06-13,23100.00,PE,NIFTY2461323100PE,0.00,0.00,0.00,1065.35,0.00,1065.35,22403.85,713.20,0,0,0,0.00,0,F1,25,,,,,
2024-05-16,2024-05-16,FO,NSE,IDO,65166,,NIFTY,,2024-07-25,2024-07-25,23100.00,PE,NIFTY24JUL23100PE,992.10,1056.05,869.00,893.75,872.00,990.70,22403.85,893.75,3125,1975,196,118054598.75,36,F1,25,,,,,
2024-05-16,2024-05-16,FO,NSE,IDO,51721,,NIFTY,,2024-05-16,2024-05-16,23100.00,CE,NIFTY2451623100CE,0.30,0.35,0.05,0.10,0.05,0.40,22403.85,22403.85,1627875,396325,307493,177578446920.00,25057,F1,25,,,,,
2024-05-16,2024-05-16,FO,NSE,IDO,37120,,NIFTY,,2024-06-06,2024-06-06,23100.00,PE,NIFTY2460623100PE,0.00,0.00,0.00,565.85,0.00,565.85,22403.85,699.80,0,0,0,0.00,0,F1,25,,,,,
2024-05-16,2024-05-16,FO,NSE,IDO,51724,,NIFTY,,2024-05-16,2024-05-16,23150.00,PE,NIFTY2451623150PE,889.70,1072.00,736.50,743.65,746.80,920.80,22403.85,22403.85,2250,-875,112,67373488.75,77,F1,25,,,,,
2024-05-16,2024-05-16,FO,NSE,IDO,64366,,NIFTY,,2024-06-27,2024-06-27,23450.00,CE,NIFTY24JUN23450CE,0.00,0.00,0.00,189.05,189.05,189.05,22403.85,140.05,10350,0,0,0.00,0,F1,25,,,,,
2024-05-16,2024-05-16,FO,NSE,IDO,64367,,NIFTY,,2024-06-27,2024-06-27,23450.00,PE,NIFTY24JUN23450PE,1168.50,1168.50,1096.60,1099.70,1096.60,1194.20,22403.85,1099.70,2375,525,22,13509170.00,11,F1,25,,,,,
2024-05-16,2024-05-16,FO,NSE,IDO,56831,,NIFTY,,2024-05-30,2024-05-30,20350.00,CE,NIFTY24MAY20350CE,1963.00,1964.75,1963.00,1964.75,1964.75,1936.90,22403.85,2109.10,1575,100,4,2231387.50,2,F1,25,,,,,
2024-05-16,2024-05-16,FO,NSE,IDO,64088,,NIFTY,,2024-06-27,2024-06-27,20350.00,CE,NIFTY24JUN20350CE,2263.80,2277.50,2263.80,2274.50,2276.85,2145.70,22403.85,2274.50,2125,650,26,14705907.50,13,F1,25,,,,,
2024-05-16,2024-05-16,FO,NSE,IDO,56995,,NIFTY,,2024-05-30,2024-05-30,24450.00,CE,NIFTY24MAY24450CE,3.10,3.40,2.65,2.70,2.65,3.00,22403.85,2.70,14950,4025,441,269592368.75,82,F1,25,,,,,
2024-05-16,2024-05-16,FO,NSE,IDO,56872,,NIFTY,,2024-05-30,2024-05-30,21350.00,PE,NIFTY24MAY21350PE,28.10,46.60,16.95,19.90,19.35,30.15,22403.85,19.90,68950,-5800,15951,8524655600.00,5108,F1,25,,,,,
2024-05-16,2024-05-16,FO,NSE,IDO,56871,,NIFTY,,2024-05-30,2024-05-30,21350.00,CE,NIFTY24MAY21350CE,988.50,1025.85,988.50,1025.85,1025.85,767.25,22403.85,1120.05,1475,200,8,4469822.50,4,F1,25,,,,,
2024-05-16,2024-05-16,FO,NSE,IDO,51630,,NIFTY,,2024-05-16,2024-05-16,21350.00,PE,NIFTY2451621350PE,0.45,0.45,0.05,0.10,0.05,0.65,22403.85,22403.85,569125,50700,356977,190537808772.50,27684,F1,25,,,,,
2024-05-16,2024-05-16,FO,NSE,IDO,38642,,NIFTY,,2024-05-23,2024-05-23,21350.00,CE,NIFTY2452321350CE,799.60,1085.00,799.60,1066.90,1085.00,903.70,22403.85,1066.90,800,0,4,2228911.25,4,F1,25,,,,,
2024-05-16,2024-05-16,FO,NSE,IDO,64687,,NIFTY,,2024-07-25,2024-07-25,21350.00,CE,NIFTY24JUL21350CE,1489.80,1493.90,1489.80,1493.90,1493.90,1446.15,22403.85,1464.55,375,100,4,2284185.00,2,F1,25,,,,,
2024-05-16,2024-05-16,FO,NSE,IDO,50448,,NIFTY,,2026-06-25,2026-06-25,15000.00,PE,NIFTY26JUN15000PE,0.00,0.00,0.00,105.50,105.50,105.50,22403.85,4.00,850,0,0,0.00,0,F1,25,,,,,
2024-05-16,2024-05-16,FO,NSE,IDO,40084,,NIFTY,,2024-06-27,2024-06-27,15000.00,CE,NIFTY24JUN15000CE,7339.00,7400.00,7247.80,7400.00,7400.00,7273.00,22403.85,7400.00,400075,-50,4,2230988.75,4,F1,25,,,,,
2024-05-16,2024-05-16,FO,NSE,IDO,38689,,NIFTY,,2024-05-23,2024-05-23,21700.00,CE,NIFTY2452321700CE,645.00,759.30,431.90,728.60,741.10,572.55,22403.85,728.60,41175,19200,4569,2544407936.25,1685,F1,25,,,,,
2024-05-16,2024-05-16,FO,NSE,IDO,43899,,NIFTY,,2024-06-13,2024-06-13,22750.00,CE,NIFTY2461322750CE,0.00,0.00,0.00,154.70,0.00,154.70,22403.85,254.35,0,0,0,0.00,0,F1,25,,,,,
2024-05-16,2024-05-16,FO,NSE,IDO,64271,,NIFTY,,2024-06-27,2024-06-27,22200.00,CE,NIFTY24JUN22200CE,745.00,812.90,650.80,789.65,791.25,717.10,22403.85,789.65,215475,1925,10748,6160635357.50,3901,F1,25,,,,,
2024-05-16,2024-05-16,FO,NSE,IDO,64311,,NIFTY,,2024-06-27,2024-06-27,22750.00,PE,NIFTY24JUN22750PE,735.35,843.70,735.35,843.70,843.70,782.00,22403.85,516.30,6275,-200,9,5289520.00,3,F1,25,,,,,
2024-05-16,2024-05-16,FO,NSE,IDO,37006,,NIFTY,,2024-06-06,2024-06-06,22200.00,CE,NIFTY2460622200CE,609.95,663.75,515.60,643.80,651.95,574.30,22403.85,643.80,58700,18400,6253,3560799301.25,2206,F1,25,,,,,
2024-05-16,2024-05-16,FO,NSE,IDO,37195,,NIFTY,,2024-06-06,2024-06-06,23950.00,CE,NIFTY2460623950CE,0.00,0.00,0.00,70.95,0.00,70.95,22403.85,10.45,0,0,0,0.00,0,F1,25,,,,,
2024-05-16,2024-05-16,FO,NSE,IDO,44036,,NIFTY,,2024-06-13,2024-06-13,23950.00,CE,NIFTY2461323950CE,45.20,45.20,45.20,45.20,45.20,14.05,22403.85,45.20,50,50,2,1199760.00,1,F1,25,,,,,
2024-05-16,2024-05-16,FO,NSE,IDO,39282,,NIFTY,,2024-05-23,2024-05-23,24300.00,PE,NIFTY2452324300PE,1879.65,1906.40,1834.90,1869.15,1850.45,2062.80,22403.85,1869.15,1600,700,28,18318390.00,14,F1,25,,,,,
2024-05-16,2024-05-16,FO,NSE,IDO,65333,,NIFTY,,2024-07-25,2024-07-25,24300.00,CE,NIFTY24JUL24300CE,125.90,132.90,105.85,130.85,132.05,116.15,22403.85,130.85,52625,-700,390,238112263.75,179,F1,25,,,,,
2024-05-16,2024-05-16,FO,NSE,IDO,51850,,NIFTY,,2024-05-16,2024-05-16,24300.00,PE,NIFTY2451624300PE,0.00,0.00,0.00,2087.00,2087.00,2087.00,22403.85,22403.85,825,0,0,0.00,0,F1,25,,,,,
2024-05-16,2024-05-16,FO,NSE,IDO,56852,,NIFTY,,2024-05-30,2024-05-30,20850.00,PE,NIFTY24MAY20850PE,9.55,17.75,7.10,8.40,8.50,12.30,22403.85,8.40,25750,-875,1214,633090248.75,249,F1,25,,,,,
2024-05-16,2024-05-16,FO,NSE,IDO,65109,,NIFTY,,2024-07-25,2024-07-25,23100.00,CE,NIFTY24JUL23100CE,462.00,485.25,403.95,473.65,480.65,435.15,22403.85,473.65,2300,450,117,68855318.75,34,F1,25,,,,,
2024-05-16,2024-05-16,FO,NSE,IDO,64341,,NIFTY,,2024-06-27,2024-06-27,23100.00,PE,NIFTY24JUN23100PE,920.00,1070.00,834.15,860.80,834.15,975.05,22403.85,860.80,13775,-125,113,67939665.00,40,F1,25,,,,,
2024-05-16,2024-05-16,FO,NSE,IDO,37112,,NIFTY,,2024-06-06,2024-06-06,23100.00,CE,NIFTY2460623100CE,184.95,224.00,170.10,212.90,218.00,191.30,22403.85,212.90,13925,1550,494,287682652.50,225,F1,25,,,,,
2024-05-16,2024-05-16,FO,NSE,IDO,64340,,NIFTY,,2024-06-27,2024-06-27,23100.00,CE,NIFTY24JUN23100CE,325.05,345.70,266.90,334.55,335.05,303.10,22403.85,334.55,84275,19375,3163,1850771347.50,796,F1,25,,,,,
2024-05-16,2024-05-16,FO,NSE,IDO,64860,,NIFTY,,2024-07-25,2024-07-25,21850.00,PE,NIFTY24JUL21850PE,0.00,0.00,0.00,497.20,497.20,497.20,22403.85,222.25,75,0,0,0.00,0,F1,25,,,,,
2024-05-16,2024-05-16,FO,NSE,IDO,51659,,NIFTY,,2024-05-16,2024-05-16,21850.00,CE,NIFTY2451621850CE,421.60,566.90,192.00,550.05,552.70,358.95,22403.85,22403.85,281500,-14425,88129,48756814413.75,39649,F1,25,,,,,
2024-05-16,2024-05-16,FO,NSE,IDO,64259,,NIFTY,,2024-06-27,2024-06-27,21850.00,CE,NIFTY24JUN21850CE,883.00,1050.85,883.00,1050.85,1050.85,991.25,22403.85,1050.85,1725,50,10,5717245.00,3,F1,25,,,,,
2024-05-16,2024-05-16,FO,NSE,IDO,38722,,NIFTY,,2024-05-23,2024-05-23,21850.00,PE,NIFTY2452321850PE,42.00,84.90,18.55,22.35,19.20,48.80,22403.85,22.35,398150,216150,186090,101875887478.75,47572,F1,25,,,,,
2024-05-16,2024-05-16,FO,NSE,IDO,43756,,NIFTY,,2024-06-13,2024-06-13,21850.00,PE,NIFTY2461321850PE,0.00,0.00,0.00,267.95,0.00,267.95,22403.85,110.35,0,0,0,0.00,0,F1,25,,,,,
2024-05-16,2024-05-16,FO,NSE,IDO,64411,,NIFTY,,2024-06-27,2024-06-27,23850.00,CE,NIFTY24JUN23850CE,0.00,0.00,0.00,182.20,182.20,182.20,22403.85,73.70,2175,0,0,0.00,0,F1,25,,,,,
2024-05-16,2024-05-16,FO,NSE,IDO,43736,,NIFTY,,2024-06-13,2024-06-13,21750.00,PE,NIFTY2461321750PE,0.00,0.00,0.00,230.00,0.00,230.00,22403.85,89.55,0,0,0,0.00,0,F1,25,,,,,
2024-05-16,2024-05-16,FO,NSE,IDO,56887,,NIFTY,,2024-05-30,2024-05-30,21750.00,CE,NIFTY24MAY21750CE,663.10,764.75,516.60,745.70,760.90,610.85,22403.85,745.70,16125,-1925,622,347819311.25,211,F1,25,,,,,
2024-05-16,2024-05-16,FO,NSE,IDO,65168,,NIFTY,,2024-07-25,2024-07-25,23150.00,PE,NIFTY24JUL23150PE,0.00,0.00,0.00,1103.20,1103.20,1103.20,22403.85,800.95,150,0,0,0.00,0,F1,25,,,,,
2024-05-16,2024-05-16,FO,NSE,IDO,38834,,NIFTY,,2024-05-23,2024-05-23,23150.00,CE,NIFTY2452323150CE,4.95,4.95,1.85,3.95,4.25,3.45,22403.85,3.95,573025,416200,83394,48271063081.25,13356,F1,25,,,,,
2024-05-16,2024-05-16,FO,NSE,IDO,65167,,NIFTY,,2024-07-25,2024-07-25,23150.00,CE,NIFTY24JUL23150CE,0.00,0.00,0.00,440.25,440.25,440.25,22403.85,376.20,325,0,0,0.00,0,F1,25,,,,,
2024-05-16,2024-05-16,FO,NSE,IDO,43667,,NIFTY,,2024-06-13,2024-06-13,21300.00,PE,NIFTY2461321300PE,0.00,0.00,0.00,105.10,105.10,105.10,22403.85,30.55,50,0,0,0.00,0,F1,25,,,,,
2024-05-16,2024-05-16,FO,NSE,IDO,51627,,NIFTY,,2024-05-16,2024-05-16,21300.00,CE,NIFTY2451621300CE,962.70,1110.25,742.60,1101.30,1101.65,902.75,22403.85,22403.85,7550,-2550,317,175678055.00,161,F1,25,,,,,
2024-05-16,2024-05-16,FO,NSE,IDO,64686,,NIFTY,,2024-07-25,2024-07-25,21300.00,PE,NIFTY24JUL21300PE,0.00,0.00,0.00,263.20,263.20,263.20,22403.85,106.25,325,0,0,0.00,0,F1,25,,,,,
2024-05-16,2024-05-16,FO,NSE,IDO,56869,,NIFTY,,2024-05-30,2024-05-30,21300.00,CE,NIFTY24MAY21300CE,1056.10,1200.05,900.00,1177.60,1200.05,1020.00,22403.85,1177.60,12675,-100,73,40864363.75,39,F1,25,,,,,
2024-05-16,2024-05-16,FO,NSE,IDO,64533,,NIFTY,,2024-07-25,2024-07-25,21250.00,CE,NIFTY24JUL21250CE,1566.30,1570.40,1566.30,1570.40,1570.40,1583.45,22403.85,1547.55,400,100,4,2281835.00,2,F1,25,,,,,
2024-05-16,2024-05-16,FO,NSE,IDO,36927,,NIFTY,,2024-06-06,2024-06-06,21250.00,CE,NIFTY2460621250CE,0.00,0.00,0.00,1569.60,0.00,1569.60,22403.85,1255.15,0,0,0,0.00,0,F1,25,,,,,
2024-05-16,2024-05-16,FO,NSE,IDO,43665,,NIFTY,,2024-06-13,2024-06-13,21250.00,PE,NIFTY2461321250PE,0.00,0.00,0.00,95.30,0.00,95.30,22403.85,26.70,0,0,0,0.00,0,F1,25,,,,,
2024-05-16,2024-05-16,FO,NSE,IDO,43866,,NIFTY,,2024-06-13,2024-06-13,22250.00,PE,NIFTY2461322250PE,318.75,318.75,318.75,318.75,318.75,459.95,22403.85,230.65,300,300,12,6770625.00,1,F1,25,,,,,
2024-05-16,2024-05-16,FO,NSE,IDO,51678,,NIFTY,,2024-05-16,2024-05-16,22250.00,CE,NIFTY2451622250CE,75.10,169.85,1.30,146.95,154.00,52.20,22403.85,22403.85,1983650,-2625725,40909110,22782264417402.50,7564419,F1,25,,,,,
2024-05-16,2024-05-16,FO,NSE,IDO,64274,,NIFTY,,2024-06-27,2024-06-27,22250.00,PE,NIFTY24JUN22250PE,487.00,596.20,435.25,451.45,437.90,541.00,22403.85,451.45,19800,7475,1380,784811972.50,370,F1,25,,,,,
2024-05-16,2024-05-16,FO,NSE,IDO,86149,,NIFTY,,2028-06-29,2028-06-29,23000.00,CE,NIFTY28JUN23000CE,0.00,0.00,0.00,4323.10,0.00,4323.10,22403.85,5893.25,0,0,0,0.00,0,F1,25,,,,,
2024-05-16,2024-05-16,FO,NSE,IDO,67781,,NIFTY,,2028-12-28,2028-12-28,23000.00,PE,NIFTY28DEC23000PE,0.00,0.00,0.00,575.05,0.00,575.05,22403.85,475.25,0,0,0,0.00,0,F1,25,,,,,
2024-05-16,2024-05-16,FO,NSE,IDO,64378,,NIFTY,,2024-06-27,2024-06-27,23550.00,CE,NIFTY24JUN23550CE,170.00,206.40,170.00,189.30,206.40,172.25,22403.85,189.30,11425,-50,12,7121788.75,9,F1,25,,,,,
2024-05-16,2024-05-16,FO,NSE,IDO,56959,,NIFTY,,2024-05-30,2024-05-30,23550.00,CE,NIFTY24MAY23550CE,6.95,8.60,4.85,7.45,7.20,6.70,22403.85,7.45,36950,-1350,2052,1208448551.25,442,F1,25,,,,,
2024-05-16,2024-05-16,FO,NSE,IDO,51698,,NIFTY,,2024-05-16,2024-05-16,22500.00,PE,NIFTY2451622500PE,228.35,461.70,84.90,100.95,96.05,298.15,22403.85,22403.85,1629175,713900,937719,531873720393.75,309205,F1,25,,,,,
2024-05-16,2024-05-16,FO,NSE,IDO,64370,,NIFTY,,2024-06-27,2024-06-27,23500.00,CE,NIFTY24JUN23500CE,200.15,219.95,165.75,213.70,213.50,188.10,22403.85,213.70,938925,142500,30761,18221710717.50,8892,F1,25,,,,,
2024-05-16,2024-05-16,FO,NSE,IDO,51583,,NIFTY,,2024-05-16,2024-05-16,20600.00,CE,NIFTY2451620600CE,1512.20,1650.00,1476.70,1650.00,1650.00,1421.40,22403.85,22403.85,1275,-25,4,2217222.50,3,F1,25,,,,,
2024-05-16,2024-05-16,FO,NSE,IDO,36865,,NIFTY,,2024-06-06,2024-06-06,20600.00,PE,NIFTY2460620600PE,0.00,0.00,0.00,3.65,0.00,3.65,22403.85,1.20,0,0,0,0.00,0,F1,25,,,,,
2024-05-16,2024-05-16,FO,NSE,IDO,64107,,NIFTY,,2024-06-27,2024-06-27,20600.00,PE,NIFTY24JUN20600PE,121.50,147.50,102.25,106.30,103.70,135.65,22403.85,106.30,414300,-1075,1038,537748203.75,261,F1,25,,,,,
2024-05-16,2024-05-16,FO,NSE,IDO,65002,,NIFTY,,2024-07-25,2024-07-25,22500.00,PE,NIFTY24JUL22500PE,650.05,745.00,584.95,594.80,585.00,689.45,22403.85,594.80,143500,-750,1838,1064540907.50,680,F1,25,,,,,
2024-05-16,2024-05-16,FO,NSE,IDO,45859,,NIFTY,,2024-12-26,2024-12-26,17000.00,PE,NIFTY24DEC17000PE,36.10,43.80,36.10,39.30,38.60,40.75,22403.85,39.30,76225,25,157,66887307.50,45,F1,25,,,,,
2024-05-16,2024-05-16,FO,NSE,IDO,53602,,NIFTY,,2027-12-30,2027-12-30,17000.00,PE,NIFTY27DEC17000PE,0.00,0.00,0.00,514.00,514.00,514.00,22403.85,40.40,14250,0,0,0.00,0,F1,25,,,,,
2024-05-16,2024-05-16,FO,NSE,IDO,51757,,NIFTY,,2024-05-16,2024-05-16,23800.00,CE,NIFTY2451623800CE,0.40,0.40,0.05,0.05,0.05,0.30,22403.85,22403.85,347725,-56525,39559,23537711876.25,2169,F1,25,,,,,
2024-05-16,2024-05-16,FO,NSE,IDO,67769,,NIFTY,,2028-12-28,2028-12-28,17000.00,PE,NIFTY28DEC17000PE,0.00,0.00,0.00,66.15,0.00,66.15,22403.85,42.85,0,0,0,0.00,0,F1,25,,,,,
2024-05-16,2024-05-16,FO,NSE,IDO,58639,,NIFTY,,2026-12-31,2026-12-31,17000.00,PE,NIFTY26DEC17000PE,0.00,0.00,0.00,213.30,213.30,213.30,22403.85,32.75,3000,0,0,0.00,0,F1,25,,,,,
2024-05-16,2024-05-16,FO,NSE,IDO,53599,,NIFTY,,2027-12-30,2027-12-30,17000.00,CE,NIFTY27DEC17000CE,0.00,0.00,0.00,6805.50,0.00,6805.50,22403.85,9391.80,0,0,0,0.00,0,F1,25,,,,,
2024-05-16,2024-05-16,FO,NSE,IDO,51584,,NIFTY,,2024-05-16,2024-05-16,20600.00,PE,NIFTY2451620600PE,0.25,0.35,0.05,0.10,0.05,0.35,22403.85,22403.85,154125,-43875,23175,11935181192.50,2856,F1,25,,,,,
2024-05-16,2024-05-16,FO,NSE,IDO,64284,,NIFTY,,2024-06-27,2024-06-27,22500.00,PE,NIFTY24JUN22500PE,602.00,717.30,535.15,557.05,541.90,656.55,22403.85,557.05,1688125,-15275,34351,19868294868.75,11255,F1,25,,,,,
2024-05-16,2024-05-16,FO,NSE,IDO,38595,,NIFTY,,2024-05-23,2024-05-23,20600.00,CE,NIFTY2452320600CE,1604.00,1807.65,1604.00,1806.35,1807.65,1660.00,22403.85,1806.35,1075,425,27,15084872.50,12,F1,25,,,,,
2024-05-16,2024-05-16,FO,NSE,IDO,51738,,NIFTY,,2024-05-16,2024-05-16,23500.00,PE,NIFTY2451623500PE,1220.70,1452.15,1086.50,1101.15,1096.45,1270.70,22403.85,22403.85,2850,-5600,386,239068790.00,214,F1,25,,,,,
2024-05-16,2024-05-16,FO,NSE,IDO,51737,,NIFTY,,2024-05-16,2024-05-16,23500.00,CE,NIFTY2451623500CE,0.25,0.25,0.05,0.05,0.05,0.30,22403.85,22403.85,2626575,-346200,489151,287377664625.00,26908,F1,25,,,,,
2024-05-16,2024-05-16,FO,NSE,IDO,64371,,NIFTY,,2024-06-27,2024-06-27,23500.00,PE,NIFTY24JUN23500PE,1209.95,1370.95,1111.05,1136.25,1120.00,1271.50,22403.85,1136.25,116150,7225,1623,1004381587.50,651,F1,25,,,,,
2024-05-16,2024-05-16,FO,NSE,IDO,51697,,NIFTY,,2024-05-16,2024-05-16,22500.00,CE,NIFTY2451622500CE,5.30,8.45,0.05,0.75,0.05,4.50,22403.85,22403.85,9968625,-537125,25076092,14106362596193.75,3023781,F1,25,,,,,
2024-05-16,2024-05-16,FO,NSE,IDO,43589,,NIFTY,,2024-06-13,2024-06-13,20600.00,CE,NIFTY2461320600CE,0.00,0.00,0.00,1522.75,0.00,1522.75,22403.85,1918.90,0,0,0,0.00,0,F1,25,,,,,
2024-05-16,2024-05-16,FO,NSE,IDO,37169,,NIFTY,,2024-06-06,2024-06-06,23500.00,PE,NIFTY2460623500PE,1185.00,1331.10,1086.00,1099.75,1090.00,1249.00,22403.85,1099.75,2325,1050,72,44467648.75,53,F1,25,,,,,
2024-05-16,2024-05-16,FO,NSE,IDO,64550,,NIFTY,,2025-03-27,2025-03-27,17000.00,CE,NIFTY25MAR17000CE,0.00,0.00,0.00,6546.85,0.00,6546.85,22403.85,6444.65,0,0,0,0.00,0,F1,25,,,,,
2024-05-16,2024-05-16,FO,NSE,IDO,51758,,NIFTY,,2024-05-16,2024-05-16,23800.00,PE,NIFTY2451623800PE,1680.00,1680.00,1680.00,1680.00,1680.00,1522.75,22403.85,22403.85,800,-50,2,1274000.00,2,F1,25,,,,,
2024-05-16,2024-05-16,FO,NSE,IDO,86138,,NIFTY,,2028-06-29,2028-06-29,17000.00,PE,NIFTY28JUN17000PE,0.00,0.00,0.00,283.10,0.00,283.10,22403.85,42.15,0,0,0,0.00,0,F1,25,,,,,
2024-05-16,2024-05-16,FO,NSE,IDO,65240,,NIFTY,,2024-07-25,2024-07-25,23600.00,PE,NIFTY24JUL23600PE,1286.50,1286.50,1269.15,1269.15,1269.15,1399.10,22403.85,1105.40,6050,0,10,6218905.00,5,F1,25,,,,,
2024-05-16,2024-05-16,FO,NSE,IDO,44013,,NIFTY,,2024-06-13,2024-06-13,23600.00,PE,NIFTY2461323600PE,0.00,0.00,0.00,1508.90,0.00,1508.90,22403.85,1121.45,0,0,0,0.00,0,F1,25,,,,,
2024-05-16,2024-05-16,FO,NSE,IDO,36974,,NIFTY,,2024-06-06,2024-06-06,21900.00,CE,NIFTY2460621900CE,805.30,863.15,700.95,856.40,858.20,760.70,22403.85,856.40,6075,350,124,70264650.00,59,F1,25,,,,,
2024-05-16,2024-05-16,FO,NSE,IDO,51661,,NIFTY,,2024-05-16,2024-05-16,21900.00,CE,NIFTY2451621900CE,394.45,517.70,143.15,498.65,503.95,313.35,22403.85,22403.85,429475,-75100,547681,302894430426.25,155278,F1,25,,,,,
2024-05-16,2024-05-16,FO,NSE,IDO,64261,,NIFTY,,2024-06-27,2024-06-27,21900.00,CE,NIFTY24JUN21900CE,920.00,1013.65,831.00,997.75,1013.65,902.90,22403.85,997.75,28175,5350,521,297085417.50,275,F1,25,,,,,
2024-05-16,2024-05-16,FO,NSE,IDO,38874,,NIFTY,,2024-05-23,2024-05-23,23450.00,PE,NIFTY2452323450PE,1164.40,1164.40,1026.60,1038.30,1050.00,1195.05,22403.85,1038.30,1150,150,7,4300620.00,6,F1,25,,,,,
2024-05-16,2024-05-16,FO,NSE,IDO,43994,,NIFTY,,2024-06-13,2024-06-13,23450.00,CE,NIFTY2461323450CE,0.00,0.00,0.00,42.50,0.00,42.50,22403.85,72.85,0,0,0,0.00,0,F1,25,,,,,
2024-05-16,2024-05-16,FO,NSE,IDO,56955,,NIFTY,,2024-05-30,2024-05-30,23450.00,CE,NIFTY24MAY23450CE,8.30,11.30,5.90,9.85,10.65,8.25,22403.85,9.85,53175,4850,2053,1204017171.25,648,F1,25,,,,,
2024-05-16,2024-05-16,FO,NSE,IDO,65213,,NIFTY,,2024-07-25,2024-07-25,23450.00,CE,NIFTY24JUL23450CE,311.00,311.00,311.00,311.00,311.00,310.00,22403.85,311.00,175,25,1,594025.00,1,F1,25,,,,,
2024-05-16,2024-05-16,FO,NSE,IDO,56822,,NIFTY,,2024-05-30,2024-05-30,20100.00,PE,NIFTY24MAY20100PE,4.40,5.70,3.35,4.15,4.05,5.00,22403.85,4.15,843400,58600,18084,9089152858.75,2871,F1,25,,,,,
2024-05-16,2024-05-16,FO,NSE,IDO,65334,,NIFTY,,2024-07-25,2024-07-25,24300.00,PE,NIFTY24JUL24300PE,1818.50,1818.50,1714.20,1716.00,1714.20,1826.50,22403.85,1716.00,875,250,10,6509125.00,5,F1,25,,,,,
2024-05-16,2024-05-16,FO,NSE,IDO,56991,,NIFTY,,2024-05-30,2024-05-30,24350.00,CE,NIFTY24MAY24350CE,3.00,3.00,2.55,2.70,2.90,3.20,22403.85,2.70,7900,-750,146,88887742.50,32,F1,25,,,,,
2024-05-16,2024-05-16,FO,NSE,IDO,37232,,NIFTY,,2024-06-06,2024-06-06,24350.00,PE,NIFTY2460624350PE,0.00,0.00,0.00,1564.50,0.00,1564.50,22403.85,1850.00,0,0,0,0.00,0,F1,25,,,,,
2024-05-16,2024-05-16,FO,NSE,IDO,37231,,NIFTY,,2024-06-06,2024-06-06,24350.00,CE,NIFTY2460624350CE,0.00,0.00,0.00,32.55,0.00,32.55,22403.85,2.80,0,0,0,0.00,0,F1,25,,,,,
2024-05-16,2024-05-16,FO,NSE,IDO,64436,,NIFTY,,2024-06-27,2024-06-27,24350.00,CE,NIFTY24JUN24350CE,70.15,71.45,54.45,69.70,71.45,63.05,22403.85,69.70,5350,-1250,317,193463596.25,53,F1,25,,,,,
2024-05-16,2024-05-16,FO,NSE,IDO,51445,,NIFTY,,2024-06-27,2024-06-27,21000.00,PE,NIFTY24JUN21000PE,180.00,214.20,151.00,158.85,151.00,196.60,22403.85,158.85,3862800,3425,36434,19292546107.50,10923,F1,25,,,,,
2024-05-16,2024-05-16,FO,NSE,IDO,58647,,NIFTY,,2026-12-31,2026-12-31,21000.00,PE,NIFTY26DEC21000PE,0.00,0.00,0.00,500.05,500.05,500.05,22403.85,306.95,950,0,0,0.00,0,F1,25,,,,,
2024-05-16,2024-05-16,FO,NSE,IDO,51451,,NIFTY,,2025-12-24,2025-12-24,21000.00,CE,NIFTY25DEC21000CE,0.00,0.00,0.00,1400.00,1400.00,1400.00,22403.85,4031.65,100,0,0,0.00,0,F1,25,,,,,
2024-05-16,2024-05-16,FO,NSE,IDO,64482,,NIFTY,,2024-07-25,2024-07-25,21000.00,CE,NIFTY24JUL21000CE,1800.00,1860.00,1645.05,1857.80,1860.00,1730.00,22403.85,1857.80,5775,225,40,22735213.75,19,F1,25,,,,,
2024-05-16,2024-05-16,FO,NSE,IDO,86145,,NIFTY,,2028-06-29,2028-06-29,21000.00,CE,NIFTY28JUN21000CE,0.00,0.00,0.00,5226.55,0.00,5226.55,22403.85,7121.75,0,0,0,0.00,0,F1,25,,,,,
2024-05-16,2024-05-16,FO,NSE,IDO,64920,,NIFTY,,2024-07-25,2024-07-25,22050.00,PE,NIFTY24JUL22050PE,546.60,546.60,544.00,544.00,544.00,509.70,22403.85,281.70,625,125,11,6213733.75,7,F1,25,,,,,
2024-05-16,2024-05-16,FO,NSE,IDO,38733,,NIFTY,,2024-05-23,2024-05-23,22050.00,PE,NIFTY2452322050PE,74.40,149.95,36.80,44.65,39.00,94.50,22403.85,44.65,468050,284750,311031,172195070528.75,80367,F1,25,,,,,
2024-05-16,2024-05-16,FO,NSE,IDO,43797,,NIFTY,,2024-06-13,2024-06-13,22050.00,PE,NIFTY2461322050PE,0.00,0.00,0.00,355.85,0.00,355.85,22403.85,162.50,0,0,0,0.00,0,F1,25,,,,,
2024-05-16,2024-05-16,FO,NSE,IDO,58649,,NIFTY,,2026-12-31,2026-12-31,22000.00,PE,NIFTY26DEC22000PE,0.00,0.00,0.00,609.65,609.65,609.65,22403.85,461.20,100,0,0,0.00,0,F1,25,,,,,
2024-05-16,2024-05-16,FO,NSE,IDO,53616,,NIFTY,,2027-12-30,2027-12-30,22000.00,CE,NIFTY27DEC22000CE,0.00,0.00,0.00,4499.55,0.00,4499.55,22403.85,5918.45,0,0,0,0.00,0,F1,25,,,,,
2024-05-16,2024-05-16,FO,NSE,IDO,71501,,NIFTY,,2026-12-31,2026-12-31,24000.00,CE,NIFTY26DEC24000CE,0.00,0.00,0.00,2010.65,0.00,2010.65,22403.85,3501.90,0,0,0,0.00,0,F1,25,,,,,
2024-05-16,2024-05-16,FO,NSE,IDO,58648,,NIFTY,,2026-12-31,2026-12-31,22000.00,CE,NIFTY26DEC22000CE,0.00,0.00,0.00,3039.00,0.00,3039.00,22403.85,4699.85,0,0,0,0.00,0,F1,25,,,,,
2024-05-16,2024-05-16,FO,NSE,IDO,64563,,NIFTY,,2025-03-27,2025-03-27,22000.00,PE,NIFTY25MAR22000PE,0.00,0.00,0.00,500.00,500.00,500.00,22403.85,471.70,50,0,0,0.00,0,F1,25,,,,,
2024-05-16,2024-05-16,FO,NSE,IDO,64567,,NIFTY,,2025-03-27,2025-03-27,24000.00,PE,NIFTY25MAR24000PE,0.00,0.00,0.00,1270.15,0.00,1270.15,22403.85,1254.20,0,0,0,0.00,0,F1,25,,,,,
2024-05-16,2024-05-16,FO,NSE,IDO,71557,,NIFTY,,2027-06-24,2027-06-24,22000.00,PE,NIFTY27JUN22000PE,0.00,0.00,0.00,3995.40,0.00,3995.40,22403.85,435.50,0,0,0,0.00,0,F1,25,,,,,
2024-05-16,2024-05-16,FO,NSE,IDO,37202,,NIFTY,,2024-06-06,2024-06-06,24000.00,PE,NIFTY2460624000PE,0.00,0.00,0.00,1249.05,0.00,1249.05,22403.85,1507.55,0,0,0,0.00,0,F1,25,,,,,
2024-05-16,2024-05-16,FO,NSE,IDO,71380,,NIFTY,,2025-06-26,2025-06-26,24000.00,PE,NIFTY25JUN24000PE,0.00,0.00,0.00,5875.10,0.00,5875.10,22403.85,1202.65,0,0,0,0.00,0,F1,25,,,,,
2024-05-16,2024-05-16,FO,NSE,IDO,67779,,NIFTY,,2028-12-28,2028-12-28,22000.00,PE,NIFTY28DEC22000PE,0.00,0.00,0.00,435.30,0.00,435.30,22403.85,349.60,0,0,0,0.00,0,F1,25,,,,,
2024-05-16,2024-05-16,FO,NSE,IDO,35874,,NIFTY,,2024-06-06,2024-06-06,20300.00,CE,NIFTY2460620300CE,0.00,0.00,0.00,2491.15,0.00,2491.15,22403.85,2186.65,0,0,0,0.00,0,F1,25,,,,,
2024-05-16,2024-05-16,FO,NSE,IDO,56830,,NIFTY,,2024-05-30,2024-05-30,20300.00,PE,NIFTY24MAY20300PE,5.00,7.10,3.50,4.50,4.30,4.95,22403.85,4.50,251925,29650,11046,5607240770.00,2385,F1,25,,,,,
2024-05-16,2024-05-16,FO,NSE,IDO,64086,,NIFTY,,2024-06-27,2024-06-27,20300.00,CE,NIFTY24JUN20300CE,2200.00,2330.00,2200.00,2320.00,2330.00,2193.85,22403.85,2320.00,2825,50,4,2259000.00,4,F1,25,,,,,
2024-05-16,2024-05-16,FO,NSE,IDO,51563,,NIFTY,,2024-05-16,2024-05-16,20300.00,CE,NIFTY2451620300CE,1850.00,2110.00,1750.00,2095.00,2045.10,1908.10,22403.85,22403.85,1000,-950,48,26651488.75,24,F1,25,,,,,
2024-05-16,2024-05-16,FO,NSE,IDO,36955,,NIFTY,,2024-06-06,2024-06-06,21650.00,CE,NIFTY2460621650CE,0.00,0.00,0.00,912.25,912.25,912.25,22403.85,891.65,50,0,0,0.00,0,F1,25,,,,,
2024-05-16,2024-05-16,FO,NSE,IDO,64334,,NIFTY,,2024-06-27,2024-06-27,22950.00,CE,NIFTY24JUN22950CE,323.75,400.00,323.75,393.80,400.00,350.00,22403.85,393.80,4550,0,9,5249561.25,7,F1,25,,,,,
2024-05-16,2024-05-16,FO,NSE,IDO,37101,,NIFTY,,2024-06-06,2024-06-06,22950.00,CE,NIFTY2460622950CE,266.95,276.85,207.75,258.00,258.50,211.85,22403.85,258.00,375,350,42,24344597.50,28,F1,25,,,,,
2024-05-16,2024-05-16,FO,NSE,IDO,56883,,NIFTY,,2024-05-30,2024-05-30,21650.00,CE,NIFTY24MAY21650CE,680.55,853.50,606.20,848.00,842.45,689.60,22403.85,848.00,10700,-25,119,66374058.75,29,F1,25,,,,,
2024-05-16,2024-05-16,FO,NSE,IDO,71556,,NIFTY,,2027-06-24,2027-06-24,22000.00,CE,NIFTY27JUN22000CE,0.00,0.00,0.00,2783.50,0.00,2783.50,22403.85,5298.15,0,0,0,0.00,0,F1,25,,,,,
2024-05-16,2024-05-16,FO,NSE,IDO,56897,,NIFTY,,2024-05-30,2024-05-30,22000.00,CE,NIFTY24MAY22000CE,490.00,556.75,342.10,528.85,547.20,414.90,22403.85,528.85,1520975,-45100,142624,79972698066.25,49151,F1,25,,,,,
2024-05-16,2024-05-16,FO,NSE,IDO,65883,,NIFTY,,2024-09-26,2024-09-26,22000.00,CE,NIFTY24SEP22000CE,1366.90,1413.95,1249.00,1398.80,1400.00,1317.70,22403.85,1398.80,68500,-1925,423,246745538.75,236,F1,25,,,,,
2024-05-16,2024-05-16,FO,NSE,IDO,58615,,NIFTY,,2024-12-26,2024-12-26,22000.00,PE,NIFTY24DEC22000PE,578.00,630.00,523.30,542.55,529.50,591.25,22403.85,542.55,1412025,5900,4235,2390265072.50,1955,F1,25,,,,,
2024-05-16,2024-05-16,FO,NSE,IDO,55116,,NIFTY,,2024-06-27,2024-06-27,18000.00,PE,NIFTY24JUN18000PE,20.70,21.60,17.30,18.00,18.05,20.75,22403.85,18.00,1150850,-16075,13883,6253976048.75,2962,F1,25,,,,,
2024-05-16,2024-05-16,FO,NSE,IDO,65842,,NIFTY,,2024-09-26,2024-09-26,18000.00,PE,NIFTY24SEP18000PE,0.00,0.00,0.00,229.25,0.00,229.25,22403.85,1.10,0,0,0,0.00,0,F1,25,,,,,
2024-05-16,2024-05-16,FO,NSE,IDO,64133,,NIFTY,,2024-06-27,2024-06-27,20750.00,PE,NIFTY24JUN20750PE,0.00,0.00,0.00,54.85,54.85,54.85,22403.85,16.55,4175,0,0,0.00,0,F1,25,,,,,
2024-05-16,2024-05-16,FO,NSE,IDO,64415,,NIFTY,,2024-07-25,2024-07-25,20750.00,PE,NIFTY24JUL20750PE,0.00,0.00,0.00,53.35,0.00,53.35,22403.85,43.90,0,0,0,0.00,0,F1,25,,,,,
2024-05-16,2024-05-16,FO,NSE,IDO,36875,,NIFTY,,2024-06-06,2024-06-06,20750.00,CE,NIFTY2460620750CE,0.00,0.00,0.00,2048.75,0.00,2048.75,22403.85,1740.50,0,0,0,0.00,0,F1,25,,,,,
2024-05-16,2024-05-16,FO,NSE,IDO,56848,,NIFTY,,2024-05-30,2024-05-30,20750.00,PE,NIFTY24MAY20750PE,8.30,14.20,6.70,7.45,6.90,10.25,22403.85,7.45,34950,-2725,2369,1229449076.25,927,F1,25,,,,,
2024-05-16,2024-05-16,FO,NSE,IDO,43602,,NIFTY,,2024-06-13,2024-06-13,20750.00,PE,NIFTY2461320750PE,0.00,0.00,0.00,31.55,0.00,31.55,22403.85,5.85,0,0,0,0.00,0,F1,25,,,,,
2024-05-16,2024-05-16,FO,NSE,IDO,64403,,NIFTY,,2024-07-25,2024-07-25,20750.00,CE,NIFTY24JUL20750CE,2083.45,2087.80,2083.45,2085.60,2087.80,1945.95,22403.85,2085.60,875,450,22,12559560.00,11,F1,25,,,,,
2024-05-16,2024-05-16,FO,NSE,IDO,43601,,NIFTY,,2024-06-13,2024-06-13,20750.00,CE,NIFTY2461320750CE,0.00,0.00,0.00,1383.75,0.00,1383.75,22403.85,1772.10,0,0,0,0.00,0,F1,25,,,,,
2024-05-16,2024-05-16,FO,NSE,IDO,51596,,NIFTY,,2024-05-16,2024-05-16,20750.00,PE,NIFTY2451620750PE,0.40,0.40,0.05,0.10,0.05,0.30,22403.85,22403.85,64400,-48100,15197,7883487088.75,2412,F1,25,,,,,
2024-05-16,2024-05-16,FO,NSE,IDO,36876,,NIFTY,,2024-06-06,2024-06-06,20750.00,PE,NIFTY2460620750PE,0.00,0.00,0.00,5.80,0.00,5.80,22403.85,2.30,0,0,0,0.00,0,F1,25,,,,,
2024-05-16,2024-05-16,FO,NSE,IDO,38612,,NIFTY,,2024-05-23,2024-05-23,20750.00,CE,NIFTY2452320750CE,1657.45,1674.70,1650.20,1661.50,1664.20,1513.00,22403.85,1661.50,1675,525,44,24652643.75,18,F1,25,,,,,
2024-05-16,2024-05-16,FO,NSE,IDO,64118,,NIFTY,,2024-06-27,2024-06-27,20750.00,CE,NIFTY24JUN20750CE,1786.80,1926.55,1786.80,1922.00,1926.55,1832.00,22403.85,1922.00,1125,575,26,14723356.25,19,F1,25,,,,,
2024-05-16,2024-05-16,FO,NSE,IDO,38613,,NIFTY,,2024-05-23,2024-05-23,20750.00,PE,NIFTY2452320750PE,3.20,3.40,1.90,2.40,2.05,3.15,22403.85,2.40,32400,26525,9019,4679182248.75,1233,F1,25,,,,,
2024-05-16,2024-05-16,FO,NSE,IDO,56847,,NIFTY,,2024-05-30,2024-05-30,20750.00,CE,NIFTY24MAY20750CE,1582.10,1583.85,1582.10,1583.85,1583.85,1535.25,22403.85,1710.55,1375,100,4,2233297.50,2,F1,25,,,,,
2024-05-16,2024-05-16,FO,NSE,IDO,51591,,NIFTY,,2024-05-16,2024-05-16,20750.00,CE,NIFTY2451620750CE,1400.00,1400.00,1388.00,1388.00,1388.00,1441.55,22403.85,22403.85,975,-50,2,1107200.00,2,F1,25,,,,,
2024-05-16,2024-05-16,FO,NSE,IDO,38850,,NIFTY,,2024-05-23,2024-05-23,23300.00,PE,NIFTY2452323300PE,1073.90,1073.90,859.55,863.95,864.30,1048.15,22403.85,863.95,1975,800,50,30388047.50,32,F1,25,,,,,
2024-05-16,2024-05-16,FO,NSE,IDO,65195,,NIFTY,,2024-07-25,2024-07-25,23300.00,CE,NIFTY24JUL23300CE,366.00,410.45,326.95,401.05,405.00,358.10,22403.85,401.05,5125,-325,82,48479180.00,39,F1,25,,,,,
2024-05-16,2024-05-16,FO,NSE,IDO,43980,,NIFTY,,2024-06-13,2024-06-13,23300.00,CE,NIFTY2461323300CE,0.00,0.00,0.00,57.45,0.00,57.45,22403.85,98.15,0,0,0,0.00,0,F1,25,,,,,
2024-05-16,2024-05-16,FO,NSE,IDO,37143,,NIFTY,,2024-06-06,2024-06-06,23300.00,CE,NIFTY2460623300CE,0.00,0.00,0.00,207.20,0.00,207.20,22403.85,61.80,0,0,0,0.00,0,F1,25,,,,,
2024-05-16,2024-05-16,FO,NSE,IDO,43981,,NIFTY,,2024-06-13,2024-06-13,23300.00,PE,NIFTY2461323300PE,0.00,0.00,0.00,1237.40,0.00,1237.40,22403.85,868.10,0,0,0,0.00,0,F1,25,,,,,
2024-05-16,2024-05-16,FO,NSE,IDO,65200,,NIFTY,,2024-07-25,2024-07-25,23300.00,PE,NIFTY24JUL23300PE,1084.45,1084.45,1084.10,1084.10,1084.10,1101.20,22403.85,897.00,1000,0,4,2438427.50,2,F1,25,,,,,
2024-05-16,2024-05-16,FO,NSE,IDO,56950,,NIFTY,,2024-05-30,2024-05-30,23300.00,PE,NIFTY24MAY23300PE,943.15,1135.00,835.65,870.60,838.15,1026.35,22403.85,870.60,24775,525,270,163756412.50,66,F1,25,,,,,
2024-05-16,2024-05-16,FO,NSE,IDO,64355,,NIFTY,,2024-06-27,2024-06-27,23300.00,PE,NIFTY24JUN23300PE,1100.00,1172.35,980.00,980.00,980.00,1072.50,22403.85,980.00,10150,25,29,17705650.00,6,F1,25,,,,,
2024-05-16,2024-05-16,FO,NSE,IDO,56949,,NIFTY,,2024-05-30,2024-05-30,23300.00,CE,NIFTY24MAY23300CE,13.00,16.50,8.40,14.05,15.20,11.60,22403.85,14.05,800350,66675,58963,34363095710.00,13278,F1,25,,,,,
2024-05-16,2024-05-16,FO,NSE,IDO,65044,,NIFTY,,2024-07-25,2024-07-25,22850.00,PE,NIFTY24JUL22850PE,825.75,825.75,825.75,825.75,825.75,850.10,22403.85,626.45,600,50,2,1183787.50,1,F1,25,,,,,
2024-05-16,2024-05-16,FO,NSE,IDO,37073,,NIFTY,,2024-06-06,2024-06-06,22750.00,PE,NIFTY2460622750PE,0.00,0.00,0.00,373.20,0.00,373.20,22403.85,450.75,0,0,0,0.00,0,F1,25,,,,,
2024-05-16,2024-05-16,FO,NSE,IDO,56936,,NIFTY,,2024-05-30,2024-05-30,22950.00,PE,NIFTY24MAY22950PE,610.00,795.35,517.30,536.50,528.05,749.50,22403.85,536.50,24900,-150,126,74193106.25,49,F1,25,,,,,
2024-05-16,2024-05-16,FO,NSE,IDO,37000,,NIFTY,,2024-06-06,2024-06-06,22050.00,CE,NIFTY2460622050CE,712.05,755.90,592.20,732.55,752.70,655.25,22403.85,732.55,4100,100,106,60286282.50,60,F1,25,,,,,
2024-05-16,2024-05-16,FO,NSE,IDO,38798,,NIFTY,,2024-05-23,2024-05-23,22850.00,CE,NIFTY2452322850CE,12.30,24.45,7.10,20.00,22.45,12.60,22403.85,20.00,570175,326800,256903,146843571340.00,56140,F1,25,,,,,
2024-05-16,2024-05-16,FO,NSE,IDO,64320,,NIFTY,,2024-06-27,2024-06-27,22850.00,CE,NIFTY24JUN22850CE,432.05,446.30,350.00,432.45,444.75,394.65,22403.85,432.45,7225,-625,384,223246031.25,85,F1,25,,,,,
2024-05-16,2024-05-16,FO,NSE,IDO,51712,,NIFTY,,2024-05-16,2024-05-16,22850.00,PE,NIFTY2451622850PE,590.00,800.75,435.10,449.35,446.95,645.35,22403.85,22403.85,24725,8625,2008,1174541607.50,966,F1,25,,,,,
2024-05-16,2024-05-16,FO,NSE,IDO,38380,,NIFTY,,2026-06-25,2026-06-25,20000.00,PE,NIFTY26JUN20000PE,0.00,0.00,0.00,3159.75,0.00,3159.75,22403.85,188.60,0,0,0,0.00,0,F1,25,,,,,
2024-05-16,2024-05-16,FO,NSE,IDO,37757,,NIFTY,,2024-06-27,2024-06-27,20000.00,CE,NIFTY24JUN20000CE,2517.45,2624.00,2342.15,2586.75,2608.65,2457.25,22403.85,2586.75,568950,-3075,1410,791952520.00,969,F1,25,,,,,
2024-05-16,2024-05-16,FO,NSE,IDO,38312,,NIFTY,,2024-12-26,2024-12-26,20000.00,CE,NIFTY24DEC20000CE,3243.90,3400.00,3160.00,3350.50,3400.00,3220.00,22403.85,3350.50,114725,0,67,38922623.75,48,F1,25,,,,,
2024-05-16,2024-05-16,FO,NSE,IDO,37072,,NIFTY,,2024-06-06,2024-06-06,22750.00,CE,NIFTY2460622750CE,324.45,364.20,281.00,353.20,343.25,308.95,22403.85,353.20,1675,350,56,32306821.25,36,F1,25,,,,,
2024-05-16,2024-05-16,FO,NSE,IDO,51565,,NIFTY,,2024-05-16,2024-05-16,20350.00,CE,NIFTY2451620350CE,1977.50,1977.50,1938.00,1938.05,1938.00,1850.00,22403.85,22403.85,2250,300,16,8916200.00,4,F1,25,,,,,
2024-05-16,2024-05-16,FO,NSE,IDO,51567,,NIFTY,,2024-05-16,2024-05-16,20350.00,PE,NIFTY2451620350PE,0.30,0.30,0.05,0.10,0.05,0.35,22403.85,22403.85,38275,-5100,10409,5295604830.00,1726,F1,25,,,,,
2024-05-16,2024-05-16,FO,NSE,IDO,38585,,NIFTY,,2024-05-23,2024-05-23,20350.00,CE,NIFTY2452320350CE,2041.45,2067.90,2037.90,2047.15,2067.90,1905.65,22403.85,2047.15,2200,500,20,11198567.50,10,F1,25,,,,,
2024-05-16,2024-05-16,FO,NSE,IDO,64279,,NIFTY,,2024-06-27,2024-06-27,22400.00,CE,NIFTY24JUN22400CE,621.00,694.15,544.00,669.85,681.70,603.90,22403.85,669.85,240625,40900,8003,4603603700.00,3800,F1,25,,,,,
2024-05-16,2024-05-16,FO,NSE,IDO,51694,,NIFTY,,2024-05-16,2024-05-16,22400.00,PE,NIFTY2451622400PE,150.00,361.90,0.05,7.85,0.05,203.10,22403.85,22403.85,15945875,15164150,15457617,8668087023373.75,3669403,F1,25,,,,,
2024-05-16,2024-05-16,FO,NSE,IDO,56913,,NIFTY,,2024-05-30,2024-05-30,22400.00,CE,NIFTY24MAY22400CE,190.00,268.80,141.00,251.25,261.00,181.65,22403.85,251.25,1370400,218450,236742,133740726727.50,76075,F1,25,,,,,
2024-05-16,2024-05-16,FO,NSE,IDO,38680,,NIFTY,,2024-05-23,2024-05-23,21550.00,CE,NIFTY2452321550CE,777.00,881.80,624.10,865.30,881.80,705.35,22403.85,865.30,2775,400,75,41737203.75,37,F1,25,,,,,
2024-05-16,2024-05-16,FO,NSE,IDO,64233,,NIFTY,,2024-06-27,2024-06-27,21550.00,CE,NIFTY24JUN21550CE,1180.25,1180.25,1180.25,1180.25,1180.25,1150.50,22403.85,1126.30,1225,-250,10,5682562.50,5,F1,25,,,,,
2024-05-16,2024-05-16,FO,NSE,IDO,51889,,NIFTY,,2024-05-16,2024-05-16,24450.00,PE,NIFTY2451624450PE,0.00,0.00,0.00,2424.70,2425.15,2424.70,22403.85,22403.85,900,0,0,0.00,0,F1,25,,,,,
2024-05-16,2024-05-16,FO,NSE,IDO,64443,,NIFTY,,2024-06-27,2024-06-27,24450.00,PE,NIFTY24JUN24450PE,2026.45,2063.25,1923.55,1926.35,1923.55,2072.55,22403.85,1926.35,1900,300,21,13867085.00,13,F1,25,,,,,
2024-05-16,2024-05-16,FO,NSE,IDO,64440,,NIFTY,,2024-06-27,2024-06-27,24450.00,CE,NIFTY24JUN24450CE,58.00,65.65,50.65,61.55,63.75,53.50,22403.85,61.55,6175,-3525,475,291020293.75,91,F1,25,,,,,
2024-05-16,2024-05-16,FO,NSE,IDO,43976,,NIFTY,,2024-06-13,2024-06-13,23200.00,PE,NIFTY2461323200PE,0.00,0.00,0.00,1150.35,0.00,1150.35,22403.85,789.10,0,0,0,0.00,0,F1,25,,,,,
2024-05-16,2024-05-16,FO,NSE,IDO,51726,,NIFTY,,2024-05-16,2024-05-16,23200.00,PE,NIFTY2451623200PE,947.10,1156.45,778.75,795.35,798.35,992.30,22403.85,22403.85,2925,-2550,403,243142963.75,204,F1,25,,,,,
2024-05-16,2024-05-16,FO,NSE,IDO,37128,,NIFTY,,2024-06-06,2024-06-06,23200.00,PE,NIFTY2460623200PE,0.00,0.00,0.00,629.40,0.00,629.40,22403.85,779.90,0,0,0,0.00,0,F1,25,,,,,
2024-05-16,2024-05-16,FO,NSE,IDO,51725,,NIFTY,,2024-05-16,2024-05-16,23200.00,CE,NIFTY2451623200CE,0.25,0.35,0.05,0.05,0.05,0.35,22403.85,22403.85,1137150,-233000,195766,113544946523.75,15654,F1,25,,,,,
2024-05-16,2024-05-16,FO,NSE,IDO,56945,,NIFTY,,2024-05-30,2024-05-30,23200.00,CE,NIFTY24MAY23200CE,16.10,23.75,11.65,21.20,21.50,16.05,22403.85,21.20,831475,99950,79354,46059136978.75,17715,F1,25,,,,,
2024-05-16,2024-05-16,FO,NSE,IDO,38637,,NIFTY,,2024-05-23,2024-05-23,21250.00,CE,NIFTY2452321250CE,1026.80,1032.10,1026.80,1032.10,1032.10,1004.00,22403.85,1183.10,650,50,2,1113972.50,2,F1,25,,,,,
2024-05-16,2024-05-16,FO,NSE,IDO,64948,,NIFTY,,2024-07-25,2024-07-25,22250.00,PE,NIFTY24JUL22250PE,566.80,566.80,564.65,564.65,564.65,580.00,22403.85,351.50,300,-100,4,2281572.50,2,F1,25,,,,,
2024-05-16,2024-05-16,FO,NSE,IDO,51688,,NIFTY,,2024-05-16,2024-05-16,22250.00,PE,NIFTY2451622250PE,50.00,217.90,0.05,1.25,0.05,93.95,22403.85,22403.85,4708625,3538450,19484794,10863949119786.25,4880751,F1,25,,,,,
2024-05-16,2024-05-16,FO,NSE,IDO,43853,,NIFTY,,2024-06-13,2024-06-13,22250.00,CE,NIFTY2461322250CE,432.00,685.95,394.10,684.95,684.45,322.65,22403.85,684.95,300,300,21,11953236.25,9,F1,25,,,,,
2024-05-16,2024-05-16,FO,NSE,IDO,50550,,NIFTY,,2027-06-24,2027-06-24,28000.00,PE,NIFTY27JUN28000PE,0.00,0.00,0.00,5959.35,0.00,5959.35,22403.85,2197.60,0,0,0,0.00,0,F1,25,,,,,
2024-05-16,2024-05-16,FO,NSE,IDO,50537,,NIFTY,,2025-06-26,2025-06-26,28000.00,CE,NIFTY25JUN28000CE,0.00,0.00,0.00,912.95,0.00,912.95,22403.85,335.45,0,0,0,0.00,0,F1,25,,,,,
2024-05-16,2024-05-16,FO,NSE,IDO,50532,,NIFTY,,2024-12-26,2024-12-26,28000.00,PE,NIFTY24DEC28000PE,0.00,0.00,0.00,7598.30,0.00,7598.30,22403.85,4435.60,0,0,0,0.00,0,F1,25,,,,,
2024-05-16,2024-05-16,FO,NSE,IDO,50538,,NIFTY,,2025-06-26,2025-06-26,28000.00,PE,NIFTY25JUN28000PE,0.00,0.00,0.00,7207.55,0.00,7207.55,22403.85,3750.70,0,0,0,0.00,0,F1,25,,,,,
2024-05-16,2024-05-16,FO,NSE,IDO,64097,,NIFTY,,2024-06-27,2024-06-27,20450.00,PE,NIFTY24JUN20450PE,0.00,0.00,0.00,46.90,0.00,46.90,22403.85,7.50,0,0,0,0.00,0,F1,25,,,,,
2024-05-16,2024-05-16,FO,NSE,IDO,56835,,NIFTY,,2024-05-30,2024-05-30,20450.00,CE,NIFTY24MAY20450CE,1928.70,2044.45,1928.70,2044.35,2044.20,1819.45,22403.85,2044.35,1675,300,12,6736752.50,6,F1,25,,,,,
2024-05-16,2024-05-16,FO,NSE,IDO,38590,,NIFTY,,2024-05-23,2024-05-23,20450.00,PE,NIFTY2452320450PE,2.45,2.60,1.60,1.95,1.65,2.40,22403.85,1.95,32350,29225,1816,928516607.50,280,F1,25,,,,,
2024-05-16,2024-05-16,FO,NSE,IDO,43615,,NIFTY,,2024-06-13,2024-06-13,20850.00,PE,NIFTY2461320850PE,0.00,0.00,0.00,40.10,0.00,40.10,22403.85,8.15,0,0,0,0.00,0,F1,25,,,,,
2024-05-16,2024-05-16,FO,NSE,IDO,64137,,NIFTY,,2024-06-27,2024-06-27,20850.00,PE,NIFTY24JUN20850PE,0.00,0.00,0.00,62.20,62.20,62.20,22403.85,21.15,4325,0,0,0.00,0,F1,25,,,,,
2024-05-16,2024-05-16,FO,NSE,IDO,65839,,NIFTY,,2024-09-26,2024-09-26,17000.00,CE,NIFTY24SEP17000CE,0.00,0.00,0.00,3800.40,0.00,3800.40,22403.85,5849.60,0,0,0,0.00,0,F1,25,,,,,
2024-05-16,2024-05-16,FO,NSE,IDO,65263,,NIFTY,,2024-07-25,2024-07-25,23800.00,CE,NIFTY24JUL23800CE,228.60,244.65,205.00,234.90,244.65,216.85,22403.85,234.90,4925,-475,101,60662403.75,61,F1,25,,,,,
2024-05-16,2024-05-16,FO,NSE,IDO,64407,,NIFTY,,2024-06-27,2024-06-27,23800.00,CE,NIFTY24JUN23800CE,128.55,160.00,110.95,142.50,160.00,126.05,22403.85,142.50,104750,9300,6075,3634065100.00,3462,F1,25,,,,,
2024-05-16,2024-05-16,FO,NSE,IDO,45873,,NIFTY,,2025-12-24,2025-12-24,17000.00,CE,NIFTY25DEC17000CE,0.00,0.00,0.00,5080.00,5080.00,5080.00,22403.85,7302.05,650,0,0,0.00,0,F1,25,,,,,
2024-05-16,2024-05-16,FO,NSE,IDO,44029,,NIFTY,,2024-06-13,2024-06-13,23800.00,PE,NIFTY2461323800PE,0.00,0.00,0.00,1696.40,0.00,1696.40,22403.85,1301.25,0,0,0,0.00,0,F1,25,,,,,
2024-05-16,2024-05-16,FO,NSE,IDO,64410,,NIFTY,,2024-06-27,2024-06-27,23800.00,PE,NIFTY24JUN23800PE,1466.70,1466.70,1345.65,1350.85,1345.65,1585.20,22403.85,1350.85,2575,0,104,65414570.00,10,F1,25,,,,,
2024-05-16,2024-05-16,FO,NSE,IDO,39276,,NIFTY,,2024-05-23,2024-05-23,24200.00,CE,NIFTY2452324200CE,1.50,1.50,1.00,1.20,1.10,1.45,22403.85,1.20,284800,245325,21214,12835101683.75,3080,F1,25,,,,,
2024-05-16,2024-05-16,FO,NSE,IDO,38373,,NIFTY,,2025-06-26,2025-06-26,20000.00,CE,NIFTY25JUN20000CE,0.00,0.00,0.00,3180.85,0.00,3180.85,22403.85,4102.90,0,0,0,0.00,0,F1,25,,,,,
2024-05-16,2024-05-16,FO,NSE,IDO,36892,,NIFTY,,2024-06-06,2024-06-06,20950.00,CE,NIFTY2460620950CE,0.00,0.00,0.00,1854.75,0.00,1854.75,22403.85,1544.10,0,0,0,0.00,0,F1,25,,,,,
2024-05-16,2024-05-16,FO,NSE,IDO,64149,,NIFTY,,2024-07-25,2024-07-25,20250.00,PE,NIFTY24JUL20250PE,0.00,0.00,0.00,23.70,0.00,23.70,22403.85,17.05,0,0,0,0.00,0,F1,25,,,,,
2024-05-16,2024-05-16,FO,NSE,IDO,56827,,NIFTY,,2024-05-30,2024-05-30,20250.00,CE,NIFTY24MAY20250CE,2128.20,2130.15,2128.20,2129.30,2129.30,2076.05,22403.85,2208.80,1950,150,6,3356882.50,3,F1,25,,,,,
2024-05-16,2024-05-16,FO,NSE,IDO,51610,,NIFTY,,2024-05-16,2024-05-16,20950.00,PE,NIFTY2451620950PE,0.30,0.35,0.05,0.10,0.05,0.40,22403.85,22403.85,382900,-98050,53038,27778826616.25,8878,F1,25,,,,,
2024-05-16,2024-05-16,FO,NSE,IDO,43556,,NIFTY,,2024-06-13,2024-06-13,20250.00,CE,NIFTY2461320250CE,0.00,0.00,0.00,1856.80,0.00,1856.80,22403.85,2264.45,0,0,0,0.00,0,F1,25,,,,,
2024-05-16,2024-05-16,FO,NSE,IDO,38620,,NIFTY,,2024-05-23,2024-05-23,20950.00,CE,NIFTY2452320950CE,1439.50,1461.30,1439.50,1451.10,1458.95,1270.00,22403.85,1451.10,1225,125,22,12320600.00,12,F1,25,,,,,
2024-05-16,2024-05-16,FO,NSE,IDO,51576,,NIFTY,,2024-05-16,2024-05-16,20500.00,PE,NIFTY2451620500PE,0.25,0.25,0.05,0.05,0.05,0.25,22403.85,22403.85,1667700,-299600,150626,77196183311.25,8995,F1,25,,,,,
2024-05-16,2024-05-16,FO,NSE,IDO,43581,,NIFTY,,2024-06-13,2024-06-13,20500.00,CE,NIFTY2461320500CE,0.00,0.00,0.00,1617.00,0.00,1617.00,22403.85,2017.30,0,0,0,0.00,0,F1,25,,,,,
2024-05-16,2024-05-16,FO,NSE,IDO,64229,,NIFTY,,2024-06-27,2024-06-27,21450.00,CE,NIFTY24JUN21450CE,1324.55,1349.10,1324.55,1335.00,1348.35,1253.95,22403.85,1335.00,1550,550,26,14810228.75,15,F1,25,,,,,
2024-05-16,2024-05-16,FO,NSE,IDO,56838,,NIFTY,,2024-05-30,2024-05-30,20500.00,PE,NIFTY24MAY20500PE,6.20,8.80,4.40,5.15,5.20,6.65,22403.85,5.15,1396550,-11400,57969,29717851337.50,11609,F1,25,,,,,
2024-05-16,2024-05-16,FO,NSE,IDO,36938,,NIFTY,,2024-06-06,2024-06-06,21450.00,CE,NIFTY2460621450CE,0.00,0.00,0.00,1385.35,0.00,1385.35,22403.85,1069.20,0,0,0,0.00,0,F1,25,,,,,
2024-05-16,2024-05-16,FO,NSE,IDO,56837,,NIFTY,,2024-05-30,2024-05-30,20500.00,CE,NIFTY24MAY20500CE,1854.20,1980.00,1662.00,1949.05,1963.85,1785.20,22403.85,1949.05,628800,4350,1458,812788987.50,323,F1,25,,,,,
2024-05-16,2024-05-16,FO,NSE,IDO,38591,,NIFTY,,2024-05-23,2024-05-23,20500.00,CE,NIFTY2452320500CE,1795.00,1915.80,1635.00,1903.80,1915.80,1753.60,22403.85,1903.80,9325,1850,90,50148972.50,39,F1,25,,,,,
2024-05-16,2024-05-16,FO,NSE,IDO,38668,,NIFTY,,2024-05-23,2024-05-23,21450.00,CE,NIFTY2452321450CE,778.00,943.40,709.70,939.90,940.15,821.20,22403.85,939.90,5175,175,35,19529903.75,33,F1,25,,,,,
2024-05-16,2024-05-16,FO,NSE,IDO,43677,,NIFTY,,2024-06-13,2024-06-13,21450.00,CE,NIFTY2461321450CE,0.00,0.00,0.00,796.15,0.00,796.15,22403.85,1114.90,0,0,0,0.00,0,F1,25,,,,,
2024-05-16,2024-05-16,FO,NSE,IDO,37100,,NIFTY,,2024-06-06,2024-06-06,22900.00,PE,NIFTY2460622900PE,0.00,0.00,0.00,449.95,0.00,449.95,22403.85,550.95,0,0,0,0.00,0,F1,25,,,,,
2024-05-16,2024-05-16,FO,NSE,IDO,38817,,NIFTY,,2024-05-23,2024-05-23,22900.00,PE,NIFTY2452322900PE,587.90,774.90,467.15,488.20,475.10,655.30,22403.85,488.20,24050,4125,1444,847765798.75,461,F1,25,,,,,
2024-05-16,2024-05-16,FO,NSE,IDO,38816,,NIFTY,,2024-05-23,2024-05-23,22900.00,CE,NIFTY2452322900CE,13.00,18.50,5.40,15.20,17.00,10.00,22403.85,15.20,2346175,1570175,595673,341164639753.75,116513,F1,25,,,,,
2024-05-16,2024-05-16,FO,NSE,IDO,56853,,NIFTY,,2024-05-30,2024-05-30,20900.00,CE,NIFTY24MAY20900CE,1300.00,1535.00,1300.00,1535.00,1535.00,1379.55,22403.85,1535.00,14275,150,15,8366077.50,11,F1,25,,,,,
2024-05-16,2024-05-16,FO,NSE,IDO,51602,,NIFTY,,2024-05-16,2024-05-16,20900.00,PE,NIFTY2451620900PE,0.25,0.30,0.05,0.10,0.05,0.35,22403.85,22403.85,1062450,-343575,129458,67642138537.50,11318,F1,25,,,,,
2024-05-16,2024-05-16,FO,NSE,IDO,64151,,NIFTY,,2024-06-27,2024-06-27,20900.00,PE,NIFTY24JUN20900PE,167.80,191.15,135.15,139.50,135.35,177.40,22403.85,139.50,316450,7550,1336,703094265.00,394,F1,25,,,,,
2024-05-16,2024-05-16,FO,NSE,IDO,38619,,NIFTY,,2024-05-23,2024-05-23,20900.00,PE,NIFTY2452320900PE,2.95,4.60,2.25,2.90,2.75,3.55,22403.85,2.90,460200,350000,135235,70670783650.00,21605,F1,25,,,,,
2024-05-16,2024-05-16,FO,NSE,IDO,64180,,NIFTY,,2024-06-27,2024-06-27,21350.00,CE,NIFTY24JUN21350CE,1305.65,1305.65,1247.80,1247.80,1247.80,1310.90,22403.85,1295.35,1075,100,5,2826171.25,3,F1,25,,,,,
2024-05-16,2024-05-16,FO,NSE,IDO,43671,,NIFTY,,2024-06-13,2024-06-13,21350.00,CE,NIFTY2461321350CE,0.00,0.00,0.00,872.05,0.00,872.05,22403.85,1204.35,0,0,0,0.00,0,F1,25,,,,,
2024-05-16,2024-05-16,FO,NSE,IDO,36932,,NIFTY,,2024-06-06,2024-06-06,21350.00,CE,NIFTY2460621350CE,0.00,0.00,0.00,1476.75,0.00,1476.75,22403.85,1161.30,0,0,0,0.00,0,F1,25,,,,,
2024-05-16,2024-05-16,FO,NSE,IDO,51629,,NIFTY,,2024-05-16,2024-05-16,21350.00,CE,NIFTY2451621350CE,870.25,1053.35,709.25,1053.35,1053.35,857.25,22403.85,22403.85,4500,-25,52,28788402.50,30,F1,25,,,,,
2024-05-16,2024-05-16,FO,NSE,IDO,64702,,NIFTY,,2024-07-25,2024-07-25,21350.00,PE,NIFTY24JUL21350PE,0.00,0.00,0.00,123.15,0.00,123.15,22403.85,114.25,0,0,0,0.00,0,F1,25,,,,,
2024-05-16,2024-05-16,FO,NSE,IDO,40086,,NIFTY,,2024-12-26,2024-12-26,15000.00,CE,NIFTY24DEC15000CE,0.00,0.00,0.00,7000.00,7000.00,7000.00,22403.85,8060.15,2575,0,0,0.00,0,F1,25,,,,,
2024-05-16,2024-05-16,FO,NSE,IDO,56907,,NIFTY,,2024-05-30,2024-05-30,22250.00,CE,NIFTY24MAY22250CE,293.05,366.00,205.40,342.85,355.50,258.20,22403.85,342.85,152925,-35625,50470,28414357522.50,16016,F1,25,,,,,
2024-05-16,2024-05-16,FO,NSE,IDO,51655,,NIFTY,,2024-05-16,2024-05-16,21750.00,CE,NIFTY2451621750CE,533.95,661.35,289.30,650.75,653.40,465.75,22403.85,22403.85,85625,-21375,11850,6567186035.00,6325,F1,25,,,,,
2024-05-16,2024-05-16,FO,NSE,IDO,64344,,NIFTY,,2024-06-27,2024-06-27,23150.00,CE,NIFTY24JUN23150CE,275.00,329.85,253.55,314.25,329.85,286.40,22403.85,314.25,5950,1250,157,91984041.25,33,F1,25,,,,,
2024-05-16,2024-05-16,FO,NSE,IDO,64345,,NIFTY,,2024-06-27,2024-06-27,23150.00,PE,NIFTY24JUN23150PE,992.20,992.20,992.20,992.20,992.20,1061.05,22403.85,768.40,1075,50,2,1207110.00,2,F1,25,,,,,
2024-05-16,2024-05-16,FO,NSE,IDO,65376,,NIFTY,,2024-07-25,2024-07-25,24400.00,CE,NIFTY24JUL24400CE,109.55,120.15,92.70,116.45,120.15,103.10,22403.85,116.45,184225,4475,2062,1263192200.00,1522,F1,25,,,,,
2024-05-16,2024-05-16,FO,NSE,IDO,56993,,NIFTY,,2024-05-30,2024-05-30,24400.00,CE,NIFTY24MAY24400CE,3.05,3.05,2.50,2.70,2.60,3.15,22403.85,2.70,50750,9650,1900,1159128811.25,204,F1,25,,,,,
2024-05-16,2024-05-16,FO,NSE,IDO,51864,,NIFTY,,2024-05-16,2024-05-16,24400.00,CE,NIFTY2451624400CE,0.15,0.20,0.05,0.05,0.05,0.25,22403.85,22403.85,689125,-373325,93211,56858894447.50,4976,F1,25,,,,,
2024-05-16,2024-05-16,FO,NSE,IDO,51716,,NIFTY,,2024-05-16,2024-05-16,22950.00,PE,NIFTY2451622950PE,666.05,892.50,535.95,547.30,546.45,740.10,22403.85,22403.85,6050,1075,460,271498432.50,268,F1,25,,,,,
2024-05-16,2024-05-16,FO,NSE,IDO,38688,,NIFTY,,2024-05-23,2024-05-23,21650.00,PE,NIFTY2452321650PE,23.75,45.15,10.20,12.05,10.30,24.25,22403.85,12.05,303575,74825,121912,66055113540.00,28717,F1,25,,,,,
2024-05-16,2024-05-16,FO,NSE,IDO,37102,,NIFTY,,2024-06-06,2024-06-06,22950.00,PE,NIFTY2460622950PE,0.00,0.00,0.00,477.50,0.00,477.50,22403.85,586.60,0,0,0,0.00,0,F1,25,,,,,
2024-05-16,2024-05-16,FO,NSE,IDO,64832,,NIFTY,,2024-07-25,2024-07-25,21650.00,PE,NIFTY24JUL21650PE,0.00,0.00,0.00,177.80,0.00,177.80,22403.85,172.70,0,0,0,0.00,0,F1,25,,,,,
2024-05-16,2024-05-16,FO,NSE,IDO,65049,,NIFTY,,2024-07-25,2024-07-25,22950.00,CE,NIFTY24JUL22950CE,450.90,507.50,450.90,507.50,507.50,495.55,22403.85,454.40,950,150,6,3515737.50,3,F1,25,,,,,
2024-05-16,2024-05-16,FO,NSE,IDO,65092,,NIFTY,,2024-07-25,2024-07-25,22950.00,PE,NIFTY24JUL22950PE,0.00,0.00,0.00,912.45,912.45,912.45,22403.85,681.95,100,0,0,0.00,0,F1,25,,,,,
2024-05-16,2024-05-16,FO,NSE,IDO,51652,,NIFTY,,2024-05-16,2024-05-16,21650.00,PE,NIFTY2451621650PE,0.70,0.90,0.05,0.20,0.05,1.30,22403.85,22403.85,2239125,738975,3084434,1669473456972.50,261307,F1,25,,,,,
2024-05-16,2024-05-16,FO,NSE,IDO,56884,,NIFTY,,2024-05-30,2024-05-30,21650.00,PE,NIFTY24MAY21650PE,50.00,88.00,30.35,35.00,30.40,58.55,22403.85,35.00,134300,-17000,15712,8524242581.25,5493,F1,25,,,,,
2024-05-16,2024-05-16,FO,NSE,IDO,64266,,NIFTY,,2024-06-27,2024-06-27,22050.00,PE,NIFTY24JUN22050PE,424.60,513.10,372.10,388.60,375.50,462.10,22403.85,388.60,7275,-350,322,181044313.75,110,F1,25,,,,,
2024-05-16,2024-05-16,FO,NSE,IDO,56900,,NIFTY,,2024-05-30,2024-05-30,22050.00,PE,NIFTY24MAY22050PE,124.15,204.05,77.15,88.65,80.00,147.00,22403.85,88.65,121600,2950,23663,13125866101.25,7976,F1,25,,,,,
2024-05-16,2024-05-16,FO,NSE,IDO,51705,,NIFTY,,2024-05-16,2024-05-16,22700.00,CE,NIFTY2451622700CE,0.65,1.50,0.05,0.10,0.05,0.80,22403.85,22403.85,5732725,282600,4830066,2741116091970.00,371997,F1,25,,,,,
2024-05-16,2024-05-16,FO,NSE,IDO,38779,,NIFTY,,2024-05-23,2024-05-23,22700.00,PE,NIFTY2452322700PE,407.70,592.10,301.00,318.90,311.20,474.60,22403.85,318.90,94950,61275,14531,8394441041.25,4165,F1,25,,,,,
2024-05-16,2024-05-16,FO,NSE,IDO,43897,,NIFTY,,2024-06-13,2024-06-13,22700.00,CE,NIFTY2461322700CE,345.45,438.45,345.45,431.15,431.35,166.65,22403.85,431.15,900,900,45,26001200.00,12,F1,25,,,,,
2024-05-16,2024-05-16,FO,NSE,IDO,51706,,NIFTY,,2024-05-16,2024-05-16,22700.00,PE,NIFTY2451622700PE,427.65,660.50,283.05,301.95,296.10,486.40,22403.85,22403.85,63325,-29675,15283,8827905955.00,6889,F1,25,,,,,
2024-05-16,2024-05-16,FO,NSE,IDO,64300,,NIFTY,,2024-06-27,2024-06-27,22700.00,CE,NIFTY24JUN22700CE,493.60,525.00,408.55,509.85,517.35,459.15,22403.85,509.85,140150,10025,2410,1395983626.25,1107,F1,25,,,,,
2024-05-16,2024-05-16,FO,NSE,IDO,43963,,NIFTY,,2024-06-13,2024-06-13,23050.00,PE,NIFTY2461323050PE,0.00,0.00,0.00,1023.70,0.00,1023.70,22403.85,676.60,0,0,0,0.00,0,F1,25,,,,,
2024-05-16,2024-05-16,FO,NSE,IDO,51719,,NIFTY,,2024-05-16,2024-05-16,23050.00,CE,NIFTY2451623050CE,0.35,0.40,0.05,0.05,0.05,0.45,22403.85,22403.85,482350,6400,259135,149327652043.75,23710,F1,25,,,,,
2024-05-16,2024-05-16,FO,NSE,IDO,51720,,NIFTY,,2024-05-16,2024-05-16,23050.00,PE,NIFTY2451623050PE,839.50,1011.20,638.85,649.00,646.95,817.35,22403.85,22403.85,3125,475,178,105986136.25,116,F1,25,,,,,
2024-05-16,2024-05-16,FO,NSE,IDO,56939,,NIFTY,,2024-05-30,2024-05-30,23050.00,CE,NIFTY24MAY23050CE,30.20,39.35,18.55,35.65,36.85,25.20,22403.85,35.65,127925,13975,27588,15915276260.00,6691,F1,25,,,,,
2024-05-16,2024-05-16,FO,NSE,IDO,37192,,NIFTY,,2024-06-06,2024-06-06,23850.00,PE,NIFTY2460623850PE,0.00,0.00,0.00,1120.40,0.00,1120.40,22403.85,1363.35,0,0,0,0.00,0,F1,25,,,,,
2024-05-16,2024-05-16,FO,NSE,IDO,43650,,NIFTY,,2024-06-13,2024-06-13,21150.00,PE,NIFTY2461321150PE,0.00,0.00,0.00,77.85,0.00,77.85,22403.85,20.25,0,0,0,0.00,0,F1,25,,,,,
2024-05-16,2024-05-16,FO,NSE,IDO,38633,,NIFTY,,2024-05-23,2024-05-23,21150.00,CE,NIFTY2452321150CE,1069.50,1230.00,985.00,1230.00,1230.00,1110.15,22403.85,1230.00,350,100,30,16703256.25,17,F1,25,,,,,
2024-05-16,2024-05-16,FO,NSE,IDO,56864,,NIFTY,,2024-05-30,2024-05-30,21150.00,PE,NIFTY24MAY21150PE,19.00,30.00,12.15,14.05,13.05,19.95,22403.85,14.05,62100,3200,4665,2468627945.00,1490,F1,25,,,,,
2024-05-16,2024-05-16,FO,NSE,IDO,38634,,NIFTY,,2024-05-23,2024-05-23,21150.00,PE,NIFTY2452321150PE,4.95,8.90,3.50,4.30,4.20,5.35,22403.85,4.30,212125,155825,68024,35976574370.00,13803,F1,25,,,,,
2024-05-16,2024-05-16,FO,NSE,IDO,64079,,NIFTY,,2024-06-27,2024-06-27,20200.00,PE,NIFTY24JUN20200PE,0.00,0.00,0.00,21.05,21.05,21.05,22403.85,3.65,550,0,0,0.00,0,F1,25,,,,,
2024-05-16,2024-05-16,FO,NSE,IDO,56826,,NIFTY,,2024-05-30,2024-05-30,20200.00,PE,NIFTY24MAY20200PE,3.80,8.00,3.25,4.25,4.00,4.95,22403.85,4.25,211250,50250,21269,10743615528.75,3712,F1,25,,,,,
2024-05-16,2024-05-16,FO,NSE,IDO,43555,,NIFTY,,2024-06-13,2024-06-13,20200.00,PE,NIFTY2461320200PE,0.00,0.00,0.00,6.90,0.00,6.90,22403.85,0.75,0,0,0,0.00,0,F1,25,,,,,
2024-05-16,2024-05-16,FO,NSE,IDO,51559,,NIFTY,,2024-05-16,2024-05-16,20200.00,CE,NIFTY2451620200CE,2004.50,2137.70,1752.95,1752.95,1752.95,2092.90,22403.85,22403.85,100,100,10,5539292.50,6,F1,25,,,,,
2024-05-16,2024-05-16,FO,NSE,IDO,64147,,NIFTY,,2024-07-25,2024-07-25,20200.00,PE,NIFTY24JUL20200PE,110.00,128.00,94.25,96.45,94.25,121.15,22403.85,96.45,64900,27600,1854,941350383.75,678,F1,25,,,,,
2024-05-16,2024-05-16,FO,NSE,IDO,35867,,NIFTY,,2024-06-06,2024-06-06,20200.00,PE,NIFTY2460620200PE,0.00,0.00,0.00,0.95,0.00,0.95,22403.85,0.20,0,0,0,0.00,0,F1,25,,,,,
2024-05-16,2024-05-16,FO,NSE,IDO,38703,,NIFTY,,2024-05-23,2024-05-23,21750.00,PE,NIFTY2452321750PE,34.65,62.05,13.55,16.40,15.95,34.45,22403.85,16.40,347925,151050,164330,89485838318.75,42244,F1,25,,,,,
2024-05-16,2024-05-16,FO,NSE,IDO,56888,,NIFTY,,2024-05-30,2024-05-30,21750.00,PE,NIFTY24MAY21750PE,53.55,109.30,37.80,43.90,38.75,73.55,22403.85,43.90,228425,475,27460,14976245668.75,8651,F1,25,,,,,
2024-05-16,2024-05-16,FO,NSE,IDO,38702,,NIFTY,,2024-05-23,2024-05-23,21750.00,CE,NIFTY2452321750CE,579.90,705.40,431.00,675.45,694.35,527.30,22403.85,675.45,11650,4700,718,400246238.75,301,F1,25,,,,,
2024-05-16,2024-05-16,FO,NSE,IDO,64256,,NIFTY,,2024-06-27,2024-06-27,21750.00,PE,NIFTY24JUN21750PE,271.25,398.15,271.25,303.60,293.00,361.60,22403.85,303.60,6325,300,42,23176882.50,27,F1,25,,,,,
2024-05-16,2024-05-16,FO,NSE,IDO,43580,,NIFTY,,2024-06-13,2024-06-13,20450.00,PE,NIFTY2461320450PE,0.00,0.00,0.00,14.35,0.00,14.35,22403.85,2.00,0,0,0,0.00,0,F1,25,,,,,
2024-05-16,2024-05-16,FO,NSE,IDO,36954,,NIFTY,,2024-06-06,2024-06-06,21600.00,PE,NIFTY2460621600PE,136.65,194.25,136.65,175.65,184.90,123.65,22403.85,175.65,525,225,16,8710256.25,15,F1,25,,,,,
2024-05-16,2024-05-16,FO,NSE,IDO,51650,,NIFTY,,2024-05-16,2024-05-16,21600.00,PE,NIFTY2451621600PE,0.55,0.70,0.05,0.15,0.05,1.10,22403.85,22403.85,2869750,292900,3020143,1630897495492.50,244830,F1,25,,,,,
2024-05-16,2024-05-16,FO,NSE,IDO,36953,,NIFTY,,2024-06-06,2024-06-06,21600.00,CE,NIFTY2460621600CE,0.00,0.00,0.00,946.75,946.75,946.75,22403.85,935.05,100,0,0,0.00,0,F1,25,,,,,
2024-05-16,2024-05-16,FO,NSE,IDO,86146,,NIFTY,,2028-06-29,2028-06-29,21000.00,PE,NIFTY28JUN21000PE,0.00,0.00,0.00,907.20,0.00,907.20,22403.85,265.95,0,0,0,0.00,0,F1,25,,,,,
2024-05-16,2024-05-16,FO,NSE,IDO,36898,,NIFTY,,2024-06-06,2024-06-06,21000.00,CE,NIFTY2460621000CE,1475.00,1625.85,1348.00,1586.40,1625.85,1447.25,22403.85,1586.40,3950,1825,194,109062510.00,59,F1,25,,,,,
2024-05-16,2024-05-16,FO,NSE,IDO,64560,,NIFTY,,2025-03-27,2025-03-27,21000.00,CE,NIFTY25MAR21000CE,0.00,0.00,0.00,3110.65,0.00,3110.65,22403.85,2933.25,0,0,0,0.00,0,F1,25,,,,,
2024-05-16,2024-05-16,FO,NSE,IDO,65879,,NIFTY,,2024-09-26,2024-09-26,21000.00,CE,NIFTY24SEP21000CE,1950.00,1950.00,1950.00,1950.00,1950.00,1960.00,22403.85,2091.35,250,-75,3,1721250.00,1,F1,25,,,,,
2024-05-16,2024-05-16,FO,NSE,IDO,38624,,NIFTY,,2024-05-23,2024-05-23,21000.00,PE,NIFTY2452321000PE,3.60,6.05,2.60,3.35,2.75,4.10,22403.85,3.35,3347425,2254925,535479,281177452592.50,58722,F1,25,,,,,
2024-05-16,2024-05-16,FO,NSE,IDO,38623,,NIFTY,,2024-05-23,2024-05-23,21000.00,CE,NIFTY2452321000CE,1329.95,1440.00,1130.00,1418.25,1440.00,1244.40,22403.85,1418.25,26400,14450,1005,559804566.25,431,F1,25,,,,,
2024-05-16,2024-05-16,FO,NSE,IDO,51453,,NIFTY,,2026-06-25,2026-06-25,21000.00,CE,NIFTY26JUN21000CE,0.00,0.00,0.00,3881.90,0.00,3881.90,22403.85,4708.95,0,0,0,0.00,0,F1,25,,,,,
2024-05-16,2024-05-16,FO,NSE,IDO,50498,,NIFTY,,2026-06-25,2026-06-25,17000.00,PE,NIFTY26JUN17000PE,0.00,0.00,0.00,2627.25,0.00,2627.25,22403.85,25.95,0,0,0,0.00,0,F1,25,,,,,
2024-05-16,2024-05-16,FO,NSE,IDO,38857,,NIFTY,,2024-05-23,2024-05-23,23350.00,PE,NIFTY2452323350PE,1064.65,1064.65,914.75,932.40,914.75,1098.30,22403.85,932.40,1575,575,25,15228415.00,20,F1,25,,,,,
2024-05-16,2024-05-16,FO,NSE,IDO,43987,,NIFTY,,2024-06-13,2024-06-13,23350.00,CE,NIFTY2461323350CE,0.00,0.00,0.00,52.00,0.00,52.00,22403.85,89.05,0,0,0,0.00,0,F1,25,,,,,
2024-05-16,2024-05-16,FO,NSE,IDO,64357,,NIFTY,,2024-06-27,2024-06-27,23350.00,PE,NIFTY24JUN23350PE,1095.00,1097.75,1083.80,1083.80,1083.80,1168.65,22403.85,914.50,1950,450,18,10998290.00,9,F1,25,,,,,
2024-05-16,2024-05-16,FO,NSE,IDO,56951,,NIFTY,,2024-05-30,2024-05-30,23350.00,CE,NIFTY24MAY23350CE,12.20,14.40,7.70,12.35,12.35,10.25,22403.85,12.35,61875,-3125,9662,5642706192.50,3050,F1,25,,,,,
2024-05-16,2024-05-16,FO,NSE,IDO,37145,,NIFTY,,2024-06-06,2024-06-06,23350.00,CE,NIFTY2460623350CE,0.00,0.00,0.00,192.35,0.00,192.35,22403.85,54.75,0,0,0,0.00,0,F1,25,,,,,
2024-05-16,2024-05-16,FO,NSE,IDO,51731,,NIFTY,,2024-05-16,2024-05-16,23350.00,CE,NIFTY2451623350CE,0.30,0.30,0.05,0.05,0.05,0.35,22403.85,22403.85,282025,79725,62531,36502655088.75,8807,F1,25,,,,,
2024-05-16,2024-05-16,FO,NSE,IDO,65201,,NIFTY,,2024-07-25,2024-07-25,23350.00,CE,NIFTY24JUL23350CE,0.00,0.00,0.00,310.85,310.85,310.85,22403.85,308.30,200,0,0,0.00,0,F1,25,,,,,
2024-05-16,2024-05-16,FO,NSE,IDO,71399,,NIFTY,,2025-12-24,2025-12-24,26000.00,CE,NIFTY25DEC26000CE,850.00,850.00,850.00,850.00,850.00,830.00,22403.85,1305.00,75,25,1,671250.00,1,F1,25,,,,,
2024-05-16,2024-05-16,FO,NSE,IDO,86162,,NIFTY,,2028-06-29,2028-06-29,26000.00,PE,NIFTY28JUN26000PE,0.00,0.00,0.00,2370.30,0.00,2370.30,22403.85,1140.40,0,0,0,0.00,0,F1,25,,,,,
2024-05-16,2024-05-16,FO,NSE,IDO,53628,,NIFTY,,2027-12-30,2027-12-30,26000.00,CE,NIFTY27DEC26000CE,0.00,0.00,0.00,3162.40,0.00,3162.40,22403.85,3709.90,0,0,0,0.00,0,F1,25,,,,,
2024-05-16,2024-05-16,FO,NSE,IDO,67787,,NIFTY,,2028-12-28,2028-12-28,26000.00,PE,NIFTY28DEC26000PE,0.00,0.00,0.00,1160.95,0.00,1160.95,22403.85,1026.45,0,0,0,0.00,0,F1,25,,,,,
2024-05-16,2024-05-16,FO,NSE,IDO,71309,,NIFTY,,2024-06-27,2024-06-27,26000.00,PE,NIFTY24JUN26000PE,3536.75,3650.00,3358.05,3400.05,3361.00,3556.70,22403.85,3400.05,96375,-15650,1763,1301164170.00,381,F1,25,,,,,
2024-05-16,2024-05-16,FO,NSE,IDO,65913,,NIFTY,,2024-09-26,2024-09-26,26000.00,CE,NIFTY24SEP26000CE,68.90,78.00,60.00,73.40,66.05,69.35,22403.85,73.40,32575,1325,198,129040625.00,75,F1,25,,,,,
2024-05-16,2024-05-16,FO,NSE,IDO,65914,,NIFTY,,2024-09-26,2024-09-26,26000.00,PE,NIFTY24SEP26000PE,0.00,0.00,0.00,4801.50,0.00,4801.50,22403.85,2986.60,0,0,0,0.00,0,F1,25,,,,,
2024-05-16,2024-05-16,FO,NSE,IDO,71364,,NIFTY,,2024-12-26,2024-12-26,26000.00,CE,NIFTY24DEC26000CE,175.05,200.25,170.20,195.75,198.85,177.00,22403.85,195.75,219100,3300,725,474570855.00,276,F1,25,,,,,
2024-05-16,2024-05-16,FO,NSE,IDO,71383,,NIFTY,,2025-06-26,2025-06-26,26000.00,CE,NIFTY25JUN26000CE,0.00,0.00,0.00,811.85,0.00,811.85,22403.85,742.95,0,0,0,0.00,0,F1,25,,,,,
2024-05-16,2024-05-16,FO,NSE,IDO,71403,,NIFTY,,2025-12-24,2025-12-24,26000.00,PE,NIFTY25DEC26000PE,0.00,0.00,0.00,6993.25,0.00,6993.25,22403.85,2024.85,0,0,0,0.00,0,F1,25,,,,,
2024-05-16,2024-05-16,FO,NSE,IDO,86161,,NIFTY,,2028-06-29,2028-06-29,26000.00,CE,NIFTY28JUN26000CE,0.00,0.00,0.00,3200.90,0.00,3200.90,22403.85,4294.25,0,0,0,0.00,0,F1,25,,,,,
2024-05-16,2024-05-16,FO,NSE,IDO,71565,,NIFTY,,2027-06-24,2027-06-24,26000.00,PE,NIFTY27JUN26000PE,0.00,0.00,0.00,6202.20,0.00,6202.20,22403.85,1421.85,0,0,0,0.00,0,F1,25,,,,,
2024-05-16,2024-05-16,FO,NSE,IDO,64156,,NIFTY,,2024-07-25,2024-07-25,20350.00,PE,NIFTY24JUL20350PE,0.00,0.00,0.00,28.10,0.00,28.10,22403.85,20.80,0,0,0,0.00,0,F1,25,,,,,
2024-05-16,2024-05-16,FO,NSE,IDO,56832,,NIFTY,,2024-05-30,2024-05-30,20350.00,PE,NIFTY24MAY20350PE,5.00,8.20,3.90,4.60,3.90,5.35,22403.85,4.60,8650,150,227,115520281.25,65,F1,25,,,,,
2024-05-16,2024-05-16,FO,NSE,IDO,64093,,NIFTY,,2024-06-27,2024-06-27,20350.00,PE,NIFTY24JUN20350PE,0.00,0.00,0.00,40.00,0.00,40.00,22403.85,5.65,0,0,0,0.00,0,F1,25,,,,,
2024-05-16,2024-05-16,FO,NSE,IDO,43574,,NIFTY,,2024-06-13,2024-06-13,20350.00,PE,NIFTY2461320350PE,0.00,0.00,0.00,10.80,0.00,10.80,22403.85,1.35,0,0,0,0.00,0,F1,25,,,,,
2024-05-16,2024-05-16,FO,NSE,IDO,56982,,NIFTY,,2024-05-30,2024-05-30,24100.00,PE,NIFTY24MAY24100PE,1664.10,1667.35,1649.80,1657.60,1650.10,1811.05,22403.85,1657.60,2650,500,20,12878792.50,10,F1,25,,,,,
2024-05-16,2024-05-16,FO,NSE,IDO,37206,,NIFTY,,2024-06-06,2024-06-06,24100.00,PE,NIFTY2460624100PE,0.00,0.00,0.00,1337.20,0.00,1337.20,22403.85,1604.70,0,0,0,0.00,0,F1,25,,,,,
2024-05-16,2024-05-16,FO,NSE,IDO,51804,,NIFTY,,2024-05-16,2024-05-16,24100.00,PE,NIFTY2451624100PE,0.00,0.00,0.00,1934.10,1934.10,1934.10,22403.85,22403.85,1550,0,0,0.00,0,F1,25,,,,,
2024-05-16,2024-05-16,FO,NSE,IDO,58629,,NIFTY,,2026-12-31,2026-12-31,12000.00,PE,NIFTY26DEC12000PE,0.00,0.00,0.00,250.10,250.10,250.10,22403.85,0.20,600,0,0,0.00,0,F1,25,,,,,
2024-05-16,2024-05-16,FO,NSE,IDO,86165,,NIFTY,,2028-06-29,2028-06-29,28000.00,CE,NIFTY28JUN28000CE,0.00,0.00,0.00,2596.45,0.00,2596.45,22403.85,3407.40,0,0,0,0.00,0,F1,25,,,,,
2024-05-16,2024-05-16,FO,NSE,IDO,50549,,NIFTY,,2027-06-24,2027-06-24,28000.00,CE,NIFTY27JUN28000CE,0.00,0.00,0.00,2186.30,0.00,2186.30,22403.85,2276.25,0,0,0,0.00,0,F1,25,,,,,
2024-05-16,2024-05-16,FO,NSE,IDO,64578,,NIFTY,,2025-03-27,2025-03-27,28000.00,CE,NIFTY25MAR28000CE,0.00,0.00,0.00,264.00,0.00,264.00,22403.85,177.70,0,0,0,0.00,0,F1,25,,,,,
2024-05-16,2024-05-16,FO,NSE,IDO,65918,,NIFTY,,2024-09-26,2024-09-26,28000.00,PE,NIFTY24SEP28000PE,0.00,0.00,0.00,6582.80,0.00,6582.80,22403.85,4870.40,0,0,0,0.00,0,F1,25,,,,,
2024-05-16,2024-05-16,FO,NSE,IDO,50546,,NIFTY,,2026-06-25,2026-06-25,28000.00,PE,NIFTY26JUN28000PE,0.00,0.00,0.00,6532.55,0.00,6532.55,22403.85,2821.80,0,0,0,0.00,0,F1,25,,,,,
2024-05-16,2024-05-16,FO,NSE,IDO,51573,,NIFTY,,2024-05-16,2024-05-16,20450.00,CE,NIFTY2451620450CE,0.00,0.00,0.00,1684.60,1684.60,1684.60,22403.85,22403.85,1400,0,0,0.00,0,F1,25,,,,,
2024-05-16,2024-05-16,FO,NSE,IDO,43578,,NIFTY,,2024-06-13,2024-06-13,20450.00,CE,NIFTY2461320450CE,0.00,0.00,0.00,1664.50,0.00,1664.50,22403.85,2066.65,0,0,0,0.00,0,F1,25,,,,,
2024-05-16,2024-05-16,FO,NSE,IDO,56836,,NIFTY,,2024-05-30,2024-05-30,20450.00,PE,NIFTY24MAY20450PE,6.25,9.85,4.55,5.00,5.80,6.05,22403.85,5.00,11350,325,249,127341190.00,56,F1,25,,,,,
2024-05-16,2024-05-16,FO,NSE,IDO,56882,,NIFTY,,2024-05-30,2024-05-30,21600.00,PE,NIFTY24MAY21600PE,43.05,79.55,27.05,31.15,28.00,53.10,22403.85,31.15,1116325,44050,110190,59630268220.00,31212,F1,25,,,,,
2024-05-16,2024-05-16,FO,NSE,IDO,64827,,NIFTY,,2024-07-25,2024-07-25,21600.00,CE,NIFTY24JUL21600CE,1304.65,1408.45,1304.65,1408.15,1407.80,1181.65,22403.85,1408.15,775,100,18,10348490.00,9,F1,25,,,,,
2024-05-16,2024-05-16,FO,NSE,IDO,43926,,NIFTY,,2024-06-13,2024-06-13,22850.00,PE,NIFTY2461322850PE,0.00,0.00,0.00,863.55,0.00,863.55,22403.85,539.70,0,0,0,0.00,0,F1,25,,,,,
2024-05-16,2024-05-16,FO,NSE,IDO,51733,,NIFTY,,2024-05-16,2024-05-16,23400.00,CE,NIFTY2451623400CE,0.20,0.25,0.05,0.05,0.05,0.30,22403.85,22403.85,805100,-78275,151364,88548389211.25,11754,F1,25,,,,,
2024-05-16,2024-05-16,FO,NSE,IDO,65205,,NIFTY,,2024-07-25,2024-07-25,23400.00,CE,NIFTY24JUL23400CE,333.30,384.00,305.00,367.00,384.00,333.30,22403.85,367.00,2650,-50,5,2967582.50,5,F1,25,,,,,
2024-05-16,2024-05-16,FO,NSE,IDO,38602,,NIFTY,,2024-05-23,2024-05-23,20650.00,PE,NIFTY2452320650PE,2.90,3.50,1.75,2.15,1.80,2.90,22403.85,2.15,19900,9375,5799,2994056017.50,849,F1,25,,,,,
2024-05-16,2024-05-16,FO,NSE,IDO,38600,,NIFTY,,2024-05-23,2024-05-23,20650.00,CE,NIFTY2452320650CE,1756.65,1771.35,1749.70,1758.20,1755.95,1615.00,22403.85,1758.20,1750,500,45,25209226.25,19,F1,25,,,,,
2024-05-16,2024-05-16,FO,NSE,IDO,64400,,NIFTY,,2024-07-25,2024-07-25,20650.00,PE,NIFTY24JUL20650PE,0.00,0.00,0.00,45.75,0.00,45.75,22403.85,36.75,0,0,0,0.00,0,F1,25,,,,,
2024-05-16,2024-05-16,FO,NSE,IDO,36948,,NIFTY,,2024-06-06,2024-06-06,21500.00,PE,NIFTY2460621500PE,200.00,244.30,152.00,162.20,158.45,212.30,22403.85,162.20,262450,32375,10965,5945606363.75,4027,F1,25,,,,,
2024-05-16,2024-05-16,FO,NSE,IDO,64396,,NIFTY,,2024-06-27,2024-06-27,23750.00,CE,NIFTY24JUN23750CE,146.00,155.75,118.25,150.85,155.05,134.55,22403.85,150.85,6875,2975,250,149286007.50,57,F1,25,,,,,
2024-05-16,2024-05-16,FO,NSE,IDO,43692,,NIFTY,,2024-06-13,2024-06-13,21500.00,PE,NIFTY2461321500PE,245.75,275.00,183.30,192.30,187.00,240.00,22403.85,192.30,8775,4300,541,293899077.50,227,F1,25,,,,,
2024-05-16,2024-05-16,FO,NSE,IDO,37070,,NIFTY,,2024-06-06,2024-06-06,22700.00,CE,NIFTY2460622700CE,330.00,385.00,290.00,368.25,380.00,323.15,22403.85,368.25,21450,3950,860,495137151.25,388,F1,25,,,,,
2024-05-16,2024-05-16,FO,NSE,IDO,43898,,NIFTY,,2024-06-13,2024-06-13,22700.00,PE,NIFTY2461322700PE,0.00,0.00,0.00,750.80,0.00,750.80,22403.85,447.65,0,0,0,0.00,0,F1,25,,,,,
2024-05-16,2024-05-16,FO,NSE,IDO,51603,,NIFTY,,2024-05-16,2024-05-16,20950.00,CE,NIFTY2451620950CE,1267.80,1267.80,1127.70,1127.70,1127.70,1257.90,22403.85,22403.85,1550,-125,5,2766718.75,3,F1,25,,,,,
2024-05-16,2024-05-16,FO,NSE,IDO,56855,,NIFTY,,2024-05-30,2024-05-30,20950.00,CE,NIFTY24MAY20950CE,1320.00,1375.55,1320.00,1375.55,1375.55,1358.45,22403.85,1511.90,2650,700,28,15599710.00,5,F1,25,,,,,
2024-05-16,2024-05-16,FO,NSE,IDO,64454,,NIFTY,,2024-07-25,2024-07-25,20950.00,CE,NIFTY24JUL20950CE,1912.10,1921.30,1912.10,1918.50,1921.30,1784.85,22403.85,1918.50,1475,650,26,14864522.50,13,F1,25,,,,,
2024-05-16,2024-05-16,FO,NSE,IDO,36897,,NIFTY,,2024-06-06,2024-06-06,20950.00,PE,NIFTY2460620950PE,0.00,0.00,0.00,10.40,0.00,10.40,22403.85,5.10,0,0,0,0.00,0,F1,25,,,,,
2024-05-16,2024-05-16,FO,NSE,IDO,35868,,NIFTY,,2024-06-06,2024-06-06,20250.00,CE,NIFTY2460620250CE,0.00,0.00,0.00,2540.55,0.00,2540.55,22403.85,2236.40,0,0,0,0.00,0,F1,25,,,,,
2024-05-16,2024-05-16,FO,NSE,IDO,38848,,NIFTY,,2024-05-23,2024-05-23,23250.00,PE,NIFTY2452323250PE,953.90,953.90,796.65,796.65,796.65,967.55,22403.85,796.65,1200,300,22,13272732.50,9,F1,25,,,,,
2024-05-16,2024-05-16,FO,NSE,IDO,56948,,NIFTY,,2024-05-30,2024-05-30,23250.00,PE,NIFTY24MAY23250PE,903.75,1017.85,903.75,936.35,936.35,978.60,22403.85,816.75,17175,325,17,10283088.75,11,F1,25,,,,,
2024-05-16,2024-05-16,FO,NSE,IDO,56823,,NIFTY,,2024-05-30,2024-05-30,20150.00,CE,NIFTY24MAY20150CE,2191.95,2232.45,2191.95,2230.00,2230.00,2119.70,22403.85,2308.50,1625,150,6,3355220.00,3,F1,25,,,,,
2024-05-16,2024-05-16,FO,NSE,IDO,64272,,NIFTY,,2024-06-27,2024-06-27,22200.00,PE,NIFTY24JUN22200PE,509.60,573.00,418.10,434.85,425.55,513.55,22403.85,434.85,237050,-12525,11574,6566633926.25,4221,F1,25,,,,,
2024-05-16,2024-05-16,FO,NSE,IDO,56928,,NIFTY,,2024-05-30,2024-05-30,22750.00,PE,NIFTY24MAY22750PE,451.00,636.00,373.20,389.85,378.85,533.85,22403.85,389.85,70025,-2925,1363,791643885.00,461,F1,25,,,,,
2024-05-16,2024-05-16,FO,NSE,IDO,64310,,NIFTY,,2024-06-27,2024-06-27,22750.00,CE,NIFTY24JUN22750CE,376.00,495.35,376.00,481.35,491.05,430.00,22403.85,481.35,12850,1650,183,106109070.00,84,F1,25,,,,,
2024-05-16,2024-05-16,FO,NSE,IDO,64235,,NIFTY,,2024-06-27,2024-06-27,21600.00,CE,NIFTY24JUN21600CE,1104.95,1237.65,1030.00,1226.25,1237.65,1110.00,22403.85,1226.25,5000,175,27,15357016.25,12,F1,25,,,,,
2024-05-16,2024-05-16,FO,NSE,IDO,37749,,NIFTY,,2025-06-26,2025-06-26,23000.00,CE,NIFTY25JUN23000CE,0.00,0.00,0.00,2003.65,0.00,2003.65,22403.85,1990.55,0,0,0,0.00,0,F1,25,,,,,
2024-05-16,2024-05-16,FO,NSE,IDO,38826,,NIFTY,,2024-05-23,2024-05-23,23000.00,CE,NIFTY2452323000CE,7.50,10.50,3.25,8.45,9.90,6.25,22403.85,8.45,3274600,2049000,769725,442701921706.25,113884,F1,25,,,,,
2024-05-16,2024-05-16,FO,NSE,IDO,37724,,NIFTY,,2024-12-26,2024-12-26,23000.00,CE,NIFTY24DEC23000CE,1122.45,1199.95,1060.00,1181.60,1190.00,1100.35,22403.85,1181.60,394650,5425,1592,960294313.75,763,F1,25,,,,,
2024-05-16,2024-05-16,FO,NSE,IDO,65233,,NIFTY,,2024-07-25,2024-07-25,23550.00,CE,NIFTY24JUL23550CE,0.00,0.00,0.00,299.95,299.95,299.95,22403.85,250.05,1725,0,0,0.00,0,F1,25,,,,,
2024-05-16,2024-05-16,FO,NSE,IDO,53618,,NIFTY,,2027-12-30,2027-12-30,23000.00,CE,NIFTY27DEC23000CE,0.00,0.00,0.00,4125.70,0.00,4125.70,22403.85,5308.70,0,0,0,0.00,0,F1,25,,,,,
2024-05-16,2024-05-16,FO,NSE,IDO,37171,,NIFTY,,2024-06-06,2024-06-06,23550.00,CE,NIFTY2460623550CE,0.00,0.00,0.00,58.55,58.55,58.55,22403.85,32.90,25,0,0,0.00,0,F1,25,,,,,
2024-05-16,2024-05-16,FO,NSE,IDO,37806,,NIFTY,,2026-12-31,2026-12-31,23000.00,CE,NIFTY26DEC23000CE,0.00,0.00,0.00,2020.00,2020.00,2020.00,22403.85,4076.10,500,0,0,0.00,0,F1,25,,,,,
2024-05-16,2024-05-16,FO,NSE,IDO,37103,,NIFTY,,2024-06-06,2024-06-06,23000.00,CE,NIFTY2460623000CE,230.15,259.70,195.50,249.05,255.00,220.15,22403.85,249.05,545625,32475,16183,9395681611.25,5140,F1,25,,,,,
2024-05-16,2024-05-16,FO,NSE,IDO,64564,,NIFTY,,2025-03-27,2025-03-27,23000.00,CE,NIFTY25MAR23000CE,0.00,0.00,0.00,1804.30,0.00,1804.30,22403.85,1609.20,0,0,0,0.00,0,F1,25,,,,,
2024-05-16,2024-05-16,FO,NSE,IDO,67780,,NIFTY,,2028-12-28,2028-12-28,23000.00,CE,NIFTY28DEC23000CE,0.00,0.00,0.00,6377.60,0.00,6377.60,22403.85,6458.20,0,0,0,0.00,0,F1,25,,,,,
2024-05-16,2024-05-16,FO,NSE,IDO,37748,,NIFTY,,2024-12-26,2024-12-26,23000.00,PE,NIFTY24DEC23000PE,893.05,989.50,840.00,856.65,844.90,929.50,22403.85,856.65,595350,-1100,3171,1895553108.75,1742,F1,25,,,,,
2024-05-16,2024-05-16,FO,NSE,IDO,56937,,NIFTY,,2024-05-30,2024-05-30,23000.00,CE,NIFTY24MAY23000CE,40.65,47.55,22.00,42.55,45.90,30.30,22403.85,42.55,2958975,-226775,301534,173628745313.75,63192,F1,25,,,,,
2024-05-16,2024-05-16,FO,NSE,IDO,37104,,NIFTY,,2024-06-06,2024-06-06,23000.00,PE,NIFTY2460623000PE,850.00,970.00,721.85,743.65,732.15,870.45,22403.85,743.65,36450,7950,1374,819100908.75,490,F1,25,,,,,
2024-05-16,2024-05-16,FO,NSE,IDO,51759,,NIFTY,,2024-05-16,2024-05-16,23850.00,CE,NIFTY2451623850CE,0.25,0.25,0.05,0.05,0.05,0.35,22403.85,22403.85,89200,-50575,17956,10706311272.50,1174,F1,25,,,,,
2024-05-16,2024-05-16,FO,NSE,IDO,64430,,NIFTY,,2024-06-27,2024-06-27,24200.00,CE,NIFTY24JUN24200CE,81.50,88.65,64.00,84.35,84.50,74.65,22403.85,84.35,204775,3050,2549,1546972721.25,775,F1,25,,,,,
2024-05-16,2024-05-16,FO,NSE,IDO,64431,,NIFTY,,2024-06-27,2024-06-27,24200.00,PE,NIFTY24JUN24200PE,1800.10,1819.90,1800.10,1819.90,1819.90,1800.00,22403.85,1633.45,2000,25,7,4551617.50,3,F1,25,,,,,
2024-05-16,2024-05-16,FO,NSE,IDO,56954,,NIFTY,,2024-05-30,2024-05-30,23400.00,PE,NIFTY24MAY23400PE,1040.05,1225.00,932.00,961.10,932.00,1124.05,22403.85,961.10,16850,575,59,36023978.75,38,F1,25,,,,,
2024-05-16,2024-05-16,FO,NSE,IDO,43576,,NIFTY,,2024-06-13,2024-06-13,20400.00,PE,NIFTY2461320400PE,0.00,0.00,0.00,12.50,0.00,12.50,22403.85,1.65,0,0,0,0.00,0,F1,25,,,,,
2024-05-16,2024-05-16,FO,NSE,IDO,56833,,NIFTY,,2024-05-30,2024-05-30,20400.00,CE,NIFTY24MAY20400CE,1883.80,1913.55,1760.00,1913.10,1913.10,1870.65,22403.85,2059.25,14525,-75,12,6682676.25,8,F1,25,,,,,
2024-05-16,2024-05-16,FO,NSE,IDO,64157,,NIFTY,,2024-07-25,2024-07-25,20400.00,CE,NIFTY24JUL20400CE,2398.85,2407.75,2398.75,2404.65,2406.40,2284.40,22403.85,2404.65,1250,600,24,13682782.50,12,F1,25,,,,,
2024-05-16,2024-05-16,FO,NSE,IDO,64158,,NIFTY,,2024-07-25,2024-07-25,20400.00,PE,NIFTY24JUL20400PE,0.00,0.00,0.00,109.60,109.60,109.60,22403.85,22.95,1125,0,0,0.00,0,F1,25,,,,,
2024-05-16,2024-05-16,FO,NSE,IDO,51601,,NIFTY,,2024-05-16,2024-05-16,20900.00,CE,NIFTY2451620900CE,1250.00,1255.05,1152.05,1152.65,1152.65,1285.00,22403.85,22403.85,975,525,39,21516258.75,9,F1,25,,,,,
2024-05-16,2024-05-16,FO,NSE,IDO,56926,,NIFTY,,2024-05-30,2024-05-30,22700.00,PE,NIFTY24MAY22700PE,439.65,600.30,336.70,360.95,348.00,492.70,22403.85,360.95,1290850,5275,13637,7889979050.00,5276,F1,25,,,,,
2024-05-16,2024-05-16,FO,NSE,IDO,37071,,NIFTY,,2024-06-06,2024-06-06,22700.00,PE,NIFTY2460622700PE,625.00,758.95,550.75,564.00,553.70,680.85,22403.85,564.00,3225,600,144,84059861.25,53,F1,25,,,,,
2024-05-16,2024-05-16,FO,NSE,IDO,38778,,NIFTY,,2024-05-23,2024-05-23,22700.00,CE,NIFTY2452322700CE,36.85,53.80,15.90,45.50,49.70,27.60,22403.85,45.50,1476600,604800,547331,311030266315.00,130226,F1,25,,,,,
2024-05-16,2024-05-16,FO,NSE,IDO,51449,,NIFTY,,2025-06-26,2025-06-26,21000.00,CE,NIFTY25JUN21000CE,0.00,0.00,0.00,3199.45,0.00,3199.45,22403.85,3316.25,0,0,0,0.00,0,F1,25,,,,,
2024-05-16,2024-05-16,FO,NSE,IDO,67773,,NIFTY,,2028-12-28,2028-12-28,19000.00,PE,NIFTY28DEC19000PE,0.00,0.00,0.00,158.00,0.00,158.00,22403.85,113.45,0,0,0,0.00,0,F1,25,,,,,
2024-05-16,2024-05-16,FO,NSE,IDO,65847,,NIFTY,,2024-09-26,2024-09-26,19000.00,CE,NIFTY24SEP19000CE,0.00,0.00,0.00,2277.40,0.00,2277.40,22403.85,3910.00,0,0,0,0.00,0,F1,25,,,,,
2024-05-16,2024-05-16,FO,NSE,IDO,53606,,NIFTY,,2027-12-30,2027-12-30,19000.00,PE,NIFTY27DEC19000PE,0.00,0.00,0.00,187.20,187.20,187.20,22403.85,119.25,750,0,0,0.00,0,F1,25,,,,,
2024-05-16,2024-05-16,FO,NSE,IDO,39987,,NIFTY,,2025-12-24,2025-12-24,19000.00,CE,NIFTY25DEC19000CE,0.00,0.00,0.00,5501.00,5501.00,5501.00,22403.85,5595.80,3200,0,0,0.00,0,F1,25,,,,,
2024-05-16,2024-05-16,FO,NSE,IDO,71549,,NIFTY,,2027-06-24,2027-06-24,19000.00,CE,NIFTY27JUN19000CE,0.00,0.00,0.00,6761.00,6761.00,6761.00,22403.85,7373.60,100,0,0,0.00,0,F1,25,,,,,
2024-05-16,2024-05-16,FO,NSE,IDO,64554,,NIFTY,,2025-03-27,2025-03-27,19000.00,CE,NIFTY25MAR19000CE,0.00,0.00,0.00,4745.30,0.00,4745.30,22403.85,4608.80,0,0,0,0.00,0,F1,25,,,,,
2024-05-16,2024-05-16,FO,NSE,IDO,39990,,NIFTY,,2026-06-25,2026-06-25,19000.00,PE,NIFTY26JUN19000PE,0.00,0.00,0.00,140.45,140.45,140.45,22403.85,106.30,100,0,0,0.00,0,F1,25,,,,,
2024-05-16,2024-05-16,FO,NSE,IDO,71550,,NIFTY,,2027-06-24,2027-06-24,19000.00,PE,NIFTY27JUN19000PE,0.00,0.00,0.00,170.00,170.00,170.00,22403.85,119.00,250,0,0,0.00,0,F1,25,,,,,
2024-05-16,2024-05-16,FO,NSE,IDO,65848,,NIFTY,,2024-09-26,2024-09-26,19000.00,PE,NIFTY24SEP19000PE,74.95,79.85,67.00,68.90,67.00,77.55,22403.85,68.90,44200,1150,131,62468340.00,49,F1,25,,,,,
2024-05-16,2024-05-16,FO,NSE,IDO,39989,,NIFTY,,2026-06-25,2026-06-25,19000.00,CE,NIFTY26JUN19000CE,0.00,0.00,0.00,5792.00,5792.00,5792.00,22403.85,6218.55,100,0,0,0.00,0,F1,25,,,,,
2024-05-16,2024-05-16,FO,NSE,IDO,58643,,NIFTY,,2026-12-31,2026-12-31,19000.00,PE,NIFTY26DEC19000PE,0.00,0.00,0.00,380.00,380.00,380.00,22403.85,115.40,2400,0,0,0.00,0,F1,25,,,,,
2024-05-16,2024-05-16,FO,NSE,IDO,58642,,NIFTY,,2026-12-31,2026-12-31,19000.00,CE,NIFTY26DEC19000CE,0.00,0.00,0.00,6000.00,6000.00,6000.00,22403.85,6831.15,200,0,0,0.00,0,F1,25,,,,,
2024-05-16,2024-05-16,FO,NSE,IDO,39978,,NIFTY,,2024-12-26,2024-12-26,19000.00,PE,NIFTY24DEC19000PE,115.00,129.05,102.00,108.55,105.00,123.15,22403.85,108.55,501725,1850,611,291991735.00,307,F1,25,,,,,
2024-05-16,2024-05-16,FO,NSE,IDO,39972,,NIFTY,,2024-06-27,2024-06-27,19000.00,PE,NIFTY24JUN19000PE,35.20,39.00,29.10,30.60,29.10,35.50,22403.85,30.60,1607450,87175,23620,11238643361.25,8220,F1,25,,,,,
2024-05-16,2024-05-16,FO,NSE,IDO,56967,,NIFTY,,2024-05-30,2024-05-30,23750.00,CE,NIFTY24MAY23750CE,4.80,5.85,3.40,4.85,4.70,4.75,22403.85,4.85,39150,7075,2071,1229889103.75,381,F1,25,,,,,
2024-05-16,2024-05-16,FO,NSE,IDO,58644,,NIFTY,,2026-12-31,2026-12-31,20000.00,CE,NIFTY26DEC20000CE,0.00,0.00,0.00,3704.30,0.00,3704.30,22403.85,6084.05,0,0,0,0.00,0,F1,25,,,,,
2024-05-16,2024-05-16,FO,NSE,IDO,65853,,NIFTY,,2024-09-26,2024-09-26,20000.00,CE,NIFTY24SEP20000CE,0.00,0.00,0.00,2900.00,2900.00,2900.00,22403.85,2967.50,25,0,0,0.00,0,F1,25,,,,,
2024-05-16,2024-05-16,FO,NSE,IDO,86143,,NIFTY,,2028-06-29,2028-06-29,20000.00,CE,NIFTY28JUN20000CE,0.00,0.00,0.00,5724.65,0.00,5724.65,22403.85,7776.55,0,0,0,0.00,0,F1,25,,,,,
2024-05-16,2024-05-16,FO,NSE,IDO,38378,,NIFTY,,2026-06-25,2026-06-25,20000.00,CE,NIFTY26JUN20000CE,0.00,0.00,0.00,3829.50,0.00,3829.50,22403.85,5443.40,0,0,0,0.00,0,F1,25,,,,,
2024-05-16,2024-05-16,FO,NSE,IDO,65878,,NIFTY,,2024-09-26,2024-09-26,20000.00,PE,NIFTY24SEP20000PE,137.00,150.05,120.00,125.90,121.00,143.40,22403.85,125.90,237525,13175,1709,860449622.50,1010,F1,25,,,,,
2024-05-16,2024-05-16,FO,NSE,IDO,56870,,NIFTY,,2024-05-30,2024-05-30,21300.00,PE,NIFTY24MAY21300PE,21.30,42.20,15.75,17.85,17.25,26.85,22403.85,17.85,629625,-259750,97569,52015357571.25,20175,F1,25,,,,,
2024-05-16,2024-05-16,FO,NSE,IDO,38640,,NIFTY,,2024-05-23,2024-05-23,21300.00,CE,NIFTY2452321300CE,1065.15,1130.50,845.00,1124.75,1130.50,900.00,22403.85,1124.75,1925,1375,103,57302323.75,66,F1,25,,,,,
2024-05-16,2024-05-16,FO,NSE,IDO,64535,,NIFTY,,2024-07-25,2024-07-25,21300.00,CE,NIFTY24JUL21300CE,1526.35,1653.70,1526.35,1653.20,1652.85,1544.95,22403.85,1653.20,700,400,16,9174925.00,8,F1,25,,,,,
2024-05-16,2024-05-16,FO,NSE,IDO,38641,,NIFTY,,2024-05-23,2024-05-23,21300.00,PE,NIFTY2452321300PE,7.50,14.35,4.60,5.55,4.60,7.90,22403.85,5.55,1056525,713975,406093,216320688588.75,83917,F1,25,,,,,
2024-05-16,2024-05-16,FO,NSE,IDO,43666,,NIFTY,,2024-06-13,2024-06-13,21300.00,CE,NIFTY2461321300CE,0.00,0.00,0.00,911.15,0.00,911.15,22403.85,1249.80,0,0,0,0.00,0,F1,25,,,,,
2024-05-16,2024-05-16,FO,NSE,IDO,64179,,NIFTY,,2024-06-27,2024-06-27,21300.00,PE,NIFTY24JUN21300PE,229.95,275.00,191.40,199.80,193.25,250.45,22403.85,199.80,226550,325,1408,757718548.75,494,F1,25,,,,,
2024-05-16,2024-05-16,FO,NSE,IDO,36929,,NIFTY,,2024-06-06,2024-06-06,21300.00,CE,NIFTY2460621300CE,0.00,0.00,0.00,1195.45,1195.45,1195.45,22403.85,1208.05,50,0,0,0.00,0,F1,25,,,,,
2024-05-16,2024-05-16,FO,NSE,IDO,64178,,NIFTY,,2024-06-27,2024-06-27,21300.00,CE,NIFTY24JUN21300CE,1410.00,1410.00,1250.00,1408.60,1408.60,1338.50,22403.85,1408.60,6500,1075,53,29964353.75,20,F1,25,,,,,
2024-05-16,2024-05-16,FO,NSE,IDO,36931,,NIFTY,,2024-06-06,2024-06-06,21300.00,PE,NIFTY2460621300PE,0.00,0.00,0.00,26.20,0.00,26.20,22403.85,17.60,0,0,0,0.00,0,F1,25,,,,,
2024-05-16,2024-05-16,FO,NSE,IDO,51628,,NIFTY,,2024-05-16,2024-05-16,21300.00,PE,NIFTY2451621300PE,0.35,0.50,0.05,0.15,0.05,0.60,22403.85,22403.85,945075,-669950,314003,167207808817.50,25802,F1,25,,,,,
2024-05-16,2024-05-16,FO,NSE,IDO,43663,,NIFTY,,2024-06-13,2024-06-13,21250.00,CE,NIFTY2461321250CE,0.00,0.00,0.00,951.05,0.00,951.05,22403.85,1295.65,0,0,0,0.00,0,F1,25,,,,,
2024-05-16,2024-05-16,FO,NSE,IDO,64177,,NIFTY,,2024-06-27,2024-06-27,21250.00,PE,NIFTY24JUN21250PE,0.00,0.00,0.00,234.10,234.10,234.10,22403.85,51.60,2000,0,0,0.00,0,F1,25,,,,,
2024-05-16,2024-05-16,FO,NSE,IDO,51625,,NIFTY,,2024-05-16,2024-05-16,21250.00,CE,NIFTY2451621250CE,968.10,1158.45,784.00,1151.25,1158.45,994.25,22403.85,22403.85,2375,-275,361,199549412.50,107,F1,25,,,,,
2024-05-16,2024-05-16,FO,NSE,IDO,64534,,NIFTY,,2024-07-25,2024-07-25,21250.00,PE,NIFTY24JUL21250PE,0.00,0.00,0.00,108.20,0.00,108.20,22403.85,98.65,0,0,0,0.00,0,F1,25,,,,,
2024-05-16,2024-05-16,FO,NSE,IDO,36928,,NIFTY,,2024-06-06,2024-06-06,21250.00,PE,NIFTY2460621250PE,112.90,183.45,112.90,121.00,119.00,72.05,22403.85,121.00,4100,3375,236,126168697.50,56,F1,25,,,,,
2024-05-16,2024-05-16,FO,NSE,IDO,51626,,NIFTY,,2024-05-16,2024-05-16,21250.00,PE,NIFTY2451621250PE,0.30,0.35,0.05,0.10,0.05,0.60,22403.85,22403.85,385250,17250,142950,75942727900.00,14333,F1,25,,,,,
2024-05-16,2024-05-16,FO,NSE,IDO,51735,,NIFTY,,2024-05-16,2024-05-16,23450.00,CE,NIFTY2451623450CE,0.20,0.45,0.05,0.10,0.05,0.30,22403.85,22403.85,298050,-231875,78965,46293502323.75,9125,F1,25,,,,,
2024-05-16,2024-05-16,FO,NSE,IDO,51736,,NIFTY,,2024-05-16,2024-05-16,23450.00,PE,NIFTY2451623450PE,1350.35,1371.70,1043.50,1043.75,1044.05,1278.00,22403.85,22403.85,1350,25,26,16094061.25,10,F1,25,,,,,
2024-05-16,2024-05-16,FO,NSE,IDO,36229,,NIFTY,,2024-06-06,2024-06-06,20350.00,PE,NIFTY2460620350PE,0.00,0.00,0.00,1.60,0.00,1.60,22403.85,0.40,0,0,0,0.00,0,F1,25,,,,,
2024-05-16,2024-05-16,FO,NSE,IDO,56880,,NIFTY,,2024-05-30,2024-05-30,21550.00,PE,NIFTY24MAY21550PE,37.90,71.70,24.90,27.95,25.70,47.00,22403.85,27.95,91250,-12400,13882,7493215105.00,4773,F1,25,,,,,
2024-05-16,2024-05-16,FO,NSE,IDO,56996,,NIFTY,,2024-05-30,2024-05-30,24450.00,PE,NIFTY24MAY24450PE,2008.35,2009.65,1998.80,2005.70,1998.80,2157.00,22403.85,2005.70,4100,400,16,10582282.50,8,F1,25,,,,,
2024-05-16,2024-05-16,FO,NSE,IDO,51600,,NIFTY,,2024-05-16,2024-05-16,20850.00,PE,NIFTY2451620850PE,0.25,0.25,0.05,0.10,0.10,0.35,22403.85,22403.85,198200,53275,32481,16930813240.00,5246,F1,25,,,,,
2024-05-16,2024-05-16,FO,NSE,IDO,36879,,NIFTY,,2024-06-06,2024-06-06,20850.00,CE,NIFTY2460620850CE,0.00,0.00,0.00,1951.45,0.00,1951.45,22403.85,1642.05,0,0,0,0.00,0,F1,25,,,,,
2024-05-16,2024-05-16,FO,NSE,IDO,56942,,NIFTY,,2024-05-30,2024-05-30,23100.00,PE,NIFTY24MAY23100PE,750.00,940.00,647.45,668.10,656.00,810.60,22403.85,668.10,36400,275,234,139428037.50,84,F1,25,,,,,
2024-05-16,2024-05-16,FO,NSE,IDO,43964,,NIFTY,,2024-06-13,2024-06-13,23100.00,CE,NIFTY2461323100CE,0.00,0.00,0.00,83.95,0.00,83.95,22403.85,142.15,0,0,0,0.00,0,F1,25,,,,,
2024-05-16,2024-05-16,FO,NSE,IDO,36913,,NIFTY,,2024-06-06,2024-06-06,21100.00,PE,NIFTY2460621100PE,0.00,0.00,0.00,15.70,0.00,15.70,22403.85,8.90,0,0,0,0.00,0,F1,25,,,,,
2024-05-16,2024-05-16,FO,NSE,IDO,43642,,NIFTY,,2024-06-13,2024-06-13,21100.00,CE,NIFTY2461321100CE,0.00,0.00,0.00,1074.80,0.00,1074.80,22403.85,1435.70,0,0,0,0.00,0,F1,25,,,,,
2024-05-16,2024-05-16,FO,NSE,IDO,36902,,NIFTY,,2024-06-06,2024-06-06,21100.00,CE,NIFTY2460621100CE,1386.50,1500.00,1383.95,1500.00,1500.00,1295.00,22403.85,1500.00,250,150,11,6192417.50,6,F1,25,,,,,
2024-05-16,2024-05-16,FO,NSE,IDO,56862,,NIFTY,,2024-05-30,2024-05-30,21100.00,PE,NIFTY24MAY21100PE,15.40,27.60,11.70,13.15,13.20,18.25,22403.85,13.15,382150,-53500,61575,32506557336.25,14420,F1,25,,,,,
2024-05-16,2024-05-16,FO,NSE,IDO,38755,,NIFTY,,2024-05-23,2024-05-23,22400.00,PE,NIFTY2452322400PE,170.00,349.80,126.20,141.50,133.05,251.95,22403.85,141.50,1545325,1424400,374214,211312082231.25,97050,F1,25,,,,,
2024-05-16,2024-05-16,FO,NSE,IDO,40085,,NIFTY,,2024-06-27,2024-06-27,15000.00,PE,NIFTY24JUN15000PE,5.95,5.95,4.45,5.45,5.10,5.85,22403.85,5.45,276350,1800,221,82906061.25,37,F1,25,,,,,
2024-05-16,2024-05-16,FO,NSE,IDO,64434,,NIFTY,,2024-06-27,2024-06-27,24300.00,CE,NIFTY24JUN24300CE,70.45,76.60,54.80,73.75,72.20,65.75,22403.85,73.75,170225,9125,11946,7276770493.75,5176,F1,25,,,,,
2024-05-16,2024-05-16,FO,NSE,IDO,64435,,NIFTY,,2024-06-27,2024-06-27,24300.00,PE,NIFTY24JUN24300PE,1868.80,1868.80,1790.80,1794.05,1793.05,1932.30,22403.85,1794.05,1250,200,8,5222547.50,4,F1,25,,,,,
2024-05-16,2024-05-16,FO,NSE,IDO,71394,,NIFTY,,2025-12-24,2025-12-24,24000.00,PE,NIFTY25DEC24000PE,0.00,0.00,0.00,5649.00,0.00,5649.00,22403.85,1102.50,0,0,0,0.00,0,F1,25,,,,,
2024-05-16,2024-05-16,FO,NSE,IDO,53617,,NIFTY,,2027-12-30,2027-12-30,22000.00,PE,NIFTY27DEC22000PE,0.00,0.00,0.00,1867.90,0.00,1867.90,22403.85,406.00,0,0,0,0.00,0,F1,25,,,,,
2024-05-16,2024-05-16,FO,NSE,IDO,64566,,NIFTY,,2025-03-27,2025-03-27,24000.00,CE,NIFTY25MAR24000CE,0.00,0.00,0.00,1308.50,0.00,1308.50,22403.85,1121.45,0,0,0,0.00,0,F1,25,,,,,
2024-05-16,2024-05-16,FO,NSE,IDO,71473,,NIFTY,,2026-06-25,2026-06-25,24000.00,PE,NIFTY26JUN24000PE,0.00,0.00,0.00,5437.70,0.00,5437.70,22403.85,1006.65,0,0,0,0.00,0,F1,25,,,,,
2024-05-16,2024-05-16,FO,NSE,IDO,56898,,NIFTY,,2024-05-30,2024-05-30,22000.00,PE,NIFTY24MAY22000PE,130.00,184.95,68.90,77.80,69.05,129.55,22403.85,77.80,3660275,-227700,444607,245852437886.25,117400,F1,25,,,,,
2024-05-16,2024-05-16,FO,NSE,IDO,38681,,NIFTY,,2024-05-23,2024-05-23,21550.00,PE,NIFTY2452321550PE,17.60,32.75,8.05,9.30,8.10,17.65,22403.85,9.30,272775,129825,108509,58503449675.00,24576,F1,25,,,,,
2024-05-16,2024-05-16,FO,NSE,IDO,39988,,NIFTY,,2025-12-24,2025-12-24,19000.00,PE,NIFTY25DEC19000PE,0.00,0.00,0.00,225.00,225.00,225.00,22403.85,90.05,3275,0,0,0.00,0,F1,25,,,,,
2024-05-16,2024-05-16,FO,NSE,IDO,56844,,NIFTY,,2024-05-30,2024-05-30,20650.00,PE,NIFTY24MAY20650PE,7.45,12.90,5.80,6.70,6.50,9.40,22403.85,6.70,40550,1575,795,410594671.25,188,F1,25,,,,,
2024-05-16,2024-05-16,FO,NSE,IDO,51586,,NIFTY,,2024-05-16,2024-05-16,20650.00,PE,NIFTY2451620650PE,0.25,0.25,0.05,0.10,0.05,0.25,22403.85,22403.85,98600,-30650,11848,6116559140.00,1383,F1,25,,,,,
2024-05-16,2024-05-16,FO,NSE,IDO,36868,,NIFTY,,2024-06-06,2024-06-06,20650.00,PE,NIFTY2460620650PE,0.00,0.00,0.00,4.25,0.00,4.25,22403.85,1.50,0,0,0,0.00,0,F1,25,,,,,
2024-05-16,2024-05-16,FO,NSE,IDO,53611,,NIFTY,,2027-12-30,2027-12-30,20000.00,PE,NIFTY27DEC20000PE,0.00,0.00,0.00,524.65,500.00,524.65,22403.85,187.75,2550,0,0,0.00,0,F1,25,,,,,
2024-05-16,2024-05-16,FO,NSE,IDO,67774,,NIFTY,,2028-12-28,2028-12-28,20000.00,CE,NIFTY28DEC20000CE,0.00,0.00,0.00,8115.50,0.00,8115.50,22403.85,8296.40,0,0,0,0.00,0,F1,25,,,,,
2024-05-16,2024-05-16,FO,NSE,IDO,45866,,NIFTY,,2025-06-26,2025-06-26,17000.00,PE,NIFTY25JUN17000PE,0.00,0.00,0.00,3497.35,0.00,3497.35,22403.85,8.30,0,0,0,0.00,0,F1,25,,,,,
2024-05-16,2024-05-16,FO,NSE,IDO,71548,,NIFTY,,2027-06-24,2027-06-24,18000.00,PE,NIFTY27JUN18000PE,0.00,0.00,0.00,2188.90,0.00,2188.90,22403.85,69.00,0,0,0,0.00,0,F1,25,,,,,
2024-05-16,2024-05-16,FO,NSE,IDO,43738,,NIFTY,,2024-06-13,2024-06-13,21800.00,PE,NIFTY2461321800PE,0.00,0.00,0.00,135.00,135.00,135.00,22403.85,99.55,25,0,0,0.00,0,F1,25,,,,,
2024-05-16,2024-05-16,FO,NSE,IDO,51658,,NIFTY,,2024-05-16,2024-05-16,21800.00,PE,NIFTY2451621800PE,1.00,3.85,0.05,0.15,0.05,2.95,22403.85,22403.85,7946700,2859550,21686788,11819911669170.01,2553625,F1,25,,,,,
2024-05-16,2024-05-16,FO,NSE,IDO,56819,,NIFTY,,2024-05-30,2024-05-30,20050.00,CE,NIFTY24MAY20050CE,2200.00,2307.85,2115.00,2307.85,2307.85,2215.30,22403.85,2307.85,28600,-1300,53,29425196.25,17,F1,25,,,,,
2024-05-16,2024-05-16,FO,NSE,IDO,50545,,NIFTY,,2026-06-25,2026-06-25,28000.00,CE,NIFTY26JUN28000CE,0.00,0.00,0.00,1533.95,0.00,1533.95,22403.85,1216.95,0,0,0,0.00,0,F1,25,,,,,
2024-05-16,2024-05-16,FO,NSE,IDO,86166,,NIFTY,,2028-06-29,2028-06-29,28000.00,PE,NIFTY28JUN28000PE,0.00,0.00,0.00,3161.35,0.00,3161.35,22403.85,1734.25,0,0,0,0.00,0,F1,25,,,,,
2024-05-16,2024-05-16,FO,NSE,IDO,53635,,NIFTY,,2027-12-30,2027-12-30,28000.00,PE,NIFTY27DEC28000PE,0.00,0.00,0.00,4251.00,0.00,4251.00,22403.85,1944.55,0,0,0,0.00,0,F1,25,,,,,
2024-05-16,2024-05-16,FO,NSE,IDO,43851,,NIFTY,,2024-06-13,2024-06-13,22200.00,CE,NIFTY2461322200CE,675.45,729.95,552.00,696.40,714.65,635.45,22403.85,696.40,21700,475,644,367754476.25,217,F1,25,,,,,
2024-05-16,2024-05-16,FO,NSE,IDO,37009,,NIFTY,,2024-06-06,2024-06-06,22200.00,PE,NIFTY2460622200PE,417.55,499.50,334.40,351.25,370.40,431.55,22403.85,351.25,40500,12100,2891,1633495153.75,1430,F1,25,,,,,
2024-05-16,2024-05-16,FO,NSE,IDO,51673,,NIFTY,,2024-05-16,2024-05-16,22200.00,CE,NIFTY2451622200CE,110.10,218.90,3.15,197.95,203.50,74.55,22403.85,22403.85,3081500,-3537150,43016249,23914774283763.75,9500035,F1,25,,,,,
2024-05-16,2024-05-16,FO,NSE,IDO,65038,,NIFTY,,2024-07-25,2024-07-25,22750.00,PE,NIFTY24JUL22750PE,783.00,783.00,780.00,780.00,780.00,800.65,22403.85,573.65,1125,100,4,2353150.00,2,F1,25,,,,,
2024-05-16,2024-05-16,FO,NSE,IDO,39254,,NIFTY,,2024-05-23,2024-05-23,23950.00,CE,NIFTY2452323950CE,1.65,1.65,1.05,1.35,1.35,1.50,22403.85,1.35,13950,7950,1062,635907941.25,193,F1,25,,,,,
2024-05-16,2024-05-16,FO,NSE,IDO,64417,,NIFTY,,2024-06-27,2024-06-27,23950.00,CE,NIFTY24JUN23950CE,115.00,121.65,91.35,119.10,118.60,106.70,22403.85,119.10,5225,800,236,141917548.75,72,F1,25,,,,,
2024-05-16,2024-05-16,FO,NSE,IDO,86147,,NIFTY,,2028-06-29,2028-06-29,22000.00,CE,NIFTY28JUN22000CE,0.00,0.00,0.00,4759.50,0.00,4759.50,22403.85,6492.90,0,0,0,0.00,0,F1,25,,,,,
2024-05-16,2024-05-16,FO,NSE,IDO,36992,,NIFTY,,2024-06-06,2024-06-06,22000.00,PE,NIFTY2460622000PE,300.00,412.95,270.00,286.05,277.00,358.45,22403.85,286.05,607300,99375,12507,6984777431.25,4621,F1,25,,,,,
2024-05-16,2024-05-16,FO,NSE,IDO,65902,,NIFTY,,2024-09-26,2024-09-26,24000.00,PE,NIFTY24SEP24000PE,1489.00,1557.00,1373.50,1410.30,1373.50,1488.75,22403.85,1410.30,18425,2575,151,96065135.00,60,F1,25,,,,,
2024-05-16,2024-05-16,FO,NSE,IDO,37205,,NIFTY,,2024-06-06,2024-06-06,24100.00,CE,NIFTY2460624100CE,0.00,0.00,0.00,53.55,0.00,53.55,22403.85,6.50,0,0,0,0.00,0,F1,25,,,,,
2024-05-16,2024-05-16,FO,NSE,IDO,38745,,NIFTY,,2024-05-23,2024-05-23,22200.00,PE,NIFTY2452322200PE,74.60,221.90,62.85,72.95,65.00,147.70,22403.85,72.95,2669725,1558350,1409046,786855777687.50,362607,F1,25,,,,,
2024-05-16,2024-05-16,FO,NSE,IDO,38744,,NIFTY,,2024-05-23,2024-05-23,22200.00,CE,NIFTY2452322200CE,220.00,314.80,136.65,289.00,304.05,196.45,22403.85,289.00,1610250,554075,1218916,682431877536.25,339430,F1,25,,,,,
2024-05-16,2024-05-16,FO,NSE,IDO,53615,,NIFTY,,2027-12-30,2027-12-30,21000.00,PE,NIFTY27DEC21000PE,0.00,0.00,0.00,500.00,500.00,500.00,22403.85,281.85,100,0,0,0.00,0,F1,25,,,,,
