TradDt,BizDt,Sgmt,Src,FinInstrmTp,FinInstrmId,ISIN,TckrSymb,SctySrs,XpryDt,FininstrmActlXpryDt,StrkPric,OptnTp,FinInstrmNm,OpnPric,HghPric,LwPric,ClsPric,LastPric,PrvsClsgPric,UndrlygPric,SttlmPric,OpnIntrst,ChngInOpnIntrst,TtlTradgVol,TtlTrfVal,TtlNbOfTxsExctd,SsnId,NewBrdLotQty,Rmks,Rsvd1,Rsvd2,Rsvd3,Rsvd4
2024-06-27,2024-06-27,FO,NSE,IDO,45803,,NIFTY,,2024-07-04,2024-07-04,23650.00,CE,NIFTY2470423650CE,337.80,457.25,289.80,438.00,438.55,340.00,24044.50,438.00,81550,8225,14305,8589657630.00,6356,F1,25,,,,,
2024-06-27,2024-06-27,FO,NSE,IDO,74602,,NIFTY,,2024-08-29,2024-08-29,23650.00,PE,NIFTY24AUG23650PE,347.00,356.20,312.05,319.00,319.50,339.25,24044.50,319.00,1800,125,46,27581317.50,25,F1,25,,,,,
2024-06-27,2024-06-27,FO,NSE,IDO,37802,,NIFTY,,2026-06-25,2026-06-25,13000.00,PE,NIFTY26JUN13000PE,0.00,0.00,0.00,21.60,21.60,21.60,24044.50,0.95,200,0,0,0.00,0,F1,25,,,,,
2024-06-27,2024-06-27,FO,NSE,IDO,35773,,NIFTY,,2024-07-11,2024-07-11,23650.00,PE,NIFTY2471123650PE,154.25,160.00,103.40,107.30,106.65,143.45,24044.50,107.30,27900,7550,2272,1350342698.75,914,F1,25,,,,,
2024-06-27,2024-06-27,FO,NSE,IDO,40919,,NIFTY,,2024-08-01,2024-08-01,23650.00,CE,NIFTY2480123650CE,631.55,631.75,631.55,631.75,631.75,610.20,24044.50,832.05,700,700,28,16997165.00,2,F1,25,,,,,
2024-06-27,2024-06-27,FO,NSE,IDO,35772,,NIFTY,,2024-07-11,2024-07-11,23650.00,CE,NIFTY2471123650CE,404.15,520.00,376.65,500.90,508.00,415.40,24044.50,500.90,5100,2075,687,413988797.50,333,F1,25,,,,,
2024-06-27,2024-06-27,FO,NSE,IDO,64390,,NIFTY,,2024-06-27,2024-06-27,23650.00,CE,NIFTY24JUN23650CE,222.00,411.00,161.55,389.75,395.40,235.15,24044.50,24044.50,511525,-314775,233025,139320657468.75,81336,F1,25,,,,,
2024-06-27,2024-06-27,FO,NSE,IDO,58631,,NIFTY,,2026-12-31,2026-12-31,13000.00,PE,NIFTY26DEC13000PE,0.00,0.00,0.00,24.00,24.00,24.00,24044.50,2.10,150,0,0,0.00,0,F1,25,,,,,
2024-06-27,2024-06-27,FO,NSE,IDO,37797,,NIFTY,,2025-12-24,2025-12-24,13000.00,PE,NIFTY25DEC13000PE,0.00,0.00,0.00,20.45,20.45,20.45,24044.50,0.25,150,0,0,0.00,0,F1,25,,,,,
2024-06-27,2024-06-27,FO,NSE,IDO,65248,,NIFTY,,2024-07-25,2024-07-25,23650.00,PE,NIFTY24JUL23650PE,244.00,252.50,186.75,194.20,188.90,228.90,24044.50,194.20,37625,2375,2791,1665293732.50,957,F1,25,,,,,
2024-06-27,2024-06-27,FO,NSE,IDO,45832,,NIFTY,,2024-07-04,2024-07-04,23650.00,PE,NIFTY2470423650PE,92.00,101.40,48.55,51.10,48.55,89.25,24044.50,51.10,720475,396025,178821,106024996915.00,45718,F1,25,,,,,
2024-06-27,2024-06-27,FO,NSE,IDO,50971,,NIFTY,,2025-12-24,2025-12-24,27000.00,CE,NIFTY25DEC27000CE,0.00,0.00,0.00,1050.00,1050.00,1050.00,24044.50,1932.60,75,0,0,0.00,0,F1,25,,,,,
2024-06-27,2024-06-27,FO,NSE,IDO,50984,,NIFTY,,2027-06-24,2027-06-24,27000.00,PE,NIFTY27JUN27000PE,0.00,0.00,0.00,6273.45,0.00,6273.45,24044.50,1681.40,0,0,0,0.00,0,F1,25,,,,,
2024-06-27,2024-06-27,FO,NSE,IDO,64577,,NIFTY,,2025-03-27,2025-03-27,27000.00,PE,NIFTY25MAR27000PE,0.00,0.00,0.00,3159.85,0.00,3159.85,24044.50,2348.75,0,0,0,0.00,0,F1,25,,,,,
2024-06-27,2024-06-27,FO,NSE,IDO,50976,,NIFTY,,2026-06-25,2026-06-25,27000.00,PE,NIFTY26JUN27000PE,0.00,0.00,0.00,6810.70,0.00,6810.70,24044.50,1947.10,0,0,0,0.00,0,F1,25,,,,,
2024-06-27,2024-06-27,FO,NSE,IDO,67788,,NIFTY,,2028-12-28,2028-12-28,27000.00,CE,NIFTY28DEC27000CE,0.00,0.00,0.00,4437.95,0.00,4437.95,24044.50,5968.90,0,0,0,0.00,0,F1,25,,,,,
2024-06-27,2024-06-27,FO,NSE,IDO,86163,,NIFTY,,2028-06-29,2028-06-29,27000.00,CE,NIFTY28JUN27000CE,0.00,0.00,0.00,2885.15,0.00,2885.15,24044.50,5350.35,0,0,0,0.00,0,F1,25,,,,,
2024-06-27,2024-06-27,FO,NSE,IDO,86164,,NIFTY,,2028-06-29,2028-06-29,27000.00,PE,NIFTY28JUN27000PE,0.00,0.00,0.00,2752.35,0.00,2752.35,24044.50,1448.45,0,0,0,0.00,0,F1,25,,,,,
2024-06-27,2024-06-27,FO,NSE,IDO,65916,,NIFTY,,2024-09-26,2024-09-26,27000.00,PE,NIFTY24SEP27000PE,2750.00,2789.20,2596.20,2637.75,2620.00,2730.50,24044.50,2637.75,207475,102050,11494,8528071425.00,7677,F1,25,,,,,
2024-06-27,2024-06-27,FO,NSE,IDO,50970,,NIFTY,,2025-06-26,2025-06-26,27000.00,PE,NIFTY25JUN27000PE,0.00,0.00,0.00,7438.15,0.00,7438.15,24044.50,2258.00,0,0,0,0.00,0,F1,25,,,,,
2024-06-27,2024-06-27,FO,NSE,IDO,50969,,NIFTY,,2025-06-26,2025-06-26,27000.00,CE,NIFTY25JUN27000CE,0.00,0.00,0.00,803.50,0.00,803.50,24044.50,1200.75,0,0,0,0.00,0,F1,25,,,,,
2024-06-27,2024-06-27,FO,NSE,IDO,50973,,NIFTY,,2026-06-25,2026-06-25,27000.00,CE,NIFTY26JUN27000CE,0.00,0.00,0.00,1352.80,0.00,1352.80,24044.50,2654.65,0,0,0,0.00,0,F1,25,,,,,
2024-06-27,2024-06-27,FO,NSE,IDO,64074,,NIFTY,,2024-06-27,2024-06-27,20150.00,CE,NIFTY24JUN20150CE,3870.60,3870.60,3870.60,3870.60,3870.60,3343.00,24044.50,24044.50,450,0,1,600515.00,1,F1,25,,,,,
2024-06-27,2024-06-27,FO,NSE,IDO,40830,,NIFTY,,2024-08-01,2024-08-01,22600.00,PE,NIFTY2480122600PE,70.35,73.85,70.35,73.85,73.85,89.85,24044.50,56.55,75,50,3,1700451.25,2,F1,25,,,,,
2024-06-27,2024-06-27,FO,NSE,IDO,42024,,NIFTY,,2024-07-04,2024-07-04,23250.00,PE,NIFTY2470423250PE,27.25,29.15,15.40,16.15,16.50,27.25,24044.50,16.15,448700,234400,73816,42940300383.75,19627,F1,25,,,,,
2024-06-27,2024-06-27,FO,NSE,IDO,42022,,NIFTY,,2024-07-04,2024-07-04,23250.00,CE,NIFTY2470423250CE,639.85,819.90,616.40,805.50,815.20,678.85,24044.50,805.50,15525,450,487,291403088.75,221,F1,25,,,,,
2024-06-27,2024-06-27,FO,NSE,IDO,40947,,NIFTY,,2024-08-01,2024-08-01,24150.00,CE,NIFTY2480124150CE,0.00,0.00,0.00,355.65,355.65,355.65,24044.50,540.95,25,0,0,0.00,0,F1,25,,,,,
2024-06-27,2024-06-27,FO,NSE,IDO,36794,,NIFTY,,2024-07-18,2024-07-18,24150.00,PE,NIFTY2471824150PE,522.60,522.60,312.80,330.05,330.00,854.60,24044.50,330.05,150,150,8,4900825.00,7,F1,25,,,,,
2024-06-27,2024-06-27,FO,NSE,IDO,65656,,NIFTY,,2024-07-25,2024-07-25,25600.00,PE,NIFTY24JUL25600PE,1613.40,1631.30,1532.70,1532.70,1532.70,2617.30,24044.50,1481.75,600,600,31,21070885.00,23,F1,25,,,,,
2024-06-27,2024-06-27,FO,NSE,IDO,65655,,NIFTY,,2024-07-25,2024-07-25,25600.00,CE,NIFTY24JUL25600CE,0.00,0.00,0.00,50.00,0.00,50.00,24044.50,65.50,0,0,0,0.00,0,F1,25,,,,,
2024-06-27,2024-06-27,FO,NSE,IDO,74725,,NIFTY,,2024-08-29,2024-08-29,25600.00,PE,NIFTY24AUG25600PE,0.00,0.00,0.00,2691.95,0.00,2691.95,24044.50,1484.60,0,0,0,0.00,0,F1,25,,,,,
2024-06-27,2024-06-27,FO,NSE,IDO,41126,,NIFTY,,2024-08-01,2024-08-01,25600.00,PE,NIFTY2480125600PE,0.00,0.00,0.00,1889.75,0.00,1889.75,24044.50,1476.60,0,0,0,0.00,0,F1,25,,,,,
2024-06-27,2024-06-27,FO,NSE,IDO,35917,,NIFTY,,2024-07-11,2024-07-11,25600.00,CE,NIFTY2471125600CE,5.00,5.45,2.85,3.55,3.80,11.15,24044.50,3.55,4075,4075,216,138261067.50,45,F1,25,,,,,
2024-06-27,2024-06-27,FO,NSE,IDO,36961,,NIFTY,,2024-07-18,2024-07-18,25600.00,PE,NIFTY2471825600PE,0.00,0.00,0.00,2058.80,0.00,2058.80,24044.50,1486.50,0,0,0,0.00,0,F1,25,,,,,
2024-06-27,2024-06-27,FO,NSE,IDO,74724,,NIFTY,,2024-08-29,2024-08-29,25600.00,CE,NIFTY24AUG25600CE,0.00,0.00,0.00,41.70,0.00,41.70,24044.50,250.10,0,0,0,0.00,0,F1,25,,,,,
2024-06-27,2024-06-27,FO,NSE,IDO,69043,,NIFTY,,2024-07-04,2024-07-04,25600.00,PE,NIFTY2470425600PE,1631.85,1631.85,1631.85,1631.85,1631.85,2425.75,24044.50,1521.55,25,25,1,680796.25,1,F1,25,,,,,
2024-06-27,2024-06-27,FO,NSE,IDO,65632,,NIFTY,,2024-07-25,2024-07-25,25400.00,PE,NIFTY24JUL25400PE,0.00,0.00,0.00,2434.50,0.00,2434.50,24044.50,1307.95,0,0,0,0.00,0,F1,25,,,,,
2024-06-27,2024-06-27,FO,NSE,IDO,64076,,NIFTY,,2024-06-27,2024-06-27,20200.00,CE,NIFTY24JUN20200CE,3640.00,3852.00,3640.00,3846.70,3852.00,3675.85,24044.50,24044.50,950,-6425,321,192270051.25,122,F1,25,,,,,
2024-06-27,2024-06-27,FO,NSE,IDO,64146,,NIFTY,,2024-07-25,2024-07-25,20200.00,CE,NIFTY24JUL20200CE,3695.00,3883.00,3695.00,3867.40,3858.60,3752.05,24044.50,3867.40,54050,30025,1792,1074863167.50,1020,F1,25,,,,,
2024-06-27,2024-06-27,FO,NSE,IDO,56628,,NIFTY,,2024-08-29,2024-08-29,20200.00,CE,NIFTY24AUG20200CE,0.00,0.00,0.00,2675.40,0.00,2675.40,24044.50,4099.90,0,0,0,0.00,0,F1,25,,,,,
2024-06-27,2024-06-27,FO,NSE,IDO,64147,,NIFTY,,2024-07-25,2024-07-25,20200.00,PE,NIFTY24JUL20200PE,6.20,9.30,5.30,6.70,8.20,6.25,24044.50,6.70,185500,24300,2743,1385651206.25,1147,F1,25,,,,,
2024-06-27,2024-06-27,FO,NSE,IDO,40780,,NIFTY,,2024-08-01,2024-08-01,21750.00,PE,NIFTY2480121750PE,31.60,31.60,31.60,31.60,31.60,31.60,24044.50,9.80,175,50,2,1089080.00,2,F1,25,,,,,
2024-06-27,2024-06-27,FO,NSE,IDO,64835,,NIFTY,,2024-07-25,2024-07-25,21750.00,CE,NIFTY24JUL21750CE,0.00,0.00,0.00,2102.20,2105.80,2102.20,24044.50,2417.75,2475,0,0,0.00,0,F1,25,,,,,
2024-06-27,2024-06-27,FO,NSE,IDO,56691,,NIFTY,,2024-08-29,2024-08-29,21750.00,PE,NIFTY24AUG21750PE,51.00,51.00,43.05,43.05,43.05,49.50,24044.50,43.05,2100,0,3,1634801.25,3,F1,25,,,,,
2024-06-27,2024-06-27,FO,NSE,IDO,71308,,NIFTY,,2024-06-27,2024-06-27,26000.00,CE,NIFTY24JUN26000CE,0.25,0.25,0.05,0.10,0.05,0.25,24044.50,24044.50,1970900,-127325,124834,81142530262.50,7890,F1,25,,,,,
2024-06-27,2024-06-27,FO,NSE,IDO,71476,,NIFTY,,2026-06-25,2026-06-25,26000.00,CE,NIFTY26JUN26000CE,0.00,0.00,0.00,1343.15,0.00,1343.15,24044.50,3114.20,0,0,0,0.00,0,F1,25,,,,,
2024-06-27,2024-06-27,FO,NSE,IDO,71477,,NIFTY,,2026-06-25,2026-06-25,26000.00,PE,NIFTY26JUN26000PE,0.00,0.00,0.00,6709.20,0.00,6709.20,24044.50,1542.35,0,0,0,0.00,0,F1,25,,,,,
2024-06-27,2024-06-27,FO,NSE,IDO,64573,,NIFTY,,2025-03-27,2025-03-27,26000.00,PE,NIFTY25MAR26000PE,0.00,0.00,0.00,1777.00,1777.00,1777.00,24044.50,1742.35,25,0,0,0.00,0,F1,25,,,,,
2024-06-27,2024-06-27,FO,NSE,IDO,71506,,NIFTY,,2026-12-31,2026-12-31,26000.00,PE,NIFTY26DEC26000PE,0.00,0.00,0.00,6437.40,0.00,6437.40,24044.50,1448.40,0,0,0,0.00,0,F1,25,,,,,
2024-06-27,2024-06-27,FO,NSE,IDO,67786,,NIFTY,,2028-12-28,2028-12-28,26000.00,CE,NIFTY28DEC26000CE,0.00,0.00,0.00,4879.70,0.00,4879.70,24044.50,6455.35,0,0,0,0.00,0,F1,25,,,,,
2024-06-27,2024-06-27,FO,NSE,IDO,41642,,NIFTY,,2024-07-04,2024-07-04,20550.00,PE,NIFTY2470420550PE,2.25,2.50,0.85,1.10,2.50,2.05,24044.50,1.10,21200,16025,1709,878048337.50,376,F1,25,,,,,
2024-06-27,2024-06-27,FO,NSE,IDO,41639,,NIFTY,,2024-07-04,2024-07-04,20550.00,CE,NIFTY2470420550CE,0.00,0.00,0.00,3040.30,3045.15,3040.30,24044.50,3522.50,250,0,0,0.00,0,F1,25,,,,,
2024-06-27,2024-06-27,FO,NSE,IDO,35814,,NIFTY,,2024-07-11,2024-07-11,24250.00,PE,NIFTY2471124250PE,376.05,404.95,333.40,357.35,333.40,563.85,24044.50,357.35,1250,200,32,19691031.25,20,F1,25,,,,,
2024-06-27,2024-06-27,FO,NSE,IDO,35860,,NIFTY,,2024-07-11,2024-07-11,24850.00,PE,NIFTY2471124850PE,0.00,0.00,0.00,1095.05,1095.05,1095.05,24044.50,820.30,100,0,0,0.00,0,F1,25,,,,,
2024-06-27,2024-06-27,FO,NSE,IDO,35519,,NIFTY,,2024-07-11,2024-07-11,21300.00,CE,NIFTY2471121300CE,0.00,0.00,0.00,1712.70,0.00,1712.70,24044.50,2802.55,0,0,0,0.00,0,F1,25,,,,,
2024-06-27,2024-06-27,FO,NSE,IDO,64344,,NIFTY,,2024-06-27,2024-06-27,23150.00,CE,NIFTY24JUN23150CE,666.00,911.45,645.50,894.05,896.30,721.85,24044.50,24044.50,36750,-7150,1032,617890485.00,580,F1,25,,,,,
2024-06-27,2024-06-27,FO,NSE,IDO,64345,,NIFTY,,2024-06-27,2024-06-27,23150.00,PE,NIFTY24JUN23150PE,0.90,0.90,0.05,0.10,0.05,1.60,24044.50,24044.50,2096950,521600,2287300,1323805158675.00,212192,F1,25,,,,,
2024-06-27,2024-06-27,FO,NSE,IDO,42016,,NIFTY,,2024-07-04,2024-07-04,23150.00,CE,NIFTY2470423150CE,730.00,913.85,704.15,899.10,913.85,772.65,24044.50,899.10,8625,4700,276,165307043.75,90,F1,25,,,,,
2024-06-27,2024-06-27,FO,NSE,IDO,42017,,NIFTY,,2024-07-04,2024-07-04,23150.00,PE,NIFTY2470423150PE,21.05,21.40,11.95,12.75,12.00,20.50,24044.50,12.75,287800,190450,64486,37344837926.25,15852,F1,25,,,,,
2024-06-27,2024-06-27,FO,NSE,IDO,74647,,NIFTY,,2024-08-29,2024-08-29,24200.00,PE,NIFTY24AUG24200PE,561.00,587.25,508.00,517.05,511.00,569.60,24044.50,517.05,14800,13700,871,538484242.50,150,F1,25,,,,,
2024-06-27,2024-06-27,FO,NSE,IDO,65332,,NIFTY,,2024-07-25,2024-07-25,24250.00,PE,NIFTY24JUL24250PE,521.55,530.00,413.50,424.80,416.30,490.35,24044.50,424.80,8000,5075,999,616752661.25,286,F1,25,,,,,
2024-06-27,2024-06-27,FO,NSE,IDO,54499,,NIFTY,,2024-07-04,2024-07-04,24250.00,CE,NIFTY2470424250CE,53.25,88.70,38.90,70.95,71.20,51.00,24044.50,70.95,419675,261900,208563,126766611688.75,55414,F1,25,,,,,
2024-06-27,2024-06-27,FO,NSE,IDO,74649,,NIFTY,,2024-08-29,2024-08-29,24250.00,PE,NIFTY24AUG24250PE,0.00,0.00,0.00,1100.00,1100.00,1100.00,24044.50,633.90,0,0,0,0.00,0,F1,25,,,,,
2024-06-27,2024-06-27,FO,NSE,IDO,36801,,NIFTY,,2024-07-18,2024-07-18,24250.00,PE,NIFTY2471824250PE,0.00,0.00,0.00,923.95,0.00,923.95,24044.50,450.95,0,0,0,0.00,0,F1,25,,,,,
2024-06-27,2024-06-27,FO,NSE,IDO,64433,,NIFTY,,2024-06-27,2024-06-27,24250.00,PE,NIFTY24JUN24250PE,414.45,459.65,190.50,214.00,205.00,379.30,24044.50,24044.50,78675,69850,101171,61988666330.00,52601,F1,25,,,,,
2024-06-27,2024-06-27,FO,NSE,IDO,36800,,NIFTY,,2024-07-18,2024-07-18,24250.00,CE,NIFTY2471824250CE,0.00,0.00,0.00,241.75,0.00,241.75,24044.50,344.45,0,0,0,0.00,0,F1,25,,,,,
2024-06-27,2024-06-27,FO,NSE,IDO,36896,,NIFTY,,2024-07-18,2024-07-18,24950.00,PE,NIFTY2471824950PE,0.00,0.00,0.00,1474.70,0.00,1474.70,24044.50,924.85,0,0,0,0.00,0,F1,25,,,,,
2024-06-27,2024-06-27,FO,NSE,IDO,74694,,NIFTY,,2024-08-29,2024-08-29,24950.00,CE,NIFTY24AUG24950CE,0.00,0.00,0.00,294.20,294.20,294.20,24044.50,435.40,125,0,0,0.00,0,F1,25,,,,,
2024-06-27,2024-06-27,FO,NSE,IDO,64466,,NIFTY,,2024-06-27,2024-06-27,24800.00,CE,NIFTY24JUN24800CE,0.25,0.35,0.05,0.05,0.05,0.35,24044.50,24044.50,1249700,369075,235742,146161027486.25,22426,F1,25,,,,,
2024-06-27,2024-06-27,FO,NSE,IDO,41034,,NIFTY,,2024-08-01,2024-08-01,24800.00,CE,NIFTY2480124800CE,0.00,0.00,0.00,193.85,0.00,193.85,24044.50,275.80,0,0,0,0.00,0,F1,25,,,,,
2024-06-27,2024-06-27,FO,NSE,IDO,36871,,NIFTY,,2024-07-18,2024-07-18,24800.00,CE,NIFTY2471824800CE,0.00,0.00,0.00,120.05,0.00,120.05,24044.50,156.10,0,0,0,0.00,0,F1,25,,,,,
2024-06-27,2024-06-27,FO,NSE,IDO,41035,,NIFTY,,2024-08-01,2024-08-01,24800.00,PE,NIFTY2480124800PE,0.00,0.00,0.00,1219.65,0.00,1219.65,24044.50,858.05,0,0,0,0.00,0,F1,25,,,,,
2024-06-27,2024-06-27,FO,NSE,IDO,36887,,NIFTY,,2024-07-18,2024-07-18,24800.00,PE,NIFTY2471824800PE,0.00,0.00,0.00,1348.40,0.00,1348.40,24044.50,810.35,0,0,0,0.00,0,F1,25,,,,,
2024-06-27,2024-06-27,FO,NSE,IDO,35853,,NIFTY,,2024-07-11,2024-07-11,24800.00,CE,NIFTY2471124800CE,18.05,27.30,13.65,21.80,23.75,17.20,24044.50,21.80,72275,49625,11051,6857485205.00,2904,F1,25,,,,,
2024-06-27,2024-06-27,FO,NSE,IDO,65519,,NIFTY,,2024-07-25,2024-07-25,24800.00,PE,NIFTY24JUL24800PE,880.65,936.00,766.70,774.20,767.05,880.65,24044.50,774.20,46225,400,126,80732702.50,100,F1,25,,,,,
2024-06-27,2024-06-27,FO,NSE,IDO,56636,,NIFTY,,2024-08-29,2024-08-29,20400.00,CE,NIFTY24AUG20400CE,0.00,0.00,0.00,2488.40,0.00,2488.40,24044.50,3903.60,0,0,0,0.00,0,F1,25,,,,,
2024-06-27,2024-06-27,FO,NSE,IDO,41616,,NIFTY,,2024-07-04,2024-07-04,20400.00,PE,NIFTY2470420400PE,2.00,2.00,0.80,1.05,1.55,1.95,24044.50,1.05,101600,94625,12610,6431417287.50,1829,F1,25,,,,,
2024-06-27,2024-06-27,FO,NSE,IDO,64157,,NIFTY,,2024-07-25,2024-07-25,20400.00,CE,NIFTY24JUL20400CE,3590.00,3670.00,3590.00,3649.60,3649.60,3413.80,24044.50,3649.60,6625,200,19,11418125.00,12,F1,25,,,,,
2024-06-27,2024-06-27,FO,NSE,IDO,64095,,NIFTY,,2024-06-27,2024-06-27,20400.00,PE,NIFTY24JUN20400PE,0.30,0.35,0.05,0.10,0.05,0.30,24044.50,24044.50,154050,-107450,25573,13042298515.00,3188,F1,25,,,,,
2024-06-27,2024-06-27,FO,NSE,IDO,41887,,NIFTY,,2024-07-04,2024-07-04,22250.00,CE,NIFTY2470422250CE,1630.00,1726.00,1630.00,1726.00,1726.00,1533.10,24044.50,1824.90,725,0,3,1795800.00,2,F1,25,,,,,
2024-06-27,2024-06-27,FO,NSE,IDO,56710,,NIFTY,,2024-08-29,2024-08-29,22250.00,CE,NIFTY24AUG22250CE,0.00,0.00,0.00,996.65,0.00,996.65,24044.50,2153.95,0,0,0,0.00,0,F1,25,,,,,
2024-06-27,2024-06-27,FO,NSE,IDO,74666,,NIFTY,,2024-08-29,2024-08-29,24550.00,CE,NIFTY24AUG24550CE,329.55,370.05,310.10,360.05,350.00,455.70,24044.50,360.05,975,925,39,24256002.50,6,F1,25,,,,,
2024-06-27,2024-06-27,FO,NSE,IDO,36645,,NIFTY,,2024-07-18,2024-07-18,23000.00,CE,NIFTY2471823000CE,1085.35,1099.95,1025.00,1095.00,1095.00,827.50,24044.50,1095.00,250,250,13,7825026.25,8,F1,25,,,,,
2024-06-27,2024-06-27,FO,NSE,IDO,64564,,NIFTY,,2025-03-27,2025-03-27,23000.00,CE,NIFTY25MAR23000CE,0.00,0.00,0.00,1804.30,0.00,1804.30,24044.50,2780.45,0,0,0,0.00,0,F1,25,,,,,
2024-06-27,2024-06-27,FO,NSE,IDO,36680,,NIFTY,,2024-07-18,2024-07-18,23550.00,PE,NIFTY2471823550PE,163.00,170.00,125.00,127.40,126.00,163.00,24044.50,127.40,8325,200,441,261290960.00,78,F1,25,,,,,
2024-06-27,2024-06-27,FO,NSE,IDO,35832,,NIFTY,,2024-07-11,2024-07-11,24550.00,CE,NIFTY2471124550CE,45.40,65.70,36.50,57.25,61.30,42.65,24044.50,57.25,28975,13775,3480,2140419888.75,1509,F1,25,,,,,
2024-06-27,2024-06-27,FO,NSE,IDO,65233,,NIFTY,,2024-07-25,2024-07-25,23550.00,CE,NIFTY24JUL23550CE,604.00,732.60,583.55,715.15,732.50,626.95,24044.50,715.15,63525,8550,1777,1076162708.75,951,F1,25,,,,,
2024-06-27,2024-06-27,FO,NSE,IDO,37810,,NIFTY,,2026-12-31,2026-12-31,23000.00,PE,NIFTY26DEC23000PE,781.00,844.95,781.00,844.95,844.95,820.00,24044.50,651.75,10250,-75,3,1786772.50,3,F1,25,,,,,
2024-06-27,2024-06-27,FO,NSE,IDO,65093,,NIFTY,,2024-07-25,2024-07-25,23000.00,CE,NIFTY24JUL23000CE,1056.75,1185.95,1004.00,1165.85,1160.00,1059.20,24044.50,1165.85,1313500,185400,23595,14226962971.25,8618,F1,25,,,,,
2024-06-27,2024-06-27,FO,NSE,IDO,45650,,NIFTY,,2024-07-04,2024-07-04,23550.00,CE,NIFTY2470423550CE,383.00,544.00,362.55,519.20,530.15,417.15,24044.50,519.20,67575,6275,5966,3581216020.00,3105,F1,25,,,,,
2024-06-27,2024-06-27,FO,NSE,IDO,35705,,NIFTY,,2024-07-11,2024-07-11,23000.00,PE,NIFTY2471123000PE,37.90,44.95,27.05,28.20,28.10,37.25,24044.50,28.20,575050,218900,51208,29485792421.25,16451,F1,25,,,,,
2024-06-27,2024-06-27,FO,NSE,IDO,67780,,NIFTY,,2028-12-28,2028-12-28,23000.00,CE,NIFTY28DEC23000CE,0.00,0.00,0.00,6377.60,0.00,6377.60,24044.50,8070.35,0,0,0,0.00,0,F1,25,,,,,
2024-06-27,2024-06-27,FO,NSE,IDO,68968,,NIFTY,,2024-07-04,2024-07-04,24550.00,CE,NIFTY2470424550CE,13.00,23.70,9.25,14.60,15.30,12.35,24044.50,14.60,568375,399075,202582,124406812853.75,37106,F1,25,,,,,
2024-06-27,2024-06-27,FO,NSE,IDO,53619,,NIFTY,,2027-12-30,2027-12-30,23000.00,PE,NIFTY27DEC23000PE,0.00,0.00,0.00,2201.30,0.00,2201.30,24044.50,620.15,0,0,0,0.00,0,F1,25,,,,,
2024-06-27,2024-06-27,FO,NSE,IDO,56741,,NIFTY,,2024-08-29,2024-08-29,23000.00,PE,NIFTY24AUG23000PE,193.95,199.75,166.00,170.85,167.60,186.90,24044.50,170.85,502875,69725,17157,9941932153.75,6836,F1,25,,,,,
2024-06-27,2024-06-27,FO,NSE,IDO,37749,,NIFTY,,2025-06-26,2025-06-26,23000.00,CE,NIFTY25JUN23000CE,0.00,0.00,0.00,2750.00,2750.00,2750.00,24044.50,3230.90,50,0,0,0.00,0,F1,25,,,,,
2024-06-27,2024-06-27,FO,NSE,IDO,64501,,NIFTY,,2024-07-25,2024-07-25,21150.00,CE,NIFTY24JUL21150CE,2775.00,2805.00,2775.00,2805.00,2805.00,2683.30,24044.50,3010.35,5000,25,2,1197000.00,2,F1,25,,,,,
2024-06-27,2024-06-27,FO,NSE,IDO,56667,,NIFTY,,2024-08-29,2024-08-29,21150.00,PE,NIFTY24AUG21150PE,0.00,0.00,0.00,36.00,36.00,36.00,24044.50,14.50,2000,0,0,0.00,0,F1,25,,,,,
2024-06-27,2024-06-27,FO,NSE,IDO,41719,,NIFTY,,2024-07-04,2024-07-04,21150.00,PE,NIFTY2470421150PE,1.50,6.00,1.15,2.35,6.00,2.00,24044.50,2.35,23300,4075,2030,1073455666.25,765,F1,25,,,,,
2024-06-27,2024-06-27,FO,NSE,IDO,64172,,NIFTY,,2024-06-27,2024-06-27,21150.00,CE,NIFTY24JUN21150CE,2703.10,2850.00,2703.10,2850.00,2850.00,2226.00,24044.50,24044.50,1825,-925,39,23360472.50,8,F1,25,,,,,
2024-06-27,2024-06-27,FO,NSE,IDO,41718,,NIFTY,,2024-07-04,2024-07-04,21150.00,CE,NIFTY2470421150CE,2855.00,2855.00,2855.00,2855.00,2855.00,2626.65,24044.50,2923.35,1450,875,40,24005000.00,8,F1,25,,,,,
2024-06-27,2024-06-27,FO,NSE,IDO,35589,,NIFTY,,2024-07-11,2024-07-11,22050.00,CE,NIFTY2471122050CE,0.00,0.00,0.00,1484.95,1484.95,1484.95,24044.50,2055.50,50,0,0,0.00,0,F1,25,,,,,
2024-06-27,2024-06-27,FO,NSE,IDO,36553,,NIFTY,,2024-07-18,2024-07-18,22050.00,PE,NIFTY2471822050PE,17.70,17.70,17.45,17.45,17.45,65.25,24044.50,4.60,1400,1400,56,30894620.00,14,F1,25,,,,,
2024-06-27,2024-06-27,FO,NSE,IDO,36552,,NIFTY,,2024-07-18,2024-07-18,22050.00,CE,NIFTY2471822050CE,0.00,0.00,0.00,1614.00,1614.00,1614.00,24044.50,2089.10,25,0,0,0.00,0,F1,25,,,,,
2024-06-27,2024-06-27,FO,NSE,IDO,40795,,NIFTY,,2024-08-01,2024-08-01,22050.00,CE,NIFTY2480122050CE,0.00,0.00,0.00,1765.45,0.00,1765.45,24044.50,2167.75,0,0,0,0.00,0,F1,25,,,,,
2024-06-27,2024-06-27,FO,NSE,IDO,35683,,NIFTY,,2024-07-11,2024-07-11,22600.00,PE,NIFTY2471122600PE,17.30,18.00,12.60,13.30,13.80,18.10,24044.50,13.30,61750,15500,6535,3694670327.50,2086,F1,25,,,,,
2024-06-27,2024-06-27,FO,NSE,IDO,41561,,NIFTY,,2024-07-04,2024-07-04,20150.00,PE,NIFTY2470420150PE,2.00,2.00,0.75,0.90,1.00,1.90,24044.50,0.90,493775,415300,38263,19275931703.75,4269,F1,25,,,,,
2024-06-27,2024-06-27,FO,NSE,IDO,64353,,NIFTY,,2024-06-27,2024-06-27,23250.00,PE,NIFTY24JUN23250PE,1.20,1.20,0.05,0.10,0.05,1.90,24044.50,24044.50,2942200,-46650,3905837,2270332352473.75,369890,F1,25,,,,,
2024-06-27,2024-06-27,FO,NSE,IDO,35743,,NIFTY,,2024-07-11,2024-07-11,23250.00,PE,NIFTY2471123250PE,65.25,65.85,44.25,45.65,44.85,61.45,24044.50,45.65,25750,14950,2855,1663122300.00,634,F1,25,,,,,
2024-06-27,2024-06-27,FO,NSE,IDO,56751,,NIFTY,,2024-08-29,2024-08-29,23250.00,PE,NIFTY24AUG23250PE,240.00,255.80,236.75,236.75,236.75,250.85,24044.50,261.75,4775,-100,31,18208137.50,7,F1,25,,,,,
2024-06-27,2024-06-27,FO,NSE,IDO,65185,,NIFTY,,2024-07-25,2024-07-25,23250.00,CE,NIFTY24JUL23250CE,849.20,958.05,849.00,947.55,945.20,851.70,24044.50,947.55,5525,300,214,129255515.00,89,F1,25,,,,,
2024-06-27,2024-06-27,FO,NSE,IDO,64075,,NIFTY,,2024-06-27,2024-06-27,20150.00,PE,NIFTY24JUN20150PE,0.30,0.40,0.05,0.05,0.05,0.30,24044.50,24044.50,81800,17050,7784,3921210561.25,1565,F1,25,,,,,
2024-06-27,2024-06-27,FO,NSE,IDO,40897,,NIFTY,,2024-08-01,2024-08-01,23250.00,PE,NIFTY2480123250PE,0.00,0.00,0.00,328.40,0.00,328.40,24044.50,160.25,0,0,0,0.00,0,F1,25,,,,,
2024-06-27,2024-06-27,FO,NSE,IDO,64352,,NIFTY,,2024-06-27,2024-06-27,23250.00,CE,NIFTY24JUN23250CE,571.55,811.55,543.60,790.85,794.35,619.40,24044.50,24044.50,116125,-11550,3320,1985461398.75,1228,F1,25,,,,,
2024-06-27,2024-06-27,FO,NSE,IDO,65005,,NIFTY,,2024-07-25,2024-07-25,22600.00,CE,NIFTY24JUL22600CE,1360.80,1547.00,1360.80,1536.75,1535.00,1421.45,24044.50,1536.75,32525,1200,320,192603277.50,138,F1,25,,,,,
2024-06-27,2024-06-27,FO,NSE,IDO,56627,,NIFTY,,2024-08-29,2024-08-29,20150.00,PE,NIFTY24AUG20150PE,17.40,22.85,15.70,22.75,22.75,17.45,24044.50,22.75,5825,175,12,6050562.50,9,F1,25,,,,,
2024-06-27,2024-06-27,FO,NSE,IDO,64523,,NIFTY,,2024-07-25,2024-07-25,21200.00,CE,NIFTY24JUL21200CE,2728.65,2913.10,2728.65,2858.50,2913.10,2775.00,24044.50,2858.50,7375,1700,133,79891263.75,48,F1,25,,,,,
2024-06-27,2024-06-27,FO,NSE,IDO,35787,,NIFTY,,2024-07-11,2024-07-11,23900.00,CE,NIFTY2471123900CE,260.70,346.70,226.45,323.95,329.90,260.70,24044.50,323.95,114350,39375,20145,12182973195.00,7406,F1,25,,,,,
2024-06-27,2024-06-27,FO,NSE,IDO,36747,,NIFTY,,2024-07-18,2024-07-18,23900.00,PE,NIFTY2471823900PE,300.00,310.90,223.55,229.65,227.45,281.85,24044.50,229.65,8800,6050,1152,695683641.25,328,F1,25,,,,,
2024-06-27,2024-06-27,FO,NSE,IDO,36732,,NIFTY,,2024-07-18,2024-07-18,23900.00,CE,NIFTY2471823900CE,310.00,416.20,300.85,393.80,399.65,331.30,24044.50,393.80,8300,3000,846,513060981.25,250,F1,25,,,,,
2024-06-27,2024-06-27,FO,NSE,IDO,49569,,NIFTY,,2024-07-04,2024-07-04,23900.00,PE,NIFTY2470423900PE,180.00,209.90,104.00,110.10,106.00,177.70,24044.50,110.10,2264950,1758725,789029,474230097441.25,205600,F1,25,,,,,
2024-06-27,2024-06-27,FO,NSE,IDO,35788,,NIFTY,,2024-07-11,2024-07-11,23900.00,PE,NIFTY2471123900PE,260.00,265.25,172.95,180.15,172.95,234.15,24044.50,180.15,167250,131800,32895,19827513380.00,12044,F1,25,,,,,
2024-06-27,2024-06-27,FO,NSE,IDO,40935,,NIFTY,,2024-08-01,2024-08-01,23900.00,PE,NIFTY2480123900PE,351.75,361.75,291.95,303.80,291.95,623.10,24044.50,303.80,225,225,28,16963905.00,20,F1,25,,,,,
2024-06-27,2024-06-27,FO,NSE,IDO,49568,,NIFTY,,2024-07-04,2024-07-04,23900.00,CE,NIFTY2470423900CE,152.10,266.80,142.80,243.80,250.00,180.50,24044.50,243.80,1361700,491300,795618,479443766243.75,211850,F1,25,,,,,
2024-06-27,2024-06-27,FO,NSE,IDO,74612,,NIFTY,,2024-08-29,2024-08-29,23900.00,PE,NIFTY24AUG23900PE,463.80,469.95,390.05,396.80,398.95,436.40,24044.50,396.80,13775,6975,966,587315330.00,436,F1,25,,,,,
2024-06-27,2024-06-27,FO,NSE,IDO,64532,,NIFTY,,2024-07-25,2024-07-25,21200.00,PE,NIFTY24JUL21200PE,7.30,13.40,7.30,12.60,12.05,10.65,24044.50,12.60,95350,34750,5075,2691297561.25,2099,F1,25,,,,,
2024-06-27,2024-06-27,FO,NSE,IDO,65214,,NIFTY,,2024-07-25,2024-07-25,23450.00,PE,NIFTY24JUL23450PE,187.00,195.95,140.20,146.65,149.80,173.70,24044.50,146.65,51550,-1500,1858,1096954046.25,530,F1,25,,,,,
2024-06-27,2024-06-27,FO,NSE,IDO,35558,,NIFTY,,2024-07-11,2024-07-11,21700.00,PE,NIFTY2471121700PE,6.00,6.00,5.30,5.40,5.80,10.00,24044.50,5.40,425,400,23,12480607.50,9,F1,25,,,,,
2024-06-27,2024-06-27,FO,NSE,IDO,41790,,NIFTY,,2024-07-04,2024-07-04,21700.00,CE,NIFTY2470421700CE,2312.00,2312.00,2312.00,2312.00,2312.00,2199.55,24044.50,2312.00,975,50,2,1200600.00,1,F1,25,,,,,
2024-06-27,2024-06-27,FO,NSE,IDO,56689,,NIFTY,,2024-08-29,2024-08-29,21700.00,PE,NIFTY24AUG21700PE,43.00,48.40,43.00,48.40,48.40,45.45,24044.50,48.40,52900,-100,8,4349140.00,3,F1,25,,,,,
2024-06-27,2024-06-27,FO,NSE,IDO,65256,,NIFTY,,2024-07-25,2024-07-25,23700.00,PE,NIFTY24JUL23700PE,253.55,270.20,200.35,207.15,200.35,245.25,24044.50,207.15,943850,94475,52331,31310961892.50,18549,F1,25,,,,,
2024-06-27,2024-06-27,FO,NSE,IDO,36693,,NIFTY,,2024-07-18,2024-07-18,23700.00,CE,NIFTY2471823700CE,431.05,544.20,425.00,533.75,533.95,449.35,24044.50,533.75,10375,4775,1003,606948752.50,241,F1,25,,,,,
2024-06-27,2024-06-27,FO,NSE,IDO,36695,,NIFTY,,2024-07-18,2024-07-18,23700.00,PE,NIFTY2471823700PE,214.95,229.05,161.80,168.25,163.75,207.20,24044.50,168.25,30600,17450,1801,1075458231.25,495,F1,25,,,,,
2024-06-27,2024-06-27,FO,NSE,IDO,74603,,NIFTY,,2024-08-29,2024-08-29,23700.00,CE,NIFTY24AUG23700CE,738.75,842.40,721.00,830.50,828.55,745.95,24044.50,830.50,41275,11950,1353,828638070.00,760,F1,25,,,,,
2024-06-27,2024-06-27,FO,NSE,IDO,65249,,NIFTY,,2024-07-25,2024-07-25,23700.00,CE,NIFTY24JUL23700CE,529.80,666.15,472.70,606.70,608.70,523.80,24044.50,606.70,596425,13075,31208,18929696782.50,13138,F1,25,,,,,
2024-06-27,2024-06-27,FO,NSE,IDO,40922,,NIFTY,,2024-08-01,2024-08-01,23700.00,PE,NIFTY2480123700PE,290.20,312.15,258.80,262.55,262.55,290.20,24044.50,289.50,375,175,9,5394913.75,9,F1,25,,,,,
2024-06-27,2024-06-27,FO,NSE,IDO,35780,,NIFTY,,2024-07-11,2024-07-11,23750.00,CE,NIFTY2471123750CE,358.00,440.90,310.00,423.70,432.10,350.80,24044.50,423.70,5700,-2425,1561,941940638.75,583,F1,25,,,,,
2024-06-27,2024-06-27,FO,NSE,IDO,56681,,NIFTY,,2024-08-29,2024-08-29,21500.00,PE,NIFTY24AUG21500PE,42.00,46.75,39.90,42.65,41.00,42.85,24044.50,42.65,345925,-2925,5243,2823731406.25,1388,F1,25,,,,,
2024-06-27,2024-06-27,FO,NSE,IDO,74606,,NIFTY,,2024-08-29,2024-08-29,23750.00,PE,NIFTY24AUG23750PE,379.65,404.65,341.55,348.60,346.35,372.65,24044.50,348.60,2225,25,40,24107940.00,29,F1,25,,,,,
2024-06-27,2024-06-27,FO,NSE,IDO,35586,,NIFTY,,2024-07-11,2024-07-11,21950.00,PE,NIFTY2471121950PE,0.00,0.00,0.00,14.00,14.00,14.00,24044.50,0.60,75,0,0,0.00,0,F1,25,,,,,
2024-06-27,2024-06-27,FO,NSE,IDO,36546,,NIFTY,,2024-07-18,2024-07-18,21950.00,PE,NIFTY2471821950PE,16.75,16.75,16.75,16.75,16.75,17.05,24044.50,3.35,1475,125,5,2745843.75,1,F1,25,,,,,
2024-06-27,2024-06-27,FO,NSE,IDO,41919,,NIFTY,,2024-07-04,2024-07-04,22350.00,PE,NIFTY2470422350PE,4.45,7.65,2.10,3.80,4.20,4.45,24044.50,3.80,93400,48175,11891,6645097715.00,3331,F1,25,,,,,
2024-06-27,2024-06-27,FO,NSE,IDO,36545,,NIFTY,,2024-07-18,2024-07-18,21950.00,CE,NIFTY2471821950CE,0.00,0.00,0.00,1656.40,0.00,1656.40,24044.50,2187.45,0,0,0,0.00,0,F1,25,,,,,
2024-06-27,2024-06-27,FO,NSE,IDO,36572,,NIFTY,,2024-07-18,2024-07-18,22350.00,CE,NIFTY2471822350CE,1644.15,1644.15,1644.15,1644.15,1644.15,1312.15,24044.50,1797.00,100,100,4,2399415.00,1,F1,25,,,,,
2024-06-27,2024-06-27,FO,NSE,IDO,64278,,NIFTY,,2024-06-27,2024-06-27,22350.00,PE,NIFTY24JUN22350PE,0.60,0.60,0.05,0.10,0.15,0.60,24044.50,24044.50,161375,-69750,45739,25556911455.00,7844,F1,25,,,,,
2024-06-27,2024-06-27,FO,NSE,IDO,36573,,NIFTY,,2024-07-18,2024-07-18,22350.00,PE,NIFTY2471822350PE,25.10,25.10,23.45,23.45,23.45,107.55,24044.50,11.25,250,250,10,5593687.50,6,F1,25,,,,,
2024-06-27,2024-06-27,FO,NSE,IDO,64876,,NIFTY,,2024-07-25,2024-07-25,21950.00,PE,NIFTY24JUL21950PE,28.50,28.50,20.05,20.55,25.05,23.00,24044.50,20.55,14925,1175,191,104920566.25,56,F1,25,,,,,
2024-06-27,2024-06-27,FO,NSE,IDO,56698,,NIFTY,,2024-08-29,2024-08-29,21950.00,CE,NIFTY24AUG21950CE,0.00,0.00,0.00,1196.90,0.00,1196.90,24044.50,2422.60,0,0,0,0.00,0,F1,25,,,,,
2024-06-27,2024-06-27,FO,NSE,IDO,40789,,NIFTY,,2024-08-01,2024-08-01,21950.00,PE,NIFTY2480121950PE,0.00,0.00,0.00,54.35,0.00,54.35,24044.50,15.45,0,0,0,0.00,0,F1,25,,,,,
2024-06-27,2024-06-27,FO,NSE,IDO,35659,,NIFTY,,2024-07-11,2024-07-11,22350.00,CE,NIFTY2471122350CE,0.00,0.00,0.00,861.35,0.00,861.35,24044.50,1758.65,0,0,0,0.00,0,F1,25,,,,,
2024-06-27,2024-06-27,FO,NSE,IDO,41909,,NIFTY,,2024-07-04,2024-07-04,22350.00,CE,NIFTY2470422350CE,1636.95,1636.95,1636.95,1636.95,1636.95,1559.00,24044.50,1725.10,700,25,2,1199347.50,2,F1,25,,,,,
2024-06-27,2024-06-27,FO,NSE,IDO,41848,,NIFTY,,2024-07-04,2024-07-04,21950.00,CE,NIFTY2470421950CE,0.00,0.00,0.00,1830.45,1832.10,1830.45,24044.50,2124.45,675,0,0,0.00,0,F1,25,,,,,
2024-06-27,2024-06-27,FO,NSE,IDO,40808,,NIFTY,,2024-08-01,2024-08-01,22350.00,CE,NIFTY2480122350CE,0.00,0.00,0.00,1506.60,0.00,1506.60,24044.50,1886.10,0,0,0,0.00,0,F1,25,,,,,
2024-06-27,2024-06-27,FO,NSE,IDO,41849,,NIFTY,,2024-07-04,2024-07-04,21950.00,PE,NIFTY2470421950PE,2.55,16.40,1.00,4.10,5.00,2.85,24044.50,4.10,298775,285175,24430,13408402018.75,3801,F1,25,,,,,
2024-06-27,2024-06-27,FO,NSE,IDO,64263,,NIFTY,,2024-06-27,2024-06-27,21950.00,CE,NIFTY24JUN21950CE,1876.20,2100.00,1837.50,2083.55,2099.85,1908.00,24044.50,24044.50,21600,-7375,444,264546220.00,278,F1,25,,,,,
2024-06-27,2024-06-27,FO,NSE,IDO,64486,,NIFTY,,2024-06-27,2024-06-27,25150.00,PE,NIFTY24JUN25150PE,1165.30,1165.30,1053.25,1085.20,1125.20,1322.00,24044.50,24044.50,1275,525,41,26893080.00,7,F1,25,,,,,
2024-06-27,2024-06-27,FO,NSE,IDO,74600,,NIFTY,,2024-08-29,2024-08-29,23600.00,PE,NIFTY24AUG23600PE,341.25,348.10,296.00,300.85,297.80,331.20,24044.50,300.85,33725,2325,1362,814402171.25,575,F1,25,,,,,
2024-06-27,2024-06-27,FO,NSE,IDO,64381,,NIFTY,,2024-06-27,2024-06-27,23600.00,PE,NIFTY24JUN23600PE,7.00,16.00,0.05,0.20,0.10,11.00,24044.50,24044.50,6480575,-2157300,13127838,7746511212753.75,1636729,F1,25,,,,,
2024-06-27,2024-06-27,FO,NSE,IDO,40828,,NIFTY,,2024-08-01,2024-08-01,22550.00,PE,NIFTY2480122550PE,0.00,0.00,0.00,98.30,98.30,98.30,24044.50,51.70,75,0,0,0.00,0,F1,25,,,,,
2024-06-27,2024-06-27,FO,NSE,IDO,36588,,NIFTY,,2024-07-18,2024-07-18,22550.00,PE,NIFTY2471822550PE,30.40,30.40,20.50,27.80,27.50,50.00,24044.50,27.80,1800,1200,66,37253485.00,22,F1,25,,,,,
2024-06-27,2024-06-27,FO,NSE,IDO,35691,,NIFTY,,2024-07-11,2024-07-11,22800.00,PE,NIFTY2471122800PE,30.00,30.00,17.75,18.60,19.10,25.60,24044.50,18.60,134325,20900,13724,7829898793.75,4302,F1,25,,,,,
2024-06-27,2024-06-27,FO,NSE,IDO,40857,,NIFTY,,2024-08-01,2024-08-01,22800.00,CE,NIFTY2480122800CE,0.00,0.00,0.00,1149.55,0.00,1149.55,24044.50,1483.70,0,0,0,0.00,0,F1,25,,,,,
2024-06-27,2024-06-27,FO,NSE,IDO,41968,,NIFTY,,2024-07-04,2024-07-04,22800.00,PE,NIFTY2470422800PE,8.10,8.50,4.40,6.65,7.45,8.75,24044.50,6.65,1739500,1124250,267954,152776831657.50,49196,F1,25,,,,,
2024-06-27,2024-06-27,FO,NSE,IDO,35671,,NIFTY,,2024-07-11,2024-07-11,22550.00,CE,NIFTY2471122550CE,1465.00,1508.10,1465.00,1508.10,1508.10,1253.40,24044.50,1508.10,1175,600,33,19816857.50,5,F1,25,,,,,
2024-06-27,2024-06-27,FO,NSE,IDO,65003,,NIFTY,,2024-07-25,2024-07-25,22550.00,CE,NIFTY24JUL22550CE,1440.00,1532.20,1440.00,1532.20,1532.20,1475.10,24044.50,1532.20,2750,75,4,2403380.00,4,F1,25,,,,,
2024-06-27,2024-06-27,FO,NSE,IDO,36585,,NIFTY,,2024-07-18,2024-07-18,22550.00,CE,NIFTY2471822550CE,1451.75,1451.75,1451.75,1451.75,1451.75,1151.90,24044.50,1605.95,125,125,5,3000218.75,1,F1,25,,,,,
2024-06-27,2024-06-27,FO,NSE,IDO,43386,,NIFTY,,2025-06-26,2025-06-26,14000.00,PE,NIFTY25JUN14000PE,0.00,0.00,0.00,20.30,20.30,20.30,24044.50,0.15,1150,0,0,0.00,0,F1,25,,,,,
2024-06-27,2024-06-27,FO,NSE,IDO,43384,,NIFTY,,2024-12-26,2024-12-26,14000.00,PE,NIFTY24DEC14000PE,0.00,0.00,0.00,19.95,19.95,19.95,24044.50,0.00,1825,0,0,0.00,0,F1,25,,,,,
2024-06-27,2024-06-27,FO,NSE,IDO,50444,,NIFTY,,2026-06-25,2026-06-25,14000.00,PE,NIFTY26JUN14000PE,0.00,0.00,0.00,300.00,300.00,300.00,24044.50,2.80,100,0,0,0.00,0,F1,25,,,,,
2024-06-27,2024-06-27,FO,NSE,IDO,35750,,NIFTY,,2024-07-11,2024-07-11,23450.00,CE,NIFTY2471123450CE,548.60,686.75,543.50,682.00,686.75,570.60,24044.50,682.00,5800,1675,177,106463335.00,103,F1,25,,,,,
2024-06-27,2024-06-27,FO,NSE,IDO,36676,,NIFTY,,2024-07-18,2024-07-18,23450.00,PE,NIFTY2471823450PE,140.00,140.00,113.25,113.25,113.25,134.10,24044.50,113.25,4800,3125,143,84270483.75,28,F1,25,,,,,
2024-06-27,2024-06-27,FO,NSE,IDO,40906,,NIFTY,,2024-08-01,2024-08-01,23450.00,CE,NIFTY2480123450CE,0.00,0.00,0.00,719.30,0.00,719.30,24044.50,969.10,0,0,0,0.00,0,F1,25,,,,,
2024-06-27,2024-06-27,FO,NSE,IDO,35630,,NIFTY,,2024-07-11,2024-07-11,22150.00,PE,NIFTY2471122150PE,0.00,0.00,0.00,72.00,72.00,72.00,24044.50,1.45,50,0,0,0.00,0,F1,25,,,,,
2024-06-27,2024-06-27,FO,NSE,IDO,35625,,NIFTY,,2024-07-11,2024-07-11,22150.00,CE,NIFTY2471122150CE,0.00,0.00,0.00,1004.70,0.00,1004.70,24044.50,1956.30,0,0,0,0.00,0,F1,25,,,,,
2024-06-27,2024-06-27,FO,NSE,IDO,56707,,NIFTY,,2024-08-29,2024-08-29,22150.00,PE,NIFTY24AUG22150PE,0.00,0.00,0.00,323.55,0.00,323.55,24044.50,70.20,0,0,0,0.00,0,F1,25,,,,,
2024-06-27,2024-06-27,FO,NSE,IDO,64929,,NIFTY,,2024-07-25,2024-07-25,22150.00,CE,NIFTY24JUL22150CE,1877.15,2013.85,1877.15,1935.75,2013.85,1686.20,24044.50,1935.75,1625,50,8,4814221.25,4,F1,25,,,,,
2024-06-27,2024-06-27,FO,NSE,IDO,36563,,NIFTY,,2024-07-18,2024-07-18,22150.00,CE,NIFTY2471822150CE,0.00,0.00,0.00,1480.75,0.00,1480.75,24044.50,1991.20,0,0,0,0.00,0,F1,25,,,,,
2024-06-27,2024-06-27,FO,NSE,IDO,41862,,NIFTY,,2024-07-04,2024-07-04,22150.00,CE,NIFTY2470422150CE,1898.00,1898.00,1898.00,1898.00,1898.00,1625.60,24044.50,1898.00,675,0,2,1202400.00,1,F1,25,,,,,
2024-06-27,2024-06-27,FO,NSE,IDO,36564,,NIFTY,,2024-07-18,2024-07-18,22150.00,PE,NIFTY2471822150PE,19.85,20.00,19.30,19.80,19.80,77.55,24044.50,6.25,1025,1025,41,22724118.75,10,F1,25,,,,,
2024-06-27,2024-06-27,FO,NSE,IDO,64270,,NIFTY,,2024-06-27,2024-06-27,22150.00,PE,NIFTY24JUN22150PE,0.30,0.35,0.05,0.10,0.10,0.55,24044.50,24044.50,92625,-13325,15565,8619192987.50,1708,F1,25,,,,,
2024-06-27,2024-06-27,FO,NSE,IDO,41874,,NIFTY,,2024-07-04,2024-07-04,22150.00,PE,NIFTY2470422150PE,3.45,7.00,1.45,3.70,4.00,3.60,24044.50,3.70,72350,51000,8289,4590753216.25,1998,F1,25,,,,,
2024-06-27,2024-06-27,FO,NSE,IDO,40801,,NIFTY,,2024-08-01,2024-08-01,22150.00,PE,NIFTY2480122150PE,0.00,0.00,0.00,75.55,0.00,75.55,24044.50,23.75,0,0,0,0.00,0,F1,25,,,,,
2024-06-27,2024-06-27,FO,NSE,IDO,65599,,NIFTY,,2024-07-25,2024-07-25,25200.00,PE,NIFTY24JUL25200PE,1175.00,1240.85,1106.00,1115.05,1106.00,1201.80,24044.50,1115.05,4700,2075,320,210977978.75,68,F1,25,,,,,
2024-06-27,2024-06-27,FO,NSE,IDO,36916,,NIFTY,,2024-07-18,2024-07-18,25200.00,PE,NIFTY2471825200PE,0.00,0.00,0.00,1693.15,0.00,1693.15,24044.50,1130.55,0,0,0,0.00,0,F1,25,,,,,
2024-06-27,2024-06-27,FO,NSE,IDO,64494,,NIFTY,,2024-06-27,2024-06-27,25200.00,CE,NIFTY24JUN25200CE,0.15,0.35,0.05,0.05,0.05,0.20,24044.50,24044.50,412950,281125,125798,79253248013.75,15700,F1,25,,,,,
2024-06-27,2024-06-27,FO,NSE,IDO,69019,,NIFTY,,2024-07-04,2024-07-04,25200.00,PE,NIFTY2470425200PE,0.00,0.00,0.00,1290.00,1290.00,1290.00,24044.50,1127.35,725,0,0,0.00,0,F1,25,,,,,
2024-06-27,2024-06-27,FO,NSE,IDO,36915,,NIFTY,,2024-07-18,2024-07-18,25200.00,CE,NIFTY2471825200CE,0.00,0.00,0.00,67.60,0.00,67.60,24044.50,77.90,0,0,0,0.00,0,F1,25,,,,,
2024-06-27,2024-06-27,FO,NSE,IDO,64495,,NIFTY,,2024-06-27,2024-06-27,25200.00,PE,NIFTY24JUN25200PE,1241.20,1241.20,1150.85,1150.85,1150.85,1330.00,24044.50,24044.50,250,25,3,1980007.50,3,F1,25,,,,,
2024-06-27,2024-06-27,FO,NSE,IDO,41099,,NIFTY,,2024-08-01,2024-08-01,25200.00,PE,NIFTY2480125200PE,0.00,0.00,0.00,1542.10,0.00,1542.10,24044.50,1150.00,0,0,0,0.00,0,F1,25,,,,,
2024-06-27,2024-06-27,FO,NSE,IDO,69018,,NIFTY,,2024-07-04,2024-07-04,25200.00,CE,NIFTY2470425200CE,2.45,2.50,1.10,1.20,1.15,2.00,24044.50,1.20,958650,893925,114701,72265489922.50,11891,F1,25,,,,,
2024-06-27,2024-06-27,FO,NSE,IDO,35902,,NIFTY,,2024-07-11,2024-07-11,25200.00,PE,NIFTY2471125200PE,0.00,0.00,0.00,2226.35,0.00,2226.35,24044.50,1123.30,0,0,0,0.00,0,F1,25,,,,,
2024-06-27,2024-06-27,FO,NSE,IDO,41084,,NIFTY,,2024-08-01,2024-08-01,25200.00,CE,NIFTY2480125200CE,0.00,0.00,0.00,119.60,0.00,119.60,24044.50,170.50,0,0,0,0.00,0,F1,25,,,,,
2024-06-27,2024-06-27,FO,NSE,IDO,35899,,NIFTY,,2024-07-11,2024-07-11,25200.00,CE,NIFTY2471125200CE,5.90,8.55,4.65,5.55,5.90,5.25,24044.50,5.55,62100,18125,3694,2327794800.00,1017,F1,25,,,,,
2024-06-27,2024-06-27,FO,NSE,IDO,65588,,NIFTY,,2024-07-25,2024-07-25,25200.00,CE,NIFTY24JUL25200CE,26.80,35.35,22.00,30.00,28.40,26.10,24044.50,30.00,85700,77475,10271,6478211575.00,3666,F1,25,,,,,
2024-06-27,2024-06-27,FO,NSE,IDO,74707,,NIFTY,,2024-08-29,2024-08-29,25200.00,CE,NIFTY24AUG25200CE,0.00,0.00,0.00,68.20,0.00,68.20,24044.50,354.60,0,0,0,0.00,0,F1,25,,,,,
2024-06-27,2024-06-27,FO,NSE,IDO,74708,,NIFTY,,2024-08-29,2024-08-29,25200.00,PE,NIFTY24AUG25200PE,0.00,0.00,0.00,2325.70,0.00,2325.70,24044.50,1194.10,0,0,0,0.00,0,F1,25,,,,,
2024-06-27,2024-06-27,FO,NSE,IDO,40804,,NIFTY,,2024-08-01,2024-08-01,22250.00,CE,NIFTY2480122250CE,0.00,0.00,0.00,1591.25,0.00,1591.25,24044.50,1979.00,0,0,0,0.00,0,F1,25,,,,,
2024-06-27,2024-06-27,FO,NSE,IDO,64274,,NIFTY,,2024-06-27,2024-06-27,22250.00,PE,NIFTY24JUN22250PE,0.40,0.40,0.05,0.05,0.05,0.45,24044.50,24044.50,176850,-200075,60503,33655073065.00,4850,F1,25,,,,,
2024-06-27,2024-06-27,FO,NSE,IDO,35633,,NIFTY,,2024-07-11,2024-07-11,22250.00,CE,NIFTY2471122250CE,0.00,0.00,0.00,931.10,0.00,931.10,24044.50,1857.30,0,0,0,0.00,0,F1,25,,,,,
2024-06-27,2024-06-27,FO,NSE,IDO,37724,,NIFTY,,2024-12-26,2024-12-26,23000.00,CE,NIFTY24DEC23000CE,1845.00,1943.60,1800.00,1925.30,1943.60,1857.90,24044.50,1925.30,528800,-3350,2653,1650456482.50,1602,F1,25,,,,,
2024-06-27,2024-06-27,FO,NSE,IDO,37748,,NIFTY,,2024-12-26,2024-12-26,23000.00,PE,NIFTY24DEC23000PE,358.95,360.00,330.00,337.85,334.00,342.95,24044.50,337.85,1858775,48500,11328,6609831248.75,4787,F1,25,,,,,
2024-06-27,2024-06-27,FO,NSE,IDO,65236,,NIFTY,,2024-07-25,2024-07-25,23550.00,PE,NIFTY24JUL23550PE,219.85,219.85,156.15,168.95,156.15,198.00,24044.50,168.95,79525,17700,4475,2655678733.75,2037,F1,25,,,,,
2024-06-27,2024-06-27,FO,NSE,IDO,40994,,NIFTY,,2024-08-01,2024-08-01,24550.00,CE,NIFTY2480124550CE,0.00,0.00,0.00,256.10,0.00,256.10,24044.50,363.05,0,0,0,0.00,0,F1,25,,,,,
2024-06-27,2024-06-27,FO,NSE,IDO,64447,,NIFTY,,2024-06-27,2024-06-27,24550.00,PE,NIFTY24JUN24550PE,711.10,711.10,493.40,504.70,506.05,676.85,24044.50,24044.50,3525,550,439,275761496.25,239,F1,25,,,,,
2024-06-27,2024-06-27,FO,NSE,IDO,41006,,NIFTY,,2024-08-01,2024-08-01,24550.00,PE,NIFTY2480124550PE,0.00,0.00,0.00,1034.00,0.00,1034.00,24044.50,697.05,0,0,0,0.00,0,F1,25,,,,,
2024-06-27,2024-06-27,FO,NSE,IDO,36648,,NIFTY,,2024-07-18,2024-07-18,23000.00,PE,NIFTY2471823000PE,63.45,66.75,49.60,51.50,49.60,63.40,24044.50,51.50,65750,29350,4675,2694685212.50,1364,F1,25,,,,,
2024-06-27,2024-06-27,FO,NSE,IDO,37795,,NIFTY,,2025-12-24,2025-12-24,23000.00,CE,NIFTY25DEC23000CE,3500.00,3500.00,3200.00,3429.00,3330.00,3360.05,24044.50,3429.00,6600,0,10,6596375.00,10,F1,25,,,,,
2024-06-27,2024-06-27,FO,NSE,IDO,35757,,NIFTY,,2024-07-11,2024-07-11,23550.00,CE,NIFTY2471123550CE,461.95,593.95,448.70,592.15,593.75,491.85,24044.50,592.15,4975,2450,690,415193740.00,331,F1,25,,,,,
2024-06-27,2024-06-27,FO,NSE,IDO,53618,,NIFTY,,2027-12-30,2027-12-30,23000.00,CE,NIFTY27DEC23000CE,0.00,0.00,0.00,4125.70,0.00,4125.70,24044.50,6869.20,0,0,0,0.00,0,F1,25,,,,,
2024-06-27,2024-06-27,FO,NSE,IDO,67766,,NIFTY,,2028-12-28,2028-12-28,16000.00,CE,NIFTY28DEC16000CE,0.00,0.00,0.00,10704.45,0.00,10704.45,24044.50,12583.30,0,0,0,0.00,0,F1,25,,,,,
2024-06-27,2024-06-27,FO,NSE,IDO,39668,,NIFTY,,2024-06-27,2024-06-27,16000.00,PE,NIFTY24JUN16000PE,0.20,0.20,0.05,0.10,0.10,0.35,24044.50,24044.50,71700,4250,9106,3642424326.25,606,F1,25,,,,,
2024-06-27,2024-06-27,FO,NSE,IDO,39680,,NIFTY,,2025-06-26,2025-06-26,16000.00,PE,NIFTY25JUN16000PE,0.00,0.00,0.00,60.15,60.15,60.15,24044.50,2.45,75,0,0,0.00,0,F1,25,,,,,
2024-06-27,2024-06-27,FO,NSE,IDO,65830,,NIFTY,,2024-09-26,2024-09-26,16000.00,PE,NIFTY24SEP16000PE,6.85,8.95,5.10,5.40,5.90,6.85,24044.50,5.40,126025,35375,2454,981950551.25,976,F1,25,,,,,
2024-06-27,2024-06-27,FO,NSE,IDO,53598,,NIFTY,,2027-12-30,2027-12-30,16000.00,PE,NIFTY27DEC16000PE,0.00,0.00,0.00,479.35,0.00,479.35,24044.50,39.15,0,0,0,0.00,0,F1,25,,,,,
2024-06-27,2024-06-27,FO,NSE,IDO,71544,,NIFTY,,2027-06-24,2027-06-24,16000.00,PE,NIFTY27JUN16000PE,0.00,0.00,0.00,1476.10,0.00,1476.10,24044.50,32.65,0,0,0,0.00,0,F1,25,,,,,
2024-06-27,2024-06-27,FO,NSE,IDO,71543,,NIFTY,,2027-06-24,2027-06-24,16000.00,CE,NIFTY27JUN16000CE,0.00,0.00,0.00,4898.40,0.00,4898.40,24044.50,11220.15,0,0,0,0.00,0,F1,25,,,,,
2024-06-27,2024-06-27,FO,NSE,IDO,64291,,NIFTY,,2024-06-27,2024-06-27,22550.00,PE,NIFTY24JUN22550PE,0.25,0.45,0.05,0.05,0.05,0.55,24044.50,24044.50,584925,-105325,188216,106107787838.75,18611,F1,25,,,,,
2024-06-27,2024-06-27,FO,NSE,IDO,35690,,NIFTY,,2024-07-11,2024-07-11,22800.00,CE,NIFTY2471122800CE,1185.00,1240.85,1185.00,1220.00,1220.00,1162.00,24044.50,1322.40,1225,425,47,28225881.25,21,F1,25,,,,,
2024-06-27,2024-06-27,FO,NSE,IDO,64317,,NIFTY,,2024-06-27,2024-06-27,22800.00,PE,NIFTY24JUN22800PE,0.40,0.50,0.05,0.10,0.10,0.90,24044.50,24044.50,2309725,-591600,984167,560982586543.75,66856,F1,25,,,,,
2024-06-27,2024-06-27,FO,NSE,IDO,41930,,NIFTY,,2024-07-04,2024-07-04,22550.00,CE,NIFTY2470422550CE,1360.00,1415.95,1360.00,1413.90,1413.90,1214.90,24044.50,1525.75,2350,-275,39,23364036.25,39,F1,25,,,,,
2024-06-27,2024-06-27,FO,NSE,IDO,45642,,NIFTY,,2024-07-04,2024-07-04,23450.00,PE,NIFTY2470423450PE,51.90,54.55,27.00,28.15,28.45,49.80,24044.50,28.15,391000,177400,79040,46408226415.00,19530,F1,25,,,,,
2024-06-27,2024-06-27,FO,NSE,IDO,86146,,NIFTY,,2028-06-29,2028-06-29,21000.00,PE,NIFTY28JUN21000PE,0.00,0.00,0.00,907.20,0.00,907.20,24044.50,336.60,0,0,0,0.00,0,F1,25,,,,,
2024-06-27,2024-06-27,FO,NSE,IDO,64560,,NIFTY,,2025-03-27,2025-03-27,21000.00,CE,NIFTY25MAR21000CE,0.00,0.00,0.00,3110.65,0.00,3110.65,24044.50,4315.70,0,0,0,0.00,0,F1,25,,,,,
2024-06-27,2024-06-27,FO,NSE,IDO,65879,,NIFTY,,2024-09-26,2024-09-26,21000.00,CE,NIFTY24SEP21000CE,3150.00,3263.25,3105.00,3255.10,3256.50,3142.00,24044.50,3255.10,36275,15625,993,600780347.50,566,F1,25,,,,,
2024-06-27,2024-06-27,FO,NSE,IDO,51449,,NIFTY,,2025-06-26,2025-06-26,21000.00,CE,NIFTY25JUN21000CE,0.00,0.00,0.00,3199.45,0.00,3199.45,24044.50,4722.55,0,0,0,0.00,0,F1,25,,,,,
2024-06-27,2024-06-27,FO,NSE,IDO,39976,,NIFTY,,2024-12-26,2024-12-26,19000.00,CE,NIFTY24DEC19000CE,5310.00,5436.45,5131.70,5388.55,5436.45,5323.90,24044.50,5388.55,144325,23625,1245,756103456.25,614,F1,25,,,,,
2024-06-27,2024-06-27,FO,NSE,IDO,67773,,NIFTY,,2028-12-28,2028-12-28,19000.00,PE,NIFTY28DEC19000PE,0.00,0.00,0.00,158.00,0.00,158.00,24044.50,170.50,0,0,0,0.00,0,F1,25,,,,,
2024-06-27,2024-06-27,FO,NSE,IDO,65847,,NIFTY,,2024-09-26,2024-09-26,19000.00,CE,NIFTY24SEP19000CE,5045.00,5198.45,5010.00,5141.05,5190.00,5064.80,24044.50,5141.05,169925,41475,3686,2222378115.00,2737,F1,25,,,,,
2024-06-27,2024-06-27,FO,NSE,IDO,53606,,NIFTY,,2027-12-30,2027-12-30,19000.00,PE,NIFTY27DEC19000PE,0.00,0.00,0.00,254.00,254.00,254.00,24044.50,163.95,775,0,0,0.00,0,F1,25,,,,,
2024-06-27,2024-06-27,FO,NSE,IDO,39987,,NIFTY,,2025-12-24,2025-12-24,19000.00,CE,NIFTY25DEC19000CE,6435.05,6500.00,6435.05,6500.00,6500.00,6250.00,24044.50,7097.95,3200,25,5,3184353.75,5,F1,25,,,,,
2024-06-27,2024-06-27,FO,NSE,IDO,39986,,NIFTY,,2025-06-26,2025-06-26,19000.00,PE,NIFTY25JUN19000PE,0.00,0.00,0.00,87.50,87.50,87.50,24044.50,50.45,600325,0,0,0.00,0,F1,25,,,,,
2024-06-27,2024-06-27,FO,NSE,IDO,86141,,NIFTY,,2028-06-29,2028-06-29,19000.00,CE,NIFTY28JUN19000CE,0.00,0.00,0.00,6252.25,0.00,6252.25,24044.50,10038.85,0,0,0,0.00,0,F1,25,,,,,
2024-06-27,2024-06-27,FO,NSE,IDO,71549,,NIFTY,,2027-06-24,2027-06-24,19000.00,CE,NIFTY27JUN19000CE,0.00,0.00,0.00,6761.00,6761.00,6761.00,24044.50,8931.40,100,0,0,0.00,0,F1,25,,,,,
2024-06-27,2024-06-27,FO,NSE,IDO,64554,,NIFTY,,2025-03-27,2025-03-27,19000.00,CE,NIFTY25MAR19000CE,0.00,0.00,0.00,4745.30,0.00,4745.30,24044.50,6084.95,0,0,0,0.00,0,F1,25,,,,,
2024-06-27,2024-06-27,FO,NSE,IDO,64555,,NIFTY,,2025-03-27,2025-03-27,19000.00,PE,NIFTY25MAR19000PE,0.00,0.00,0.00,63.55,0.00,63.55,24044.50,29.55,0,0,0,0.00,0,F1,25,,,,,
2024-06-27,2024-06-27,FO,NSE,IDO,67772,,NIFTY,,2028-12-28,2028-12-28,19000.00,CE,NIFTY28DEC19000CE,0.00,0.00,0.00,8739.00,0.00,8739.00,24044.50,10547.95,0,0,0,0.00,0,F1,25,,,,,
2024-06-27,2024-06-27,FO,NSE,IDO,64117,,NIFTY,,2024-06-27,2024-06-27,20700.00,PE,NIFTY24JUN20700PE,0.15,0.25,0.05,0.10,0.05,0.45,24044.50,24044.50,268350,-108925,19653,10170494973.75,1736,F1,25,,,,,
2024-06-27,2024-06-27,FO,NSE,IDO,41653,,NIFTY,,2024-07-04,2024-07-04,20700.00,CE,NIFTY2470420700CE,0.00,0.00,0.00,2888.30,2890.00,2888.30,24044.50,3372.75,325,0,0,0.00,0,F1,25,,,,,
2024-06-27,2024-06-27,FO,NSE,IDO,64401,,NIFTY,,2024-07-25,2024-07-25,20700.00,CE,NIFTY24JUL20700CE,3271.85,3388.70,3271.85,3367.60,3361.20,3235.00,24044.50,3367.60,9800,2350,106,63730917.50,19,F1,25,,,,,
2024-06-27,2024-06-27,FO,NSE,IDO,64112,,NIFTY,,2024-06-27,2024-06-27,20700.00,CE,NIFTY24JUN20700CE,3170.00,3356.95,3170.00,3340.95,3356.95,3173.85,24044.50,24044.50,2150,-2375,157,94300223.75,41,F1,25,,,,,
2024-06-27,2024-06-27,FO,NSE,IDO,56649,,NIFTY,,2024-08-29,2024-08-29,20700.00,PE,NIFTY24AUG20700PE,0.00,0.00,0.00,64.10,64.10,64.10,24044.50,6.20,0,0,0,0.00,0,F1,25,,,,,
2024-06-27,2024-06-27,FO,NSE,IDO,64402,,NIFTY,,2024-07-25,2024-07-25,20700.00,PE,NIFTY24JUL20700PE,6.05,9.85,6.05,8.00,8.75,7.05,24044.50,8.00,9425,-175,24,12424796.25,14,F1,25,,,,,
2024-06-27,2024-06-27,FO,NSE,IDO,56648,,NIFTY,,2024-08-29,2024-08-29,20700.00,CE,NIFTY24AUG20700CE,0.00,0.00,0.00,2213.80,0.00,2213.80,24044.50,3610.25,0,0,0,0.00,0,F1,25,,,,,
2024-06-27,2024-06-27,FO,NSE,IDO,41666,,NIFTY,,2024-07-04,2024-07-04,20700.00,PE,NIFTY2470420700PE,1.85,7.90,1.10,2.05,2.00,2.25,24044.50,2.05,404800,401175,28952,14983974613.75,2777,F1,25,,,,,
2024-06-27,2024-06-27,FO,NSE,IDO,56659,,NIFTY,,2024-08-29,2024-08-29,20950.00,PE,NIFTY24AUG20950PE,28.00,28.00,28.00,28.00,28.00,28.00,24044.50,10.05,800,25,1,524450.00,1,F1,25,,,,,
2024-06-27,2024-06-27,FO,NSE,IDO,64295,,NIFTY,,2024-06-27,2024-06-27,22600.00,PE,NIFTY24JUN22600PE,0.30,0.45,0.05,0.05,0.05,0.70,24044.50,24044.50,4831550,3048475,1118683,632061827161.25,85732,F1,25,,,,,
2024-06-27,2024-06-27,FO,NSE,IDO,56725,,NIFTY,,2024-08-29,2024-08-29,22600.00,PE,NIFTY24AUG22600PE,124.70,129.00,112.60,114.25,113.35,126.55,24044.50,114.25,51175,1350,1045,593525366.25,131,F1,25,,,,,
2024-06-27,2024-06-27,FO,NSE,IDO,65194,,NIFTY,,2024-07-25,2024-07-25,23250.00,PE,NIFTY24JUL23250PE,133.90,147.30,106.05,110.85,106.45,131.50,24044.50,110.85,28400,12400,2369,1384329282.50,1208,F1,25,,,,,
2024-06-27,2024-06-27,FO,NSE,IDO,65008,,NIFTY,,2024-07-25,2024-07-25,22600.00,PE,NIFTY24JUL22600PE,55.05,60.55,40.00,47.55,40.00,53.10,24044.50,47.55,283225,-18300,13777,7801660468.75,4021,F1,25,,,,,
2024-06-27,2024-06-27,FO,NSE,IDO,40829,,NIFTY,,2024-08-01,2024-08-01,22600.00,CE,NIFTY2480122600CE,0.00,0.00,0.00,1303.00,0.00,1303.00,24044.50,1658.90,0,0,0,0.00,0,F1,25,,,,,
2024-06-27,2024-06-27,FO,NSE,IDO,40895,,NIFTY,,2024-08-01,2024-08-01,23250.00,CE,NIFTY2480123250CE,0.00,0.00,0.00,839.60,0.00,839.60,24044.50,1117.15,0,0,0,0.00,0,F1,25,,,,,
2024-06-27,2024-06-27,FO,NSE,IDO,64144,,NIFTY,,2024-07-25,2024-07-25,20150.00,CE,NIFTY24JUL20150CE,3880.00,3922.15,3810.00,3883.65,3922.15,3630.00,24044.50,3883.65,13400,7950,364,218659971.25,67,F1,25,,,,,
2024-06-27,2024-06-27,FO,NSE,IDO,64294,,NIFTY,,2024-06-27,2024-06-27,22600.00,CE,NIFTY24JUN22600CE,1219.70,1459.10,1195.50,1439.55,1446.00,1272.75,24044.50,24044.50,908875,-18275,3076,1839068230.00,2008,F1,25,,,,,
2024-06-27,2024-06-27,FO,NSE,IDO,41932,,NIFTY,,2024-07-04,2024-07-04,22600.00,CE,NIFTY2470422600CE,1250.00,1451.05,1250.00,1439.00,1451.05,1285.00,24044.50,1439.00,14325,7500,330,197791642.50,81,F1,25,,,,,
2024-06-27,2024-06-27,FO,NSE,IDO,36658,,NIFTY,,2024-07-18,2024-07-18,23250.00,CE,NIFTY2471823250CE,0.00,0.00,0.00,672.30,0.00,672.30,24044.50,984.25,0,0,0,0.00,0,F1,25,,,,,
2024-06-27,2024-06-27,FO,NSE,IDO,36660,,NIFTY,,2024-07-18,2024-07-18,23250.00,PE,NIFTY2471823250PE,100.00,100.00,72.75,82.15,84.85,106.45,24044.50,82.15,3700,1775,83,48422621.25,30,F1,25,,,,,
2024-06-27,2024-06-27,FO,NSE,IDO,41933,,NIFTY,,2024-07-04,2024-07-04,22600.00,PE,NIFTY2470422600PE,6.10,13.95,3.00,4.50,5.50,6.20,24044.50,4.50,1035975,760950,144187,81481514466.25,27858,F1,25,,,,,
2024-06-27,2024-06-27,FO,NSE,IDO,69029,,NIFTY,,2024-07-04,2024-07-04,25350.00,PE,NIFTY2470425350PE,0.00,0.00,0.00,2183.45,0.00,2183.45,24044.50,1274.10,0,0,0,0.00,0,F1,25,,,,,
2024-06-27,2024-06-27,FO,NSE,IDO,64503,,NIFTY,,2024-06-27,2024-06-27,25350.00,PE,NIFTY24JUN25350PE,0.00,0.00,0.00,2617.30,0.00,2617.30,24044.50,24044.50,0,0,0,0.00,0,F1,25,,,,,
2024-06-27,2024-06-27,FO,NSE,IDO,65628,,NIFTY,,2024-07-25,2024-07-25,25350.00,PE,NIFTY24JUL25350PE,0.00,0.00,0.00,2389.25,0.00,2389.25,24044.50,1265.60,0,0,0,0.00,0,F1,25,,,,,
2024-06-27,2024-06-27,FO,NSE,IDO,64463,,NIFTY,,2024-06-27,2024-06-27,24750.00,CE,NIFTY24JUN24750CE,0.30,0.40,0.05,0.10,0.05,0.45,24044.50,24044.50,831200,446800,245970,152194790273.75,19568,F1,25,,,,,
2024-06-27,2024-06-27,FO,NSE,IDO,65506,,NIFTY,,2024-07-25,2024-07-25,24750.00,CE,NIFTY24JUL24750CE,73.00,105.15,69.60,95.10,96.25,77.90,24044.50,95.10,42925,36725,3354,2082860420.00,1295,F1,25,,,,,
2024-06-27,2024-06-27,FO,NSE,IDO,40908,,NIFTY,,2024-08-01,2024-08-01,23500.00,CE,NIFTY2480123500CE,712.00,803.15,685.15,798.15,803.15,720.35,24044.50,798.15,1925,-25,37,22429525.00,23,F1,25,,,,,
2024-06-27,2024-06-27,FO,NSE,IDO,36678,,NIFTY,,2024-07-18,2024-07-18,23500.00,PE,NIFTY2471823500PE,150.00,160.10,115.30,120.00,116.00,145.95,24044.50,120.00,61025,3375,5737,3389477638.75,1213,F1,25,,,,,
2024-06-27,2024-06-27,FO,NSE,IDO,35752,,NIFTY,,2024-07-11,2024-07-11,23500.00,CE,NIFTY2471123500CE,495.00,641.70,477.15,620.85,624.05,527.30,24044.50,620.85,134100,57200,9638,5799755063.75,4032,F1,25,,,,,
2024-06-27,2024-06-27,FO,NSE,IDO,40823,,NIFTY,,2024-08-01,2024-08-01,22500.00,CE,NIFTY2480122500CE,0.00,0.00,0.00,1382.95,0.00,1382.95,24044.50,1748.80,0,0,0,0.00,0,F1,25,,,,,
2024-06-27,2024-06-27,FO,NSE,IDO,64284,,NIFTY,,2024-06-27,2024-06-27,22500.00,PE,NIFTY24JUN22500PE,0.50,0.50,0.05,0.05,0.05,0.70,24044.50,24044.50,5152875,-665025,1064629,598859652190.00,71054,F1,25,,,,,
2024-06-27,2024-06-27,FO,NSE,IDO,35756,,NIFTY,,2024-07-11,2024-07-11,23500.00,PE,NIFTY2471123500PE,110.70,119.00,74.90,77.25,77.00,105.30,24044.50,77.25,395925,177375,38201,22529532137.50,13766,F1,25,,,,,
2024-06-27,2024-06-27,FO,NSE,IDO,64371,,NIFTY,,2024-06-27,2024-06-27,23500.00,PE,NIFTY24JUN23500PE,4.70,7.40,0.05,0.15,0.15,6.20,24044.50,24044.50,8579550,-2211775,11361708,6675531032428.75,1247154,F1,25,,,,,
2024-06-27,2024-06-27,FO,NSE,IDO,36677,,NIFTY,,2024-07-18,2024-07-18,23500.00,CE,NIFTY2471823500CE,555.00,700.00,547.40,672.10,679.20,589.00,24044.50,672.10,36225,23900,1831,1104177928.75,339,F1,25,,,,,
2024-06-27,2024-06-27,FO,NSE,IDO,64583,,NIFTY,,2025-03-27,2025-03-27,29000.00,PE,NIFTY25MAR29000PE,0.00,0.00,0.00,4769.60,0.00,4769.60,24044.50,3799.00,0,0,0,0.00,0,F1,25,,,,,
2024-06-27,2024-06-27,FO,NSE,IDO,38165,,NIFTY,,2027-12-30,2027-12-30,29000.00,PE,NIFTY27DEC29000PE,0.00,0.00,0.00,4227.50,0.00,4227.50,24044.50,2230.70,0,0,0,0.00,0,F1,25,,,,,
2024-06-27,2024-06-27,FO,NSE,IDO,38152,,NIFTY,,2025-12-24,2025-12-24,29000.00,CE,NIFTY25DEC29000CE,0.00,0.00,0.00,568.90,0.00,568.90,24044.50,1253.05,0,0,0,0.00,0,F1,25,,,,,
2024-06-27,2024-06-27,FO,NSE,IDO,56755,,NIFTY,,2024-08-29,2024-08-29,23350.00,PE,NIFTY24AUG23350PE,263.00,263.00,227.00,228.70,249.55,256.30,24044.50,228.70,1400,-450,29,17098268.75,8,F1,25,,,,,
2024-06-27,2024-06-27,FO,NSE,IDO,36662,,NIFTY,,2024-07-18,2024-07-18,23300.00,PE,NIFTY2471823300PE,111.65,114.50,82.10,84.50,82.30,103.85,24044.50,84.50,16650,6650,596,348563096.25,165,F1,25,,,,,
2024-06-27,2024-06-27,FO,NSE,IDO,40898,,NIFTY,,2024-08-01,2024-08-01,23300.00,CE,NIFTY2480123300CE,0.00,0.00,0.00,808.50,0.00,808.50,24044.50,1079.25,0,0,0,0.00,0,F1,25,,,,,
2024-06-27,2024-06-27,FO,NSE,IDO,36661,,NIFTY,,2024-07-18,2024-07-18,23300.00,CE,NIFTY2471823300CE,722.05,853.85,722.05,828.60,853.85,756.40,24044.50,828.60,1025,-375,75,45179567.50,42,F1,25,,,,,
2024-06-27,2024-06-27,FO,NSE,IDO,40899,,NIFTY,,2024-08-01,2024-08-01,23300.00,PE,NIFTY2480123300PE,0.00,0.00,0.00,177.10,177.10,177.10,24044.50,172.00,350,0,0,0.00,0,F1,25,,,,,
2024-06-27,2024-06-27,FO,NSE,IDO,56633,,NIFTY,,2024-08-29,2024-08-29,20300.00,PE,NIFTY24AUG20300PE,0.00,0.00,0.00,27.30,0.00,27.30,24044.50,2.70,0,0,0,0.00,0,F1,25,,,,,
2024-06-27,2024-06-27,FO,NSE,IDO,64086,,NIFTY,,2024-06-27,2024-06-27,20300.00,CE,NIFTY24JUN20300CE,3590.00,3761.80,3590.00,3758.45,3761.80,3582.50,24044.50,24044.50,1500,-7925,390,233575258.75,61,F1,25,,,,,
2024-06-27,2024-06-27,FO,NSE,IDO,64154,,NIFTY,,2024-07-25,2024-07-25,20300.00,PE,NIFTY24JUL20300PE,5.00,10.70,5.00,8.30,7.15,6.00,24044.50,8.30,7300,75,57,28937746.25,28,F1,25,,,,,
2024-06-27,2024-06-27,FO,NSE,IDO,56632,,NIFTY,,2024-08-29,2024-08-29,20300.00,CE,NIFTY24AUG20300CE,0.00,0.00,0.00,2581.55,0.00,2581.55,24044.50,4001.70,0,0,0,0.00,0,F1,25,,,,,
2024-06-27,2024-06-27,FO,NSE,IDO,53603,,NIFTY,,2027-12-30,2027-12-30,18000.00,CE,NIFTY27DEC18000CE,0.00,0.00,0.00,6285.70,0.00,6285.70,24044.50,10224.70,0,0,0,0.00,0,F1,25,,,,,
2024-06-27,2024-06-27,FO,NSE,IDO,65842,,NIFTY,,2024-09-26,2024-09-26,18000.00,PE,NIFTY24SEP18000PE,9.15,14.85,7.00,7.50,7.40,9.10,24044.50,7.50,12000,10800,578,260227513.75,376,F1,25,,,,,
2024-06-27,2024-06-27,FO,NSE,IDO,41729,,NIFTY,,2024-07-04,2024-07-04,21200.00,PE,NIFTY2470421200PE,1.85,4.00,1.30,2.15,2.15,2.10,24044.50,2.15,74950,69025,8575,4545172101.25,2531,F1,25,,,,,
2024-06-27,2024-06-27,FO,NSE,IDO,64175,,NIFTY,,2024-06-27,2024-06-27,21200.00,PE,NIFTY24JUN21200PE,0.20,0.35,0.05,0.10,0.15,0.50,24044.50,24044.50,123400,-30250,7699,4080498873.75,1217,F1,25,,,,,
2024-06-27,2024-06-27,FO,NSE,IDO,41720,,NIFTY,,2024-07-04,2024-07-04,21200.00,CE,NIFTY2470421200CE,2660.00,2791.00,2660.00,2791.00,2791.00,2577.55,24044.50,2873.40,1550,875,40,23956550.00,6,F1,25,,,,,
2024-06-27,2024-06-27,FO,NSE,IDO,65269,,NIFTY,,2024-07-25,2024-07-25,23900.00,CE,NIFTY24JUL23900CE,392.45,490.00,362.00,466.00,463.45,399.55,24044.50,466.00,435925,106200,41955,25518940846.25,16331,F1,25,,,,,
2024-06-27,2024-06-27,FO,NSE,IDO,49582,,NIFTY,,2024-07-04,2024-07-04,24050.00,CE,NIFTY2470424050CE,112.00,176.60,86.05,156.45,160.65,110.60,24044.50,156.45,873500,675675,318957,192874592325.00,90308,F1,25,,,,,
2024-06-27,2024-06-27,FO,NSE,IDO,49591,,NIFTY,,2024-07-04,2024-07-04,24050.00,PE,NIFTY2470424050PE,278.80,296.55,160.00,168.70,163.90,257.50,24044.50,168.70,625000,590375,136687,82826059615.00,42168,F1,25,,,,,
2024-06-27,2024-06-27,FO,NSE,IDO,64425,,NIFTY,,2024-06-27,2024-06-27,24050.00,PE,NIFTY24JUN24050PE,240.85,267.80,0.85,12.25,5.45,197.45,24044.50,24044.50,11660000,11615425,16481415,9924171150883.75,4906360,F1,25,,,,,
2024-06-27,2024-06-27,FO,NSE,IDO,40941,,NIFTY,,2024-08-01,2024-08-01,24050.00,CE,NIFTY2480124050CE,0.00,0.00,0.00,425.90,0.00,425.90,24044.50,593.05,0,0,0,0.00,0,F1,25,,,,,
2024-06-27,2024-06-27,FO,NSE,IDO,40944,,NIFTY,,2024-08-01,2024-08-01,24050.00,PE,NIFTY2480124050PE,0.00,0.00,0.00,628.25,628.25,628.25,24044.50,430.60,25,0,0,0.00,0,F1,25,,,,,
2024-06-27,2024-06-27,FO,NSE,IDO,74634,,NIFTY,,2024-08-29,2024-08-29,24050.00,PE,NIFTY24AUG24050PE,490.40,490.40,445.00,451.15,448.80,512.00,24044.50,451.15,1100,700,61,37380421.25,22,F1,25,,,,,
2024-06-27,2024-06-27,FO,NSE,IDO,50461,,NIFTY,,2026-06-25,2026-06-25,16000.00,CE,NIFTY26JUN16000CE,0.00,0.00,0.00,4748.30,0.00,4748.30,24044.50,10232.15,0,0,0,0.00,0,F1,25,,,,,
2024-06-27,2024-06-27,FO,NSE,IDO,39672,,NIFTY,,2024-12-26,2024-12-26,16000.00,PE,NIFTY24DEC16000PE,19.85,19.85,19.85,19.85,19.85,15.55,24044.50,0.10,16925,50,2,800992.50,2,F1,25,,,,,
2024-06-27,2024-06-27,FO,NSE,IDO,65829,,NIFTY,,2024-09-26,2024-09-26,16000.00,CE,NIFTY24SEP16000CE,7900.00,8121.00,7900.00,8046.85,8103.55,7939.00,24044.50,8046.85,459925,138900,5923,3553410972.50,2382,F1,25,,,,,
2024-06-27,2024-06-27,FO,NSE,IDO,49178,,NIFTY,,2025-12-24,2025-12-24,16000.00,PE,NIFTY25DEC16000PE,0.00,0.00,0.00,33.95,33.95,33.95,24044.50,8.70,2150,0,0,0.00,0,F1,25,,,,,
2024-06-27,2024-06-27,FO,NSE,IDO,86136,,NIFTY,,2028-06-29,2028-06-29,16000.00,PE,NIFTY28JUN16000PE,0.00,0.00,0.00,194.20,0.00,194.20,24044.50,44.10,0,0,0,0.00,0,F1,25,,,,,
2024-06-27,2024-06-27,FO,NSE,IDO,41907,,NIFTY,,2024-07-04,2024-07-04,22300.00,PE,NIFTY2470422300PE,4.35,7.50,2.10,3.25,3.10,4.30,24044.50,3.25,777250,478600,115968,64660928150.00,19996,F1,25,,,,,
2024-06-27,2024-06-27,FO,NSE,IDO,64282,,NIFTY,,2024-06-27,2024-06-27,22450.00,PE,NIFTY24JUN22450PE,0.30,0.40,0.05,0.05,0.10,0.65,24044.50,24044.50,163050,-189650,127947,71810968801.25,10991,F1,25,,,,,
2024-06-27,2024-06-27,FO,NSE,IDO,35668,,NIFTY,,2024-07-11,2024-07-11,22450.00,PE,NIFTY2471122450PE,15.60,15.70,10.60,13.90,11.95,13.95,24044.50,13.90,6075,2200,230,129162685.00,31,F1,25,,,,,
2024-06-27,2024-06-27,FO,NSE,IDO,64275,,NIFTY,,2024-06-27,2024-06-27,22300.00,CE,NIFTY24JUN22300CE,1525.05,1761.30,1500.00,1742.60,1748.00,1572.15,24044.50,24044.50,231850,-975,1261,754692382.50,524,F1,25,,,,,
2024-06-27,2024-06-27,FO,NSE,IDO,64276,,NIFTY,,2024-06-27,2024-06-27,22300.00,PE,NIFTY24JUN22300PE,0.40,0.40,0.05,0.05,0.05,0.60,24044.50,24044.50,795075,-54500,104240,58114299133.75,8409,F1,25,,,,,
2024-06-27,2024-06-27,FO,NSE,IDO,40820,,NIFTY,,2024-08-01,2024-08-01,22450.00,PE,NIFTY2480122450PE,0.00,0.00,0.00,125.10,125.10,125.10,24044.50,42.95,25,0,0,0.00,0,F1,25,,,,,
2024-06-27,2024-06-27,FO,NSE,IDO,41926,,NIFTY,,2024-07-04,2024-07-04,22450.00,PE,NIFTY2470422450PE,4.80,13.90,2.60,3.90,7.90,5.00,24044.50,3.90,151450,99175,14167,7952550980.00,4129,F1,25,,,,,
2024-06-27,2024-06-27,FO,NSE,IDO,36571,,NIFTY,,2024-07-18,2024-07-18,22300.00,PE,NIFTY2471822300PE,23.80,27.85,20.00,20.00,20.00,99.30,24044.50,20.00,1325,1325,64,35713362.50,14,F1,25,,,,,
2024-06-27,2024-06-27,FO,NSE,IDO,35524,,NIFTY,,2024-07-11,2024-07-11,21350.00,PE,NIFTY2471121350PE,0.00,0.00,0.00,47.30,0.00,47.30,24044.50,0.05,0,0,0,0.00,0,F1,25,,,,,
2024-06-27,2024-06-27,FO,NSE,IDO,40087,,NIFTY,,2024-12-26,2024-12-26,15000.00,PE,NIFTY24DEC15000PE,12.05,12.30,5.80,12.00,12.00,13.80,24044.50,12.00,27150,900,185,69429345.00,67,F1,25,,,,,
2024-06-27,2024-06-27,FO,NSE,IDO,40091,,NIFTY,,2025-06-26,2025-06-26,15000.00,PE,NIFTY25JUN15000PE,0.00,0.00,0.00,21.25,21.25,21.25,24044.50,0.65,1700,0,0,0.00,0,F1,25,,,,,
2024-06-27,2024-06-27,FO,NSE,IDO,53595,,NIFTY,,2027-12-30,2027-12-30,15000.00,PE,NIFTY27DEC15000PE,0.00,0.00,0.00,27.80,27.80,27.80,24044.50,21.50,350,0,0,0.00,0,F1,25,,,,,
2024-06-27,2024-06-27,FO,NSE,IDO,56717,,NIFTY,,2024-08-29,2024-08-29,22400.00,PE,NIFTY24AUG22400PE,95.00,115.00,79.05,93.45,90.55,99.50,24044.50,93.45,88150,11925,856,481396762.50,113,F1,25,,,,,
2024-06-27,2024-06-27,FO,NSE,IDO,35898,,NIFTY,,2024-07-11,2024-07-11,25150.00,PE,NIFTY2471125150PE,0.00,0.00,0.00,2178.85,0.00,2178.85,24044.50,1078.25,0,0,0,0.00,0,F1,25,,,,,
2024-06-27,2024-06-27,FO,NSE,IDO,41083,,NIFTY,,2024-08-01,2024-08-01,25150.00,PE,NIFTY2480125150PE,0.00,0.00,0.00,1500.30,0.00,1500.30,24044.50,1111.45,0,0,0,0.00,0,F1,25,,,,,
2024-06-27,2024-06-27,FO,NSE,IDO,40831,,NIFTY,,2024-08-01,2024-08-01,22650.00,CE,NIFTY2480122650CE,0.00,0.00,0.00,1263.85,0.00,1263.85,24044.50,1614.50,0,0,0,0.00,0,F1,25,,,,,
2024-06-27,2024-06-27,FO,NSE,IDO,64296,,NIFTY,,2024-06-27,2024-06-27,22650.00,CE,NIFTY24JUN22650CE,1180.00,1407.05,1180.00,1395.85,1395.10,1229.60,24044.50,24044.50,19575,-2000,265,158706477.50,108,F1,25,,,,,
2024-06-27,2024-06-27,FO,NSE,IDO,36595,,NIFTY,,2024-07-18,2024-07-18,22650.00,PE,NIFTY2471822650PE,36.45,36.45,36.45,36.45,36.45,111.55,24044.50,25.05,25,0,1,567161.25,1,F1,25,,,,,
2024-06-27,2024-06-27,FO,NSE,IDO,65010,,NIFTY,,2024-07-25,2024-07-25,22650.00,PE,NIFTY24JUL22650PE,54.00,63.95,48.45,51.80,48.45,57.00,24044.50,51.80,26875,7350,1292,733388160.00,491,F1,25,,,,,
2024-06-27,2024-06-27,FO,NSE,IDO,65009,,NIFTY,,2024-07-25,2024-07-25,22650.00,CE,NIFTY24JUL22650CE,1472.65,1472.65,1472.65,1472.65,1472.65,1213.75,24044.50,1472.65,1900,25,1,603066.25,1,F1,25,,,,,
2024-06-27,2024-06-27,FO,NSE,IDO,65915,,NIFTY,,2024-09-26,2024-09-26,27000.00,CE,NIFTY24SEP27000CE,20.05,25.30,15.20,18.35,19.30,22.00,24044.50,18.35,236000,62050,8837,5969286530.00,4520,F1,25,,,,,
2024-06-27,2024-06-27,FO,NSE,IDO,50981,,NIFTY,,2027-06-24,2027-06-24,27000.00,CE,NIFTY27JUN27000CE,0.00,0.00,0.00,1932.50,0.00,1932.50,24044.50,4029.70,0,0,0,0.00,0,F1,25,,,,,
2024-06-27,2024-06-27,FO,NSE,IDO,50967,,NIFTY,,2024-12-26,2024-12-26,27000.00,PE,NIFTY24DEC27000PE,2410.00,2457.65,2250.00,2290.85,2280.00,2391.75,24044.50,2290.85,54975,36000,2233,1636088406.25,1296,F1,25,,,,,
2024-06-27,2024-06-27,FO,NSE,IDO,53632,,NIFTY,,2027-12-30,2027-12-30,27000.00,PE,NIFTY27DEC27000PE,0.00,0.00,0.00,3794.40,0.00,3794.40,24044.50,1557.85,0,0,0,0.00,0,F1,25,,,,,
2024-06-27,2024-06-27,FO,NSE,IDO,64576,,NIFTY,,2025-03-27,2025-03-27,27000.00,CE,NIFTY25MAR27000CE,0.00,0.00,0.00,282.00,282.00,282.00,24044.50,829.85,50,0,0,0.00,0,F1,25,,,,,
2024-06-27,2024-06-27,FO,NSE,IDO,50965,,NIFTY,,2024-06-27,2024-06-27,27000.00,PE,NIFTY24JUN27000PE,3179.80,3200.00,2950.00,2978.85,2960.60,3113.60,24044.50,24044.50,25975,-20000,1860,1396389615.00,631,F1,25,,,,,
2024-06-27,2024-06-27,FO,NSE,IDO,53631,,NIFTY,,2027-12-30,2027-12-30,27000.00,CE,NIFTY27DEC27000CE,0.00,0.00,0.00,2889.80,0.00,2889.80,24044.50,4712.05,0,0,0,0.00,0,F1,25,,,,,
2024-06-27,2024-06-27,FO,NSE,IDO,50978,,NIFTY,,2026-12-31,2026-12-31,27000.00,CE,NIFTY26DEC27000CE,0.00,0.00,0.00,1651.65,0.00,1651.65,24044.50,3378.80,0,0,0,0.00,0,F1,25,,,,,
2024-06-27,2024-06-27,FO,NSE,IDO,50972,,NIFTY,,2025-12-24,2025-12-24,27000.00,PE,NIFTY25DEC27000PE,0.00,0.00,0.00,7112.80,0.00,7112.80,24044.50,2096.20,0,0,0,0.00,0,F1,25,,,,,
2024-06-27,2024-06-27,FO,NSE,IDO,67789,,NIFTY,,2028-12-28,2028-12-28,27000.00,PE,NIFTY28DEC27000PE,0.00,0.00,0.00,1413.85,0.00,1413.85,24044.50,1346.05,0,0,0,0.00,0,F1,25,,,,,
2024-06-27,2024-06-27,FO,NSE,IDO,64436,,NIFTY,,2024-06-27,2024-06-27,24350.00,CE,NIFTY24JUN24350CE,0.70,1.90,0.05,0.10,0.05,1.00,24044.50,24044.50,3463275,1492550,7304079,4446473005283.76,763677,F1,25,,,,,
2024-06-27,2024-06-27,FO,NSE,IDO,36810,,NIFTY,,2024-07-18,2024-07-18,24350.00,CE,NIFTY2471824350CE,0.00,0.00,0.00,214.40,0.00,214.40,24044.50,301.65,0,0,0,0.00,0,F1,25,,,,,
2024-06-27,2024-06-27,FO,NSE,IDO,36811,,NIFTY,,2024-07-18,2024-07-18,24350.00,PE,NIFTY2471824350PE,0.00,0.00,0.00,995.90,0.00,995.90,24044.50,507.75,0,0,0,0.00,0,F1,25,,,,,
2024-06-27,2024-06-27,FO,NSE,IDO,63912,,NIFTY,,2024-07-04,2024-07-04,24350.00,PE,NIFTY2470424350PE,515.05,529.95,339.65,357.25,349.00,478.60,24044.50,357.25,9200,5375,2016,1247766170.00,995,F1,25,,,,,
2024-06-27,2024-06-27,FO,NSE,IDO,56677,,NIFTY,,2024-08-29,2024-08-29,21400.00,PE,NIFTY24AUG21400PE,0.00,0.00,0.00,40.00,40.00,40.00,24044.50,22.35,4525,0,0,0.00,0,F1,25,,,,,
2024-06-27,2024-06-27,FO,NSE,IDO,64706,,NIFTY,,2024-07-25,2024-07-25,21400.00,PE,NIFTY24JUL21400PE,12.15,13.95,8.05,13.20,13.30,11.80,24044.50,13.20,153875,-24050,7243,3877288841.25,1632,F1,25,,,,,
2024-06-27,2024-06-27,FO,NSE,IDO,41754,,NIFTY,,2024-07-04,2024-07-04,21400.00,CE,NIFTY2470421400CE,2610.00,2610.00,2600.00,2600.00,2600.00,2482.45,24044.50,2673.70,1300,600,24,14401000.00,6,F1,25,,,,,
2024-06-27,2024-06-27,FO,NSE,IDO,35525,,NIFTY,,2024-07-11,2024-07-11,21400.00,CE,NIFTY2471121400CE,0.00,0.00,0.00,1622.45,0.00,1622.45,24044.50,2702.85,0,0,0,0.00,0,F1,25,,,,,
2024-06-27,2024-06-27,FO,NSE,IDO,56676,,NIFTY,,2024-08-29,2024-08-29,21400.00,CE,NIFTY24AUG21400CE,0.00,0.00,0.00,1613.10,0.00,1613.10,24044.50,2935.15,0,0,0,0.00,0,F1,25,,,,,
2024-06-27,2024-06-27,FO,NSE,IDO,64703,,NIFTY,,2024-07-25,2024-07-25,21400.00,CE,NIFTY24JUL21400CE,2540.00,2640.00,2516.80,2640.00,2640.00,2442.00,24044.50,2640.00,4200,250,22,13194025.00,11,F1,25,,,,,
2024-06-27,2024-06-27,FO,NSE,IDO,35526,,NIFTY,,2024-07-11,2024-07-11,21400.00,PE,NIFTY2471121400PE,0.00,0.00,0.00,51.95,0.00,51.95,24044.50,0.05,0,0,0,0.00,0,F1,25,,,,,
2024-06-27,2024-06-27,FO,NSE,IDO,64221,,NIFTY,,2024-06-27,2024-06-27,21400.00,PE,NIFTY24JUN21400PE,0.15,0.20,0.05,0.10,0.15,0.45,24044.50,24044.50,202275,-15600,14243,7620049473.75,2237,F1,25,,,,,
2024-06-27,2024-06-27,FO,NSE,IDO,37723,,NIFTY,,2024-06-27,2024-06-27,23000.00,PE,NIFTY24JUN23000PE,0.50,0.95,0.05,0.10,0.20,1.25,24044.50,24044.50,7842725,-5025525,5306659,3051387091792.50,367784,F1,25,,,,,
2024-06-27,2024-06-27,FO,NSE,IDO,40872,,NIFTY,,2024-08-01,2024-08-01,23000.00,PE,NIFTY2480123000PE,124.75,124.75,103.65,105.80,104.00,246.15,24044.50,105.80,350,350,27,15600495.00,15,F1,25,,,,,
2024-06-27,2024-06-27,FO,NSE,IDO,36845,,NIFTY,,2024-07-18,2024-07-18,24550.00,PE,NIFTY2471824550PE,0.00,0.00,0.00,1147.25,0.00,1147.25,24044.50,632.90,0,0,0,0.00,0,F1,25,,,,,
2024-06-27,2024-06-27,FO,NSE,IDO,37799,,NIFTY,,2026-06-25,2026-06-25,23000.00,CE,NIFTY26JUN23000CE,0.00,0.00,0.00,2645.65,0.00,2645.65,24044.50,4816.35,0,0,0,0.00,0,F1,25,,,,,
2024-06-27,2024-06-27,FO,NSE,IDO,37796,,NIFTY,,2025-12-24,2025-12-24,23000.00,PE,NIFTY25DEC23000PE,641.90,675.00,640.00,645.00,650.00,641.90,24044.50,645.00,44075,2850,283,167336388.75,63,F1,25,,,,,
2024-06-27,2024-06-27,FO,NSE,IDO,74722,,NIFTY,,2024-08-29,2024-08-29,25550.00,CE,NIFTY24AUG25550CE,0.00,0.00,0.00,44.40,0.00,44.40,24044.50,262.55,0,0,0,0.00,0,F1,25,,,,,
2024-06-27,2024-06-27,FO,NSE,IDO,35915,,NIFTY,,2024-07-11,2024-07-11,25550.00,CE,NIFTY2471125550CE,5.00,5.20,4.50,5.20,5.20,12.25,24044.50,5.20,825,825,34,21721797.50,4,F1,25,,,,,
2024-06-27,2024-06-27,FO,NSE,IDO,41117,,NIFTY,,2024-08-01,2024-08-01,25500.00,PE,NIFTY2480125500PE,0.00,0.00,0.00,1800.90,0.00,1800.90,24044.50,1392.15,0,0,0,0.00,0,F1,25,,,,,
2024-06-27,2024-06-27,FO,NSE,IDO,64511,,NIFTY,,2024-06-27,2024-06-27,25500.00,PE,NIFTY24JUN25500PE,0.00,0.00,0.00,2756.50,0.00,2756.50,24044.50,24044.50,0,0,0,0.00,0,F1,25,,,,,
2024-06-27,2024-06-27,FO,NSE,IDO,65468,,NIFTY,,2024-07-25,2024-07-25,24550.00,CE,NIFTY24JUL24550CE,120.80,163.10,107.90,150.80,152.55,122.90,24044.50,150.80,58875,4925,3381,2086657982.50,1089,F1,25,,,,,
2024-06-27,2024-06-27,FO,NSE,IDO,64379,,NIFTY,,2024-06-27,2024-06-27,23550.00,PE,NIFTY24JUN23550PE,7.80,10.35,0.05,0.15,0.05,7.90,24044.50,24044.50,4444500,4100,7507107,4420246228178.75,1014212,F1,25,,,,,
2024-06-27,2024-06-27,FO,NSE,IDO,35704,,NIFTY,,2024-07-11,2024-07-11,23000.00,CE,NIFTY2471123000CE,910.00,1085.35,899.00,1053.25,1072.60,953.05,24044.50,1053.25,22425,7000,530,318267301.25,208,F1,25,,,,,
2024-06-27,2024-06-27,FO,NSE,IDO,37794,,NIFTY,,2025-06-26,2025-06-26,23000.00,PE,NIFTY25JUN23000PE,600.00,600.00,550.35,572.00,552.00,624.90,24044.50,572.00,2600,275,13,7664558.75,11,F1,25,,,,,
2024-06-27,2024-06-27,FO,NSE,IDO,65104,,NIFTY,,2024-07-25,2024-07-25,23000.00,PE,NIFTY24JUL23000PE,94.85,103.85,75.00,79.65,77.35,92.00,24044.50,79.65,3489225,273325,123694,71397212971.25,33185,F1,25,,,,,
2024-06-27,2024-06-27,FO,NSE,IDO,35833,,NIFTY,,2024-07-11,2024-07-11,24550.00,PE,NIFTY2471124550PE,587.70,587.70,587.70,587.70,587.70,816.05,24044.50,587.70,100,25,1,628442.50,1,F1,25,,,,,
2024-06-27,2024-06-27,FO,NSE,IDO,40916,,NIFTY,,2024-08-01,2024-08-01,23550.00,PE,NIFTY2480123550PE,0.00,0.00,0.00,449.60,0.00,449.60,24044.50,240.15,0,0,0,0.00,0,F1,25,,,,,
2024-06-27,2024-06-27,FO,NSE,IDO,86149,,NIFTY,,2028-06-29,2028-06-29,23000.00,CE,NIFTY28JUN23000CE,0.00,0.00,0.00,4323.10,0.00,4323.10,24044.50,7482.40,0,0,0,0.00,0,F1,25,,,,,
2024-06-27,2024-06-27,FO,NSE,IDO,36840,,NIFTY,,2024-07-18,2024-07-18,24550.00,CE,NIFTY2471824550CE,0.00,0.00,0.00,167.20,0.00,167.20,24044.50,227.60,0,0,0,0.00,0,F1,25,,,,,
2024-06-27,2024-06-27,FO,NSE,IDO,64512,,NIFTY,,2024-06-27,2024-06-27,25550.00,CE,NIFTY24JUN25550CE,0.20,0.30,0.05,0.10,0.10,36.70,24044.50,24044.50,8100,8100,3615,2309096088.75,607,F1,25,,,,,
2024-06-27,2024-06-27,FO,NSE,IDO,36950,,NIFTY,,2024-07-18,2024-07-18,25550.00,CE,NIFTY2471825550CE,13.50,13.50,9.00,10.40,10.40,39.10,24044.50,39.40,150,150,7,4473053.75,6,F1,25,,,,,
2024-06-27,2024-06-27,FO,NSE,IDO,74723,,NIFTY,,2024-08-29,2024-08-29,25550.00,PE,NIFTY24AUG25550PE,0.00,0.00,0.00,2645.55,0.00,2645.55,24044.50,1447.70,0,0,0,0.00,0,F1,25,,,,,
2024-06-27,2024-06-27,FO,NSE,IDO,69034,,NIFTY,,2024-07-04,2024-07-04,25500.00,CE,NIFTY2470425500CE,1.70,1.70,0.75,0.85,0.95,9.75,24044.50,0.85,951225,951225,142637,90934712158.75,9809,F1,25,,,,,
2024-06-27,2024-06-27,FO,NSE,IDO,35913,,NIFTY,,2024-07-11,2024-07-11,25500.00,CE,NIFTY2471125500CE,7.70,7.70,3.35,3.60,3.50,13.45,24044.50,3.60,36100,36100,2523,1608670791.25,512,F1,25,,,,,
2024-06-27,2024-06-27,FO,NSE,IDO,74721,,NIFTY,,2024-08-29,2024-08-29,25500.00,PE,NIFTY24AUG25500PE,0.00,0.00,0.00,2599.35,0.00,2599.35,24044.50,1410.20,0,0,0,0.00,0,F1,25,,,,,
2024-06-27,2024-06-27,FO,NSE,IDO,36949,,NIFTY,,2024-07-18,2024-07-18,25500.00,PE,NIFTY2471825500PE,0.00,0.00,0.00,1965.85,0.00,1965.85,24044.50,1395.05,0,0,0,0.00,0,F1,25,,,,,
2024-06-27,2024-06-27,FO,NSE,IDO,49559,,NIFTY,,2024-07-04,2024-07-04,23850.00,CE,NIFTY2470423850CE,204.55,300.45,169.25,273.80,283.90,208.50,24044.50,273.80,346550,51350,209251,125952131735.00,67526,F1,25,,,,,
2024-06-27,2024-06-27,FO,NSE,IDO,65265,,NIFTY,,2024-07-25,2024-07-25,23850.00,CE,NIFTY24JUL23850CE,423.00,519.05,390.55,501.90,508.20,428.40,24044.50,501.90,47600,-13225,6122,3719831515.00,2363,F1,25,,,,,
2024-06-27,2024-06-27,FO,NSE,IDO,36532,,NIFTY,,2024-07-18,2024-07-18,21800.00,CE,NIFTY2471821800CE,0.00,0.00,0.00,1792.00,0.00,1792.00,24044.50,2335.50,0,0,0,0.00,0,F1,25,,,,,
2024-06-27,2024-06-27,FO,NSE,IDO,64173,,NIFTY,,2024-06-27,2024-06-27,21150.00,PE,NIFTY24JUN21150PE,0.25,0.25,0.05,0.10,0.05,0.50,24044.50,24044.50,55075,10625,4958,2621561130.00,1067,F1,25,,,,,
2024-06-27,2024-06-27,FO,NSE,IDO,35503,,NIFTY,,2024-07-11,2024-07-11,21150.00,PE,NIFTY2471121150PE,4.00,4.95,4.00,4.10,4.95,6.90,24044.50,4.10,725,525,21,11105897.50,6,F1,25,,,,,
2024-06-27,2024-06-27,FO,NSE,IDO,35502,,NIFTY,,2024-07-11,2024-07-11,21150.00,CE,NIFTY2471121150CE,0.00,0.00,0.00,1850.60,0.00,1850.60,24044.50,2952.15,0,0,0,0.00,0,F1,25,,,,,
2024-06-27,2024-06-27,FO,NSE,IDO,56666,,NIFTY,,2024-08-29,2024-08-29,21150.00,CE,NIFTY24AUG21150CE,0.00,0.00,0.00,1819.90,0.00,1819.90,24044.50,3174.20,0,0,0,0.00,0,F1,25,,,,,
2024-06-27,2024-06-27,FO,NSE,IDO,64522,,NIFTY,,2024-07-25,2024-07-25,21150.00,PE,NIFTY24JUL21150PE,11.70,12.20,11.05,12.15,12.20,14.65,24044.50,12.15,9900,0,9,4761428.75,7,F1,25,,,,,
2024-06-27,2024-06-27,FO,NSE,IDO,64079,,NIFTY,,2024-06-27,2024-06-27,20200.00,PE,NIFTY24JUN20200PE,0.15,0.20,0.05,0.10,0.05,0.30,24044.50,24044.50,155050,-22775,21527,10871188183.75,1567,F1,25,,,,,
2024-06-27,2024-06-27,FO,NSE,IDO,41569,,NIFTY,,2024-07-04,2024-07-04,20200.00,PE,NIFTY2470420200PE,1.75,1.95,0.75,1.15,1.55,1.80,24044.50,1.15,882275,835300,87832,44357524195.00,5104,F1,25,,,,,
2024-06-27,2024-06-27,FO,NSE,IDO,56629,,NIFTY,,2024-08-29,2024-08-29,20200.00,PE,NIFTY24AUG20200PE,0.00,0.00,0.00,27.90,27.90,27.90,24044.50,2.15,2275,0,0,0.00,0,F1,25,,,,,
2024-06-27,2024-06-27,FO,NSE,IDO,41568,,NIFTY,,2024-07-04,2024-07-04,20200.00,CE,NIFTY2470420200CE,3765.00,3765.00,3765.00,3765.00,3765.00,3550.00,24044.50,3872.05,275,125,5,2995625.00,2,F1,25,,,,,
2024-06-27,2024-06-27,FO,NSE,IDO,40779,,NIFTY,,2024-08-01,2024-08-01,21750.00,CE,NIFTY2480121750CE,0.00,0.00,0.00,2036.95,0.00,2036.95,24044.50,2456.20,0,0,0,0.00,0,F1,25,,,,,
2024-06-27,2024-06-27,FO,NSE,IDO,64255,,NIFTY,,2024-06-27,2024-06-27,21750.00,CE,NIFTY24JUN21750CE,2210.00,2306.10,2201.25,2303.05,2300.00,1990.00,24044.50,24044.50,4900,-1200,52,31158911.25,9,F1,25,,,,,
2024-06-27,2024-06-27,FO,NSE,IDO,36529,,NIFTY,,2024-07-18,2024-07-18,21750.00,CE,NIFTY2471821750CE,0.00,0.00,0.00,1837.90,0.00,1837.90,24044.50,2385.00,0,0,0,0.00,0,F1,25,,,,,
2024-06-27,2024-06-27,FO,NSE,IDO,40888,,NIFTY,,2024-08-01,2024-08-01,23150.00,PE,NIFTY2480123150PE,138.30,138.30,123.90,131.90,123.90,138.60,24044.50,131.90,200,50,4,2328188.75,4,F1,25,,,,,
2024-06-27,2024-06-27,FO,NSE,IDO,65232,,NIFTY,,2024-07-25,2024-07-25,23500.00,PE,NIFTY24JUL23500PE,189.10,204.90,150.05,156.60,151.05,183.80,24044.50,156.60,3234825,510150,150143,88871346731.25,42793,F1,25,,,,,
2024-06-27,2024-06-27,FO,NSE,IDO,35670,,NIFTY,,2024-07-11,2024-07-11,22500.00,PE,NIFTY2471122500PE,17.00,17.00,11.55,12.40,12.65,15.70,24044.50,12.40,409700,189700,32238,18144251266.25,10346,F1,25,,,,,
2024-06-27,2024-06-27,FO,NSE,IDO,40824,,NIFTY,,2024-08-01,2024-08-01,22500.00,PE,NIFTY2480122500PE,64.95,73.95,59.95,65.85,67.95,64.95,24044.50,65.85,4525,3150,151,85175671.25,43,F1,25,,,,,
2024-06-27,2024-06-27,FO,NSE,IDO,64107,,NIFTY,,2024-06-27,2024-06-27,20600.00,PE,NIFTY24JUN20600PE,0.15,0.35,0.05,0.10,0.10,0.45,24044.50,24044.50,261075,-32500,20543,10579721440.00,2028,F1,25,,,,,
2024-06-27,2024-06-27,FO,NSE,IDO,65002,,NIFTY,,2024-07-25,2024-07-25,22500.00,PE,NIFTY24JUL22500PE,47.40,53.15,38.75,41.90,38.75,46.70,24044.50,41.90,1765000,19400,79819,44988474320.00,20810,F1,25,,,,,
2024-06-27,2024-06-27,FO,NSE,IDO,45647,,NIFTY,,2024-07-04,2024-07-04,23500.00,CE,NIFTY2470423500CE,459.95,591.25,401.95,572.70,571.00,459.95,24044.50,572.70,646950,47825,71739,43064154536.25,29281,F1,25,,,,,
2024-06-27,2024-06-27,FO,NSE,IDO,65001,,NIFTY,,2024-07-25,2024-07-25,22500.00,CE,NIFTY24JUL22500CE,1475.00,1647.30,1450.00,1624.50,1634.70,1512.30,24044.50,1624.50,354175,11475,8767,5275535783.75,3305,F1,25,,,,,
2024-06-27,2024-06-27,FO,NSE,IDO,67792,,NIFTY,,2028-12-28,2028-12-28,29000.00,CE,NIFTY28DEC29000CE,0.00,0.00,0.00,3645.75,0.00,3645.75,24044.50,5076.05,0,0,0,0.00,0,F1,25,,,,,
2024-06-27,2024-06-27,FO,NSE,IDO,38146,,NIFTY,,2024-12-26,2024-12-26,29000.00,CE,NIFTY24DEC29000CE,0.00,0.00,0.00,140.70,0.00,140.70,24044.50,160.40,0,0,0,0.00,0,F1,25,,,,,
2024-06-27,2024-06-27,FO,NSE,IDO,38149,,NIFTY,,2024-12-26,2024-12-26,29000.00,PE,NIFTY24DEC29000PE,0.00,0.00,0.00,7446.80,0.00,7446.80,24044.50,4077.90,0,0,0,0.00,0,F1,25,,,,,
2024-06-27,2024-06-27,FO,NSE,IDO,86168,,NIFTY,,2028-06-29,2028-06-29,29000.00,PE,NIFTY28JUN29000PE,0.00,0.00,0.00,3595.90,0.00,3595.90,24044.50,2052.90,0,0,0,0.00,0,F1,25,,,,,
2024-06-27,2024-06-27,FO,NSE,IDO,38154,,NIFTY,,2026-06-25,2026-06-25,29000.00,CE,NIFTY26JUN29000CE,0.00,0.00,0.00,864.20,0.00,864.20,24044.50,1890.90,0,0,0,0.00,0,F1,25,,,,,
2024-06-27,2024-06-27,FO,NSE,IDO,53630,,NIFTY,,2027-12-30,2027-12-30,26000.00,PE,NIFTY27DEC26000PE,0.00,0.00,0.00,3359.75,0.00,3359.75,24044.50,1273.75,0,0,0,0.00,0,F1,25,,,,,
2024-06-27,2024-06-27,FO,NSE,IDO,71505,,NIFTY,,2026-12-31,2026-12-31,26000.00,CE,NIFTY26DEC26000CE,0.00,0.00,0.00,1631.05,0.00,1631.05,24044.50,3855.00,0,0,0,0.00,0,F1,25,,,,,
2024-06-27,2024-06-27,FO,NSE,IDO,64572,,NIFTY,,2025-03-27,2025-03-27,26000.00,CE,NIFTY25MAR26000CE,0.00,0.00,0.00,624.25,0.00,624.25,24044.50,1170.20,0,0,0,0.00,0,F1,25,,,,,
2024-06-27,2024-06-27,FO,NSE,IDO,71365,,NIFTY,,2024-12-26,2024-12-26,26000.00,PE,NIFTY24DEC26000PE,1641.00,1658.00,1521.90,1546.10,1554.50,1627.60,24044.50,1546.10,138075,6600,1881,1297023583.75,911,F1,25,,,,,
2024-06-27,2024-06-27,FO,NSE,IDO,71384,,NIFTY,,2025-06-26,2025-06-26,26000.00,PE,NIFTY25JUN26000PE,0.00,0.00,0.00,7299.00,0.00,7299.00,24044.50,1709.70,0,0,0,0.00,0,F1,25,,,,,
2024-06-27,2024-06-27,FO,NSE,IDO,71399,,NIFTY,,2025-12-24,2025-12-24,26000.00,CE,NIFTY25DEC26000CE,1680.00,1725.00,1599.00,1725.00,1725.00,1688.00,24044.50,2363.95,5125,375,21,14522200.00,19,F1,25,,,,,
2024-06-27,2024-06-27,FO,NSE,IDO,86162,,NIFTY,,2028-06-29,2028-06-29,26000.00,PE,NIFTY28JUN26000PE,0.00,0.00,0.00,2370.30,0.00,2370.30,24044.50,1191.35,0,0,0,0.00,0,F1,25,,,,,
2024-06-27,2024-06-27,FO,NSE,IDO,53628,,NIFTY,,2027-12-30,2027-12-30,26000.00,CE,NIFTY27DEC26000CE,0.00,0.00,0.00,3162.40,0.00,3162.40,24044.50,5201.65,0,0,0,0.00,0,F1,25,,,,,
2024-06-27,2024-06-27,FO,NSE,IDO,54498,,NIFTY,,2024-07-04,2024-07-04,24200.00,PE,NIFTY2470424200PE,390.00,408.45,236.95,248.95,244.85,361.90,24044.50,248.95,407225,336875,69727,42686725096.25,24196,F1,25,,,,,
2024-06-27,2024-06-27,FO,NSE,IDO,54497,,NIFTY,,2024-07-04,2024-07-04,24200.00,CE,NIFTY2470424200CE,50.00,106.50,48.05,87.45,89.20,63.30,24044.50,87.45,2280500,1092525,869258,527578804000.00,189390,F1,25,,,,,
2024-06-27,2024-06-27,FO,NSE,IDO,64133,,NIFTY,,2024-06-27,2024-06-27,20750.00,PE,NIFTY24JUN20750PE,0.40,0.40,0.05,0.10,0.10,0.45,24044.50,24044.50,22050,-2275,1825,946725577.50,242,F1,25,,,,,
2024-06-27,2024-06-27,FO,NSE,IDO,64415,,NIFTY,,2024-07-25,2024-07-25,20750.00,PE,NIFTY24JUL20750PE,0.00,0.00,0.00,10.80,10.80,10.80,24044.50,0.20,4075,0,0,0.00,0,F1,25,,,,,
2024-06-27,2024-06-27,FO,NSE,IDO,56651,,NIFTY,,2024-08-29,2024-08-29,20750.00,PE,NIFTY24AUG20750PE,0.00,0.00,0.00,27.50,27.50,27.50,24044.50,6.85,25,0,0,0.00,0,F1,25,,,,,
2024-06-27,2024-06-27,FO,NSE,IDO,41671,,NIFTY,,2024-07-04,2024-07-04,20750.00,PE,NIFTY2470420750PE,1.85,3.65,1.10,1.65,2.90,2.10,24044.50,1.65,5025,3375,639,331508337.50,183,F1,25,,,,,
2024-06-27,2024-06-27,FO,NSE,IDO,64403,,NIFTY,,2024-07-25,2024-07-25,20750.00,CE,NIFTY24JUL20750CE,0.00,0.00,0.00,3081.80,3083.70,3081.80,24044.50,3407.55,4200,0,0,0.00,0,F1,25,,,,,
2024-06-27,2024-06-27,FO,NSE,IDO,56650,,NIFTY,,2024-08-29,2024-08-29,20750.00,CE,NIFTY24AUG20750CE,0.00,0.00,0.00,2168.90,0.00,2168.90,24044.50,3561.50,0,0,0,0.00,0,F1,25,,,,,
2024-06-27,2024-06-27,FO,NSE,IDO,64118,,NIFTY,,2024-06-27,2024-06-27,20750.00,CE,NIFTY24JUN20750CE,0.00,0.00,0.00,2739.90,2739.90,2739.90,24044.50,24044.50,3600,0,0,0.00,0,F1,25,,,,,
2024-06-27,2024-06-27,FO,NSE,IDO,41667,,NIFTY,,2024-07-04,2024-07-04,20750.00,CE,NIFTY2470420750CE,0.00,0.00,0.00,2837.75,2836.55,2837.75,24044.50,3322.80,350,0,0,0.00,0,F1,25,,,,,
2024-06-27,2024-06-27,FO,NSE,IDO,42026,,NIFTY,,2024-07-04,2024-07-04,23300.00,PE,NIFTY2470423300PE,29.90,40.25,17.65,18.50,18.25,31.80,24044.50,18.50,1506375,813650,247583,144360053483.75,51745,F1,25,,,,,
2024-06-27,2024-06-27,FO,NSE,IDO,64354,,NIFTY,,2024-06-27,2024-06-27,23300.00,CE,NIFTY24JUN23300CE,538.95,760.90,493.50,740.00,745.80,572.35,24044.50,24044.50,629150,-182675,22096,13227583968.75,6960,F1,25,,,,,
2024-06-27,2024-06-27,FO,NSE,IDO,65195,,NIFTY,,2024-07-25,2024-07-25,23300.00,CE,NIFTY24JUL23300CE,771.30,928.95,763.00,912.10,924.35,815.85,24044.50,912.10,174450,-11725,5258,3175955633.75,2263,F1,25,,,,,
2024-06-27,2024-06-27,FO,NSE,IDO,65200,,NIFTY,,2024-07-25,2024-07-25,23300.00,PE,NIFTY24JUL23300PE,145.55,156.90,112.10,117.30,113.00,140.40,24044.50,117.30,634200,262425,39952,23402630812.50,11348,F1,25,,,,,
2024-06-27,2024-06-27,FO,NSE,IDO,42002,,NIFTY,,2024-07-04,2024-07-04,22850.00,PE,NIFTY2470422850PE,9.70,11.00,5.45,7.15,6.55,9.50,24044.50,7.15,219800,143425,56665,32379866108.75,14030,F1,25,,,,,
2024-06-27,2024-06-27,FO,NSE,IDO,36903,,NIFTY,,2024-07-18,2024-07-18,25000.00,CE,NIFTY2471825000CE,23.00,31.80,19.40,28.60,30.00,21.60,24044.50,28.60,77025,44075,6422,4018067226.25,1354,F1,25,,,,,
2024-06-27,2024-06-27,FO,NSE,IDO,74698,,NIFTY,,2024-08-29,2024-08-29,25000.00,CE,NIFTY24AUG25000CE,145.95,190.00,137.55,182.05,184.40,151.00,24044.50,182.05,582475,89050,14412,9068883271.25,4334,F1,25,,,,,
2024-06-27,2024-06-27,FO,NSE,IDO,71504,,NIFTY,,2026-12-31,2026-12-31,25000.00,PE,NIFTY26DEC25000PE,0.00,0.00,0.00,5825.75,0.00,5825.75,24044.50,1138.85,0,0,0,0.00,0,F1,25,,,,,
2024-06-27,2024-06-27,FO,NSE,IDO,64941,,NIFTY,,2024-07-25,2024-07-25,22250.00,CE,NIFTY24JUL22250CE,1850.00,1850.00,1850.00,1850.00,1850.00,1595.50,24044.50,1850.00,1875,0,2,1205000.00,2,F1,25,,,,,
2024-06-27,2024-06-27,FO,NSE,IDO,35634,,NIFTY,,2024-07-11,2024-07-11,22250.00,PE,NIFTY2471122250PE,9.85,10.25,7.20,9.50,9.50,69.00,24044.50,9.50,925,375,51,28380298.75,15,F1,25,,,,,
2024-06-27,2024-06-27,FO,NSE,IDO,37806,,NIFTY,,2026-12-31,2026-12-31,23000.00,CE,NIFTY26DEC23000CE,0.00,0.00,0.00,2020.00,2020.00,2020.00,24044.50,5555.05,500,0,0,0.00,0,F1,25,,,,,
2024-06-27,2024-06-27,FO,NSE,IDO,64446,,NIFTY,,2024-06-27,2024-06-27,24550.00,CE,NIFTY24JUN24550CE,0.30,0.55,0.05,0.15,0.05,0.55,24044.50,24044.50,1207125,536675,977039,599663437557.50,63318,F1,25,,,,,
2024-06-27,2024-06-27,FO,NSE,IDO,45691,,NIFTY,,2024-07-04,2024-07-04,23550.00,PE,NIFTY2470423550PE,69.95,74.45,36.40,38.25,37.00,67.00,24044.50,38.25,491700,223350,100774,59455685637.50,27314,F1,25,,,,,
2024-06-27,2024-06-27,FO,NSE,IDO,40870,,NIFTY,,2024-08-01,2024-08-01,23000.00,CE,NIFTY2480123000CE,0.00,0.00,0.00,945.85,945.85,945.85,24044.50,1315.55,25,0,0,0.00,0,F1,25,,,,,
2024-06-27,2024-06-27,FO,NSE,IDO,86150,,NIFTY,,2028-06-29,2028-06-29,23000.00,PE,NIFTY28JUN23000PE,0.00,0.00,0.00,1399.25,0.00,1399.25,24044.50,596.40,0,0,0,0.00,0,F1,25,,,,,
2024-06-27,2024-06-27,FO,NSE,IDO,37805,,NIFTY,,2026-06-25,2026-06-25,23000.00,PE,NIFTY26JUN23000PE,684.85,684.85,684.85,684.85,684.85,600.05,24044.50,651.45,200,25,1,592121.25,1,F1,25,,,,,
2024-06-27,2024-06-27,FO,NSE,IDO,68969,,NIFTY,,2024-07-04,2024-07-04,24550.00,PE,NIFTY2470424550PE,572.95,630.05,503.90,512.85,520.05,662.40,24044.50,512.85,6550,4200,639,400495503.75,189,F1,25,,,,,
2024-06-27,2024-06-27,FO,NSE,IDO,71559,,NIFTY,,2027-06-24,2027-06-24,23000.00,PE,NIFTY27JUN23000PE,0.00,0.00,0.00,4514.30,0.00,4514.30,24044.50,640.20,0,0,0,0.00,0,F1,25,,,,,
2024-06-27,2024-06-27,FO,NSE,IDO,65893,,NIFTY,,2024-09-26,2024-09-26,23000.00,CE,NIFTY24SEP23000CE,1350.05,1521.60,1335.00,1485.55,1489.55,1393.05,24044.50,1485.55,224875,3675,4248,2596182733.75,2850,F1,25,,,,,
2024-06-27,2024-06-27,FO,NSE,IDO,41020,,NIFTY,,2024-12-26,2024-12-26,18500.00,CE,NIFTY24DEC18500CE,0.00,0.00,0.00,5494.25,5494.00,5494.25,24044.50,6212.30,1050,0,0,0.00,0,F1,25,,,,,
2024-06-27,2024-06-27,FO,NSE,IDO,71558,,NIFTY,,2027-06-24,2027-06-24,23000.00,CE,NIFTY27JUN23000CE,0.00,0.00,0.00,2530.05,0.00,2530.05,24044.50,6202.75,0,0,0,0.00,0,F1,25,,,,,
2024-06-27,2024-06-27,FO,NSE,IDO,37722,,NIFTY,,2024-06-27,2024-06-27,23000.00,CE,NIFTY24JUN23000CE,858.00,1059.50,793.50,1039.20,1045.25,870.35,24044.50,24044.50,1603575,-514075,38771,23222490466.25,17692,F1,25,,,,,
2024-06-27,2024-06-27,FO,NSE,IDO,42010,,NIFTY,,2024-07-04,2024-07-04,23000.00,PE,NIFTY2470423000PE,13.75,14.95,8.40,9.70,10.35,13.90,24044.50,9.70,4122775,2705225,486650,279945623968.75,81353,F1,25,,,,,
2024-06-27,2024-06-27,FO,NSE,IDO,74597,,NIFTY,,2024-08-29,2024-08-29,23550.00,CE,NIFTY24AUG23550CE,838.55,900.00,734.55,734.55,734.55,837.30,24044.50,734.55,825,0,9,5487877.50,8,F1,25,,,,,
2024-06-27,2024-06-27,FO,NSE,IDO,65896,,NIFTY,,2024-09-26,2024-09-26,23000.00,PE,NIFTY24SEP23000PE,239.95,241.00,208.40,214.85,212.00,233.80,24044.50,214.85,629750,53700,10164,5900947760.00,4850,F1,25,,,,,
2024-06-27,2024-06-27,FO,NSE,IDO,74667,,NIFTY,,2024-08-29,2024-08-29,24550.00,PE,NIFTY24AUG24550PE,0.00,0.00,0.00,1159.55,1159.55,1159.55,24044.50,789.50,150,0,0,0.00,0,F1,25,,,,,
2024-06-27,2024-06-27,FO,NSE,IDO,69036,,NIFTY,,2024-07-04,2024-07-04,25550.00,CE,NIFTY2470425550CE,8.75,8.95,0.75,1.00,1.10,8.75,24044.50,1.00,33800,33800,3770,2408203880.00,469,F1,25,,,,,
2024-06-27,2024-06-27,FO,NSE,IDO,65651,,NIFTY,,2024-07-25,2024-07-25,25550.00,CE,NIFTY24JUL25550CE,0.00,0.00,0.00,53.10,0.00,53.10,24044.50,71.15,0,0,0,0.00,0,F1,25,,,,,
2024-06-27,2024-06-27,FO,NSE,IDO,41122,,NIFTY,,2024-08-01,2024-08-01,25550.00,PE,NIFTY2480125550PE,0.00,0.00,0.00,1845.15,0.00,1845.15,24044.50,1434.15,0,0,0,0.00,0,F1,25,,,,,
2024-06-27,2024-06-27,FO,NSE,IDO,64513,,NIFTY,,2024-06-27,2024-06-27,25550.00,PE,NIFTY24JUN25550PE,0.00,0.00,0.00,2803.15,0.00,2803.15,24044.50,24044.50,0,0,0,0.00,0,F1,25,,,,,
2024-06-27,2024-06-27,FO,NSE,IDO,65637,,NIFTY,,2024-07-25,2024-07-25,25500.00,CE,NIFTY24JUL25500CE,25.00,25.00,12.95,14.60,15.55,56.40,24044.50,14.60,264825,264825,26193,16707867953.75,8720,F1,25,,,,,
2024-06-27,2024-06-27,FO,NSE,IDO,74720,,NIFTY,,2024-08-29,2024-08-29,25500.00,CE,NIFTY24AUG25500CE,0.00,0.00,0.00,47.30,0.00,47.30,24044.50,274.45,0,0,0,0.00,0,F1,25,,,,,
2024-06-27,2024-06-27,FO,NSE,IDO,64475,,NIFTY,,2024-06-27,2024-06-27,25050.00,CE,NIFTY24JUN25050CE,0.25,0.30,0.05,0.05,0.05,0.25,24044.50,24044.50,417200,305425,139820,87562754375.00,15660,F1,25,,,,,
2024-06-27,2024-06-27,FO,NSE,IDO,69012,,NIFTY,,2024-07-04,2024-07-04,25050.00,CE,NIFTY2470425050CE,2.65,4.40,1.35,1.75,1.70,2.40,24044.50,1.75,272475,250350,32517,20365385216.25,5039,F1,25,,,,,
2024-06-27,2024-06-27,FO,NSE,IDO,53596,,NIFTY,,2027-12-30,2027-12-30,16000.00,CE,NIFTY27DEC16000CE,0.00,0.00,0.00,7354.45,0.00,7354.45,24044.50,11704.20,0,0,0,0.00,0,F1,25,,,,,
2024-06-27,2024-06-27,FO,NSE,IDO,39661,,NIFTY,,2024-06-27,2024-06-27,16000.00,CE,NIFTY24JUN16000CE,0.00,0.00,0.00,7806.55,7806.55,7806.55,24044.50,24044.50,425,0,0,0.00,0,F1,25,,,,,
2024-06-27,2024-06-27,FO,NSE,IDO,67767,,NIFTY,,2028-12-28,2028-12-28,16000.00,PE,NIFTY28DEC16000PE,0.00,0.00,0.00,39.60,0.00,39.60,24044.50,47.90,0,0,0,0.00,0,F1,25,,,,,
2024-06-27,2024-06-27,FO,NSE,IDO,49177,,NIFTY,,2025-12-24,2025-12-24,16000.00,CE,NIFTY25DEC16000CE,0.00,0.00,0.00,7200.00,7200.00,7200.00,24044.50,9707.70,50,0,0,0.00,0,F1,25,,,,,
2024-06-27,2024-06-27,FO,NSE,IDO,50462,,NIFTY,,2026-06-25,2026-06-25,16000.00,PE,NIFTY26JUN16000PE,0.00,0.00,0.00,54.80,54.80,54.80,24044.50,16.95,500,0,0,0.00,0,F1,25,,,,,
2024-06-27,2024-06-27,FO,NSE,IDO,40806,,NIFTY,,2024-08-01,2024-08-01,22300.00,CE,NIFTY2480122300CE,0.00,0.00,0.00,1548.70,0.00,1548.70,24044.50,1932.40,0,0,0,0.00,0,F1,25,,,,,
2024-06-27,2024-06-27,FO,NSE,IDO,36578,,NIFTY,,2024-07-18,2024-07-18,22450.00,CE,NIFTY2471822450CE,1602.65,1602.65,1602.65,1602.65,1602.65,1230.80,24044.50,1701.00,200,150,6,3607897.50,1,F1,25,,,,,
2024-06-27,2024-06-27,FO,NSE,IDO,35635,,NIFTY,,2024-07-11,2024-07-11,22300.00,CE,NIFTY2471122300CE,0.00,0.00,0.00,895.85,0.00,895.85,24044.50,1807.90,0,0,0,0.00,0,F1,25,,,,,
2024-06-27,2024-06-27,FO,NSE,IDO,40807,,NIFTY,,2024-08-01,2024-08-01,22300.00,PE,NIFTY2480122300PE,46.10,46.10,46.10,46.10,46.10,50.00,24044.50,32.15,25,0,1,558652.50,1,F1,25,,,,,
2024-06-27,2024-06-27,FO,NSE,IDO,35658,,NIFTY,,2024-07-11,2024-07-11,22300.00,PE,NIFTY2471122300PE,10.85,16.05,7.75,9.60,13.60,12.05,24044.50,9.60,22000,9525,2881,1606831137.50,996,F1,25,,,,,
2024-06-27,2024-06-27,FO,NSE,IDO,56719,,NIFTY,,2024-08-29,2024-08-29,22450.00,PE,NIFTY24AUG22450PE,0.00,0.00,0.00,431.65,0.00,431.65,24044.50,104.55,0,0,0,0.00,0,F1,25,,,,,
2024-06-27,2024-06-27,FO,NSE,IDO,40814,,NIFTY,,2024-08-01,2024-08-01,22450.00,CE,NIFTY2480122450CE,0.00,0.00,0.00,1423.70,0.00,1423.70,24044.50,1794.25,0,0,0,0.00,0,F1,25,,,,,
2024-06-27,2024-06-27,FO,NSE,IDO,35831,,NIFTY,,2024-07-11,2024-07-11,24500.00,PE,NIFTY2471124500PE,640.00,673.20,504.40,513.55,513.35,624.10,24044.50,513.55,9325,5375,1514,948535950.00,554,F1,25,,,,,
2024-06-27,2024-06-27,FO,NSE,IDO,64267,,NIFTY,,2024-06-27,2024-06-27,22100.00,CE,NIFTY24JUN22100CE,1723.05,1958.00,1675.05,1943.70,1949.30,1774.05,24044.50,24044.50,182550,-1275,334,200038510.00,147,F1,25,,,,,
2024-06-27,2024-06-27,FO,NSE,IDO,36562,,NIFTY,,2024-07-18,2024-07-18,22100.00,PE,NIFTY2471822100PE,0.00,0.00,0.00,71.20,0.00,71.20,24044.50,5.40,0,0,0,0.00,0,F1,25,,,,,
2024-06-27,2024-06-27,FO,NSE,IDO,65467,,NIFTY,,2024-07-25,2024-07-25,24500.00,PE,NIFTY24JUL24500PE,680.95,704.95,550.00,564.85,550.05,654.35,24044.50,564.85,314150,121725,20125,12631433347.50,8474,F1,25,,,,,
2024-06-27,2024-06-27,FO,NSE,IDO,64923,,NIFTY,,2024-07-25,2024-07-25,22100.00,CE,NIFTY24JUL22100CE,1955.00,2018.75,1884.30,2002.70,2010.00,1885.00,24044.50,2002.70,15350,2050,186,111792516.25,62,F1,25,,,,,
2024-06-27,2024-06-27,FO,NSE,IDO,68967,,NIFTY,,2024-07-04,2024-07-04,24500.00,PE,NIFTY2470424500PE,650.00,670.00,462.35,478.00,474.10,615.00,24044.50,478.00,149975,130425,21469,13431553837.50,6209,F1,25,,,,,
2024-06-27,2024-06-27,FO,NSE,IDO,41859,,NIFTY,,2024-07-04,2024-07-04,22100.00,PE,NIFTY2470422100PE,3.05,10.00,1.90,3.50,4.30,3.15,24044.50,3.50,208900,140600,48267,26671034347.50,9497,F1,25,,,,,
2024-06-27,2024-06-27,FO,NSE,IDO,64928,,NIFTY,,2024-07-25,2024-07-25,22100.00,PE,NIFTY24JUL22100PE,27.05,33.90,24.60,26.25,25.00,27.80,24044.50,26.25,130075,18425,7107,3931426050.00,3143,F1,25,,,,,
2024-06-27,2024-06-27,FO,NSE,IDO,65572,,NIFTY,,2024-07-25,2024-07-25,25100.00,CE,NIFTY24JUL25100CE,33.20,45.20,28.80,39.40,37.20,33.10,24044.50,39.40,157600,57625,12931,8126138706.25,4176,F1,25,,,,,
2024-06-27,2024-06-27,FO,NSE,IDO,41072,,NIFTY,,2024-08-01,2024-08-01,25100.00,CE,NIFTY2480125100CE,96.80,96.80,53.00,55.80,54.00,29.25,24044.50,55.80,2350,925,92,57874131.25,58,F1,25,,,,,
2024-06-27,2024-06-27,FO,NSE,IDO,65264,,NIFTY,,2024-07-25,2024-07-25,23800.00,PE,NIFTY24JUL23800PE,300.00,310.00,231.30,240.05,233.65,281.85,24044.50,240.05,1668175,317700,80507,48444719102.50,29482,F1,25,,,,,
2024-06-27,2024-06-27,FO,NSE,IDO,40925,,NIFTY,,2024-08-01,2024-08-01,23800.00,CE,NIFTY2480123800CE,503.60,620.00,503.60,595.30,620.00,523.15,24044.50,595.30,675,500,45,27416986.25,29,F1,25,,,,,
2024-06-27,2024-06-27,FO,NSE,IDO,86137,,NIFTY,,2028-06-29,2028-06-29,17000.00,CE,NIFTY28JUN17000CE,0.00,0.00,0.00,7393.45,0.00,7393.45,24044.50,11434.60,0,0,0,0.00,0,F1,25,,,,,
2024-06-27,2024-06-27,FO,NSE,IDO,45858,,NIFTY,,2024-12-26,2024-12-26,17000.00,CE,NIFTY24DEC17000CE,0.00,0.00,0.00,7082.05,7082.05,7082.05,24044.50,7653.50,24400,0,0,0.00,0,F1,25,,,,,
2024-06-27,2024-06-27,FO,NSE,IDO,74703,,NIFTY,,2024-08-29,2024-08-29,25100.00,CE,NIFTY24AUG25100CE,0.00,0.00,0.00,76.80,0.00,76.80,24044.50,385.40,0,0,0,0.00,0,F1,25,,,,,
2024-06-27,2024-06-27,FO,NSE,IDO,40917,,NIFTY,,2024-08-01,2024-08-01,23600.00,CE,NIFTY2480123600CE,675.90,746.05,675.90,746.05,746.05,660.65,24044.50,746.05,150,75,5,3039462.50,4,F1,25,,,,,
2024-06-27,2024-06-27,FO,NSE,IDO,65237,,NIFTY,,2024-07-25,2024-07-25,23600.00,CE,NIFTY24JUL23600CE,592.60,698.40,533.60,673.55,688.95,592.60,24044.50,673.55,873000,-30225,23130,14007268396.25,10844,F1,25,,,,,
2024-06-27,2024-06-27,FO,NSE,IDO,40918,,NIFTY,,2024-08-01,2024-08-01,23600.00,PE,NIFTY2480123600PE,255.05,255.05,211.65,215.60,212.00,252.05,24044.50,215.60,1850,100,44,26218802.50,27,F1,25,,,,,
2024-06-27,2024-06-27,FO,NSE,IDO,64290,,NIFTY,,2024-06-27,2024-06-27,22550.00,CE,NIFTY24JUN22550CE,1299.70,1507.85,1280.50,1503.75,1497.70,1308.10,24044.50,24044.50,14775,-1675,371,222455395.00,109,F1,25,,,,,
2024-06-27,2024-06-27,FO,NSE,IDO,64316,,NIFTY,,2024-06-27,2024-06-27,22800.00,CE,NIFTY24JUN22800CE,1044.10,1260.00,994.70,1241.40,1245.75,1070.80,24044.50,24044.50,624600,-26625,5311,3179049120.00,2602,F1,25,,,,,
2024-06-27,2024-06-27,FO,NSE,IDO,36631,,NIFTY,,2024-07-18,2024-07-18,22800.00,CE,NIFTY2471822800CE,1269.00,1269.00,1155.00,1244.70,1244.70,964.85,24044.50,1373.65,425,425,23,13803905.00,10,F1,25,,,,,
2024-06-27,2024-06-27,FO,NSE,IDO,56733,,NIFTY,,2024-08-29,2024-08-29,22800.00,PE,NIFTY24AUG22800PE,157.00,159.00,135.90,138.95,135.90,152.50,24044.50,138.95,74875,7250,1568,899449872.50,356,F1,25,,,,,
2024-06-27,2024-06-27,FO,NSE,IDO,65040,,NIFTY,,2024-07-25,2024-07-25,22800.00,PE,NIFTY24JUL22800PE,71.55,79.55,56.00,61.90,59.75,70.40,24044.50,61.90,610725,125625,32412,18529657673.75,10012,F1,25,,,,,
2024-06-27,2024-06-27,FO,NSE,IDO,40825,,NIFTY,,2024-08-01,2024-08-01,22550.00,CE,NIFTY2480122550CE,0.00,0.00,0.00,1342.75,0.00,1342.75,24044.50,1703.70,0,0,0,0.00,0,F1,25,,,,,
2024-06-27,2024-06-27,FO,NSE,IDO,40858,,NIFTY,,2024-08-01,2024-08-01,22800.00,PE,NIFTY2480122800PE,0.00,0.00,0.00,131.35,131.35,131.35,24044.50,79.95,150,0,0,0.00,0,F1,25,,,,,
2024-06-27,2024-06-27,FO,NSE,IDO,36632,,NIFTY,,2024-07-18,2024-07-18,22800.00,PE,NIFTY2471822800PE,46.70,47.10,35.85,36.95,36.00,44.95,24044.50,36.95,8175,1900,592,338022153.75,282,F1,25,,,,,
2024-06-27,2024-06-27,FO,NSE,IDO,35672,,NIFTY,,2024-07-11,2024-07-11,22550.00,PE,NIFTY2471122550PE,14.20,20.15,8.25,12.95,12.95,18.60,24044.50,12.95,5075,1475,219,123533902.50,38,F1,25,,,,,
2024-06-27,2024-06-27,FO,NSE,IDO,56722,,NIFTY,,2024-08-29,2024-08-29,22550.00,CE,NIFTY24AUG22550CE,0.00,0.00,0.00,1328.80,1328.00,1328.80,24044.50,1895.80,50,0,0,0.00,0,F1,25,,,,,
2024-06-27,2024-06-27,FO,NSE,IDO,56732,,NIFTY,,2024-08-29,2024-08-29,22800.00,CE,NIFTY24AUG22800CE,1465.30,1490.00,1450.00,1490.00,1490.00,1420.05,24044.50,1690.35,2725,-25,6,3640692.50,4,F1,25,,,,,
2024-06-27,2024-06-27,FO,NSE,IDO,64861,,NIFTY,,2024-07-25,2024-07-25,21900.00,CE,NIFTY24JUL21900CE,2078.65,2174.15,2078.65,2169.00,2174.15,2072.55,24044.50,2169.00,4725,1150,86,51710503.75,31,F1,25,,,,,
2024-06-27,2024-06-27,FO,NSE,IDO,40785,,NIFTY,,2024-08-01,2024-08-01,21900.00,CE,NIFTY2480121900CE,0.00,0.00,0.00,1899.85,0.00,1899.85,24044.50,2311.30,0,0,0,0.00,0,F1,25,,,,,
2024-06-27,2024-06-27,FO,NSE,IDO,36543,,NIFTY,,2024-07-18,2024-07-18,21900.00,CE,NIFTY2471821900CE,0.00,0.00,0.00,1701.25,0.00,1701.25,24044.50,2236.75,0,0,0,0.00,0,F1,25,,,,,
2024-06-27,2024-06-27,FO,NSE,IDO,56697,,NIFTY,,2024-08-29,2024-08-29,21900.00,PE,NIFTY24AUG21900PE,58.00,59.50,46.00,55.55,55.75,57.50,24044.50,55.55,123550,16800,1701,933664606.25,605,F1,25,,,,,
2024-06-27,2024-06-27,FO,NSE,IDO,74593,,NIFTY,,2024-08-29,2024-08-29,23450.00,CE,NIFTY24AUG23450CE,977.15,977.15,911.80,946.70,946.70,808.05,24044.50,1206.55,925,-150,8,4880640.00,4,F1,25,,,,,
2024-06-27,2024-06-27,FO,NSE,IDO,74594,,NIFTY,,2024-08-29,2024-08-29,23450.00,PE,NIFTY24AUG23450PE,283.70,284.65,258.85,266.55,262.15,281.60,24044.50,266.55,4175,0,35,20757048.75,19,F1,25,,,,,
2024-06-27,2024-06-27,FO,NSE,IDO,65213,,NIFTY,,2024-07-25,2024-07-25,23450.00,CE,NIFTY24JUL23450CE,655.00,807.60,655.00,792.40,793.00,699.70,24044.50,792.40,20175,-4450,390,235853786.25,176,F1,25,,,,,
2024-06-27,2024-06-27,FO,NSE,IDO,64461,,NIFTY,,2024-06-27,2024-06-27,24700.00,CE,NIFTY24JUN24700CE,0.30,0.40,0.05,0.05,0.05,0.45,24044.50,24044.50,1086775,377925,441132,272401160213.75,38579,F1,25,,,,,
2024-06-27,2024-06-27,FO,NSE,IDO,36853,,NIFTY,,2024-07-18,2024-07-18,24700.00,CE,NIFTY2471824700CE,47.60,76.70,39.70,65.95,68.05,53.20,24044.50,65.95,11425,2950,801,495844781.25,350,F1,25,,,,,
2024-06-27,2024-06-27,FO,NSE,IDO,74592,,NIFTY,,2024-08-29,2024-08-29,23400.00,PE,NIFTY24AUG23400PE,272.00,285.80,242.05,247.15,243.00,273.10,24044.50,247.15,41425,18350,2075,1227464178.75,1106,F1,25,,,,,
2024-06-27,2024-06-27,FO,NSE,IDO,56646,,NIFTY,,2024-08-29,2024-08-29,20650.00,CE,NIFTY24AUG20650CE,0.00,0.00,0.00,2259.00,0.00,2259.00,24044.50,3659.00,0,0,0,0.00,0,F1,25,,,,,
2024-06-27,2024-06-27,FO,NSE,IDO,35822,,NIFTY,,2024-07-11,2024-07-11,24350.00,PE,NIFTY2471124350PE,0.00,0.00,0.00,642.45,642.45,642.45,24044.50,457.25,350,0,0,0.00,0,F1,25,,,,,
2024-06-27,2024-06-27,FO,NSE,IDO,63911,,NIFTY,,2024-07-04,2024-07-04,24350.00,CE,NIFTY2470424350CE,32.00,58.75,25.15,43.25,44.85,32.45,24044.50,43.25,518950,345475,176210,107440978915.00,46899,F1,25,,,,,
2024-06-27,2024-06-27,FO,NSE,IDO,36816,,NIFTY,,2024-07-18,2024-07-18,24400.00,CE,NIFTY2471824400CE,237.85,237.85,120.25,146.05,143.20,202.70,24044.50,146.05,2325,2325,115,70574798.75,33,F1,25,,,,,
2024-06-27,2024-06-27,FO,NSE,IDO,64438,,NIFTY,,2024-06-27,2024-06-27,24400.00,CE,NIFTY24JUN24400CE,0.50,0.70,0.05,0.10,0.05,0.90,24044.50,24044.50,6069525,3063050,5829231,3555892657110.00,398612,F1,25,,,,,
2024-06-27,2024-06-27,FO,NSE,IDO,35826,,NIFTY,,2024-07-11,2024-07-11,24400.00,PE,NIFTY2471124400PE,548.80,578.00,431.55,448.00,460.00,547.50,24044.50,448.00,5675,4750,981,610146826.25,402,F1,25,,,,,
2024-06-27,2024-06-27,FO,NSE,IDO,65377,,NIFTY,,2024-07-25,2024-07-25,24400.00,PE,NIFTY24JUL24400PE,610.05,625.00,493.20,503.55,498.80,584.05,24044.50,503.55,37350,7525,1957,1220154521.25,752,F1,25,,,,,
2024-06-27,2024-06-27,FO,NSE,IDO,64251,,NIFTY,,2024-06-27,2024-06-27,21650.00,PE,NIFTY24JUN21650PE,0.35,0.35,0.05,0.10,0.10,0.45,24044.50,24044.50,18675,-16450,4455,2411286075.00,795,F1,25,,,,,
2024-06-27,2024-06-27,FO,NSE,IDO,64335,,NIFTY,,2024-06-27,2024-06-27,22950.00,PE,NIFTY24JUN22950PE,0.45,0.60,0.05,0.10,0.05,1.20,24044.50,24044.50,1017225,265850,897203,514778804441.25,76249,F1,25,,,,,
2024-06-27,2024-06-27,FO,NSE,IDO,41786,,NIFTY,,2024-07-04,2024-07-04,21650.00,CE,NIFTY2470421650CE,0.00,0.00,0.00,2129.10,2128.60,2129.10,24044.50,2424.00,625,0,0,0.00,0,F1,25,,,,,
2024-06-27,2024-06-27,FO,NSE,IDO,35697,,NIFTY,,2024-07-11,2024-07-11,22950.00,PE,NIFTY2471122950PE,34.00,35.35,23.80,24.90,24.20,33.45,24044.50,24.90,14975,8475,622,357279088.75,288,F1,25,,,,,
2024-06-27,2024-06-27,FO,NSE,IDO,36521,,NIFTY,,2024-07-18,2024-07-18,21650.00,PE,NIFTY2471821650PE,12.55,13.85,10.45,12.35,12.00,12.25,24044.50,12.35,18175,225,292,158133041.25,49,F1,25,,,,,
2024-06-27,2024-06-27,FO,NSE,IDO,64334,,NIFTY,,2024-06-27,2024-06-27,22950.00,CE,NIFTY24JUN22950CE,881.00,1106.10,850.00,1088.75,1098.05,923.40,24044.50,24044.50,16300,-4750,534,319615911.25,201,F1,25,,,,,
2024-06-27,2024-06-27,FO,NSE,IDO,65013,,NIFTY,,2024-07-25,2024-07-25,22700.00,CE,NIFTY24JUL22700CE,1299.95,1453.45,1264.35,1432.00,1442.90,1330.05,24044.50,1432.00,52250,-600,410,246679753.75,220,F1,25,,,,,
2024-06-27,2024-06-27,FO,NSE,IDO,41941,,NIFTY,,2024-07-04,2024-07-04,22700.00,PE,NIFTY2470422700PE,8.00,8.00,3.70,5.45,5.00,7.20,24044.50,5.45,2236300,1851175,272625,154750384050.00,44430,F1,25,,,,,
2024-06-27,2024-06-27,FO,NSE,IDO,40839,,NIFTY,,2024-08-01,2024-08-01,22700.00,CE,NIFTY2480122700CE,0.00,0.00,0.00,1225.20,0.00,1225.20,24044.50,1570.50,0,0,0,0.00,0,F1,25,,,,,
2024-06-27,2024-06-27,FO,NSE,IDO,64326,,NIFTY,,2024-07-25,2024-07-25,20500.00,PE,NIFTY24JUL20500PE,6.65,10.00,5.55,7.50,9.00,7.25,24044.50,7.50,461150,134175,13815,7082739137.50,5989,F1,25,,,,,
2024-06-27,2024-06-27,FO,NSE,IDO,64708,,NIFTY,,2024-07-25,2024-07-25,21450.00,PE,NIFTY24JUL21450PE,13.10,16.95,11.10,11.10,11.10,13.00,24044.50,11.10,4625,300,29,15561135.00,15,F1,25,,,,,
2024-06-27,2024-06-27,FO,NSE,IDO,64230,,NIFTY,,2024-06-27,2024-06-27,21450.00,PE,NIFTY24JUN21450PE,0.20,0.35,0.05,0.10,0.05,0.50,24044.50,24044.50,35875,3475,3143,1685444011.25,660,F1,25,,,,,
2024-06-27,2024-06-27,FO,NSE,IDO,64325,,NIFTY,,2024-07-25,2024-07-25,20500.00,CE,NIFTY24JUL20500CE,3393.60,3582.95,3384.45,3555.60,3566.95,3446.35,24044.50,3555.60,287900,127150,6914,4149538937.50,4823,F1,25,,,,,
2024-06-27,2024-06-27,FO,NSE,IDO,35836,,NIFTY,,2024-07-11,2024-07-11,24600.00,CE,NIFTY2471124600CE,35.05,55.55,29.50,47.75,49.35,35.05,24044.50,47.75,226675,155100,30270,18649077026.25,14560,F1,25,,,,,
2024-06-27,2024-06-27,FO,NSE,IDO,64448,,NIFTY,,2024-06-27,2024-06-27,24600.00,CE,NIFTY24JUN24600CE,0.40,0.45,0.05,0.10,0.05,0.65,24044.50,24044.50,2584800,-329475,1111097,683330979101.25,88110,F1,25,,,,,
2024-06-27,2024-06-27,FO,NSE,IDO,35588,,NIFTY,,2024-07-11,2024-07-11,22000.00,PE,NIFTY2471122000PE,8.00,8.45,5.55,6.45,7.00,8.50,24044.50,6.45,132625,35050,9389,5165479931.25,2158,F1,25,,,,,
2024-06-27,2024-06-27,FO,NSE,IDO,53624,,NIFTY,,2027-12-30,2027-12-30,24000.00,CE,NIFTY27DEC24000CE,0.00,0.00,0.00,3778.95,0.00,3778.95,24044.50,6281.20,0,0,0,0.00,0,F1,25,,,,,
2024-06-27,2024-06-27,FO,NSE,IDO,40794,,NIFTY,,2024-08-01,2024-08-01,22000.00,PE,NIFTY2480122000PE,38.00,39.55,32.20,33.80,33.80,38.00,24044.50,33.80,1400,25,22,12119688.75,11,F1,25,,,,,
2024-06-27,2024-06-27,FO,NSE,IDO,86151,,NIFTY,,2028-06-29,2028-06-29,24000.00,CE,NIFTY28JUN24000CE,0.00,0.00,0.00,3918.85,0.00,3918.85,24044.50,6905.90,0,0,0,0.00,0,F1,25,,,,,
2024-06-27,2024-06-27,FO,NSE,IDO,42025,,NIFTY,,2024-07-04,2024-07-04,23300.00,CE,NIFTY2470423300CE,601.00,777.30,573.20,748.30,760.00,635.95,24044.50,748.30,145625,-13025,6096,3656435992.50,2622,F1,25,,,,,
2024-06-27,2024-06-27,FO,NSE,IDO,56753,,NIFTY,,2024-08-29,2024-08-29,23300.00,PE,NIFTY24AUG23300PE,261.05,262.00,215.40,225.60,221.85,248.20,24044.50,225.60,35250,11125,1725,1015094930.00,632,F1,25,,,,,
2024-06-27,2024-06-27,FO,NSE,IDO,35745,,NIFTY,,2024-07-11,2024-07-11,23300.00,PE,NIFTY2471123300PE,72.45,85.15,48.60,50.15,49.50,68.85,24044.50,50.15,164200,32100,21398,12495939757.50,10357,F1,25,,,,,
2024-06-27,2024-06-27,FO,NSE,IDO,64355,,NIFTY,,2024-06-27,2024-06-27,23300.00,PE,NIFTY24JUN23300PE,1.00,1.70,0.05,0.10,0.10,2.30,24044.50,24044.50,5427550,-2807525,6891772,4014586237153.76,651946,F1,25,,,,,
2024-06-27,2024-06-27,FO,NSE,IDO,56752,,NIFTY,,2024-08-29,2024-08-29,23300.00,CE,NIFTY24AUG23300CE,1000.70,1129.70,1000.70,1118.95,1129.70,1010.00,24044.50,1118.95,22275,18950,947,576721997.50,324,F1,25,,,,,
2024-06-27,2024-06-27,FO,NSE,IDO,35744,,NIFTY,,2024-07-11,2024-07-11,23300.00,CE,NIFTY2471123300CE,650.00,807.95,645.00,790.90,805.35,687.20,24044.50,790.90,8775,5850,715,429806527.50,270,F1,25,,,,,
2024-06-27,2024-06-27,FO,NSE,IDO,65044,,NIFTY,,2024-07-25,2024-07-25,22850.00,PE,NIFTY24JUL22850PE,81.00,84.25,61.95,65.75,62.20,75.40,24044.50,65.75,33375,7350,1861,1066396021.25,619,F1,25,,,,,
2024-06-27,2024-06-27,FO,NSE,IDO,40905,,NIFTY,,2024-08-01,2024-08-01,23400.00,PE,NIFTY2480123400PE,205.20,219.85,185.00,185.00,185.00,205.20,24044.50,198.15,1375,150,17,10030142.50,12,F1,25,,,,,
2024-06-27,2024-06-27,FO,NSE,IDO,40903,,NIFTY,,2024-08-01,2024-08-01,23400.00,CE,NIFTY2480123400CE,0.00,0.00,0.00,715.90,715.90,715.90,24044.50,1006.10,50,0,0,0.00,0,F1,25,,,,,
2024-06-27,2024-06-27,FO,NSE,IDO,36944,,NIFTY,,2024-07-18,2024-07-18,25450.00,CE,NIFTY2471825450CE,0.00,0.00,0.00,45.90,0.00,45.90,24044.50,48.25,0,0,0,0.00,0,F1,25,,,,,
2024-06-27,2024-06-27,FO,NSE,IDO,36945,,NIFTY,,2024-07-18,2024-07-18,25450.00,PE,NIFTY2471825450PE,0.00,0.00,0.00,1919.75,0.00,1919.75,24044.50,1349.85,0,0,0,0.00,0,F1,25,,,,,
2024-06-27,2024-06-27,FO,NSE,IDO,65320,,NIFTY,,2024-07-25,2024-07-25,24150.00,PE,NIFTY24JUL24150PE,456.45,475.00,364.70,373.40,369.20,435.05,24044.50,373.40,10225,3325,1525,936385825.00,426,F1,25,,,,,
2024-06-27,2024-06-27,FO,NSE,IDO,54496,,NIFTY,,2024-07-04,2024-07-04,24150.00,PE,NIFTY2470424150PE,349.00,368.10,208.95,218.35,213.60,324.45,24044.50,218.35,84925,74600,21391,13050570331.25,9235,F1,25,,,,,
2024-06-27,2024-06-27,FO,NSE,IDO,65317,,NIFTY,,2024-07-25,2024-07-25,24150.00,CE,NIFTY24JUL24150CE,250.95,338.20,240.95,322.35,320.20,266.95,24044.50,322.35,17775,-3575,2748,1679741403.75,882,F1,25,,,,,
2024-06-27,2024-06-27,FO,NSE,IDO,36688,,NIFTY,,2025-12-24,2025-12-24,19500.00,CE,NIFTY25DEC19500CE,6000.00,6000.00,6000.00,6000.00,6000.00,5700.00,24044.50,6000.00,1450,-50,2,1275000.00,1,F1,25,,,,,
2024-06-27,2024-06-27,FO,NSE,IDO,56665,,NIFTY,,2024-08-29,2024-08-29,21100.00,PE,NIFTY24AUG21100PE,0.00,0.00,0.00,39.00,39.00,39.00,24044.50,13.25,6275,0,0,0.00,0,F1,25,,,,,
2024-06-27,2024-06-27,FO,NSE,IDO,41717,,NIFTY,,2024-07-04,2024-07-04,21100.00,PE,NIFTY2470421100PE,2.05,12.65,1.30,2.30,1.30,2.05,24044.50,2.30,57025,49900,6986,3685462276.25,1551,F1,25,,,,,
2024-06-27,2024-06-27,FO,NSE,IDO,65092,,NIFTY,,2024-07-25,2024-07-25,22950.00,PE,NIFTY24JUL22950PE,86.55,96.45,71.55,74.25,71.60,85.70,24044.50,74.25,17425,2975,834,480218658.75,269,F1,25,,,,,
2024-06-27,2024-06-27,FO,NSE,IDO,41787,,NIFTY,,2024-07-04,2024-07-04,21650.00,PE,NIFTY2470421650PE,2.20,6.00,1.20,4.60,3.10,2.45,24044.50,4.60,345200,340350,26965,14597878408.75,3755,F1,25,,,,,
2024-06-27,2024-06-27,FO,NSE,IDO,64250,,NIFTY,,2024-06-27,2024-06-27,21650.00,CE,NIFTY24JUN21650CE,2172.00,2396.90,2172.00,2304.10,2396.90,1939.80,24044.50,24044.50,7050,-225,31,18564427.50,7,F1,25,,,,,
2024-06-27,2024-06-27,FO,NSE,IDO,36520,,NIFTY,,2024-07-18,2024-07-18,21650.00,CE,NIFTY2471821650CE,2305.35,2305.35,2305.35,2305.35,2305.35,1930.45,24044.50,2484.10,150,150,6,3593302.50,1,F1,25,,,,,
2024-06-27,2024-06-27,FO,NSE,IDO,64265,,NIFTY,,2024-06-27,2024-06-27,22050.00,CE,NIFTY24JUN22050CE,1772.00,2003.00,1755.60,1978.95,2003.00,1815.80,24044.50,24044.50,23550,-875,67,40153216.25,30,F1,25,,,,,
2024-06-27,2024-06-27,FO,NSE,IDO,41852,,NIFTY,,2024-07-04,2024-07-04,22050.00,CE,NIFTY2470422050CE,1900.00,1988.00,1900.00,1988.00,1988.00,1871.60,24044.50,1988.00,800,125,9,5393900.00,4,F1,25,,,,,
2024-06-27,2024-06-27,FO,NSE,IDO,64266,,NIFTY,,2024-06-27,2024-06-27,22050.00,PE,NIFTY24JUN22050PE,0.35,0.35,0.05,0.10,0.10,0.55,24044.50,24044.50,79825,-14125,10718,5908344673.75,2049,F1,25,,,,,
2024-06-27,2024-06-27,FO,NSE,IDO,41007,,NIFTY,,2024-08-01,2024-08-01,24600.00,CE,NIFTY2480124600CE,0.00,0.00,0.00,242.45,0.00,242.45,24044.50,344.20,0,0,0,0.00,0,F1,25,,,,,
2024-06-27,2024-06-27,FO,NSE,IDO,56704,,NIFTY,,2024-08-29,2024-08-29,22100.00,CE,NIFTY24AUG22100CE,0.00,0.00,0.00,2020.00,2020.00,2020.00,24044.50,2287.10,400,0,0,0.00,0,F1,25,,,,,
2024-06-27,2024-06-27,FO,NSE,IDO,35620,,NIFTY,,2024-07-11,2024-07-11,22100.00,PE,NIFTY2471122100PE,9.00,10.00,5.90,6.70,7.20,8.65,24044.50,6.70,14200,-125,128,70743247.50,40,F1,25,,,,,
2024-06-27,2024-06-27,FO,NSE,IDO,65411,,NIFTY,,2024-07-25,2024-07-25,24500.00,CE,NIFTY24JUL24500CE,133.05,182.20,120.00,165.90,164.95,136.10,24044.50,165.90,1999575,403700,136150,83917637126.25,29888,F1,25,,,,,
2024-06-27,2024-06-27,FO,NSE,IDO,40987,,NIFTY,,2024-08-01,2024-08-01,24500.00,CE,NIFTY2480124500CE,183.80,235.45,180.00,221.80,224.00,183.80,24044.50,221.80,1600,325,272,168016922.50,120,F1,25,,,,,
2024-06-27,2024-06-27,FO,NSE,IDO,74662,,NIFTY,,2024-08-29,2024-08-29,24500.00,CE,NIFTY24AUG24500CE,306.10,377.95,294.65,366.30,370.00,315.55,24044.50,366.30,254750,14800,11338,7041603088.75,2433,F1,25,,,,,
2024-06-27,2024-06-27,FO,NSE,IDO,36835,,NIFTY,,2024-07-18,2024-07-18,24500.00,CE,NIFTY2471824500CE,88.50,125.55,78.00,113.70,117.00,89.85,24044.50,113.70,50425,16775,3596,2211689240.00,983,F1,25,,,,,
2024-06-27,2024-06-27,FO,NSE,IDO,64445,,NIFTY,,2024-06-27,2024-06-27,24500.00,PE,NIFTY24JUN24500PE,616.35,707.70,440.35,458.95,454.80,632.20,24044.50,24044.50,76200,-6250,29374,18371743008.75,10885,F1,25,,,,,
2024-06-27,2024-06-27,FO,NSE,IDO,40988,,NIFTY,,2024-08-01,2024-08-01,24500.00,PE,NIFTY2480124500PE,0.00,0.00,0.00,998.60,0.00,998.60,24044.50,667.00,0,0,0,0.00,0,F1,25,,,,,
2024-06-27,2024-06-27,FO,NSE,IDO,74663,,NIFTY,,2024-08-29,2024-08-29,24500.00,PE,NIFTY24AUG24500PE,740.00,761.85,646.85,659.80,654.50,719.90,24044.50,659.80,88725,27750,2623,1651407041.25,1004,F1,25,,,,,
2024-06-27,2024-06-27,FO,NSE,IDO,56705,,NIFTY,,2024-08-29,2024-08-29,22100.00,PE,NIFTY24AUG22100PE,77.80,79.00,63.10,70.15,68.50,74.10,24044.50,70.15,144350,18925,1254,695046690.00,327,F1,25,,,,,
2024-06-27,2024-06-27,FO,NSE,IDO,40797,,NIFTY,,2024-08-01,2024-08-01,22100.00,CE,NIFTY2480122100CE,0.00,0.00,0.00,1721.35,0.00,1721.35,24044.50,2120.25,0,0,0,0.00,0,F1,25,,,,,
2024-06-27,2024-06-27,FO,NSE,IDO,69014,,NIFTY,,2024-07-04,2024-07-04,25100.00,CE,NIFTY2470425100CE,2.45,4.60,1.25,1.50,1.60,2.20,24044.50,1.50,597625,562425,111937,70245119660.00,12363,F1,25,,,,,
2024-06-27,2024-06-27,FO,NSE,IDO,36910,,NIFTY,,2024-07-18,2024-07-18,25100.00,PE,NIFTY2471825100PE,0.00,0.00,0.00,1604.70,0.00,1604.70,24044.50,1046.45,0,0,0,0.00,0,F1,25,,,,,
2024-06-27,2024-06-27,FO,NSE,IDO,64488,,NIFTY,,2024-07-25,2024-07-25,21050.00,PE,NIFTY24JUL21050PE,10.30,12.55,5.05,5.05,5.05,10.30,24044.50,5.05,4700,-75,28,14742913.75,17,F1,25,,,,,
2024-06-27,2024-06-27,FO,NSE,IDO,35489,,NIFTY,,2024-07-11,2024-07-11,21050.00,PE,NIFTY2471121050PE,4.05,4.05,2.05,2.80,3.75,4.00,24044.50,2.80,10125,275,280,147371756.25,51,F1,25,,,,,
2024-06-27,2024-06-27,FO,NSE,IDO,41711,,NIFTY,,2024-07-04,2024-07-04,21050.00,CE,NIFTY2470421050CE,0.00,0.00,0.00,2725.45,2725.20,2725.45,24044.50,3023.20,450,0,0,0.00,0,F1,25,,,,,
2024-06-27,2024-06-27,FO,NSE,IDO,64167,,NIFTY,,2024-06-27,2024-06-27,21050.00,PE,NIFTY24JUN21050PE,0.35,0.35,0.05,0.10,0.10,0.50,24044.50,24044.50,38100,11800,4079,2146588507.50,937,F1,25,,,,,
2024-06-27,2024-06-27,FO,NSE,IDO,41712,,NIFTY,,2024-07-04,2024-07-04,21050.00,PE,NIFTY2470421050PE,2.05,2.65,1.40,2.05,2.65,2.45,24044.50,2.05,8125,3325,647,340514131.25,192,F1,25,,,,,
2024-06-27,2024-06-27,FO,NSE,IDO,56662,,NIFTY,,2024-08-29,2024-08-29,21050.00,CE,NIFTY24AUG21050CE,0.00,0.00,0.00,1905.20,0.00,1905.20,24044.50,3270.50,0,0,0,0.00,0,F1,25,,,,,
2024-06-27,2024-06-27,FO,NSE,IDO,74651,,NIFTY,,2024-08-29,2024-08-29,24300.00,PE,NIFTY24AUG24300PE,620.95,620.95,554.05,570.80,569.55,605.05,24044.50,570.80,925,375,27,16787463.75,19,F1,25,,,,,
2024-06-27,2024-06-27,FO,NSE,IDO,40959,,NIFTY,,2024-08-01,2024-08-01,24300.00,CE,NIFTY2480124300CE,0.00,0.00,0.00,333.05,0.00,333.05,24044.50,468.50,0,0,0,0.00,0,F1,25,,,,,
2024-06-27,2024-06-27,FO,NSE,IDO,41109,,NIFTY,,2024-08-01,2024-08-01,25400.00,CE,NIFTY2480125400CE,0.00,0.00,0.00,92.40,0.00,92.40,24044.50,131.40,0,0,0,0.00,0,F1,25,,,,,
2024-06-27,2024-06-27,FO,NSE,IDO,65334,,NIFTY,,2024-07-25,2024-07-25,24300.00,PE,NIFTY24JUL24300PE,547.05,567.75,437.55,443.35,451.65,522.80,24044.50,443.35,56450,40500,5538,3429696613.75,1688,F1,25,,,,,
2024-06-27,2024-06-27,FO,NSE,IDO,41750,,NIFTY,,2024-07-04,2024-07-04,21350.00,CE,NIFTY2470421350CE,2590.00,2630.00,2590.00,2610.00,2610.00,2428.15,24044.50,2723.60,2375,1825,76,45506500.00,11,F1,25,,,,,
2024-06-27,2024-06-27,FO,NSE,IDO,64702,,NIFTY,,2024-07-25,2024-07-25,21350.00,PE,NIFTY24JUL21350PE,13.30,16.90,11.00,13.35,11.00,11.85,24044.50,13.35,13950,-750,82,43794746.25,44,F1,25,,,,,
2024-06-27,2024-06-27,FO,NSE,IDO,56674,,NIFTY,,2024-08-29,2024-08-29,21350.00,CE,NIFTY24AUG21350CE,0.00,0.00,0.00,1653.65,0.00,1653.65,24044.50,2982.75,0,0,0,0.00,0,F1,25,,,,,
2024-06-27,2024-06-27,FO,NSE,IDO,64252,,NIFTY,,2024-06-27,2024-06-27,21700.00,CE,NIFTY24JUN21700CE,2127.65,2354.50,2097.35,2346.00,2350.35,2175.55,24044.50,24044.50,120000,0,295,176919826.25,97,F1,25,,,,,
2024-06-27,2024-06-27,FO,NSE,IDO,41793,,NIFTY,,2024-07-04,2024-07-04,21700.00,PE,NIFTY2470421700PE,2.40,13.10,0.95,4.00,2.65,2.35,24044.50,4.00,533550,501875,46828,25408546217.50,8027,F1,25,,,,,
2024-06-27,2024-06-27,FO,NSE,IDO,35547,,NIFTY,,2024-07-11,2024-07-11,21700.00,CE,NIFTY2471121700CE,0.00,0.00,0.00,1361.15,0.00,1361.15,24044.50,2403.80,0,0,0,0.00,0,F1,25,,,,,
2024-06-27,2024-06-27,FO,NSE,IDO,64834,,NIFTY,,2024-07-25,2024-07-25,21700.00,PE,NIFTY24JUL21700PE,17.45,19.45,16.80,17.80,17.00,17.45,24044.50,17.80,60975,-9875,3647,1980111105.00,1258,F1,25,,,,,
2024-06-27,2024-06-27,FO,NSE,IDO,36527,,NIFTY,,2024-07-18,2024-07-18,21700.00,PE,NIFTY2471821700PE,0.00,0.00,0.00,33.95,0.00,33.95,24044.50,1.45,0,0,0,0.00,0,F1,25,,,,,
2024-06-27,2024-06-27,FO,NSE,IDO,64253,,NIFTY,,2024-06-27,2024-06-27,21700.00,PE,NIFTY24JUN21700PE,0.35,0.35,0.05,0.10,0.10,0.40,24044.50,24044.50,380450,13725,37226,20195211677.50,4270,F1,25,,,,,
2024-06-27,2024-06-27,FO,NSE,IDO,64933,,NIFTY,,2024-07-25,2024-07-25,22200.00,CE,NIFTY24JUL22200CE,1780.00,1932.00,1730.00,1910.05,1932.00,1782.60,24044.50,1910.05,10850,975,169,101516417.50,61,F1,25,,,,,
2024-06-27,2024-06-27,FO,NSE,IDO,40803,,NIFTY,,2024-08-01,2024-08-01,22200.00,PE,NIFTY2480122200PE,0.00,0.00,0.00,81.75,0.00,81.75,24044.50,26.30,0,0,0,0.00,0,F1,25,,,,,
2024-06-27,2024-06-27,FO,NSE,IDO,35795,,NIFTY,,2024-07-11,2024-07-11,23950.00,CE,NIFTY2471123950CE,230.30,313.20,201.50,291.30,297.00,235.10,24044.50,291.30,12625,8625,6983,4227251828.75,2155,F1,25,,,,,
2024-06-27,2024-06-27,FO,NSE,IDO,65272,,NIFTY,,2024-07-25,2024-07-25,23950.00,PE,NIFTY24JUL23950PE,351.05,372.90,280.05,289.15,284.00,338.90,24044.50,289.15,43250,23975,6523,3957905152.50,2765,F1,25,,,,,
2024-06-27,2024-06-27,FO,NSE,IDO,64686,,NIFTY,,2024-07-25,2024-07-25,21300.00,PE,NIFTY24JUL21300PE,13.00,13.15,10.15,12.60,12.15,11.40,24044.50,12.60,56475,3150,3395,1808883246.25,1162,F1,25,,,,,
2024-06-27,2024-06-27,FO,NSE,IDO,64178,,NIFTY,,2024-06-27,2024-06-27,21300.00,CE,NIFTY24JUN21300CE,2520.00,2765.00,2514.00,2739.85,2750.50,2564.15,24044.50,24044.50,7125,-4450,237,141925191.25,97,F1,25,,,,,
2024-06-27,2024-06-27,FO,NSE,IDO,41738,,NIFTY,,2024-07-04,2024-07-04,21250.00,CE,NIFTY2470421250CE,2725.00,2808.90,2705.00,2784.95,2808.90,2527.55,24044.50,2784.95,3750,3200,148,88712807.50,21,F1,25,,,,,
2024-06-27,2024-06-27,FO,NSE,IDO,35515,,NIFTY,,2024-07-11,2024-07-11,21250.00,CE,NIFTY2471121250CE,0.00,0.00,0.00,1758.35,0.00,1758.35,24044.50,2852.40,0,0,0,0.00,0,F1,25,,,,,
2024-06-27,2024-06-27,FO,NSE,IDO,41739,,NIFTY,,2024-07-04,2024-07-04,21250.00,PE,NIFTY2470421250PE,2.00,5.00,1.45,3.40,5.00,2.50,24044.50,3.40,13250,7250,822,436750138.75,306,F1,25,,,,,
2024-06-27,2024-06-27,FO,NSE,IDO,56671,,NIFTY,,2024-08-29,2024-08-29,21250.00,PE,NIFTY24AUG21250PE,0.00,0.00,0.00,39.90,39.90,39.90,24044.50,17.30,675,0,0,0.00,0,F1,25,,,,,
2024-06-27,2024-06-27,FO,NSE,IDO,41749,,NIFTY,,2024-07-04,2024-07-04,21300.00,PE,NIFTY2470421300PE,2.15,4.00,1.10,2.60,1.10,2.30,24044.50,2.60,51450,44900,5227,2783678037.50,1741,F1,25,,,,,
2024-06-27,2024-06-27,FO,NSE,IDO,40805,,NIFTY,,2024-08-01,2024-08-01,22250.00,PE,NIFTY2480122250PE,0.00,0.00,0.00,59.30,59.30,59.30,24044.50,29.10,25,0,0,0.00,0,F1,25,,,,,
2024-06-27,2024-06-27,FO,NSE,IDO,56711,,NIFTY,,2024-08-29,2024-08-29,22250.00,PE,NIFTY24AUG22250PE,0.00,0.00,0.00,147.50,147.50,147.50,24044.50,80.50,300,0,0,0.00,0,F1,25,,,,,
2024-06-27,2024-06-27,FO,NSE,IDO,64273,,NIFTY,,2024-06-27,2024-06-27,22250.00,CE,NIFTY24JUN22250CE,1618.45,1804.80,1613.55,1791.85,1793.80,1640.25,24044.50,24044.50,10500,-2025,119,71227401.25,59,F1,25,,,,,
2024-06-27,2024-06-27,FO,NSE,IDO,36567,,NIFTY,,2024-07-18,2024-07-18,22250.00,CE,NIFTY2471822250CE,0.00,0.00,0.00,1395.50,0.00,1395.50,24044.50,1893.80,0,0,0,0.00,0,F1,25,,,,,
2024-06-27,2024-06-27,FO,NSE,IDO,41018,,NIFTY,,2024-06-27,2024-06-27,18500.00,CE,NIFTY24JUN18500CE,5450.00,5450.00,5450.00,5450.00,5450.00,5120.00,24044.50,24044.50,3300,-175,7,4191250.00,1,F1,25,,,,,
2024-06-27,2024-06-27,FO,NSE,IDO,64565,,NIFTY,,2025-03-27,2025-03-27,23000.00,PE,NIFTY25MAR23000PE,482.95,483.40,451.50,465.75,465.00,462.85,24044.50,465.75,10000,1250,80,46932783.75,44,F1,25,,,,,
2024-06-27,2024-06-27,FO,NSE,IDO,65472,,NIFTY,,2024-07-25,2024-07-25,24550.00,PE,NIFTY24JUL24550PE,708.80,708.80,587.00,589.80,587.00,683.85,24044.50,589.80,825,100,46,28918078.75,8,F1,25,,,,,
2024-06-27,2024-06-27,FO,NSE,IDO,67781,,NIFTY,,2028-12-28,2028-12-28,23000.00,PE,NIFTY28DEC23000PE,0.00,0.00,0.00,575.05,0.00,575.05,24044.50,570.15,0,0,0,0.00,0,F1,25,,,,,
2024-06-27,2024-06-27,FO,NSE,IDO,35758,,NIFTY,,2024-07-11,2024-07-11,23550.00,PE,NIFTY2471123550PE,142.85,142.85,83.25,86.75,84.50,116.70,24044.50,86.75,30200,12475,2522,1491172807.50,843,F1,25,,,,,
2024-06-27,2024-06-27,FO,NSE,IDO,38159,,NIFTY,,2026-12-31,2026-12-31,29000.00,PE,NIFTY26DEC29000PE,0.00,0.00,0.00,5042.25,0.00,5042.25,24044.50,2649.65,0,0,0,0.00,0,F1,25,,,,,
2024-06-27,2024-06-27,FO,NSE,IDO,38150,,NIFTY,,2025-06-26,2025-06-26,29000.00,CE,NIFTY25JUN29000CE,0.00,0.00,0.00,324.45,0.00,324.45,24044.50,657.10,0,0,0,0.00,0,F1,25,,,,,
2024-06-27,2024-06-27,FO,NSE,IDO,38157,,NIFTY,,2026-06-25,2026-06-25,29000.00,PE,NIFTY26JUN29000PE,0.00,0.00,0.00,5546.10,0.00,5546.10,24044.50,2912.00,0,0,0,0.00,0,F1,25,,,,,
2024-06-27,2024-06-27,FO,NSE,IDO,65919,,NIFTY,,2024-09-26,2024-09-26,29000.00,CE,NIFTY24SEP29000CE,0.00,0.00,0.00,21.15,0.00,21.15,24044.50,20.40,0,0,0,0.00,0,F1,25,,,,,
2024-06-27,2024-06-27,FO,NSE,IDO,65839,,NIFTY,,2024-09-26,2024-09-26,17000.00,CE,NIFTY24SEP17000CE,0.00,0.00,0.00,3800.40,0.00,3800.40,24044.50,7351.55,0,0,0,0.00,0,F1,25,,,,,
2024-06-27,2024-06-27,FO,NSE,IDO,64550,,NIFTY,,2025-03-27,2025-03-27,17000.00,CE,NIFTY25MAR17000CE,0.00,0.00,0.00,6546.85,0.00,6546.85,24044.50,7952.05,0,0,0,0.00,0,F1,25,,,,,
2024-06-27,2024-06-27,FO,NSE,IDO,86138,,NIFTY,,2028-06-29,2028-06-29,17000.00,PE,NIFTY28JUN17000PE,0.00,0.00,0.00,283.10,0.00,283.10,24044.50,72.45,0,0,0,0.00,0,F1,25,,,,,
2024-06-27,2024-06-27,FO,NSE,IDO,74607,,NIFTY,,2024-08-29,2024-08-29,23800.00,CE,NIFTY24AUG23800CE,665.00,778.85,650.00,758.50,762.80,684.05,24044.50,758.50,24175,7175,1478,906079240.00,587,F1,25,,,,,
2024-06-27,2024-06-27,FO,NSE,IDO,40926,,NIFTY,,2024-08-01,2024-08-01,23800.00,PE,NIFTY2480123800PE,330.00,348.90,273.00,283.45,273.00,318.40,24044.50,283.45,1025,650,54,32530715.00,36,F1,25,,,,,
2024-06-27,2024-06-27,FO,NSE,IDO,35747,,NIFTY,,2024-07-11,2024-07-11,23350.00,PE,NIFTY2471123350PE,81.05,86.75,54.15,55.70,54.80,75.20,24044.50,55.70,21625,7100,1810,1059485353.75,544,F1,25,,,,,
2024-06-27,2024-06-27,FO,NSE,IDO,40900,,NIFTY,,2024-08-01,2024-08-01,23350.00,CE,NIFTY2480123350CE,0.00,0.00,0.00,778.05,0.00,778.05,24044.50,1042.85,0,0,0,0.00,0,F1,25,,,,,
2024-06-27,2024-06-27,FO,NSE,IDO,56754,,NIFTY,,2024-08-29,2024-08-29,23350.00,CE,NIFTY24AUG23350CE,0.00,0.00,0.00,967.15,967.15,967.15,24044.50,1275.60,575,0,0,0.00,0,F1,25,,,,,
2024-06-27,2024-06-27,FO,NSE,IDO,36666,,NIFTY,,2024-07-18,2024-07-18,23350.00,PE,NIFTY2471823350PE,106.10,113.50,91.35,95.95,95.70,214.65,24044.50,95.95,5975,5750,278,162998576.25,66,F1,25,,,,,
2024-06-27,2024-06-27,FO,NSE,IDO,35847,,NIFTY,,2024-07-11,2024-07-11,24700.00,CE,NIFTY2471124700CE,22.45,39.40,14.90,33.60,33.00,24.15,24044.50,33.60,185550,97025,24057,14873542062.50,9542,F1,25,,,,,
2024-06-27,2024-06-27,FO,NSE,IDO,65505,,NIFTY,,2024-07-25,2024-07-25,24700.00,PE,NIFTY24JUL24700PE,836.00,854.00,691.35,702.35,700.00,801.20,24044.50,702.35,2275,1375,182,115796952.50,106,F1,25,,,,,
2024-06-27,2024-06-27,FO,NSE,IDO,74679,,NIFTY,,2024-08-29,2024-08-29,24700.00,PE,NIFTY24AUG24700PE,909.00,909.00,811.25,811.25,811.25,962.85,24044.50,874.90,100,50,2,1278006.25,2,F1,25,,,,,
2024-06-27,2024-06-27,FO,NSE,IDO,65212,,NIFTY,,2024-07-25,2024-07-25,23400.00,PE,NIFTY24JUL23400PE,167.95,180.00,129.05,135.55,129.20,161.50,24044.50,135.55,536225,38475,32910,19378778213.75,13056,F1,25,,,,,
2024-06-27,2024-06-27,FO,NSE,IDO,35749,,NIFTY,,2024-07-11,2024-07-11,23400.00,PE,NIFTY2471123400PE,94.85,94.85,60.00,61.70,61.40,84.70,24044.50,61.70,130625,33150,14049,8243903763.75,5999,F1,25,,,,,
2024-06-27,2024-06-27,FO,NSE,IDO,41647,,NIFTY,,2024-07-04,2024-07-04,20650.00,PE,NIFTY2470420650PE,1.95,2.65,1.00,1.40,2.65,2.35,24044.50,1.40,3625,500,617,318548850.00,139,F1,25,,,,,
2024-06-27,2024-06-27,FO,NSE,IDO,64111,,NIFTY,,2024-06-27,2024-06-27,20650.00,PE,NIFTY24JUN20650PE,0.30,0.30,0.05,0.05,0.10,0.50,24044.50,24044.50,15425,-1325,1964,1013921276.25,416,F1,25,,,,,
2024-06-27,2024-06-27,FO,NSE,IDO,64509,,NIFTY,,2024-06-27,2024-06-27,25450.00,PE,NIFTY24JUN25450PE,0.00,0.00,0.00,2709.95,0.00,2709.95,24044.50,24044.50,0,0,0,0.00,0,F1,25,,,,,
2024-06-27,2024-06-27,FO,NSE,IDO,74718,,NIFTY,,2024-08-29,2024-08-29,25450.00,CE,NIFTY24AUG25450CE,143.80,143.80,66.05,74.45,66.05,50.30,24044.50,74.45,3500,3500,192,122549838.75,51,F1,25,,,,,
2024-06-27,2024-06-27,FO,NSE,IDO,35912,,NIFTY,,2024-07-11,2024-07-11,25450.00,PE,NIFTY2471125450PE,0.00,0.00,0.00,2466.10,0.00,2466.10,24044.50,1355.10,0,0,0,0.00,0,F1,25,,,,,
2024-06-27,2024-06-27,FO,NSE,IDO,64551,,NIFTY,,2025-03-27,2025-03-27,17000.00,PE,NIFTY25MAR17000PE,0.00,0.00,0.00,7.65,0.00,7.65,24044.50,3.05,0,0,0,0.00,0,F1,25,,,,,
2024-06-27,2024-06-27,FO,NSE,IDO,65321,,NIFTY,,2024-07-25,2024-07-25,24200.00,CE,NIFTY24JUL24200CE,230.75,315.05,219.60,295.75,295.95,245.70,24044.50,295.75,532725,267150,44810,27419310138.75,14757,F1,25,,,,,
2024-06-27,2024-06-27,FO,NSE,IDO,35692,,NIFTY,,2024-07-11,2024-07-11,22850.00,CE,NIFTY2471122850CE,0.00,0.00,0.00,1105.75,1105.75,1105.75,24044.50,1275.20,600,0,0,0.00,0,F1,25,,,,,
2024-06-27,2024-06-27,FO,NSE,IDO,40865,,NIFTY,,2024-08-01,2024-08-01,22850.00,PE,NIFTY2480122850PE,0.00,0.00,0.00,205.60,0.00,205.60,24044.50,86.85,0,0,0,0.00,0,F1,25,,,,,
2024-06-27,2024-06-27,FO,NSE,IDO,39673,,NIFTY,,2025-06-26,2025-06-26,16000.00,CE,NIFTY25JUN16000CE,0.00,0.00,0.00,3227.55,0.00,3227.55,24044.50,9171.85,0,0,0,0.00,0,F1,25,,,,,
2024-06-27,2024-06-27,FO,NSE,IDO,58637,,NIFTY,,2026-12-31,2026-12-31,16000.00,PE,NIFTY26DEC16000PE,0.00,0.00,0.00,58.45,58.45,58.45,24044.50,25.55,2400,0,0,0.00,0,F1,25,,,,,
2024-06-27,2024-06-27,FO,NSE,IDO,58636,,NIFTY,,2026-12-31,2026-12-31,16000.00,CE,NIFTY26DEC16000CE,0.00,0.00,0.00,6200.00,6200.00,6200.00,24044.50,10754.40,50,0,0,0.00,0,F1,25,,,,,
2024-06-27,2024-06-27,FO,NSE,IDO,86135,,NIFTY,,2028-06-29,2028-06-29,16000.00,CE,NIFTY28JUN16000CE,0.00,0.00,0.00,8002.30,0.00,8002.30,24044.50,12152.25,0,0,0,0.00,0,F1,25,,,,,
2024-06-27,2024-06-27,FO,NSE,IDO,39669,,NIFTY,,2024-12-26,2024-12-26,16000.00,CE,NIFTY24DEC16000CE,0.00,0.00,0.00,6951.00,6951.00,6951.00,24044.50,8617.30,21800,0,0,0.00,0,F1,25,,,,,
2024-06-27,2024-06-27,FO,NSE,IDO,64960,,NIFTY,,2024-07-25,2024-07-25,22300.00,PE,NIFTY24JUL22300PE,35.95,40.35,29.85,32.30,30.00,35.10,24044.50,32.30,214825,-28650,12197,6810251185.00,3589,F1,25,,,,,
2024-06-27,2024-06-27,FO,NSE,IDO,64281,,NIFTY,,2024-06-27,2024-06-27,22450.00,CE,NIFTY24JUN22450CE,1394.55,1609.30,1376.15,1590.50,1598.00,1428.50,24044.50,24044.50,18675,-2800,347,208135133.75,66,F1,25,,,,,
2024-06-27,2024-06-27,FO,NSE,IDO,36581,,NIFTY,,2024-07-18,2024-07-18,22450.00,PE,NIFTY2471822450PE,28.20,28.20,26.00,26.00,26.00,38.15,24044.50,26.00,200,175,7,3933422.50,4,F1,25,,,,,
2024-06-27,2024-06-27,FO,NSE,IDO,35667,,NIFTY,,2024-07-11,2024-07-11,22450.00,CE,NIFTY2471122450CE,0.00,0.00,0.00,1349.95,1351.95,1349.95,24044.50,1660.40,150,0,0,0.00,0,F1,25,,,,,
2024-06-27,2024-06-27,FO,NSE,IDO,64998,,NIFTY,,2024-07-25,2024-07-25,22450.00,PE,NIFTY24JUL22450PE,45.45,47.50,37.45,38.95,37.45,43.20,24044.50,38.95,24450,1100,764,429583611.25,295,F1,25,,,,,
2024-06-27,2024-06-27,FO,NSE,IDO,56713,,NIFTY,,2024-08-29,2024-08-29,22300.00,PE,NIFTY24AUG22300PE,76.05,90.55,76.05,80.10,78.70,87.65,24044.50,80.10,83600,11875,705,394528536.25,132,F1,25,,,,,
2024-06-27,2024-06-27,FO,NSE,IDO,41924,,NIFTY,,2024-07-04,2024-07-04,22450.00,CE,NIFTY2470422450CE,1440.00,1550.00,1440.00,1525.00,1525.00,1355.00,24044.50,1625.35,2650,1575,63,37734200.00,18,F1,25,,,,,
2024-06-27,2024-06-27,FO,NSE,IDO,41906,,NIFTY,,2024-07-04,2024-07-04,22300.00,CE,NIFTY2470422300CE,1555.90,1761.15,1542.00,1726.65,1729.45,1597.25,24044.50,1726.65,3500,500,53,31768010.00,34,F1,25,,,,,
2024-06-27,2024-06-27,FO,NSE,IDO,68966,,NIFTY,,2024-07-04,2024-07-04,24500.00,CE,NIFTY2470424500CE,16.65,29.80,12.75,19.80,19.00,16.25,24044.50,19.80,2619725,1606175,688456,422005994697.50,129983,F1,25,,,,,
2024-06-27,2024-06-27,FO,NSE,IDO,64444,,NIFTY,,2024-06-27,2024-06-27,24500.00,CE,NIFTY24JUN24500CE,0.40,0.55,0.05,0.10,0.05,0.65,24044.50,24044.50,8000275,-470600,4358170,2669409529993.75,271991,F1,25,,,,,
2024-06-27,2024-06-27,FO,NSE,IDO,40798,,NIFTY,,2024-08-01,2024-08-01,22100.00,PE,NIFTY2480122100PE,35.55,35.65,35.55,35.65,35.65,43.95,24044.50,35.65,100,-25,3,1660171.25,3,F1,25,,,,,
2024-06-27,2024-06-27,FO,NSE,IDO,41854,,NIFTY,,2024-07-04,2024-07-04,22100.00,CE,NIFTY2470422100CE,1781.00,1937.00,1720.10,1934.70,1930.00,1798.15,24044.50,1934.70,1950,225,24,14365210.00,11,F1,25,,,,,
2024-06-27,2024-06-27,FO,NSE,IDO,35830,,NIFTY,,2024-07-11,2024-07-11,24500.00,CE,NIFTY2471124500CE,48.20,77.55,41.05,71.15,72.85,50.45,24044.50,71.15,650225,466075,76682,47088425732.50,24003,F1,25,,,,,
2024-06-27,2024-06-27,FO,NSE,IDO,35591,,NIFTY,,2024-07-11,2024-07-11,22100.00,CE,NIFTY2471122100CE,0.00,0.00,0.00,1041.10,0.00,1041.10,24044.50,2005.85,0,0,0,0.00,0,F1,25,,,,,
2024-06-27,2024-06-27,FO,NSE,IDO,64268,,NIFTY,,2024-06-27,2024-06-27,22100.00,PE,NIFTY24JUN22100PE,0.40,0.40,0.05,0.05,0.05,0.60,24044.50,24044.50,418950,-180325,46595,25743935828.75,6501,F1,25,,,,,
2024-06-27,2024-06-27,FO,NSE,IDO,36839,,NIFTY,,2024-07-18,2024-07-18,24500.00,PE,NIFTY2471824500PE,697.85,698.95,600.00,683.30,697.95,642.35,24044.50,683.30,2300,50,11,6914645.00,7,F1,25,,,,,
2024-06-27,2024-06-27,FO,NSE,IDO,36561,,NIFTY,,2024-07-18,2024-07-18,22100.00,CE,NIFTY2471822100CE,0.00,0.00,0.00,1524.05,0.00,1524.05,24044.50,2040.10,0,0,0,0.00,0,F1,25,,,,,
2024-06-27,2024-06-27,FO,NSE,IDO,41783,,NIFTY,,2024-07-04,2024-07-04,21600.00,PE,NIFTY2470421600PE,2.10,6.00,1.60,4.15,4.50,2.45,24044.50,4.15,682975,661700,59750,32270781162.50,12203,F1,25,,,,,
2024-06-27,2024-06-27,FO,NSE,IDO,64827,,NIFTY,,2024-07-25,2024-07-25,21600.00,CE,NIFTY24JUL21600CE,2400.00,2487.75,2390.00,2472.60,2465.00,2366.65,24044.50,2472.60,3375,175,44,26437670.00,20,F1,25,,,,,
2024-06-27,2024-06-27,FO,NSE,IDO,51448,,NIFTY,,2024-12-26,2024-12-26,21000.00,PE,NIFTY24DEC21000PE,96.55,108.80,92.30,99.95,102.80,96.35,24044.50,99.95,1686725,12475,6156,3247016832.50,2839,F1,25,,,,,
2024-06-27,2024-06-27,FO,NSE,IDO,51447,,NIFTY,,2024-12-26,2024-12-26,21000.00,CE,NIFTY24DEC21000CE,3500.00,3689.00,3432.50,3596.30,3611.90,3537.45,24044.50,3596.30,477200,26275,1688,1036429791.25,1075,F1,25,,,,,
2024-06-27,2024-06-27,FO,NSE,IDO,36909,,NIFTY,,2024-07-18,2024-07-18,25100.00,CE,NIFTY2471825100CE,0.00,0.00,0.00,78.45,0.00,78.45,24044.50,93.40,0,0,0,0.00,0,F1,25,,,,,
2024-06-27,2024-06-27,FO,NSE,IDO,64478,,NIFTY,,2024-06-27,2024-06-27,25100.00,PE,NIFTY24JUN25100PE,1280.00,1280.00,1082.95,1082.95,1082.95,1754.50,24044.50,24044.50,550,-50,10,6566251.25,7,F1,25,,,,,
2024-06-27,2024-06-27,FO,NSE,IDO,56663,,NIFTY,,2024-08-29,2024-08-29,21050.00,PE,NIFTY24AUG21050PE,0.00,0.00,0.00,37.05,37.95,37.05,24044.50,12.10,800,0,0,0.00,0,F1,25,,,,,
2024-06-27,2024-06-27,FO,NSE,IDO,64487,,NIFTY,,2024-07-25,2024-07-25,21050.00,CE,NIFTY24JUL21050CE,0.00,0.00,0.00,2646.05,2646.05,2646.05,24044.50,3109.55,5550,0,0,0.00,0,F1,25,,,,,
2024-06-27,2024-06-27,FO,NSE,IDO,64162,,NIFTY,,2024-06-27,2024-06-27,21050.00,CE,NIFTY24JUN21050CE,2829.20,2893.95,2829.20,2893.95,2893.95,2521.40,24044.50,24044.50,1325,25,2,1195578.75,2,F1,25,,,,,
2024-06-27,2024-06-27,FO,NSE,IDO,35488,,NIFTY,,2024-07-11,2024-07-11,21050.00,CE,NIFTY2471121050CE,0.00,0.00,0.00,1943.90,0.00,1943.90,24044.50,3051.85,0,0,0,0.00,0,F1,25,,,,,
2024-06-27,2024-06-27,FO,NSE,IDO,36684,,NIFTY,,2024-07-18,2024-07-18,23600.00,PE,NIFTY2471823600PE,184.25,187.10,136.00,140.80,136.65,174.30,24044.50,140.80,18525,6400,1168,693795721.25,314,F1,25,,,,,
2024-06-27,2024-06-27,FO,NSE,IDO,64380,,NIFTY,,2024-06-27,2024-06-27,23600.00,CE,NIFTY24JUN23600CE,258.45,460.50,205.15,439.40,445.00,281.05,24044.50,24044.50,2166925,-983450,359422,214990544138.75,108000,F1,25,,,,,
2024-06-27,2024-06-27,FO,NSE,IDO,35771,,NIFTY,,2024-07-11,2024-07-11,23600.00,PE,NIFTY2471123600PE,130.15,144.60,92.20,95.10,92.50,128.85,24044.50,95.10,203400,86675,22147,13129200190.00,6802,F1,25,,,,,
2024-06-27,2024-06-27,FO,NSE,IDO,36683,,NIFTY,,2024-07-18,2024-07-18,23600.00,CE,NIFTY2471823600CE,501.85,616.65,480.00,605.50,605.40,527.95,24044.50,605.50,4050,-1025,578,349004856.25,250,F1,25,,,,,
2024-06-27,2024-06-27,FO,NSE,IDO,56723,,NIFTY,,2024-08-29,2024-08-29,22550.00,PE,NIFTY24AUG22550PE,126.50,126.50,126.50,126.50,126.50,135.00,24044.50,118.55,325,0,2,1133825.00,1,F1,25,,,,,
2024-06-27,2024-06-27,FO,NSE,IDO,65004,,NIFTY,,2024-07-25,2024-07-25,22550.00,PE,NIFTY24JUL22550PE,50.00,55.05,43.05,45.25,43.05,50.10,24044.50,45.25,30550,2875,1004,567204786.25,301,F1,25,,,,,
2024-06-27,2024-06-27,FO,NSE,IDO,65039,,NIFTY,,2024-07-25,2024-07-25,22800.00,CE,NIFTY24JUL22800CE,1214.95,1363.15,1128.00,1350.60,1347.00,1239.20,24044.50,1350.60,79150,1850,844,508049495.00,368,F1,25,,,,,
2024-06-27,2024-06-27,FO,NSE,IDO,41931,,NIFTY,,2024-07-04,2024-07-04,22550.00,PE,NIFTY2470422550PE,6.35,12.00,3.05,4.30,3.55,6.20,24044.50,4.30,425775,108125,52158,29409565081.25,10839,F1,25,,,,,
2024-06-27,2024-06-27,FO,NSE,IDO,41945,,NIFTY,,2024-07-04,2024-07-04,22800.00,CE,NIFTY2470422800CE,1079.00,1258.00,1044.00,1238.20,1248.65,1103.65,24044.50,1238.20,45250,10600,919,550911840.00,443,F1,25,,,,,
2024-06-27,2024-06-27,FO,NSE,IDO,41847,,NIFTY,,2024-07-04,2024-07-04,21900.00,PE,NIFTY2470421900PE,2.65,13.70,1.65,3.65,2.30,2.65,24044.50,3.65,590025,528325,58847,32223729973.75,10323,F1,25,,,,,
2024-06-27,2024-06-27,FO,NSE,IDO,40786,,NIFTY,,2024-08-01,2024-08-01,21900.00,PE,NIFTY2480121900PE,0.00,0.00,0.00,49.90,0.00,49.90,24044.50,13.85,0,0,0,0.00,0,F1,25,,,,,
2024-06-27,2024-06-27,FO,NSE,IDO,64261,,NIFTY,,2024-06-27,2024-06-27,21900.00,CE,NIFTY24JUN21900CE,1950.65,2152.95,1908.60,2144.35,2140.65,1969.25,24044.50,24044.50,28875,-100,137,82166993.75,83,F1,25,,,,,
2024-06-27,2024-06-27,FO,NSE,IDO,35583,,NIFTY,,2024-07-11,2024-07-11,21900.00,CE,NIFTY2471121900CE,0.00,0.00,0.00,1196.55,0.00,1196.55,24044.50,2204.65,0,0,0,0.00,0,F1,25,,,,,
2024-06-27,2024-06-27,FO,NSE,IDO,41846,,NIFTY,,2024-07-04,2024-07-04,21900.00,CE,NIFTY2470421900CE,2045.00,2120.00,2045.00,2120.00,2120.00,1850.00,24044.50,2120.00,1300,450,22,13173500.00,5,F1,25,,,,,
2024-06-27,2024-06-27,FO,NSE,IDO,64481,,NIFTY,,2024-07-25,2024-07-25,20950.00,PE,NIFTY24JUL20950PE,0.00,0.00,0.00,9.20,11.45,9.20,24044.50,0.40,7975,0,0,0.00,0,F1,25,,,,,
2024-06-27,2024-06-27,FO,NSE,IDO,56630,,NIFTY,,2024-08-29,2024-08-29,20250.00,CE,NIFTY24AUG20250CE,0.00,0.00,0.00,2628.40,0.00,2628.40,24044.50,4050.80,0,0,0,0.00,0,F1,25,,,,,
2024-06-27,2024-06-27,FO,NSE,IDO,64152,,NIFTY,,2024-06-27,2024-06-27,20950.00,CE,NIFTY24JUN20950CE,0.00,0.00,0.00,2549.65,2549.65,2549.65,24044.50,24044.50,3425,0,0,0.00,0,F1,25,,,,,
2024-06-27,2024-06-27,FO,NSE,IDO,41695,,NIFTY,,2024-07-04,2024-07-04,20950.00,CE,NIFTY2470420950CE,0.00,0.00,0.00,2825.15,2824.90,2825.15,24044.50,3123.05,425,0,0,0.00,0,F1,25,,,,,
2024-06-27,2024-06-27,FO,NSE,IDO,41572,,NIFTY,,2024-07-04,2024-07-04,20250.00,CE,NIFTY2470420250CE,3506.80,3506.80,3506.80,3506.80,3506.80,3331.85,24044.50,3822.10,125,0,1,593920.00,1,F1,25,,,,,
2024-06-27,2024-06-27,FO,NSE,IDO,41698,,NIFTY,,2024-07-04,2024-07-04,20950.00,PE,NIFTY2470420950PE,1.65,2.55,1.05,1.60,1.55,2.15,24044.50,1.60,2625,600,375,196420706.25,121,F1,25,,,,,
2024-06-27,2024-06-27,FO,NSE,IDO,65184,,NIFTY,,2024-07-25,2024-07-25,23200.00,PE,NIFTY24JUL23200PE,129.00,137.65,95.85,104.05,101.30,122.45,24044.50,104.05,403950,7675,28693,16725405982.50,8541,F1,25,,,,,
2024-06-27,2024-06-27,FO,NSE,IDO,65627,,NIFTY,,2024-07-25,2024-07-25,25350.00,CE,NIFTY24JUL25350CE,0.00,0.00,0.00,67.45,0.00,67.45,24044.50,98.00,0,0,0,0.00,0,F1,25,,,,,
2024-06-27,2024-06-27,FO,NSE,IDO,35908,,NIFTY,,2024-07-11,2024-07-11,25350.00,PE,NIFTY2471125350PE,0.00,0.00,0.00,2369.80,0.00,2369.80,24044.50,1261.20,0,0,0,0.00,0,F1,25,,,,,
2024-06-27,2024-06-27,FO,NSE,IDO,36930,,NIFTY,,2024-07-18,2024-07-18,25350.00,CE,NIFTY2471825350CE,0.00,0.00,0.00,53.75,0.00,53.75,24044.50,58.70,0,0,0,0.00,0,F1,25,,,,,
2024-06-27,2024-06-27,FO,NSE,IDO,74715,,NIFTY,,2024-08-29,2024-08-29,25350.00,PE,NIFTY24AUG25350PE,0.00,0.00,0.00,2461.70,0.00,2461.70,24044.50,1299.55,0,0,0,0.00,0,F1,25,,,,,
2024-06-27,2024-06-27,FO,NSE,IDO,68999,,NIFTY,,2024-07-04,2024-07-04,24750.00,PE,NIFTY2470424750PE,0.00,0.00,0.00,987.60,985.90,987.60,24044.50,707.15,875,0,0,0.00,0,F1,25,,,,,
2024-06-27,2024-06-27,FO,NSE,IDO,36867,,NIFTY,,2024-07-18,2024-07-18,24750.00,CE,NIFTY2471824750CE,0.00,0.00,0.00,128.50,0.00,128.50,24044.50,167.90,0,0,0,0.00,0,F1,25,,,,,
2024-06-27,2024-06-27,FO,NSE,IDO,36538,,NIFTY,,2024-07-18,2024-07-18,21850.00,PE,NIFTY2471821850PE,0.00,0.00,0.00,45.35,0.00,45.35,24044.50,2.40,0,0,0,0.00,0,F1,25,,,,,
2024-06-27,2024-06-27,FO,NSE,IDO,56695,,NIFTY,,2024-08-29,2024-08-29,21850.00,PE,NIFTY24AUG21850PE,0.00,0.00,0.00,236.90,0.00,236.90,24044.50,45.65,0,0,0,0.00,0,F1,25,,,,,
2024-06-27,2024-06-27,FO,NSE,IDO,40783,,NIFTY,,2024-08-01,2024-08-01,21850.00,CE,NIFTY2480121850CE,0.00,0.00,0.00,1945.25,0.00,1945.25,24044.50,2359.45,0,0,0,0.00,0,F1,25,,,,,
2024-06-27,2024-06-27,FO,NSE,IDO,35543,,NIFTY,,2024-07-11,2024-07-11,21650.00,CE,NIFTY2471121650CE,0.00,0.00,0.00,1403.60,0.00,1403.60,24044.50,2453.60,0,0,0,0.00,0,F1,25,,,,,
2024-06-27,2024-06-27,FO,NSE,IDO,36642,,NIFTY,,2024-07-18,2024-07-18,22950.00,CE,NIFTY2471822950CE,1079.00,1079.00,1079.00,1079.00,1079.00,860.80,24044.50,1239.05,125,125,5,3003625.00,1,F1,25,,,,,
2024-06-27,2024-06-27,FO,NSE,IDO,56739,,NIFTY,,2024-08-29,2024-08-29,22950.00,PE,NIFTY24AUG22950PE,0.00,0.00,0.00,213.40,213.40,213.40,24044.50,189.60,1025,0,0,0.00,0,F1,25,,,,,
2024-06-27,2024-06-27,FO,NSE,IDO,35696,,NIFTY,,2024-07-11,2024-07-11,22950.00,CE,NIFTY2471122950CE,0.00,0.00,0.00,880.75,886.95,880.75,24044.50,1181.95,500,0,0,0.00,0,F1,25,,,,,
2024-06-27,2024-06-27,FO,NSE,IDO,56687,,NIFTY,,2024-08-29,2024-08-29,21650.00,PE,NIFTY24AUG21650PE,0.00,0.00,0.00,130.60,130.60,130.60,24044.50,33.55,175,0,0,0.00,0,F1,25,,,,,
2024-06-27,2024-06-27,FO,NSE,IDO,64449,,NIFTY,,2024-06-27,2024-06-27,24600.00,PE,NIFTY24JUN24600PE,767.95,805.00,540.35,561.25,555.90,731.60,24044.50,24044.50,5500,125,1711,1078262302.50,874,F1,25,,,,,
2024-06-27,2024-06-27,FO,NSE,IDO,36846,,NIFTY,,2024-07-18,2024-07-18,24600.00,CE,NIFTY2471824600CE,0.00,0.00,0.00,156.75,0.00,156.75,24044.50,211.40,0,0,0,0.00,0,F1,25,,,,,
2024-06-27,2024-06-27,FO,NSE,IDO,67779,,NIFTY,,2028-12-28,2028-12-28,22000.00,PE,NIFTY28DEC22000PE,500.05,500.05,500.05,500.05,500.05,650.00,24044.50,438.55,125,25,1,562501.25,1,F1,25,,,,,
2024-06-27,2024-06-27,FO,NSE,IDO,36752,,NIFTY,,2024-07-18,2024-07-18,24000.00,CE,NIFTY2471824000CE,264.20,351.00,246.00,331.75,333.65,279.35,24044.50,331.75,35875,4850,4503,2736165860.00,966,F1,25,,,,,
2024-06-27,2024-06-27,FO,NSE,IDO,64562,,NIFTY,,2025-03-27,2025-03-27,22000.00,CE,NIFTY25MAR22000CE,0.00,0.00,0.00,2408.30,0.00,2408.30,24044.50,3509.20,0,0,0,0.00,0,F1,25,,,,,
2024-06-27,2024-06-27,FO,NSE,IDO,36549,,NIFTY,,2024-07-18,2024-07-18,22000.00,PE,NIFTY2471822000PE,16.00,17.90,11.60,14.85,12.00,16.85,24044.50,14.85,32900,10050,1479,813992337.50,335,F1,25,,,,,
2024-06-27,2024-06-27,FO,NSE,IDO,71298,,NIFTY,,2024-06-27,2024-06-27,24000.00,CE,NIFTY24JUN24000CE,28.50,98.95,5.45,38.05,44.65,27.60,24044.50,24044.50,13242225,-116175,58567314,35190516996080.00,11505352,F1,25,,,,,
2024-06-27,2024-06-27,FO,NSE,IDO,56701,,NIFTY,,2024-08-29,2024-08-29,22000.00,PE,NIFTY24AUG22000PE,69.80,73.20,62.25,66.05,65.45,69.75,24044.50,66.05,882625,80900,12540,6917996585.00,4386,F1,25,,,,,
2024-06-27,2024-06-27,FO,NSE,IDO,41851,,NIFTY,,2024-07-04,2024-07-04,22000.00,PE,NIFTY2470422000PE,2.85,5.85,1.85,3.00,2.50,2.95,24044.50,3.00,2565650,2100975,260721,143413939157.50,30298,F1,25,,,,,
2024-06-27,2024-06-27,FO,NSE,IDO,71502,,NIFTY,,2026-12-31,2026-12-31,24000.00,PE,NIFTY26DEC24000PE,900.10,960.00,900.05,950.00,950.00,900.05,24044.50,873.90,350,275,13,8099020.00,13,F1,25,,,,,
2024-06-27,2024-06-27,FO,NSE,IDO,41116,,NIFTY,,2024-08-01,2024-08-01,25500.00,CE,NIFTY2480125500CE,0.00,0.00,0.00,80.90,0.00,80.90,24044.50,114.75,0,0,0,0.00,0,F1,25,,,,,
2024-06-27,2024-06-27,FO,NSE,IDO,74643,,NIFTY,,2024-08-29,2024-08-29,24200.00,CE,NIFTY24AUG24200CE,440.00,529.00,425.85,518.35,498.95,456.70,24044.50,518.35,13625,3800,986,608515758.75,320,F1,25,,,,,
2024-06-27,2024-06-27,FO,NSE,IDO,64535,,NIFTY,,2024-07-25,2024-07-25,21300.00,CE,NIFTY24JUL21300CE,2699.00,2770.00,2699.00,2708.50,2708.50,2525.00,24044.50,2861.65,6250,1025,60,36017255.00,15,F1,25,,,,,
2024-06-27,2024-06-27,FO,NSE,IDO,41742,,NIFTY,,2024-07-04,2024-07-04,21300.00,CE,NIFTY2470421300CE,2665.00,2690.00,2660.00,2666.85,2666.85,2477.35,24044.50,2773.55,2000,1400,60,35961462.50,10,F1,25,,,,,
2024-06-27,2024-06-27,FO,NSE,IDO,56672,,NIFTY,,2024-08-29,2024-08-29,21300.00,CE,NIFTY24AUG21300CE,0.00,0.00,0.00,1694.65,0.00,1694.65,24044.50,3030.40,0,0,0,0.00,0,F1,25,,,,,
2024-06-27,2024-06-27,FO,NSE,IDO,56673,,NIFTY,,2024-08-29,2024-08-29,21300.00,PE,NIFTY24AUG21300PE,0.00,0.00,0.00,40.00,40.00,40.00,24044.50,18.85,5075,0,0,0.00,0,F1,25,,,,,
2024-06-27,2024-06-27,FO,NSE,IDO,64179,,NIFTY,,2024-06-27,2024-06-27,21300.00,PE,NIFTY24JUN21300PE,0.35,0.35,0.05,0.10,0.10,0.55,24044.50,24044.50,172400,-41675,14785,7873071737.50,2631,F1,25,,,,,
2024-06-27,2024-06-27,FO,NSE,IDO,35520,,NIFTY,,2024-07-11,2024-07-11,21300.00,PE,NIFTY2471121300PE,0.00,0.00,0.00,42.95,0.00,42.95,24044.50,0.05,0,0,0,0.00,0,F1,25,,,,,
2024-06-27,2024-06-27,FO,NSE,IDO,64177,,NIFTY,,2024-06-27,2024-06-27,21250.00,PE,NIFTY24JUN21250PE,0.25,0.30,0.05,0.10,0.05,0.50,24044.50,24044.50,22825,-13175,5036,2675391146.25,472,F1,25,,,,,
2024-06-27,2024-06-27,FO,NSE,IDO,64534,,NIFTY,,2024-07-25,2024-07-25,21250.00,PE,NIFTY24JUL21250PE,17.00,17.00,12.30,13.05,13.05,10.60,24044.50,1.10,6625,-300,33,17542038.75,15,F1,25,,,,,
2024-06-27,2024-06-27,FO,NSE,IDO,64176,,NIFTY,,2024-06-27,2024-06-27,21250.00,CE,NIFTY24JUN21250CE,2700.00,2751.85,2700.00,2727.00,2727.00,2581.00,24044.50,24044.50,2325,-1225,51,30556600.00,9,F1,25,,,,,
2024-06-27,2024-06-27,FO,NSE,IDO,41710,,NIFTY,,2024-07-04,2024-07-04,21000.00,PE,NIFTY2470421000PE,2.15,3.00,1.25,1.85,2.15,2.10,24044.50,1.85,1197375,894625,88890,46671058821.25,8161,F1,25,,,,,
2024-06-27,2024-06-27,FO,NSE,IDO,58646,,NIFTY,,2026-12-31,2026-12-31,21000.00,CE,NIFTY26DEC21000CE,0.00,0.00,0.00,3356.25,0.00,3356.25,24044.50,6896.75,0,0,0,0.00,0,F1,25,,,,,
2024-06-27,2024-06-27,FO,NSE,IDO,51444,,NIFTY,,2024-06-27,2024-06-27,21000.00,CE,NIFTY24JUN21000CE,2825.00,3063.40,2800.00,3046.70,3050.45,2879.60,24044.50,24044.50,630500,-11775,9573,5736934048.75,4374,F1,25,,,,,
2024-06-27,2024-06-27,FO,NSE,IDO,56660,,NIFTY,,2024-08-29,2024-08-29,21000.00,CE,NIFTY24AUG21000CE,2973.75,3170.00,2973.75,3152.25,3159.20,3042.85,24044.50,3152.25,30575,7000,320,192733105.00,111,F1,25,,,,,
2024-06-27,2024-06-27,FO,NSE,IDO,51445,,NIFTY,,2024-06-27,2024-06-27,21000.00,PE,NIFTY24JUN21000PE,0.20,0.30,0.05,0.10,0.10,0.50,24044.50,24044.50,3518100,-131650,153552,80615385872.50,15128,F1,25,,,,,
2024-06-27,2024-06-27,FO,NSE,IDO,58647,,NIFTY,,2026-12-31,2026-12-31,21000.00,PE,NIFTY26DEC21000PE,0.00,0.00,0.00,387.60,387.60,387.60,24044.50,329.00,600,0,0,0.00,0,F1,25,,,,,
2024-06-27,2024-06-27,FO,NSE,IDO,51451,,NIFTY,,2025-12-24,2025-12-24,21000.00,CE,NIFTY25DEC21000CE,0.00,0.00,0.00,4600.85,4600.00,4600.85,24044.50,5483.55,325,0,0,0.00,0,F1,25,,,,,
2024-06-27,2024-06-27,FO,NSE,IDO,64482,,NIFTY,,2024-07-25,2024-07-25,21000.00,CE,NIFTY24JUL21000CE,2940.40,3094.65,2894.00,3070.10,3080.00,2955.00,24044.50,3070.10,594850,143650,10231,6140300486.25,6405,F1,25,,,,,
2024-06-27,2024-06-27,FO,NSE,IDO,86145,,NIFTY,,2028-06-29,2028-06-29,21000.00,CE,NIFTY28JUN21000CE,0.00,0.00,0.00,5226.55,0.00,5226.55,24044.50,8714.65,0,0,0,0.00,0,F1,25,,,,,
2024-06-27,2024-06-27,FO,NSE,IDO,41678,,NIFTY,,2024-07-04,2024-07-04,20850.00,CE,NIFTY2470420850CE,0.00,0.00,0.00,2733.15,2737.55,2733.15,24044.50,3222.95,425,0,0,0.00,0,F1,25,,,,,
2024-06-27,2024-06-27,FO,NSE,IDO,64422,,NIFTY,,2024-07-25,2024-07-25,20850.00,CE,NIFTY24JUL20850CE,0.00,0.00,0.00,2978.60,2981.25,2978.60,24044.50,3308.20,4275,0,0,0.00,0,F1,25,,,,,
2024-06-27,2024-06-27,FO,NSE,IDO,64137,,NIFTY,,2024-06-27,2024-06-27,20850.00,PE,NIFTY24JUN20850PE,0.45,0.45,0.05,0.10,0.05,0.45,24044.50,24044.50,19725,1475,3746,1952613386.25,850,F1,25,,,,,
2024-06-27,2024-06-27,FO,NSE,IDO,65335,,NIFTY,,2024-07-25,2024-07-25,24350.00,CE,NIFTY24JUL24350CE,180.00,242.75,163.90,227.30,228.85,185.20,24044.50,227.30,26500,3925,4716,2895956808.75,1960,F1,25,,,,,
2024-06-27,2024-06-27,FO,NSE,IDO,74652,,NIFTY,,2024-08-29,2024-08-29,24350.00,CE,NIFTY24AUG24350CE,0.00,0.00,0.00,175.25,0.00,175.25,24044.50,683.25,0,0,0,0.00,0,F1,25,,,,,
2024-06-27,2024-06-27,FO,NSE,IDO,35819,,NIFTY,,2024-07-11,2024-07-11,24350.00,CE,NIFTY2471124350CE,85.55,130.00,69.70,107.25,108.00,81.50,24044.50,107.25,27900,21700,5615,3432253868.75,1536,F1,25,,,,,
2024-06-27,2024-06-27,FO,NSE,IDO,40967,,NIFTY,,2024-08-01,2024-08-01,24350.00,CE,NIFTY2480124350CE,0.00,0.00,0.00,316.40,0.00,316.40,24044.50,445.90,0,0,0,0.00,0,F1,25,,,,,
2024-06-27,2024-06-27,FO,NSE,IDO,64437,,NIFTY,,2024-06-27,2024-06-27,24350.00,PE,NIFTY24JUN24350PE,511.30,550.50,290.30,309.30,304.75,484.65,24044.50,24044.50,14700,8000,9547,5895830181.25,4861,F1,25,,,,,
2024-06-27,2024-06-27,FO,NSE,IDO,40882,,NIFTY,,2024-08-01,2024-08-01,23100.00,CE,NIFTY2480123100CE,0.00,0.00,0.00,937.05,0.00,937.05,24044.50,1234.50,0,0,0,0.00,0,F1,25,,,,,
2024-06-27,2024-06-27,FO,NSE,IDO,41617,,NIFTY,,2024-07-04,2024-07-04,20450.00,CE,NIFTY2470420450CE,0.00,0.00,0.00,3143.70,3143.25,3143.70,24044.50,3622.40,125,0,0,0.00,0,F1,25,,,,,
2024-06-27,2024-06-27,FO,NSE,IDO,36584,,NIFTY,,2024-07-18,2024-07-18,22500.00,PE,NIFTY2471822500PE,29.30,30.80,17.90,24.35,22.40,29.85,24044.50,24.35,49625,15950,1822,1026051598.75,420,F1,25,,,,,
2024-06-27,2024-06-27,FO,NSE,IDO,64283,,NIFTY,,2024-06-27,2024-06-27,22500.00,CE,NIFTY24JUN22500CE,1365.00,1558.90,1294.70,1544.20,1546.00,1374.05,24044.50,24044.50,1216825,-25475,10585,6341438548.75,4751,F1,25,,,,,
2024-06-27,2024-06-27,FO,NSE,IDO,35669,,NIFTY,,2024-07-11,2024-07-11,22500.00,CE,NIFTY2471122500CE,1467.50,1598.95,1456.85,1545.00,1550.00,1443.00,24044.50,1545.00,4600,75,29,17402950.00,14,F1,25,,,,,
2024-06-27,2024-06-27,FO,NSE,IDO,56721,,NIFTY,,2024-08-29,2024-08-29,22500.00,PE,NIFTY24AUG22500PE,116.00,118.45,101.00,105.70,102.00,113.55,24044.50,105.70,368600,31000,9231,5217352985.00,3195,F1,25,,,,,
2024-06-27,2024-06-27,FO,NSE,IDO,56644,,NIFTY,,2024-08-29,2024-08-29,20600.00,CE,NIFTY24AUG20600CE,0.00,0.00,0.00,2304.45,0.00,2304.45,24044.50,3707.85,0,0,0,0.00,0,F1,25,,,,,
2024-06-27,2024-06-27,FO,NSE,IDO,74596,,NIFTY,,2024-08-29,2024-08-29,23500.00,PE,NIFTY24AUG23500PE,310.00,314.85,261.00,271.40,266.00,298.40,24044.50,271.40,498300,93300,15770,9377061590.00,5881,F1,25,,,,,
2024-06-27,2024-06-27,FO,NSE,IDO,64106,,NIFTY,,2024-06-27,2024-06-27,20600.00,CE,NIFTY24JUN20600CE,3235.00,3454.10,3235.00,3432.85,3440.35,3272.00,24044.50,24044.50,2700,-6150,381,228360447.50,116,F1,25,,,,,
2024-06-27,2024-06-27,FO,NSE,IDO,36582,,NIFTY,,2024-07-18,2024-07-18,22500.00,CE,NIFTY2471822500CE,1499.60,1499.60,1499.60,1499.60,1499.60,1191.10,24044.50,1653.35,125,125,5,2999950.00,1,F1,25,,,,,
2024-06-27,2024-06-27,FO,NSE,IDO,65932,,NIFTY,,2024-09-26,2024-09-26,29000.00,PE,NIFTY24SEP29000PE,4650.95,4650.95,4650.95,4650.95,4650.95,4800.95,24044.50,4452.20,25,0,1,841273.75,1,F1,25,,,,,
2024-06-27,2024-06-27,FO,NSE,IDO,38160,,NIFTY,,2027-06-24,2027-06-24,29000.00,CE,NIFTY27JUN29000CE,0.00,0.00,0.00,1545.20,0.00,1545.20,24044.50,3177.30,0,0,0,0.00,0,F1,25,,,,,
2024-06-27,2024-06-27,FO,NSE,IDO,38158,,NIFTY,,2026-12-31,2026-12-31,29000.00,CE,NIFTY26DEC29000CE,0.00,0.00,0.00,1205.35,0.00,1205.35,24044.50,2559.60,0,0,0,0.00,0,F1,25,,,,,
2024-06-27,2024-06-27,FO,NSE,IDO,38153,,NIFTY,,2025-12-24,2025-12-24,29000.00,PE,NIFTY25DEC29000PE,0.00,0.00,0.00,6099.30,0.00,6099.30,24044.50,3209.85,0,0,0,0.00,0,F1,25,,,,,
2024-06-27,2024-06-27,FO,NSE,IDO,45865,,NIFTY,,2025-06-26,2025-06-26,17000.00,CE,NIFTY25JUN17000CE,0.00,0.00,0.00,7049.00,7049.00,7049.00,24044.50,8247.55,2800,0,0,0.00,0,F1,25,,,,,
2024-06-27,2024-06-27,FO,NSE,IDO,47640,,NIFTY,,2024-07-04,2024-07-04,23800.00,PE,NIFTY2470423800PE,129.30,157.00,77.00,81.45,78.05,135.65,24044.50,81.45,2883600,1935375,795666,475562473915.00,197779,F1,25,,,,,
2024-06-27,2024-06-27,FO,NSE,IDO,50498,,NIFTY,,2026-06-25,2026-06-25,17000.00,PE,NIFTY26JUN17000PE,0.00,0.00,0.00,2627.25,0.00,2627.25,24044.50,35.30,0,0,0,0.00,0,F1,25,,,,,
2024-06-27,2024-06-27,FO,NSE,IDO,45857,,NIFTY,,2024-06-27,2024-06-27,17000.00,PE,NIFTY24JUN17000PE,0.20,0.20,0.05,0.05,0.05,0.20,24044.50,24044.50,212625,-48350,19930,8470301178.75,1262,F1,25,,,,,
2024-06-27,2024-06-27,FO,NSE,IDO,47639,,NIFTY,,2024-07-04,2024-07-04,23800.00,CE,NIFTY2470423800CE,200.00,337.00,196.15,316.65,323.00,239.20,24044.50,316.65,1096250,232475,402478,242096639456.25,118309,F1,25,,,,,
2024-06-27,2024-06-27,FO,NSE,IDO,45874,,NIFTY,,2025-12-24,2025-12-24,17000.00,PE,NIFTY25DEC17000PE,0.00,0.00,0.00,83.05,83.05,83.05,24044.50,21.05,2675,0,0,0.00,0,F1,25,,,,,
2024-06-27,2024-06-27,FO,NSE,IDO,71393,,NIFTY,,2025-12-24,2025-12-24,24000.00,CE,NIFTY25DEC24000CE,2750.00,2820.00,2725.00,2775.00,2800.00,2740.05,24044.50,2775.00,3800,425,27,18071498.75,21,F1,25,,,,,
2024-06-27,2024-06-27,FO,NSE,IDO,40940,,NIFTY,,2024-08-01,2024-08-01,24000.00,PE,NIFTY2480124000PE,469.00,469.00,335.15,349.45,340.15,599.65,24044.50,349.45,7250,7225,538,327882671.25,176,F1,25,,,,,
2024-06-27,2024-06-27,FO,NSE,IDO,65841,,NIFTY,,2024-09-26,2024-09-26,18000.00,CE,NIFTY24SEP18000CE,5970.00,6190.85,5852.25,6118.85,6171.20,6000.00,24044.50,6118.85,12925,11275,540,325098835.00,423,F1,25,,,,,
2024-06-27,2024-06-27,FO,NSE,IDO,67771,,NIFTY,,2028-12-28,2028-12-28,18000.00,PE,NIFTY28DEC18000PE,0.00,0.00,0.00,104.65,0.00,104.65,24044.50,116.55,0,0,0,0.00,0,F1,25,,,,,
2024-06-27,2024-06-27,FO,NSE,IDO,55115,,NIFTY,,2024-06-27,2024-06-27,18000.00,CE,NIFTY24JUN18000CE,5815.00,6070.05,5799.50,6046.15,6059.05,5877.60,24044.50,24044.50,58900,-178300,10334,6188806986.25,5625,F1,25,,,,,
2024-06-27,2024-06-27,FO,NSE,IDO,41105,,NIFTY,,2024-08-01,2024-08-01,25300.00,PE,NIFTY2480125300PE,1405.30,1405.30,1405.30,1405.30,1405.30,1626.95,24044.50,1228.70,25,25,1,667632.50,1,F1,25,,,,,
2024-06-27,2024-06-27,FO,NSE,IDO,64498,,NIFTY,,2024-06-27,2024-06-27,25300.00,CE,NIFTY24JUN25300CE,0.15,0.35,0.05,0.05,0.05,0.15,24044.50,24044.50,1703850,-4611075,810685,512762340628.75,36478,F1,25,,,,,
2024-06-27,2024-06-27,FO,NSE,IDO,36921,,NIFTY,,2024-07-18,2024-07-18,25300.00,CE,NIFTY2471825300CE,10.50,13.90,8.60,11.45,13.85,10.50,24044.50,11.45,20950,1525,1208,764426878.75,313,F1,25,,,,,
2024-06-27,2024-06-27,FO,NSE,IDO,56675,,NIFTY,,2024-08-29,2024-08-29,21350.00,PE,NIFTY24AUG21350PE,0.00,0.00,0.00,35.05,35.05,35.05,24044.50,20.55,225,0,0,0.00,0,F1,25,,,,,
2024-06-27,2024-06-27,FO,NSE,IDO,35521,,NIFTY,,2024-07-11,2024-07-11,21350.00,CE,NIFTY2471121350CE,0.00,0.00,0.00,1667.40,0.00,1667.40,24044.50,2752.70,0,0,0,0.00,0,F1,25,,,,,
2024-06-27,2024-06-27,FO,NSE,IDO,64219,,NIFTY,,2024-06-27,2024-06-27,21350.00,PE,NIFTY24JUN21350PE,0.25,0.25,0.05,0.10,0.10,0.45,24044.50,24044.50,15450,-2625,2319,1237774966.25,475,F1,25,,,,,
2024-06-27,2024-06-27,FO,NSE,IDO,41751,,NIFTY,,2024-07-04,2024-07-04,21350.00,PE,NIFTY2470421350PE,2.10,4.00,1.45,3.20,3.90,2.45,24044.50,3.20,8350,6200,846,451609831.25,324,F1,25,,,,,
2024-06-27,2024-06-27,FO,NSE,IDO,64180,,NIFTY,,2024-06-27,2024-06-27,21350.00,CE,NIFTY24JUN21350CE,2477.05,2726.40,2462.60,2726.40,2726.40,2223.80,24044.50,24044.50,2675,-1500,176,105500657.50,43,F1,25,,,,,
2024-06-27,2024-06-27,FO,NSE,IDO,40945,,NIFTY,,2024-08-01,2024-08-01,24100.00,CE,NIFTY2480124100CE,437.55,437.55,420.10,428.85,420.10,406.00,24044.50,428.85,25,25,2,1226441.25,2,F1,25,,,,,
2024-06-27,2024-06-27,FO,NSE,IDO,36772,,NIFTY,,2024-07-18,2024-07-18,24100.00,CE,NIFTY2471824100CE,282.00,298.30,276.15,289.70,280.00,287.70,24044.50,289.70,375,375,23,14023690.00,18,F1,25,,,,,
2024-06-27,2024-06-27,FO,NSE,IDO,51403,,NIFTY,,2024-07-04,2024-07-04,24100.00,CE,NIFTY2470424100CE,90.50,150.95,70.75,130.30,132.60,92.50,24044.50,130.30,1453800,888650,701443,424620849980.00,172029,F1,25,,,,,
2024-06-27,2024-06-27,FO,NSE,IDO,40856,,NIFTY,,2024-08-01,2024-08-01,22750.00,PE,NIFTY2480122750PE,0.00,0.00,0.00,180.05,0.00,180.05,24044.50,73.45,0,0,0,0.00,0,F1,25,,,,,
2024-06-27,2024-06-27,FO,NSE,IDO,65038,,NIFTY,,2024-07-25,2024-07-25,22750.00,PE,NIFTY24JUL22750PE,68.00,73.85,55.40,58.40,55.65,65.35,24044.50,58.40,26925,6275,1324,755101583.75,506,F1,25,,,,,
2024-06-27,2024-06-27,FO,NSE,IDO,36566,,NIFTY,,2024-07-18,2024-07-18,22200.00,PE,NIFTY2471822200PE,17.60,20.45,17.60,18.20,18.20,21.05,24044.50,18.20,4500,-450,34,18885377.50,26,F1,25,,,,,
2024-06-27,2024-06-27,FO,NSE,IDO,36565,,NIFTY,,2024-07-18,2024-07-18,22200.00,CE,NIFTY2471822200CE,0.00,0.00,0.00,1437.85,0.00,1437.85,24044.50,1942.40,0,0,0,0.00,0,F1,25,,,,,
2024-06-27,2024-06-27,FO,NSE,IDO,36933,,NIFTY,,2024-07-18,2024-07-18,25350.00,PE,NIFTY2471825350PE,0.00,0.00,0.00,1828.25,0.00,1828.25,24044.50,1260.70,0,0,0,0.00,0,F1,25,,,,,
2024-06-27,2024-06-27,FO,NSE,IDO,35907,,NIFTY,,2024-07-11,2024-07-11,25350.00,CE,NIFTY2471125350CE,0.00,0.00,0.00,17.75,0.00,17.75,24044.50,24.75,0,0,0,0.00,0,F1,25,,,,,
2024-06-27,2024-06-27,FO,NSE,IDO,58633,,NIFTY,,2026-12-31,2026-12-31,14000.00,PE,NIFTY26DEC14000PE,0.00,0.00,0.00,27.85,27.85,27.85,24044.50,5.40,1000,0,0,0.00,0,F1,25,,,,,
2024-06-27,2024-06-27,FO,NSE,IDO,43383,,NIFTY,,2024-12-26,2024-12-26,14000.00,CE,NIFTY24DEC14000CE,10100.00,10100.00,10100.00,10100.00,10100.00,10000.00,24044.50,10545.65,100,0,1,602500.00,1,F1,25,,,,,
2024-06-27,2024-06-27,FO,NSE,IDO,43382,,NIFTY,,2024-06-27,2024-06-27,14000.00,PE,NIFTY24JUN14000PE,0.10,0.20,0.05,0.05,0.05,0.20,24044.50,24044.50,424350,46575,190703,66746533343.75,9220,F1,25,,,,,
2024-06-27,2024-06-27,FO,NSE,IDO,45641,,NIFTY,,2024-07-04,2024-07-04,23450.00,CE,NIFTY2470423450CE,462.05,636.50,442.50,616.05,622.00,497.10,24044.50,616.05,46600,-8700,2651,1590432962.50,1081,F1,25,,,,,
2024-06-27,2024-06-27,FO,NSE,IDO,40907,,NIFTY,,2024-08-01,2024-08-01,23450.00,PE,NIFTY2480123450PE,0.00,0.00,0.00,406.40,0.00,406.40,24044.50,210.80,0,0,0,0.00,0,F1,25,,,,,
2024-06-27,2024-06-27,FO,NSE,IDO,64269,,NIFTY,,2024-06-27,2024-06-27,22150.00,CE,NIFTY24JUN22150CE,1642.55,1905.00,1642.55,1882.50,1899.20,1726.15,24044.50,24044.50,14425,-3375,212,127334370.00,33,F1,25,,,,,
2024-06-27,2024-06-27,FO,NSE,IDO,56706,,NIFTY,,2024-08-29,2024-08-29,22150.00,CE,NIFTY24AUG22150CE,0.00,0.00,0.00,1061.15,0.00,1061.15,24044.50,2242.45,0,0,0,0.00,0,F1,25,,,,,
2024-06-27,2024-06-27,FO,NSE,IDO,64932,,NIFTY,,2024-07-25,2024-07-25,22150.00,PE,NIFTY24JUL22150PE,28.45,34.40,25.20,26.50,27.60,29.35,24044.50,26.50,4650,250,279,154701332.50,151,F1,25,,,,,
2024-06-27,2024-06-27,FO,NSE,IDO,40799,,NIFTY,,2024-08-01,2024-08-01,22150.00,CE,NIFTY2480122150CE,0.00,0.00,0.00,1677.60,0.00,1677.60,24044.50,2072.95,0,0,0,0.00,0,F1,25,,,,,
2024-06-27,2024-06-27,FO,NSE,IDO,41610,,NIFTY,,2024-07-04,2024-07-04,20350.00,PE,NIFTY2470420350PE,2.15,2.50,0.75,0.85,1.70,2.00,24044.50,0.85,53075,47375,4226,2150072803.75,376,F1,25,,,,,
2024-06-27,2024-06-27,FO,NSE,IDO,35684,,NIFTY,,2024-07-11,2024-07-11,22650.00,CE,NIFTY2471122650CE,0.00,0.00,0.00,1270.00,1270.00,1270.00,24044.50,1465.85,600,0,0,0.00,0,F1,25,,,,,
2024-06-27,2024-06-27,FO,NSE,IDO,41936,,NIFTY,,2024-07-04,2024-07-04,22650.00,PE,NIFTY2470422650PE,6.75,8.95,3.40,4.90,6.00,6.60,24044.50,4.90,213850,146325,27891,15796591400.00,6956,F1,25,,,,,
2024-06-27,2024-06-27,FO,NSE,IDO,41934,,NIFTY,,2024-07-04,2024-07-04,22650.00,CE,NIFTY2470422650CE,1320.00,1325.00,1281.15,1281.15,1281.15,1114.80,24044.50,1426.25,1800,0,4,2395316.25,4,F1,25,,,,,
2024-06-27,2024-06-27,FO,NSE,IDO,64151,,NIFTY,,2024-06-27,2024-06-27,20900.00,PE,NIFTY24JUN20900PE,0.15,0.25,0.05,0.10,0.05,0.45,24044.50,24044.50,180175,14025,6485,3388436316.25,850,F1,25,,,,,
2024-06-27,2024-06-27,FO,NSE,IDO,36907,,NIFTY,,2024-07-18,2024-07-18,25050.00,CE,NIFTY2471825050CE,0.00,0.00,0.00,84.40,0.00,84.40,24044.50,102.00,0,0,0,0.00,0,F1,25,,,,,
2024-06-27,2024-06-27,FO,NSE,IDO,64442,,NIFTY,,2024-07-25,2024-07-25,20900.00,CE,NIFTY24JUL20900CE,3100.00,3150.00,3100.00,3150.00,3150.00,3052.50,24044.50,3150.00,7850,275,11,6608125.00,4,F1,25,,,,,
2024-06-27,2024-06-27,FO,NSE,IDO,74701,,NIFTY,,2024-08-29,2024-08-29,25050.00,CE,NIFTY24AUG25050CE,0.00,0.00,0.00,97.50,97.50,97.50,24044.50,401.55,575,0,0,0.00,0,F1,25,,,,,
2024-06-27,2024-06-27,FO,NSE,IDO,36908,,NIFTY,,2024-07-18,2024-07-18,25050.00,PE,NIFTY2471825050PE,0.00,0.00,0.00,1561.00,0.00,1561.00,24044.50,1005.25,0,0,0,0.00,0,F1,25,,,,,
2024-06-27,2024-06-27,FO,NSE,IDO,41680,,NIFTY,,2024-07-04,2024-07-04,20900.00,CE,NIFTY2470420900CE,0.00,0.00,0.00,2875.00,2874.80,2875.00,24044.50,3173.00,450,0,0,0.00,0,F1,25,,,,,
2024-06-27,2024-06-27,FO,NSE,IDO,64441,,NIFTY,,2024-07-25,2024-07-25,20850.00,PE,NIFTY24JUL20850PE,0.00,0.00,0.00,8.50,8.50,8.50,24044.50,0.30,6275,0,0,0.00,0,F1,25,,,,,
2024-06-27,2024-06-27,FO,NSE,IDO,36651,,NIFTY,,2024-07-18,2024-07-18,23100.00,CE,NIFTY2471823100CE,891.70,962.50,891.70,962.50,962.50,716.50,24044.50,1108.95,25,0,2,1201355.00,2,F1,25,,,,,
2024-06-27,2024-06-27,FO,NSE,IDO,68997,,NIFTY,,2024-07-04,2024-07-04,24700.00,PE,NIFTY2470424700PE,850.00,850.00,646.95,668.20,659.00,794.20,24044.50,668.20,5775,3975,339,215263740.00,189,F1,25,,,,,
2024-06-27,2024-06-27,FO,NSE,IDO,64462,,NIFTY,,2024-06-27,2024-06-27,24700.00,PE,NIFTY24JUN24700PE,874.20,899.80,640.85,654.80,654.80,844.05,24044.50,24044.50,8475,5500,1549,985608553.75,379,F1,25,,,,,
2024-06-27,2024-06-27,FO,NSE,IDO,71551,,NIFTY,,2027-06-24,2027-06-24,20000.00,CE,NIFTY27JUN20000CE,0.00,0.00,0.00,3367.05,0.00,3367.05,24044.50,8206.70,0,0,0,0.00,0,F1,25,,,,,
2024-06-27,2024-06-27,FO,NSE,IDO,38376,,NIFTY,,2025-12-24,2025-12-24,20000.00,CE,NIFTY25DEC20000CE,0.00,0.00,0.00,4800.00,4800.00,4800.00,24044.50,6272.30,500,0,0,0.00,0,F1,25,,,,,
2024-06-27,2024-06-27,FO,NSE,IDO,65853,,NIFTY,,2024-09-26,2024-09-26,20000.00,CE,NIFTY24SEP20000CE,4040.00,4223.15,4015.90,4197.40,4223.00,4074.50,24044.50,4197.40,267800,202400,9291,5606478613.75,5028,F1,25,,,,,
2024-06-27,2024-06-27,FO,NSE,IDO,58644,,NIFTY,,2026-12-31,2026-12-31,20000.00,CE,NIFTY26DEC20000CE,0.00,0.00,0.00,3704.30,0.00,3704.30,24044.50,7620.35,0,0,0,0.00,0,F1,25,,,,,
2024-06-27,2024-06-27,FO,NSE,IDO,86143,,NIFTY,,2028-06-29,2028-06-29,20000.00,CE,NIFTY28JUN20000CE,0.00,0.00,0.00,5724.65,0.00,5724.65,24044.50,9366.45,0,0,0,0.00,0,F1,25,,,,,
2024-06-27,2024-06-27,FO,NSE,IDO,38378,,NIFTY,,2026-06-25,2026-06-25,20000.00,CE,NIFTY26JUN20000CE,0.00,0.00,0.00,3829.50,0.00,3829.50,24044.50,6954.25,0,0,0,0.00,0,F1,25,,,,,
2024-06-27,2024-06-27,FO,NSE,IDO,71552,,NIFTY,,2027-06-24,2027-06-24,20000.00,PE,NIFTY27JUN20000PE,0.00,0.00,0.00,3034.20,0.00,3034.20,24044.50,233.45,0,0,0,0.00,0,F1,25,,,,,
2024-06-27,2024-06-27,FO,NSE,IDO,64473,,NIFTY,,2024-06-27,2024-06-27,24950.00,CE,NIFTY24JUN24950CE,0.25,0.30,0.05,0.10,0.05,0.35,24044.50,24044.50,556725,-72925,171232,106806557446.25,14673,F1,25,,,,,
2024-06-27,2024-06-27,FO,NSE,IDO,65878,,NIFTY,,2024-09-26,2024-09-26,20000.00,PE,NIFTY24SEP20000PE,23.85,29.75,18.45,20.20,20.70,23.85,24044.50,20.20,442375,55250,12039,6026275128.75,5628,F1,25,,,,,
2024-06-27,2024-06-27,FO,NSE,IDO,64497,,NIFTY,,2024-06-27,2024-06-27,25250.00,PE,NIFTY24JUN25250PE,1257.60,1257.60,1220.95,1220.95,1220.95,1735.20,24044.50,24044.50,325,25,2,1324463.75,2,F1,25,,,,,
2024-06-27,2024-06-27,FO,NSE,IDO,35689,,NIFTY,,2024-07-11,2024-07-11,22750.00,PE,NIFTY2471122750PE,25.30,25.35,15.00,16.10,24.95,24.10,24044.50,16.10,8675,-7575,725,412645016.25,105,F1,25,,,,,
2024-06-27,2024-06-27,FO,NSE,IDO,41877,,NIFTY,,2024-07-04,2024-07-04,22200.00,CE,NIFTY2470422200CE,1680.00,1868.30,1675.00,1832.35,1868.30,1695.00,24044.50,1832.35,6800,1000,434,259493331.25,72,F1,25,,,,,
2024-06-27,2024-06-27,FO,NSE,IDO,41943,,NIFTY,,2024-07-04,2024-07-04,22750.00,PE,NIFTY2470422750PE,8.10,17.60,4.40,6.15,4.40,7.95,24044.50,6.15,547575,431850,63385,36059691001.25,13375,F1,25,,,,,
2024-06-27,2024-06-27,FO,NSE,IDO,64311,,NIFTY,,2024-06-27,2024-06-27,22750.00,PE,NIFTY24JUN22750PE,0.40,0.50,0.05,0.05,0.10,0.80,24044.50,24044.50,526850,-324750,420555,239193519873.75,34541,F1,25,,,,,
2024-06-27,2024-06-27,FO,NSE,IDO,64418,,NIFTY,,2024-06-27,2024-06-27,23950.00,PE,NIFTY24JUN23950PE,127.40,180.00,0.05,1.45,0.10,122.60,24044.50,24044.50,8821825,8051725,34814885,20874060938821.25,8043146,F1,25,,,,,
2024-06-27,2024-06-27,FO,NSE,IDO,64357,,NIFTY,,2024-06-27,2024-06-27,23350.00,PE,NIFTY24JUN23350PE,1.45,2.60,0.05,0.10,0.05,2.90,24044.50,24044.50,2839150,-539625,4022612,2348293385082.50,463119,F1,25,,,,,
2024-06-27,2024-06-27,FO,NSE,IDO,44297,,NIFTY,,2024-07-04,2024-07-04,23350.00,CE,NIFTY2470423350CE,555.50,724.60,530.30,701.55,724.00,589.65,24044.50,701.55,17300,1450,954,572142733.75,430,F1,25,,,,,
2024-06-27,2024-06-27,FO,NSE,IDO,44299,,NIFTY,,2024-07-04,2024-07-04,23350.00,PE,NIFTY2470423350PE,37.35,40.35,20.30,21.20,21.65,37.30,24044.50,21.20,353325,175950,67976,39725269776.25,19418,F1,25,,,,,
2024-06-27,2024-06-27,FO,NSE,IDO,35746,,NIFTY,,2024-07-11,2024-07-11,23350.00,CE,NIFTY2471123350CE,720.00,754.00,677.35,696.00,696.00,655.85,24044.50,830.55,1225,25,9,5415890.00,8,F1,25,,,,,
2024-06-27,2024-06-27,FO,NSE,IDO,65201,,NIFTY,,2024-07-25,2024-07-25,23350.00,CE,NIFTY24JUL23350CE,749.25,866.20,746.90,859.45,865.00,776.65,24044.50,859.45,6700,-350,39,23549283.75,30,F1,25,,,,,
2024-06-27,2024-06-27,FO,NSE,IDO,67787,,NIFTY,,2028-12-28,2028-12-28,26000.00,PE,NIFTY28DEC26000PE,0.00,0.00,0.00,1160.95,0.00,1160.95,24044.50,1113.15,0,0,0,0.00,0,F1,25,,,,,
2024-06-27,2024-06-27,FO,NSE,IDO,71309,,NIFTY,,2024-06-27,2024-06-27,26000.00,PE,NIFTY24JUN26000PE,2182.85,2182.85,1954.40,1971.60,1956.00,2131.20,24044.50,24044.50,35750,-18175,1484,1040403348.75,493,F1,25,,,,,
2024-06-27,2024-06-27,FO,NSE,IDO,65913,,NIFTY,,2024-09-26,2024-09-26,26000.00,CE,NIFTY24SEP26000CE,69.85,76.60,60.05,71.75,72.00,70.30,24044.50,71.75,295125,57350,9449,6157801966.25,5006,F1,25,,,,,
2024-06-27,2024-06-27,FO,NSE,IDO,65914,,NIFTY,,2024-09-26,2024-09-26,26000.00,PE,NIFTY24SEP26000PE,1854.00,1868.60,1658.45,1688.10,1699.85,1812.95,24044.50,1688.10,281400,105425,8385,5819263005.00,4405,F1,25,,,,,
2024-06-27,2024-06-27,FO,NSE,IDO,71364,,NIFTY,,2024-12-26,2024-12-26,26000.00,CE,NIFTY24DEC26000CE,266.95,294.90,255.00,286.40,289.45,270.40,24044.50,286.40,989850,72325,7712,5065458760.00,2146,F1,25,,,,,
2024-06-27,2024-06-27,FO,NSE,IDO,71403,,NIFTY,,2025-12-24,2025-12-24,26000.00,PE,NIFTY25DEC26000PE,0.00,0.00,0.00,6993.25,0.00,6993.25,24044.50,1631.00,0,0,0,0.00,0,F1,25,,,,,
2024-06-27,2024-06-27,FO,NSE,IDO,86161,,NIFTY,,2028-06-29,2028-06-29,26000.00,CE,NIFTY28JUN26000CE,0.00,0.00,0.00,3200.90,0.00,3200.90,24044.50,5839.30,0,0,0,0.00,0,F1,25,,,,,
2024-06-27,2024-06-27,FO,NSE,IDO,71565,,NIFTY,,2027-06-24,2027-06-24,26000.00,PE,NIFTY27JUN26000PE,0.00,0.00,0.00,6202.20,0.00,6202.20,24044.50,1362.40,0,0,0,0.00,0,F1,25,,,,,
2024-06-27,2024-06-27,FO,NSE,IDO,40949,,NIFTY,,2024-08-01,2024-08-01,24200.00,CE,NIFTY2480124200CE,0.00,0.00,0.00,368.20,0.00,368.20,24044.50,515.95,0,0,0,0.00,0,F1,25,,,,,
2024-06-27,2024-06-27,FO,NSE,IDO,65322,,NIFTY,,2024-07-25,2024-07-25,24200.00,PE,NIFTY24JUL24200PE,480.00,504.95,388.75,400.45,391.50,461.85,24044.50,400.45,358750,308050,30080,18519529223.75,9848,F1,25,,,,,
2024-06-27,2024-06-27,FO,NSE,IDO,36799,,NIFTY,,2024-07-18,2024-07-18,24200.00,PE,NIFTY2471824200PE,652.00,652.00,651.90,651.90,651.90,653.85,24044.50,651.90,150,125,5,3106490.00,2,F1,25,,,,,
2024-06-27,2024-06-27,FO,NSE,IDO,35666,,NIFTY,,2024-07-11,2024-07-11,22400.00,PE,NIFTY2471122400PE,12.80,17.60,9.70,10.80,13.50,14.40,24044.50,10.80,33900,13425,3554,1991195325.00,1158,F1,25,,,,,
2024-06-27,2024-06-27,FO,NSE,IDO,41923,,NIFTY,,2024-07-04,2024-07-04,22400.00,PE,NIFTY2470422400PE,4.90,5.30,2.30,3.55,2.75,4.80,24044.50,3.55,504775,281225,98719,55290713476.25,18564,F1,25,,,,,
2024-06-27,2024-06-27,FO,NSE,IDO,35897,,NIFTY,,2024-07-11,2024-07-11,25150.00,CE,NIFTY2471125150CE,7.25,11.35,6.00,7.15,9.10,7.60,24044.50,7.15,9100,5125,446,280508606.25,196,F1,25,,,,,
2024-06-27,2024-06-27,FO,NSE,IDO,74706,,NIFTY,,2024-08-29,2024-08-29,25150.00,PE,NIFTY24AUG25150PE,0.00,0.00,0.00,1357.10,1357.10,1357.10,24044.50,1159.90,25,0,0,0.00,0,F1,25,,,,,
2024-06-27,2024-06-27,FO,NSE,IDO,56716,,NIFTY,,2024-08-29,2024-08-29,22400.00,CE,NIFTY24AUG22400CE,1744.35,1850.00,1744.35,1850.00,1850.00,1724.00,24044.50,1850.00,750,100,4,2419717.50,2,F1,25,,,,,
2024-06-27,2024-06-27,FO,NSE,IDO,64233,,NIFTY,,2024-06-27,2024-06-27,21550.00,CE,NIFTY24JUN21550CE,2314.75,2412.05,2314.75,2412.05,2412.05,2276.10,24044.50,24044.50,6475,-100,5,2991508.75,5,F1,25,,,,,
2024-06-27,2024-06-27,FO,NSE,IDO,64443,,NIFTY,,2024-06-27,2024-06-27,24450.00,PE,NIFTY24JUN24450PE,630.30,652.00,389.10,412.85,405.65,588.30,24044.50,24044.50,9375,5450,4017,2501360627.50,1670,F1,25,,,,,
2024-06-27,2024-06-27,FO,NSE,IDO,64440,,NIFTY,,2024-06-27,2024-06-27,24450.00,CE,NIFTY24JUN24450CE,0.50,0.60,0.05,0.10,0.05,0.75,24044.50,24044.50,2464200,1557975,2942673,1798734511927.50,181983,F1,25,,,,,
2024-06-27,2024-06-27,FO,NSE,IDO,35886,,NIFTY,,2024-07-11,2024-07-11,25050.00,CE,NIFTY2471125050CE,10.00,12.45,7.40,9.05,9.80,9.10,24044.50,9.05,15825,5600,1497,937842661.25,552,F1,25,,,,,
2024-06-27,2024-06-27,FO,NSE,IDO,41062,,NIFTY,,2024-08-01,2024-08-01,25050.00,CE,NIFTY2480125050CE,0.00,0.00,0.00,144.10,0.00,144.10,24044.50,206.30,0,0,0,0.00,0,F1,25,,,,,
2024-06-27,2024-06-27,FO,NSE,IDO,64138,,NIFTY,,2024-06-27,2024-06-27,20900.00,CE,NIFTY24JUN20900CE,2930.00,3163.60,2900.00,3145.30,3140.00,2969.10,24044.50,24044.50,2325,-6650,450,269608930.00,135,F1,25,,,,,
2024-06-27,2024-06-27,FO,NSE,IDO,65031,,NIFTY,,2024-07-25,2024-07-25,22700.00,PE,NIFTY24JUL22700PE,62.20,69.00,50.00,54.40,50.00,62.15,24044.50,54.40,557800,94575,28020,15942590152.50,7343,F1,25,,,,,
2024-06-27,2024-06-27,FO,NSE,IDO,64301,,NIFTY,,2024-06-27,2024-06-27,22700.00,PE,NIFTY24JUN22700PE,0.15,0.50,0.05,0.05,0.05,0.70,24044.50,24044.50,2276025,-107775,591826,335865191803.75,46365,F1,25,,,,,
2024-06-27,2024-06-27,FO,NSE,IDO,58623,,NIFTY,,2025-12-24,2025-12-24,22000.00,PE,NIFTY25DEC22000PE,448.30,450.00,402.25,431.90,438.00,444.00,24044.50,431.90,26050,675,83,46548285.00,31,F1,25,,,,,
2024-06-27,2024-06-27,FO,NSE,IDO,71560,,NIFTY,,2027-06-24,2027-06-24,24000.00,CE,NIFTY27JUN24000CE,0.00,0.00,0.00,2299.55,0.00,2299.55,24044.50,5602.80,0,0,0,0.00,0,F1,25,,,,,
2024-06-27,2024-06-27,FO,NSE,IDO,71354,,NIFTY,,2024-12-26,2024-12-26,24000.00,CE,NIFTY24DEC24000CE,1140.00,1236.00,1118.05,1219.85,1218.00,1159.80,24044.50,1219.85,628175,14500,5140,3236812358.75,3132,F1,25,,,,,
2024-06-27,2024-06-27,FO,NSE,IDO,58614,,NIFTY,,2024-12-26,2024-12-26,22000.00,CE,NIFTY24DEC22000CE,2580.00,2750.00,2580.00,2738.65,2733.00,2650.30,24044.50,2738.65,435475,17100,1646,1016043380.00,1129,F1,25,,,,,
2024-06-27,2024-06-27,FO,NSE,IDO,55119,,NIFTY,,2025-06-26,2025-06-26,18000.00,CE,NIFTY25JUN18000CE,0.00,0.00,0.00,5600.00,5600.00,5600.00,24044.50,7331.30,2250,0,0,0.00,0,F1,25,,,,,
2024-06-27,2024-06-27,FO,NSE,IDO,53604,,NIFTY,,2027-12-30,2027-12-30,18000.00,PE,NIFTY27DEC18000PE,0.00,0.00,0.00,149.90,149.90,149.90,24044.50,107.10,10100,0,0,0.00,0,F1,25,,,,,
2024-06-27,2024-06-27,FO,NSE,IDO,50556,,NIFTY,,2026-06-25,2026-06-25,18000.00,CE,NIFTY26JUN18000CE,0.00,0.00,0.00,4150.00,4150.00,4150.00,24044.50,8553.85,200,0,0,0.00,0,F1,25,,,,,
2024-06-27,2024-06-27,FO,NSE,IDO,86140,,NIFTY,,2028-06-29,2028-06-29,18000.00,PE,NIFTY28JUN18000PE,0.00,0.00,0.00,396.75,0.00,396.75,24044.50,113.05,0,0,0,0.00,0,F1,25,,,,,
2024-06-27,2024-06-27,FO,NSE,IDO,65608,,NIFTY,,2024-07-25,2024-07-25,25300.00,CE,NIFTY24JUL25300CE,20.10,27.75,17.85,22.40,22.85,20.10,24044.50,22.40,411050,189150,26744,16930588040.00,7581,F1,25,,,,,
2024-06-27,2024-06-27,FO,NSE,IDO,65620,,NIFTY,,2024-07-25,2024-07-25,25300.00,PE,NIFTY24JUL25300PE,1330.00,1365.45,1173.75,1173.75,1173.75,1330.00,24044.50,1173.75,1675,350,23,15292185.00,22,F1,25,,,,,
2024-06-27,2024-06-27,FO,NSE,IDO,51453,,NIFTY,,2026-06-25,2026-06-25,21000.00,CE,NIFTY26JUN21000CE,0.00,0.00,0.00,3881.90,0.00,3881.90,24044.50,6200.45,0,0,0,0.00,0,F1,25,,,,,
2024-06-27,2024-06-27,FO,NSE,IDO,53615,,NIFTY,,2027-12-30,2027-12-30,21000.00,PE,NIFTY27DEC21000PE,0.00,0.00,0.00,582.95,582.95,582.95,24044.50,340.20,50,0,0,0.00,0,F1,25,,,,,
2024-06-27,2024-06-27,FO,NSE,IDO,67776,,NIFTY,,2028-12-28,2028-12-28,21000.00,CE,NIFTY28DEC21000CE,0.00,0.00,0.00,7512.50,0.00,7512.50,24044.50,9268.15,0,0,0,0.00,0,F1,25,,,,,
2024-06-27,2024-06-27,FO,NSE,IDO,65882,,NIFTY,,2024-09-26,2024-09-26,21000.00,PE,NIFTY24SEP21000PE,47.25,51.75,42.25,43.65,42.55,46.40,24044.50,43.65,611100,-5025,4439,2335595558.75,1605,F1,25,,,,,
2024-06-27,2024-06-27,FO,NSE,IDO,58643,,NIFTY,,2026-12-31,2026-12-31,19000.00,PE,NIFTY26DEC19000PE,0.00,0.00,0.00,360.00,360.00,360.00,24044.50,140.80,2400,0,0,0.00,0,F1,25,,,,,
2024-06-27,2024-06-27,FO,NSE,IDO,58642,,NIFTY,,2026-12-31,2026-12-31,19000.00,CE,NIFTY26DEC19000CE,0.00,0.00,0.00,6400.00,6400.00,6400.00,24044.50,8373.00,200,0,0,0.00,0,F1,25,,,,,
2024-06-27,2024-06-27,FO,NSE,IDO,39978,,NIFTY,,2024-12-26,2024-12-26,19000.00,PE,NIFTY24DEC19000PE,37.50,45.55,34.55,37.90,38.45,36.00,24044.50,37.90,604375,-23775,3443,1638971331.25,1034,F1,25,,,,,
2024-06-27,2024-06-27,FO,NSE,IDO,53605,,NIFTY,,2027-12-30,2027-12-30,19000.00,CE,NIFTY27DEC19000CE,0.00,0.00,0.00,5794.90,0.00,5794.90,24044.50,9507.85,0,0,0,0.00,0,F1,25,,,,,
2024-06-27,2024-06-27,FO,NSE,IDO,39971,,NIFTY,,2024-06-27,2024-06-27,19000.00,CE,NIFTY24JUN19000CE,4820.00,5066.15,4800.00,5050.30,5053.80,4872.90,24044.50,24044.50,186175,-24950,6674,4001262590.00,2442,F1,25,,,,,
2024-06-27,2024-06-27,FO,NSE,IDO,86142,,NIFTY,,2028-06-29,2028-06-29,19000.00,PE,NIFTY28JUN19000PE,0.00,0.00,0.00,537.45,0.00,537.45,24044.50,168.75,0,0,0,0.00,0,F1,25,,,,,
2024-06-27,2024-06-27,FO,NSE,IDO,39982,,NIFTY,,2025-06-26,2025-06-26,19000.00,CE,NIFTY25JUN19000CE,0.00,0.00,0.00,3077.90,0.00,3077.90,24044.50,6430.75,0,0,0,0.00,0,F1,25,,,,,
2024-06-27,2024-06-27,FO,NSE,IDO,39988,,NIFTY,,2025-12-24,2025-12-24,19000.00,PE,NIFTY25DEC19000PE,0.00,0.00,0.00,155.05,155.05,155.05,24044.50,88.80,2825,0,0,0.00,0,F1,25,,,,,
2024-06-27,2024-06-27,FO,NSE,IDO,40982,,NIFTY,,2024-08-01,2024-08-01,24450.00,CE,NIFTY2480124450CE,0.00,0.00,0.00,285.05,0.00,285.05,24044.50,403.00,0,0,0,0.00,0,F1,25,,,,,
2024-06-27,2024-06-27,FO,NSE,IDO,40086,,NIFTY,,2024-12-26,2024-12-26,15000.00,CE,NIFTY24DEC15000CE,8997.65,9162.60,8997.65,9110.05,9090.00,9048.95,24044.50,9110.05,15575,5075,222,133667428.75,186,F1,25,,,,,
2024-06-27,2024-06-27,FO,NSE,IDO,50448,,NIFTY,,2026-06-25,2026-06-25,15000.00,PE,NIFTY26JUN15000PE,0.00,0.00,0.00,31.30,31.30,31.30,24044.50,7.35,850,0,0,0.00,0,F1,25,,,,,
2024-06-27,2024-06-27,FO,NSE,IDO,64476,,NIFTY,,2024-06-27,2024-06-27,25050.00,PE,NIFTY24JUN25050PE,1185.50,1185.50,1026.55,1095.85,1095.85,1469.10,24044.50,24044.50,1000,75,18,11767273.75,9,F1,25,,,,,
2024-06-27,2024-06-27,FO,NSE,IDO,36847,,NIFTY,,2024-07-18,2024-07-18,24600.00,PE,NIFTY2471824600PE,0.00,0.00,0.00,1186.50,0.00,1186.50,24044.50,666.45,0,0,0,0.00,0,F1,25,,,,,
2024-06-27,2024-06-27,FO,NSE,IDO,58619,,NIFTY,,2025-06-26,2025-06-26,22000.00,PE,NIFTY25JUN22000PE,399.95,400.00,399.95,400.00,400.00,407.20,24044.50,351.35,1600,-50,2,1119998.75,2,F1,25,,,,,
2024-06-27,2024-06-27,FO,NSE,IDO,58610,,NIFTY,,2024-06-27,2024-06-27,22000.00,CE,NIFTY24JUN22000CE,1849.60,2061.20,1793.00,2046.50,2048.00,1868.90,24044.50,24044.50,1620000,-174800,12290,7361738338.75,3465,F1,25,,,,,
2024-06-27,2024-06-27,FO,NSE,IDO,58649,,NIFTY,,2026-12-31,2026-12-31,22000.00,PE,NIFTY26DEC22000PE,0.00,0.00,0.00,806.60,806.60,806.60,24044.50,471.40,125,0,0,0.00,0,F1,25,,,,,
2024-06-27,2024-06-27,FO,NSE,IDO,71501,,NIFTY,,2026-12-31,2026-12-31,24000.00,CE,NIFTY26DEC24000CE,0.00,0.00,0.00,2010.65,0.00,2010.65,24044.50,4944.95,0,0,0,0.00,0,F1,25,,,,,
2024-06-27,2024-06-27,FO,NSE,IDO,58648,,NIFTY,,2026-12-31,2026-12-31,22000.00,CE,NIFTY26DEC22000CE,0.00,0.00,0.00,3039.00,0.00,3039.00,24044.50,6206.95,0,0,0,0.00,0,F1,25,,,,,
2024-06-27,2024-06-27,FO,NSE,IDO,71394,,NIFTY,,2025-12-24,2025-12-24,24000.00,PE,NIFTY25DEC24000PE,887.50,920.00,855.00,873.20,857.00,887.50,24044.50,873.20,17600,1100,200,124402602.50,102,F1,25,,,,,
2024-06-27,2024-06-27,FO,NSE,IDO,64563,,NIFTY,,2025-03-27,2025-03-27,22000.00,PE,NIFTY25MAR22000PE,275.05,295.00,275.05,295.00,295.00,308.85,24044.50,294.15,4475,100,5,2785876.25,3,F1,25,,,,,
2024-06-27,2024-06-27,FO,NSE,IDO,53617,,NIFTY,,2027-12-30,2027-12-30,22000.00,PE,NIFTY27DEC22000PE,0.00,0.00,0.00,1867.90,0.00,1867.90,24044.50,465.85,0,0,0,0.00,0,F1,25,,,,,
2024-06-27,2024-06-27,FO,NSE,IDO,71380,,NIFTY,,2025-06-26,2025-06-26,24000.00,PE,NIFTY25JUN24000PE,999.00,999.00,999.00,999.00,999.00,5875.10,24044.50,863.75,25,25,1,624975.00,1,F1,25,,,,,
2024-06-27,2024-06-27,FO,NSE,IDO,71473,,NIFTY,,2026-06-25,2026-06-25,24000.00,PE,NIFTY26JUN24000PE,0.00,0.00,0.00,5437.70,0.00,5437.70,24044.50,895.95,0,0,0,0.00,0,F1,25,,,,,
2024-06-27,2024-06-27,FO,NSE,IDO,36640,,NIFTY,,2024-07-18,2024-07-18,22900.00,CE,NIFTY2471822900CE,1176.50,1176.50,1070.05,1073.65,1073.65,918.80,24044.50,1283.45,700,675,33,19799596.25,12,F1,25,,,,,
2024-06-27,2024-06-27,FO,NSE,IDO,40866,,NIFTY,,2024-08-01,2024-08-01,22900.00,CE,NIFTY2480122900CE,0.00,0.00,0.00,1076.10,0.00,1076.10,24044.50,1398.65,0,0,0,0.00,0,F1,25,,,,,
2024-06-27,2024-06-27,FO,NSE,IDO,36641,,NIFTY,,2024-07-18,2024-07-18,22900.00,PE,NIFTY2471822900PE,54.10,57.85,39.90,41.75,41.50,54.10,24044.50,41.75,10475,3700,434,248989731.25,296,F1,25,,,,,
2024-06-27,2024-06-27,FO,NSE,IDO,68991,,NIFTY,,2024-07-04,2024-07-04,24650.00,PE,NIFTY2470424650PE,0.00,0.00,0.00,886.10,886.20,886.10,24044.50,621.15,1925,0,0,0.00,0,F1,25,,,,,
2024-06-27,2024-06-27,FO,NSE,IDO,64229,,NIFTY,,2024-06-27,2024-06-27,21450.00,CE,NIFTY24JUN21450CE,2377.35,2604.25,2350.00,2604.25,2604.25,2111.00,24044.50,24044.50,5000,-750,33,19761210.00,7,F1,25,,,,,
2024-06-27,2024-06-27,FO,NSE,IDO,41758,,NIFTY,,2024-07-04,2024-07-04,21450.00,CE,NIFTY2470421450CE,2401.60,2401.60,2401.60,2401.60,2401.60,2319.80,24044.50,2623.75,525,0,1,596290.00,1,F1,25,,,,,
2024-06-27,2024-06-27,FO,NSE,IDO,42003,,NIFTY,,2024-07-04,2024-07-04,22900.00,CE,NIFTY2470422900CE,997.10,1159.80,950.00,1148.15,1156.60,1010.65,24044.50,1148.15,33075,-1275,1124,673404388.75,747,F1,25,,,,,
2024-06-27,2024-06-27,FO,NSE,IDO,65045,,NIFTY,,2024-07-25,2024-07-25,22900.00,CE,NIFTY24JUL22900CE,1112.80,1359.90,1102.00,1288.25,1359.90,1152.30,24044.50,1288.25,43950,1025,318,191523077.50,174,F1,25,,,,,
2024-06-27,2024-06-27,FO,NSE,IDO,56658,,NIFTY,,2024-08-29,2024-08-29,20950.00,CE,NIFTY24AUG20950CE,0.00,0.00,0.00,1991.90,0.00,1991.90,24044.50,3367.20,0,0,0,0.00,0,F1,25,,,,,
2024-06-27,2024-06-27,FO,NSE,IDO,41573,,NIFTY,,2024-07-04,2024-07-04,20250.00,PE,NIFTY2470420250PE,2.20,2.20,0.70,1.00,1.45,2.05,24044.50,1.00,230825,228125,19390,9816590512.50,1664,F1,25,,,,,
2024-06-27,2024-06-27,FO,NSE,IDO,64080,,NIFTY,,2024-06-27,2024-06-27,20250.00,CE,NIFTY24JUN20250CE,0.00,0.00,0.00,3370.00,3370.00,3370.00,24044.50,24044.50,4000,0,0,0.00,0,F1,25,,,,,
2024-06-27,2024-06-27,FO,NSE,IDF,35415,,NIFTY,,2024-08-29,2024-08-29,,,NIFTY24AUGFUT,24025.00,24218.10,24013.00,24194.30,24200.00,24074.80,24044.50,24194.30,1214625,375000,36213,21856589253.75,20709,F1,25,,,,,
2024-06-27,2024-06-27,FO,NSE,IDO,69013,,NIFTY,,2024-07-04,2024-07-04,25050.00,PE,NIFTY2470425050PE,0.00,0.00,0.00,1277.95,1278.30,1277.95,24044.50,982.95,825,0,0,0.00,0,F1,25,,,,,
2024-06-27,2024-06-27,FO,NSE,IDO,41071,,NIFTY,,2024-08-01,2024-08-01,25050.00,PE,NIFTY2480125050PE,0.00,0.00,0.00,1417.85,0.00,1417.85,24044.50,1036.85,0,0,0,0.00,0,F1,25,,,,,
2024-06-27,2024-06-27,FO,NSE,IDO,41940,,NIFTY,,2024-07-04,2024-07-04,22700.00,CE,NIFTY2470422700CE,1151.15,1355.00,1151.15,1339.15,1351.00,1200.65,24044.50,1339.15,19475,8175,463,277361733.75,134,F1,25,,,,,
2024-06-27,2024-06-27,FO,NSE,IDO,35686,,NIFTY,,2024-07-11,2024-07-11,22700.00,CE,NIFTY2471122700CE,1277.70,1343.00,1277.70,1343.00,1343.00,1249.25,24044.50,1343.00,900,125,5,3000477.50,2,F1,25,,,,,
2024-06-27,2024-06-27,FO,NSE,IDO,74648,,NIFTY,,2024-08-29,2024-08-29,24250.00,CE,NIFTY24AUG24250CE,420.50,500.80,391.55,484.05,492.30,429.65,24044.50,484.05,300,100,24,14799946.25,14,F1,25,,,,,
2024-06-27,2024-06-27,FO,NSE,IDO,65323,,NIFTY,,2024-07-25,2024-07-25,24250.00,CE,NIFTY24JUL24250CE,214.45,289.25,200.10,273.20,272.00,224.30,24044.50,273.20,20700,75,2845,1742104612.50,1181,F1,25,,,,,
2024-06-27,2024-06-27,FO,NSE,IDO,64104,,NIFTY,,2024-06-27,2024-06-27,20550.00,CE,NIFTY24JUN20550CE,3273.45,3500.00,3273.45,3497.45,3500.00,3050.00,24044.50,24044.50,1950,-3075,148,88944338.75,8,F1,25,,,,,
2024-06-27,2024-06-27,FO,NSE,IDO,64348,,NIFTY,,2024-07-25,2024-07-25,20550.00,PE,NIFTY24JUL20550PE,8.35,8.80,8.35,8.35,8.35,11.15,24044.50,0.10,1100,200,20,10279275.00,5,F1,25,,,,,
2024-06-27,2024-06-27,FO,NSE,IDO,56643,,NIFTY,,2024-08-29,2024-08-29,20550.00,PE,NIFTY24AUG20550PE,22.00,23.05,22.00,23.05,23.05,23.00,24044.50,4.55,725,-875,52,26744708.75,7,F1,25,,,,,
2024-06-27,2024-06-27,FO,NSE,IDO,56639,,NIFTY,,2024-08-29,2024-08-29,20450.00,PE,NIFTY24AUG20450PE,0.00,0.00,0.00,23.00,23.00,23.00,24044.50,3.70,100,0,0,0.00,0,F1,25,,,,,
2024-06-27,2024-06-27,FO,NSE,IDO,56638,,NIFTY,,2024-08-29,2024-08-29,20450.00,CE,NIFTY24AUG20450CE,0.00,0.00,0.00,2442.10,0.00,2442.10,24044.50,3854.60,0,0,0,0.00,0,F1,25,,,,,
2024-06-27,2024-06-27,FO,NSE,IDO,64156,,NIFTY,,2024-07-25,2024-07-25,20350.00,PE,NIFTY24JUL20350PE,0.00,0.00,0.00,7.00,7.00,7.00,24044.50,0.05,1950,0,0,0.00,0,F1,25,,,,,
2024-06-27,2024-06-27,FO,NSE,IDO,56635,,NIFTY,,2024-08-29,2024-08-29,20350.00,PE,NIFTY24AUG20350PE,0.00,0.00,0.00,19.30,19.30,19.30,24044.50,3.00,1925,0,0,0.00,0,F1,25,,,,,
2024-06-27,2024-06-27,FO,NSE,IDO,36594,,NIFTY,,2024-07-18,2024-07-18,22650.00,CE,NIFTY2471822650CE,1301.20,1356.85,1301.20,1356.85,1356.85,1075.25,24044.50,1512.00,225,225,9,5395976.25,3,F1,25,,,,,
2024-06-27,2024-06-27,FO,NSE,IDO,40834,,NIFTY,,2024-08-01,2024-08-01,22650.00,PE,NIFTY2480122650PE,0.00,0.00,0.00,157.65,0.00,157.65,24044.50,61.80,0,0,0,0.00,0,F1,25,,,,,
2024-06-27,2024-06-27,FO,NSE,IDO,35807,,NIFTY,,2024-07-11,2024-07-11,24100.00,CE,NIFTY2471124100CE,164.90,229.00,140.05,209.30,219.80,164.90,24044.50,209.30,141125,49200,16703,10141833116.25,6174,F1,25,,,,,
2024-06-27,2024-06-27,FO,NSE,IDO,74635,,NIFTY,,2024-08-29,2024-08-29,24100.00,CE,NIFTY24AUG24100CE,516.35,587.00,481.70,574.55,577.75,507.20,24044.50,574.55,14100,7025,1080,665455170.00,339,F1,25,,,,,
2024-06-27,2024-06-27,FO,NSE,IDO,64427,,NIFTY,,2024-06-27,2024-06-27,24100.00,PE,NIFTY24JUN24100PE,287.05,313.80,42.40,61.85,55.45,240.55,24044.50,24044.50,3838500,3721950,5100558,3086346509577.50,1563859,F1,25,,,,,
2024-06-27,2024-06-27,FO,NSE,IDO,35808,,NIFTY,,2024-07-11,2024-07-11,24100.00,PE,NIFTY2471124100PE,364.95,375.85,254.40,265.30,255.20,338.90,24044.50,265.30,69875,66025,9963,6074318808.75,4307,F1,25,,,,,
2024-06-27,2024-06-27,FO,NSE,IDO,74640,,NIFTY,,2024-08-29,2024-08-29,24100.00,PE,NIFTY24AUG24100PE,490.00,514.25,440.80,474.55,469.95,1402.50,24044.50,474.55,9900,9900,747,459088553.75,211,F1,25,,,,,
2024-06-27,2024-06-27,FO,NSE,IDO,36917,,NIFTY,,2024-07-18,2024-07-18,25250.00,CE,NIFTY2471825250CE,13.85,22.10,9.00,19.80,19.80,13.85,24044.50,19.80,3225,1825,244,154119133.75,52,F1,25,,,,,
2024-06-27,2024-06-27,FO,NSE,IDO,69023,,NIFTY,,2024-07-04,2024-07-04,25250.00,PE,NIFTY2470425250PE,0.00,0.00,0.00,1478.15,1472.80,1478.15,24044.50,1176.05,775,0,0,0.00,0,F1,25,,,,,
2024-06-27,2024-06-27,FO,NSE,IDO,74655,,NIFTY,,2024-08-29,2024-08-29,24400.00,PE,NIFTY24AUG24400PE,0.00,0.00,0.00,1638.30,0.00,1638.30,24044.50,709.10,0,0,0,0.00,0,F1,25,,,,,
2024-06-27,2024-06-27,FO,NSE,IDO,36821,,NIFTY,,2024-07-18,2024-07-18,24400.00,PE,NIFTY2471824400PE,0.00,0.00,0.00,1033.80,0.00,1033.80,24044.50,537.65,0,0,0,0.00,0,F1,25,,,,,
2024-06-27,2024-06-27,FO,NSE,IDO,64439,,NIFTY,,2024-06-27,2024-06-27,24400.00,PE,NIFTY24JUN24400PE,583.95,607.30,340.00,366.20,354.40,529.95,24044.50,24044.50,30725,26225,21886,13570086655.00,12073,F1,25,,,,,
2024-06-27,2024-06-27,FO,NSE,IDO,63914,,NIFTY,,2024-07-04,2024-07-04,24400.00,PE,NIFTY2470424400PE,560.00,573.30,378.35,392.55,387.75,524.25,24044.50,392.55,34550,28100,6879,4271594942.50,2801,F1,25,,,,,
2024-06-27,2024-06-27,FO,NSE,IDO,64832,,NIFTY,,2024-07-25,2024-07-25,21650.00,PE,NIFTY24JUL21650PE,0.00,0.00,0.00,16.80,16.80,16.80,24044.50,3.75,3650,0,0,0.00,0,F1,25,,,,,
2024-06-27,2024-06-27,FO,NSE,IDO,65049,,NIFTY,,2024-07-25,2024-07-25,22950.00,CE,NIFTY24JUL22950CE,1155.95,1212.20,1132.65,1132.65,1132.65,999.50,24044.50,1296.65,10500,25,10,6024010.00,4,F1,25,,,,,
2024-06-27,2024-06-27,FO,NSE,IDO,56686,,NIFTY,,2024-08-29,2024-08-29,21650.00,CE,NIFTY24AUG21650CE,0.00,0.00,0.00,1416.85,0.00,1416.85,24044.50,2699.50,0,0,0,0.00,0,F1,25,,,,,
2024-06-27,2024-06-27,FO,NSE,IDO,67769,,NIFTY,,2028-12-28,2028-12-28,17000.00,PE,NIFTY28DEC17000PE,0.00,0.00,0.00,66.15,0.00,66.15,24044.50,76.50,0,0,0,0.00,0,F1,25,,,,,
2024-06-27,2024-06-27,FO,NSE,IDO,58639,,NIFTY,,2026-12-31,2026-12-31,17000.00,PE,NIFTY26DEC17000PE,0.00,0.00,0.00,119.80,119.80,119.80,24044.50,48.40,3050,0,0,0.00,0,F1,25,,,,,
2024-06-27,2024-06-27,FO,NSE,IDO,53599,,NIFTY,,2027-12-30,2027-12-30,17000.00,CE,NIFTY27DEC17000CE,0.00,0.00,0.00,6805.50,0.00,6805.50,24044.50,10957.95,0,0,0,0.00,0,F1,25,,,,,
2024-06-27,2024-06-27,FO,NSE,IDO,45866,,NIFTY,,2025-06-26,2025-06-26,17000.00,PE,NIFTY25JUN17000PE,0.00,0.00,0.00,3497.35,0.00,3497.35,24044.50,7.85,0,0,0,0.00,0,F1,25,,,,,
2024-06-27,2024-06-27,FO,NSE,IDO,36699,,NIFTY,,2024-07-18,2024-07-18,23800.00,CE,NIFTY2471823800CE,385.00,471.65,352.00,462.50,460.00,388.40,24044.50,462.50,17850,14025,1777,1075854047.50,379,F1,25,,,,,
2024-06-27,2024-06-27,FO,NSE,IDO,40901,,NIFTY,,2024-08-01,2024-08-01,23350.00,PE,NIFTY2480123350PE,0.00,0.00,0.00,366.00,0.00,366.00,24044.50,185.25,0,0,0,0.00,0,F1,25,,,,,
2024-06-27,2024-06-27,FO,NSE,IDO,56735,,NIFTY,,2024-08-29,2024-08-29,22850.00,PE,NIFTY24AUG22850PE,150.00,150.00,150.00,150.00,150.00,151.20,24044.50,169.40,825,0,2,1150000.00,2,F1,25,,,,,
2024-06-27,2024-06-27,FO,NSE,IDO,64321,,NIFTY,,2024-06-27,2024-06-27,22850.00,PE,NIFTY24JUN22850PE,0.40,0.60,0.05,0.10,0.10,0.90,24044.50,24044.50,695900,-157225,511115,291978685563.75,42879,F1,25,,,,,
2024-06-27,2024-06-27,FO,NSE,IDO,64556,,NIFTY,,2025-03-27,2025-03-27,20000.00,CE,NIFTY25MAR20000CE,0.00,0.00,0.00,3896.85,0.00,3896.85,24044.50,5180.60,0,0,0,0.00,0,F1,25,,,,,
2024-06-27,2024-06-27,FO,NSE,IDO,67774,,NIFTY,,2028-12-28,2028-12-28,20000.00,CE,NIFTY28DEC20000CE,0.00,0.00,0.00,8115.50,0.00,8115.50,24044.50,9898.80,0,0,0,0.00,0,F1,25,,,,,
2024-06-27,2024-06-27,FO,NSE,IDO,38380,,NIFTY,,2026-06-25,2026-06-25,20000.00,PE,NIFTY26JUN20000PE,0.00,0.00,0.00,3159.75,0.00,3159.75,24044.50,196.40,0,0,0,0.00,0,F1,25,,,,,
2024-06-27,2024-06-27,FO,NSE,IDO,38312,,NIFTY,,2024-12-26,2024-12-26,20000.00,CE,NIFTY24DEC20000CE,4365.00,4505.00,4355.00,4466.75,4490.00,4412.40,24044.50,4466.75,297600,57700,3088,1886706078.75,1160,F1,25,,,,,
2024-06-27,2024-06-27,FO,NSE,IDO,64465,,NIFTY,,2024-06-27,2024-06-27,24750.00,PE,NIFTY24JUN24750PE,798.05,902.80,695.00,704.15,703.65,874.55,24044.50,24044.50,3200,200,105,66960910.00,81,F1,25,,,,,
2024-06-27,2024-06-27,FO,NSE,IDO,64860,,NIFTY,,2024-07-25,2024-07-25,21850.00,PE,NIFTY24JUL21850PE,26.10,26.10,18.40,18.40,18.40,19.90,24044.50,18.40,4600,1325,73,39913735.00,42,F1,25,,,,,
2024-06-27,2024-06-27,FO,NSE,IDO,64260,,NIFTY,,2024-06-27,2024-06-27,21850.00,PE,NIFTY24JUN21850PE,0.40,0.65,0.05,0.10,0.05,0.50,24044.50,24044.50,64800,-54075,14083,7692894707.50,2585,F1,25,,,,,
2024-06-27,2024-06-27,FO,NSE,IDO,64259,,NIFTY,,2024-06-27,2024-06-27,21850.00,CE,NIFTY24JUN21850CE,2000.00,2197.85,1970.00,2196.00,2197.85,2014.90,24044.50,24044.50,10700,-575,39,23368135.00,24,F1,25,,,,,
2024-06-27,2024-06-27,FO,NSE,IDO,64853,,NIFTY,,2024-07-25,2024-07-25,21850.00,CE,NIFTY24JUL21850CE,2225.00,2225.00,2225.00,2225.00,2225.00,2001.95,24044.50,2225.00,1625,100,12,7222500.00,1,F1,25,,,,,
2024-06-27,2024-06-27,FO,NSE,IDO,40936,,NIFTY,,2024-08-01,2024-08-01,23950.00,CE,NIFTY2480123950CE,418.60,490.35,409.10,424.15,424.15,467.75,24044.50,648.25,100,100,26,15865172.50,12,F1,25,,,,,
2024-06-27,2024-06-27,FO,NSE,IDO,35796,,NIFTY,,2024-07-11,2024-07-11,23950.00,PE,NIFTY2471123950PE,276.55,285.50,192.10,199.85,195.50,258.15,24044.50,199.85,54800,51800,8727,5273633807.50,2869,F1,25,,,,,
2024-06-27,2024-06-27,FO,NSE,IDO,64417,,NIFTY,,2024-06-27,2024-06-27,23950.00,CE,NIFTY24JUN23950CE,39.80,135.00,13.80,85.00,94.95,42.20,24044.50,24044.50,6061350,3039125,30969627,18583211034082.50,7296142,F1,25,,,,,
2024-06-27,2024-06-27,FO,NSE,IDO,49576,,NIFTY,,2024-07-04,2024-07-04,23950.00,CE,NIFTY2470423950CE,150.05,234.85,122.55,214.90,219.00,155.05,24044.50,214.90,569575,422250,330313,199278349098.75,104212,F1,25,,,,,
2024-06-27,2024-06-27,FO,NSE,IDO,64502,,NIFTY,,2024-06-27,2024-06-27,25350.00,CE,NIFTY24JUN25350CE,0.15,0.35,0.05,0.05,0.05,0.15,24044.50,24044.50,220850,-142375,133392,84537807141.25,9087,F1,25,,,,,
2024-06-27,2024-06-27,FO,NSE,IDO,41108,,NIFTY,,2024-08-01,2024-08-01,25350.00,PE,NIFTY2480125350PE,0.00,0.00,0.00,1669.90,0.00,1669.90,24044.50,1268.85,0,0,0,0.00,0,F1,25,,,,,
2024-06-27,2024-06-27,FO,NSE,IDO,65513,,NIFTY,,2024-07-25,2024-07-25,24750.00,PE,NIFTY24JUL24750PE,0.00,0.00,0.00,956.70,957.45,956.70,24044.50,801.60,1000,0,0,0.00,0,F1,25,,,,,
2024-06-27,2024-06-27,FO,NSE,IDO,74682,,NIFTY,,2024-08-29,2024-08-29,24750.00,CE,NIFTY24AUG24750CE,0.00,0.00,0.00,384.95,384.95,384.95,24044.50,509.30,100,0,0,0.00,0,F1,25,,,,,
2024-06-27,2024-06-27,FO,NSE,IDO,39972,,NIFTY,,2024-06-27,2024-06-27,19000.00,PE,NIFTY24JUN19000PE,0.15,0.25,0.05,0.10,0.05,0.45,24044.50,24044.50,1881525,-1988550,288063,136830477870.00,10907,F1,25,,,,,
2024-06-27,2024-06-27,FO,NSE,IDO,39990,,NIFTY,,2026-06-25,2026-06-25,19000.00,PE,NIFTY26JUN19000PE,0.00,0.00,0.00,276.95,276.95,276.95,24044.50,118.80,100,0,0,0.00,0,F1,25,,,,,
2024-06-27,2024-06-27,FO,NSE,IDO,71550,,NIFTY,,2027-06-24,2027-06-24,19000.00,PE,NIFTY27JUN19000PE,0.00,0.00,0.00,400.00,400.00,400.00,24044.50,154.60,225,0,0,0.00,0,F1,25,,,,,
2024-06-27,2024-06-27,FO,NSE,IDO,65848,,NIFTY,,2024-09-26,2024-09-26,19000.00,PE,NIFTY24SEP19000PE,15.50,16.95,12.00,12.45,12.15,15.65,24044.50,12.45,215775,5650,4133,1964566942.50,2705,F1,25,,,,,
2024-06-27,2024-06-27,FO,NSE,IDO,39989,,NIFTY,,2026-06-25,2026-06-25,19000.00,CE,NIFTY26JUN19000CE,0.00,0.00,0.00,5792.00,5792.00,5792.00,24044.50,7741.00,100,0,0,0.00,0,F1,25,,,,,
2024-06-27,2024-06-27,FO,NSE,IDO,56730,,NIFTY,,2024-08-29,2024-08-29,22750.00,CE,NIFTY24AUG22750CE,0.00,0.00,0.00,1072.95,1072.95,1072.95,24044.50,1730.65,450,0,0,0.00,0,F1,25,,,,,
2024-06-27,2024-06-27,FO,NSE,IDO,56731,,NIFTY,,2024-08-29,2024-08-29,22750.00,PE,NIFTY24AUG22750PE,0.00,0.00,0.00,194.60,194.60,194.60,24044.50,150.90,475,0,0,0.00,0,F1,25,,,,,
2024-06-27,2024-06-27,FO,NSE,IDO,64271,,NIFTY,,2024-06-27,2024-06-27,22200.00,CE,NIFTY24JUN22200CE,1622.20,1855.50,1595.40,1847.05,1848.60,1672.15,24044.50,24044.50,278800,-875,984,588885730.00,331,F1,25,,,,,
2024-06-27,2024-06-27,FO,NSE,IDO,40938,,NIFTY,,2024-08-01,2024-08-01,23950.00,PE,NIFTY2480123950PE,491.35,491.35,491.35,491.35,491.35,650.70,24044.50,386.45,50,50,2,1222067.50,1,F1,25,,,,,
2024-06-27,2024-06-27,FO,NSE,IDO,74626,,NIFTY,,2024-08-29,2024-08-29,23950.00,PE,NIFTY24AUG23950PE,459.80,504.00,413.55,413.75,413.55,487.80,24044.50,413.75,4250,3750,218,132924628.75,69,F1,25,,,,,
2024-06-27,2024-06-27,FO,NSE,IDO,36748,,NIFTY,,2024-07-18,2024-07-18,23950.00,CE,NIFTY2471823950CE,292.05,375.00,280.60,353.05,368.25,299.55,24044.50,353.05,2375,2050,429,260412147.50,189,F1,25,,,,,
2024-06-27,2024-06-27,FO,NSE,IDO,36751,,NIFTY,,2024-07-18,2024-07-18,23950.00,PE,NIFTY2471823950PE,276.00,289.80,242.95,250.10,245.00,724.05,24044.50,250.10,1025,1025,89,53884490.00,37,F1,25,,,,,
2024-06-27,2024-06-27,FO,NSE,IDO,45802,,NIFTY,,2024-07-04,2024-07-04,23600.00,PE,NIFTY2470423600PE,77.05,86.80,42.00,43.90,43.00,76.90,24044.50,43.90,2662825,1195775,501224,296437851323.75,121770,F1,25,,,,,
2024-06-27,2024-06-27,FO,NSE,IDO,64262,,NIFTY,,2024-06-27,2024-06-27,21900.00,PE,NIFTY24JUN21900PE,0.35,0.40,0.05,0.05,0.05,0.40,24044.50,24044.50,919375,-175100,138717,75947979812.50,12613,F1,25,,,,,
2024-06-27,2024-06-27,FO,NSE,IDO,36544,,NIFTY,,2024-07-18,2024-07-18,21900.00,PE,NIFTY2471821900PE,14.35,15.20,14.35,15.20,15.20,49.80,24044.50,15.20,300,300,13,7122185.00,3,F1,25,,,,,
2024-06-27,2024-06-27,FO,NSE,IDO,64094,,NIFTY,,2024-06-27,2024-06-27,20400.00,CE,NIFTY24JUN20400CE,3422.00,3666.85,3411.45,3630.45,3664.05,3451.15,24044.50,24044.50,2375,-925,58,34766360.00,26,F1,25,,,,,
2024-06-27,2024-06-27,FO,NSE,IDO,56637,,NIFTY,,2024-08-29,2024-08-29,20400.00,PE,NIFTY24AUG20400PE,0.00,0.00,0.00,28.95,28.95,28.95,24044.50,3.35,225,0,0,0.00,0,F1,25,,,,,
2024-06-27,2024-06-27,FO,NSE,IDO,41615,,NIFTY,,2024-07-04,2024-07-04,20400.00,CE,NIFTY2470420400CE,0.00,0.00,0.00,3193.50,3193.05,3193.50,24044.50,3672.30,125,0,0,0.00,0,F1,25,,,,,
2024-06-27,2024-06-27,FO,NSE,IDO,64158,,NIFTY,,2024-07-25,2024-07-25,20400.00,PE,NIFTY24JUL20400PE,7.25,10.00,7.20,9.50,10.00,6.10,24044.50,9.50,4750,-425,52,26530492.50,17,F1,25,,,,,
2024-06-27,2024-06-27,FO,NSE,IDO,36918,,NIFTY,,2024-07-18,2024-07-18,25250.00,PE,NIFTY2471825250PE,0.00,0.00,0.00,1737.90,0.00,1737.90,24044.50,1173.45,0,0,0,0.00,0,F1,25,,,,,
2024-06-27,2024-06-27,FO,NSE,IDO,41101,,NIFTY,,2024-08-01,2024-08-01,25250.00,PE,NIFTY2480125250PE,0.00,0.00,0.00,1584.35,0.00,1584.35,24044.50,1189.10,0,0,0,0.00,0,F1,25,,,,,
2024-06-27,2024-06-27,FO,NSE,IDO,74710,,NIFTY,,2024-08-29,2024-08-29,25250.00,PE,NIFTY24AUG25250PE,0.00,0.00,0.00,2370.80,0.00,2370.80,24044.50,1228.80,0,0,0,0.00,0,F1,25,,,,,
2024-06-27,2024-06-27,FO,NSE,IDO,74709,,NIFTY,,2024-08-29,2024-08-29,25250.00,CE,NIFTY24AUG25250CE,118.90,138.95,99.40,99.40,99.40,118.95,24044.50,339.90,550,225,11,6974482.50,9,F1,25,,,,,
2024-06-27,2024-06-27,FO,NSE,IDO,74683,,NIFTY,,2024-08-29,2024-08-29,24750.00,PE,NIFTY24AUG24750PE,990.00,990.00,800.00,800.00,800.00,1098.90,24044.50,800.00,300,125,6,3841375.00,5,F1,25,,,,,
2024-06-27,2024-06-27,FO,NSE,IDO,68998,,NIFTY,,2024-07-04,2024-07-04,24750.00,CE,NIFTY2470424750CE,4.95,9.10,3.40,4.80,4.90,4.85,24044.50,4.80,404700,228500,108868,67376623263.75,23203,F1,25,,,,,
2024-06-27,2024-06-27,FO,NSE,IDO,35852,,NIFTY,,2024-07-11,2024-07-11,24750.00,PE,NIFTY2471124750PE,0.00,0.00,0.00,998.65,998.65,998.65,24044.50,740.10,75,0,0,0.00,0,F1,25,,,,,
2024-06-27,2024-06-27,FO,NSE,IDO,41838,,NIFTY,,2024-07-04,2024-07-04,21850.00,CE,NIFTY2470421850CE,2080.00,2221.70,2036.60,2201.50,2221.70,2040.00,24044.50,2201.50,4800,4050,240,143729970.00,37,F1,25,,,,,
2024-06-27,2024-06-27,FO,NSE,IDO,35567,,NIFTY,,2024-07-11,2024-07-11,21850.00,CE,NIFTY2471121850CE,0.00,0.00,0.00,1236.90,0.00,1236.90,24044.50,2254.40,0,0,0,0.00,0,F1,25,,,,,
2024-06-27,2024-06-27,FO,NSE,IDO,69031,,NIFTY,,2024-07-04,2024-07-04,25400.00,PE,NIFTY2470425400PE,1443.65,1443.65,1443.65,1443.65,1443.65,1527.00,24044.50,1323.40,25,0,1,671091.25,1,F1,25,,,,,
2024-06-27,2024-06-27,FO,NSE,IDO,35818,,NIFTY,,2024-07-11,2024-07-11,24300.00,PE,NIFTY2471124300PE,403.00,498.40,366.00,378.15,389.25,486.00,24044.50,378.15,10350,9925,1178,727355183.75,403,F1,25,,,,,
2024-06-27,2024-06-27,FO,NSE,IDO,35909,,NIFTY,,2024-07-11,2024-07-11,25400.00,CE,NIFTY2471125400CE,4.50,5.95,3.70,4.10,3.70,4.40,24044.50,4.10,7775,6600,852,541117043.75,244,F1,25,,,,,
2024-06-27,2024-06-27,FO,NSE,IDO,64435,,NIFTY,,2024-06-27,2024-06-27,24300.00,PE,NIFTY24JUN24300PE,464.20,508.10,240.10,264.45,254.75,429.15,24044.50,24044.50,54750,25575,81395,50073618358.75,37765,F1,25,,,,,
2024-06-27,2024-06-27,FO,NSE,IDO,54501,,NIFTY,,2024-07-04,2024-07-04,24300.00,CE,NIFTY2470424300CE,42.00,72.85,29.25,56.45,57.60,41.00,24044.50,56.45,1902075,904900,499495,304068047856.25,110055,F1,25,,,,,
2024-06-27,2024-06-27,FO,NSE,IDO,65631,,NIFTY,,2024-07-25,2024-07-25,25400.00,CE,NIFTY24JUL25400CE,41.10,41.10,15.95,17.60,17.15,63.55,24044.50,17.60,18300,18300,1618,1028126873.75,697,F1,25,,,,,
2024-06-27,2024-06-27,FO,NSE,IDO,36834,,NIFTY,,2024-07-18,2024-07-18,24450.00,PE,NIFTY2471824450PE,0.00,0.00,0.00,1071.45,0.00,1071.45,24044.50,568.45,0,0,0,0.00,0,F1,25,,,,,
2024-06-27,2024-06-27,FO,NSE,IDO,40986,,NIFTY,,2024-08-01,2024-08-01,24450.00,PE,NIFTY2480124450PE,0.00,0.00,0.00,963.80,0.00,963.80,24044.50,637.70,0,0,0,0.00,0,F1,25,,,,,
2024-06-27,2024-06-27,FO,NSE,IDO,35827,,NIFTY,,2024-07-11,2024-07-11,24450.00,CE,NIFTY2471124450CE,59.55,87.45,51.25,80.05,87.00,58.10,24044.50,80.05,18625,13050,3625,2222356840.00,881,F1,25,,,,,
2024-06-27,2024-06-27,FO,NSE,IDO,65410,,NIFTY,,2024-07-25,2024-07-25,24450.00,PE,NIFTY24JUL24450PE,630.00,646.70,525.00,532.25,530.00,617.00,24044.50,532.25,4100,3325,420,262786573.75,152,F1,25,,,,,
2024-06-27,2024-06-27,FO,NSE,IDO,64515,,NIFTY,,2024-06-27,2024-06-27,25600.00,PE,NIFTY24JUN25600PE,0.00,0.00,0.00,2850.00,0.00,2850.00,24044.50,24044.50,0,0,0,0.00,0,F1,25,,,,,
2024-06-27,2024-06-27,FO,NSE,IDO,64514,,NIFTY,,2024-06-27,2024-06-27,25600.00,CE,NIFTY24JUN25600CE,0.15,0.30,0.05,0.05,0.10,34.40,24044.50,24044.50,13075,13075,4680,2995218971.25,643,F1,25,,,,,
2024-06-27,2024-06-27,FO,NSE,IDO,69038,,NIFTY,,2024-07-04,2024-07-04,25600.00,CE,NIFTY2470425600CE,7.95,7.95,0.80,1.00,0.90,7.80,24044.50,1.00,174625,174625,25930,16595911638.75,2195,F1,25,,,,,
2024-06-27,2024-06-27,FO,NSE,IDO,36960,,NIFTY,,2024-07-18,2024-07-18,25600.00,CE,NIFTY2471825600CE,12.85,12.85,7.20,9.70,9.70,36.00,24044.50,9.70,1925,1925,123,78750326.25,31,F1,25,,,,,
2024-06-27,2024-06-27,FO,NSE,IDO,41125,,NIFTY,,2024-08-01,2024-08-01,25600.00,CE,NIFTY2480125600CE,46.65,46.65,22.05,25.95,25.95,70.60,24044.50,25.95,725,725,43,27548631.25,32,F1,25,,,,,
2024-06-27,2024-06-27,FO,NSE,IDO,35918,,NIFTY,,2024-07-11,2024-07-11,25600.00,PE,NIFTY2471125600PE,0.00,0.00,0.00,2611.40,0.00,2611.40,24044.50,1498.15,0,0,0,0.00,0,F1,25,,,,,
2024-06-27,2024-06-27,FO,NSE,IDO,74641,,NIFTY,,2024-08-29,2024-08-29,24150.00,CE,NIFTY24AUG24150CE,533.10,540.00,507.25,540.00,540.00,424.15,24044.50,540.00,125,0,3,1850758.75,3,F1,25,,,,,
2024-06-27,2024-06-27,FO,NSE,IDO,36774,,NIFTY,,2024-07-18,2024-07-18,24150.00,CE,NIFTY2471824150CE,195.00,245.00,195.00,239.05,239.05,270.20,24044.50,239.05,700,500,46,28023757.50,19,F1,25,,,,,
2024-06-27,2024-06-27,FO,NSE,IDO,35809,,NIFTY,,2024-07-11,2024-07-11,24150.00,CE,NIFTY2471124150CE,144.15,203.30,123.65,186.65,190.00,145.30,24044.50,186.65,17100,8300,3786,2302053421.25,994,F1,25,,,,,
2024-06-27,2024-06-27,FO,NSE,IDO,41102,,NIFTY,,2024-08-01,2024-08-01,25300.00,CE,NIFTY2480125300CE,0.00,0.00,0.00,105.30,0.00,105.30,24044.50,149.95,0,0,0,0.00,0,F1,25,,,,,
2024-06-27,2024-06-27,FO,NSE,IDO,69024,,NIFTY,,2024-07-04,2024-07-04,25300.00,CE,NIFTY2470425300CE,2.25,2.25,0.85,1.00,0.95,1.65,24044.50,1.00,1351700,1167075,133292,84310704872.50,7276,F1,25,,,,,
2024-06-27,2024-06-27,FO,NSE,IDO,74713,,NIFTY,,2024-08-29,2024-08-29,25300.00,PE,NIFTY24AUG25300PE,0.00,0.00,0.00,2416.15,0.00,2416.15,24044.50,1263.95,0,0,0,0.00,0,F1,25,,,,,
2024-06-27,2024-06-27,FO,NSE,IDO,35490,,NIFTY,,2024-07-11,2024-07-11,21100.00,CE,NIFTY2471121100CE,0.00,0.00,0.00,1897.10,0.00,1897.10,24044.50,3002.00,0,0,0,0.00,0,F1,25,,,,,
2024-06-27,2024-06-27,FO,NSE,IDO,41714,,NIFTY,,2024-07-04,2024-07-04,21100.00,CE,NIFTY2470421100CE,2754.70,2754.70,2754.70,2754.70,2754.70,2675.60,24044.50,2973.25,500,0,2,1192735.00,1,F1,25,,,,,
2024-06-27,2024-06-27,FO,NSE,IDO,64500,,NIFTY,,2024-07-25,2024-07-25,21100.00,PE,NIFTY24JUL21100PE,10.00,12.05,9.25,11.55,11.90,10.40,24044.50,11.55,20225,-1325,945,498755805.00,387,F1,25,,,,,
2024-06-27,2024-06-27,FO,NSE,IDO,56664,,NIFTY,,2024-08-29,2024-08-29,21100.00,CE,NIFTY24AUG21100CE,0.00,0.00,0.00,1862.35,0.00,1862.35,24044.50,3222.30,0,0,0,0.00,0,F1,25,,,,,
2024-06-27,2024-06-27,FO,NSE,IDO,64363,,NIFTY,,2024-06-27,2024-06-27,23400.00,PE,NIFTY24JUN23400PE,3.00,3.40,0.05,0.15,0.05,3.75,24044.50,24044.50,5720750,-2221075,8202802,4798862933547.50,925971,F1,25,,,,,
2024-06-27,2024-06-27,FO,NSE,IDO,65636,,NIFTY,,2024-07-25,2024-07-25,25450.00,PE,NIFTY24JUL25450PE,0.00,0.00,0.00,2479.95,0.00,2479.95,24044.50,1350.75,0,0,0,0.00,0,F1,25,,,,,
2024-06-27,2024-06-27,FO,NSE,IDO,49180,,NIFTY,,2025-12-24,2025-12-24,16500.00,PE,NIFTY25DEC16500PE,0.00,0.00,0.00,44.60,44.60,44.60,24044.50,13.75,2600,0,0,0.00,0,F1,25,,,,,
2024-06-27,2024-06-27,FO,NSE,IDO,74605,,NIFTY,,2024-08-29,2024-08-29,23750.00,CE,NIFTY24AUG23750CE,0.00,0.00,0.00,712.50,712.50,712.50,24044.50,1012.05,675,0,0,0.00,0,F1,25,,,,,
2024-06-27,2024-06-27,FO,NSE,IDO,40923,,NIFTY,,2024-08-01,2024-08-01,23750.00,CE,NIFTY2480123750CE,595.30,604.15,506.60,603.70,603.70,531.00,24044.50,767.80,350,300,25,15191075.00,14,F1,25,,,,,
2024-06-27,2024-06-27,FO,NSE,IDO,36600,,NIFTY,,2024-07-18,2024-07-18,22700.00,CE,NIFTY2471822700CE,1362.80,1362.80,1294.05,1294.05,1294.05,1038.80,24044.50,1465.55,100,100,4,2402842.50,2,F1,25,,,,,
2024-06-27,2024-06-27,FO,NSE,IDO,56728,,NIFTY,,2024-08-29,2024-08-29,22700.00,CE,NIFTY24AUG22700CE,1496.00,1556.00,1487.20,1487.20,1487.20,1508.90,24044.50,1771.35,3125,500,80,48438260.00,23,F1,25,,,,,
2024-06-27,2024-06-27,FO,NSE,IDO,40842,,NIFTY,,2024-08-01,2024-08-01,22700.00,PE,NIFTY2480122700PE,0.00,0.00,0.00,168.55,0.00,168.55,24044.50,67.45,0,0,0,0.00,0,F1,25,,,,,
2024-06-27,2024-06-27,FO,NSE,IDO,64300,,NIFTY,,2024-06-27,2024-06-27,22700.00,CE,NIFTY24JUN22700CE,1121.35,1357.85,1096.60,1344.05,1347.35,1169.85,24044.50,24044.50,584500,-5675,2715,1626226752.50,1243,F1,25,,,,,
2024-06-27,2024-06-27,FO,NSE,IDO,56678,,NIFTY,,2024-08-29,2024-08-29,21450.00,CE,NIFTY24AUG21450CE,0.00,0.00,0.00,1572.95,0.00,1572.95,24044.50,2887.75,0,0,0,0.00,0,F1,25,,,,,
2024-06-27,2024-06-27,FO,NSE,IDO,41621,,NIFTY,,2024-07-04,2024-07-04,20500.00,CE,NIFTY2470420500CE,3333.60,3536.75,3333.60,3498.75,3536.75,3240.00,24044.50,3498.75,825,675,37,22183096.25,11,F1,25,,,,,
2024-06-27,2024-06-27,FO,NSE,IDO,64103,,NIFTY,,2024-06-27,2024-06-27,20500.00,PE,NIFTY24JUN20500PE,0.30,0.30,0.05,0.10,0.10,0.40,24044.50,24044.50,919600,-197650,76801,39360765297.50,5100,F1,25,,,,,
2024-06-27,2024-06-27,FO,NSE,IDO,64707,,NIFTY,,2024-07-25,2024-07-25,21450.00,CE,NIFTY24JUL21450CE,0.00,0.00,0.00,2230.25,2230.25,2230.25,24044.50,2713.25,3675,0,0,0.00,0,F1,25,,,,,
2024-06-27,2024-06-27,FO,NSE,IDO,35528,,NIFTY,,2024-07-11,2024-07-11,21450.00,PE,NIFTY2471121450PE,0.00,0.00,0.00,57.05,0.00,57.05,24044.50,0.05,0,0,0,0.00,0,F1,25,,,,,
2024-06-27,2024-06-27,FO,NSE,IDO,35527,,NIFTY,,2024-07-11,2024-07-11,21450.00,CE,NIFTY2471121450CE,0.00,0.00,0.00,1577.85,0.00,1577.85,24044.50,2653.00,0,0,0,0.00,0,F1,25,,,,,
2024-06-27,2024-06-27,FO,NSE,IDO,64098,,NIFTY,,2024-06-27,2024-06-27,20500.00,CE,NIFTY24JUN20500CE,3370.00,3561.00,3300.15,3549.60,3552.05,3375.40,24044.50,24044.50,134875,-3475,2694,1613555787.50,1094,F1,25,,,,,
2024-06-27,2024-06-27,FO,NSE,IDO,41638,,NIFTY,,2024-07-04,2024-07-04,20500.00,PE,NIFTY2470420500PE,1.85,2.15,0.85,1.20,2.00,1.85,24044.50,1.20,938125,875525,71029,36404517178.75,4668,F1,25,,,,,
2024-06-27,2024-06-27,FO,NSE,IDO,56670,,NIFTY,,2024-08-29,2024-08-29,21250.00,CE,NIFTY24AUG21250CE,0.00,0.00,0.00,1736.00,0.00,1736.00,24044.50,3078.25,0,0,0,0.00,0,F1,25,,,,,
2024-06-27,2024-06-27,FO,NSE,IDO,64948,,NIFTY,,2024-07-25,2024-07-25,22250.00,PE,NIFTY24JUL22250PE,33.40,37.30,29.90,30.90,29.90,33.40,24044.50,30.90,14275,3175,1010,562629912.50,331,F1,25,,,,,
2024-06-27,2024-06-27,FO,NSE,IDO,41900,,NIFTY,,2024-07-04,2024-07-04,22250.00,PE,NIFTY2470422250PE,3.10,8.00,2.00,3.85,2.25,3.85,24044.50,3.85,131700,99075,15576,8665486180.00,4341,F1,25,,,,,
2024-06-27,2024-06-27,FO,NSE,IDO,36568,,NIFTY,,2024-07-18,2024-07-18,22250.00,PE,NIFTY2471822250PE,22.40,22.40,20.00,20.00,20.00,24.70,24044.50,20.00,1250,150,8,4454167.50,5,F1,25,,,,,
2024-06-27,2024-06-27,FO,NSE,IDO,74598,,NIFTY,,2024-08-29,2024-08-29,23550.00,PE,NIFTY24AUG23550PE,295.75,311.40,278.05,285.80,282.70,315.50,24044.50,285.80,5675,1025,173,103135331.25,45,F1,25,,,,,
2024-06-27,2024-06-27,FO,NSE,IDO,56740,,NIFTY,,2024-08-29,2024-08-29,23000.00,CE,NIFTY24AUG23000CE,1220.05,1370.20,1201.70,1351.10,1353.60,1261.35,24044.50,1351.10,105425,4875,1384,840814896.25,562,F1,25,,,,,
2024-06-27,2024-06-27,FO,NSE,IDO,36679,,NIFTY,,2024-07-18,2024-07-18,23550.00,CE,NIFTY2471823550CE,623.00,623.00,533.70,593.35,593.35,567.10,24044.50,754.20,1750,-550,28,16889537.50,8,F1,25,,,,,
2024-06-27,2024-06-27,FO,NSE,IDO,42009,,NIFTY,,2024-07-04,2024-07-04,23000.00,CE,NIFTY2470423000CE,870.05,1069.20,851.00,1041.15,1052.00,912.25,24044.50,1041.15,378575,218175,22620,13569253120.00,6309,F1,25,,,,,
2024-06-27,2024-06-27,FO,NSE,IDO,65652,,NIFTY,,2024-07-25,2024-07-25,25550.00,PE,NIFTY24JUL25550PE,1587.70,1587.70,1456.75,1507.35,1507.35,2571.35,24044.50,1437.70,850,850,34,22991916.25,17,F1,25,,,,,
2024-06-27,2024-06-27,FO,NSE,IDO,65473,,NIFTY,,2024-07-25,2024-07-25,24600.00,CE,NIFTY24JUL24600CE,101.00,147.30,96.25,135.20,138.30,109.65,24044.50,135.20,411900,133925,24451,15114062711.25,8049,F1,25,,,,,
2024-06-27,2024-06-27,FO,NSE,IDO,65489,,NIFTY,,2024-07-25,2024-07-25,24600.00,PE,NIFTY24JUL24600PE,747.25,801.30,621.00,631.85,631.10,726.25,24044.50,631.85,10750,4100,516,326184278.75,264,F1,25,,,,,
2024-06-27,2024-06-27,FO,NSE,IDO,41009,,NIFTY,,2024-08-01,2024-08-01,24600.00,PE,NIFTY2480124600PE,0.00,0.00,0.00,1069.95,0.00,1069.95,24044.50,727.85,0,0,0,0.00,0,F1,25,,,,,
2024-06-27,2024-06-27,FO,NSE,IDO,69032,,NIFTY,,2024-07-04,2024-07-04,25450.00,CE,NIFTY2470425450CE,1.70,3.35,0.80,1.45,1.90,1.70,24044.50,1.45,226250,205625,17976,11437833475.00,1818,F1,25,,,,,
2024-06-27,2024-06-27,FO,NSE,IDO,35911,,NIFTY,,2024-07-11,2024-07-11,25450.00,CE,NIFTY2471125450CE,3.50,6.15,3.40,3.75,3.50,4.45,24044.50,3.75,12650,9725,771,490634140.00,166,F1,25,,,,,
2024-06-27,2024-06-27,FO,NSE,IDO,65241,,NIFTY,,2024-07-25,2024-07-25,23650.00,CE,NIFTY24JUL23650CE,527.95,662.00,514.35,641.70,625.15,553.35,24044.50,641.70,22625,-1175,853,517265583.75,337,F1,25,,,,,
2024-06-27,2024-06-27,FO,NSE,IDO,36692,,NIFTY,,2024-07-18,2024-07-18,23650.00,PE,NIFTY2471823650PE,200.10,208.10,146.35,154.10,146.35,182.30,24044.50,154.10,6850,775,517,307898498.75,88,F1,25,,,,,
2024-06-27,2024-06-27,FO,NSE,IDO,64391,,NIFTY,,2024-06-27,2024-06-27,23650.00,PE,NIFTY24JUN23650PE,14.70,23.40,0.05,0.20,0.10,15.10,24044.50,24044.50,3371125,-520625,11116088,6573659578730.00,1466915,F1,25,,,,,
2024-06-27,2024-06-27,FO,NSE,IDO,40920,,NIFTY,,2024-08-01,2024-08-01,23650.00,PE,NIFTY2480123650PE,281.75,281.75,249.95,249.95,249.95,269.45,24044.50,272.35,125,25,8,4783186.25,5,F1,25,,,,,
2024-06-27,2024-06-27,FO,NSE,IDO,74601,,NIFTY,,2024-08-29,2024-08-29,23650.00,CE,NIFTY24AUG23650CE,763.05,876.50,763.05,853.15,876.50,763.05,24044.50,853.15,2475,25,8,4892067.50,8,F1,25,,,,,
2024-06-27,2024-06-27,FO,NSE,IDO,36689,,NIFTY,,2024-07-18,2024-07-18,23650.00,CE,NIFTY2471823650CE,473.60,568.30,438.20,568.30,568.30,480.20,24044.50,568.30,1400,-75,9,5439327.50,9,F1,25,,,,,
2024-06-27,2024-06-27,FO,NSE,IDO,65912,,NIFTY,,2024-09-26,2024-09-26,25000.00,PE,NIFTY24SEP25000PE,1064.95,1079.50,905.90,952.75,950.00,1044.35,24044.50,952.75,40600,12925,1988,1291399162.50,1053,F1,25,,,,,
2024-06-27,2024-06-27,FO,NSE,IDO,71362,,NIFTY,,2024-12-26,2024-12-26,25000.00,CE,NIFTY24DEC25000CE,600.00,662.00,586.00,650.90,655.00,612.35,24044.50,650.90,965025,36425,5466,3501863322.50,2868,F1,25,,,,,
2024-06-27,2024-06-27,FO,NSE,IDO,67785,,NIFTY,,2028-12-28,2028-12-28,25000.00,PE,NIFTY28DEC25000PE,0.00,0.00,0.00,1311.00,1311.00,1311.00,24044.50,906.85,100,0,0,0.00,0,F1,25,,,,,
2024-06-27,2024-06-27,FO,NSE,IDO,86153,,NIFTY,,2028-06-29,2028-06-29,25000.00,CE,NIFTY28JUN25000CE,0.00,0.00,0.00,3545.15,0.00,3545.15,24044.50,6358.30,0,0,0,0.00,0,F1,25,,,,,
2024-06-27,2024-06-27,FO,NSE,IDO,64571,,NIFTY,,2025-03-27,2025-03-27,25000.00,PE,NIFTY25MAR25000PE,0.00,0.00,0.00,1200.00,1200.00,1200.00,24044.50,1230.95,225,0,0,0.00,0,F1,25,,,,,
2024-06-27,2024-06-27,FO,NSE,IDO,69011,,NIFTY,,2024-07-04,2024-07-04,25000.00,PE,NIFTY2470425000PE,1130.00,1150.00,938.75,955.30,950.70,1090.15,24044.50,955.30,9325,7450,563,365834080.00,231,F1,25,,,,,
2024-06-27,2024-06-27,FO,NSE,IDO,74699,,NIFTY,,2024-08-29,2024-08-29,25000.00,PE,NIFTY24AUG25000PE,1052.00,1095.00,945.45,961.25,951.85,1053.95,24044.50,961.25,96275,30050,2575,1673624225.00,1413,F1,25,,,,,
2024-06-27,2024-06-27,FO,NSE,IDO,36569,,NIFTY,,2024-07-18,2024-07-18,22300.00,CE,NIFTY2471822300CE,0.00,0.00,0.00,1547.80,1547.80,1547.80,24044.50,1845.30,0,0,0,0.00,0,F1,25,,,,,
2024-06-27,2024-06-27,FO,NSE,IDO,64477,,NIFTY,,2024-06-27,2024-06-27,25100.00,CE,NIFTY24JUN25100CE,0.20,0.30,0.05,0.05,0.05,0.20,24044.50,24044.50,890975,-36650,269304,168989301470.00,22382,F1,25,,,,,
2024-06-27,2024-06-27,FO,NSE,IDO,41076,,NIFTY,,2024-08-01,2024-08-01,25100.00,PE,NIFTY2480125100PE,0.00,0.00,0.00,1458.85,0.00,1458.85,24044.50,1074.40,0,0,0,0.00,0,F1,25,,,,,
2024-06-27,2024-06-27,FO,NSE,IDO,35896,,NIFTY,,2024-07-11,2024-07-11,25100.00,PE,NIFTY2471125100PE,0.00,0.00,0.00,2131.50,0.00,2131.50,24044.50,1033.70,0,0,0,0.00,0,F1,25,,,,,
2024-06-27,2024-06-27,FO,NSE,IDO,69015,,NIFTY,,2024-07-04,2024-07-04,25100.00,PE,NIFTY2470425100PE,1225.00,1225.00,1138.20,1138.20,1138.20,1326.65,24044.50,1030.75,750,25,3,1972205.00,2,F1,25,,,,,
2024-06-27,2024-06-27,FO,NSE,IDO,35759,,NIFTY,,2024-07-11,2024-07-11,23600.00,CE,NIFTY2471123600CE,419.25,559.60,407.60,537.85,540.00,454.30,24044.50,537.85,61525,2750,4587,2762381898.75,2434,F1,25,,,,,
2024-06-27,2024-06-27,FO,NSE,IDO,74599,,NIFTY,,2024-08-29,2024-08-29,23600.00,CE,NIFTY24AUG23600CE,790.00,912.00,774.75,900.80,900.90,814.95,24044.50,900.80,51050,4200,567,346660567.50,379,F1,25,,,,,
2024-06-27,2024-06-27,FO,NSE,IDO,35584,,NIFTY,,2024-07-11,2024-07-11,21900.00,PE,NIFTY2471121900PE,7.65,7.65,4.80,7.15,7.15,7.65,24044.50,7.15,875,0,29,15882205.00,12,F1,25,,,,,
2024-06-27,2024-06-27,FO,NSE,IDO,64096,,NIFTY,,2024-06-27,2024-06-27,20450.00,CE,NIFTY24JUN20450CE,0.00,0.00,0.00,2883.10,2882.65,2883.10,24044.50,24044.50,3350,0,0,0.00,0,F1,25,,,,,
2024-06-27,2024-06-27,FO,NSE,IDO,64582,,NIFTY,,2025-03-27,2025-03-27,29000.00,CE,NIFTY25MAR29000CE,0.00,0.00,0.00,164.50,0.00,164.50,24044.50,386.50,0,0,0,0.00,0,F1,25,,,,,
2024-06-27,2024-06-27,FO,NSE,IDO,38163,,NIFTY,,2027-06-24,2027-06-24,29000.00,PE,NIFTY27JUN29000PE,0.00,0.00,0.00,4627.10,0.00,4627.10,24044.50,2436.15,0,0,0,0.00,0,F1,25,,,,,
2024-06-27,2024-06-27,FO,NSE,IDO,38151,,NIFTY,,2025-06-26,2025-06-26,29000.00,PE,NIFTY25JUN29000PE,0.00,0.00,0.00,6724.50,0.00,6724.50,24044.50,3573.70,0,0,0,0.00,0,F1,25,,,,,
2024-06-27,2024-06-27,FO,NSE,IDO,67793,,NIFTY,,2028-12-28,2028-12-28,29000.00,PE,NIFTY28DEC29000PE,0.00,0.00,0.00,2010.85,0.00,2010.85,24044.50,1891.80,0,0,0,0.00,0,F1,25,,,,,
2024-06-27,2024-06-27,FO,NSE,IDO,71546,,NIFTY,,2027-06-24,2027-06-24,17000.00,PE,NIFTY27JUN17000PE,0.00,0.00,0.00,1814.75,0.00,1814.75,24044.50,58.30,0,0,0,0.00,0,F1,25,,,,,
2024-06-27,2024-06-27,FO,NSE,IDO,65263,,NIFTY,,2024-07-25,2024-07-25,23800.00,CE,NIFTY24JUL23800CE,430.85,558.20,419.70,534.15,523.50,461.85,24044.50,534.15,960800,170075,61359,37262369768.75,22581,F1,25,,,,,
2024-06-27,2024-06-27,FO,NSE,IDO,64407,,NIFTY,,2024-06-27,2024-06-27,23800.00,CE,NIFTY24JUN23800CE,110.00,265.65,63.65,236.25,244.85,115.50,24044.50,24044.50,3134975,-1206675,8366345,5005562709041.25,2481856,F1,25,,,,,
2024-06-27,2024-06-27,FO,NSE,IDO,45873,,NIFTY,,2025-12-24,2025-12-24,17000.00,CE,NIFTY25DEC17000CE,0.00,0.00,0.00,5080.00,5080.00,5080.00,24044.50,8823.40,650,0,0,0.00,0,F1,25,,,,,
2024-06-27,2024-06-27,FO,NSE,IDO,64410,,NIFTY,,2024-06-27,2024-06-27,23800.00,PE,NIFTY24JUN23800PE,39.75,74.00,0.05,0.35,0.05,46.75,24044.50,24044.50,8108725,754575,36428764,21688860145388.75,5466906,F1,25,,,,,
2024-06-27,2024-06-27,FO,NSE,IDO,74608,,NIFTY,,2024-08-29,2024-08-29,23800.00,PE,NIFTY24AUG23800PE,414.95,430.20,356.80,363.35,359.00,397.75,24044.50,363.35,28875,10850,2076,1255473916.25,658,F1,25,,,,,
2024-06-27,2024-06-27,FO,NSE,IDO,35784,,NIFTY,,2024-07-11,2024-07-11,23800.00,PE,NIFTY2471123800PE,212.05,218.80,141.70,146.75,144.90,194.15,24044.50,146.75,186150,106225,29231,17517463451.25,10953,F1,25,,,,,
2024-06-27,2024-06-27,FO,NSE,IDO,50497,,NIFTY,,2026-06-25,2026-06-25,17000.00,CE,NIFTY26JUN17000CE,0.00,0.00,0.00,4348.25,0.00,4348.25,24044.50,9386.20,0,0,0,0.00,0,F1,25,,,,,
2024-06-27,2024-06-27,FO,NSE,IDO,40085,,NIFTY,,2024-06-27,2024-06-27,15000.00,PE,NIFTY24JUN15000PE,0.15,0.15,0.05,0.10,0.10,0.35,24044.50,24044.50,319750,76200,50915,19093250230.00,4687,F1,25,,,,,
2024-06-27,2024-06-27,FO,NSE,IDO,64434,,NIFTY,,2024-06-27,2024-06-27,24300.00,CE,NIFTY24JUN24300CE,0.80,5.00,0.05,0.10,0.05,1.50,24044.50,24044.50,9555750,4202150,14805889,8994963581913.76,1586426,F1,25,,,,,
2024-06-27,2024-06-27,FO,NSE,IDO,35714,,NIFTY,,2024-07-11,2024-07-11,23100.00,CE,NIFTY2471123100CE,850.00,980.00,823.45,968.40,969.80,880.30,24044.50,968.40,1050,125,62,37245775.00,32,F1,25,,,,,
2024-06-27,2024-06-27,FO,NSE,IDO,42014,,NIFTY,,2024-07-04,2024-07-04,23100.00,PE,NIFTY2470423100PE,17.75,18.60,10.45,11.40,11.90,17.30,24044.50,11.40,1014350,272600,239751,138530726120.00,49165,F1,25,,,,,
2024-06-27,2024-06-27,FO,NSE,IDO,58629,,NIFTY,,2026-12-31,2026-12-31,12000.00,PE,NIFTY26DEC12000PE,0.00,0.00,0.00,21.15,21.15,21.15,24044.50,0.70,600,0,0,0.00,0,F1,25,,,,,
2024-06-27,2024-06-27,FO,NSE,IDO,58624,,NIFTY,,2026-06-25,2026-06-25,12000.00,CE,NIFTY26JUN12000CE,0.00,0.00,0.00,8690.00,8690.00,8690.00,24044.50,13672.80,50,0,0,0.00,0,F1,25,,,,,
2024-06-27,2024-06-27,FO,NSE,IDO,58625,,NIFTY,,2026-06-25,2026-06-25,12000.00,PE,NIFTY26JUN12000PE,0.00,0.00,0.00,20.45,20.45,20.45,24044.50,0.25,500,0,0,0.00,0,F1,25,,,,,
2024-06-27,2024-06-27,FO,NSE,IDO,50545,,NIFTY,,2026-06-25,2026-06-25,28000.00,CE,NIFTY26JUN28000CE,0.00,0.00,0.00,1533.95,0.00,1533.95,24044.50,2247.65,0,0,0,0.00,0,F1,25,,,,,
2024-06-27,2024-06-27,FO,NSE,IDO,50548,,NIFTY,,2026-12-31,2026-12-31,28000.00,PE,NIFTY26DEC28000PE,0.00,0.00,0.00,6224.80,0.00,6224.80,24044.50,2205.20,0,0,0,0.00,0,F1,25,,,,,
2024-06-27,2024-06-27,FO,NSE,IDO,45648,,NIFTY,,2024-07-04,2024-07-04,23500.00,PE,NIFTY2470423500PE,58.95,64.80,31.65,33.05,32.00,57.70,24044.50,33.05,3307300,1727100,593983,349592952551.25,122866,F1,25,,,,,
2024-06-27,2024-06-27,FO,NSE,IDO,56720,,NIFTY,,2024-08-29,2024-08-29,22500.00,CE,NIFTY24AUG22500CE,1612.00,1782.70,1611.95,1766.45,1782.70,1670.85,24044.50,1766.45,25250,3300,497,300722181.25,155,F1,25,,,,,
2024-06-27,2024-06-27,FO,NSE,IDO,41645,,NIFTY,,2024-07-04,2024-07-04,20600.00,PE,NIFTY2470420600PE,2.05,2.50,0.80,1.10,2.50,2.10,24044.50,1.10,300100,292875,31714,16333643482.50,2905,F1,25,,,,,
2024-06-27,2024-06-27,FO,NSE,IDO,64398,,NIFTY,,2024-07-25,2024-07-25,20600.00,PE,NIFTY24JUL20600PE,9.20,9.20,6.85,7.10,6.85,9.20,24044.50,7.10,10350,4775,343,176712251.25,144,F1,25,,,,,
2024-06-27,2024-06-27,FO,NSE,IDO,64349,,NIFTY,,2024-07-25,2024-07-25,20600.00,CE,NIFTY24JUL20600CE,3344.20,3566.35,3300.90,3566.35,3566.35,3330.00,24044.50,3566.35,8700,1550,140,84035321.25,36,F1,25,,,,,
2024-06-27,2024-06-27,FO,NSE,IDO,40909,,NIFTY,,2024-08-01,2024-08-01,23500.00,PE,NIFTY2480123500PE,227.85,237.75,189.85,197.60,193.00,220.90,24044.50,197.60,6700,925,164,97204777.50,56,F1,25,,,,,
2024-06-27,2024-06-27,FO,NSE,IDO,36665,,NIFTY,,2024-07-18,2024-07-18,23350.00,CE,NIFTY2471823350CE,674.70,720.00,643.40,720.00,720.00,642.60,24044.50,904.55,625,0,4,2402037.50,3,F1,25,,,,,
2024-06-27,2024-06-27,FO,NSE,IDO,65204,,NIFTY,,2024-07-25,2024-07-25,23350.00,PE,NIFTY24JUL23350PE,154.30,167.20,121.90,125.70,122.20,151.80,24044.50,125.70,50900,6000,3305,1940994200.00,998,F1,25,,,,,
2024-06-27,2024-06-27,FO,NSE,IDO,64356,,NIFTY,,2024-06-27,2024-06-27,23350.00,CE,NIFTY24JUN23350CE,489.70,711.00,444.20,692.80,694.75,519.10,24044.50,24044.50,522575,-24375,7501,4483364517.50,4431,F1,25,,,,,
2024-06-27,2024-06-27,FO,NSE,IDO,71564,,NIFTY,,2027-06-24,2027-06-24,26000.00,CE,NIFTY27JUN26000CE,0.00,0.00,0.00,1900.85,0.00,1900.85,24044.50,4514.25,0,0,0,0.00,0,F1,25,,,,,
2024-06-27,2024-06-27,FO,NSE,IDO,71383,,NIFTY,,2025-06-26,2025-06-26,26000.00,CE,NIFTY25JUN26000CE,0.00,0.00,0.00,811.85,0.00,811.85,24044.50,1582.15,0,0,0,0.00,0,F1,25,,,,,
2024-06-27,2024-06-27,FO,NSE,IDO,35811,,NIFTY,,2024-07-11,2024-07-11,24200.00,CE,NIFTY2471124200CE,116.00,180.90,106.00,163.75,167.00,125.25,24044.50,163.75,193175,19750,26087,15875850142.50,8550,F1,25,,,,,
2024-06-27,2024-06-27,FO,NSE,IDO,64510,,NIFTY,,2024-06-27,2024-06-27,25500.00,CE,NIFTY24JUN25500CE,0.20,0.30,0.05,0.05,0.05,39.15,24044.50,24044.50,193050,193050,68930,43943164523.75,4460,F1,25,,,,,
2024-06-27,2024-06-27,FO,NSE,IDO,71307,,NIFTY,,2024-06-27,2024-06-27,25000.00,PE,NIFTY24JUN25000PE,1182.90,1208.45,940.40,956.20,956.85,1134.55,24044.50,24044.50,381050,-92950,17485,11389407061.25,6426,F1,25,,,,,
2024-06-27,2024-06-27,FO,NSE,IDO,71382,,NIFTY,,2025-06-26,2025-06-26,25000.00,PE,NIFTY25JUN25000PE,0.00,0.00,0.00,6576.35,0.00,6576.35,24044.50,1243.95,0,0,0,0.00,0,F1,25,,,,,
2024-06-27,2024-06-27,FO,NSE,IDO,41061,,NIFTY,,2024-08-01,2024-08-01,25000.00,PE,NIFTY2480125000PE,0.00,0.00,0.00,1377.30,0.00,1377.30,24044.50,999.00,0,0,0,0.00,0,F1,25,,,,,
2024-06-27,2024-06-27,FO,NSE,IDO,71363,,NIFTY,,2024-12-26,2024-12-26,25000.00,PE,NIFTY24DEC25000PE,1024.95,1037.00,957.00,969.15,962.00,1013.70,24044.50,969.15,378825,30875,4560,2963084710.00,2637,F1,25,,,,,
2024-06-27,2024-06-27,FO,NSE,IDO,71503,,NIFTY,,2026-12-31,2026-12-31,25000.00,CE,NIFTY26DEC25000CE,0.00,0.00,0.00,1811.20,0.00,1811.20,24044.50,4377.70,0,0,0,0.00,0,F1,25,,,,,
2024-06-27,2024-06-27,FO,NSE,IDO,71381,,NIFTY,,2025-06-26,2025-06-26,25000.00,CE,NIFTY25JUN25000CE,0.00,0.00,0.00,1400.00,1400.00,1400.00,24044.50,2046.10,300,0,0,0.00,0,F1,25,,,,,
2024-06-27,2024-06-27,FO,NSE,IDO,71398,,NIFTY,,2025-12-24,2025-12-24,25000.00,PE,NIFTY25DEC25000PE,1210.00,1220.00,1170.00,1185.65,1170.00,1204.00,24044.50,1185.65,10375,1475,75,49132150.00,43,F1,25,,,,,
2024-06-27,2024-06-27,FO,NSE,IDO,69010,,NIFTY,,2024-07-04,2024-07-04,25000.00,CE,NIFTY2470425000CE,2.60,3.35,1.80,2.15,2.20,2.70,24044.50,2.15,5881425,4573800,673495,420976034305.00,65204,F1,25,,,,,
2024-06-27,2024-06-27,FO,NSE,IDO,46864,,NIFTY,,2024-07-04,2024-07-04,23700.00,PE,NIFTY2470423700PE,104.00,118.00,57.10,59.95,58.00,102.05,24044.50,59.95,2295700,1017725,524954,312077161523.75,133891,F1,25,,,,,
2024-06-27,2024-06-27,FO,NSE,IDO,35781,,NIFTY,,2024-07-11,2024-07-11,23750.00,PE,NIFTY2471123750PE,179.55,198.30,127.10,132.45,131.00,176.90,24044.50,132.45,24950,4500,4011,2396946893.75,1217,F1,25,,,,,
2024-06-27,2024-06-27,FO,NSE,IDO,65262,,NIFTY,,2024-07-25,2024-07-25,23750.00,PE,NIFTY24JUL23750PE,274.05,288.35,215.50,223.00,222.90,261.45,24044.50,223.00,36825,-1100,2930,1757830555.00,1137,F1,25,,,,,
2024-06-27,2024-06-27,FO,NSE,IDO,35873,,NIFTY,,2024-07-11,2024-07-11,24950.00,CE,NIFTY2471124950CE,12.00,16.50,7.10,12.70,15.35,10.90,24044.50,12.70,7375,-250,857,534813598.75,280,F1,25,,,,,
2024-06-27,2024-06-27,FO,NSE,IDO,35903,,NIFTY,,2024-07-11,2024-07-11,25250.00,CE,NIFTY2471125250CE,5.80,8.05,4.55,5.20,6.00,5.70,24044.50,5.20,22025,1775,301,190052988.75,86,F1,25,,,,,
2024-06-27,2024-06-27,FO,NSE,IDO,35893,,NIFTY,,2024-07-11,2024-07-11,25100.00,CE,NIFTY2471125100CE,7.35,9.60,6.65,7.10,9.25,7.35,24044.50,7.10,41775,31750,4605,2890529393.75,1563,F1,25,,,,,
2024-06-27,2024-06-27,FO,NSE,IDO,74704,,NIFTY,,2024-08-29,2024-08-29,25100.00,PE,NIFTY24AUG25100PE,0.00,0.00,0.00,2236.05,0.00,2236.05,24044.50,1126.20,0,0,0,0.00,0,F1,25,,,,,
2024-06-27,2024-06-27,FO,NSE,IDO,64346,,NIFTY,,2024-06-27,2024-06-27,23200.00,CE,NIFTY24JUN23200CE,643.90,859.45,592.35,834.95,844.15,670.95,24044.50,24044.50,480425,-170775,13897,8319450735.00,5116,F1,25,,,,,
2024-06-27,2024-06-27,FO,NSE,IDO,64419,,NIFTY,,2024-07-25,2024-07-25,20800.00,PE,NIFTY24JUL20800PE,8.10,9.00,7.85,8.25,8.25,7.85,24044.50,8.25,325450,67375,8765,4559619781.25,2363,F1,25,,,,,
2024-06-27,2024-06-27,FO,NSE,IDO,64336,,NIFTY,,2024-06-27,2024-06-27,23050.00,CE,NIFTY24JUN23050CE,773.75,1007.85,749.20,980.55,994.10,823.30,24044.50,24044.50,23350,-2025,1321,790975550.00,338,F1,25,,,,,
2024-06-27,2024-06-27,FO,NSE,IDO,36649,,NIFTY,,2024-07-18,2024-07-18,23050.00,CE,NIFTY2471823050CE,1040.30,1040.30,1040.30,1040.30,1040.30,773.70,24044.50,1151.75,250,150,6,3613545.00,1,F1,25,,,,,
2024-06-27,2024-06-27,FO,NSE,IDO,36848,,NIFTY,,2024-07-18,2024-07-18,24650.00,CE,NIFTY2471824650CE,0.00,0.00,0.00,146.80,0.00,146.80,24044.50,196.05,0,0,0,0.00,0,F1,25,,,,,
2024-06-27,2024-06-27,FO,NSE,IDO,41013,,NIFTY,,2024-08-01,2024-08-01,24650.00,PE,NIFTY2480124650PE,0.00,0.00,0.00,1106.50,0.00,1106.50,24044.50,759.35,0,0,0,0.00,0,F1,25,,,,,
2024-06-27,2024-06-27,FO,NSE,IDO,64451,,NIFTY,,2024-06-27,2024-06-27,24650.00,CE,NIFTY24JUN24650CE,0.35,0.40,0.05,0.05,0.05,0.50,24044.50,24044.50,427975,183500,313365,193112834712.50,31348,F1,25,,,,,
2024-06-27,2024-06-27,FO,NSE,IDO,71561,,NIFTY,,2027-06-24,2027-06-24,24000.00,PE,NIFTY27JUN24000PE,0.00,0.00,0.00,5056.20,0.00,5056.20,24044.50,843.80,0,0,0,0.00,0,F1,25,,,,,
2024-06-27,2024-06-27,FO,NSE,IDO,41759,,NIFTY,,2024-07-04,2024-07-04,21450.00,PE,NIFTY2470421450PE,2.25,4.50,1.30,3.35,3.00,2.45,24044.50,3.35,30025,26100,2095,1123609303.75,719,F1,25,,,,,
2024-06-27,2024-06-27,FO,NSE,IDO,56641,,NIFTY,,2024-08-29,2024-08-29,20500.00,PE,NIFTY24AUG20500PE,18.00,21.95,17.00,19.40,21.10,17.90,24044.50,19.40,63450,2525,1052,539661072.50,262,F1,25,,,,,
2024-06-27,2024-06-27,FO,NSE,IDO,64323,,NIFTY,,2024-06-27,2024-06-27,22900.00,PE,NIFTY24JUN22900PE,0.45,0.60,0.05,0.05,0.05,1.05,24044.50,24044.50,2168175,-424825,1024375,586463785308.75,73059,F1,25,,,,,
2024-06-27,2024-06-27,FO,NSE,IDO,65048,,NIFTY,,2024-07-25,2024-07-25,22900.00,PE,NIFTY24JUL22900PE,83.55,91.80,65.70,71.25,68.00,81.40,24044.50,71.25,486475,27425,20633,11852767827.50,6691,F1,25,,,,,
2024-06-27,2024-06-27,FO,NSE,IDO,56737,,NIFTY,,2024-08-29,2024-08-29,22900.00,PE,NIFTY24AUG22900PE,168.10,177.95,151.00,152.50,151.00,168.10,24044.50,152.50,20400,-2200,966,556889570.00,226,F1,25,,,,,
2024-06-27,2024-06-27,FO,NSE,IDO,42004,,NIFTY,,2024-07-04,2024-07-04,22900.00,PE,NIFTY2470422900PE,10.50,10.75,6.20,7.80,7.65,10.60,24044.50,7.80,1227300,745250,238501,136588081283.75,48889,F1,25,,,,,
2024-06-27,2024-06-27,FO,NSE,IDO,40867,,NIFTY,,2024-08-01,2024-08-01,22900.00,PE,NIFTY2480122900PE,0.00,0.00,0.00,217.80,0.00,217.80,24044.50,94.20,0,0,0,0.00,0,F1,25,,,,,
2024-06-27,2024-06-27,FO,NSE,IDO,36959,,NIFTY,,2024-07-18,2024-07-18,25550.00,PE,NIFTY2471825550PE,0.00,0.00,0.00,2012.20,0.00,2012.20,24044.50,1440.60,0,0,0,0.00,0,F1,25,,,,,
2024-06-27,2024-06-27,FO,NSE,IDO,69037,,NIFTY,,2024-07-04,2024-07-04,25550.00,PE,NIFTY2470425550PE,0.00,0.00,0.00,2377.05,0.00,2377.05,24044.50,1471.90,0,0,0,0.00,0,F1,25,,,,,
2024-06-27,2024-06-27,FO,NSE,IDO,35916,,NIFTY,,2024-07-11,2024-07-11,25550.00,PE,NIFTY2471125550PE,0.00,0.00,0.00,2562.85,0.00,2562.85,24044.50,1450.20,0,0,0,0.00,0,F1,25,,,,,
2024-06-27,2024-06-27,FO,NSE,IDO,35785,,NIFTY,,2024-07-11,2024-07-11,23850.00,CE,NIFTY2471123850CE,275.90,378.00,255.00,353.60,361.85,289.75,24044.50,353.60,7500,-2725,3537,2136742323.75,1266,F1,25,,,,,
2024-06-27,2024-06-27,FO,NSE,IDO,49560,,NIFTY,,2024-07-04,2024-07-04,23850.00,PE,NIFTY2470423850PE,163.00,179.45,89.50,95.35,91.00,156.10,24044.50,95.35,717700,442975,288650,173027463626.25,82529,F1,25,,,,,
2024-06-27,2024-06-27,FO,NSE,IDO,41831,,NIFTY,,2024-07-04,2024-07-04,21750.00,PE,NIFTY2470421750PE,2.80,9.90,1.70,4.55,3.00,2.70,24044.50,4.55,353750,327000,26824,14588530278.75,4070,F1,25,,,,,
2024-06-27,2024-06-27,FO,NSE,IDO,35559,,NIFTY,,2024-07-11,2024-07-11,21750.00,CE,NIFTY2471121750CE,0.00,0.00,0.00,1319.20,0.00,1319.20,24044.50,2354.00,0,0,0,0.00,0,F1,25,,,,,
2024-06-27,2024-06-27,FO,NSE,IDO,35560,,NIFTY,,2024-07-11,2024-07-11,21750.00,PE,NIFTY2471121750PE,0.00,0.00,0.00,96.30,0.00,96.30,24044.50,0.25,0,0,0,0.00,0,F1,25,,,,,
2024-06-27,2024-06-27,FO,NSE,IDO,36531,,NIFTY,,2024-07-18,2024-07-18,21750.00,PE,NIFTY2471821750PE,14.00,14.00,14.00,14.00,14.00,17.60,24044.50,1.70,25,0,1,544100.00,1,F1,25,,,,,
2024-06-27,2024-06-27,FO,NSE,IDO,64430,,NIFTY,,2024-06-27,2024-06-27,24200.00,CE,NIFTY24JUN24200CE,2.00,15.00,0.05,0.15,0.05,3.60,24044.50,24044.50,11266725,3356375,27663316,16738516159073.75,2816643,F1,25,,,,,
2024-06-27,2024-06-27,FO,NSE,IDO,67775,,NIFTY,,2028-12-28,2028-12-28,20000.00,PE,NIFTY28DEC20000PE,0.00,0.00,0.00,340.05,340.05,340.05,24044.50,240.65,1625,0,0,0.00,0,F1,25,,,,,
2024-06-27,2024-06-27,FO,NSE,IDO,38375,,NIFTY,,2025-06-26,2025-06-26,20000.00,PE,NIFTY25JUN20000PE,159.15,195.00,159.15,185.00,185.00,180.90,24044.50,106.10,458700,50,7,3531582.50,4,F1,25,,,,,
2024-06-27,2024-06-27,FO,NSE,IDO,86144,,NIFTY,,2028-06-29,2028-06-29,20000.00,PE,NIFTY28JUN20000PE,0.00,0.00,0.00,400.00,400.00,400.00,24044.50,242.35,0,0,0,0.00,0,F1,25,,,,,
2024-06-27,2024-06-27,FO,NSE,IDO,53611,,NIFTY,,2027-12-30,2027-12-30,20000.00,PE,NIFTY27DEC20000PE,0.00,0.00,0.00,315.00,315.00,315.00,24044.50,240.55,2600,0,0,0.00,0,F1,25,,,,,
2024-06-27,2024-06-27,FO,NSE,IDO,56734,,NIFTY,,2024-08-29,2024-08-29,22850.00,CE,NIFTY24AUG22850CE,0.00,0.00,0.00,1104.80,1104.80,1104.80,24044.50,1650.40,50,0,0,0.00,0,F1,25,,,,,
2024-06-27,2024-06-27,FO,NSE,IDO,36854,,NIFTY,,2024-07-18,2024-07-18,24700.00,PE,NIFTY2471824700PE,0.00,0.00,0.00,1266.45,0.00,1266.45,24044.50,736.20,0,0,0,0.00,0,F1,25,,,,,
2024-06-27,2024-06-27,FO,NSE,IDO,74678,,NIFTY,,2024-08-29,2024-08-29,24700.00,CE,NIFTY24AUG24700CE,240.00,296.00,220.95,281.60,296.00,241.65,24044.50,281.60,34250,5350,1182,737401603.75,383,F1,25,,,,,
2024-06-27,2024-06-27,FO,NSE,IDO,65205,,NIFTY,,2024-07-25,2024-07-25,23400.00,CE,NIFTY24JUL23400CE,716.65,852.25,689.05,836.95,834.95,736.70,24044.50,836.95,237975,16875,8578,5186507988.75,4848,F1,25,,,,,
2024-06-27,2024-06-27,FO,NSE,IDO,44303,,NIFTY,,2024-07-04,2024-07-04,23400.00,PE,NIFTY2470423400PE,49.40,49.65,23.55,24.50,24.30,42.95,24044.50,24.50,1384625,275975,268061,157025269510.00,67050,F1,25,,,,,
2024-06-27,2024-06-27,FO,NSE,IDO,56647,,NIFTY,,2024-08-29,2024-08-29,20650.00,PE,NIFTY24AUG20650PE,0.00,0.00,0.00,48.45,0.00,48.45,24044.50,5.60,0,0,0,0.00,0,F1,25,,,,,
2024-06-27,2024-06-27,FO,NSE,IDO,36895,,NIFTY,,2024-07-18,2024-07-18,24950.00,CE,NIFTY2471824950CE,57.85,57.85,24.80,31.10,33.50,14.95,24044.50,31.10,1900,950,146,91178593.75,58,F1,25,,,,,
2024-06-27,2024-06-27,FO,NSE,IDO,64135,,NIFTY,,2024-06-27,2024-06-27,20800.00,PE,NIFTY24JUN20800PE,0.25,0.30,0.05,0.10,0.05,0.40,24044.50,24044.50,651050,-1150,13463,7000802796.25,2708,F1,25,,,,,
2024-06-27,2024-06-27,FO,NSE,IDO,41674,,NIFTY,,2024-07-04,2024-07-04,20800.00,CE,NIFTY2470420800CE,0.00,0.00,0.00,2777.20,2786.45,2777.20,24044.50,3272.85,225,0,0,0.00,0,F1,25,,,,,
2024-06-27,2024-06-27,FO,NSE,IDO,41677,,NIFTY,,2024-07-04,2024-07-04,20800.00,PE,NIFTY2470420800PE,1.65,3.05,1.15,1.85,2.50,1.90,24044.50,1.85,358475,349350,30306,15760444158.75,3151,F1,25,,,,,
2024-06-27,2024-06-27,FO,NSE,IDO,65108,,NIFTY,,2024-07-25,2024-07-25,23050.00,PE,NIFTY24JUL23050PE,95.10,110.20,81.95,85.90,82.30,98.45,24044.50,85.90,18975,-10675,2120,1226767550.00,679,F1,25,,,,,
2024-06-27,2024-06-27,FO,NSE,IDO,35706,,NIFTY,,2024-07-11,2024-07-11,23050.00,CE,NIFTY2471123050CE,942.00,1022.30,942.00,1022.30,1022.30,900.00,24044.50,1022.30,650,75,7,4207125.00,3,F1,25,,,,,
2024-06-27,2024-06-27,FO,NSE,IDO,56743,,NIFTY,,2024-08-29,2024-08-29,23050.00,PE,NIFTY24AUG23050PE,168.40,177.90,166.10,171.65,174.40,219.45,24044.50,171.65,1475,200,71,41218390.00,36,F1,25,,,,,
2024-06-27,2024-06-27,FO,NSE,IDO,36850,,NIFTY,,2024-07-18,2024-07-18,24650.00,PE,NIFTY2471824650PE,0.00,0.00,0.00,1226.20,0.00,1226.20,24044.50,700.90,0,0,0,0.00,0,F1,25,,,,,
2024-06-27,2024-06-27,FO,NSE,IDO,35846,,NIFTY,,2024-07-11,2024-07-11,24650.00,PE,NIFTY2471124650PE,0.00,0.00,0.00,760.00,760.00,760.00,24044.50,664.30,75,0,0,0.00,0,F1,25,,,,,
2024-06-27,2024-06-27,FO,NSE,IDO,40887,,NIFTY,,2024-08-01,2024-08-01,23150.00,CE,NIFTY2480123150CE,0.00,0.00,0.00,903.90,0.00,903.90,24044.50,1194.80,0,0,0,0.00,0,F1,25,,,,,
2024-06-27,2024-06-27,FO,NSE,IDO,35738,,NIFTY,,2024-07-11,2024-07-11,23150.00,PE,NIFTY2471123150PE,51.00,53.15,36.25,37.80,37.00,50.90,24044.50,37.80,25050,10750,2864,1660463330.00,735,F1,25,,,,,
2024-06-27,2024-06-27,FO,NSE,IDO,36654,,NIFTY,,2024-07-18,2024-07-18,23150.00,PE,NIFTY2471823150PE,80.45,81.60,80.45,80.95,80.95,321.95,24044.50,77.75,2250,2250,90,52269725.00,18,F1,25,,,,,
2024-06-27,2024-06-27,FO,NSE,IDO,65168,,NIFTY,,2024-07-25,2024-07-25,23150.00,PE,NIFTY24JUL23150PE,104.10,126.45,93.35,98.05,93.50,114.05,24044.50,98.05,21175,8050,1741,1012181903.75,539,F1,25,,,,,
2024-06-27,2024-06-27,FO,NSE,IDO,41644,,NIFTY,,2024-07-04,2024-07-04,20600.00,CE,NIFTY2470420600CE,3370.00,3370.00,3370.00,3370.00,3370.00,2988.75,24044.50,3472.60,175,0,1,599250.00,1,F1,25,,,,,
2024-06-27,2024-06-27,FO,NSE,IDO,65215,,NIFTY,,2024-07-25,2024-07-25,23500.00,CE,NIFTY24JUL23500CE,650.00,773.35,612.90,754.15,760.00,661.00,24044.50,754.15,1814850,180425,47560,28786669331.25,21351,F1,25,,,,,
2024-06-27,2024-06-27,FO,NSE,IDO,74595,,NIFTY,,2024-08-29,2024-08-29,23500.00,CE,NIFTY24AUG23500CE,841.30,986.35,837.00,963.20,986.35,875.90,24044.50,963.20,229975,22475,3779,2307985725.00,2363,F1,25,,,,,
2024-06-27,2024-06-27,FO,NSE,IDO,56645,,NIFTY,,2024-08-29,2024-08-29,20600.00,PE,NIFTY24AUG20600PE,25.00,25.00,25.00,25.00,25.00,25.00,24044.50,5.05,225,25,1,515625.00,1,F1,25,,,,,
2024-06-27,2024-06-27,FO,NSE,IDO,38164,,NIFTY,,2027-12-30,2027-12-30,29000.00,CE,NIFTY27DEC29000CE,0.00,0.00,0.00,1932.55,0.00,1932.55,24044.50,3837.45,0,0,0,0.00,0,F1,25,,,,,
2024-06-27,2024-06-27,FO,NSE,IDO,86167,,NIFTY,,2028-06-29,2028-06-29,29000.00,CE,NIFTY28JUN29000CE,0.00,0.00,0.00,2333.25,0.00,2333.25,24044.50,4462.75,0,0,0,0.00,0,F1,25,,,,,
2024-06-27,2024-06-27,FO,NSE,IDO,45859,,NIFTY,,2024-12-26,2024-12-26,17000.00,PE,NIFTY24DEC17000PE,25.25,25.25,23.15,23.45,24.65,25.20,24044.50,23.45,80225,375,41,17450568.75,17,F1,25,,,,,
2024-06-27,2024-06-27,FO,NSE,IDO,53602,,NIFTY,,2027-12-30,2027-12-30,17000.00,PE,NIFTY27DEC17000PE,128.90,128.90,128.00,128.45,128.00,100.00,24044.50,128.45,14200,0,2,856422.50,2,F1,25,,,,,
2024-06-27,2024-06-27,FO,NSE,IDO,65032,,NIFTY,,2024-07-25,2024-07-25,22750.00,CE,NIFTY24JUL22750CE,1299.00,1363.35,1299.00,1356.70,1350.00,1141.95,24044.50,1356.70,5800,100,4,2407783.75,3,F1,25,,,,,
2024-06-27,2024-06-27,FO,NSE,IDO,64310,,NIFTY,,2024-06-27,2024-06-27,22750.00,CE,NIFTY24JUN22750CE,1077.00,1307.40,1047.85,1288.20,1295.55,1123.20,24044.50,24044.50,38225,-4150,529,316539537.50,230,F1,25,,,,,
2024-06-27,2024-06-27,FO,NSE,IDO,53613,,NIFTY,,2027-12-30,2027-12-30,21000.00,CE,NIFTY27DEC21000CE,0.00,0.00,0.00,4902.40,0.00,4902.40,24044.50,8136.65,0,0,0,0.00,0,F1,25,,,,,
2024-06-27,2024-06-27,FO,NSE,IDO,71553,,NIFTY,,2027-06-24,2027-06-24,21000.00,CE,NIFTY27JUN21000CE,0.00,0.00,0.00,3061.80,0.00,3061.80,24044.50,7507.90,0,0,0,0.00,0,F1,25,,,,,
2024-06-27,2024-06-27,FO,NSE,IDO,74719,,NIFTY,,2024-08-29,2024-08-29,25450.00,PE,NIFTY24AUG25450PE,0.00,0.00,0.00,2553.30,0.00,2553.30,24044.50,1372.15,0,0,0,0.00,0,F1,25,,,,,
2024-06-27,2024-06-27,FO,NSE,IDO,64508,,NIFTY,,2024-06-27,2024-06-27,25450.00,CE,NIFTY24JUN25450CE,0.25,0.35,0.05,0.05,0.05,0.30,24044.50,24044.50,185200,10725,77299,49181856301.25,5213,F1,25,,,,,
2024-06-27,2024-06-27,FO,NSE,IDO,69033,,NIFTY,,2024-07-04,2024-07-04,25450.00,PE,NIFTY2470425450PE,0.00,0.00,0.00,2280.00,0.00,2280.00,24044.50,1372.80,0,0,0,0.00,0,F1,25,,,,,
2024-06-27,2024-06-27,FO,NSE,IDO,37757,,NIFTY,,2024-06-27,2024-06-27,20000.00,CE,NIFTY24JUN20000CE,3840.05,4065.05,3800.05,4042.50,4049.95,3874.85,24044.50,24044.50,609675,-1550,10507,6296322123.75,3762,F1,25,,,,,
2024-06-27,2024-06-27,FO,NSE,IDO,53607,,NIFTY,,2027-12-30,2027-12-30,20000.00,CE,NIFTY27DEC20000CE,0.00,0.00,0.00,5333.85,0.00,5333.85,24044.50,8810.75,0,0,0,0.00,0,F1,25,,,,,
2024-06-27,2024-06-27,FO,NSE,IDO,69009,,NIFTY,,2024-07-04,2024-07-04,24950.00,PE,NIFTY2470424950PE,0.00,0.00,0.00,1181.35,1179.75,1181.35,24044.50,888.65,925,0,0,0.00,0,F1,25,,,,,
2024-06-27,2024-06-27,FO,NSE,IDO,64496,,NIFTY,,2024-06-27,2024-06-27,25250.00,CE,NIFTY24JUN25250CE,0.15,0.30,0.05,0.05,0.05,0.15,24044.50,24044.50,443850,117875,88695,55989055165.00,6521,F1,25,,,,,
2024-06-27,2024-06-27,FO,NSE,IDO,56692,,NIFTY,,2024-08-29,2024-08-29,21800.00,CE,NIFTY24AUG21800CE,0.00,0.00,0.00,1904.00,1904.00,1904.00,24044.50,2560.15,50,0,0,0.00,0,F1,25,,,,,
2024-06-27,2024-06-27,FO,NSE,IDO,67770,,NIFTY,,2028-12-28,2028-12-28,18000.00,CE,NIFTY28DEC18000CE,0.00,0.00,0.00,9380.30,0.00,9380.30,24044.50,11213.35,0,0,0,0.00,0,F1,25,,,,,
2024-06-27,2024-06-27,FO,NSE,IDO,55120,,NIFTY,,2025-06-26,2025-06-26,18000.00,PE,NIFTY25JUN18000PE,0.00,0.00,0.00,110.05,110.05,110.05,24044.50,21.30,300,0,0,0.00,0,F1,25,,,,,
2024-06-27,2024-06-27,FO,NSE,IDO,58641,,NIFTY,,2026-12-31,2026-12-31,18000.00,PE,NIFTY26DEC18000PE,124.00,124.00,124.00,124.00,124.00,160.00,24044.50,85.20,5950,-50,2,906200.00,1,F1,25,,,,,
2024-06-27,2024-06-27,FO,NSE,IDO,55117,,NIFTY,,2024-12-26,2024-12-26,18000.00,CE,NIFTY24DEC18000CE,6225.00,6379.00,6205.50,6330.80,6367.95,6269.15,24044.50,6330.80,70550,7050,449,272706216.25,391,F1,25,,,,,
2024-06-27,2024-06-27,FO,NSE,IDO,50557,,NIFTY,,2026-06-25,2026-06-25,18000.00,PE,NIFTY26JUN18000PE,0.00,0.00,0.00,3088.05,0.00,3088.05,24044.50,67.30,0,0,0,0.00,0,F1,25,,,,,
2024-06-27,2024-06-27,FO,NSE,IDO,64552,,NIFTY,,2025-03-27,2025-03-27,18000.00,CE,NIFTY25MAR18000CE,0.00,0.00,0.00,5634.60,0.00,5634.60,24044.50,7012.60,0,0,0,0.00,0,F1,25,,,,,
2024-06-27,2024-06-27,FO,NSE,IDO,86139,,NIFTY,,2028-06-29,2028-06-29,18000.00,CE,NIFTY28JUN18000CE,0.00,0.00,0.00,6809.35,0.00,6809.35,24044.50,10729.20,0,0,0,0.00,0,F1,25,,,,,
2024-06-27,2024-06-27,FO,NSE,IDO,36922,,NIFTY,,2024-07-18,2024-07-18,25300.00,PE,NIFTY2471825300PE,0.00,0.00,0.00,1782.90,0.00,1782.90,24044.50,1216.85,0,0,0,0.00,0,F1,25,,,,,
2024-06-27,2024-06-27,FO,NSE,IDO,35906,,NIFTY,,2024-07-11,2024-07-11,25300.00,PE,NIFTY2471125300PE,0.00,0.00,0.00,2321.80,0.00,2321.80,24044.50,1214.85,0,0,0,0.00,0,F1,25,,,,,
2024-06-27,2024-06-27,FO,NSE,IDO,74712,,NIFTY,,2024-08-29,2024-08-29,25300.00,CE,NIFTY24AUG25300CE,80.85,112.35,80.85,106.45,108.45,89.80,24044.50,106.45,30975,15200,1660,1054086448.75,531,F1,25,,,,,
2024-06-27,2024-06-27,FO,NSE,IDO,35905,,NIFTY,,2024-07-11,2024-07-11,25300.00,CE,NIFTY2471125300CE,4.80,5.55,4.20,4.45,4.30,4.65,24044.50,4.45,127300,50850,9392,5941594317.50,2594,F1,25,,,,,
2024-06-27,2024-06-27,FO,NSE,IDO,38377,,NIFTY,,2025-12-24,2025-12-24,20000.00,PE,NIFTY25DEC20000PE,225.00,270.00,225.00,240.00,240.00,211.20,24044.50,240.00,5950,50,20,10123545.00,11,F1,25,,,,,
2024-06-27,2024-06-27,FO,NSE,IDO,64557,,NIFTY,,2025-03-27,2025-03-27,20000.00,PE,NIFTY25MAR20000PE,0.00,0.00,0.00,170.00,170.00,170.00,24044.50,72.00,375,0,0,0.00,0,F1,25,,,,,
2024-06-27,2024-06-27,FO,NSE,IDO,64272,,NIFTY,,2024-06-27,2024-06-27,22200.00,PE,NIFTY24JUN22200PE,0.15,0.40,0.05,0.05,0.10,0.55,24044.50,24044.50,718950,-54675,59106,32804076075.00,8483,F1,25,,,,,
2024-06-27,2024-06-27,FO,NSE,IDO,40852,,NIFTY,,2024-08-01,2024-08-01,22750.00,CE,NIFTY2480122750CE,0.00,0.00,0.00,1187.10,0.00,1187.10,24044.50,1526.90,0,0,0,0.00,0,F1,25,,,,,
2024-06-27,2024-06-27,FO,NSE,IDO,49577,,NIFTY,,2024-07-04,2024-07-04,23950.00,PE,NIFTY2470423950PE,208.55,233.40,120.25,127.25,123.00,201.35,24044.50,127.25,805725,753900,325044,195880210112.50,94100,F1,25,,,,,
2024-06-27,2024-06-27,FO,NSE,IDO,50979,,NIFTY,,2026-12-31,2026-12-31,27000.00,PE,NIFTY26DEC27000PE,0.00,0.00,0.00,6522.30,0.00,6522.30,24044.50,1804.40,0,0,0,0.00,0,F1,25,,,,,
2024-06-27,2024-06-27,FO,NSE,IDO,50966,,NIFTY,,2024-12-26,2024-12-26,27000.00,CE,NIFTY24DEC27000CE,101.00,111.65,95.00,104.10,104.00,101.05,24044.50,104.10,429750,20100,3119,2113423265.00,1611,F1,25,,,,,
2024-06-27,2024-06-27,FO,NSE,IDO,50964,,NIFTY,,2024-06-27,2024-06-27,27000.00,CE,NIFTY24JUN27000CE,0.20,0.30,0.05,0.05,0.05,0.25,24044.50,24044.50,2860100,-226650,174486,117778623898.75,8086,F1,25,,,,,
2024-06-27,2024-06-27,FO,NSE,IDO,65315,,NIFTY,,2024-07-25,2024-07-25,24100.00,CE,NIFTY24JUL24100CE,274.55,367.90,262.60,349.25,349.95,291.35,24044.50,349.25,307025,153875,31501,19234131255.00,9295,F1,25,,,,,
2024-06-27,2024-06-27,FO,NSE,IDO,51405,,NIFTY,,2024-07-04,2024-07-04,24100.00,PE,NIFTY2470424100PE,305.00,342.25,183.05,192.70,189.00,288.85,24044.50,192.70,692975,631675,199495,121296696198.75,57666,F1,25,,,,,
2024-06-27,2024-06-27,FO,NSE,IDO,40946,,NIFTY,,2024-08-01,2024-08-01,24100.00,PE,NIFTY2480124100PE,570.30,570.30,382.10,412.65,385.60,737.70,24044.50,412.65,525,525,27,16553921.25,16,F1,25,,,,,
2024-06-27,2024-06-27,FO,NSE,IDO,36524,,NIFTY,,2024-07-18,2024-07-18,21700.00,CE,NIFTY2471821700CE,0.00,0.00,0.00,1884.05,0.00,1884.05,24044.50,2434.50,0,0,0,0.00,0,F1,25,,,,,
2024-06-27,2024-06-27,FO,NSE,IDO,64833,,NIFTY,,2024-07-25,2024-07-25,21700.00,CE,NIFTY24JUL21700CE,2252.25,2436.00,2224.00,2403.60,2436.00,2280.00,24044.50,2403.60,6800,2750,123,73930617.50,39,F1,25,,,,,
2024-06-27,2024-06-27,FO,NSE,IDO,56688,,NIFTY,,2024-08-29,2024-08-29,21700.00,CE,NIFTY24AUG21700CE,0.00,0.00,0.00,1017.85,1017.85,1017.85,24044.50,2652.85,0,0,0,0.00,0,F1,25,,,,,
2024-06-27,2024-06-27,FO,NSE,IDO,36616,,NIFTY,,2024-07-18,2024-07-18,22750.00,CE,NIFTY2471822750CE,1207.50,1316.45,1207.50,1260.25,1260.25,1001.95,24044.50,1419.40,525,525,29,17409348.75,15,F1,25,,,,,
2024-06-27,2024-06-27,FO,NSE,IDO,36601,,NIFTY,,2024-07-18,2024-07-18,22700.00,PE,NIFTY2471822700PE,38.65,42.65,29.10,31.20,30.35,34.45,24044.50,31.20,22200,-9075,1016,577478491.25,353,F1,25,,,,,
2024-06-27,2024-06-27,FO,NSE,IDO,74671,,NIFTY,,2024-08-29,2024-08-29,24600.00,PE,NIFTY24AUG24600PE,0.00,0.00,0.00,1060.70,1060.70,1060.70,24044.50,817.45,150,0,0,0.00,0,F1,25,,,,,
2024-06-27,2024-06-27,FO,NSE,IDO,65902,,NIFTY,,2024-09-26,2024-09-26,24000.00,PE,NIFTY24SEP24000PE,539.95,546.75,468.00,478.50,468.60,521.30,24044.50,478.50,254825,15275,12403,7594926711.25,7400,F1,25,,,,,
2024-06-27,2024-06-27,FO,NSE,IDO,71472,,NIFTY,,2026-06-25,2026-06-25,24000.00,CE,NIFTY26JUN24000CE,0.00,0.00,0.00,1698.30,0.00,1698.30,24044.50,4196.50,0,0,0,0.00,0,F1,25,,,,,
2024-06-27,2024-06-27,FO,NSE,IDO,35587,,NIFTY,,2024-07-11,2024-07-11,22000.00,CE,NIFTY2471122000CE,1945.80,1970.00,1926.45,1970.00,1970.00,1500.00,24044.50,2105.20,475,225,9,5386475.00,3,F1,25,,,,,
2024-06-27,2024-06-27,FO,NSE,IDO,65580,,NIFTY,,2024-07-25,2024-07-25,25150.00,CE,NIFTY24JUL25150CE,26.25,39.90,25.60,34.85,36.25,29.15,24044.50,34.85,32975,5925,1313,826620811.25,523,F1,25,,,,,
2024-06-27,2024-06-27,FO,NSE,IDO,53616,,NIFTY,,2027-12-30,2027-12-30,22000.00,CE,NIFTY27DEC22000CE,0.00,0.00,0.00,4499.55,0.00,4499.55,24044.50,7488.60,0,0,0,0.00,0,F1,25,,,,,
2024-06-27,2024-06-27,FO,NSE,IDO,64567,,NIFTY,,2025-03-27,2025-03-27,24000.00,PE,NIFTY25MAR24000PE,0.00,0.00,0.00,1270.15,0.00,1270.15,24044.50,820.65,0,0,0,0.00,0,F1,25,,,,,
2024-06-27,2024-06-27,FO,NSE,IDO,71557,,NIFTY,,2027-06-24,2027-06-24,22000.00,PE,NIFTY27JUN22000PE,0.00,0.00,0.00,3995.40,0.00,3995.40,24044.50,472.75,0,0,0,0.00,0,F1,25,,,,,
2024-06-27,2024-06-27,FO,NSE,IDO,36548,,NIFTY,,2024-07-18,2024-07-18,22000.00,CE,NIFTY2471822000CE,0.00,0.00,0.00,1611.85,0.00,1611.85,24044.50,2138.25,0,0,0,0.00,0,F1,25,,,,,
2024-06-27,2024-06-27,FO,NSE,IDO,35804,,NIFTY,,2024-07-11,2024-07-11,24000.00,PE,NIFTY2471124000PE,284.55,316.95,210.00,218.35,214.05,281.80,24044.50,218.35,331000,239725,49683,30112126908.75,18165,F1,25,,,,,
2024-06-27,2024-06-27,FO,NSE,IDO,64566,,NIFTY,,2025-03-27,2025-03-27,24000.00,CE,NIFTY25MAR24000CE,1727.00,1727.00,1650.00,1678.00,1678.00,1651.05,24044.50,1678.00,1300,975,45,28883000.00,39,F1,25,,,,,
2024-06-27,2024-06-27,FO,NSE,IDO,74627,,NIFTY,,2024-08-29,2024-08-29,24000.00,CE,NIFTY24AUG24000CE,533.00,646.95,525.00,631.65,625.00,558.00,24044.50,631.65,374025,61950,14611,8985117833.75,6552,F1,25,,,,,
2024-06-27,2024-06-27,FO,NSE,IDO,41850,,NIFTY,,2024-07-04,2024-07-04,22000.00,CE,NIFTY2470422000CE,1850.00,2050.00,1850.00,2026.45,2041.00,1899.80,24044.50,2026.45,27125,16425,879,526579771.25,314,F1,25,,,,,
2024-06-27,2024-06-27,FO,NSE,IDO,41574,,NIFTY,,2024-07-04,2024-07-04,20300.00,CE,NIFTY2470420300CE,0.00,0.00,0.00,3288.80,3296.20,3288.80,24044.50,3772.20,125,0,0,0.00,0,F1,25,,,,,
2024-06-27,2024-06-27,FO,NSE,IDO,64087,,NIFTY,,2024-06-27,2024-06-27,20300.00,PE,NIFTY24JUN20300PE,0.20,0.20,0.05,0.10,0.10,0.30,24044.50,24044.50,204925,-47750,21063,10689522460.00,2355,F1,25,,,,,
2024-06-27,2024-06-27,FO,NSE,IDO,71548,,NIFTY,,2027-06-24,2027-06-24,18000.00,PE,NIFTY27JUN18000PE,0.00,0.00,0.00,264.20,264.20,264.20,24044.50,97.60,25,0,0,0.00,0,F1,25,,,,,
2024-06-27,2024-06-27,FO,NSE,IDO,55122,,NIFTY,,2025-12-24,2025-12-24,18000.00,PE,NIFTY25DEC18000PE,69.40,123.95,69.40,123.95,123.95,112.10,24044.50,45.40,2975,0,5,2263321.25,5,F1,25,,,,,
2024-06-27,2024-06-27,FO,NSE,IDO,71547,,NIFTY,,2027-06-24,2027-06-24,18000.00,CE,NIFTY27JUN18000CE,0.00,0.00,0.00,4066.45,0.00,4066.45,24044.50,9677.95,0,0,0,0.00,0,F1,25,,,,,
2024-06-27,2024-06-27,FO,NSE,IDO,58640,,NIFTY,,2026-12-31,2026-12-31,18000.00,CE,NIFTY26DEC18000CE,0.00,0.00,0.00,4501.45,0.00,4501.45,24044.50,9149.65,0,0,0,0.00,0,F1,25,,,,,
2024-06-27,2024-06-27,FO,NSE,IDO,35737,,NIFTY,,2024-07-11,2024-07-11,23150.00,CE,NIFTY2471123150CE,868.15,978.30,868.15,945.75,929.45,687.65,24044.50,945.75,575,125,5,3008087.50,4,F1,25,,,,,
2024-06-27,2024-06-27,FO,NSE,IDO,36704,,NIFTY,,2024-07-18,2024-07-18,23800.00,PE,NIFTY2471823800PE,250.20,263.45,189.65,196.45,190.25,244.05,24044.50,196.45,24000,12675,3321,1994203407.50,615,F1,25,,,,,
2024-06-27,2024-06-27,FO,NSE,IDO,69003,,NIFTY,,2024-07-04,2024-07-04,24850.00,PE,NIFTY2470424850PE,0.00,0.00,0.00,1081.65,1081.35,1081.65,24044.50,796.50,1225,0,0,0.00,0,F1,25,,,,,
2024-06-27,2024-06-27,FO,NSE,IDO,35782,,NIFTY,,2024-07-11,2024-07-11,23800.00,CE,NIFTY2471123800CE,311.95,412.25,280.60,387.55,398.00,320.70,24044.50,387.55,97900,21075,18258,11023719021.25,7532,F1,25,,,,,
2024-06-27,2024-06-27,FO,NSE,IDO,58638,,NIFTY,,2026-12-31,2026-12-31,17000.00,CE,NIFTY26DEC17000CE,0.00,0.00,0.00,4955.10,0.00,4955.10,24044.50,9945.05,0,0,0,0.00,0,F1,25,,,,,
2024-06-27,2024-06-27,FO,NSE,IDO,65840,,NIFTY,,2024-09-26,2024-09-26,17000.00,PE,NIFTY24SEP17000PE,0.00,0.00,0.00,103.70,0.00,103.70,24044.50,0.00,0,0,0,0.00,0,F1,25,,,,,
2024-06-27,2024-06-27,FO,NSE,IDO,64453,,NIFTY,,2024-07-25,2024-07-25,20900.00,PE,NIFTY24JUL20900PE,9.05,10.10,8.70,9.50,9.40,8.60,24044.50,9.50,125125,10875,9596,5016114233.75,1600,F1,25,,,,,
2024-06-27,2024-06-27,FO,NSE,IDO,35695,,NIFTY,,2024-07-11,2024-07-11,22900.00,PE,NIFTY2471122900PE,30.20,31.25,21.50,22.55,26.35,30.50,24044.50,22.55,146150,9550,13147,7534792620.00,4866,F1,25,,,,,
2024-06-27,2024-06-27,FO,NSE,IDO,35694,,NIFTY,,2024-07-11,2024-07-11,22900.00,CE,NIFTY2471122900CE,1128.00,1147.75,1058.00,1145.00,1145.00,978.00,24044.50,1228.35,625,100,7,4200868.75,6,F1,25,,,,,
2024-06-27,2024-06-27,FO,NSE,IDO,56729,,NIFTY,,2024-08-29,2024-08-29,22700.00,PE,NIFTY24AUG22700PE,141.25,142.05,123.00,125.00,123.00,137.00,24044.50,125.00,43250,10775,1228,700888927.50,274,F1,25,,,,,
2024-06-27,2024-06-27,FO,NSE,IDO,35687,,NIFTY,,2024-07-11,2024-07-11,22700.00,PE,NIFTY2471122700PE,21.50,23.65,14.80,15.65,15.95,21.40,24044.50,15.65,144925,97000,12712,7219339200.00,3183,F1,25,,,,,
2024-06-27,2024-06-27,FO,NSE,IDO,56679,,NIFTY,,2024-08-29,2024-08-29,21450.00,PE,NIFTY24AUG21450PE,0.00,0.00,0.00,46.15,46.15,46.15,24044.50,24.30,1500,0,0,0.00,0,F1,25,,,,,
2024-06-27,2024-06-27,FO,NSE,IDO,56640,,NIFTY,,2024-08-29,2024-08-29,20500.00,CE,NIFTY24AUG20500CE,3600.00,3634.25,3550.00,3627.35,3634.25,3485.85,24044.50,3627.35,4025,1850,74,44604656.25,16,F1,25,,,,,
2024-06-27,2024-06-27,FO,NSE,IDO,41620,,NIFTY,,2024-07-04,2024-07-04,20450.00,PE,NIFTY2470420450PE,1.75,1.80,0.80,0.90,1.40,1.75,24044.50,0.90,55100,49025,4853,2481208358.75,396,F1,25,,,,,
2024-06-27,2024-06-27,FO,NSE,IDO,56685,,NIFTY,,2024-08-29,2024-08-29,21600.00,PE,NIFTY24AUG21600PE,47.00,47.00,41.75,42.10,42.10,47.00,24044.50,31.00,9525,75,55,29758578.75,10,F1,25,,,,,
2024-06-27,2024-06-27,FO,NSE,IDO,41781,,NIFTY,,2024-07-04,2024-07-04,21600.00,CE,NIFTY2470421600CE,2404.70,2451.00,2395.80,2445.85,2451.00,2163.30,24044.50,2445.85,575,-425,58,34820777.50,22,F1,25,,,,,
2024-06-27,2024-06-27,FO,NSE,IDO,67777,,NIFTY,,2028-12-28,2028-12-28,21000.00,PE,NIFTY28DEC21000PE,0.00,0.00,0.00,479.05,479.05,479.05,24044.50,329.30,1175,0,0,0.00,0,F1,25,,,,,
2024-06-27,2024-06-27,FO,NSE,IDO,71554,,NIFTY,,2027-06-24,2027-06-24,21000.00,PE,NIFTY27JUN21000PE,500.00,500.00,500.00,500.00,500.00,373.05,24044.50,338.25,200,-25,1,537500.00,1,F1,25,,,,,
2024-06-27,2024-06-27,FO,NSE,IDO,64561,,NIFTY,,2025-03-27,2025-03-27,21000.00,PE,NIFTY25MAR21000PE,0.00,0.00,0.00,150.05,150.05,150.05,24044.50,153.85,3275,0,0,0.00,0,F1,25,,,,,
2024-06-27,2024-06-27,FO,NSE,IDO,56661,,NIFTY,,2024-08-29,2024-08-29,21000.00,PE,NIFTY24AUG21000PE,26.80,35.35,26.00,28.80,28.00,26.55,24044.50,28.80,298800,98575,14236,7484760451.25,2557,F1,25,,,,,
2024-06-27,2024-06-27,FO,NSE,IDO,51450,,NIFTY,,2025-06-26,2025-06-26,21000.00,PE,NIFTY25JUN21000PE,250.00,250.00,250.00,250.00,250.00,280.00,24044.50,201.60,575,25,1,531250.00,1,F1,25,,,,,
2024-06-27,2024-06-27,FO,NSE,IDO,51452,,NIFTY,,2025-12-24,2025-12-24,21000.00,PE,NIFTY25DEC21000PE,305.00,305.00,305.00,305.00,305.00,323.60,24044.50,267.55,3825,50,3,1597875.00,3,F1,25,,,,,
2024-06-27,2024-06-27,FO,NSE,IDO,51455,,NIFTY,,2026-06-25,2026-06-25,21000.00,PE,NIFTY26JUN21000PE,0.00,0.00,0.00,3065.60,0.00,3065.60,24044.50,306.90,0,0,0,0.00,0,F1,25,,,,,
2024-06-27,2024-06-27,FO,NSE,IDO,64485,,NIFTY,,2024-07-25,2024-07-25,21000.00,PE,NIFTY24JUL21000PE,10.05,12.45,9.80,11.85,12.35,10.00,24044.50,11.85,1791725,564850,60557,31809532538.75,15899,F1,25,,,,,
2024-06-27,2024-06-27,FO,NSE,IDO,41699,,NIFTY,,2024-07-04,2024-07-04,21000.00,CE,NIFTY2470421000CE,2870.00,3042.25,2860.00,3001.60,3042.25,2900.00,24044.50,3001.60,7825,2175,90,53940467.50,69,F1,25,,,,,
2024-06-27,2024-06-27,FO,NSE,IDO,64150,,NIFTY,,2024-07-25,2024-07-25,20300.00,CE,NIFTY24JUL20300CE,3625.00,4160.45,3625.00,3958.85,4160.45,3660.00,24044.50,3958.85,7175,1650,165,98858936.25,20,F1,25,,,,,
2024-06-27,2024-06-27,FO,NSE,IDO,55118,,NIFTY,,2024-12-26,2024-12-26,18000.00,PE,NIFTY24DEC18000PE,34.05,37.90,31.50,34.70,34.20,32.70,24044.50,34.70,542700,7700,1380,622170278.75,624,F1,25,,,,,
2024-06-27,2024-06-27,FO,NSE,IDO,56668,,NIFTY,,2024-08-29,2024-08-29,21200.00,CE,NIFTY24AUG21200CE,0.00,0.00,0.00,1777.75,0.00,1777.75,24044.50,3126.15,0,0,0,0.00,0,F1,25,,,,,
2024-06-27,2024-06-27,FO,NSE,IDO,65270,,NIFTY,,2024-07-25,2024-07-25,23900.00,PE,NIFTY24JUL23900PE,325.00,350.00,261.00,271.00,261.00,318.20,24044.50,271.00,413450,162475,47379,28668622450.00,16834,F1,25,,,,,
2024-06-27,2024-06-27,FO,NSE,IDO,74642,,NIFTY,,2024-08-29,2024-08-29,24150.00,PE,NIFTY24AUG24150PE,0.00,0.00,0.00,1440.75,0.00,1440.75,24044.50,586.50,0,0,0,0.00,0,F1,25,,,,,
2024-06-27,2024-06-27,FO,NSE,IDO,54495,,NIFTY,,2024-07-04,2024-07-04,24150.00,CE,NIFTY2470424150CE,77.50,127.30,58.65,109.40,111.40,76.90,24044.50,109.40,533775,354575,247460,149986943732.50,71612,F1,25,,,,,
2024-06-27,2024-06-27,FO,NSE,IDO,64428,,NIFTY,,2024-06-27,2024-06-27,24150.00,CE,NIFTY24JUN24150CE,5.65,27.00,0.05,0.30,0.05,5.65,24044.50,24044.50,10115775,5747775,29020218,17524529505030.00,3397189,F1,25,,,,,
2024-06-27,2024-06-27,FO,NSE,IDO,64499,,NIFTY,,2024-06-27,2024-06-27,25300.00,PE,NIFTY24JUN25300PE,0.00,0.00,0.00,1771.25,1771.25,1771.25,24044.50,24044.50,275,0,0,0.00,0,F1,25,,,,,
2024-06-27,2024-06-27,FO,NSE,IDO,65550,,NIFTY,,2024-07-25,2024-07-25,25000.00,CE,NIFTY24JUL25000CE,44.00,59.25,30.00,52.40,54.95,43.85,24044.50,52.40,2096200,419950,117693,73702398863.75,31496,F1,25,,,,,
2024-06-27,2024-06-27,FO,NSE,IDO,65903,,NIFTY,,2024-09-26,2024-09-26,25000.00,CE,NIFTY24SEP25000CE,273.00,297.55,243.00,286.10,292.00,262.10,24044.50,286.10,766875,-50,8082,5106608936.25,3075,F1,25,,,,,
2024-06-27,2024-06-27,FO,NSE,IDO,35880,,NIFTY,,2024-07-11,2024-07-11,25000.00,PE,NIFTY2471125000PE,1030.00,1095.00,945.00,948.90,950.00,1076.00,24044.50,948.90,7750,7350,360,233634626.25,50,F1,25,,,,,
2024-06-27,2024-06-27,FO,NSE,IDO,71563,,NIFTY,,2027-06-24,2027-06-24,25000.00,PE,NIFTY27JUN25000PE,0.00,0.00,0.00,5619.05,0.00,5619.05,24044.50,1084.10,0,0,0,0.00,0,F1,25,,,,,
2024-06-27,2024-06-27,FO,NSE,IDO,65565,,NIFTY,,2024-07-25,2024-07-25,25000.00,PE,NIFTY24JUL25000PE,1070.40,1118.80,930.45,949.40,948.40,1059.90,24044.50,949.40,898575,277150,30560,19863130487.50,14515,F1,25,,,,,
2024-06-27,2024-06-27,FO,NSE,IDO,65257,,NIFTY,,2024-07-25,2024-07-25,23750.00,CE,NIFTY24JUL23750CE,470.95,583.00,453.30,574.65,568.60,489.70,24044.50,574.65,29875,5125,1887,1145551617.50,665,F1,25,,,,,
2024-06-27,2024-06-27,FO,NSE,IDO,64396,,NIFTY,,2024-06-27,2024-06-27,23750.00,CE,NIFTY24JUN23750CE,132.00,314.45,90.00,288.10,294.10,151.85,24044.50,24044.50,813750,-541850,1744391,1043083293063.75,574507,F1,25,,,,,
2024-06-27,2024-06-27,FO,NSE,IDO,47637,,NIFTY,,2024-07-04,2024-07-04,23750.00,PE,NIFTY2470423750PE,127.50,136.35,66.85,70.20,67.50,118.20,24044.50,70.20,535725,296725,165573,98695112475.00,47034,F1,25,,,,,
2024-06-27,2024-06-27,FO,NSE,IDO,64397,,NIFTY,,2024-06-27,2024-06-27,23750.00,PE,NIFTY24JUN23750PE,35.10,50.00,0.05,0.30,0.05,32.25,24044.50,24044.50,4743525,1277625,20533128,12196226238752.50,2681226,F1,25,,,,,
2024-06-27,2024-06-27,FO,NSE,IDO,41761,,NIFTY,,2024-07-04,2024-07-04,21500.00,PE,NIFTY2470421500PE,2.30,3.35,1.50,2.25,2.75,2.45,24044.50,2.25,1137325,980550,85344,45876766218.75,9247,F1,25,,,,,
2024-06-27,2024-06-27,FO,NSE,IDO,69006,,NIFTY,,2024-07-04,2024-07-04,24950.00,CE,NIFTY2470424950CE,2.95,3.85,1.90,2.30,2.00,2.70,24044.50,2.30,219550,118600,38606,24083040811.25,7786,F1,25,,,,,
2024-06-27,2024-06-27,FO,NSE,IDO,65549,,NIFTY,,2024-07-25,2024-07-25,24950.00,PE,NIFTY24JUL24950PE,965.50,965.50,925.00,925.00,925.00,1132.05,24044.50,947.15,2475,0,7,4530880.00,5,F1,25,,,,,
2024-06-27,2024-06-27,FO,NSE,IDO,65600,,NIFTY,,2024-07-25,2024-07-25,25250.00,CE,NIFTY24JUL25250CE,22.85,32.20,18.45,26.80,28.30,23.05,24044.50,26.80,28500,8375,2571,1624649373.75,831,F1,25,,,,,
2024-06-27,2024-06-27,FO,NSE,IDO,35904,,NIFTY,,2024-07-11,2024-07-11,25250.00,PE,NIFTY2471125250PE,0.00,0.00,0.00,2274.00,0.00,2274.00,24044.50,1168.85,0,0,0,0.00,0,F1,25,,,,,
2024-06-27,2024-06-27,FO,NSE,IDO,41780,,NIFTY,,2024-07-04,2024-07-04,21550.00,PE,NIFTY2470421550PE,2.20,4.40,1.50,3.30,2.50,2.50,24044.50,3.30,33925,30525,4044,2179002422.50,989,F1,25,,,,,
2024-06-27,2024-06-27,FO,NSE,IDO,63916,,NIFTY,,2024-07-04,2024-07-04,24450.00,PE,NIFTY2470424450PE,596.65,614.50,420.65,429.95,431.05,569.35,24044.50,429.95,7225,5375,921,574393936.25,389,F1,25,,,,,
2024-06-27,2024-06-27,FO,NSE,IDO,36822,,NIFTY,,2024-07-18,2024-07-18,24450.00,CE,NIFTY2471824450CE,0.00,0.00,0.00,190.65,0.00,190.65,24044.50,262.75,0,0,0,0.00,0,F1,25,,,,,
2024-06-27,2024-06-27,FO,NSE,IDO,45801,,NIFTY,,2024-07-04,2024-07-04,23600.00,CE,NIFTY2470423600CE,360.00,501.80,317.60,481.75,486.40,378.80,24044.50,481.75,386125,-208550,73427,44082310326.25,30692,F1,25,,,,,
2024-06-27,2024-06-27,FO,NSE,IDO,65240,,NIFTY,,2024-07-25,2024-07-25,23600.00,PE,NIFTY24JUL23600PE,221.95,236.75,173.75,181.70,174.00,213.80,24044.50,181.70,1579450,43600,45273,26943357417.50,16262,F1,25,,,,,
2024-06-27,2024-06-27,FO,NSE,IDO,56696,,NIFTY,,2024-08-29,2024-08-29,21900.00,CE,NIFTY24AUG21900CE,0.00,0.00,0.00,1817.95,1817.75,1817.95,24044.50,2468.25,100,0,0,0.00,0,F1,25,,,,,
2024-06-27,2024-06-27,FO,NSE,IDO,64866,,NIFTY,,2024-07-25,2024-07-25,21900.00,PE,NIFTY24JUL21900PE,25.00,28.60,20.00,21.65,20.00,21.15,24044.50,21.65,98650,-250,6349,3479466255.00,2247,F1,25,,,,,
2024-06-27,2024-06-27,FO,NSE,IDO,64367,,NIFTY,,2024-06-27,2024-06-27,23450.00,PE,NIFTY24JUN23450PE,4.65,5.00,0.05,0.15,0.10,4.65,24044.50,24044.50,2991525,-957175,5149684,3019187140892.50,714983,F1,25,,,,,
2024-06-27,2024-06-27,FO,NSE,IDO,36675,,NIFTY,,2024-07-18,2024-07-18,23450.00,CE,NIFTY2471823450CE,705.00,705.00,705.00,705.00,705.00,615.00,24044.50,827.85,1525,-25,1,603875.00,1,F1,25,,,,,
2024-06-27,2024-06-27,FO,NSE,IDO,42013,,NIFTY,,2024-07-04,2024-07-04,23100.00,CE,NIFTY2470423100CE,781.95,966.50,756.60,946.80,955.90,812.65,24044.50,946.80,56925,8975,1463,876276972.50,607,F1,25,,,,,
2024-06-27,2024-06-27,FO,NSE,IDO,56745,,NIFTY,,2024-08-29,2024-08-29,23100.00,PE,NIFTY24AUG23100PE,210.70,212.75,159.65,174.60,184.35,202.35,24044.50,174.60,17550,3250,488,284141793.75,171,F1,25,,,,,
2024-06-27,2024-06-27,FO,NSE,IDO,35914,,NIFTY,,2024-07-11,2024-07-11,25500.00,PE,NIFTY2471125500PE,0.00,0.00,0.00,2514.40,0.00,2514.40,24044.50,1402.50,0,0,0,0.00,0,F1,25,,,,,
2024-06-27,2024-06-27,FO,NSE,IDO,53633,,NIFTY,,2027-12-30,2027-12-30,28000.00,CE,NIFTY27DEC28000CE,0.00,0.00,0.00,2639.20,0.00,2639.20,24044.50,4257.80,0,0,0,0.00,0,F1,25,,,,,
2024-06-27,2024-06-27,FO,NSE,IDO,67791,,NIFTY,,2028-12-28,2028-12-28,28000.00,PE,NIFTY28DEC28000PE,0.00,0.00,0.00,1697.60,0.00,1697.60,24044.50,1605.80,0,0,0,0.00,0,F1,25,,,,,
2024-06-27,2024-06-27,FO,NSE,IDO,64579,,NIFTY,,2025-03-27,2025-03-27,28000.00,PE,NIFTY25MAR28000PE,0.00,0.00,0.00,3940.45,0.00,3940.45,24044.50,3040.10,0,0,0,0.00,0,F1,25,,,,,
2024-06-27,2024-06-27,FO,NSE,IDO,50532,,NIFTY,,2024-12-26,2024-12-26,28000.00,PE,NIFTY24DEC28000PE,0.00,0.00,0.00,7598.30,0.00,7598.30,24044.50,3232.65,0,0,0,0.00,0,F1,25,,,,,
2024-06-27,2024-06-27,FO,NSE,IDO,67790,,NIFTY,,2028-12-28,2028-12-28,28000.00,CE,NIFTY28DEC28000CE,0.00,0.00,0.00,4027.15,0.00,4027.15,24044.50,5509.40,0,0,0,0.00,0,F1,25,,,,,
2024-06-27,2024-06-27,FO,NSE,IDO,35533,,NIFTY,,2024-07-11,2024-07-11,21600.00,CE,NIFTY2471121600CE,0.00,0.00,0.00,1446.50,0.00,1446.50,24044.50,2503.45,0,0,0,0.00,0,F1,25,,,,,
2024-06-27,2024-06-27,FO,NSE,IDO,35534,,NIFTY,,2024-07-11,2024-07-11,21600.00,PE,NIFTY2471121600PE,5.00,7.20,3.40,5.00,5.00,7.15,24044.50,5.00,1675,825,100,54012777.50,43,F1,25,,,,,
2024-06-27,2024-06-27,FO,NSE,IDO,64830,,NIFTY,,2024-07-25,2024-07-25,21600.00,PE,NIFTY24JUL21600PE,15.90,18.05,15.25,17.10,15.25,15.90,24044.50,17.10,57075,-3400,2437,1316991141.25,968,F1,25,,,,,
2024-06-27,2024-06-27,FO,NSE,IDO,56684,,NIFTY,,2024-08-29,2024-08-29,21600.00,CE,NIFTY24AUG21600CE,0.00,0.00,0.00,2081.20,2081.20,2081.20,24044.50,2746.35,100,0,0,0.00,0,F1,25,,,,,
2024-06-27,2024-06-27,FO,NSE,IDO,69016,,NIFTY,,2024-07-04,2024-07-04,25150.00,CE,NIFTY2470425150CE,2.40,3.80,1.15,1.70,1.15,2.30,24044.50,1.70,79825,65350,10175,6397968852.50,1893,F1,25,,,,,
2024-06-27,2024-06-27,FO,NSE,IDO,74705,,NIFTY,,2024-08-29,2024-08-29,25150.00,CE,NIFTY24AUG25150CE,0.00,0.00,0.00,72.40,0.00,72.40,24044.50,369.75,0,0,0,0.00,0,F1,25,,,,,
2024-06-27,2024-06-27,FO,NSE,IDO,35663,,NIFTY,,2024-07-11,2024-07-11,22400.00,CE,NIFTY2471122400CE,0.00,0.00,0.00,1404.40,1407.75,1404.40,24044.50,1709.45,200,0,0,0.00,0,F1,25,,,,,
2024-06-27,2024-06-27,FO,NSE,IDO,64967,,NIFTY,,2024-07-25,2024-07-25,22400.00,CE,NIFTY24JUL22400CE,1570.00,1746.80,1560.00,1695.95,1685.50,1597.00,24044.50,1695.95,23625,-900,734,441049470.00,196,F1,25,,,,,
2024-06-27,2024-06-27,FO,NSE,IDO,40813,,NIFTY,,2024-08-01,2024-08-01,22400.00,PE,NIFTY2480122400PE,0.00,0.00,0.00,110.80,0.00,110.80,24044.50,39.05,0,0,0,0.00,0,F1,25,,,,,
2024-06-27,2024-06-27,FO,NSE,IDO,56682,,NIFTY,,2024-08-29,2024-08-29,21550.00,CE,NIFTY24AUG21550CE,0.00,0.00,0.00,1494.00,0.00,1494.00,24044.50,2793.30,0,0,0,0.00,0,F1,25,,,,,
2024-06-27,2024-06-27,FO,NSE,IDO,64236,,NIFTY,,2024-06-27,2024-06-27,21600.00,PE,NIFTY24JUN21600PE,0.20,0.35,0.05,0.10,0.15,0.40,24044.50,24044.50,226500,-54775,15239,8229120136.25,1997,F1,25,,,,,
2024-06-27,2024-06-27,FO,NSE,IDO,64235,,NIFTY,,2024-06-27,2024-06-27,21600.00,CE,NIFTY24JUN21600CE,2245.00,2452.00,2211.00,2444.50,2450.70,2273.30,24044.50,24044.50,16800,-1900,240,143743481.25,136,F1,25,,,,,
2024-06-27,2024-06-27,FO,NSE,IDO,64400,,NIFTY,,2024-07-25,2024-07-25,20650.00,PE,NIFTY24JUL20650PE,0.00,0.00,0.00,9.55,9.55,9.55,24044.50,0.15,2475,0,0,0.00,0,F1,25,,,,,
2024-06-27,2024-06-27,FO,NSE,IDO,41111,,NIFTY,,2024-08-01,2024-08-01,25450.00,CE,NIFTY2480125450CE,30.00,34.75,23.35,28.95,24.55,35.50,24044.50,28.95,3925,3575,294,187289257.50,65,F1,25,,,,,
2024-06-27,2024-06-27,FO,NSE,IDO,64709,,NIFTY,,2024-07-25,2024-07-25,21500.00,CE,NIFTY24JUL21500CE,2427.15,2606.60,2400.00,2580.70,2584.65,2465.65,24044.50,2580.70,82575,37900,1725,1036194967.50,611,F1,25,,,,,
2024-06-27,2024-06-27,FO,NSE,IDO,64710,,NIFTY,,2024-07-25,2024-07-25,21500.00,PE,NIFTY24JUL21500PE,13.50,17.95,13.30,16.05,16.00,13.70,24044.50,16.05,1241625,87150,51821,27873232223.75,13293,F1,25,,,,,
2024-06-27,2024-06-27,FO,NSE,IDO,47636,,NIFTY,,2024-07-04,2024-07-04,23750.00,CE,NIFTY2470423750CE,271.40,375.90,225.65,359.55,360.00,271.40,24044.50,359.55,99675,-2975,44076,26497014347.50,18296,F1,25,,,,,
2024-06-27,2024-06-27,FO,NSE,IDO,41760,,NIFTY,,2024-07-04,2024-07-04,21500.00,CE,NIFTY2470421500CE,2369.45,2535.05,2360.00,2518.00,2535.05,2405.00,24044.50,2518.00,7650,2750,131,78516966.25,76,F1,25,,,,,
2024-06-27,2024-06-27,FO,NSE,IDO,74695,,NIFTY,,2024-08-29,2024-08-29,24950.00,PE,NIFTY24AUG24950PE,0.00,0.00,0.00,1406.50,1403.40,1406.50,24044.50,1028.10,400,0,0,0.00,0,F1,25,,,,,
2024-06-27,2024-06-27,FO,NSE,IDO,41056,,NIFTY,,2024-08-01,2024-08-01,24950.00,CE,NIFTY2480124950CE,0.00,0.00,0.00,162.60,0.00,162.60,24044.50,231.60,0,0,0,0.00,0,F1,25,,,,,
2024-06-27,2024-06-27,FO,NSE,IDO,64454,,NIFTY,,2024-07-25,2024-07-25,20950.00,CE,NIFTY24JUL20950CE,0.00,0.00,0.00,2885.65,2888.60,2885.65,24044.50,3208.85,4075,0,0,0.00,0,F1,25,,,,,
2024-06-27,2024-06-27,FO,NSE,IDO,64149,,NIFTY,,2024-07-25,2024-07-25,20250.00,PE,NIFTY24JUL20250PE,0.00,0.00,0.00,6.00,6.00,6.00,24044.50,0.05,2000,0,0,0.00,0,F1,25,,,,,
2024-06-27,2024-06-27,FO,NSE,IDO,64153,,NIFTY,,2024-06-27,2024-06-27,20950.00,PE,NIFTY24JUN20950PE,0.15,0.30,0.05,0.10,0.05,0.40,24044.50,24044.50,18125,800,3177,1663966113.75,469,F1,25,,,,,
2024-06-27,2024-06-27,FO,NSE,IDO,64148,,NIFTY,,2024-07-25,2024-07-25,20250.00,CE,NIFTY24JUL20250CE,0.00,0.00,0.00,3538.00,3537.70,3538.00,24044.50,3904.70,5450,0,0,0.00,0,F1,25,,,,,
2024-06-27,2024-06-27,FO,NSE,IDO,64085,,NIFTY,,2024-06-27,2024-06-27,20250.00,PE,NIFTY24JUN20250PE,0.10,0.15,0.05,0.05,0.05,0.30,24044.50,24044.50,165100,0,10452,5291342083.75,1568,F1,25,,,,,
2024-06-27,2024-06-27,FO,NSE,IDO,56626,,NIFTY,,2024-08-29,2024-08-29,20150.00,CE,NIFTY24AUG20150CE,0.00,0.00,0.00,3740.50,3740.50,3740.50,24044.50,4149.05,125,0,0,0.00,0,F1,25,,,,,
2024-06-27,2024-06-27,FO,NSE,IDO,36593,,NIFTY,,2024-07-18,2024-07-18,22600.00,PE,NIFTY2471822600PE,34.75,36.55,26.55,29.55,29.55,36.95,24044.50,29.55,1575,650,55,31120526.25,38,F1,25,,,,,
2024-06-27,2024-06-27,FO,NSE,IDO,41558,,NIFTY,,2024-07-04,2024-07-04,20150.00,CE,NIFTY2470420150CE,3777.70,3845.25,3777.70,3845.25,3845.25,3438.85,24044.50,3845.25,100,-25,6,3595918.75,4,F1,25,,,,,
2024-06-27,2024-06-27,FO,NSE,IDO,64145,,NIFTY,,2024-07-25,2024-07-25,20150.00,PE,NIFTY24JUL20150PE,6.90,8.65,6.00,6.90,7.25,6.90,24044.50,6.90,13550,825,157,79116100.00,67,F1,25,,,,,
2024-06-27,2024-06-27,FO,NSE,IDO,56724,,NIFTY,,2024-08-29,2024-08-29,22600.00,CE,NIFTY24AUG22600CE,1636.00,1642.70,1365.10,1365.10,1365.10,1566.00,24044.50,1365.10,4325,375,138,83540975.00,23,F1,25,,,,,
2024-06-27,2024-06-27,FO,NSE,IDO,36592,,NIFTY,,2024-07-18,2024-07-18,22600.00,CE,NIFTY2471822600CE,1404.20,1442.65,1404.20,1420.00,1420.00,1035.75,24044.50,1558.85,350,250,10,6005270.00,6,F1,25,,,,,
2024-06-27,2024-06-27,FO,NSE,IDO,35680,,NIFTY,,2024-07-11,2024-07-11,22600.00,CE,NIFTY2471122600CE,1273.95,1449.00,1273.95,1435.00,1435.00,1195.00,24044.50,1514.20,975,350,32,19180912.50,30,F1,25,,,,,
2024-06-27,2024-06-27,FO,NSE,IDO,35742,,NIFTY,,2024-07-11,2024-07-11,23250.00,CE,NIFTY2471123250CE,720.00,825.00,691.05,825.00,825.00,747.45,24044.50,825.00,1475,850,44,26381371.25,17,F1,25,,,,,
2024-06-27,2024-06-27,FO,NSE,IDO,56750,,NIFTY,,2024-08-29,2024-08-29,23250.00,CE,NIFTY24AUG23250CE,0.00,0.00,0.00,964.85,969.45,964.85,24044.50,1347.75,850,0,0,0.00,0,F1,25,,,,,
2024-06-27,2024-06-27,FO,NSE,IDO,35815,,NIFTY,,2024-07-11,2024-07-11,24300.00,CE,NIFTY2471124300CE,89.95,140.00,79.45,124.85,128.95,95.00,24044.50,124.85,245275,53150,27617,16855908158.75,12180,F1,25,,,,,
2024-06-27,2024-06-27,FO,NSE,IDO,74717,,NIFTY,,2024-08-29,2024-08-29,25400.00,PE,NIFTY24AUG25400PE,0.00,0.00,0.00,2507.40,0.00,2507.40,24044.50,1335.65,0,0,0,0.00,0,F1,25,,,,,
2024-06-27,2024-06-27,FO,NSE,IDO,69030,,NIFTY,,2024-07-04,2024-07-04,25400.00,CE,NIFTY2470425400CE,1.60,3.30,0.85,1.20,0.90,1.60,24044.50,1.20,214150,183200,35743,22697893890.00,3299,F1,25,,,,,
2024-06-27,2024-06-27,FO,NSE,IDO,64470,,NIFTY,,2024-06-27,2024-06-27,24900.00,CE,NIFTY24JUN24900CE,0.25,0.30,0.05,0.05,0.05,0.35,24044.50,24044.50,859675,306150,197528,122962039185.00,21409,F1,25,,,,,
2024-06-27,2024-06-27,FO,NSE,IDO,65537,,NIFTY,,2024-07-25,2024-07-25,24900.00,PE,NIFTY24JUL24900PE,993.75,993.75,839.80,873.00,858.00,1122.20,24044.50,873.00,1975,-400,101,65186212.50,61,F1,25,,,,,
2024-06-27,2024-06-27,FO,NSE,IDO,64234,,NIFTY,,2024-06-27,2024-06-27,21550.00,PE,NIFTY24JUN21550PE,0.40,0.40,0.05,0.10,0.05,0.45,24044.50,24044.50,49175,9600,7784,4193661700.00,1151,F1,25,,,,,
2024-06-27,2024-06-27,FO,NSE,IDO,40956,,NIFTY,,2024-08-01,2024-08-01,24200.00,PE,NIFTY2480124200PE,0.00,0.00,0.00,799.05,0.00,799.05,24044.50,502.45,0,0,0,0.00,0,F1,25,,,,,
2024-06-27,2024-06-27,FO,NSE,IDO,35693,,NIFTY,,2024-07-11,2024-07-11,22850.00,PE,NIFTY2471122850PE,28.60,28.60,19.10,20.35,21.00,28.60,24044.50,20.35,10200,1600,409,233878097.50,127,F1,25,,,,,
2024-06-27,2024-06-27,FO,NSE,IDO,40859,,NIFTY,,2024-08-01,2024-08-01,22850.00,CE,NIFTY2480122850CE,0.00,0.00,0.00,1113.50,0.00,1113.50,24044.50,1440.95,0,0,0,0.00,0,F1,25,,,,,
2024-06-27,2024-06-27,FO,NSE,IDO,41969,,NIFTY,,2024-07-04,2024-07-04,22850.00,CE,NIFTY2470422850CE,1075.60,1206.70,1075.60,1205.30,1202.45,1060.60,24044.50,1205.30,2000,750,37,22187363.75,14,F1,25,,,,,
2024-06-27,2024-06-27,FO,NSE,IDO,64320,,NIFTY,,2024-06-27,2024-06-27,22850.00,CE,NIFTY24JUN22850CE,980.00,1207.95,948.25,1193.45,1197.55,1022.35,24044.50,24044.50,26000,-3875,345,206512025.00,158,F1,25,,,,,
2024-06-27,2024-06-27,FO,NSE,IDO,45856,,NIFTY,,2024-06-27,2024-06-27,17000.00,CE,NIFTY24JUN17000CE,6841.45,7221.65,6841.45,7083.45,7054.00,6879.25,24044.50,24044.50,3225,-2925,207,124115735.00,143,F1,25,,,,,
2024-06-27,2024-06-27,FO,NSE,IDO,67768,,NIFTY,,2028-12-28,2028-12-28,17000.00,CE,NIFTY28DEC17000CE,0.00,0.00,0.00,10036.40,0.00,10036.40,24044.50,11892.60,0,0,0,0.00,0,F1,25,,,,,
2024-06-27,2024-06-27,FO,NSE,IDO,71545,,NIFTY,,2027-06-24,2027-06-24,17000.00,CE,NIFTY27JUN17000CE,0.00,0.00,0.00,4464.70,0.00,4464.70,24044.50,10442.25,0,0,0,0.00,0,F1,25,,,,,
2024-06-27,2024-06-27,FO,NSE,IDO,35812,,NIFTY,,2024-07-11,2024-07-11,24200.00,PE,NIFTY2471124200PE,420.00,443.05,290.30,316.40,312.00,399.75,24044.50,316.40,28325,23125,5521,3387813481.25,2073,F1,25,,,,,
2024-06-27,2024-06-27,FO,NSE,IDO,64431,,NIFTY,,2024-06-27,2024-06-27,24200.00,PE,NIFTY24JUN24200PE,364.90,410.30,140.30,163.65,155.05,335.35,24044.50,24044.50,577125,520475,723704,441681670558.75,248160,F1,25,,,,,
2024-06-27,2024-06-27,FO,NSE,IDO,41014,,NIFTY,,2024-08-01,2024-08-01,24700.00,CE,NIFTY2480124700CE,0.00,0.00,0.00,218.05,0.00,218.05,24044.50,308.60,0,0,0,0.00,0,F1,25,,,,,
2024-06-27,2024-06-27,FO,NSE,IDO,35850,,NIFTY,,2024-07-11,2024-07-11,24700.00,PE,NIFTY2471124700PE,749.05,749.05,726.00,726.00,726.00,948.30,24044.50,701.30,300,225,9,5725460.00,2,F1,25,,,,,
2024-06-27,2024-06-27,FO,NSE,IDO,41077,,NIFTY,,2024-08-01,2024-08-01,25150.00,CE,NIFTY2480125150CE,0.00,0.00,0.00,127.35,0.00,127.35,24044.50,181.60,0,0,0,0.00,0,F1,25,,,,,
2024-06-27,2024-06-27,FO,NSE,IDO,36574,,NIFTY,,2024-07-18,2024-07-18,22400.00,CE,NIFTY2471822400CE,1595.80,1595.80,1595.80,1595.80,1595.80,1271.25,24044.50,1748.90,125,125,5,2999475.00,1,F1,25,,,,,
2024-06-27,2024-06-27,FO,NSE,IDO,36912,,NIFTY,,2024-07-18,2024-07-18,25150.00,PE,NIFTY2471825150PE,0.00,0.00,0.00,1648.75,0.00,1648.75,24044.50,1088.20,0,0,0,0.00,0,F1,25,,,,,
2024-06-27,2024-06-27,FO,NSE,IDO,35531,,NIFTY,,2024-07-11,2024-07-11,21550.00,CE,NIFTY2471121550CE,0.00,0.00,0.00,1489.85,0.00,1489.85,24044.50,2553.30,0,0,0,0.00,0,F1,25,,,,,
2024-06-27,2024-06-27,FO,NSE,IDO,41762,,NIFTY,,2024-07-04,2024-07-04,21550.00,CE,NIFTY2470421550CE,0.00,0.00,0.00,2228.65,2228.20,2228.65,24044.50,2523.90,675,0,0,0.00,0,F1,25,,,,,
2024-06-27,2024-06-27,FO,NSE,IDO,74659,,NIFTY,,2024-08-29,2024-08-29,24450.00,PE,NIFTY24AUG24450PE,0.00,0.00,0.00,1090.75,1090.75,1090.75,24044.50,735.35,150,0,0,0.00,0,F1,25,,,,,
2024-06-27,2024-06-27,FO,NSE,IDO,40924,,NIFTY,,2024-08-01,2024-08-01,23750.00,PE,NIFTY2480123750PE,302.40,302.40,285.70,285.75,285.75,468.40,24044.50,307.40,250,25,3,1803096.25,3,F1,25,,,,,
2024-06-27,2024-06-27,FO,NSE,IDO,65607,,NIFTY,,2024-07-25,2024-07-25,25250.00,PE,NIFTY24JUL25250PE,0.00,0.00,0.00,1442.60,1442.60,1442.60,24044.50,1182.45,625,0,0,0.00,0,F1,25,,,,,
2024-06-27,2024-06-27,FO,NSE,IDO,36890,,NIFTY,,2024-07-18,2024-07-18,24850.00,PE,NIFTY2471824850PE,0.00,0.00,0.00,1390.05,0.00,1390.05,24044.50,847.20,0,0,0,0.00,0,F1,25,,,,,
2024-06-27,2024-06-27,FO,NSE,IDO,65579,,NIFTY,,2024-07-25,2024-07-25,25100.00,PE,NIFTY24JUL25100PE,1075.00,1168.65,1060.00,1060.00,1060.00,1159.00,24044.50,1061.65,825,-225,21,13759247.50,9,F1,25,,,,,
2024-06-27,2024-06-27,FO,NSE,IDO,64468,,NIFTY,,2024-06-27,2024-06-27,24850.00,CE,NIFTY24JUN24850CE,0.35,0.35,0.05,0.10,0.05,0.40,24044.50,24044.50,346275,213300,101246,62899512676.25,12341,F1,25,,,,,
2024-06-27,2024-06-27,FO,NSE,IDO,74690,,NIFTY,,2024-08-29,2024-08-29,24850.00,CE,NIFTY24AUG24850CE,0.00,0.00,0.00,236.00,236.00,236.00,24044.50,471.30,50,0,0,0.00,0,F1,25,,,,,
2024-06-27,2024-06-27,FO,NSE,IDO,35805,,NIFTY,,2024-07-11,2024-07-11,24050.00,CE,NIFTY2471124050CE,190.15,255.95,162.00,237.50,244.80,185.55,24044.50,237.50,19575,5200,5425,3291340031.25,1687,F1,25,,,,,
2024-06-27,2024-06-27,FO,NSE,IDO,65314,,NIFTY,,2024-07-25,2024-07-25,24050.00,PE,NIFTY24JUL24050PE,407.25,422.30,312.05,327.10,360.00,385.80,24044.50,327.10,31950,17475,4176,2548321586.25,1456,F1,25,,,,,
2024-06-27,2024-06-27,FO,NSE,IDO,36771,,NIFTY,,2024-07-18,2024-07-18,24050.00,PE,NIFTY2471824050PE,464.20,464.20,279.05,291.95,288.05,787.90,24044.50,291.95,1350,1350,108,65747222.50,58,F1,25,,,,,
2024-06-27,2024-06-27,FO,NSE,IDO,36535,,NIFTY,,2024-07-18,2024-07-18,21800.00,PE,NIFTY2471821800PE,13.00,13.60,12.20,12.50,12.65,13.65,24044.50,12.50,13225,-6750,415,226305082.50,79,F1,25,,,,,
2024-06-27,2024-06-27,FO,NSE,IDO,50544,,NIFTY,,2025-12-24,2025-12-24,28000.00,PE,NIFTY25DEC28000PE,0.00,0.00,0.00,6856.45,0.00,6856.45,24044.50,2624.00,0,0,0,0.00,0,F1,25,,,,,
2024-06-27,2024-06-27,FO,NSE,IDO,50530,,NIFTY,,2024-12-26,2024-12-26,28000.00,CE,NIFTY24DEC28000CE,45.90,55.00,45.90,52.60,53.70,48.15,24044.50,52.60,132825,4725,890,624104997.50,216,F1,25,,,,,
2024-06-27,2024-06-27,FO,NSE,IDO,50547,,NIFTY,,2026-12-31,2026-12-31,28000.00,CE,NIFTY26DEC28000CE,0.00,0.00,0.00,1871.10,0.00,1871.10,24044.50,2947.35,0,0,0,0.00,0,F1,25,,,,,
2024-06-27,2024-06-27,FO,NSE,IDO,65917,,NIFTY,,2024-09-26,2024-09-26,28000.00,CE,NIFTY24SEP28000CE,16.45,16.45,10.60,14.00,15.65,15.50,24044.50,14.00,72225,3575,1009,706662402.50,269,F1,25,,,,,
2024-06-27,2024-06-27,FO,NSE,IDO,50550,,NIFTY,,2027-06-24,2027-06-24,28000.00,PE,NIFTY27JUN28000PE,0.00,0.00,0.00,5959.35,0.00,5959.35,24044.50,2039.60,0,0,0,0.00,0,F1,25,,,,,
2024-06-27,2024-06-27,FO,NSE,IDO,50537,,NIFTY,,2025-06-26,2025-06-26,28000.00,CE,NIFTY25JUN28000CE,0.00,0.00,0.00,912.95,0.00,912.95,24044.50,894.95,0,0,0,0.00,0,F1,25,,,,,
2024-06-27,2024-06-27,FO,NSE,IDO,64097,,NIFTY,,2024-06-27,2024-06-27,20450.00,PE,NIFTY24JUN20450PE,0.10,0.25,0.05,0.05,0.10,0.45,24044.50,24044.50,51325,-7325,4040,2065460946.25,454,F1,25,,,,,
2024-06-27,2024-06-27,FO,NSE,IDO,69035,,NIFTY,,2024-07-04,2024-07-04,25500.00,PE,NIFTY2470425500PE,1610.00,1615.00,1443.05,1472.90,1449.20,2328.50,24044.50,1472.90,6350,6350,282,190210665.00,84,F1,25,,,,,
2024-06-27,2024-06-27,FO,NSE,IDO,65041,,NIFTY,,2024-07-25,2024-07-25,22850.00,CE,NIFTY24JUL22850CE,1243.40,1243.40,1243.00,1243.00,1243.00,1055.70,24044.50,1382.95,2975,100,5,3011635.00,2,F1,25,,,,,
2024-06-27,2024-06-27,FO,NSE,IDO,35546,,NIFTY,,2024-07-11,2024-07-11,21650.00,PE,NIFTY2471121650PE,5.00,5.70,5.00,5.25,5.70,81.40,24044.50,5.25,75,75,3,1624142.50,2,F1,25,,,,,
2024-06-27,2024-06-27,FO,NSE,IDO,56738,,NIFTY,,2024-08-29,2024-08-29,22950.00,CE,NIFTY24AUG22950CE,0.00,0.00,0.00,1024.25,1018.95,1024.25,24044.50,1571.85,425,0,0,0.00,0,F1,25,,,,,
2024-06-27,2024-06-27,FO,NSE,IDO,64831,,NIFTY,,2024-07-25,2024-07-25,21650.00,CE,NIFTY24JUL21650CE,2339.25,2339.25,2339.25,2339.25,2339.25,2188.15,24044.50,2516.00,2925,50,2,1199462.50,1,F1,25,,,,,
2024-06-27,2024-06-27,FO,NSE,IDO,36643,,NIFTY,,2024-07-18,2024-07-18,22950.00,PE,NIFTY2471822950PE,58.75,60.30,58.75,60.30,60.30,102.10,24044.50,50.85,475,375,16,9203681.25,11,F1,25,,,,,
2024-06-27,2024-06-27,FO,NSE,IDO,40868,,NIFTY,,2024-08-01,2024-08-01,22950.00,CE,NIFTY2480122950CE,0.00,0.00,0.00,1040.35,0.00,1040.35,24044.50,1356.85,0,0,0,0.00,0,F1,25,,,,,
2024-06-27,2024-06-27,FO,NSE,IDO,40796,,NIFTY,,2024-08-01,2024-08-01,22050.00,PE,NIFTY2480122050PE,0.00,0.00,0.00,64.25,0.00,64.25,24044.50,19.20,0,0,0,0.00,0,F1,25,,,,,
2024-06-27,2024-06-27,FO,NSE,IDO,56702,,NIFTY,,2024-08-29,2024-08-29,22050.00,CE,NIFTY24AUG22050CE,0.00,0.00,0.00,1127.95,0.00,1127.95,24044.50,2332.00,0,0,0,0.00,0,F1,25,,,,,
2024-06-27,2024-06-27,FO,NSE,IDO,35590,,NIFTY,,2024-07-11,2024-07-11,22050.00,PE,NIFTY2471122050PE,7.00,7.00,7.00,7.00,7.00,9.00,24044.50,7.00,50,0,1,551425.00,1,F1,25,,,,,
2024-06-27,2024-06-27,FO,NSE,IDO,64491,,NIFTY,,2024-07-25,2024-07-25,21100.00,CE,NIFTY24JUL21100CE,2835.00,2930.00,2835.00,2887.00,2887.00,2858.05,24044.50,3059.95,5375,0,11,6588700.00,7,F1,25,,,,,
2024-06-27,2024-06-27,FO,NSE,IDO,35491,,NIFTY,,2024-07-11,2024-07-11,21100.00,PE,NIFTY2471121100PE,4.95,5.00,4.00,4.30,4.55,4.85,24044.50,4.30,2850,650,27,14245383.75,11,F1,25,,,,,
2024-06-27,2024-06-27,FO,NSE,IDO,64169,,NIFTY,,2024-06-27,2024-06-27,21100.00,PE,NIFTY24JUN21100PE,0.20,0.25,0.05,0.10,0.10,0.50,24044.50,24044.50,99800,50,10932,5766666010.00,1212,F1,25,,,,,
2024-06-27,2024-06-27,FO,NSE,IDO,64168,,NIFTY,,2024-06-27,2024-06-27,21100.00,CE,NIFTY24JUN21100CE,2728.35,2963.45,2710.00,2925.90,2963.45,2778.00,24044.50,24044.50,3650,-4350,240,143810775.00,72,F1,25,,,,,
2024-06-27,2024-06-27,FO,NSE,IDO,35829,,NIFTY,,2024-07-11,2024-07-11,24450.00,PE,NIFTY2471124450PE,0.00,0.00,0.00,727.10,727.10,727.10,24044.50,521.60,300,0,0,0.00,0,F1,25,,,,,
2024-06-27,2024-06-27,FO,NSE,IDO,74658,,NIFTY,,2024-08-29,2024-08-29,24450.00,CE,NIFTY24AUG24450CE,412.85,412.85,376.95,380.00,380.00,158.00,24044.50,380.00,100,100,8,4967688.75,5,F1,25,,,,,
2024-06-27,2024-06-27,FO,NSE,IDO,63915,,NIFTY,,2024-07-04,2024-07-04,24450.00,CE,NIFTY2470424450CE,21.20,37.50,15.45,25.70,26.00,20.70,24044.50,25.70,521275,366800,175731,107524040596.25,39070,F1,25,,,,,
2024-06-27,2024-06-27,FO,NSE,IDO,65378,,NIFTY,,2024-07-25,2024-07-25,24450.00,CE,NIFTY24JUL24450CE,147.00,194.65,134.55,184.90,186.80,151.20,24044.50,184.90,23575,6425,1791,1102345915.00,527,F1,25,,,,,
2024-06-27,2024-06-27,FO,NSE,IDO,64134,,NIFTY,,2024-06-27,2024-06-27,20800.00,CE,NIFTY24JUN20800CE,3061.45,3262.00,3051.30,3244.95,3262.00,3100.00,24044.50,24044.50,2875,-4000,313,187555665.00,85,F1,25,,,,,
2024-06-27,2024-06-27,FO,NSE,IDO,56652,,NIFTY,,2024-08-29,2024-08-29,20800.00,CE,NIFTY24AUG20800CE,0.00,0.00,0.00,2124.20,0.00,2124.20,24044.50,3512.85,0,0,0,0.00,0,F1,25,,,,,
2024-06-27,2024-06-27,FO,NSE,IDO,36650,,NIFTY,,2024-07-18,2024-07-18,23050.00,PE,NIFTY2471823050PE,69.80,69.90,69.20,69.20,69.20,285.50,24044.50,63.15,900,900,36,20807795.00,18,F1,25,,,,,
2024-06-27,2024-06-27,FO,NSE,IDO,64337,,NIFTY,,2024-06-27,2024-06-27,23050.00,PE,NIFTY24JUN23050PE,0.50,0.80,0.05,0.10,0.10,1.35,24044.50,24044.50,1411900,345475,1217755,701744600331.25,124993,F1,25,,,,,
2024-06-27,2024-06-27,FO,NSE,IDO,68990,,NIFTY,,2024-07-04,2024-07-04,24650.00,CE,NIFTY2470424650CE,8.00,14.50,5.45,8.20,8.15,7.80,24044.50,8.20,419800,213325,126678,78092975371.25,25584,F1,25,,,,,
2024-06-27,2024-06-27,FO,NSE,IDO,65569,,NIFTY,,2024-07-25,2024-07-25,25050.00,PE,NIFTY24JUL25050PE,0.00,0.00,0.00,1254.05,1254.05,1254.05,24044.50,1022.60,1650,0,0,0.00,0,F1,25,,,,,
2024-06-27,2024-06-27,FO,NSE,IDO,41694,,NIFTY,,2024-07-04,2024-07-04,20900.00,PE,NIFTY2470420900PE,1.90,2.90,1.20,2.05,2.90,2.05,24044.50,2.05,29975,25650,4457,2328987975.00,924,F1,25,,,,,
2024-06-27,2024-06-27,FO,NSE,IDO,65105,,NIFTY,,2024-07-25,2024-07-25,23050.00,CE,NIFTY24JUL23050CE,1065.15,1117.85,1014.95,1108.45,1108.00,1022.95,24044.50,1108.45,7225,775,61,36837701.25,24,F1,25,,,,,
2024-06-27,2024-06-27,FO,NSE,IDO,40873,,NIFTY,,2024-08-01,2024-08-01,23050.00,CE,NIFTY2480123050CE,0.00,0.00,0.00,970.85,0.00,970.85,24044.50,1274.75,0,0,0,0.00,0,F1,25,,,,,
2024-06-27,2024-06-27,FO,NSE,IDO,65490,,NIFTY,,2024-07-25,2024-07-25,24650.00,CE,NIFTY24JUL24650CE,100.80,132.00,83.85,119.35,121.05,98.35,24044.50,119.35,31375,250,3126,1935234517.50,1210,F1,25,,,,,
2024-06-27,2024-06-27,FO,NSE,IDO,65635,,NIFTY,,2024-07-25,2024-07-25,25450.00,CE,NIFTY24JUL25450CE,37.85,37.85,9.00,15.85,16.65,59.90,24044.50,15.85,6925,6925,848,539902407.50,237,F1,25,,,,,
2024-06-27,2024-06-27,FO,NSE,IDO,71395,,NIFTY,,2025-12-24,2025-12-24,25000.00,CE,NIFTY25DEC25000CE,2230.00,2300.00,2125.00,2283.35,2240.00,2245.00,24044.50,2283.35,5650,450,47,32005606.25,32,F1,25,,,,,
2024-06-27,2024-06-27,FO,NSE,IDO,64570,,NIFTY,,2025-03-27,2025-03-27,25000.00,CE,NIFTY25MAR25000CE,0.00,0.00,0.00,918.35,0.00,918.35,24044.50,1605.60,0,0,0,0.00,0,F1,25,,,,,
2024-06-27,2024-06-27,FO,NSE,IDO,53627,,NIFTY,,2027-12-30,2027-12-30,25000.00,PE,NIFTY27DEC25000PE,0.00,0.00,0.00,2948.45,0.00,2948.45,24044.50,1023.05,0,0,0,0.00,0,F1,25,,,,,
2024-06-27,2024-06-27,FO,NSE,IDO,53626,,NIFTY,,2027-12-30,2027-12-30,25000.00,CE,NIFTY27DEC25000CE,0.00,0.00,0.00,3458.35,0.00,3458.35,24044.50,5724.65,0,0,0,0.00,0,F1,25,,,,,
2024-06-27,2024-06-27,FO,NSE,IDO,71302,,NIFTY,,2024-06-27,2024-06-27,25000.00,CE,NIFTY24JUN25000CE,0.20,0.30,0.05,0.05,0.05,0.25,24044.50,24044.50,8315300,448275,997600,623503224093.75,61539,F1,25,,,,,
2024-06-27,2024-06-27,FO,NSE,IDO,36904,,NIFTY,,2024-07-18,2024-07-18,25000.00,PE,NIFTY2471825000PE,0.00,0.00,0.00,1517.65,0.00,1517.65,24044.50,964.70,0,0,0,0.00,0,F1,25,,,,,
2024-06-27,2024-06-27,FO,NSE,IDO,71562,,NIFTY,,2027-06-24,2027-06-24,25000.00,CE,NIFTY27JUN25000CE,0.00,0.00,0.00,2090.05,0.00,2090.05,24044.50,5039.50,0,0,0,0.00,0,F1,25,,,,,
2024-06-27,2024-06-27,FO,NSE,IDO,86160,,NIFTY,,2028-06-29,2028-06-29,25000.00,PE,NIFTY28JUN25000PE,0.00,0.00,0.00,2016.80,0.00,2016.80,24044.50,964.30,0,0,0,0.00,0,F1,25,,,,,
2024-06-27,2024-06-27,FO,NSE,IDO,67784,,NIFTY,,2028-12-28,2028-12-28,25000.00,CE,NIFTY28DEC25000CE,0.00,0.00,0.00,5350.40,0.00,5350.40,24044.50,6968.35,0,0,0,0.00,0,F1,25,,,,,
2024-06-27,2024-06-27,FO,NSE,IDO,35879,,NIFTY,,2024-07-11,2024-07-11,25000.00,CE,NIFTY2471125000CE,9.50,12.80,6.10,10.10,11.20,9.20,24044.50,10.10,406700,161775,35187,22000895883.75,10242,F1,25,,,,,
2024-06-27,2024-06-27,FO,NSE,IDO,71475,,NIFTY,,2026-06-25,2026-06-25,25000.00,PE,NIFTY26JUN25000PE,0.00,0.00,0.00,6063.10,0.00,6063.10,24044.50,1191.55,0,0,0,0.00,0,F1,25,,,,,
2024-06-27,2024-06-27,FO,NSE,IDO,71474,,NIFTY,,2026-06-25,2026-06-25,25000.00,CE,NIFTY26JUN25000CE,0.00,0.00,0.00,1510.40,0.00,1510.40,24044.50,3627.75,0,0,0,0.00,0,F1,25,,,,,
2024-06-27,2024-06-27,FO,NSE,IDO,41060,,NIFTY,,2024-08-01,2024-08-01,25000.00,CE,NIFTY2480125000CE,69.05,89.00,60.15,80.50,85.00,67.40,24044.50,80.50,11375,650,590,369861431.25,281,F1,25,,,,,
2024-06-27,2024-06-27,FO,NSE,IDO,64507,,NIFTY,,2024-06-27,2024-06-27,25400.00,PE,NIFTY24JUN25400PE,0.00,0.00,0.00,2663.55,0.00,2663.55,24044.50,24044.50,0,0,0,0.00,0,F1,25,,,,,
2024-06-27,2024-06-27,FO,NSE,IDO,41110,,NIFTY,,2024-08-01,2024-08-01,25400.00,PE,NIFTY2480125400PE,0.00,0.00,0.00,1713.25,0.00,1713.25,24044.50,1309.50,0,0,0,0.00,0,F1,25,,,,,
2024-06-27,2024-06-27,FO,NSE,IDO,35910,,NIFTY,,2024-07-11,2024-07-11,25400.00,PE,NIFTY2471125400PE,0.00,0.00,0.00,2417.85,0.00,2417.85,24044.50,1308.00,0,0,0,0.00,0,F1,25,,,,,
2024-06-27,2024-06-27,FO,NSE,IDO,35871,,NIFTY,,2024-07-11,2024-07-11,24900.00,CE,NIFTY2471124900CE,10.85,18.90,9.00,15.20,15.80,12.05,24044.50,15.20,73350,55125,11837,7372869717.50,3145,F1,25,,,,,
2024-06-27,2024-06-27,FO,NSE,IDO,35872,,NIFTY,,2024-07-11,2024-07-11,24900.00,PE,NIFTY2471124900PE,0.00,0.00,0.00,1143.75,1143.75,1143.75,24044.50,861.60,100,0,0,0.00,0,F1,25,,,,,
2024-06-27,2024-06-27,FO,NSE,IDO,65109,,NIFTY,,2024-07-25,2024-07-25,23100.00,CE,NIFTY24JUL23100CE,948.30,1100.00,947.75,1083.20,1083.65,979.35,24044.50,1083.20,73700,-550,627,378488061.25,255,F1,25,,,,,
2024-06-27,2024-06-27,FO,NSE,IDO,64341,,NIFTY,,2024-06-27,2024-06-27,23100.00,PE,NIFTY24JUN23100PE,0.50,0.75,0.05,0.10,0.05,1.40,24044.50,24044.50,2719775,-255100,2935855,1695493469766.25,249393,F1,25,,,,,
2024-06-27,2024-06-27,FO,NSE,IDO,40883,,NIFTY,,2024-08-01,2024-08-01,23100.00,PE,NIFTY2480123100PE,0.00,0.00,0.00,277.05,0.00,277.05,24044.50,128.65,0,0,0,0.00,0,F1,25,,,,,
2024-06-27,2024-06-27,FO,NSE,IDO,64340,,NIFTY,,2024-06-27,2024-06-27,23100.00,CE,NIFTY24JUN23100CE,726.80,960.00,693.45,945.40,946.50,768.65,24044.50,24044.50,171550,-94200,6584,3941765020.00,3160,F1,25,,,,,
2024-06-27,2024-06-27,FO,NSE,IDO,35777,,NIFTY,,2024-07-11,2024-07-11,23700.00,PE,NIFTY2471123700PE,143.35,179.85,115.00,119.15,115.00,159.75,24044.50,119.15,132650,46450,21364,12733115405.00,8933,F1,25,,,,,
2024-06-27,2024-06-27,FO,NSE,IDO,64394,,NIFTY,,2024-06-27,2024-06-27,23700.00,CE,NIFTY24JUN23700CE,190.80,362.00,122.95,335.70,345.35,190.80,24044.50,24044.50,1547950,-1879275,1580197,944907920440.00,450873,F1,25,,,,,
2024-06-27,2024-06-27,FO,NSE,IDO,46863,,NIFTY,,2024-07-04,2024-07-04,23700.00,CE,NIFTY2470423700CE,301.00,417.50,256.75,389.10,401.40,305.65,24044.50,389.10,703350,-154975,146106,87807685830.00,47492,F1,25,,,,,
2024-06-27,2024-06-27,FO,NSE,IDO,64395,,NIFTY,,2024-06-27,2024-06-27,23700.00,PE,NIFTY24JUN23700PE,20.00,35.00,0.05,0.25,0.10,22.10,24044.50,24044.50,7270075,-1538725,21602883,12803280238292.50,2792809,F1,25,,,,,
2024-06-27,2024-06-27,FO,NSE,IDO,56680,,NIFTY,,2024-08-29,2024-08-29,21500.00,CE,NIFTY24AUG21500CE,2560.35,2700.00,2560.35,2697.50,2700.00,2577.00,24044.50,2697.50,2175,725,48,28952410.00,6,F1,25,,,,,
2024-06-27,2024-06-27,FO,NSE,IDO,35529,,NIFTY,,2024-07-11,2024-07-11,21500.00,CE,NIFTY2471121500CE,0.00,0.00,0.00,1533.65,0.00,1533.65,24044.50,2603.15,0,0,0,0.00,0,F1,25,,,,,
2024-06-27,2024-06-27,FO,NSE,IDO,64232,,NIFTY,,2024-06-27,2024-06-27,21500.00,PE,NIFTY24JUN21500PE,0.40,0.50,0.05,0.10,0.10,0.55,24044.50,24044.50,2047125,-399700,153022,82249961090.00,12127,F1,25,,,,,
2024-06-27,2024-06-27,FO,NSE,IDO,35530,,NIFTY,,2024-07-11,2024-07-11,21500.00,PE,NIFTY2471121500PE,4.70,6.50,3.75,4.85,4.80,4.60,24044.50,4.85,29575,-2125,1237,665022400.00,193,F1,25,,,,,
2024-06-27,2024-06-27,FO,NSE,IDO,36696,,NIFTY,,2024-07-18,2024-07-18,23750.00,CE,NIFTY2471823750CE,408.45,506.05,386.00,497.35,504.00,422.15,24044.50,497.35,3100,-525,189,114340197.50,75,F1,25,,,,,
2024-06-27,2024-06-27,FO,NSE,IDO,41059,,NIFTY,,2024-08-01,2024-08-01,24950.00,PE,NIFTY2480124950PE,0.00,0.00,0.00,1337.15,0.00,1337.15,24044.50,962.80,0,0,0,0.00,0,F1,25,,,,,
2024-06-27,2024-06-27,FO,NSE,IDO,38373,,NIFTY,,2025-06-26,2025-06-26,20000.00,CE,NIFTY25JUN20000CE,0.00,0.00,0.00,3180.85,0.00,3180.85,24044.50,5556.70,0,0,0,0.00,0,F1,25,,,,,
2024-06-27,2024-06-27,FO,NSE,IDO,41118,,NIFTY,,2024-08-01,2024-08-01,25550.00,CE,NIFTY2480125550CE,0.00,0.00,0.00,75.60,0.00,75.60,24044.50,107.15,0,0,0,0.00,0,F1,25,,,,,
2024-06-27,2024-06-27,FO,NSE,IDO,36946,,NIFTY,,2024-07-18,2024-07-18,25500.00,CE,NIFTY2471825500CE,0.00,0.00,0.00,42.40,0.00,42.40,24044.50,43.65,0,0,0,0.00,0,F1,25,,,,,
2024-06-27,2024-06-27,FO,NSE,IDO,65638,,NIFTY,,2024-07-25,2024-07-25,25500.00,PE,NIFTY24JUL25500PE,1550.10,1580.10,1382.50,1403.00,1391.45,2525.55,24044.50,1403.00,123975,123975,6774,4564396900.00,3713,F1,25,,,,,
2024-06-27,2024-06-27,FO,NSE,IDO,41757,,NIFTY,,2024-07-04,2024-07-04,21400.00,PE,NIFTY2470421400PE,1.90,4.00,1.45,2.55,1.45,2.45,24044.50,2.55,94650,86000,10671,5709602066.25,3128,F1,25,,,,,
2024-06-27,2024-06-27,FO,NSE,IDO,64220,,NIFTY,,2024-06-27,2024-06-27,21400.00,CE,NIFTY24JUN21400CE,2427.55,2660.00,2415.95,2660.00,2660.00,2470.00,24044.50,24044.50,7375,-1975,97,58058708.75,81,F1,25,,,,,
2024-06-27,2024-06-27,FO,NSE,IDO,56654,,NIFTY,,2024-08-29,2024-08-29,20850.00,CE,NIFTY24AUG20850CE,0.00,0.00,0.00,2079.80,0.00,2079.80,24044.50,3464.25,0,0,0,0.00,0,F1,25,,,,,
2024-06-27,2024-06-27,FO,NSE,IDO,64136,,NIFTY,,2024-06-27,2024-06-27,20850.00,CE,NIFTY24JUN20850CE,0.00,0.00,0.00,2494.05,2490.90,2494.05,24044.50,24044.50,3075,0,0,0.00,0,F1,25,,,,,
2024-06-27,2024-06-27,FO,NSE,IDO,56655,,NIFTY,,2024-08-29,2024-08-29,20850.00,PE,NIFTY24AUG20850PE,0.00,0.00,0.00,18.05,18.05,18.05,24044.50,8.30,1875,0,0,0.00,0,F1,25,,,,,
2024-06-27,2024-06-27,FO,NSE,IDO,74653,,NIFTY,,2024-08-29,2024-08-29,24350.00,PE,NIFTY24AUG24350PE,0.00,0.00,0.00,865.20,865.20,865.20,24044.50,683.45,25,0,0,0.00,0,F1,25,,,,,
2024-06-27,2024-06-27,FO,NSE,IDO,65375,,NIFTY,,2024-07-25,2024-07-25,24350.00,PE,NIFTY24JUL24350PE,582.00,600.70,465.60,474.35,470.80,546.00,24044.50,474.35,6900,2875,583,362385937.50,212,F1,25,,,,,
2024-06-27,2024-06-27,FO,NSE,IDO,40968,,NIFTY,,2024-08-01,2024-08-01,24350.00,PE,NIFTY2480124350PE,0.00,0.00,0.00,896.00,0.00,896.00,24044.50,581.30,0,0,0,0.00,0,F1,25,,,,,
2024-06-27,2024-06-27,FO,NSE,IDO,35721,,NIFTY,,2024-07-11,2024-07-11,23100.00,PE,NIFTY2471123100PE,44.00,50.30,32.40,33.45,32.85,44.90,24044.50,33.45,104350,35725,10551,6103232078.75,4688,F1,25,,,,,
2024-06-27,2024-06-27,FO,NSE,IDO,56744,,NIFTY,,2024-08-29,2024-08-29,23100.00,CE,NIFTY24AUG23100CE,0.00,0.00,0.00,1192.00,1192.00,1192.00,24044.50,1457.30,675,0,0,0.00,0,F1,25,,,,,
2024-06-27,2024-06-27,FO,NSE,IDO,65166,,NIFTY,,2024-07-25,2024-07-25,23100.00,PE,NIFTY24JUL23100PE,109.00,120.50,87.30,92.05,88.25,108.00,24044.50,92.05,369100,53200,15024,8714610127.50,5333,F1,25,,,,,
2024-06-27,2024-06-27,FO,NSE,IDO,64687,,NIFTY,,2024-07-25,2024-07-25,21350.00,CE,NIFTY24JUL21350CE,0.00,0.00,0.00,2478.15,2476.20,2478.15,24044.50,2812.15,2975,0,0,0.00,0,F1,25,,,,,
2024-06-27,2024-06-27,FO,NSE,IDO,58635,,NIFTY,,2026-12-31,2026-12-31,15000.00,PE,NIFTY26DEC15000PE,0.00,0.00,0.00,37.80,37.80,37.80,24044.50,12.35,2150,0,0,0.00,0,F1,25,,,,,
2024-06-27,2024-06-27,FO,NSE,IDO,35688,,NIFTY,,2024-07-11,2024-07-11,22750.00,CE,NIFTY2471122750CE,0.00,0.00,0.00,1062.05,1061.55,1062.05,24044.50,1369.90,450,0,0,0.00,0,F1,25,,,,,
2024-06-27,2024-06-27,FO,NSE,IDO,36617,,NIFTY,,2024-07-18,2024-07-18,22750.00,PE,NIFTY2471822750PE,0.00,0.00,0.00,194.55,0.00,194.55,24044.50,32.05,0,0,0,0.00,0,F1,25,,,,,
2024-06-27,2024-06-27,FO,NSE,IDO,35632,,NIFTY,,2024-07-11,2024-07-11,22200.00,PE,NIFTY2471122200PE,9.50,13.40,6.10,8.20,7.50,10.20,24044.50,8.20,14175,5550,2102,1167035668.75,642,F1,25,,,,,
2024-06-27,2024-06-27,FO,NSE,IDO,36731,,NIFTY,,2024-07-18,2024-07-18,23850.00,PE,NIFTY2471823850PE,266.15,292.60,205.80,215.25,211.50,260.35,24044.50,215.25,4300,2325,302,181943731.25,139,F1,25,,,,,
2024-06-27,2024-06-27,FO,NSE,IDO,74610,,NIFTY,,2024-08-29,2024-08-29,23850.00,PE,NIFTY24AUG23850PE,414.30,450.95,385.15,441.20,441.20,420.15,24044.50,441.20,4025,-350,193,117034582.50,52,F1,25,,,,,
2024-06-27,2024-06-27,FO,NSE,IDO,74609,,NIFTY,,2024-08-29,2024-08-29,23850.00,CE,NIFTY24AUG23850CE,654.00,749.90,613.85,724.30,727.75,654.05,24044.50,724.30,2725,1325,222,136271170.00,62,F1,25,,,,,
2024-06-27,2024-06-27,FO,NSE,IDO,40878,,NIFTY,,2024-08-01,2024-08-01,23050.00,PE,NIFTY2480123050PE,0.00,0.00,0.00,261.30,0.00,261.30,24044.50,119.25,0,0,0,0.00,0,F1,25,,,,,
2024-06-27,2024-06-27,FO,NSE,IDO,35776,,NIFTY,,2024-07-11,2024-07-11,23700.00,CE,NIFTY2471123700CE,410.15,485.00,342.10,465.15,481.50,385.15,24044.50,465.15,68175,-9850,6614,3987282695.00,2318,F1,25,,,,,
2024-06-27,2024-06-27,FO,NSE,IDO,40921,,NIFTY,,2024-08-01,2024-08-01,23700.00,CE,NIFTY2480123700CE,652.45,656.55,591.35,591.35,591.35,584.75,24044.50,799.55,50,50,4,2432726.25,4,F1,25,,,,,
2024-06-27,2024-06-27,FO,NSE,IDO,74604,,NIFTY,,2024-08-29,2024-08-29,23700.00,PE,NIFTY24AUG23700PE,372.45,389.40,323.70,331.70,326.85,363.85,24044.50,331.70,35050,7825,1785,1073146297.50,868,F1,25,,,,,
2024-06-27,2024-06-27,FO,NSE,IDO,64231,,NIFTY,,2024-06-27,2024-06-27,21500.00,CE,NIFTY24JUN21500CE,2321.00,2562.70,2300.00,2548.15,2545.70,2374.50,24044.50,24044.50,172825,-45400,4488,2692263110.00,2279,F1,25,,,,,
2024-06-27,2024-06-27,FO,NSE,IDO,36698,,NIFTY,,2024-07-18,2024-07-18,23750.00,PE,NIFTY2471823750PE,231.30,241.95,176.50,181.95,188.85,221.35,24044.50,181.95,5375,2375,224,134105910.00,81,F1,25,,,,,
2024-06-27,2024-06-27,FO,NSE,IDO,37758,,NIFTY,,2024-06-27,2024-06-27,20000.00,PE,NIFTY24JUN20000PE,0.20,0.20,0.05,0.10,0.05,0.35,24044.50,24044.50,4337025,-924475,344731,172366381568.75,18715,F1,25,,,,,
2024-06-27,2024-06-27,FO,NSE,IDO,35876,,NIFTY,,2024-07-11,2024-07-11,24950.00,PE,NIFTY2471124950PE,0.00,0.00,0.00,1194.65,1194.65,1194.65,24044.50,903.65,100,0,0,0.00,0,F1,25,,,,,
2024-06-27,2024-06-27,FO,NSE,IDO,35751,,NIFTY,,2024-07-11,2024-07-11,23450.00,PE,NIFTY2471123450PE,94.05,104.30,67.20,68.90,67.95,93.90,24044.50,68.90,24350,7825,3063,1801862001.25,756,F1,25,,,,,
2024-06-27,2024-06-27,FO,NSE,IDO,64366,,NIFTY,,2024-06-27,2024-06-27,23450.00,CE,NIFTY24JUN23450CE,414.00,610.20,346.15,593.65,596.30,423.55,24044.50,24044.50,532925,-100275,16641,9956903008.75,7115,F1,25,,,,,
2024-06-27,2024-06-27,FO,NSE,IDO,64093,,NIFTY,,2024-06-27,2024-06-27,20350.00,PE,NIFTY24JUN20350PE,0.20,0.35,0.05,0.05,0.05,0.35,24044.50,24044.50,32450,3750,3219,1637674850.00,308,F1,25,,,,,
2024-06-27,2024-06-27,FO,NSE,IDO,56634,,NIFTY,,2024-08-29,2024-08-29,20350.00,CE,NIFTY24AUG20350CE,0.00,0.00,0.00,2534.90,0.00,2534.90,24044.50,3952.65,0,0,0,0.00,0,F1,25,,,,,
2024-06-27,2024-06-27,FO,NSE,IDO,56727,,NIFTY,,2024-08-29,2024-08-29,22650.00,PE,NIFTY24AUG22650PE,0.00,0.00,0.00,515.60,0.00,515.60,24044.50,134.00,0,0,0,0.00,0,F1,25,,,,,
2024-06-27,2024-06-27,FO,NSE,IDO,35685,,NIFTY,,2024-07-11,2024-07-11,22650.00,PE,NIFTY2471122650PE,16.05,20.30,12.55,15.65,15.80,19.45,24044.50,15.65,8550,2950,187,105961396.25,63,F1,25,,,,,
2024-06-27,2024-06-27,FO,NSE,IDO,64297,,NIFTY,,2024-06-27,2024-06-27,22650.00,PE,NIFTY24JUN22650PE,0.40,0.50,0.05,0.05,0.05,0.60,24044.50,24044.50,845625,-62775,367126,207887715431.25,30244,F1,25,,,,,
2024-06-27,2024-06-27,FO,NSE,IDO,56726,,NIFTY,,2024-08-29,2024-08-29,22650.00,CE,NIFTY24AUG22650CE,1505.05,1505.05,1505.05,1505.05,1505.05,1422.30,24044.50,1812.45,75,-25,2,1207752.50,2,F1,25,,,,,
2024-06-27,2024-06-27,FO,NSE,IDO,35887,,NIFTY,,2024-07-11,2024-07-11,25050.00,PE,NIFTY2471125050PE,0.00,0.00,0.00,2084.35,0.00,2084.35,24044.50,989.75,0,0,0,0.00,0,F1,25,,,,,
2024-06-27,2024-06-27,FO,NSE,IDO,74702,,NIFTY,,2024-08-29,2024-08-29,25050.00,PE,NIFTY24AUG25050PE,0.00,0.00,0.00,2191.55,0.00,2191.55,24044.50,1093.00,0,0,0,0.00,0,F1,25,,,,,
2024-06-27,2024-06-27,FO,NSE,IDO,56656,,NIFTY,,2024-08-29,2024-08-29,20900.00,CE,NIFTY24AUG20900CE,0.00,0.00,0.00,2035.70,0.00,2035.70,24044.50,3415.70,0,0,0,0.00,0,F1,25,,,,,
2024-06-27,2024-06-27,FO,NSE,IDO,56657,,NIFTY,,2024-08-29,2024-08-29,20900.00,PE,NIFTY24AUG20900PE,28.75,30.00,28.60,29.70,29.70,35.00,24044.50,9.15,1250,-1125,80,41859488.75,13,F1,25,,,,,
2024-06-27,2024-06-27,FO,NSE,IDO,64378,,NIFTY,,2024-06-27,2024-06-27,23550.00,CE,NIFTY24JUN23550CE,335.40,511.20,251.00,490.25,495.20,327.25,24044.50,24044.50,1692800,-159775,66585,39825425657.50,29895,F1,25,,,,,
2024-06-27,2024-06-27,FO,NSE,IDO,40915,,NIFTY,,2024-08-01,2024-08-01,23550.00,CE,NIFTY2480123550CE,710.10,710.10,710.10,710.10,710.10,729.75,24044.50,899.15,225,0,1,606502.50,1,F1,25,,,,,
2024-06-27,2024-06-27,FO,NSE,IDO,41853,,NIFTY,,2024-07-04,2024-07-04,22050.00,PE,NIFTY2470422050PE,3.00,5.90,1.45,3.80,4.80,3.00,24044.50,3.80,306625,277100,26710,14726239836.25,5735,F1,25,,,,,
2024-06-27,2024-06-27,FO,NSE,IDO,64894,,NIFTY,,2024-07-25,2024-07-25,22000.00,PE,NIFTY24JUL22000PE,40.00,40.00,23.00,24.95,24.10,25.40,24044.50,24.95,2392925,470575,80152,44135114885.00,22295,F1,25,,,,,
2024-06-27,2024-06-27,FO,NSE,IDO,74630,,NIFTY,,2024-08-29,2024-08-29,24000.00,PE,NIFTY24AUG24000PE,485.00,505.10,423.90,432.65,427.00,475.30,24044.50,432.65,364175,129125,16049,9812956977.50,8026,F1,25,,,,,
2024-06-27,2024-06-27,FO,NSE,IDO,58622,,NIFTY,,2025-12-24,2025-12-24,22000.00,CE,NIFTY25DEC22000CE,0.00,0.00,0.00,3949.00,3949.00,3949.00,24044.50,4740.80,3100,0,0,0.00,0,F1,25,,,,,
2024-06-27,2024-06-27,FO,NSE,IDO,65296,,NIFTY,,2024-07-25,2024-07-25,24000.00,PE,NIFTY24JUL24000PE,364.05,396.10,298.00,306.65,302.65,360.60,24044.50,306.65,3007950,1503875,240610,146397348830.00,77227,F1,25,,,,,
2024-06-27,2024-06-27,FO,NSE,IDO,58618,,NIFTY,,2025-06-26,2025-06-26,22000.00,CE,NIFTY25JUN22000CE,0.00,0.00,0.00,2088.15,0.00,2088.15,24044.50,3942.60,0,0,0,0.00,0,F1,25,,,,,
2024-06-27,2024-06-27,FO,NSE,IDO,67782,,NIFTY,,2028-12-28,2028-12-28,24000.00,CE,NIFTY28DEC24000CE,0.00,0.00,0.00,5850.30,0.00,5850.30,24044.50,7506.50,0,0,0,0.00,0,F1,25,,,,,
2024-06-27,2024-06-27,FO,NSE,IDO,64322,,NIFTY,,2024-06-27,2024-06-27,22900.00,CE,NIFTY24JUN22900CE,930.00,1159.75,898.30,1140.55,1146.90,972.20,24044.50,24044.50,274700,-7975,2698,1616114516.25,1063,F1,25,,,,,
2024-06-27,2024-06-27,FO,NSE,IDO,56736,,NIFTY,,2024-08-29,2024-08-29,22900.00,CE,NIFTY24AUG22900CE,1374.05,1374.10,1282.10,1360.00,1360.00,1333.25,24044.50,1610.90,750,-175,10,6062330.00,8,F1,25,,,,,
2024-06-27,2024-06-27,FO,NSE,IDO,64416,,NIFTY,,2024-07-25,2024-07-25,20800.00,CE,NIFTY24JUL20800CE,3158.00,3314.95,3158.00,3286.65,3314.95,3130.00,24044.50,3286.65,8425,750,41,24608091.25,9,F1,25,,,,,
2024-06-27,2024-06-27,FO,NSE,IDO,56653,,NIFTY,,2024-08-29,2024-08-29,20800.00,PE,NIFTY24AUG20800PE,0.00,0.00,0.00,32.00,32.00,32.00,24044.50,7.55,1875,0,0,0.00,0,F1,25,,,,,
2024-06-27,2024-06-27,FO,NSE,IDO,42012,,NIFTY,,2024-07-04,2024-07-04,23050.00,PE,NIFTY2470423050PE,14.35,15.75,9.25,10.40,10.50,15.35,24044.50,10.40,237775,123875,72265,41662738618.75,17459,F1,25,,,,,
2024-06-27,2024-06-27,FO,NSE,IDO,35713,,NIFTY,,2024-07-11,2024-07-11,23050.00,PE,NIFTY2471123050PE,38.65,44.30,29.45,30.60,36.05,41.20,24044.50,30.60,22000,14125,1362,785987293.75,444,F1,25,,,,,
2024-06-27,2024-06-27,FO,NSE,IDO,42011,,NIFTY,,2024-07-04,2024-07-04,23050.00,CE,NIFTY2470423050CE,850.00,1004.10,850.00,997.45,988.70,861.35,24044.50,997.45,5875,-50,19,11399880.00,13,F1,25,,,,,
2024-06-27,2024-06-27,FO,NSE,IDO,69027,,NIFTY,,2024-07-04,2024-07-04,25300.00,PE,NIFTY2470425300PE,0.00,0.00,0.00,1528.55,1533.35,1528.55,24044.50,1225.00,600,0,0,0.00,0,F1,25,,,,,
2024-06-27,2024-06-27,FO,NSE,IDO,36577,,NIFTY,,2024-07-18,2024-07-18,22400.00,PE,NIFTY2471822400PE,22.85,29.50,20.05,20.40,20.45,22.85,24044.50,20.40,6375,1100,69,38678533.75,14,F1,25,,,,,
2024-06-27,2024-06-27,FO,NSE,IDO,64279,,NIFTY,,2024-06-27,2024-06-27,22400.00,CE,NIFTY24JUN22400CE,1440.00,1698.60,1395.45,1637.10,1647.60,1472.70,24044.50,24044.50,183975,-2350,1740,1041995725.00,558,F1,25,,,,,
2024-06-27,2024-06-27,FO,NSE,IDO,65587,,NIFTY,,2024-07-25,2024-07-25,25150.00,PE,NIFTY24JUL25150PE,0.00,0.00,0.00,1347.70,1347.70,1347.70,24044.50,1101.35,575,0,0,0.00,0,F1,25,,,,,
2024-06-27,2024-06-27,FO,NSE,IDO,69017,,NIFTY,,2024-07-04,2024-07-04,25150.00,PE,NIFTY2470425150PE,0.00,0.00,0.00,1400.00,1400.00,1400.00,24044.50,1078.90,750,0,0,0.00,0,F1,25,,,,,
2024-06-27,2024-06-27,FO,NSE,IDO,41922,,NIFTY,,2024-07-04,2024-07-04,22400.00,CE,NIFTY2470422400CE,1490.00,1629.10,1490.00,1627.80,1629.10,1494.00,24044.50,1627.80,3950,1200,71,42547490.00,44,F1,25,,,,,
2024-06-27,2024-06-27,FO,NSE,IDO,40810,,NIFTY,,2024-08-01,2024-08-01,22400.00,CE,NIFTY2480122400CE,0.00,0.00,0.00,1464.90,0.00,1464.90,24044.50,1840.05,0,0,0,0.00,0,F1,25,,,,,
2024-06-27,2024-06-27,FO,NSE,IDO,64414,,NIFTY,,2024-06-27,2024-06-27,23900.00,PE,NIFTY24JUN23900PE,96.05,140.15,0.05,0.70,0.10,92.60,24044.50,24044.50,7606675,4281925,44996621,26914860596405.00,8532198,F1,25,,,,,
2024-06-27,2024-06-27,FO,NSE,IDO,40934,,NIFTY,,2024-08-01,2024-08-01,23900.00,CE,NIFTY2480123900CE,448.85,519.45,448.85,512.35,519.45,542.10,24044.50,512.35,75,50,6,3657216.25,6,F1,25,,,,,
2024-06-27,2024-06-27,FO,NSE,IDO,64413,,NIFTY,,2024-06-27,2024-06-27,23900.00,CE,NIFTY24JUN23900CE,49.75,175.10,31.35,135.15,145.00,61.65,24044.50,24044.50,4208250,-2750425,25064376,15024496738036.25,6887507,F1,25,,,,,
2024-06-27,2024-06-27,FO,NSE,IDO,35514,,NIFTY,,2024-07-11,2024-07-11,21200.00,PE,NIFTY2471121200PE,5.50,5.50,3.05,3.90,3.20,4.50,24044.50,3.90,23350,16000,1071,567726578.75,112,F1,25,,,,,
2024-06-27,2024-06-27,FO,NSE,IDO,56669,,NIFTY,,2024-08-29,2024-08-29,21200.00,PE,NIFTY24AUG21200PE,21.45,38.50,21.45,38.50,38.50,21.65,24044.50,38.50,8425,0,6,3183730.00,5,F1,25,,,,,
2024-06-27,2024-06-27,FO,NSE,IDO,74611,,NIFTY,,2024-08-29,2024-08-29,23900.00,CE,NIFTY24AUG23900CE,600.00,708.80,598.85,696.40,697.05,621.80,24044.50,696.40,28075,3250,806,494864660.00,342,F1,25,,,,,
2024-06-27,2024-06-27,FO,NSE,IDO,35505,,NIFTY,,2024-07-11,2024-07-11,21200.00,CE,NIFTY2471121200CE,0.00,0.00,0.00,1804.35,0.00,1804.35,24044.50,2902.25,0,0,0,0.00,0,F1,25,,,,,
2024-06-27,2024-06-27,FO,NSE,IDO,64174,,NIFTY,,2024-06-27,2024-06-27,21200.00,CE,NIFTY24JUN21200CE,2626.25,2859.45,2625.65,2843.60,2851.05,2680.00,24044.50,24044.50,2900,-6200,320,191747746.25,104,F1,25,,,,,
2024-06-27,2024-06-27,FO,NSE,IDO,64429,,NIFTY,,2024-06-27,2024-06-27,24150.00,PE,NIFTY24JUN24150PE,335.30,361.60,90.85,113.60,105.00,286.50,24044.50,24044.50,890400,874150,836625,508263442156.25,308302,F1,25,,,,,
2024-06-27,2024-06-27,FO,NSE,IDO,40948,,NIFTY,,2024-08-01,2024-08-01,24150.00,PE,NIFTY2480124150PE,0.00,0.00,0.00,768.05,0.00,768.05,24044.50,477.75,0,0,0,0.00,0,F1,25,,,,,
2024-06-27,2024-06-27,FO,NSE,IDO,35810,,NIFTY,,2024-07-11,2024-07-11,24150.00,PE,NIFTY2471124150PE,359.20,383.80,280.05,293.55,282.00,488.15,24044.50,293.55,4450,4050,558,341235915.00,178,F1,25,,,,,
2024-06-27,2024-06-27,FO,NSE,IDO,64452,,NIFTY,,2024-06-27,2024-06-27,24650.00,PE,NIFTY24JUN24650PE,789.90,803.70,593.45,610.60,603.50,779.55,24044.50,24044.50,3300,425,339,214585358.75,202,F1,25,,,,,
2024-06-27,2024-06-27,FO,NSE,IDO,65491,,NIFTY,,2024-07-25,2024-07-25,24650.00,PE,NIFTY24JUL24650PE,678.35,683.35,659.70,675.30,659.70,749.15,24044.50,675.30,2800,-275,277,175397337.50,125,F1,25,,,,,
2024-06-27,2024-06-27,FO,NSE,IDO,74674,,NIFTY,,2024-08-29,2024-08-29,24650.00,CE,NIFTY24AUG24650CE,0.00,0.00,0.00,200.10,200.10,200.10,24044.50,549.45,1375,0,0,0.00,0,F1,25,,,,,
2024-06-27,2024-06-27,FO,NSE,IDO,63913,,NIFTY,,2024-07-04,2024-07-04,24400.00,CE,NIFTY2470424400CE,32.00,47.60,20.20,33.95,35.00,26.20,24044.50,33.95,1727075,1066475,423880,258898857200.00,98005,F1,25,,,,,
2024-06-27,2024-06-27,FO,NSE,IDO,35825,,NIFTY,,2024-07-11,2024-07-11,24400.00,CE,NIFTY2471124400CE,65.00,106.50,58.25,94.90,97.00,70.00,24044.50,94.90,153200,75375,16978,10393099832.50,7445,F1,25,,,,,
2024-06-27,2024-06-27,FO,NSE,IDO,65376,,NIFTY,,2024-07-25,2024-07-25,24400.00,CE,NIFTY24JUL24400CE,160.00,221.40,149.40,206.05,198.05,168.80,24044.50,206.05,413200,11050,18719,11509118033.75,6930,F1,25,,,,,
2024-06-27,2024-06-27,FO,NSE,IDO,36934,,NIFTY,,2024-07-18,2024-07-18,25400.00,CE,NIFTY2471825400CE,11.00,16.75,10.05,11.50,12.85,10.55,24044.50,11.50,4775,4700,223,141671532.50,59,F1,25,,,,,
2024-06-27,2024-06-27,FO,NSE,IDO,40966,,NIFTY,,2024-08-01,2024-08-01,24300.00,PE,NIFTY2480124300PE,0.00,0.00,0.00,863.05,0.00,863.05,24044.50,554.25,0,0,0,0.00,0,F1,25,,,,,
2024-06-27,2024-06-27,FO,NSE,IDO,65333,,NIFTY,,2024-07-25,2024-07-25,24300.00,CE,NIFTY24JUL24300CE,192.45,266.00,182.20,249.05,245.00,205.55,24044.50,249.05,315100,25900,23461,14388062712.50,6853,F1,25,,,,,
2024-06-27,2024-06-27,FO,NSE,IDO,36802,,NIFTY,,2024-07-18,2024-07-18,24300.00,CE,NIFTY2471824300CE,222.00,222.00,176.60,186.10,181.65,227.75,24044.50,186.10,275,275,16,9795336.25,9,F1,25,,,,,
2024-06-27,2024-06-27,FO,NSE,IDO,41055,,NIFTY,,2024-08-01,2024-08-01,24900.00,PE,NIFTY2480124900PE,0.00,0.00,0.00,1297.50,0.00,1297.50,24044.50,927.25,0,0,0,0.00,0,F1,25,,,,,
2024-06-27,2024-06-27,FO,NSE,IDO,41051,,NIFTY,,2024-08-01,2024-08-01,24900.00,CE,NIFTY2480124900CE,0.00,0.00,0.00,172.50,0.00,172.50,24044.50,245.70,0,0,0,0.00,0,F1,25,,,,,
2024-06-27,2024-06-27,FO,NSE,IDO,64155,,NIFTY,,2024-07-25,2024-07-25,20350.00,CE,NIFTY24JUL20350CE,3564.35,3720.00,3564.35,3720.00,3720.00,3449.30,24044.50,3805.25,5150,25,2,1199608.75,2,F1,25,,,,,
2024-06-27,2024-06-27,FO,NSE,IDO,64088,,NIFTY,,2024-06-27,2024-06-27,20350.00,CE,NIFTY24JUN20350CE,3800.70,3800.70,3534.15,3613.50,3613.50,3164.20,24044.50,24044.50,5175,-75,8,4790160.00,6,F1,25,,,,,
2024-06-27,2024-06-27,FO,NSE,IDO,41577,,NIFTY,,2024-07-04,2024-07-04,20350.00,CE,NIFTY2470420350CE,0.00,0.00,0.00,3233.70,3238.55,3233.70,24044.50,3722.25,150,0,0,0.00,0,F1,25,,,,,
2024-06-27,2024-06-27,FO,NSE,IDO,64471,,NIFTY,,2024-06-27,2024-06-27,24900.00,PE,NIFTY24JUN24900PE,1087.85,1087.85,843.45,854.35,856.05,1000.05,24044.50,24044.50,3325,150,267,172356235.00,135,F1,25,,,,,
2024-06-27,2024-06-27,FO,NSE,IDO,65534,,NIFTY,,2024-07-25,2024-07-25,24900.00,CE,NIFTY24JUL24900CE,52.45,74.50,47.25,65.80,66.15,54.35,24044.50,65.80,174075,34300,16595,10355675080.00,8319,F1,25,,,,,
2024-06-27,2024-06-27,FO,NSE,IDO,36894,,NIFTY,,2024-07-18,2024-07-18,24900.00,PE,NIFTY2471824900PE,0.00,0.00,0.00,1432.20,0.00,1432.20,24044.50,885.65,0,0,0,0.00,0,F1,25,,,,,
2024-06-27,2024-06-27,FO,NSE,IDO,41679,,NIFTY,,2024-07-04,2024-07-04,20850.00,PE,NIFTY2470420850PE,2.10,2.65,1.30,1.95,2.05,2.30,24044.50,1.95,6775,3175,566,295051757.50,133,F1,25,,,,,
2024-06-27,2024-06-27,FO,NSE,IDO,64506,,NIFTY,,2024-06-27,2024-06-27,25400.00,CE,NIFTY24JUN25400CE,0.20,0.35,0.05,0.05,0.05,0.20,24044.50,24044.50,324925,181350,92172,58529671795.00,5927,F1,25,,,,,
2024-06-27,2024-06-27,FO,NSE,IDO,74650,,NIFTY,,2024-08-29,2024-08-29,24300.00,CE,NIFTY24AUG24300CE,385.00,479.70,385.00,462.80,466.75,405.95,24044.50,462.80,11450,350,931,575927767.50,238,F1,25,,,,,
2024-06-27,2024-06-27,FO,NSE,IDO,36809,,NIFTY,,2024-07-18,2024-07-18,24300.00,PE,NIFTY2471824300PE,0.00,0.00,0.00,959.60,0.00,959.60,24044.50,478.85,0,0,0,0.00,0,F1,25,,,,,
2024-06-27,2024-06-27,FO,NSE,IDO,69005,,NIFTY,,2024-07-04,2024-07-04,24900.00,PE,NIFTY2470424900PE,1004.40,1004.40,845.00,876.05,845.00,1133.10,24044.50,876.05,1175,250,29,18731436.25,14,F1,25,,,,,
2024-06-27,2024-06-27,FO,NSE,IDO,74692,,NIFTY,,2024-08-29,2024-08-29,24900.00,CE,NIFTY24AUG24900CE,237.20,237.20,187.05,214.55,215.35,96.70,24044.50,214.55,2425,2425,118,74068325.00,42,F1,25,,,,,
2024-06-27,2024-06-27,FO,NSE,IDO,36893,,NIFTY,,2024-07-18,2024-07-18,24900.00,CE,NIFTY2471824900CE,0.00,0.00,0.00,104.55,0.00,104.55,24044.50,131.80,0,0,0,0.00,0,F1,25,,,,,
2024-06-27,2024-06-27,FO,NSE,IDO,74693,,NIFTY,,2024-08-29,2024-08-29,24900.00,PE,NIFTY24AUG24900PE,0.00,0.00,0.00,2059.60,0.00,2059.60,24044.50,996.40,0,0,0,0.00,0,F1,25,,,,,
2024-06-27,2024-06-27,FO,NSE,IDO,41106,,NIFTY,,2024-08-01,2024-08-01,25350.00,CE,NIFTY2480125350CE,41.60,56.85,34.00,35.75,35.75,39.65,24044.50,35.75,7050,4075,280,177769008.75,42,F1,25,,,,,
2024-06-27,2024-06-27,FO,NSE,IDO,35566,,NIFTY,,2024-07-11,2024-07-11,21800.00,PE,NIFTY2471121800PE,8.90,8.90,4.85,5.35,5.50,6.35,24044.50,5.35,23175,1850,966,526605333.75,159,F1,25,,,,,
2024-06-27,2024-06-27,FO,NSE,IDO,64257,,NIFTY,,2024-06-27,2024-06-27,21800.00,CE,NIFTY24JUN21800CE,2024.95,2260.00,1996.15,2242.20,2249.05,2069.80,24044.50,24044.50,120150,-6325,1381,827243087.50,255,F1,25,,,,,
2024-06-27,2024-06-27,FO,NSE,IDO,69020,,NIFTY,,2024-07-04,2024-07-04,25250.00,CE,NIFTY2470425250CE,1.75,1.95,0.85,0.95,1.20,1.70,24044.50,0.95,416400,383500,34440,21741124392.50,3125,F1,25,,,,,
2024-06-27,2024-06-27,FO,NSE,IDO,36888,,NIFTY,,2024-07-18,2024-07-18,24850.00,CE,NIFTY2471824850CE,0.00,0.00,0.00,112.10,0.00,112.10,24044.50,143.15,0,0,0,0.00,0,F1,25,,,,,
2024-06-27,2024-06-27,FO,NSE,IDO,41037,,NIFTY,,2024-08-01,2024-08-01,24850.00,CE,NIFTY2480124850CE,0.00,0.00,0.00,193.80,193.80,193.80,24044.50,260.40,50,0,0,0.00,0,F1,25,,,,,
2024-06-27,2024-06-27,FO,NSE,IDO,74691,,NIFTY,,2024-08-29,2024-08-29,24850.00,PE,NIFTY24AUG24850PE,0.00,0.00,0.00,2016.10,0.00,2016.10,24044.50,965.25,0,0,0,0.00,0,F1,25,,,,,
2024-06-27,2024-06-27,FO,NSE,IDO,35806,,NIFTY,,2024-07-11,2024-07-11,24050.00,PE,NIFTY2471124050PE,331.10,338.05,228.30,239.10,235.75,312.35,24044.50,239.10,32825,30550,3860,2345544371.25,1148,F1,25,,,,,
2024-06-27,2024-06-27,FO,NSE,IDO,65297,,NIFTY,,2024-07-25,2024-07-25,24050.00,CE,NIFTY24JUL24050CE,294.45,393.55,285.55,375.70,384.60,314.55,24044.50,375.70,35975,15850,4692,2861927837.50,1801,F1,25,,,,,
2024-06-27,2024-06-27,FO,NSE,IDO,36756,,NIFTY,,2024-07-18,2024-07-18,24050.00,CE,NIFTY2471824050CE,267.00,315.35,267.00,307.95,315.35,304.35,24044.50,307.95,600,600,27,16439566.25,7,F1,25,,,,,
2024-06-27,2024-06-27,FO,NSE,IDO,74631,,NIFTY,,2024-08-29,2024-08-29,24050.00,CE,NIFTY24AUG24050CE,514.95,636.50,514.95,598.55,636.50,514.95,24044.50,598.55,1200,1075,82,50508197.50,31,F1,25,,,,,
2024-06-27,2024-06-27,FO,NSE,IDO,64423,,NIFTY,,2024-06-27,2024-06-27,24050.00,CE,NIFTY24JUN24050CE,15.00,69.60,0.05,3.45,0.05,16.55,24044.50,24044.50,16025650,11249525,56540892,34011938111537.50,10012355,F1,25,,,,,
2024-06-27,2024-06-27,FO,NSE,IDO,65268,,NIFTY,,2024-07-25,2024-07-25,23850.00,PE,NIFTY24JUL23850PE,310.00,329.20,246.80,252.60,248.80,299.55,24044.50,252.60,57200,900,5358,3233401557.50,2157,F1,25,,,,,
2024-06-27,2024-06-27,FO,NSE,IDO,36705,,NIFTY,,2024-07-18,2024-07-18,23850.00,CE,NIFTY2471823850CE,344.05,434.95,317.95,434.95,434.95,354.80,24044.50,434.95,1425,475,174,105414550.00,91,F1,25,,,,,
2024-06-27,2024-06-27,FO,NSE,IDO,64412,,NIFTY,,2024-06-27,2024-06-27,23850.00,PE,NIFTY24JUN23850PE,77.00,105.15,0.05,0.45,0.10,67.45,24044.50,24044.50,7215650,2631000,32099135,19155692563708.75,5712570,F1,25,,,,,
2024-06-27,2024-06-27,FO,NSE,IDO,65167,,NIFTY,,2024-07-25,2024-07-25,23150.00,CE,NIFTY24JUL23150CE,916.00,1066.00,916.00,1048.00,1038.15,932.25,24044.50,1048.00,5350,400,159,95959212.50,69,F1,25,,,,,
2024-06-27,2024-06-27,FO,NSE,IDO,56746,,NIFTY,,2024-08-29,2024-08-29,23150.00,CE,NIFTY24AUG23150CE,0.00,0.00,0.00,935.25,935.35,935.25,24044.50,1420.05,550,0,0,0.00,0,F1,25,,,,,
2024-06-27,2024-06-27,FO,NSE,IDO,41929,,NIFTY,,2024-07-04,2024-07-04,22500.00,PE,NIFTY2470422500PE,5.60,5.75,2.70,3.70,3.25,5.60,24044.50,3.70,3679500,2903325,313819,176552365838.75,41236,F1,25,,,,,
2024-06-27,2024-06-27,FO,NSE,IDO,64370,,NIFTY,,2024-06-27,2024-06-27,23500.00,CE,NIFTY24JUN23500CE,365.95,560.00,297.85,539.95,545.60,375.05,24044.50,24044.50,2349650,-895100,221145,132327792852.50,62028,F1,25,,,,,
2024-06-27,2024-06-27,FO,NSE,IDO,41928,,NIFTY,,2024-07-04,2024-07-04,22500.00,CE,NIFTY2470422500CE,1355.00,1555.00,1338.30,1541.90,1544.75,1404.65,24044.50,1541.90,118150,70275,3340,2002619002.50,1121,F1,25,,,,,
2024-06-27,2024-06-27,FO,NSE,IDO,54502,,NIFTY,,2024-07-04,2024-07-04,24300.00,PE,NIFTY2470424300PE,463.05,490.80,302.50,315.45,310.00,436.30,24044.50,315.45,90975,59925,21402,13195356240.00,7881,F1,25,,,,,
2024-06-27,2024-06-27,FO,NSE,IDO,74716,,NIFTY,,2024-08-29,2024-08-29,25400.00,CE,NIFTY24AUG25400CE,0.00,0.00,0.00,53.55,0.00,53.55,24044.50,298.60,0,0,0,0.00,0,F1,25,,,,,
2024-06-27,2024-06-27,FO,NSE,IDO,36942,,NIFTY,,2024-07-18,2024-07-18,25400.00,PE,NIFTY2471825400PE,0.00,0.00,0.00,1873.85,0.00,1873.85,24044.50,1305.05,0,0,0,0.00,0,F1,25,,,,,
2024-06-27,2024-06-27,FO,NSE,IDO,69004,,NIFTY,,2024-07-04,2024-07-04,24900.00,CE,NIFTY2470424900CE,3.80,4.65,1.75,2.65,2.75,3.15,24044.50,2.65,889525,674925,179091,111497874890.00,32664,F1,25,,,,,
2024-06-27,2024-06-27,FO,NSE,IDO,74714,,NIFTY,,2024-08-29,2024-08-29,25350.00,CE,NIFTY24AUG25350CE,0.00,0.00,0.00,56.90,0.00,56.90,24044.50,311.90,0,0,0,0.00,0,F1,25,,,,,
2024-06-27,2024-06-27,FO,NSE,IDO,41016,,NIFTY,,2024-08-01,2024-08-01,24750.00,CE,NIFTY2480124750CE,0.00,0.00,0.00,206.20,0.00,206.20,24044.50,291.85,0,0,0,0.00,0,F1,25,,,,,
2024-06-27,2024-06-27,FO,NSE,IDO,35851,,NIFTY,,2024-07-11,2024-07-11,24750.00,CE,NIFTY2471124750CE,21.70,32.55,12.10,26.60,28.70,20.70,24044.50,26.60,11275,2950,1218,754445490.00,360,F1,25,,,,,
2024-06-27,2024-06-27,FO,NSE,IDO,41839,,NIFTY,,2024-07-04,2024-07-04,21850.00,PE,NIFTY2470421850PE,2.75,8.65,1.15,3.90,3.10,2.85,24044.50,3.90,383700,374225,34320,18750465212.50,5486,F1,25,,,,,
2024-06-27,2024-06-27,FO,NSE,IDO,41837,,NIFTY,,2024-07-04,2024-07-04,21800.00,PE,NIFTY2470421800PE,2.35,6.90,1.50,3.90,2.45,2.75,24044.50,3.90,695175,597725,70402,38375122818.75,12021,F1,25,,,,,
2024-06-27,2024-06-27,FO,NSE,IDO,35563,,NIFTY,,2024-07-11,2024-07-11,21800.00,CE,NIFTY2471121800CE,0.00,0.00,0.00,1277.80,0.00,1277.80,24044.50,2304.20,0,0,0,0.00,0,F1,25,,,,,
2024-06-27,2024-06-27,FO,NSE,IDO,64845,,NIFTY,,2024-07-25,2024-07-25,21800.00,CE,NIFTY24JUL21800CE,2250.00,2266.25,2155.00,2224.00,2224.00,2170.00,24044.50,2368.80,4550,-50,56,33627095.00,18,F1,25,,,,,
2024-06-27,2024-06-27,FO,NSE,IDO,86166,,NIFTY,,2028-06-29,2028-06-29,28000.00,PE,NIFTY28JUN28000PE,0.00,0.00,0.00,3161.35,0.00,3161.35,24044.50,1735.10,0,0,0,0.00,0,F1,25,,,,,
2024-06-27,2024-06-27,FO,NSE,IDO,50546,,NIFTY,,2026-06-25,2026-06-25,28000.00,PE,NIFTY26JUN28000PE,0.00,0.00,0.00,6532.55,0.00,6532.55,24044.50,2404.40,0,0,0,0.00,0,F1,25,,,,,
2024-06-27,2024-06-27,FO,NSE,IDO,86165,,NIFTY,,2028-06-29,2028-06-29,28000.00,CE,NIFTY28JUN28000CE,0.00,0.00,0.00,2596.45,0.00,2596.45,24044.50,4891.00,0,0,0,0.00,0,F1,25,,,,,
2024-06-27,2024-06-27,FO,NSE,IDO,64966,,NIFTY,,2024-07-25,2024-07-25,22350.00,PE,NIFTY24JUL22350PE,39.25,42.35,33.00,34.35,33.00,37.40,24044.50,34.35,9875,-5575,686,383929017.50,190,F1,25,,,,,
2024-06-27,2024-06-27,FO,NSE,IDO,56715,,NIFTY,,2024-08-29,2024-08-29,22350.00,PE,NIFTY24AUG22350PE,0.00,0.00,0.00,128.50,128.50,128.50,24044.50,91.90,50,0,0,0.00,0,F1,25,,,,,
2024-06-27,2024-06-27,FO,NSE,IDO,56714,,NIFTY,,2024-08-29,2024-08-29,22350.00,CE,NIFTY24AUG22350CE,0.00,0.00,0.00,934.45,0.00,934.45,24044.50,2066.60,0,0,0,0.00,0,F1,25,,,,,
2024-06-27,2024-06-27,FO,NSE,IDO,40787,,NIFTY,,2024-08-01,2024-08-01,21950.00,CE,NIFTY2480121950CE,0.00,0.00,0.00,1854.70,0.00,1854.70,24044.50,2263.30,0,0,0,0.00,0,F1,25,,,,,
2024-06-27,2024-06-27,FO,NSE,IDO,40809,,NIFTY,,2024-08-01,2024-08-01,22350.00,PE,NIFTY2480122350PE,0.00,0.00,0.00,102.90,0.00,102.90,24044.50,35.45,0,0,0,0.00,0,F1,25,,,,,
2024-06-27,2024-06-27,FO,NSE,IDO,64277,,NIFTY,,2024-06-27,2024-06-27,22350.00,CE,NIFTY24JUN22350CE,1450.70,1702.00,1450.70,1681.25,1693.40,1520.70,24044.50,24044.50,17100,-6475,313,187980775.00,49,F1,25,,,,,
2024-06-27,2024-06-27,FO,NSE,IDO,64961,,NIFTY,,2024-07-25,2024-07-25,22350.00,CE,NIFTY24JUL22350CE,1700.00,1705.00,1700.00,1705.00,1705.00,1505.60,24044.50,1838.70,3300,1650,80,48101000.00,4,F1,25,,,,,
2024-06-27,2024-06-27,FO,NSE,IDO,64264,,NIFTY,,2024-06-27,2024-06-27,21950.00,PE,NIFTY24JUN21950PE,0.35,0.35,0.05,0.05,0.05,0.55,24044.50,24044.50,90975,-56550,19878,10908134083.75,2478,F1,25,,,,,
2024-06-27,2024-06-27,FO,NSE,IDO,35662,,NIFTY,,2024-07-11,2024-07-11,22350.00,PE,NIFTY2471122350PE,7.65,15.25,7.65,10.40,10.30,12.60,24044.50,10.40,2875,1475,88,49192678.75,21,F1,25,,,,,
2024-06-27,2024-06-27,FO,NSE,IDO,56699,,NIFTY,,2024-08-29,2024-08-29,21950.00,PE,NIFTY24AUG21950PE,0.00,0.00,0.00,262.95,0.00,262.95,24044.50,52.90,0,0,0,0.00,0,F1,25,,,,,
2024-06-27,2024-06-27,FO,NSE,IDO,64867,,NIFTY,,2024-07-25,2024-07-25,21950.00,CE,NIFTY24JUL21950CE,2045.00,2045.00,2045.00,2045.00,2045.00,1876.05,24044.50,2222.40,3000,0,1,599875.00,1,F1,25,,,,,
2024-06-27,2024-06-27,FO,NSE,IDO,35585,,NIFTY,,2024-07-11,2024-07-11,21950.00,CE,NIFTY2471121950CE,0.00,0.00,0.00,1156.80,0.00,1156.80,24044.50,2154.90,0,0,0,0.00,0,F1,25,,,,,
2024-06-27,2024-06-27,FO,NSE,IDO,64280,,NIFTY,,2024-06-27,2024-06-27,22400.00,PE,NIFTY24JUN22400PE,0.40,0.40,0.05,0.05,0.10,0.65,24044.50,24044.50,750125,-112150,153215,85801253193.75,12851,F1,25,,,,,
2024-06-27,2024-06-27,FO,NSE,IDO,36911,,NIFTY,,2024-07-18,2024-07-18,25150.00,CE,NIFTY2471825150CE,41.00,65.00,14.40,16.85,16.85,11.00,24044.50,16.85,2700,-925,118,74246415.00,39,F1,25,,,,,
2024-06-27,2024-06-27,FO,NSE,IDO,64479,,NIFTY,,2024-06-27,2024-06-27,25150.00,CE,NIFTY24JUN25150CE,0.20,0.35,0.05,0.05,0.05,0.20,24044.50,24044.50,268475,53750,81760,51406935175.00,9317,F1,25,,,,,
2024-06-27,2024-06-27,FO,NSE,IDO,64980,,NIFTY,,2024-07-25,2024-07-25,22400.00,PE,NIFTY24JUL22400PE,41.95,46.00,33.60,36.40,33.60,41.05,24044.50,36.40,237100,-22800,20096,11272983755.00,6655,F1,25,,,,,
2024-06-27,2024-06-27,FO,NSE,IDO,69002,,NIFTY,,2024-07-04,2024-07-04,24850.00,CE,NIFTY2470424850CE,5.05,5.65,2.35,3.05,3.00,3.65,24044.50,3.05,306150,239550,56263,34958585220.00,10164,F1,25,,,,,
2024-06-27,2024-06-27,FO,NSE,IDO,41047,,NIFTY,,2024-08-01,2024-08-01,24850.00,PE,NIFTY2480124850PE,0.00,0.00,0.00,1258.35,0.00,1258.35,24044.50,892.35,0,0,0,0.00,0,F1,25,,,,,
2024-06-27,2024-06-27,FO,NSE,IDO,65533,,NIFTY,,2024-07-25,2024-07-25,24850.00,PE,NIFTY24JUL24850PE,0.00,0.00,0.00,1043.40,1044.40,1043.40,24044.50,872.40,2300,0,0,0.00,0,F1,25,,,,,
2024-06-27,2024-06-27,FO,NSE,IDO,35857,,NIFTY,,2024-07-11,2024-07-11,24850.00,CE,NIFTY2471124850CE,14.80,22.45,13.05,18.10,19.00,14.80,24044.50,18.10,13850,5250,1492,927554821.25,368,F1,25,,,,,
2024-06-27,2024-06-27,FO,NSE,IDO,56712,,NIFTY,,2024-08-29,2024-08-29,22300.00,CE,NIFTY24AUG22300CE,0.00,0.00,0.00,1603.10,1602.45,1603.10,24044.50,2110.15,300,0,0,0.00,0,F1,25,,,,,
2024-06-27,2024-06-27,FO,NSE,IDF,35004,,NIFTY,,2024-06-27,2024-06-27,,,NIFTY24JUNFUT,23812.05,24061.75,23792.60,24038.05,24047.10,23867.95,24044.50,24044.50,4717475,-1896125,306976,183835770266.25,131334,F1,25,,,,,
2024-06-27,2024-06-27,FO,NSE,IDO,36672,,NIFTY,,2024-07-18,2024-07-18,23400.00,PE,NIFTY2471823400PE,126.80,134.90,98.95,100.80,98.95,124.90,24044.50,100.80,37000,2700,827,486128693.75,309,F1,25,,,,,
2024-06-27,2024-06-27,FO,NSE,IDO,64108,,NIFTY,,2024-06-27,2024-06-27,20650.00,CE,NIFTY24JUN20650CE,0.00,0.00,0.00,2748.75,2748.75,2748.75,24044.50,24044.50,3525,0,0,0.00,0,F1,25,,,,,
2024-06-27,2024-06-27,FO,NSE,IDO,64399,,NIFTY,,2024-07-25,2024-07-25,20650.00,CE,NIFTY24JUL20650CE,3400.00,3400.00,3400.00,3400.00,3400.00,3300.00,24044.50,3506.95,2850,0,2,1202500.00,1,F1,25,,,,,
2024-06-27,2024-06-27,FO,NSE,IDO,41646,,NIFTY,,2024-07-04,2024-07-04,20650.00,CE,NIFTY2470420650CE,0.00,0.00,0.00,2939.15,2939.85,2939.15,24044.50,3422.65,225,0,0,0.00,0,F1,25,,,,,
2024-06-27,2024-06-27,FO,NSE,IDO,40084,,NIFTY,,2024-06-27,2024-06-27,15000.00,CE,NIFTY24JUN15000CE,8807.90,9333.60,8800.00,9041.65,9059.70,8870.55,24044.50,24044.50,30300,-102575,5452,3266917017.50,2378,F1,25,,,,,
2024-06-27,2024-06-27,FO,NSE,IDO,49174,,NIFTY,,2025-12-24,2025-12-24,15000.00,PE,NIFTY25DEC15000PE,25.55,45.00,25.55,45.00,45.00,24.05,24044.50,3.15,1000,-100,6,2254805.00,2,F1,25,,,,,
2024-06-27,2024-06-27,FO,NSE,IDO,56631,,NIFTY,,2024-08-29,2024-08-29,20250.00,PE,NIFTY24AUG20250PE,0.00,0.00,0.00,24.80,24.80,24.80,24044.50,2.40,750,0,0,0.00,0,F1,25,,,,,
2024-06-27,2024-06-27,FO,NSE,IDO,35631,,NIFTY,,2024-07-11,2024-07-11,22200.00,CE,NIFTY2471122200CE,0.00,0.00,0.00,967.95,0.00,967.95,24044.50,1906.75,0,0,0,0.00,0,F1,25,,,,,
2024-06-27,2024-06-27,FO,NSE,IDO,41942,,NIFTY,,2024-07-04,2024-07-04,22750.00,CE,NIFTY2470422750CE,1232.00,1260.25,1220.00,1257.00,1257.00,1129.45,24044.50,1257.00,2525,575,83,49769212.50,38,F1,25,,,,,
2024-06-27,2024-06-27,FO,NSE,IDO,41886,,NIFTY,,2024-07-04,2024-07-04,22200.00,PE,NIFTY2470422200PE,3.55,6.05,1.95,3.30,2.80,3.70,24044.50,3.30,491000,337000,81615,45302130957.50,13523,F1,25,,,,,
2024-06-27,2024-06-27,FO,NSE,IDO,56709,,NIFTY,,2024-08-29,2024-08-29,22200.00,PE,NIFTY24AUG22200PE,81.50,82.50,71.90,75.25,76.90,80.05,24044.50,75.25,131550,20650,2332,1298709765.00,519,F1,25,,,,,
2024-06-27,2024-06-27,FO,NSE,IDO,40802,,NIFTY,,2024-08-01,2024-08-01,22200.00,CE,NIFTY2480122200CE,0.00,0.00,0.00,1634.20,0.00,1634.20,24044.50,2025.85,0,0,0,0.00,0,F1,25,,,,,
2024-06-27,2024-06-27,FO,NSE,IDO,36795,,NIFTY,,2024-07-18,2024-07-18,24200.00,CE,NIFTY2471824200CE,180.00,249.55,166.45,227.35,231.90,186.10,24044.50,227.35,10725,525,596,363694398.75,241,F1,25,,,,,
2024-06-27,2024-06-27,FO,NSE,IDO,36637,,NIFTY,,2024-07-18,2024-07-18,22850.00,PE,NIFTY2471822850PE,49.95,51.00,49.95,51.00,51.00,221.40,24044.50,40.55,125,125,5,2862572.50,5,F1,25,,,,,
2024-06-27,2024-06-27,FO,NSE,IDO,36634,,NIFTY,,2024-07-18,2024-07-18,22850.00,CE,NIFTY2471822850CE,1222.60,1222.60,1170.05,1170.05,1170.05,929.45,24044.50,1328.35,175,175,7,4210077.50,4,F1,25,,,,,
2024-06-27,2024-06-27,FO,NSE,IDO,65492,,NIFTY,,2024-07-25,2024-07-25,24700.00,CE,NIFTY24JUL24700CE,79.55,118.00,76.45,106.60,106.75,87.50,24044.50,106.60,481200,96375,21551,13361242630.00,7246,F1,25,,,,,
2024-06-27,2024-06-27,FO,NSE,IDO,68992,,NIFTY,,2024-07-04,2024-07-04,24700.00,CE,NIFTY2470424700CE,6.45,11.30,3.15,6.00,6.30,6.30,24044.50,6.00,2159550,1636425,393955,243331016340.00,70194,F1,25,,,,,
2024-06-27,2024-06-27,FO,NSE,IDO,64362,,NIFTY,,2024-06-27,2024-06-27,23400.00,CE,NIFTY24JUN23400CE,460.05,659.80,394.15,643.00,646.25,473.85,24044.50,24044.50,1562125,-520575,54622,32697702510.00,20613,F1,25,,,,,
2024-06-27,2024-06-27,FO,NSE,IDO,54500,,NIFTY,,2024-07-04,2024-07-04,24250.00,PE,NIFTY2470424250PE,411.05,449.00,269.40,281.75,277.45,399.20,24044.50,281.75,31050,24725,9783,6009971293.75,3999,F1,25,,,,,
2024-06-27,2024-06-27,FO,NSE,IDO,64105,,NIFTY,,2024-06-27,2024-06-27,20550.00,PE,NIFTY24JUN20550PE,0.35,0.35,0.05,0.05,0.05,0.45,24044.50,24044.50,10650,-4900,2956,1518655908.75,381,F1,25,,,,,
2024-06-27,2024-06-27,FO,NSE,IDO,40957,,NIFTY,,2024-08-01,2024-08-01,24250.00,CE,NIFTY2480124250CE,0.00,0.00,0.00,350.30,0.00,350.30,24044.50,491.85,0,0,0,0.00,0,F1,25,,,,,
2024-06-27,2024-06-27,FO,NSE,IDO,56642,,NIFTY,,2024-08-29,2024-08-29,20550.00,CE,NIFTY24AUG20550CE,0.00,0.00,0.00,2350.10,0.00,2350.10,24044.50,3756.75,0,0,0,0.00,0,F1,25,,,,,
2024-06-27,2024-06-27,FO,NSE,IDO,64327,,NIFTY,,2024-07-25,2024-07-25,20550.00,CE,NIFTY24JUL20550CE,3470.00,3470.00,3470.00,3470.00,3470.00,3240.20,24044.50,3606.40,1225,0,4,2402000.00,2,F1,25,,,,,
2024-06-27,2024-06-27,FO,NSE,IDO,40958,,NIFTY,,2024-08-01,2024-08-01,24250.00,PE,NIFTY2480124250PE,0.00,0.00,0.00,830.75,0.00,830.75,24044.50,527.95,0,0,0,0.00,0,F1,25,,,,,
2024-06-27,2024-06-27,FO,NSE,IDO,64432,,NIFTY,,2024-06-27,2024-06-27,24250.00,CE,NIFTY24JUN24250CE,1.25,7.90,0.05,0.15,0.05,2.20,24044.50,24044.50,5410350,2368425,14057865,8523236942872.50,1769431,F1,25,,,,,
2024-06-27,2024-06-27,FO,NSE,IDO,35813,,NIFTY,,2024-07-11,2024-07-11,24250.00,CE,NIFTY2471124250CE,98.05,164.35,92.55,145.85,139.75,109.50,24044.50,145.85,41950,36850,5668,3455484102.50,2412,F1,25,,,,,
2024-06-27,2024-06-27,FO,NSE,IDO,41100,,NIFTY,,2024-08-01,2024-08-01,25250.00,CE,NIFTY2480125250CE,0.00,0.00,0.00,112.25,0.00,112.25,24044.50,159.95,0,0,0,0.00,0,F1,25,,,,,
2024-06-27,2024-06-27,FO,NSE,IDO,65520,,NIFTY,,2024-07-25,2024-07-25,24850.00,CE,NIFTY24JUL24850CE,61.60,84.90,53.80,75.55,77.50,61.80,24044.50,75.55,18200,14450,1794,1117675440.00,554,F1,25,,,,,
2024-06-27,2024-06-27,FO,NSE,IDO,64469,,NIFTY,,2024-06-27,2024-06-27,24850.00,PE,NIFTY24JUN24850PE,985.80,1024.20,794.65,803.35,805.30,965.00,24044.50,24044.50,2000,-75,43,27633756.25,38,F1,25,,,,,
2024-06-27,2024-06-27,FO,NSE,IDO,64953,,NIFTY,,2024-07-25,2024-07-25,22300.00,CE,NIFTY24JUL22300CE,1679.25,1833.70,1666.00,1823.35,1813.10,1698.15,24044.50,1823.35,21800,5575,374,224709228.75,217,F1,25,,,,,
2024-06-27,2024-06-27,FO,NSE,IDO,64983,,NIFTY,,2024-07-25,2024-07-25,22450.00,CE,NIFTY24JUL22450CE,1587.90,1618.90,1578.10,1578.10,1578.10,1449.50,24044.50,1744.90,1450,-25,7,4207202.50,4,F1,25,,,,,
2024-06-27,2024-06-27,FO,NSE,IDO,56718,,NIFTY,,2024-08-29,2024-08-29,22450.00,CE,NIFTY24AUG22450CE,0.00,0.00,0.00,874.65,0.00,874.65,24044.50,1980.55,0,0,0,0.00,0,F1,25,,,,,
2024-06-27,2024-06-27,FO,NSE,IDO,64940,,NIFTY,,2024-07-25,2024-07-25,22200.00,PE,NIFTY24JUL22200PE,31.55,35.50,27.30,29.40,27.50,31.50,24044.50,29.40,254900,-36475,15764,8761163817.50,5164,F1,25,,,,,
2024-06-27,2024-06-27,FO,NSE,IDO,65271,,NIFTY,,2024-07-25,2024-07-25,23950.00,CE,NIFTY24JUL23950CE,347.45,454.45,335.65,435.90,440.55,369.90,24044.50,435.90,25500,7675,5136,3126955827.50,2218,F1,25,,,,,
2024-06-27,2024-06-27,FO,NSE,IDO,56703,,NIFTY,,2024-08-29,2024-08-29,22050.00,PE,NIFTY24AUG22050PE,0.00,0.00,0.00,292.15,0.00,292.15,24044.50,61.05,0,0,0,0.00,0,F1,25,,,,,
2024-06-27,2024-06-27,FO,NSE,IDO,64895,,NIFTY,,2024-07-25,2024-07-25,22050.00,CE,NIFTY24JUL22050CE,0.00,0.00,0.00,1810.90,1812.25,1810.90,24044.50,2125.45,3550,0,0,0.00,0,F1,25,,,,,
2024-06-27,2024-06-27,FO,NSE,IDO,64920,,NIFTY,,2024-07-25,2024-07-25,22050.00,PE,NIFTY24JUL22050PE,26.35,27.50,21.95,24.10,23.45,26.35,24044.50,24.10,2725,350,167,92164383.75,54,F1,25,,,,,
2024-06-27,2024-06-27,FO,NSE,IDO,36755,,NIFTY,,2024-07-18,2024-07-18,24000.00,PE,NIFTY2471824000PE,342.00,361.95,261.90,269.35,270.00,325.35,24044.50,269.35,17375,16900,1900,1153891301.25,704,F1,25,,,,,
2024-06-27,2024-06-27,FO,NSE,IDO,35803,,NIFTY,,2024-07-11,2024-07-11,24000.00,CE,NIFTY2471124000CE,200.00,285.50,179.65,262.65,269.95,209.80,24044.50,262.65,259350,104475,58559,35485730438.75,17702,F1,25,,,,,
2024-06-27,2024-06-27,FO,NSE,IDO,71355,,NIFTY,,2024-12-26,2024-12-26,24000.00,PE,NIFTY24DEC24000PE,595.85,626.95,575.00,584.10,585.00,599.30,24044.50,584.10,757200,60675,12133,7459685827.50,4968,F1,25,,,,,
2024-06-27,2024-06-27,FO,NSE,IDO,41576,,NIFTY,,2024-07-04,2024-07-04,20300.00,PE,NIFTY2470420300PE,1.80,2.10,0.80,1.10,1.10,1.90,24044.50,1.10,131475,105600,16473,8360443266.25,1557,F1,25,,,,,
2024-06-27,2024-06-27,FO,NSE,IDO,41015,,NIFTY,,2024-08-01,2024-08-01,24700.00,PE,NIFTY2480124700PE,0.00,0.00,0.00,1144.70,0.00,1144.70,24044.50,791.55,0,0,0,0.00,0,F1,25,,,,,
2024-06-27,2024-06-27,FO,NSE,IDO,44300,,NIFTY,,2024-07-04,2024-07-04,23400.00,CE,NIFTY2470423400CE,519.95,682.75,485.00,661.60,661.50,545.95,24044.50,661.60,197050,-76575,15951,9571703783.75,7332,F1,25,,,,,
2024-06-27,2024-06-27,FO,NSE,IDO,56756,,NIFTY,,2024-08-29,2024-08-29,23400.00,CE,NIFTY24AUG23400CE,922.55,1055.35,920.00,1040.75,1012.45,960.00,24044.50,1040.75,37300,28550,1507,919021427.50,1001,F1,25,,,,,
2024-06-27,2024-06-27,FO,NSE,IDO,35748,,NIFTY,,2024-07-11,2024-07-11,23400.00,CE,NIFTY2471123400CE,570.00,722.10,555.45,709.55,711.20,605.40,24044.50,709.55,13725,-25,1366,821575525.00,557,F1,25,,,,,
2024-06-27,2024-06-27,FO,NSE,IDO,36669,,NIFTY,,2024-07-18,2024-07-18,23400.00,CE,NIFTY2471823400CE,744.05,791.60,669.90,775.40,764.40,685.00,24044.50,775.40,3400,175,246,148285623.75,64,F1,25,,,,,
2024-06-27,2024-06-27,FO,NSE,IDO,41113,,NIFTY,,2024-08-01,2024-08-01,25450.00,PE,NIFTY2480125450PE,0.00,0.00,0.00,1756.90,0.00,1756.90,24044.50,1350.60,0,0,0,0.00,0,F1,25,,,,,
2024-06-27,2024-06-27,FO,NSE,IDO,64474,,NIFTY,,2024-06-27,2024-06-27,24950.00,PE,NIFTY24JUN24950PE,922.95,1007.90,897.00,907.20,905.40,1076.10,24044.50,24044.50,2775,75,33,21342926.25,26,F1,25,,,,,
2024-06-27,2024-06-27,FO,NSE,IDO,58645,,NIFTY,,2026-12-31,2026-12-31,20000.00,PE,NIFTY26DEC20000PE,0.00,0.00,0.00,276.05,276.05,276.05,24044.50,220.35,5650,0,0,0.00,0,F1,25,,,,,
2024-06-27,2024-06-27,FO,NSE,IDO,65538,,NIFTY,,2024-07-25,2024-07-25,24950.00,CE,NIFTY24JUL24950CE,47.95,65.00,42.65,57.80,57.95,48.40,24044.50,57.80,29275,21125,2765,1728607405.00,841,F1,25,,,,,
2024-06-27,2024-06-27,FO,NSE,IDO,38315,,NIFTY,,2024-12-26,2024-12-26,20000.00,PE,NIFTY24DEC20000PE,58.75,69.80,55.55,60.60,60.65,57.60,24044.50,60.60,816525,2025,3062,1535802488.75,1327,F1,25,,,,,
2024-06-27,2024-06-27,FO,NSE,IDO,40928,,NIFTY,,2024-08-01,2024-08-01,23850.00,CE,NIFTY2480123850CE,476.80,476.80,476.80,476.80,476.80,496.40,24044.50,706.50,50,25,1,608170.00,1,F1,25,,,,,
2024-06-27,2024-06-27,FO,NSE,IDO,40929,,NIFTY,,2024-08-01,2024-08-01,23850.00,PE,NIFTY2480123850PE,363.00,363.00,316.15,316.15,316.15,348.20,24044.50,345.40,175,125,9,5441317.50,5,F1,25,,,,,
2024-06-27,2024-06-27,FO,NSE,IDO,56742,,NIFTY,,2024-08-29,2024-08-29,23050.00,CE,NIFTY24AUG23050CE,0.00,0.00,0.00,1078.60,1078.60,1078.60,24044.50,1495.05,325,0,0,0.00,0,F1,25,,,,,
2024-06-27,2024-06-27,FO,NSE,IDO,41010,,NIFTY,,2024-08-01,2024-08-01,24650.00,CE,NIFTY2480124650CE,0.00,0.00,0.00,229.45,0.00,229.45,24044.50,326.05,0,0,0,0.00,0,F1,25,,,,,
2024-06-27,2024-06-27,FO,NSE,IDO,74670,,NIFTY,,2024-08-29,2024-08-29,24600.00,CE,NIFTY24AUG24600CE,325.00,341.50,277.00,319.80,326.35,280.80,24044.50,319.80,6275,2825,222,138236228.75,71,F1,25,,,,,
2024-06-27,2024-06-27,FO,NSE,IDO,49580,,NIFTY,,2024-07-04,2024-07-04,24000.00,CE,NIFTY2470424000CE,116.00,204.75,103.35,182.40,187.50,131.30,24044.50,182.40,3981675,2024175,1836609,1109267185128.75,435654,F1,25,,,,,
2024-06-27,2024-06-27,FO,NSE,IDO,40939,,NIFTY,,2024-08-01,2024-08-01,24000.00,CE,NIFTY2480124000CE,392.45,488.95,367.90,467.10,458.35,404.10,24044.50,467.10,4575,850,1385,846809440.00,471,F1,25,,,,,
2024-06-27,2024-06-27,FO,NSE,IDO,65883,,NIFTY,,2024-09-26,2024-09-26,22000.00,CE,NIFTY24SEP22000CE,2201.40,2376.05,2189.05,2337.35,2343.25,2230.15,24044.50,2337.35,291325,1875,1165,707870277.50,765,F1,25,,,,,
2024-06-27,2024-06-27,FO,NSE,IDO,58615,,NIFTY,,2024-12-26,2024-12-26,22000.00,PE,NIFTY24DEC22000PE,185.00,198.00,179.05,185.80,185.40,183.85,24044.50,185.80,2189075,42550,7855,4356666711.25,3335,F1,25,,,,,
2024-06-27,2024-06-27,FO,NSE,IDO,58627,,NIFTY,,2026-06-25,2026-06-25,22000.00,PE,NIFTY26JUN22000PE,0.00,0.00,0.00,3829.50,0.00,3829.50,24044.50,456.70,0,0,0,0.00,0,F1,25,,,,,
2024-06-27,2024-06-27,FO,NSE,IDO,41795,,NIFTY,,2024-07-04,2024-07-04,21750.00,CE,NIFTY2470421750CE,2240.00,2353.20,2205.00,2305.75,2353.20,2029.35,24044.50,2305.75,3425,2650,124,74373020.00,14,F1,25,,,,,
2024-06-27,2024-06-27,FO,NSE,IDO,36653,,NIFTY,,2024-07-18,2024-07-18,23150.00,CE,NIFTY2471823150CE,0.00,0.00,0.00,732.15,0.00,732.15,24044.50,1066.75,0,0,0,0.00,0,F1,25,,,,,
2024-06-27,2024-06-27,FO,NSE,IDO,74675,,NIFTY,,2024-08-29,2024-08-29,24650.00,PE,NIFTY24AUG24650PE,0.00,0.00,0.00,1230.30,1230.30,1230.30,24044.50,845.90,150,0,0,0.00,0,F1,25,,,,,
2024-06-27,2024-06-27,FO,NSE,IDO,42008,,NIFTY,,2024-07-04,2024-07-04,22950.00,PE,NIFTY2470422950PE,11.45,12.05,7.10,8.65,9.30,12.15,24044.50,8.65,227025,114300,61848,35498986716.25,14528,F1,25,,,,,
2024-06-27,2024-06-27,FO,NSE,IDO,42005,,NIFTY,,2024-07-04,2024-07-04,22950.00,CE,NIFTY2470422950CE,929.55,1067.10,929.55,1029.00,1029.00,959.65,24044.50,1130.30,2950,75,32,19153583.75,18,F1,25,,,,,
2024-06-27,2024-06-27,FO,NSE,IDO,40869,,NIFTY,,2024-08-01,2024-08-01,22950.00,PE,NIFTY2480122950PE,0.00,0.00,0.00,231.65,0.00,231.65,24044.50,102.05,0,0,0,0.00,0,F1,25,,,,,
2024-06-27,2024-06-27,FO,NSE,IDO,68989,,NIFTY,,2024-07-04,2024-07-04,24600.00,PE,NIFTY2470424600PE,743.80,743.80,552.00,565.70,565.00,708.40,24044.50,565.70,14525,11350,1061,668469742.50,393,F1,25,,,,,
2024-06-27,2024-06-27,FO,NSE,IDO,68970,,NIFTY,,2024-07-04,2024-07-04,24600.00,CE,NIFTY2470424600CE,9.70,18.60,7.05,10.80,11.35,9.90,24044.50,10.80,2422250,1756925,405818,249691125351.25,73632,F1,25,,,,,
2024-06-27,2024-06-27,FO,NSE,IDO,69001,,NIFTY,,2024-07-04,2024-07-04,24800.00,PE,NIFTY2470424800PE,910.00,946.15,743.95,757.15,751.70,887.60,24044.50,757.15,44600,43175,1977,1263344921.25,364,F1,25,,,,,
2024-06-27,2024-06-27,FO,NSE,IDO,64467,,NIFTY,,2024-06-27,2024-06-27,24800.00,PE,NIFTY24JUN24800PE,962.80,994.00,744.65,752.65,755.40,929.10,24044.50,24044.50,3525,0,183,117369676.25,111,F1,25,,,,,
2024-06-27,2024-06-27,FO,NSE,IDO,74686,,NIFTY,,2024-08-29,2024-08-29,24800.00,CE,NIFTY24AUG24800CE,0.00,0.00,0.00,185.00,185.00,185.00,24044.50,490.05,125,0,0,0.00,0,F1,25,,,,,
2024-06-27,2024-06-27,FO,NSE,IDO,65514,,NIFTY,,2024-07-25,2024-07-25,24800.00,CE,NIFTY24JUL24800CE,69.00,93.25,60.00,84.25,85.00,68.75,24044.50,84.25,528425,94975,36738,22848582208.75,12682,F1,25,,,,,
2024-06-27,2024-06-27,FO,NSE,IDO,74687,,NIFTY,,2024-08-29,2024-08-29,24800.00,PE,NIFTY24AUG24800PE,0.00,0.00,0.00,1972.90,0.00,1972.90,24044.50,934.60,0,0,0,0.00,0,F1,25,,,,,
2024-06-27,2024-06-27,FO,NSE,IDO,35856,,NIFTY,,2024-07-11,2024-07-11,24800.00,PE,NIFTY2471124800PE,0.00,0.00,0.00,1044.20,1044.20,1044.20,24044.50,779.80,75,0,0,0.00,0,F1,25,,,,,
2024-06-27,2024-06-27,FO,NSE,IDO,69000,,NIFTY,,2024-07-04,2024-07-04,24800.00,CE,NIFTY2470424800CE,4.25,7.20,2.90,3.90,4.05,4.15,24044.50,3.90,1307975,997125,259273,160778599637.50,45954,F1,25,,,,,
2024-06-27,2024-06-27,FO,NSE,IDO,36773,,NIFTY,,2024-07-18,2024-07-18,24100.00,PE,NIFTY2471824100PE,366.50,366.50,306.15,313.20,311.00,820.90,24044.50,313.20,5400,5400,340,207592372.50,86,F1,25,,,,,
2024-06-27,2024-06-27,FO,NSE,IDO,65316,,NIFTY,,2024-07-25,2024-07-25,24100.00,PE,NIFTY24JUL24100PE,430.45,448.65,341.05,347.65,345.00,408.55,24044.50,347.65,171600,116775,15986,9779462571.25,5144,F1,25,,,,,
2024-06-27,2024-06-27,FO,NSE,IDO,64426,,NIFTY,,2024-06-27,2024-06-27,24100.00,CE,NIFTY24JUN24100CE,5.00,45.00,0.05,0.95,0.05,9.80,24044.50,24044.50,14545950,7892000,47337064,28530641867517.50,5850506,F1,25,,,,,
2024-06-27,2024-06-27,FO,NSE,IDO,56708,,NIFTY,,2024-08-29,2024-08-29,22200.00,CE,NIFTY24AUG22200CE,0.00,0.00,0.00,1950.00,1950.00,1950.00,24044.50,2198.05,100,0,0,0.00,0,F1,25,,,,,
2024-06-27,2024-06-27,FO,NSE,IDO,74613,,NIFTY,,2024-08-29,2024-08-29,23950.00,CE,NIFTY24AUG23950CE,617.15,682.15,600.00,644.40,657.60,617.15,24044.50,644.40,2850,1625,134,82314691.25,38,F1,25,,,,,
2024-06-27,2024-06-27,FO,NSE,IDO,35842,,NIFTY,,2024-07-11,2024-07-11,24600.00,PE,NIFTY2471124600PE,651.20,664.20,604.00,604.00,604.00,855.95,24044.50,604.00,275,200,25,15784405.00,5,F1,25,,,,,
2024-06-27,2024-06-27,FO,NSE,IDO,65273,,NIFTY,,2024-07-25,2024-07-25,24000.00,CE,NIFTY24JUL24000CE,329.90,424.85,308.00,403.80,397.35,339.80,24044.50,403.80,2871525,758900,228646,139330499381.25,77712,F1,25,,,,,
2024-06-27,2024-06-27,FO,NSE,IDO,64877,,NIFTY,,2024-07-25,2024-07-25,22000.00,CE,NIFTY24JUL22000CE,1980.00,2120.00,1917.90,2095.10,2100.30,1983.60,24044.50,2095.10,658900,132675,7770,4667379643.75,3359,F1,25,,,,,
2024-06-27,2024-06-27,FO,NSE,IDO,58611,,NIFTY,,2024-06-27,2024-06-27,22000.00,PE,NIFTY24JUN22000PE,0.40,0.40,0.05,0.10,0.10,0.60,24044.50,24044.50,5199350,-1624775,440629,242348039582.50,34215,F1,25,,,,,
2024-06-27,2024-06-27,FO,NSE,IDO,49581,,NIFTY,,2024-07-04,2024-07-04,24000.00,PE,NIFTY2470424000PE,235.00,263.45,138.00,146.80,141.25,227.05,24044.50,146.80,5109375,4319675,1150556,695344038647.50,302212,F1,25,,,,,
2024-06-27,2024-06-27,FO,NSE,IDO,56700,,NIFTY,,2024-08-29,2024-08-29,22000.00,CE,NIFTY24AUG22000CE,2065.00,2235.30,2065.00,2211.25,2217.60,2109.30,24044.50,2211.25,34325,2775,232,140086800.00,91,F1,25,,,,,
2024-06-27,2024-06-27,FO,NSE,IDO,53625,,NIFTY,,2027-12-30,2027-12-30,24000.00,PE,NIFTY27DEC24000PE,0.00,0.00,0.00,1100.00,1100.00,1100.00,24044.50,805.90,50,0,0,0.00,0,F1,25,,,,,
2024-06-27,2024-06-27,FO,NSE,IDO,86148,,NIFTY,,2028-06-29,2028-06-29,22000.00,PE,NIFTY28JUN22000PE,0.00,0.00,0.00,520.05,520.05,520.05,24044.50,453.90,100,0,0,0.00,0,F1,25,,,,,
2024-06-27,2024-06-27,FO,NSE,IDO,40791,,NIFTY,,2024-08-01,2024-08-01,22000.00,CE,NIFTY2480122000CE,0.00,0.00,0.00,1809.90,0.00,1809.90,24044.50,2215.40,0,0,0,0.00,0,F1,25,,,,,
2024-06-27,2024-06-27,FO,NSE,IDO,55116,,NIFTY,,2024-06-27,2024-06-27,18000.00,PE,NIFTY24JUN18000PE,0.30,0.35,0.05,0.10,0.05,0.45,24044.50,24044.50,3545975,-6598525,793670,357153130847.50,30721,F1,25,,,,,
2024-06-27,2024-06-27,FO,NSE,IDO,55121,,NIFTY,,2025-12-24,2025-12-24,18000.00,CE,NIFTY25DEC18000CE,7350.00,7350.00,7350.00,7350.00,7350.00,6790.00,24044.50,7951.15,5675,25,1,633750.00,1,F1,25,,,,,
2024-06-27,2024-06-27,FO,NSE,IDO,35532,,NIFTY,,2024-07-11,2024-07-11,21550.00,PE,NIFTY2471121550PE,5.00,5.00,5.00,5.00,5.00,68.35,24044.50,5.00,25,25,1,538875.00,1,F1,25,,,,,
2024-06-27,2024-06-27,FO,NSE,IDO,64820,,NIFTY,,2024-07-25,2024-07-25,21550.00,PE,NIFTY24JUL21550PE,7.25,22.00,6.75,14.90,14.90,16.45,24044.50,14.90,6300,2800,440,237229046.25,93,F1,25,,,,,
2024-06-27,2024-06-27,FO,NSE,IDO,67783,,NIFTY,,2028-12-28,2028-12-28,24000.00,PE,NIFTY28DEC24000PE,0.00,0.00,0.00,742.35,0.00,742.35,24044.50,725.65,0,0,0,0.00,0,F1,25,,,,,
2024-06-27,2024-06-27,FO,NSE,IDO,65897,,NIFTY,,2024-09-26,2024-09-26,24000.00,CE,NIFTY24SEP24000CE,680.15,800.00,670.20,772.50,788.00,708.50,24044.50,772.50,393775,21725,12550,7764659181.25,6567,F1,25,,,,,
2024-06-27,2024-06-27,FO,NSE,IDO,65892,,NIFTY,,2024-09-26,2024-09-26,22000.00,PE,NIFTY24SEP22000PE,100.30,107.30,90.00,93.95,95.00,101.75,24044.50,93.95,794250,46175,8393,4636582347.50,3660,F1,25,,,,,
2024-06-27,2024-06-27,FO,NSE,IDO,86152,,NIFTY,,2028-06-29,2028-06-29,24000.00,PE,NIFTY28JUN24000PE,0.00,0.00,0.00,1692.75,0.00,1692.75,24044.50,765.90,0,0,0,0.00,0,F1,25,,,,,
2024-06-27,2024-06-27,FO,NSE,IDO,67778,,NIFTY,,2028-12-28,2028-12-28,22000.00,CE,NIFTY28DEC22000CE,0.00,0.00,0.00,6932.45,0.00,6932.45,24044.50,8658.05,0,0,0,0.00,0,F1,25,,,,,
2024-06-27,2024-06-27,FO,NSE,IDO,71301,,NIFTY,,2024-06-27,2024-06-27,24000.00,PE,NIFTY24JUN24000PE,179.65,222.80,0.05,4.25,0.05,158.85,24044.50,24044.50,16716425,14744350,37262839,22396764919762.50,8259921,F1,25,,,,,
2024-06-27,2024-06-27,FO,NSE,IDO,71556,,NIFTY,,2027-06-24,2027-06-24,22000.00,CE,NIFTY27JUN22000CE,0.00,0.00,0.00,2783.50,0.00,2783.50,24044.50,6838.85,0,0,0,0.00,0,F1,25,,,,,
2024-06-27,2024-06-27,FO,NSE,IDO,58626,,NIFTY,,2026-06-25,2026-06-25,22000.00,CE,NIFTY26JUN22000CE,0.00,0.00,0.00,2722.55,0.00,2722.55,24044.50,5485.95,0,0,0,0.00,0,F1,25,,,,,
2024-06-27,2024-06-27,FO,NSE,IDO,86147,,NIFTY,,2028-06-29,2028-06-29,22000.00,CE,NIFTY28JUN22000CE,0.00,0.00,0.00,4759.50,0.00,4759.50,24044.50,8085.90,0,0,0,0.00,0,F1,25,,,,,
2024-06-27,2024-06-27,FO,NSE,IDO,71379,,NIFTY,,2025-06-26,2025-06-26,24000.00,CE,NIFTY25JUN24000CE,2481.00,2481.00,2481.00,2481.00,2481.00,1100.85,24044.50,2595.60,25,25,1,662025.00,1,F1,25,,,,,
2024-06-27,2024-06-27,FO,NSE,IDO,36652,,NIFTY,,2024-07-18,2024-07-18,23100.00,PE,NIFTY2471823100PE,69.30,80.85,60.00,60.30,60.80,74.15,24044.50,60.30,5275,300,101,58490411.25,40,F1,25,,,,,
2024-06-27,2024-06-27,FO,NSE,IDO,35518,,NIFTY,,2024-07-11,2024-07-11,21250.00,PE,NIFTY2471121250PE,4.00,5.00,4.00,4.20,4.00,38.95,24044.50,4.20,250,250,16,8501675.00,4,F1,25,,,,,
2024-06-27,2024-06-27,FO,NSE,IDO,64533,,NIFTY,,2024-07-25,2024-07-25,21250.00,CE,NIFTY24JUL21250CE,0.00,0.00,0.00,2585.60,2586.25,2585.60,24044.50,2911.20,3475,0,0,0.00,0,F1,25,,,,,
2024-06-27,2024-06-27,FO,NSE,IDO,56749,,NIFTY,,2024-08-29,2024-08-29,23200.00,PE,NIFTY24AUG23200PE,230.00,235.00,188.05,205.15,188.05,225.50,24044.50,205.15,49150,22475,2195,1284880755.00,452,F1,25,,,,,
2024-06-27,2024-06-27,FO,NSE,IDO,35741,,NIFTY,,2024-07-11,2024-07-11,23200.00,PE,NIFTY2471123200PE,65.00,65.00,39.50,40.95,40.75,55.30,24044.50,40.95,261350,59800,24152,14037235913.75,6765,F1,25,,,,,
2024-06-27,2024-06-27,FO,NSE,IDO,40891,,NIFTY,,2024-08-01,2024-08-01,23200.00,CE,NIFTY2480123200CE,0.00,0.00,0.00,871.40,0.00,871.40,24044.50,1155.70,0,0,0,0.00,0,F1,25,,,,,
2024-06-27,2024-06-27,FO,NSE,IDO,42018,,NIFTY,,2024-07-04,2024-07-04,23200.00,CE,NIFTY2470423200CE,712.75,872.05,662.90,846.00,858.00,724.10,24044.50,846.00,109200,5500,3907,2342441517.50,1674,F1,25,,,,,
2024-06-27,2024-06-27,FO,NSE,IDO,56748,,NIFTY,,2024-08-29,2024-08-29,23200.00,CE,NIFTY24AUG23200CE,1059.10,1208.60,1052.65,1193.10,1194.60,1095.50,24044.50,1193.10,20675,18300,939,572008908.75,255,F1,25,,,,,
2024-06-27,2024-06-27,FO,NSE,IDO,40892,,NIFTY,,2024-08-01,2024-08-01,23200.00,PE,NIFTY2480123200PE,157.95,167.95,104.00,118.40,132.80,155.00,24044.50,118.40,525,50,13,7585858.75,10,F1,25,,,,,
2024-06-27,2024-06-27,FO,NSE,IDO,40781,,NIFTY,,2024-08-01,2024-08-01,21800.00,CE,NIFTY2480121800CE,0.00,0.00,0.00,1991.00,0.00,1991.00,24044.50,2407.80,0,0,0,0.00,0,F1,25,,,,,
2024-06-27,2024-06-27,FO,NSE,IDO,64258,,NIFTY,,2024-06-27,2024-06-27,21800.00,PE,NIFTY24JUN21800PE,0.20,0.35,0.05,0.10,0.10,0.45,24044.50,24044.50,825950,-58550,55291,30133774491.25,4820,F1,25,,,,,
2024-06-27,2024-06-27,FO,NSE,IDF,35007,,NIFTY,,2024-07-25,2024-07-25,,,NIFTY24JULFUT,23953.60,24121.10,23899.85,24095.85,24105.00,23972.50,24044.50,24095.85,13928225,4337575,484849,291336695878.75,214555,F1,25,,,,,
2024-06-27,2024-06-27,FO,NSE,IDO,65566,,NIFTY,,2024-07-25,2024-07-25,25050.00,CE,NIFTY24JUL25050CE,37.70,50.50,32.10,45.30,47.00,37.70,24044.50,45.30,20250,5825,1360,853119555.00,498,F1,25,,,,,
2024-06-27,2024-06-27,FO,NSE,IDO,40782,,NIFTY,,2024-08-01,2024-08-01,21800.00,PE,NIFTY2480121800PE,0.00,0.00,0.00,28.00,28.00,28.00,24044.50,11.00,375,0,0,0.00,0,F1,25,,,,,
2024-06-27,2024-06-27,FO,NSE,IDO,41836,,NIFTY,,2024-07-04,2024-07-04,21800.00,CE,NIFTY2470421800CE,2054.00,2250.00,2054.00,2241.25,2245.00,2105.00,24044.50,2241.25,2175,650,98,58780437.50,36,F1,25,,,,,
2024-06-27,2024-06-27,FO,NSE,IDO,56693,,NIFTY,,2024-08-29,2024-08-29,21800.00,PE,NIFTY24AUG21800PE,51.45,52.00,47.05,49.90,47.75,50.80,24044.50,49.90,152050,16050,1434,783308378.75,458,F1,25,,,,,
2024-06-27,2024-06-27,FO,NSE,IDO,53635,,NIFTY,,2027-12-30,2027-12-30,28000.00,PE,NIFTY27DEC28000PE,0.00,0.00,0.00,4251.00,0.00,4251.00,24044.50,1877.35,0,0,0,0.00,0,F1,25,,,,,
2024-06-27,2024-06-27,FO,NSE,IDO,50538,,NIFTY,,2025-06-26,2025-06-26,28000.00,PE,NIFTY25JUN28000PE,0.00,0.00,0.00,7207.55,0.00,7207.55,24044.50,2881.90,0,0,0,0.00,0,F1,25,,,,,
2024-06-27,2024-06-27,FO,NSE,IDO,50549,,NIFTY,,2027-06-24,2027-06-24,28000.00,CE,NIFTY27JUN28000CE,0.00,0.00,0.00,2186.30,0.00,2186.30,24044.50,3584.30,0,0,0,0.00,0,F1,25,,,,,
2024-06-27,2024-06-27,FO,NSE,IDO,64578,,NIFTY,,2025-03-27,2025-03-27,28000.00,CE,NIFTY25MAR28000CE,0.00,0.00,0.00,264.00,0.00,264.00,24044.50,574.40,0,0,0,0.00,0,F1,25,,,,,
2024-06-27,2024-06-27,FO,NSE,IDO,50543,,NIFTY,,2025-12-24,2025-12-24,28000.00,CE,NIFTY25DEC28000CE,0.00,0.00,0.00,1215.35,0.00,1215.35,24044.50,1563.80,0,0,0,0.00,0,F1,25,,,,,
2024-06-27,2024-06-27,FO,NSE,IDO,65918,,NIFTY,,2024-09-26,2024-09-26,28000.00,PE,NIFTY24SEP28000PE,0.00,0.00,0.00,3819.40,3815.00,3819.40,24044.50,3505.50,400,0,0,0.00,0,F1,25,,,,,
2024-06-27,2024-06-27,FO,NSE,IDO,64852,,NIFTY,,2024-07-25,2024-07-25,21800.00,PE,NIFTY24JUL21800PE,22.65,24.00,18.20,19.55,18.30,18.70,24044.50,19.55,157600,-20100,8847,4825928725.00,3165,F1,25,,,,,
2024-06-27,2024-06-27,FO,NSE,IDO,64324,,NIFTY,,2024-07-25,2024-07-25,20450.00,PE,NIFTY24JUL20450PE,0.00,0.00,0.00,7.40,7.40,7.40,24044.50,0.10,3875,0,0,0.00,0,F1,25,,,,,
2024-06-27,2024-06-27,FO,NSE,IDO,64159,,NIFTY,,2024-07-25,2024-07-25,20450.00,CE,NIFTY24JUL20450CE,0.00,0.00,0.00,3378.20,3380.15,3378.20,24044.50,3705.80,4075,0,0,0.00,0,F1,25,,,,,
2024-06-27,2024-06-27,FO,NSE,IDO,42019,,NIFTY,,2024-07-04,2024-07-04,23200.00,PE,NIFTY2470423200PE,23.40,30.00,13.50,14.35,15.00,23.55,24044.50,14.35,1717725,892625,264469,153501566326.25,54906,F1,25,,,,,
2024-06-27,2024-06-27,FO,NSE,IDO,64347,,NIFTY,,2024-06-27,2024-06-27,23200.00,PE,NIFTY24JUN23200PE,0.70,0.90,0.05,0.10,0.05,1.75,24044.50,24044.50,5504050,217975,5355620,3106341998112.50,455056,F1,25,,,,,
2024-06-27,2024-06-27,FO,NSE,IDO,65181,,NIFTY,,2024-07-25,2024-07-25,23200.00,CE,NIFTY24JUL23200CE,867.95,1012.15,839.75,996.80,995.85,894.40,24044.50,996.80,101450,-19250,3316,2002163357.50,1421,F1,25,,,,,
2024-06-27,2024-06-27,FO,NSE,IDO,36657,,NIFTY,,2024-07-18,2024-07-18,23200.00,PE,NIFTY2471823200PE,89.35,94.00,69.05,73.00,70.40,89.30,24044.50,73.00,11275,-2200,1033,601160072.50,277,F1,25,,,,,
2024-06-27,2024-06-27,FO,NSE,IDO,35740,,NIFTY,,2024-07-11,2024-07-11,23200.00,CE,NIFTY2471123200CE,765.00,898.45,750.55,876.50,898.45,766.95,24044.50,876.50,9700,1900,526,316070007.50,171,F1,25,,,,,
2024-06-27,2024-06-27,FO,NSE,IDO,36655,,NIFTY,,2024-07-18,2024-07-18,23200.00,CE,NIFTY2471823200CE,908.85,908.85,788.95,788.95,788.95,853.35,24044.50,1025.20,650,125,11,6614946.25,2,F1,25,,,,,
2024-06-27,2024-06-27,FO,NSE,IDO,69028,,NIFTY,,2024-07-04,2024-07-04,25350.00,CE,NIFTY2470425350CE,1.85,3.65,0.80,1.25,1.30,1.85,24044.50,1.25,122800,118550,10045,6366342391.25,1383,F1,25,,,,,
2024-06-27,2024-06-27,FO,NSE,IDO,36870,,NIFTY,,2024-07-18,2024-07-18,24750.00,PE,NIFTY2471824750PE,0.00,0.00,0.00,1307.20,0.00,1307.20,24044.50,772.35,0,0,0,0.00,0,F1,25,,,,,
2024-06-27,2024-06-27,FO,NSE,IDO,41032,,NIFTY,,2024-08-01,2024-08-01,24750.00,PE,NIFTY2480124750PE,0.00,0.00,0.00,1182.45,0.00,1182.45,24044.50,824.45,0,0,0,0.00,0,F1,25,,,,,
2024-06-27,2024-06-27,FO,NSE,IDO,35582,,NIFTY,,2024-07-11,2024-07-11,21850.00,PE,NIFTY2471121850PE,5.60,8.35,5.60,7.00,6.00,5.55,24044.50,7.00,225,25,5,2732112.50,5,F1,25,,,,,
2024-06-27,2024-06-27,FO,NSE,IDO,56694,,NIFTY,,2024-08-29,2024-08-29,21850.00,CE,NIFTY24AUG21850CE,0.00,0.00,0.00,1269.10,0.00,1269.10,24044.50,2514.10,0,0,0,0.00,0,F1,25,,,,,
2024-06-27,2024-06-27,FO,NSE,IDO,40784,,NIFTY,,2024-08-01,2024-08-01,21850.00,PE,NIFTY2480121850PE,28.55,28.55,28.35,28.35,28.35,28.35,24044.50,12.35,425,25,2,1093922.50,2,F1,25,,,,,
2024-06-27,2024-06-27,FO,NSE,IDO,36537,,NIFTY,,2024-07-18,2024-07-18,21850.00,CE,NIFTY2471821850CE,0.00,0.00,0.00,1746.45,0.00,1746.45,24044.50,2286.10,0,0,0,0.00,0,F1,25,,,,,
2024-06-27,2024-06-27,FO,NSE,IDO,64411,,NIFTY,,2024-06-27,2024-06-27,23850.00,CE,NIFTY24JUN23850CE,78.00,218.75,44.95,184.75,194.60,85.80,24044.50,24044.50,3991725,629225,11033317,6605821732395.00,3422633,F1,25,,,,,
2024-06-27,2024-06-27,FO,NSE,IDO,35786,,NIFTY,,2024-07-11,2024-07-11,23850.00,PE,NIFTY2471123850PE,225.00,241.60,157.30,163.60,158.35,215.25,24044.50,163.60,40500,25900,9948,5980291451.25,2933,F1,25,,,,,
2024-06-27,2024-06-27,FO,NSE,IDO,56690,,NIFTY,,2024-08-29,2024-08-29,21750.00,CE,NIFTY24AUG21750CE,0.00,0.00,0.00,1341.60,0.00,1341.60,24044.50,2606.40,0,0,0,0.00,0,F1,25,,,,,
2024-06-27,2024-06-27,FO,NSE,IDO,64256,,NIFTY,,2024-06-27,2024-06-27,21750.00,PE,NIFTY24JUN21750PE,0.45,0.45,0.05,0.10,0.05,0.45,24044.50,24044.50,39950,-93550,16111,8760415371.25,2421,F1,25,,,,,
2024-06-27,2024-06-27,FO,NSE,IDO,64844,,NIFTY,,2024-07-25,2024-07-25,21750.00,PE,NIFTY24JUL21750PE,20.15,25.50,16.05,17.05,17.05,20.60,24044.50,17.05,3675,0,23,12517788.75,13,F1,25,,,,,
2024-06-27,2024-06-27,FO,NSE,IDO,56747,,NIFTY,,2024-08-29,2024-08-29,23150.00,PE,NIFTY24AUG23150PE,209.00,211.45,184.35,184.35,184.35,218.40,24044.50,184.35,2050,-25,12,7005873.75,7,F1,25,,,,,
2024-06-27,2024-06-27,FO,NSE,IDO,64553,,NIFTY,,2025-03-27,2025-03-27,18000.00,PE,NIFTY25MAR18000PE,0.00,0.00,0.00,24.15,0.00,24.15,24044.50,10.40,0,0,0,0.00,0,F1,25,,,,,
2024-06-27,2024-06-27,FO,NSE,IDO,64711,,NIFTY,,2024-07-25,2024-07-25,21550.00,CE,NIFTY24JUL21550CE,0.00,0.00,0.00,2110.90,2110.90,2110.90,24044.50,2614.50,3675,0,0,0.00,0,F1,25,,,,,
2024-06-27,2024-06-27,FO,NSE,IDO,56683,,NIFTY,,2024-08-29,2024-08-29,21550.00,PE,NIFTY24AUG21550PE,0.00,0.00,0.00,113.40,113.40,113.40,24044.50,28.60,200,0,0,0.00,0,F1,25,,,,,
2024-06-27,2024-06-27,FO,NSE,IDO,35843,,NIFTY,,2024-07-11,2024-07-11,24650.00,CE,NIFTY2471124650CE,29.80,46.30,27.00,38.60,41.75,29.80,24044.50,38.60,17725,12075,1549,956028202.50,340,F1,25,,,,,
2024-06-27,2024-06-27,FO,NSE,IDO,40977,,NIFTY,,2024-08-01,2024-08-01,24400.00,PE,NIFTY2480124400PE,0.00,0.00,0.00,929.60,0.00,929.60,24044.50,609.15,0,0,0,0.00,0,F1,25,,,,,
2024-06-27,2024-06-27,FO,NSE,IDO,40976,,NIFTY,,2024-08-01,2024-08-01,24400.00,CE,NIFTY2480124400CE,0.00,0.00,0.00,300.40,0.00,300.40,24044.50,424.05,0,0,0,0.00,0,F1,25,,,,,
2024-06-27,2024-06-27,FO,NSE,IDO,74654,,NIFTY,,2024-08-29,2024-08-29,24400.00,CE,NIFTY24AUG24400CE,373.30,439.65,355.90,420.40,417.20,166.45,24044.50,420.40,2900,2900,160,99166162.50,58,F1,25,,,,,
