TradDt,BizDt,Sgmt,Src,FinInstrmTp,FinInstrmId,ISIN,TckrSymb,SctySrs,XpryDt,FininstrmActlXpryDt,StrkPric,OptnTp,FinInstrmNm,OpnPric,HghPric,LwPric,ClsPric,LastPric,PrvsClsgPric,UndrlygPric,SttlmPric,OpnIntrst,ChngInOpnIntrst,TtlTradgVol,TtlTrfVal,TtlNbOfTxsExctd,SsnId,NewBrdLotQty,Rmks,Rsvd1,Rsvd2,Rsvd3,Rsvd4
2025-10-09,2025-10-09,FO,NSE,IDO,40171,,NIFTY,,2025-11-11,2025-11-11,26500.00,PE,NIFTY25N1126500PE,0.00,0.00,0.00,1333.90,0.00,1333.90,25181.80,1235.85,0,0,0,0.00,0,F1,75,,,,,
2025-10-09,2025-10-09,FO,NSE,IDO,52468,,NIFTY,,2025-11-25,2025-11-25,22900.00,PE,NIFTY25NOV22900PE,19.00,19.85,17.30,17.50,17.30,18.25,25181.80,17.50,13725,-75,118,202828136.25,43,F1,75,,,,,
2025-10-09,2025-10-09,FO,NSE,IDO,52603,,NIFTY,,2025-11-25,2025-11-25,23550.00,PE,NIFTY25NOV23550PE,36.40,36.85,35.60,36.10,36.10,271.60,25181.80,23.70,900,900,12,21227775.00,5,F1,75,,,,,
2025-10-09,2025-10-09,FO,NSE,IDO,52762,,NIFTY,,2025-11-25,2025-11-25,24700.00,PE,NIFTY25NOV24700PE,164.00,166.60,125.00,128.15,125.00,166.30,25181.80,128.15,279000,55575,4126,7685577431.25,2433,F1,75,,,,,
2025-10-09,2025-10-09,FO,NSE,IDO,52774,,NIFTY,,2025-11-25,2025-11-25,24850.00,PE,NIFTY25NOV24850PE,204.95,205.75,158.50,159.85,158.50,208.10,25181.80,159.85,18600,1125,107,200848425.00,66,F1,75,,,,,
2025-10-09,2025-10-09,FO,NSE,IDO,52858,,NIFTY,,2025-11-25,2025-11-25,25600.00,PE,NIFTY25NOV25600PE,531.00,535.30,443.10,446.70,448.00,544.95,25181.80,446.70,23025,2550,127,248233687.50,120,F1,75,,,,,
2025-10-09,2025-10-09,FO,NSE,IDO,53026,,NIFTY,,2025-11-25,2025-11-25,26250.00,PE,NIFTY25NOV26250PE,0.00,0.00,0.00,1269.20,1269.20,1269.20,25181.80,1027.65,150,0,0,0.00,0,F1,75,,,,,
2025-10-09,2025-10-09,FO,NSE,IDO,53213,,NIFTY,,2025-11-25,2025-11-25,26450.00,PE,NIFTY25NOV26450PE,0.00,0.00,0.00,1000.00,1000.00,1000.00,25181.80,1187.20,750,0,0,0.00,0,F1,75,,,,,
2025-10-09,2025-10-09,FO,NSE,IDO,53223,,NIFTY,,2025-11-25,2025-11-25,26700.00,PE,NIFTY25NOV26700PE,0.00,0.00,0.00,1350.00,1350.00,1350.00,25181.80,1398.35,0,0,0,0.00,0,F1,75,,,,,
2025-10-09,2025-10-09,FO,NSE,IDO,53236,,NIFTY,,2025-11-25,2025-11-25,26900.00,PE,NIFTY25NOV26900PE,0.00,0.00,0.00,2168.85,0.00,2168.85,25181.80,1575.05,0,0,0,0.00,0,F1,75,,,,,
2025-10-09,2025-10-09,FO,NSE,IDO,49174,,NIFTY,,2025-12-30,2025-12-30,15000.00,PE,NIFTY25DEC15000PE,4.50,4.50,4.40,4.45,4.45,4.00,25181.80,4.45,13825,225,23,25882683.75,5,F1,75,,,,,
2025-10-09,2025-10-09,FO,NSE,IDO,37796,,NIFTY,,2025-12-30,2025-12-30,23000.00,PE,NIFTY25DEC23000PE,46.00,48.05,42.00,43.20,42.00,48.00,25181.80,43.20,2621475,-30950,5558,9606175053.75,2305,F1,75,,,,,
2025-10-09,2025-10-09,FO,NSE,IDO,65243,,NIFTY,,2025-12-30,2025-12-30,24150.00,PE,NIFTY25DEC24150PE,0.00,0.00,0.00,394.75,0.00,394.75,25181.80,145.20,0,0,0,0.00,0,F1,75,,,,,
2025-10-09,2025-10-09,FO,NSE,IDO,65352,,NIFTY,,2025-12-30,2025-12-30,24950.00,PE,NIFTY25DEC24950PE,304.15,304.15,260.90,262.25,261.40,277.90,25181.80,262.25,6225,675,47,88896555.00,25,F1,75,,,,,
2025-10-09,2025-10-09,FO,NSE,IDO,65564,,NIFTY,,2025-12-30,2025-12-30,25800.00,PE,NIFTY25DEC25800PE,670.00,679.05,593.50,596.95,595.15,685.00,25181.80,596.95,5250,-225,22,43589700.00,20,F1,75,,,,,
2025-10-09,2025-10-09,FO,NSE,IDO,65716,,NIFTY,,2025-12-30,2025-12-30,26700.00,PE,NIFTY25DEC26700PE,0.00,0.00,0.00,1890.90,0.00,1890.90,25181.80,1375.80,0,0,0,0.00,0,F1,75,,,,,
2025-10-09,2025-10-09,FO,NSE,IDO,62936,,NIFTY,,2026-03-31,2026-03-31,29000.00,PE,NIFTY26MAR29000PE,0.00,0.00,0.00,3815.05,0.00,3815.05,25181.80,3143.65,0,0,0,0.00,0,F1,75,,,,,
2025-10-09,2025-10-09,FO,NSE,IDO,50546,,NIFTY,,2026-06-30,2026-06-30,28000.00,PE,NIFTY26JUN28000PE,0.00,0.00,0.00,6532.55,0.00,6532.55,25181.80,2152.60,0,0,0,0.00,0,F1,75,,,,,
2025-10-09,2025-10-09,FO,NSE,IDO,58631,,NIFTY,,2026-12-29,2026-12-29,13000.00,PE,NIFTY26DEC13000PE,0.00,0.00,0.00,1.10,1.10,1.10,25181.80,0.05,2475,0,0,0.00,0,F1,75,,,,,
2025-10-09,2025-10-09,FO,NSE,IDO,58647,,NIFTY,,2026-12-29,2026-12-29,21000.00,PE,NIFTY26DEC21000PE,188.00,188.00,175.00,177.00,177.00,186.35,25181.80,44.90,37550,225,5,7942500.00,4,F1,75,,,,,
2025-10-09,2025-10-09,FO,NSE,IDO,58649,,NIFTY,,2026-12-29,2026-12-29,22000.00,PE,NIFTY26DEC22000PE,256.00,256.00,246.60,250.00,253.00,258.05,25181.80,250.00,59675,-900,23,38386886.25,17,F1,75,,,,,
2025-10-09,2025-10-09,FO,NSE,IDO,71559,,NIFTY,,2027-06-29,2027-06-29,23000.00,PE,NIFTY27JUN23000PE,0.00,0.00,0.00,4514.30,0.00,4514.30,25181.80,241.70,0,0,0,0.00,0,F1,75,,,,,
2025-10-09,2025-10-09,FO,NSE,IDO,53617,,NIFTY,,2027-12-28,2027-12-28,22000.00,PE,NIFTY27DEC22000PE,0.00,0.00,0.00,420.05,420.05,420.05,25181.80,156.20,1750,0,0,0.00,0,F1,75,,,,,
2025-10-09,2025-10-09,FO,NSE,IDO,86164,,NIFTY,,2028-06-27,2028-06-27,27000.00,PE,NIFTY28JUN27000PE,0.00,0.00,0.00,2752.35,0.00,2752.35,25181.80,1136.00,0,0,0,0.00,0,F1,75,,,,,
2025-10-09,2025-10-09,FO,NSE,IDO,42159,,NIFTY,,2028-06-27,2028-06-27,31000.00,PE,NIFTY28JUN31000PE,0.00,0.00,0.00,3541.95,0.00,3541.95,25181.80,2885.10,0,0,0,0.00,0,F1,75,,,,,
2025-10-09,2025-10-09,FO,NSE,IDO,47451,,NIFTY,,2025-11-04,2025-11-04,23900.00,PE,NIFTY25N0423900PE,22.00,24.25,18.00,18.45,19.20,24.85,25181.80,18.45,3075,1575,49,87908246.25,35,F1,75,,,,,
2025-10-09,2025-10-09,FO,NSE,IDO,47441,,NIFTY,,2025-11-04,2025-11-04,23850.00,PE,NIFTY25N0423850PE,0.00,0.00,0.00,76.40,0.00,76.40,25181.80,14.25,0,0,0,0.00,0,F1,75,,,,,
2025-10-09,2025-10-09,FO,NSE,IDO,47427,,NIFTY,,2025-11-04,2025-11-04,23600.00,PE,NIFTY25N0423600PE,13.50,23.40,12.10,13.00,13.00,15.00,25181.80,6.35,750,450,21,37195286.25,8,F1,75,,,,,
2025-10-09,2025-10-09,FO,NSE,IDO,59118,,NIFTY,,2025-10-28,2025-10-28,27150.00,PE,NIFTY25OCT27150PE,0.00,0.00,0.00,1908.50,1908.50,1908.50,25181.80,1888.60,5925,0,0,0.00,0,F1,75,,,,,
2025-10-09,2025-10-09,FO,NSE,IDO,59114,,NIFTY,,2025-10-28,2025-10-28,27050.00,PE,NIFTY25OCT27050PE,0.00,0.00,0.00,2082.85,0.00,2082.85,25181.80,1789.60,0,0,0,0.00,0,F1,75,,,,,
2025-10-09,2025-10-09,FO,NSE,IDO,59112,,NIFTY,,2025-10-28,2025-10-28,27000.00,PE,NIFTY25OCT27000PE,1855.05,1858.20,1700.05,1709.90,1715.85,1871.90,25181.80,1709.90,858300,6975,502,1083000750.00,345,F1,75,,,,,
2025-10-09,2025-10-09,FO,NSE,IDO,59106,,NIFTY,,2025-10-28,2025-10-28,26850.00,PE,NIFTY25OCT26850PE,0.00,0.00,0.00,1650.00,1650.00,1650.00,25181.80,1592.65,825,0,0,0.00,0,F1,75,,,,,
2025-10-09,2025-10-09,FO,NSE,IDO,59055,,NIFTY,,2025-10-28,2025-10-28,26500.00,PE,NIFTY25OCT26500PE,1353.95,1363.90,1209.50,1218.75,1215.80,1378.75,25181.80,1218.75,573225,-15600,501,1043260087.50,335,F1,75,,,,,
2025-10-09,2025-10-09,FO,NSE,IDO,59027,,NIFTY,,2025-10-28,2025-10-28,26150.00,PE,NIFTY25OCT26150PE,950.00,950.00,942.95,947.65,947.65,1030.90,25181.80,931.70,2925,375,11,22354938.75,7,F1,75,,,,,
2025-10-09,2025-10-09,FO,NSE,IDO,58959,,NIFTY,,2025-10-28,2025-10-28,25700.00,PE,NIFTY25OCT25700PE,576.50,599.60,460.35,468.65,466.10,608.60,25181.80,468.65,150600,5550,724,1422169706.25,517,F1,75,,,,,
2025-10-09,2025-10-09,FO,NSE,IDO,58954,,NIFTY,,2025-10-28,2025-10-28,25650.00,PE,NIFTY25OCT25650PE,513.10,558.50,425.00,431.95,429.10,564.75,25181.80,431.95,19725,975,105,205652756.25,104,F1,75,,,,,
2025-10-09,2025-10-09,FO,NSE,IDO,58935,,NIFTY,,2025-10-28,2025-10-28,25400.00,PE,NIFTY25OCT25400PE,342.95,365.55,257.00,261.55,261.00,369.70,25181.80,261.55,495525,34425,9305,17931255487.50,5634,F1,75,,,,,
2025-10-09,2025-10-09,FO,NSE,IDO,58894,,NIFTY,,2025-10-28,2025-10-28,24700.00,PE,NIFTY25OCT24700PE,72.10,78.25,45.80,47.90,47.35,77.75,25181.80,47.90,2329125,16050,37888,70349905451.25,24696,F1,75,,,,,
2025-10-09,2025-10-09,FO,NSE,IDO,58860,,NIFTY,,2025-10-28,2025-10-28,24600.00,PE,NIFTY25OCT24600PE,56.90,61.80,36.20,38.00,36.20,60.80,25181.80,38.00,1766850,-98175,23507,43450396455.00,15331,F1,75,,,,,
2025-10-09,2025-10-09,FO,NSE,IDO,58769,,NIFTY,,2025-10-28,2025-10-28,24000.00,PE,NIFTY25OCT24000PE,18.45,19.15,12.35,13.40,12.45,18.65,25181.80,13.40,3525000,-36600,35832,64539161362.50,20091,F1,75,,,,,
2025-10-09,2025-10-09,FO,NSE,IDO,58733,,NIFTY,,2025-10-28,2025-10-28,23150.00,PE,NIFTY25OCT23150PE,8.00,8.00,5.20,5.65,5.55,7.15,25181.80,5.65,33225,-600,31,53837508.75,23,F1,75,,,,,
2025-10-09,2025-10-09,FO,NSE,IDO,58731,,NIFTY,,2025-10-28,2025-10-28,23100.00,PE,NIFTY25OCT23100PE,7.70,7.70,5.05,5.75,5.05,6.90,25181.80,5.75,90750,-3825,1211,2098608075.00,598,F1,75,,,,,
2025-10-09,2025-10-09,FO,NSE,IDO,58726,,NIFTY,,2025-10-28,2025-10-28,23050.00,PE,NIFTY25OCT23050PE,8.80,8.80,5.20,5.60,5.20,7.35,25181.80,5.60,29400,-750,59,102024888.75,33,F1,75,,,,,
2025-10-09,2025-10-09,FO,NSE,IDO,45327,,NIFTY,,2025-10-20,2025-10-20,26850.00,PE,NIFTY25O2026850PE,0.00,0.00,0.00,1530.00,0.00,1530.00,25181.80,1622.10,0,0,0,0.00,0,F1,75,,,,,
2025-10-09,2025-10-09,FO,NSE,IDO,45295,,NIFTY,,2025-10-20,2025-10-20,26100.00,PE,NIFTY25O2026100PE,858.60,861.00,858.60,860.05,861.00,1018.05,25181.80,860.05,1950,0,5,10110015.00,2,F1,75,,,,,
2025-10-09,2025-10-09,FO,NSE,IDO,45293,,NIFTY,,2025-10-20,2025-10-20,26050.00,PE,NIFTY25O2026050PE,0.00,0.00,0.00,956.40,956.45,956.40,25181.80,841.20,825,0,0,0.00,0,F1,75,,,,,
2025-10-09,2025-10-09,FO,NSE,IDO,45269,,NIFTY,,2025-10-20,2025-10-20,25500.00,PE,NIFTY25O2025500PE,412.95,430.75,296.50,303.40,301.45,439.80,25181.80,303.40,217575,145050,5354,10369090725.00,4085,F1,75,,,,,
2025-10-09,2025-10-09,FO,NSE,IDO,45265,,NIFTY,,2025-10-20,2025-10-20,25400.00,PE,NIFTY25O2025400PE,324.45,348.60,226.40,232.20,230.00,354.60,25181.80,232.20,113850,32625,4551,8757729513.75,3209,F1,75,,,,,
2025-10-09,2025-10-09,FO,NSE,IDO,45239,,NIFTY,,2025-10-20,2025-10-20,24800.00,PE,NIFTY25O2024800PE,54.20,60.95,29.00,30.75,29.25,60.10,25181.80,30.75,645975,165675,36835,68625961755.00,23580,F1,75,,,,,
2025-10-09,2025-10-09,FO,NSE,IDO,45231,,NIFTY,,2025-10-20,2025-10-20,24600.00,PE,NIFTY25O2024600PE,30.05,32.30,15.35,16.70,15.80,31.65,25181.80,16.70,593925,131250,24999,46164009525.00,14861,F1,75,,,,,
2025-10-09,2025-10-09,FO,NSE,IDO,45205,,NIFTY,,2025-10-20,2025-10-20,24050.00,PE,NIFTY25O2024050PE,5.00,5.10,5.00,5.05,5.10,74.05,25181.80,5.05,1575,1575,21,37886673.75,15,F1,75,,,,,
2025-10-09,2025-10-09,FO,NSE,IDO,45153,,NIFTY,,2025-10-20,2025-10-20,23150.00,PE,NIFTY25O2023150PE,3.25,3.30,2.15,2.50,2.45,2.80,25181.80,2.50,12525,825,517,897745245.00,202,F1,75,,,,,
2025-10-09,2025-10-09,FO,NSE,IDO,45143,,NIFTY,,2025-10-20,2025-10-20,23000.00,PE,NIFTY25O2023000PE,2.35,2.90,2.15,2.40,2.15,2.80,25181.80,2.40,168375,69225,4604,7942742227.50,1523,F1,75,,,,,
2025-10-09,2025-10-09,FO,NSE,IDO,42782,,NIFTY,,2025-10-14,2025-10-14,26950.00,PE,NIFTY25O1426950PE,0.00,0.00,0.00,1958.30,0.00,1958.30,25181.80,1747.00,0,0,0,0.00,0,F1,75,,,,,
2025-10-09,2025-10-09,FO,NSE,IDO,42766,,NIFTY,,2025-10-14,2025-10-14,26600.00,PE,NIFTY25O1426600PE,0.00,0.00,0.00,1637.35,0.00,1637.35,25181.80,1397.25,0,0,0,0.00,0,F1,75,,,,,
2025-10-09,2025-10-09,FO,NSE,IDO,42640,,NIFTY,,2025-10-14,2025-10-14,24400.00,PE,NIFTY25O1424400PE,3.80,5.40,3.00,3.65,3.20,5.20,25181.80,3.65,4062600,1677900,453418,829895696778.75,102827,F1,75,,,,,
2025-10-09,2025-10-09,FO,NSE,IDO,42584,,NIFTY,,2025-10-14,2025-10-14,23450.00,PE,NIFTY25O1423450PE,1.20,1.90,1.20,1.50,1.20,1.65,25181.80,1.50,65625,12975,6952,12227653091.25,1579,F1,75,,,,,
2025-10-09,2025-10-09,FO,NSE,IDO,61932,,NIFTY,,2029-12-24,2029-12-24,30000.00,CE,NIFTY29DEC30000CE,0.00,0.00,0.00,4896.55,0.00,4896.55,25181.80,3423.65,0,0,0,0.00,0,F1,75,,,,,
2025-10-09,2025-10-09,FO,NSE,IDO,89636,,NIFTY,,2029-06-26,2029-06-26,27000.00,CE,NIFTY29JUN27000CE,0.00,0.00,0.00,6570.40,0.00,6570.40,25181.80,4356.55,0,0,0,0.00,0,F1,75,,,,,
2025-10-09,2025-10-09,FO,NSE,IDO,89616,,NIFTY,,2029-06-26,2029-06-26,20000.00,CE,NIFTY29JUN20000CE,0.00,0.00,0.00,10410.00,0.00,10410.00,25181.80,9096.05,0,0,0,0.00,0,F1,75,,,,,
2025-10-09,2025-10-09,FO,NSE,IDO,67796,,NIFTY,,2028-12-26,2028-12-26,31000.00,CE,NIFTY28DEC31000CE,0.00,0.00,0.00,2968.35,0.00,2968.35,25181.80,2027.85,0,0,0,0.00,0,F1,75,,,,,
2025-10-09,2025-10-09,FO,NSE,IDO,45172,,NIFTY,,2025-10-20,2025-10-20,23400.00,CE,NIFTY25O2023400CE,0.00,0.00,0.00,1991.65,0.00,1991.65,25181.80,1822.35,0,0,0,0.00,0,F1,75,,,,,
2025-10-09,2025-10-09,FO,NSE,IDO,45156,,NIFTY,,2025-10-20,2025-10-20,23200.00,CE,NIFTY25O2023200CE,0.00,0.00,0.00,2183.05,0.00,2183.05,25181.80,2022.00,0,0,0,0.00,0,F1,75,,,,,
2025-10-09,2025-10-09,FO,NSE,IDO,45132,,NIFTY,,2025-10-20,2025-10-20,22850.00,CE,NIFTY25O2022850CE,0.00,0.00,0.00,2418.45,2418.45,2418.45,25181.80,2371.35,225,0,0,0.00,0,F1,75,,,,,
2025-10-09,2025-10-09,FO,NSE,IDO,42691,,NIFTY,,2025-10-14,2025-10-14,25250.00,CE,NIFTY25O1425250CE,35.15,81.00,33.35,66.15,66.45,35.15,25181.80,66.15,4320975,-462225,2215879,4205879236908.75,1051463,F1,75,,,,,
2025-10-09,2025-10-09,FO,NSE,IDO,42554,,NIFTY,,2025-10-14,2025-10-14,23200.00,CE,NIFTY25O1423200CE,0.00,0.00,0.00,1825.00,1825.00,1825.00,25181.80,2000.05,375,0,0,0.00,0,F1,75,,,,,
2025-10-09,2025-10-09,FO,NSE,IDO,42587,,NIFTY,,2025-10-14,2025-10-14,23550.00,CE,NIFTY25O1423550CE,0.00,0.00,0.00,1529.20,1529.20,1529.20,25181.80,1650.35,225,0,0,0.00,0,F1,75,,,,,
2025-10-09,2025-10-09,FO,NSE,IDO,42591,,NIFTY,,2025-10-14,2025-10-14,23650.00,CE,NIFTY25O1423650CE,0.00,0.00,0.00,1544.80,1544.80,1544.80,25181.80,1550.40,600,0,0,0.00,0,F1,75,,,,,
2025-10-09,2025-10-09,FO,NSE,IDO,42605,,NIFTY,,2025-10-14,2025-10-14,23900.00,CE,NIFTY25O1423900CE,1313.10,1313.10,1300.80,1306.95,1300.80,1258.20,25181.80,1306.95,4500,0,2,3781042.50,2,F1,75,,,,,
2025-10-09,2025-10-09,FO,NSE,IDO,42651,,NIFTY,,2025-10-14,2025-10-14,24650.00,CE,NIFTY25O1424650CE,447.70,579.50,423.00,565.80,567.75,423.00,25181.80,565.80,38100,2700,1379,2600930598.75,1023,F1,75,,,,,
2025-10-09,2025-10-09,FO,NSE,IDO,67787,,NIFTY,,2028-12-26,2028-12-26,26000.00,PE,NIFTY28DEC26000PE,0.00,0.00,0.00,1300.00,1300.00,1300.00,25181.80,792.30,150,0,0,0.00,0,F1,75,,,,,
2025-10-09,2025-10-09,FO,NSE,IDO,89623,,NIFTY,,2029-06-26,2029-06-26,20000.00,PE,NIFTY29JUN20000PE,0.00,0.00,0.00,236.95,0.00,236.95,25181.80,67.40,0,0,0,0.00,0,F1,75,,,,,
2025-10-09,2025-10-09,FO,NSE,IDO,61749,,NIFTY,,2029-12-24,2029-12-24,24000.00,PE,NIFTY29DEC24000PE,0.00,0.00,0.00,625.50,0.00,625.50,25181.80,376.25,0,0,0,0.00,0,F1,75,,,,,
2025-10-09,2025-10-09,FO,NSE,IDO,61987,,NIFTY,,2029-12-24,2029-12-24,31000.00,PE,NIFTY29DEC31000PE,0.00,0.00,0.00,2262.75,0.00,2262.75,25181.80,2162.95,0,0,0,0.00,0,F1,75,,,,,
2025-10-09,2025-10-09,FO,NSE,IDO,53246,,NIFTY,,2025-11-25,2025-11-25,27050.00,CE,NIFTY25NOV27050CE,0.00,0.00,0.00,146.05,0.00,146.05,25181.80,42.55,0,0,0,0.00,0,F1,75,,,,,
2025-10-09,2025-10-09,FO,NSE,IDO,53218,,NIFTY,,2025-11-25,2025-11-25,26600.00,CE,NIFTY25NOV26600CE,28.35,35.65,27.15,34.20,31.75,27.10,25181.80,34.20,84300,26025,1723,3441647415.00,731,F1,75,,,,,
2025-10-09,2025-10-09,FO,NSE,IDO,53054,,NIFTY,,2025-11-25,2025-11-25,26350.00,CE,NIFTY25NOV26350CE,0.00,0.00,0.00,265.75,0.00,265.75,25181.80,132.45,0,0,0,0.00,0,F1,75,,,,,
2025-10-09,2025-10-09,FO,NSE,IDO,53025,,NIFTY,,2025-11-25,2025-11-25,26250.00,CE,NIFTY25NOV26250CE,0.00,0.00,0.00,288.95,0.00,288.95,25181.80,153.10,0,0,0,0.00,0,F1,75,,,,,
2025-10-09,2025-10-09,FO,NSE,IDO,53023,,NIFTY,,2025-11-25,2025-11-25,26200.00,CE,NIFTY25NOV26200CE,64.00,83.65,61.60,79.10,80.20,61.30,25181.80,79.10,361725,101025,5114,10078415550.00,3406,F1,75,,,,,
2025-10-09,2025-10-09,FO,NSE,IDO,52889,,NIFTY,,2025-11-25,2025-11-25,25850.00,CE,NIFTY25NOV25850CE,147.00,170.05,132.70,162.20,161.10,129.35,25181.80,162.20,37500,1725,215,419205705.00,105,F1,75,,,,,
2025-10-09,2025-10-09,FO,NSE,IDO,52805,,NIFTY,,2025-11-25,2025-11-25,25200.00,CE,NIFTY25NOV25200CE,409.95,481.95,392.00,469.05,472.55,387.35,25181.80,469.05,273900,22950,2489,4788052331.25,1795,F1,75,,,,,
2025-10-09,2025-10-09,FO,NSE,IDO,52767,,NIFTY,,2025-11-25,2025-11-25,24800.00,CE,NIFTY25NOV24800CE,652.00,755.00,650.00,748.10,754.90,641.20,25181.80,748.10,81450,2025,249,476466543.75,196,F1,75,,,,,
2025-10-09,2025-10-09,FO,NSE,IDO,52759,,NIFTY,,2025-11-25,2025-11-25,24650.00,CE,NIFTY25NOV24650CE,852.20,852.20,852.20,852.20,852.20,765.55,25181.80,894.80,3600,0,1,1912665.00,1,F1,75,,,,,
2025-10-09,2025-10-09,FO,NSE,IDO,52721,,NIFTY,,2025-11-25,2025-11-25,24450.00,CE,NIFTY25NOV24450CE,972.30,972.30,972.30,972.30,972.30,922.85,25181.80,1045.05,300,-75,1,1906672.50,1,F1,75,,,,,
2025-10-09,2025-10-09,FO,NSE,IDO,42535,,NIFTY,,2025-10-14,2025-10-14,22850.00,CE,NIFTY25O1422850CE,0.00,0.00,0.00,2250.00,2250.00,2250.00,25181.80,2349.80,6750,0,0,0.00,0,F1,75,,,,,
2025-10-09,2025-10-09,FO,NSE,IDO,42543,,NIFTY,,2025-10-14,2025-10-14,23050.00,CE,NIFTY25O1423050CE,0.00,0.00,0.00,1974.85,0.00,1974.85,25181.80,2149.95,0,0,0,0.00,0,F1,75,,,,,
2025-10-09,2025-10-09,FO,NSE,IDO,42575,,NIFTY,,2025-10-14,2025-10-14,23350.00,CE,NIFTY25O1423350CE,0.00,0.00,0.00,1549.85,1549.85,1549.85,25181.80,1850.20,75,0,0,0.00,0,F1,75,,,,,
2025-10-09,2025-10-09,FO,NSE,IDO,42601,,NIFTY,,2025-10-14,2025-10-14,23800.00,CE,NIFTY25O1423800CE,1330.55,1415.20,1330.55,1395.95,1395.95,1395.95,25181.80,1400.55,3975,-75,10,18887583.75,8,F1,75,,,,,
2025-10-09,2025-10-09,FO,NSE,IDO,42603,,NIFTY,,2025-10-14,2025-10-14,23850.00,CE,NIFTY25O1423850CE,1358.50,1358.50,1358.50,1358.50,1358.50,1266.55,25181.80,1350.60,525,-75,1,1890637.50,1,F1,75,,,,,
2025-10-09,2025-10-09,FO,NSE,IDO,42723,,NIFTY,,2025-10-14,2025-10-14,25850.00,CE,NIFTY25O1425850CE,2.50,3.05,1.35,1.50,1.40,2.65,25181.80,1.50,1793025,-491850,344414,667791455827.50,60311,F1,75,,,,,
2025-10-09,2025-10-09,FO,NSE,IDO,42725,,NIFTY,,2025-10-14,2025-10-14,25900.00,CE,NIFTY25O1425900CE,2.30,2.70,1.25,1.40,1.30,2.40,25181.80,1.40,3554025,158325,461472,896479092937.50,86937,F1,75,,,,,
2025-10-09,2025-10-09,FO,NSE,IDO,42739,,NIFTY,,2025-10-14,2025-10-14,26100.00,CE,NIFTY25O1426100CE,1.45,2.10,0.90,1.00,1.00,1.65,25181.80,1.00,4547100,812625,385091,753852252607.50,58457,F1,75,,,,,
2025-10-09,2025-10-09,FO,NSE,IDO,58822,,NIFTY,,2025-10-28,2025-10-28,24600.00,CE,NIFTY25OCT24600CE,611.00,735.55,592.00,717.15,719.15,580.80,25181.80,717.15,517125,-70800,3082,5845880902.50,2624,F1,75,,,,,
2025-10-09,2025-10-09,FO,NSE,IDO,58907,,NIFTY,,2025-10-28,2025-10-28,24950.00,CE,NIFTY25OCT24950CE,338.05,435.00,322.75,418.85,420.15,312.65,25181.80,418.85,92100,-7650,1081,2054506886.25,810,F1,75,,,,,
2025-10-09,2025-10-09,FO,NSE,IDO,47676,,NIFTY,,2025-11-04,2025-11-04,25900.00,CE,NIFTY25N0425900CE,41.40,56.00,39.30,52.80,52.70,38.15,25181.80,52.80,41175,13725,697,1356483135.00,366,F1,75,,,,,
2025-10-09,2025-10-09,FO,NSE,IDO,39921,,NIFTY,,2025-11-11,2025-11-11,23600.00,CE,NIFTY25N1123600CE,0.00,0.00,0.00,1684.30,0.00,1684.30,25181.80,1716.25,0,0,0,0.00,0,F1,75,,,,,
2025-10-09,2025-10-09,FO,NSE,IDO,40087,,NIFTY,,2025-11-11,2025-11-11,25400.00,CE,NIFTY25N1125400CE,245.00,245.00,229.00,229.00,229.00,404.10,25181.80,342.30,150,150,10,19229463.75,10,F1,75,,,,,
2025-10-09,2025-10-09,FO,NSE,IDO,58963,,NIFTY,,2025-10-28,2025-10-28,25800.00,CE,NIFTY25OCT25800CE,27.05,39.50,25.25,34.45,34.15,24.55,25181.80,34.45,1815975,-88125,31937,61876369972.50,18527,F1,75,,,,,
2025-10-09,2025-10-09,FO,NSE,IDO,59026,,NIFTY,,2025-10-28,2025-10-28,26150.00,CE,NIFTY25OCT26150CE,10.80,12.90,9.75,11.40,11.05,10.45,25181.80,11.40,33525,525,582,1141942248.75,307,F1,75,,,,,
2025-10-09,2025-10-09,FO,NSE,IDO,47281,,NIFTY,,2025-11-04,2025-11-04,22850.00,CE,NIFTY25N0422850CE,0.00,0.00,0.00,2490.50,0.00,2490.50,25181.80,2425.50,0,0,0,0.00,0,F1,75,,,,,
2025-10-09,2025-10-09,FO,NSE,IDO,42757,,NIFTY,,2025-10-14,2025-10-14,26450.00,CE,NIFTY25O1426450CE,1.25,1.35,0.70,0.75,0.70,1.20,25181.80,0.75,410250,92700,36119,71653534091.25,5265,F1,75,,,,,
2025-10-09,2025-10-09,FO,NSE,IDO,42771,,NIFTY,,2025-10-14,2025-10-14,26750.00,CE,NIFTY25O1426750CE,1.05,1.30,0.60,0.65,0.60,1.10,25181.80,0.65,70350,-12375,7834,15717451046.25,1538,F1,75,,,,,
2025-10-09,2025-10-09,FO,NSE,IDO,45176,,NIFTY,,2025-10-20,2025-10-20,23500.00,CE,NIFTY25O2023500CE,0.00,0.00,0.00,1897.15,0.00,1897.15,25181.80,1722.60,0,0,0,0.00,0,F1,75,,,,,
2025-10-09,2025-10-09,FO,NSE,IDO,47477,,NIFTY,,2025-11-04,2025-11-04,24050.00,CE,NIFTY25N0424050CE,0.00,0.00,0.00,1393.10,0.00,1393.10,25181.80,1255.70,0,0,0,0.00,0,F1,75,,,,,
2025-10-09,2025-10-09,FO,NSE,IDO,47574,,NIFTY,,2025-11-04,2025-11-04,24700.00,CE,NIFTY25N0424700CE,643.55,675.70,643.55,675.70,675.65,566.05,25181.80,675.70,1125,-150,8,15216678.75,8,F1,75,,,,,
2025-10-09,2025-10-09,FO,NSE,IDO,47630,,NIFTY,,2025-11-04,2025-11-04,25250.00,CE,NIFTY25N0425250CE,239.00,279.90,216.00,248.20,248.20,205.75,25181.80,357.80,3000,450,44,84174791.25,39,F1,75,,,,,
2025-10-09,2025-10-09,FO,NSE,IDO,47660,,NIFTY,,2025-11-04,2025-11-04,25650.00,CE,NIFTY25N0425650CE,0.00,0.00,0.00,389.45,0.00,389.45,25181.80,191.25,0,0,0,0.00,0,F1,75,,,,,
2025-10-09,2025-10-09,FO,NSE,IDO,45200,,NIFTY,,2025-10-20,2025-10-20,23950.00,CE,NIFTY25O2023950CE,0.00,0.00,0.00,836.95,836.95,836.95,25181.80,1274.95,75,0,0,0.00,0,F1,75,,,,,
2025-10-09,2025-10-09,FO,NSE,IDO,45225,,NIFTY,,2025-10-20,2025-10-20,24500.00,CE,NIFTY25O2024500CE,632.00,767.00,621.50,752.20,760.30,607.10,25181.80,752.20,55350,4125,313,591984033.75,231,F1,75,,,,,
2025-10-09,2025-10-09,FO,NSE,IDO,52697,,NIFTY,,2025-11-25,2025-11-25,24300.00,CE,NIFTY25NOV24300CE,1105.70,1148.60,1077.00,1148.60,1148.60,1042.70,25181.80,1164.70,6975,225,12,22872997.50,11,F1,75,,,,,
2025-10-09,2025-10-09,FO,NSE,IDO,52664,,NIFTY,,2025-11-25,2025-11-25,24100.00,CE,NIFTY25NOV24100CE,0.00,0.00,0.00,1212.50,1212.50,1212.50,25181.80,1332.30,450,0,0,0.00,0,F1,75,,,,,
2025-10-09,2025-10-09,FO,NSE,IDO,40190,,NIFTY,,2025-11-11,2025-11-11,26750.00,CE,NIFTY25N1126750CE,0.00,0.00,0.00,65.35,0.00,65.35,25181.80,32.65,0,0,0,0.00,0,F1,75,,,,,
2025-10-09,2025-10-09,FO,NSE,IDO,40159,,NIFTY,,2025-11-11,2025-11-11,26350.00,CE,NIFTY25N1126350CE,0.00,0.00,0.00,120.95,0.00,120.95,25181.80,73.90,0,0,0,0.00,0,F1,75,,,,,
2025-10-09,2025-10-09,FO,NSE,IDO,45232,,NIFTY,,2025-10-20,2025-10-20,24650.00,CE,NIFTY25O2024650CE,515.25,618.25,493.90,614.70,613.20,473.80,25181.80,614.70,5925,-825,77,145545300.00,71,F1,75,,,,,
2025-10-09,2025-10-09,FO,NSE,IDO,45240,,NIFTY,,2025-10-20,2025-10-20,24850.00,CE,NIFTY25O2024850CE,340.00,444.05,319.00,431.25,431.00,311.40,25181.80,431.25,17475,-5700,611,1156507301.25,499,F1,75,,,,,
2025-10-09,2025-10-09,FO,NSE,IDO,45320,,NIFTY,,2025-10-20,2025-10-20,26700.00,CE,NIFTY25O2026700CE,1.30,1.55,1.15,1.30,1.15,1.60,25181.80,1.30,18375,4425,165,330429112.50,50,F1,75,,,,,
2025-10-09,2025-10-09,FO,NSE,IDO,45328,,NIFTY,,2025-10-20,2025-10-20,26900.00,CE,NIFTY25O2026900CE,1.25,1.25,1.15,1.15,1.15,1.40,25181.80,0.30,2400,75,4,8070352.50,2,F1,75,,,,,
2025-10-09,2025-10-09,FO,NSE,IDO,58701,,NIFTY,,2025-10-28,2025-10-28,22750.00,CE,NIFTY25OCT22750CE,0.00,0.00,0.00,2450.00,0.00,2450.00,25181.80,2499.80,0,0,0,0.00,0,F1,75,,,,,
2025-10-09,2025-10-09,FO,NSE,IDO,58734,,NIFTY,,2025-10-28,2025-10-28,23200.00,CE,NIFTY25OCT23200CE,1925.00,1925.00,1925.00,1925.00,1925.00,2015.30,25181.80,2051.45,10875,0,1,1884375.00,1,F1,75,,,,,
2025-10-09,2025-10-09,FO,NSE,IDO,58770,,NIFTY,,2025-10-28,2025-10-28,24050.00,CE,NIFTY25OCT24050CE,1231.50,1231.50,1231.50,1231.50,1231.50,1102.60,25181.80,1231.50,1875,0,1,1896112.50,1,F1,75,,,,,
2025-10-09,2025-10-09,FO,NSE,IDO,58774,,NIFTY,,2025-10-28,2025-10-28,24150.00,CE,NIFTY25OCT24150CE,1090.00,1144.45,1090.00,1144.05,1144.10,1030.00,25181.80,1144.05,1575,0,9,17069422.50,9,F1,75,,,,,
2025-10-09,2025-10-09,FO,NSE,IDO,37795,,NIFTY,,2025-12-30,2025-12-30,23000.00,CE,NIFTY25DEC23000CE,2480.00,2575.00,2460.00,2567.45,2564.80,2423.80,25181.80,2567.45,598975,1800,109,208657113.75,58,F1,75,,,,,
2025-10-09,2025-10-09,FO,NSE,IDO,65129,,NIFTY,,2025-12-30,2025-12-30,23050.00,CE,NIFTY25DEC23050CE,0.00,0.00,0.00,2044.10,0.00,2044.10,25181.80,2454.95,0,0,0,0.00,0,F1,75,,,,,
2025-10-09,2025-10-09,FO,NSE,IDO,65141,,NIFTY,,2025-12-30,2025-12-30,23200.00,CE,NIFTY25DEC23200CE,0.00,0.00,0.00,1920.55,0.00,1920.55,25181.80,2314.95,0,0,0,0.00,0,F1,75,,,,,
2025-10-09,2025-10-09,FO,NSE,IDO,65147,,NIFTY,,2025-12-30,2025-12-30,23250.00,CE,NIFTY25DEC23250CE,0.00,0.00,0.00,1880.10,0.00,1880.10,25181.80,2268.70,0,0,0,0.00,0,F1,75,,,,,
2025-10-09,2025-10-09,FO,NSE,IDO,65180,,NIFTY,,2025-12-30,2025-12-30,23450.00,CE,NIFTY25DEC23450CE,0.00,0.00,0.00,1721.90,0.00,1721.90,25181.80,2086.10,0,0,0,0.00,0,F1,75,,,,,
2025-10-09,2025-10-09,FO,NSE,IDO,65531,,NIFTY,,2025-12-30,2025-12-30,25400.00,CE,NIFTY25DEC25400CE,527.00,585.35,512.90,570.10,572.20,497.45,25181.80,570.10,90750,82125,1379,2685858206.25,662,F1,75,,,,,
2025-10-09,2025-10-09,FO,NSE,IDO,65555,,NIFTY,,2025-12-30,2025-12-30,25600.00,CE,NIFTY25DEC25600CE,440.00,482.10,412.30,464.20,466.15,402.85,25181.80,464.20,11625,-375,186,363490008.75,147,F1,75,,,,,
2025-10-09,2025-10-09,FO,NSE,IDO,65571,,NIFTY,,2025-12-30,2025-12-30,25900.00,CE,NIFTY25DEC25900CE,306.90,333.95,293.05,330.25,329.65,276.15,25181.80,330.25,7050,600,39,76672507.50,30,F1,75,,,,,
2025-10-09,2025-10-09,FO,NSE,IDO,65629,,NIFTY,,2025-12-30,2025-12-30,26150.00,CE,NIFTY25DEC26150CE,226.50,238.45,204.05,233.30,233.30,197.50,25181.80,346.80,4575,900,24,47461466.25,21,F1,75,,,,,
2025-10-09,2025-10-09,FO,NSE,IDO,65919,,NIFTY,,2026-09-29,2026-09-29,28000.00,CE,NIFTY26SEP28000CE,0.00,0.00,0.00,832.90,0.00,832.90,25181.80,743.20,0,0,0,0.00,0,F1,75,,,,,
2025-10-09,2025-10-09,FO,NSE,IDO,58644,,NIFTY,,2026-12-29,2026-12-29,20000.00,CE,NIFTY26DEC20000CE,0.00,0.00,0.00,3704.30,0.00,3704.30,25181.80,6556.20,0,0,0,0.00,0,F1,75,,,,,
2025-10-09,2025-10-09,FO,NSE,IDO,58646,,NIFTY,,2026-12-29,2026-12-29,21000.00,CE,NIFTY26DEC21000CE,0.00,0.00,0.00,5675.00,5675.00,5675.00,25181.80,5651.55,225,0,0,0.00,0,F1,75,,,,,
2025-10-09,2025-10-09,FO,NSE,IDO,71551,,NIFTY,,2027-06-29,2027-06-29,20000.00,CE,NIFTY27JUN20000CE,0.00,0.00,0.00,3367.05,0.00,3367.05,25181.80,7097.60,0,0,0,0.00,0,F1,75,,,,,
2025-10-09,2025-10-09,FO,NSE,IDO,53616,,NIFTY,,2027-12-28,2027-12-28,22000.00,CE,NIFTY27DEC22000CE,0.00,0.00,0.00,4499.55,0.00,4499.55,25181.80,5973.55,0,0,0,0.00,0,F1,75,,,,,
2025-10-09,2025-10-09,FO,NSE,IDO,53624,,NIFTY,,2027-12-28,2027-12-28,24000.00,CE,NIFTY27DEC24000CE,0.00,0.00,0.00,3778.95,0.00,3778.95,25181.80,4470.80,0,0,0,0.00,0,F1,75,,,,,
2025-10-09,2025-10-09,FO,NSE,IDO,42155,,NIFTY,,2028-06-27,2028-06-27,31000.00,CE,NIFTY28JUN31000CE,0.00,0.00,0.00,1955.45,0.00,1955.45,25181.80,1551.85,0,0,0,0.00,0,F1,75,,,,,
2025-10-09,2025-10-09,FO,NSE,IDO,52608,,NIFTY,,2025-11-25,2025-11-25,23600.00,CE,NIFTY25NOV23600CE,0.00,0.00,0.00,1533.65,0.00,1533.65,25181.80,1782.40,0,0,0,0.00,0,F1,75,,,,,
2025-10-09,2025-10-09,FO,NSE,IDO,52602,,NIFTY,,2025-11-25,2025-11-25,23550.00,CE,NIFTY25NOV23550CE,0.00,0.00,0.00,1570.20,0.00,1570.20,25181.80,1829.25,0,0,0,0.00,0,F1,75,,,,,
2025-10-09,2025-10-09,FO,NSE,IDO,52437,,NIFTY,,2025-11-25,2025-11-25,22750.00,CE,NIFTY25NOV22750CE,0.00,0.00,0.00,2205.20,0.00,2205.20,25181.80,2602.65,0,0,0,0.00,0,F1,75,,,,,
2025-10-09,2025-10-09,FO,NSE,IDO,52435,,NIFTY,,2025-11-25,2025-11-25,22700.00,CE,NIFTY25NOV22700CE,0.00,0.00,0.00,2247.85,0.00,2247.85,25181.80,2651.85,0,0,0,0.00,0,F1,75,,,,,
2025-10-09,2025-10-09,FO,NSE,IDO,40123,,NIFTY,,2025-11-11,2025-11-11,25700.00,CE,NIFTY25N1125700CE,0.00,0.00,0.00,286.60,0.00,286.60,25181.80,223.90,0,0,0,0.00,0,F1,75,,,,,
2025-10-09,2025-10-09,FO,NSE,IDO,40121,,NIFTY,,2025-11-11,2025-11-11,25650.00,CE,NIFTY25N1125650CE,182.70,182.70,126.75,134.15,134.15,304.20,25181.80,241.20,600,600,9,17406097.50,9,F1,75,,,,,
2025-10-09,2025-10-09,FO,NSE,IDO,40037,,NIFTY,,2025-11-11,2025-11-11,25000.00,CE,NIFTY25N1125000CE,399.70,497.35,399.70,487.20,487.00,382.90,25181.80,487.20,4950,3900,106,202529673.75,98,F1,75,,,,,
2025-10-09,2025-10-09,FO,NSE,IDO,40035,,NIFTY,,2025-11-11,2025-11-11,24950.00,CE,NIFTY25N1124950CE,0.00,0.00,0.00,667.55,667.55,667.55,25181.80,588.10,225,0,0,0.00,0,F1,75,,,,,
2025-10-09,2025-10-09,FO,NSE,IDO,40027,,NIFTY,,2025-11-11,2025-11-11,24850.00,CE,NIFTY25N1124850CE,0.00,0.00,0.00,696.40,0.00,696.40,25181.80,653.75,0,0,0,0.00,0,F1,75,,,,,
2025-10-09,2025-10-09,FO,NSE,IDO,39965,,NIFTY,,2025-11-11,2025-11-11,24300.00,CE,NIFTY25N1124300CE,0.00,0.00,0.00,1084.70,0.00,1084.70,25181.80,1076.30,0,0,0,0.00,0,F1,75,,,,,
2025-10-09,2025-10-09,FO,NSE,IDO,47776,,NIFTY,,2025-11-04,2025-11-04,26900.00,CE,NIFTY25N0426900CE,5.00,6.55,4.80,5.65,6.20,5.70,25181.80,5.65,27675,5700,187,377353942.50,88,F1,75,,,,,
2025-10-09,2025-10-09,FO,NSE,IDO,47732,,NIFTY,,2025-11-04,2025-11-04,26500.00,CE,NIFTY25N0426500CE,9.20,16.70,9.20,14.70,13.35,11.55,25181.80,14.70,91875,91650,1946,3869793146.25,838,F1,75,,,,,
2025-10-09,2025-10-09,FO,NSE,IDO,47708,,NIFTY,,2025-11-04,2025-11-04,26250.00,CE,NIFTY25N0426250CE,0.00,0.00,0.00,201.10,0.00,201.10,25181.80,58.95,0,0,0,0.00,0,F1,75,,,,,
2025-10-09,2025-10-09,FO,NSE,IDO,47699,,NIFTY,,2025-11-04,2025-11-04,26150.00,CE,NIFTY25N0426150CE,0.00,0.00,0.00,225.15,0.00,225.15,25181.80,73.25,0,0,0,0.00,0,F1,75,,,,,
2025-10-09,2025-10-09,FO,NSE,IDO,47694,,NIFTY,,2025-11-04,2025-11-04,26100.00,CE,NIFTY25N0426100CE,0.00,0.00,0.00,238.70,0.00,238.70,25181.80,81.35,0,0,0,0.00,0,F1,75,,,,,
2025-10-09,2025-10-09,FO,NSE,IDO,47672,,NIFTY,,2025-11-04,2025-11-04,25850.00,CE,NIFTY25N0425850CE,47.30,62.75,42.55,59.85,60.35,43.85,25181.80,59.85,3675,1200,69,134051602.50,55,F1,75,,,,,
2025-10-09,2025-10-09,FO,NSE,IDO,47668,,NIFTY,,2025-11-04,2025-11-04,25750.00,CE,NIFTY25N0425750CE,62.15,85.90,59.40,81.55,78.60,56.20,25181.80,81.55,2100,1350,59,114279168.75,51,F1,75,,,,,
2025-10-09,2025-10-09,FO,NSE,IDO,47664,,NIFTY,,2025-11-04,2025-11-04,25700.00,CE,NIFTY25N0425700CE,70.75,98.50,65.35,91.40,92.65,65.55,25181.80,91.40,26025,5625,403,779463607.50,323,F1,75,,,,,
2025-10-09,2025-10-09,FO,NSE,IDO,47582,,NIFTY,,2025-11-04,2025-11-04,24800.00,CE,NIFTY25N0424800CE,508.65,601.60,498.50,584.00,584.00,465.20,25181.80,632.25,2025,-675,21,39894052.50,21,F1,75,,,,,
2025-10-09,2025-10-09,FO,NSE,IDO,47433,,NIFTY,,2025-11-04,2025-11-04,23750.00,CE,NIFTY25N0423750CE,0.00,0.00,0.00,1650.50,0.00,1650.50,25181.80,1539.30,0,0,0,0.00,0,F1,75,,,,,
2025-10-09,2025-10-09,FO,NSE,IDO,47431,,NIFTY,,2025-11-04,2025-11-04,23700.00,CE,NIFTY25N0423700CE,0.00,0.00,0.00,1694.85,0.00,1694.85,25181.80,1587.55,0,0,0,0.00,0,F1,75,,,,,
2025-10-09,2025-10-09,FO,NSE,IDO,59107,,NIFTY,,2025-10-28,2025-10-28,26900.00,CE,NIFTY25OCT26900CE,3.00,3.65,2.50,3.10,2.65,3.45,25181.80,3.10,40125,15450,1322,2667440726.25,472,F1,75,,,,,
2025-10-09,2025-10-09,FO,NSE,IDO,59101,,NIFTY,,2025-10-28,2025-10-28,26750.00,CE,NIFTY25OCT26750CE,4.55,4.60,3.10,3.80,4.50,4.30,25181.80,3.80,25425,6525,232,465516183.75,85,F1,75,,,,,
2025-10-09,2025-10-09,FO,NSE,IDO,59041,,NIFTY,,2025-10-28,2025-10-28,26350.00,CE,NIFTY25OCT26350CE,7.45,8.00,5.70,6.65,6.55,7.40,25181.80,6.65,29775,-1800,1303,2575761558.75,597,F1,75,,,,,
2025-10-09,2025-10-09,FO,NSE,IDO,59039,,NIFTY,,2025-10-28,2025-10-28,26300.00,CE,NIFTY25OCT26300CE,8.00,9.05,7.30,7.90,7.50,8.00,25181.80,7.90,678600,-6900,7424,14648392545.00,4450,F1,75,,,,,
2025-10-09,2025-10-09,FO,NSE,IDO,58946,,NIFTY,,2025-10-28,2025-10-28,25550.00,CE,NIFTY25OCT25550CE,60.50,96.40,58.60,87.60,88.50,56.80,25181.80,87.60,235350,48075,6359,12224098612.50,4630,F1,75,,,,,
2025-10-09,2025-10-09,FO,NSE,IDO,58927,,NIFTY,,2025-10-28,2025-10-28,25250.00,CE,NIFTY25OCT25250CE,146.00,228.85,146.00,215.65,216.50,146.90,25181.80,215.65,403725,54525,11898,22713356910.00,7639,F1,75,,,,,
2025-10-09,2025-10-09,FO,NSE,IDO,58923,,NIFTY,,2025-10-28,2025-10-28,25150.00,CE,NIFTY25OCT25150CE,209.05,291.20,200.00,275.75,273.95,193.80,25181.80,275.75,212925,-27675,11833,22546879672.50,7965,F1,75,,,,,
2025-10-09,2025-10-09,FO,NSE,IDO,58921,,NIFTY,,2025-10-28,2025-10-28,25100.00,CE,NIFTY25OCT25100CE,235.95,324.80,224.55,309.20,310.05,219.45,25181.80,309.20,1431900,-225525,51574,98155103205.00,34759,F1,75,,,,,
2025-10-09,2025-10-09,FO,NSE,IDO,58868,,NIFTY,,2025-10-28,2025-10-28,24700.00,CE,NIFTY25OCT24700CE,515.00,644.05,509.00,626.85,630.95,501.25,25181.80,626.85,1286700,-56100,4815,9130834638.75,3553,F1,75,,,,,
2025-10-09,2025-10-09,FO,NSE,IDO,58784,,NIFTY,,2025-10-28,2025-10-28,24400.00,CE,NIFTY25OCT24400CE,771.05,915.50,768.50,898.10,898.35,756.15,25181.80,898.10,48825,-4200,146,276772252.50,87,F1,75,,,,,
2025-10-09,2025-10-09,FO,NSE,IDO,58740,,NIFTY,,2025-10-28,2025-10-28,23350.00,CE,NIFTY25OCT23350CE,0.00,0.00,0.00,1630.05,1630.05,1630.05,25181.80,1902.30,375,0,0,0.00,0,F1,75,,,,,
2025-10-09,2025-10-09,FO,NSE,IDO,45304,,NIFTY,,2025-10-20,2025-10-20,26300.00,CE,NIFTY25O2026300CE,2.90,3.15,1.80,2.00,1.85,2.90,25181.80,2.00,63450,-3450,2320,4576635157.50,1117,F1,75,,,,,
2025-10-09,2025-10-09,FO,NSE,IDO,45290,,NIFTY,,2025-10-20,2025-10-20,26000.00,CE,NIFTY25O2026000CE,5.60,7.30,4.25,5.30,5.35,5.65,25181.80,5.30,701850,73275,25964,50641276912.50,12471,F1,75,,,,,
2025-10-09,2025-10-09,FO,NSE,IDO,45272,,NIFTY,,2025-10-20,2025-10-20,25600.00,CE,NIFTY25O2025600CE,22.50,37.50,20.80,31.15,31.95,20.95,25181.80,31.15,603600,25950,47554,91409997067.50,30078,F1,75,,,,,
2025-10-09,2025-10-09,FO,NSE,IDO,45262,,NIFTY,,2025-10-20,2025-10-20,25350.00,CE,NIFTY25O2025350CE,69.85,108.50,59.90,96.70,98.85,59.00,25181.80,96.70,168975,825,21210,40465165646.25,15257,F1,75,,,,,
2025-10-09,2025-10-09,FO,NSE,IDO,45254,,NIFTY,,2025-10-20,2025-10-20,25150.00,CE,NIFTY25O2025150CE,137.80,216.00,130.05,200.65,202.85,126.85,25181.80,200.65,225375,38025,31435,59718372247.50,20531,F1,75,,,,,
2025-10-09,2025-10-09,FO,NSE,IDO,45236,,NIFTY,,2025-10-20,2025-10-20,24750.00,CE,NIFTY25O2024750CE,416.10,535.00,404.35,518.60,516.70,389.85,25181.80,518.60,18225,-1050,123,232608843.75,98,F1,75,,,,,
2025-10-09,2025-10-09,FO,NSE,IDO,45194,,NIFTY,,2025-10-20,2025-10-20,23850.00,CE,NIFTY25O2023850CE,0.00,0.00,0.00,931.05,931.05,931.05,25181.80,1374.05,75,0,0,0.00,0,F1,75,,,,,
2025-10-09,2025-10-09,FO,NSE,IDO,42707,,NIFTY,,2025-10-14,2025-10-14,25500.00,CE,NIFTY25O1425500CE,9.10,16.70,7.55,10.10,10.00,9.00,25181.80,10.10,10310175,1072125,1672704,3200430839137.50,407267,F1,75,,,,,
2025-10-09,2025-10-09,FO,NSE,IDO,42695,,NIFTY,,2025-10-14,2025-10-14,25350.00,CE,NIFTY25O1425350CE,20.90,43.50,17.60,31.90,32.20,19.70,25181.80,31.90,4795725,-237375,1584770,3016510791682.50,663571,F1,75,,,,,
2025-10-09,2025-10-09,FO,NSE,IDO,42685,,NIFTY,,2025-10-14,2025-10-14,25150.00,CE,NIFTY25O1425150CE,68.75,137.50,60.65,120.60,120.50,61.95,25181.80,120.60,3494625,-2935800,3221911,6102028774590.00,1731888,F1,75,,,,,
2025-10-09,2025-10-09,FO,NSE,IDO,42671,,NIFTY,,2025-10-14,2025-10-14,24950.00,CE,NIFTY25O1424950CE,181.95,296.30,166.80,278.20,279.45,165.60,25181.80,278.20,216450,-198225,196769,371461155577.50,140883,F1,75,,,,,
2025-10-09,2025-10-09,FO,NSE,IDO,42633,,NIFTY,,2025-10-14,2025-10-14,24400.00,CE,NIFTY25O1424400CE,733.75,825.60,668.85,814.25,813.75,667.30,25181.80,814.25,33975,-900,150,283007816.25,119,F1,75,,,,,
2025-10-09,2025-10-09,FO,NSE,IDO,42607,,NIFTY,,2025-10-14,2025-10-14,23950.00,CE,NIFTY25O1423950CE,0.00,0.00,0.00,1203.65,1203.65,1203.65,25181.80,1250.70,375,0,0,0.00,0,F1,75,,,,,
2025-10-09,2025-10-09,FO,NSE,IDO,42597,,NIFTY,,2025-10-14,2025-10-14,23750.00,CE,NIFTY25O1423750CE,0.00,0.00,0.00,1465.00,1465.00,1465.00,25181.80,1450.50,300,0,0,0.00,0,F1,75,,,,,
2025-10-09,2025-10-09,FO,NSE,IDO,42539,,NIFTY,,2025-10-14,2025-10-14,22950.00,CE,NIFTY25O1422950CE,0.00,0.00,0.00,2069.85,0.00,2069.85,25181.80,2249.85,0,0,0,0.00,0,F1,75,,,,,
2025-10-09,2025-10-09,FO,NSE,IDO,45261,,NIFTY,,2025-10-20,2025-10-20,25300.00,PE,NIFTY25O2025300PE,267.30,275.15,166.95,172.00,170.05,280.20,25181.80,172.00,256875,137325,14068,26903644046.25,9645,F1,75,,,,,
2025-10-09,2025-10-09,FO,NSE,IDO,65599,,NIFTY,,2025-12-30,2025-12-30,25900.00,PE,NIFTY25DEC25900PE,731.75,746.30,652.30,654.15,656.30,710.10,25181.80,654.15,6975,3900,55,109743498.75,42,F1,75,,,,,
2025-10-09,2025-10-09,FO,NSE,IDO,65269,,NIFTY,,2025-12-30,2025-12-30,24500.00,PE,NIFTY25DEC24500PE,189.95,193.80,162.15,163.50,162.50,193.40,25181.80,163.50,372750,-7650,2874,5317430850.00,1537,F1,75,,,,,
2025-10-09,2025-10-09,FO,NSE,IDO,65223,,NIFTY,,2025-12-30,2025-12-30,23800.00,PE,NIFTY25DEC23800PE,93.65,93.70,79.00,80.20,80.15,93.80,25181.80,80.20,234300,16650,587,1051513706.25,393,F1,75,,,,,
2025-10-09,2025-10-09,FO,NSE,IDO,65221,,NIFTY,,2025-12-30,2025-12-30,23750.00,PE,NIFTY25DEC23750PE,0.00,0.00,0.00,227.05,227.05,227.05,25181.80,84.05,75,0,0,0.00,0,F1,75,,,,,
2025-10-09,2025-10-09,FO,NSE,IDO,65148,,NIFTY,,2025-12-30,2025-12-30,23250.00,PE,NIFTY25DEC23250PE,0.00,0.00,0.00,52.05,52.00,52.05,25181.80,38.50,9375,0,0,0.00,0,F1,75,,,,,
2025-10-09,2025-10-09,FO,NSE,IDO,53003,,NIFTY,,2025-11-25,2025-11-25,26150.00,PE,NIFTY25NOV26150PE,823.90,823.90,823.90,823.90,823.90,1150.85,25181.80,951.45,300,75,1,2023042.50,1,F1,75,,,,,
2025-10-09,2025-10-09,FO,NSE,IDO,52854,,NIFTY,,2025-11-25,2025-11-25,25500.00,PE,NIFTY25NOV25500PE,477.05,485.40,392.00,396.80,394.10,488.55,25181.80,396.80,636675,83100,4306,8369337858.75,3078,F1,75,,,,,
2025-10-09,2025-10-09,FO,NSE,IDO,52722,,NIFTY,,2025-11-25,2025-11-25,24450.00,PE,NIFTY25NOV24450PE,106.40,114.65,87.55,88.85,87.55,116.45,25181.80,88.85,15975,375,55,101251398.75,38,F1,75,,,,,
2025-10-09,2025-10-09,FO,NSE,IDO,52720,,NIFTY,,2025-11-25,2025-11-25,24400.00,PE,NIFTY25NOV24400PE,102.15,108.70,80.50,81.85,81.15,109.15,25181.80,81.85,359925,30750,2189,4020698801.25,1285,F1,75,,,,,
2025-10-09,2025-10-09,FO,NSE,IDO,52565,,NIFTY,,2025-11-25,2025-11-25,23450.00,PE,NIFTY25NOV23450PE,29.00,29.00,29.00,29.00,29.00,28.20,25181.80,18.85,3225,-75,1,1760925.00,1,F1,75,,,,,
2025-10-09,2025-10-09,FO,NSE,IDO,52551,,NIFTY,,2025-11-25,2025-11-25,23400.00,PE,NIFTY25NOV23400PE,28.75,31.55,25.10,25.70,25.10,28.75,25181.80,25.70,81675,-61875,2340,4111824420.00,971,F1,75,,,,,
2025-10-09,2025-10-09,FO,NSE,IDO,52477,,NIFTY,,2025-11-25,2025-11-25,23000.00,PE,NIFTY25NOV23000PE,19.00,21.40,18.05,18.55,19.00,19.70,25181.80,18.55,603525,-24450,4937,8523596546.25,2404,F1,75,,,,,
2025-10-09,2025-10-09,FO,NSE,IDO,40191,,NIFTY,,2025-11-11,2025-11-11,26750.00,PE,NIFTY25N1126750PE,0.00,0.00,0.00,1551.05,0.00,1551.05,25181.80,1462.15,0,0,0,0.00,0,F1,75,,,,,
2025-10-09,2025-10-09,FO,NSE,IDO,40038,,NIFTY,,2025-11-11,2025-11-11,25000.00,PE,NIFTY25N1125000PE,200.05,213.70,154.00,155.15,155.00,213.20,25181.80,155.15,6975,4125,205,387055410.00,153,F1,75,,,,,
2025-10-09,2025-10-09,FO,NSE,IDO,40013,,NIFTY,,2025-11-11,2025-11-11,24750.00,PE,NIFTY25N1124750PE,0.00,0.00,0.00,257.55,0.00,257.55,25181.80,163.00,0,0,0,0.00,0,F1,75,,,,,
2025-10-09,2025-10-09,FO,NSE,IDO,39996,,NIFTY,,2025-11-11,2025-11-11,24550.00,PE,NIFTY25N1124550PE,0.00,0.00,0.00,195.65,0.00,195.65,25181.80,113.35,0,0,0,0.00,0,F1,75,,,,,
2025-10-09,2025-10-09,FO,NSE,IDO,39966,,NIFTY,,2025-11-11,2025-11-11,24300.00,PE,NIFTY25N1124300PE,0.00,0.00,0.00,134.65,0.00,134.65,25181.80,68.50,0,0,0,0.00,0,F1,75,,,,,
2025-10-09,2025-10-09,FO,NSE,IDO,39962,,NIFTY,,2025-11-11,2025-11-11,24200.00,PE,NIFTY25N1124200PE,0.00,0.00,0.00,114.75,0.00,114.75,25181.80,55.10,0,0,0,0.00,0,F1,75,,,,,
2025-10-09,2025-10-09,FO,NSE,IDO,39960,,NIFTY,,2025-11-11,2025-11-11,24150.00,PE,NIFTY25N1124150PE,0.00,0.00,0.00,105.70,0.00,105.70,25181.80,49.25,0,0,0,0.00,0,F1,75,,,,,
2025-10-09,2025-10-09,FO,NSE,IDO,39956,,NIFTY,,2025-11-11,2025-11-11,24100.00,PE,NIFTY25N1124100PE,51.10,51.10,51.10,51.10,51.10,97.15,25181.80,51.10,75,75,1,1811332.50,1,F1,75,,,,,
2025-10-09,2025-10-09,FO,NSE,IDO,39954,,NIFTY,,2025-11-11,2025-11-11,24050.00,PE,NIFTY25N1124050PE,0.00,0.00,0.00,89.20,0.00,89.20,25181.80,39.05,0,0,0,0.00,0,F1,75,,,,,
2025-10-09,2025-10-09,FO,NSE,IDO,47731,,NIFTY,,2025-11-04,2025-11-04,26450.00,PE,NIFTY25N0426450PE,0.00,0.00,0.00,1251.55,0.00,1251.55,25181.80,1197.35,0,0,0,0.00,0,F1,75,,,,,
2025-10-09,2025-10-09,FO,NSE,IDO,47705,,NIFTY,,2025-11-04,2025-11-04,26150.00,PE,NIFTY25N0426150PE,0.00,0.00,0.00,1022.45,0.00,1022.45,25181.80,934.55,0,0,0,0.00,0,F1,75,,,,,
2025-10-09,2025-10-09,FO,NSE,IDO,47691,,NIFTY,,2025-11-04,2025-11-04,26000.00,PE,NIFTY25N0426000PE,0.00,0.00,0.00,898.40,898.40,898.40,25181.80,811.75,0,0,0,0.00,0,F1,75,,,,,
2025-10-09,2025-10-09,FO,NSE,IDO,47659,,NIFTY,,2025-11-04,2025-11-04,25600.00,PE,NIFTY25N0425600PE,434.60,434.95,414.50,414.50,414.50,460.25,25181.80,521.75,2400,750,15,29279028.75,15,F1,75,,,,,
2025-10-09,2025-10-09,FO,NSE,IDO,47613,,NIFTY,,2025-11-04,2025-11-04,25100.00,PE,NIFTY25N0425100PE,200.05,225.00,160.20,162.80,162.90,228.95,25181.80,162.80,10800,150,251,476027516.25,212,F1,75,,,,,
2025-10-09,2025-10-09,FO,NSE,IDO,47488,,NIFTY,,2025-11-04,2025-11-04,24250.00,PE,NIFTY25N0424250PE,0.00,0.00,0.00,141.55,0.00,141.55,25181.80,43.70,0,0,0,0.00,0,F1,75,,,,,
2025-10-09,2025-10-09,FO,NSE,IDO,47344,,NIFTY,,2025-11-04,2025-11-04,22900.00,PE,NIFTY25N0422900PE,0.00,0.00,0.00,5.10,5.10,5.10,25181.80,0.40,150,0,0,0.00,0,F1,75,,,,,
2025-10-09,2025-10-09,FO,NSE,IDO,47287,,NIFTY,,2025-11-04,2025-11-04,22850.00,PE,NIFTY25N0422850PE,0.00,0.00,0.00,8.60,9.00,8.60,25181.80,0.30,7725,0,0,0.00,0,F1,75,,,,,
2025-10-09,2025-10-09,FO,NSE,IDO,59110,,NIFTY,,2025-10-28,2025-10-28,26950.00,PE,NIFTY25OCT26950PE,0.00,0.00,0.00,1579.65,1579.65,1579.65,25181.80,1690.95,1425,0,0,0.00,0,F1,75,,,,,
2025-10-09,2025-10-09,FO,NSE,IDO,59042,,NIFTY,,2025-10-28,2025-10-28,26350.00,PE,NIFTY25OCT26350PE,0.00,0.00,0.00,1233.70,1232.95,1233.70,25181.80,1113.20,4200,0,0,0.00,0,F1,75,,,,,
2025-10-09,2025-10-09,FO,NSE,IDO,59023,,NIFTY,,2025-10-28,2025-10-28,26100.00,PE,NIFTY25OCT26100PE,969.35,969.40,824.20,827.05,824.20,984.70,25181.80,827.05,20475,-600,26,52616857.50,23,F1,75,,,,,
2025-10-09,2025-10-09,FO,NSE,IDO,58973,,NIFTY,,2025-10-28,2025-10-28,25850.00,PE,NIFTY25OCT25850PE,695.60,695.60,590.75,597.65,598.55,703.05,25181.80,597.65,7875,675,115,228495525.00,69,F1,75,,,,,
2025-10-09,2025-10-09,FO,NSE,IDO,58896,,NIFTY,,2025-10-28,2025-10-28,24750.00,PE,NIFTY25OCT24750PE,80.00,88.25,53.00,54.45,53.90,87.45,25181.80,54.45,290025,-600,6783,12623726883.75,4268,F1,75,,,,,
2025-10-09,2025-10-09,FO,NSE,IDO,60941,,NIFTY,,2030-06-25,2030-06-25,31000.00,PE,NIFTY30JUN31000PE,0.00,0.00,0.00,2424.00,0.00,2424.00,25181.80,1974.10,0,0,0,0.00,0,F1,75,,,,,
2025-10-09,2025-10-09,FO,NSE,IDO,60926,,NIFTY,,2030-06-25,2030-06-25,29000.00,PE,NIFTY30JUN29000PE,0.00,0.00,0.00,1804.05,0.00,1804.05,25181.80,1338.60,0,0,0,0.00,0,F1,75,,,,,
2025-10-09,2025-10-09,FO,NSE,IDO,60901,,NIFTY,,2030-06-25,2030-06-25,22000.00,PE,NIFTY30JUN22000PE,0.00,0.00,0.00,425.45,0.00,425.45,25181.80,174.90,0,0,0,0.00,0,F1,75,,,,,
2025-10-09,2025-10-09,FO,NSE,IDO,67797,,NIFTY,,2028-12-26,2028-12-26,31000.00,PE,NIFTY28DEC31000PE,0.00,0.00,0.00,2722.70,0.00,2722.70,25181.80,2611.70,0,0,0,0.00,0,F1,75,,,,,
2025-10-09,2025-10-09,FO,NSE,IDO,58775,,NIFTY,,2025-10-28,2025-10-28,24150.00,PE,NIFTY25OCT24150PE,22.00,24.15,14.95,15.90,14.95,23.40,25181.80,15.90,97500,1275,1600,2900103990.00,846,F1,75,,,,,
2025-10-09,2025-10-09,FO,NSE,IDO,58741,,NIFTY,,2025-10-28,2025-10-28,23350.00,PE,NIFTY25OCT23350PE,7.05,7.35,6.40,6.80,6.40,8.50,25181.80,6.80,49950,9825,276,483487320.00,100,F1,75,,,,,
2025-10-09,2025-10-09,FO,NSE,IDO,58739,,NIFTY,,2025-10-28,2025-10-28,23300.00,PE,NIFTY25OCT23300PE,7.25,14.00,5.80,6.55,6.00,8.30,25181.80,6.55,219525,-14475,1054,1842467501.25,539,F1,75,,,,,
2025-10-09,2025-10-09,FO,NSE,IDO,58696,,NIFTY,,2025-10-28,2025-10-28,22600.00,PE,NIFTY25OCT22600PE,4.65,5.55,4.40,4.65,4.50,5.20,25181.80,4.65,1926975,30225,2316,3926470860.00,779,F1,75,,,,,
2025-10-09,2025-10-09,FO,NSE,IDO,45313,,NIFTY,,2025-10-20,2025-10-20,26500.00,PE,NIFTY25O2026500PE,1242.50,1246.05,1242.50,1244.75,1245.60,1231.55,25181.80,1244.75,225,225,3,6242561.25,3,F1,75,,,,,
2025-10-09,2025-10-09,FO,NSE,IDO,45279,,NIFTY,,2025-10-20,2025-10-20,25700.00,PE,NIFTY25O2025700PE,600.00,611.05,459.90,470.40,462.85,621.05,25181.80,470.40,31350,23175,480,943411068.75,331,F1,75,,,,,
2025-10-09,2025-10-09,FO,NSE,IDO,67777,,NIFTY,,2028-12-26,2028-12-26,21000.00,PE,NIFTY28DEC21000PE,0.00,0.00,0.00,618.05,618.05,618.05,25181.80,107.70,1250,0,0,0.00,0,F1,75,,,,,
2025-10-09,2025-10-09,FO,NSE,IDO,86146,,NIFTY,,2028-06-27,2028-06-27,21000.00,PE,NIFTY28JUN21000PE,0.00,0.00,0.00,907.20,0.00,907.20,25181.80,99.45,0,0,0,0.00,0,F1,75,,,,,
2025-10-09,2025-10-09,FO,NSE,IDO,86142,,NIFTY,,2028-06-27,2028-06-27,19000.00,PE,NIFTY28JUN19000PE,0.00,0.00,0.00,537.45,0.00,537.45,25181.80,27.75,0,0,0,0.00,0,F1,75,,,,,
2025-10-09,2025-10-09,FO,NSE,IDO,53635,,NIFTY,,2027-12-28,2027-12-28,28000.00,PE,NIFTY27DEC28000PE,0.00,0.00,0.00,4251.00,0.00,4251.00,25181.80,1620.35,0,0,0,0.00,0,F1,75,,,,,
2025-10-09,2025-10-09,FO,NSE,IDO,53595,,NIFTY,,2027-12-28,2027-12-28,15000.00,PE,NIFTY27DEC15000PE,0.00,0.00,0.00,3.05,3.05,3.05,25181.80,0.30,625,0,0,0.00,0,F1,75,,,,,
2025-10-09,2025-10-09,FO,NSE,IDO,42143,,NIFTY,,2027-06-29,2027-06-29,31000.00,PE,NIFTY27JUN31000PE,0.00,0.00,0.00,4436.25,0.00,4436.25,25181.80,3579.65,0,0,0,0.00,0,F1,75,,,,,
2025-10-09,2025-10-09,FO,NSE,IDO,38163,,NIFTY,,2027-06-29,2027-06-29,29000.00,PE,NIFTY27JUN29000PE,0.00,0.00,0.00,4627.10,0.00,4627.10,25181.80,2304.25,0,0,0,0.00,0,F1,75,,,,,
2025-10-09,2025-10-09,FO,NSE,IDO,71550,,NIFTY,,2027-06-29,2027-06-29,19000.00,PE,NIFTY27JUN19000PE,0.00,0.00,0.00,182.10,182.10,182.10,25181.80,13.15,600,0,0,0.00,0,F1,75,,,,,
2025-10-09,2025-10-09,FO,NSE,IDO,71502,,NIFTY,,2026-12-29,2026-12-29,24000.00,PE,NIFTY26DEC24000PE,535.00,538.20,484.00,486.00,486.00,535.00,25181.80,486.00,102175,1650,67,123113145.00,48,F1,75,,,,,
2025-10-09,2025-10-09,FO,NSE,IDO,58629,,NIFTY,,2026-12-29,2026-12-29,12000.00,PE,NIFTY26DEC12000PE,0.00,0.00,0.00,20.05,20.00,20.05,25181.80,0.05,575,0,0,0.00,0,F1,75,,,,,
2025-10-09,2025-10-09,FO,NSE,IDO,65892,,NIFTY,,2026-09-29,2026-09-29,20000.00,PE,NIFTY26SEP20000PE,0.00,0.00,0.00,51.65,0.00,51.65,25181.80,10.35,0,0,0,0.00,0,F1,75,,,,,
2025-10-09,2025-10-09,FO,NSE,IDO,45259,,NIFTY,,2025-10-20,2025-10-20,25250.00,PE,NIFTY25O2025250PE,230.00,240.00,142.60,146.75,145.25,246.05,25181.80,146.75,125850,54450,8095,15428460851.25,5876,F1,75,,,,,
2025-10-09,2025-10-09,FO,NSE,IDO,45257,,NIFTY,,2025-10-20,2025-10-20,25200.00,PE,NIFTY25O2025200PE,199.50,210.65,120.25,123.45,122.55,214.40,25181.80,123.45,934425,423825,52855,100484943630.00,31249,F1,75,,,,,
2025-10-09,2025-10-09,FO,NSE,IDO,45243,,NIFTY,,2025-10-20,2025-10-20,24850.00,PE,NIFTY25O2024850PE,65.00,70.75,34.05,36.35,35.05,71.40,25181.80,36.35,254025,72750,13414,25047697931.25,9335,F1,75,,,,,
2025-10-09,2025-10-09,FO,NSE,IDO,42770,,NIFTY,,2025-10-14,2025-10-14,26700.00,PE,NIFTY25O1426700PE,0.00,0.00,0.00,1727.65,0.00,1727.65,25181.80,1497.20,0,0,0,0.00,0,F1,75,,,,,
2025-10-09,2025-10-09,FO,NSE,IDO,42684,,NIFTY,,2025-10-14,2025-10-14,25100.00,PE,NIFTY25O1425100PE,101.75,121.00,40.00,43.80,41.40,121.30,25181.80,43.80,10777575,6268800,4401376,8309495320068.75,1999543,F1,75,,,,,
2025-10-09,2025-10-09,FO,NSE,IDO,42676,,NIFTY,,2025-10-14,2025-10-14,25000.00,PE,NIFTY25O1425000PE,63.90,75.55,21.00,23.75,22.00,73.65,25181.80,23.75,13726650,5893575,3543693,6656044645117.50,1369543,F1,75,,,,,
2025-10-09,2025-10-09,FO,NSE,IDO,42646,,NIFTY,,2025-10-14,2025-10-14,24500.00,PE,NIFTY25O1424500PE,2.00,7.15,2.00,4.20,3.75,6.90,25181.80,4.20,8082750,2796375,595697,1094820134973.75,136663,F1,75,,,,,
2025-10-09,2025-10-09,FO,NSE,IDO,42602,,NIFTY,,2025-10-14,2025-10-14,23800.00,PE,NIFTY25O1423800PE,1.90,2.50,1.50,1.90,1.60,2.30,25181.80,1.90,2023425,-20250,188191,335949562001.25,28575,F1,75,,,,,
2025-10-09,2025-10-09,FO,NSE,IDO,42553,,NIFTY,,2025-10-14,2025-10-14,23150.00,PE,NIFTY25O1423150PE,1.15,1.55,0.85,1.15,0.90,1.25,25181.80,1.15,55950,-6675,8794,15269407511.25,1835,F1,75,,,,,
2025-10-09,2025-10-09,FO,NSE,IDO,60940,,NIFTY,,2030-06-25,2030-06-25,31000.00,CE,NIFTY30JUN31000CE,0.00,0.00,0.00,5167.80,0.00,5167.80,25181.80,3513.85,0,0,0,0.00,0,F1,75,,,,,
2025-10-09,2025-10-09,FO,NSE,IDO,60902,,NIFTY,,2030-06-25,2030-06-25,23000.00,CE,NIFTY30JUN23000CE,0.00,0.00,0.00,9179.65,0.00,9179.65,25181.80,7895.90,0,0,0,0.00,0,F1,75,,,,,
2025-10-09,2025-10-09,FO,NSE,IDO,61744,,NIFTY,,2029-12-24,2029-12-24,22000.00,CE,NIFTY29DEC22000CE,0.00,0.00,0.00,8865.25,0.00,8865.25,25181.80,8090.55,0,0,0,0.00,0,F1,75,,,,,
2025-10-09,2025-10-09,FO,NSE,IDO,61402,,NIFTY,,2029-12-24,2029-12-24,19000.00,CE,NIFTY29DEC19000CE,0.00,0.00,0.00,10714.60,0.00,10714.60,25181.80,10308.95,0,0,0,0.00,0,F1,75,,,,,
2025-10-09,2025-10-09,FO,NSE,IDO,89644,,NIFTY,,2029-06-26,2029-06-26,31000.00,CE,NIFTY29JUN31000CE,0.00,0.00,0.00,4882.55,0.00,4882.55,25181.80,2517.20,0,0,0,0.00,0,F1,75,,,,,
2025-10-09,2025-10-09,FO,NSE,IDO,86161,,NIFTY,,2028-06-27,2028-06-27,26000.00,CE,NIFTY28JUN26000CE,0.00,0.00,0.00,3200.90,0.00,3200.90,25181.80,3784.05,0,0,0,0.00,0,F1,75,,,,,
2025-10-09,2025-10-09,FO,NSE,IDO,86149,,NIFTY,,2028-06-27,2028-06-27,23000.00,CE,NIFTY28JUN23000CE,0.00,0.00,0.00,4323.10,0.00,4323.10,25181.80,5780.45,0,0,0,0.00,0,F1,75,,,,,
2025-10-09,2025-10-09,FO,NSE,IDO,42144,,NIFTY,,2027-12-28,2027-12-28,31000.00,CE,NIFTY27DEC31000CE,0.00,0.00,0.00,1546.60,0.00,1546.60,25181.80,1098.25,0,0,0,0.00,0,F1,75,,,,,
2025-10-09,2025-10-09,FO,NSE,IDO,53605,,NIFTY,,2027-12-28,2027-12-28,19000.00,CE,NIFTY27DEC19000CE,0.00,0.00,0.00,5794.90,0.00,5794.90,25181.80,8478.80,0,0,0,0.00,0,F1,75,,,,,
2025-10-09,2025-10-09,FO,NSE,IDO,65904,,NIFTY,,2026-09-29,2026-09-29,26000.00,CE,NIFTY26SEP26000CE,0.00,0.00,0.00,1566.70,0.00,1566.70,25181.80,1562.30,0,0,0,0.00,0,F1,75,,,,,
2025-10-09,2025-10-09,FO,NSE,IDO,37799,,NIFTY,,2026-06-30,2026-06-30,23000.00,CE,NIFTY26JUN23000CE,0.00,0.00,0.00,2645.65,0.00,2645.65,25181.80,3254.15,0,0,0,0.00,0,F1,75,,,,,
2025-10-09,2025-10-09,FO,NSE,IDO,35221,,NIFTY,,2025-12-30,2025-12-30,30000.00,CE,NIFTY25DEC30000CE,6.35,6.75,6.00,6.35,6.25,6.25,25181.80,6.35,609950,-825,128,288059846.25,84,F1,75,,,,,
2025-10-09,2025-10-09,FO,NSE,IDO,50448,,NIFTY,,2026-06-30,2026-06-30,15000.00,PE,NIFTY26JUN15000PE,0.00,0.00,0.00,35.00,35.00,35.00,25181.80,0.05,1275,0,0,0.00,0,F1,75,,,,,
2025-10-09,2025-10-09,FO,NSE,IDO,62923,,NIFTY,,2026-03-31,2026-03-31,23000.00,PE,NIFTY26MAR23000PE,117.05,117.45,106.50,107.80,106.50,118.00,25181.80,107.80,548550,3900,1480,2565307856.25,739,F1,75,,,,,
2025-10-09,2025-10-09,FO,NSE,IDO,65710,,NIFTY,,2025-12-30,2025-12-30,26550.00,PE,NIFTY25DEC26550PE,0.00,0.00,0.00,1208.10,1207.85,1208.10,25181.80,1261.65,600,0,0,0.00,0,F1,75,,,,,
2025-10-09,2025-10-09,FO,NSE,IDO,65694,,NIFTY,,2025-12-30,2025-12-30,26450.00,PE,NIFTY25DEC26450PE,0.00,0.00,0.00,1090.70,1090.70,1090.70,25181.80,1187.95,75,0,0,0.00,0,F1,75,,,,,
2025-10-09,2025-10-09,FO,NSE,IDO,50543,,NIFTY,,2025-12-30,2025-12-30,28000.00,CE,NIFTY25DEC28000CE,20.50,21.80,19.35,21.15,21.20,19.85,25181.80,21.15,1533325,6075,1579,3318368857.50,656,F1,75,,,,,
2025-10-09,2025-10-09,FO,NSE,IDO,65640,,NIFTY,,2025-12-30,2025-12-30,26250.00,CE,NIFTY25DEC26250CE,0.00,0.00,0.00,301.70,0.00,301.70,25181.80,315.45,0,0,0,0.00,0,F1,75,,,,,
2025-10-09,2025-10-09,FO,NSE,IDO,65563,,NIFTY,,2025-12-30,2025-12-30,25800.00,CE,NIFTY25DEC25800CE,320.80,382.80,320.80,371.45,372.00,316.35,25181.80,371.45,20925,2175,184,360816525.00,102,F1,75,,,,,
2025-10-09,2025-10-09,FO,NSE,IDO,65535,,NIFTY,,2025-12-30,2025-12-30,25500.00,CE,NIFTY25DEC25500CE,456.50,535.00,453.55,517.80,519.00,447.05,25181.80,517.80,190725,28800,2206,4302400301.25,1607,F1,75,,,,,
2025-10-09,2025-10-09,FO,NSE,IDO,71395,,NIFTY,,2025-12-30,2025-12-30,25000.00,CE,NIFTY25DEC25000CE,752.00,854.15,744.00,836.45,838.35,738.00,25181.80,836.45,2003300,-16200,3119,6036896133.75,2297,F1,75,,,,,
2025-10-09,2025-10-09,FO,NSE,IDO,65351,,NIFTY,,2025-12-30,2025-12-30,24950.00,CE,NIFTY25DEC24950CE,0.00,0.00,0.00,758.40,758.40,758.40,25181.80,913.70,3450,0,0,0.00,0,F1,75,,,,,
2025-10-09,2025-10-09,FO,NSE,IDO,65250,,NIFTY,,2025-12-30,2025-12-30,24300.00,CE,NIFTY25DEC24300CE,0.00,0.00,0.00,1126.35,0.00,1126.35,25181.80,1369.10,0,0,0,0.00,0,F1,75,,,,,
2025-10-09,2025-10-09,FO,NSE,IDO,71393,,NIFTY,,2025-12-30,2025-12-30,24000.00,CE,NIFTY25DEC24000CE,1526.95,1657.80,1515.15,1646.00,1648.00,1511.70,25181.80,1646.00,998350,-1650,468,899172915.00,276,F1,75,,,,,
2025-10-09,2025-10-09,FO,NSE,IDO,65198,,NIFTY,,2025-12-30,2025-12-30,23550.00,CE,NIFTY25DEC23550CE,0.00,0.00,0.00,1645.20,0.00,1645.20,25181.80,1996.40,0,0,0,0.00,0,F1,75,,,,,
2025-10-09,2025-10-09,FO,NSE,IDO,51451,,NIFTY,,2025-12-30,2025-12-30,21000.00,CE,NIFTY25DEC21000CE,4420.00,4506.00,4359.50,4504.00,4506.00,4361.70,25181.80,4504.00,404075,975,25,47716368.75,23,F1,75,,,,,
2025-10-09,2025-10-09,FO,NSE,IDO,53244,,NIFTY,,2025-11-25,2025-11-25,27000.00,CE,NIFTY25NOV27000CE,14.95,17.60,12.50,16.85,16.50,14.05,25181.80,16.85,349950,12675,8858,17948047331.25,3506,F1,75,,,,,
2025-10-09,2025-10-09,FO,NSE,IDO,52859,,NIFTY,,2025-11-25,2025-11-25,25650.00,CE,NIFTY25NOV25650CE,194.95,238.00,194.95,231.70,230.95,185.55,25181.80,231.70,6750,-1350,50,97021425.00,32,F1,75,,,,,
2025-10-09,2025-10-09,FO,NSE,IDO,52857,,NIFTY,,2025-11-25,2025-11-25,25600.00,CE,NIFTY25NOV25600CE,213.10,265.05,206.30,253.40,254.85,203.90,25181.80,253.40,99525,-6300,1386,2685926122.50,936,F1,75,,,,,
2025-10-09,2025-10-09,FO,NSE,IDO,52831,,NIFTY,,2025-11-25,2025-11-25,25350.00,CE,NIFTY25NOV25350CE,314.40,387.20,314.40,376.65,376.65,314.40,25181.80,376.65,10425,-750,60,115660545.00,47,F1,75,,,,,
2025-10-09,2025-10-09,FO,NSE,IDO,52797,,NIFTY,,2025-11-25,2025-11-25,25050.00,CE,NIFTY25NOV25050CE,475.75,578.00,475.70,564.70,562.00,473.70,25181.80,564.70,5325,-1725,101,193805902.50,88,F1,75,,,,,
2025-10-09,2025-10-09,FO,NSE,IDO,52761,,NIFTY,,2025-11-25,2025-11-25,24700.00,CE,NIFTY25NOV24700CE,729.95,841.30,725.00,827.35,828.85,712.20,25181.80,827.35,56250,8175,308,589309252.50,295,F1,75,,,,,
2025-10-09,2025-10-09,FO,NSE,IDO,52725,,NIFTY,,2025-11-25,2025-11-25,24500.00,CE,NIFTY25NOV24500CE,899.95,1003.00,879.35,990.65,994.15,870.00,25181.80,990.65,113325,8925,481,918000075.00,392,F1,75,,,,,
2025-10-09,2025-10-09,FO,NSE,IDO,52709,,NIFTY,,2025-11-25,2025-11-25,24350.00,CE,NIFTY25NOV24350CE,0.00,0.00,0.00,900.95,900.95,900.95,25181.80,1124.20,300,0,0,0.00,0,F1,75,,,,,
2025-10-09,2025-10-09,FO,NSE,IDO,52666,,NIFTY,,2025-11-25,2025-11-25,24150.00,CE,NIFTY25NOV24150CE,0.00,0.00,0.00,1211.10,1211.10,1211.10,25181.80,1289.60,225,0,0,0.00,0,F1,75,,,,,
2025-10-09,2025-10-09,FO,NSE,IDO,52540,,NIFTY,,2025-11-25,2025-11-25,23300.00,CE,NIFTY25NOV23300CE,0.00,0.00,0.00,2300.00,2300.00,2300.00,25181.80,2066.85,225,0,0,0.00,0,F1,75,,,,,
2025-10-09,2025-10-09,FO,NSE,IDO,40019,,NIFTY,,2025-11-11,2025-11-11,24800.00,CE,NIFTY25N1124800CE,0.00,0.00,0.00,727.90,0.00,727.90,25181.80,688.00,0,0,0,0.00,0,F1,75,,,,,
2025-10-09,2025-10-09,FO,NSE,IDO,39997,,NIFTY,,2025-11-11,2025-11-11,24600.00,CE,NIFTY25N1124600CE,0.00,0.00,0.00,861.75,0.00,861.75,25181.80,833.85,0,0,0,0.00,0,F1,75,,,,,
2025-10-09,2025-10-09,FO,NSE,IDO,60896,,NIFTY,,2030-06-25,2030-06-25,20000.00,CE,NIFTY30JUN20000CE,0.00,0.00,0.00,11072.40,0.00,11072.40,25181.80,10001.65,0,0,0,0.00,0,F1,75,,,,,
2025-10-09,2025-10-09,FO,NSE,IDO,60898,,NIFTY,,2030-06-25,2030-06-25,21000.00,CE,NIFTY30JUN21000CE,0.00,0.00,0.00,10421.65,0.00,10421.65,25181.80,9281.60,0,0,0,0.00,0,F1,75,,,,,
2025-10-09,2025-10-09,FO,NSE,IDO,60906,,NIFTY,,2030-06-25,2030-06-25,25000.00,CE,NIFTY30JUN25000CE,0.00,0.00,0.00,8027.00,0.00,8027.00,25181.80,6606.25,0,0,0,0.00,0,F1,75,,,,,
2025-10-09,2025-10-09,FO,NSE,IDO,42576,,NIFTY,,2025-10-14,2025-10-14,23350.00,PE,NIFTY25O1423350PE,1.50,1.85,1.05,1.35,1.15,1.50,25181.80,1.35,54675,23400,4966,8697252202.50,1636,F1,75,,,,,
2025-10-09,2025-10-09,FO,NSE,IDO,42588,,NIFTY,,2025-10-14,2025-10-14,23550.00,PE,NIFTY25O1423550PE,1.60,2.10,1.20,1.60,1.20,1.85,25181.80,1.60,95025,37275,35046,61904449766.25,5017,F1,75,,,,,
2025-10-09,2025-10-09,FO,NSE,IDO,42656,,NIFTY,,2025-10-14,2025-10-14,24700.00,PE,NIFTY25O1424700PE,13.65,15.90,5.10,6.20,5.40,14.80,25181.80,6.20,6329025,2848875,693640,1285477029615.00,203672,F1,75,,,,,
2025-10-09,2025-10-09,FO,NSE,IDO,42678,,NIFTY,,2025-10-14,2025-10-14,25050.00,PE,NIFTY25O1425050PE,83.00,96.00,28.90,32.10,30.10,95.30,25181.80,32.10,6836250,3920775,2610596,4916502474483.75,1214193,F1,75,,,,,
2025-10-09,2025-10-09,FO,NSE,IDO,42760,,NIFTY,,2025-10-14,2025-10-14,26500.00,PE,NIFTY25O1426500PE,1410.00,1410.00,1283.40,1288.45,1286.90,1438.00,25181.80,1288.45,2025,-600,22,45909090.00,20,F1,75,,,,,
2025-10-09,2025-10-09,FO,NSE,IDO,42772,,NIFTY,,2025-10-14,2025-10-14,26750.00,PE,NIFTY25O1426750PE,0.00,0.00,0.00,1773.25,0.00,1773.25,25181.80,1547.15,0,0,0,0.00,0,F1,75,,,,,
2025-10-09,2025-10-09,FO,NSE,IDO,42786,,NIFTY,,2025-10-14,2025-10-14,27050.00,PE,NIFTY25O1427050PE,0.00,0.00,0.00,2052.25,0.00,2052.25,25181.80,1846.90,0,0,0,0.00,0,F1,75,,,,,
2025-10-09,2025-10-09,FO,NSE,IDO,45145,,NIFTY,,2025-10-20,2025-10-20,23050.00,PE,NIFTY25O2023050PE,3.75,3.75,2.15,2.30,2.15,2.90,25181.80,2.30,4200,675,70,121025358.75,29,F1,75,,,,,
2025-10-09,2025-10-09,FO,NSE,IDO,45201,,NIFTY,,2025-10-20,2025-10-20,23950.00,PE,NIFTY25O2023950PE,5.90,7.20,4.45,4.85,4.45,7.35,25181.80,4.85,7875,3525,370,664768500.00,167,F1,75,,,,,
2025-10-09,2025-10-09,FO,NSE,IDO,45267,,NIFTY,,2025-10-20,2025-10-20,25450.00,PE,NIFTY25O2025450PE,377.05,387.20,260.00,265.35,265.00,397.60,25181.80,265.35,17850,10500,452,872686297.50,365,F1,75,,,,,
2025-10-09,2025-10-09,FO,NSE,IDO,45271,,NIFTY,,2025-10-20,2025-10-20,25550.00,PE,NIFTY25O2025550PE,432.45,477.30,340.05,343.30,340.60,489.15,25181.80,343.30,3450,1050,115,223624271.25,102,F1,75,,,,,
2025-10-09,2025-10-09,FO,NSE,IDO,45307,,NIFTY,,2025-10-20,2025-10-20,26350.00,PE,NIFTY25O2026350PE,0.00,0.00,0.00,1110.95,0.00,1110.95,25181.80,1127.65,0,0,0,0.00,0,F1,75,,,,,
2025-10-09,2025-10-09,FO,NSE,IDO,45335,,NIFTY,,2025-10-20,2025-10-20,27050.00,PE,NIFTY25O2027050PE,0.00,0.00,0.00,1709.15,0.00,1709.15,25181.80,1821.50,0,0,0,0.00,0,F1,75,,,,,
2025-10-09,2025-10-09,FO,NSE,IDO,58763,,NIFTY,,2025-10-28,2025-10-28,23850.00,PE,NIFTY25OCT23850PE,14.55,14.85,10.15,10.95,10.30,15.05,25181.80,10.95,41025,3225,483,864420802.50,283,F1,75,,,,,
2025-10-09,2025-10-09,FO,NSE,IDO,58765,,NIFTY,,2025-10-28,2025-10-28,23900.00,PE,NIFTY25OCT23900PE,15.45,16.20,10.85,11.70,11.15,15.80,25181.80,11.70,289875,-42375,2903,5206522728.75,1940,F1,75,,,,,
2025-10-09,2025-10-09,FO,NSE,IDO,58767,,NIFTY,,2025-10-28,2025-10-28,23950.00,PE,NIFTY25OCT23950PE,17.25,17.25,11.90,12.50,11.95,17.35,25181.80,12.50,72825,-11325,761,1367738625.00,456,F1,75,,,,,
2025-10-09,2025-10-09,FO,NSE,IDO,58779,,NIFTY,,2025-10-28,2025-10-28,24250.00,PE,NIFTY25OCT24250PE,26.60,28.70,18.00,18.70,18.10,28.05,25181.80,18.70,92100,-8325,1926,3506106656.25,1160,F1,75,,,,,
2025-10-09,2025-10-09,FO,NSE,IDO,58902,,NIFTY,,2025-10-28,2025-10-28,24900.00,PE,NIFTY25OCT24900PE,128.45,128.45,77.00,78.70,77.50,126.25,25181.80,78.70,1959300,457800,39461,73961225538.75,23669,F1,75,,,,,
2025-10-09,2025-10-09,FO,NSE,IDO,58939,,NIFTY,,2025-10-28,2025-10-28,25500.00,PE,NIFTY25OCT25500PE,425.00,438.70,318.30,324.05,319.30,445.00,25181.80,324.05,1664625,153000,14788,28682622956.25,9735,F1,75,,,,,
2025-10-09,2025-10-09,FO,NSE,IDO,58952,,NIFTY,,2025-10-28,2025-10-28,25600.00,PE,NIFTY25OCT25600PE,491.50,513.00,386.30,392.05,390.00,522.05,25181.80,392.05,190275,-4950,890,1737325031.25,682,F1,75,,,,,
2025-10-09,2025-10-09,FO,NSE,IDO,59104,,NIFTY,,2025-10-28,2025-10-28,26800.00,PE,NIFTY25OCT26800PE,1530.00,1530.00,1530.00,1530.00,1530.00,1591.95,25181.80,1543.70,16650,-75,1,2124750.00,1,F1,75,,,,,
2025-10-09,2025-10-09,FO,NSE,IDO,47372,,NIFTY,,2025-11-04,2025-11-04,23050.00,PE,NIFTY25N0423050PE,0.00,0.00,0.00,16.95,0.00,16.95,25181.80,0.80,0,0,0,0.00,0,F1,75,,,,,
2025-10-09,2025-10-09,FO,NSE,IDO,47405,,NIFTY,,2025-11-04,2025-11-04,23300.00,PE,NIFTY25N0423300PE,9.55,12.00,9.55,10.90,10.90,12.00,25181.80,10.90,2925,450,24,41959440.00,18,F1,75,,,,,
2025-10-09,2025-10-09,FO,NSE,IDO,47502,,NIFTY,,2025-11-04,2025-11-04,24300.00,PE,NIFTY25N0424300PE,44.00,48.75,32.75,33.35,32.75,49.05,25181.80,33.35,4800,750,62,113186861.25,48,F1,75,,,,,
2025-10-09,2025-10-09,FO,NSE,IDO,47671,,NIFTY,,2025-11-04,2025-11-04,25800.00,PE,NIFTY25N0425800PE,0.00,0.00,0.00,782.85,0.00,782.85,25181.80,659.20,0,0,0,0.00,0,F1,75,,,,,
2025-10-09,2025-10-09,FO,NSE,IDO,47677,,NIFTY,,2025-11-04,2025-11-04,25900.00,PE,NIFTY25N0425900PE,0.00,0.00,0.00,848.05,0.00,848.05,25181.80,733.75,0,0,0,0.00,0,F1,75,,,,,
2025-10-09,2025-10-09,FO,NSE,IDO,47747,,NIFTY,,2025-11-04,2025-11-04,26650.00,PE,NIFTY25N0426650PE,0.00,0.00,0.00,1414.40,0.00,1414.40,25181.80,1382.05,0,0,0,0.00,0,F1,75,,,,,
2025-10-09,2025-10-09,FO,NSE,IDO,39922,,NIFTY,,2025-11-11,2025-11-11,23600.00,PE,NIFTY25N1123600PE,0.00,0.00,0.00,38.35,0.00,38.35,25181.80,12.10,0,0,0,0.00,0,F1,75,,,,,
2025-10-09,2025-10-09,FO,NSE,IDO,39929,,NIFTY,,2025-11-11,2025-11-11,23750.00,PE,NIFTY25N1123750PE,0.00,0.00,0.00,51.60,0.00,51.60,25181.80,18.30,0,0,0,0.00,0,F1,75,,,,,
2025-10-09,2025-10-09,FO,NSE,IDO,39998,,NIFTY,,2025-11-11,2025-11-11,24600.00,PE,NIFTY25N1124600PE,94.00,106.15,76.35,76.75,77.20,106.40,25181.80,76.75,3450,-900,283,523989697.50,238,F1,75,,,,,
2025-10-09,2025-10-09,FO,NSE,IDO,40028,,NIFTY,,2025-11-11,2025-11-11,24850.00,PE,NIFTY25N1124850PE,0.00,0.00,0.00,293.15,0.00,293.15,25181.80,193.10,0,0,0,0.00,0,F1,75,,,,,
2025-10-09,2025-10-09,FO,NSE,IDO,40143,,NIFTY,,2025-11-11,2025-11-11,26100.00,PE,NIFTY25N1126100PE,0.00,0.00,0.00,1011.40,0.00,1011.40,25181.80,899.70,0,0,0,0.00,0,F1,75,,,,,
2025-10-09,2025-10-09,FO,NSE,IDO,40156,,NIFTY,,2025-11-11,2025-11-11,26250.00,PE,NIFTY25N1126250PE,0.00,0.00,0.00,1128.25,0.00,1128.25,25181.80,1021.25,0,0,0,0.00,0,F1,75,,,,,
2025-10-09,2025-10-09,FO,NSE,IDO,40183,,NIFTY,,2025-11-11,2025-11-11,26650.00,PE,NIFTY25N1126650PE,0.00,0.00,0.00,1462.95,0.00,1462.95,25181.80,1370.45,0,0,0,0.00,0,F1,75,,,,,
2025-10-09,2025-10-09,FO,NSE,IDO,52692,,NIFTY,,2025-11-25,2025-11-25,24200.00,PE,NIFTY25NOV24200PE,78.05,80.85,60.95,62.45,61.00,80.70,25181.80,62.45,387000,8700,1894,3447304710.00,1284,F1,75,,,,,
2025-10-09,2025-10-09,FO,NSE,IDO,52730,,NIFTY,,2025-11-25,2025-11-25,24500.00,PE,NIFTY25NOV24500PE,120.50,127.40,95.00,96.60,95.00,127.25,25181.80,96.60,1213875,39450,8600,15870299760.00,5794,F1,75,,,,,
2025-10-09,2025-10-09,FO,NSE,IDO,52796,,NIFTY,,2025-11-25,2025-11-25,25000.00,PE,NIFTY25NOV25000PE,264.75,264.75,198.45,200.25,199.00,258.30,25181.80,200.25,1265550,87375,10112,19123726946.25,7414,F1,75,,,,,
2025-10-09,2025-10-09,FO,NSE,IDO,52876,,NIFTY,,2025-11-25,2025-11-25,25700.00,PE,NIFTY25NOV25700PE,580.00,601.00,500.85,505.35,506.95,607.80,25181.80,505.35,25875,2025,94,184856745.00,83,F1,75,,,,,
2025-10-09,2025-10-09,FO,NSE,IDO,52978,,NIFTY,,2025-11-25,2025-11-25,26100.00,PE,NIFTY25NOV26100PE,812.05,812.05,778.20,779.40,779.25,899.25,25181.80,779.40,1800,225,9,18149516.25,9,F1,75,,,,,
2025-10-09,2025-10-09,FO,NSE,IDO,53247,,NIFTY,,2025-11-25,2025-11-25,27050.00,PE,NIFTY25NOV27050PE,0.00,0.00,0.00,2295.75,0.00,2295.75,25181.80,1711.25,0,0,0,0.00,0,F1,75,,,,,
2025-10-09,2025-10-09,FO,NSE,IDO,49180,,NIFTY,,2025-12-30,2025-12-30,16500.00,PE,NIFTY25DEC16500PE,0.00,0.00,0.00,5.00,5.00,5.00,25181.80,0.05,3600,0,0,0.00,0,F1,75,,,,,
2025-10-09,2025-10-09,FO,NSE,IDO,65124,,NIFTY,,2025-12-30,2025-12-30,22900.00,PE,NIFTY25DEC22900PE,42.50,51.75,40.45,43.00,40.45,44.75,25181.80,43.00,9600,-3675,76,130773960.00,47,F1,75,,,,,
2025-10-09,2025-10-09,FO,NSE,IDO,65207,,NIFTY,,2025-12-30,2025-12-30,23600.00,PE,NIFTY25DEC23600PE,78.55,78.55,67.00,67.55,67.00,76.20,25181.80,67.55,9825,1200,90,159784106.25,36,F1,75,,,,,
2025-10-09,2025-10-09,FO,NSE,IDO,65249,,NIFTY,,2025-12-30,2025-12-30,24250.00,PE,NIFTY25DEC24250PE,0.00,0.00,0.00,429.30,0.00,429.30,25181.80,164.85,0,0,0,0.00,0,F1,75,,,,,
2025-10-09,2025-10-09,FO,NSE,IDO,65271,,NIFTY,,2025-12-30,2025-12-30,24550.00,PE,NIFTY25DEC24550PE,173.00,180.55,173.00,180.55,180.55,199.20,25181.80,235.80,3150,-375,11,20399906.25,7,F1,75,,,,,
2025-10-09,2025-10-09,FO,NSE,IDO,71398,,NIFTY,,2025-12-30,2025-12-30,25000.00,PE,NIFTY25DEC25000PE,328.35,328.35,276.10,277.90,277.50,328.35,25181.80,277.90,3090875,13100,5154,9776843283.75,3380,F1,75,,,,,
2025-10-09,2025-10-09,FO,NSE,IDO,65570,,NIFTY,,2025-12-30,2025-12-30,25850.00,PE,NIFTY25DEC25850PE,643.70,643.70,624.55,624.55,624.55,659.90,25181.80,624.55,2850,-75,3,5958727.50,3,F1,75,,,,,
2025-10-09,2025-10-09,FO,NSE,IDO,65690,,NIFTY,,2025-12-30,2025-12-30,26350.00,PE,NIFTY25DEC26350PE,0.00,0.00,0.00,1051.80,1056.60,1051.80,25181.80,1116.30,600,0,0,0.00,0,F1,75,,,,,
2025-10-09,2025-10-09,FO,NSE,IDO,42132,,NIFTY,,2025-12-30,2025-12-30,31000.00,PE,NIFTY25DEC31000PE,0.00,0.00,0.00,6296.45,0.00,6296.45,25181.80,5420.60,0,0,0,0.00,0,F1,75,,,,,
2025-10-09,2025-10-09,FO,NSE,IDO,62915,,NIFTY,,2026-03-31,2026-03-31,19000.00,PE,NIFTY26MAR19000PE,26.00,26.00,26.00,26.00,26.00,28.00,25181.80,0.10,525,0,2,2853900.00,1,F1,75,,,,,
2025-10-09,2025-10-09,FO,NSE,IDO,50976,,NIFTY,,2026-06-30,2026-06-30,27000.00,PE,NIFTY26JUN27000PE,0.00,0.00,0.00,6810.70,0.00,6810.70,25181.80,1495.50,0,0,0,0.00,0,F1,75,,,,,
2025-10-09,2025-10-09,FO,NSE,IDO,58643,,NIFTY,,2026-12-29,2026-12-29,19000.00,PE,NIFTY26DEC19000PE,0.00,0.00,0.00,102.05,102.05,102.05,25181.80,5.75,1725,0,0,0.00,0,F1,75,,,,,
2025-10-09,2025-10-09,FO,NSE,IDO,71504,,NIFTY,,2026-12-29,2026-12-29,25000.00,PE,NIFTY26DEC25000PE,734.30,735.00,688.00,692.70,696.00,740.85,25181.80,692.70,240275,8775,260,501214282.50,204,F1,75,,,,,
2025-10-09,2025-10-09,FO,NSE,IDO,35237,,NIFTY,,2026-12-29,2026-12-29,30000.00,PE,NIFTY26DEC30000PE,2920.00,2920.00,2920.00,2920.00,2920.00,5003.20,25181.80,3272.75,75,75,1,2469000.00,1,F1,75,,,,,
2025-10-09,2025-10-09,FO,NSE,IDO,67783,,NIFTY,,2028-12-26,2028-12-26,24000.00,PE,NIFTY28DEC24000PE,0.00,0.00,0.00,888.05,888.05,888.05,25181.80,404.45,1800,0,0,0.00,0,F1,75,,,,,
2025-10-09,2025-10-09,FO,NSE,IDO,67791,,NIFTY,,2028-12-26,2028-12-26,28000.00,PE,NIFTY28DEC28000PE,0.00,0.00,0.00,1697.60,0.00,1697.60,25181.80,1370.15,0,0,0,0.00,0,F1,75,,,,,
2025-10-09,2025-10-09,FO,NSE,IDO,89633,,NIFTY,,2029-06-26,2029-06-26,25000.00,PE,NIFTY29JUN25000PE,0.00,0.00,0.00,852.50,0.00,852.50,25181.80,548.50,0,0,0,0.00,0,F1,75,,,,,
2025-10-09,2025-10-09,FO,NSE,IDO,89643,,NIFTY,,2029-06-26,2029-06-26,30000.00,PE,NIFTY29JUN30000PE,0.00,0.00,0.00,2031.05,0.00,2031.05,25181.80,1958.60,0,0,0,0.00,0,F1,75,,,,,
2025-10-09,2025-10-09,FO,NSE,IDO,50978,,NIFTY,,2026-12-29,2026-12-29,27000.00,CE,NIFTY26DEC27000CE,1409.50,1475.00,1400.00,1465.50,1470.00,1376.00,25181.80,1465.50,78525,4650,94,200533331.25,92,F1,75,,,,,
2025-10-09,2025-10-09,FO,NSE,IDO,65898,,NIFTY,,2026-09-29,2026-09-29,23000.00,CE,NIFTY26SEP23000CE,0.00,0.00,0.00,3363.40,0.00,3363.40,25181.80,3606.90,0,0,0,0.00,0,F1,75,,,,,
2025-10-09,2025-10-09,FO,NSE,IDO,71472,,NIFTY,,2026-06-30,2026-06-30,24000.00,CE,NIFTY26JUN24000CE,0.00,0.00,0.00,2536.55,2536.55,2536.55,25181.80,2455.05,4200,0,0,0.00,0,F1,75,,,,,
2025-10-09,2025-10-09,FO,NSE,IDO,65725,,NIFTY,,2025-12-30,2025-12-30,26850.00,CE,NIFTY25DEC26850CE,0.00,0.00,0.00,180.80,0.00,180.80,25181.80,170.35,0,0,0,0.00,0,F1,75,,,,,
2025-10-09,2025-10-09,FO,NSE,IDO,65717,,NIFTY,,2025-12-30,2025-12-30,26750.00,CE,NIFTY25DEC26750CE,0.00,0.00,0.00,197.50,0.00,197.50,25181.80,189.85,0,0,0,0.00,0,F1,75,,,,,
2025-10-09,2025-10-09,FO,NSE,IDO,65711,,NIFTY,,2025-12-30,2025-12-30,26600.00,CE,NIFTY25DEC26600CE,0.00,0.00,0.00,224.90,0.00,224.90,25181.80,222.40,0,0,0,0.00,0,F1,75,,,,,
2025-10-09,2025-10-09,FO,NSE,IDO,65557,,NIFTY,,2025-12-30,2025-12-30,25650.00,CE,NIFTY25DEC25650CE,407.20,457.30,390.45,439.20,439.00,410.20,25181.80,439.20,3900,1875,58,113396212.50,23,F1,75,,,,,
2025-10-09,2025-10-09,FO,NSE,IDO,65553,,NIFTY,,2025-12-30,2025-12-30,25550.00,CE,NIFTY25DEC25550CE,456.20,492.00,437.35,489.40,489.50,419.10,25181.80,489.40,1725,525,44,85921031.25,30,F1,75,,,,,
2025-10-09,2025-10-09,FO,NSE,IDO,65389,,NIFTY,,2025-12-30,2025-12-30,25150.00,CE,NIFTY25DEC25150CE,685.00,734.05,680.00,727.10,724.65,685.00,25181.80,727.10,975,450,16,31043096.25,16,F1,75,,,,,
2025-10-09,2025-10-09,FO,NSE,IDO,65360,,NIFTY,,2025-12-30,2025-12-30,25100.00,CE,NIFTY25DEC25100CE,710.65,783.60,684.00,764.05,765.00,670.40,25181.80,764.05,17550,2325,236,457472006.25,197,F1,75,,,,,
2025-10-09,2025-10-09,FO,NSE,IDO,65349,,NIFTY,,2025-12-30,2025-12-30,24900.00,CE,NIFTY25DEC24900CE,908.00,908.00,881.25,881.25,881.25,800.30,25181.80,945.25,16725,0,3,5803410.00,3,F1,75,,,,,
2025-10-09,2025-10-09,FO,NSE,IDO,65248,,NIFTY,,2025-12-30,2025-12-30,24250.00,CE,NIFTY25DEC24250CE,0.00,0.00,0.00,1157.60,0.00,1157.60,25181.80,1407.90,0,0,0,0.00,0,F1,75,,,,,
2025-10-09,2025-10-09,FO,NSE,IDO,65208,,NIFTY,,2025-12-30,2025-12-30,23650.00,CE,NIFTY25DEC23650CE,0.00,0.00,0.00,1570.15,0.00,1570.15,25181.80,1907.85,0,0,0,0.00,0,F1,75,,,,,
2025-10-09,2025-10-09,FO,NSE,IDO,65172,,NIFTY,,2025-12-30,2025-12-30,23350.00,CE,NIFTY25DEC23350CE,0.00,0.00,0.00,1800.25,0.00,1800.25,25181.80,2176.90,0,0,0,0.00,0,F1,75,,,,,
2025-10-09,2025-10-09,FO,NSE,IDO,65149,,NIFTY,,2025-12-30,2025-12-30,23300.00,CE,NIFTY25DEC23300CE,0.00,0.00,0.00,1839.95,0.00,1839.95,25181.80,2222.70,0,0,0,0.00,0,F1,75,,,,,
2025-10-09,2025-10-09,FO,NSE,IDO,65088,,NIFTY,,2025-12-30,2025-12-30,22850.00,CE,NIFTY25DEC22850CE,0.00,0.00,0.00,2213.40,0.00,2213.40,25181.80,2644.05,0,0,0,0.00,0,F1,75,,,,,
2025-10-09,2025-10-09,FO,NSE,IDO,55121,,NIFTY,,2025-12-30,2025-12-30,18000.00,CE,NIFTY25DEC18000CE,0.00,0.00,0.00,7280.25,7280.25,7280.25,25181.80,7412.80,63925,0,0,0.00,0,F1,75,,,,,
2025-10-09,2025-10-09,FO,NSE,IDO,61859,,NIFTY,,2029-12-24,2029-12-24,28000.00,PE,NIFTY29DEC28000PE,0.00,0.00,0.00,1411.30,0.00,1411.30,25181.80,1165.00,0,0,0,0.00,0,F1,75,,,,,
2025-10-09,2025-10-09,FO,NSE,IDO,61410,,NIFTY,,2029-12-24,2029-12-24,20000.00,CE,NIFTY29DEC20000CE,0.00,0.00,0.00,10081.10,0.00,10081.10,25181.80,9553.55,0,0,0,0.00,0,F1,75,,,,,
2025-10-09,2025-10-09,FO,NSE,IDO,89626,,NIFTY,,2029-06-26,2029-06-26,22000.00,CE,NIFTY29JUN22000CE,0.00,0.00,0.00,9207.90,0.00,9207.90,25181.80,7591.70,0,0,0,0.00,0,F1,75,,,,,
2025-10-09,2025-10-09,FO,NSE,IDO,89624,,NIFTY,,2029-06-26,2029-06-26,21000.00,CE,NIFTY29JUN21000CE,0.00,0.00,0.00,9799.75,0.00,9799.75,25181.80,8333.60,0,0,0,0.00,0,F1,75,,,,,
2025-10-09,2025-10-09,FO,NSE,IDO,86153,,NIFTY,,2028-06-27,2028-06-27,25000.00,CE,NIFTY28JUN25000CE,0.00,0.00,0.00,3545.15,0.00,3545.15,25181.80,4399.60,0,0,0,0.00,0,F1,75,,,,,
2025-10-09,2025-10-09,FO,NSE,IDO,53607,,NIFTY,,2027-12-28,2027-12-28,20000.00,CE,NIFTY27DEC20000CE,0.00,0.00,0.00,5333.85,0.00,5333.85,25181.80,7622.35,0,0,0,0.00,0,F1,75,,,,,
2025-10-09,2025-10-09,FO,NSE,IDO,42142,,NIFTY,,2027-06-29,2027-06-29,31000.00,CE,NIFTY27JUN31000CE,0.00,0.00,0.00,1151.25,0.00,1151.25,25181.80,681.50,0,0,0,0.00,0,F1,75,,,,,
2025-10-09,2025-10-09,FO,NSE,IDO,42550,,NIFTY,,2025-10-14,2025-10-14,23150.00,CE,NIFTY25O1423150CE,0.00,0.00,0.00,1757.35,1757.35,1757.35,25181.80,2050.05,75,0,0,0.00,0,F1,75,,,,,
2025-10-09,2025-10-09,FO,NSE,IDO,42627,,NIFTY,,2025-10-14,2025-10-14,24250.00,CE,NIFTY25O1424250CE,834.35,966.10,834.35,960.95,963.00,806.90,25181.80,960.95,3150,900,38,71692267.50,32,F1,75,,,,,
2025-10-09,2025-10-09,FO,NSE,IDO,42717,,NIFTY,,2025-10-14,2025-10-14,25700.00,CE,NIFTY25O1425700CE,3.70,5.35,2.30,2.65,2.40,3.90,25181.80,2.65,5361600,277275,667117,1286049835035.00,134536,F1,75,,,,,
2025-10-09,2025-10-09,FO,NSE,IDO,42719,,NIFTY,,2025-10-14,2025-10-14,25750.00,CE,NIFTY25O1425750CE,3.30,4.25,1.80,2.10,1.90,3.35,25181.80,2.10,2146425,-335625,420217,811638578640.00,83754,F1,75,,,,,
2025-10-09,2025-10-09,FO,NSE,IDO,42733,,NIFTY,,2025-10-14,2025-10-14,26000.00,CE,NIFTY25O1426000CE,2.10,2.25,1.15,1.25,1.25,2.15,25181.80,1.25,13449375,322125,869704,1696031069336.25,138278,F1,75,,,,,
2025-10-09,2025-10-09,FO,NSE,IDO,42749,,NIFTY,,2025-10-14,2025-10-14,26300.00,CE,NIFTY25O1426300CE,1.20,1.60,0.75,0.80,0.75,1.30,25181.80,0.80,2966550,-142575,179987,355037870220.00,24633,F1,75,,,,,
2025-10-09,2025-10-09,FO,NSE,IDO,42763,,NIFTY,,2025-10-14,2025-10-14,26600.00,CE,NIFTY25O1426600CE,1.05,1.35,0.60,0.70,0.65,1.20,25181.80,0.70,1212375,45750,27487,54838384230.00,6732,F1,75,,,,,
2025-10-09,2025-10-09,FO,NSE,IDO,42767,,NIFTY,,2025-10-14,2025-10-14,26650.00,CE,NIFTY25O1426650CE,1.20,1.30,0.60,0.65,0.65,1.15,25181.80,0.65,178650,40875,13247,26478257801.25,2260,F1,75,,,,,
2025-10-09,2025-10-09,FO,NSE,IDO,45146,,NIFTY,,2025-10-20,2025-10-20,23100.00,CE,NIFTY25O2023100CE,0.00,0.00,0.00,2279.75,0.00,2279.75,25181.80,2121.80,0,0,0,0.00,0,F1,75,,,,,
2025-10-09,2025-10-09,FO,NSE,IDO,45166,,NIFTY,,2025-10-20,2025-10-20,23350.00,CE,NIFTY25O2023350CE,0.00,0.00,0.00,2039.25,0.00,2039.25,25181.80,1872.25,0,0,0,0.00,0,F1,75,,,,,
2025-10-09,2025-10-09,FO,NSE,IDO,45182,,NIFTY,,2025-10-20,2025-10-20,23650.00,CE,NIFTY25O2023650CE,0.00,0.00,0.00,1449.65,1449.65,1449.65,25181.80,1573.00,150,0,0,0.00,0,F1,75,,,,,
2025-10-09,2025-10-09,FO,NSE,IDO,45208,,NIFTY,,2025-10-20,2025-10-20,24150.00,CE,NIFTY25O2024150CE,0.00,0.00,0.00,854.85,854.35,854.85,25181.80,1078.50,150,0,0,0.00,0,F1,75,,,,,
2025-10-09,2025-10-09,FO,NSE,IDO,45212,,NIFTY,,2025-10-20,2025-10-20,24250.00,CE,NIFTY25O2024250CE,887.35,1003.45,887.35,995.45,1003.45,905.00,25181.80,995.45,1125,150,6,11348107.50,6,F1,75,,,,,
2025-10-09,2025-10-09,FO,NSE,IDO,45227,,NIFTY,,2025-10-20,2025-10-20,24550.00,CE,NIFTY25O2024550CE,0.00,0.00,0.00,590.85,590.85,590.85,25181.80,703.05,1650,0,0,0.00,0,F1,75,,,,,
2025-10-09,2025-10-09,FO,NSE,IDO,45256,,NIFTY,,2025-10-20,2025-10-20,25200.00,CE,NIFTY25O2025200CE,114.50,184.20,108.35,170.00,172.00,105.40,25181.80,170.00,935925,11625,75332,143242108260.00,44362,F1,75,,,,,
2025-10-09,2025-10-09,FO,NSE,IDO,45264,,NIFTY,,2025-10-20,2025-10-20,25400.00,CE,NIFTY25O2025400CE,54.70,89.20,48.65,79.00,80.20,48.00,25181.80,79.00,891825,399900,54539,104192699482.50,36798,F1,75,,,,,
2025-10-09,2025-10-09,FO,NSE,IDO,45280,,NIFTY,,2025-10-20,2025-10-20,25750.00,CE,NIFTY25O2025750CE,11.95,19.00,11.75,14.80,15.45,11.75,25181.80,14.80,142950,50025,8663,16740394050.00,5161,F1,75,,,,,
2025-10-09,2025-10-09,FO,NSE,IDO,45288,,NIFTY,,2025-10-20,2025-10-20,25950.00,CE,NIFTY25O2025950CE,6.15,8.75,5.45,6.20,6.55,6.50,25181.80,6.20,95775,24900,4531,8820765142.50,2528,F1,75,,,,,
2025-10-09,2025-10-09,FO,NSE,IDO,45292,,NIFTY,,2025-10-20,2025-10-20,26050.00,CE,NIFTY25O2026050CE,4.85,6.00,3.75,4.25,4.00,4.90,25181.80,4.25,51375,8325,2583,5047469276.25,1197,F1,75,,,,,
2025-10-09,2025-10-09,FO,NSE,IDO,45316,,NIFTY,,2025-10-20,2025-10-20,26600.00,CE,NIFTY25O2026600CE,1.55,1.80,1.00,1.20,1.10,1.70,25181.80,1.20,9975,750,77,153623276.25,40,F1,75,,,,,
2025-10-09,2025-10-09,FO,NSE,IDO,58758,,NIFTY,,2025-10-28,2025-10-28,23750.00,CE,NIFTY25OCT23750CE,0.00,0.00,0.00,1391.20,1392.20,1391.20,25181.80,1507.05,525,0,0,0.00,0,F1,75,,,,,
2025-10-09,2025-10-09,FO,NSE,IDO,58762,,NIFTY,,2025-10-28,2025-10-28,23850.00,CE,NIFTY25OCT23850CE,1428.25,1428.25,1428.25,1428.25,1428.25,1296.20,25181.80,1428.25,450,0,1,1895868.75,1,F1,75,,,,,
2025-10-09,2025-10-09,FO,NSE,IDO,58776,,NIFTY,,2025-10-28,2025-10-28,24200.00,CE,NIFTY25OCT24200CE,959.05,1100.15,958.95,1094.10,1091.65,942.60,25181.80,1094.10,28575,-375,104,196841178.75,63,F1,75,,,,,
2025-10-09,2025-10-09,FO,NSE,IDO,58792,,NIFTY,,2025-10-28,2025-10-28,24500.00,CE,NIFTY25OCT24500CE,695.00,825.00,679.00,804.60,808.95,668.55,25181.80,804.60,1250850,36300,6274,11891225055.00,4174,F1,75,,,,,
2025-10-09,2025-10-09,FO,NSE,IDO,58899,,NIFTY,,2025-10-28,2025-10-28,24850.00,CE,NIFTY25OCT24850CE,394.90,508.00,391.95,498.85,497.20,381.10,25181.80,498.85,71250,-4950,393,746261865.00,336,F1,75,,,,,
2025-10-09,2025-10-09,FO,NSE,IDO,58951,,NIFTY,,2025-10-28,2025-10-28,25600.00,CE,NIFTY25OCT25600CE,48.30,80.95,48.30,73.00,73.50,47.95,25181.80,73.00,2020650,742950,46698,89897997753.75,28679,F1,75,,,,,
2025-10-09,2025-10-09,FO,NSE,IDO,47347,,NIFTY,,2025-11-04,2025-11-04,23000.00,CE,NIFTY25N0423000CE,0.00,0.00,0.00,2345.85,0.00,2345.85,25181.80,2276.45,0,0,0,0.00,0,F1,75,,,,,
2025-10-09,2025-10-09,FO,NSE,IDO,47410,,NIFTY,,2025-11-04,2025-11-04,23400.00,CE,NIFTY25N0423400CE,0.00,0.00,0.00,1967.80,0.00,1967.80,25181.80,1880.55,0,0,0,0.00,0,F1,75,,,,,
2025-10-09,2025-10-09,FO,NSE,IDO,47448,,NIFTY,,2025-11-04,2025-11-04,23900.00,CE,NIFTY25N0423900CE,0.00,0.00,0.00,1519.85,0.00,1519.85,25181.80,1396.05,0,0,0,0.00,0,F1,75,,,,,
2025-10-09,2025-10-09,FO,NSE,IDO,47648,,NIFTY,,2025-11-04,2025-11-04,25550.00,CE,NIFTY25N0425550CE,0.00,0.00,0.00,430.60,0.00,430.60,25181.80,226.20,0,0,0,0.00,0,F1,75,,,,,
2025-10-09,2025-10-09,FO,NSE,IDO,47728,,NIFTY,,2025-11-04,2025-11-04,26450.00,CE,NIFTY25N0426450CE,13.00,13.00,13.00,13.00,13.00,12.25,25181.80,13.00,600,375,5,9923625.00,1,F1,75,,,,,
2025-10-09,2025-10-09,FO,NSE,IDO,39909,,NIFTY,,2025-11-11,2025-11-11,23350.00,CE,NIFTY25N1123350CE,0.00,0.00,0.00,1917.05,0.00,1917.05,25181.80,1958.60,0,0,0,0.00,0,F1,75,,,,,
2025-10-09,2025-10-09,FO,NSE,IDO,39967,,NIFTY,,2025-11-11,2025-11-11,24350.00,CE,NIFTY25N1124350CE,0.00,0.00,0.00,1045.90,0.00,1045.90,25181.80,1034.15,0,0,0,0.00,0,F1,75,,,,,
2025-10-09,2025-10-09,FO,NSE,IDO,53235,,NIFTY,,2025-11-25,2025-11-25,26900.00,CE,NIFTY25NOV26900CE,0.00,0.00,0.00,166.90,0.00,166.90,25181.80,55.30,0,0,0,0.00,0,F1,75,,,,,
2025-10-09,2025-10-09,FO,NSE,IDO,52932,,NIFTY,,2025-11-25,2025-11-25,26050.00,CE,NIFTY25NOV26050CE,0.00,0.00,0.00,336.60,0.00,336.60,25181.80,201.90,0,0,0,0.00,0,F1,75,,,,,
2025-10-09,2025-10-09,FO,NSE,IDO,52897,,NIFTY,,2025-11-25,2025-11-25,25900.00,CE,NIFTY25NOV25900CE,119.00,154.05,116.25,146.25,146.25,115.55,25181.80,146.25,113550,-1950,1096,2140264567.50,811,F1,75,,,,,
2025-10-09,2025-10-09,FO,NSE,IDO,52877,,NIFTY,,2025-11-25,2025-11-25,25750.00,CE,NIFTY25NOV25750CE,169.70,202.70,157.60,197.80,197.80,157.60,25181.80,197.80,11175,-225,26,50555062.50,16,F1,75,,,,,
2025-10-09,2025-10-09,FO,NSE,IDO,52855,,NIFTY,,2025-11-25,2025-11-25,25550.00,CE,NIFTY25NOV25550CE,252.00,284.45,229.00,276.10,277.80,223.55,25181.80,276.10,12825,2100,143,276798832.50,118,F1,75,,,,,
2025-10-09,2025-10-09,FO,NSE,IDO,52656,,NIFTY,,2025-11-25,2025-11-25,24050.00,CE,NIFTY25NOV24050CE,0.00,0.00,0.00,1100.00,1100.00,1100.00,25181.80,1375.50,150,0,0,0.00,0,F1,75,,,,,
2025-10-09,2025-10-09,FO,NSE,IDO,52628,,NIFTY,,2025-11-25,2025-11-25,23850.00,CE,NIFTY25NOV23850CE,0.00,0.00,0.00,1318.90,1318.90,1318.90,25181.80,1552.65,375,0,0,0.00,0,F1,75,,,,,
2025-10-09,2025-10-09,FO,NSE,IDO,47387,,NIFTY,,2025-11-04,2025-11-04,23150.00,CE,NIFTY25N0423150CE,0.00,0.00,0.00,2202.60,0.00,2202.60,25181.80,2127.60,0,0,0,0.00,0,F1,75,,,,,
2025-10-09,2025-10-09,FO,NSE,IDO,59109,,NIFTY,,2025-10-28,2025-10-28,26950.00,CE,NIFTY25OCT26950CE,3.35,3.45,2.60,2.60,2.60,3.25,25181.80,2.60,11625,1800,63,127353495.00,28,F1,75,,,,,
2025-10-09,2025-10-09,FO,NSE,IDO,59054,,NIFTY,,2025-10-28,2025-10-28,26500.00,CE,NIFTY25OCT26500CE,5.95,6.40,4.60,5.15,5.00,5.95,25181.80,5.15,2167425,-59175,14354,28534383566.25,6239,F1,75,,,,,
2025-10-09,2025-10-09,FO,NSE,IDO,59022,,NIFTY,,2025-10-28,2025-10-28,26100.00,CE,NIFTY25OCT26100CE,12.10,15.45,11.85,13.35,13.10,11.95,25181.80,13.35,572550,13875,6790,13298317845.00,4496,F1,75,,,,,
2025-10-09,2025-10-09,FO,NSE,IDO,58970,,NIFTY,,2025-10-28,2025-10-28,25850.00,CE,NIFTY25OCT25850CE,23.55,33.75,22.25,29.50,28.60,21.65,25181.80,29.50,153750,24975,3212,6234040023.75,1987,F1,75,,,,,
2025-10-09,2025-10-09,FO,NSE,IDO,58909,,NIFTY,,2025-10-28,2025-10-28,25000.00,CE,NIFTY25OCT25000CE,292.80,397.35,287.00,380.05,382.00,279.05,25181.80,380.05,3388950,-468825,53418,101538126592.50,35056,F1,75,,,,,
2025-10-09,2025-10-09,FO,NSE,IDO,47514,,NIFTY,,2025-11-04,2025-11-04,24500.00,CE,NIFTY25N0424500CE,780.40,820.85,729.15,820.85,820.85,759.10,25181.80,861.55,975,75,24,45481747.50,24,F1,75,,,,,
2025-10-09,2025-10-09,FO,NSE,IDO,47612,,NIFTY,,2025-11-04,2025-11-04,25100.00,CE,NIFTY25N0425100CE,296.50,382.00,289.10,371.60,373.10,282.40,25181.80,371.60,5475,-3150,270,515250933.75,236,F1,75,,,,,
2025-10-09,2025-10-09,FO,NSE,IDO,47614,,NIFTY,,2025-11-04,2025-11-04,25150.00,CE,NIFTY25N0425150CE,270.30,347.20,269.80,340.15,335.80,251.85,25181.80,340.15,4350,1950,130,248421228.75,107,F1,75,,,,,
2025-10-09,2025-10-09,FO,NSE,IDO,47638,,NIFTY,,2025-11-04,2025-11-04,25400.00,CE,NIFTY25N0425400CE,0.00,0.00,0.00,497.80,0.00,497.80,25181.80,286.90,0,0,0,0.00,0,F1,75,,,,,
2025-10-09,2025-10-09,FO,NSE,IDO,47736,,NIFTY,,2025-11-04,2025-11-04,26550.00,CE,NIFTY25N0426550CE,11.00,12.00,8.80,11.80,11.85,10.50,25181.80,11.80,8250,375,32,63745732.50,24,F1,75,,,,,
2025-10-09,2025-10-09,FO,NSE,IDO,47768,,NIFTY,,2025-11-04,2025-11-04,26800.00,CE,NIFTY25N0426800CE,0.00,0.00,0.00,7.00,7.00,7.00,25181.80,15.40,3525,0,0,0.00,0,F1,75,,,,,
2025-10-09,2025-10-09,FO,NSE,IDO,39912,,NIFTY,,2025-11-11,2025-11-11,23400.00,CE,NIFTY25N1123400CE,0.00,0.00,0.00,1869.95,0.00,1869.95,25181.80,1909.80,0,0,0,0.00,0,F1,75,,,,,
2025-10-09,2025-10-09,FO,NSE,IDO,40113,,NIFTY,,2025-11-11,2025-11-11,25600.00,CE,NIFTY25N1125600CE,0.00,0.00,0.00,322.60,0.00,322.60,25181.80,259.50,0,0,0,0.00,0,F1,75,,,,,
2025-10-09,2025-10-09,FO,NSE,IDO,40137,,NIFTY,,2025-11-11,2025-11-11,26050.00,CE,NIFTY25N1126050CE,0.00,0.00,0.00,184.85,0.00,184.85,25181.80,127.40,0,0,0,0.00,0,F1,75,,,,,
2025-10-09,2025-10-09,FO,NSE,IDO,40149,,NIFTY,,2025-11-11,2025-11-11,26150.00,CE,NIFTY25N1126150CE,0.00,0.00,0.00,160.60,0.00,160.60,25181.80,106.95,0,0,0,0.00,0,F1,75,,,,,
2025-10-09,2025-10-09,FO,NSE,IDO,40153,,NIFTY,,2025-11-11,2025-11-11,26250.00,CE,NIFTY25N1126250CE,0.00,0.00,0.00,139.65,0.00,139.65,25181.80,89.15,0,0,0,0.00,0,F1,75,,,,,
2025-10-09,2025-10-09,FO,NSE,IDO,52680,,NIFTY,,2025-11-25,2025-11-25,24200.00,CE,NIFTY25NOV24200CE,1227.45,1240.85,1227.45,1240.65,1240.85,1121.85,25181.80,1240.65,6225,225,3,5723152.50,3,F1,75,,,,,
2025-10-09,2025-10-09,FO,NSE,IDO,36688,,NIFTY,,2025-12-30,2025-12-30,19500.00,CE,NIFTY25DEC19500CE,0.00,0.00,0.00,5980.00,5980.00,5980.00,25181.80,5932.10,1150,0,0,0.00,0,F1,75,,,,,
2025-10-09,2025-10-09,FO,NSE,IDO,65196,,NIFTY,,2025-12-30,2025-12-30,23500.00,CE,NIFTY25DEC23500CE,0.00,0.00,0.00,1683.35,0.00,1683.35,25181.80,2041.10,0,0,0,0.00,0,F1,75,,,,,
2025-10-09,2025-10-09,FO,NSE,IDO,65244,,NIFTY,,2025-12-30,2025-12-30,24200.00,CE,NIFTY25DEC24200CE,0.00,0.00,0.00,1189.30,0.00,1189.30,25181.80,1447.20,0,0,0,0.00,0,F1,75,,,,,
2025-10-09,2025-10-09,FO,NSE,IDO,65252,,NIFTY,,2025-12-30,2025-12-30,24350.00,CE,NIFTY25DEC24350CE,0.00,0.00,0.00,1218.95,1218.95,1218.95,25181.80,1330.75,75,0,0,0.00,0,F1,75,,,,,
2025-10-09,2025-10-09,FO,NSE,IDO,65316,,NIFTY,,2025-12-30,2025-12-30,24700.00,CE,NIFTY25DEC24700CE,0.00,0.00,0.00,935.15,935.15,935.15,25181.80,1077.40,4350,0,0,0.00,0,F1,75,,,,,
2025-10-09,2025-10-09,FO,NSE,IDO,62937,,NIFTY,,2026-03-31,2026-03-31,30000.00,CE,NIFTY26MAR30000CE,29.45,32.15,28.50,31.05,30.55,28.75,25181.80,31.05,129900,8475,286,644162580.00,97,F1,75,,,,,
2025-10-09,2025-10-09,FO,NSE,IDO,65906,,NIFTY,,2026-09-29,2026-09-29,27000.00,CE,NIFTY26SEP27000CE,0.00,0.00,0.00,1156.15,0.00,1156.15,25181.80,1098.10,0,0,0,0.00,0,F1,75,,,,,
2025-10-09,2025-10-09,FO,NSE,IDO,65921,,NIFTY,,2026-09-29,2026-09-29,29000.00,CE,NIFTY26SEP29000CE,0.00,0.00,0.00,587.75,0.00,587.75,25181.80,484.60,0,0,0,0.00,0,F1,75,,,,,
2025-10-09,2025-10-09,FO,NSE,IDO,58648,,NIFTY,,2026-12-29,2026-12-29,22000.00,CE,NIFTY26DEC22000CE,4900.00,4900.00,4900.00,4900.00,4900.00,4725.00,25181.80,4775.75,1650,75,1,2017500.00,1,F1,75,,,,,
2025-10-09,2025-10-09,FO,NSE,IDO,38158,,NIFTY,,2026-12-29,2026-12-29,29000.00,CE,NIFTY26DEC29000CE,632.00,660.00,623.00,656.00,656.35,613.30,25181.80,656.00,44925,600,31,68924208.75,28,F1,75,,,,,
2025-10-09,2025-10-09,FO,NSE,IDO,53628,,NIFTY,,2027-12-28,2027-12-28,26000.00,CE,NIFTY27DEC26000CE,0.00,0.00,0.00,3194.00,3194.00,3194.00,25181.80,3184.10,0,0,0,0.00,0,F1,75,,,,,
2025-10-09,2025-10-09,FO,NSE,IDO,86145,,NIFTY,,2028-06-27,2028-06-27,21000.00,CE,NIFTY28JUN21000CE,0.00,0.00,0.00,5226.55,0.00,5226.55,25181.80,7319.40,0,0,0,0.00,0,F1,75,,,,,
2025-10-09,2025-10-09,FO,NSE,IDO,86163,,NIFTY,,2028-06-27,2028-06-27,27000.00,CE,NIFTY28JUN27000CE,0.00,0.00,0.00,2885.15,0.00,2885.15,25181.80,3224.05,0,0,0,0.00,0,F1,75,,,,,
2025-10-09,2025-10-09,FO,NSE,IDO,67772,,NIFTY,,2028-12-26,2028-12-26,19000.00,CE,NIFTY28DEC19000CE,0.00,0.00,0.00,8739.00,0.00,8739.00,25181.80,9423.45,0,0,0,0.00,0,F1,75,,,,,
2025-10-09,2025-10-09,FO,NSE,IDO,67784,,NIFTY,,2028-12-26,2028-12-26,25000.00,CE,NIFTY28DEC25000CE,0.00,0.00,0.00,5350.40,0.00,5350.40,25181.80,4979.15,0,0,0,0.00,0,F1,75,,,,,
2025-10-09,2025-10-09,FO,NSE,IDO,89642,,NIFTY,,2029-06-26,2029-06-26,30000.00,CE,NIFTY29JUN30000CE,0.00,0.00,0.00,5268.40,0.00,5268.40,25181.80,2910.65,0,0,0,0.00,0,F1,75,,,,,
2025-10-09,2025-10-09,FO,NSE,IDO,60936,,NIFTY,,2030-06-25,2030-06-25,30000.00,CE,NIFTY30JUN30000CE,0.00,0.00,0.00,5580.35,0.00,5580.35,25181.80,3940.75,0,0,0,0.00,0,F1,75,,,,,
2025-10-09,2025-10-09,FO,NSE,IDO,42538,,NIFTY,,2025-10-14,2025-10-14,22900.00,PE,NIFTY25O1422900PE,0.90,1.30,0.80,1.05,0.95,1.00,25181.80,1.05,2298075,166425,104953,180264863808.75,15935,F1,75,,,,,
2025-10-09,2025-10-09,FO,NSE,IDO,58901,,NIFTY,,2025-10-28,2025-10-28,24900.00,CE,NIFTY25OCT24900CE,366.30,476.00,356.00,457.45,456.35,347.05,25181.80,457.45,968175,-45525,7097,13477775197.50,5479,F1,75,,,,,
2025-10-09,2025-10-09,FO,NSE,IDO,58895,,NIFTY,,2025-10-28,2025-10-28,24750.00,CE,NIFTY25OCT24750CE,489.00,595.40,473.70,581.00,582.30,460.95,25181.80,581.00,364950,-3825,239,453382121.25,193,F1,75,,,,,
2025-10-09,2025-10-09,FO,NSE,IDO,58794,,NIFTY,,2025-10-28,2025-10-28,24550.00,CE,NIFTY25OCT24550CE,723.95,723.95,723.95,723.95,723.95,622.25,25181.80,767.25,13875,-75,1,1895546.25,1,F1,75,,,,,
2025-10-09,2025-10-09,FO,NSE,IDO,58778,,NIFTY,,2025-10-28,2025-10-28,24250.00,CE,NIFTY25OCT24250CE,965.90,965.90,965.90,965.90,965.90,896.25,25181.80,1030.15,4425,-75,1,1891192.50,1,F1,75,,,,,
2025-10-09,2025-10-09,FO,NSE,IDO,58732,,NIFTY,,2025-10-28,2025-10-28,23150.00,CE,NIFTY25OCT23150CE,0.00,0.00,0.00,1790.35,1790.35,1790.35,25181.80,2101.25,75,0,0,0.00,0,F1,75,,,,,
2025-10-09,2025-10-09,FO,NSE,IDO,58722,,NIFTY,,2025-10-28,2025-10-28,23000.00,CE,NIFTY25OCT23000CE,2130.00,2285.00,2126.65,2264.70,2269.60,2119.75,25181.80,2264.70,1056300,-11925,438,829022951.25,220,F1,75,,,,,
2025-10-09,2025-10-09,FO,NSE,IDO,45326,,NIFTY,,2025-10-20,2025-10-20,26850.00,CE,NIFTY25O2026850CE,1.65,1.65,1.05,1.15,1.05,1.50,25181.80,1.15,9075,2175,200,402768930.00,101,F1,75,,,,,
2025-10-09,2025-10-09,FO,NSE,IDO,45324,,NIFTY,,2025-10-20,2025-10-20,26800.00,CE,NIFTY25O2026800CE,1.40,1.40,1.05,1.05,1.05,1.40,25181.80,1.05,4050,1350,51,102514462.50,17,F1,75,,,,,
2025-10-09,2025-10-09,FO,NSE,IDO,45302,,NIFTY,,2025-10-20,2025-10-20,26250.00,CE,NIFTY25O2026250CE,3.00,3.40,1.60,2.05,1.95,3.15,25181.80,2.05,43725,15075,1126,2217031087.50,459,F1,75,,,,,
2025-10-09,2025-10-09,FO,NSE,IDO,45286,,NIFTY,,2025-10-20,2025-10-20,25900.00,CE,NIFTY25O2025900CE,7.70,10.50,6.55,7.70,7.30,7.35,25181.80,7.70,332250,165675,21519,41814236388.75,12175,F1,75,,,,,
2025-10-09,2025-10-09,FO,NSE,IDO,45284,,NIFTY,,2025-10-20,2025-10-20,25850.00,CE,NIFTY25O2025850CE,8.45,12.70,8.15,9.25,8.75,8.45,25181.80,9.25,272025,165750,12002,23277639592.50,6497,F1,75,,,,,
2025-10-09,2025-10-09,FO,NSE,IDO,45214,,NIFTY,,2025-10-20,2025-10-20,24300.00,CE,NIFTY25O2024300CE,930.00,955.00,917.05,946.20,945.00,793.70,25181.80,946.20,8775,1350,41,77600448.75,27,F1,75,,,,,
2025-10-09,2025-10-09,FO,NSE,IDO,42787,,NIFTY,,2025-10-14,2025-10-14,27100.00,CE,NIFTY25O1427100CE,0.85,0.85,0.55,0.55,0.55,0.90,25181.80,0.55,494250,-2775,10601,21547061130.00,1583,F1,75,,,,,
2025-10-09,2025-10-09,FO,NSE,IDO,42785,,NIFTY,,2025-10-14,2025-10-14,27050.00,CE,NIFTY25O1427050CE,0.90,0.95,0.55,0.55,0.55,0.90,25181.80,0.55,173400,8625,9471,19214799907.50,1220,F1,75,,,,,
2025-10-09,2025-10-09,FO,NSE,IDO,42661,,NIFTY,,2025-10-14,2025-10-14,24800.00,CE,NIFTY25O1424800CE,305.00,435.50,285.90,419.00,420.90,283.50,25181.80,419.00,434850,-29850,62878,118651386450.00,40849,F1,75,,,,,
2025-10-09,2025-10-09,FO,NSE,IDO,42657,,NIFTY,,2025-10-14,2025-10-14,24750.00,CE,NIFTY25O1424750CE,355.60,482.55,330.00,467.35,468.45,327.20,25181.80,467.35,66000,-525,5672,10699164832.50,4280,F1,75,,,,,
2025-10-09,2025-10-09,FO,NSE,IDO,42582,,NIFTY,,2025-10-14,2025-10-14,23400.00,PE,NIFTY25O1423400PE,1.40,1.85,1.10,1.40,1.20,1.60,25181.80,1.40,434250,88500,70879,124400706783.75,10258,F1,75,,,,,
2025-10-09,2025-10-09,FO,NSE,IDO,42600,,NIFTY,,2025-10-14,2025-10-14,23750.00,PE,NIFTY25O1423750PE,1.55,2.40,1.40,1.85,1.50,2.15,25181.80,1.85,223125,69525,66096,117743151067.50,9344,F1,75,,,,,
2025-10-09,2025-10-09,FO,NSE,IDO,42628,,NIFTY,,2025-10-14,2025-10-14,24250.00,PE,NIFTY25O1424250PE,3.60,3.95,2.00,3.00,2.50,3.85,25181.80,3.00,993225,213750,199785,363408187128.75,46178,F1,75,,,,,
2025-10-09,2025-10-09,FO,NSE,IDO,42667,,NIFTY,,2025-10-14,2025-10-14,24850.00,CE,NIFTY25O1424850CE,264.75,387.10,243.70,371.30,372.50,241.45,25181.80,371.30,126675,-62175,27433,51754329532.50,21770,F1,75,,,,,
2025-10-09,2025-10-09,FO,NSE,IDO,42669,,NIFTY,,2025-10-14,2025-10-14,24900.00,CE,NIFTY25O1424900CE,214.55,340.60,203.65,324.45,325.00,201.80,25181.80,324.45,560025,-287025,177253,334561659157.50,122274,F1,75,,,,,
2025-10-09,2025-10-09,FO,NSE,IDO,42673,,NIFTY,,2025-10-14,2025-10-14,25000.00,CE,NIFTY25O1425000CE,143.80,251.95,133.20,234.05,235.00,132.80,25181.80,234.05,3563700,-1413450,1283584,2424730076025.00,793430,F1,75,,,,,
2025-10-09,2025-10-09,FO,NSE,IDO,39917,,NIFTY,,2025-11-11,2025-11-11,23500.00,CE,NIFTY25N1123500CE,0.00,0.00,0.00,1776.55,0.00,1776.55,25181.80,1812.70,0,0,0,0.00,0,F1,75,,,,,
2025-10-09,2025-10-09,FO,NSE,IDO,47748,,NIFTY,,2025-11-04,2025-11-04,26700.00,CE,NIFTY25N0426700CE,9.85,11.00,6.25,9.40,10.10,21.35,25181.80,9.40,75,0,13,26040652.50,13,F1,75,,,,,
2025-10-09,2025-10-09,FO,NSE,IDO,47738,,NIFTY,,2025-11-04,2025-11-04,26600.00,CE,NIFTY25N0426600CE,8.70,10.45,8.30,9.95,9.65,10.60,25181.80,9.95,825,-75,9,17961108.75,8,F1,75,,,,,
2025-10-09,2025-10-09,FO,NSE,IDO,47706,,NIFTY,,2025-11-04,2025-11-04,26200.00,CE,NIFTY25N0426200CE,54.10,54.10,20.95,22.50,23.95,212.25,25181.80,22.50,750,750,17,33436368.75,14,F1,75,,,,,
2025-10-09,2025-10-09,FO,NSE,IDO,40133,,NIFTY,,2025-11-11,2025-11-11,25950.00,CE,NIFTY25N1125950CE,0.00,0.00,0.00,209.65,0.00,209.65,25181.80,150.85,0,0,0,0.00,0,F1,75,,,,,
2025-10-09,2025-10-09,FO,NSE,IDO,40135,,NIFTY,,2025-11-11,2025-11-11,26000.00,CE,NIFTY25N1126000CE,0.00,0.00,0.00,196.35,0.00,196.35,25181.80,138.75,0,0,0,0.00,0,F1,75,,,,,
2025-10-09,2025-10-09,FO,NSE,IDO,40164,,NIFTY,,2025-11-11,2025-11-11,26400.00,CE,NIFTY25N1126400CE,0.00,0.00,0.00,112.40,0.00,112.40,25181.80,67.10,0,0,0,0.00,0,F1,75,,,,,
2025-10-09,2025-10-09,FO,NSE,IDO,40194,,NIFTY,,2025-11-11,2025-11-11,26800.00,CE,NIFTY25N1126800CE,0.00,0.00,0.00,60.25,0.00,60.25,25181.80,29.25,0,0,0,0.00,0,F1,75,,,,,
2025-10-09,2025-10-09,FO,NSE,IDO,52480,,NIFTY,,2025-11-25,2025-11-25,23100.00,CE,NIFTY25NOV23100CE,0.00,0.00,0.00,1915.45,0.00,1915.45,25181.80,2260.15,0,0,0,0.00,0,F1,75,,,,,
2025-10-09,2025-10-09,FO,NSE,IDO,52530,,NIFTY,,2025-11-25,2025-11-25,23200.00,CE,NIFTY25NOV23200CE,0.00,0.00,0.00,2050.00,2050.00,2050.00,25181.80,2163.25,525,0,0,0.00,0,F1,75,,,,,
2025-10-09,2025-10-09,FO,NSE,IDO,52550,,NIFTY,,2025-11-25,2025-11-25,23400.00,CE,NIFTY25NOV23400CE,0.00,0.00,0.00,1681.05,0.00,1681.05,25181.80,1971.20,0,0,0,0.00,0,F1,75,,,,,
2025-10-09,2025-10-09,FO,NSE,IDO,52618,,NIFTY,,2025-11-25,2025-11-25,23750.00,CE,NIFTY25NOV23750CE,0.00,0.00,0.00,1720.00,1720.00,1720.00,25181.80,1643.55,75,0,0,0.00,0,F1,75,,,,,
2025-10-09,2025-10-09,FO,NSE,IDO,52775,,NIFTY,,2025-11-25,2025-11-25,24900.00,CE,NIFTY25NOV24900CE,589.05,683.40,585.65,670.65,669.00,573.70,25181.80,670.65,42300,-3075,166,318078405.00,139,F1,75,,,,,
2025-10-09,2025-10-09,FO,NSE,IDO,52801,,NIFTY,,2025-11-25,2025-11-25,25100.00,CE,NIFTY25NOV25100CE,461.45,547.75,449.00,533.70,542.30,445.50,25181.80,533.70,86475,-1350,1124,2158253835.00,879,F1,75,,,,,
2025-10-09,2025-10-09,FO,NSE,IDO,53198,,NIFTY,,2025-11-25,2025-11-25,26450.00,CE,NIFTY25NOV26450CE,0.00,0.00,0.00,244.90,0.00,244.90,25181.80,114.10,0,0,0,0.00,0,F1,75,,,,,
2025-10-09,2025-10-09,FO,NSE,IDO,65268,,NIFTY,,2025-12-30,2025-12-30,24500.00,CE,NIFTY25DEC24500CE,1147.70,1225.70,1147.70,1207.10,1206.05,1100.00,25181.80,1207.10,53175,-2250,74,142673711.25,48,F1,75,,,,,
2025-10-09,2025-10-09,FO,NSE,IDO,47652,,NIFTY,,2025-11-04,2025-11-04,25600.00,CE,NIFTY25N0425600CE,87.70,129.95,87.70,121.75,122.60,83.30,25181.80,121.75,15225,2775,282,543862593.75,211,F1,75,,,,,
2025-10-09,2025-10-09,FO,NSE,IDO,65314,,NIFTY,,2025-12-30,2025-12-30,24650.00,CE,NIFTY25DEC24650CE,0.00,0.00,0.00,1041.25,1041.25,1041.25,25181.80,1111.95,225,0,0,0.00,0,F1,75,,,,,
2025-10-09,2025-10-09,FO,NSE,IDO,65333,,NIFTY,,2025-12-30,2025-12-30,24800.00,CE,NIFTY25DEC24800CE,978.40,978.40,978.20,978.30,978.20,873.10,25181.80,978.30,13875,-150,2,3866745.00,2,F1,75,,,,,
2025-10-09,2025-10-09,FO,NSE,IDO,65353,,NIFTY,,2025-12-30,2025-12-30,25050.00,CE,NIFTY25DEC25050CE,704.50,782.85,704.50,782.85,782.85,700.10,25181.80,852.50,1950,0,5,9674501.25,5,F1,75,,,,,
2025-10-09,2025-10-09,FO,NSE,IDO,65433,,NIFTY,,2025-12-30,2025-12-30,25200.00,CE,NIFTY25DEC25200CE,650.25,718.00,620.00,696.15,699.55,609.90,25181.80,696.15,27075,1350,142,275681681.25,124,F1,75,,,,,
2025-10-09,2025-10-09,FO,NSE,IDO,62922,,NIFTY,,2026-03-31,2026-03-31,23000.00,CE,NIFTY26MAR23000CE,0.00,0.00,0.00,2782.55,0.00,2782.55,25181.80,2885.10,0,0,0,0.00,0,F1,75,,,,,
2025-10-09,2025-10-09,FO,NSE,IDO,51453,,NIFTY,,2026-06-30,2026-06-30,21000.00,CE,NIFTY26JUN21000CE,0.00,0.00,0.00,3881.90,0.00,3881.90,25181.80,5054.40,0,0,0,0.00,0,F1,75,,,,,
2025-10-09,2025-10-09,FO,NSE,IDO,65900,,NIFTY,,2026-09-29,2026-09-29,24000.00,CE,NIFTY26SEP24000CE,0.00,0.00,0.00,2671.85,0.00,2671.85,25181.80,2827.25,0,0,0,0.00,0,F1,75,,,,,
2025-10-09,2025-10-09,FO,NSE,IDO,71549,,NIFTY,,2027-06-29,2027-06-29,19000.00,CE,NIFTY27JUN19000CE,0.00,0.00,0.00,7800.00,7800.00,7800.00,25181.80,7984.70,75,0,0,0.00,0,F1,75,,,,,
2025-10-09,2025-10-09,FO,NSE,IDO,86147,,NIFTY,,2028-06-27,2028-06-27,22000.00,CE,NIFTY28JUN22000CE,0.00,0.00,0.00,4759.50,0.00,4759.50,25181.80,6533.75,0,0,0,0.00,0,F1,75,,,,,
2025-10-09,2025-10-09,FO,NSE,IDO,67782,,NIFTY,,2028-12-26,2028-12-26,24000.00,CE,NIFTY28DEC24000CE,0.00,0.00,0.00,5850.30,0.00,5850.30,25181.80,5638.65,0,0,0,0.00,0,F1,75,,,,,
2025-10-09,2025-10-09,FO,NSE,IDO,67786,,NIFTY,,2028-12-26,2028-12-26,26000.00,CE,NIFTY28DEC26000CE,0.00,0.00,0.00,4879.70,0.00,4879.70,25181.80,4364.20,0,0,0,0.00,0,F1,75,,,,,
2025-10-09,2025-10-09,FO,NSE,IDO,89640,,NIFTY,,2029-06-26,2029-06-26,29000.00,CE,NIFTY29JUN29000CE,0.00,0.00,0.00,5677.90,0.00,5677.90,25181.80,3347.95,0,0,0,0.00,0,F1,75,,,,,
2025-10-09,2025-10-09,FO,NSE,IDO,61794,,NIFTY,,2029-12-24,2029-12-24,27000.00,CE,NIFTY29DEC27000CE,0.00,0.00,0.00,6201.65,0.00,6201.65,25181.80,4900.00,0,0,0,0.00,0,F1,75,,,,,
2025-10-09,2025-10-09,FO,NSE,IDO,60904,,NIFTY,,2030-06-25,2030-06-25,24000.00,CE,NIFTY30JUN24000CE,0.00,0.00,0.00,8591.55,0.00,8591.55,25181.80,7237.40,0,0,0,0.00,0,F1,75,,,,,
2025-10-09,2025-10-09,FO,NSE,IDO,60908,,NIFTY,,2030-06-25,2030-06-25,26000.00,CE,NIFTY30JUN26000CE,0.00,0.00,0.00,7487.55,0.00,7487.55,25181.80,6005.20,0,0,0,0.00,0,F1,75,,,,,
2025-10-09,2025-10-09,FO,NSE,IDO,42536,,NIFTY,,2025-10-14,2025-10-14,22850.00,PE,NIFTY25O1422850PE,1.00,1.35,0.85,1.05,0.90,1.05,25181.80,1.05,3415875,565950,75331,129104633932.50,10029,F1,75,,,,,
2025-10-09,2025-10-09,FO,NSE,IDO,42590,,NIFTY,,2025-10-14,2025-10-14,23600.00,PE,NIFTY25O1423600PE,1.60,2.15,1.00,1.60,1.45,1.85,25181.80,1.60,1026825,508425,106327,188212302870.00,15123,F1,75,,,,,
2025-10-09,2025-10-09,FO,NSE,IDO,42630,,NIFTY,,2025-10-14,2025-10-14,24300.00,PE,NIFTY25O1424300PE,3.20,4.25,2.65,3.15,2.70,4.10,25181.80,3.15,4180125,1598625,434038,791148999498.75,100411,F1,75,,,,,
2025-10-09,2025-10-09,FO,NSE,IDO,42648,,NIFTY,,2025-10-14,2025-10-14,24550.00,PE,NIFTY25O1424550PE,7.60,8.30,3.65,4.45,3.80,7.95,25181.80,4.45,1635075,516975,270203,497628834183.75,71348,F1,75,,,,,
2025-10-09,2025-10-09,FO,NSE,IDO,42650,,NIFTY,,2025-10-14,2025-10-14,24600.00,PE,NIFTY25O1424600PE,8.90,10.00,4.00,4.80,4.10,9.45,25181.80,4.80,4768950,586575,537352,991684866007.50,146090,F1,75,,,,,
2025-10-09,2025-10-09,FO,NSE,IDO,42702,,NIFTY,,2025-10-14,2025-10-14,25350.00,PE,NIFTY25O1425350PE,272.85,307.15,162.90,171.55,168.20,309.90,25181.80,171.55,284400,163125,106949,204953570565.00,77886,F1,75,,,,,
2025-10-09,2025-10-09,FO,NSE,IDO,42716,,NIFTY,,2025-10-14,2025-10-14,25650.00,PE,NIFTY25O1425650PE,563.75,591.55,432.75,441.55,439.35,594.60,25181.80,441.55,12900,-375,648,1269759573.75,612,F1,75,,,,,
2025-10-09,2025-10-09,FO,NSE,IDO,42724,,NIFTY,,2025-10-14,2025-10-14,25850.00,PE,NIFTY25O1425850PE,780.95,784.20,630.10,639.40,638.90,788.85,25181.80,639.40,5850,1200,95,189452726.25,58,F1,75,,,,,
2025-10-09,2025-10-09,FO,NSE,IDO,42732,,NIFTY,,2025-10-14,2025-10-14,25950.00,PE,NIFTY25O1425950PE,765.65,788.20,736.10,738.40,739.80,827.45,25181.80,738.40,1575,375,22,44065488.75,16,F1,75,,,,,
2025-10-09,2025-10-09,FO,NSE,IDO,42752,,NIFTY,,2025-10-14,2025-10-14,26300.00,PE,NIFTY25O1426300PE,0.00,0.00,0.00,1120.00,1120.00,1120.00,25181.80,1097.70,1050,0,0,0.00,0,F1,75,,,,,
2025-10-09,2025-10-09,FO,NSE,IDO,42756,,NIFTY,,2025-10-14,2025-10-14,26400.00,PE,NIFTY25O1426400PE,0.00,0.00,0.00,1437.05,1437.70,1437.05,25181.80,1197.50,600,0,0,0.00,0,F1,75,,,,,
2025-10-09,2025-10-09,FO,NSE,IDO,45173,,NIFTY,,2025-10-20,2025-10-20,23400.00,PE,NIFTY25O2023400PE,2.80,3.90,2.30,2.90,2.85,3.75,25181.80,2.90,51300,28800,1017,1785075510.00,400,F1,75,,,,,
2025-10-09,2025-10-09,FO,NSE,IDO,47626,,NIFTY,,2025-11-04,2025-11-04,25200.00,CE,NIFTY25N0425200CE,254.80,326.35,236.80,306.25,308.00,225.55,25181.80,306.25,17850,-5325,1446,2764943527.50,938,F1,75,,,,,
2025-10-09,2025-10-09,FO,NSE,IDO,45229,,NIFTY,,2025-10-20,2025-10-20,24550.00,PE,NIFTY25O2024550PE,23.40,27.90,13.20,14.55,13.35,27.05,25181.80,14.55,121875,44550,6616,12191195047.50,5082,F1,75,,,,,
2025-10-09,2025-10-09,FO,NSE,IDO,45237,,NIFTY,,2025-10-20,2025-10-20,24750.00,PE,NIFTY25O2024750PE,45.05,51.70,23.85,25.80,24.65,50.95,25181.80,25.80,254850,120300,13983,25993177642.50,8935,F1,75,,,,,
2025-10-09,2025-10-09,FO,NSE,IDO,45253,,NIFTY,,2025-10-20,2025-10-20,25100.00,PE,NIFTY25O2025100PE,152.10,157.65,85.35,88.20,86.25,160.35,25181.80,88.20,842550,207375,82842,156657464336.25,48749,F1,75,,,,,
2025-10-09,2025-10-09,FO,NSE,IDO,58708,,NIFTY,,2025-10-28,2025-10-28,22750.00,PE,NIFTY25OCT22750PE,4.35,5.90,4.30,4.55,4.55,5.45,25181.80,4.55,4350,525,148,252583203.75,76,F1,75,,,,,
2025-10-09,2025-10-09,FO,NSE,IDO,58757,,NIFTY,,2025-10-28,2025-10-28,23700.00,PE,NIFTY25OCT23700PE,10.40,12.55,7.85,9.20,7.85,12.35,25181.80,9.20,316350,67875,4358,7749647182.50,3051,F1,75,,,,,
2025-10-09,2025-10-09,FO,NSE,IDO,58771,,NIFTY,,2025-10-28,2025-10-28,24050.00,PE,NIFTY25OCT24050PE,21.50,21.50,13.25,14.35,13.40,20.25,25181.80,14.35,121125,-9225,3973,7171168882.50,1845,F1,75,,,,,
2025-10-09,2025-10-09,FO,NSE,IDO,58781,,NIFTY,,2025-10-28,2025-10-28,24300.00,PE,NIFTY25OCT24300PE,28.00,31.30,18.85,20.10,20.90,30.70,25181.80,20.10,1033350,4200,12961,23644697628.75,8530,F1,75,,,,,
2025-10-09,2025-10-09,FO,NSE,IDO,59034,,NIFTY,,2025-10-28,2025-10-28,26200.00,PE,NIFTY25OCT26200PE,996.05,996.05,923.00,923.00,923.00,1080.50,25181.80,923.00,93225,-300,43,87566186.25,29,F1,75,,,,,
2025-10-09,2025-10-09,FO,NSE,IDO,59038,,NIFTY,,2025-10-28,2025-10-28,26250.00,PE,NIFTY25OCT26250PE,985.00,985.00,956.65,957.95,956.65,1130.45,25181.80,957.95,5250,600,10,20407972.50,7,F1,75,,,,,
2025-10-09,2025-10-09,FO,NSE,IDO,59059,,NIFTY,,2025-10-28,2025-10-28,26550.00,PE,NIFTY25OCT26550PE,1264.75,1264.75,1264.75,1264.75,1264.75,1409.85,25181.80,1264.75,750,75,1,2086106.25,1,F1,75,,,,,
2025-10-09,2025-10-09,FO,NSE,IDO,59108,,NIFTY,,2025-10-28,2025-10-28,26900.00,PE,NIFTY25OCT26900PE,0.00,0.00,0.00,2100.00,2100.00,2100.00,25181.80,1641.75,2550,0,0,0.00,0,F1,75,,,,,
2025-10-09,2025-10-09,FO,NSE,IDO,47506,,NIFTY,,2025-11-04,2025-11-04,24400.00,CE,NIFTY25N0424400CE,0.00,0.00,0.00,1115.15,0.00,1115.15,25181.80,944.70,0,0,0,0.00,0,F1,75,,,,,
2025-10-09,2025-10-09,FO,NSE,IDO,47482,,NIFTY,,2025-11-04,2025-11-04,24150.00,CE,NIFTY25N0424150CE,0.00,0.00,0.00,1311.00,0.00,1311.00,25181.80,1164.15,0,0,0,0.00,0,F1,75,,,,,
2025-10-09,2025-10-09,FO,NSE,IDO,47429,,NIFTY,,2025-11-04,2025-11-04,23650.00,CE,NIFTY25N0423650CE,0.00,0.00,0.00,1739.50,0.00,1739.50,25181.80,1636.00,0,0,0,0.00,0,F1,75,,,,,
2025-10-09,2025-10-09,FO,NSE,IDO,47398,,NIFTY,,2025-11-04,2025-11-04,23250.00,CE,NIFTY25N0423250CE,0.00,0.00,0.00,2108.00,0.00,2108.00,25181.80,2028.60,0,0,0,0.00,0,F1,75,,,,,
2025-10-09,2025-10-09,FO,NSE,IDO,59111,,NIFTY,,2025-10-28,2025-10-28,27000.00,CE,NIFTY25OCT27000CE,2.85,2.90,2.10,2.35,2.15,2.85,25181.80,2.35,1653000,-14925,6710,13589056215.00,2593,F1,75,,,,,
2025-10-09,2025-10-09,FO,NSE,IDO,58931,,NIFTY,,2025-10-28,2025-10-28,25350.00,CE,NIFTY25OCT25350CE,118.95,176.30,112.65,163.65,166.00,108.50,25181.80,163.65,173625,-11625,4754,9091365802.50,3214,F1,75,,,,,
2025-10-09,2025-10-09,FO,NSE,IDO,47355,,NIFTY,,2025-11-04,2025-11-04,23000.00,PE,NIFTY25N0423000PE,7.50,9.10,7.00,7.70,7.00,8.85,25181.80,7.70,21075,1050,241,415869082.50,96,F1,75,,,,,
2025-10-09,2025-10-09,FO,NSE,IDO,47407,,NIFTY,,2025-11-04,2025-11-04,23350.00,PE,NIFTY25N0423350PE,0.00,0.00,0.00,13.50,13.50,13.50,25181.80,2.60,150,0,0,0.00,0,F1,75,,,,,
2025-10-09,2025-10-09,FO,NSE,IDO,47432,,NIFTY,,2025-11-04,2025-11-04,23700.00,PE,NIFTY25N0423700PE,15.00,15.00,14.00,14.00,14.00,17.55,25181.80,14.00,1875,900,21,37350438.75,7,F1,75,,,,,
2025-10-09,2025-10-09,FO,NSE,IDO,47439,,NIFTY,,2025-11-04,2025-11-04,23800.00,PE,NIFTY25N0423800PE,19.70,20.50,15.50,15.75,15.50,19.15,25181.80,15.75,6225,600,45,80385056.25,34,F1,75,,,,,
2025-10-09,2025-10-09,FO,NSE,IDO,47647,,NIFTY,,2025-11-04,2025-11-04,25500.00,PE,NIFTY25N0425500PE,367.65,367.65,345.25,345.25,345.25,449.45,25181.80,345.25,5100,0,2,3878467.50,2,F1,75,,,,,
2025-10-09,2025-10-09,FO,NSE,IDO,47667,,NIFTY,,2025-11-04,2025-11-04,25700.00,PE,NIFTY25N0425700PE,0.00,0.00,0.00,720.40,0.00,720.40,25181.80,588.50,0,0,0,0.00,0,F1,75,,,,,
2025-10-09,2025-10-09,FO,NSE,IDO,39951,,NIFTY,,2025-11-11,2025-11-11,24000.00,PE,NIFTY25N1124000PE,46.90,46.90,27.10,29.10,27.20,81.75,25181.80,29.10,375,375,13,23430116.25,13,F1,75,,,,,
2025-10-09,2025-10-09,FO,NSE,IDO,39964,,NIFTY,,2025-11-11,2025-11-11,24250.00,PE,NIFTY25N1124250PE,0.00,0.00,0.00,124.40,0.00,124.40,25181.80,61.50,0,0,0,0.00,0,F1,75,,,,,
2025-10-09,2025-10-09,FO,NSE,IDO,40094,,NIFTY,,2025-11-11,2025-11-11,25450.00,PE,NIFTY25N1125450PE,0.00,0.00,0.00,575.80,0.00,575.80,25181.80,456.35,0,0,0,0.00,0,F1,75,,,,,
2025-10-09,2025-10-09,FO,NSE,IDO,40161,,NIFTY,,2025-11-11,2025-11-11,26350.00,PE,NIFTY25N1126350PE,0.00,0.00,0.00,1208.95,0.00,1208.95,25181.80,1105.45,0,0,0,0.00,0,F1,75,,,,,
2025-10-09,2025-10-09,FO,NSE,IDO,52479,,NIFTY,,2025-11-25,2025-11-25,23050.00,PE,NIFTY25NOV23050PE,0.00,0.00,0.00,20.50,20.50,20.50,25181.80,6.95,525,0,0,0.00,0,F1,75,,,,,
2025-10-09,2025-10-09,FO,NSE,IDO,52609,,NIFTY,,2025-11-25,2025-11-25,23600.00,PE,NIFTY25NOV23600PE,35.20,37.80,28.55,31.20,30.50,36.75,25181.80,31.20,85500,-27750,1409,2497569547.50,688,F1,75,,,,,
2025-10-09,2025-10-09,FO,NSE,IDO,52665,,NIFTY,,2025-11-25,2025-11-25,24100.00,PE,NIFTY25NOV24100PE,68.00,71.45,53.90,55.45,54.00,70.90,25181.80,55.45,218325,3450,866,1569199020.00,598,F1,75,,,,,
2025-10-09,2025-10-09,FO,NSE,IDO,52696,,NIFTY,,2025-11-25,2025-11-25,24250.00,PE,NIFTY25NOV24250PE,0.00,0.00,0.00,186.25,186.25,186.25,25181.80,95.10,4125,0,0,0.00,0,F1,75,,,,,
2025-10-09,2025-10-09,FO,NSE,IDO,52758,,NIFTY,,2025-11-25,2025-11-25,24600.00,PE,NIFTY25NOV24600PE,142.00,145.50,108.65,110.20,109.00,145.70,25181.80,110.20,287475,-300,1756,3255370020.00,1167,F1,75,,,,,
2025-10-09,2025-10-09,FO,NSE,IDO,52768,,NIFTY,,2025-11-25,2025-11-25,24800.00,PE,NIFTY25NOV24800PE,182.40,192.15,144.65,146.50,145.35,191.20,25181.80,146.50,423975,21525,2388,4469974293.75,1637,F1,75,,,,,
2025-10-09,2025-10-09,FO,NSE,IDO,52880,,NIFTY,,2025-11-25,2025-11-25,25750.00,PE,NIFTY25NOV25750PE,606.30,606.30,534.30,536.65,534.30,592.90,25181.80,536.65,2700,0,6,11840726.25,6,F1,75,,,,,
2025-10-09,2025-10-09,FO,NSE,IDO,39988,,NIFTY,,2025-12-30,2025-12-30,19000.00,PE,NIFTY25DEC19000PE,11.95,19.40,11.35,12.40,12.40,12.10,25181.80,12.40,364200,7500,713,1016722005.00,219,F1,75,,,,,
2025-10-09,2025-10-09,FO,NSE,IDO,65130,,NIFTY,,2025-12-30,2025-12-30,23050.00,PE,NIFTY25DEC23050PE,0.00,0.00,0.00,47.75,47.75,47.75,25181.80,27.30,9000,0,0,0.00,0,F1,75,,,,,
2025-10-09,2025-10-09,FO,NSE,IDO,65245,,NIFTY,,2025-12-30,2025-12-30,24200.00,PE,NIFTY25DEC24200PE,138.75,141.00,118.55,119.75,119.25,141.60,25181.80,119.75,99375,16800,656,1196879546.25,509,F1,75,,,,,
2025-10-09,2025-10-09,FO,NSE,IDO,65350,,NIFTY,,2025-12-30,2025-12-30,24900.00,PE,NIFTY25DEC24900PE,287.80,288.00,245.90,247.25,247.00,293.10,25181.80,247.25,24450,-75,220,415093335.00,190,F1,75,,,,,
2025-10-09,2025-10-09,FO,NSE,IDO,65528,,NIFTY,,2025-12-30,2025-12-30,25300.00,PE,NIFTY25DEC25300PE,428.00,432.40,370.00,373.10,373.00,439.00,25181.80,373.10,33750,9450,536,1032949773.75,457,F1,75,,,,,
2025-10-09,2025-10-09,FO,NSE,IDO,65562,,NIFTY,,2025-12-30,2025-12-30,25750.00,PE,NIFTY25DEC25750PE,626.05,626.05,572.85,572.85,572.85,637.95,25181.80,733.30,2625,-750,26,51363948.75,13,F1,75,,,,,
2025-10-09,2025-10-09,FO,NSE,IDO,65628,,NIFTY,,2025-12-30,2025-12-30,26100.00,PE,NIFTY25DEC26100PE,850.00,850.00,766.05,774.80,772.35,869.50,25181.80,774.80,4575,4125,79,159378802.50,47,F1,75,,,,,
2025-10-09,2025-10-09,FO,NSE,IDO,65701,,NIFTY,,2025-12-30,2025-12-30,26500.00,PE,NIFTY25DEC26500PE,1135.00,1159.65,1046.25,1050.30,1049.25,1170.95,25181.80,1050.30,32700,10650,308,637000128.75,103,F1,75,,,,,
2025-10-09,2025-10-09,FO,NSE,IDO,65712,,NIFTY,,2025-12-30,2025-12-30,26600.00,PE,NIFTY25DEC26600PE,0.00,0.00,0.00,1247.45,1247.10,1247.45,25181.80,1299.20,600,0,0,0.00,0,F1,75,,,,,
2025-10-09,2025-10-09,FO,NSE,IDO,38380,,NIFTY,,2026-06-30,2026-06-30,20000.00,PE,NIFTY26JUN20000PE,0.00,0.00,0.00,67.90,67.90,67.90,25181.80,4.45,351825,0,0,0.00,0,F1,75,,,,,
2025-10-09,2025-10-09,FO,NSE,IDO,58633,,NIFTY,,2026-12-29,2026-12-29,14000.00,PE,NIFTY26DEC14000PE,0.00,0.00,0.00,29.60,29.60,29.60,25181.80,0.05,2225,0,0,0.00,0,F1,75,,,,,
2025-10-09,2025-10-09,FO,NSE,IDO,71548,,NIFTY,,2027-06-29,2027-06-29,18000.00,PE,NIFTY27JUN18000PE,0.00,0.00,0.00,93.95,93.95,93.95,25181.80,4.75,100,0,0,0.00,0,F1,75,,,,,
2025-10-09,2025-10-09,FO,NSE,IDO,35263,,NIFTY,,2027-06-29,2027-06-29,30000.00,PE,NIFTY27JUN30000PE,0.00,0.00,0.00,4562.55,0.00,4562.55,25181.80,2910.75,0,0,0,0.00,0,F1,75,,,,,
2025-10-09,2025-10-09,FO,NSE,IDO,53627,,NIFTY,,2027-12-28,2027-12-28,25000.00,PE,NIFTY27DEC25000PE,0.00,0.00,0.00,950.00,950.00,950.00,25181.80,620.15,1875,0,0,0.00,0,F1,75,,,,,
2025-10-09,2025-10-09,FO,NSE,IDO,86150,,NIFTY,,2028-06-27,2028-06-27,23000.00,PE,NIFTY28JUN23000PE,0.00,0.00,0.00,1399.25,0.00,1399.25,25181.80,271.10,0,0,0,0.00,0,F1,75,,,,,
2025-10-09,2025-10-09,FO,NSE,IDO,67795,,NIFTY,,2028-12-26,2028-12-26,30000.00,PE,NIFTY28DEC30000PE,0.00,0.00,0.00,2352.75,0.00,2352.75,25181.80,2148.95,0,0,0,0.00,0,F1,75,,,,,
2025-10-09,2025-10-09,FO,NSE,IDO,60924,,NIFTY,,2030-06-25,2030-06-25,28000.00,PE,NIFTY30JUN28000PE,0.00,0.00,0.00,1532.20,0.00,1532.20,25181.80,1074.80,0,0,0,0.00,0,F1,75,,,,,
2025-10-09,2025-10-09,FO,NSE,IDO,58736,,NIFTY,,2025-10-28,2025-10-28,23250.00,CE,NIFTY25OCT23250CE,0.00,0.00,0.00,1725.45,1725.45,1725.45,25181.80,2001.70,0,0,0,0.00,0,F1,75,,,,,
2025-10-09,2025-10-09,FO,NSE,IDO,58699,,NIFTY,,2025-10-28,2025-10-28,22700.00,CE,NIFTY25OCT22700CE,2460.00,2626.60,2274.80,2522.10,2626.60,2410.00,25181.80,2522.10,5250,-1725,35,66166856.25,14,F1,75,,,,,
2025-10-09,2025-10-09,FO,NSE,IDO,58697,,NIFTY,,2025-10-28,2025-10-28,22650.00,CE,NIFTY25OCT22650CE,0.00,0.00,0.00,2537.85,0.00,2537.85,25181.80,2599.50,0,0,0,0.00,0,F1,75,,,,,
2025-10-09,2025-10-09,FO,NSE,IDO,58692,,NIFTY,,2025-10-28,2025-10-28,22600.00,CE,NIFTY25OCT22600CE,0.00,0.00,0.00,2323.70,2323.70,2323.70,25181.80,2649.35,10575,0,0,0.00,0,F1,75,,,,,
2025-10-09,2025-10-09,FO,NSE,IDO,45260,,NIFTY,,2025-10-20,2025-10-20,25300.00,CE,NIFTY25O2025300CE,78.85,130.90,73.25,117.80,119.40,71.65,25181.80,117.80,738375,187875,71352,135955315072.50,42897,F1,75,,,,,
2025-10-09,2025-10-09,FO,NSE,IDO,45252,,NIFTY,,2025-10-20,2025-10-20,25100.00,CE,NIFTY25O2025100CE,164.85,249.90,154.90,233.60,235.00,150.25,25181.80,233.60,468750,-208125,60470,114753995823.75,36038,F1,75,,,,,
2025-10-09,2025-10-09,FO,NSE,IDO,40012,,NIFTY,,2025-11-11,2025-11-11,24750.00,CE,NIFTY25N1124750CE,0.00,0.00,0.00,760.20,0.00,760.20,25181.80,723.15,0,0,0,0.00,0,F1,75,,,,,
2025-10-09,2025-10-09,FO,NSE,IDO,39972,,NIFTY,,2025-11-11,2025-11-11,24450.00,CE,NIFTY25N1124450CE,0.00,0.00,0.00,970.20,0.00,970.20,25181.80,951.85,0,0,0,0.00,0,F1,75,,,,,
2025-10-09,2025-10-09,FO,NSE,IDO,45179,,NIFTY,,2025-10-20,2025-10-20,23550.00,PE,NIFTY25O2023550PE,2.65,4.35,2.65,3.35,2.85,4.40,25181.80,3.35,5100,0,341,602387587.50,145,F1,75,,,,,
2025-10-09,2025-10-09,FO,NSE,IDO,39970,,NIFTY,,2025-11-11,2025-11-11,24400.00,CE,NIFTY25N1124400CE,0.00,0.00,0.00,1007.70,0.00,1007.70,25181.80,992.65,0,0,0,0.00,0,F1,75,,,,,
2025-10-09,2025-10-09,FO,NSE,IDO,45204,,NIFTY,,2025-10-20,2025-10-20,24050.00,CE,NIFTY25O2024050CE,0.00,0.00,0.00,746.70,746.70,746.70,25181.80,1176.35,75,0,0,0.00,0,F1,75,,,,,
2025-10-09,2025-10-09,FO,NSE,IDO,45187,,NIFTY,,2025-10-20,2025-10-20,23700.00,CE,NIFTY25O2023700CE,0.00,0.00,0.00,1400.15,1400.15,1400.15,25181.80,1523.20,225,0,0,0.00,0,F1,75,,,,,
2025-10-09,2025-10-09,FO,NSE,IDO,45296,,NIFTY,,2025-10-20,2025-10-20,26150.00,CE,NIFTY25O2026150CE,4.90,5.90,2.55,3.10,2.85,3.90,25181.80,3.10,15975,2400,2698,5292204648.75,1298,F1,75,,,,,
2025-10-09,2025-10-09,FO,NSE,IDO,45282,,NIFTY,,2025-10-20,2025-10-20,25800.00,CE,NIFTY25O2025800CE,12.00,15.45,9.80,11.75,11.65,9.95,25181.80,11.75,609450,284100,28198,54589005371.25,15716,F1,75,,,,,
2025-10-09,2025-10-09,FO,NSE,IDO,45246,,NIFTY,,2025-10-20,2025-10-20,24950.00,CE,NIFTY25O2024950CE,265.00,362.30,246.45,346.45,348.50,238.10,25181.80,346.45,40275,-13275,2301,4358206526.25,1691,F1,75,,,,,
2025-10-09,2025-10-09,FO,NSE,IDO,45244,,NIFTY,,2025-10-20,2025-10-20,24900.00,CE,NIFTY25O2024900CE,294.20,405.10,280.40,387.80,390.80,273.85,25181.80,387.80,122250,23775,4722,8941821288.75,3410,F1,75,,,,,
2025-10-09,2025-10-09,FO,NSE,IDO,45238,,NIFTY,,2025-10-20,2025-10-20,24800.00,CE,NIFTY25O2024800CE,378.00,490.00,356.70,477.10,478.50,348.10,25181.80,477.10,96675,-5700,2779,5259362130.00,1784,F1,75,,,,,
2025-10-09,2025-10-09,FO,NSE,IDO,45192,,NIFTY,,2025-10-20,2025-10-20,23800.00,CE,NIFTY25O2023800CE,0.00,0.00,0.00,1164.75,1164.90,1164.75,25181.80,1423.70,525,0,0,0.00,0,F1,75,,,,,
2025-10-09,2025-10-09,FO,NSE,IDO,45180,,NIFTY,,2025-10-20,2025-10-20,23600.00,CE,NIFTY25O2023600CE,0.00,0.00,0.00,1803.70,0.00,1803.70,25181.80,1622.85,0,0,0,0.00,0,F1,75,,,,,
2025-10-09,2025-10-09,FO,NSE,IDO,45164,,NIFTY,,2025-10-20,2025-10-20,23300.00,CE,NIFTY25O2023300CE,0.00,0.00,0.00,2087.00,0.00,2087.00,25181.80,1922.15,0,0,0,0.00,0,F1,75,,,,,
2025-10-09,2025-10-09,FO,NSE,IDO,45148,,NIFTY,,2025-10-20,2025-10-20,23150.00,CE,NIFTY25O2023150CE,0.00,0.00,0.00,2231.35,0.00,2231.35,25181.80,2071.90,0,0,0,0.00,0,F1,75,,,,,
2025-10-09,2025-10-09,FO,NSE,IDO,45144,,NIFTY,,2025-10-20,2025-10-20,23050.00,CE,NIFTY25O2023050CE,0.00,0.00,0.00,2328.30,0.00,2328.30,25181.80,2171.70,0,0,0,0.00,0,F1,75,,,,,
2025-10-09,2025-10-09,FO,NSE,IDO,42773,,NIFTY,,2025-10-14,2025-10-14,26800.00,CE,NIFTY25O1426800CE,0.95,1.20,0.55,0.60,0.60,1.05,25181.80,0.60,239925,-150,8978,18046284622.50,1529,F1,75,,,,,
2025-10-09,2025-10-09,FO,NSE,IDO,42745,,NIFTY,,2025-10-14,2025-10-14,26250.00,CE,NIFTY25O1426250CE,1.05,1.35,0.75,0.85,0.85,1.40,25181.80,0.85,1144875,-8475,88428,174099037323.75,14873,F1,75,,,,,
2025-10-09,2025-10-09,FO,NSE,IDO,42693,,NIFTY,,2025-10-14,2025-10-14,25300.00,CE,NIFTY25O1425300CE,27.50,59.95,24.75,46.50,47.10,26.45,25181.80,46.50,7782975,-962400,2953258,5612899129807.50,1158922,F1,75,,,,,
2025-10-09,2025-10-09,FO,NSE,IDO,42721,,NIFTY,,2025-10-14,2025-10-14,25800.00,CE,NIFTY25O1425800CE,2.90,3.45,1.40,1.85,1.70,2.90,25181.80,1.85,6492150,1018425,652337,1262395989536.25,108152,F1,75,,,,,
2025-10-09,2025-10-09,FO,NSE,IDO,42743,,NIFTY,,2025-10-14,2025-10-14,26200.00,CE,NIFTY25O1426200CE,1.20,1.85,0.80,0.85,0.90,1.45,25181.80,0.85,4069575,25725,251961,495123808425.00,35477,F1,75,,,,,
2025-10-09,2025-10-09,FO,NSE,IDF,37054,,NIFTY,,2025-11-25,2025-11-25,,,NIFTY25NOVFUT,25265.80,25418.40,25253.70,25403.00,25408.00,25247.70,25181.80,25403.00,1147050,11250,3302,6279850597.50,2579,F1,75,,,,,
2025-10-09,2025-10-09,FO,NSE,IDO,42537,,NIFTY,,2025-10-14,2025-10-14,22900.00,CE,NIFTY25O1422900CE,0.00,0.00,0.00,2154.85,2154.85,2154.85,25181.80,2299.85,75,0,0,0.00,0,F1,75,,,,,
2025-10-09,2025-10-09,FO,NSE,IDO,42589,,NIFTY,,2025-10-14,2025-10-14,23600.00,CE,NIFTY25O1423600CE,1473.05,1473.05,1473.05,1473.05,1473.05,1599.00,25181.80,1600.40,1500,0,1,1880478.75,1,F1,75,,,,,
2025-10-09,2025-10-09,FO,NSE,IDO,42617,,NIFTY,,2025-10-14,2025-10-14,24150.00,CE,NIFTY25O1424150CE,934.10,1066.10,934.10,1064.05,1066.10,911.15,25181.80,1064.05,5250,225,3,5663411.25,3,F1,75,,,,,
2025-10-09,2025-10-09,FO,NSE,IDO,42653,,NIFTY,,2025-10-14,2025-10-14,24700.00,CE,NIFTY25O1424700CE,380.00,530.25,376.25,517.75,519.30,374.45,25181.80,517.75,218400,-12525,7462,14079064275.00,5462,F1,75,,,,,
2025-10-09,2025-10-09,FO,NSE,IDO,60911,,NIFTY,,2030-06-25,2030-06-25,27000.00,PE,NIFTY30JUN27000PE,0.00,0.00,0.00,1286.05,0.00,1286.05,25181.80,846.40,0,0,0,0.00,0,F1,75,,,,,
2025-10-09,2025-10-09,FO,NSE,IDO,89641,,NIFTY,,2029-06-26,2029-06-26,29000.00,PE,NIFTY29JUN29000PE,0.00,0.00,0.00,1746.95,0.00,1746.95,25181.80,1588.25,0,0,0,0.00,0,F1,75,,,,,
2025-10-09,2025-10-09,FO,NSE,IDO,89629,,NIFTY,,2029-06-26,2029-06-26,23000.00,PE,NIFTY29JUN23000PE,0.00,0.00,0.00,543.65,0.00,543.65,25181.80,269.75,0,0,0,0.00,0,F1,75,,,,,
2025-10-09,2025-10-09,FO,NSE,IDO,67793,,NIFTY,,2028-12-26,2028-12-26,29000.00,PE,NIFTY28DEC29000PE,0.00,0.00,0.00,2010.85,0.00,2010.85,25181.80,1734.55,0,0,0,0.00,0,F1,75,,,,,
2025-10-09,2025-10-09,FO,NSE,IDO,86144,,NIFTY,,2028-06-27,2028-06-27,20000.00,PE,NIFTY28JUN20000PE,0.00,0.00,0.00,400.00,400.00,400.00,25181.80,54.65,0,0,0,0.00,0,F1,75,,,,,
2025-10-09,2025-10-09,FO,NSE,IDO,71557,,NIFTY,,2027-06-29,2027-06-29,22000.00,PE,NIFTY27JUN22000PE,0.00,0.00,0.00,3995.40,0.00,3995.40,25181.80,134.70,0,0,0,0.00,0,F1,75,,,,,
2025-10-09,2025-10-09,FO,NSE,IDO,37810,,NIFTY,,2026-12-29,2026-12-29,23000.00,PE,NIFTY26DEC23000PE,374.10,374.10,349.00,351.40,351.95,369.90,25181.80,351.40,71900,-525,174,304792661.25,69,F1,75,,,,,
2025-10-09,2025-10-09,FO,NSE,IDO,58645,,NIFTY,,2026-12-29,2026-12-29,20000.00,PE,NIFTY26DEC20000PE,140.00,140.50,128.00,131.15,128.00,140.05,25181.80,131.15,43325,600,19,28694227.50,10,F1,75,,,,,
2025-10-09,2025-10-09,FO,NSE,IDO,65924,,NIFTY,,2026-09-29,2026-09-29,30000.00,PE,NIFTY26SEP30000PE,0.00,0.00,0.00,4017.10,0.00,4017.10,25181.80,3491.30,0,0,0,0.00,0,F1,75,,,,,
2025-10-09,2025-10-09,FO,NSE,IDO,35231,,NIFTY,,2026-06-30,2026-06-30,30000.00,PE,NIFTY26JUN30000PE,0.00,0.00,0.00,5541.20,0.00,5541.20,25181.80,3747.05,0,0,0,0.00,0,F1,75,,,,,
2025-10-09,2025-10-09,FO,NSE,IDO,39990,,NIFTY,,2026-06-30,2026-06-30,19000.00,PE,NIFTY26JUN19000PE,0.00,0.00,0.00,205.70,205.70,205.70,25181.80,0.90,250,0,0,0.00,0,F1,75,,,,,
2025-10-09,2025-10-09,FO,NSE,IDO,50462,,NIFTY,,2026-06-30,2026-06-30,16000.00,PE,NIFTY26JUN16000PE,0.00,0.00,0.00,21.00,21.00,21.00,25181.80,0.05,2275,0,0,0.00,0,F1,75,,,,,
2025-10-09,2025-10-09,FO,NSE,IDO,58625,,NIFTY,,2026-06-30,2026-06-30,12000.00,PE,NIFTY26JUN12000PE,0.00,0.00,0.00,20.00,20.00,20.00,25181.80,0.05,325,0,0,0.00,0,F1,75,,,,,
2025-10-09,2025-10-09,FO,NSE,IDO,62931,,NIFTY,,2026-03-31,2026-03-31,27000.00,PE,NIFTY26MAR27000PE,1365.15,1410.00,1300.05,1311.10,1315.00,1416.00,25181.80,1311.10,239700,2550,139,295335716.25,107,F1,75,,,,,
2025-10-09,2025-10-09,FO,NSE,IDO,35222,,NIFTY,,2025-12-30,2025-12-30,30000.00,PE,NIFTY25DEC30000PE,4431.25,4501.50,4338.30,4340.45,4342.55,4491.05,25181.80,4340.45,190175,300,25,64515228.75,22,F1,75,,,,,
2025-10-09,2025-10-09,FO,NSE,IDO,65652,,NIFTY,,2025-12-30,2025-12-30,26300.00,PE,NIFTY25DEC26300PE,930.00,937.30,930.00,933.35,933.35,971.95,25181.80,1081.25,150,75,5,10212847.50,5,F1,75,,,,,
2025-10-09,2025-10-09,FO,NSE,IDO,65622,,NIFTY,,2025-12-30,2025-12-30,26050.00,PE,NIFTY25DEC26050PE,746.10,746.10,746.10,746.10,746.10,817.55,25181.80,746.10,1575,975,13,26126197.50,3,F1,75,,,,,
2025-10-09,2025-10-09,FO,NSE,IDO,71403,,NIFTY,,2025-12-30,2025-12-30,26000.00,PE,NIFTY25DEC26000PE,790.00,814.00,709.30,714.50,713.25,816.85,25181.80,714.50,3401400,125,6361,12753438840.00,2503,F1,75,,,,,
2025-10-09,2025-10-09,FO,NSE,IDO,65438,,NIFTY,,2025-12-30,2025-12-30,25250.00,PE,NIFTY25DEC25250PE,394.55,397.00,353.60,355.05,356.65,410.00,25181.80,355.05,4350,225,8,15371613.75,7,F1,75,,,,,
2025-10-09,2025-10-09,FO,NSE,IDO,65253,,NIFTY,,2025-12-30,2025-12-30,24350.00,PE,NIFTY25DEC24350PE,140.00,140.00,140.00,140.00,140.00,163.40,25181.80,186.45,5100,225,3,5510250.00,1,F1,75,,,,,
2025-10-09,2025-10-09,FO,NSE,IDO,65217,,NIFTY,,2025-12-30,2025-12-30,23700.00,PE,NIFTY25DEC23700PE,87.65,87.65,73.55,74.40,73.80,85.55,25181.80,74.40,70125,-15375,394,702643541.25,316,F1,75,,,,,
2025-10-09,2025-10-09,FO,NSE,IDO,65197,,NIFTY,,2025-12-30,2025-12-30,23500.00,PE,NIFTY25DEC23500PE,72.70,72.70,61.35,61.90,61.70,71.55,25181.80,61.90,293850,32625,1953,3451745790.00,932,F1,75,,,,,
2025-10-09,2025-10-09,FO,NSE,IDO,65177,,NIFTY,,2025-12-30,2025-12-30,23400.00,PE,NIFTY25DEC23400PE,60.00,64.10,56.10,56.75,56.10,65.25,25181.80,56.75,90825,87525,1807,3179432718.75,325,F1,75,,,,,
2025-10-09,2025-10-09,FO,NSE,IDO,58623,,NIFTY,,2025-12-30,2025-12-30,22000.00,PE,NIFTY25DEC22000PE,29.75,30.15,27.05,28.95,29.05,29.75,25181.80,28.95,1712575,18000,2641,4363418257.50,1056,F1,75,,,,,
2025-10-09,2025-10-09,FO,NSE,IDO,49178,,NIFTY,,2025-12-30,2025-12-30,16000.00,PE,NIFTY25DEC16000PE,5.75,5.75,5.00,5.00,5.00,5.25,25181.80,0.05,19850,150,4,4801590.00,3,F1,75,,,,,
2025-10-09,2025-10-09,FO,NSE,IDO,52888,,NIFTY,,2025-11-25,2025-11-25,25800.00,PE,NIFTY25NOV25800PE,630.00,678.75,564.50,570.10,568.25,674.60,25181.80,570.10,28800,2850,127,251575777.50,71,F1,75,,,,,
2025-10-09,2025-10-09,FO,NSE,IDO,52860,,NIFTY,,2025-11-25,2025-11-25,25650.00,PE,NIFTY25NOV25650PE,0.00,0.00,0.00,521.15,521.15,521.15,25181.80,612.90,600,0,0,0.00,0,F1,75,,,,,
2025-10-09,2025-10-09,FO,NSE,IDO,52657,,NIFTY,,2025-11-25,2025-11-25,24050.00,PE,NIFTY25NOV24050PE,0.00,0.00,0.00,419.10,0.00,419.10,25181.80,66.25,0,0,0,0.00,0,F1,75,,,,,
2025-10-09,2025-10-09,FO,NSE,IDO,52619,,NIFTY,,2025-11-25,2025-11-25,23750.00,PE,NIFTY25NOV23750PE,0.00,0.00,0.00,324.35,0.00,324.35,25181.80,36.55,0,0,0,0.00,0,F1,75,,,,,
2025-10-09,2025-10-09,FO,NSE,IDO,52617,,NIFTY,,2025-11-25,2025-11-25,23700.00,PE,NIFTY25NOV23700PE,42.90,43.55,33.10,34.50,33.55,41.85,25181.80,34.50,254625,15225,1291,2298342926.25,742,F1,75,,,,,
2025-10-09,2025-10-09,FO,NSE,IDO,52472,,NIFTY,,2025-11-25,2025-11-25,22950.00,PE,NIFTY25NOV22950PE,22.50,22.50,22.50,22.50,22.50,23.80,25181.80,22.50,525,75,1,1722937.50,1,F1,75,,,,,
2025-10-09,2025-10-09,FO,NSE,IDO,52438,,NIFTY,,2025-11-25,2025-11-25,22750.00,PE,NIFTY25NOV22750PE,0.00,0.00,0.00,18.00,18.00,18.00,25181.80,3.00,4800,0,0,0.00,0,F1,75,,,,,
2025-10-09,2025-10-09,FO,NSE,IDO,40124,,NIFTY,,2025-11-11,2025-11-11,25700.00,PE,NIFTY25N1125700PE,0.00,0.00,0.00,728.40,0.00,728.40,25181.80,608.85,0,0,0,0.00,0,F1,75,,,,,
2025-10-09,2025-10-09,FO,NSE,IDO,40053,,NIFTY,,2025-11-11,2025-11-11,25050.00,PE,NIFTY25N1125050PE,215.95,223.60,171.60,172.25,171.60,230.80,25181.80,172.25,2625,825,64,121122123.75,48,F1,75,,,,,
2025-10-09,2025-10-09,FO,NSE,IDO,40020,,NIFTY,,2025-11-11,2025-11-11,24800.00,PE,NIFTY25N1124800PE,169.95,235.75,108.00,109.65,109.00,274.95,25181.80,109.65,1875,1875,203,379407753.75,105,F1,75,,,,,
2025-10-09,2025-10-09,FO,NSE,IDO,39949,,NIFTY,,2025-11-11,2025-11-11,23950.00,PE,NIFTY25N1123950PE,0.00,0.00,0.00,74.85,0.00,74.85,25181.80,30.65,0,0,0,0.00,0,F1,75,,,,,
2025-10-09,2025-10-09,FO,NSE,IDO,39924,,NIFTY,,2025-11-11,2025-11-11,23650.00,PE,NIFTY25N1123650PE,0.00,0.00,0.00,42.45,0.00,42.45,25181.80,13.90,0,0,0,0.00,0,F1,75,,,,,
2025-10-09,2025-10-09,FO,NSE,IDO,47735,,NIFTY,,2025-11-04,2025-11-04,26500.00,PE,NIFTY25N0426500PE,0.00,0.00,0.00,1291.55,0.00,1291.55,25181.80,1242.95,0,0,0,0.00,0,F1,75,,,,,
2025-10-09,2025-10-09,FO,NSE,IDO,47651,,NIFTY,,2025-11-04,2025-11-04,25550.00,PE,NIFTY25N0425550PE,0.00,0.00,0.00,632.10,0.00,632.10,25181.80,490.00,0,0,0,0.00,0,F1,75,,,,,
2025-10-09,2025-10-09,FO,NSE,IDO,47600,,NIFTY,,2025-11-04,2025-11-04,24950.00,PE,NIFTY25N0424950PE,170.25,170.25,124.75,125.30,125.60,163.50,25181.80,125.30,4200,1200,53,99698767.50,36,F1,75,,,,,
2025-10-09,2025-10-09,FO,NSE,IDO,47575,,NIFTY,,2025-11-04,2025-11-04,24700.00,PE,NIFTY25N0424700PE,105.20,106.70,71.55,72.90,72.85,107.20,25181.80,72.90,16950,450,269,500005642.50,177,F1,75,,,,,
2025-10-09,2025-10-09,FO,NSE,IDO,47471,,NIFTY,,2025-11-04,2025-11-04,24000.00,PE,NIFTY25N0424000PE,26.00,28.95,19.75,21.20,20.55,28.80,25181.80,21.20,25650,1125,204,367559583.75,95,F1,75,,,,,
2025-10-09,2025-10-09,FO,NSE,IDO,47411,,NIFTY,,2025-11-04,2025-11-04,23400.00,PE,NIFTY25N0423400PE,15.00,15.00,10.75,11.30,11.30,14.35,25181.80,3.10,1275,600,16,28093852.50,8,F1,75,,,,,
2025-10-09,2025-10-09,FO,NSE,IDO,47400,,NIFTY,,2025-11-04,2025-11-04,23250.00,PE,NIFTY25N0423250PE,0.00,0.00,0.00,13.50,13.50,13.50,25181.80,1.75,1275,0,0,0.00,0,F1,75,,,,,
2025-10-09,2025-10-09,FO,NSE,IDO,59116,,NIFTY,,2025-10-28,2025-10-28,27100.00,PE,NIFTY25OCT27100PE,0.00,0.00,0.00,2099.50,2099.50,2099.50,25181.80,1839.05,2625,0,0,0.00,0,F1,75,,,,,
2025-10-09,2025-10-09,FO,NSE,IDO,59089,,NIFTY,,2025-10-28,2025-10-28,26600.00,PE,NIFTY25OCT26600PE,1316.00,1316.00,1306.60,1308.05,1306.60,1441.55,25181.80,1308.05,6675,675,9,18837907.50,9,F1,75,,,,,
2025-10-09,2025-10-09,FO,NSE,IDO,58965,,NIFTY,,2025-10-28,2025-10-28,25800.00,PE,NIFTY25OCT25800PE,662.05,688.95,543.50,551.70,551.00,702.50,25181.80,551.70,128925,6375,851,1683860733.75,536,F1,75,,,,,
2025-10-09,2025-10-09,FO,NSE,IDO,42652,,NIFTY,,2025-10-14,2025-10-14,24650.00,PE,NIFTY25O1424650PE,10.65,12.50,4.35,5.25,4.60,11.70,25181.80,5.25,3653100,1689000,401799,743059752930.00,121754,F1,75,,,,,
2025-10-09,2025-10-09,FO,NSE,IDO,42668,,NIFTY,,2025-10-14,2025-10-14,24850.00,PE,NIFTY25O1424850PE,31.65,34.25,8.95,10.65,9.35,32.15,25181.80,10.65,2397075,-81900,767626,1431816952346.25,290218,F1,75,,,,,
2025-10-09,2025-10-09,FO,NSE,IDO,42776,,NIFTY,,2025-10-14,2025-10-14,26850.00,PE,NIFTY25O1426850PE,0.00,0.00,0.00,1865.30,0.00,1865.30,25181.80,1647.05,0,0,0,0.00,0,F1,75,,,,,
2025-10-09,2025-10-09,FO,NSE,IDO,45135,,NIFTY,,2025-10-20,2025-10-20,22900.00,PE,NIFTY25O2022900PE,2.15,2.50,2.05,2.15,2.20,2.60,25181.80,2.15,13050,6375,240,412241962.50,88,F1,75,,,,,
2025-10-09,2025-10-09,FO,NSE,IDO,45167,,NIFTY,,2025-10-20,2025-10-20,23350.00,PE,NIFTY25O2023350PE,0.00,0.00,0.00,18.05,0.00,18.05,25181.80,0.05,0,0,0,0.00,0,F1,75,,,,,
2025-10-09,2025-10-09,FO,NSE,IDO,45175,,NIFTY,,2025-10-20,2025-10-20,23450.00,PE,NIFTY25O2023450PE,4.40,5.05,2.65,3.00,2.70,6.40,25181.80,3.00,3450,3225,164,288473827.50,62,F1,75,,,,,
2025-10-09,2025-10-09,FO,NSE,IDO,42641,,NIFTY,,2025-10-14,2025-10-14,24450.00,CE,NIFTY25O1424450CE,632.00,770.50,628.00,764.10,765.55,613.30,25181.80,764.10,14700,1725,125,235807616.25,91,F1,75,,,,,
2025-10-09,2025-10-09,FO,NSE,IDO,42615,,NIFTY,,2025-10-14,2025-10-14,24100.00,CE,NIFTY25O1424100CE,971.40,1114.30,966.85,1112.50,1111.60,954.10,25181.80,1112.50,10575,1200,64,120625485.00,43,F1,75,,,,,
2025-10-09,2025-10-09,FO,NSE,IDO,42583,,NIFTY,,2025-10-14,2025-10-14,23450.00,CE,NIFTY25O1423450CE,0.00,0.00,0.00,1495.40,1495.15,1495.40,25181.80,1750.25,75,0,0,0.00,0,F1,75,,,,,
2025-10-09,2025-10-09,FO,NSE,IDO,60939,,NIFTY,,2030-06-25,2030-06-25,30000.00,PE,NIFTY30JUN30000PE,0.00,0.00,0.00,2100.85,0.00,2100.85,25181.80,1638.40,0,0,0,0.00,0,F1,75,,,,,
2025-10-09,2025-10-09,FO,NSE,IDO,60903,,NIFTY,,2030-06-25,2030-06-25,23000.00,PE,NIFTY30JUN23000PE,0.00,0.00,0.00,550.60,0.00,550.60,25181.80,255.00,0,0,0,0.00,0,F1,75,,,,,
2025-10-09,2025-10-09,FO,NSE,IDO,60897,,NIFTY,,2030-06-25,2030-06-25,20000.00,PE,NIFTY30JUN20000PE,0.00,0.00,0.00,236.40,0.00,236.40,25181.80,72.80,0,0,0,0.00,0,F1,75,,,,,
2025-10-09,2025-10-09,FO,NSE,IDO,60895,,NIFTY,,2030-06-25,2030-06-25,19000.00,PE,NIFTY30JUN19000PE,0.00,0.00,0.00,168.90,0.00,168.90,25181.80,43.65,0,0,0,0.00,0,F1,75,,,,,
2025-10-09,2025-10-09,FO,NSE,IDO,61933,,NIFTY,,2029-12-24,2029-12-24,30000.00,PE,NIFTY29DEC30000PE,0.00,0.00,0.00,1953.50,0.00,1953.50,25181.80,1790.45,0,0,0,0.00,0,F1,75,,,,,
2025-10-09,2025-10-09,FO,NSE,IDO,61660,,NIFTY,,2029-12-24,2029-12-24,21000.00,PE,NIFTY29DEC21000PE,0.00,0.00,0.00,278.80,0.00,278.80,25181.80,114.95,0,0,0,0.00,0,F1,75,,,,,
2025-10-09,2025-10-09,FO,NSE,IDO,61403,,NIFTY,,2029-12-24,2029-12-24,19000.00,PE,NIFTY29DEC19000PE,0.00,0.00,0.00,142.25,0.00,142.25,25181.80,41.30,0,0,0,0.00,0,F1,75,,,,,
2025-10-09,2025-10-09,FO,NSE,IDO,89637,,NIFTY,,2029-06-26,2029-06-26,27000.00,PE,NIFTY29JUN27000PE,0.00,0.00,0.00,1252.35,0.00,1252.35,25181.80,981.50,0,0,0,0.00,0,F1,75,,,,,
2025-10-09,2025-10-09,FO,NSE,IDO,67775,,NIFTY,,2028-12-26,2028-12-26,20000.00,PE,NIFTY28DEC20000PE,0.00,0.00,0.00,330.00,330.00,330.00,25181.80,62.15,1100,0,0,0.00,0,F1,75,,,,,
2025-10-09,2025-10-09,FO,NSE,IDO,45177,,NIFTY,,2025-10-20,2025-10-20,23500.00,PE,NIFTY25O2023500PE,4.20,4.20,2.60,3.25,2.85,4.20,25181.80,3.25,200700,4650,2492,4392820125.00,1483,F1,75,,,,,
2025-10-09,2025-10-09,FO,NSE,IDO,67771,,NIFTY,,2028-12-26,2028-12-26,18000.00,PE,NIFTY28DEC18000PE,0.00,0.00,0.00,250.00,250.00,250.00,25181.80,16.70,75,0,0,0.00,0,F1,75,,,,,
2025-10-09,2025-10-09,FO,NSE,IDO,86152,,NIFTY,,2028-06-27,2028-06-27,24000.00,PE,NIFTY28JUN24000PE,0.00,0.00,0.00,1692.75,0.00,1692.75,25181.80,412.85,0,0,0,0.00,0,F1,75,,,,,
2025-10-09,2025-10-09,FO,NSE,IDO,50984,,NIFTY,,2027-06-29,2027-06-29,27000.00,PE,NIFTY27JUN27000PE,0.00,0.00,0.00,6273.45,0.00,6273.45,25181.80,1309.10,0,0,0,0.00,0,F1,75,,,,,
2025-10-09,2025-10-09,FO,NSE,IDO,45193,,NIFTY,,2025-10-20,2025-10-20,23800.00,PE,NIFTY25O2023800PE,5.90,6.00,3.40,4.05,3.50,5.85,25181.80,4.05,159825,60525,3936,7027264511.25,2128,F1,75,,,,,
2025-10-09,2025-10-09,FO,NSE,IDO,45285,,NIFTY,,2025-10-20,2025-10-20,25850.00,PE,NIFTY25O2025850PE,0.00,0.00,0.00,761.45,762.25,761.45,25181.80,661.20,1125,0,0,0.00,0,F1,75,,,,,
2025-10-09,2025-10-09,FO,NSE,IDO,45309,,NIFTY,,2025-10-20,2025-10-20,26400.00,PE,NIFTY25O2026400PE,1169.05,1190.00,1158.00,1158.00,1158.00,1191.95,25181.80,1158.00,1575,75,6,12404928.75,4,F1,75,,,,,
2025-10-09,2025-10-09,FO,NSE,IDO,45323,,NIFTY,,2025-10-20,2025-10-20,26750.00,PE,NIFTY25O2026750PE,0.00,0.00,0.00,1648.70,1645.70,1648.70,25181.80,1522.55,150,0,0,0.00,0,F1,75,,,,,
2025-10-09,2025-10-09,FO,NSE,IDO,58698,,NIFTY,,2025-10-28,2025-10-28,22650.00,PE,NIFTY25OCT22650PE,5.00,5.70,4.50,4.50,4.50,5.35,25181.80,4.50,9750,75,33,56071440.00,17,F1,75,,,,,
2025-10-09,2025-10-09,FO,NSE,IDO,58714,,NIFTY,,2025-10-28,2025-10-28,22850.00,PE,NIFTY25OCT22850PE,6.50,6.50,4.90,5.25,5.25,6.20,25181.80,5.25,10050,-300,88,150848377.50,52,F1,75,,,,,
2025-10-09,2025-10-09,FO,NSE,IDO,58717,,NIFTY,,2025-10-28,2025-10-28,22900.00,PE,NIFTY25OCT22900PE,6.50,6.50,4.80,5.20,4.95,6.15,25181.80,5.20,43950,-1875,506,869265007.50,307,F1,75,,,,,
2025-10-09,2025-10-09,FO,NSE,IDO,58749,,NIFTY,,2025-10-28,2025-10-28,23550.00,PE,NIFTY25OCT23550PE,9.15,10.75,7.45,8.05,7.45,10.45,25181.80,8.05,31500,10725,580,1024806063.75,267,F1,75,,,,,
2025-10-09,2025-10-09,FO,NSE,IDO,58777,,NIFTY,,2025-10-28,2025-10-28,24200.00,PE,NIFTY25OCT24200PE,23.45,26.05,15.05,16.95,15.05,25.70,25181.80,16.95,835050,-19500,16000,29065250467.50,8794,F1,75,,,,,
2025-10-09,2025-10-09,FO,NSE,IDO,58785,,NIFTY,,2025-10-28,2025-10-28,24400.00,PE,NIFTY25OCT24400PE,34.10,38.80,23.40,24.80,25.45,37.95,25181.80,24.80,925200,-81225,18678,34222531076.25,11020,F1,75,,,,,
2025-10-09,2025-10-09,FO,NSE,IDO,58787,,NIFTY,,2025-10-28,2025-10-28,24450.00,PE,NIFTY25OCT24450PE,39.75,43.35,26.15,27.60,27.00,42.45,25181.80,27.60,132075,17700,2751,5051467406.25,1517,F1,75,,,,,
2025-10-09,2025-10-09,FO,NSE,IDO,58997,,NIFTY,,2025-10-28,2025-10-28,25900.00,PE,NIFTY25OCT25900PE,754.05,779.05,637.00,642.05,637.15,796.15,25181.80,642.05,21225,-1725,114,227349825.00,81,F1,75,,,,,
2025-10-09,2025-10-09,FO,NSE,IDO,59005,,NIFTY,,2025-10-28,2025-10-28,26000.00,PE,NIFTY25OCT26000PE,853.55,880.00,724.00,734.70,730.35,893.40,25181.80,734.70,1285050,-20175,3544,7120224787.50,2253,F1,75,,,,,
2025-10-09,2025-10-09,FO,NSE,IDO,59045,,NIFTY,,2025-10-28,2025-10-28,26400.00,PE,NIFTY25OCT26400PE,1127.15,1127.15,1105.80,1105.80,1105.80,1265.75,25181.80,1105.80,13050,150,2,4127471.25,2,F1,75,,,,,
2025-10-09,2025-10-09,FO,NSE,IDO,50979,,NIFTY,,2026-12-29,2026-12-29,27000.00,PE,NIFTY26DEC27000PE,1351.00,1351.00,1280.00,1285.05,1285.05,1353.00,25181.80,1285.05,67800,2700,86,182598465.00,78,F1,75,,,,,
2025-10-09,2025-10-09,FO,NSE,IDO,65905,,NIFTY,,2026-09-29,2026-09-29,26000.00,PE,NIFTY26SEP26000PE,0.00,0.00,0.00,1416.20,0.00,1416.20,25181.80,966.35,0,0,0,0.00,0,F1,75,,,,,
2025-10-09,2025-10-09,FO,NSE,IDO,42134,,NIFTY,,2026-06-30,2026-06-30,31000.00,PE,NIFTY26JUN31000PE,0.00,0.00,0.00,5585.00,0.00,5585.00,25181.80,4634.15,0,0,0,0.00,0,F1,75,,,,,
2025-10-09,2025-10-09,FO,NSE,IDO,62933,,NIFTY,,2026-03-31,2026-03-31,28000.00,PE,NIFTY26MAR28000PE,2150.00,2175.00,2067.90,2068.25,2068.25,2180.00,25181.80,2068.25,100950,75,9,20326552.50,8,F1,75,,,,,
2025-10-09,2025-10-09,FO,NSE,IDO,62929,,NIFTY,,2026-03-31,2026-03-31,26000.00,PE,NIFTY26MAR26000PE,802.20,822.45,748.00,751.80,749.40,824.35,25181.80,751.80,587850,7650,527,1058140226.25,422,F1,75,,,,,
2025-10-09,2025-10-09,FO,NSE,IDO,62927,,NIFTY,,2026-03-31,2026-03-31,25000.00,PE,NIFTY26MAR25000PE,439.50,441.30,390.60,393.85,390.60,438.40,25181.80,393.85,772200,21750,1817,3462398186.25,1203,F1,75,,,,,
2025-10-09,2025-10-09,FO,NSE,IDO,62917,,NIFTY,,2026-03-31,2026-03-31,20000.00,PE,NIFTY26MAR20000PE,35.50,35.85,33.15,34.25,34.00,34.55,25181.80,34.25,70050,750,31,46580055.00,20,F1,75,,,,,
2025-10-09,2025-10-09,FO,NSE,IDO,65724,,NIFTY,,2025-12-30,2025-12-30,26800.00,PE,NIFTY25DEC26800PE,0.00,0.00,0.00,1972.10,0.00,1972.10,25181.80,1454.15,0,0,0,0.00,0,F1,75,,,,,
2025-10-09,2025-10-09,FO,NSE,IDO,65647,,NIFTY,,2025-12-30,2025-12-30,26250.00,PE,NIFTY25DEC26250PE,0.00,0.00,0.00,935.55,935.55,935.55,25181.80,1046.75,75,0,0,0.00,0,F1,75,,,,,
2025-10-09,2025-10-09,FO,NSE,IDO,65532,,NIFTY,,2025-12-30,2025-12-30,25400.00,PE,NIFTY25DEC25400PE,480.75,480.90,407.20,409.40,409.00,479.65,25181.80,409.40,18900,4275,162,313814902.50,133,F1,75,,,,,
2025-10-09,2025-10-09,FO,NSE,IDO,65434,,NIFTY,,2025-12-30,2025-12-30,25200.00,PE,NIFTY25DEC25200PE,375.65,394.15,333.00,335.10,333.00,397.05,25181.80,335.10,76950,34275,730,1398561866.25,330,F1,75,,,,,
2025-10-09,2025-10-09,FO,NSE,IDO,65361,,NIFTY,,2025-12-30,2025-12-30,25100.00,PE,NIFTY25DEC25100PE,354.95,359.00,300.30,303.20,302.55,359.85,25181.80,303.20,35775,9825,374,712934370.00,237,F1,75,,,,,
2025-10-09,2025-10-09,FO,NSE,IDO,65354,,NIFTY,,2025-12-30,2025-12-30,25050.00,PE,NIFTY25DEC25050PE,331.85,331.95,288.85,289.25,289.65,331.85,25181.80,289.25,1575,-675,35,66554640.00,28,F1,75,,,,,
2025-10-09,2025-10-09,FO,NSE,IDO,71394,,NIFTY,,2025-12-30,2025-12-30,24000.00,PE,NIFTY25DEC24000PE,119.95,119.95,100.05,101.25,100.05,118.35,25181.80,101.25,3675200,63825,7095,12827630013.75,4273,F1,75,,,,,
2025-10-09,2025-10-09,FO,NSE,IDO,65225,,NIFTY,,2025-12-30,2025-12-30,23850.00,PE,NIFTY25DEC23850PE,0.00,0.00,0.00,302.70,0.00,302.70,25181.80,96.95,0,0,0,0.00,0,F1,75,,,,,
2025-10-09,2025-10-09,FO,NSE,IDO,65203,,NIFTY,,2025-12-30,2025-12-30,23550.00,PE,NIFTY25DEC23550PE,64.85,68.25,64.65,64.70,64.65,73.95,25181.80,64.70,5850,1200,37,65537201.25,10,F1,75,,,,,
2025-10-09,2025-10-09,FO,NSE,IDO,65128,,NIFTY,,2025-12-30,2025-12-30,22950.00,PE,NIFTY25DEC22950PE,0.00,0.00,0.00,48.55,48.55,48.55,25181.80,22.80,3375,0,0,0.00,0,F1,75,,,,,
2025-10-09,2025-10-09,FO,NSE,IDO,53241,,NIFTY,,2025-11-25,2025-11-25,26950.00,PE,NIFTY25NOV26950PE,0.00,0.00,0.00,2210.90,0.00,2210.90,25181.80,1620.15,0,0,0,0.00,0,F1,75,,,,,
2025-10-09,2025-10-09,FO,NSE,IDO,53227,,NIFTY,,2025-11-25,2025-11-25,26800.00,PE,NIFTY25NOV26800PE,0.00,0.00,0.00,2085.60,0.00,2085.60,25181.80,1485.95,0,0,0,0.00,0,F1,75,,,,,
2025-10-09,2025-10-09,FO,NSE,IDO,47386,,NIFTY,,2025-11-04,2025-11-04,23100.00,PE,NIFTY25N0423100PE,7.35,10.00,6.65,10.00,10.00,10.00,25181.80,0.95,1350,75,8,13864537.50,5,F1,75,,,,,
2025-10-09,2025-10-09,FO,NSE,IDO,47391,,NIFTY,,2025-11-04,2025-11-04,23200.00,PE,NIFTY25N0423200PE,10.80,11.75,8.50,10.20,10.20,10.65,25181.80,1.45,1500,450,11,19147822.50,5,F1,75,,,,,
2025-10-09,2025-10-09,FO,NSE,IDO,47425,,NIFTY,,2025-11-04,2025-11-04,23550.00,PE,NIFTY25N0423550PE,0.00,0.00,0.00,45.40,0.00,45.40,25181.80,5.35,0,0,0,0.00,0,F1,75,,,,,
2025-10-09,2025-10-09,FO,NSE,IDO,47479,,NIFTY,,2025-11-04,2025-11-04,24050.00,PE,NIFTY25N0424050PE,0.00,0.00,0.00,105.10,0.00,105.10,25181.80,25.60,0,0,0,0.00,0,F1,75,,,,,
2025-10-09,2025-10-09,FO,NSE,IDO,47594,,NIFTY,,2025-11-04,2025-11-04,24900.00,PE,NIFTY25N0424900PE,170.85,170.85,106.80,108.80,111.15,158.15,25181.80,108.80,11775,1500,122,228973136.25,97,F1,75,,,,,
2025-10-09,2025-10-09,FO,NSE,IDO,47603,,NIFTY,,2025-11-04,2025-11-04,25000.00,PE,NIFTY25N0425000PE,176.30,190.25,132.00,134.15,133.75,191.25,25181.80,134.15,67875,14250,965,1820069932.50,789,F1,75,,,,,
2025-10-09,2025-10-09,FO,NSE,IDO,47605,,NIFTY,,2025-11-04,2025-11-04,25050.00,PE,NIFTY25N0425050PE,193.95,203.50,147.90,147.90,147.90,210.10,25181.80,147.90,3900,1275,48,90806587.50,42,F1,75,,,,,
2025-10-09,2025-10-09,FO,NSE,IDO,47635,,NIFTY,,2025-11-04,2025-11-04,25300.00,PE,NIFTY25N0425300PE,304.60,321.55,237.60,239.40,238.30,330.75,25181.80,239.40,12375,3900,194,371848796.25,186,F1,75,,,,,
2025-10-09,2025-10-09,FO,NSE,IDO,53221,,NIFTY,,2025-11-25,2025-11-25,26650.00,PE,NIFTY25NOV26650PE,0.00,0.00,0.00,1962.85,0.00,1962.85,25181.80,1355.20,0,0,0,0.00,0,F1,75,,,,,
2025-10-09,2025-10-09,FO,NSE,IDO,53217,,NIFTY,,2025-11-25,2025-11-25,26550.00,PE,NIFTY25NOV26550PE,0.00,0.00,0.00,1882.55,0.00,1882.55,25181.80,1270.25,0,0,0,0.00,0,F1,75,,,,,
2025-10-09,2025-10-09,FO,NSE,IDO,53215,,NIFTY,,2025-11-25,2025-11-25,26500.00,PE,NIFTY25NOV26500PE,1200.00,1259.85,1117.85,1134.45,1123.00,1266.20,25181.80,1134.45,81075,750,73,151499310.00,66,F1,75,,,,,
2025-10-09,2025-10-09,FO,NSE,IDO,53053,,NIFTY,,2025-11-25,2025-11-25,26300.00,PE,NIFTY25NOV26300PE,0.00,0.00,0.00,1107.00,1107.00,1107.00,25181.80,1066.65,450,0,0,0.00,0,F1,75,,,,,
2025-10-09,2025-10-09,FO,NSE,IDO,52931,,NIFTY,,2025-11-25,2025-11-25,26000.00,PE,NIFTY25NOV26000PE,810.05,830.00,705.00,710.85,706.15,839.20,25181.80,710.85,229275,7050,823,1650126075.00,469,F1,75,,,,,
2025-10-09,2025-10-09,FO,NSE,IDO,52898,,NIFTY,,2025-11-25,2025-11-25,25900.00,PE,NIFTY25NOV25900PE,739.35,739.35,636.00,636.00,636.00,725.00,25181.80,636.00,2550,300,16,31865448.75,16,F1,75,,,,,
2025-10-09,2025-10-09,FO,NSE,IDO,52856,,NIFTY,,2025-11-25,2025-11-25,25550.00,PE,NIFTY25NOV25550PE,498.60,505.75,424.50,424.90,425.40,462.85,25181.80,424.90,3000,75,10,19501215.00,10,F1,75,,,,,
2025-10-09,2025-10-09,FO,NSE,IDO,52838,,NIFTY,,2025-11-25,2025-11-25,25350.00,PE,NIFTY25NOV25350PE,372.95,400.70,323.90,323.90,323.90,409.00,25181.80,323.90,9300,3450,131,252473385.00,63,F1,75,,,,,
2025-10-09,2025-10-09,FO,NSE,IDO,52804,,NIFTY,,2025-11-25,2025-11-25,25150.00,PE,NIFTY25NOV25150PE,292.00,300.40,243.85,244.90,245.00,311.75,25181.80,244.90,18225,5775,308,586987117.50,192,F1,75,,,,,
2025-10-09,2025-10-09,FO,NSE,IDO,52748,,NIFTY,,2025-11-25,2025-11-25,24550.00,PE,NIFTY25NOV24550PE,123.15,130.45,101.80,103.30,101.80,134.55,25181.80,103.30,14925,2100,110,203422860.00,38,F1,75,,,,,
2025-10-09,2025-10-09,FO,NSE,IDO,52613,,NIFTY,,2025-11-25,2025-11-25,23650.00,PE,NIFTY25NOV23650PE,35.00,35.00,35.00,35.00,35.00,39.40,25181.80,29.55,7050,-75,1,1776375.00,1,F1,75,,,,,
2025-10-09,2025-10-09,FO,NSE,IDO,52481,,NIFTY,,2025-11-25,2025-11-25,23100.00,PE,NIFTY25NOV23100PE,22.00,22.00,22.00,22.00,22.00,21.95,25181.80,7.95,11700,0,2,3468300.00,1,F1,75,,,,,
2025-10-09,2025-10-09,FO,NSE,IDO,52436,,NIFTY,,2025-11-25,2025-11-25,22700.00,PE,NIFTY25NOV22700PE,18.10,18.10,15.20,15.65,15.20,16.85,25181.80,15.65,164625,5625,380,647415360.00,153,F1,75,,,,,
2025-10-09,2025-10-09,FO,NSE,IDO,40202,,NIFTY,,2025-11-11,2025-11-11,26850.00,PE,NIFTY25N1126850PE,0.00,0.00,0.00,1640.55,0.00,1640.55,25181.80,1555.15,0,0,0,0.00,0,F1,75,,,,,
2025-10-09,2025-10-09,FO,NSE,IDO,40179,,NIFTY,,2025-11-11,2025-11-11,26600.00,PE,NIFTY25N1126600PE,0.00,0.00,0.00,1419.50,0.00,1419.50,25181.80,1325.15,0,0,0,0.00,0,F1,75,,,,,
2025-10-09,2025-10-09,FO,NSE,IDO,40134,,NIFTY,,2025-11-11,2025-11-11,25950.00,PE,NIFTY25N1125950PE,0.00,0.00,0.00,900.00,0.00,900.00,25181.80,784.50,0,0,0,0.00,0,F1,75,,,,,
2025-10-09,2025-10-09,FO,NSE,IDO,40128,,NIFTY,,2025-11-11,2025-11-11,25800.00,PE,NIFTY25N1125800PE,0.00,0.00,0.00,794.90,0.00,794.90,25181.80,676.50,0,0,0,0.00,0,F1,75,,,,,
2025-10-09,2025-10-09,FO,NSE,IDO,40034,,NIFTY,,2025-11-11,2025-11-11,24900.00,PE,NIFTY25N1124900PE,0.00,0.00,0.00,312.20,0.00,312.20,25181.80,209.55,0,0,0,0.00,0,F1,75,,,,,
2025-10-09,2025-10-09,FO,NSE,IDO,39926,,NIFTY,,2025-11-11,2025-11-11,23700.00,PE,NIFTY25N1123700PE,23.55,23.55,22.25,23.35,23.35,37.00,25181.80,15.95,375,0,12,21350711.25,6,F1,75,,,,,
2025-10-09,2025-10-09,FO,NSE,IDO,39916,,NIFTY,,2025-11-11,2025-11-11,23450.00,PE,NIFTY25N1123450PE,0.00,0.00,0.00,28.05,0.00,28.05,25181.80,7.80,0,0,0,0.00,0,F1,75,,,,,
2025-10-09,2025-10-09,FO,NSE,IDO,47737,,NIFTY,,2025-11-04,2025-11-04,26550.00,PE,NIFTY25N0426550PE,0.00,0.00,0.00,1332.05,0.00,1332.05,25181.80,1288.95,0,0,0,0.00,0,F1,75,,,,,
2025-10-09,2025-10-09,FO,NSE,IDO,47727,,NIFTY,,2025-11-04,2025-11-04,26400.00,PE,NIFTY25N0426400PE,0.00,0.00,0.00,1212.05,0.00,1212.05,25181.80,1152.25,0,0,0,0.00,0,F1,75,,,,,
2025-10-09,2025-10-09,FO,NSE,IDO,47709,,NIFTY,,2025-11-04,2025-11-04,26250.00,PE,NIFTY25N0426250PE,0.00,0.00,0.00,1097.70,0.00,1097.70,25181.80,1019.90,0,0,0,0.00,0,F1,75,,,,,
2025-10-09,2025-10-09,FO,NSE,IDO,47663,,NIFTY,,2025-11-04,2025-11-04,25650.00,PE,NIFTY25N0425650PE,0.00,0.00,0.00,690.25,0.00,690.25,25181.80,554.60,0,0,0,0.00,0,F1,75,,,,,
2025-10-09,2025-10-09,FO,NSE,IDO,47406,,NIFTY,,2025-11-04,2025-11-04,23350.00,CE,NIFTY25N0423350CE,0.00,0.00,0.00,2014.30,0.00,2014.30,25181.80,1929.85,0,0,0,0.00,0,F1,75,,,,,
2025-10-09,2025-10-09,FO,NSE,IDO,52616,,NIFTY,,2025-11-25,2025-11-25,23700.00,CE,NIFTY25NOV23700CE,0.00,0.00,0.00,1248.20,1248.20,1248.20,25181.80,1689.55,225,0,0,0.00,0,F1,75,,,,,
2025-10-09,2025-10-09,FO,NSE,IDO,52731,,NIFTY,,2025-11-25,2025-11-25,24550.00,CE,NIFTY25NOV24550CE,915.25,915.25,915.25,915.25,915.25,831.15,25181.80,968.55,1575,75,1,1909893.75,1,F1,75,,,,,
2025-10-09,2025-10-09,FO,NSE,IDO,52769,,NIFTY,,2025-11-25,2025-11-25,24850.00,CE,NIFTY25NOV24850CE,0.00,0.00,0.00,600.05,601.90,600.05,25181.80,756.20,1500,0,0,0.00,0,F1,75,,,,,
2025-10-09,2025-10-09,FO,NSE,IDO,52787,,NIFTY,,2025-11-25,2025-11-25,25000.00,CE,NIFTY25NOV25000CE,528.95,617.55,513.15,599.30,601.65,507.10,25181.80,599.30,835200,16350,7356,14108288193.75,5512,F1,75,,,,,
2025-10-09,2025-10-09,FO,NSE,IDO,52839,,NIFTY,,2025-11-25,2025-11-25,25400.00,CE,NIFTY25NOV25400CE,299.95,362.90,290.00,351.30,356.00,285.15,25181.80,351.30,121950,-13950,1570,3030293902.50,1290,F1,75,,,,,
2025-10-09,2025-10-09,FO,NSE,IDO,53216,,NIFTY,,2025-11-25,2025-11-25,26550.00,CE,NIFTY25NOV26550CE,0.00,0.00,0.00,225.40,0.00,225.40,25181.80,97.90,0,0,0,0.00,0,F1,75,,,,,
2025-10-09,2025-10-09,FO,NSE,IDO,53240,,NIFTY,,2025-11-25,2025-11-25,26950.00,CE,NIFTY25NOV26950CE,0.00,0.00,0.00,159.70,0.00,159.70,25181.80,50.75,0,0,0,0.00,0,F1,75,,,,,
2025-10-09,2025-10-09,FO,NSE,IDO,49177,,NIFTY,,2025-12-30,2025-12-30,16000.00,CE,NIFTY25DEC16000CE,0.00,0.00,0.00,9000.00,9000.00,9000.00,25181.80,9387.15,350,0,0,0.00,0,F1,75,,,,,
2025-10-09,2025-10-09,FO,NSE,IDO,65131,,NIFTY,,2025-12-30,2025-12-30,23100.00,CE,NIFTY25DEC23100CE,0.00,0.00,0.00,2002.55,0.00,2002.55,25181.80,2408.10,0,0,0,0.00,0,F1,75,,,,,
2025-10-09,2025-10-09,FO,NSE,IDO,65224,,NIFTY,,2025-12-30,2025-12-30,23850.00,CE,NIFTY25DEC23850CE,0.00,0.00,0.00,1424.95,0.00,1424.95,25181.80,1734.85,0,0,0,0.00,0,F1,75,,,,,
2025-10-09,2025-10-09,FO,NSE,IDO,65331,,NIFTY,,2025-12-30,2025-12-30,24750.00,CE,NIFTY25DEC24750CE,0.00,0.00,0.00,944.45,944.45,944.45,25181.80,1043.45,525,0,0,0.00,0,F1,75,,,,,
2025-10-09,2025-10-09,FO,NSE,IDO,65435,,NIFTY,,2025-12-30,2025-12-30,25250.00,CE,NIFTY25DEC25250CE,592.95,670.00,592.95,668.75,668.75,593.00,25181.80,668.75,13800,-675,30,58201736.25,16,F1,75,,,,,
2025-10-09,2025-10-09,FO,NSE,IDO,65501,,NIFTY,,2025-12-30,2025-12-30,25300.00,CE,NIFTY25DEC25300CE,545.75,788.55,545.75,635.05,636.95,553.05,25181.80,635.05,36750,-43275,4179,8121398928.75,1769,F1,75,,,,,
2025-10-09,2025-10-09,FO,NSE,IDO,65561,,NIFTY,,2025-12-30,2025-12-30,25750.00,CE,NIFTY25DEC25750CE,369.20,392.25,345.95,387.50,387.50,359.50,25181.80,495.60,6300,2700,43,84201476.25,18,F1,75,,,,,
2025-10-09,2025-10-09,FO,NSE,IDO,71399,,NIFTY,,2025-12-30,2025-12-30,26000.00,CE,NIFTY25DEC26000CE,259.00,304.45,250.00,292.15,295.10,246.70,25181.80,292.15,4157000,-42475,6706,13217698485.00,3938,F1,75,,,,,
2025-10-09,2025-10-09,FO,NSE,IDO,50971,,NIFTY,,2025-12-30,2025-12-30,27000.00,CE,NIFTY25DEC27000CE,62.55,72.85,59.80,69.75,70.00,60.10,25181.80,69.75,2530600,-16775,9090,18452731676.25,3774,F1,75,,,,,
2025-10-09,2025-10-09,FO,NSE,IDO,45250,,NIFTY,,2025-10-20,2025-10-20,25050.00,CE,NIFTY25O2025050CE,190.00,285.00,182.80,268.80,270.75,177.40,25181.80,268.80,70725,-55875,12390,23485943756.25,7690,F1,75,,,,,
2025-10-09,2025-10-09,FO,NSE,IDO,45230,,NIFTY,,2025-10-20,2025-10-20,24600.00,CE,NIFTY25O2024600CE,555.00,668.25,531.00,656.25,660.45,524.00,25181.80,656.25,26625,6150,335,633069907.50,213,F1,75,,,,,
2025-10-09,2025-10-09,FO,NSE,IDO,62920,,NIFTY,,2026-03-31,2026-03-31,22000.00,CE,NIFTY26MAR22000CE,0.00,0.00,0.00,3476.95,3476.95,3476.95,25181.80,3798.25,225,0,0,0.00,0,F1,75,,,,,
2025-10-09,2025-10-09,FO,NSE,IDO,62930,,NIFTY,,2026-03-31,2026-03-31,27000.00,CE,NIFTY26MAR27000CE,290.55,330.00,290.05,326.65,327.25,288.10,25181.80,326.65,1119150,33900,1549,3173185518.75,1103,F1,75,,,,,
2025-10-09,2025-10-09,FO,NSE,IDO,65896,,NIFTY,,2026-09-29,2026-09-29,22000.00,CE,NIFTY26SEP22000CE,0.00,0.00,0.00,4133.45,0.00,4133.45,25181.80,4457.35,0,0,0,0.00,0,F1,75,,,,,
2025-10-09,2025-10-09,FO,NSE,IDO,37806,,NIFTY,,2026-12-29,2026-12-29,23000.00,CE,NIFTY26DEC23000CE,0.00,0.00,0.00,3950.00,3950.00,3950.00,25181.80,3945.70,5100,0,0,0.00,0,F1,75,,,,,
2025-10-09,2025-10-09,FO,NSE,IDO,71560,,NIFTY,,2027-06-29,2027-06-29,24000.00,CE,NIFTY27JUN24000CE,0.00,0.00,0.00,3850.00,3850.00,3850.00,25181.80,3845.10,600,0,0,0.00,0,F1,75,,,,,
2025-10-09,2025-10-09,FO,NSE,IDO,67790,,NIFTY,,2028-12-26,2028-12-26,28000.00,CE,NIFTY28DEC28000CE,0.00,0.00,0.00,2864.00,2864.00,2864.00,25181.80,3279.75,975,0,0,0.00,0,F1,75,,,,,
2025-10-09,2025-10-09,FO,NSE,IDO,89614,,NIFTY,,2029-06-26,2029-06-26,19000.00,CE,NIFTY29JUN19000CE,0.00,0.00,0.00,11036.95,0.00,11036.95,25181.80,9874.25,0,0,0,0.00,0,F1,75,,,,,
2025-10-09,2025-10-09,FO,NSE,IDO,61746,,NIFTY,,2029-12-24,2029-12-24,23000.00,CE,NIFTY29DEC23000CE,0.00,0.00,0.00,8286.75,0.00,8286.75,25181.80,7391.35,0,0,0,0.00,0,F1,75,,,,,
2025-10-09,2025-10-09,FO,NSE,IDO,61986,,NIFTY,,2029-12-24,2029-12-24,31000.00,CE,NIFTY29DEC31000CE,0.00,0.00,0.00,4512.25,0.00,4512.25,25181.80,3011.15,0,0,0,0.00,0,F1,75,,,,,
2025-10-09,2025-10-09,FO,NSE,IDO,42549,,NIFTY,,2025-10-14,2025-10-14,23100.00,PE,NIFTY25O1423100PE,1.05,1.50,1.00,1.20,1.00,1.25,25181.80,1.20,960225,478500,67253,116522138298.75,10795,F1,75,,,,,
2025-10-09,2025-10-09,FO,NSE,IDO,42604,,NIFTY,,2025-10-14,2025-10-14,23850.00,PE,NIFTY25O1423850PE,2.00,2.60,1.55,1.95,1.55,2.40,25181.80,1.95,322125,101625,64012,114511650262.50,10320,F1,75,,,,,
2025-10-09,2025-10-09,FO,NSE,IDO,42608,,NIFTY,,2025-10-14,2025-10-14,23950.00,PE,NIFTY25O1423950PE,2.40,2.85,1.75,2.15,1.85,2.70,25181.80,2.15,582525,54000,90004,161685528007.50,16061,F1,75,,,,,
2025-10-09,2025-10-09,FO,NSE,IDO,42666,,NIFTY,,2025-10-14,2025-10-14,24800.00,PE,NIFTY25O1424800PE,19.90,26.30,7.20,8.65,7.60,24.60,25181.80,8.65,5668200,1146450,1124287,2092475711021.25,336608,F1,75,,,,,
2025-10-09,2025-10-09,FO,NSE,IDO,42706,,NIFTY,,2025-10-14,2025-10-14,25450.00,PE,NIFTY25O1425450PE,379.25,398.30,243.55,253.25,250.35,401.40,25181.80,253.25,66075,19650,14010,27039191272.50,11297,F1,75,,,,,
2025-10-09,2025-10-09,FO,NSE,IDO,42722,,NIFTY,,2025-10-14,2025-10-14,25800.00,PE,NIFTY25O1425800PE,706.60,738.00,578.80,589.80,588.75,742.45,25181.80,589.80,43575,-150,401,794708175.00,268,F1,75,,,,,
2025-10-09,2025-10-09,FO,NSE,IDO,42740,,NIFTY,,2025-10-14,2025-10-14,26100.00,PE,NIFTY25O1426100PE,1010.60,1020.00,880.00,884.60,890.00,1039.45,25181.80,884.60,5025,-375,65,131818563.75,23,F1,75,,,,,
2025-10-09,2025-10-09,FO,NSE,IDO,42768,,NIFTY,,2025-10-14,2025-10-14,26650.00,PE,NIFTY25O1426650PE,0.00,0.00,0.00,1570.00,1570.00,1570.00,25181.80,1447.25,75,0,0,0.00,0,F1,75,,,,,
2025-10-09,2025-10-09,FO,NSE,IDO,45249,,NIFTY,,2025-10-20,2025-10-20,25000.00,PE,NIFTY25O2025000PE,106.95,116.40,60.00,62.30,61.45,116.95,25181.80,62.30,1118700,218325,58410,109878579225.00,35460,F1,75,,,,,
2025-10-09,2025-10-09,FO,NSE,IDO,45275,,NIFTY,,2025-10-20,2025-10-20,25600.00,PE,NIFTY25O2025600PE,513.80,517.75,377.00,386.10,378.95,525.10,25181.80,386.10,30150,16275,738,1440940488.75,491,F1,75,,,,,
2025-10-09,2025-10-09,FO,NSE,IDO,45142,,NIFTY,,2025-10-20,2025-10-20,23000.00,CE,NIFTY25O2023000CE,0.00,0.00,0.00,2377.00,0.00,2377.00,25181.80,2221.60,0,0,0,0.00,0,F1,75,,,,,
2025-10-09,2025-10-09,FO,NSE,IDO,42777,,NIFTY,,2025-10-14,2025-10-14,26900.00,CE,NIFTY25O1426900CE,0.90,1.05,0.55,0.60,0.60,1.00,25181.80,0.60,152400,42300,9587,19342301107.50,1540,F1,75,,,,,
2025-10-09,2025-10-09,FO,NSE,IDO,42761,,NIFTY,,2025-10-14,2025-10-14,26550.00,CE,NIFTY25O1426550CE,1.15,1.30,0.65,0.70,0.70,1.15,25181.80,0.70,483150,-7575,26208,52188396420.00,4079,F1,75,,,,,
2025-10-09,2025-10-09,FO,NSE,IDO,42731,,NIFTY,,2025-10-14,2025-10-14,25950.00,CE,NIFTY25O1425950CE,2.05,2.40,1.10,1.25,1.20,2.15,25181.80,1.25,2709450,711525,226269,440405478911.25,45213,F1,75,,,,,
2025-10-09,2025-10-09,FO,NSE,IDO,42715,,NIFTY,,2025-10-14,2025-10-14,25650.00,CE,NIFTY25O1425650CE,4.65,7.05,2.70,3.45,3.25,4.65,25181.80,3.45,2381400,246900,488450,939823823175.00,120964,F1,75,,,,,
2025-10-09,2025-10-09,FO,NSE,IDO,45283,,NIFTY,,2025-10-20,2025-10-20,25800.00,PE,NIFTY25O2025800PE,692.35,698.15,561.50,567.30,565.00,725.05,25181.80,567.30,1725,600,45,89082363.75,40,F1,75,,,,,
2025-10-09,2025-10-09,FO,NSE,IDO,45311,,NIFTY,,2025-10-20,2025-10-20,26450.00,PE,NIFTY25O2026450PE,0.00,0.00,0.00,1190.80,0.00,1190.80,25181.80,1225.60,0,0,0,0.00,0,F1,75,,,,,
2025-10-09,2025-10-09,FO,NSE,IDO,58723,,NIFTY,,2025-10-28,2025-10-28,23000.00,PE,NIFTY25OCT23000PE,6.35,7.15,4.75,5.65,4.80,6.75,25181.80,5.65,2357250,77775,9704,16743976256.25,4606,F1,75,,,,,
2025-10-09,2025-10-09,FO,NSE,IDO,58747,,NIFTY,,2025-10-28,2025-10-28,23500.00,PE,NIFTY25OCT23500PE,9.95,10.50,6.80,7.75,7.50,9.90,25181.80,7.75,1875450,-74850,18909,33339841646.25,9992,F1,75,,,,,
2025-10-09,2025-10-09,FO,NSE,IDO,58821,,NIFTY,,2025-10-28,2025-10-28,24550.00,PE,NIFTY25OCT24550PE,50.00,54.75,32.35,33.70,32.40,53.80,25181.80,33.70,112275,6825,2312,4263756855.00,1511,F1,75,,,,,
2025-10-09,2025-10-09,FO,NSE,IDO,58867,,NIFTY,,2025-10-28,2025-10-28,24650.00,PE,NIFTY25OCT24650PE,61.45,69.45,40.45,42.65,42.15,68.70,25181.80,42.65,141375,11400,3234,5991568548.75,2016,F1,75,,,,,
2025-10-09,2025-10-09,FO,NSE,IDO,58922,,NIFTY,,2025-10-28,2025-10-28,25100.00,PE,NIFTY25OCT25100PE,200.00,200.00,127.30,129.60,128.50,198.35,25181.80,129.60,1477800,228900,58839,111443766063.75,39012,F1,75,,,,,
2025-10-09,2025-10-09,FO,NSE,IDO,47484,,NIFTY,,2025-11-04,2025-11-04,24150.00,PE,NIFTY25N0424150PE,0.00,0.00,0.00,122.30,0.00,122.30,25181.80,33.65,0,0,0,0.00,0,F1,75,,,,,
2025-10-09,2025-10-09,FO,NSE,IDO,47511,,NIFTY,,2025-11-04,2025-11-04,24450.00,PE,NIFTY25N0424450PE,0.00,0.00,0.00,186.95,0.00,186.95,25181.80,71.00,0,0,0,0.00,0,F1,75,,,,,
2025-10-09,2025-10-09,FO,NSE,IDO,42711,,NIFTY,,2025-10-14,2025-10-14,25550.00,CE,NIFTY25O1425550CE,7.15,12.30,5.10,6.60,6.40,7.15,25181.80,6.60,5727300,1195500,735804,1410425759115.00,199663,F1,75,,,,,
2025-10-09,2025-10-09,FO,NSE,IDO,42622,,NIFTY,,2025-10-14,2025-10-14,24200.00,CE,NIFTY25O1424200CE,873.60,1025.00,865.00,1011.75,1009.90,862.95,25181.80,1011.75,28350,-150,207,390250556.25,111,F1,75,,,,,
2025-10-09,2025-10-09,FO,NSE,IDO,47553,,NIFTY,,2025-11-04,2025-11-04,24600.00,PE,NIFTY25N0424600PE,86.95,88.35,58.50,59.15,58.60,88.55,25181.80,59.15,14250,750,233,431105475.00,183,F1,75,,,,,
2025-10-09,2025-10-09,FO,NSE,IDO,47585,,NIFTY,,2025-11-04,2025-11-04,24850.00,PE,NIFTY25N0424850PE,137.95,137.95,97.95,98.95,97.95,141.95,25181.80,98.95,2325,1200,24,44923151.25,16,F1,75,,,,,
2025-10-09,2025-10-09,FO,NSE,IDO,47625,,NIFTY,,2025-11-04,2025-11-04,25150.00,PE,NIFTY25N0425150PE,220.50,245.90,180.00,180.00,180.00,231.60,25181.80,180.00,6000,5850,175,332616472.50,93,F1,75,,,,,
2025-10-09,2025-10-09,FO,NSE,IDO,47631,,NIFTY,,2025-11-04,2025-11-04,25250.00,PE,NIFTY25N0425250PE,298.05,298.05,217.85,217.95,218.00,302.00,25181.80,217.95,4800,1125,29,55438931.25,24,F1,75,,,,,
2025-10-09,2025-10-09,FO,NSE,IDO,47693,,NIFTY,,2025-11-04,2025-11-04,26050.00,PE,NIFTY25N0426050PE,0.00,0.00,0.00,950.80,0.00,950.80,25181.80,851.95,0,0,0,0.00,0,F1,75,,,,,
2025-10-09,2025-10-09,FO,NSE,IDO,47725,,NIFTY,,2025-11-04,2025-11-04,26350.00,PE,NIFTY25N0426350PE,0.00,0.00,0.00,1173.10,0.00,1173.10,25181.80,1107.60,0,0,0,0.00,0,F1,75,,,,,
2025-10-09,2025-10-09,FO,NSE,IDO,39910,,NIFTY,,2025-11-11,2025-11-11,23350.00,PE,NIFTY25N1123350PE,0.00,0.00,0.00,22.60,22.60,22.60,25181.80,5.70,75,0,0,0.00,0,F1,75,,,,,
2025-10-09,2025-10-09,FO,NSE,IDO,39947,,NIFTY,,2025-11-11,2025-11-11,23900.00,PE,NIFTY25N1123900PE,0.00,0.00,0.00,68.35,0.00,68.35,25181.80,27.05,0,0,0,0.00,0,F1,75,,,,,
2025-10-09,2025-10-09,FO,NSE,IDO,40009,,NIFTY,,2025-11-11,2025-11-11,24700.00,PE,NIFTY25N1124700PE,0.00,0.00,0.00,240.95,0.00,240.95,25181.80,149.30,0,0,0,0.00,0,F1,75,,,,,
2025-10-09,2025-10-09,FO,NSE,IDO,40082,,NIFTY,,2025-11-11,2025-11-11,25300.00,PE,NIFTY25N1125300PE,0.00,0.00,0.00,493.90,0.00,493.90,25181.80,376.80,0,0,0,0.00,0,F1,75,,,,,
2025-10-09,2025-10-09,FO,NSE,IDO,40165,,NIFTY,,2025-11-11,2025-11-11,26400.00,PE,NIFTY25N1126400PE,0.00,0.00,0.00,1250.10,0.00,1250.10,25181.80,1148.40,0,0,0,0.00,0,F1,75,,,,,
2025-10-09,2025-10-09,FO,NSE,IDO,52535,,NIFTY,,2025-11-25,2025-11-25,23200.00,PE,NIFTY25NOV23200PE,23.80,26.30,15.05,21.30,21.00,23.80,25181.80,21.30,63375,2625,474,825591026.25,152,F1,75,,,,,
2025-10-09,2025-10-09,FO,NSE,IDO,52541,,NIFTY,,2025-11-25,2025-11-25,23300.00,PE,NIFTY25NOV23300PE,27.50,31.50,25.40,27.35,26.00,27.45,25181.80,27.35,31125,1575,79,138214215.00,34,F1,75,,,,,
2025-10-09,2025-10-09,FO,NSE,IDO,52583,,NIFTY,,2025-11-25,2025-11-25,23500.00,PE,NIFTY25NOV23500PE,32.75,33.80,26.30,27.45,26.50,32.40,25181.80,27.45,710850,27150,6860,12106281648.75,3929,F1,75,,,,,
2025-10-09,2025-10-09,FO,NSE,IDO,52627,,NIFTY,,2025-11-25,2025-11-25,23800.00,PE,NIFTY25NOV23800PE,45.00,48.90,37.95,38.60,38.45,47.90,25181.80,38.60,329325,4500,1577,2819952018.75,973,F1,75,,,,,
2025-10-09,2025-10-09,FO,NSE,IDO,52629,,NIFTY,,2025-11-25,2025-11-25,23850.00,PE,NIFTY25NOV23850PE,0.00,0.00,0.00,143.50,143.50,143.50,25181.80,44.90,225,0,0,0.00,0,F1,75,,,,,
2025-10-09,2025-10-09,FO,NSE,IDO,52646,,NIFTY,,2025-11-25,2025-11-25,23950.00,PE,NIFTY25NOV23950PE,50.30,50.30,45.75,45.75,45.75,53.40,25181.80,45.75,4950,0,4,7199576.25,4,F1,75,,,,,
2025-10-09,2025-10-09,FO,NSE,IDO,52708,,NIFTY,,2025-11-25,2025-11-25,24300.00,PE,NIFTY25NOV24300PE,94.40,94.40,69.75,71.15,71.00,93.00,25181.80,71.15,417150,30075,2068,3780790687.50,1379,F1,75,,,,,
2025-10-09,2025-10-09,FO,NSE,IDO,52766,,NIFTY,,2025-11-25,2025-11-25,24750.00,PE,NIFTY25NOV24750PE,165.00,180.35,136.75,139.75,136.75,180.70,25181.80,139.75,17325,2100,189,352917536.25,98,F1,75,,,,,
2025-10-09,2025-10-09,FO,NSE,IDO,52778,,NIFTY,,2025-11-25,2025-11-25,24900.00,PE,NIFTY25NOV24900PE,208.65,223.50,170.00,172.25,170.55,223.15,25181.80,172.25,129825,11400,1507,2835383385.00,1050,F1,75,,,,,
2025-10-09,2025-10-09,FO,NSE,IDO,52800,,NIFTY,,2025-11-25,2025-11-25,25050.00,PE,NIFTY25NOV25050PE,274.05,274.30,211.00,212.85,211.00,274.65,25181.80,212.85,13650,2250,179,339571087.50,121,F1,75,,,,,
2025-10-09,2025-10-09,FO,NSE,IDO,53183,,NIFTY,,2025-11-25,2025-11-25,26350.00,PE,NIFTY25NOV26350PE,0.00,0.00,0.00,1319.65,1319.65,1319.65,25181.80,1106.25,375,0,0,0.00,0,F1,75,,,,,
2025-10-09,2025-10-09,FO,NSE,IDO,53197,,NIFTY,,2025-11-25,2025-11-25,26400.00,PE,NIFTY25NOV26400PE,0.00,0.00,0.00,1327.00,1327.00,1327.00,25181.80,1146.45,675,0,0,0.00,0,F1,75,,,,,
2025-10-09,2025-10-09,FO,NSE,IDO,53219,,NIFTY,,2025-11-25,2025-11-25,26600.00,PE,NIFTY25NOV26600PE,0.00,0.00,0.00,1922.55,0.00,1922.55,25181.80,1312.50,0,0,0,0.00,0,F1,75,,,,,
2025-10-09,2025-10-09,FO,NSE,IDO,53229,,NIFTY,,2025-11-25,2025-11-25,26850.00,PE,NIFTY25NOV26850PE,0.00,0.00,0.00,2127.10,0.00,2127.10,25181.80,1530.30,0,0,0,0.00,0,F1,75,,,,,
2025-10-09,2025-10-09,FO,NSE,IDO,55122,,NIFTY,,2025-12-30,2025-12-30,18000.00,PE,NIFTY25DEC18000PE,8.60,8.60,7.25,8.30,8.05,8.40,25181.80,8.30,153050,450,47,63478800.00,39,F1,75,,,,,
2025-10-09,2025-10-09,FO,NSE,IDO,38377,,NIFTY,,2025-12-30,2025-12-30,20000.00,PE,NIFTY25DEC20000PE,17.05,17.80,15.05,16.05,16.00,16.05,25181.80,16.05,877025,-8925,855,1283530357.50,400,F1,75,,,,,
2025-10-09,2025-10-09,FO,NSE,IDO,51452,,NIFTY,,2025-12-30,2025-12-30,21000.00,PE,NIFTY25DEC21000PE,22.55,23.50,22.00,22.45,22.20,22.55,25181.80,22.45,1369375,11025,1059,1669707427.50,448,F1,75,,,,,
2025-10-09,2025-10-09,FO,NSE,IDO,65150,,NIFTY,,2025-12-30,2025-12-30,23300.00,PE,NIFTY25DEC23300PE,54.00,59.00,52.20,52.75,52.55,60.00,25181.80,52.75,18225,8700,265,464176980.00,67,F1,75,,,,,
2025-10-09,2025-10-09,FO,NSE,IDO,65233,,NIFTY,,2025-12-30,2025-12-30,24050.00,PE,NIFTY25DEC24050PE,0.00,0.00,0.00,362.15,0.00,362.15,25181.80,127.45,0,0,0,0.00,0,F1,75,,,,,
2025-10-09,2025-10-09,FO,NSE,IDO,65334,,NIFTY,,2025-12-30,2025-12-30,24800.00,PE,NIFTY25DEC24800PE,262.60,266.15,222.00,223.75,223.10,265.15,25181.80,223.75,47325,-450,447,839187341.25,332,F1,75,,,,,
2025-10-09,2025-10-09,FO,NSE,IDO,65534,,NIFTY,,2025-12-30,2025-12-30,25450.00,PE,NIFTY25DEC25450PE,482.85,495.55,441.30,441.30,441.30,500.00,25181.80,574.75,5325,600,10,19448493.75,7,F1,75,,,,,
2025-10-09,2025-10-09,FO,NSE,IDO,65718,,NIFTY,,2025-12-30,2025-12-30,26750.00,PE,NIFTY25DEC26750PE,0.00,0.00,0.00,1931.35,0.00,1931.35,25181.80,1414.75,0,0,0,0.00,0,F1,75,,,,,
2025-10-09,2025-10-09,FO,NSE,IDO,62919,,NIFTY,,2026-03-31,2026-03-31,21000.00,PE,NIFTY26MAR21000PE,47.00,49.40,47.00,48.30,47.90,48.80,25181.80,48.30,121575,7275,170,268368525.00,99,F1,75,,,,,
2025-10-09,2025-10-09,FO,NSE,IDO,62964,,NIFTY,,2026-03-31,2026-03-31,31000.00,PE,NIFTY26MAR31000PE,0.00,0.00,0.00,5200.00,5200.00,5200.00,25181.80,5001.80,75,0,0,0.00,0,F1,75,,,,,
2025-10-09,2025-10-09,FO,NSE,IDO,65894,,NIFTY,,2026-09-29,2026-09-29,21000.00,PE,NIFTY26SEP21000PE,0.00,0.00,0.00,112.60,0.00,112.60,25181.80,31.10,0,0,0,0.00,0,F1,75,,,,,
2025-10-09,2025-10-09,FO,NSE,IDO,65897,,NIFTY,,2026-09-29,2026-09-29,22000.00,PE,NIFTY26SEP22000PE,0.00,0.00,0.00,219.80,0.00,219.80,25181.80,79.00,0,0,0,0.00,0,F1,75,,,,,
2025-10-09,2025-10-09,FO,NSE,IDO,65920,,NIFTY,,2026-09-29,2026-09-29,28000.00,PE,NIFTY26SEP28000PE,0.00,0.00,0.00,2564.00,0.00,2564.00,25181.80,2038.50,0,0,0,0.00,0,F1,75,,,,,
2025-10-09,2025-10-09,FO,NSE,IDO,65922,,NIFTY,,2026-09-29,2026-09-29,29000.00,PE,NIFTY26SEP29000PE,0.00,0.00,0.00,3259.65,0.00,3259.65,25181.80,2725.50,0,0,0,0.00,0,F1,75,,,,,
2025-10-09,2025-10-09,FO,NSE,IDO,71506,,NIFTY,,2026-12-29,2026-12-29,26000.00,PE,NIFTY26DEC26000PE,1015.25,1015.25,950.00,952.40,955.00,1008.50,25181.80,952.40,127500,300,105,212359233.75,71,F1,75,,,,,
2025-10-09,2025-10-09,FO,NSE,IDO,71561,,NIFTY,,2027-06-29,2027-06-29,24000.00,PE,NIFTY27JUN24000PE,0.00,0.00,0.00,5056.20,0.00,5056.20,25181.80,402.65,0,0,0,0.00,0,F1,75,,,,,
2025-10-09,2025-10-09,FO,NSE,IDO,50550,,NIFTY,,2027-06-29,2027-06-29,28000.00,PE,NIFTY27JUN28000PE,0.00,0.00,0.00,5959.35,0.00,5959.35,25181.80,1768.35,0,0,0,0.00,0,F1,75,,,,,
2025-10-09,2025-10-09,FO,NSE,IDO,38165,,NIFTY,,2027-12-28,2027-12-28,29000.00,PE,NIFTY27DEC29000PE,0.00,0.00,0.00,4227.50,0.00,4227.50,25181.80,2086.40,0,0,0,0.00,0,F1,75,,,,,
2025-10-09,2025-10-09,FO,NSE,IDO,86160,,NIFTY,,2028-06-27,2028-06-27,25000.00,PE,NIFTY28JUN25000PE,0.00,0.00,0.00,2016.80,0.00,2016.80,25181.80,600.90,0,0,0,0.00,0,F1,75,,,,,
2025-10-09,2025-10-09,FO,NSE,IDO,61745,,NIFTY,,2029-12-24,2029-12-24,22000.00,PE,NIFTY29DEC22000PE,0.00,0.00,0.00,373.65,0.00,373.65,25181.80,177.75,0,0,0,0.00,0,F1,75,,,,,
2025-10-09,2025-10-09,FO,NSE,IDO,61773,,NIFTY,,2029-12-24,2029-12-24,25000.00,PE,NIFTY29DEC25000PE,0.00,0.00,0.00,1150.00,1150.00,1150.00,25181.80,519.85,225,0,0,0.00,0,F1,75,,,,,
2025-10-09,2025-10-09,FO,NSE,IDO,40196,,NIFTY,,2025-11-11,2025-11-11,26800.00,PE,NIFTY25N1126800PE,0.00,0.00,0.00,1595.60,0.00,1595.60,25181.80,1508.50,0,0,0,0.00,0,F1,75,,,,,
2025-10-09,2025-10-09,FO,NSE,IDO,60907,,NIFTY,,2030-06-25,2030-06-25,25000.00,PE,NIFTY30JUN25000PE,0.00,0.00,0.00,869.30,0.00,869.30,25181.80,490.65,0,0,0,0.00,0,F1,75,,,,,
2025-10-09,2025-10-09,FO,NSE,IDO,45306,,NIFTY,,2025-10-20,2025-10-20,26350.00,CE,NIFTY25O2026350CE,2.30,2.75,1.60,1.70,1.60,2.85,25181.80,1.70,11175,-4725,474,936818662.50,217,F1,75,,,,,
2025-10-09,2025-10-09,FO,NSE,IDO,58738,,NIFTY,,2025-10-28,2025-10-28,23300.00,CE,NIFTY25OCT23300CE,0.00,0.00,0.00,1959.50,1959.50,1959.50,25181.80,1952.00,4125,0,0,0.00,0,F1,75,,,,,
2025-10-09,2025-10-09,FO,NSE,IDO,45322,,NIFTY,,2025-10-20,2025-10-20,26750.00,CE,NIFTY25O2026750CE,1.85,1.85,1.00,1.15,1.15,1.50,25181.80,1.15,5400,525,26,52165091.25,18,F1,75,,,,,
2025-10-09,2025-10-09,FO,NSE,IDO,45318,,NIFTY,,2025-10-20,2025-10-20,26650.00,CE,NIFTY25O2026650CE,1.35,1.55,0.90,1.05,1.10,1.60,25181.80,1.05,26850,21225,483,965434365.00,71,F1,75,,,,,
2025-10-09,2025-10-09,FO,NSE,IDO,47596,,NIFTY,,2025-11-04,2025-11-04,24950.00,CE,NIFTY25N0424950CE,422.60,488.15,422.60,486.75,488.15,378.40,25181.80,486.75,525,0,9,17161878.75,9,F1,75,,,,,
2025-10-09,2025-10-09,FO,NSE,IDO,47576,,NIFTY,,2025-11-04,2025-11-04,24750.00,CE,NIFTY25N0424750CE,0.00,0.00,0.00,516.15,514.00,516.15,25181.80,668.15,225,0,0,0.00,0,F1,75,,,,,
2025-10-09,2025-10-09,FO,NSE,IDO,47487,,NIFTY,,2025-11-04,2025-11-04,24250.00,CE,NIFTY25N0424250CE,0.00,0.00,0.00,1230.95,0.00,1230.95,25181.80,1074.60,0,0,0,0.00,0,F1,75,,,,,
2025-10-09,2025-10-09,FO,NSE,IDO,59117,,NIFTY,,2025-10-28,2025-10-28,27150.00,CE,NIFTY25OCT27150CE,2.40,2.95,2.15,2.35,2.15,2.70,25181.80,2.35,97950,1575,461,938797241.25,164,F1,75,,,,,
2025-10-09,2025-10-09,FO,NSE,IDO,59105,,NIFTY,,2025-10-28,2025-10-28,26850.00,CE,NIFTY25OCT26850CE,3.40,3.60,2.80,3.25,3.25,3.60,25181.80,3.25,7725,525,47,94658100.00,22,F1,75,,,,,
2025-10-09,2025-10-09,FO,NSE,IDO,58925,,NIFTY,,2025-10-28,2025-10-28,25200.00,CE,NIFTY25OCT25200CE,184.95,260.00,174.95,244.55,247.45,169.70,25181.80,244.55,2173425,-111525,80099,152721045348.75,48117,F1,75,,,,,
2025-10-09,2025-10-09,FO,NSE,IDO,58897,,NIFTY,,2025-10-28,2025-10-28,24800.00,CE,NIFTY25OCT24800CE,430.00,559.00,430.00,540.45,543.60,419.20,25181.80,540.45,1583250,-148275,9859,18704618917.50,6954,F1,75,,,,,
2025-10-09,2025-10-09,FO,NSE,IDO,58744,,NIFTY,,2025-10-28,2025-10-28,23450.00,CE,NIFTY25OCT23450CE,0.00,0.00,0.00,1574.35,1574.90,1574.35,25181.80,1803.05,75,0,0,0.00,0,F1,75,,,,,
2025-10-09,2025-10-09,FO,NSE,IDO,47670,,NIFTY,,2025-11-04,2025-11-04,25800.00,CE,NIFTY25N0425800CE,0.00,0.00,0.00,333.10,0.00,333.10,25181.80,146.50,0,0,0,0.00,0,F1,75,,,,,
2025-10-09,2025-10-09,FO,NSE,IDO,47726,,NIFTY,,2025-11-04,2025-11-04,26400.00,CE,NIFTY25N0426400CE,12.30,16.70,8.35,14.00,13.85,12.30,25181.80,14.00,6525,6075,226,447711922.50,138,F1,75,,,,,
2025-10-09,2025-10-09,FO,NSE,IDO,47744,,NIFTY,,2025-11-04,2025-11-04,26650.00,CE,NIFTY25N0426650CE,0.00,0.00,0.00,24.15,24.15,24.15,25181.80,22.75,75,0,0,0.00,0,F1,75,,,,,
2025-10-09,2025-10-09,FO,NSE,IDO,47750,,NIFTY,,2025-11-04,2025-11-04,26750.00,CE,NIFTY25N0426750CE,0.00,0.00,0.00,6.50,6.50,6.50,25181.80,17.55,75,0,0,0.00,0,F1,75,,,,,
2025-10-09,2025-10-09,FO,NSE,IDO,39963,,NIFTY,,2025-11-11,2025-11-11,24250.00,CE,NIFTY25N1124250CE,0.00,0.00,0.00,1124.15,0.00,1124.15,25181.80,1119.05,0,0,0,0.00,0,F1,75,,,,,
2025-10-09,2025-10-09,FO,NSE,IDO,40033,,NIFTY,,2025-11-11,2025-11-11,24900.00,CE,NIFTY25N1124900CE,479.95,567.65,466.95,567.65,567.65,448.00,25181.80,620.45,375,300,18,34321518.75,13,F1,75,,,,,
2025-10-09,2025-10-09,FO,NSE,IDO,40127,,NIFTY,,2025-11-11,2025-11-11,25800.00,CE,NIFTY25N1125800CE,0.00,0.00,0.00,253.65,0.00,253.65,25181.80,192.10,0,0,0,0.00,0,F1,75,,,,,
2025-10-09,2025-10-09,FO,NSE,IDO,40129,,NIFTY,,2025-11-11,2025-11-11,25850.00,CE,NIFTY25N1125850CE,0.00,0.00,0.00,238.25,0.00,238.25,25181.80,177.50,0,0,0,0.00,0,F1,75,,,,,
2025-10-09,2025-10-09,FO,NSE,IDO,40172,,NIFTY,,2025-11-11,2025-11-11,26550.00,CE,NIFTY25N1126550CE,0.00,0.00,0.00,89.65,0.00,89.65,25181.80,49.75,0,0,0,0.00,0,F1,75,,,,,
2025-10-09,2025-10-09,FO,NSE,IDO,40184,,NIFTY,,2025-11-11,2025-11-11,26700.00,CE,NIFTY25N1126700CE,0.00,0.00,0.00,70.85,0.00,70.85,25181.80,36.35,0,0,0,0.00,0,F1,75,,,,,
2025-10-09,2025-10-09,FO,NSE,IDO,52469,,NIFTY,,2025-11-25,2025-11-25,22950.00,CE,NIFTY25NOV22950CE,0.00,0.00,0.00,2037.65,0.00,2037.65,25181.80,2406.40,0,0,0,0.00,0,F1,75,,,,,
2025-10-09,2025-10-09,FO,NSE,IDO,52478,,NIFTY,,2025-11-25,2025-11-25,23050.00,CE,NIFTY25NOV23050CE,0.00,0.00,0.00,1880.00,1880.00,1880.00,25181.80,2308.80,75,0,0,0.00,0,F1,75,,,,,
2025-10-09,2025-10-09,FO,NSE,IDO,47481,,NIFTY,,2025-11-04,2025-11-04,24100.00,PE,NIFTY25N0424100PE,0.00,0.00,0.00,113.45,0.00,113.45,25181.80,29.40,0,0,0,0.00,0,F1,75,,,,,
2025-10-09,2025-10-09,FO,NSE,IDO,47430,,NIFTY,,2025-11-04,2025-11-04,23650.00,PE,NIFTY25N0423650PE,0.00,0.00,0.00,54.30,0.00,54.30,25181.80,7.50,0,0,0,0.00,0,F1,75,,,,,
2025-10-09,2025-10-09,FO,NSE,IDO,47388,,NIFTY,,2025-11-04,2025-11-04,23150.00,PE,NIFTY25N0423150PE,0.00,0.00,0.00,18.70,18.70,18.70,25181.80,1.20,75,0,0,0.00,0,F1,75,,,,,
2025-10-09,2025-10-09,FO,NSE,IDO,58910,,NIFTY,,2025-10-28,2025-10-28,25000.00,PE,NIFTY25OCT25000PE,151.10,158.25,99.15,101.90,99.15,158.40,25181.80,101.90,4627125,-40575,102837,193748378088.75,56899,F1,75,,,,,
2025-10-09,2025-10-09,FO,NSE,IDO,58773,,NIFTY,,2025-10-28,2025-10-28,24100.00,PE,NIFTY25OCT24100PE,21.15,22.10,13.85,15.05,13.85,21.45,25181.80,15.05,352050,-113100,6992,12647257406.25,4864,F1,75,,,,,
2025-10-09,2025-10-09,FO,NSE,IDO,47767,,NIFTY,,2025-11-04,2025-11-04,26750.00,PE,NIFTY25N0426750PE,0.00,0.00,0.00,1498.55,0.00,1498.55,25181.80,1476.40,0,0,0,0.00,0,F1,75,,,,,
2025-10-09,2025-10-09,FO,NSE,IDO,47783,,NIFTY,,2025-11-04,2025-11-04,26900.00,PE,NIFTY25N0426900PE,0.00,0.00,0.00,1627.70,0.00,1627.70,25181.80,1619.95,0,0,0,0.00,0,F1,75,,,,,
2025-10-09,2025-10-09,FO,NSE,IDO,39918,,NIFTY,,2025-11-11,2025-11-11,23500.00,PE,NIFTY25N1123500PE,27.30,27.30,15.05,16.75,16.50,21.00,25181.80,16.75,2175,1725,42,74083256.25,15,F1,75,,,,,
2025-10-09,2025-10-09,FO,NSE,IDO,40006,,NIFTY,,2025-11-11,2025-11-11,24650.00,PE,NIFTY25N1124650PE,0.00,0.00,0.00,225.10,0.00,225.10,25181.80,136.50,0,0,0,0.00,0,F1,75,,,,,
2025-10-09,2025-10-09,FO,NSE,IDO,40058,,NIFTY,,2025-11-11,2025-11-11,25100.00,PE,NIFTY25N1125100PE,0.00,0.00,0.00,436.00,436.00,436.00,25181.80,285.10,75,0,0,0.00,0,F1,75,,,,,
2025-10-09,2025-10-09,FO,NSE,IDO,40088,,NIFTY,,2025-11-11,2025-11-11,25400.00,PE,NIFTY25N1125400PE,0.00,0.00,0.00,547.65,0.00,547.65,25181.80,428.80,0,0,0,0.00,0,F1,75,,,,,
2025-10-09,2025-10-09,FO,NSE,IDO,40096,,NIFTY,,2025-11-11,2025-11-11,25500.00,PE,NIFTY25N1125500PE,427.50,461.00,359.00,364.50,359.00,461.55,25181.80,364.50,675,375,65,126218621.25,64,F1,75,,,,,
2025-10-09,2025-10-09,FO,NSE,IDO,40130,,NIFTY,,2025-11-11,2025-11-11,25850.00,PE,NIFTY25N1125850PE,0.00,0.00,0.00,829.20,0.00,829.20,25181.80,711.65,0,0,0,0.00,0,F1,75,,,,,
2025-10-09,2025-10-09,FO,NSE,IDO,40138,,NIFTY,,2025-11-11,2025-11-11,26050.00,PE,NIFTY25N1126050PE,0.00,0.00,0.00,974.60,0.00,974.60,25181.80,860.55,0,0,0,0.00,0,F1,75,,,,,
2025-10-09,2025-10-09,FO,NSE,IDO,52667,,NIFTY,,2025-11-25,2025-11-25,24150.00,PE,NIFTY25NOV24150PE,71.00,75.60,58.35,59.10,58.45,76.20,25181.80,59.10,10575,-2250,369,670060935.00,209,F1,75,,,,,
2025-10-09,2025-10-09,FO,NSE,IDO,52802,,NIFTY,,2025-11-25,2025-11-25,25100.00,PE,NIFTY25NOV25100PE,293.90,293.90,227.05,229.25,227.95,293.90,25181.80,229.25,123300,8250,1953,3712648612.50,1427,F1,75,,,,,
2025-10-09,2025-10-09,FO,NSE,IDO,53249,,NIFTY,,2025-11-25,2025-11-25,27100.00,PE,NIFTY25NOV27100PE,0.00,0.00,0.00,2338.60,0.00,2338.60,25181.80,1757.25,0,0,0,0.00,0,F1,75,,,,,
2025-10-09,2025-10-09,FO,NSE,IDO,65212,,NIFTY,,2025-12-30,2025-12-30,23650.00,PE,NIFTY25DEC23650PE,0.00,0.00,0.00,250.95,0.00,250.95,25181.80,72.55,0,0,0,0.00,0,F1,75,,,,,
2025-10-09,2025-10-09,FO,NSE,IDO,65332,,NIFTY,,2025-12-30,2025-12-30,24750.00,PE,NIFTY25DEC24750PE,239.50,250.00,217.45,220.45,220.45,250.45,25181.80,294.00,2850,-150,13,24358087.50,13,F1,75,,,,,
2025-10-09,2025-10-09,FO,NSE,IDO,65390,,NIFTY,,2025-12-30,2025-12-30,25150.00,PE,NIFTY25DEC25150PE,355.00,355.00,320.45,321.05,322.05,355.00,25181.80,321.05,2250,975,23,43950986.25,17,F1,75,,,,,
2025-10-09,2025-10-09,FO,NSE,IDO,65530,,NIFTY,,2025-12-30,2025-12-30,25350.00,PE,NIFTY25DEC25350PE,437.85,453.50,393.15,400.10,400.10,455.45,25181.80,527.00,2700,525,10,19339271.25,6,F1,75,,,,,
2025-10-09,2025-10-09,FO,NSE,IDO,65634,,NIFTY,,2025-12-30,2025-12-30,26150.00,PE,NIFTY25DEC26150PE,0.00,0.00,0.00,909.15,908.00,909.15,25181.80,979.40,300,0,0,0.00,0,F1,75,,,,,
2025-10-09,2025-10-09,FO,NSE,IDO,62925,,NIFTY,,2026-03-31,2026-03-31,24000.00,PE,NIFTY26MAR24000PE,220.05,226.60,203.10,205.50,203.10,224.30,25181.80,205.50,1004250,26250,1706,3098042955.00,1240,F1,75,,,,,
2025-10-09,2025-10-09,FO,NSE,IDO,62955,,NIFTY,,2026-03-31,2026-03-31,30000.00,PE,NIFTY26MAR30000PE,0.00,0.00,0.00,4604.45,0.00,4604.45,25181.80,4055.80,0,0,0,0.00,0,F1,75,,,,,
2025-10-09,2025-10-09,FO,NSE,IDO,65899,,NIFTY,,2026-09-29,2026-09-29,23000.00,PE,NIFTY26SEP23000PE,0.00,0.00,0.00,390.50,0.00,390.50,25181.80,174.15,0,0,0,0.00,0,F1,75,,,,,
2025-10-09,2025-10-09,FO,NSE,IDO,58641,,NIFTY,,2026-12-29,2026-12-29,18000.00,PE,NIFTY26DEC18000PE,0.00,0.00,0.00,132.00,132.00,132.00,25181.80,1.60,5950,0,0,0.00,0,F1,75,,,,,
2025-10-09,2025-10-09,FO,NSE,IDO,50548,,NIFTY,,2026-12-29,2026-12-29,28000.00,PE,NIFTY26DEC28000PE,1787.05,1790.00,1735.00,1739.90,1740.00,1802.90,25181.80,1739.90,44925,6450,131,292433595.00,103,F1,75,,,,,
2025-10-09,2025-10-09,FO,NSE,IDO,71554,,NIFTY,,2027-06-29,2027-06-29,21000.00,PE,NIFTY27JUN21000PE,0.00,0.00,0.00,250.00,250.00,250.00,25181.80,68.90,875,0,0,0.00,0,F1,75,,,,,
2025-10-09,2025-10-09,FO,NSE,IDO,53604,,NIFTY,,2027-12-28,2027-12-28,18000.00,PE,NIFTY27DEC18000PE,0.00,0.00,0.00,97.05,116.05,97.05,25181.80,8.75,11550,0,0,0.00,0,F1,75,,,,,
2025-10-09,2025-10-09,FO,NSE,IDO,53619,,NIFTY,,2027-12-28,2027-12-28,23000.00,PE,NIFTY27DEC23000PE,0.00,0.00,0.00,600.00,600.00,600.00,25181.80,262.05,3675,0,0,0.00,0,F1,75,,,,,
2025-10-09,2025-10-09,FO,NSE,IDO,53630,,NIFTY,,2027-12-28,2027-12-28,26000.00,PE,NIFTY27DEC26000PE,0.00,0.00,0.00,1120.00,1120.00,1120.00,25181.80,887.60,750,0,0,0.00,0,F1,75,,,,,
2025-10-09,2025-10-09,FO,NSE,IDO,53632,,NIFTY,,2027-12-28,2027-12-28,27000.00,PE,NIFTY27DEC27000PE,0.00,0.00,0.00,1618.00,1618.00,1618.00,25181.80,1220.45,300,0,0,0.00,0,F1,75,,,,,
2025-10-09,2025-10-09,FO,NSE,IDO,42147,,NIFTY,,2027-12-28,2027-12-28,31000.00,PE,NIFTY27DEC31000PE,0.00,0.00,0.00,3950.70,0.00,3950.70,25181.80,3202.75,0,0,0,0.00,0,F1,75,,,,,
2025-10-09,2025-10-09,FO,NSE,IDO,35353,,NIFTY,,2028-06-27,2028-06-27,30000.00,PE,NIFTY28JUN30000PE,0.00,0.00,0.00,3779.25,0.00,3779.25,25181.80,2365.45,0,0,0,0.00,0,F1,75,,,,,
2025-10-09,2025-10-09,FO,NSE,IDO,67781,,NIFTY,,2028-12-26,2028-12-26,23000.00,PE,NIFTY28DEC23000PE,0.00,0.00,0.00,643.65,643.65,643.65,25181.80,272.85,3225,0,0,0.00,0,F1,75,,,,,
2025-10-09,2025-10-09,FO,NSE,IDO,67785,,NIFTY,,2028-12-26,2028-12-26,25000.00,PE,NIFTY28DEC25000PE,0.00,0.00,0.00,1100.00,1100.00,1100.00,25181.80,576.10,4450,0,0,0.00,0,F1,75,,,,,
2025-10-09,2025-10-09,FO,NSE,IDO,89635,,NIFTY,,2029-06-26,2029-06-26,26000.00,PE,NIFTY29JUN26000PE,0.00,0.00,0.00,900.00,900.00,900.00,25181.80,744.15,50,0,0,0.00,0,F1,75,,,,,
2025-10-09,2025-10-09,FO,NSE,IDO,60905,,NIFTY,,2030-06-25,2030-06-25,24000.00,PE,NIFTY30JUN24000PE,0.00,0.00,0.00,698.15,0.00,698.15,25181.80,359.15,0,0,0,0.00,0,F1,75,,,,,
2025-10-09,2025-10-09,FO,NSE,IDO,58745,,NIFTY,,2025-10-28,2025-10-28,23450.00,PE,NIFTY25OCT23450PE,9.95,9.95,6.80,7.30,6.80,9.45,25181.80,7.30,40800,11925,299,526030215.00,91,F1,75,,,,,
2025-10-09,2025-10-09,FO,NSE,IDO,58719,,NIFTY,,2025-10-28,2025-10-28,22950.00,PE,NIFTY25OCT22950PE,7.80,7.80,5.30,5.55,5.55,6.50,25181.80,0.10,4350,150,57,98137098.75,33,F1,75,,,,,
2025-10-09,2025-10-09,FO,NSE,IDO,58712,,NIFTY,,2025-10-28,2025-10-28,22800.00,PE,NIFTY25OCT22800PE,5.25,6.50,4.25,4.80,4.25,6.00,25181.80,4.80,333300,-14250,1452,2483503841.25,519,F1,75,,,,,
2025-10-09,2025-10-09,FO,NSE,IDO,45337,,NIFTY,,2025-10-20,2025-10-20,27100.00,PE,NIFTY25O2027100PE,0.00,0.00,0.00,1754.75,0.00,1754.75,25181.80,1871.35,0,0,0,0.00,0,F1,75,,,,,
2025-10-09,2025-10-09,FO,NSE,IDO,45333,,NIFTY,,2025-10-20,2025-10-20,27000.00,PE,NIFTY25O2027000PE,0.00,0.00,0.00,1663.85,0.00,1663.85,25181.80,1771.60,0,0,0,0.00,0,F1,75,,,,,
2025-10-09,2025-10-09,FO,NSE,IDO,45325,,NIFTY,,2025-10-20,2025-10-20,26800.00,PE,NIFTY25O2026800PE,0.00,0.00,0.00,1486.10,0.00,1486.10,25181.80,1572.30,0,0,0,0.00,0,F1,75,,,,,
2025-10-09,2025-10-09,FO,NSE,IDO,45317,,NIFTY,,2025-10-20,2025-10-20,26600.00,PE,NIFTY25O2026600PE,0.00,0.00,0.00,1501.15,1501.15,1501.15,25181.80,1373.65,75,0,0,0.00,0,F1,75,,,,,
2025-10-09,2025-10-09,FO,NSE,IDO,45297,,NIFTY,,2025-10-20,2025-10-20,26150.00,PE,NIFTY25O2026150PE,0.00,0.00,0.00,957.95,0.00,957.95,25181.80,935.05,0,0,0,0.00,0,F1,75,,,,,
2025-10-09,2025-10-09,FO,NSE,IDO,45281,,NIFTY,,2025-10-20,2025-10-20,25750.00,PE,NIFTY25O2025750PE,532.60,535.65,512.40,512.45,512.40,670.70,25181.80,512.45,975,225,7,13791480.00,7,F1,75,,,,,
2025-10-09,2025-10-09,FO,NSE,IDO,45247,,NIFTY,,2025-10-20,2025-10-20,24950.00,PE,NIFTY25O2024950PE,90.60,98.50,49.75,51.80,50.75,99.30,25181.80,51.80,213675,100800,15722,29498686518.75,10885,F1,75,,,,,
2025-10-09,2025-10-09,FO,NSE,IDO,45213,,NIFTY,,2025-10-20,2025-10-20,24250.00,PE,NIFTY25O2024250PE,14.00,14.00,6.00,7.15,7.10,12.35,25181.80,7.15,61200,29400,2630,4785091200.00,1127,F1,75,,,,,
2025-10-09,2025-10-09,FO,NSE,IDO,45211,,NIFTY,,2025-10-20,2025-10-20,24200.00,PE,NIFTY25O2024200PE,10.35,11.55,5.90,6.85,6.00,11.00,25181.80,6.85,220425,53175,11948,21693231281.25,7457,F1,75,,,,,
2025-10-09,2025-10-09,FO,NSE,IDO,45190,,NIFTY,,2025-10-20,2025-10-20,23750.00,PE,NIFTY25O2023750PE,5.50,5.50,3.35,3.90,3.35,6.00,25181.80,3.90,12825,12450,463,824869593.75,160,F1,75,,,,,
2025-10-09,2025-10-09,FO,NSE,IDO,45183,,NIFTY,,2025-10-20,2025-10-20,23650.00,PE,NIFTY25O2023650PE,5.20,5.20,2.80,3.60,2.85,5.10,25181.80,3.60,16125,2475,586,1039599296.25,205,F1,75,,,,,
2025-10-09,2025-10-09,FO,NSE,IDO,42792,,NIFTY,,2025-10-14,2025-10-14,27100.00,PE,NIFTY25O1427100PE,0.00,0.00,0.00,1973.25,1973.25,1973.25,25181.80,1896.85,8775,0,0,0.00,0,F1,75,,,,,
2025-10-09,2025-10-09,FO,NSE,IDO,42780,,NIFTY,,2025-10-14,2025-10-14,26900.00,PE,NIFTY25O1426900PE,0.00,0.00,0.00,1911.70,0.00,1911.70,25181.80,1697.00,0,0,0,0.00,0,F1,75,,,,,
2025-10-09,2025-10-09,FO,NSE,IDO,42758,,NIFTY,,2025-10-14,2025-10-14,26450.00,PE,NIFTY25O1426450PE,1251.60,1280.00,1251.60,1280.00,1280.00,1487.15,25181.80,1247.45,675,75,2,4157370.00,2,F1,75,,,,,
2025-10-09,2025-10-09,FO,NSE,IDO,42742,,NIFTY,,2025-10-14,2025-10-14,26150.00,PE,NIFTY25O1426150PE,947.95,947.95,936.90,936.90,936.90,1188.65,25181.80,936.90,825,75,2,4063863.75,2,F1,75,,,,,
2025-10-09,2025-10-09,FO,NSE,IDO,42694,,NIFTY,,2025-10-14,2025-10-14,25300.00,PE,NIFTY25O1425300PE,253.05,263.95,128.70,135.90,133.65,266.85,25181.80,135.90,1538100,309150,549717,1050091903128.75,337721,F1,75,,,,,
2025-10-09,2025-10-09,FO,NSE,IDO,42692,,NIFTY,,2025-10-14,2025-10-14,25250.00,PE,NIFTY25O1425250PE,209.05,222.35,99.65,105.30,103.20,225.00,25181.80,105.30,1381350,797250,599958,1142156389875.00,388432,F1,75,,,,,
2025-10-09,2025-10-09,FO,NSE,IDO,42672,,NIFTY,,2025-10-14,2025-10-14,24950.00,PE,NIFTY25O1424950PE,57.60,58.30,15.35,17.70,16.05,56.15,25181.80,17.70,3986100,1665675,1228116,2301207439031.25,538108,F1,75,,,,,
2025-10-09,2025-10-09,FO,NSE,IDO,42644,,NIFTY,,2025-10-14,2025-10-14,24450.00,PE,NIFTY25O1424450PE,4.50,6.10,3.10,3.80,3.25,5.90,25181.80,3.80,1494900,528600,255378,468386329038.75,64212,F1,75,,,,,
2025-10-09,2025-10-09,FO,NSE,IDO,42564,,NIFTY,,2025-10-14,2025-10-14,23250.00,PE,NIFTY25O1423250PE,1.25,1.65,1.10,1.30,1.15,1.40,25181.80,1.30,130725,54450,30658,53463068385.00,3970,F1,75,,,,,
2025-10-09,2025-10-09,FO,NSE,IDO,42544,,NIFTY,,2025-10-14,2025-10-14,23050.00,PE,NIFTY25O1423050PE,1.15,1.45,0.85,1.20,1.05,1.15,25181.80,1.20,80250,21225,21128,36526968637.50,3477,F1,75,,,,,
2025-10-09,2025-10-09,FO,NSE,IDO,42540,,NIFTY,,2025-10-14,2025-10-14,22950.00,PE,NIFTY25O1422950PE,1.00,1.35,0.85,1.10,1.00,1.10,25181.80,1.10,58350,12300,6146,10579316493.75,1815,F1,75,,,,,
2025-10-09,2025-10-09,FO,NSE,IDO,61778,,NIFTY,,2029-12-24,2029-12-24,26000.00,CE,NIFTY29DEC26000CE,0.00,0.00,0.00,6686.95,0.00,6686.95,25181.80,5470.55,0,0,0,0.00,0,F1,75,,,,,
2025-10-09,2025-10-09,FO,NSE,IDO,61772,,NIFTY,,2029-12-24,2029-12-24,25000.00,CE,NIFTY29DEC25000CE,0.00,0.00,0.00,7196.25,0.00,7196.25,25181.80,6077.80,0,0,0,0.00,0,F1,75,,,,,
2025-10-09,2025-10-09,FO,NSE,IDO,89634,,NIFTY,,2029-06-26,2029-06-26,26000.00,CE,NIFTY29JUN26000CE,0.00,0.00,0.00,7052.20,0.00,7052.20,25181.80,4926.85,0,0,0,0.00,0,F1,75,,,,,
2025-10-09,2025-10-09,FO,NSE,IDO,86151,,NIFTY,,2028-06-27,2028-06-27,24000.00,CE,NIFTY28JUN24000CE,0.00,0.00,0.00,3918.85,0.00,3918.85,25181.80,5066.85,0,0,0,0.00,0,F1,75,,,,,
2025-10-09,2025-10-09,FO,NSE,IDO,35262,,NIFTY,,2027-06-29,2027-06-29,30000.00,CE,NIFTY27JUN30000CE,0.00,0.00,0.00,1478.40,0.00,1478.40,25181.80,918.40,0,0,0,0.00,0,F1,75,,,,,
2025-10-09,2025-10-09,FO,NSE,IDO,71556,,NIFTY,,2027-06-29,2027-06-29,22000.00,CE,NIFTY27JUN22000CE,0.00,0.00,0.00,2783.50,0.00,2783.50,25181.80,5388.80,0,0,0,0.00,0,F1,75,,,,,
2025-10-09,2025-10-09,FO,NSE,IDO,38154,,NIFTY,,2026-06-30,2026-06-30,29000.00,CE,NIFTY26JUN29000CE,0.00,0.00,0.00,864.20,0.00,864.20,25181.80,274.95,0,0,0,0.00,0,F1,75,,,,,
2025-10-09,2025-10-09,FO,NSE,IDO,71476,,NIFTY,,2026-06-30,2026-06-30,26000.00,CE,NIFTY26JUN26000CE,1083.55,1145.00,1050.00,1135.95,1135.15,1043.50,25181.80,1135.95,56425,3750,181,367973726.25,164,F1,75,,,,,
2025-10-09,2025-10-09,FO,NSE,IDO,62956,,NIFTY,,2026-03-31,2026-03-31,31000.00,CE,NIFTY26MAR31000CE,0.00,0.00,0.00,200.35,0.00,200.35,25181.80,17.05,0,0,0,0.00,0,F1,75,,,,,
2025-10-09,2025-10-09,FO,NSE,IDO,65693,,NIFTY,,2025-12-30,2025-12-30,26450.00,CE,NIFTY25DEC26450CE,0.00,0.00,0.00,255.30,0.00,255.30,25181.80,259.25,0,0,0,0.00,0,F1,75,,,,,
2025-10-09,2025-10-09,FO,NSE,IDO,65651,,NIFTY,,2025-12-30,2025-12-30,26300.00,CE,NIFTY25DEC26300CE,0.00,0.00,0.00,289.80,0.00,289.80,25181.80,300.60,0,0,0,0.00,0,F1,75,,,,,
2025-10-09,2025-10-09,FO,NSE,IDO,65533,,NIFTY,,2025-12-30,2025-12-30,25450.00,CE,NIFTY25DEC25450CE,505.00,505.00,487.50,487.50,487.50,475.05,25181.80,633.20,1275,450,8,15566902.50,4,F1,75,,,,,
2025-10-09,2025-10-09,FO,NSE,IDO,65234,,NIFTY,,2025-12-30,2025-12-30,24100.00,CE,NIFTY25DEC24100CE,1526.20,1540.80,1526.20,1540.80,1540.80,1254.25,25181.80,1527.20,75,75,2,3845025.00,2,F1,75,,,,,
2025-10-09,2025-10-09,FO,NSE,IDO,65222,,NIFTY,,2025-12-30,2025-12-30,23800.00,CE,NIFTY25DEC23800CE,0.00,0.00,0.00,1461.55,0.00,1461.55,25181.80,1777.55,0,0,0,0.00,0,F1,75,,,,,
2025-10-09,2025-10-09,FO,NSE,IDO,53027,,NIFTY,,2025-11-25,2025-11-25,26300.00,CE,NIFTY25NOV26300CE,51.00,66.50,50.00,62.50,63.80,49.00,25181.80,62.50,241725,38775,2013,3979729642.50,1228,F1,75,,,,,
2025-10-09,2025-10-09,FO,NSE,IDO,52849,,NIFTY,,2025-11-25,2025-11-25,25450.00,CE,NIFTY25NOV25450CE,291.30,326.70,269.40,324.85,325.50,267.35,25181.80,324.85,15750,-450,106,204749621.25,76,F1,75,,,,,
2025-10-09,2025-10-09,FO,NSE,IDO,52813,,NIFTY,,2025-11-25,2025-11-25,25250.00,CE,NIFTY25NOV25250CE,397.95,442.10,370.00,438.60,439.95,360.35,25181.80,438.60,11175,-1200,65,125094577.50,56,F1,75,,,,,
2025-10-09,2025-10-09,FO,NSE,IDO,52749,,NIFTY,,2025-11-25,2025-11-25,24600.00,CE,NIFTY25NOV24600CE,836.50,918.00,800.00,906.05,903.15,794.00,25181.80,906.05,19200,225,36,68795936.25,36,F1,75,,,,,
2025-10-09,2025-10-09,FO,NSE,IDO,52626,,NIFTY,,2025-11-25,2025-11-25,23800.00,CE,NIFTY25NOV23800CE,1620.00,1620.00,1620.00,1620.00,1620.00,1620.00,25181.80,1597.95,525,225,3,5719500.00,1,F1,75,,,,,
2025-10-09,2025-10-09,FO,NSE,IDO,52536,,NIFTY,,2025-11-25,2025-11-25,23250.00,CE,NIFTY25NOV23250CE,0.00,0.00,0.00,1830.00,1830.00,1830.00,25181.80,2114.95,75,0,0,0.00,0,F1,75,,,,,
2025-10-09,2025-10-09,FO,NSE,IDO,40197,,NIFTY,,2025-11-11,2025-11-11,26850.00,CE,NIFTY25N1126850CE,0.00,0.00,0.00,55.45,0.00,55.45,25181.80,26.15,0,0,0,0.00,0,F1,75,,,,,
2025-10-09,2025-10-09,FO,NSE,IDO,40182,,NIFTY,,2025-11-11,2025-11-11,26650.00,CE,NIFTY25N1126650CE,0.00,0.00,0.00,76.70,0.00,76.70,25181.80,40.45,0,0,0,0.00,0,F1,75,,,,,
2025-10-09,2025-10-09,FO,NSE,IDO,40178,,NIFTY,,2025-11-11,2025-11-11,26600.00,CE,NIFTY25N1126600CE,20.00,20.00,10.00,16.40,16.50,13.00,25181.80,16.40,4425,3375,109,217577647.50,39,F1,75,,,,,
2025-10-09,2025-10-09,FO,NSE,IDO,40063,,NIFTY,,2025-11-11,2025-11-11,25150.00,CE,NIFTY25N1125150CE,0.00,0.00,0.00,524.55,0.00,524.55,25181.80,468.65,0,0,0,0.00,0,F1,75,,,,,
2025-10-09,2025-10-09,FO,NSE,IDO,40052,,NIFTY,,2025-11-11,2025-11-11,25050.00,CE,NIFTY25N1125050CE,400.00,464.65,366.00,439.45,439.45,367.55,25181.80,526.40,525,225,18,34392896.25,13,F1,75,,,,,
2025-10-09,2025-10-09,FO,NSE,IDO,39932,,NIFTY,,2025-11-11,2025-11-11,23800.00,CE,NIFTY25N1123800CE,0.00,0.00,0.00,1503.90,0.00,1503.90,25181.80,1526.10,0,0,0,0.00,0,F1,75,,,,,
2025-10-09,2025-10-09,FO,NSE,IDO,39928,,NIFTY,,2025-11-11,2025-11-11,23750.00,CE,NIFTY25N1123750CE,0.00,0.00,0.00,1548.45,0.00,1548.45,25181.80,1573.25,0,0,0,0.00,0,F1,75,,,,,
2025-10-09,2025-10-09,FO,NSE,IDO,47680,,NIFTY,,2025-11-04,2025-11-04,26000.00,CE,NIFTY25N0426000CE,0.00,0.00,0.00,267.55,0.00,267.55,25181.80,99.80,0,0,0,0.00,0,F1,75,,,,,
2025-10-09,2025-10-09,FO,NSE,IDO,47678,,NIFTY,,2025-11-04,2025-11-04,25950.00,CE,NIFTY25N0425950CE,0.00,0.00,0.00,282.95,0.00,282.95,25181.80,110.20,0,0,0,0.00,0,F1,75,,,,,
2025-10-09,2025-10-09,FO,NSE,IDO,47644,,NIFTY,,2025-11-04,2025-11-04,25450.00,CE,NIFTY25N0425450CE,133.00,185.00,133.00,166.00,166.00,128.45,25181.80,265.55,3825,450,16,30738813.75,16,F1,75,,,,,
2025-10-09,2025-10-09,FO,NSE,IDO,47632,,NIFTY,,2025-11-04,2025-11-04,25300.00,CE,NIFTY25N0425300CE,195.85,262.00,187.50,250.40,251.15,182.60,25181.80,250.40,15975,7200,547,1047641707.50,418,F1,75,,,,,
2025-10-09,2025-10-09,FO,NSE,IDO,47485,,NIFTY,,2025-11-04,2025-11-04,24200.00,CE,NIFTY25N0424200CE,0.00,0.00,0.00,817.75,817.75,817.75,25181.80,1119.10,75,0,0,0.00,0,F1,75,,,,,
2025-10-09,2025-10-09,FO,NSE,IDO,47418,,NIFTY,,2025-11-04,2025-11-04,23500.00,CE,NIFTY25N0423500CE,0.00,0.00,0.00,1875.60,0.00,1875.60,25181.80,1782.35,0,0,0,0.00,0,F1,75,,,,,
2025-10-09,2025-10-09,FO,NSE,IDO,47373,,NIFTY,,2025-11-04,2025-11-04,23100.00,CE,NIFTY25N0423100CE,0.00,0.00,0.00,2250.15,0.00,2250.15,25181.80,2177.20,0,0,0,0.00,0,F1,75,,,,,
2025-10-09,2025-10-09,FO,NSE,IDO,59092,,NIFTY,,2025-10-28,2025-10-28,26650.00,CE,NIFTY25OCT26650CE,4.85,4.85,3.55,3.95,3.80,4.75,25181.80,3.95,26175,1275,283,565736122.50,119,F1,75,,,,,
2025-10-09,2025-10-09,FO,NSE,IDO,59044,,NIFTY,,2025-10-28,2025-10-28,26400.00,CE,NIFTY25OCT26400CE,7.75,7.90,5.70,6.40,5.70,6.80,25181.80,6.40,487800,20175,5751,11389834151.25,3054,F1,75,,,,,
2025-10-09,2025-10-09,FO,NSE,IDO,58936,,NIFTY,,2025-10-28,2025-10-28,25450.00,CE,NIFTY25OCT25450CE,86.25,132.80,82.25,121.85,122.00,79.20,25181.80,121.85,227925,27825,4260,8166789150.00,3122,F1,75,,,,,
2025-10-09,2025-10-09,FO,NSE,IDO,58929,,NIFTY,,2025-10-28,2025-10-28,25300.00,CE,NIFTY25OCT25300CE,134.95,202.20,131.30,189.30,189.95,126.25,25181.80,189.30,1256250,-10125,41216,78739059986.25,26917,F1,75,,,,,
2025-10-09,2025-10-09,FO,NSE,IDO,58756,,NIFTY,,2025-10-28,2025-10-28,23700.00,CE,NIFTY25OCT23700CE,1569.85,1569.85,1569.85,1569.85,1569.85,1459.15,25181.80,1556.10,3525,0,1,1895238.75,1,F1,75,,,,,
2025-10-09,2025-10-09,FO,NSE,IDO,58754,,NIFTY,,2025-10-28,2025-10-28,23650.00,CE,NIFTY25OCT23650CE,0.00,0.00,0.00,1483.95,1483.95,1483.95,25181.80,1605.30,675,0,0,0.00,0,F1,75,,,,,
2025-10-09,2025-10-09,FO,NSE,IDO,45216,,NIFTY,,2025-10-20,2025-10-20,24350.00,CE,NIFTY25O2024350CE,0.00,0.00,0.00,896.75,896.75,896.75,25181.80,886.55,450,0,0,0.00,0,F1,75,,,,,
2025-10-09,2025-10-09,FO,NSE,IDO,45134,,NIFTY,,2025-10-20,2025-10-20,22900.00,CE,NIFTY25O2022900CE,0.00,0.00,0.00,2474.65,0.00,2474.65,25181.80,2321.45,0,0,0,0.00,0,F1,75,,,,,
2025-10-09,2025-10-09,FO,NSE,IDO,42775,,NIFTY,,2025-10-14,2025-10-14,26850.00,CE,NIFTY25O1426850CE,1.00,1.10,0.55,0.60,0.55,1.05,25181.80,0.60,66825,14775,2254,4539120671.25,599,F1,75,,,,,
2025-10-09,2025-10-09,FO,NSE,IDO,42759,,NIFTY,,2025-10-14,2025-10-14,26500.00,CE,NIFTY25O1426500CE,1.20,1.25,0.70,0.75,0.70,1.25,25181.80,0.75,6357600,-139950,326103,648151425303.75,35551,F1,75,,,,,
2025-10-09,2025-10-09,FO,NSE,IDO,42705,,NIFTY,,2025-10-14,2025-10-14,25450.00,CE,NIFTY25O1425450CE,13.95,22.50,9.15,14.50,14.50,11.45,25181.80,14.50,3364500,-41100,991605,1893838562160.00,318620,F1,75,,,,,
2025-10-09,2025-10-09,FO,NSE,IDO,42645,,NIFTY,,2025-10-14,2025-10-14,24500.00,CE,NIFTY25O1424500CE,595.00,726.25,568.70,713.10,713.70,564.35,25181.80,713.10,268500,-29325,6069,11449787047.50,3545,F1,75,,,,,
2025-10-09,2025-10-09,FO,NSE,IDO,42629,,NIFTY,,2025-10-14,2025-10-14,24300.00,CE,NIFTY25O1424300CE,796.00,923.30,766.50,912.95,911.00,763.35,25181.80,912.95,31650,-3300,252,475321132.50,142,F1,75,,,,,
2025-10-09,2025-10-09,FO,NSE,IDO,42595,,NIFTY,,2025-10-14,2025-10-14,23700.00,CE,NIFTY25O1423700CE,0.00,0.00,0.00,1483.40,1483.40,1483.40,25181.80,1500.45,1650,0,0,0.00,0,F1,75,,,,,
2025-10-09,2025-10-09,FO,NSE,IDO,42585,,NIFTY,,2025-10-14,2025-10-14,23500.00,CE,NIFTY25O1423500CE,0.00,0.00,0.00,1585.15,1585.15,1585.15,25181.80,1700.30,20550,0,0,0.00,0,F1,75,,,,,
2025-10-09,2025-10-09,FO,NSE,IDO,42565,,NIFTY,,2025-10-14,2025-10-14,23300.00,CE,NIFTY25O1423300CE,0.00,0.00,0.00,1825.35,1825.35,1825.35,25181.80,1900.15,450,0,0,0.00,0,F1,75,,,,,
2025-10-09,2025-10-09,FO,NSE,IDO,47721,,NIFTY,,2025-11-04,2025-11-04,26300.00,PE,NIFTY25N0426300PE,0.00,0.00,0.00,1134.65,0.00,1134.65,25181.80,1063.45,0,0,0,0.00,0,F1,75,,,,,
2025-10-09,2025-10-09,FO,NSE,IDO,47675,,NIFTY,,2025-11-04,2025-11-04,25850.00,PE,NIFTY25N0425850PE,0.00,0.00,0.00,815.10,0.00,815.10,25181.80,696.05,0,0,0,0.00,0,F1,75,,,,,
2025-10-09,2025-10-09,FO,NSE,IDO,47637,,NIFTY,,2025-11-04,2025-11-04,25350.00,PE,NIFTY25N0425350PE,0.00,0.00,0.00,524.60,0.00,524.60,25181.80,373.95,0,0,0,0.00,0,F1,75,,,,,
2025-10-09,2025-10-09,FO,NSE,IDO,47508,,NIFTY,,2025-11-04,2025-11-04,24400.00,PE,NIFTY25N0424400PE,57.50,57.55,38.50,39.60,38.50,58.45,25181.80,39.60,15450,6075,294,539032140.00,144,F1,75,,,,,
2025-10-09,2025-10-09,FO,NSE,IDO,47505,,NIFTY,,2025-11-04,2025-11-04,24350.00,PE,NIFTY25N0424350PE,0.00,0.00,0.00,163.10,0.00,163.10,25181.80,56.00,0,0,0,0.00,0,F1,75,,,,,
2025-10-09,2025-10-09,FO,NSE,IDO,40177,,NIFTY,,2025-11-11,2025-11-11,26550.00,PE,NIFTY25N1126550PE,0.00,0.00,0.00,1376.50,0.00,1376.50,25181.80,1280.30,0,0,0,0.00,0,F1,75,,,,,
2025-10-09,2025-10-09,FO,NSE,IDO,40112,,NIFTY,,2025-11-11,2025-11-11,25550.00,PE,NIFTY25N1125550PE,0.00,0.00,0.00,634.45,0.00,634.45,25181.80,514.40,0,0,0,0.00,0,F1,75,,,,,
2025-10-09,2025-10-09,FO,NSE,IDO,39975,,NIFTY,,2025-11-11,2025-11-11,24450.00,PE,NIFTY25N1124450PE,0.00,0.00,0.00,169.30,0.00,169.30,25181.80,93.25,0,0,0,0.00,0,F1,75,,,,,
2025-10-09,2025-10-09,FO,NSE,IDO,39933,,NIFTY,,2025-11-11,2025-11-11,23800.00,PE,NIFTY25N1123800PE,0.00,0.00,0.00,56.80,0.00,56.80,25181.80,20.90,0,0,0,0.00,0,F1,75,,,,,
2025-10-09,2025-10-09,FO,NSE,IDO,39920,,NIFTY,,2025-11-11,2025-11-11,23550.00,PE,NIFTY25N1123550PE,0.00,0.00,0.00,34.65,0.00,34.65,25181.80,10.45,0,0,0,0.00,0,F1,75,,,,,
2025-10-09,2025-10-09,FO,NSE,IDO,47769,,NIFTY,,2025-11-04,2025-11-04,26800.00,PE,NIFTY25N0426800PE,0.00,0.00,0.00,1541.20,0.00,1541.20,25181.80,1524.05,0,0,0,0.00,0,F1,75,,,,,
2025-10-09,2025-10-09,FO,NSE,IDO,47749,,NIFTY,,2025-11-04,2025-11-04,26700.00,PE,NIFTY25N0426700PE,0.00,0.00,0.00,1456.25,0.00,1456.25,25181.80,1429.10,0,0,0,0.00,0,F1,75,,,,,
2025-10-09,2025-10-09,FO,NSE,IDO,47707,,NIFTY,,2025-11-04,2025-11-04,26200.00,PE,NIFTY25N0426200PE,0.00,0.00,0.00,1059.20,0.00,1059.20,25181.80,976.90,0,0,0,0.00,0,F1,75,,,,,
2025-10-09,2025-10-09,FO,NSE,IDO,47643,,NIFTY,,2025-11-04,2025-11-04,25400.00,PE,NIFTY25N0425400PE,308.15,320.20,285.65,288.25,290.00,378.00,25181.80,288.25,5100,-1575,63,121432541.25,62,F1,75,,,,,
2025-10-09,2025-10-09,FO,NSE,IDO,47577,,NIFTY,,2025-11-04,2025-11-04,24750.00,PE,NIFTY25N0424750PE,120.00,120.00,78.00,78.05,78.00,114.30,25181.80,78.05,3225,900,19,35394161.25,14,F1,75,,,,,
2025-10-09,2025-10-09,FO,NSE,IDO,47539,,NIFTY,,2025-11-04,2025-11-04,24500.00,PE,NIFTY25N0424500PE,65.05,72.45,48.00,49.00,48.20,72.65,25181.80,49.00,32475,11400,490,902434151.25,239,F1,75,,,,,
2025-10-09,2025-10-09,FO,NSE,IDO,47436,,NIFTY,,2025-11-04,2025-11-04,23750.00,PE,NIFTY25N0423750PE,0.00,0.00,0.00,22.00,22.00,22.00,25181.80,10.40,225,0,0,0.00,0,F1,75,,,,,
2025-10-09,2025-10-09,FO,NSE,IDO,59102,,NIFTY,,2025-10-28,2025-10-28,26750.00,PE,NIFTY25OCT26750PE,1472.20,1472.20,1472.20,1472.20,1472.20,1614.10,25181.80,1472.20,750,75,1,2116665.00,1,F1,75,,,,,
2025-10-09,2025-10-09,FO,NSE,IDO,59100,,NIFTY,,2025-10-28,2025-10-28,26700.00,PE,NIFTY25OCT26700PE,1488.00,1488.45,1406.50,1409.35,1415.00,1585.00,25181.80,1409.35,7650,-150,9,19001118.75,9,F1,75,,,,,
2025-10-09,2025-10-09,FO,NSE,IDO,58949,,NIFTY,,2025-10-28,2025-10-28,25550.00,PE,NIFTY25OCT25550PE,441.00,445.00,352.25,359.05,357.95,485.85,25181.80,359.05,24000,675,190,369473291.25,140,F1,75,,,,,
2025-10-09,2025-10-09,FO,NSE,IDO,58937,,NIFTY,,2025-10-28,2025-10-28,25450.00,PE,NIFTY25OCT25450PE,380.15,400.00,288.00,291.30,289.20,404.65,25181.80,291.30,19050,1725,320,618414622.50,260,F1,75,,,,,
2025-10-09,2025-10-09,FO,NSE,IDO,58793,,NIFTY,,2025-10-28,2025-10-28,24500.00,PE,NIFTY25OCT24500PE,45.00,48.60,29.00,30.30,29.75,47.60,25181.80,30.30,3291825,-149625,53434,98331854865.00,30670,F1,75,,,,,
2025-10-09,2025-10-09,FO,NSE,IDO,58759,,NIFTY,,2025-10-28,2025-10-28,23750.00,PE,NIFTY25OCT23750PE,13.05,13.05,9.10,9.70,9.15,13.05,25181.80,9.70,32700,1500,545,971225561.25,269,F1,75,,,,,
2025-10-09,2025-10-09,FO,NSE,IDO,58743,,NIFTY,,2025-10-28,2025-10-28,23400.00,PE,NIFTY25OCT23400PE,8.95,9.45,6.50,7.15,6.65,9.15,25181.80,7.15,348375,4500,2818,4947337582.50,1577,F1,75,,,,,
2025-10-09,2025-10-09,FO,NSE,IDO,58700,,NIFTY,,2025-10-28,2025-10-28,22700.00,PE,NIFTY25OCT22700PE,4.35,5.95,4.30,4.70,4.35,5.45,25181.80,4.70,78450,525,292,497240846.25,109,F1,75,,,,,
2025-10-09,2025-10-09,FO,NSE,IDO,45339,,NIFTY,,2025-10-20,2025-10-20,27150.00,PE,NIFTY25O2027150PE,0.00,0.00,0.00,2400.00,2400.00,2400.00,25181.80,1921.25,600,0,0,0.00,0,F1,75,,,,,
2025-10-09,2025-10-09,FO,NSE,IDO,45305,,NIFTY,,2025-10-20,2025-10-20,26300.00,PE,NIFTY25O2026300PE,1059.00,1059.00,1045.85,1053.75,1045.85,1156.00,25181.80,1053.75,2550,150,5,10257652.50,3,F1,75,,,,,
2025-10-09,2025-10-09,FO,NSE,IDO,45303,,NIFTY,,2025-10-20,2025-10-20,26250.00,PE,NIFTY25O2026250PE,0.00,0.00,0.00,1033.30,0.00,1033.30,25181.80,1030.70,0,0,0,0.00,0,F1,75,,,,,
2025-10-09,2025-10-09,FO,NSE,IDO,45301,,NIFTY,,2025-10-20,2025-10-20,26200.00,PE,NIFTY25O2026200PE,1087.05,1087.05,950.00,960.75,961.00,1117.00,25181.80,960.75,825,300,15,30563782.50,7,F1,75,,,,,
2025-10-09,2025-10-09,FO,NSE,IDO,45263,,NIFTY,,2025-10-20,2025-10-20,25350.00,PE,NIFTY25O2025350PE,305.90,310.30,195.55,200.15,198.80,317.85,25181.80,200.15,36750,17775,2104,4036546901.25,1475,F1,75,,,,,
2025-10-09,2025-10-09,FO,NSE,IDO,45255,,NIFTY,,2025-10-20,2025-10-20,25150.00,PE,NIFTY25O2025150PE,178.75,182.75,102.00,104.95,102.95,185.85,25181.80,104.95,300450,192375,25518,48369495967.50,15608,F1,75,,,,,
2025-10-09,2025-10-09,FO,NSE,IDO,45226,,NIFTY,,2025-10-20,2025-10-20,24500.00,PE,NIFTY25O2024500PE,21.15,24.25,11.45,12.75,11.45,23.45,25181.80,12.75,642225,25200,30579,56227504042.50,16366,F1,75,,,,,
2025-10-09,2025-10-09,FO,NSE,IDO,45215,,NIFTY,,2025-10-20,2025-10-20,24300.00,PE,NIFTY25O2024300PE,12.70,14.20,7.05,8.00,7.70,14.00,25181.80,8.00,573525,319575,23917,43606516263.75,12894,F1,75,,,,,
2025-10-09,2025-10-09,FO,NSE,IDO,45209,,NIFTY,,2025-10-20,2025-10-20,24150.00,PE,NIFTY25O2024150PE,7.70,10.25,4.65,5.55,5.30,10.10,25181.80,5.55,47550,35475,1726,3127176952.50,560,F1,75,,,,,
2025-10-09,2025-10-09,FO,NSE,IDO,45207,,NIFTY,,2025-10-20,2025-10-20,24100.00,PE,NIFTY25O2024100PE,9.40,9.85,5.05,6.00,5.05,9.25,25181.80,6.00,114750,51975,6085,11001952316.25,3594,F1,75,,,,,
2025-10-09,2025-10-09,FO,NSE,IDO,45188,,NIFTY,,2025-10-20,2025-10-20,23700.00,PE,NIFTY25O2023700PE,5.25,5.25,2.75,3.55,2.75,5.20,25181.80,3.55,337575,307275,9520,16924711158.75,3355,F1,75,,,,,
2025-10-09,2025-10-09,FO,NSE,IDO,45181,,NIFTY,,2025-10-20,2025-10-20,23600.00,PE,NIFTY25O2023600PE,3.30,4.50,2.75,3.25,2.75,4.60,25181.80,3.25,53250,11700,1366,2418211098.75,593,F1,75,,,,,
2025-10-09,2025-10-09,FO,NSE,IDO,45163,,NIFTY,,2025-10-20,2025-10-20,23250.00,PE,NIFTY25O2023250PE,3.00,3.00,2.45,3.00,3.00,3.60,25181.80,3.00,1125,150,7,12207753.75,6,F1,75,,,,,
2025-10-09,2025-10-09,FO,NSE,IDO,45147,,NIFTY,,2025-10-20,2025-10-20,23100.00,PE,NIFTY25O2023100PE,3.00,3.00,2.20,2.35,2.20,2.95,25181.80,2.35,8250,1125,86,149011545.00,47,F1,75,,,,,
2025-10-09,2025-10-09,FO,NSE,IDO,42784,,NIFTY,,2025-10-14,2025-10-14,27000.00,PE,NIFTY25O1427000PE,1780.00,1789.75,1777.00,1783.80,1786.25,1934.50,25181.80,1783.80,675,375,5,10793921.25,5,F1,75,,,,,
2025-10-09,2025-10-09,FO,NSE,IDO,42754,,NIFTY,,2025-10-14,2025-10-14,26350.00,PE,NIFTY25O1426350PE,0.00,0.00,0.00,1386.45,1384.60,1386.45,25181.80,1147.60,600,0,0,0.00,0,F1,75,,,,,
2025-10-09,2025-10-09,FO,NSE,IDO,42632,,NIFTY,,2025-10-14,2025-10-14,24350.00,PE,NIFTY25O1424350PE,3.50,4.75,2.85,3.40,3.00,4.60,25181.80,3.40,2817600,1828050,308594,563658689460.00,68627,F1,75,,,,,
2025-10-09,2025-10-09,FO,NSE,IDO,42614,,NIFTY,,2025-10-14,2025-10-14,24050.00,PE,NIFTY25O1424050PE,2.70,3.15,1.95,2.50,2.15,3.00,25181.80,2.50,357525,-10575,144384,260461282372.50,25404,F1,75,,,,,
2025-10-09,2025-10-09,FO,NSE,IDO,42586,,NIFTY,,2025-10-14,2025-10-14,23500.00,PE,NIFTY25O1423500PE,1.50,1.95,1.30,1.55,1.35,1.70,25181.80,1.55,3423375,906300,203874,359352790211.25,25994,F1,75,,,,,
2025-10-09,2025-10-09,FO,NSE,IDO,42557,,NIFTY,,2025-10-14,2025-10-14,23200.00,PE,NIFTY25O1423200PE,1.10,1.60,1.05,1.20,1.05,1.35,25181.80,1.20,652350,334650,67558,117557497672.50,8702,F1,75,,,,,
2025-10-09,2025-10-09,FO,NSE,IDO,60910,,NIFTY,,2030-06-25,2030-06-25,27000.00,CE,NIFTY30JUN27000CE,0.00,0.00,0.00,6972.50,0.00,6972.50,25181.80,5436.70,0,0,0,0.00,0,F1,75,,,,,
2025-10-09,2025-10-09,FO,NSE,IDO,89630,,NIFTY,,2029-06-26,2029-06-26,24000.00,CE,NIFTY29JUN24000CE,0.00,0.00,0.00,8085.35,0.00,8085.35,25181.80,6189.65,0,0,0,0.00,0,F1,75,,,,,
2025-10-09,2025-10-09,FO,NSE,IDO,67792,,NIFTY,,2028-12-26,2028-12-26,29000.00,CE,NIFTY28DEC29000CE,0.00,0.00,0.00,3645.75,0.00,3645.75,25181.80,2813.00,0,0,0,0.00,0,F1,75,,,,,
2025-10-09,2025-10-09,FO,NSE,IDO,67780,,NIFTY,,2028-12-26,2028-12-26,23000.00,CE,NIFTY28DEC23000CE,0.00,0.00,0.00,6377.60,0.00,6377.60,25181.80,6338.20,0,0,0,0.00,0,F1,75,,,,,
2025-10-09,2025-10-09,FO,NSE,IDO,53631,,NIFTY,,2027-12-28,2027-12-28,27000.00,CE,NIFTY27DEC27000CE,0.00,0.00,0.00,2889.80,0.00,2889.80,25181.80,2636.75,0,0,0,0.00,0,F1,75,,,,,
2025-10-09,2025-10-09,FO,NSE,IDO,53618,,NIFTY,,2027-12-28,2027-12-28,23000.00,CE,NIFTY27DEC23000CE,0.00,0.00,0.00,4125.70,0.00,4125.70,25181.80,5199.15,0,0,0,0.00,0,F1,75,,,,,
2025-10-09,2025-10-09,FO,NSE,IDO,53613,,NIFTY,,2027-12-28,2027-12-28,21000.00,CE,NIFTY27DEC21000CE,0.00,0.00,0.00,4902.40,0.00,4902.40,25181.80,6784.40,0,0,0,0.00,0,F1,75,,,,,
2025-10-09,2025-10-09,FO,NSE,IDO,35235,,NIFTY,,2026-12-29,2026-12-29,30000.00,CE,NIFTY26DEC30000CE,380.05,415.00,380.05,408.50,402.00,388.20,25181.80,408.50,63900,1575,44,100328988.75,32,F1,75,,,,,
2025-10-09,2025-10-09,FO,NSE,IDO,65893,,NIFTY,,2026-09-29,2026-09-29,21000.00,CE,NIFTY26SEP21000CE,0.00,0.00,0.00,4967.05,0.00,4967.05,25181.80,5355.05,0,0,0,0.00,0,F1,75,,,,,
2025-10-09,2025-10-09,FO,NSE,IDO,50545,,NIFTY,,2026-06-30,2026-06-30,28000.00,CE,NIFTY26JUN28000CE,0.00,0.00,0.00,1533.95,0.00,1533.95,25181.80,475.00,0,0,0,0.00,0,F1,75,,,,,
2025-10-09,2025-10-09,FO,NSE,IDO,38378,,NIFTY,,2026-06-30,2026-06-30,20000.00,CE,NIFTY26JUN20000CE,0.00,0.00,0.00,3829.50,0.00,3829.50,25181.80,6001.00,0,0,0,0.00,0,F1,75,,,,,
2025-10-09,2025-10-09,FO,NSE,IDO,62928,,NIFTY,,2026-03-31,2026-03-31,26000.00,CE,NIFTY26MAR26000CE,683.20,741.50,666.45,733.00,731.00,660.00,25181.80,733.00,696975,10575,752,1506350748.75,608,F1,75,,,,,
2025-10-09,2025-10-09,FO,NSE,IDO,62916,,NIFTY,,2026-03-31,2026-03-31,20000.00,CE,NIFTY26MAR20000CE,0.00,0.00,0.00,5090.05,0.00,5090.05,25181.80,5720.40,0,0,0,0.00,0,F1,75,,,,,
2025-10-09,2025-10-09,FO,NSE,IDO,42129,,NIFTY,,2025-12-30,2025-12-30,31000.00,CE,NIFTY25DEC31000CE,4.30,4.50,4.00,4.15,4.00,4.30,25181.80,4.15,275650,1250,124,288339862.50,44,F1,75,,,,,
2025-10-09,2025-10-09,FO,NSE,IDO,65719,,NIFTY,,2025-12-30,2025-12-30,26800.00,CE,NIFTY25DEC26800CE,0.00,0.00,0.00,189.00,0.00,189.00,25181.80,179.90,0,0,0,0.00,0,F1,75,,,,,
2025-10-09,2025-10-09,FO,NSE,IDO,65689,,NIFTY,,2025-12-30,2025-12-30,26350.00,CE,NIFTY25DEC26350CE,0.00,0.00,0.00,278.35,0.00,278.35,25181.80,286.30,0,0,0,0.00,0,F1,75,,,,,
2025-10-09,2025-10-09,FO,NSE,IDO,65529,,NIFTY,,2025-12-30,2025-12-30,25350.00,CE,NIFTY25DEC25350CE,611.85,611.85,611.85,611.85,611.85,542.00,25181.80,611.85,375,0,1,1947138.75,1,F1,75,,,,,
2025-10-09,2025-10-09,FO,NSE,IDO,65335,,NIFTY,,2025-12-30,2025-12-30,24850.00,CE,NIFTY25DEC24850CE,0.00,0.00,0.00,839.90,839.90,839.90,25181.80,977.40,1125,0,0,0.00,0,F1,75,,,,,
2025-10-09,2025-10-09,FO,NSE,IDO,65213,,NIFTY,,2025-12-30,2025-12-30,23700.00,CE,NIFTY25DEC23700CE,0.00,0.00,0.00,1534.20,0.00,1534.20,25181.80,1864.10,0,0,0,0.00,0,F1,75,,,,,
2025-10-09,2025-10-09,FO,NSE,IDO,58622,,NIFTY,,2025-12-30,2025-12-30,22000.00,CE,NIFTY25DEC22000CE,3420.00,3545.00,3420.00,3536.20,3542.05,3391.50,25181.80,3536.20,465725,-225,54,103385276.25,22,F1,75,,,,,
2025-10-09,2025-10-09,FO,NSE,IDO,39987,,NIFTY,,2025-12-30,2025-12-30,19000.00,CE,NIFTY25DEC19000CE,0.00,0.00,0.00,6315.00,6315.00,6315.00,25181.80,6425.65,11225,0,0,0.00,0,F1,75,,,,,
2025-10-09,2025-10-09,FO,NSE,IDO,53222,,NIFTY,,2025-11-25,2025-11-25,26700.00,CE,NIFTY25NOV26700CE,24.60,29.40,22.50,27.80,27.20,21.75,25181.80,27.80,87600,-4125,2201,4411968506.25,1566,F1,75,,,,,
2025-10-09,2025-10-09,FO,NSE,IDO,53184,,NIFTY,,2025-11-25,2025-11-25,26400.00,CE,NIFTY25NOV26400CE,0.00,0.00,0.00,255.15,0.00,255.15,25181.80,123.00,0,0,0,0.00,0,F1,75,,,,,
2025-10-09,2025-10-09,FO,NSE,IDO,52829,,NIFTY,,2025-11-25,2025-11-25,25300.00,CE,NIFTY25NOV25300CE,349.95,418.25,337.10,407.65,409.15,334.10,25181.80,407.65,154500,5925,2286,4404453498.75,1820,F1,75,,,,,
2025-10-09,2025-10-09,FO,NSE,IDO,52610,,NIFTY,,2025-11-25,2025-11-25,23650.00,CE,NIFTY25NOV23650CE,0.00,0.00,0.00,1310.00,1310.00,1310.00,25181.80,1735.80,75,0,0,0.00,0,F1,75,,,,,
2025-10-09,2025-10-09,FO,NSE,IDO,52528,,NIFTY,,2025-11-25,2025-11-25,23150.00,CE,NIFTY25NOV23150CE,0.00,0.00,0.00,1875.45,0.00,1875.45,25181.80,2211.65,0,0,0,0.00,0,F1,75,,,,,
2025-10-09,2025-10-09,FO,NSE,IDO,52473,,NIFTY,,2025-11-25,2025-11-25,23000.00,CE,NIFTY25NOV23000CE,2245.00,2395.00,2245.00,2388.15,2388.40,2254.45,25181.80,2388.15,27525,13800,191,363426862.50,98,F1,75,,,,,
2025-10-09,2025-10-09,FO,NSE,IDO,52467,,NIFTY,,2025-11-25,2025-11-25,22900.00,CE,NIFTY25NOV22900CE,0.00,0.00,0.00,2079.05,0.00,2079.05,25181.80,2455.35,0,0,0,0.00,0,F1,75,,,,,
2025-10-09,2025-10-09,FO,NSE,IDO,40151,,NIFTY,,2025-11-11,2025-11-11,26200.00,CE,NIFTY25N1126200CE,0.00,0.00,0.00,149.80,0.00,149.80,25181.80,97.75,0,0,0,0.00,0,F1,75,,,,,
2025-10-09,2025-10-09,FO,NSE,IDO,40109,,NIFTY,,2025-11-11,2025-11-11,25550.00,CE,NIFTY25N1125550CE,0.00,0.00,0.00,341.80,0.00,341.80,25181.80,278.70,0,0,0,0.00,0,F1,75,,,,,
2025-10-09,2025-10-09,FO,NSE,IDO,40093,,NIFTY,,2025-11-11,2025-11-11,25450.00,CE,NIFTY25N1125450CE,0.00,0.00,0.00,382.50,0.00,382.50,25181.80,320.10,0,0,0,0.00,0,F1,75,,,,,
2025-10-09,2025-10-09,FO,NSE,IDO,40083,,NIFTY,,2025-11-11,2025-11-11,25350.00,CE,NIFTY25N1125350CE,254.25,275.60,254.25,260.00,260.00,426.50,25181.80,260.00,1050,1050,36,69156540.00,24,F1,75,,,,,
2025-10-09,2025-10-09,FO,NSE,IDO,40080,,NIFTY,,2025-11-11,2025-11-11,25300.00,CE,NIFTY25N1125300CE,261.45,303.40,237.50,300.00,300.00,449.75,25181.80,300.00,1275,1275,59,113177966.25,53,F1,75,,,,,
2025-10-09,2025-10-09,FO,NSE,IDO,40069,,NIFTY,,2025-11-11,2025-11-11,25200.00,CE,NIFTY25N1125200CE,315.00,365.00,283.60,353.15,357.75,275.05,25181.80,353.15,3975,1575,83,158886427.50,68,F1,75,,,,,
2025-10-09,2025-10-09,FO,NSE,IDO,39976,,NIFTY,,2025-11-11,2025-11-11,24500.00,CE,NIFTY25N1124500CE,0.00,0.00,0.00,934.25,0.00,934.25,25181.80,911.75,0,0,0,0.00,0,F1,75,,,,,
2025-10-09,2025-10-09,FO,NSE,IDO,39961,,NIFTY,,2025-11-11,2025-11-11,24200.00,CE,NIFTY25N1124200CE,0.00,0.00,0.00,1164.20,0.00,1164.20,25181.80,1162.35,0,0,0,0.00,0,F1,75,,,,,
2025-10-09,2025-10-09,FO,NSE,IDO,39950,,NIFTY,,2025-11-11,2025-11-11,24000.00,CE,NIFTY25N1124000CE,0.00,0.00,0.00,1330.05,0.00,1330.05,25181.80,1340.85,0,0,0,0.00,0,F1,75,,,,,
2025-10-09,2025-10-09,FO,NSE,IDO,39925,,NIFTY,,2025-11-11,2025-11-11,23700.00,CE,NIFTY25N1123700CE,0.00,0.00,0.00,1593.35,0.00,1593.35,25181.80,1620.65,0,0,0,0.00,0,F1,75,,,,,
2025-10-09,2025-10-09,FO,NSE,IDO,39919,,NIFTY,,2025-11-11,2025-11-11,23550.00,CE,NIFTY25N1123550CE,0.00,0.00,0.00,1730.30,0.00,1730.30,25181.80,1764.35,0,0,0,0.00,0,F1,75,,,,,
2025-10-09,2025-10-09,FO,NSE,IDO,47770,,NIFTY,,2025-11-04,2025-11-04,26850.00,CE,NIFTY25N0426850CE,0.00,0.00,0.00,6.50,6.50,6.50,25181.80,13.45,75,0,0,0.00,0,F1,75,,,,,
2025-10-09,2025-10-09,FO,NSE,IDO,47587,,NIFTY,,2025-11-04,2025-11-04,24900.00,CE,NIFTY25N0424900CE,434.80,527.25,422.40,521.85,517.15,419.85,25181.80,521.85,3600,2250,51,97194093.75,39,F1,75,,,,,
2025-10-09,2025-10-09,FO,NSE,IDO,47547,,NIFTY,,2025-11-04,2025-11-04,24600.00,CE,NIFTY25N0424600CE,664.80,678.20,653.45,675.00,675.00,668.85,25181.80,781.55,225,-75,11,20844011.25,11,F1,75,,,,,
2025-10-09,2025-10-09,FO,NSE,IDO,47438,,NIFTY,,2025-11-04,2025-11-04,23800.00,CE,NIFTY25N0423800CE,0.00,0.00,0.00,1606.55,0.00,1606.55,25181.80,1491.30,0,0,0,0.00,0,F1,75,,,,,
2025-10-09,2025-10-09,FO,NSE,IDO,47401,,NIFTY,,2025-11-04,2025-11-04,23300.00,CE,NIFTY25N0423300CE,0.00,0.00,0.00,2061.00,0.00,2061.00,25181.80,1979.15,0,0,0,0.00,0,F1,75,,,,,
2025-10-09,2025-10-09,FO,NSE,IDO,47390,,NIFTY,,2025-11-04,2025-11-04,23200.00,CE,NIFTY25N0423200CE,0.00,0.00,0.00,2155.20,0.00,2155.20,25181.80,2078.05,0,0,0,0.00,0,F1,75,,,,,
2025-10-09,2025-10-09,FO,NSE,IDO,59004,,NIFTY,,2025-10-28,2025-10-28,26000.00,CE,NIFTY25OCT26000CE,15.80,21.65,15.35,18.75,18.10,15.45,25181.80,18.75,5415300,40800,56656,110558238153.75,28037,F1,75,,,,,
2025-10-09,2025-10-09,FO,NSE,IDO,58998,,NIFTY,,2025-10-28,2025-10-28,25950.00,CE,NIFTY25OCT25950CE,18.00,24.70,16.45,21.45,20.95,17.10,25181.80,21.45,238950,27975,3321,6468822236.25,2299,F1,75,,,,,
2025-10-09,2025-10-09,FO,NSE,IDO,58960,,NIFTY,,2025-10-28,2025-10-28,25750.00,CE,NIFTY25OCT25750CE,33.40,48.25,30.15,42.25,42.25,29.75,25181.80,42.25,229125,28725,4623,8941512397.50,2775,F1,75,,,,,
2025-10-09,2025-10-09,FO,NSE,IDO,58780,,NIFTY,,2025-10-28,2025-10-28,24300.00,CE,NIFTY25OCT24300CE,877.95,1010.15,867.05,992.10,992.00,848.25,25181.80,992.10,47250,375,85,161058757.50,68,F1,75,,,,,
2025-10-09,2025-10-09,FO,NSE,IDO,58724,,NIFTY,,2025-10-28,2025-10-28,23050.00,CE,NIFTY25OCT23050CE,0.00,0.00,0.00,1700.30,1700.30,1700.30,25181.80,2200.85,75,0,0,0.00,0,F1,75,,,,,
2025-10-09,2025-10-09,FO,NSE,IDO,45334,,NIFTY,,2025-10-20,2025-10-20,27050.00,CE,NIFTY25O2027050CE,1.30,1.30,0.95,1.10,1.10,1.20,25181.80,0.10,4500,75,8,16230645.00,6,F1,75,,,,,
2025-10-09,2025-10-09,FO,NSE,IDO,45312,,NIFTY,,2025-10-20,2025-10-20,26500.00,CE,NIFTY25O2026500CE,1.80,1.95,1.25,1.30,1.25,1.75,25181.80,1.30,857475,458925,20542,40829491383.75,4780,F1,75,,,,,
2025-10-09,2025-10-09,FO,NSE,IDO,45248,,NIFTY,,2025-10-20,2025-10-20,25000.00,CE,NIFTY25O2025000CE,210.00,323.25,210.00,307.10,308.10,205.75,25181.80,307.10,434475,-47100,28218,53475191943.75,18878,F1,75,,,,,
2025-10-09,2025-10-09,FO,NSE,IDO,45234,,NIFTY,,2025-10-20,2025-10-20,24700.00,CE,NIFTY25O2024700CE,461.05,585.00,440.65,565.45,564.35,431.25,25181.80,565.45,52425,-10800,1441,2726358281.25,963,F1,75,,,,,
2025-10-09,2025-10-09,FO,NSE,IDO,45218,,NIFTY,,2025-10-20,2025-10-20,24400.00,CE,NIFTY25O2024400CE,830.00,853.00,809.60,849.60,853.00,703.15,25181.80,849.60,24525,600,25,47328270.00,18,F1,75,,,,,
2025-10-09,2025-10-09,FO,NSE,IDO,45202,,NIFTY,,2025-10-20,2025-10-20,24000.00,CE,NIFTY25O2024000CE,1130.05,1253.15,1105.00,1243.10,1246.00,1091.85,25181.80,1243.10,9525,6600,118,223019760.00,91,F1,75,,,,,
2025-10-09,2025-10-09,FO,NSE,IDO,45198,,NIFTY,,2025-10-20,2025-10-20,23900.00,CE,NIFTY25O2023900CE,0.00,0.00,0.00,1192.95,1199.00,1192.95,25181.80,1324.45,975,0,0,0.00,0,F1,75,,,,,
2025-10-09,2025-10-09,FO,NSE,IDO,45189,,NIFTY,,2025-10-20,2025-10-20,23750.00,CE,NIFTY25O2023750CE,0.00,0.00,0.00,1212.60,1212.60,1212.60,25181.80,1473.45,75,0,0,0.00,0,F1,75,,,,,
2025-10-09,2025-10-09,FO,NSE,IDO,45178,,NIFTY,,2025-10-20,2025-10-20,23550.00,CE,NIFTY25O2023550CE,0.00,0.00,0.00,1850.30,0.00,1850.30,25181.80,1672.70,0,0,0,0.00,0,F1,75,,,,,
2025-10-09,2025-10-09,FO,NSE,IDO,45174,,NIFTY,,2025-10-20,2025-10-20,23450.00,CE,NIFTY25O2023450CE,0.00,0.00,0.00,1944.30,0.00,1944.30,25181.80,1772.45,0,0,0,0.00,0,F1,75,,,,,
2025-10-09,2025-10-09,FO,NSE,IDO,45162,,NIFTY,,2025-10-20,2025-10-20,23250.00,CE,NIFTY25O2023250CE,0.00,0.00,0.00,2134.95,0.00,2134.95,25181.80,1972.05,0,0,0,0.00,0,F1,75,,,,,
2025-10-09,2025-10-09,FO,NSE,IDO,42741,,NIFTY,,2025-10-14,2025-10-14,26150.00,CE,NIFTY25O1426150CE,1.55,1.60,0.85,0.95,0.95,1.55,25181.80,0.95,1133250,-35925,107184,210223821195.00,18610,F1,75,,,,,
2025-10-09,2025-10-09,FO,NSE,IDO,42713,,NIFTY,,2025-10-14,2025-10-14,25600.00,CE,NIFTY25O1425600CE,4.00,9.20,4.00,4.65,4.25,5.70,25181.80,4.65,7312050,1234275,842065,1617133648102.50,201324,F1,75,,,,,
2025-10-09,2025-10-09,FO,NSE,IDO,42703,,NIFTY,,2025-10-14,2025-10-14,25400.00,CE,NIFTY25O1425400CE,15.50,31.35,12.90,21.55,21.75,15.10,25181.80,21.55,8773725,1662450,1933085,3685596378952.50,623311,F1,75,,,,,
2025-10-09,2025-10-09,FO,NSE,IDO,42647,,NIFTY,,2025-10-14,2025-10-14,24550.00,CE,NIFTY25O1424550CE,557.00,678.05,520.45,665.65,667.60,515.95,25181.80,665.65,19950,1500,816,1537546511.25,529,F1,75,,,,,
2025-10-09,2025-10-09,FO,NSE,IDO,42631,,NIFTY,,2025-10-14,2025-10-14,24350.00,CE,NIFTY25O1424350CE,732.70,868.65,732.70,863.20,863.55,715.15,25181.80,863.20,19125,825,63,118933365.00,50,F1,75,,,,,
2025-10-09,2025-10-09,FO,NSE,IDO,42609,,NIFTY,,2025-10-14,2025-10-14,24000.00,CE,NIFTY25O1424000CE,1088.00,1223.65,1065.00,1207.90,1211.35,1064.85,25181.80,1207.90,141600,-21675,880,1660351301.25,647,F1,75,,,,,
2025-10-09,2025-10-09,FO,NSE,IDO,42577,,NIFTY,,2025-10-14,2025-10-14,23400.00,CE,NIFTY25O1423400CE,1740.00,1810.00,1740.00,1810.00,1810.00,1740.00,25181.80,1810.00,675,0,2,3776250.00,2,F1,75,,,,,
2025-10-09,2025-10-09,FO,NSE,IDO,47413,,NIFTY,,2025-11-04,2025-11-04,23450.00,CE,NIFTY25N0423450CE,0.00,0.00,0.00,1921.55,0.00,1921.55,25181.80,1831.40,0,0,0,0.00,0,F1,75,,,,,
2025-10-09,2025-10-09,FO,NSE,IDO,59113,,NIFTY,,2025-10-28,2025-10-28,27050.00,CE,NIFTY25OCT27050CE,0.00,0.00,0.00,2.05,2.05,2.05,25181.80,2.25,5550,0,0,0.00,0,F1,75,,,,,
2025-10-09,2025-10-09,FO,NSE,IDO,59103,,NIFTY,,2025-10-28,2025-10-28,26800.00,CE,NIFTY25OCT26800CE,4.10,4.10,2.95,3.20,3.30,4.00,25181.80,3.20,450150,6825,3337,6708224640.00,1459,F1,75,,,,,
2025-10-09,2025-10-09,FO,NSE,IDO,59046,,NIFTY,,2025-10-28,2025-10-28,26450.00,CE,NIFTY25OCT26450CE,5.55,6.45,5.40,5.80,6.05,6.20,25181.80,5.80,13425,-525,197,390887182.50,121,F1,75,,,,,
2025-10-09,2025-10-09,FO,NSE,IDO,59033,,NIFTY,,2025-10-28,2025-10-28,26200.00,CE,NIFTY25OCT26200CE,12.50,12.50,8.90,9.90,10.00,9.65,25181.80,9.90,769050,44475,13196,25940315741.25,7808,F1,75,,,,,
2025-10-09,2025-10-09,FO,NSE,IDO,58786,,NIFTY,,2025-10-28,2025-10-28,24450.00,CE,NIFTY25OCT24450CE,779.35,837.40,777.60,837.40,837.40,712.10,25181.80,852.00,12525,0,6,11357081.25,6,F1,75,,,,,
2025-10-09,2025-10-09,FO,NSE,IDO,58768,,NIFTY,,2025-10-28,2025-10-28,24000.00,CE,NIFTY25OCT24000CE,1160.20,1301.10,1143.25,1287.00,1290.60,1133.55,25181.80,1287.00,614325,10650,1604,3038212890.00,1009,F1,75,,,,,
2025-10-09,2025-10-09,FO,NSE,IDO,42649,,NIFTY,,2025-10-14,2025-10-14,24600.00,CE,NIFTY25O1424600CE,500.00,628.00,471.25,616.15,614.45,469.40,25181.80,616.15,154200,-17025,3436,6481158341.25,2388,F1,75,,,,,
2025-10-09,2025-10-09,FO,NSE,IDO,42735,,NIFTY,,2025-10-14,2025-10-14,26050.00,CE,NIFTY25O1426050CE,1.90,2.00,1.00,1.10,1.05,1.90,25181.80,1.10,1467375,463875,159980,312578938785.00,30192,F1,75,,,,,
2025-10-09,2025-10-09,FO,NSE,IDO,42769,,NIFTY,,2025-10-14,2025-10-14,26700.00,CE,NIFTY25O1426700CE,1.00,1.45,0.60,0.65,0.60,1.10,25181.80,0.65,275775,-53700,17066,34175739881.25,2709,F1,75,,,,,
2025-10-09,2025-10-09,FO,NSE,IDO,45140,,NIFTY,,2025-10-20,2025-10-20,22950.00,CE,NIFTY25O2022950CE,0.00,0.00,0.00,2425.75,0.00,2425.75,25181.80,2271.55,0,0,0,0.00,0,F1,75,,,,,
2025-10-09,2025-10-09,FO,NSE,IDO,45206,,NIFTY,,2025-10-20,2025-10-20,24100.00,CE,NIFTY25O2024100CE,1059.95,1147.95,1059.95,1147.10,1147.10,988.50,25181.80,1147.10,750,-450,7,13229422.50,7,F1,75,,,,,
2025-10-09,2025-10-09,FO,NSE,IDO,45210,,NIFTY,,2025-10-20,2025-10-20,24200.00,CE,NIFTY25O2024200CE,1043.00,1053.00,1042.00,1046.75,1053.00,892.15,25181.80,1046.75,1200,375,19,35976600.00,11,F1,75,,,,,
2025-10-09,2025-10-09,FO,NSE,IDO,45258,,NIFTY,,2025-10-20,2025-10-20,25250.00,CE,NIFTY25O2025250CE,99.50,156.35,89.55,142.50,144.50,88.00,25181.80,142.50,242850,-11100,27580,52490547048.75,19091,F1,75,,,,,
2025-10-09,2025-10-09,FO,NSE,IDO,45268,,NIFTY,,2025-10-20,2025-10-20,25500.00,CE,NIFTY25O2025500CE,34.05,58.45,31.90,50.55,51.90,31.85,25181.80,50.55,1097625,209325,108035,206997695276.25,55848,F1,75,,,,,
2025-10-09,2025-10-09,FO,NSE,IDO,45278,,NIFTY,,2025-10-20,2025-10-20,25700.00,CE,NIFTY25O2025700CE,14.50,23.60,13.95,19.15,19.20,14.20,25181.80,19.15,549900,169875,30789,59389908768.75,18206,F1,75,,,,,
2025-10-09,2025-10-09,FO,NSE,IDO,45314,,NIFTY,,2025-10-20,2025-10-20,26550.00,CE,NIFTY25O2026550CE,1.55,1.55,1.10,1.10,1.10,1.75,25181.80,1.10,7350,675,22,43809776.25,3,F1,75,,,,,
2025-10-09,2025-10-09,FO,NSE,IDO,45332,,NIFTY,,2025-10-20,2025-10-20,27000.00,CE,NIFTY25O2027000CE,1.40,1.45,1.00,1.05,1.05,1.40,25181.80,1.05,57525,9750,858,1737520155.00,209,F1,75,,,,,
2025-10-09,2025-10-09,FO,NSE,IDO,58750,,NIFTY,,2025-10-28,2025-10-28,23600.00,CE,NIFTY25OCT23600CE,1654.20,1654.20,1654.20,1654.20,1654.20,1549.15,25181.80,1654.60,6675,0,1,1894065.00,1,F1,75,,,,,
2025-10-09,2025-10-09,FO,NSE,IDO,58760,,NIFTY,,2025-10-28,2025-10-28,23800.00,CE,NIFTY25OCT23800CE,1480.00,1480.00,1480.00,1480.00,1480.00,1335.40,25181.80,1458.15,23700,-225,3,5688000.00,1,F1,75,,,,,
2025-10-09,2025-10-09,FO,NSE,IDO,58764,,NIFTY,,2025-10-28,2025-10-28,23900.00,CE,NIFTY25OCT23900CE,1342.60,1342.60,1342.60,1342.60,1342.60,1238.00,25181.80,1360.90,4425,0,1,1893195.00,1,F1,75,,,,,
2025-10-09,2025-10-09,FO,NSE,IDO,47288,,NIFTY,,2025-11-04,2025-11-04,22900.00,CE,NIFTY25N0422900CE,0.00,0.00,0.00,2442.15,0.00,2442.15,25181.80,2375.80,0,0,0,0.00,0,F1,75,,,,,
2025-10-09,2025-10-09,FO,NSE,IDO,60909,,NIFTY,,2030-06-25,2030-06-25,26000.00,PE,NIFTY30JUN26000PE,0.00,0.00,0.00,1065.50,0.00,1065.50,25181.80,652.25,0,0,0,0.00,0,F1,75,,,,,
2025-10-09,2025-10-09,FO,NSE,IDO,61915,,NIFTY,,2029-12-24,2029-12-24,29000.00,PE,NIFTY29DEC29000PE,0.00,0.00,0.00,1669.20,0.00,1669.20,25181.80,1457.70,0,0,0,0.00,0,F1,75,,,,,
2025-10-09,2025-10-09,FO,NSE,IDO,61795,,NIFTY,,2029-12-24,2029-12-24,27000.00,PE,NIFTY29DEC27000PE,0.00,0.00,0.00,1177.90,0.00,1177.90,25181.80,911.95,0,0,0,0.00,0,F1,75,,,,,
2025-10-09,2025-10-09,FO,NSE,IDO,61779,,NIFTY,,2029-12-24,2029-12-24,26000.00,PE,NIFTY29DEC26000PE,0.00,0.00,0.00,1499.95,1499.95,1499.95,25181.80,697.55,150,0,0,0.00,0,F1,75,,,,,
2025-10-09,2025-10-09,FO,NSE,IDO,61747,,NIFTY,,2029-12-24,2029-12-24,23000.00,PE,NIFTY29DEC23000PE,0.00,0.00,0.00,670.00,670.00,670.00,25181.80,263.50,2550,0,0,0.00,0,F1,75,,,,,
2025-10-09,2025-10-09,FO,NSE,IDO,89645,,NIFTY,,2029-06-26,2029-06-26,31000.00,PE,NIFTY29JUN31000PE,0.00,0.00,0.00,2338.75,0.00,2338.75,25181.80,2372.80,0,0,0,0.00,0,F1,75,,,,,
2025-10-09,2025-10-09,FO,NSE,IDO,89625,,NIFTY,,2029-06-26,2029-06-26,21000.00,PE,NIFTY29JUN21000PE,0.00,0.00,0.00,320.25,0.00,320.25,25181.80,112.60,0,0,0,0.00,0,F1,75,,,,,
2025-10-09,2025-10-09,FO,NSE,IDO,67789,,NIFTY,,2028-12-26,2028-12-26,27000.00,PE,NIFTY28DEC27000PE,0.00,0.00,0.00,1413.85,0.00,1413.85,25181.80,1056.30,0,0,0,0.00,0,F1,75,,,,,
2025-10-09,2025-10-09,FO,NSE,IDO,86166,,NIFTY,,2028-06-27,2028-06-27,28000.00,PE,NIFTY28JUN28000PE,0.00,0.00,0.00,3161.35,0.00,3161.35,25181.80,1488.75,0,0,0,0.00,0,F1,75,,,,,
2025-10-09,2025-10-09,FO,NSE,IDO,86148,,NIFTY,,2028-06-27,2028-06-27,22000.00,PE,NIFTY28JUN22000PE,0.00,0.00,0.00,470.05,470.05,470.05,25181.80,169.10,325,0,0,0.00,0,F1,75,,,,,
2025-10-09,2025-10-09,FO,NSE,IDO,53625,,NIFTY,,2027-12-28,2027-12-28,24000.00,PE,NIFTY27DEC24000PE,0.00,0.00,0.00,800.00,800.00,800.00,25181.80,413.85,3750,0,0,0.00,0,F1,75,,,,,
2025-10-09,2025-10-09,FO,NSE,IDO,53615,,NIFTY,,2027-12-28,2027-12-28,21000.00,PE,NIFTY27DEC21000PE,0.00,0.00,0.00,340.00,340.00,340.00,25181.80,86.85,1025,0,0,0.00,0,F1,75,,,,,
2025-10-09,2025-10-09,FO,NSE,IDO,71563,,NIFTY,,2027-06-29,2027-06-29,25000.00,PE,NIFTY27JUN25000PE,0.00,0.00,0.00,5619.05,0.00,5619.05,25181.80,629.05,0,0,0,0.00,0,F1,75,,,,,
2025-10-09,2025-10-09,FO,NSE,IDO,65903,,NIFTY,,2026-09-29,2026-09-29,25000.00,PE,NIFTY26SEP25000PE,0.00,0.00,0.00,980.25,0.00,980.25,25181.80,599.00,0,0,0,0.00,0,F1,75,,,,,
2025-10-09,2025-10-09,FO,NSE,IDO,65554,,NIFTY,,2025-12-30,2025-12-30,25550.00,PE,NIFTY25DEC25550PE,480.00,491.75,468.65,470.85,468.65,485.00,25181.80,470.85,3450,600,19,37094745.00,11,F1,75,,,,,
2025-10-09,2025-10-09,FO,NSE,IDO,65552,,NIFTY,,2025-12-30,2025-12-30,25500.00,PE,NIFTY25DEC25500PE,515.05,527.45,448.30,450.95,450.35,525.20,25181.80,450.95,139800,21300,1698,3307574925.00,1180,F1,75,,,,,
2025-10-09,2025-10-09,FO,NSE,IDO,65317,,NIFTY,,2025-12-30,2025-12-30,24700.00,PE,NIFTY25DEC24700PE,220.25,236.40,199.95,200.65,200.00,239.40,25181.80,200.65,23775,4200,218,407210947.50,161,F1,75,,,,,
2025-10-09,2025-10-09,FO,NSE,IDO,65263,,NIFTY,,2025-12-30,2025-12-30,24400.00,PE,NIFTY25DEC24400PE,164.35,173.65,145.00,145.70,145.20,175.55,25181.80,145.70,64950,24675,683,1257704595.00,395,F1,75,,,,,
2025-10-09,2025-10-09,FO,NSE,IDO,65251,,NIFTY,,2025-12-30,2025-12-30,24300.00,PE,NIFTY25DEC24300PE,147.25,156.95,130.50,132.15,130.50,156.65,25181.80,132.15,57825,14175,379,694740630.00,238,F1,75,,,,,
2025-10-09,2025-10-09,FO,NSE,IDO,52910,,NIFTY,,2025-11-25,2025-11-25,25950.00,PE,NIFTY25NOV25950PE,0.00,0.00,0.00,1069.90,1069.90,1069.90,25181.80,807.15,450,0,0,0.00,0,F1,75,,,,,
2025-10-09,2025-10-09,FO,NSE,IDO,52812,,NIFTY,,2025-11-25,2025-11-25,25200.00,PE,NIFTY25NOV25200PE,330.80,334.00,260.00,262.50,260.00,335.80,25181.80,262.50,298200,83175,3600,6878962991.25,2453,F1,75,,,,,
2025-10-09,2025-10-09,FO,NSE,IDO,40185,,NIFTY,,2025-11-11,2025-11-11,26700.00,PE,NIFTY25N1126700PE,0.00,0.00,0.00,1506.80,0.00,1506.80,25181.80,1416.10,0,0,0,0.00,0,F1,75,,,,,
2025-10-09,2025-10-09,FO,NSE,IDO,40152,,NIFTY,,2025-11-11,2025-11-11,26200.00,PE,NIFTY25N1126200PE,0.00,0.00,0.00,1088.70,0.00,1088.70,25181.80,980.10,0,0,0,0.00,0,F1,75,,,,,
2025-10-09,2025-10-09,FO,NSE,IDO,40150,,NIFTY,,2025-11-11,2025-11-11,26150.00,PE,NIFTY25N1126150PE,0.00,0.00,0.00,1049.75,0.00,1049.75,25181.80,939.55,0,0,0,0.00,0,F1,75,,,,,
2025-10-09,2025-10-09,FO,NSE,IDO,40085,,NIFTY,,2025-11-11,2025-11-11,25350.00,PE,NIFTY25N1125350PE,0.00,0.00,0.00,520.35,0.00,520.35,25181.80,402.30,0,0,0,0.00,0,F1,75,,,,,
2025-10-09,2025-10-09,FO,NSE,IDO,39979,,NIFTY,,2025-11-11,2025-11-11,24500.00,PE,NIFTY25N1124500PE,0.00,0.00,0.00,183.10,0.00,183.10,25181.80,102.95,0,0,0,0.00,0,F1,75,,,,,
2025-10-09,2025-10-09,FO,NSE,IDO,39945,,NIFTY,,2025-11-11,2025-11-11,23850.00,PE,NIFTY25N1123850PE,0.00,0.00,0.00,62.35,0.00,62.35,25181.80,23.80,0,0,0,0.00,0,F1,75,,,,,
2025-10-09,2025-10-09,FO,NSE,IDO,39913,,NIFTY,,2025-11-11,2025-11-11,23400.00,PE,NIFTY25N1123400PE,0.00,0.00,0.00,25.20,0.00,25.20,25181.80,6.70,0,0,0,0.00,0,F1,75,,,,,
2025-10-09,2025-10-09,FO,NSE,IDO,47775,,NIFTY,,2025-11-04,2025-11-04,26850.00,PE,NIFTY25N0426850PE,0.00,0.00,0.00,1584.25,0.00,1584.25,25181.80,1571.90,0,0,0,0.00,0,F1,75,,,,,
2025-10-09,2025-10-09,FO,NSE,IDO,47743,,NIFTY,,2025-11-04,2025-11-04,26600.00,PE,NIFTY25N0426600PE,0.00,0.00,0.00,1373.00,0.00,1373.00,25181.80,1335.30,0,0,0,0.00,0,F1,75,,,,,
2025-10-09,2025-10-09,FO,NSE,IDO,47629,,NIFTY,,2025-11-04,2025-11-04,25200.00,PE,NIFTY25N0425200PE,270.55,272.00,193.00,197.10,196.00,271.60,25181.80,197.10,15525,1875,332,632885561.25,289,F1,75,,,,,
2025-10-09,2025-10-09,FO,NSE,IDO,47583,,NIFTY,,2025-11-04,2025-11-04,24800.00,PE,NIFTY25N0424800PE,132.65,132.75,87.40,88.85,87.40,128.65,25181.80,88.85,15450,2400,259,483692606.25,214,F1,75,,,,,
2025-10-09,2025-10-09,FO,NSE,IDO,47417,,NIFTY,,2025-11-04,2025-11-04,23450.00,PE,NIFTY25N0423450PE,0.00,0.00,0.00,75.50,75.50,75.50,25181.80,3.75,75,0,0,0.00,0,F1,75,,,,,
2025-10-09,2025-10-09,FO,NSE,IDO,47346,,NIFTY,,2025-11-04,2025-11-04,22950.00,PE,NIFTY25N0422950PE,0.00,0.00,0.00,13.65,0.00,13.65,25181.80,0.50,0,0,0,0.00,0,F1,75,,,,,
2025-10-09,2025-10-09,FO,NSE,IDO,59047,,NIFTY,,2025-10-28,2025-10-28,26450.00,PE,NIFTY25OCT26450PE,1165.30,1165.30,1165.30,1165.30,1165.30,1333.45,25181.80,1165.30,1500,75,1,2071147.50,1,F1,75,,,,,
2025-10-09,2025-10-09,FO,NSE,IDO,58930,,NIFTY,,2025-10-28,2025-10-28,25300.00,PE,NIFTY25OCT25300PE,282.50,300.00,205.00,209.20,206.65,305.65,25181.80,209.20,650625,17700,22003,42135565106.25,15168,F1,75,,,,,
2025-10-09,2025-10-09,FO,NSE,IDO,58928,,NIFTY,,2025-10-28,2025-10-28,25250.00,PE,NIFTY25OCT25250PE,252.95,270.00,182.25,186.85,182.50,274.10,25181.80,186.85,276000,68925,8693,16597010872.50,5333,F1,75,,,,,
2025-10-09,2025-10-09,FO,NSE,IDO,58920,,NIFTY,,2025-10-28,2025-10-28,25050.00,PE,NIFTY25OCT25050PE,162.05,176.50,112.80,115.60,112.80,176.90,25181.80,115.60,386400,184575,13101,24747185156.25,8987,F1,75,,,,,
2025-10-09,2025-10-09,FO,NSE,IDO,58908,,NIFTY,,2025-10-28,2025-10-28,24950.00,PE,NIFTY25OCT24950PE,126.00,140.45,87.45,89.35,87.55,140.45,25181.80,89.35,253200,44475,6386,11999680751.25,4298,F1,75,,,,,
2025-10-09,2025-10-09,FO,NSE,IDO,58900,,NIFTY,,2025-10-28,2025-10-28,24850.00,PE,NIFTY25OCT24850PE,99.20,111.05,68.00,69.60,68.00,110.95,25181.80,69.60,160575,7875,3884,7262671563.75,2804,F1,75,,,,,
2025-10-09,2025-10-09,FO,NSE,IDO,58761,,NIFTY,,2025-10-28,2025-10-28,23800.00,PE,NIFTY25OCT23800PE,13.30,13.90,9.25,10.20,9.95,13.75,25181.80,10.20,568125,-2250,6483,11577691185.00,3225,F1,75,,,,,
2025-10-09,2025-10-09,FO,NSE,IDO,58755,,NIFTY,,2025-10-28,2025-10-28,23650.00,PE,NIFTY25OCT23650PE,12.75,12.75,8.25,8.95,8.25,11.60,25181.80,8.95,24675,3000,312,553650165.00,176,F1,75,,,,,
2025-10-09,2025-10-09,FO,NSE,IDO,58737,,NIFTY,,2025-10-28,2025-10-28,23250.00,PE,NIFTY25OCT23250PE,8.95,8.95,5.85,6.10,6.00,7.85,25181.80,6.10,9000,300,108,188381805.00,63,F1,75,,,,,
2025-10-09,2025-10-09,FO,NSE,IDO,45315,,NIFTY,,2025-10-20,2025-10-20,26550.00,PE,NIFTY25O2026550PE,0.00,0.00,0.00,1451.55,1451.35,1451.55,25181.80,1324.20,225,0,0,0.00,0,F1,75,,,,,
2025-10-09,2025-10-09,FO,NSE,IDO,45289,,NIFTY,,2025-10-20,2025-10-20,25950.00,PE,NIFTY25O2025950PE,753.15,753.15,721.85,721.85,721.85,857.90,25181.80,749.70,825,0,8,16014911.25,4,F1,75,,,,,
2025-10-09,2025-10-09,FO,NSE,IDO,45245,,NIFTY,,2025-10-20,2025-10-20,24900.00,PE,NIFTY25O2024900PE,74.10,84.25,41.25,43.30,42.40,84.00,25181.80,43.30,639975,215550,40753,76277701485.00,27448,F1,75,,,,,
2025-10-09,2025-10-09,FO,NSE,IDO,45233,,NIFTY,,2025-10-20,2025-10-20,24650.00,PE,NIFTY25O2024650PE,32.05,37.55,17.75,18.95,17.90,37.15,25181.80,18.95,151575,34725,13210,24445207552.50,7436,F1,75,,,,,
2025-10-09,2025-10-09,FO,NSE,IDO,45199,,NIFTY,,2025-10-20,2025-10-20,23900.00,PE,NIFTY25O2023900PE,6.45,6.65,3.80,4.40,3.80,6.50,25181.80,4.40,98550,27825,3239,5807220678.75,1954,F1,75,,,,,
2025-10-09,2025-10-09,FO,NSE,IDO,45195,,NIFTY,,2025-10-20,2025-10-20,23850.00,PE,NIFTY25O2023850PE,5.50,5.60,3.90,4.20,3.95,6.45,25181.80,4.20,6975,4125,215,384659568.75,76,F1,75,,,,,
2025-10-09,2025-10-09,FO,NSE,IDO,45141,,NIFTY,,2025-10-20,2025-10-20,22950.00,PE,NIFTY25O2022950PE,2.50,2.50,1.80,2.10,1.80,2.60,25181.80,2.10,16800,-75,16,27542782.50,11,F1,75,,,,,
2025-10-09,2025-10-09,FO,NSE,IDO,42720,,NIFTY,,2025-10-14,2025-10-14,25750.00,PE,NIFTY25O1425750PE,654.35,691.95,531.10,540.85,536.90,694.20,25181.80,540.85,14100,-1275,324,640219732.50,217,F1,75,,,,,
2025-10-09,2025-10-09,FO,NSE,IDO,42718,,NIFTY,,2025-10-14,2025-10-14,25700.00,PE,NIFTY25O1425700PE,610.25,640.60,480.45,489.70,487.90,644.25,25181.80,489.70,117375,24075,2095,4123409662.50,1315,F1,75,,,,,
2025-10-09,2025-10-09,FO,NSE,IDO,42620,,NIFTY,,2025-10-14,2025-10-14,24150.00,PE,NIFTY25O1424150PE,2.75,3.50,2.25,2.75,2.35,3.40,25181.80,2.75,822600,446325,184197,333667151542.50,34058,F1,75,,,,,
2025-10-09,2025-10-09,FO,NSE,IDO,42616,,NIFTY,,2025-10-14,2025-10-14,24100.00,PE,NIFTY25O1424100PE,2.85,3.40,2.10,2.55,2.10,3.25,25181.80,2.55,4143450,1746225,473246,855492705153.75,73325,F1,75,,,,,
2025-10-09,2025-10-09,FO,NSE,IDO,42612,,NIFTY,,2025-10-14,2025-10-14,24000.00,PE,NIFTY25O1424000PE,2.40,3.00,1.90,2.35,1.90,2.90,25181.80,2.35,9004950,1376625,544981,981069479366.25,91308,F1,75,,,,,
2025-10-09,2025-10-09,FO,NSE,IDO,60894,,NIFTY,,2030-06-25,2030-06-25,19000.00,CE,NIFTY30JUN19000CE,0.00,0.00,0.00,11740.50,0.00,11740.50,25181.80,10735.15,0,0,0,0.00,0,F1,75,,,,,
2025-10-09,2025-10-09,FO,NSE,IDO,61914,,NIFTY,,2029-12-24,2029-12-24,29000.00,CE,NIFTY29DEC29000CE,0.00,0.00,0.00,5305.80,0.00,5305.80,25181.80,3875.80,0,0,0,0.00,0,F1,75,,,,,
2025-10-09,2025-10-09,FO,NSE,IDO,89628,,NIFTY,,2029-06-26,2029-06-26,23000.00,CE,NIFTY29JUN23000CE,0.00,0.00,0.00,8636.00,0.00,8636.00,25181.80,6875.45,0,0,0,0.00,0,F1,75,,,,,
2025-10-09,2025-10-09,FO,NSE,IDO,67776,,NIFTY,,2028-12-26,2028-12-26,21000.00,CE,NIFTY28DEC21000CE,0.00,0.00,0.00,7512.50,0.00,7512.50,25181.80,7835.35,0,0,0,0.00,0,F1,75,,,,,
2025-10-09,2025-10-09,FO,NSE,IDO,35352,,NIFTY,,2028-06-27,2028-06-27,30000.00,CE,NIFTY28JUN30000CE,0.00,0.00,0.00,2278.45,0.00,2278.45,25181.80,1887.50,0,0,0,0.00,0,F1,75,,,,,
2025-10-09,2025-10-09,FO,NSE,IDO,35346,,NIFTY,,2027-12-28,2027-12-28,30000.00,CE,NIFTY27DEC30000CE,0.00,0.00,0.00,1877.70,0.00,1877.70,25181.80,1391.15,0,0,0,0.00,0,F1,75,,,,,
2025-10-09,2025-10-09,FO,NSE,IDO,53633,,NIFTY,,2027-12-28,2027-12-28,28000.00,CE,NIFTY27DEC28000CE,0.00,0.00,0.00,2639.20,0.00,2639.20,25181.80,2156.45,0,0,0,0.00,0,F1,75,,,,,
2025-10-09,2025-10-09,FO,NSE,IDO,50981,,NIFTY,,2027-06-29,2027-06-29,27000.00,CE,NIFTY27JUN27000CE,0.00,0.00,0.00,1932.50,0.00,1932.50,25181.80,2034.15,0,0,0,0.00,0,F1,75,,,,,
2025-10-09,2025-10-09,FO,NSE,IDO,71505,,NIFTY,,2026-12-29,2026-12-29,26000.00,CE,NIFTY26DEC26000CE,1980.00,2045.00,1950.00,2042.50,2045.00,1966.00,25181.80,2042.50,34050,825,24,50405130.00,23,F1,75,,,,,
2025-10-09,2025-10-09,FO,NSE,IDO,42133,,NIFTY,,2026-06-30,2026-06-30,31000.00,CE,NIFTY26JUN31000CE,0.00,0.00,0.00,507.80,0.00,507.80,25181.80,78.80,0,0,0,0.00,0,F1,75,,,,,
2025-10-09,2025-10-09,FO,NSE,IDO,35229,,NIFTY,,2026-06-30,2026-06-30,30000.00,CE,NIFTY26JUN30000CE,86.00,91.90,82.00,90.15,90.00,85.00,25181.80,90.15,15150,1800,46,103804503.75,37,F1,75,,,,,
2025-10-09,2025-10-09,FO,NSE,IDO,71474,,NIFTY,,2026-06-30,2026-06-30,25000.00,CE,NIFTY26JUN25000CE,1700.00,1787.20,1667.00,1777.90,1777.90,1661.70,25181.80,1777.90,19275,2700,84,168382642.50,78,F1,75,,,,,
2025-10-09,2025-10-09,FO,NSE,IDO,58626,,NIFTY,,2026-06-30,2026-06-30,22000.00,CE,NIFTY26JUN22000CE,0.00,0.00,0.00,2722.55,0.00,2722.55,25181.80,4130.95,0,0,0,0.00,0,F1,75,,,,,
2025-10-09,2025-10-09,FO,NSE,IDO,50556,,NIFTY,,2026-06-30,2026-06-30,18000.00,CE,NIFTY26JUN18000CE,0.00,0.00,0.00,7400.00,7400.00,7400.00,25181.80,7915.20,100,0,0,0.00,0,F1,75,,,,,
2025-10-09,2025-10-09,FO,NSE,IDO,62918,,NIFTY,,2026-03-31,2026-03-31,21000.00,CE,NIFTY26MAR21000CE,0.00,0.00,0.00,4255.80,0.00,4255.80,25181.80,4751.95,0,0,0,0.00,0,F1,75,,,,,
2025-10-09,2025-10-09,FO,NSE,IDO,65715,,NIFTY,,2025-12-30,2025-12-30,26700.00,CE,NIFTY25DEC26700CE,0.00,0.00,0.00,206.30,0.00,206.30,25181.80,200.25,0,0,0,0.00,0,F1,75,,,,,
2025-10-09,2025-10-09,FO,NSE,IDO,65635,,NIFTY,,2025-12-30,2025-12-30,26200.00,CE,NIFTY25DEC26200CE,187.05,229.55,183.65,220.05,220.00,183.45,25181.80,220.05,86325,12450,518,1025997502.50,335,F1,75,,,,,
2025-10-09,2025-10-09,FO,NSE,IDO,65621,,NIFTY,,2025-12-30,2025-12-30,26050.00,CE,NIFTY25DEC26050CE,299.50,299.50,254.65,269.50,270.10,352.40,25181.80,269.50,2325,2325,36,71045632.50,17,F1,75,,,,,
2025-10-09,2025-10-09,FO,NSE,IDO,65600,,NIFTY,,2025-12-30,2025-12-30,25950.00,CE,NIFTY25DEC25950CE,282.40,317.95,266.85,308.05,309.30,260.65,25181.80,308.05,4800,-150,97,190990725.00,77,F1,75,,,,,
2025-10-09,2025-10-09,FO,NSE,IDO,65270,,NIFTY,,2025-12-30,2025-12-30,24550.00,CE,NIFTY25DEC24550CE,0.00,0.00,0.00,1081.85,1081.85,1081.85,25181.80,1182.70,225,0,0,0.00,0,F1,75,,,,,
2025-10-09,2025-10-09,FO,NSE,IDO,65264,,NIFTY,,2025-12-30,2025-12-30,24450.00,CE,NIFTY25DEC24450CE,1224.65,1246.65,1224.60,1244.25,1244.25,1139.50,25181.80,1255.65,525,450,6,11556701.25,4,F1,75,,,,,
2025-10-09,2025-10-09,FO,NSE,IDO,65226,,NIFTY,,2025-12-30,2025-12-30,23900.00,CE,NIFTY25DEC23900CE,0.00,0.00,0.00,1389.85,0.00,1389.85,25181.80,1692.50,0,0,0,0.00,0,F1,75,,,,,
2025-10-09,2025-10-09,FO,NSE,IDO,65139,,NIFTY,,2025-12-30,2025-12-30,23150.00,CE,NIFTY25DEC23150CE,0.00,0.00,0.00,1961.40,0.00,1961.40,25181.80,2361.40,0,0,0,0.00,0,F1,75,,,,,
2025-10-09,2025-10-09,FO,NSE,IDO,53224,,NIFTY,,2025-11-25,2025-11-25,26750.00,CE,NIFTY25NOV26750CE,0.00,0.00,0.00,190.20,0.00,190.20,25181.80,71.10,0,0,0,0.00,0,F1,75,,,,,
2025-10-09,2025-10-09,FO,NSE,IDO,52911,,NIFTY,,2025-11-25,2025-11-25,26000.00,CE,NIFTY25NOV26000CE,100.45,128.65,95.90,122.70,121.95,95.50,25181.80,122.70,1491150,112575,23702,46424603047.50,15631,F1,75,,,,,
2025-10-09,2025-10-09,FO,NSE,IDO,52861,,NIFTY,,2025-11-25,2025-11-25,25700.00,CE,NIFTY25NOV25700CE,181.05,222.95,172.00,211.45,213.70,170.65,25181.80,211.45,311175,162675,4522,8784586267.50,3938,F1,75,,,,,
2025-10-09,2025-10-09,FO,NSE,IDO,52650,,NIFTY,,2025-11-25,2025-11-25,24000.00,CE,NIFTY25NOV24000CE,1370.00,1450.00,1314.45,1438.55,1433.30,1301.30,25181.80,1438.55,46650,-75,97,184714533.75,73,F1,75,,,,,
2025-10-09,2025-10-09,FO,NSE,IDO,52630,,NIFTY,,2025-11-25,2025-11-25,23900.00,CE,NIFTY25NOV23900CE,1445.00,1470.00,1445.00,1470.00,1470.00,1490.00,25181.80,1507.75,225,0,2,3803625.00,2,F1,75,,,,,
2025-10-09,2025-10-09,FO,NSE,IDO,40054,,NIFTY,,2025-11-11,2025-11-11,25100.00,CE,NIFTY25N1125100CE,364.60,431.65,350.90,416.70,416.70,330.00,25181.80,497.00,975,750,20,38244757.50,13,F1,75,,,,,
2025-10-09,2025-10-09,FO,NSE,IDO,47722,,NIFTY,,2025-11-04,2025-11-04,26350.00,CE,NIFTY25N0426350CE,0.00,0.00,0.00,177.20,0.00,177.20,25181.80,47.10,0,0,0,0.00,0,F1,75,,,,,
2025-10-09,2025-10-09,FO,NSE,IDO,47710,,NIFTY,,2025-11-04,2025-11-04,26300.00,CE,NIFTY25N0426300CE,0.00,0.00,0.00,188.40,0.00,188.40,25181.80,52.75,0,0,0,0.00,0,F1,75,,,,,
2025-10-09,2025-10-09,FO,NSE,IDO,47646,,NIFTY,,2025-11-04,2025-11-04,25500.00,CE,NIFTY25N0425500CE,117.95,167.00,114.85,158.30,159.35,110.95,25181.80,158.30,29325,-1425,679,1305959411.25,521,F1,75,,,,,
2025-10-09,2025-10-09,FO,NSE,IDO,47562,,NIFTY,,2025-11-04,2025-11-04,24650.00,CE,NIFTY25N0424650CE,0.00,0.00,0.00,639.05,639.05,639.05,25181.80,742.80,375,0,0,0.00,0,F1,75,,,,,
2025-10-09,2025-10-09,FO,NSE,IDO,47503,,NIFTY,,2025-11-04,2025-11-04,24350.00,CE,NIFTY25N0424350CE,0.00,0.00,0.00,1153.15,0.00,1153.15,25181.80,987.35,0,0,0,0.00,0,F1,75,,,,,
2025-10-09,2025-10-09,FO,NSE,IDO,47457,,NIFTY,,2025-11-04,2025-11-04,23950.00,CE,NIFTY25N0423950CE,0.00,0.00,0.00,1477.15,0.00,1477.15,25181.80,1348.90,0,0,0,0.00,0,F1,75,,,,,
2025-10-09,2025-10-09,FO,NSE,IDO,47440,,NIFTY,,2025-11-04,2025-11-04,23850.00,CE,NIFTY25N0423850CE,0.00,0.00,0.00,1563.00,0.00,1563.00,25181.80,1443.55,0,0,0,0.00,0,F1,75,,,,,
2025-10-09,2025-10-09,FO,NSE,IDO,47426,,NIFTY,,2025-11-04,2025-11-04,23600.00,CE,NIFTY25N0423600CE,0.00,0.00,0.00,1784.55,0.00,1784.55,25181.80,1684.60,0,0,0,0.00,0,F1,75,,,,,
2025-10-09,2025-10-09,FO,NSE,IDO,40095,,NIFTY,,2025-11-11,2025-11-11,25500.00,CE,NIFTY25N1125500CE,0.00,0.00,0.00,361.75,0.00,361.75,25181.80,298.90,0,0,0,0.00,0,F1,75,,,,,
2025-10-09,2025-10-09,FO,NSE,IDO,35347,,NIFTY,,2027-12-28,2027-12-28,30000.00,PE,NIFTY27DEC30000PE,0.00,0.00,0.00,4140.90,0.00,4140.90,25181.80,2615.45,0,0,0,0.00,0,F1,75,,,,,
2025-10-09,2025-10-09,FO,NSE,IDO,89627,,NIFTY,,2029-06-26,2029-06-26,22000.00,PE,NIFTY29JUN22000PE,0.00,0.00,0.00,422.00,0.00,422.00,25181.80,178.40,0,0,0,0.00,0,F1,75,,,,,
2025-10-09,2025-10-09,FO,NSE,IDO,53611,,NIFTY,,2027-12-28,2027-12-28,20000.00,PE,NIFTY27DEC20000PE,0.00,0.00,0.00,251.90,251.90,251.90,25181.80,44.60,3950,0,0,0.00,0,F1,75,,,,,
2025-10-09,2025-10-09,FO,NSE,IDF,52168,,NIFTY,,2025-10-28,2025-10-28,,,NIFTY25OCTFUT,25150.00,25291.00,25124.00,25273.80,25280.00,25120.40,25181.80,25273.80,17510175,-189375,67283,127301926972.50,42736,F1,75,,,,,
2025-10-09,2025-10-09,FO,NSE,IDO,42541,,NIFTY,,2025-10-14,2025-10-14,23000.00,CE,NIFTY25O1423000CE,2097.65,2206.45,2097.65,2205.75,2205.00,2126.50,25181.80,2205.75,21825,3975,57,107626766.25,17,F1,75,,,,,
2025-10-09,2025-10-09,FO,NSE,IDO,42558,,NIFTY,,2025-10-14,2025-10-14,23250.00,CE,NIFTY25O1423250CE,0.00,0.00,0.00,1657.35,1657.35,1657.35,25181.80,1950.10,75,0,0,0.00,0,F1,75,,,,,
2025-10-09,2025-10-09,FO,NSE,IDO,42613,,NIFTY,,2025-10-14,2025-10-14,24050.00,CE,NIFTY25O1424050CE,1054.70,1162.65,1026.00,1162.65,1162.65,1045.15,25181.80,1162.65,900,-75,7,13184711.25,7,F1,75,,,,,
2025-10-09,2025-10-09,FO,NSE,IDO,42679,,NIFTY,,2025-10-14,2025-10-14,25100.00,CE,NIFTY25O1425100CE,82.80,172.65,80.30,154.90,154.10,81.20,25181.80,154.90,4443375,-4664625,3940831,7455153380902.50,2170309,F1,75,,,,,
2025-10-09,2025-10-09,FO,NSE,IDO,42687,,NIFTY,,2025-10-14,2025-10-14,25200.00,CE,NIFTY25O1425200CE,50.55,107.00,45.25,91.05,90.60,47.00,25181.80,91.05,9831975,-1964475,4641516,8799638367648.75,2153222,F1,75,,,,,
2025-10-09,2025-10-09,FO,NSE,IDO,42753,,NIFTY,,2025-10-14,2025-10-14,26350.00,CE,NIFTY25O1426350CE,1.90,1.90,0.75,0.80,0.80,1.30,25181.80,0.80,293025,-28575,35102,69373091748.75,6696,F1,75,,,,,
2025-10-09,2025-10-09,FO,NSE,IDO,42755,,NIFTY,,2025-10-14,2025-10-14,26400.00,CE,NIFTY25O1426400CE,1.25,1.40,0.70,0.75,0.80,1.25,25181.80,0.75,2793225,392400,99339,196698196361.25,12228,F1,75,,,,,
2025-10-09,2025-10-09,FO,NSE,IDO,42783,,NIFTY,,2025-10-14,2025-10-14,27000.00,CE,NIFTY25O1427000CE,0.85,0.90,0.55,0.60,0.55,0.95,25181.80,0.60,3870000,172725,78007,157968187773.75,10188,F1,75,,,,,
2025-10-09,2025-10-09,FO,NSE,IDO,45223,,NIFTY,,2025-10-20,2025-10-20,24450.00,CE,NIFTY25O2024450CE,0.00,0.00,0.00,651.75,651.75,651.75,25181.80,793.40,525,0,0,0.00,0,F1,75,,,,,
2025-10-09,2025-10-09,FO,NSE,IDO,45266,,NIFTY,,2025-10-20,2025-10-20,25450.00,CE,NIFTY25O2025450CE,43.60,72.40,39.60,63.15,65.00,39.10,25181.80,63.15,193200,45375,19642,37576448771.25,13935,F1,75,,,,,
2025-10-09,2025-10-09,FO,NSE,IDO,45270,,NIFTY,,2025-10-20,2025-10-20,25550.00,CE,NIFTY25O2025550CE,28.40,47.30,25.95,39.75,40.70,25.90,25181.80,39.75,271200,33600,25521,48976551716.25,18715,F1,75,,,,,
2025-10-09,2025-10-09,FO,NSE,IDO,45276,,NIFTY,,2025-10-20,2025-10-20,25650.00,CE,NIFTY25O2025650CE,18.60,29.75,17.20,24.40,24.15,17.15,25181.80,24.40,169875,-14550,16620,32002430861.25,12334,F1,75,,,,,
2025-10-09,2025-10-09,FO,NSE,IDO,45294,,NIFTY,,2025-10-20,2025-10-20,26100.00,CE,NIFTY25O2026100CE,3.40,5.20,3.25,3.65,3.35,4.40,25181.80,3.65,90300,-14175,8763,17156452560.00,4099,F1,75,,,,,
2025-10-09,2025-10-09,FO,NSE,IDO,45308,,NIFTY,,2025-10-20,2025-10-20,26400.00,CE,NIFTY25O2026400CE,2.25,2.50,1.45,1.55,1.45,2.45,25181.80,1.55,33075,-12525,1800,3564254947.50,781,F1,75,,,,,
2025-10-09,2025-10-09,FO,NSE,IDO,45310,,NIFTY,,2025-10-20,2025-10-20,26450.00,CE,NIFTY25O2026450CE,2.10,2.20,1.25,1.35,1.35,2.15,25181.80,1.35,25575,-675,519,1029631008.75,191,F1,75,,,,,
2025-10-09,2025-10-09,FO,NSE,IDO,45330,,NIFTY,,2025-10-20,2025-10-20,26950.00,CE,NIFTY25O2026950CE,0.00,0.00,0.00,1.45,1.45,1.45,25181.80,0.20,2475,0,0,0.00,0,F1,75,,,,,
2025-10-09,2025-10-09,FO,NSE,IDO,45336,,NIFTY,,2025-10-20,2025-10-20,27100.00,CE,NIFTY25O2027100CE,1.20,1.20,0.95,1.00,0.95,1.15,25181.80,1.00,13125,-75,142,288626302.50,96,F1,75,,,,,
2025-10-09,2025-10-09,FO,NSE,IDO,45338,,NIFTY,,2025-10-20,2025-10-20,27150.00,CE,NIFTY25O2027150CE,1.25,1.50,0.95,1.05,0.95,1.10,25181.80,1.05,18750,4650,178,362466960.00,80,F1,75,,,,,
2025-10-09,2025-10-09,FO,NSE,IDO,58713,,NIFTY,,2025-10-28,2025-10-28,22850.00,CE,NIFTY25OCT22850CE,0.00,0.00,0.00,2059.75,2059.75,2059.75,25181.80,2400.15,75,0,0,0.00,0,F1,75,,,,,
2025-10-09,2025-10-09,FO,NSE,IDO,58715,,NIFTY,,2025-10-28,2025-10-28,22900.00,CE,NIFTY25OCT22900CE,0.00,0.00,0.00,2014.25,2014.25,2014.25,25181.80,2350.30,75,0,0,0.00,0,F1,75,,,,,
2025-10-09,2025-10-09,FO,NSE,IDO,58718,,NIFTY,,2025-10-28,2025-10-28,22950.00,CE,NIFTY25OCT22950CE,0.00,0.00,0.00,1969.00,1969.00,1969.00,25181.80,2300.45,75,0,0,0.00,0,F1,75,,,,,
2025-10-09,2025-10-09,FO,NSE,IDO,58746,,NIFTY,,2025-10-28,2025-10-28,23500.00,CE,NIFTY25OCT23500CE,1642.85,1785.00,1632.30,1776.55,1782.90,1619.20,25181.80,1776.55,426075,225,52,98364986.25,50,F1,75,,,,,
2025-10-09,2025-10-09,FO,NSE,IDO,53602,,NIFTY,,2027-12-28,2027-12-28,17000.00,PE,NIFTY27DEC17000PE,0.00,0.00,0.00,74.35,95.05,74.35,25181.80,3.25,14200,0,0,0.00,0,F1,75,,,,,
2025-10-09,2025-10-09,FO,NSE,IDO,71552,,NIFTY,,2027-06-29,2027-06-29,20000.00,PE,NIFTY27JUN20000PE,0.00,0.00,0.00,3034.20,0.00,3034.20,25181.80,31.90,0,0,0,0.00,0,F1,75,,,,,
2025-10-09,2025-10-09,FO,NSE,IDO,42137,,NIFTY,,2026-12-29,2026-12-29,31000.00,PE,NIFTY26DEC31000PE,0.00,0.00,0.00,4949.65,0.00,4949.65,25181.80,4041.35,0,0,0,0.00,0,F1,75,,,,,
2025-10-09,2025-10-09,FO,NSE,IDO,58637,,NIFTY,,2026-12-29,2026-12-29,16000.00,PE,NIFTY26DEC16000PE,0.00,0.00,0.00,23.30,23.30,23.30,25181.80,0.05,2425,0,0,0.00,0,F1,75,,,,,
2025-10-09,2025-10-09,FO,NSE,IDO,65907,,NIFTY,,2026-09-29,2026-09-29,27000.00,PE,NIFTY26SEP27000PE,0.00,0.00,0.00,1946.45,0.00,1946.45,25181.80,1447.80,0,0,0,0.00,0,F1,75,,,,,
2025-10-09,2025-10-09,FO,NSE,IDO,65901,,NIFTY,,2026-09-29,2026-09-29,24000.00,PE,NIFTY26SEP24000PE,0.00,0.00,0.00,639.75,0.00,639.75,25181.80,340.10,0,0,0,0.00,0,F1,75,,,,,
2025-10-09,2025-10-09,FO,NSE,IDO,37805,,NIFTY,,2026-06-30,2026-06-30,23000.00,PE,NIFTY26JUN23000PE,168.65,172.00,161.05,164.55,163.15,171.40,25181.80,164.55,40125,3975,153,265813507.50,73,F1,75,,,,,
2025-10-09,2025-10-09,FO,NSE,IDO,50544,,NIFTY,,2025-12-30,2025-12-30,28000.00,PE,NIFTY25DEC28000PE,2554.00,2554.00,2392.00,2413.95,2414.75,2554.85,25181.80,2413.95,819300,-75,59,134702527.50,55,F1,75,,,,,
2025-10-09,2025-10-09,FO,NSE,IDO,50972,,NIFTY,,2025-12-30,2025-12-30,27000.00,PE,NIFTY25DEC27000PE,1600.00,1600.00,1463.25,1471.40,1470.70,1615.45,25181.80,1471.40,831250,-1350,415,887319037.50,225,F1,75,,,,,
2025-10-09,2025-10-09,FO,NSE,IDO,65620,,NIFTY,,2025-12-30,2025-12-30,25950.00,PE,NIFTY25DEC25950PE,698.55,698.55,680.30,680.30,680.30,698.55,25181.80,680.30,1875,0,2,3995913.75,2,F1,75,,,,,
2025-10-09,2025-10-09,FO,NSE,IDO,65560,,NIFTY,,2025-12-30,2025-12-30,25700.00,PE,NIFTY25DEC25700PE,592.70,592.70,540.50,542.15,540.50,602.35,25181.80,542.15,4350,1425,94,185112667.50,54,F1,75,,,,,
2025-10-09,2025-10-09,FO,NSE,IDO,65336,,NIFTY,,2025-12-30,2025-12-30,24850.00,PE,NIFTY25DEC24850PE,270.65,276.00,244.50,244.50,244.50,258.85,25181.80,326.65,1125,-375,21,39545501.25,13,F1,75,,,,,
2025-10-09,2025-10-09,FO,NSE,IDO,65273,,NIFTY,,2025-12-30,2025-12-30,24600.00,PE,NIFTY25DEC24600PE,208.10,214.35,179.20,180.00,180.00,213.40,25181.80,180.00,33975,1500,187,347669141.25,111,F1,75,,,,,
2025-10-09,2025-10-09,FO,NSE,IDO,65173,,NIFTY,,2025-12-30,2025-12-30,23350.00,PE,NIFTY25DEC23350PE,0.00,0.00,0.00,63.70,63.70,63.70,25181.80,45.40,5400,0,0,0.00,0,F1,75,,,,,
2025-10-09,2025-10-09,FO,NSE,IDO,65142,,NIFTY,,2025-12-30,2025-12-30,23200.00,PE,NIFTY25DEC23200PE,57.85,57.85,48.10,48.55,49.00,56.45,25181.80,48.55,25575,8925,275,479501381.25,61,F1,75,,,,,
2025-10-09,2025-10-09,FO,NSE,IDO,65099,,NIFTY,,2025-12-30,2025-12-30,22850.00,PE,NIFTY25DEC22850PE,43.25,43.25,43.25,43.25,43.25,41.20,25181.80,18.95,3750,0,1,1716993.75,1,F1,75,,,,,
2025-10-09,2025-10-09,FO,NSE,IDO,45874,,NIFTY,,2025-12-30,2025-12-30,17000.00,PE,NIFTY25DEC17000PE,5.20,5.35,5.15,5.20,5.20,5.65,25181.80,0.05,68375,-450,40,51015720.00,7,F1,75,,,,,
2025-10-09,2025-10-09,FO,NSE,IDO,52896,,NIFTY,,2025-11-25,2025-11-25,25850.00,PE,NIFTY25NOV25850PE,0.00,0.00,0.00,619.00,619.00,619.00,25181.80,739.30,975,0,0,0.00,0,F1,75,,,,,
2025-10-09,2025-10-09,FO,NSE,IDO,52830,,NIFTY,,2025-11-25,2025-11-25,25300.00,PE,NIFTY25NOV25300PE,360.05,378.00,299.00,301.95,299.00,377.65,25181.80,301.95,131025,6075,1466,2817119137.50,1017,F1,75,,,,,
2025-10-09,2025-10-09,FO,NSE,IDO,52760,,NIFTY,,2025-11-25,2025-11-25,24650.00,PE,NIFTY25NOV24650PE,144.50,144.50,117.70,118.35,118.05,147.65,25181.80,118.35,16725,1350,92,170926938.75,56,F1,75,,,,,
2025-10-09,2025-10-09,FO,NSE,IDO,52710,,NIFTY,,2025-11-25,2025-11-25,24350.00,PE,NIFTY25NOV24350PE,91.00,99.60,76.00,76.90,76.60,100.85,25181.80,76.90,10800,1875,151,276688222.50,69,F1,75,,,,,
2025-10-09,2025-10-09,FO,NSE,IDO,40008,,NIFTY,,2025-11-11,2025-11-11,24700.00,CE,NIFTY25N1124700CE,0.00,0.00,0.00,793.30,0.00,793.30,25181.80,759.20,0,0,0,0.00,0,F1,75,,,,,
2025-10-09,2025-10-09,FO,NSE,IDO,52639,,NIFTY,,2025-11-25,2025-11-25,23900.00,PE,NIFTY25NOV23900PE,52.90,55.90,40.10,43.20,40.10,55.70,25181.80,43.20,308475,36750,1494,2683374532.50,835,F1,75,,,,,
2025-10-09,2025-10-09,FO,NSE,IDO,52547,,NIFTY,,2025-11-25,2025-11-25,23350.00,PE,NIFTY25NOV23350PE,0.00,0.00,0.00,27.10,27.10,27.10,25181.80,14.90,75,0,0,0.00,0,F1,75,,,,,
2025-10-09,2025-10-09,FO,NSE,IDO,52450,,NIFTY,,2025-11-25,2025-11-25,22800.00,PE,NIFTY25NOV22800PE,19.00,22.10,16.00,16.65,16.40,17.40,25181.80,16.65,19950,-1875,97,165996750.00,34,F1,75,,,,,
2025-10-09,2025-10-09,FO,NSE,IDO,40158,,NIFTY,,2025-11-11,2025-11-11,26300.00,PE,NIFTY25N1126300PE,0.00,0.00,0.00,1168.35,0.00,1168.35,25181.80,1063.05,0,0,0,0.00,0,F1,75,,,,,
2025-10-09,2025-10-09,FO,NSE,IDO,40136,,NIFTY,,2025-11-11,2025-11-11,26000.00,PE,NIFTY25N1126000PE,0.00,0.00,0.00,936.40,0.00,936.40,25181.80,822.15,0,0,0,0.00,0,F1,75,,,,,
2025-10-09,2025-10-09,FO,NSE,IDO,40122,,NIFTY,,2025-11-11,2025-11-11,25650.00,PE,NIFTY25N1125650PE,0.00,0.00,0.00,696.35,0.00,696.35,25181.80,576.45,0,0,0,0.00,0,F1,75,,,,,
2025-10-09,2025-10-09,FO,NSE,IDO,40070,,NIFTY,,2025-11-11,2025-11-11,25200.00,PE,NIFTY25N1125200PE,263.00,290.00,220.95,221.45,221.45,263.55,25181.80,221.45,675,450,44,83950402.50,44,F1,75,,,,,
2025-10-09,2025-10-09,FO,NSE,IDO,40036,,NIFTY,,2025-11-11,2025-11-11,24950.00,PE,NIFTY25N1124950PE,0.00,0.00,0.00,332.00,0.00,332.00,25181.80,226.95,0,0,0,0.00,0,F1,75,,,,,
2025-10-09,2025-10-09,FO,NSE,IDO,39968,,NIFTY,,2025-11-11,2025-11-11,24350.00,PE,NIFTY25N1124350PE,0.00,0.00,0.00,145.55,0.00,145.55,25181.80,76.10,0,0,0,0.00,0,F1,75,,,,,
2025-10-09,2025-10-09,FO,NSE,IDO,47563,,NIFTY,,2025-11-04,2025-11-04,24650.00,PE,NIFTY25N0424650PE,85.50,97.20,69.75,71.05,71.05,91.00,25181.80,110.25,3300,2325,38,70467772.50,34,F1,75,,,,,
2025-10-09,2025-10-09,FO,NSE,IDO,47486,,NIFTY,,2025-11-04,2025-11-04,24200.00,PE,NIFTY25N0424200PE,0.00,0.00,0.00,131.65,0.00,131.65,25181.80,38.40,0,0,0,0.00,0,F1,75,,,,,
2025-10-09,2025-10-09,FO,NSE,IDO,47464,,NIFTY,,2025-11-04,2025-11-04,23950.00,PE,NIFTY25N0423950PE,0.00,0.00,0.00,89.85,0.00,89.85,25181.80,19.20,0,0,0,0.00,0,F1,75,,,,,
2025-10-09,2025-10-09,FO,NSE,IDO,47419,,NIFTY,,2025-11-04,2025-11-04,23500.00,PE,NIFTY25N0423500PE,14.15,14.45,11.25,11.50,11.45,14.50,25181.80,11.50,12900,1050,66,116388341.25,33,F1,75,,,,,
2025-10-09,2025-10-09,FO,NSE,IDO,59040,,NIFTY,,2025-10-28,2025-10-28,26300.00,PE,NIFTY25OCT26300PE,1166.50,1166.50,1009.05,1016.40,1020.00,1165.00,25181.80,1016.40,24225,-600,34,69697380.00,27,F1,75,,,,,
2025-10-09,2025-10-09,FO,NSE,IDO,59011,,NIFTY,,2025-10-28,2025-10-28,26050.00,PE,NIFTY25OCT26050PE,0.00,0.00,0.00,932.90,932.90,932.90,25181.80,844.55,1575,0,0,0.00,0,F1,75,,,,,
2025-10-09,2025-10-09,FO,NSE,IDO,59003,,NIFTY,,2025-10-28,2025-10-28,25950.00,PE,NIFTY25OCT25950PE,0.00,0.00,0.00,783.55,783.55,783.55,25181.80,760.30,3975,0,0,0.00,0,F1,75,,,,,
2025-10-09,2025-10-09,FO,NSE,IDO,58962,,NIFTY,,2025-10-28,2025-10-28,25750.00,PE,NIFTY25OCT25750PE,605.10,605.10,509.00,509.00,509.00,659.70,25181.80,509.00,10125,-300,10,19720698.75,9,F1,75,,,,,
2025-10-09,2025-10-09,FO,NSE,IDO,58924,,NIFTY,,2025-10-28,2025-10-28,25150.00,PE,NIFTY25OCT25150PE,201.05,219.75,144.10,146.70,146.10,222.25,25181.80,146.70,280350,72225,13246,25149515898.75,8136,F1,75,,,,,
2025-10-09,2025-10-09,FO,NSE,IDO,58766,,NIFTY,,2025-10-28,2025-10-28,23950.00,CE,NIFTY25OCT23950CE,1333.50,1333.50,1333.25,1333.40,1333.25,1209.70,25181.80,1333.40,1950,0,2,3792506.25,2,F1,75,,,,,
2025-10-09,2025-10-09,FO,NSE,IDO,58782,,NIFTY,,2025-10-28,2025-10-28,24350.00,CE,NIFTY25OCT24350CE,926.00,926.00,926.00,926.00,926.00,926.35,25181.80,939.80,8700,0,1,1895700.00,1,F1,75,,,,,
2025-10-09,2025-10-09,FO,NSE,IDO,58911,,NIFTY,,2025-10-28,2025-10-28,25050.00,CE,NIFTY25OCT25050CE,263.30,359.50,256.00,344.00,345.90,248.65,25181.80,344.00,106800,-31125,5877,11176148223.75,4519,F1,75,,,,,
2025-10-09,2025-10-09,FO,NSE,IDO,58898,,NIFTY,,2025-10-28,2025-10-28,24800.00,PE,NIFTY25OCT24800PE,87.50,98.65,60.05,61.70,61.00,98.00,25181.80,61.70,3351900,-621300,62319,116250490428.75,35574,F1,75,,,,,
2025-10-09,2025-10-09,FO,NSE,IDO,58753,,NIFTY,,2025-10-28,2025-10-28,23600.00,PE,NIFTY25OCT23600PE,10.00,11.20,7.50,8.50,7.65,10.95,25181.80,8.50,190650,17550,3051,5402454457.50,1669,F1,75,,,,,
2025-10-09,2025-10-09,FO,NSE,IDO,58934,,NIFTY,,2025-10-28,2025-10-28,25400.00,CE,NIFTY25OCT25400CE,100.20,154.25,96.90,142.15,143.50,92.55,25181.80,142.15,1164375,-54975,32171,61596695261.25,21133,F1,75,,,,,
2025-10-09,2025-10-09,FO,NSE,IDO,58956,,NIFTY,,2025-10-28,2025-10-28,25700.00,CE,NIFTY25OCT25700CE,36.00,57.00,35.20,49.75,50.65,34.35,25181.80,49.75,1939575,622650,48933,94493295097.50,29038,F1,75,,,,,
2025-10-09,2025-10-09,FO,NSE,IDO,59010,,NIFTY,,2025-10-28,2025-10-28,26050.00,CE,NIFTY25OCT26050CE,15.00,18.00,13.45,15.55,14.60,13.35,25181.80,15.55,150900,43500,2507,4901039426.25,2041,F1,75,,,,,
2025-10-09,2025-10-09,FO,NSE,IDO,59058,,NIFTY,,2025-10-28,2025-10-28,26550.00,CE,NIFTY25OCT26550CE,5.65,5.65,4.30,4.60,4.35,5.25,25181.80,4.60,10050,-3750,423,842453655.00,198,F1,75,,,,,
2025-10-09,2025-10-09,FO,NSE,IDO,47356,,NIFTY,,2025-11-04,2025-11-04,23050.00,CE,NIFTY25N0423050CE,0.00,0.00,0.00,2297.95,0.00,2297.95,25181.80,2226.80,0,0,0,0.00,0,F1,75,,,,,
2025-10-09,2025-10-09,FO,NSE,IDO,45319,,NIFTY,,2025-10-20,2025-10-20,26650.00,PE,NIFTY25O2026650PE,0.00,0.00,0.00,1356.80,0.00,1356.80,25181.80,1423.25,0,0,0,0.00,0,F1,75,,,,,
2025-10-09,2025-10-09,FO,NSE,IDO,45291,,NIFTY,,2025-10-20,2025-10-20,26000.00,PE,NIFTY25O2026000PE,881.75,899.00,748.15,756.20,752.20,914.80,25181.80,756.20,45075,39675,676,1357760201.25,353,F1,75,,,,,
2025-10-09,2025-10-09,FO,NSE,IDO,45277,,NIFTY,,2025-10-20,2025-10-20,25650.00,PE,NIFTY25O2025650PE,565.40,565.45,424.00,428.20,438.15,579.45,25181.80,428.20,2325,-75,112,219358237.50,95,F1,75,,,,,
2025-10-09,2025-10-09,FO,NSE,IDO,47604,,NIFTY,,2025-11-04,2025-11-04,25050.00,CE,NIFTY25N0425050CE,328.00,410.00,321.30,402.85,397.20,314.25,25181.80,402.85,1875,-300,62,118153815.00,60,F1,75,,,,,
2025-10-09,2025-10-09,FO,NSE,IDO,39923,,NIFTY,,2025-11-11,2025-11-11,23650.00,CE,NIFTY25N1123650CE,0.00,0.00,0.00,1638.65,0.00,1638.65,25181.80,1668.35,0,0,0,0.00,0,F1,75,,,,,
2025-10-09,2025-10-09,FO,NSE,IDO,39944,,NIFTY,,2025-11-11,2025-11-11,23850.00,CE,NIFTY25N1123850CE,0.00,0.00,0.00,1459.75,0.00,1459.75,25181.80,1479.25,0,0,0,0.00,0,F1,75,,,,,
2025-10-09,2025-10-09,FO,NSE,IDO,39948,,NIFTY,,2025-11-11,2025-11-11,23950.00,CE,NIFTY25N1123950CE,0.00,0.00,0.00,1372.80,0.00,1372.80,25181.80,1386.60,0,0,0,0.00,0,F1,75,,,,,
2025-10-09,2025-10-09,FO,NSE,IDO,39952,,NIFTY,,2025-11-11,2025-11-11,24050.00,CE,NIFTY25N1124050CE,0.00,0.00,0.00,1287.80,0.00,1287.80,25181.80,1295.55,0,0,0,0.00,0,F1,75,,,,,
2025-10-09,2025-10-09,FO,NSE,IDO,39955,,NIFTY,,2025-11-11,2025-11-11,24100.00,CE,NIFTY25N1124100CE,0.00,0.00,0.00,1246.05,0.00,1246.05,25181.80,1250.65,0,0,0,0.00,0,F1,75,,,,,
2025-10-09,2025-10-09,FO,NSE,IDO,40005,,NIFTY,,2025-11-11,2025-11-11,24650.00,CE,NIFTY25N1124650CE,0.00,0.00,0.00,827.15,0.00,827.15,25181.80,796.10,0,0,0,0.00,0,F1,75,,,,,
2025-10-09,2025-10-09,FO,NSE,IDO,45203,,NIFTY,,2025-10-20,2025-10-20,24000.00,PE,NIFTY25O2024000PE,7.75,8.90,4.40,5.25,4.40,7.75,25181.80,5.25,521775,156825,16437,29594523502.50,7949,F1,75,,,,,
2025-10-09,2025-10-09,FO,NSE,IDO,45165,,NIFTY,,2025-10-20,2025-10-20,23300.00,PE,NIFTY25O2023300PE,3.90,3.95,2.60,2.60,2.60,3.45,25181.80,2.60,6825,-300,154,269149691.25,76,F1,75,,,,,
2025-10-09,2025-10-09,FO,NSE,IDO,42796,,NIFTY,,2025-10-14,2025-10-14,27150.00,PE,NIFTY25O1427150PE,0.00,0.00,0.00,2147.00,0.00,2147.00,25181.80,1946.80,0,0,0,0.00,0,F1,75,,,,,
2025-10-09,2025-10-09,FO,NSE,IDO,42774,,NIFTY,,2025-10-14,2025-10-14,26800.00,PE,NIFTY25O1426800PE,0.00,0.00,0.00,1819.15,0.00,1819.15,25181.80,1597.10,0,0,0,0.00,0,F1,75,,,,,
2025-10-09,2025-10-09,FO,NSE,IDO,42744,,NIFTY,,2025-10-14,2025-10-14,26200.00,PE,NIFTY25O1426200PE,1080.00,1113.00,980.00,980.35,986.50,1135.00,25181.80,980.35,3975,675,510,1040100626.25,115,F1,75,,,,,
2025-10-09,2025-10-09,FO,NSE,IDO,42730,,NIFTY,,2025-10-14,2025-10-14,25900.00,PE,NIFTY25O1425900PE,774.30,792.10,680.00,687.80,689.10,841.30,25181.80,687.80,7575,-525,81,161774096.25,66,F1,75,,,,,
2025-10-09,2025-10-09,FO,NSE,IDO,42686,,NIFTY,,2025-10-14,2025-10-14,25150.00,PE,NIFTY25O1425150PE,139.05,150.50,55.65,59.60,57.20,151.75,25181.80,59.60,5735850,3426600,2558029,4840880218128.75,1283866,F1,75,,,,,
2025-10-09,2025-10-09,FO,NSE,IDO,42660,,NIFTY,,2025-10-14,2025-10-14,24750.00,PE,NIFTY25O1424750PE,18.55,20.25,5.90,7.20,6.20,18.95,25181.80,7.20,3402300,1520475,560399,1040739306093.75,181690,F1,75,,,,,
2025-10-09,2025-10-09,FO,NSE,IDO,42606,,NIFTY,,2025-10-14,2025-10-14,23900.00,PE,NIFTY25O1423900PE,2.05,2.65,1.65,2.00,1.75,2.50,25181.80,2.00,2843850,864150,228664,409917515343.75,38734,F1,75,,,,,
2025-10-09,2025-10-09,FO,NSE,IDO,42596,,NIFTY,,2025-10-14,2025-10-14,23700.00,PE,NIFTY25O1423700PE,1.70,2.30,1.45,1.80,1.45,2.00,25181.80,1.80,1302600,-88200,111186,197649054465.00,16113,F1,75,,,,,
2025-10-09,2025-10-09,FO,NSE,IDO,42574,,NIFTY,,2025-10-14,2025-10-14,23300.00,PE,NIFTY25O1423300PE,1.20,1.75,1.00,1.30,1.00,1.50,25181.80,1.30,496650,134700,61580,107617560922.50,8985,F1,75,,,,,
2025-10-09,2025-10-09,FO,NSE,IDO,61858,,NIFTY,,2029-12-24,2029-12-24,28000.00,CE,NIFTY29DEC28000CE,0.00,0.00,0.00,5741.50,0.00,5741.50,25181.80,4368.05,0,0,0,0.00,0,F1,75,,,,,
2025-10-09,2025-10-09,FO,NSE,IDO,89632,,NIFTY,,2029-06-26,2029-06-26,25000.00,CE,NIFTY29JUN25000CE,0.00,0.00,0.00,7557.70,0.00,7557.70,25181.80,5538.85,0,0,0,0.00,0,F1,75,,,,,
2025-10-09,2025-10-09,FO,NSE,IDO,67788,,NIFTY,,2028-12-26,2028-12-26,27000.00,CE,NIFTY28DEC27000CE,0.00,0.00,0.00,4437.95,0.00,4437.95,25181.80,3797.05,0,0,0,0.00,0,F1,75,,,,,
2025-10-09,2025-10-09,FO,NSE,IDO,67774,,NIFTY,,2028-12-26,2028-12-26,20000.00,CE,NIFTY28DEC20000CE,0.00,0.00,0.00,8115.50,0.00,8115.50,25181.80,8620.95,0,0,0,0.00,0,F1,75,,,,,
2025-10-09,2025-10-09,FO,NSE,IDO,86143,,NIFTY,,2028-06-27,2028-06-27,20000.00,CE,NIFTY28JUN20000CE,0.00,0.00,0.00,5724.65,0.00,5724.65,25181.80,8129.95,0,0,0,0.00,0,F1,75,,,,,
2025-10-09,2025-10-09,FO,NSE,IDO,71558,,NIFTY,,2027-06-29,2027-06-29,23000.00,CE,NIFTY27JUN23000CE,0.00,0.00,0.00,2530.05,0.00,2530.05,25181.80,4589.95,0,0,0,0.00,0,F1,75,,,,,
2025-10-09,2025-10-09,FO,NSE,IDO,58642,,NIFTY,,2026-12-29,2026-12-29,19000.00,CE,NIFTY26DEC19000CE,0.00,0.00,0.00,8600.00,8600.00,8600.00,25181.80,7476.70,125,0,0,0.00,0,F1,75,,,,,
2025-10-09,2025-10-09,FO,NSE,IDO,65902,,NIFTY,,2026-09-29,2026-09-29,25000.00,CE,NIFTY26SEP25000CE,0.00,0.00,0.00,2071.50,0.00,2071.50,25181.80,2140.55,0,0,0,0.00,0,F1,75,,,,,
2025-10-09,2025-10-09,FO,NSE,IDO,58624,,NIFTY,,2026-06-30,2026-06-30,12000.00,CE,NIFTY26JUN12000CE,0.00,0.00,0.00,8690.00,8690.00,8690.00,25181.80,13670.65,50,0,0,0.00,0,F1,75,,,,,
2025-10-09,2025-10-09,FO,NSE,IDO,62935,,NIFTY,,2026-03-31,2026-03-31,29000.00,CE,NIFTY26MAR29000CE,50.70,55.90,50.70,54.75,54.80,50.70,25181.80,54.75,153300,1650,137,298524273.75,77,F1,75,,,,,
2025-10-09,2025-10-09,FO,NSE,IDO,62924,,NIFTY,,2026-03-31,2026-03-31,24000.00,CE,NIFTY26MAR24000CE,2012.00,2097.10,1995.00,2090.80,2092.15,1979.85,25181.80,2090.80,147900,450,44,86024036.25,35,F1,75,,,,,
2025-10-09,2025-10-09,FO,NSE,IDO,38152,,NIFTY,,2025-12-30,2025-12-30,29000.00,CE,NIFTY25DEC29000CE,7.60,8.30,7.25,7.45,7.30,7.45,25181.80,7.45,908100,-1275,727,1581637286.25,340,F1,75,,,,,
2025-10-09,2025-10-09,FO,NSE,IDO,65702,,NIFTY,,2025-12-30,2025-12-30,26550.00,CE,NIFTY25DEC26550CE,0.00,0.00,0.00,234.70,0.00,234.70,25181.80,234.20,0,0,0,0.00,0,F1,75,,,,,
2025-10-09,2025-10-09,FO,NSE,IDO,65691,,NIFTY,,2025-12-30,2025-12-30,26400.00,CE,NIFTY25DEC26400CE,0.00,0.00,0.00,266.15,0.00,266.15,25181.80,272.50,0,0,0,0.00,0,F1,75,,,,,
2025-10-09,2025-10-09,FO,NSE,IDO,65623,,NIFTY,,2025-12-30,2025-12-30,26100.00,CE,NIFTY25DEC26100CE,230.05,259.95,217.35,252.65,253.85,213.10,25181.80,252.65,80175,75,206,406923851.25,158,F1,75,,,,,
2025-10-09,2025-10-09,FO,NSE,IDO,65262,,NIFTY,,2025-12-30,2025-12-30,24400.00,CE,NIFTY25DEC24400CE,1216.20,1216.20,1216.20,1216.20,1216.20,1200.20,25181.80,1292.95,225,0,1,1921215.00,1,F1,75,,,,,
2025-10-09,2025-10-09,FO,NSE,IDO,65100,,NIFTY,,2025-12-30,2025-12-30,22900.00,CE,NIFTY25DEC22900CE,0.00,0.00,0.00,2170.60,0.00,2170.60,25181.80,2596.50,0,0,0,0.00,0,F1,75,,,,,
2025-10-09,2025-10-09,FO,NSE,IDO,53226,,NIFTY,,2025-11-25,2025-11-25,26800.00,CE,NIFTY25NOV26800CE,20.00,24.95,17.25,22.40,24.00,18.15,25181.80,22.40,215850,1125,832,1673699475.00,453,F1,75,,,,,
2025-10-09,2025-10-09,FO,NSE,IDO,52851,,NIFTY,,2025-11-25,2025-11-25,25500.00,CE,NIFTY25NOV25500CE,256.00,313.15,247.60,301.35,302.90,247.15,25181.80,301.35,986550,-10575,14408,27858159266.25,8635,F1,75,,,,,
2025-10-09,2025-10-09,FO,NSE,IDO,52763,,NIFTY,,2025-11-25,2025-11-25,24750.00,CE,NIFTY25NOV24750CE,0.00,0.00,0.00,675.00,675.00,675.00,25181.80,823.95,3675,0,0,0.00,0,F1,75,,,,,
2025-10-09,2025-10-09,FO,NSE,IDO,52711,,NIFTY,,2025-11-25,2025-11-25,24400.00,CE,NIFTY25NOV24400CE,1090.00,1090.00,1075.00,1079.00,1079.00,960.60,25181.80,1079.00,4575,75,6,11465550.00,5,F1,75,,,,,
2025-10-09,2025-10-09,FO,NSE,IDO,52447,,NIFTY,,2025-11-25,2025-11-25,22800.00,CE,NIFTY25NOV22800CE,0.00,0.00,0.00,2162.80,0.00,2162.80,25181.80,2553.50,0,0,0,0.00,0,F1,75,,,,,
2025-10-09,2025-10-09,FO,NSE,IDO,40157,,NIFTY,,2025-11-11,2025-11-11,26300.00,CE,NIFTY25N1126300CE,0.00,0.00,0.00,130.05,0.00,130.05,25181.80,81.25,0,0,0,0.00,0,F1,75,,,,,
2025-10-09,2025-10-09,FO,NSE,IDO,52452,,NIFTY,,2025-11-25,2025-11-25,22850.00,PE,NIFTY25NOV22850PE,0.00,0.00,0.00,25.00,25.00,25.00,25181.80,4.05,825,0,0,0.00,0,F1,75,,,,,
2025-10-09,2025-10-09,FO,NSE,IDO,52529,,NIFTY,,2025-11-25,2025-11-25,23150.00,PE,NIFTY25NOV23150PE,0.00,0.00,0.00,30.20,28.65,30.20,25181.80,9.05,750,0,0,0.00,0,F1,75,,,,,
2025-10-09,2025-10-09,FO,NSE,IDO,52651,,NIFTY,,2025-11-25,2025-11-25,24000.00,PE,NIFTY25NOV24000PE,65.00,65.00,48.95,50.00,49.00,63.95,25181.80,50.00,1345575,35775,14152,25533355162.50,8547,F1,75,,,,,
2025-10-09,2025-10-09,FO,NSE,IDO,52828,,NIFTY,,2025-11-25,2025-11-25,25250.00,PE,NIFTY25NOV25250PE,350.05,350.05,279.90,281.30,279.90,355.45,25181.80,281.30,8850,-150,143,274087987.50,82,F1,75,,,,,
2025-10-09,2025-10-09,FO,NSE,IDO,52848,,NIFTY,,2025-11-25,2025-11-25,25400.00,PE,NIFTY25NOV25400PE,423.80,426.65,343.30,346.55,345.30,431.40,25181.80,346.55,99900,18525,837,1617272343.75,540,F1,75,,,,,
2025-10-09,2025-10-09,FO,NSE,IDO,52850,,NIFTY,,2025-11-25,2025-11-25,25450.00,PE,NIFTY25NOV25450PE,440.00,444.20,366.25,368.80,366.25,452.30,25181.80,368.80,1500,300,12,23260882.50,12,F1,75,,,,,
2025-10-09,2025-10-09,FO,NSE,IDO,52951,,NIFTY,,2025-11-25,2025-11-25,26050.00,PE,NIFTY25NOV26050PE,852.15,852.15,852.15,852.15,852.15,881.95,25181.80,877.90,75,-75,1,2017661.25,1,F1,75,,,,,
2025-10-09,2025-10-09,FO,NSE,IDO,53024,,NIFTY,,2025-11-25,2025-11-25,26200.00,PE,NIFTY25NOV26200PE,921.50,935.35,858.00,858.00,858.00,943.10,25181.80,858.00,2850,0,7,14223015.00,5,F1,75,,,,,
2025-10-09,2025-10-09,FO,NSE,IDO,53225,,NIFTY,,2025-11-25,2025-11-25,26750.00,PE,NIFTY25NOV26750PE,0.00,0.00,0.00,2044.40,0.00,2044.40,25181.80,1441.95,0,0,0,0.00,0,F1,75,,,,,
2025-10-09,2025-10-09,FO,NSE,IDO,53251,,NIFTY,,2025-11-25,2025-11-25,27150.00,PE,NIFTY25NOV27150PE,0.00,0.00,0.00,2381.65,0.00,2381.65,25181.80,1803.50,0,0,0,0.00,0,F1,75,,,,,
2025-10-09,2025-10-09,FO,NSE,IDO,65132,,NIFTY,,2025-12-30,2025-12-30,23100.00,PE,NIFTY25DEC23100PE,50.00,50.85,45.60,45.90,45.80,51.40,25181.80,45.90,16275,3150,148,256935412.50,34,F1,75,,,,,
2025-10-09,2025-10-09,FO,NSE,IDO,65140,,NIFTY,,2025-12-30,2025-12-30,23150.00,PE,NIFTY25DEC23150PE,0.00,0.00,0.00,53.60,54.20,53.60,25181.80,32.50,7425,0,0,0.00,0,F1,75,,,,,
2025-10-09,2025-10-09,FO,NSE,IDO,65227,,NIFTY,,2025-12-30,2025-12-30,23900.00,PE,NIFTY25DEC23900PE,97.00,103.85,87.95,89.05,88.20,104.20,25181.80,89.05,160425,10275,377,678465191.25,315,F1,75,,,,,
2025-10-09,2025-10-09,FO,NSE,IDO,65235,,NIFTY,,2025-12-30,2025-12-30,24100.00,PE,NIFTY25DEC24100PE,120.80,128.50,107.30,108.40,107.30,128.15,25181.80,108.40,62325,19050,440,799163685.00,346,F1,75,,,,,
2025-10-09,2025-10-09,FO,NSE,IDO,65265,,NIFTY,,2025-12-30,2025-12-30,24450.00,PE,NIFTY25DEC24450PE,179.00,179.00,154.25,154.25,154.25,179.00,25181.80,154.25,4050,0,7,12921326.25,6,F1,75,,,,,
2025-10-09,2025-10-09,FO,NSE,IDO,65315,,NIFTY,,2025-12-30,2025-12-30,24650.00,PE,NIFTY25DEC24650PE,201.00,201.00,197.50,197.50,197.50,210.00,25181.80,263.75,2550,75,2,3727387.50,2,F1,75,,,,,
2025-10-09,2025-10-09,FO,NSE,IDO,65558,,NIFTY,,2025-12-30,2025-12-30,25650.00,PE,NIFTY25DEC25650PE,540.75,540.75,524.10,525.95,525.95,556.25,25181.80,677.90,3600,-75,3,5890560.00,3,F1,75,,,,,
2025-10-09,2025-10-09,FO,NSE,IDO,65639,,NIFTY,,2025-12-30,2025-12-30,26200.00,PE,NIFTY25DEC26200PE,0.00,0.00,0.00,928.40,928.40,928.40,25181.80,1012.80,375,0,0,0.00,0,F1,75,,,,,
2025-10-09,2025-10-09,FO,NSE,IDO,65692,,NIFTY,,2025-12-30,2025-12-30,26400.00,PE,NIFTY25DEC26400PE,1031.75,1085.90,985.20,985.20,985.20,1092.35,25181.80,985.20,10500,10275,185,380871817.50,80,F1,75,,,,,
2025-10-09,2025-10-09,FO,NSE,IDO,38153,,NIFTY,,2025-12-30,2025-12-30,29000.00,PE,NIFTY25DEC29000PE,3452.95,3495.00,3358.00,3364.75,3358.00,3516.00,25181.80,3364.75,649500,2475,110,267203493.75,72,F1,75,,,,,
2025-10-09,2025-10-09,FO,NSE,IDO,62921,,NIFTY,,2026-03-31,2026-03-31,22000.00,PE,NIFTY26MAR22000PE,69.80,70.50,64.40,65.45,64.40,70.75,25181.80,65.45,418650,8625,498,824201268.75,264,F1,75,,,,,
2025-10-09,2025-10-09,FO,NSE,IDO,37802,,NIFTY,,2026-06-30,2026-06-30,13000.00,PE,NIFTY26JUN13000PE,0.00,0.00,0.00,21.60,21.60,21.60,25181.80,0.05,200,0,0,0.00,0,F1,75,,,,,
2025-10-09,2025-10-09,FO,NSE,IDO,51455,,NIFTY,,2026-06-30,2026-06-30,21000.00,PE,NIFTY26JUN21000PE,78.00,78.00,78.00,78.00,78.00,76.10,25181.80,17.15,361950,75,1,1580850.00,1,F1,75,,,,,
2025-10-09,2025-10-09,FO,NSE,IDO,71475,,NIFTY,,2026-06-30,2026-06-30,25000.00,PE,NIFTY26JUN25000PE,505.05,506.65,465.30,469.55,466.00,509.20,25181.80,469.55,128550,3225,232,443401935.00,192,F1,75,,,,,
2025-10-09,2025-10-09,FO,NSE,IDO,58635,,NIFTY,,2026-12-29,2026-12-29,15000.00,PE,NIFTY26DEC15000PE,0.00,0.00,0.00,20.55,20.55,20.55,25181.80,0.05,1475,0,0,0.00,0,F1,75,,,,,
2025-10-09,2025-10-09,FO,NSE,IDO,58639,,NIFTY,,2026-12-29,2026-12-29,17000.00,PE,NIFTY26DEC17000PE,0.00,0.00,0.00,97.05,97.05,97.05,25181.80,0.35,2850,0,0,0.00,0,F1,75,,,,,
2025-10-09,2025-10-09,FO,NSE,IDO,38159,,NIFTY,,2026-12-29,2026-12-29,29000.00,PE,NIFTY26DEC29000PE,2310.00,2350.00,2310.00,2340.00,2340.00,5042.25,25181.80,2340.00,4575,4575,64,150423750.00,25,F1,75,,,,,
2025-10-09,2025-10-09,FO,NSE,IDO,53606,,NIFTY,,2027-12-28,2027-12-28,19000.00,PE,NIFTY27DEC19000PE,0.00,0.00,0.00,140.05,140.05,140.05,25181.80,20.85,675,0,0,0.00,0,F1,75,,,,,
2025-10-09,2025-10-09,FO,NSE,IDO,86162,,NIFTY,,2028-06-27,2028-06-27,26000.00,PE,NIFTY28JUN26000PE,0.00,0.00,0.00,2370.30,0.00,2370.30,25181.80,840.70,0,0,0,0.00,0,F1,75,,,,,
2025-10-09,2025-10-09,FO,NSE,IDO,86168,,NIFTY,,2028-06-27,2028-06-27,29000.00,PE,NIFTY28JUN29000PE,0.00,0.00,0.00,3595.90,0.00,3595.90,25181.80,1899.05,0,0,0,0.00,0,F1,75,,,,,
2025-10-09,2025-10-09,FO,NSE,IDO,67779,,NIFTY,,2028-12-26,2028-12-26,22000.00,PE,NIFTY28DEC22000PE,0.00,0.00,0.00,447.00,447.00,447.00,25181.80,175.90,375,0,0,0.00,0,F1,75,,,,,
2025-10-09,2025-10-09,FO,NSE,IDO,89615,,NIFTY,,2029-06-26,2029-06-26,19000.00,PE,NIFTY29JUN19000PE,0.00,0.00,0.00,170.30,0.00,170.30,25181.80,37.95,0,0,0,0.00,0,F1,75,,,,,
2025-10-09,2025-10-09,FO,NSE,IDO,89631,,NIFTY,,2029-06-26,2029-06-26,24000.00,PE,NIFTY29JUN24000PE,0.00,0.00,0.00,694.05,694.05,694.05,25181.80,391.65,25,0,0,0.00,0,F1,75,,,,,
2025-10-09,2025-10-09,FO,NSE,IDO,89639,,NIFTY,,2029-06-26,2029-06-26,28000.00,PE,NIFTY29JUN28000PE,0.00,0.00,0.00,1488.10,0.00,1488.10,25181.80,1262.55,0,0,0,0.00,0,F1,75,,,,,
2025-10-09,2025-10-09,FO,NSE,IDO,61411,,NIFTY,,2029-12-24,2029-12-24,20000.00,PE,NIFTY29DEC20000PE,0.00,0.00,0.00,202.30,0.00,202.30,25181.80,70.85,0,0,0,0.00,0,F1,75,,,,,
2025-10-09,2025-10-09,FO,NSE,IDO,60899,,NIFTY,,2030-06-25,2030-06-25,21000.00,PE,NIFTY30JUN21000PE,0.00,0.00,0.00,321.30,0.00,321.30,25181.80,115.40,0,0,0,0.00,0,F1,75,,,,,
2025-10-09,2025-10-09,FO,NSE,IDF,49543,,NIFTY,,2025-12-30,2025-12-30,,,NIFTY25DECFUT,25425.80,25573.90,25418.00,25561.40,25565.10,25406.60,25181.80,25561.40,259275,-4950,1469,2811975787.50,1187,F1,75,,,,,
2025-10-09,2025-10-09,FO,NSE,IDO,42547,,NIFTY,,2025-10-14,2025-10-14,23100.00,CE,NIFTY25O1423100CE,0.00,0.00,0.00,2080.00,2080.00,2080.00,25181.80,2100.00,75,0,0,0.00,0,F1,75,,,,,
2025-10-09,2025-10-09,FO,NSE,IDO,40167,,NIFTY,,2025-11-11,2025-11-11,26450.00,PE,NIFTY25N1126450PE,0.00,0.00,0.00,1291.75,0.00,1291.75,25181.80,1191.90,0,0,0,0.00,0,F1,75,,,,,
2025-10-09,2025-10-09,FO,NSE,IDO,40064,,NIFTY,,2025-11-11,2025-11-11,25150.00,PE,NIFTY25N1125150PE,390.85,390.85,390.85,390.85,390.85,419.55,25181.80,306.45,75,75,1,1915563.75,1,F1,75,,,,,
2025-10-09,2025-10-09,FO,NSE,IDO,39908,,NIFTY,,2025-11-11,2025-11-11,23300.00,PE,NIFTY25N1123300PE,0.00,0.00,0.00,20.20,0.00,20.20,25181.80,4.90,0,0,0,0.00,0,F1,75,,,,,
2025-10-09,2025-10-09,FO,NSE,IDO,47679,,NIFTY,,2025-11-04,2025-11-04,25950.00,PE,NIFTY25N0425950PE,0.00,0.00,0.00,881.65,0.00,881.65,25181.80,772.30,0,0,0,0.00,0,F1,75,,,,,
2025-10-09,2025-10-09,FO,NSE,IDO,47669,,NIFTY,,2025-11-04,2025-11-04,25750.00,PE,NIFTY25N0425750PE,0.00,0.00,0.00,751.30,0.00,751.30,25181.80,623.35,0,0,0,0.00,0,F1,75,,,,,
2025-10-09,2025-10-09,FO,NSE,IDO,59093,,NIFTY,,2025-10-28,2025-10-28,26650.00,PE,NIFTY25OCT26650PE,1356.00,1356.00,1356.00,1356.00,1356.00,1511.30,25181.80,1356.00,450,75,1,2100450.00,1,F1,75,,,,,
2025-10-09,2025-10-09,FO,NSE,IDO,45235,,NIFTY,,2025-10-20,2025-10-20,24700.00,PE,NIFTY25O2024700PE,44.15,44.45,20.60,22.30,20.60,43.80,25181.80,22.30,812475,127350,33774,62640471371.25,21020,F1,75,,,,,
2025-10-09,2025-10-09,FO,NSE,IDO,45224,,NIFTY,,2025-10-20,2025-10-20,24450.00,PE,NIFTY25O2024450PE,18.00,20.95,9.80,11.40,10.55,20.45,25181.80,11.40,114675,32325,4320,7926582067.50,3333,F1,75,,,,,
2025-10-09,2025-10-09,FO,NSE,IDO,42762,,NIFTY,,2025-10-14,2025-10-14,26550.00,PE,NIFTY25O1426550PE,0.00,0.00,0.00,1592.70,0.00,1592.70,25181.80,1347.30,0,0,0,0.00,0,F1,75,,,,,
2025-10-09,2025-10-09,FO,NSE,IDO,42738,,NIFTY,,2025-10-14,2025-10-14,26050.00,PE,NIFTY25O1426050PE,858.95,875.60,833.00,839.20,839.20,1101.05,25181.80,839.20,675,0,5,10087676.25,5,F1,75,,,,,
2025-10-09,2025-10-09,FO,NSE,IDO,42709,,NIFTY,,2025-10-14,2025-10-14,25500.00,PE,NIFTY25O1425500PE,415.85,447.00,288.45,298.60,296.40,449.75,25181.80,298.60,441450,48000,41378,80186708257.50,27936,F1,75,,,,,
2025-10-09,2025-10-09,FO,NSE,IDO,53214,,NIFTY,,2025-11-25,2025-11-25,26500.00,CE,NIFTY25NOV26500CE,34.40,43.50,32.80,40.80,41.00,32.80,25181.80,40.80,760725,10950,10198,20297916622.50,5470,F1,75,,,,,
2025-10-09,2025-10-09,FO,NSE,IDO,53228,,NIFTY,,2025-11-25,2025-11-25,26850.00,CE,NIFTY25NOV26850CE,0.00,0.00,0.00,174.40,0.00,174.40,25181.80,60.20,0,0,0,0.00,0,F1,75,,,,,
2025-10-09,2025-10-09,FO,NSE,IDO,53250,,NIFTY,,2025-11-25,2025-11-25,27150.00,CE,NIFTY25NOV27150CE,10.80,13.45,9.75,12.35,12.95,10.80,25181.80,12.35,44325,600,111,226123620.00,64,F1,75,,,,,
2025-10-09,2025-10-09,FO,NSE,IDO,60912,,NIFTY,,2030-06-25,2030-06-25,28000.00,CE,NIFTY30JUN28000CE,0.00,0.00,0.00,6483.00,0.00,6483.00,25181.80,4902.45,0,0,0,0.00,0,F1,75,,,,,
2025-10-09,2025-10-09,FO,NSE,IDO,67794,,NIFTY,,2028-12-26,2028-12-26,30000.00,CE,NIFTY28DEC30000CE,0.00,0.00,0.00,2558.00,2558.00,2558.00,25181.80,2396.25,7950,0,0,0.00,0,F1,75,,,,,
2025-10-09,2025-10-09,FO,NSE,IDO,67778,,NIFTY,,2028-12-26,2028-12-26,22000.00,CE,NIFTY28DEC22000CE,0.00,0.00,0.00,6932.45,0.00,6932.45,25181.80,7072.40,0,0,0,0.00,0,F1,75,,,,,
2025-10-09,2025-10-09,FO,NSE,IDO,86141,,NIFTY,,2028-06-27,2028-06-27,19000.00,CE,NIFTY28JUN19000CE,0.00,0.00,0.00,6252.25,0.00,6252.25,25181.80,8958.40,0,0,0,0.00,0,F1,75,,,,,
2025-10-09,2025-10-09,FO,NSE,IDO,50549,,NIFTY,,2027-06-29,2027-06-29,28000.00,CE,NIFTY27JUN28000CE,0.00,0.00,0.00,2186.30,0.00,2186.30,25181.80,1587.60,0,0,0,0.00,0,F1,75,,,,,
2025-10-09,2025-10-09,FO,NSE,IDO,71562,,NIFTY,,2027-06-29,2027-06-29,25000.00,CE,NIFTY27JUN25000CE,0.00,0.00,0.00,2090.05,0.00,2090.05,25181.80,3165.70,0,0,0,0.00,0,F1,75,,,,,
2025-10-09,2025-10-09,FO,NSE,IDO,50547,,NIFTY,,2026-12-29,2026-12-29,28000.00,CE,NIFTY26DEC28000CE,979.95,1038.35,965.00,1013.00,1017.10,949.35,25181.80,1013.00,54000,4950,95,206638961.25,95,F1,75,,,,,
2025-10-09,2025-10-09,FO,NSE,IDO,71501,,NIFTY,,2026-12-29,2026-12-29,24000.00,CE,NIFTY26DEC24000CE,3350.00,3350.00,3350.00,3350.00,3350.00,3250.00,25181.80,3180.15,9900,75,1,2051250.00,1,F1,75,,,,,
2025-10-09,2025-10-09,FO,NSE,IDO,58636,,NIFTY,,2026-12-29,2026-12-29,16000.00,CE,NIFTY26DEC16000CE,0.00,0.00,0.00,6200.00,6200.00,6200.00,25181.80,10267.45,50,0,0,0.00,0,F1,75,,,,,
2025-10-09,2025-10-09,FO,NSE,IDO,65923,,NIFTY,,2026-09-29,2026-09-29,30000.00,CE,NIFTY26SEP30000CE,0.00,0.00,0.00,404.40,0.00,404.40,25181.80,304.75,0,0,0,0.00,0,F1,75,,,,,
2025-10-09,2025-10-09,FO,NSE,IDO,50973,,NIFTY,,2026-06-30,2026-06-30,27000.00,CE,NIFTY26JUN27000CE,605.00,645.00,586.75,638.65,641.00,579.20,25181.80,638.65,91125,5325,162,335575361.25,140,F1,75,,,,,
2025-10-09,2025-10-09,FO,NSE,IDO,62932,,NIFTY,,2026-03-31,2026-03-31,28000.00,CE,NIFTY26MAR28000CE,117.80,131.75,116.10,127.40,126.70,114.95,25181.80,127.40,468300,11700,829,1748638158.75,420,F1,75,,,,,
2025-10-09,2025-10-09,FO,NSE,IDO,62926,,NIFTY,,2026-03-31,2026-03-31,25000.00,CE,NIFTY26MAR25000CE,1260.00,1352.95,1250.00,1344.45,1344.00,1237.65,25181.80,1344.45,322725,3000,287,566267347.50,253,F1,75,,,,,
2025-10-09,2025-10-09,FO,NSE,IDO,65695,,NIFTY,,2025-12-30,2025-12-30,26500.00,CE,NIFTY25DEC26500CE,120.00,149.05,117.45,140.95,141.00,115.80,25181.80,140.95,429900,34050,2772,5537456670.00,1354,F1,75,,,,,
2025-10-09,2025-10-09,FO,NSE,IDO,45873,,NIFTY,,2025-12-30,2025-12-30,17000.00,CE,NIFTY25DEC17000CE,8362.40,8362.40,8362.40,8362.40,8362.40,8215.25,25181.80,8362.40,107950,75,1,1902180.00,1,F1,75,,,,,
2025-10-09,2025-10-09,FO,NSE,IDO,42793,,NIFTY,,2025-10-14,2025-10-14,27150.00,CE,NIFTY25O1427150CE,0.75,0.80,0.55,0.55,0.55,0.85,25181.80,0.55,1497750,311925,38779,78965645036.25,4918,F1,75,,,,,
2025-10-09,2025-10-09,FO,NSE,IDO,42781,,NIFTY,,2025-10-14,2025-10-14,26950.00,CE,NIFTY25O1426950CE,0.80,1.05,0.55,0.60,0.55,0.95,25181.80,0.60,105450,38250,5312,10737163875.00,821,F1,75,,,,,
2025-10-09,2025-10-09,FO,NSE,IDO,42677,,NIFTY,,2025-10-14,2025-10-14,25050.00,CE,NIFTY25O1425050CE,115.00,211.00,104.65,192.80,193.10,104.80,25181.80,192.80,1681875,-1585275,1384553,2616537569700.00,876521,F1,75,,,,,
2025-10-09,2025-10-09,FO,NSE,IDO,65231,,NIFTY,,2025-12-30,2025-12-30,23950.00,PE,NIFTY25DEC23950PE,0.00,0.00,0.00,331.50,0.00,331.50,25181.80,111.35,0,0,0,0.00,0,F1,75,,,,,
2025-10-09,2025-10-09,FO,NSE,IDO,47480,,NIFTY,,2025-11-04,2025-11-04,24100.00,CE,NIFTY25N0424100CE,0.00,0.00,0.00,1351.80,0.00,1351.80,25181.80,1209.70,0,0,0,0.00,0,F1,75,,,,,
2025-10-09,2025-10-09,FO,NSE,IDO,58772,,NIFTY,,2025-10-28,2025-10-28,24100.00,CE,NIFTY25OCT24100CE,1090.00,1200.00,1060.00,1195.00,1190.00,1032.55,25181.80,1195.00,14175,-150,28,52962622.50,18,F1,75,,,,,
2025-10-09,2025-10-09,FO,NSE,IDO,47540,,NIFTY,,2025-11-04,2025-11-04,24550.00,CE,NIFTY25N0424550CE,0.00,0.00,0.00,1004.60,0.00,1004.60,25181.80,821.10,0,0,0,0.00,0,F1,75,,,,,
2025-10-09,2025-10-09,FO,NSE,IDO,39915,,NIFTY,,2025-11-11,2025-11-11,23450.00,CE,NIFTY25N1123450CE,0.00,0.00,0.00,1823.15,0.00,1823.15,25181.80,1861.15,0,0,0,0.00,0,F1,75,,,,,
2025-10-09,2025-10-09,FO,NSE,IDO,39946,,NIFTY,,2025-11-11,2025-11-11,23900.00,CE,NIFTY25N1123900CE,0.00,0.00,0.00,1416.05,0.00,1416.05,25181.80,1432.75,0,0,0,0.00,0,F1,75,,,,,
2025-10-09,2025-10-09,FO,NSE,IDO,40125,,NIFTY,,2025-11-11,2025-11-11,25750.00,CE,NIFTY25N1125750CE,0.00,0.00,0.00,269.75,0.00,269.75,25181.80,207.55,0,0,0,0.00,0,F1,75,,,,,
2025-10-09,2025-10-09,FO,NSE,IDO,40131,,NIFTY,,2025-11-11,2025-11-11,25900.00,CE,NIFTY25N1125900CE,96.85,96.85,71.45,79.40,79.85,139.15,25181.80,79.40,6675,6450,131,255231011.25,98,F1,75,,,,,
2025-10-09,2025-10-09,FO,NSE,IDO,52451,,NIFTY,,2025-11-25,2025-11-25,22850.00,CE,NIFTY25NOV22850CE,0.00,0.00,0.00,2120.75,0.00,2120.75,25181.80,2504.40,0,0,0,0.00,0,F1,75,,,,,
2025-10-09,2025-10-09,FO,NSE,IDO,52564,,NIFTY,,2025-11-25,2025-11-25,23450.00,CE,NIFTY25NOV23450CE,0.00,0.00,0.00,1970.00,1970.00,1970.00,25181.80,1923.65,2250,0,0,0.00,0,F1,75,,,,,
2025-10-09,2025-10-09,FO,NSE,IDO,67773,,NIFTY,,2028-12-26,2028-12-26,19000.00,PE,NIFTY28DEC19000PE,0.00,0.00,0.00,158.00,0.00,158.00,25181.80,33.50,0,0,0,0.00,0,F1,75,,,,,
2025-10-09,2025-10-09,FO,NSE,IDO,71565,,NIFTY,,2027-06-29,2027-06-29,26000.00,PE,NIFTY27JUN26000PE,0.00,0.00,0.00,6202.20,0.00,6202.20,25181.80,929.55,0,0,0,0.00,0,F1,75,,,,,
2025-10-09,2025-10-09,FO,NSE,IDO,38157,,NIFTY,,2026-06-30,2026-06-30,29000.00,PE,NIFTY26JUN29000PE,0.00,0.00,0.00,5546.10,0.00,5546.10,25181.80,2911.80,0,0,0,0.00,0,F1,75,,,,,
2025-10-09,2025-10-09,FO,NSE,IDO,71477,,NIFTY,,2026-06-30,2026-06-30,26000.00,PE,NIFTY26JUN26000PE,832.00,836.90,768.05,773.60,768.05,826.95,25181.80,773.60,79575,4125,129,259314716.25,116,F1,75,,,,,
2025-10-09,2025-10-09,FO,NSE,IDO,71473,,NIFTY,,2026-06-30,2026-06-30,24000.00,PE,NIFTY26JUN24000PE,285.95,300.00,272.00,274.30,273.90,292.80,25181.80,274.30,130650,-825,84,152957062.50,58,F1,75,,,,,
2025-10-09,2025-10-09,FO,NSE,IDO,58627,,NIFTY,,2026-06-30,2026-06-30,22000.00,PE,NIFTY26JUN22000PE,112.90,112.90,106.00,108.95,106.35,110.30,25181.80,108.95,22800,9525,214,354860231.25,85,F1,75,,,,,
2025-10-09,2025-10-09,FO,NSE,IDO,50444,,NIFTY,,2026-06-30,2026-06-30,14000.00,PE,NIFTY26JUN14000PE,0.00,0.00,0.00,20.05,20.05,20.05,25181.80,0.05,1525,0,0,0.00,0,F1,75,,,,,
2025-10-09,2025-10-09,FO,NSE,IDO,65726,,NIFTY,,2025-12-30,2025-12-30,26850.00,PE,NIFTY25DEC26850PE,0.00,0.00,0.00,2013.15,0.00,2013.15,25181.80,1493.95,0,0,0,0.00,0,F1,75,,,,,
2025-10-09,2025-10-09,FO,NSE,IDO,65714,,NIFTY,,2025-12-30,2025-12-30,26650.00,PE,NIFTY25DEC26650PE,0.00,0.00,0.00,1850.80,0.00,1850.80,25181.80,1337.25,0,0,0,0.00,0,F1,75,,,,,
2025-10-09,2025-10-09,FO,NSE,IDO,65556,,NIFTY,,2025-12-30,2025-12-30,25600.00,PE,NIFTY25DEC25600PE,547.00,573.00,495.15,496.50,496.65,578.75,25181.80,496.50,9750,1125,127,248713466.25,95,F1,75,,,,,
2025-10-09,2025-10-09,FO,NSE,IDO,45298,,NIFTY,,2025-10-20,2025-10-20,26200.00,CE,NIFTY25O2026200CE,3.30,3.90,2.30,2.60,2.30,3.50,25181.80,2.60,138600,16200,5935,11663691420.00,3228,F1,75,,,,,
2025-10-09,2025-10-09,FO,NSE,IDO,65181,,NIFTY,,2025-12-30,2025-12-30,23450.00,PE,NIFTY25DEC23450PE,0.00,0.00,0.00,66.00,66.00,66.00,25181.80,53.35,6150,0,0,0.00,0,F1,75,,,,,
2025-10-09,2025-10-09,FO,NSE,IDO,37797,,NIFTY,,2025-12-30,2025-12-30,13000.00,PE,NIFTY25DEC13000PE,0.00,0.00,0.00,3.00,3.00,3.00,25181.80,0.05,23975,0,0,0.00,0,F1,75,,,,,
2025-10-09,2025-10-09,FO,NSE,IDO,53245,,NIFTY,,2025-11-25,2025-11-25,27000.00,PE,NIFTY25NOV27000PE,1726.45,1729.00,1585.00,1585.70,1585.00,1745.15,25181.80,1585.70,36150,1350,70,150434703.75,31,F1,75,,,,,
2025-10-09,2025-10-09,FO,NSE,IDO,52786,,NIFTY,,2025-11-25,2025-11-25,24950.00,PE,NIFTY25NOV24950PE,215.60,238.95,183.75,184.00,183.75,240.40,25181.80,184.00,27075,2850,110,207438847.50,60,F1,75,,,,,
2025-10-09,2025-10-09,FO,NSE,IDO,52899,,NIFTY,,2025-11-25,2025-11-25,25950.00,CE,NIFTY25NOV25950CE,0.00,0.00,0.00,363.40,0.00,363.40,25181.80,230.35,0,0,0,0.00,0,F1,75,,,,,
2025-10-09,2025-10-09,FO,NSE,IDO,52537,,NIFTY,,2025-11-25,2025-11-25,23250.00,PE,NIFTY25NOV23250PE,0.00,0.00,0.00,55.20,55.20,55.20,25181.80,11.65,1125,0,0,0.00,0,F1,75,,,,,
2025-10-09,2025-10-09,FO,NSE,IDO,58709,,NIFTY,,2025-10-28,2025-10-28,22800.00,CE,NIFTY25OCT22800CE,0.00,0.00,0.00,2302.10,2302.10,2302.10,25181.80,2450.00,99975,0,0,0.00,0,F1,75,,,,,
2025-10-09,2025-10-09,FO,NSE,IDO,58727,,NIFTY,,2025-10-28,2025-10-28,23100.00,CE,NIFTY25OCT23100CE,0.00,0.00,0.00,1690.00,1690.00,1690.00,25181.80,2151.05,675,0,0,0.00,0,F1,75,,,,,
2025-10-09,2025-10-09,FO,NSE,IDO,58742,,NIFTY,,2025-10-28,2025-10-28,23400.00,CE,NIFTY25OCT23400CE,0.00,0.00,0.00,1615.55,1615.50,1615.55,25181.80,1852.65,4725,0,0,0.00,0,F1,75,,,,,
2025-10-09,2025-10-09,FO,NSE,IDO,58748,,NIFTY,,2025-10-28,2025-10-28,23550.00,CE,NIFTY25OCT23550CE,0.00,0.00,0.00,1569.30,1569.30,1569.30,25181.80,1704.00,300,0,0,0.00,0,F1,75,,,,,
2025-10-09,2025-10-09,FO,NSE,IDO,58866,,NIFTY,,2025-10-28,2025-10-28,24650.00,CE,NIFTY25OCT24650CE,564.00,683.15,555.15,676.25,673.10,537.95,25181.80,676.25,78900,-375,51,96693060.00,46,F1,75,,,,,
2025-10-09,2025-10-09,FO,NSE,IDO,58938,,NIFTY,,2025-10-28,2025-10-28,25500.00,CE,NIFTY25OCT25500CE,72.00,114.85,70.25,104.80,105.50,67.35,25181.80,104.80,5063025,-49650,107263,205915309590.00,61322,F1,75,,,,,
2025-10-09,2025-10-09,FO,NSE,IDO,58953,,NIFTY,,2025-10-28,2025-10-28,25650.00,CE,NIFTY25OCT25650CE,43.65,68.55,42.00,61.20,62.20,40.60,25181.80,61.20,215550,-5700,5967,11504451753.75,4301,F1,75,,,,,
2025-10-09,2025-10-09,FO,NSE,IDO,58974,,NIFTY,,2025-10-28,2025-10-28,25900.00,CE,NIFTY25OCT25900CE,20.10,28.00,19.15,24.15,24.60,18.65,25181.80,24.15,786075,177225,18189,35364944827.50,11432,F1,75,,,,,
2025-10-09,2025-10-09,FO,NSE,IDO,59037,,NIFTY,,2025-10-28,2025-10-28,26250.00,CE,NIFTY25OCT26250CE,10.30,10.30,8.15,8.85,8.55,8.60,25181.80,8.85,90825,-6975,2702,5321431800.00,1549,F1,75,,,,,
2025-10-09,2025-10-09,FO,NSE,IDO,59088,,NIFTY,,2025-10-28,2025-10-28,26600.00,CE,NIFTY25OCT26600CE,4.50,5.80,3.70,4.00,4.20,4.80,25181.80,4.00,130275,4275,4310,8599802595.00,1862,F1,75,,,,,
2025-10-09,2025-10-09,FO,NSE,IDO,59099,,NIFTY,,2025-10-28,2025-10-28,26700.00,CE,NIFTY25OCT26700CE,4.25,4.45,3.35,3.60,3.55,4.30,25181.80,3.60,53550,-5175,713,1427984066.25,337,F1,75,,,,,
2025-10-09,2025-10-09,FO,NSE,IDO,59115,,NIFTY,,2025-10-28,2025-10-28,27100.00,CE,NIFTY25OCT27100CE,2.30,2.50,2.10,2.35,2.25,2.60,25181.80,2.35,36150,-825,105,213431152.50,38,F1,75,,,,,
2025-10-09,2025-10-09,FO,NSE,IDO,47345,,NIFTY,,2025-11-04,2025-11-04,22950.00,CE,NIFTY25N0422950CE,0.00,0.00,0.00,2393.95,0.00,2393.95,25181.80,2326.10,0,0,0,0.00,0,F1,75,,,,,
2025-10-09,2025-10-09,FO,NSE,IDO,47424,,NIFTY,,2025-11-04,2025-11-04,23550.00,CE,NIFTY25N0423550CE,0.00,0.00,0.00,1829.90,0.00,1829.90,25181.80,1733.40,0,0,0,0.00,0,F1,75,,,,,
2025-10-09,2025-10-09,FO,NSE,IDO,47470,,NIFTY,,2025-11-04,2025-11-04,24000.00,CE,NIFTY25N0424000CE,0.00,0.00,0.00,1120.00,1120.00,1120.00,25181.80,1302.10,75,0,0,0.00,0,F1,75,,,,,
2025-10-09,2025-10-09,FO,NSE,IDO,47496,,NIFTY,,2025-11-04,2025-11-04,24300.00,CE,NIFTY25N0424300CE,0.00,0.00,0.00,1191.80,0.00,1191.80,25181.80,1030.65,0,0,0,0.00,0,F1,75,,,,,
2025-10-09,2025-10-09,FO,NSE,IDO,47510,,NIFTY,,2025-11-04,2025-11-04,24450.00,CE,NIFTY25N0424450CE,0.00,0.00,0.00,847.00,847.00,847.00,25181.80,902.75,75,0,0,0.00,0,F1,75,,,,,
2025-10-09,2025-10-09,FO,NSE,IDO,47584,,NIFTY,,2025-11-04,2025-11-04,24850.00,CE,NIFTY25N0424850CE,0.00,0.00,0.00,551.00,551.00,551.00,25181.80,597.40,525,0,0,0.00,0,F1,75,,,,,
2025-10-09,2025-10-09,FO,NSE,IDO,47602,,NIFTY,,2025-11-04,2025-11-04,25000.00,CE,NIFTY25N0425000CE,381.15,457.00,358.65,441.85,442.05,342.35,25181.80,441.85,30750,12975,415,791220472.50,395,F1,75,,,,,
2025-10-09,2025-10-09,FO,NSE,IDO,47636,,NIFTY,,2025-11-04,2025-11-04,25350.00,CE,NIFTY25N0425350CE,176.90,230.35,174.25,221.55,221.85,162.20,25181.80,221.55,9225,600,79,151424527.50,62,F1,75,,,,,
2025-10-09,2025-10-09,FO,NSE,IDO,47692,,NIFTY,,2025-11-04,2025-11-04,26050.00,CE,NIFTY25N0426050CE,0.00,0.00,0.00,252.80,0.00,252.80,25181.80,90.20,0,0,0,0.00,0,F1,75,,,,,
2025-10-09,2025-10-09,FO,NSE,IDO,39907,,NIFTY,,2025-11-11,2025-11-11,23300.00,CE,NIFTY25N1123300CE,0.00,0.00,0.00,1964.40,0.00,1964.40,25181.80,2007.50,0,0,0,0.00,0,F1,75,,,,,
2025-10-09,2025-10-09,FO,NSE,IDO,39958,,NIFTY,,2025-11-11,2025-11-11,24150.00,CE,NIFTY25N1124150CE,0.00,0.00,0.00,1204.80,0.00,1204.80,25181.80,1206.25,0,0,0,0.00,0,F1,75,,,,,
2025-10-09,2025-10-09,FO,NSE,IDO,39995,,NIFTY,,2025-11-11,2025-11-11,24550.00,CE,NIFTY25N1124550CE,0.00,0.00,0.00,897.15,0.00,897.15,25181.80,872.40,0,0,0,0.00,0,F1,75,,,,,
2025-10-09,2025-10-09,FO,NSE,IDO,40078,,NIFTY,,2025-11-11,2025-11-11,25250.00,CE,NIFTY25N1125250CE,276.85,342.35,261.10,319.75,319.75,262.90,25181.80,415.05,1200,900,17,32604063.75,17,F1,75,,,,,
2025-10-09,2025-10-09,FO,NSE,IDO,40166,,NIFTY,,2025-11-11,2025-11-11,26450.00,CE,NIFTY25N1126450CE,0.00,0.00,0.00,104.35,0.00,104.35,25181.80,60.85,0,0,0,0.00,0,F1,75,,,,,
2025-10-09,2025-10-09,FO,NSE,IDO,40170,,NIFTY,,2025-11-11,2025-11-11,26500.00,CE,NIFTY25N1126500CE,0.00,0.00,0.00,96.75,0.00,96.75,25181.80,55.05,0,0,0,0.00,0,F1,75,,,,,
2025-10-09,2025-10-09,FO,NSE,IDO,52546,,NIFTY,,2025-11-25,2025-11-25,23350.00,CE,NIFTY25NOV23350CE,0.00,0.00,0.00,1719.15,0.00,1719.15,25181.80,2018.95,0,0,0,0.00,0,F1,75,,,,,
2025-10-09,2025-10-09,FO,NSE,IDO,52582,,NIFTY,,2025-11-25,2025-11-25,23500.00,CE,NIFTY25NOV23500CE,1840.00,1905.00,1791.00,1905.00,1905.00,1754.95,25181.80,1905.00,16425,225,4,7605825.00,4,F1,75,,,,,
2025-10-09,2025-10-09,FO,NSE,IDO,52645,,NIFTY,,2025-11-25,2025-11-25,23950.00,CE,NIFTY25NOV23950CE,0.00,0.00,0.00,1256.90,1256.90,1256.90,25181.80,1463.20,75,0,0,0.00,0,F1,75,,,,,
2025-10-09,2025-10-09,FO,NSE,IDO,52693,,NIFTY,,2025-11-25,2025-11-25,24250.00,CE,NIFTY25NOV24250CE,0.00,0.00,0.00,1034.60,1034.60,1034.60,25181.80,1205.80,150,0,0,0.00,0,F1,75,,,,,
2025-10-09,2025-10-09,FO,NSE,IDO,52779,,NIFTY,,2025-11-25,2025-11-25,24950.00,CE,NIFTY25NOV24950CE,640.00,640.00,618.80,618.80,618.80,539.25,25181.80,691.60,6225,-75,2,3836910.00,2,F1,75,,,,,
2025-10-09,2025-10-09,FO,NSE,IDO,52803,,NIFTY,,2025-11-25,2025-11-25,25150.00,CE,NIFTY25NOV25150CE,428.30,505.80,423.55,497.80,502.65,413.35,25181.80,497.80,12375,1275,177,340245761.25,143,F1,75,,,,,
2025-10-09,2025-10-09,FO,NSE,IDO,52881,,NIFTY,,2025-11-25,2025-11-25,25800.00,CE,NIFTY25NOV25800CE,145.05,186.50,142.00,178.55,180.00,140.55,25181.80,178.55,258975,9900,2284,4448155511.25,1453,F1,75,,,,,
2025-10-09,2025-10-09,FO,NSE,IDO,52952,,NIFTY,,2025-11-25,2025-11-25,26100.00,CE,NIFTY25NOV26100CE,77.50,103.30,76.35,97.10,96.90,75.50,25181.80,97.10,205050,-150,2473,4858522020.00,1706,F1,75,,,,,
2025-10-09,2025-10-09,FO,NSE,IDO,52979,,NIFTY,,2025-11-25,2025-11-25,26150.00,CE,NIFTY25NOV26150CE,77.00,91.05,74.45,88.50,87.50,67.75,25181.80,88.50,14400,975,55,108224373.75,35,F1,75,,,,,
2025-10-09,2025-10-09,FO,NSE,IDO,53220,,NIFTY,,2025-11-25,2025-11-25,26650.00,CE,NIFTY25NOV26650CE,0.00,0.00,0.00,207.20,0.00,207.20,25181.80,83.60,0,0,0,0.00,0,F1,75,,,,,
2025-10-09,2025-10-09,FO,NSE,IDO,53248,,NIFTY,,2025-11-25,2025-11-25,27100.00,CE,NIFTY25NOV27100CE,0.00,0.00,0.00,139.60,0.00,139.60,25181.80,38.95,0,0,0,0.00,0,F1,75,,,,,
2025-10-09,2025-10-09,FO,NSE,IDO,38376,,NIFTY,,2025-12-30,2025-12-30,20000.00,CE,NIFTY25DEC20000CE,5482.00,5490.05,5456.85,5483.65,5490.05,5326.95,25181.80,5483.65,368125,300,11,21019646.25,11,F1,75,,,,,
2025-10-09,2025-10-09,FO,NSE,IDO,65125,,NIFTY,,2025-12-30,2025-12-30,22950.00,CE,NIFTY25DEC22950CE,0.00,0.00,0.00,2128.10,0.00,2128.10,25181.80,2549.15,0,0,0,0.00,0,F1,75,,,,,
2025-10-09,2025-10-09,FO,NSE,IDO,65176,,NIFTY,,2025-12-30,2025-12-30,23400.00,CE,NIFTY25DEC23400CE,0.00,0.00,0.00,1760.90,0.00,1760.90,25181.80,2131.40,0,0,0,0.00,0,F1,75,,,,,
2025-10-09,2025-10-09,FO,NSE,IDO,65206,,NIFTY,,2025-12-30,2025-12-30,23600.00,CE,NIFTY25DEC23600CE,0.00,0.00,0.00,1607.45,0.00,1607.45,25181.80,1951.95,0,0,0,0.00,0,F1,75,,,,,
2025-10-09,2025-10-09,FO,NSE,IDO,65218,,NIFTY,,2025-12-30,2025-12-30,23750.00,CE,NIFTY25DEC23750CE,0.00,0.00,0.00,1497.65,0.00,1497.65,25181.80,1820.65,0,0,0,0.00,0,F1,75,,,,,
2025-10-09,2025-10-09,FO,NSE,IDO,65228,,NIFTY,,2025-12-30,2025-12-30,23950.00,CE,NIFTY25DEC23950CE,0.00,0.00,0.00,1355.25,0.00,1355.25,25181.80,1650.55,0,0,0,0.00,0,F1,75,,,,,
2025-10-09,2025-10-09,FO,NSE,IDO,65232,,NIFTY,,2025-12-30,2025-12-30,24050.00,CE,NIFTY25DEC24050CE,0.00,0.00,0.00,1287.40,0.00,1287.40,25181.80,1567.90,0,0,0,0.00,0,F1,75,,,,,
2025-10-09,2025-10-09,FO,NSE,IDO,65242,,NIFTY,,2025-12-30,2025-12-30,24150.00,CE,NIFTY25DEC24150CE,0.00,0.00,0.00,1221.50,0.00,1221.50,25181.80,1487.00,0,0,0,0.00,0,F1,75,,,,,
2025-10-09,2025-10-09,FO,NSE,IDO,65272,,NIFTY,,2025-12-30,2025-12-30,24600.00,CE,NIFTY25DEC24600CE,1111.75,1111.75,1111.75,1111.75,1111.75,1016.15,25181.80,1147.00,300,0,1,1928381.25,1,F1,75,,,,,
2025-10-09,2025-10-09,FO,NSE,IDO,65559,,NIFTY,,2025-12-30,2025-12-30,25700.00,CE,NIFTY25DEC25700CE,391.60,430.75,367.80,417.00,416.80,355.40,25181.80,417.00,15975,750,129,252588251.25,104,F1,75,,,,,
2025-10-09,2025-10-09,FO,NSE,IDO,65569,,NIFTY,,2025-12-30,2025-12-30,25850.00,CE,NIFTY25DEC25850CE,325.55,354.50,307.80,347.60,347.60,297.30,25181.80,347.60,5250,1575,33,64787336.25,19,F1,75,,,,,
2025-10-09,2025-10-09,FO,NSE,IDO,65713,,NIFTY,,2025-12-30,2025-12-30,26650.00,CE,NIFTY25DEC26650CE,0.00,0.00,0.00,215.45,0.00,215.45,25181.80,211.10,0,0,0,0.00,0,F1,75,,,,,
2025-10-09,2025-10-09,FO,NSE,IDO,62914,,NIFTY,,2026-03-31,2026-03-31,19000.00,CE,NIFTY26MAR19000CE,0.00,0.00,0.00,5966.85,0.00,5966.85,25181.80,6692.70,0,0,0,0.00,0,F1,75,,,,,
2025-10-09,2025-10-09,FO,NSE,IDO,39989,,NIFTY,,2026-06-30,2026-06-30,19000.00,CE,NIFTY26JUN19000CE,0.00,0.00,0.00,5792.00,5792.00,5792.00,25181.80,6956.70,100,0,0,0.00,0,F1,75,,,,,
2025-10-09,2025-10-09,FO,NSE,IDO,65891,,NIFTY,,2026-09-29,2026-09-29,20000.00,CE,NIFTY26SEP20000CE,0.00,0.00,0.00,5846.90,0.00,5846.90,25181.80,6279.95,0,0,0,0.00,0,F1,75,,,,,
2025-10-09,2025-10-09,FO,NSE,IDO,71503,,NIFTY,,2026-12-29,2026-12-29,25000.00,CE,NIFTY26DEC25000CE,2616.50,2698.00,2616.50,2687.25,2660.10,2589.85,25181.80,2687.25,73475,2925,103,213812928.75,62,F1,75,,,,,
2025-10-09,2025-10-09,FO,NSE,IDO,42136,,NIFTY,,2026-12-29,2026-12-29,31000.00,CE,NIFTY26DEC31000CE,245.00,257.95,245.00,257.95,257.95,245.00,25181.80,326.45,21825,150,11,25781846.25,9,F1,75,,,,,
2025-10-09,2025-10-09,FO,NSE,IDO,71553,,NIFTY,,2027-06-29,2027-06-29,21000.00,CE,NIFTY27JUN21000CE,0.00,0.00,0.00,3061.80,0.00,3061.80,25181.80,6228.80,0,0,0,0.00,0,F1,75,,,,,
2025-10-09,2025-10-09,FO,NSE,IDO,71564,,NIFTY,,2027-06-29,2027-06-29,26000.00,CE,NIFTY27JUN26000CE,0.00,0.00,0.00,1900.85,0.00,1900.85,25181.80,2560.45,0,0,0,0.00,0,F1,75,,,,,
2025-10-09,2025-10-09,FO,NSE,IDO,38160,,NIFTY,,2027-06-29,2027-06-29,29000.00,CE,NIFTY27JUN29000CE,0.00,0.00,0.00,1545.20,0.00,1545.20,25181.80,1217.70,0,0,0,0.00,0,F1,75,,,,,
2025-10-09,2025-10-09,FO,NSE,IDO,53626,,NIFTY,,2027-12-28,2027-12-28,25000.00,CE,NIFTY27DEC25000CE,0.00,0.00,0.00,4000.00,4000.00,4000.00,25181.80,3796.85,225,0,0,0.00,0,F1,75,,,,,
2025-10-09,2025-10-09,FO,NSE,IDO,38164,,NIFTY,,2027-12-28,2027-12-28,29000.00,CE,NIFTY27DEC29000CE,0.00,0.00,0.00,1932.55,0.00,1932.55,25181.80,1742.30,0,0,0,0.00,0,F1,75,,,,,
2025-10-09,2025-10-09,FO,NSE,IDO,86165,,NIFTY,,2028-06-27,2028-06-27,28000.00,CE,NIFTY28JUN28000CE,0.00,0.00,0.00,2596.45,0.00,2596.45,25181.80,2721.45,0,0,0,0.00,0,F1,75,,,,,
2025-10-09,2025-10-09,FO,NSE,IDO,86167,,NIFTY,,2028-06-27,2028-06-27,29000.00,CE,NIFTY28JUN29000CE,0.00,0.00,0.00,2333.25,0.00,2333.25,25181.80,2276.45,0,0,0,0.00,0,F1,75,,,,,
2025-10-09,2025-10-09,FO,NSE,IDO,89638,,NIFTY,,2029-06-26,2029-06-26,28000.00,CE,NIFTY29JUN28000CE,0.00,0.00,0.00,6112.60,0.00,6112.60,25181.80,3829.90,0,0,0,0.00,0,F1,75,,,,,
2025-10-09,2025-10-09,FO,NSE,IDO,61659,,NIFTY,,2029-12-24,2029-12-24,21000.00,CE,NIFTY29DEC21000CE,0.00,0.00,0.00,9463.95,0.00,9463.95,25181.80,8812.70,0,0,0,0.00,0,F1,75,,,,,
2025-10-09,2025-10-09,FO,NSE,IDO,61748,,NIFTY,,2029-12-24,2029-12-24,24000.00,CE,NIFTY29DEC24000CE,0.00,0.00,0.00,7730.00,0.00,7730.00,25181.80,6719.15,0,0,0,0.00,0,F1,75,,,,,
2025-10-09,2025-10-09,FO,NSE,IDO,60900,,NIFTY,,2030-06-25,2030-06-25,22000.00,CE,NIFTY30JUN22000CE,0.00,0.00,0.00,9790.15,0.00,9790.15,25181.80,8578.45,0,0,0,0.00,0,F1,75,,,,,
2025-10-09,2025-10-09,FO,NSE,IDO,60925,,NIFTY,,2030-06-25,2030-06-25,29000.00,CE,NIFTY30JUN29000CE,0.00,0.00,0.00,6019.20,0.00,6019.20,25181.80,4403.60,0,0,0,0.00,0,F1,75,,,,,
2025-10-09,2025-10-09,FO,NSE,IDO,42542,,NIFTY,,2025-10-14,2025-10-14,23000.00,PE,NIFTY25O1423000PE,1.10,1.40,0.95,1.10,1.05,1.20,25181.80,1.10,2341650,432000,107916,186164728785.00,15553,F1,75,,,,,
2025-10-09,2025-10-09,FO,NSE,IDO,42594,,NIFTY,,2025-10-14,2025-10-14,23650.00,PE,NIFTY25O1423650PE,1.95,2.15,1.35,1.70,1.45,1.95,25181.80,1.70,154725,53550,43371,76935238492.50,6493,F1,75,,,,,
2025-10-09,2025-10-09,FO,NSE,IDO,42626,,NIFTY,,2025-10-14,2025-10-14,24200.00,PE,NIFTY25O1424200PE,3.05,3.70,2.30,2.90,2.45,3.55,25181.80,2.90,4057200,1495200,528653,959629463156.25,98250,F1,75,,,,,
2025-10-09,2025-10-09,FO,NSE,IDO,42670,,NIFTY,,2025-10-14,2025-10-14,24900.00,PE,NIFTY25O1424900PE,41.40,44.65,11.60,13.65,12.15,42.70,25181.80,13.65,6939525,505875,1902368,3556291862598.75,652858,F1,75,,,,,
2025-10-09,2025-10-09,FO,NSE,IDO,42690,,NIFTY,,2025-10-14,2025-10-14,25200.00,PE,NIFTY25O1425200PE,173.05,184.25,75.65,79.95,77.60,186.50,25181.80,79.95,6897525,3894450,2455302,4660106564535.00,1294038,F1,75,,,,,
2025-10-09,2025-10-09,FO,NSE,IDO,42704,,NIFTY,,2025-10-14,2025-10-14,25400.00,PE,NIFTY25O1425400PE,342.00,352.80,201.40,210.90,208.40,355.05,25181.80,210.90,376800,63375,95326,183359265513.75,65032,F1,75,,,,,
2025-10-09,2025-10-09,FO,NSE,IDO,42712,,NIFTY,,2025-10-14,2025-10-14,25550.00,PE,NIFTY25O1425550PE,468.05,493.65,335.70,345.40,342.10,496.55,25181.80,345.40,98925,69825,3705,7203982012.50,2562,F1,75,,,,,
2025-10-09,2025-10-09,FO,NSE,IDO,42714,,NIFTY,,2025-10-14,2025-10-14,25600.00,PE,NIFTY25O1425600PE,514.40,543.20,382.60,393.05,389.35,545.40,25181.80,393.05,117525,600,4351,8494240376.25,3148,F1,75,,,,,
2025-10-09,2025-10-09,FO,NSE,IDO,42734,,NIFTY,,2025-10-14,2025-10-14,26000.00,PE,NIFTY25O1426000PE,921.00,927.10,779.50,788.65,787.00,941.15,25181.80,788.65,187425,-39525,984,1979229843.75,470,F1,75,,,,,
2025-10-09,2025-10-09,FO,NSE,IDO,42748,,NIFTY,,2025-10-14,2025-10-14,26250.00,PE,NIFTY25O1426250PE,1050.40,1050.40,1023.60,1037.00,1023.60,1301.75,25181.80,1037.00,525,0,2,4093050.00,2,F1,75,,,,,
2025-10-09,2025-10-09,FO,NSE,IDO,45133,,NIFTY,,2025-10-20,2025-10-20,22850.00,PE,NIFTY25O2022850PE,2.20,3.40,2.10,2.35,2.20,2.50,25181.80,2.35,54525,33750,799,1369429020.00,557,F1,75,,,,,
2025-10-09,2025-10-09,FO,NSE,IDO,45157,,NIFTY,,2025-10-20,2025-10-20,23200.00,PE,NIFTY25O2023200PE,3.10,3.45,2.30,2.55,2.30,3.10,25181.80,2.55,27450,750,313,544685250.00,107,F1,75,,,,,
2025-10-09,2025-10-09,FO,NSE,IDO,45217,,NIFTY,,2025-10-20,2025-10-20,24350.00,PE,NIFTY25O2024350PE,13.00,16.00,7.50,9.00,8.25,16.05,25181.80,9.00,65625,56325,2427,4434260160.00,1213,F1,75,,,,,
2025-10-09,2025-10-09,FO,NSE,IDO,45222,,NIFTY,,2025-10-20,2025-10-20,24400.00,PE,NIFTY25O2024400PE,15.00,18.15,8.85,10.20,9.10,17.70,25181.80,10.20,372150,-2475,16694,30566473597.50,11837,F1,75,,,,,
2025-10-09,2025-10-09,FO,NSE,IDO,45251,,NIFTY,,2025-10-20,2025-10-20,25050.00,PE,NIFTY25O2025050PE,128.15,135.00,71.75,73.95,73.10,136.95,25181.80,73.95,291450,43575,22378,42206979806.25,13348,F1,75,,,,,
2025-10-09,2025-10-09,FO,NSE,IDO,45287,,NIFTY,,2025-10-20,2025-10-20,25900.00,PE,NIFTY25O2025900PE,805.00,805.00,653.05,661.45,665.00,814.40,25181.80,661.45,1350,-300,27,53888130.00,20,F1,75,,,,,
2025-10-09,2025-10-09,FO,NSE,IDO,45321,,NIFTY,,2025-10-20,2025-10-20,26700.00,PE,NIFTY25O2026700PE,0.00,0.00,0.00,1399.45,0.00,1399.45,25181.80,1472.85,0,0,0,0.00,0,F1,75,,,,,
2025-10-09,2025-10-09,FO,NSE,IDO,45329,,NIFTY,,2025-10-20,2025-10-20,26900.00,PE,NIFTY25O2026900PE,0.00,0.00,0.00,1574.25,0.00,1574.25,25181.80,1671.90,0,0,0,0.00,0,F1,75,,,,,
2025-10-09,2025-10-09,FO,NSE,IDO,45331,,NIFTY,,2025-10-20,2025-10-20,26950.00,PE,NIFTY25O2026950PE,0.00,0.00,0.00,1618.90,0.00,1618.90,25181.80,1721.75,0,0,0,0.00,0,F1,75,,,,,
2025-10-09,2025-10-09,FO,NSE,IDO,58735,,NIFTY,,2025-10-28,2025-10-28,23200.00,PE,NIFTY25OCT23200PE,6.85,7.50,5.05,5.90,5.20,7.20,25181.80,5.90,429000,-5400,1771,3082382606.25,910,F1,75,,,,,
2025-10-09,2025-10-09,FO,NSE,IDO,58783,,NIFTY,,2025-10-28,2025-10-28,24350.00,PE,NIFTY25OCT24350PE,30.95,35.30,20.90,22.05,22.55,34.25,25181.80,22.05,121575,-13125,1859,3398664761.25,1086,F1,75,,,,,
2025-10-09,2025-10-09,FO,NSE,IDO,58926,,NIFTY,,2025-10-28,2025-10-28,25200.00,PE,NIFTY25OCT25200PE,230.00,244.25,162.55,165.80,164.00,246.80,25181.80,165.80,1716225,-36450,65946,125584569195.00,41476,F1,75,,,,,
2025-10-09,2025-10-09,FO,NSE,IDO,58932,,NIFTY,,2025-10-28,2025-10-28,25350.00,PE,NIFTY25OCT25350PE,314.95,330.00,231.00,233.80,231.75,336.80,25181.80,233.80,76050,11250,3332,6397536472.50,1923,F1,75,,,,,
2025-10-09,2025-10-09,FO,NSE,IDO,47541,,NIFTY,,2025-11-04,2025-11-04,24550.00,PE,NIFTY25N0424550PE,0.00,0.00,0.00,213.10,0.00,213.10,25181.80,88.95,0,0,0,0.00,0,F1,75,,,,,
2025-10-09,2025-10-09,FO,NSE,IDO,47645,,NIFTY,,2025-11-04,2025-11-04,25450.00,PE,NIFTY25N0425450PE,0.00,0.00,0.00,576.85,0.00,576.85,25181.80,429.70,0,0,0,0.00,0,F1,75,,,,,
2025-10-09,2025-10-09,FO,NSE,IDO,47698,,NIFTY,,2025-11-04,2025-11-04,26100.00,PE,NIFTY25N0426100PE,0.00,0.00,0.00,986.30,0.00,986.30,25181.80,892.90,0,0,0,0.00,0,F1,75,,,,,
2025-10-09,2025-10-09,FO,NSE,IDO,39971,,NIFTY,,2025-11-11,2025-11-11,24400.00,PE,NIFTY25N1124400PE,0.00,0.00,0.00,157.10,0.00,157.10,25181.80,84.35,0,0,0,0.00,0,F1,75,,,,,
2025-10-09,2025-10-09,FO,NSE,IDO,40079,,NIFTY,,2025-11-11,2025-11-11,25250.00,PE,NIFTY25N1125250PE,0.00,0.00,0.00,468.25,0.00,468.25,25181.80,352.30,0,0,0,0.00,0,F1,75,,,,,
2025-10-09,2025-10-09,FO,NSE,IDO,40114,,NIFTY,,2025-11-11,2025-11-11,25600.00,PE,NIFTY25N1125600PE,0.00,0.00,0.00,665.00,0.00,665.00,25181.80,544.95,0,0,0,0.00,0,F1,75,,,,,
2025-10-09,2025-10-09,FO,NSE,IDO,40126,,NIFTY,,2025-11-11,2025-11-11,25750.00,PE,NIFTY25N1125750PE,0.00,0.00,0.00,761.30,0.00,761.30,25181.80,642.25,0,0,0,0.00,0,F1,75,,,,,
2025-10-09,2025-10-09,FO,NSE,IDO,40139,,NIFTY,,2025-11-11,2025-11-11,26100.00,CE,NIFTY25N1126100CE,0.00,0.00,0.00,171.95,0.00,171.95,25181.80,116.80,0,0,0,0.00,0,F1,75,,,,,
2025-10-09,2025-10-09,FO,NSE,IDO,40132,,NIFTY,,2025-11-11,2025-11-11,25900.00,PE,NIFTY25N1125900PE,0.00,0.00,0.00,864.25,0.00,864.25,25181.80,747.65,0,0,0,0.00,0,F1,75,,,,,
