TradDt,BizDt,Sgmt,Src,FinInstrmTp,FinInstrmId,ISIN,TckrSymb,SctySrs,XpryDt,FininstrmActlXpryDt,StrkPric,OptnTp,FinInstrmNm,OpnPric,HghPric,LwPric,ClsPric,LastPric,PrvsClsgPric,UndrlygPric,SttlmPric,OpnIntrst,ChngInOpnIntrst,TtlTradgVol,TtlTrfVal,TtlNbOfTxsExctd,SsnId,NewBrdLotQty,Rmks,Rsvd1,Rsvd2,Rsvd3,Rsvd4
2025-06-09,2025-06-09,FO,NSE,IDO,58034,,NIFTY,,2025-07-03,2025-07-03,26100.00,CE,NIFTY2570326100CE,68.15,80.00,68.15,73.60,73.50,70.70,25103.20,73.60,3900,1275,32,62825696.25,14,F1,75,,,,,
2025-06-09,2025-06-09,FO,NSE,IDO,56755,,NIFTY,,2025-07-03,2025-07-03,25300.00,CE,NIFTY2570325300CE,328.15,343.00,313.00,319.85,320.00,296.25,25103.20,319.85,5775,1725,56,107620286.25,40,F1,75,,,,,
2025-06-09,2025-06-09,FO,NSE,IDO,56705,,NIFTY,,2025-07-03,2025-07-03,25050.00,CE,NIFTY2570325050CE,415.70,470.00,415.70,457.90,457.90,421.10,25103.20,457.90,525,75,10,19127370.00,9,F1,75,,,,,
2025-06-09,2025-06-09,FO,NSE,IDO,56436,,NIFTY,,2025-07-03,2025-07-03,24150.00,CE,NIFTY2570324150CE,0.00,0.00,0.00,952.85,0.00,952.85,25103.20,1144.10,0,0,0,0.00,0,F1,75,,,,,
2025-06-09,2025-06-09,FO,NSE,IDO,56089,,NIFTY,,2025-07-03,2025-07-03,23250.00,CE,NIFTY2570323250CE,0.00,0.00,0.00,1636.60,0.00,1636.60,25103.20,1958.60,0,0,0,0.00,0,F1,75,,,,,
2025-06-09,2025-06-09,FO,NSE,IDO,55985,,NIFTY,,2025-07-03,2025-07-03,22950.00,CE,NIFTY2570322950CE,0.00,0.00,0.00,1897.90,0.00,1897.90,25103.20,2249.70,0,0,0,0.00,0,F1,75,,,,,
2025-06-09,2025-06-09,FO,NSE,IDO,38150,,NIFTY,,2025-06-26,2025-06-26,29000.00,CE,NIFTY25JUN29000CE,2.75,2.90,2.45,2.55,2.65,2.70,25103.20,2.55,571250,900,958,2083834822.50,346,F1,75,,,,,
2025-06-09,2025-06-09,FO,NSE,IDO,62443,,NIFTY,,2025-06-26,2025-06-26,25950.00,CE,NIFTY25JUN25950CE,65.00,70.95,57.00,58.55,59.70,55.85,25103.20,58.55,99450,27150,1295,2526341542.50,873,F1,75,,,,,
2025-06-09,2025-06-09,FO,NSE,IDO,62421,,NIFTY,,2025-06-26,2025-06-26,25500.00,CE,NIFTY25JUN25500CE,175.35,199.70,162.30,166.25,168.05,157.40,25103.20,166.25,4372050,640950,57281,110297627493.75,27209,F1,75,,,,,
2025-06-09,2025-06-09,FO,NSE,IDO,62399,,NIFTY,,2025-06-26,2025-06-26,25050.00,CE,NIFTY25JUN25050CE,402.60,410.00,371.45,380.15,380.30,354.15,25103.20,380.15,124125,5775,2000,3815670457.50,1293,F1,75,,,,,
2025-06-09,2025-06-09,FO,NSE,IDO,62385,,NIFTY,,2025-06-26,2025-06-26,24750.00,CE,NIFTY25JUN24750CE,587.50,608.45,569.05,580.30,577.10,540.40,25103.20,580.30,137475,-7575,433,822869081.25,284,F1,75,,,,,
2025-06-09,2025-06-09,FO,NSE,IDO,62381,,NIFTY,,2025-06-26,2025-06-26,24650.00,CE,NIFTY25JUN24650CE,670.00,670.65,649.70,659.00,654.50,606.25,25103.20,659.00,62025,-2925,98,186031095.00,62,F1,75,,,,,
2025-06-09,2025-06-09,FO,NSE,IDO,62351,,NIFTY,,2025-06-26,2025-06-26,24050.00,CE,NIFTY25JUN24050CE,1167.85,1171.35,1163.90,1170.00,1170.00,1070.10,25103.20,1168.15,1275,-225,5,9456918.75,5,F1,75,,,,,
2025-06-09,2025-06-09,FO,NSE,IDO,62211,,NIFTY,,2025-06-26,2025-06-26,22800.00,CE,NIFTY25JUN22800CE,2370.50,2380.00,2370.50,2380.00,2380.00,2305.50,25103.20,2380.00,15150,-450,8,15107092.50,5,F1,75,,,,,
2025-06-09,2025-06-09,FO,NSE,IDO,62067,,NIFTY,,2025-06-26,2025-06-26,20550.00,CE,NIFTY25JUN20550CE,0.00,0.00,0.00,3650.20,3644.70,3650.20,25103.20,4610.40,675,0,0,0.00,0,F1,75,,,,,
2025-06-09,2025-06-09,FO,NSE,IDO,51079,,NIFTY,,2025-06-19,2025-06-19,26550.00,CE,NIFTY2561926550CE,3.25,3.75,2.30,2.50,2.50,2.60,25103.20,2.50,27375,-600,559,1113224868.75,387,F1,75,,,,,
2025-06-09,2025-06-09,FO,NSE,IDO,51061,,NIFTY,,2025-06-19,2025-06-19,26150.00,CE,NIFTY2561926150CE,12.60,14.55,8.10,8.70,9.55,9.65,25103.20,8.70,117450,53925,4171,8183504167.50,2688,F1,75,,,,,
2025-06-09,2025-06-09,FO,NSE,IDO,51055,,NIFTY,,2025-06-19,2025-06-19,26000.00,CE,NIFTY2561926000CE,23.05,25.50,15.45,17.00,18.05,17.20,25103.20,17.00,1453725,552300,51030,99582261645.00,25750,F1,75,,,,,
2025-06-09,2025-06-09,FO,NSE,IDO,51039,,NIFTY,,2025-06-19,2025-06-19,25650.00,CE,NIFTY2561925650CE,71.35,77.35,56.15,59.05,61.35,56.30,25103.20,59.05,72450,17625,5292,10206088920.00,3130,F1,75,,,,,
2025-06-09,2025-06-09,FO,NSE,IDO,51031,,NIFTY,,2025-06-19,2025-06-19,25500.00,CE,NIFTY2561925500CE,105.25,118.90,89.65,95.65,96.70,88.70,25103.20,95.65,1176600,601050,48873,93837389490.00,28035,F1,75,,,,,
2025-06-09,2025-06-09,FO,NSE,IDO,51027,,NIFTY,,2025-06-19,2025-06-19,25400.00,CE,NIFTY2561925400CE,144.50,152.60,119.15,125.10,127.00,117.50,25103.20,125.10,493275,161250,17495,33501138476.25,11522,F1,75,,,,,
2025-06-09,2025-06-09,FO,NSE,IDO,50995,,NIFTY,,2025-06-19,2025-06-19,24650.00,CE,NIFTY2561924650CE,579.05,595.90,554.60,570.20,569.35,520.15,25103.20,570.20,29025,1050,214,404769645.00,120,F1,75,,,,,
2025-06-09,2025-06-09,FO,NSE,IDO,50985,,NIFTY,,2025-06-19,2025-06-19,24450.00,CE,NIFTY2561924450CE,750.00,750.00,733.35,739.55,741.35,681.45,25103.20,739.55,13725,2175,86,162477375.00,26,F1,75,,,,,
2025-06-09,2025-06-09,FO,NSE,IDO,50883,,NIFTY,,2025-06-19,2025-06-19,23300.00,CE,NIFTY2561923300CE,0.00,0.00,0.00,1740.00,1740.00,1740.00,25103.20,1842.15,525,0,0,0.00,0,F1,75,,,,,
2025-06-09,2025-06-09,FO,NSE,IDO,50853,,NIFTY,,2025-06-19,2025-06-19,22950.00,CE,NIFTY2561922950CE,0.00,0.00,0.00,1894.50,1894.50,1894.50,25103.20,2190.90,225,0,0,0.00,0,F1,75,,,,,
2025-06-09,2025-06-09,FO,NSE,IDO,44936,,NIFTY,,2025-06-12,2025-06-12,26550.00,CE,NIFTY2561226550CE,1.35,1.60,1.10,1.25,1.20,1.50,25103.20,1.25,913575,177600,36455,72594465120.00,7875,F1,75,,,,,
2025-06-09,2025-06-09,FO,NSE,IDO,44926,,NIFTY,,2025-06-12,2025-06-12,26350.00,CE,NIFTY2561226350CE,1.60,1.85,1.20,1.40,1.25,1.55,25103.20,1.40,731700,-74325,51483,101748733203.75,9788,F1,75,,,,,
2025-06-09,2025-06-09,FO,NSE,IDO,44886,,NIFTY,,2025-06-12,2025-06-12,25450.00,CE,NIFTY2561225450CE,44.95,51.80,24.70,28.20,28.70,31.55,25103.20,28.20,1832700,737850,375372,717468084772.50,182108,F1,75,,,,,
2025-06-09,2025-06-09,FO,NSE,IDO,44874,,NIFTY,,2025-06-12,2025-06-12,25200.00,CE,NIFTY2561225200CE,117.00,134.50,85.75,92.00,91.75,92.90,25103.20,92.00,6305250,2471475,1494172,2835696387258.75,778541,F1,75,,,,,
2025-06-09,2025-06-09,FO,NSE,IDO,44832,,NIFTY,,2025-06-12,2025-06-12,24400.00,CE,NIFTY2561224400CE,690.65,752.75,690.65,716.30,717.10,647.05,25103.20,716.30,121500,-30975,988,1861531080.00,638,F1,75,,,,,
2025-06-09,2025-06-09,FO,NSE,IDO,44798,,NIFTY,,2025-06-12,2025-06-12,23850.00,CE,NIFTY2561223850CE,1236.85,1236.85,1236.85,1236.85,1236.85,1172.65,25103.20,1236.85,1350,0,1,1881513.75,1,F1,75,,,,,
2025-06-09,2025-06-09,FO,NSE,IDO,44796,,NIFTY,,2025-06-12,2025-06-12,23800.00,CE,NIFTY2561223800CE,1322.05,1332.00,1269.70,1299.50,1299.50,1230.85,25103.20,1314.95,35025,-750,23,43309601.25,20,F1,75,,,,,
2025-06-09,2025-06-09,FO,NSE,IDO,64689,,NIFTY,,2025-09-25,2025-09-25,22000.00,PE,NIFTY25SEP22000PE,66.85,71.60,63.90,65.05,65.00,74.30,25103.20,65.05,727950,-9825,1677,2775525378.75,910,F1,75,,,,,
2025-06-09,2025-06-09,FO,NSE,IDO,62919,,NIFTY,,2026-03-26,2026-03-26,21000.00,PE,NIFTY26MAR21000PE,0.00,0.00,0.00,186.65,186.65,186.65,25103.20,104.30,450,0,0,0.00,0,F1,75,,,,,
2025-06-09,2025-06-09,FO,NSE,IDO,62927,,NIFTY,,2026-03-26,2026-03-26,25000.00,PE,NIFTY26MAR25000PE,0.00,0.00,0.00,1307.55,0.00,1307.55,25103.20,932.45,0,0,0,0.00,0,F1,75,,,,,
2025-06-09,2025-06-09,FO,NSE,IDO,58643,,NIFTY,,2026-12-31,2026-12-31,19000.00,PE,NIFTY26DEC19000PE,0.00,0.00,0.00,361.00,361.00,361.00,25103.20,73.15,1725,0,0,0.00,0,F1,75,,,,,
2025-06-09,2025-06-09,FO,NSE,IDO,37810,,NIFTY,,2026-12-31,2026-12-31,23000.00,PE,NIFTY26DEC23000PE,550.00,550.00,550.00,550.00,550.00,561.60,25103.20,534.45,22950,0,1,1766250.00,1,F1,75,,,,,
2025-06-09,2025-06-09,FO,NSE,IDO,53606,,NIFTY,,2027-12-30,2027-12-30,19000.00,PE,NIFTY27DEC19000PE,0.00,0.00,0.00,299.95,299.95,299.95,25103.20,132.60,525,0,0,0.00,0,F1,75,,,,,
2025-06-09,2025-06-09,FO,NSE,IDO,86146,,NIFTY,,2028-06-29,2028-06-29,21000.00,PE,NIFTY28JUN21000PE,0.00,0.00,0.00,907.20,0.00,907.20,25103.20,335.85,0,0,0,0.00,0,F1,75,,,,,
2025-06-09,2025-06-09,FO,NSE,IDO,67783,,NIFTY,,2028-12-28,2028-12-28,24000.00,PE,NIFTY28DEC24000PE,0.00,0.00,0.00,914.30,914.30,914.30,25103.20,830.25,600,0,0,0.00,0,F1,75,,,,,
2025-06-09,2025-06-09,FO,NSE,IDO,67789,,NIFTY,,2028-12-28,2028-12-28,27000.00,PE,NIFTY28DEC27000PE,0.00,0.00,0.00,1413.85,0.00,1413.85,25103.20,1601.55,0,0,0,0.00,0,F1,75,,,,,
2025-06-09,2025-06-09,FO,NSE,IDO,89611,,NIFTY,,2029-06-28,2029-06-28,17000.00,PE,NIFTY29JUN17000PE,0.00,0.00,0.00,79.30,0.00,79.30,25103.20,79.05,0,0,0,0.00,0,F1,75,,,,,
2025-06-09,2025-06-09,FO,NSE,IDO,39903,,NIFTY,,2025-07-10,2025-07-10,23550.00,PE,NIFTY2571023550PE,0.00,0.00,0.00,96.75,0.00,96.75,25103.20,46.70,0,0,0,0.00,0,F1,75,,,,,
2025-06-09,2025-06-09,FO,NSE,IDO,64679,,NIFTY,,2025-09-25,2025-09-25,17000.00,PE,NIFTY25SEP17000PE,13.70,13.70,12.85,13.35,13.45,13.05,25103.20,13.35,7350,-225,8,10208066.25,4,F1,75,,,,,
2025-06-09,2025-06-09,FO,NSE,IDO,72277,,NIFTY,,2025-08-28,2025-08-28,26500.00,PE,NIFTY25AUG26500PE,1300.00,1300.00,1258.80,1280.10,1280.10,1629.95,25103.20,1445.40,4650,4650,72,149992526.25,18,F1,75,,,,,
2025-06-09,2025-06-09,FO,NSE,IDO,72037,,NIFTY,,2025-08-28,2025-08-28,25250.00,PE,NIFTY25AUG25250PE,0.00,0.00,0.00,860.10,0.00,860.10,25103.20,710.05,0,0,0,0.00,0,F1,75,,,,,
2025-06-09,2025-06-09,FO,NSE,IDO,71973,,NIFTY,,2025-08-28,2025-08-28,24950.00,PE,NIFTY25AUG24950PE,0.00,0.00,0.00,715.50,0.00,715.50,25103.20,577.25,0,0,0,0.00,0,F1,75,,,,,
2025-06-09,2025-06-09,FO,NSE,IDO,71971,,NIFTY,,2025-08-28,2025-08-28,24900.00,PE,NIFTY25AUG24900PE,441.00,442.00,440.00,442.00,442.00,472.30,25103.20,556.80,750,75,3,5701725.00,3,F1,75,,,,,
2025-06-09,2025-06-09,FO,NSE,IDO,71927,,NIFTY,,2025-08-28,2025-08-28,23850.00,PE,NIFTY25AUG23850PE,0.00,0.00,0.00,322.60,0.00,322.60,25103.20,233.45,0,0,0,0.00,0,F1,75,,,,,
2025-06-09,2025-06-09,FO,NSE,IDO,71850,,NIFTY,,2025-08-28,2025-08-28,23200.00,PE,NIFTY25AUG23200PE,111.00,111.00,101.00,101.90,103.00,124.70,25103.20,101.90,43275,9750,244,426436297.50,131,F1,75,,,,,
2025-06-09,2025-06-09,FO,NSE,IDO,71838,,NIFTY,,2025-08-28,2025-08-28,22900.00,PE,NIFTY25AUG22900PE,0.00,0.00,0.00,94.10,94.85,94.10,25103.20,85.70,3150,0,0,0.00,0,F1,75,,,,,
2025-06-09,2025-06-09,FO,NSE,IDO,55872,,NIFTY,,2025-07-31,2025-07-31,26550.00,PE,NIFTY25JUL26550PE,0.00,0.00,0.00,1383.60,1383.60,1383.60,25103.20,1441.80,1350,0,0,0.00,0,F1,75,,,,,
2025-06-09,2025-06-09,FO,NSE,IDO,55858,,NIFTY,,2025-07-31,2025-07-31,26200.00,PE,NIFTY25JUL26200PE,1050.00,1065.95,1050.00,1050.00,1050.00,1105.00,25103.20,1183.10,1800,150,9,18398527.50,5,F1,75,,,,,
2025-06-09,2025-06-09,FO,NSE,IDO,55843,,NIFTY,,2025-07-31,2025-07-31,25850.00,PE,NIFTY25JUL25850PE,0.00,0.00,0.00,868.85,868.85,868.85,25103.20,949.10,1575,0,0,0.00,0,F1,75,,,,,
2025-06-09,2025-06-09,FO,NSE,IDO,55834,,NIFTY,,2025-07-31,2025-07-31,25650.00,PE,NIFTY25JUL25650PE,0.00,0.00,0.00,754.55,754.55,754.55,25103.20,827.40,975,0,0,0.00,0,F1,75,,,,,
2025-06-09,2025-06-09,FO,NSE,IDO,55806,,NIFTY,,2025-07-31,2025-07-31,25150.00,PE,NIFTY25JUL25150PE,467.70,467.70,447.00,453.40,454.60,505.65,25103.20,453.40,3150,1275,56,107558861.25,22,F1,75,,,,,
2025-06-09,2025-06-09,FO,NSE,IDO,55784,,NIFTY,,2025-07-31,2025-07-31,24600.00,PE,NIFTY25JUL24600PE,283.15,288.15,265.65,269.55,269.20,303.55,25103.20,269.55,111825,2400,612,1141656078.75,380,F1,75,,,,,
2025-06-09,2025-06-09,FO,NSE,IDO,55774,,NIFTY,,2025-07-31,2025-07-31,24350.00,PE,NIFTY25JUL24350PE,210.00,210.75,206.55,207.70,206.90,237.70,25103.20,207.70,5250,225,39,71831606.25,19,F1,75,,,,,
2025-06-09,2025-06-09,FO,NSE,IDO,55746,,NIFTY,,2025-07-31,2025-07-31,23700.00,PE,NIFTY25JUL23700PE,123.10,123.10,99.55,102.40,103.65,120.45,25103.20,102.40,102300,22575,869,1551531948.75,509,F1,75,,,,,
2025-06-09,2025-06-09,FO,NSE,IDO,55726,,NIFTY,,2025-07-31,2025-07-31,23250.00,PE,NIFTY25JUL23250PE,0.00,0.00,0.00,74.65,74.70,74.65,25103.20,68.60,3525,0,0,0.00,0,F1,75,,,,,
2025-06-09,2025-06-09,FO,NSE,IDO,55720,,NIFTY,,2025-07-31,2025-07-31,23100.00,PE,NIFTY25JUL23100PE,62.55,64.25,54.00,54.95,55.55,63.15,25103.20,54.95,147675,-150,319,554059691.25,133,F1,75,,,,,
2025-06-09,2025-06-09,FO,NSE,IDO,55706,,NIFTY,,2025-07-31,2025-07-31,23050.00,PE,NIFTY25JUL23050PE,51.00,51.00,51.00,51.00,51.00,60.90,25103.20,51.05,3900,-75,1,1732575.00,1,F1,75,,,,,
2025-06-09,2025-06-09,FO,NSE,IDO,55684,,NIFTY,,2025-07-31,2025-07-31,22550.00,PE,NIFTY25JUL22550PE,0.00,0.00,0.00,52.00,52.00,52.00,25103.20,22.65,1275,0,0,0.00,0,F1,75,,,,,
2025-06-09,2025-06-09,FO,NSE,IDO,40127,,NIFTY,,2025-07-10,2025-07-10,26500.00,PE,NIFTY2571026500PE,0.00,0.00,0.00,1664.90,0.00,1664.90,25103.20,1370.85,0,0,0,0.00,0,F1,75,,,,,
2025-06-09,2025-06-09,FO,NSE,IDO,40061,,NIFTY,,2025-07-10,2025-07-10,25650.00,PE,NIFTY2571025650PE,0.00,0.00,0.00,981.65,0.00,981.65,25103.20,738.50,0,0,0,0.00,0,F1,75,,,,,
2025-06-09,2025-06-09,FO,NSE,IDO,40009,,NIFTY,,2025-07-10,2025-07-10,24900.00,PE,NIFTY2571024900PE,286.75,288.05,286.75,288.05,288.05,324.80,25103.20,349.15,900,600,9,17001791.25,6,F1,75,,,,,
2025-06-09,2025-06-09,FO,NSE,IDO,39993,,NIFTY,,2025-07-10,2025-07-10,24650.00,PE,NIFTY2571024650PE,0.00,0.00,0.00,360.95,360.95,360.95,25103.20,258.05,75,0,0,0.00,0,F1,75,,,,,
2025-06-09,2025-06-09,FO,NSE,IDO,58713,,NIFTY,,2025-07-03,2025-07-03,26500.00,PE,NIFTY2570326500PE,0.00,0.00,0.00,1788.25,0.00,1788.25,25103.20,1364.90,0,0,0,0.00,0,F1,75,,,,,
2025-06-09,2025-06-09,FO,NSE,IDO,62165,,NIFTY,,2025-06-26,2025-06-26,21850.00,CE,NIFTY25JUN21850CE,0.00,0.00,0.00,2800.65,2800.65,2800.65,25103.20,3314.00,1800,0,0,0.00,0,F1,75,,,,,
2025-06-09,2025-06-09,FO,NSE,IDO,62143,,NIFTY,,2025-06-26,2025-06-26,21500.00,CE,NIFTY25JUN21500CE,3666.20,3690.75,3660.00,3669.05,3669.05,3594.20,25103.20,3663.00,113850,-450,36,67963140.00,28,F1,75,,,,,
2025-06-09,2025-06-09,FO,NSE,IDO,62081,,NIFTY,,2025-06-26,2025-06-26,20800.00,CE,NIFTY25JUN20800CE,0.00,0.00,0.00,4156.20,4156.20,4156.20,25103.20,4361.05,600,0,0,0.00,0,F1,75,,,,,
2025-06-09,2025-06-09,FO,NSE,IDO,51057,,NIFTY,,2025-06-19,2025-06-19,26050.00,CE,NIFTY2561926050CE,20.00,20.70,12.55,13.60,14.60,13.90,25103.20,13.60,95250,9825,4156,8124627240.00,3015,F1,75,,,,,
2025-06-09,2025-06-09,FO,NSE,IDO,51019,,NIFTY,,2025-06-19,2025-06-19,25200.00,CE,NIFTY2561925200CE,231.00,248.30,197.00,204.85,208.00,191.20,25103.20,204.85,526350,193350,29172,55603773105.00,17528,F1,75,,,,,
2025-06-09,2025-06-09,FO,NSE,IDO,51009,,NIFTY,,2025-06-19,2025-06-19,24950.00,CE,NIFTY2561924950CE,355.50,383.95,336.65,347.30,348.20,318.45,25103.20,347.30,38400,-16125,1827,3467362091.25,1170,F1,75,,,,,
2025-06-09,2025-06-09,FO,NSE,IDO,50989,,NIFTY,,2025-06-19,2025-06-19,24500.00,CE,NIFTY2561924500CE,702.55,730.00,678.10,694.25,695.70,639.95,25103.20,694.25,83925,-450,1388,2623323007.50,705,F1,75,,,,,
2025-06-09,2025-06-09,FO,NSE,IDO,44943,,NIFTY,,2025-06-12,2025-06-12,26700.00,CE,NIFTY2561226700CE,1.40,1.50,1.00,1.25,1.20,1.35,25103.20,1.25,3154800,1139850,115281,230860435650.00,18541,F1,75,,,,,
2025-06-09,2025-06-09,FO,NSE,IDO,44938,,NIFTY,,2025-06-12,2025-06-12,26600.00,CE,NIFTY2561226600CE,1.50,1.55,1.05,1.25,1.20,1.40,25103.20,1.25,3402675,555975,148638,296546200605.00,26679,F1,75,,,,,
2025-06-09,2025-06-09,FO,NSE,IDO,44906,,NIFTY,,2025-06-12,2025-06-12,25850.00,CE,NIFTY2561225850CE,5.60,8.10,3.25,3.60,3.60,4.65,25103.20,3.60,1660875,463125,259865,503907091848.75,62892,F1,75,,,,,
2025-06-09,2025-06-09,FO,NSE,IDO,44900,,NIFTY,,2025-06-12,2025-06-12,25700.00,CE,NIFTY2561225700CE,11.90,16.45,6.55,7.55,7.60,9.25,25103.20,7.55,4064250,778800,530225,1022414129643.75,146969,F1,75,,,,,
2025-06-09,2025-06-09,FO,NSE,IDO,44896,,NIFTY,,2025-06-12,2025-06-12,25600.00,CE,NIFTY2561225600CE,21.90,26.10,11.00,12.95,13.05,14.70,25103.20,12.95,5187900,-225900,663918,1275548409360.00,209227,F1,75,,,,,
2025-06-09,2025-06-09,FO,NSE,IDO,44868,,NIFTY,,2025-06-12,2025-06-12,25050.00,CE,NIFTY2561225050CE,175.55,213.55,156.25,165.40,164.65,156.85,25103.20,165.40,1188525,-369525,451237,853788571590.00,291516,F1,75,,,,,
2025-06-09,2025-06-09,FO,NSE,IDO,44810,,NIFTY,,2025-06-12,2025-06-12,23950.00,CE,NIFTY2561223950CE,1122.65,1179.20,1122.65,1151.60,1151.60,1106.00,25103.20,1165.10,3525,75,9,16943145.00,9,F1,75,,,,,
2025-06-09,2025-06-09,FO,NSE,IDO,44732,,NIFTY,,2025-06-12,2025-06-12,22600.00,CE,NIFTY2561222600CE,0.00,0.00,0.00,2207.95,2207.95,2207.95,25103.20,2514.35,900,0,0,0.00,0,F1,75,,,,,
2025-06-09,2025-06-09,FO,NSE,IDO,44724,,NIFTY,,2025-06-12,2025-06-12,22400.00,CE,NIFTY2561222400CE,0.00,0.00,0.00,2385.00,2385.00,2385.00,25103.20,2714.25,1425,0,0,0.00,0,F1,75,,,,,
2025-06-09,2025-06-09,FO,NSE,IDO,62257,,NIFTY,,2025-06-26,2025-06-26,22900.00,CE,NIFTY25JUN22900CE,2280.00,2280.00,2280.00,2280.00,2280.00,2187.95,25103.20,2280.00,16725,-150,2,3777000.00,1,F1,75,,,,,
2025-06-09,2025-06-09,FO,NSE,IDO,62361,,NIFTY,,2025-06-26,2025-06-26,24250.00,CE,NIFTY25JUN24250CE,987.80,1020.00,974.00,1020.00,1020.00,924.30,25103.20,995.85,9975,-225,5,9466372.50,5,F1,75,,,,,
2025-06-09,2025-06-09,FO,NSE,IDO,62377,,NIFTY,,2025-06-26,2025-06-26,24550.00,CE,NIFTY25JUN24550CE,742.00,759.60,727.05,730.85,730.80,683.15,25103.20,730.85,30225,-2175,80,151723991.25,49,F1,75,,,,,
2025-06-09,2025-06-09,FO,NSE,IDO,62379,,NIFTY,,2025-06-26,2025-06-26,24600.00,CE,NIFTY25JUN24600CE,706.20,728.65,679.00,691.05,692.90,647.55,25103.20,691.05,522675,-24000,2713,5147487660.00,1486,F1,75,,,,,
2025-06-09,2025-06-09,FO,NSE,IDO,62395,,NIFTY,,2025-06-26,2025-06-26,24900.00,CE,NIFTY25JUN24900CE,499.90,510.20,465.00,475.05,471.95,442.40,25103.20,475.05,1129275,-147150,8709,16578795288.75,5267,F1,75,,,,,
2025-06-09,2025-06-09,FO,NSE,IDO,62397,,NIFTY,,2025-06-26,2025-06-26,24950.00,CE,NIFTY25JUN24950CE,460.35,475.00,420.90,442.55,440.15,411.90,25103.20,442.55,89550,-3375,1132,2156302027.50,777,F1,75,,,,,
2025-06-09,2025-06-09,FO,NSE,IDO,56120,,NIFTY,,2025-07-03,2025-07-03,23400.00,CE,NIFTY2570323400CE,0.00,0.00,0.00,1511.25,0.00,1511.25,25103.20,1815.40,0,0,0,0.00,0,F1,75,,,,,
2025-06-09,2025-06-09,FO,NSE,IDO,56189,,NIFTY,,2025-07-03,2025-07-03,23500.00,CE,NIFTY2570323500CE,0.00,0.00,0.00,1429.95,0.00,1429.95,25103.20,1721.15,0,0,0,0.00,0,F1,75,,,,,
2025-06-09,2025-06-09,FO,NSE,IDO,56217,,NIFTY,,2025-07-03,2025-07-03,23600.00,CE,NIFTY2570323600CE,0.00,0.00,0.00,1350.55,0.00,1350.55,25103.20,1628.00,0,0,0,0.00,0,F1,75,,,,,
2025-06-09,2025-06-09,FO,NSE,IDO,56595,,NIFTY,,2025-07-03,2025-07-03,24750.00,CE,NIFTY2570324750CE,595.10,658.75,595.10,650.75,650.75,595.10,25103.20,698.85,975,-75,5,9522907.50,5,F1,75,,,,,
2025-06-09,2025-06-09,FO,NSE,IDO,56685,,NIFTY,,2025-07-03,2025-07-03,24950.00,CE,NIFTY2570324950CE,503.50,525.20,503.00,515.00,515.00,486.60,25103.20,575.95,1125,75,15,28646647.50,10,F1,75,,,,,
2025-06-09,2025-06-09,FO,NSE,IDO,56729,,NIFTY,,2025-07-03,2025-07-03,25100.00,CE,NIFTY2570325100CE,400.00,452.70,400.00,423.85,422.50,398.60,25103.20,423.85,8700,1800,210,402085912.50,184,F1,75,,,,,
2025-06-09,2025-06-09,FO,NSE,IDO,56984,,NIFTY,,2025-07-03,2025-07-03,25650.00,CE,NIFTY2570325650CE,196.30,196.30,184.05,188.65,188.65,163.50,25103.20,257.10,1725,0,7,13564698.75,6,F1,75,,,,,
2025-06-09,2025-06-09,FO,NSE,IDO,57009,,NIFTY,,2025-07-03,2025-07-03,25750.00,CE,NIFTY2570325750CE,138.70,160.50,138.70,150.00,150.00,94.75,25103.20,150.00,1500,225,4,7770727.50,3,F1,75,,,,,
2025-06-09,2025-06-09,FO,NSE,IDO,57022,,NIFTY,,2025-07-03,2025-07-03,25800.00,CE,NIFTY2570325800CE,134.75,145.85,127.35,134.90,137.80,127.35,25103.20,134.90,8025,2550,49,95323443.75,35,F1,75,,,,,
2025-06-09,2025-06-09,FO,NSE,IDO,57125,,NIFTY,,2025-07-03,2025-07-03,25850.00,CE,NIFTY2570325850CE,121.35,124.45,115.80,123.85,124.45,115.30,25103.20,123.85,3225,1275,22,42846735.00,8,F1,75,,,,,
2025-06-09,2025-06-09,FO,NSE,IDO,58723,,NIFTY,,2025-07-03,2025-07-03,26700.00,CE,NIFTY2570326700CE,20.05,21.40,17.50,18.15,18.30,17.20,25103.20,18.15,20175,2475,121,242474441.25,65,F1,75,,,,,
2025-06-09,2025-06-09,FO,NSE,IDO,58726,,NIFTY,,2025-07-03,2025-07-03,26750.00,CE,NIFTY2570326750CE,18.95,22.00,14.80,16.05,15.75,15.75,25103.20,16.05,18225,4350,239,479795392.50,138,F1,75,,,,,
2025-06-09,2025-06-09,FO,NSE,IDO,39930,,NIFTY,,2025-07-10,2025-07-10,23900.00,CE,NIFTY2571023900CE,0.00,0.00,0.00,1163.25,0.00,1163.25,25103.20,1414.55,0,0,0,0.00,0,F1,75,,,,,
2025-06-09,2025-06-09,FO,NSE,IDO,39972,,NIFTY,,2025-07-10,2025-07-10,24550.00,CE,NIFTY2571024550CE,0.00,0.00,0.00,718.55,0.00,718.55,25103.20,908.10,0,0,0,0.00,0,F1,75,,,,,
2025-06-09,2025-06-09,FO,NSE,IDO,40020,,NIFTY,,2025-07-10,2025-07-10,25050.00,CE,NIFTY2571025050CE,0.00,0.00,0.00,459.20,0.00,459.20,25103.20,596.90,0,0,0,0.00,0,F1,75,,,,,
2025-06-09,2025-06-09,FO,NSE,IDO,40076,,NIFTY,,2025-07-10,2025-07-10,25900.00,CE,NIFTY2571025900CE,0.00,0.00,0.00,181.35,0.00,181.35,25103.20,244.15,0,0,0,0.00,0,F1,75,,,,,
2025-06-09,2025-06-09,FO,NSE,IDO,55683,,NIFTY,,2025-07-31,2025-07-31,22550.00,CE,NIFTY25JUL22550CE,0.00,0.00,0.00,2289.95,2289.95,2289.95,25103.20,2772.90,600,0,0,0.00,0,F1,75,,,,,
2025-06-09,2025-06-09,FO,NSE,IDO,55687,,NIFTY,,2025-07-31,2025-07-31,22650.00,CE,NIFTY25JUL22650CE,0.00,0.00,0.00,2199.15,2199.15,2199.15,25103.20,2678.00,675,0,0,0.00,0,F1,75,,,,,
2025-06-09,2025-06-09,FO,NSE,IDO,55743,,NIFTY,,2025-07-31,2025-07-31,23650.00,CE,NIFTY25JUL23650CE,0.00,0.00,0.00,1684.05,1684.05,1684.05,25103.20,1778.10,975,0,0,0.00,0,F1,75,,,,,
2025-06-09,2025-06-09,FO,NSE,IDO,55745,,NIFTY,,2025-07-31,2025-07-31,23700.00,CE,NIFTY25JUL23700CE,0.00,0.00,0.00,1627.45,1627.45,1627.45,25103.20,1736.30,1200,0,0,0.00,0,F1,75,,,,,
2025-06-09,2025-06-09,FO,NSE,IDO,55749,,NIFTY,,2025-07-31,2025-07-31,23800.00,CE,NIFTY25JUL23800CE,1604.90,1604.90,1604.90,1604.90,1604.90,1554.70,25103.20,1653.95,1875,75,1,1905367.50,1,F1,75,,,,,
2025-06-09,2025-06-09,FO,NSE,IDO,55789,,NIFTY,,2025-07-31,2025-07-31,24750.00,CE,NIFTY25JUL24750CE,885.00,903.60,872.45,872.45,872.45,826.25,25103.20,966.50,4650,-75,3,5768328.75,3,F1,75,,,,,
2025-06-09,2025-06-09,FO,NSE,IDO,55833,,NIFTY,,2025-07-31,2025-07-31,25650.00,CE,NIFTY25JUL25650CE,380.00,380.15,379.95,380.15,380.15,343.40,25103.20,380.15,2850,-75,21,40997306.25,6,F1,75,,,,,
2025-06-09,2025-06-09,FO,NSE,IDO,55863,,NIFTY,,2025-07-31,2025-07-31,26350.00,CE,NIFTY25JUL26350CE,153.35,153.35,153.35,153.35,153.35,144.25,25103.20,274.45,2475,-150,3,5963253.75,3,F1,75,,,,,
2025-06-09,2025-06-09,FO,NSE,IDO,71833,,NIFTY,,2025-08-28,2025-08-28,22800.00,CE,NIFTY25AUG22800CE,0.00,0.00,0.00,2527.70,0.00,2527.70,25103.20,2685.05,0,0,0,0.00,0,F1,75,,,,,
2025-06-09,2025-06-09,FO,NSE,IDO,71853,,NIFTY,,2025-08-28,2025-08-28,23300.00,CE,NIFTY25AUG23300CE,0.00,0.00,0.00,2113.45,0.00,2113.45,25103.20,2250.05,0,0,0,0.00,0,F1,75,,,,,
2025-06-09,2025-06-09,FO,NSE,IDO,71922,,NIFTY,,2025-08-28,2025-08-28,23750.00,CE,NIFTY25AUG23750CE,0.00,0.00,0.00,1769.35,0.00,1769.35,25103.20,1884.00,0,0,0,0.00,0,F1,75,,,,,
2025-06-09,2025-06-09,FO,NSE,IDO,71990,,NIFTY,,2025-08-28,2025-08-28,25150.00,CE,NIFTY25AUG25150CE,0.00,0.00,0.00,905.45,0.00,905.45,25103.20,954.35,0,0,0,0.00,0,F1,75,,,,,
2025-06-09,2025-06-09,FO,NSE,IDO,72084,,NIFTY,,2025-08-28,2025-08-28,25450.00,CE,NIFTY25AUG25450CE,0.00,0.00,0.00,765.75,0.00,765.75,25103.20,802.65,0,0,0,0.00,0,F1,75,,,,,
2025-06-09,2025-06-09,FO,NSE,IDO,72100,,NIFTY,,2025-08-28,2025-08-28,25800.00,CE,NIFTY25AUG25800CE,0.00,0.00,0.00,351.65,351.65,351.65,25103.20,647.55,675,0,0,0.00,0,F1,75,,,,,
2025-06-09,2025-06-09,FO,NSE,IDO,72118,,NIFTY,,2025-08-28,2025-08-28,26200.00,CE,NIFTY25AUG26200CE,0.00,0.00,0.00,484.60,0.00,484.60,25103.20,498.00,0,0,0,0.00,0,F1,75,,,,,
2025-06-09,2025-06-09,FO,NSE,IDO,72156,,NIFTY,,2025-08-28,2025-08-28,26450.00,CE,NIFTY25AUG26450CE,0.00,0.00,0.00,410.95,0.00,410.95,25103.20,418.65,0,0,0,0.00,0,F1,75,,,,,
2025-06-09,2025-06-09,FO,NSE,IDO,64678,,NIFTY,,2025-09-25,2025-09-25,17000.00,CE,NIFTY25SEP17000CE,0.00,0.00,0.00,10410.55,0.00,10410.55,25103.20,8410.25,0,0,0,0.00,0,F1,75,,,,,
2025-06-09,2025-06-09,FO,NSE,IDO,64680,,NIFTY,,2025-09-25,2025-09-25,18000.00,CE,NIFTY25SEP18000CE,0.00,0.00,0.00,9482.90,0.00,9482.90,25103.20,7428.35,0,0,0,0.00,0,F1,75,,,,,
2025-06-09,2025-06-09,FO,NSE,IDO,49177,,NIFTY,,2025-12-24,2025-12-24,16000.00,CE,NIFTY25DEC16000CE,0.00,0.00,0.00,9350.00,9350.00,9350.00,25103.20,9629.10,350,0,0,0.00,0,F1,75,,,,,
2025-06-09,2025-06-09,FO,NSE,IDO,51451,,NIFTY,,2025-12-24,2025-12-24,21000.00,CE,NIFTY25DEC21000CE,4750.00,4822.75,4750.00,4802.00,4802.20,4695.00,25103.20,4802.00,120850,7925,233,450959913.75,75,F1,75,,,,,
2025-06-09,2025-06-09,FO,NSE,IDO,58622,,NIFTY,,2025-12-24,2025-12-24,22000.00,CE,NIFTY25DEC22000CE,3820.00,3931.15,3820.00,3908.40,3912.00,3834.80,25103.20,3908.40,304400,2625,106,205981042.50,73,F1,75,,,,,
2025-06-09,2025-06-09,FO,NSE,IDO,71474,,NIFTY,,2026-06-25,2026-06-25,25000.00,CE,NIFTY26JUN25000CE,0.00,0.00,0.00,2279.00,2279.00,2279.00,25103.20,2654.60,225,0,0,0.00,0,F1,75,,,,,
2025-06-09,2025-06-09,FO,NSE,IDO,50973,,NIFTY,,2026-06-25,2026-06-25,27000.00,CE,NIFTY26JUN27000CE,0.00,0.00,0.00,1352.80,0.00,1352.80,25103.20,1657.50,0,0,0,0.00,0,F1,75,,,,,
2025-06-09,2025-06-09,FO,NSE,IDO,71505,,NIFTY,,2026-12-31,2026-12-31,26000.00,CE,NIFTY26DEC26000CE,2480.00,2480.00,2480.00,2480.00,2480.00,2480.00,25103.20,2909.75,4875,75,1,2136000.00,1,F1,75,,,,,
2025-06-09,2025-06-09,FO,NSE,IDO,71551,,NIFTY,,2027-06-24,2027-06-24,20000.00,CE,NIFTY27JUN20000CE,0.00,0.00,0.00,3367.05,0.00,3367.05,25103.20,7640.00,0,0,0,0.00,0,F1,75,,,,,
2025-06-09,2025-06-09,FO,NSE,IDO,86143,,NIFTY,,2028-06-29,2028-06-29,20000.00,CE,NIFTY28JUN20000CE,0.00,0.00,0.00,5724.65,0.00,5724.65,25103.20,8768.65,0,0,0,0.00,0,F1,75,,,,,
2025-06-09,2025-06-09,FO,NSE,IDO,86145,,NIFTY,,2028-06-29,2028-06-29,21000.00,CE,NIFTY28JUN21000CE,0.00,0.00,0.00,5226.55,0.00,5226.55,25103.20,8044.10,0,0,0,0.00,0,F1,75,,,,,
2025-06-09,2025-06-09,FO,NSE,IDO,86161,,NIFTY,,2028-06-29,2028-06-29,26000.00,CE,NIFTY28JUN26000CE,0.00,0.00,0.00,3200.90,0.00,3200.90,25103.20,4918.75,0,0,0,0.00,0,F1,75,,,,,
2025-06-09,2025-06-09,FO,NSE,IDO,67780,,NIFTY,,2028-12-28,2028-12-28,23000.00,CE,NIFTY28DEC23000CE,0.00,0.00,0.00,6377.60,0.00,6377.60,25103.20,7267.45,0,0,0,0.00,0,F1,75,,,,,
2025-06-09,2025-06-09,FO,NSE,IDO,89634,,NIFTY,,2029-06-28,2029-06-28,26000.00,CE,NIFTY29JUN26000CE,0.00,0.00,0.00,7052.20,0.00,7052.20,25103.20,6113.45,0,0,0,0.00,0,F1,75,,,,,
2025-06-09,2025-06-09,FO,NSE,IDO,61402,,NIFTY,,2029-12-27,2029-12-27,19000.00,CE,NIFTY29DEC19000CE,0.00,0.00,0.00,10714.60,0.00,10714.60,25103.20,10941.50,0,0,0,0.00,0,F1,75,,,,,
2025-06-09,2025-06-09,FO,NSE,IDO,44761,,NIFTY,,2025-06-12,2025-06-12,23050.00,PE,NIFTY2561223050PE,1.55,1.75,0.90,1.50,1.75,1.80,25103.20,1.50,129225,-45975,14506,25078594755.00,3118,F1,75,,,,,
2025-06-09,2025-06-09,FO,NSE,IDO,44779,,NIFTY,,2025-06-12,2025-06-12,23500.00,PE,NIFTY2561223500PE,2.55,2.55,1.35,1.95,2.15,3.30,25103.20,1.95,5171550,-1468800,366099,645297495498.75,52831,F1,75,,,,,
2025-06-09,2025-06-09,FO,NSE,IDO,44815,,NIFTY,,2025-06-12,2025-06-12,24000.00,PE,NIFTY2561224000PE,5.95,5.95,3.15,3.65,3.75,7.90,25103.20,3.65,9923550,1915575,481573,866968487388.75,108500,F1,75,,,,,
2025-06-09,2025-06-09,FO,NSE,IDO,44843,,NIFTY,,2025-06-12,2025-06-12,24600.00,PE,NIFTY2561224600PE,35.00,35.00,17.50,18.85,18.45,41.95,25103.20,18.85,4992750,-184200,435005,803296857153.75,172828,F1,75,,,,,
2025-06-09,2025-06-09,FO,NSE,IDO,44845,,NIFTY,,2025-06-12,2025-06-12,24650.00,PE,NIFTY2561224650PE,37.10,37.10,21.15,22.70,22.25,50.10,25103.20,22.70,1908900,67350,268704,497297952768.75,123902,F1,75,,,,,
2025-06-09,2025-06-09,FO,NSE,IDO,44897,,NIFTY,,2025-06-12,2025-06-12,25600.00,PE,NIFTY2561225600PE,510.45,540.00,477.15,505.00,505.70,588.00,25103.20,505.00,41475,15150,2867,5613509115.00,1779,F1,75,,,,,
2025-06-09,2025-06-09,FO,NSE,IDO,44917,,NIFTY,,2025-06-12,2025-06-12,26100.00,PE,NIFTY2561226100PE,990.00,1010.90,964.00,988.25,988.25,1071.65,25103.20,988.25,1800,-75,27,54866647.50,27,F1,75,,,,,
2025-06-09,2025-06-09,FO,NSE,IDO,44921,,NIFTY,,2025-06-12,2025-06-12,26200.00,PE,NIFTY2561226200PE,1115.00,1122.00,1057.25,1057.25,1057.25,1390.00,25103.20,1084.35,900,150,10,20469900.00,10,F1,75,,,,,
2025-06-09,2025-06-09,FO,NSE,IDO,44927,,NIFTY,,2025-06-12,2025-06-12,26350.00,PE,NIFTY2561226350PE,0.00,0.00,0.00,1567.50,1567.50,1567.50,25103.20,1234.00,975,0,0,0.00,0,F1,75,,,,,
2025-06-09,2025-06-09,FO,NSE,IDO,50878,,NIFTY,,2025-06-19,2025-06-19,23200.00,PE,NIFTY2561923200PE,6.90,7.00,4.20,4.55,4.60,6.95,25103.20,4.55,122175,6750,4088,7114585035.00,2034,F1,75,,,,,
2025-06-09,2025-06-09,FO,NSE,IDO,50884,,NIFTY,,2025-06-19,2025-06-19,23300.00,PE,NIFTY2561923300PE,7.70,7.70,4.75,5.15,5.30,7.70,25103.20,5.15,114825,10875,2920,5103844927.50,1316,F1,75,,,,,
2025-06-09,2025-06-09,FO,NSE,IDO,50960,,NIFTY,,2025-06-19,2025-06-19,24050.00,PE,NIFTY2561924050PE,20.95,22.05,16.55,17.60,17.80,28.60,25103.20,17.60,63150,24300,2070,3736667047.50,1380,F1,75,,,,,
2025-06-09,2025-06-09,FO,NSE,IDO,50986,,NIFTY,,2025-06-19,2025-06-19,24450.00,PE,NIFTY2561924450PE,53.10,56.95,42.30,44.40,45.25,70.75,25103.20,44.40,76425,34800,2742,5037945277.50,1580,F1,75,,,,,
2025-06-09,2025-06-09,FO,NSE,IDO,51066,,NIFTY,,2025-06-19,2025-06-19,26250.00,PE,NIFTY2561926250PE,0.00,0.00,0.00,1208.75,1208.75,1208.75,25103.20,1124.65,675,0,0,0.00,0,F1,75,,,,,
2025-06-09,2025-06-09,FO,NSE,IDO,62188,,NIFTY,,2025-06-26,2025-06-26,22200.00,PE,NIFTY25JUN22200PE,6.10,6.45,5.80,6.20,6.30,7.15,25103.20,6.20,73125,1350,254,423026122.50,166,F1,75,,,,,
2025-06-09,2025-06-09,FO,NSE,IDO,62196,,NIFTY,,2025-06-26,2025-06-26,22400.00,PE,NIFTY25JUN22400PE,8.10,8.10,6.35,6.95,7.10,8.25,25103.20,6.95,72750,-18075,1221,2051908102.50,614,F1,75,,,,,
2025-06-09,2025-06-09,FO,NSE,IDO,62376,,NIFTY,,2025-06-26,2025-06-26,24500.00,PE,NIFTY25JUN24500PE,124.60,125.00,90.65,94.00,93.05,125.75,25103.20,94.00,5009550,375,50661,93463277223.75,24478,F1,75,,,,,
2025-06-09,2025-06-09,FO,NSE,IDO,62392,,NIFTY,,2025-06-26,2025-06-26,24800.00,PE,NIFTY25JUN24800PE,189.65,189.65,157.05,163.10,160.00,208.10,25103.20,163.10,2247675,600000,38094,71334831671.25,15817,F1,75,,,,,
2025-06-09,2025-06-09,FO,NSE,IDO,62402,,NIFTY,,2025-06-26,2025-06-26,25100.00,PE,NIFTY25JUN25100PE,251.55,296.95,251.55,269.30,269.15,327.00,25103.20,269.30,588375,217575,19578,37259514870.00,11972,F1,75,,,,,
2025-06-09,2025-06-09,FO,NSE,IDO,62406,,NIFTY,,2025-06-26,2025-06-26,25150.00,PE,NIFTY25JUN25150PE,298.60,320.15,282.40,291.60,291.15,349.40,25103.20,291.60,63900,32475,3170,6049883891.25,2156,F1,75,,,,,
2025-06-09,2025-06-09,FO,NSE,IDO,62446,,NIFTY,,2025-06-26,2025-06-26,26050.00,PE,NIFTY25JUN26050PE,933.70,933.70,888.75,924.10,924.10,968.55,25103.20,965.60,1500,0,7,14154836.25,7,F1,75,,,,,
2025-06-09,2025-06-09,FO,NSE,IDO,62482,,NIFTY,,2025-06-26,2025-06-26,26550.00,PE,NIFTY25JUN26550PE,0.00,0.00,0.00,1437.85,1437.85,1437.85,25103.20,1405.45,1425,0,0,0.00,0,F1,75,,,,,
2025-06-09,2025-06-09,FO,NSE,IDO,38151,,NIFTY,,2025-06-26,2025-06-26,29000.00,PE,NIFTY25JUN29000PE,3771.00,3816.00,3771.00,3797.00,3795.00,3870.05,25103.20,3797.00,305025,14325,225,553284300.00,113,F1,75,,,,,
2025-06-09,2025-06-09,FO,NSE,IDO,56266,,NIFTY,,2025-07-03,2025-07-03,23800.00,PE,NIFTY2570323800PE,50.00,50.00,42.00,47.90,47.90,206.85,25103.20,47.90,1275,1275,22,39346312.50,16,F1,75,,,,,
2025-06-09,2025-06-09,FO,NSE,IDO,56698,,NIFTY,,2025-07-03,2025-07-03,24950.00,PE,NIFTY2570324950PE,263.05,274.10,263.05,266.80,269.90,300.85,25103.20,266.80,900,0,6,11348771.25,6,F1,75,,,,,
2025-06-09,2025-06-09,FO,NSE,IDO,58033,,NIFTY,,2025-07-03,2025-07-03,26050.00,PE,NIFTY2570326050PE,0.00,0.00,0.00,1412.40,0.00,1412.40,25103.20,991.95,0,0,0,0.00,0,F1,75,,,,,
2025-06-09,2025-06-09,FO,NSE,IDO,58722,,NIFTY,,2025-07-03,2025-07-03,26650.00,PE,NIFTY2570326650PE,0.00,0.00,0.00,1919.85,0.00,1919.85,25103.20,1497.80,0,0,0,0.00,0,F1,75,,,,,
2025-06-09,2025-06-09,FO,NSE,IDO,39839,,NIFTY,,2025-07-10,2025-07-10,23000.00,PE,NIFTY2571023000PE,27.90,31.25,18.65,24.30,24.85,28.75,25103.20,24.30,6450,5250,124,214131566.25,70,F1,75,,,,,
2025-06-09,2025-06-09,FO,NSE,IDO,39885,,NIFTY,,2025-07-10,2025-07-10,23350.00,PE,NIFTY2571023350PE,0.00,0.00,0.00,69.95,0.00,69.95,25103.20,31.70,0,0,0,0.00,0,F1,75,,,,,
2025-06-09,2025-06-09,FO,NSE,IDO,39905,,NIFTY,,2025-07-10,2025-07-10,23600.00,PE,NIFTY2571023600PE,0.00,0.00,0.00,104.60,0.00,104.60,25103.20,51.25,0,0,0,0.00,0,F1,75,,,,,
2025-06-09,2025-06-09,FO,NSE,IDO,39929,,NIFTY,,2025-07-10,2025-07-10,23850.00,PE,NIFTY2571023850PE,83.85,83.85,83.85,83.85,83.85,151.25,25103.20,79.65,75,75,1,1795038.75,1,F1,75,,,,,
2025-06-09,2025-06-09,FO,NSE,IDO,40039,,NIFTY,,2025-07-10,2025-07-10,25300.00,PE,NIFTY2571025300PE,0.00,0.00,0.00,747.50,0.00,747.50,25103.20,535.00,0,0,0,0.00,0,F1,75,,,,,
2025-06-09,2025-06-09,FO,NSE,IDO,40073,,NIFTY,,2025-07-10,2025-07-10,25800.00,PE,NIFTY2571025800PE,0.00,0.00,0.00,1092.60,0.00,1092.60,25103.20,836.80,0,0,0,0.00,0,F1,75,,,,,
2025-06-09,2025-06-09,FO,NSE,IDO,40129,,NIFTY,,2025-07-10,2025-07-10,26550.00,PE,NIFTY2571026550PE,0.00,0.00,0.00,1708.95,0.00,1708.95,25103.20,1412.90,0,0,0,0.00,0,F1,75,,,,,
2025-06-09,2025-06-09,FO,NSE,IDO,55724,,NIFTY,,2025-07-31,2025-07-31,23200.00,PE,NIFTY25JUL23200PE,69.50,69.50,58.80,60.30,61.00,69.80,25103.20,60.30,186300,-7725,746,1301508420.00,409,F1,75,,,,,
2025-06-09,2025-06-09,FO,NSE,IDO,55728,,NIFTY,,2025-07-31,2025-07-31,23300.00,PE,NIFTY25JUL23300PE,69.00,74.55,65.30,66.95,67.80,78.50,25103.20,66.95,197475,-33000,1565,2742888776.25,587,F1,75,,,,,
2025-06-09,2025-06-09,FO,NSE,IDO,55778,,NIFTY,,2025-07-31,2025-07-31,24450.00,PE,NIFTY25JUL24450PE,0.00,0.00,0.00,257.55,257.55,257.55,25103.20,296.15,2175,0,0,0.00,0,F1,75,,,,,
2025-06-09,2025-06-09,FO,NSE,IDO,55804,,NIFTY,,2025-07-31,2025-07-31,25100.00,PE,NIFTY25JUL25100PE,443.90,458.85,430.00,436.20,437.10,483.20,25103.20,436.20,63525,20850,831,1591825391.25,576,F1,75,,,,,
2025-06-09,2025-06-09,FO,NSE,IDO,55870,,NIFTY,,2025-07-31,2025-07-31,26500.00,PE,NIFTY25JUL26500PE,1275.00,1310.00,1259.90,1282.10,1285.00,1352.90,25103.20,1282.10,75600,17925,545,1135579485.00,442,F1,75,,,,,
2025-06-09,2025-06-09,FO,NSE,IDO,71836,,NIFTY,,2025-08-28,2025-08-28,22850.00,PE,NIFTY25AUG22850PE,73.85,82.95,73.85,82.95,82.95,133.70,25103.20,82.95,5400,5325,196,337034456.25,59,F1,75,,,,,
2025-06-09,2025-06-09,FO,NSE,IDO,71873,,NIFTY,,2025-08-28,2025-08-28,23550.00,PE,NIFTY25AUG23550PE,0.00,0.00,0.00,249.10,0.00,249.10,25103.20,174.30,0,0,0,0.00,0,F1,75,,,,,
2025-06-09,2025-06-09,FO,NSE,IDO,71925,,NIFTY,,2025-08-28,2025-08-28,23800.00,PE,NIFTY25AUG23800PE,182.00,182.00,174.50,176.25,176.60,200.00,25103.20,176.25,5400,2700,55,98915643.75,29,F1,75,,,,,
2025-06-09,2025-06-09,FO,NSE,IDO,71975,,NIFTY,,2025-08-28,2025-08-28,25000.00,PE,NIFTY25AUG25000PE,484.45,490.00,462.60,473.00,472.65,512.35,25103.20,473.00,144150,7650,922,1761561221.25,615,F1,75,,,,,
2025-06-09,2025-06-09,FO,NSE,IDO,71989,,NIFTY,,2025-08-28,2025-08-28,25100.00,PE,NIFTY25AUG25100PE,0.00,0.00,0.00,785.80,0.00,785.80,25103.20,641.50,0,0,0,0.00,0,F1,75,,,,,
2025-06-09,2025-06-09,FO,NSE,IDO,72093,,NIFTY,,2025-08-28,2025-08-28,25600.00,PE,NIFTY25AUG25600PE,0.00,0.00,0.00,1049.25,0.00,1049.25,25103.20,886.80,0,0,0,0.00,0,F1,75,,,,,
2025-06-09,2025-06-09,FO,NSE,IDO,72103,,NIFTY,,2025-08-28,2025-08-28,25850.00,PE,NIFTY25AUG25850PE,0.00,0.00,0.00,1197.40,0.00,1197.40,25103.20,1027.40,0,0,0,0.00,0,F1,75,,,,,
2025-06-09,2025-06-09,FO,NSE,IDO,72113,,NIFTY,,2025-08-28,2025-08-28,26100.00,PE,NIFTY25AUG26100PE,0.00,0.00,0.00,1355.95,0.00,1355.95,25103.20,1179.50,0,0,0,0.00,0,F1,75,,,,,
2025-06-09,2025-06-09,FO,NSE,IDO,64681,,NIFTY,,2025-09-25,2025-09-25,18000.00,PE,NIFTY25SEP18000PE,14.25,14.25,14.25,14.25,14.25,15.25,25103.20,0.05,6300,0,4,5404275.00,1,F1,75,,,,,
2025-06-09,2025-06-09,FO,NSE,IDO,64701,,NIFTY,,2025-09-25,2025-09-25,28000.00,PE,NIFTY25SEP28000PE,0.00,0.00,0.00,4400.00,4400.00,4400.00,25103.20,2606.50,75,0,0,0.00,0,F1,75,,,,,
2025-06-09,2025-06-09,FO,NSE,IDO,64703,,NIFTY,,2025-09-25,2025-09-25,29000.00,PE,NIFTY25SEP29000PE,0.00,0.00,0.00,2125.30,0.00,2125.30,25103.20,3475.75,0,0,0,0.00,0,F1,75,,,,,
2025-06-09,2025-06-09,FO,NSE,IDO,45874,,NIFTY,,2025-12-24,2025-12-24,17000.00,PE,NIFTY25DEC17000PE,27.50,28.00,27.00,27.25,27.00,28.00,25103.20,27.25,37050,1650,70,89395267.50,16,F1,75,,,,,
2025-06-09,2025-06-09,FO,NSE,IDO,71394,,NIFTY,,2025-12-24,2025-12-24,24000.00,PE,NIFTY25DEC24000PE,399.95,400.00,387.00,390.40,390.00,413.70,25103.20,390.40,2525275,21350,2555,4674536366.25,1656,F1,75,,,,,
2025-06-09,2025-06-09,FO,NSE,IDO,50544,,NIFTY,,2025-12-24,2025-12-24,28000.00,PE,NIFTY25DEC28000PE,2201.20,2259.00,2201.20,2226.00,2226.30,2298.45,25103.20,2226.00,538700,8400,178,403594788.75,85,F1,75,,,,,
2025-06-09,2025-06-09,FO,NSE,IDO,62915,,NIFTY,,2026-03-26,2026-03-26,19000.00,PE,NIFTY26MAR19000PE,0.00,0.00,0.00,42.60,0.00,42.60,25103.20,19.05,0,0,0,0.00,0,F1,75,,,,,
2025-06-09,2025-06-09,FO,NSE,IDO,50546,,NIFTY,,2026-06-25,2026-06-25,28000.00,PE,NIFTY26JUN28000PE,0.00,0.00,0.00,6532.55,0.00,6532.55,25103.20,2430.70,0,0,0,0.00,0,F1,75,,,,,
2025-06-09,2025-06-09,FO,NSE,IDO,58633,,NIFTY,,2026-12-31,2026-12-31,14000.00,PE,NIFTY26DEC14000PE,0.00,0.00,0.00,21.30,21.30,21.30,25103.20,0.80,1700,0,0,0.00,0,F1,75,,,,,
2025-06-09,2025-06-09,FO,NSE,IDO,58635,,NIFTY,,2026-12-31,2026-12-31,15000.00,PE,NIFTY26DEC15000PE,0.00,0.00,0.00,25.05,25.05,25.05,25103.20,2.60,1400,0,0,0.00,0,F1,75,,,,,
2025-06-09,2025-06-09,FO,NSE,IDO,71561,,NIFTY,,2027-06-24,2027-06-24,24000.00,PE,NIFTY27JUN24000PE,0.00,0.00,0.00,5056.20,0.00,5056.20,25103.20,812.95,0,0,0,0.00,0,F1,75,,,,,
2025-06-09,2025-06-09,FO,NSE,IDO,35353,,NIFTY,,2028-06-29,2028-06-29,30000.00,PE,NIFTY28JUN30000PE,0.00,0.00,0.00,3779.25,0.00,3779.25,25103.20,2857.10,0,0,0,0.00,0,F1,75,,,,,
2025-06-09,2025-06-09,FO,NSE,IDO,67769,,NIFTY,,2028-12-28,2028-12-28,17000.00,PE,NIFTY28DEC17000PE,0.00,0.00,0.00,66.15,0.00,66.15,25103.20,69.60,0,0,0,0.00,0,F1,75,,,,,
2025-06-09,2025-06-09,FO,NSE,IDO,67781,,NIFTY,,2028-12-28,2028-12-28,23000.00,PE,NIFTY28DEC23000PE,0.00,0.00,0.00,800.00,800.00,800.00,25103.20,639.55,2925,0,0,0.00,0,F1,75,,,,,
2025-06-09,2025-06-09,FO,NSE,IDO,67787,,NIFTY,,2028-12-28,2028-12-28,26000.00,PE,NIFTY28DEC26000PE,0.00,0.00,0.00,1160.95,0.00,1160.95,25103.20,1310.25,0,0,0,0.00,0,F1,75,,,,,
2025-06-09,2025-06-09,FO,NSE,IDO,62195,,NIFTY,,2025-06-26,2025-06-26,22400.00,CE,NIFTY25JUN22400CE,0.00,0.00,0.00,2695.00,2695.00,2695.00,25103.20,2765.70,9675,0,0,0.00,0,F1,75,,,,,
2025-06-09,2025-06-09,FO,NSE,IDO,62193,,NIFTY,,2025-06-26,2025-06-26,22350.00,CE,NIFTY25JUN22350CE,0.00,0.00,0.00,2309.75,2309.75,2309.75,25103.20,2815.55,1800,0,0,0.00,0,F1,75,,,,,
2025-06-09,2025-06-09,FO,NSE,IDO,40031,,NIFTY,,2025-07-10,2025-07-10,25200.00,CE,NIFTY2571025200CE,458.10,463.20,426.10,435.00,435.00,395.90,25103.20,435.00,675,675,15,28846863.75,15,F1,75,,,,,
2025-06-09,2025-06-09,FO,NSE,IDO,40002,,NIFTY,,2025-07-10,2025-07-10,24800.00,CE,NIFTY2571024800CE,0.00,0.00,0.00,485.00,485.00,485.00,25103.20,743.05,75,0,0,0.00,0,F1,75,,,,,
2025-06-09,2025-06-09,FO,NSE,IDO,39942,,NIFTY,,2025-07-10,2025-07-10,24100.00,CE,NIFTY2571024100CE,0.00,0.00,0.00,1014.25,0.00,1014.25,25103.20,1248.35,0,0,0,0.00,0,F1,75,,,,,
2025-06-09,2025-06-09,FO,NSE,IDO,39914,,NIFTY,,2025-07-10,2025-07-10,23700.00,CE,NIFTY2571023700CE,0.00,0.00,0.00,1321.40,0.00,1321.40,25103.20,1588.30,0,0,0,0.00,0,F1,75,,,,,
2025-06-09,2025-06-09,FO,NSE,IDO,39850,,NIFTY,,2025-07-10,2025-07-10,23200.00,CE,NIFTY2571023200CE,0.00,0.00,0.00,1750.70,0.00,1750.70,25103.20,2047.55,0,0,0,0.00,0,F1,75,,,,,
2025-06-09,2025-06-09,FO,NSE,IDO,58700,,NIFTY,,2025-07-03,2025-07-03,26400.00,CE,NIFTY2570326400CE,34.50,42.00,33.60,36.65,36.65,33.95,25103.20,36.65,7350,3225,84,166549957.50,25,F1,75,,,,,
2025-06-09,2025-06-09,FO,NSE,IDO,53607,,NIFTY,,2027-12-30,2027-12-30,20000.00,CE,NIFTY27DEC20000CE,0.00,0.00,0.00,5333.85,0.00,5333.85,25103.20,8227.80,0,0,0,0.00,0,F1,75,,,,,
2025-06-09,2025-06-09,FO,NSE,IDO,53626,,NIFTY,,2027-12-30,2027-12-30,25000.00,CE,NIFTY27DEC25000CE,0.00,0.00,0.00,3458.35,0.00,3458.35,25103.20,4838.25,0,0,0,0.00,0,F1,75,,,,,
2025-06-09,2025-06-09,FO,NSE,IDO,35346,,NIFTY,,2027-12-30,2027-12-30,30000.00,CE,NIFTY27DEC30000CE,0.00,0.00,0.00,1877.70,0.00,1877.70,25103.20,2518.95,0,0,0,0.00,0,F1,75,,,,,
2025-06-09,2025-06-09,FO,NSE,IDO,86147,,NIFTY,,2028-06-29,2028-06-29,22000.00,CE,NIFTY28JUN22000CE,0.00,0.00,0.00,4759.50,0.00,4759.50,25103.20,7349.00,0,0,0,0.00,0,F1,75,,,,,
2025-06-09,2025-06-09,FO,NSE,IDO,67790,,NIFTY,,2028-12-28,2028-12-28,28000.00,CE,NIFTY28DEC28000CE,0.00,0.00,0.00,4027.15,0.00,4027.15,25103.20,4540.80,0,0,0,0.00,0,F1,75,,,,,
2025-06-09,2025-06-09,FO,NSE,IDO,89626,,NIFTY,,2029-06-28,2029-06-28,22000.00,CE,NIFTY29JUN22000CE,0.00,0.00,0.00,9207.90,0.00,9207.90,25103.20,8451.45,0,0,0,0.00,0,F1,75,,,,,
2025-06-09,2025-06-09,FO,NSE,IDO,44727,,NIFTY,,2025-06-12,2025-06-12,22450.00,PE,NIFTY2561222450PE,1.00,1.35,0.65,1.20,1.30,1.10,25103.20,1.20,107475,10650,11269,18974929181.25,1875,F1,75,,,,,
2025-06-09,2025-06-09,FO,NSE,IDO,44771,,NIFTY,,2025-06-12,2025-06-12,23300.00,PE,NIFTY2561223300PE,2.40,2.40,1.10,1.65,1.75,2.55,25103.20,1.65,897675,-990600,85124,148762723563.75,15981,F1,75,,,,,
2025-06-09,2025-06-09,FO,NSE,IDO,44781,,NIFTY,,2025-06-12,2025-06-12,23550.00,PE,NIFTY2561223550PE,3.00,3.00,1.50,1.95,2.00,3.55,25103.20,1.95,277125,-95850,28085,49609076010.00,7412,F1,75,,,,,
2025-06-09,2025-06-09,FO,NSE,IDO,44823,,NIFTY,,2025-06-12,2025-06-12,24200.00,PE,NIFTY2561224200PE,8.00,8.25,4.50,5.10,5.15,12.30,25103.20,5.10,4115175,860400,347404,630687303952.50,87749,F1,75,,,,,
2025-06-09,2025-06-09,FO,NSE,IDO,44899,,NIFTY,,2025-06-12,2025-06-12,25650.00,PE,NIFTY2561225650PE,537.10,583.50,522.95,550.55,550.20,632.65,25103.20,550.55,3075,675,217,426412098.75,169,F1,75,,,,,
2025-06-09,2025-06-09,FO,NSE,IDO,44901,,NIFTY,,2025-06-12,2025-06-12,25700.00,PE,NIFTY2561225700PE,607.95,631.50,570.00,601.75,596.45,682.30,25103.20,601.75,14400,4350,840,1656599527.50,510,F1,75,,,,,
2025-06-09,2025-06-09,FO,NSE,IDO,44903,,NIFTY,,2025-06-12,2025-06-12,25750.00,PE,NIFTY2561225750PE,650.00,666.00,630.00,649.75,649.75,724.25,25103.20,649.75,1350,450,32,63360847.50,29,F1,75,,,,,
2025-06-09,2025-06-09,FO,NSE,IDO,44911,,NIFTY,,2025-06-12,2025-06-12,25950.00,PE,NIFTY2561225950PE,0.00,0.00,0.00,966.15,966.15,966.15,25103.20,836.65,1800,0,0,0.00,0,F1,75,,,,,
2025-06-09,2025-06-09,FO,NSE,IDO,50886,,NIFTY,,2025-06-19,2025-06-19,23350.00,PE,NIFTY2561923350PE,6.80,6.80,5.05,5.40,5.50,8.45,25103.20,5.40,18150,-1875,661,1157858748.75,296,F1,75,,,,,
2025-06-09,2025-06-09,FO,NSE,IDO,50896,,NIFTY,,2025-06-19,2025-06-19,23400.00,PE,NIFTY2561923400PE,9.10,9.10,5.45,5.85,6.00,9.10,25103.20,5.85,69525,-29700,2288,4016487251.25,1284,F1,75,,,,,
2025-06-09,2025-06-09,FO,NSE,IDO,50918,,NIFTY,,2025-06-19,2025-06-19,23550.00,PE,NIFTY2561923550PE,13.75,13.75,6.70,7.20,7.40,11.60,25103.20,7.20,16350,-5400,842,1487668905.00,471,F1,75,,,,,
2025-06-09,2025-06-09,FO,NSE,IDO,50952,,NIFTY,,2025-06-19,2025-06-19,23900.00,PE,NIFTY2561923900PE,18.00,18.00,12.00,13.05,12.85,21.30,25103.20,13.05,187725,35850,13368,23975877135.00,6438,F1,75,,,,,
2025-06-09,2025-06-09,FO,NSE,IDO,50994,,NIFTY,,2025-06-19,2025-06-19,24600.00,PE,NIFTY2561924600PE,80.00,82.40,61.60,64.55,64.45,98.50,25103.20,64.55,334350,67875,14199,26271507997.50,8264,F1,75,,,,,
2025-06-09,2025-06-09,FO,NSE,IDO,51028,,NIFTY,,2025-06-19,2025-06-19,25400.00,PE,NIFTY2561925400PE,350.00,409.25,350.00,378.20,379.00,453.70,25103.20,378.20,34650,19200,1251,2419416127.50,740,F1,75,,,,,
2025-06-09,2025-06-09,FO,NSE,IDO,51086,,NIFTY,,2025-06-19,2025-06-19,26650.00,PE,NIFTY2561926650PE,0.00,0.00,0.00,1574.80,1574.80,1574.80,25103.20,1508.75,300,0,0,0.00,0,F1,75,,,,,
2025-06-09,2025-06-09,FO,NSE,IDO,62070,,NIFTY,,2025-06-26,2025-06-26,20550.00,PE,NIFTY25JUN20550PE,2.90,3.15,2.90,3.15,3.15,3.10,25103.20,3.15,3675,-900,14,21580672.50,3,F1,75,,,,,
2025-06-09,2025-06-09,FO,NSE,IDO,51450,,NIFTY,,2025-06-26,2025-06-26,21000.00,PE,NIFTY25JUN21000PE,3.35,4.20,3.00,3.90,3.90,3.75,25103.20,3.90,2646650,-52875,4703,7408498548.75,2065,F1,75,,,,,
2025-06-09,2025-06-09,FO,NSE,IDO,62126,,NIFTY,,2025-06-26,2025-06-26,21150.00,PE,NIFTY25JUN21150PE,3.80,4.10,3.55,3.95,4.10,3.90,25103.20,3.95,5475,225,154,244326465.00,61,F1,75,,,,,
2025-06-09,2025-06-09,FO,NSE,IDO,62142,,NIFTY,,2025-06-26,2025-06-26,21450.00,PE,NIFTY25JUN21450PE,4.30,4.55,4.00,4.55,4.55,4.55,25103.20,4.55,2475,-750,91,146425072.50,28,F1,75,,,,,
2025-06-09,2025-06-09,FO,NSE,IDO,58619,,NIFTY,,2025-06-26,2025-06-26,22000.00,PE,NIFTY25JUN22000PE,5.95,5.95,5.20,5.80,5.95,6.25,25103.20,5.80,2808975,-15500,8575,14152321826.25,3695,F1,75,,,,,
2025-06-09,2025-06-09,FO,NSE,IDO,62186,,NIFTY,,2025-06-26,2025-06-26,22150.00,PE,NIFTY25JUN22150PE,6.20,6.50,5.80,6.20,6.45,7.05,25103.20,6.20,13350,-1500,162,269196588.75,76,F1,75,,,,,
2025-06-09,2025-06-09,FO,NSE,IDO,62204,,NIFTY,,2025-06-26,2025-06-26,22600.00,PE,NIFTY25JUN22600PE,8.80,8.80,7.35,7.85,7.90,9.35,25103.20,7.85,97950,-7050,454,769796287.50,315,F1,75,,,,,
2025-06-09,2025-06-09,FO,NSE,IDO,62322,,NIFTY,,2025-06-26,2025-06-26,23300.00,PE,NIFTY25JUN23300PE,14.95,16.05,14.25,14.80,15.05,18.75,25103.20,14.80,282375,-49500,3575,6251327448.75,1874,F1,75,,,,,
2025-06-09,2025-06-09,FO,NSE,IDO,62348,,NIFTY,,2025-06-26,2025-06-26,23900.00,PE,NIFTY25JUN23900PE,35.45,38.80,32.25,33.35,33.80,45.05,25103.20,33.35,363300,-39825,7609,13659068362.50,4328,F1,75,,,,,
2025-06-09,2025-06-09,FO,NSE,IDO,62380,,NIFTY,,2025-06-26,2025-06-26,24600.00,PE,NIFTY25JUN24600PE,147.10,149.65,110.50,113.85,112.00,149.15,25103.20,113.85,1035225,33600,12295,22793528291.25,6422,F1,75,,,,,
2025-06-09,2025-06-09,FO,NSE,IDO,62384,,NIFTY,,2025-06-26,2025-06-26,24700.00,PE,NIFTY25JUN24700PE,160.00,160.00,132.00,136.95,136.20,176.00,25103.20,136.95,1635000,327300,19507,36342111716.25,10345,F1,75,,,,,
2025-06-09,2025-06-09,FO,NSE,IDO,62432,,NIFTY,,2025-06-26,2025-06-26,25750.00,PE,NIFTY25JUN25750PE,665.00,691.00,633.90,662.80,662.80,727.50,25103.20,731.10,2175,-300,31,61399140.00,25,F1,75,,,,,
2025-06-09,2025-06-09,FO,NSE,IDO,62440,,NIFTY,,2025-06-26,2025-06-26,25850.00,PE,NIFTY25JUN25850PE,725.80,746.95,725.65,736.20,736.20,837.00,25103.20,736.20,2550,750,14,27911737.50,12,F1,75,,,,,
2025-06-09,2025-06-09,FO,NSE,IDO,62444,,NIFTY,,2025-06-26,2025-06-26,25950.00,PE,NIFTY25JUN25950PE,0.00,0.00,0.00,890.00,890.00,890.00,25103.20,884.50,1425,0,0,0.00,0,F1,75,,,,,
2025-06-09,2025-06-09,FO,NSE,IDO,62502,,NIFTY,,2025-06-26,2025-06-26,26700.00,PE,NIFTY25JUN26700PE,0.00,0.00,0.00,1594.60,1594.60,1594.60,25103.20,1545.55,1200,0,0,0.00,0,F1,75,,,,,
2025-06-09,2025-06-09,FO,NSE,IDO,55988,,NIFTY,,2025-07-03,2025-07-03,22950.00,PE,NIFTY2570322950PE,0.00,0.00,0.00,63.30,0.00,63.30,25103.20,6.45,0,0,0,0.00,0,F1,75,,,,,
2025-06-09,2025-06-09,FO,NSE,IDO,56082,,NIFTY,,2025-07-03,2025-07-03,23050.00,PE,NIFTY2570323050PE,0.00,0.00,0.00,38.90,38.90,38.90,25103.20,8.45,75,0,0,0.00,0,F1,75,,,,,
2025-06-09,2025-06-09,FO,NSE,IDO,56463,,NIFTY,,2025-07-03,2025-07-03,24250.00,PE,NIFTY2570324250PE,0.00,0.00,0.00,184.15,184.15,184.15,25103.20,114.50,600,0,0,0.00,0,F1,75,,,,,
2025-06-09,2025-06-09,FO,NSE,IDO,56540,,NIFTY,,2025-07-03,2025-07-03,24600.00,PE,NIFTY2570324600PE,183.15,183.15,155.00,158.90,159.50,197.90,25103.20,158.90,9375,-2400,125,232137716.25,64,F1,75,,,,,
2025-06-09,2025-06-09,FO,NSE,IDO,56594,,NIFTY,,2025-07-03,2025-07-03,24700.00,PE,NIFTY2570324700PE,225.30,225.30,180.90,183.05,185.95,225.40,25103.20,183.05,16650,-225,93,173617447.50,70,F1,75,,,,,
2025-06-09,2025-06-09,FO,NSE,IDO,56670,,NIFTY,,2025-07-03,2025-07-03,24850.00,PE,NIFTY2570324850PE,237.10,237.10,227.00,229.45,229.45,293.40,25103.20,229.45,900,0,3,5643266.25,3,F1,75,,,,,
2025-06-09,2025-06-09,FO,NSE,IDO,56780,,NIFTY,,2025-07-03,2025-07-03,25350.00,PE,NIFTY2570325350PE,0.00,0.00,0.00,902.00,0.00,902.00,25103.20,520.00,0,0,0,0.00,0,F1,75,,,,,
2025-06-09,2025-06-09,FO,NSE,IDO,44748,,NIFTY,,2025-06-12,2025-06-12,22850.00,CE,NIFTY2561222850CE,2281.45,2281.45,2203.85,2203.85,2203.85,1959.20,25103.20,2203.85,675,-75,3,5648287.50,3,F1,75,,,,,
2025-06-09,2025-06-09,FO,NSE,IDO,44760,,NIFTY,,2025-06-12,2025-06-12,23050.00,CE,NIFTY2561223050CE,0.00,0.00,0.00,1736.10,1736.10,1736.10,25103.20,2064.55,750,0,0,0.00,0,F1,75,,,,,
2025-06-09,2025-06-09,FO,NSE,IDO,44764,,NIFTY,,2025-06-12,2025-06-12,23150.00,CE,NIFTY2561223150CE,0.00,0.00,0.00,1715.00,1715.00,1715.00,25103.20,1964.60,825,0,0,0.00,0,F1,75,,,,,
2025-06-09,2025-06-09,FO,NSE,IDO,44768,,NIFTY,,2025-06-12,2025-06-12,23250.00,CE,NIFTY2561223250CE,1922.60,1922.60,1922.60,1922.60,1922.60,1593.55,25103.20,1864.65,675,0,1,1887945.00,1,F1,75,,,,,
2025-06-09,2025-06-09,FO,NSE,IDO,44828,,NIFTY,,2025-06-12,2025-06-12,24350.00,CE,NIFTY2561224350CE,790.50,812.85,730.85,764.80,766.00,696.40,25103.20,764.80,16050,-1425,121,227948396.25,95,F1,75,,,,,
2025-06-09,2025-06-09,FO,NSE,IDO,44852,,NIFTY,,2025-06-12,2025-06-12,24700.00,CE,NIFTY2561224700CE,441.00,476.25,417.55,434.25,433.50,387.80,25103.20,434.25,1630425,-617025,30544,57596238273.75,15737,F1,75,,,,,
2025-06-09,2025-06-09,FO,NSE,IDO,44912,,NIFTY,,2025-06-12,2025-06-12,26000.00,CE,NIFTY2561226000CE,3.00,4.60,2.00,2.30,2.35,3.00,25103.20,2.30,13016250,2163675,919451,1793127455782.50,163698,F1,75,,,,,
2025-06-09,2025-06-09,FO,NSE,IDO,44916,,NIFTY,,2025-06-12,2025-06-12,26100.00,CE,NIFTY2561226100CE,2.10,3.20,1.60,1.75,1.70,2.25,25103.20,1.75,3894600,864300,311935,610661660748.75,59526,F1,75,,,,,
2025-06-09,2025-06-09,FO,NSE,IDO,50859,,NIFTY,,2025-06-19,2025-06-19,23050.00,CE,NIFTY2561923050CE,0.00,0.00,0.00,1796.05,1795.90,1796.05,25103.20,2091.15,300,0,0,0.00,0,F1,75,,,,,
2025-06-09,2025-06-09,FO,NSE,IDO,50863,,NIFTY,,2025-06-19,2025-06-19,23100.00,CE,NIFTY2561923100CE,0.00,0.00,0.00,1930.00,1930.00,1930.00,25103.20,2041.30,375,0,0,0.00,0,F1,75,,,,,
2025-06-09,2025-06-09,FO,NSE,IDO,50897,,NIFTY,,2025-06-19,2025-06-19,23450.00,CE,NIFTY2561923450CE,1710.00,1710.00,1710.00,1710.00,1710.00,1590.00,25103.20,1693.20,450,150,3,5661000.00,2,F1,75,,,,,
2025-06-09,2025-06-09,FO,NSE,IDO,50965,,NIFTY,,2025-06-19,2025-06-19,24200.00,CE,NIFTY2561924200CE,966.00,988.05,956.05,960.00,960.00,904.35,25103.20,971.85,6225,-1425,58,109477042.50,26,F1,75,,,,,
2025-06-09,2025-06-09,FO,NSE,IDO,58682,,NIFTY,,2025-07-03,2025-07-03,26100.00,PE,NIFTY2570326100PE,0.00,0.00,0.00,1452.55,0.00,1452.55,25103.20,1031.15,0,0,0,0.00,0,F1,75,,,,,
2025-06-09,2025-06-09,FO,NSE,IDO,58724,,NIFTY,,2025-07-03,2025-07-03,26700.00,PE,NIFTY2570326700PE,0.00,0.00,0.00,1964.30,0.00,1964.30,25103.20,1542.85,0,0,0,0.00,0,F1,75,,,,,
2025-06-09,2025-06-09,FO,NSE,IDO,40069,,NIFTY,,2025-07-10,2025-07-10,25700.00,PE,NIFTY2571025700PE,0.00,0.00,0.00,1017.65,0.00,1017.65,25103.20,770.55,0,0,0,0.00,0,F1,75,,,,,
2025-06-09,2025-06-09,FO,NSE,IDO,40079,,NIFTY,,2025-07-10,2025-07-10,25950.00,PE,NIFTY2571025950PE,0.00,0.00,0.00,1206.65,0.00,1206.65,25103.20,941.30,0,0,0,0.00,0,F1,75,,,,,
2025-06-09,2025-06-09,FO,NSE,IDO,40092,,NIFTY,,2025-07-10,2025-07-10,26150.00,PE,NIFTY2571026150PE,0.00,0.00,0.00,1367.15,0.00,1367.15,25103.20,1089.80,0,0,0,0.00,0,F1,75,,,,,
2025-06-09,2025-06-09,FO,NSE,IDO,40101,,NIFTY,,2025-07-10,2025-07-10,26200.00,PE,NIFTY2571026200PE,0.00,0.00,0.00,1408.45,0.00,1408.45,25103.20,1128.35,0,0,0,0.00,0,F1,75,,,,,
2025-06-09,2025-06-09,FO,NSE,IDO,40105,,NIFTY,,2025-07-10,2025-07-10,26250.00,PE,NIFTY2571026250PE,0.00,0.00,0.00,1450.15,0.00,1450.15,25103.20,1167.50,0,0,0,0.00,0,F1,75,,,,,
2025-06-09,2025-06-09,FO,NSE,IDO,40133,,NIFTY,,2025-07-10,2025-07-10,26600.00,PE,NIFTY2571026600PE,0.00,0.00,0.00,1753.35,0.00,1753.35,25103.20,1455.45,0,0,0,0.00,0,F1,75,,,,,
2025-06-09,2025-06-09,FO,NSE,IDO,55730,,NIFTY,,2025-07-31,2025-07-31,23350.00,PE,NIFTY25JUL23350PE,70.45,74.05,69.85,74.05,74.05,84.45,25103.20,79.05,4125,1050,29,50939658.75,5,F1,75,,,,,
2025-06-09,2025-06-09,FO,NSE,IDO,55734,,NIFTY,,2025-07-31,2025-07-31,23450.00,PE,NIFTY25JUL23450PE,82.00,83.85,74.65,83.85,83.85,90.85,25103.20,90.75,2250,-75,3,5294287.50,3,F1,75,,,,,
2025-06-09,2025-06-09,FO,NSE,IDO,55758,,NIFTY,,2025-07-31,2025-07-31,24000.00,PE,NIFTY25JUL24000PE,170.85,170.85,135.15,144.55,144.90,168.55,25103.20,144.55,1185600,73425,9959,18037028565.00,5534,F1,75,,,,,
2025-06-09,2025-06-09,FO,NSE,IDO,55770,,NIFTY,,2025-07-31,2025-07-31,24250.00,PE,NIFTY25JUL24250PE,204.00,204.00,191.35,192.40,192.40,215.35,25103.20,192.40,6225,-150,3,5500331.25,3,F1,75,,,,,
2025-06-09,2025-06-09,FO,NSE,IDO,55776,,NIFTY,,2025-07-31,2025-07-31,24400.00,PE,NIFTY25JUL24400PE,230.00,235.00,218.00,219.85,220.05,250.00,25103.20,219.85,45825,5625,420,775669147.50,249,F1,75,,,,,
2025-06-09,2025-06-09,FO,NSE,IDO,55836,,NIFTY,,2025-07-31,2025-07-31,25700.00,PE,NIFTY25JUL25700PE,731.95,751.15,715.00,727.00,725.95,782.80,25103.20,727.00,9450,1650,155,307230540.00,88,F1,75,,,,,
2025-06-09,2025-06-09,FO,NSE,IDO,71504,,NIFTY,,2026-12-31,2026-12-31,25000.00,PE,NIFTY26DEC25000PE,1030.10,1030.10,996.00,1020.00,1020.00,1070.00,25103.20,1063.65,18300,975,38,74132257.50,13,F1,75,,,,,
2025-06-09,2025-06-09,FO,NSE,IDO,71557,,NIFTY,,2027-06-24,2027-06-24,22000.00,PE,NIFTY27JUN22000PE,0.00,0.00,0.00,3995.40,0.00,3995.40,25103.20,409.20,0,0,0,0.00,0,F1,75,,,,,
2025-06-09,2025-06-09,FO,NSE,IDO,53617,,NIFTY,,2027-12-30,2027-12-30,22000.00,PE,NIFTY27DEC22000PE,0.00,0.00,0.00,485.70,485.70,485.70,25103.20,447.05,100,0,0,0.00,0,F1,75,,,,,
2025-06-09,2025-06-09,FO,NSE,IDO,53619,,NIFTY,,2027-12-30,2027-12-30,23000.00,PE,NIFTY27DEC23000PE,0.00,0.00,0.00,700.05,700.05,700.05,25103.20,619.80,2025,0,0,0.00,0,F1,75,,,,,
2025-06-09,2025-06-09,FO,NSE,IDO,89615,,NIFTY,,2029-06-28,2029-06-28,19000.00,PE,NIFTY29JUN19000PE,0.00,0.00,0.00,170.30,0.00,170.30,25103.20,182.45,0,0,0,0.00,0,F1,75,,,,,
2025-06-09,2025-06-09,FO,NSE,IDO,89623,,NIFTY,,2029-06-28,2029-06-28,20000.00,PE,NIFTY29JUN20000PE,0.00,0.00,0.00,236.95,0.00,236.95,25103.20,261.05,0,0,0,0.00,0,F1,75,,,,,
2025-06-09,2025-06-09,FO,NSE,IDO,50991,,NIFTY,,2025-06-19,2025-06-19,24550.00,CE,NIFTY2561924550CE,645.00,676.90,640.40,651.70,651.95,600.30,25103.20,651.70,16650,150,121,228692302.50,56,F1,75,,,,,
2025-06-09,2025-06-09,FO,NSE,IDO,51017,,NIFTY,,2025-06-19,2025-06-19,25150.00,CE,NIFTY2561925150CE,306.45,306.45,221.20,230.25,233.00,212.50,25103.20,230.25,141000,91125,10467,19931390820.00,7439,F1,75,,,,,
2025-06-09,2025-06-09,FO,NSE,IDO,51023,,NIFTY,,2025-06-19,2025-06-19,25300.00,CE,NIFTY2561925300CE,188.50,195.10,154.55,162.00,164.05,151.30,25103.20,162.00,347175,158850,16229,31000923753.75,10159,F1,75,,,,,
2025-06-09,2025-06-09,FO,NSE,IDO,51049,,NIFTY,,2025-06-19,2025-06-19,25850.00,CE,NIFTY2561925850CE,36.30,41.95,27.55,29.40,30.55,28.90,25103.20,29.40,66375,33000,4164,8083222601.25,2494,F1,75,,,,,
2025-06-09,2025-06-09,FO,NSE,IDO,51051,,NIFTY,,2025-06-19,2025-06-19,25900.00,CE,NIFTY2561925900CE,31.65,35.40,22.65,24.30,25.75,24.05,25103.20,24.30,325050,105750,13709,26658302745.00,9236,F1,75,,,,,
2025-06-09,2025-06-09,FO,NSE,IDO,62065,,NIFTY,,2025-06-26,2025-06-26,20500.00,CE,NIFTY25JUN20500CE,0.00,0.00,0.00,4591.95,4591.95,4591.95,25103.20,4660.25,22200,0,0,0.00,0,F1,75,,,,,
2025-06-09,2025-06-09,FO,NSE,IDO,62099,,NIFTY,,2025-06-26,2025-06-26,20950.00,CE,NIFTY25JUN20950CE,0.00,0.00,0.00,4008.15,4008.15,4008.15,25103.20,4211.50,600,0,0,0.00,0,F1,75,,,,,
2025-06-09,2025-06-09,FO,NSE,IDO,62127,,NIFTY,,2025-06-26,2025-06-26,21200.00,CE,NIFTY25JUN21200CE,3901.60,3901.60,3901.60,3901.60,3901.60,3761.70,25103.20,3962.20,900,75,1,1882620.00,1,F1,75,,,,,
2025-06-09,2025-06-09,FO,NSE,IDO,62175,,NIFTY,,2025-06-26,2025-06-26,22100.00,CE,NIFTY25JUN22100CE,0.00,0.00,0.00,2647.55,2647.55,2647.55,25103.20,3064.75,1500,0,0,0.00,0,F1,75,,,,,
2025-06-09,2025-06-09,FO,NSE,IDO,62347,,NIFTY,,2025-06-26,2025-06-26,23900.00,CE,NIFTY25JUN23900CE,1318.00,1331.30,1305.00,1314.45,1316.00,1241.45,25103.20,1314.45,29550,-2850,85,160745343.75,41,F1,75,,,,,
2025-06-09,2025-06-09,FO,NSE,IDO,62373,,NIFTY,,2025-06-26,2025-06-26,24450.00,CE,NIFTY25JUN24450CE,813.50,843.80,807.15,809.15,809.15,761.45,25103.20,834.40,21750,0,28,53055915.00,15,F1,75,,,,,
2025-06-09,2025-06-09,FO,NSE,IDO,62375,,NIFTY,,2025-06-26,2025-06-26,24500.00,CE,NIFTY25JUN24500CE,800.00,817.35,757.40,773.00,775.00,721.75,25103.20,773.00,1303275,-21450,3766,7140105292.50,2362,F1,75,,,,,
2025-06-09,2025-06-09,FO,NSE,IDO,62403,,NIFTY,,2025-06-26,2025-06-26,25150.00,CE,NIFTY25JUN25150CE,343.35,352.80,317.50,323.80,322.15,302.80,25103.20,323.80,128250,37275,3702,7075073655.00,2403,F1,75,,,,,
2025-06-09,2025-06-09,FO,NSE,IDO,62427,,NIFTY,,2025-06-26,2025-06-26,25650.00,CE,NIFTY25JUN25650CE,149.85,149.85,117.90,120.70,121.70,114.75,25103.20,120.70,54825,-5175,1491,2882229363.75,736,F1,75,,,,,
2025-06-09,2025-06-09,FO,NSE,IDO,71383,,NIFTY,,2025-06-26,2025-06-26,26000.00,CE,NIFTY25JUN26000CE,59.95,72.05,50.00,52.05,53.00,49.50,25103.20,52.05,5937550,626075,60931,119069883618.75,26065,F1,75,,,,,
2025-06-09,2025-06-09,FO,NSE,IDO,55838,,NIFTY,,2025-07-31,2025-07-31,25750.00,PE,NIFTY25JUL25750PE,0.00,0.00,0.00,809.75,809.75,809.75,25103.20,887.10,1350,0,0,0.00,0,F1,75,,,,,
2025-06-09,2025-06-09,FO,NSE,IDO,55840,,NIFTY,,2025-07-31,2025-07-31,25800.00,PE,NIFTY25JUL25800PE,787.00,808.90,770.95,782.55,782.55,840.00,25103.20,917.80,11625,6225,143,285204918.75,130,F1,75,,,,,
2025-06-09,2025-06-09,FO,NSE,IDO,55850,,NIFTY,,2025-07-31,2025-07-31,26000.00,PE,NIFTY25JUL26000PE,915.00,940.00,893.80,912.50,909.00,980.20,25103.20,912.50,411450,49425,1609,3248154870.00,1147,F1,75,,,,,
2025-06-09,2025-06-09,FO,NSE,IDO,55880,,NIFTY,,2025-07-31,2025-07-31,26700.00,PE,NIFTY25JUL26700PE,0.00,0.00,0.00,1507.85,1507.85,1507.85,25103.20,1559.20,825,0,0,0.00,0,F1,75,,,,,
2025-06-09,2025-06-09,FO,NSE,IDO,55884,,NIFTY,,2025-07-31,2025-07-31,26800.00,PE,NIFTY25JUL26800PE,1504.00,1520.10,1495.85,1495.85,1495.85,1599.15,25103.20,1495.85,2400,300,15,31844523.75,12,F1,75,,,,,
2025-06-09,2025-06-09,FO,NSE,IDO,71840,,NIFTY,,2025-08-28,2025-08-28,22950.00,PE,NIFTY25AUG22950PE,0.00,0.00,0.00,141.10,0.00,141.10,25103.20,90.90,0,0,0,0.00,0,F1,75,,,,,
2025-06-09,2025-06-09,FO,NSE,IDO,71861,,NIFTY,,2025-08-28,2025-08-28,23400.00,PE,NIFTY25AUG23400PE,132.00,132.00,121.20,121.45,121.20,143.35,25103.20,121.45,43350,6000,106,187008446.25,63,F1,75,,,,,
2025-06-09,2025-06-09,FO,NSE,IDO,71871,,NIFTY,,2025-08-28,2025-08-28,23500.00,PE,NIFTY25AUG23500PE,140.00,145.85,134.35,136.75,135.35,151.10,25103.20,136.75,179325,56700,1449,2568760027.50,912,F1,75,,,,,
2025-06-09,2025-06-09,FO,NSE,IDO,71945,,NIFTY,,2025-08-28,2025-08-28,24250.00,PE,NIFTY25AUG24250PE,0.00,0.00,0.00,440.60,0.00,440.60,25103.20,333.65,0,0,0,0.00,0,F1,75,,,,,
2025-06-09,2025-06-09,FO,NSE,IDO,71967,,NIFTY,,2025-08-28,2025-08-28,24800.00,PE,NIFTY25AUG24800PE,404.85,410.00,401.10,405.10,404.70,440.00,25103.20,405.10,5400,1950,39,73726856.25,34,F1,75,,,,,
2025-06-09,2025-06-09,FO,NSE,IDO,72035,,NIFTY,,2025-08-28,2025-08-28,25200.00,PE,NIFTY25AUG25200PE,565.90,565.90,546.00,555.20,555.20,600.10,25103.20,686.70,3975,225,6,11588520.00,6,F1,75,,,,,
2025-06-09,2025-06-09,FO,NSE,IDO,72107,,NIFTY,,2025-08-28,2025-08-28,25950.00,PE,NIFTY25AUG25950PE,0.00,0.00,0.00,1259.60,0.00,1259.60,25103.20,1086.90,0,0,0,0.00,0,F1,75,,,,,
2025-06-09,2025-06-09,FO,NSE,IDO,72158,,NIFTY,,2025-08-28,2025-08-28,26450.00,PE,NIFTY25AUG26450PE,0.00,0.00,0.00,1594.40,0.00,1594.40,25103.20,1410.75,0,0,0,0.00,0,F1,75,,,,,
2025-06-09,2025-06-09,FO,NSE,IDO,72325,,NIFTY,,2025-08-28,2025-08-28,26700.00,PE,NIFTY25AUG26700PE,0.00,0.00,0.00,1776.80,0.00,1776.80,25103.20,1588.10,0,0,0,0.00,0,F1,75,,,,,
2025-06-09,2025-06-09,FO,NSE,IDO,64695,,NIFTY,,2025-09-25,2025-09-25,25000.00,PE,NIFTY25SEP25000PE,530.40,540.00,512.10,533.10,530.00,558.55,25103.20,533.10,848025,129525,4278,8191272060.00,2599,F1,75,,,,,
2025-06-09,2025-06-09,FO,NSE,IDO,58623,,NIFTY,,2025-12-24,2025-12-24,22000.00,PE,NIFTY25DEC22000PE,154.00,154.00,141.05,142.55,141.10,154.00,25103.20,142.55,1291950,-11025,2028,3368323023.75,1025,F1,75,,,,,
2025-06-09,2025-06-09,FO,NSE,IDO,50448,,NIFTY,,2026-06-25,2026-06-25,15000.00,PE,NIFTY26JUN15000PE,0.00,0.00,0.00,20.20,20.20,20.20,25103.20,0.45,1000,0,0,0.00,0,F1,75,,,,,
2025-06-09,2025-06-09,FO,NSE,IDO,51455,,NIFTY,,2026-06-25,2026-06-25,21000.00,PE,NIFTY26JUN21000PE,0.00,0.00,0.00,249.40,249.80,249.40,25103.20,148.70,351300,0,0,0.00,0,F1,75,,,,,
2025-06-09,2025-06-09,FO,NSE,IDO,58637,,NIFTY,,2026-12-31,2026-12-31,16000.00,PE,NIFTY26DEC16000PE,0.00,0.00,0.00,23.30,23.30,23.30,25103.20,7.15,2425,0,0,0.00,0,F1,75,,,,,
2025-06-09,2025-06-09,FO,NSE,IDO,56426,,NIFTY,,2025-07-03,2025-07-03,24000.00,CE,NIFTY2570324000CE,0.00,0.00,0.00,1054.20,0.00,1054.20,25103.20,1270.35,0,0,0,0.00,0,F1,75,,,,,
2025-06-09,2025-06-09,FO,NSE,IDO,56466,,NIFTY,,2025-07-03,2025-07-03,24350.00,CE,NIFTY2570324350CE,0.00,0.00,0.00,826.65,0.00,826.65,25103.20,984.20,0,0,0,0.00,0,F1,75,,,,,
2025-06-09,2025-06-09,FO,NSE,IDO,56781,,NIFTY,,2025-07-03,2025-07-03,25400.00,CE,NIFTY2570325400CE,296.90,296.90,269.00,274.45,278.20,251.45,25103.20,274.45,78675,-5100,182,350488638.75,86,F1,75,,,,,
2025-06-09,2025-06-09,FO,NSE,IDO,71560,,NIFTY,,2027-06-24,2027-06-24,24000.00,CE,NIFTY27JUN24000CE,0.00,0.00,0.00,2300.00,2300.00,2300.00,25103.20,4751.70,600,0,0,0.00,0,F1,75,,,,,
2025-06-09,2025-06-09,FO,NSE,IDO,71549,,NIFTY,,2027-06-24,2027-06-24,19000.00,CE,NIFTY27JUN19000CE,0.00,0.00,0.00,7800.00,7800.00,7800.00,25103.20,8452.55,75,0,0,0.00,0,F1,75,,,,,
2025-06-09,2025-06-09,FO,NSE,IDO,71547,,NIFTY,,2027-06-24,2027-06-24,18000.00,CE,NIFTY27JUN18000CE,0.00,0.00,0.00,4066.45,0.00,4066.45,25103.20,9288.75,0,0,0,0.00,0,F1,75,,,,,
2025-06-09,2025-06-09,FO,NSE,IDO,58638,,NIFTY,,2026-12-31,2026-12-31,17000.00,CE,NIFTY26DEC17000CE,0.00,0.00,0.00,4955.10,0.00,4955.10,25103.20,9679.60,0,0,0,0.00,0,F1,75,,,,,
2025-06-09,2025-06-09,FO,NSE,IDO,58626,,NIFTY,,2026-06-25,2026-06-25,22000.00,CE,NIFTY26JUN22000CE,0.00,0.00,0.00,2722.55,0.00,2722.55,25103.20,4737.90,0,0,0,0.00,0,F1,75,,,,,
2025-06-09,2025-06-09,FO,NSE,IDO,50543,,NIFTY,,2025-12-24,2025-12-24,28000.00,CE,NIFTY25DEC28000CE,270.15,277.00,266.15,272.70,269.80,257.15,25103.20,272.70,890050,5850,878,1861749378.75,529,F1,75,,,,,
2025-06-09,2025-06-09,FO,NSE,IDO,64690,,NIFTY,,2025-09-25,2025-09-25,23000.00,CE,NIFTY25SEP23000CE,2593.30,2655.00,2593.30,2612.65,2615.45,2537.20,25103.20,2612.65,128100,-225,36,69179220.00,25,F1,75,,,,,
2025-06-09,2025-06-09,FO,NSE,IDO,72112,,NIFTY,,2025-08-28,2025-08-28,26100.00,CE,NIFTY25AUG26100CE,0.00,0.00,0.00,516.75,0.00,516.75,25103.20,532.70,0,0,0,0.00,0,F1,75,,,,,
2025-06-09,2025-06-09,FO,NSE,IDO,71970,,NIFTY,,2025-08-28,2025-08-28,24900.00,CE,NIFTY25AUG24900CE,0.00,0.00,0.00,1034.15,0.00,1034.15,25103.20,1093.95,0,0,0,0.00,0,F1,75,,,,,
2025-06-09,2025-06-09,FO,NSE,IDO,71954,,NIFTY,,2025-08-28,2025-08-28,24500.00,CE,NIFTY25AUG24500CE,1241.95,1261.75,1226.90,1235.05,1232.65,1185.10,25103.20,1235.05,41025,14925,450,868583088.75,200,F1,75,,,,,
2025-06-09,2025-06-09,FO,NSE,IDO,71944,,NIFTY,,2025-08-28,2025-08-28,24250.00,CE,NIFTY25AUG24250CE,0.00,0.00,0.00,1421.15,0.00,1421.15,25103.20,1512.05,0,0,0,0.00,0,F1,75,,,,,
2025-06-09,2025-06-09,FO,NSE,IDO,71849,,NIFTY,,2025-08-28,2025-08-28,23200.00,CE,NIFTY25AUG23200CE,0.00,0.00,0.00,2193.90,0.00,2193.90,25103.20,2334.90,0,0,0,0.00,0,F1,75,,,,,
2025-06-09,2025-06-09,FO,NSE,IDO,55857,,NIFTY,,2025-07-31,2025-07-31,26200.00,CE,NIFTY25JUL26200CE,206.00,206.05,186.05,189.35,190.00,178.60,25103.20,189.35,94200,11025,593,1173831513.75,395,F1,75,,,,,
2025-06-09,2025-06-09,FO,NSE,IDO,55831,,NIFTY,,2025-07-31,2025-07-31,25600.00,CE,NIFTY25JUL25600CE,411.30,417.00,393.65,400.50,401.65,375.85,25103.20,400.50,61350,27975,943,1839110081.25,528,F1,75,,,,,
2025-06-09,2025-06-09,FO,NSE,IDO,55781,,NIFTY,,2025-07-31,2025-07-31,24550.00,CE,NIFTY25JUL24550CE,0.00,0.00,0.00,969.45,974.30,969.45,25103.20,1095.20,2850,0,0,0.00,0,F1,75,,,,,
2025-06-09,2025-06-09,FO,NSE,IDO,55747,,NIFTY,,2025-07-31,2025-07-31,23750.00,CE,NIFTY25JUL23750CE,0.00,0.00,0.00,1601.75,1601.75,1601.75,25103.20,1694.95,825,0,0,0.00,0,F1,75,,,,,
2025-06-09,2025-06-09,FO,NSE,IDO,55739,,NIFTY,,2025-07-31,2025-07-31,23600.00,CE,NIFTY25JUL23600CE,0.00,0.00,0.00,1729.50,1729.50,1729.50,25103.20,1820.25,975,0,0,0.00,0,F1,75,,,,,
2025-06-09,2025-06-09,FO,NSE,IDO,55723,,NIFTY,,2025-07-31,2025-07-31,23200.00,CE,NIFTY25JUL23200CE,0.00,0.00,0.00,1880.00,1880.00,1880.00,25103.20,2169.75,4275,0,0,0.00,0,F1,75,,,,,
2025-06-09,2025-06-09,FO,NSE,IDO,55703,,NIFTY,,2025-07-31,2025-07-31,23000.00,CE,NIFTY25JUL23000CE,2362.00,2362.00,2330.60,2344.30,2354.85,2270.75,25103.20,2344.30,48825,-75,35,66536542.50,25,F1,75,,,,,
2025-06-09,2025-06-09,FO,NSE,IDO,40110,,NIFTY,,2025-07-10,2025-07-10,26350.00,CE,NIFTY2571026350CE,0.00,0.00,0.00,101.30,0.00,101.30,25103.20,138.00,0,0,0,0.00,0,F1,75,,,,,
2025-06-09,2025-06-09,FO,NSE,IDO,40086,,NIFTY,,2025-07-10,2025-07-10,26100.00,CE,NIFTY2571026100CE,0.00,0.00,0.00,141.10,0.00,141.10,25103.20,192.15,0,0,0,0.00,0,F1,75,,,,,
2025-06-09,2025-06-09,FO,NSE,IDO,40047,,NIFTY,,2025-07-10,2025-07-10,25450.00,CE,NIFTY2571025450CE,0.00,0.00,0.00,187.40,187.40,187.40,25103.20,403.65,75,0,0,0.00,0,F1,75,,,,,
2025-06-09,2025-06-09,FO,NSE,IDO,38157,,NIFTY,,2026-06-25,2026-06-25,29000.00,PE,NIFTY26JUN29000PE,0.00,0.00,0.00,5546.10,0.00,5546.10,25103.20,3060.15,0,0,0,0.00,0,F1,75,,,,,
2025-06-09,2025-06-09,FO,NSE,IDO,50444,,NIFTY,,2026-06-25,2026-06-25,14000.00,PE,NIFTY26JUN14000PE,0.00,0.00,0.00,24.00,24.00,24.00,25103.20,0.10,1225,0,0,0.00,0,F1,75,,,,,
2025-06-09,2025-06-09,FO,NSE,IDO,62933,,NIFTY,,2026-03-26,2026-03-26,28000.00,PE,NIFTY26MAR28000PE,0.00,0.00,0.00,3078.95,0.00,3078.95,25103.20,2479.85,0,0,0,0.00,0,F1,75,,,,,
2025-06-09,2025-06-09,FO,NSE,IDO,62931,,NIFTY,,2026-03-26,2026-03-26,27000.00,PE,NIFTY26MAR27000PE,0.00,0.00,0.00,2406.70,0.00,2406.70,25103.20,1873.00,0,0,0,0.00,0,F1,75,,,,,
2025-06-09,2025-06-09,FO,NSE,IDO,62923,,NIFTY,,2026-03-26,2026-03-26,23000.00,PE,NIFTY26MAR23000PE,0.00,0.00,0.00,577.80,0.00,577.80,25103.20,366.75,0,0,0,0.00,0,F1,75,,,,,
2025-06-09,2025-06-09,FO,NSE,IDO,71403,,NIFTY,,2025-12-24,2025-12-24,26000.00,PE,NIFTY25DEC26000PE,1039.45,1039.45,1001.80,1011.35,1006.40,1058.30,25103.20,1011.35,743000,16800,2006,4064876190.00,1424,F1,75,,,,,
2025-06-09,2025-06-09,FO,NSE,IDO,72155,,NIFTY,,2025-08-28,2025-08-28,26400.00,PE,NIFTY25AUG26400PE,0.00,0.00,0.00,1559.20,0.00,1559.20,25103.20,1376.45,0,0,0,0.00,0,F1,75,,,,,
2025-06-09,2025-06-09,FO,NSE,IDO,71953,,NIFTY,,2025-08-28,2025-08-28,24450.00,PE,NIFTY25AUG24450PE,0.00,0.00,0.00,510.30,0.00,510.30,25103.20,394.10,0,0,0,0.00,0,F1,75,,,,,
2025-06-09,2025-06-09,FO,NSE,IDO,71939,,NIFTY,,2025-08-28,2025-08-28,24150.00,PE,NIFTY25AUG24150PE,0.00,0.00,0.00,408.30,0.00,408.30,25103.20,307.15,0,0,0,0.00,0,F1,75,,,,,
2025-06-09,2025-06-09,FO,NSE,IDO,55878,,NIFTY,,2025-07-31,2025-07-31,26650.00,PE,NIFTY25JUL26650PE,0.00,0.00,0.00,1464.10,1464.10,1464.10,25103.20,1519.65,900,0,0,0.00,0,F1,75,,,,,
2025-06-09,2025-06-09,FO,NSE,IDO,55875,,NIFTY,,2025-07-31,2025-07-31,26600.00,PE,NIFTY25JUL26600PE,1333.00,1333.00,1321.50,1327.25,1321.50,1423.20,25103.20,1327.25,1425,0,2,4189087.50,2,F1,75,,,,,
2025-06-09,2025-06-09,FO,NSE,IDO,55832,,NIFTY,,2025-07-31,2025-07-31,25600.00,PE,NIFTY25JUL25600PE,675.95,689.00,660.30,670.85,669.35,729.90,25103.20,670.85,32400,15900,334,658107472.50,134,F1,75,,,,,
2025-06-09,2025-06-09,FO,NSE,IDO,55792,,NIFTY,,2025-07-31,2025-07-31,24800.00,PE,NIFTY25JUL24800PE,337.40,351.45,324.05,326.15,325.35,368.00,25103.20,326.15,308325,55950,1737,3273874635.00,1131,F1,75,,,,,
2025-06-09,2025-06-09,FO,NSE,IDO,55756,,NIFTY,,2025-07-31,2025-07-31,23950.00,PE,NIFTY25JUL23950PE,133.35,134.25,133.35,134.25,134.25,158.05,25103.20,171.15,675,150,2,3612570.00,2,F1,75,,,,,
2025-06-09,2025-06-09,FO,NSE,IDO,55738,,NIFTY,,2025-07-31,2025-07-31,23550.00,PE,NIFTY25JUL23550PE,98.40,98.40,88.95,88.95,88.95,104.60,25103.20,103.80,4125,375,34,60286665.00,12,F1,75,,,,,
2025-06-09,2025-06-09,FO,NSE,IDO,55702,,NIFTY,,2025-07-31,2025-07-31,22950.00,PE,NIFTY25JUL22950PE,0.00,0.00,0.00,59.55,59.55,59.55,25103.20,43.75,2400,0,0,0.00,0,F1,75,,,,,
2025-06-09,2025-06-09,FO,NSE,IDO,55692,,NIFTY,,2025-07-31,2025-07-31,22750.00,PE,NIFTY25JUL22750PE,41.00,41.00,39.00,39.00,39.00,45.20,25103.20,39.00,1425,-675,22,37602000.00,4,F1,75,,,,,
2025-06-09,2025-06-09,FO,NSE,IDO,40003,,NIFTY,,2025-07-10,2025-07-10,24800.00,PE,NIFTY2571024800PE,265.00,265.00,245.50,249.75,250.90,293.25,25103.20,249.75,17025,450,46,86433896.25,38,F1,75,,,,,
2025-06-09,2025-06-09,FO,NSE,IDO,39967,,NIFTY,,2025-07-10,2025-07-10,24400.00,PE,NIFTY2571024400PE,0.00,0.00,0.00,195.35,195.35,195.35,25103.20,186.30,600,0,0,0.00,0,F1,75,,,,,
2025-06-09,2025-06-09,FO,NSE,IDO,39913,,NIFTY,,2025-07-10,2025-07-10,23650.00,PE,NIFTY2571023650PE,0.00,0.00,0.00,112.90,0.00,112.90,25103.20,56.15,0,0,0,0.00,0,F1,75,,,,,
2025-06-09,2025-06-09,FO,NSE,IDO,39897,,NIFTY,,2025-07-10,2025-07-10,23450.00,PE,NIFTY2571023450PE,0.00,0.00,0.00,82.50,0.00,82.50,25103.20,38.60,0,0,0,0.00,0,F1,75,,,,,
2025-06-09,2025-06-09,FO,NSE,IDO,39847,,NIFTY,,2025-07-10,2025-07-10,23100.00,PE,NIFTY2571023100PE,0.00,0.00,0.00,45.20,0.00,45.20,25103.20,18.80,0,0,0,0.00,0,F1,75,,,,,
2025-06-09,2025-06-09,FO,NSE,IDO,58699,,NIFTY,,2025-07-03,2025-07-03,26350.00,PE,NIFTY2570326350PE,0.00,0.00,0.00,1659.55,0.00,1659.55,25103.20,1235.85,0,0,0,0.00,0,F1,75,,,,,
2025-06-09,2025-06-09,FO,NSE,IDO,58688,,NIFTY,,2025-07-03,2025-07-03,26250.00,PE,NIFTY2570326250PE,0.00,0.00,0.00,1575.60,0.00,1575.60,25103.20,1152.30,0,0,0,0.00,0,F1,75,,,,,
2025-06-09,2025-06-09,FO,NSE,IDO,57126,,NIFTY,,2025-07-03,2025-07-03,25850.00,PE,NIFTY2570325850PE,0.00,0.00,0.00,1256.25,0.00,1256.25,25103.20,841.65,0,0,0,0.00,0,F1,75,,,,,
2025-06-09,2025-06-09,FO,NSE,IDO,56473,,NIFTY,,2025-07-03,2025-07-03,24350.00,PE,NIFTY2570324350PE,114.90,116.80,100.75,100.75,100.75,265.00,25103.20,100.75,900,-450,13,23850648.75,8,F1,75,,,,,
2025-06-09,2025-06-09,FO,NSE,IDO,56119,,NIFTY,,2025-07-03,2025-07-03,23350.00,PE,NIFTY2570323350PE,0.00,0.00,0.00,114.90,0.00,114.90,25103.20,18.10,0,0,0,0.00,0,F1,75,,,,,
2025-06-09,2025-06-09,FO,NSE,IDO,56094,,NIFTY,,2025-07-03,2025-07-03,23300.00,PE,NIFTY2570323300PE,29.40,29.40,21.90,24.00,24.00,30.10,25103.20,16.00,3150,0,5,8747085.00,5,F1,75,,,,,
2025-06-09,2025-06-09,FO,NSE,IDO,62486,,NIFTY,,2025-06-26,2025-06-26,26600.00,PE,NIFTY25JUN26600PE,0.00,0.00,0.00,1488.60,1488.60,1488.60,25103.20,1451.80,1050,0,0,0.00,0,F1,75,,,,,
2025-06-09,2025-06-09,FO,NSE,IDO,62468,,NIFTY,,2025-06-26,2025-06-26,26350.00,PE,NIFTY25JUN26350PE,0.00,0.00,0.00,1253.20,1253.20,1253.20,25103.20,1223.65,900,0,0,0.00,0,F1,75,,,,,
2025-06-09,2025-06-09,FO,NSE,IDO,62438,,NIFTY,,2025-06-26,2025-06-26,25800.00,PE,NIFTY25JUN25800PE,708.95,726.50,679.25,700.65,700.00,775.00,25103.20,700.65,43575,8700,562,1117029157.50,252,F1,75,,,,,
2025-06-09,2025-06-09,FO,NSE,IDO,62428,,NIFTY,,2025-06-26,2025-06-26,25650.00,PE,NIFTY25JUN25650PE,570.15,594.45,568.25,580.45,581.00,648.15,25103.20,580.45,3825,225,54,106219893.75,24,F1,75,,,,,
2025-06-09,2025-06-09,FO,NSE,IDO,62422,,NIFTY,,2025-06-26,2025-06-26,25500.00,PE,NIFTY25JUN25500PE,500.05,515.50,463.50,481.70,480.45,554.40,25103.20,481.70,885075,72225,5560,10836280942.50,3401,F1,75,,,,,
2025-06-09,2025-06-09,FO,NSE,IDO,62382,,NIFTY,,2025-06-26,2025-06-26,24650.00,PE,NIFTY25JUN24650PE,135.45,140.85,122.00,124.70,125.70,163.45,25103.20,124.70,129300,-10875,2550,4739228235.00,1306,F1,75,,,,,
2025-06-09,2025-06-09,FO,NSE,IDO,62378,,NIFTY,,2025-06-26,2025-06-26,24550.00,PE,NIFTY25JUN24550PE,128.00,128.00,100.45,103.80,103.55,138.25,25103.20,103.80,114750,-3600,1353,2502223785.00,845,F1,75,,,,,
2025-06-09,2025-06-09,FO,NSE,IDO,62346,,NIFTY,,2025-06-26,2025-06-26,23850.00,PE,NIFTY25JUN23850PE,34.40,35.50,29.95,30.45,31.00,41.45,25103.20,30.45,45825,-7575,833,1492025538.75,448,F1,75,,,,,
2025-06-09,2025-06-09,FO,NSE,IDO,62338,,NIFTY,,2025-06-26,2025-06-26,23700.00,PE,NIFTY25JUN23700PE,28.05,31.60,23.60,24.60,24.75,32.75,25103.20,24.60,362925,-24825,5185,9226148718.75,2759,F1,75,,,,,
2025-06-09,2025-06-09,FO,NSE,IDO,62334,,NIFTY,,2025-06-26,2025-06-26,23600.00,PE,NIFTY25JUN23600PE,30.45,30.45,20.35,21.25,21.00,27.95,25103.20,21.25,417450,-8625,8446,14963348051.25,4380,F1,75,,,,,
2025-06-09,2025-06-09,FO,NSE,IDO,62264,,NIFTY,,2025-06-26,2025-06-26,22950.00,PE,NIFTY25JUN22950PE,10.75,11.25,10.20,10.55,10.65,12.50,25103.20,10.55,60000,-12450,533,917853667.50,239,F1,75,,,,,
2025-06-09,2025-06-09,FO,NSE,IDO,62258,,NIFTY,,2025-06-26,2025-06-26,22900.00,PE,NIFTY25JUN22900PE,10.00,11.45,9.55,10.10,10.40,12.40,25103.20,10.10,83100,2400,1135,1950220931.25,523,F1,75,,,,,
2025-06-09,2025-06-09,FO,NSE,IDO,62256,,NIFTY,,2025-06-26,2025-06-26,22850.00,PE,NIFTY25JUN22850PE,11.65,12.05,9.35,9.70,9.95,11.65,25103.20,9.70,17700,-675,248,425189298.75,109,F1,75,,,,,
2025-06-09,2025-06-09,FO,NSE,IDO,62190,,NIFTY,,2025-06-26,2025-06-26,22250.00,PE,NIFTY25JUN22250PE,6.45,6.65,6.15,6.45,6.60,7.35,25103.20,6.45,19125,1950,200,333845677.50,135,F1,75,,,,,
2025-06-09,2025-06-09,FO,NSE,IDO,62184,,NIFTY,,2025-06-26,2025-06-26,22100.00,PE,NIFTY25JUN22100PE,5.50,6.45,5.25,5.85,5.70,6.65,25103.20,5.85,49800,-375,407,674777452.50,244,F1,75,,,,,
2025-06-09,2025-06-09,FO,NSE,IDO,62166,,NIFTY,,2025-06-26,2025-06-26,21850.00,PE,NIFTY25JUN21850PE,5.65,6.55,4.40,5.35,5.35,5.70,25103.20,5.35,9525,1050,175,286849455.00,75,F1,75,,,,,
2025-06-09,2025-06-09,FO,NSE,IDO,62156,,NIFTY,,2025-06-26,2025-06-26,21650.00,PE,NIFTY25JUN21650PE,4.80,4.90,4.45,4.90,4.90,5.15,25103.20,4.90,7200,-750,117,190019520.00,40,F1,75,,,,,
2025-06-09,2025-06-09,FO,NSE,IDO,62134,,NIFTY,,2025-06-26,2025-06-26,21250.00,PE,NIFTY25JUN21250PE,3.90,4.05,3.65,4.05,4.00,4.10,25103.20,4.05,3150,-675,75,119552928.75,37,F1,75,,,,,
2025-06-09,2025-06-09,FO,NSE,IDO,62074,,NIFTY,,2025-06-26,2025-06-26,20650.00,PE,NIFTY25JUN20650PE,3.00,3.35,2.90,3.30,3.35,3.25,25103.20,3.30,17400,3150,190,294307451.25,73,F1,75,,,,,
2025-06-09,2025-06-09,FO,NSE,IDO,62072,,NIFTY,,2025-06-26,2025-06-26,20600.00,PE,NIFTY25JUN20600PE,3.15,3.25,2.00,3.20,3.25,3.15,25103.20,3.20,6975,75,62,95804280.00,21,F1,75,,,,,
2025-06-09,2025-06-09,FO,NSE,IDO,40091,,NIFTY,,2025-06-26,2025-06-26,15000.00,PE,NIFTY25JUN15000PE,1.05,1.80,1.05,1.65,1.70,1.05,25103.20,1.65,98950,24075,575,646941573.75,165,F1,75,,,,,
2025-06-09,2025-06-09,FO,NSE,IDO,51090,,NIFTY,,2025-06-19,2025-06-19,26750.00,PE,NIFTY2561926750PE,0.00,0.00,0.00,1678.75,1678.75,1678.75,25103.20,1606.90,300,0,0,0.00,0,F1,75,,,,,
2025-06-09,2025-06-09,FO,NSE,IDO,51076,,NIFTY,,2025-06-19,2025-06-19,26450.00,PE,NIFTY2561926450PE,0.00,0.00,0.00,1381.75,1381.75,1381.75,25103.20,1314.55,300,0,0,0.00,0,F1,75,,,,,
2025-06-09,2025-06-09,FO,NSE,IDO,51034,,NIFTY,,2025-06-19,2025-06-19,25550.00,PE,NIFTY2561925550PE,487.00,520.65,470.55,482.00,480.95,567.90,25103.20,482.00,3150,2325,119,232384102.50,83,F1,75,,,,,
2025-06-09,2025-06-09,FO,NSE,IDO,51032,,NIFTY,,2025-06-19,2025-06-19,25500.00,PE,NIFTY2561925500PE,446.20,485.00,430.55,446.30,448.90,525.50,25103.20,446.30,68850,39225,2388,4647987123.75,1405,F1,75,,,,,
2025-06-09,2025-06-09,FO,NSE,IDO,50964,,NIFTY,,2025-06-19,2025-06-19,24150.00,PE,NIFTY2561924150PE,38.55,38.55,20.75,22.10,21.95,36.75,25103.20,22.10,46875,10950,2435,4414681503.75,1496,F1,75,,,,,
2025-06-09,2025-06-09,FO,NSE,IDO,50942,,NIFTY,,2025-06-19,2025-06-19,23750.00,PE,NIFTY2561923750PE,16.35,16.35,9.20,9.65,9.75,15.85,25103.20,9.65,45600,11400,1112,1981583940.00,605,F1,75,,,,,
2025-06-09,2025-06-09,FO,NSE,IDO,50926,,NIFTY,,2025-06-19,2025-06-19,23600.00,PE,NIFTY2561923600PE,8.35,10.30,7.25,7.80,7.65,12.60,25103.20,7.80,150600,-38700,4312,7634841551.25,2539,F1,75,,,,,
2025-06-09,2025-06-09,FO,NSE,IDO,44935,,NIFTY,,2025-06-12,2025-06-12,26500.00,PE,NIFTY2561226500PE,1391.90,1430.70,1365.00,1387.25,1389.50,1474.95,25103.20,1387.25,18000,75,14,29287916.25,13,F1,75,,,,,
2025-06-09,2025-06-09,FO,NSE,IDO,44919,,NIFTY,,2025-06-12,2025-06-12,26150.00,PE,NIFTY2561226150PE,1065.80,1073.20,999.85,1001.75,1001.75,1325.25,25103.20,1034.55,1725,150,10,20391011.25,10,F1,75,,,,,
2025-06-09,2025-06-09,FO,NSE,IDO,44913,,NIFTY,,2025-06-12,2025-06-12,26000.00,PE,NIFTY2561226000PE,800.00,922.80,800.00,894.85,894.00,977.35,25103.20,894.85,121725,-750,1045,2107307381.25,472,F1,75,,,,,
2025-06-09,2025-06-09,FO,NSE,IDO,44871,,NIFTY,,2025-06-12,2025-06-12,25100.00,PE,NIFTY2561225100PE,150.20,170.70,122.30,130.50,129.55,203.35,25103.20,130.50,4397475,3246225,1720244,3256486510121.25,977808,F1,75,,,,,
2025-06-09,2025-06-09,FO,NSE,IDO,44853,,NIFTY,,2025-06-12,2025-06-12,24700.00,PE,NIFTY2561224700PE,39.20,42.60,25.70,27.65,27.20,59.35,25103.20,27.65,6453450,552750,602198,1117006507980.00,235676,F1,75,,,,,
2025-06-09,2025-06-09,FO,NSE,IDO,44789,,NIFTY,,2025-06-12,2025-06-12,23650.00,PE,NIFTY2561223650PE,3.75,3.75,1.75,2.15,2.05,4.05,25103.20,2.15,520125,108900,36734,65162635053.75,9193,F1,75,,,,,
2025-06-09,2025-06-09,FO,NSE,IDO,44765,,NIFTY,,2025-06-12,2025-06-12,23150.00,PE,NIFTY2561223150PE,1.75,1.80,0.95,1.45,1.75,2.10,25103.20,1.45,165450,-45450,18628,32344631126.25,4433,F1,75,,,,,
2025-06-09,2025-06-09,FO,NSE,IDO,44725,,NIFTY,,2025-06-12,2025-06-12,22400.00,PE,NIFTY2561222400PE,0.95,1.30,0.65,1.10,1.20,1.00,25103.20,1.10,484800,-89100,30690,51561145035.00,8018,F1,75,,,,,
2025-06-09,2025-06-09,FO,NSE,IDO,61746,,NIFTY,,2029-12-27,2029-12-27,23000.00,CE,NIFTY29DEC23000CE,0.00,0.00,0.00,8286.75,0.00,8286.75,25103.20,8356.85,0,0,0,0.00,0,F1,75,,,,,
2025-06-09,2025-06-09,FO,NSE,IDO,67786,,NIFTY,,2028-12-28,2028-12-28,26000.00,CE,NIFTY28DEC26000CE,0.00,0.00,0.00,4879.70,0.00,4879.70,25103.20,5528.30,0,0,0,0.00,0,F1,75,,,,,
2025-06-09,2025-06-09,FO,NSE,IDO,67778,,NIFTY,,2028-12-28,2028-12-28,22000.00,CE,NIFTY28DEC22000CE,0.00,0.00,0.00,6932.45,0.00,6932.45,25103.20,7912.25,0,0,0,0.00,0,F1,75,,,,,
2025-06-09,2025-06-09,FO,NSE,IDO,86151,,NIFTY,,2028-06-29,2028-06-29,24000.00,CE,NIFTY28JUN24000CE,0.00,0.00,0.00,3918.85,0.00,3918.85,25103.20,6060.40,0,0,0,0.00,0,F1,75,,,,,
2025-06-09,2025-06-09,FO,NSE,IDO,53631,,NIFTY,,2027-12-30,2027-12-30,27000.00,CE,NIFTY27DEC27000CE,0.00,0.00,0.00,2889.80,0.00,2889.80,25103.20,3775.95,0,0,0,0.00,0,F1,75,,,,,
2025-06-09,2025-06-09,FO,NSE,IDO,53613,,NIFTY,,2027-12-30,2027-12-30,21000.00,CE,NIFTY27DEC21000CE,0.00,0.00,0.00,4902.40,0.00,4902.40,25103.20,7476.85,0,0,0,0.00,0,F1,75,,,,,
2025-06-09,2025-06-09,FO,NSE,IDO,39989,,NIFTY,,2026-06-25,2026-06-25,19000.00,CE,NIFTY26JUN19000CE,0.00,0.00,0.00,5792.00,5792.00,5792.00,25103.20,7322.25,100,0,0,0.00,0,F1,75,,,,,
2025-06-09,2025-06-09,FO,NSE,IDO,58624,,NIFTY,,2026-06-25,2026-06-25,12000.00,CE,NIFTY26JUN12000CE,0.00,0.00,0.00,8690.00,8690.00,8690.00,25103.20,13850.55,50,0,0,0.00,0,F1,75,,,,,
2025-06-09,2025-06-09,FO,NSE,IDO,42129,,NIFTY,,2025-12-24,2025-12-24,31000.00,CE,NIFTY25DEC31000CE,41.05,43.60,39.50,41.05,41.00,40.75,25103.20,41.05,152275,-1350,72,167621141.25,51,F1,75,,,,,
2025-06-09,2025-06-09,FO,NSE,IDO,35221,,NIFTY,,2025-12-24,2025-12-24,30000.00,CE,NIFTY25DEC30000CE,70.00,71.00,66.90,67.90,70.05,65.95,25103.20,67.90,199850,7650,524,1181700416.25,295,F1,75,,,,,
2025-06-09,2025-06-09,FO,NSE,IDO,45873,,NIFTY,,2025-12-24,2025-12-24,17000.00,CE,NIFTY25DEC17000CE,0.00,0.00,0.00,7010.00,7010.00,7010.00,25103.20,8662.20,700,0,0,0.00,0,F1,75,,,,,
2025-06-09,2025-06-09,FO,NSE,IDO,64696,,NIFTY,,2025-09-25,2025-09-25,26000.00,CE,NIFTY25SEP26000CE,549.70,549.70,530.00,540.70,538.00,510.20,25103.20,540.70,585525,5175,1265,2517903528.75,871,F1,75,,,,,
2025-06-09,2025-06-09,FO,NSE,IDO,64688,,NIFTY,,2025-09-25,2025-09-25,22000.00,CE,NIFTY25SEP22000CE,3580.00,3580.00,3533.20,3533.20,3533.20,3457.65,25103.20,3550.55,44700,150,2,3833490.00,2,F1,75,,,,,
2025-06-09,2025-06-09,FO,NSE,IDO,64684,,NIFTY,,2025-09-25,2025-09-25,20000.00,CE,NIFTY25SEP20000CE,0.00,0.00,0.00,5265.50,5265.50,5265.50,25103.20,5467.25,1200,0,0,0.00,0,F1,75,,,,,
2025-06-09,2025-06-09,FO,NSE,IDO,72124,,NIFTY,,2025-08-28,2025-08-28,26350.00,CE,NIFTY25AUG26350CE,276.15,286.10,276.15,286.10,286.10,330.00,25103.20,449.15,225,150,2,3994668.75,2,F1,75,,,,,
2025-06-09,2025-06-09,FO,NSE,IDO,72074,,NIFTY,,2025-08-28,2025-08-28,25400.00,CE,NIFTY25AUG25400CE,681.00,681.00,671.45,671.45,671.45,637.50,25103.20,826.70,3600,0,5,9778042.50,5,F1,75,,,,,
2025-06-09,2025-06-09,FO,NSE,IDO,71968,,NIFTY,,2025-08-28,2025-08-28,24850.00,CE,NIFTY25AUG24850CE,0.00,0.00,0.00,1061.20,0.00,1061.20,25103.20,1123.30,0,0,0,0.00,0,F1,75,,,,,
2025-06-09,2025-06-09,FO,NSE,IDO,71864,,NIFTY,,2025-08-28,2025-08-28,23500.00,CE,NIFTY25AUG23500CE,0.00,0.00,0.00,1750.00,1750.00,1750.00,25103.20,2084.05,300,0,0,0.00,0,F1,75,,,,,
2025-06-09,2025-06-09,FO,NSE,IDO,71847,,NIFTY,,2025-08-28,2025-08-28,23150.00,CE,NIFTY25AUG23150CE,0.00,0.00,0.00,2234.60,0.00,2234.60,25103.20,2377.75,0,0,0,0.00,0,F1,75,,,,,
2025-06-09,2025-06-09,FO,NSE,IDO,71843,,NIFTY,,2025-08-28,2025-08-28,23050.00,CE,NIFTY25AUG23050CE,0.00,0.00,0.00,2316.90,0.00,2316.90,25103.20,2464.30,0,0,0,0.00,0,F1,75,,,,,
2025-06-09,2025-06-09,FO,NSE,IDO,55881,,NIFTY,,2025-07-31,2025-07-31,26750.00,CE,NIFTY25JUL26750CE,86.90,88.60,80.00,81.70,82.40,79.00,25103.20,81.70,8325,-525,29,58366863.75,20,F1,75,,,,,
2025-06-09,2025-06-09,FO,NSE,IDO,55871,,NIFTY,,2025-07-31,2025-07-31,26550.00,CE,NIFTY25JUL26550CE,0.00,0.00,0.00,82.35,82.35,82.35,25103.20,227.00,2175,0,0,0.00,0,F1,75,,,,,
2025-06-09,2025-06-09,FO,NSE,IDO,55859,,NIFTY,,2025-07-31,2025-07-31,26250.00,CE,NIFTY25JUL26250CE,0.00,0.00,0.00,166.10,165.90,166.10,25103.20,301.15,3000,0,0,0.00,0,F1,75,,,,,
2025-06-09,2025-06-09,FO,NSE,IDO,55805,,NIFTY,,2025-07-31,2025-07-31,25150.00,CE,NIFTY25JUL25150CE,624.45,655.30,617.25,634.25,634.25,602.00,25103.20,634.25,3075,1650,74,143116687.50,53,F1,75,,,,,
2025-06-09,2025-06-09,FO,NSE,IDO,55791,,NIFTY,,2025-07-31,2025-07-31,24800.00,CE,NIFTY25JUL24800CE,854.05,872.35,837.30,847.00,848.00,805.80,25103.20,847.00,217575,-7650,300,577211137.50,221,F1,75,,,,,
2025-06-09,2025-06-09,FO,NSE,IDO,55753,,NIFTY,,2025-07-31,2025-07-31,23900.00,CE,NIFTY25JUL23900CE,0.00,0.00,0.00,1486.55,1485.15,1486.55,25103.20,1573.30,1200,0,0,0.00,0,F1,75,,,,,
2025-06-09,2025-06-09,FO,NSE,IDO,40049,,NIFTY,,2025-07-10,2025-07-10,25500.00,CE,NIFTY2571025500CE,297.00,313.75,285.00,289.05,288.00,268.75,25103.20,289.05,10575,3225,99,191538963.75,64,F1,75,,,,,
2025-06-09,2025-06-09,FO,NSE,IDO,40024,,NIFTY,,2025-07-10,2025-07-10,25150.00,CE,NIFTY2571025150CE,0.00,0.00,0.00,416.30,0.00,416.30,25103.20,543.90,0,0,0,0.00,0,F1,75,,,,,
2025-06-09,2025-06-09,FO,NSE,IDO,39994,,NIFTY,,2025-07-10,2025-07-10,24700.00,CE,NIFTY2571024700CE,0.00,0.00,0.00,625.00,625.00,625.00,25103.20,806.85,75,0,0,0.00,0,F1,75,,,,,
2025-06-09,2025-06-09,FO,NSE,IDO,39950,,NIFTY,,2025-07-10,2025-07-10,24250.00,CE,NIFTY2571024250CE,0.00,0.00,0.00,909.40,0.00,909.40,25103.20,1129.40,0,0,0,0.00,0,F1,75,,,,,
2025-06-09,2025-06-09,FO,NSE,IDO,39906,,NIFTY,,2025-07-10,2025-07-10,23650.00,CE,NIFTY2571023650CE,0.00,0.00,0.00,1362.30,0.00,1362.30,25103.20,1632.75,0,0,0,0.00,0,F1,75,,,,,
2025-06-09,2025-06-09,FO,NSE,IDO,39904,,NIFTY,,2025-07-10,2025-07-10,23600.00,CE,NIFTY2571023600CE,0.00,0.00,0.00,1403.70,0.00,1403.70,25103.20,1677.60,0,0,0,0.00,0,F1,75,,,,,
2025-06-09,2025-06-09,FO,NSE,IDO,39898,,NIFTY,,2025-07-10,2025-07-10,23500.00,CE,NIFTY2571023500CE,0.00,0.00,0.00,1487.90,0.00,1487.90,25103.20,1768.30,0,0,0,0.00,0,F1,75,,,,,
2025-06-09,2025-06-09,FO,NSE,IDO,58696,,NIFTY,,2025-07-03,2025-07-03,26300.00,CE,NIFTY2570326300CE,0.00,0.00,0.00,127.60,0.00,127.60,25103.20,100.25,0,0,0,0.00,0,F1,75,,,,,
2025-06-09,2025-06-09,FO,NSE,IDO,56888,,NIFTY,,2025-07-03,2025-07-03,25550.00,CE,NIFTY2570325550CE,0.00,0.00,0.00,127.00,127.00,127.00,25103.20,292.25,1050,0,0,0.00,0,F1,75,,,,,
2025-06-09,2025-06-09,FO,NSE,IDO,56805,,NIFTY,,2025-07-03,2025-07-03,25450.00,CE,NIFTY2570325450CE,246.05,258.00,245.40,256.20,254.95,225.00,25103.20,256.20,1650,450,11,21204851.25,10,F1,75,,,,,
2025-06-09,2025-06-09,FO,NSE,IDO,58683,,NIFTY,,2025-07-03,2025-07-03,26150.00,CE,NIFTY2570326150CE,0.00,0.00,0.00,74.10,74.10,74.10,25103.20,126.75,75,0,0,0.00,0,F1,75,,,,,
2025-06-09,2025-06-09,FO,NSE,IDO,57484,,NIFTY,,2025-07-03,2025-07-03,26000.00,CE,NIFTY2570326000CE,100.00,108.35,89.95,91.75,93.00,86.40,25103.20,91.75,97200,36450,1877,3673915518.75,1063,F1,75,,,,,
2025-06-09,2025-06-09,FO,NSE,IDO,56496,,NIFTY,,2025-07-03,2025-07-03,24500.00,CE,NIFTY2570324500CE,852.05,859.00,827.95,841.15,842.15,793.50,25103.20,841.15,4800,-225,21,39919942.50,17,F1,75,,,,,
2025-06-09,2025-06-09,FO,NSE,IDO,56452,,NIFTY,,2025-07-03,2025-07-03,24250.00,CE,NIFTY2570324250CE,0.00,0.00,0.00,888.45,0.00,888.45,25103.20,1062.85,0,0,0,0.00,0,F1,75,,,,,
2025-06-09,2025-06-09,FO,NSE,IDO,56093,,NIFTY,,2025-07-03,2025-07-03,23300.00,CE,NIFTY2570323300CE,0.00,0.00,0.00,1594.40,0.00,1594.40,25103.20,1910.65,0,0,0,0.00,0,F1,75,,,,,
2025-06-09,2025-06-09,FO,NSE,IDO,56083,,NIFTY,,2025-07-03,2025-07-03,23100.00,CE,NIFTY2570323100CE,0.00,0.00,0.00,1765.60,0.00,1765.60,25103.20,2103.50,0,0,0,0.00,0,F1,75,,,,,
2025-06-09,2025-06-09,FO,NSE,IDO,62501,,NIFTY,,2025-06-26,2025-06-26,26700.00,CE,NIFTY25JUN26700CE,8.45,10.00,7.75,8.20,8.30,8.15,25103.20,8.20,183225,30225,2480,4967785912.50,1457,F1,75,,,,,
2025-06-09,2025-06-09,FO,NSE,IDO,62487,,NIFTY,,2025-06-26,2025-06-26,26650.00,CE,NIFTY25JUN26650CE,10.20,11.00,8.90,9.40,9.50,9.35,25103.20,9.40,85350,3525,390,779794136.25,212,F1,75,,,,,
2025-06-09,2025-06-09,FO,NSE,IDO,62467,,NIFTY,,2025-06-26,2025-06-26,26350.00,CE,NIFTY25JUN26350CE,23.00,23.95,18.75,19.45,19.85,18.90,25103.20,19.45,32325,675,353,698186257.50,257,F1,75,,,,,
2025-06-09,2025-06-09,FO,NSE,IDO,62459,,NIFTY,,2025-06-26,2025-06-26,26150.00,CE,NIFTY25JUN26150CE,41.05,41.95,32.90,34.50,35.25,32.95,25103.20,34.50,58500,25050,876,1720478433.75,582,F1,75,,,,,
2025-06-09,2025-06-09,FO,NSE,IDO,62445,,NIFTY,,2025-06-26,2025-06-26,26050.00,CE,NIFTY25JUN26050CE,51.75,56.00,43.75,44.95,46.20,43.20,25103.20,44.95,87600,25650,1744,3413556041.25,1040,F1,75,,,,,
2025-06-09,2025-06-09,FO,NSE,IDO,62441,,NIFTY,,2025-06-26,2025-06-26,25900.00,CE,NIFTY25JUN25900CE,76.85,80.75,64.40,66.55,67.00,63.30,25103.20,66.55,335850,-35850,9205,17928971666.25,6132,F1,75,,,,,
2025-06-09,2025-06-09,FO,NSE,IDO,62431,,NIFTY,,2025-06-26,2025-06-26,25750.00,CE,NIFTY25JUN25750CE,102.00,113.90,92.90,95.45,96.95,90.85,25103.20,95.45,83850,8400,1428,2768564947.50,817,F1,75,,,,,
2025-06-09,2025-06-09,FO,NSE,IDO,62335,,NIFTY,,2025-06-26,2025-06-26,23650.00,CE,NIFTY25JUN23650CE,0.00,0.00,0.00,1480.70,1480.70,1480.70,25103.20,1536.25,1650,0,0,0.00,0,F1,75,,,,,
2025-06-09,2025-06-09,FO,NSE,IDO,62331,,NIFTY,,2025-06-26,2025-06-26,23550.00,CE,NIFTY25JUN23550CE,0.00,0.00,0.00,1578.20,1578.20,1578.20,25103.20,1631.70,3450,0,0,0.00,0,F1,75,,,,,
2025-06-09,2025-06-09,FO,NSE,IDO,62201,,NIFTY,,2025-06-26,2025-06-26,22550.00,CE,NIFTY25JUN22550CE,0.00,0.00,0.00,2138.35,2138.35,2138.35,25103.20,2616.30,2025,0,0,0.00,0,F1,75,,,,,
2025-06-09,2025-06-09,FO,NSE,IDO,62197,,NIFTY,,2025-06-26,2025-06-26,22450.00,CE,NIFTY25JUN22450CE,0.00,0.00,0.00,2238.10,2238.10,2238.10,25103.20,2715.90,2025,0,0,0.00,0,F1,75,,,,,
2025-06-09,2025-06-09,FO,NSE,IDO,62125,,NIFTY,,2025-06-26,2025-06-26,21150.00,CE,NIFTY25JUN21150CE,0.00,0.00,0.00,3811.00,3811.00,3811.00,25103.20,4012.05,675,0,0,0.00,0,F1,75,,,,,
2025-06-09,2025-06-09,FO,NSE,IDO,38373,,NIFTY,,2025-06-26,2025-06-26,20000.00,CE,NIFTY25JUN20000CE,5197.95,5197.95,5135.00,5164.10,5168.00,5089.00,25103.20,5164.10,408825,-6000,87,164199135.00,71,F1,75,,,,,
2025-06-09,2025-06-09,FO,NSE,IDO,45865,,NIFTY,,2025-06-26,2025-06-26,17000.00,CE,NIFTY25JUN17000CE,8136.00,8170.00,8130.00,8130.00,8130.00,8030.00,25103.20,8130.00,198400,0,8,15086306.25,8,F1,75,,,,,
2025-06-09,2025-06-09,FO,NSE,IDO,51077,,NIFTY,,2025-06-19,2025-06-19,26500.00,CE,NIFTY2561926500CE,3.80,4.00,2.60,2.80,3.15,2.95,25103.20,2.80,1210950,187575,15574,30956867332.50,5017,F1,75,,,,,
2025-06-09,2025-06-09,FO,NSE,IDO,51071,,NIFTY,,2025-06-19,2025-06-19,26400.00,CE,NIFTY2561926400CE,3.85,5.50,3.10,3.35,3.65,3.80,25103.20,3.35,1446600,201900,20749,41089272120.00,9532,F1,75,,,,,
2025-06-09,2025-06-09,FO,NSE,IDO,51033,,NIFTY,,2025-06-19,2025-06-19,25550.00,CE,NIFTY2561925550CE,93.10,103.25,77.05,81.60,84.00,76.65,25103.20,81.60,150150,108825,7328,14089105132.50,4387,F1,75,,,,,
2025-06-09,2025-06-09,FO,NSE,IDO,51001,,NIFTY,,2025-06-19,2025-06-19,24800.00,CE,NIFTY2561924800CE,484.00,489.50,436.80,451.70,452.00,414.75,25103.20,451.70,230625,-38325,3434,6505305468.75,2069,F1,75,,,,,
2025-06-09,2025-06-09,FO,NSE,IDO,50997,,NIFTY,,2025-06-19,2025-06-19,24700.00,CE,NIFTY2561924700CE,544.05,562.60,511.00,526.45,531.00,483.65,25103.20,526.45,134700,-1500,1314,2486908417.50,960,F1,75,,,,,
2025-06-09,2025-06-09,FO,NSE,IDO,50993,,NIFTY,,2025-06-19,2025-06-19,24600.00,CE,NIFTY2561924600CE,618.90,643.75,595.00,611.25,611.40,559.25,25103.20,611.25,76575,1800,1199,2267242766.25,540,F1,75,,,,,
2025-06-09,2025-06-09,FO,NSE,IDO,50977,,NIFTY,,2025-06-19,2025-06-19,24350.00,CE,NIFTY2561924350CE,821.15,829.50,821.15,829.50,829.50,760.50,25103.20,838.75,3975,150,8,15106286.25,6,F1,75,,,,,
2025-06-09,2025-06-09,FO,NSE,IDO,50961,,NIFTY,,2025-06-19,2025-06-19,24100.00,CE,NIFTY2561924100CE,1060.00,1071.00,1046.05,1061.40,1061.40,990.75,25103.20,1063.65,5850,300,28,52841996.25,14,F1,75,,,,,
2025-06-09,2025-06-09,FO,NSE,IDO,50925,,NIFTY,,2025-06-19,2025-06-19,23600.00,CE,NIFTY2561923600CE,1540.00,1555.00,1540.00,1540.00,1540.00,1477.95,25103.20,1545.00,675,-225,8,15085875.00,7,F1,75,,,,,
2025-06-09,2025-06-09,FO,NSE,IDO,50881,,NIFTY,,2025-06-19,2025-06-19,23250.00,CE,NIFTY2561923250CE,0.00,0.00,0.00,1822.65,1822.65,1822.65,25103.20,1891.90,300,0,0,0.00,0,F1,75,,,,,
2025-06-09,2025-06-09,FO,NSE,IDO,44948,,NIFTY,,2025-06-12,2025-06-12,26800.00,CE,NIFTY2561226800CE,1.35,1.45,0.90,1.20,1.20,1.30,25103.20,1.20,12497400,2835675,446906,898318694981.25,59248,F1,75,,,,,
2025-06-09,2025-06-09,FO,NSE,IDO,44862,,NIFTY,,2025-06-12,2025-06-12,24950.00,CE,NIFTY2561224950CE,220.00,278.55,218.00,230.90,229.50,211.35,25103.20,230.90,856950,-155775,86860,164109999018.75,56514,F1,75,,,,,
2025-06-09,2025-06-09,FO,NSE,IDO,44834,,NIFTY,,2025-06-12,2025-06-12,24450.00,CE,NIFTY2561224450CE,670.65,697.70,643.10,667.55,669.10,599.45,25103.20,667.55,46500,-750,212,399455347.50,179,F1,75,,,,,
2025-06-09,2025-06-09,FO,NSE,IDO,44788,,NIFTY,,2025-06-12,2025-06-12,23650.00,CE,NIFTY2561223650CE,0.00,0.00,0.00,1145.00,1145.00,1145.00,25103.20,1464.85,1200,0,0,0.00,0,F1,75,,,,,
2025-06-09,2025-06-09,FO,NSE,IDO,44772,,NIFTY,,2025-06-12,2025-06-12,23350.00,CE,NIFTY2561223350CE,0.00,0.00,0.00,1440.15,1440.15,1440.15,25103.20,1764.70,750,0,0,0.00,0,F1,75,,,,,
2025-06-09,2025-06-09,FO,NSE,IDO,55811,,NIFTY,,2025-07-31,2025-07-31,25300.00,CE,NIFTY25JUL25300CE,537.00,619.80,537.00,545.90,546.00,514.80,25103.20,545.90,71325,9450,625,1211809271.25,426,F1,75,,,,,
2025-06-09,2025-06-09,FO,NSE,IDO,55844,,NIFTY,,2025-07-31,2025-07-31,25900.00,CE,NIFTY25JUL25900CE,300.00,300.05,278.40,281.45,281.45,265.20,25103.20,281.45,35550,7875,342,671645670.00,204,F1,75,,,,,
2025-06-09,2025-06-09,FO,NSE,IDO,55861,,NIFTY,,2025-07-31,2025-07-31,26300.00,CE,NIFTY25JUL26300CE,169.00,177.40,160.80,163.85,165.65,154.75,25103.20,163.85,47400,15375,545,1081821330.00,313,F1,75,,,,,
2025-06-09,2025-06-09,FO,NSE,IDO,71835,,NIFTY,,2025-08-28,2025-08-28,22850.00,CE,NIFTY25AUG22850CE,0.00,0.00,0.00,2485.00,0.00,2485.00,25103.20,2640.40,0,0,0,0.00,0,F1,75,,,,,
2025-06-09,2025-06-09,FO,NSE,IDO,71837,,NIFTY,,2025-08-28,2025-08-28,22900.00,CE,NIFTY25AUG22900CE,0.00,0.00,0.00,2442.55,0.00,2442.55,25103.20,2596.00,0,0,0,0.00,0,F1,75,,,,,
2025-06-09,2025-06-09,FO,NSE,IDO,71856,,NIFTY,,2025-08-28,2025-08-28,23350.00,CE,NIFTY25AUG23350CE,0.00,0.00,0.00,2073.70,0.00,2073.70,25103.20,2208.05,0,0,0,0.00,0,F1,75,,,,,
2025-06-09,2025-06-09,FO,NSE,IDO,71914,,NIFTY,,2025-08-28,2025-08-28,23650.00,CE,NIFTY25AUG23650CE,0.00,0.00,0.00,1842.55,0.00,1842.55,25103.20,1962.95,0,0,0,0.00,0,F1,75,,,,,
2025-06-09,2025-06-09,FO,NSE,IDO,71928,,NIFTY,,2025-08-28,2025-08-28,23900.00,CE,NIFTY25AUG23900CE,0.00,0.00,0.00,1660.80,0.00,1660.80,25103.20,1768.35,0,0,0,0.00,0,F1,75,,,,,
2025-06-09,2025-06-09,FO,NSE,IDO,71932,,NIFTY,,2025-08-28,2025-08-28,24000.00,CE,NIFTY25AUG24000CE,1631.90,1640.00,1605.00,1636.40,1636.40,1560.00,25103.20,1636.40,6525,825,20,38433686.25,20,F1,75,,,,,
2025-06-09,2025-06-09,FO,NSE,IDO,71948,,NIFTY,,2025-08-28,2025-08-28,24350.00,CE,NIFTY25AUG24350CE,0.00,0.00,0.00,1356.75,0.00,1356.75,25103.20,1442.70,0,0,0,0.00,0,F1,75,,,,,
2025-06-09,2025-06-09,FO,NSE,IDO,72038,,NIFTY,,2025-08-28,2025-08-28,25300.00,CE,NIFTY25AUG25300CE,722.65,739.85,721.05,727.00,727.00,688.25,25103.20,727.00,5775,1950,53,103460917.50,27,F1,75,,,,,
2025-06-09,2025-06-09,FO,NSE,IDO,72087,,NIFTY,,2025-08-28,2025-08-28,25500.00,CE,NIFTY25AUG25500CE,610.00,635.25,610.00,618.35,620.00,587.05,25103.20,618.35,57375,20025,671,1314594622.50,381,F1,75,,,,,
2025-06-09,2025-06-09,FO,NSE,IDO,72326,,NIFTY,,2025-08-28,2025-08-28,26750.00,CE,NIFTY25AUG26750CE,0.00,0.00,0.00,335.65,0.00,335.65,25103.20,336.65,0,0,0,0.00,0,F1,75,,,,,
2025-06-09,2025-06-09,FO,NSE,IDO,64698,,NIFTY,,2025-09-25,2025-09-25,27000.00,CE,NIFTY25SEP27000CE,230.05,236.45,215.05,228.10,229.00,213.05,25103.20,228.10,474600,-2925,1140,2327964442.50,823,F1,75,,,,,
2025-06-09,2025-06-09,FO,NSE,IDO,37795,,NIFTY,,2025-12-24,2025-12-24,23000.00,CE,NIFTY25DEC23000CE,3020.00,3070.00,3020.00,3048.35,3052.75,2960.00,25103.20,3048.35,420575,-250,163,318456967.50,122,F1,75,,,,,
2025-06-09,2025-06-09,FO,NSE,IDO,62935,,NIFTY,,2026-03-26,2026-03-26,29000.00,CE,NIFTY26MAR29000CE,0.00,0.00,0.00,440.50,0.00,440.50,25103.20,655.55,0,0,0,0.00,0,F1,75,,,,,
2025-06-09,2025-06-09,FO,NSE,IDO,58636,,NIFTY,,2026-12-31,2026-12-31,16000.00,CE,NIFTY26DEC16000CE,0.00,0.00,0.00,6200.00,6200.00,6200.00,25103.20,10577.80,50,0,0,0.00,0,F1,75,,,,,
2025-06-09,2025-06-09,FO,NSE,IDO,58644,,NIFTY,,2026-12-31,2026-12-31,20000.00,CE,NIFTY26DEC20000CE,0.00,0.00,0.00,3704.30,0.00,3704.30,25103.20,7069.90,0,0,0,0.00,0,F1,75,,,,,
2025-06-09,2025-06-09,FO,NSE,IDO,58648,,NIFTY,,2026-12-31,2026-12-31,22000.00,CE,NIFTY26DEC22000CE,0.00,0.00,0.00,3362.20,3362.20,3362.20,25103.20,5475.70,150,0,0,0.00,0,F1,75,,,,,
2025-06-09,2025-06-09,FO,NSE,IDO,50978,,NIFTY,,2026-12-31,2026-12-31,27000.00,CE,NIFTY26DEC27000CE,0.00,0.00,0.00,1900.00,1900.00,1900.00,25103.20,2423.55,22950,0,0,0.00,0,F1,75,,,,,
2025-06-09,2025-06-09,FO,NSE,IDO,71545,,NIFTY,,2027-06-24,2027-06-24,17000.00,CE,NIFTY27JUN17000CE,0.00,0.00,0.00,4464.70,0.00,4464.70,25103.20,10142.50,0,0,0,0.00,0,F1,75,,,,,
2025-06-09,2025-06-09,FO,NSE,IDO,50981,,NIFTY,,2027-06-24,2027-06-24,27000.00,CE,NIFTY27JUN27000CE,0.00,0.00,0.00,1932.50,0.00,1932.50,25103.20,3090.40,0,0,0,0.00,0,F1,75,,,,,
2025-06-09,2025-06-09,FO,NSE,IDO,86165,,NIFTY,,2028-06-29,2028-06-29,28000.00,CE,NIFTY28JUN28000CE,0.00,0.00,0.00,2596.45,0.00,2596.45,25103.20,3936.90,0,0,0,0.00,0,F1,75,,,,,
2025-06-09,2025-06-09,FO,NSE,IDO,35352,,NIFTY,,2028-06-29,2028-06-29,30000.00,CE,NIFTY28JUN30000CE,0.00,0.00,0.00,2278.45,0.00,2278.45,25103.20,3110.40,0,0,0,0.00,0,F1,75,,,,,
2025-06-09,2025-06-09,FO,NSE,IDO,89624,,NIFTY,,2029-06-28,2029-06-28,21000.00,CE,NIFTY29JUN21000CE,0.00,0.00,0.00,9799.75,0.00,9799.75,25103.20,9106.00,0,0,0,0.00,0,F1,75,,,,,
2025-06-09,2025-06-09,FO,NSE,IDO,89632,,NIFTY,,2029-06-28,2029-06-28,25000.00,CE,NIFTY29JUN25000CE,0.00,0.00,0.00,7557.70,0.00,7557.70,25103.20,6653.50,0,0,0,0.00,0,F1,75,,,,,
2025-06-09,2025-06-09,FO,NSE,IDO,89642,,NIFTY,,2029-06-28,2029-06-28,30000.00,CE,NIFTY29JUN30000CE,0.00,0.00,0.00,5268.40,0.00,5268.40,25103.20,4265.55,0,0,0,0.00,0,F1,75,,,,,
2025-06-09,2025-06-09,FO,NSE,IDO,61659,,NIFTY,,2029-12-27,2029-12-27,21000.00,CE,NIFTY29DEC21000CE,0.00,0.00,0.00,9463.95,0.00,9463.95,25103.20,9605.20,0,0,0,0.00,0,F1,75,,,,,
2025-06-09,2025-06-09,FO,NSE,IDO,44721,,NIFTY,,2025-06-12,2025-06-12,22300.00,PE,NIFTY2561222300PE,0.90,1.20,0.60,1.10,1.05,0.85,25103.20,1.10,2813550,263175,94245,157630388527.50,12618,F1,75,,,,,
2025-06-09,2025-06-09,FO,NSE,IDO,44749,,NIFTY,,2025-06-12,2025-06-12,22850.00,PE,NIFTY2561222850PE,1.55,2.10,0.80,1.40,1.45,1.55,25103.20,1.40,99750,-8625,12967,22223238630.00,2723,F1,75,,,,,
2025-06-09,2025-06-09,FO,NSE,IDO,44855,,NIFTY,,2025-06-12,2025-06-12,24750.00,PE,NIFTY2561224750PE,48.20,50.95,30.85,33.35,32.55,69.85,25103.20,33.35,3200025,597900,377301,701440056862.50,174815,F1,75,,,,,
2025-06-09,2025-06-09,FO,NSE,IDO,44863,,NIFTY,,2025-06-12,2025-06-12,24950.00,PE,NIFTY2561224950PE,92.15,104.95,69.35,73.50,72.35,132.20,25103.20,73.50,2342850,659325,457287,858527418963.75,262750,F1,75,,,,,
2025-06-09,2025-06-09,FO,NSE,IDO,44879,,NIFTY,,2025-06-12,2025-06-12,25250.00,PE,NIFTY2561225250PE,250.00,259.00,203.25,216.25,215.10,297.50,25103.20,216.25,225525,158775,99068,189286227768.75,66384,F1,75,,,,,
2025-06-09,2025-06-09,FO,NSE,IDO,44887,,NIFTY,,2025-06-12,2025-06-12,25450.00,PE,NIFTY2561225450PE,377.05,410.00,347.20,369.95,371.15,451.65,25103.20,369.95,32475,11400,3627,7024391621.25,2532,F1,75,,,,,
2025-06-09,2025-06-09,FO,NSE,IDO,44933,,NIFTY,,2025-06-12,2025-06-12,26450.00,PE,NIFTY2561226450PE,0.00,0.00,0.00,1646.05,1646.05,1646.05,25103.20,1333.85,1050,0,0,0.00,0,F1,75,,,,,
2025-06-09,2025-06-09,FO,NSE,IDO,44949,,NIFTY,,2025-06-12,2025-06-12,26800.00,PE,NIFTY2561226800PE,0.00,0.00,0.00,1805.00,1805.00,1805.00,25103.20,1683.65,5100,0,0,0.00,0,F1,75,,,,,
2025-06-09,2025-06-09,FO,NSE,IDO,50850,,NIFTY,,2025-06-19,2025-06-19,22850.00,PE,NIFTY2561922850PE,0.60,3.80,0.60,3.00,3.05,4.50,25103.20,3.00,54300,7200,862,1477458183.75,586,F1,75,,,,,
2025-06-09,2025-06-09,FO,NSE,IDO,50858,,NIFTY,,2025-06-19,2025-06-19,23000.00,PE,NIFTY2561923000PE,5.00,5.00,3.40,3.75,3.75,5.70,25103.20,3.75,698550,174750,15624,26955946455.00,4793,F1,75,,,,,
2025-06-09,2025-06-09,FO,NSE,IDO,50968,,NIFTY,,2025-06-19,2025-06-19,24250.00,PE,NIFTY2561924250PE,37.90,44.90,26.00,27.55,27.50,44.90,25103.20,27.55,51525,13275,3112,5666814311.25,1881,F1,75,,,,,
2025-06-09,2025-06-09,FO,NSE,IDO,51092,,NIFTY,,2025-06-19,2025-06-19,26800.00,PE,NIFTY2561926800PE,0.00,0.00,0.00,1729.35,1729.35,1729.35,25103.20,1656.15,300,0,0,0.00,0,F1,75,,,,,
2025-06-09,2025-06-09,FO,NSE,IDO,62162,,NIFTY,,2025-06-26,2025-06-26,21750.00,PE,NIFTY25JUN21750PE,5.00,5.10,4.65,5.05,5.10,5.45,25103.20,5.05,6900,-900,115,187635480.00,52,F1,75,,,,,
2025-06-09,2025-06-09,FO,NSE,IDO,62192,,NIFTY,,2025-06-26,2025-06-26,22300.00,PE,NIFTY25JUN22300PE,6.70,7.10,6.20,6.70,6.75,7.70,25103.20,6.70,87300,-4725,446,746157558.75,225,F1,75,,,,,
2025-06-09,2025-06-09,FO,NSE,IDO,62200,,NIFTY,,2025-06-26,2025-06-26,22500.00,PE,NIFTY25JUN22500PE,8.40,8.40,7.10,7.55,7.85,8.60,25103.20,7.55,1461225,-150825,7537,12722852726.25,2711,F1,75,,,,,
2025-06-09,2025-06-09,FO,NSE,IDO,62202,,NIFTY,,2025-06-26,2025-06-26,22550.00,PE,NIFTY25JUN22550PE,8.20,8.20,6.90,7.40,7.70,8.65,25103.20,7.40,57750,300,305,515998046.25,215,F1,75,,,,,
2025-06-09,2025-06-09,FO,NSE,IDO,62210,,NIFTY,,2025-06-26,2025-06-26,22750.00,PE,NIFTY25JUN22750PE,9.05,9.40,8.35,9.15,9.10,10.85,25103.20,9.15,36075,-1050,134,228726821.25,70,F1,75,,,,,
2025-06-09,2025-06-09,FO,NSE,IDO,62308,,NIFTY,,2025-06-26,2025-06-26,23150.00,PE,NIFTY25JUN23150PE,12.70,13.60,12.35,12.70,12.70,16.25,25103.20,12.70,14025,-1950,197,342228547.50,107,F1,75,,,,,
2025-06-09,2025-06-09,FO,NSE,IDO,71380,,NIFTY,,2025-06-26,2025-06-26,24000.00,PE,NIFTY25JUN24000PE,47.95,47.95,38.75,39.85,40.00,53.85,25103.20,39.85,4839450,-347275,57100,102959388952.50,24921,F1,75,,,,,
2025-06-09,2025-06-09,FO,NSE,IDO,62386,,NIFTY,,2025-06-26,2025-06-26,24750.00,PE,NIFTY25JUN24750PE,189.65,189.65,144.35,149.40,149.65,191.85,25103.20,149.40,203175,-70200,6597,12322198710.00,3424,F1,75,,,,,
2025-06-09,2025-06-09,FO,NSE,IDO,62398,,NIFTY,,2025-06-26,2025-06-26,24950.00,PE,NIFTY25JUN24950PE,229.90,234.50,204.30,211.40,210.00,260.60,25103.20,211.40,124875,24975,4711,8891934945.00,2704,F1,75,,,,,
2025-06-09,2025-06-09,FO,NSE,IDO,62400,,NIFTY,,2025-06-26,2025-06-26,25050.00,PE,NIFTY25JUN25050PE,262.60,275.00,239.95,249.00,249.90,304.15,25103.20,249.00,60000,9900,1401,2658879052.50,834,F1,75,,,,,
2025-06-09,2025-06-09,FO,NSE,IDO,62424,,NIFTY,,2025-06-26,2025-06-26,25550.00,PE,NIFTY25JUN25550PE,523.05,544.55,501.80,514.90,516.25,591.50,25103.20,514.90,9375,3075,207,404709618.75,139,F1,75,,,,,
2025-06-09,2025-06-09,FO,NSE,IDO,62426,,NIFTY,,2025-06-26,2025-06-26,25600.00,PE,NIFTY25JUN25600PE,557.45,580.00,534.35,547.05,552.80,622.45,25103.20,547.05,52875,1275,603,1182729442.50,386,F1,75,,,,,
2025-06-09,2025-06-09,FO,NSE,IDO,50970,,NIFTY,,2025-06-26,2025-06-26,27000.00,PE,NIFTY25JUN27000PE,1814.65,1842.05,1783.00,1813.40,1817.00,1894.45,25103.20,1813.40,939025,-13875,393,849059351.25,272,F1,75,,,,,
2025-06-09,2025-06-09,FO,NSE,IDO,50538,,NIFTY,,2025-06-26,2025-06-26,28000.00,PE,NIFTY25JUN28000PE,2801.80,2820.45,2771.15,2811.15,2800.20,2882.05,25103.20,2811.15,445125,-300,249,575189302.50,187,F1,75,,,,,
2025-06-09,2025-06-09,FO,NSE,IDO,56088,,NIFTY,,2025-07-03,2025-07-03,23200.00,PE,NIFTY2570323200PE,21.00,24.50,20.00,21.65,22.20,26.10,25103.20,21.65,12225,225,158,275169161.25,87,F1,75,,,,,
2025-06-09,2025-06-09,FO,NSE,IDO,56210,,NIFTY,,2025-07-03,2025-07-03,23550.00,PE,NIFTY2570323550PE,0.00,0.00,0.00,90.00,90.00,90.00,25103.20,28.80,75,0,0,0.00,0,F1,75,,,,,
2025-06-09,2025-06-09,FO,NSE,IDO,56230,,NIFTY,,2025-07-03,2025-07-03,23650.00,PE,NIFTY2570323650PE,0.00,0.00,0.00,171.65,0.00,171.65,25103.20,35.90,0,0,0,0.00,0,F1,75,,,,,
2025-06-09,2025-06-09,FO,NSE,IDO,56427,,NIFTY,,2025-07-03,2025-07-03,24000.00,PE,NIFTY2570324000PE,81.60,81.60,59.60,61.25,62.75,81.60,25103.20,61.25,46500,16725,1117,2016089212.50,500,F1,75,,,,,
2025-06-09,2025-06-09,FO,NSE,IDO,56430,,NIFTY,,2025-07-03,2025-07-03,24050.00,PE,NIFTY2570324050PE,0.00,0.00,0.00,276.75,0.00,276.75,25103.20,80.10,0,0,0,0.00,0,F1,75,,,,,
2025-06-09,2025-06-09,FO,NSE,IDO,56440,,NIFTY,,2025-07-03,2025-07-03,24150.00,PE,NIFTY2570324150PE,0.00,0.00,0.00,162.95,162.95,162.95,25103.20,96.10,1125,0,0,0.00,0,F1,75,,,,,
2025-06-09,2025-06-09,FO,NSE,IDO,56604,,NIFTY,,2025-07-03,2025-07-03,24750.00,PE,NIFTY2570324750PE,217.25,217.25,194.35,194.40,194.35,239.45,25103.20,194.40,2475,150,9,16845198.75,7,F1,75,,,,,
2025-06-09,2025-06-09,FO,NSE,IDO,57008,,NIFTY,,2025-07-03,2025-07-03,25700.00,PE,NIFTY2570325700PE,0.00,0.00,0.00,1144.05,0.00,1144.05,25103.20,736.70,0,0,0,0.00,0,F1,75,,,,,
2025-06-09,2025-06-09,FO,NSE,IDO,57342,,NIFTY,,2025-07-03,2025-07-03,25950.00,PE,NIFTY2570325950PE,0.00,0.00,0.00,1333.40,0.00,1333.40,25103.20,916.45,0,0,0,0.00,0,F1,75,,,,,
2025-06-09,2025-06-09,FO,NSE,IDO,58684,,NIFTY,,2025-07-03,2025-07-03,26150.00,PE,NIFTY2570326150PE,0.00,0.00,0.00,1493.15,0.00,1493.15,25103.20,1070.95,0,0,0,0.00,0,F1,75,,,,,
2025-06-09,2025-06-09,FO,NSE,IDO,58727,,NIFTY,,2025-07-03,2025-07-03,26750.00,PE,NIFTY2570326750PE,0.00,0.00,0.00,2009.00,0.00,2009.00,25103.20,1588.30,0,0,0,0.00,0,F1,75,,,,,
2025-06-09,2025-06-09,FO,NSE,IDO,39881,,NIFTY,,2025-07-10,2025-07-10,23250.00,PE,NIFTY2571023250PE,37.00,37.00,37.00,37.00,37.00,59.00,25103.20,25.85,75,75,1,1746525.00,1,F1,75,,,,,
2025-06-09,2025-06-09,FO,NSE,IDO,39883,,NIFTY,,2025-07-10,2025-07-10,23300.00,PE,NIFTY2571023300PE,0.00,0.00,0.00,64.30,0.00,64.30,25103.20,28.65,0,0,0,0.00,0,F1,75,,,,,
2025-06-09,2025-06-09,FO,NSE,IDO,39919,,NIFTY,,2025-07-10,2025-07-10,23750.00,PE,NIFTY2571023750PE,0.00,0.00,0.00,131.00,0.00,131.00,25103.20,67.10,0,0,0,0.00,0,F1,75,,,,,
2025-06-09,2025-06-09,FO,NSE,IDO,39933,,NIFTY,,2025-07-10,2025-07-10,23950.00,PE,NIFTY2571023950PE,0.00,0.00,0.00,173.80,0.00,173.80,25103.20,94.05,0,0,0,0.00,0,F1,75,,,,,
2025-06-09,2025-06-09,FO,NSE,IDO,39963,,NIFTY,,2025-07-10,2025-07-10,24300.00,PE,NIFTY2571024300PE,0.00,0.00,0.00,272.30,0.00,272.30,25103.20,160.90,0,0,0,0.00,0,F1,75,,,,,
2025-06-09,2025-06-09,FO,NSE,IDO,39965,,NIFTY,,2025-07-10,2025-07-10,24350.00,PE,NIFTY2571024350PE,0.00,0.00,0.00,289.10,0.00,289.10,25103.20,172.80,0,0,0,0.00,0,F1,75,,,,,
2025-06-09,2025-06-09,FO,NSE,IDO,39995,,NIFTY,,2025-07-10,2025-07-10,24700.00,PE,NIFTY2571024700PE,222.00,233.90,216.70,221.95,221.95,253.00,25103.20,274.75,900,300,10,18693285.00,6,F1,75,,,,,
2025-06-09,2025-06-09,FO,NSE,IDO,40034,,NIFTY,,2025-07-10,2025-07-10,25200.00,PE,NIFTY2571025200PE,640.00,640.00,393.10,399.80,409.15,686.75,25103.20,399.80,1650,1650,31,59543115.00,26,F1,75,,,,,
2025-06-09,2025-06-09,FO,NSE,IDO,40075,,NIFTY,,2025-07-10,2025-07-10,25850.00,PE,NIFTY2571025850PE,0.00,0.00,0.00,1129.45,0.00,1129.45,25103.20,870.95,0,0,0,0.00,0,F1,75,,,,,
2025-06-09,2025-06-09,FO,NSE,IDO,40087,,NIFTY,,2025-07-10,2025-07-10,26100.00,PE,NIFTY2571026100PE,0.00,0.00,0.00,1326.30,0.00,1326.30,25103.20,1052.80,0,0,0,0.00,0,F1,75,,,,,
2025-06-09,2025-06-09,FO,NSE,IDO,40111,,NIFTY,,2025-07-10,2025-07-10,26350.00,PE,NIFTY2571026350PE,0.00,0.00,0.00,1534.90,0.00,1534.90,25103.20,1247.30,0,0,0,0.00,0,F1,75,,,,,
2025-06-09,2025-06-09,FO,NSE,IDO,40113,,NIFTY,,2025-07-10,2025-07-10,26400.00,PE,NIFTY2571026400PE,0.00,0.00,0.00,1577.85,0.00,1577.85,25103.20,1288.00,0,0,0,0.00,0,F1,75,,,,,
2025-06-09,2025-06-09,FO,NSE,IDO,40145,,NIFTY,,2025-07-10,2025-07-10,26750.00,PE,NIFTY2571026750PE,0.00,0.00,0.00,1888.30,0.00,1888.30,25103.20,1585.45,0,0,0,0.00,0,F1,75,,,,,
2025-06-09,2025-06-09,FO,NSE,IDO,55676,,NIFTY,,2025-07-31,2025-07-31,22350.00,PE,NIFTY25JUL22350PE,0.00,0.00,0.00,131.75,0.00,131.75,25103.20,15.85,0,0,0,0.00,0,F1,75,,,,,
2025-06-09,2025-06-09,FO,NSE,IDO,55682,,NIFTY,,2025-07-31,2025-07-31,22500.00,PE,NIFTY25JUL22500PE,33.05,36.00,30.25,31.35,31.75,37.00,25103.20,31.35,771525,-29850,5662,9568286733.75,2778,F1,75,,,,,
2025-06-09,2025-06-09,FO,NSE,IDO,55694,,NIFTY,,2025-07-31,2025-07-31,22800.00,PE,NIFTY25JUL22800PE,42.00,44.95,39.05,40.25,40.35,46.50,25103.20,40.25,154800,-5025,915,1567463441.25,353,F1,75,,,,,
2025-06-09,2025-06-09,FO,NSE,IDO,55754,,NIFTY,,2025-07-31,2025-07-31,23900.00,PE,NIFTY25JUL23900PE,139.95,140.35,124.30,127.30,128.80,149.05,25103.20,127.30,59175,5175,533,960640162.50,335,F1,75,,,,,
2025-06-09,2025-06-09,FO,NSE,IDO,55800,,NIFTY,,2025-07-31,2025-07-31,25000.00,PE,NIFTY25JUL25000PE,407.85,419.00,390.35,396.00,397.10,440.20,25103.20,396.00,1751100,94725,6088,11598183618.75,4280,F1,75,,,,,
2025-06-09,2025-06-09,FO,NSE,IDO,55848,,NIFTY,,2025-07-31,2025-07-31,25950.00,PE,NIFTY25JUL25950PE,0.00,0.00,0.00,933.05,933.05,933.05,25103.20,1013.30,1500,0,0,0.00,0,F1,75,,,,,
2025-06-09,2025-06-09,FO,NSE,IDO,55862,,NIFTY,,2025-07-31,2025-07-31,26300.00,PE,NIFTY25JUL26300PE,0.00,0.00,0.00,1240.00,1240.00,1240.00,25103.20,1254.55,750,0,0,0.00,0,F1,75,,,,,
2025-06-09,2025-06-09,FO,NSE,IDO,71842,,NIFTY,,2025-08-28,2025-08-28,23000.00,PE,NIFTY25AUG23000PE,92.35,98.95,88.95,91.50,92.00,102.20,25103.20,91.50,262950,7125,2032,3519223983.75,1104,F1,75,,,,,
2025-06-09,2025-06-09,FO,NSE,IDO,50998,,NIFTY,,2025-06-19,2025-06-19,24700.00,PE,NIFTY2561924700PE,99.15,104.10,79.90,82.90,83.00,123.50,25103.20,82.90,487500,180300,17907,33292101828.75,10786,F1,75,,,,,
2025-06-09,2025-06-09,FO,NSE,IDO,71382,,NIFTY,,2025-06-26,2025-06-26,25000.00,PE,NIFTY25JUN25000PE,270.00,270.00,210.05,228.65,228.50,282.15,25103.20,228.65,3766625,248325,50815,96170556465.00,30223,F1,75,,,,,
2025-06-09,2025-06-09,FO,NSE,IDO,58718,,NIFTY,,2025-07-03,2025-07-03,26600.00,PE,NIFTY2570326600PE,0.00,0.00,0.00,1875.65,0.00,1875.65,25103.20,1453.10,0,0,0,0.00,0,F1,75,,,,,
2025-06-09,2025-06-09,FO,NSE,IDO,40021,,NIFTY,,2025-07-10,2025-07-10,25050.00,PE,NIFTY2571025050PE,343.20,357.30,341.10,341.20,341.20,385.80,25103.20,413.00,675,225,6,11428747.50,5,F1,75,,,,,
2025-06-09,2025-06-09,FO,NSE,IDO,40120,,NIFTY,,2025-07-10,2025-07-10,26450.00,PE,NIFTY2571026450PE,0.00,0.00,0.00,1621.20,0.00,1621.20,25103.20,1329.20,0,0,0,0.00,0,F1,75,,,,,
2025-06-09,2025-06-09,FO,NSE,IDO,55688,,NIFTY,,2025-07-31,2025-07-31,22650.00,PE,NIFTY25JUL22650PE,0.00,0.00,0.00,40.70,40.70,40.70,25103.20,26.90,2025,0,0,0.00,0,F1,75,,,,,
2025-06-09,2025-06-09,FO,NSE,IDO,55696,,NIFTY,,2025-07-31,2025-07-31,22850.00,PE,NIFTY25JUL22850PE,0.00,0.00,0.00,49.95,50.10,49.95,25103.20,37.35,2400,0,0,0.00,0,F1,75,,,,,
2025-06-09,2025-06-09,FO,NSE,IDO,55732,,NIFTY,,2025-07-31,2025-07-31,23400.00,PE,NIFTY25JUL23400PE,82.00,83.45,71.95,74.60,75.25,88.25,25103.20,74.60,180600,14325,976,1718413301.25,604,F1,75,,,,,
2025-06-09,2025-06-09,FO,NSE,IDO,55752,,NIFTY,,2025-07-31,2025-07-31,23850.00,PE,NIFTY25JUL23850PE,133.95,133.95,115.65,121.15,121.10,145.60,25103.20,121.15,4275,2925,111,199580381.25,47,F1,75,,,,,
2025-06-09,2025-06-09,FO,NSE,IDO,39849,,NIFTY,,2025-07-10,2025-07-10,23150.00,PE,NIFTY2571023150PE,0.00,0.00,0.00,49.50,0.00,49.50,25103.20,20.95,0,0,0,0.00,0,F1,75,,,,,
2025-06-09,2025-06-09,FO,NSE,IDO,61933,,NIFTY,,2029-12-27,2029-12-27,30000.00,PE,NIFTY29DEC30000PE,0.00,0.00,0.00,1953.50,0.00,1953.50,25103.20,2385.75,0,0,0,0.00,0,F1,75,,,,,
2025-06-09,2025-06-09,FO,NSE,IDO,61660,,NIFTY,,2029-12-27,2029-12-27,21000.00,PE,NIFTY29DEC21000PE,0.00,0.00,0.00,278.80,0.00,278.80,25103.20,365.65,0,0,0,0.00,0,F1,75,,,,,
2025-06-09,2025-06-09,FO,NSE,IDO,89643,,NIFTY,,2029-06-28,2029-06-28,30000.00,PE,NIFTY29JUN30000PE,0.00,0.00,0.00,2031.05,0.00,2031.05,25103.20,2531.65,0,0,0,0.00,0,F1,75,,,,,
2025-06-09,2025-06-09,FO,NSE,IDO,89613,,NIFTY,,2029-06-28,2029-06-28,18000.00,PE,NIFTY29JUN18000PE,0.00,0.00,0.00,118.45,0.00,118.45,25103.20,122.75,0,0,0,0.00,0,F1,75,,,,,
2025-06-09,2025-06-09,FO,NSE,IDO,86166,,NIFTY,,2028-06-29,2028-06-29,28000.00,PE,NIFTY28JUN28000PE,0.00,0.00,0.00,3161.35,0.00,3161.35,25103.20,2026.90,0,0,0,0.00,0,F1,75,,,,,
2025-06-09,2025-06-09,FO,NSE,IDO,53625,,NIFTY,,2027-12-30,2027-12-30,24000.00,PE,NIFTY27DEC24000PE,0.00,0.00,0.00,900.00,900.00,900.00,25103.20,833.55,975,0,0,0.00,0,F1,75,,,,,
2025-06-09,2025-06-09,FO,NSE,IDO,50550,,NIFTY,,2027-06-24,2027-06-24,28000.00,PE,NIFTY27JUN28000PE,0.00,0.00,0.00,5959.35,0.00,5959.35,25103.20,2231.60,0,0,0,0.00,0,F1,75,,,,,
2025-06-09,2025-06-09,FO,NSE,IDO,71559,,NIFTY,,2027-06-24,2027-06-24,23000.00,PE,NIFTY27JUN23000PE,0.00,0.00,0.00,4514.30,0.00,4514.30,25103.20,587.30,0,0,0,0.00,0,F1,75,,,,,
2025-06-09,2025-06-09,FO,NSE,IDO,58649,,NIFTY,,2026-12-31,2026-12-31,22000.00,PE,NIFTY26DEC22000PE,450.00,450.00,450.00,450.00,450.00,436.05,25103.20,354.75,5450,-75,1,1683750.00,1,F1,75,,,,,
2025-06-09,2025-06-09,FO,NSE,IDO,58631,,NIFTY,,2026-12-31,2026-12-31,13000.00,PE,NIFTY26DEC13000PE,0.00,0.00,0.00,20.30,20.30,20.30,25103.20,0.20,2025,0,0,0.00,0,F1,75,,,,,
2025-06-09,2025-06-09,FO,NSE,IDO,71477,,NIFTY,,2026-06-25,2026-06-25,26000.00,PE,NIFTY26JUN26000PE,0.00,0.00,0.00,6709.20,0.00,6709.20,25103.20,1393.00,0,0,0,0.00,0,F1,75,,,,,
2025-06-09,2025-06-09,FO,NSE,IDO,37802,,NIFTY,,2026-06-25,2026-06-25,13000.00,PE,NIFTY26JUN13000PE,0.00,0.00,0.00,21.60,21.60,21.60,25103.20,0.05,200,0,0,0.00,0,F1,75,,,,,
2025-06-09,2025-06-09,FO,NSE,IDO,62921,,NIFTY,,2026-03-26,2026-03-26,22000.00,PE,NIFTY26MAR22000PE,0.00,0.00,0.00,346.60,0.00,346.60,25103.20,205.00,0,0,0,0.00,0,F1,75,,,,,
2025-06-09,2025-06-09,FO,NSE,IDO,35222,,NIFTY,,2025-12-24,2025-12-24,30000.00,PE,NIFTY25DEC30000PE,0.00,0.00,0.00,3970.30,3970.00,3970.30,25103.20,4125.80,1125,0,0,0.00,0,F1,75,,,,,
2025-06-09,2025-06-09,FO,NSE,IDO,37797,,NIFTY,,2025-12-24,2025-12-24,13000.00,PE,NIFTY25DEC13000PE,8.10,8.10,8.10,8.10,8.10,7.80,25103.20,8.10,5975,-300,4,3902430.00,1,F1,75,,,,,
2025-06-09,2025-06-09,FO,NSE,IDO,64699,,NIFTY,,2025-09-25,2025-09-25,27000.00,PE,NIFTY25SEP27000PE,1610.00,1648.85,1590.00,1617.60,1620.00,1689.65,25103.20,1617.60,85200,1275,112,240363225.00,78,F1,75,,,,,
2025-06-09,2025-06-09,FO,NSE,IDO,64697,,NIFTY,,2025-09-25,2025-09-25,26000.00,PE,NIFTY25SEP26000PE,966.10,973.05,941.25,962.55,960.00,1009.65,25103.20,962.55,544950,14850,803,1623593658.75,573,F1,75,,,,,
2025-06-09,2025-06-09,FO,NSE,IDO,71951,,NIFTY,,2025-08-28,2025-08-28,24400.00,PE,NIFTY25AUG24400PE,0.00,0.00,0.00,313.95,313.95,313.95,25103.20,378.30,450,0,0,0.00,0,F1,75,,,,,
2025-06-09,2025-06-09,FO,NSE,IDO,71921,,NIFTY,,2025-08-28,2025-08-28,23700.00,PE,NIFTY25AUG23700PE,168.80,168.80,159.25,163.05,163.05,168.80,25103.20,163.05,10575,4275,90,161076750.00,46,F1,75,,,,,
2025-06-09,2025-06-09,FO,NSE,IDO,71857,,NIFTY,,2025-08-28,2025-08-28,23350.00,PE,NIFTY25AUG23350PE,0.00,0.00,0.00,207.90,0.00,207.90,25103.20,141.75,0,0,0,0.00,0,F1,75,,,,,
2025-06-09,2025-06-09,FO,NSE,IDO,71848,,NIFTY,,2025-08-28,2025-08-28,23150.00,PE,NIFTY25AUG23150PE,0.00,0.00,0.00,172.05,0.00,172.05,25103.20,114.10,0,0,0,0.00,0,F1,75,,,,,
2025-06-09,2025-06-09,FO,NSE,IDO,55852,,NIFTY,,2025-07-31,2025-07-31,26050.00,PE,NIFTY25JUL26050PE,984.45,984.45,942.45,947.00,947.00,999.40,25103.20,1079.65,1500,225,7,14177190.00,7,F1,75,,,,,
2025-06-09,2025-06-09,FO,NSE,IDO,55826,,NIFTY,,2025-07-31,2025-07-31,25500.00,PE,NIFTY25JUL25500PE,617.30,640.00,604.00,614.50,613.00,671.00,25103.20,614.50,444975,18600,1820,3565283340.00,1265,F1,75,,,,,
2025-06-09,2025-06-09,FO,NSE,IDO,55820,,NIFTY,,2025-07-31,2025-07-31,25400.00,PE,NIFTY25JUL25400PE,574.95,590.70,560.00,565.70,566.40,621.35,25103.20,565.70,15975,2775,173,336953358.75,97,F1,75,,,,,
2025-06-09,2025-06-09,FO,NSE,IDO,55812,,NIFTY,,2025-07-31,2025-07-31,25300.00,PE,NIFTY25JUL25300PE,526.65,544.25,514.25,521.65,520.50,572.65,25103.20,521.65,41850,3675,384,743768501.25,283,F1,75,,,,,
2025-06-09,2025-06-09,FO,NSE,IDO,55802,,NIFTY,,2025-07-31,2025-07-31,25050.00,PE,NIFTY25JUL25050PE,435.00,435.00,412.00,419.35,422.30,464.35,25103.20,419.35,4875,1425,28,53485492.50,17,F1,75,,,,,
2025-06-09,2025-06-09,FO,NSE,IDO,55794,,NIFTY,,2025-07-31,2025-07-31,24850.00,PE,NIFTY25JUL24850PE,359.05,364.95,340.50,343.55,342.20,387.70,25103.20,343.55,6750,75,69,130412737.50,34,F1,75,,,,,
2025-06-09,2025-06-09,FO,NSE,IDF,64103,,NIFTY,,2025-08-28,2025-08-28,,,NIFTY25AUGFUT,25400.00,25456.00,25400.00,25422.50,25428.00,25339.80,25103.20,25422.50,221850,32550,1391,2652550695.00,1165,F1,75,,,,,
2025-06-09,2025-06-09,FO,NSE,IDO,44750,,NIFTY,,2025-06-12,2025-06-12,22900.00,CE,NIFTY2561222900CE,0.00,0.00,0.00,1945.00,1945.00,1945.00,25103.20,2214.45,2175,0,0,0.00,0,F1,75,,,,,
2025-06-09,2025-06-09,FO,NSE,IDO,44780,,NIFTY,,2025-06-12,2025-06-12,23550.00,CE,NIFTY2561223550CE,0.00,0.00,0.00,1237.25,1240.00,1237.25,25103.20,1564.80,1275,0,0,0.00,0,F1,75,,,,,
2025-06-09,2025-06-09,FO,NSE,IDO,44814,,NIFTY,,2025-06-12,2025-06-12,24000.00,CE,NIFTY2561224000CE,1100.20,1144.40,1081.00,1109.55,1112.65,1031.35,25103.20,1109.55,224775,-17250,1680,3164273358.75,961,F1,75,,,,,
2025-06-09,2025-06-09,FO,NSE,IDO,44836,,NIFTY,,2025-06-12,2025-06-12,24500.00,CE,NIFTY2561224500CE,629.00,657.15,596.40,619.65,622.00,556.40,25103.20,619.65,620400,-99150,10882,20505917580.00,5279,F1,75,,,,,
2025-06-09,2025-06-09,FO,NSE,IDO,44842,,NIFTY,,2025-06-12,2025-06-12,24600.00,CE,NIFTY2561224600CE,540.00,568.75,505.75,525.15,524.85,469.45,25103.20,525.15,872775,-164325,10370,19545522341.25,5443,F1,75,,,,,
2025-06-09,2025-06-09,FO,NSE,IDO,44902,,NIFTY,,2025-06-12,2025-06-12,25750.00,CE,NIFTY2561225750CE,7.45,12.95,5.05,5.85,5.75,7.40,25103.20,5.85,2098800,1086450,284901,550387095982.50,87002,F1,75,,,,,
2025-06-09,2025-06-09,FO,NSE,IDO,44904,,NIFTY,,2025-06-12,2025-06-12,25800.00,CE,NIFTY2561225800CE,8.15,10.15,4.00,4.35,4.45,5.65,25103.20,4.35,6437175,1459125,514038,994895072013.75,132125,F1,75,,,,,
2025-06-09,2025-06-09,FO,NSE,IDO,44928,,NIFTY,,2025-06-12,2025-06-12,26400.00,CE,NIFTY2561226400CE,1.85,1.90,1.20,1.40,1.30,1.60,25103.20,1.40,2631150,842550,115088,227886301800.00,30620,F1,75,,,,,
2025-06-09,2025-06-09,FO,NSE,IDO,50943,,NIFTY,,2025-06-19,2025-06-19,23800.00,CE,NIFTY2561923800CE,1350.00,1355.00,1340.00,1347.00,1347.00,1282.50,25103.20,1347.00,12750,300,10,18859792.50,10,F1,75,,,,,
2025-06-09,2025-06-09,FO,NSE,IDO,50953,,NIFTY,,2025-06-19,2025-06-19,23950.00,CE,NIFTY2561923950CE,0.00,0.00,0.00,1116.00,1116.00,1116.00,25103.20,1204.90,300,0,0,0.00,0,F1,75,,,,,
2025-06-09,2025-06-09,FO,NSE,IDO,50974,,NIFTY,,2025-06-19,2025-06-19,24300.00,CE,NIFTY2561924300CE,891.95,901.85,860.00,869.80,876.35,817.95,25103.20,869.80,17700,1650,195,368223922.50,84,F1,75,,,,,
2025-06-09,2025-06-09,FO,NSE,IDO,50982,,NIFTY,,2025-06-19,2025-06-19,24400.00,CE,NIFTY2561924400CE,795.00,812.20,769.95,782.00,786.20,722.85,25103.20,782.00,21300,2925,169,319226535.00,93,F1,75,,,,,
2025-06-09,2025-06-09,FO,NSE,IDO,51021,,NIFTY,,2025-06-19,2025-06-19,25250.00,CE,NIFTY2561925250CE,197.80,215.05,175.00,182.20,183.75,169.15,25103.20,182.20,119400,52200,6468,12341596432.50,4163,F1,75,,,,,
2025-06-09,2025-06-09,FO,NSE,IDO,51067,,NIFTY,,2025-06-19,2025-06-19,26300.00,CE,NIFTY2561926300CE,7.00,8.00,4.45,4.85,5.45,5.40,25103.20,4.85,556425,129900,13924,27471085260.00,7721,F1,75,,,,,
2025-06-09,2025-06-09,FO,NSE,IDO,51087,,NIFTY,,2025-06-19,2025-06-19,26700.00,CE,NIFTY2561926700CE,2.20,2.55,1.90,2.10,2.20,2.15,25103.20,2.10,475950,-33675,11708,23447170635.00,2337,F1,75,,,,,
2025-06-09,2025-06-09,FO,NSE,IDO,62073,,NIFTY,,2025-06-26,2025-06-26,20650.00,CE,NIFTY25JUN20650CE,0.00,0.00,0.00,4304.25,4304.25,4304.25,25103.20,4510.65,600,0,0,0.00,0,F1,75,,,,,
2025-06-09,2025-06-09,FO,NSE,IDO,62075,,NIFTY,,2025-06-26,2025-06-26,20700.00,CE,NIFTY25JUN20700CE,0.00,0.00,0.00,4254.90,4254.90,4254.90,25103.20,4460.80,600,0,0,0.00,0,F1,75,,,,,
2025-06-09,2025-06-09,FO,NSE,IDO,51449,,NIFTY,,2025-06-26,2025-06-26,21000.00,CE,NIFTY25JUN21000CE,4170.00,4195.00,4154.00,4168.30,4172.35,4079.70,25103.20,4168.30,445800,3300,138,260549628.75,68,F1,75,,,,,
2025-06-09,2025-06-09,FO,NSE,IDO,62203,,NIFTY,,2025-06-26,2025-06-26,22600.00,CE,NIFTY25JUN22600CE,0.00,0.00,0.00,2498.10,2498.10,2498.10,25103.20,2566.55,14625,0,0,0.00,0,F1,75,,,,,
2025-06-09,2025-06-09,FO,NSE,IDO,62207,,NIFTY,,2025-06-26,2025-06-26,22700.00,CE,NIFTY25JUN22700CE,0.00,0.00,0.00,2405.50,2405.50,2405.50,25103.20,2467.05,16725,0,0,0.00,0,F1,75,,,,,
2025-06-09,2025-06-09,FO,NSE,IDO,62319,,NIFTY,,2025-06-26,2025-06-26,23250.00,CE,NIFTY25JUN23250CE,0.00,0.00,0.00,1859.25,1859.25,1859.25,25103.20,1923.05,2175,0,0,0.00,0,F1,75,,,,,
2025-06-09,2025-06-09,FO,NSE,IDO,62333,,NIFTY,,2025-06-26,2025-06-26,23600.00,CE,NIFTY25JUN23600CE,1600.00,1613.95,1575.05,1593.05,1593.05,1508.55,25103.20,1583.85,48450,150,13,24562522.50,9,F1,75,,,,,
2025-06-09,2025-06-09,FO,NSE,IDO,62417,,NIFTY,,2025-06-26,2025-06-26,25400.00,CE,NIFTY25JUN25400CE,225.95,231.60,199.55,205.35,206.00,191.80,25103.20,205.35,585375,48600,13175,25307264565.00,7147,F1,75,,,,,
2025-06-09,2025-06-09,FO,NSE,IDO,62419,,NIFTY,,2025-06-26,2025-06-26,25450.00,CE,NIFTY25JUN25450CE,169.75,209.25,169.75,185.50,185.45,174.10,25103.20,185.50,67200,16575,1373,2640474045.00,818,F1,75,,,,,
2025-06-09,2025-06-09,FO,NSE,IDO,62429,,NIFTY,,2025-06-26,2025-06-26,25700.00,CE,NIFTY25JUN25700CE,123.00,127.10,104.50,107.35,108.55,101.95,25103.20,107.35,633900,77775,7550,14616795667.50,4510,F1,75,,,,,
2025-06-09,2025-06-09,FO,NSE,IDO,62461,,NIFTY,,2025-06-26,2025-06-26,26200.00,CE,NIFTY25JUN26200CE,35.60,40.00,28.20,29.75,30.95,28.30,25103.20,29.75,646650,78750,10158,19984939578.75,4796,F1,75,,,,,
2025-06-09,2025-06-09,FO,NSE,IDO,62463,,NIFTY,,2025-06-26,2025-06-26,26250.00,CE,NIFTY25JUN26250CE,28.55,32.30,25.00,26.10,26.45,24.85,25103.20,26.10,62025,19650,1034,2037812782.50,573,F1,75,,,,,
2025-06-09,2025-06-09,FO,NSE,IDO,50969,,NIFTY,,2025-06-26,2025-06-26,27000.00,CE,NIFTY25JUN27000CE,6.05,6.75,4.80,5.45,5.70,5.40,25103.20,5.45,2897375,122325,11824,23948548316.25,3601,F1,75,,,,,
2025-06-09,2025-06-09,FO,NSE,IDO,56464,,NIFTY,,2025-07-03,2025-07-03,24300.00,CE,NIFTY2570324300CE,0.00,0.00,0.00,857.25,0.00,857.25,25103.20,1023.20,0,0,0,0.00,0,F1,75,,,,,
2025-06-09,2025-06-09,FO,NSE,IDO,56533,,NIFTY,,2025-07-03,2025-07-03,24600.00,CE,NIFTY2570324600CE,764.95,773.50,750.95,761.25,762.55,709.00,25103.20,761.25,4200,-900,20,38044012.50,19,F1,75,,,,,
2025-06-09,2025-06-09,FO,NSE,IDO,57246,,NIFTY,,2025-07-03,2025-07-03,25900.00,CE,NIFTY2570325900CE,107.75,123.25,103.05,111.05,111.20,107.55,25103.20,111.05,5325,2175,72,140473983.75,41,F1,75,,,,,
2025-06-09,2025-06-09,FO,NSE,IDO,57544,,NIFTY,,2025-07-03,2025-07-03,26050.00,CE,NIFTY2570326050CE,0.00,0.00,0.00,93.15,93.15,93.15,25103.20,147.40,150,0,0,0.00,0,F1,75,,,,,
2025-06-09,2025-06-09,FO,NSE,IDO,39838,,NIFTY,,2025-07-10,2025-07-10,23000.00,CE,NIFTY2571023000CE,0.00,0.00,0.00,1932.95,0.00,1932.95,25103.20,2238.30,0,0,0,0.00,0,F1,75,,,,,
2025-06-09,2025-06-09,FO,NSE,IDO,39840,,NIFTY,,2025-07-10,2025-07-10,23050.00,CE,NIFTY2571023050CE,0.00,0.00,0.00,1886.90,0.00,1886.90,25103.20,2190.35,0,0,0,0.00,0,F1,75,,,,,
2025-06-09,2025-06-09,FO,NSE,IDO,39844,,NIFTY,,2025-07-10,2025-07-10,23100.00,CE,NIFTY2571023100CE,0.00,0.00,0.00,1841.20,0.00,1841.20,25103.20,2142.55,0,0,0,0.00,0,F1,75,,,,,
2025-06-09,2025-06-09,FO,NSE,IDO,39940,,NIFTY,,2025-07-10,2025-07-10,24050.00,CE,NIFTY2571024050CE,0.00,0.00,0.00,1051.60,0.00,1051.60,25103.20,1289.10,0,0,0,0.00,0,F1,75,,,,,
2025-06-09,2025-06-09,FO,NSE,IDO,39964,,NIFTY,,2025-07-10,2025-07-10,24350.00,CE,NIFTY2571024350CE,0.00,0.00,0.00,842.95,0.00,842.95,25103.20,1053.05,0,0,0,0.00,0,F1,75,,,,,
2025-06-09,2025-06-09,FO,NSE,IDO,39970,,NIFTY,,2025-07-10,2025-07-10,24500.00,CE,NIFTY2571024500CE,0.00,0.00,0.00,748.55,0.00,748.55,25103.20,943.25,0,0,0,0.00,0,F1,75,,,,,
2025-06-09,2025-06-09,FO,NSE,IDO,40008,,NIFTY,,2025-07-10,2025-07-10,24900.00,CE,NIFTY2571024900CE,0.00,0.00,0.00,529.15,0.00,529.15,25103.20,682.25,0,0,0,0.00,0,F1,75,,,,,
2025-06-09,2025-06-09,FO,NSE,IDO,40112,,NIFTY,,2025-07-10,2025-07-10,26400.00,CE,NIFTY2571026400CE,55.00,63.45,53.40,56.00,56.00,54.45,25103.20,128.95,2400,375,74,146846621.25,42,F1,75,,,,,
2025-06-09,2025-06-09,FO,NSE,IDO,40128,,NIFTY,,2025-07-10,2025-07-10,26550.00,CE,NIFTY2571026550CE,0.00,0.00,0.00,76.60,0.00,76.60,25103.20,104.65,0,0,0,0.00,0,F1,75,,,,,
2025-06-09,2025-06-09,FO,NSE,IDO,55679,,NIFTY,,2025-07-31,2025-07-31,22450.00,CE,NIFTY25JUL22450CE,0.00,0.00,0.00,2381.40,2381.40,2381.40,25103.20,2868.35,450,0,0,0.00,0,F1,75,,,,,
2025-06-09,2025-06-09,FO,NSE,IDO,55691,,NIFTY,,2025-07-31,2025-07-31,22750.00,CE,NIFTY25JUL22750CE,0.00,0.00,0.00,2109.05,2109.05,2109.05,25103.20,2583.75,750,0,0,0.00,0,F1,75,,,,,
2025-06-09,2025-06-09,FO,NSE,IDO,55699,,NIFTY,,2025-07-31,2025-07-31,22900.00,CE,NIFTY25JUL22900CE,0.00,0.00,0.00,2161.70,2161.70,2161.70,25103.20,2443.75,975,0,0,0.00,0,F1,75,,,,,
2025-06-09,2025-06-09,FO,NSE,IDO,55725,,NIFTY,,2025-07-31,2025-07-31,23250.00,CE,NIFTY25JUL23250CE,2125.00,2125.00,2125.00,2125.00,2125.00,2041.55,25103.20,2124.95,975,75,1,1903125.00,1,F1,75,,,,,
2025-06-09,2025-06-09,FO,NSE,IDO,55787,,NIFTY,,2025-07-31,2025-07-31,24700.00,CE,NIFTY25JUL24700CE,931.05,938.00,909.80,917.60,926.35,872.45,25103.20,917.60,85500,-2925,117,224827650.00,79,F1,75,,,,,
2025-06-09,2025-06-09,FO,NSE,IDO,55799,,NIFTY,,2025-07-31,2025-07-31,25000.00,CE,NIFTY25JUL25000CE,779.75,779.75,707.15,718.80,720.00,678.80,25103.20,718.80,1781100,30300,4229,8158921920.00,2933,F1,75,,,,,
2025-06-09,2025-06-09,FO,NSE,IDO,55839,,NIFTY,,2025-07-31,2025-07-31,25800.00,CE,NIFTY25JUL25800CE,350.00,350.00,313.80,319.05,316.20,300.95,25103.20,319.05,76575,-6675,768,1504685512.50,511,F1,75,,,,,
2025-06-09,2025-06-09,FO,NSE,IDO,55876,,NIFTY,,2025-07-31,2025-07-31,26650.00,CE,NIFTY25JUL26650CE,97.70,102.70,91.70,96.05,96.15,90.85,25103.20,96.05,6000,2100,88,176523543.75,37,F1,75,,,,,
2025-06-09,2025-06-09,FO,NSE,IDO,55883,,NIFTY,,2025-07-31,2025-07-31,26800.00,CE,NIFTY25JUL26800CE,85.00,87.70,73.35,74.90,75.95,73.60,25103.20,74.90,485625,8775,5911,11915388495.00,2679,F1,75,,,,,
2025-06-09,2025-06-09,FO,NSE,IDO,71950,,NIFTY,,2025-08-28,2025-08-28,24400.00,CE,NIFTY25AUG24400CE,0.00,0.00,0.00,1325.20,0.00,1325.20,25103.20,1408.70,0,0,0,0.00,0,F1,75,,,,,
2025-06-09,2025-06-09,FO,NSE,IDO,71952,,NIFTY,,2025-08-28,2025-08-28,24450.00,CE,NIFTY25AUG24450CE,0.00,0.00,0.00,1294.10,0.00,1294.10,25103.20,1375.15,0,0,0,0.00,0,F1,75,,,,,
2025-06-09,2025-06-09,FO,NSE,IDO,72094,,NIFTY,,2025-08-28,2025-08-28,25650.00,CE,NIFTY25AUG25650CE,0.00,0.00,0.00,681.50,0.00,681.50,25103.20,711.15,0,0,0,0.00,0,F1,75,,,,,
2025-06-09,2025-06-09,FO,NSE,IDO,64682,,NIFTY,,2025-09-25,2025-09-25,19000.00,CE,NIFTY25SEP19000CE,6400.00,6400.00,6400.00,6400.00,6400.00,6210.00,25103.20,6446.80,150,75,1,1905000.00,1,F1,75,,,,,
2025-06-09,2025-06-09,FO,NSE,IDO,64692,,NIFTY,,2025-09-25,2025-09-25,24000.00,CE,NIFTY25SEP24000CE,1750.05,1814.40,1750.05,1797.70,1790.00,1728.40,25103.20,1797.70,364575,3375,458,886017532.50,326,F1,75,,,,,
2025-06-09,2025-06-09,FO,NSE,IDO,64700,,NIFTY,,2025-09-25,2025-09-25,28000.00,CE,NIFTY25SEP28000CE,85.00,89.90,82.50,85.00,85.90,80.70,25103.20,85.00,411375,1575,504,1061621396.25,338,F1,75,,,,,
2025-06-09,2025-06-09,FO,NSE,IDO,38152,,NIFTY,,2025-12-24,2025-12-24,29000.00,CE,NIFTY25DEC29000CE,131.05,135.00,129.90,131.75,134.00,126.50,25103.20,131.75,361750,12975,674,1472637427.50,393,F1,75,,,,,
2025-06-09,2025-06-09,FO,NSE,IDO,62910,,NIFTY,,2026-03-26,2026-03-26,17000.00,CE,NIFTY26MAR17000CE,0.00,0.00,0.00,7789.50,0.00,7789.50,25103.20,8917.10,0,0,0,0.00,0,F1,75,,,,,
2025-06-09,2025-06-09,FO,NSE,IDO,62914,,NIFTY,,2026-03-26,2026-03-26,19000.00,CE,NIFTY26MAR19000CE,0.00,0.00,0.00,5966.85,0.00,5966.85,25103.20,7029.75,0,0,0,0.00,0,F1,75,,,,,
2025-06-09,2025-06-09,FO,NSE,IDO,62932,,NIFTY,,2026-03-26,2026-03-26,28000.00,CE,NIFTY26MAR28000CE,0.00,0.00,0.00,634.25,0.00,634.25,25103.20,920.45,0,0,0,0.00,0,F1,75,,,,,
2025-06-09,2025-06-09,FO,NSE,IDO,62937,,NIFTY,,2026-03-26,2026-03-26,30000.00,CE,NIFTY26MAR30000CE,0.00,0.00,0.00,300.00,0.00,300.00,25103.20,455.80,0,0,0,0.00,0,F1,75,,,,,
2025-06-09,2025-06-09,FO,NSE,IDO,58642,,NIFTY,,2026-12-31,2026-12-31,19000.00,CE,NIFTY26DEC19000CE,0.00,0.00,0.00,8600.00,8600.00,8600.00,25103.20,7918.90,125,0,0,0.00,0,F1,75,,,,,
2025-06-09,2025-06-09,FO,NSE,IDO,37806,,NIFTY,,2026-12-31,2026-12-31,23000.00,CE,NIFTY26DEC23000CE,0.00,0.00,0.00,4178.50,4181.00,4178.50,25103.20,4747.10,4800,0,0,0.00,0,F1,75,,,,,
2025-06-09,2025-06-09,FO,NSE,IDO,71501,,NIFTY,,2026-12-31,2026-12-31,24000.00,CE,NIFTY26DEC24000CE,0.00,0.00,0.00,3549.95,3549.95,3549.95,25103.20,4074.20,3675,0,0,0.00,0,F1,75,,,,,
2025-06-09,2025-06-09,FO,NSE,IDO,35235,,NIFTY,,2026-12-31,2026-12-31,30000.00,CE,NIFTY26DEC30000CE,0.00,0.00,0.00,1131.45,0.00,1131.45,25103.20,1325.55,0,0,0,0.00,0,F1,75,,,,,
2025-06-09,2025-06-09,FO,NSE,IDO,71553,,NIFTY,,2027-06-24,2027-06-24,21000.00,CE,NIFTY27JUN21000CE,0.00,0.00,0.00,3061.80,0.00,3061.80,25103.20,6857.60,0,0,0,0.00,0,F1,75,,,,,
2025-06-09,2025-06-09,FO,NSE,IDO,53618,,NIFTY,,2027-12-30,2027-12-30,23000.00,CE,NIFTY27DEC23000CE,0.00,0.00,0.00,4125.70,0.00,4125.70,25103.20,6077.15,0,0,0,0.00,0,F1,75,,,,,
2025-06-09,2025-06-09,FO,NSE,IDO,86163,,NIFTY,,2028-06-29,2028-06-29,27000.00,CE,NIFTY28JUN27000CE,0.00,0.00,0.00,2885.15,0.00,2885.15,25103.20,4408.00,0,0,0,0.00,0,F1,75,,,,,
2025-06-09,2025-06-09,FO,NSE,IDO,67770,,NIFTY,,2028-12-28,2028-12-28,18000.00,CE,NIFTY28DEC18000CE,0.00,0.00,0.00,9380.30,0.00,9380.30,25103.20,10755.80,0,0,0,0.00,0,F1,75,,,,,
2025-06-09,2025-06-09,FO,NSE,IDO,67774,,NIFTY,,2028-12-28,2028-12-28,20000.00,CE,NIFTY28DEC20000CE,0.00,0.00,0.00,8115.50,0.00,8115.50,25103.20,9287.00,0,0,0,0.00,0,F1,75,,,,,
2025-06-09,2025-06-09,FO,NSE,IDO,61410,,NIFTY,,2029-12-27,2029-12-27,20000.00,CE,NIFTY29DEC20000CE,0.00,0.00,0.00,10081.10,0.00,10081.10,25103.20,10263.35,0,0,0,0.00,0,F1,75,,,,,
2025-06-09,2025-06-09,FO,NSE,IDO,61772,,NIFTY,,2029-12-27,2029-12-27,25000.00,CE,NIFTY29DEC25000CE,0.00,0.00,0.00,7196.25,0.00,7196.25,25103.20,7210.45,0,0,0,0.00,0,F1,75,,,,,
2025-06-09,2025-06-09,FO,NSE,IDO,61794,,NIFTY,,2029-12-27,2029-12-27,27000.00,CE,NIFTY29DEC27000CE,0.00,0.00,0.00,6201.65,0.00,6201.65,25103.20,6172.55,0,0,0,0.00,0,F1,75,,,,,
2025-06-09,2025-06-09,FO,NSE,IDO,44719,,NIFTY,,2025-06-12,2025-06-12,22250.00,PE,NIFTY2561222250PE,0.75,1.15,0.55,1.05,1.10,0.85,25103.20,1.05,4310850,209700,178164,297321123420.00,20412,F1,75,,,,,
2025-06-09,2025-06-09,FO,NSE,IDO,44733,,NIFTY,,2025-06-12,2025-06-12,22600.00,PE,NIFTY2561222600PE,1.00,1.50,0.70,1.25,1.50,1.20,25103.20,1.25,978375,654600,41432,70230344748.75,5733,F1,75,,,,,
2025-06-09,2025-06-09,FO,NSE,IDO,44757,,NIFTY,,2025-06-12,2025-06-12,22950.00,PE,NIFTY2561222950PE,1.20,1.65,0.85,1.45,1.45,1.70,25103.20,1.45,238425,95175,21187,36470007757.50,4547,F1,75,,,,,
2025-06-09,2025-06-09,FO,NSE,IDO,44809,,NIFTY,,2025-06-12,2025-06-12,23900.00,PE,NIFTY2561223900PE,4.75,4.75,2.55,2.95,3.10,6.45,25103.20,2.95,2327025,-515325,193013,346019880881.25,47576,F1,75,,,,,
2025-06-09,2025-06-09,FO,NSE,IDO,44829,,NIFTY,,2025-06-12,2025-06-12,24350.00,PE,NIFTY2561224350PE,16.50,16.50,7.05,7.80,8.00,18.95,25103.20,7.80,1479000,580200,144423,263853105783.75,46177,F1,75,,,,,
2025-06-09,2025-06-09,FO,NSE,IDO,44837,,NIFTY,,2025-06-12,2025-06-12,24500.00,PE,NIFTY2561224500PE,26.00,26.00,12.20,13.25,13.10,30.45,25103.20,13.25,7031625,1722075,542201,996910988388.75,176797,F1,75,,,,,
2025-06-09,2025-06-09,FO,NSE,IDO,44861,,NIFTY,,2025-06-12,2025-06-12,24900.00,PE,NIFTY2561224900PE,70.05,87.65,56.50,60.35,58.80,113.25,25103.20,60.35,5496600,981750,688522,1289316259136.25,342501,F1,75,,,,,
2025-06-09,2025-06-09,FO,NSE,IDO,44873,,NIFTY,,2025-06-12,2025-06-12,25150.00,PE,NIFTY2561225150PE,147.00,197.55,147.00,156.10,154.40,232.30,25103.20,156.10,1309125,1148925,726223,1378876450638.75,465373,F1,75,,,,,
2025-06-09,2025-06-09,FO,NSE,IDO,44889,,NIFTY,,2025-06-12,2025-06-12,25500.00,PE,NIFTY2561225500PE,397.90,453.80,388.80,414.15,412.05,496.00,25103.20,414.15,266400,39300,27891,54215813085.00,16188,F1,75,,,,,
2025-06-09,2025-06-09,FO,NSE,IDO,44893,,NIFTY,,2025-06-12,2025-06-12,25550.00,PE,NIFTY2561225550PE,441.05,493.45,434.30,459.05,459.00,534.15,25103.20,459.05,11775,2325,532,1037865663.75,402,F1,75,,,,,
2025-06-09,2025-06-09,FO,NSE,IDO,44915,,NIFTY,,2025-06-12,2025-06-12,26050.00,PE,NIFTY2561226050PE,0.00,0.00,0.00,1253.65,1253.65,1253.65,25103.20,935.30,1575,0,0,0.00,0,F1,75,,,,,
2025-06-09,2025-06-09,FO,NSE,IDO,50848,,NIFTY,,2025-06-19,2025-06-19,22800.00,PE,NIFTY2561922800PE,4.20,4.20,2.50,2.85,2.95,4.20,25103.20,2.85,333300,106050,5320,9098357943.75,2030,F1,75,,,,,
2025-06-09,2025-06-09,FO,NSE,IDO,50856,,NIFTY,,2025-06-19,2025-06-19,22950.00,PE,NIFTY2561922950PE,3.30,4.10,3.20,3.45,3.65,5.25,25103.20,3.45,5475,75,128,220353446.25,98,F1,75,,,,,
2025-06-09,2025-06-09,FO,NSE,IDO,50898,,NIFTY,,2025-06-19,2025-06-19,23450.00,PE,NIFTY2561923450PE,7.00,7.45,5.85,6.10,6.40,10.15,25103.20,6.10,13875,300,488,858502260.00,306,F1,75,,,,,
2025-06-09,2025-06-09,FO,NSE,IDO,50980,,NIFTY,,2025-06-19,2025-06-19,24350.00,PE,NIFTY2561924350PE,42.05,44.95,33.45,34.75,34.40,56.35,25103.20,34.75,64200,32850,2998,5483400900.00,1663,F1,75,,,,,
2025-06-09,2025-06-09,FO,NSE,IDO,50990,,NIFTY,,2025-06-19,2025-06-19,24500.00,PE,NIFTY2561924500PE,69.35,69.35,47.85,50.30,49.65,78.65,25103.20,50.30,594000,127425,25052,46135298842.50,14346,F1,75,,,,,
2025-06-09,2025-06-09,FO,NSE,IDO,51002,,NIFTY,,2025-06-19,2025-06-19,24800.00,PE,NIFTY2561924800PE,120.00,130.75,101.05,105.80,107.25,152.80,25103.20,105.80,521400,171450,18242,34084939938.75,10899,F1,75,,,,,
2025-06-09,2025-06-09,FO,NSE,IDO,51040,,NIFTY,,2025-06-19,2025-06-19,25650.00,PE,NIFTY2561925650PE,562.05,588.90,549.95,561.95,561.75,663.30,25103.20,561.95,1575,825,39,76685475.00,21,F1,75,,,,,
2025-06-09,2025-06-09,FO,NSE,IDO,51060,,NIFTY,,2025-06-19,2025-06-19,26100.00,PE,NIFTY2561926100PE,0.00,0.00,0.00,1064.85,1064.85,1064.85,25103.20,986.50,300,0,0,0.00,0,F1,75,,,,,
2025-06-09,2025-06-09,FO,NSE,IDO,51068,,NIFTY,,2025-06-19,2025-06-19,26300.00,PE,NIFTY2561926300PE,0.00,0.00,0.00,1234.25,1234.25,1234.25,25103.20,1171.60,300,0,0,0.00,0,F1,75,,,,,
2025-06-09,2025-06-09,FO,NSE,IDO,62121,,NIFTY,,2025-06-26,2025-06-26,21050.00,PE,NIFTY25JUN21050PE,3.50,3.95,3.40,3.80,3.95,3.75,25103.20,3.80,2700,-1500,48,75793020.00,28,F1,75,,,,,
2025-06-09,2025-06-09,FO,NSE,IDO,62136,,NIFTY,,2025-06-26,2025-06-26,21300.00,PE,NIFTY25JUN21300PE,4.25,4.25,4.15,4.25,4.20,4.30,25103.20,4.25,8850,-375,12,19173806.25,7,F1,75,,,,,
2025-06-09,2025-06-09,FO,NSE,IDO,62318,,NIFTY,,2025-06-26,2025-06-26,23200.00,PE,NIFTY25JUN23200PE,16.55,16.55,12.05,13.10,13.30,16.55,25103.20,13.10,351825,-25950,2582,4495236502.50,1386,F1,75,,,,,
2025-06-09,2025-06-09,FO,NSE,IDO,62320,,NIFTY,,2025-06-26,2025-06-26,23250.00,PE,NIFTY25JUN23250PE,15.00,15.35,13.50,13.95,14.30,17.50,25103.20,13.95,22425,-4050,221,385601568.75,113,F1,75,,,,,
2025-06-09,2025-06-09,FO,NSE,IDO,62362,,NIFTY,,2025-06-26,2025-06-26,24250.00,PE,NIFTY25JUN24250PE,65.35,70.00,59.00,59.70,59.70,82.25,25103.20,59.70,66150,75,1249,2277530632.50,658,F1,75,,,,,
2025-06-09,2025-06-09,FO,NSE,IDO,62374,,NIFTY,,2025-06-26,2025-06-26,24450.00,PE,NIFTY25JUN24450PE,80.00,100.00,80.00,86.35,86.05,116.05,25103.20,86.35,86175,-21000,1699,3127141890.00,1103,F1,75,,,,,
2025-06-09,2025-06-09,FO,NSE,IDO,62408,,NIFTY,,2025-06-26,2025-06-26,25200.00,PE,NIFTY25JUN25200PE,311.05,343.75,300.00,315.10,312.10,375.65,25103.20,315.10,587700,273375,18078,34600459500.00,11725,F1,75,,,,,
2025-06-09,2025-06-09,FO,NSE,IDO,62418,,NIFTY,,2025-06-26,2025-06-26,25400.00,PE,NIFTY25JUN25400PE,400.00,458.75,400.00,420.95,422.45,490.25,25103.20,420.95,77625,28050,2006,3885582738.75,1397,F1,75,,,,,
2025-06-09,2025-06-09,FO,NSE,IDO,56084,,NIFTY,,2025-07-03,2025-07-03,23100.00,PE,NIFTY2570323100PE,0.00,0.00,0.00,23.00,23.00,23.00,25103.20,9.65,2700,0,0,0.00,0,F1,75,,,,,
2025-06-09,2025-06-09,FO,NSE,IDO,56090,,NIFTY,,2025-07-03,2025-07-03,23250.00,PE,NIFTY2570323250PE,0.00,0.00,0.00,99.65,0.00,99.65,25103.20,14.15,0,0,0,0.00,0,F1,75,,,,,
2025-06-09,2025-06-09,FO,NSE,IDO,56158,,NIFTY,,2025-07-03,2025-07-03,23400.00,PE,NIFTY2570323400PE,0.00,0.00,0.00,123.20,0.00,123.20,25103.20,20.40,0,0,0,0.00,0,F1,75,,,,,
2025-06-09,2025-06-09,FO,NSE,IDO,56188,,NIFTY,,2025-07-03,2025-07-03,23450.00,PE,NIFTY2570323450PE,0.00,0.00,0.00,131.90,0.00,131.90,25103.20,22.90,0,0,0,0.00,0,F1,75,,,,,
2025-06-09,2025-06-09,FO,NSE,IDO,56425,,NIFTY,,2025-07-03,2025-07-03,23950.00,PE,NIFTY2570323950PE,0.00,0.00,0.00,246.90,0.00,246.90,25103.20,66.30,0,0,0,0.00,0,F1,75,,,,,
2025-06-09,2025-06-09,FO,NSE,IDO,56465,,NIFTY,,2025-07-03,2025-07-03,24300.00,PE,NIFTY2570324300PE,108.00,111.35,97.65,98.50,99.30,124.55,25103.20,98.50,7575,2325,81,148251926.25,38,F1,75,,,,,
2025-06-09,2025-06-09,FO,NSE,IDO,56960,,NIFTY,,2025-07-03,2025-07-03,25600.00,PE,NIFTY2570325600PE,0.00,0.00,0.00,1072.05,0.00,1072.05,25103.20,670.60,0,0,0,0.00,0,F1,75,,,,,
2025-06-09,2025-06-09,FO,NSE,IDO,57089,,NIFTY,,2025-07-03,2025-07-03,25800.00,PE,NIFTY2570325800PE,0.00,0.00,0.00,1219.35,0.00,1219.35,25103.20,805.90,0,0,0,0.00,0,F1,75,,,,,
2025-06-09,2025-06-09,FO,NSE,IDO,57247,,NIFTY,,2025-07-03,2025-07-03,25900.00,PE,NIFTY2570325900PE,0.00,0.00,0.00,1294.60,0.00,1294.60,25103.20,878.15,0,0,0,0.00,0,F1,75,,,,,
2025-06-09,2025-06-09,FO,NSE,IDO,44740,,NIFTY,,2025-06-12,2025-06-12,22700.00,CE,NIFTY2561222700CE,2418.00,2422.00,2415.00,2415.00,2415.00,2130.00,25103.20,2414.35,2475,-225,3,5651625.00,3,F1,75,,,,,
2025-06-09,2025-06-09,FO,NSE,IDO,44730,,NIFTY,,2025-06-12,2025-06-12,22550.00,CE,NIFTY2561222550CE,0.00,0.00,0.00,2037.75,2037.75,2037.75,25103.20,2564.30,375,0,0,0.00,0,F1,75,,,,,
2025-06-09,2025-06-09,FO,NSE,IDO,44726,,NIFTY,,2025-06-12,2025-06-12,22450.00,CE,NIFTY2561222450CE,0.00,0.00,0.00,2137.10,2137.10,2137.10,25103.20,2664.25,375,0,0,0.00,0,F1,75,,,,,
2025-06-09,2025-06-09,FO,NSE,IDO,61915,,NIFTY,,2029-12-27,2029-12-27,29000.00,PE,NIFTY29DEC29000PE,0.00,0.00,0.00,1669.20,0.00,1669.20,25103.20,2050.60,0,0,0,0.00,0,F1,75,,,,,
2025-06-09,2025-06-09,FO,NSE,IDO,89631,,NIFTY,,2029-06-28,2029-06-28,24000.00,PE,NIFTY29JUN24000PE,0.00,0.00,0.00,694.05,694.05,694.05,25103.20,815.55,25,0,0,0.00,0,F1,75,,,,,
2025-06-09,2025-06-09,FO,NSE,IDO,67775,,NIFTY,,2028-12-28,2028-12-28,20000.00,PE,NIFTY28DEC20000PE,0.00,0.00,0.00,316.05,316.05,316.05,25103.20,249.25,1100,0,0,0.00,0,F1,75,,,,,
2025-06-09,2025-06-09,FO,NSE,IDO,38165,,NIFTY,,2027-12-30,2027-12-30,29000.00,PE,NIFTY27DEC29000PE,0.00,0.00,0.00,4227.50,0.00,4227.50,25103.20,2562.50,0,0,0,0.00,0,F1,75,,,,,
2025-06-09,2025-06-09,FO,NSE,IDO,53630,,NIFTY,,2027-12-30,2027-12-30,26000.00,PE,NIFTY27DEC26000PE,0.00,0.00,0.00,1951.60,1951.60,1951.60,25103.20,1388.90,75,0,0,0.00,0,F1,75,,,,,
2025-06-09,2025-06-09,FO,NSE,IDO,53604,,NIFTY,,2027-12-30,2027-12-30,18000.00,PE,NIFTY27DEC18000PE,0.00,0.00,0.00,132.75,132.75,132.75,25103.20,80.10,10175,0,0,0.00,0,F1,75,,,,,
2025-06-09,2025-06-09,FO,NSE,IDO,38163,,NIFTY,,2027-06-24,2027-06-24,29000.00,PE,NIFTY27JUN29000PE,0.00,0.00,0.00,4627.10,0.00,4627.10,25103.20,2717.15,0,0,0,0.00,0,F1,75,,,,,
2025-06-09,2025-06-09,FO,NSE,IDO,71554,,NIFTY,,2027-06-24,2027-06-24,21000.00,PE,NIFTY27JUN21000PE,0.00,0.00,0.00,500.00,500.00,500.00,25103.20,273.30,350,0,0,0.00,0,F1,75,,,,,
2025-06-09,2025-06-09,FO,NSE,IDO,71548,,NIFTY,,2027-06-24,2027-06-24,18000.00,PE,NIFTY27JUN18000PE,0.00,0.00,0.00,48.55,48.55,48.55,25103.20,58.90,25,0,0,0.00,0,F1,75,,,,,
2025-06-09,2025-06-09,FO,NSE,IDO,35231,,NIFTY,,2026-06-25,2026-06-25,30000.00,PE,NIFTY26JUN30000PE,0.00,0.00,0.00,5541.20,0.00,5541.20,25103.20,3754.45,0,0,0,0.00,0,F1,75,,,,,
2025-06-09,2025-06-09,FO,NSE,IDO,50976,,NIFTY,,2026-06-25,2026-06-25,27000.00,PE,NIFTY26JUN27000PE,0.00,0.00,0.00,6810.70,0.00,6810.70,25103.20,1872.85,0,0,0,0.00,0,F1,75,,,,,
2025-06-09,2025-06-09,FO,NSE,IDO,50498,,NIFTY,,2026-06-25,2026-06-25,17000.00,PE,NIFTY26JUN17000PE,0.00,0.00,0.00,2627.25,0.00,2627.25,25103.20,5.40,0,0,0,0.00,0,F1,75,,,,,
2025-06-09,2025-06-09,FO,NSE,IDO,50462,,NIFTY,,2026-06-25,2026-06-25,16000.00,PE,NIFTY26JUN16000PE,0.00,0.00,0.00,21.00,21.00,21.00,25103.20,1.65,2275,0,0,0.00,0,F1,75,,,,,
2025-06-09,2025-06-09,FO,NSE,IDO,37796,,NIFTY,,2025-12-24,2025-12-24,23000.00,PE,NIFTY25DEC23000PE,246.95,246.95,233.15,236.20,234.00,251.45,25103.20,236.20,1971025,-11775,3385,5899720623.75,1885,F1,75,,,,,
2025-06-09,2025-06-09,FO,NSE,IDO,38377,,NIFTY,,2025-12-24,2025-12-24,20000.00,PE,NIFTY25DEC20000PE,59.00,60.00,55.20,57.00,57.30,61.80,25103.20,57.00,652250,-7200,391,588211447.50,248,F1,75,,,,,
2025-06-09,2025-06-09,FO,NSE,IDO,49174,,NIFTY,,2025-12-24,2025-12-24,15000.00,PE,NIFTY25DEC15000PE,0.00,0.00,0.00,13.00,13.00,13.00,25103.20,0.00,4150,0,0,0.00,0,F1,75,,,,,
2025-06-09,2025-06-09,FO,NSE,IDO,64687,,NIFTY,,2025-09-25,2025-09-25,21000.00,PE,NIFTY25SEP21000PE,37.95,40.00,34.00,34.60,34.80,40.70,25103.20,34.60,477600,65700,2312,3647649157.50,1007,F1,75,,,,,
2025-06-09,2025-06-09,FO,NSE,IDO,72099,,NIFTY,,2025-08-28,2025-08-28,25750.00,PE,NIFTY25AUG25750PE,0.00,0.00,0.00,1136.85,0.00,1136.85,25103.20,969.75,0,0,0,0.00,0,F1,75,,,,,
2025-06-09,2025-06-09,FO,NSE,IDO,72085,,NIFTY,,2025-08-28,2025-08-28,25450.00,PE,NIFTY25AUG25450PE,0.00,0.00,0.00,965.55,0.00,965.55,25103.20,808.15,0,0,0,0.00,0,F1,75,,,,,
2025-06-09,2025-06-09,FO,NSE,IDO,71957,,NIFTY,,2025-08-28,2025-08-28,24550.00,PE,NIFTY25AUG24550PE,0.00,0.00,0.00,550.00,550.00,550.00,25103.20,427.00,75,0,0,0.00,0,F1,75,,,,,
2025-06-09,2025-06-09,FO,NSE,IDO,71947,,NIFTY,,2025-08-28,2025-08-28,24300.00,PE,NIFTY25AUG24300PE,280.00,280.00,265.10,274.10,274.10,300.00,25103.20,348.10,900,600,20,36859143.75,11,F1,75,,,,,
2025-06-09,2025-06-09,FO,NSE,IDO,71923,,NIFTY,,2025-08-28,2025-08-28,23750.00,PE,NIFTY25AUG23750PE,0.00,0.00,0.00,297.00,0.00,297.00,25103.20,212.30,0,0,0,0.00,0,F1,75,,,,,
2025-06-09,2025-06-09,FO,NSE,IDO,55810,,NIFTY,,2025-07-31,2025-07-31,25250.00,PE,NIFTY25JUL25250PE,506.95,507.20,499.50,499.50,499.50,562.25,25103.20,612.15,4275,300,11,21246750.00,7,F1,75,,,,,
2025-06-09,2025-06-09,FO,NSE,IDO,55798,,NIFTY,,2025-07-31,2025-07-31,24950.00,PE,NIFTY25JUL24950PE,390.00,393.35,374.40,377.55,378.40,426.25,25103.20,377.55,4875,-75,68,129184278.75,32,F1,75,,,,,
2025-06-09,2025-06-09,FO,NSE,IDO,55780,,NIFTY,,2025-07-31,2025-07-31,24500.00,PE,NIFTY25JUL24500PE,256.50,262.00,241.00,242.95,241.00,276.15,25103.20,242.95,877425,113475,6169,11450202142.50,3778,F1,75,,,,,
2025-06-09,2025-06-09,FO,NSE,IDO,55736,,NIFTY,,2025-07-31,2025-07-31,23500.00,PE,NIFTY25JUL23500PE,85.40,97.20,82.25,84.75,86.20,99.35,25103.20,84.75,1201050,155175,8471,14985104141.25,5126,F1,75,,,,,
2025-06-09,2025-06-09,FO,NSE,IDO,55704,,NIFTY,,2025-07-31,2025-07-31,23000.00,PE,NIFTY25JUL23000PE,60.00,60.00,49.60,51.30,51.10,59.10,25103.20,51.30,1317450,61275,8158,14104614071.25,3981,F1,75,,,,,
2025-06-09,2025-06-09,FO,NSE,IDO,55690,,NIFTY,,2025-07-31,2025-07-31,22700.00,PE,NIFTY25JUL22700PE,45.65,45.65,35.85,37.20,38.15,43.50,25103.20,37.20,121050,-9450,386,658265857.50,183,F1,75,,,,,
2025-06-09,2025-06-09,FO,NSE,IDO,40143,,NIFTY,,2025-07-10,2025-07-10,26700.00,PE,NIFTY2571026700PE,0.00,0.00,0.00,1843.00,0.00,1843.00,25103.20,1541.75,0,0,0,0.00,0,F1,75,,,,,
2025-06-09,2025-06-09,FO,NSE,IDO,40137,,NIFTY,,2025-07-10,2025-07-10,26650.00,PE,NIFTY2571026650PE,0.00,0.00,0.00,1798.00,0.00,1798.00,25103.20,1498.40,0,0,0,0.00,0,F1,75,,,,,
2025-06-09,2025-06-09,FO,NSE,IDO,40082,,NIFTY,,2025-07-10,2025-07-10,26000.00,PE,NIFTY2571026000PE,0.00,0.00,0.00,1246.00,0.00,1246.00,25103.20,977.45,0,0,0,0.00,0,F1,75,,,,,
2025-06-09,2025-06-09,FO,NSE,IDO,40071,,NIFTY,,2025-07-10,2025-07-10,25750.00,PE,NIFTY2571025750PE,0.00,0.00,0.00,1054.25,0.00,1054.25,25103.20,803.35,0,0,0,0.00,0,F1,75,,,,,
2025-06-09,2025-06-09,FO,NSE,IDO,40046,,NIFTY,,2025-07-10,2025-07-10,25400.00,PE,NIFTY2571025400PE,0.00,0.00,0.00,811.05,0.00,811.05,25103.20,589.35,0,0,0,0.00,0,F1,75,,,,,
2025-06-09,2025-06-09,FO,NSE,IDO,39969,,NIFTY,,2025-07-10,2025-07-10,24450.00,PE,NIFTY2571024450PE,0.00,0.00,0.00,324.85,0.00,324.85,25103.20,198.35,0,0,0,0.00,0,F1,75,,,,,
2025-06-09,2025-06-09,FO,NSE,IDO,39948,,NIFTY,,2025-07-10,2025-07-10,24200.00,PE,NIFTY2571024200PE,132.00,132.00,104.90,110.00,110.00,138.20,25103.20,110.00,1125,-75,10,18235496.25,10,F1,75,,,,,
2025-06-09,2025-06-09,FO,NSE,IDO,39931,,NIFTY,,2025-07-10,2025-07-10,23900.00,PE,NIFTY2571023900PE,0.00,0.00,0.00,162.25,0.00,162.25,25103.20,86.65,0,0,0,0.00,0,F1,75,,,,,
2025-06-09,2025-06-09,FO,NSE,IDO,39899,,NIFTY,,2025-07-10,2025-07-10,23500.00,PE,NIFTY2571023500PE,61.65,61.65,37.00,41.95,42.45,89.40,25103.20,41.95,600,600,15,26488485.00,12,F1,75,,,,,
2025-06-09,2025-06-09,FO,NSE,IDO,39891,,NIFTY,,2025-07-10,2025-07-10,23400.00,PE,NIFTY2571023400PE,52.25,52.25,37.00,37.00,37.00,76.05,25103.20,35.00,1650,1650,23,40429968.75,6,F1,75,,,,,
2025-06-09,2025-06-09,FO,NSE,IDO,58709,,NIFTY,,2025-07-03,2025-07-03,26450.00,PE,NIFTY2570326450PE,0.00,0.00,0.00,1745.00,0.00,1745.00,25103.20,1321.40,0,0,0,0.00,0,F1,75,,,,,
2025-06-09,2025-06-09,FO,NSE,IDO,56804,,NIFTY,,2025-07-03,2025-07-03,25400.00,PE,NIFTY2570325400PE,657.10,657.10,463.45,467.65,467.65,934.85,25103.20,548.40,6600,6600,120,232893123.75,114,F1,75,,,,,
2025-06-09,2025-06-09,FO,NSE,IDO,56775,,NIFTY,,2025-07-03,2025-07-03,25300.00,PE,NIFTY2570325300PE,0.00,0.00,0.00,869.80,0.00,869.80,25103.20,492.45,0,0,0,0.00,0,F1,75,,,,,
2025-06-09,2025-06-09,FO,NSE,IDO,56732,,NIFTY,,2025-07-03,2025-07-03,25100.00,PE,NIFTY2570325100PE,356.30,356.30,314.75,320.85,320.00,375.15,25103.20,320.85,10725,1125,108,205964902.50,86,F1,75,,,,,
2025-06-09,2025-06-09,FO,NSE,IDO,56704,,NIFTY,,2025-07-03,2025-07-03,25000.00,PE,NIFTY2570325000PE,335.00,335.00,272.80,281.00,280.00,331.50,25103.20,281.00,38550,6675,437,828690041.25,351,F1,75,,,,,
2025-06-09,2025-06-09,FO,NSE,IDO,56684,,NIFTY,,2025-07-03,2025-07-03,24900.00,PE,NIFTY2570324900PE,255.85,262.75,240.35,243.70,246.00,292.50,25103.20,243.70,13350,375,101,190514842.50,87,F1,75,,,,,
2025-06-09,2025-06-09,FO,NSE,IDO,56611,,NIFTY,,2025-07-03,2025-07-03,24800.00,PE,NIFTY2570324800PE,228.35,228.35,209.05,212.70,212.95,259.30,25103.20,212.70,25725,2625,336,630370181.25,267,F1,75,,,,,
2025-06-09,2025-06-09,FO,NSE,IDO,56479,,NIFTY,,2025-07-03,2025-07-03,24400.00,PE,NIFTY2570324400PE,154.60,154.60,114.00,114.50,114.00,155.05,25103.20,114.50,5175,-300,51,93792202.50,38,F1,75,,,,,
2025-06-09,2025-06-09,FO,NSE,IDO,56435,,NIFTY,,2025-07-03,2025-07-03,24100.00,PE,NIFTY2570324100PE,71.50,76.90,70.00,71.60,73.25,97.55,25103.20,71.60,6450,3825,126,228435037.50,51,F1,75,,,,,
2025-06-09,2025-06-09,FO,NSE,IDO,56346,,NIFTY,,2025-07-03,2025-07-03,23850.00,PE,NIFTY2570323850PE,0.00,0.00,0.00,220.55,0.00,220.55,25103.20,54.45,0,0,0,0.00,0,F1,75,,,,,
2025-06-09,2025-06-09,FO,NSE,IDO,55980,,NIFTY,,2025-07-03,2025-07-03,22800.00,PE,NIFTY2570322800PE,13.50,14.25,12.00,13.40,13.20,16.80,25103.20,13.40,8400,4425,90,153989587.50,59,F1,75,,,,,
2025-06-09,2025-06-09,FO,NSE,IDO,62506,,NIFTY,,2025-06-26,2025-06-26,26800.00,PE,NIFTY25JUN26800PE,0.00,0.00,0.00,1697.80,1697.80,1697.80,25103.20,1640.40,1875,0,0,0.00,0,F1,75,,,,,
2025-06-09,2025-06-09,FO,NSE,IDO,62472,,NIFTY,,2025-06-26,2025-06-26,26450.00,PE,NIFTY25JUN26450PE,0.00,0.00,0.00,1352.60,1352.60,1352.60,25103.20,1313.75,1425,0,0,0.00,0,F1,75,,,,,
2025-06-09,2025-06-09,FO,NSE,IDO,62328,,NIFTY,,2025-06-26,2025-06-26,23450.00,PE,NIFTY25JUN23450PE,19.40,19.40,17.20,17.60,18.20,22.75,25103.20,17.60,18000,-5625,285,501639671.25,173,F1,75,,,,,
2025-06-09,2025-06-09,FO,NSE,IDO,62324,,NIFTY,,2025-06-26,2025-06-26,23350.00,PE,NIFTY25JUN23350PE,19.10,19.10,14.95,15.75,15.85,20.20,25103.20,15.75,16500,-3075,358,627367485.00,136,F1,75,,,,,
2025-06-09,2025-06-09,FO,NSE,IDO,37794,,NIFTY,,2025-06-26,2025-06-26,23000.00,PE,NIFTY25JUN23000PE,10.85,12.30,10.80,11.25,11.10,13.90,25103.20,11.25,4154125,340375,20555,35474626455.00,7534,F1,75,,,,,
2025-06-09,2025-06-09,FO,NSE,IDO,62146,,NIFTY,,2025-06-26,2025-06-26,21550.00,PE,NIFTY25JUN21550PE,4.60,4.80,4.25,4.75,4.80,4.70,25103.20,4.75,4500,1725,129,208539318.75,57,F1,75,,,,,
2025-06-09,2025-06-09,FO,NSE,IDO,62144,,NIFTY,,2025-06-26,2025-06-26,21500.00,PE,NIFTY25JUN21500PE,4.65,4.95,3.75,4.65,4.50,4.60,25103.20,4.65,588750,-81900,5043,8133508387.50,1788,F1,75,,,,,
2025-06-09,2025-06-09,FO,NSE,IDO,62090,,NIFTY,,2025-06-26,2025-06-26,20850.00,PE,NIFTY25JUN20850PE,3.25,3.85,3.10,3.50,3.55,3.40,25103.20,3.50,8550,-2250,84,131376337.50,44,F1,75,,,,,
2025-06-09,2025-06-09,FO,NSE,IDO,51084,,NIFTY,,2025-06-19,2025-06-19,26600.00,PE,NIFTY2561926600PE,0.00,0.00,0.00,1515.10,1515.10,1515.10,25103.20,1459.90,300,0,0,0.00,0,F1,75,,,,,
2025-06-09,2025-06-09,FO,NSE,IDO,51062,,NIFTY,,2025-06-19,2025-06-19,26150.00,PE,NIFTY2561926150PE,0.00,0.00,0.00,1113.00,1113.00,1113.00,25103.20,1032.05,300,0,0,0.00,0,F1,75,,,,,
2025-06-09,2025-06-09,FO,NSE,IDO,51050,,NIFTY,,2025-06-19,2025-06-19,25850.00,PE,NIFTY2561925850PE,0.00,0.00,0.00,799.20,799.20,799.20,25103.20,768.05,450,0,0,0.00,0,F1,75,,,,,
2025-06-09,2025-06-09,FO,NSE,IDO,51046,,NIFTY,,2025-06-19,2025-06-19,25750.00,PE,NIFTY2561925750PE,661.50,661.50,645.00,645.00,645.00,712.80,25103.20,686.10,750,375,12,23757975.00,3,F1,75,,,,,
2025-06-09,2025-06-09,FO,NSE,IDO,51012,,NIFTY,,2025-06-19,2025-06-19,25000.00,PE,NIFTY2561925000PE,181.55,200.00,163.10,170.00,169.35,228.50,25103.20,170.00,925050,215700,30069,56779901152.50,18255,F1,75,,,,,
2025-06-09,2025-06-09,FO,NSE,IDO,51004,,NIFTY,,2025-06-19,2025-06-19,24850.00,PE,NIFTY2561924850PE,140.60,146.05,115.60,119.95,119.70,169.90,25103.20,119.95,106500,25350,4299,8053404776.25,2705,F1,75,,,,,
2025-06-09,2025-06-09,FO,NSE,IDO,50966,,NIFTY,,2025-06-19,2025-06-19,24200.00,PE,NIFTY2561924200PE,35.45,35.45,23.20,24.75,24.50,40.80,25103.20,24.75,384000,54225,14703,26714797196.25,9107,F1,75,,,,,
2025-06-09,2025-06-09,FO,NSE,IDO,50882,,NIFTY,,2025-06-19,2025-06-19,23250.00,PE,NIFTY2561923250PE,5.95,6.00,4.50,4.85,4.90,7.55,25103.20,4.85,23925,7275,659,1149380752.50,373,F1,75,,,,,
2025-06-09,2025-06-09,FO,NSE,IDO,50874,,NIFTY,,2025-06-19,2025-06-19,23100.00,PE,NIFTY2561923100PE,4.70,4.70,3.65,4.10,4.50,6.20,25103.20,4.10,89775,20025,1947,3373770648.75,1163,F1,75,,,,,
2025-06-09,2025-06-09,FO,NSE,IDO,44947,,NIFTY,,2025-06-12,2025-06-12,26750.00,PE,NIFTY2561226750PE,0.00,0.00,0.00,1976.55,1976.55,1976.55,25103.20,1633.70,1125,0,0,0.00,0,F1,75,,,,,
2025-06-09,2025-06-09,FO,NSE,IDO,44905,,NIFTY,,2025-06-12,2025-06-12,25800.00,PE,NIFTY2561225800PE,675.05,718.80,666.15,693.15,692.70,780.35,25103.20,693.15,30000,15075,2355,4680488422.50,639,F1,75,,,,,
2025-06-09,2025-06-09,FO,NSE,IDO,44883,,NIFTY,,2025-06-12,2025-06-12,25350.00,PE,NIFTY2561225350PE,291.90,330.00,270.50,288.40,288.95,371.85,25103.20,288.40,57300,40500,16961,32622737962.50,12011,F1,75,,,,,
2025-06-09,2025-06-09,FO,NSE,IDO,44881,,NIFTY,,2025-06-12,2025-06-12,25300.00,PE,NIFTY2561225300PE,240.55,293.75,235.60,250.85,250.95,333.15,25103.20,250.85,447075,246300,111534,213805479693.75,72375,F1,75,,,,,
2025-06-09,2025-06-09,FO,NSE,IDO,44867,,NIFTY,,2025-06-12,2025-06-12,25000.00,PE,NIFTY2561225000PE,107.20,123.75,84.80,89.40,87.45,153.20,25103.20,89.40,7462650,1202250,1344688,2531229610635.00,686177,F1,75,,,,,
2025-06-09,2025-06-09,FO,NSE,IDO,44833,,NIFTY,,2025-06-12,2025-06-12,24400.00,PE,NIFTY2561224400PE,16.00,16.00,8.25,9.10,9.20,22.10,25103.20,9.10,5327775,2888250,361566,661948778598.75,107328,F1,75,,,,,
2025-06-09,2025-06-09,FO,NSE,IDO,44817,,NIFTY,,2025-06-12,2025-06-12,24050.00,PE,NIFTY2561224050PE,7.00,7.00,3.40,3.90,3.90,8.60,25103.20,3.90,971625,58125,83687,150976378203.75,23782,F1,75,,,,,
2025-06-09,2025-06-09,FO,NSE,IDO,44783,,NIFTY,,2025-06-12,2025-06-12,23600.00,PE,NIFTY2561223600PE,2.70,2.70,1.65,2.05,2.15,3.80,25103.20,2.05,1619625,352350,139136,246290751330.00,27893,F1,75,,,,,
2025-06-09,2025-06-09,FO,NSE,IDO,89636,,NIFTY,,2029-06-28,2029-06-28,27000.00,CE,NIFTY29JUN27000CE,0.00,0.00,0.00,6570.40,0.00,6570.40,25103.20,5604.60,0,0,0,0.00,0,F1,75,,,,,
2025-06-09,2025-06-09,FO,NSE,IDO,89628,,NIFTY,,2029-06-28,2029-06-28,23000.00,CE,NIFTY29JUN23000CE,0.00,0.00,0.00,8636.00,0.00,8636.00,25103.20,7823.30,0,0,0,0.00,0,F1,75,,,,,
2025-06-09,2025-06-09,FO,NSE,IDO,89612,,NIFTY,,2029-06-28,2029-06-28,18000.00,CE,NIFTY29JUN18000CE,0.00,0.00,0.00,11678.65,0.00,11678.65,25103.20,11204.40,0,0,0,0.00,0,F1,75,,,,,
2025-06-09,2025-06-09,FO,NSE,IDO,38164,,NIFTY,,2027-12-30,2027-12-30,29000.00,CE,NIFTY27DEC29000CE,0.00,0.00,0.00,1932.55,0.00,1932.55,25103.20,2894.85,0,0,0,0.00,0,F1,75,,,,,
2025-06-09,2025-06-09,FO,NSE,IDO,53605,,NIFTY,,2027-12-30,2027-12-30,19000.00,CE,NIFTY27DEC19000CE,0.00,0.00,0.00,5794.90,0.00,5794.90,25103.20,9006.60,0,0,0,0.00,0,F1,75,,,,,
2025-06-09,2025-06-09,FO,NSE,IDO,53603,,NIFTY,,2027-12-30,2027-12-30,18000.00,CE,NIFTY27DEC18000CE,0.00,0.00,0.00,6285.70,0.00,6285.70,25103.20,9808.30,0,0,0,0.00,0,F1,75,,,,,
2025-06-09,2025-06-09,FO,NSE,IDO,71558,,NIFTY,,2027-06-24,2027-06-24,23000.00,CE,NIFTY27JUN23000CE,0.00,0.00,0.00,2530.05,0.00,2530.05,25103.20,5407.95,0,0,0,0.00,0,F1,75,,,,,
2025-06-09,2025-06-09,FO,NSE,IDO,50547,,NIFTY,,2026-12-31,2026-12-31,28000.00,CE,NIFTY26DEC28000CE,1370.00,1476.00,1370.00,1476.00,1476.00,1381.00,25103.20,1476.00,6150,375,8,17664825.00,8,F1,75,,,,,
2025-06-09,2025-06-09,FO,NSE,IDO,71503,,NIFTY,,2026-12-31,2026-12-31,25000.00,CE,NIFTY26DEC25000CE,3190.05,3220.00,3190.00,3201.35,3190.00,3149.00,25103.20,3201.35,21650,150,6,12691053.75,6,F1,75,,,,,
2025-06-09,2025-06-09,FO,NSE,IDO,58640,,NIFTY,,2026-12-31,2026-12-31,18000.00,CE,NIFTY26DEC18000CE,0.00,0.00,0.00,4501.45,0.00,4501.45,25103.20,8791.30,0,0,0,0.00,0,F1,75,,,,,
2025-06-09,2025-06-09,FO,NSE,IDO,62930,,NIFTY,,2026-03-26,2026-03-26,27000.00,CE,NIFTY26MAR27000CE,0.00,0.00,0.00,891.90,0.00,891.90,25103.20,1265.85,0,0,0,0.00,0,F1,75,,,,,
2025-06-09,2025-06-09,FO,NSE,IDO,62928,,NIFTY,,2026-03-26,2026-03-26,26000.00,CE,NIFTY26MAR26000CE,0.00,0.00,0.00,1228.35,0.00,1228.35,25103.20,1700.40,0,0,0,0.00,0,F1,75,,,,,
2025-06-09,2025-06-09,FO,NSE,IDO,62920,,NIFTY,,2026-03-26,2026-03-26,22000.00,CE,NIFTY26MAR22000CE,0.00,0.00,0.00,3481.20,0.00,3481.20,25103.20,4359.00,0,0,0,0.00,0,F1,75,,,,,
2025-06-09,2025-06-09,FO,NSE,IDO,62916,,NIFTY,,2026-03-26,2026-03-26,20000.00,CE,NIFTY26MAR20000CE,0.00,0.00,0.00,5090.05,0.00,5090.05,25103.20,6106.00,0,0,0,0.00,0,F1,75,,,,,
2025-06-09,2025-06-09,FO,NSE,IDO,62912,,NIFTY,,2026-03-26,2026-03-26,18000.00,CE,NIFTY26MAR18000CE,0.00,0.00,0.00,6870.70,0.00,6870.70,25103.20,7969.50,0,0,0,0.00,0,F1,75,,,,,
2025-06-09,2025-06-09,FO,NSE,IDO,64694,,NIFTY,,2025-09-25,2025-09-25,25000.00,CE,NIFTY25SEP25000CE,1069.35,1096.20,1058.55,1082.85,1085.00,1025.10,25103.20,1082.85,663600,28050,1604,3137383417.50,1321,F1,75,,,,,
2025-06-09,2025-06-09,FO,NSE,IDO,71988,,NIFTY,,2025-08-28,2025-08-28,25100.00,CE,NIFTY25AUG25100CE,0.00,0.00,0.00,930.30,0.00,930.30,25103.20,981.30,0,0,0,0.00,0,F1,75,,,,,
2025-06-09,2025-06-09,FO,NSE,IDO,71958,,NIFTY,,2025-08-28,2025-08-28,24600.00,CE,NIFTY25AUG24600CE,0.00,0.00,0.00,1156.00,1156.00,1156.00,25103.20,1277.25,525,0,0,0.00,0,F1,75,,,,,
2025-06-09,2025-06-09,FO,NSE,IDO,55851,,NIFTY,,2025-07-31,2025-07-31,26050.00,CE,NIFTY25JUL26050CE,238.00,242.25,229.30,230.45,232.10,217.75,25103.20,230.45,10500,975,39,76888203.75,35,F1,75,,,,,
2025-06-09,2025-06-09,FO,NSE,IDO,55817,,NIFTY,,2025-07-31,2025-07-31,25400.00,CE,NIFTY25JUL25400CE,510.00,513.20,486.00,493.95,494.65,464.15,25103.20,493.95,48075,6525,403,782823888.75,259,F1,75,,,,,
2025-06-09,2025-06-09,FO,NSE,IDO,55677,,NIFTY,,2025-07-31,2025-07-31,22400.00,CE,NIFTY25JUL22400CE,0.00,0.00,0.00,2427.20,2427.20,2427.20,25103.20,2916.30,450,0,0,0.00,0,F1,75,,,,,
2025-06-09,2025-06-09,FO,NSE,IDO,40102,,NIFTY,,2025-07-10,2025-07-10,26250.00,CE,NIFTY2571026250CE,0.00,0.00,0.00,115.95,0.00,115.95,25103.20,157.65,0,0,0,0.00,0,F1,75,,,,,
2025-06-09,2025-06-09,FO,NSE,IDO,40060,,NIFTY,,2025-07-10,2025-07-10,25650.00,CE,NIFTY2571025650CE,277.85,277.85,235.25,240.55,240.55,243.60,25103.20,325.55,75,75,4,7769748.75,4,F1,75,,,,,
2025-06-09,2025-06-09,FO,NSE,IDO,40022,,NIFTY,,2025-07-10,2025-07-10,25100.00,CE,NIFTY2571025100CE,575.00,575.00,481.00,481.00,481.00,437.40,25103.20,570.00,900,900,21,40312327.50,16,F1,75,,,,,
2025-06-09,2025-06-09,FO,NSE,IDO,39996,,NIFTY,,2025-07-10,2025-07-10,24750.00,CE,NIFTY2571024750CE,0.00,0.00,0.00,605.85,0.00,605.85,25103.20,774.55,0,0,0,0.00,0,F1,75,,,,,
2025-06-09,2025-06-09,FO,NSE,IDO,39946,,NIFTY,,2025-07-10,2025-07-10,24200.00,CE,NIFTY2571024200CE,0.00,0.00,0.00,943.70,0.00,943.70,25103.20,1168.45,0,0,0,0.00,0,F1,75,,,,,
2025-06-09,2025-06-09,FO,NSE,IDO,39917,,NIFTY,,2025-07-10,2025-07-10,23750.00,CE,NIFTY2571023750CE,0.00,0.00,0.00,1281.05,0.00,1281.05,25103.20,1544.20,0,0,0,0.00,0,F1,75,,,,,
2025-06-09,2025-06-09,FO,NSE,IDO,39894,,NIFTY,,2025-07-10,2025-07-10,23450.00,CE,NIFTY2571023450CE,0.00,0.00,0.00,1530.70,0.00,1530.70,25103.20,1814.15,0,0,0,0.00,0,F1,75,,,,,
2025-06-09,2025-06-09,FO,NSE,IDO,58717,,NIFTY,,2025-07-03,2025-07-03,26600.00,CE,NIFTY2570326600CE,27.00,27.05,22.25,23.00,22.80,21.25,25103.20,23.00,8850,1050,43,85865141.25,29,F1,75,,,,,
2025-06-09,2025-06-09,FO,NSE,IDO,58698,,NIFTY,,2025-07-03,2025-07-03,26350.00,CE,NIFTY2570326350CE,44.25,47.75,39.05,41.00,41.00,44.25,25103.20,41.00,750,75,9,17814472.50,9,F1,75,,,,,
2025-06-09,2025-06-09,FO,NSE,IDO,56998,,NIFTY,,2025-07-03,2025-07-03,25700.00,CE,NIFTY2570325700CE,179.65,180.60,159.50,161.05,162.25,152.70,25103.20,161.05,3600,1650,90,174625702.50,83,F1,75,,,,,
2025-06-09,2025-06-09,FO,NSE,IDO,56925,,NIFTY,,2025-07-03,2025-07-03,25600.00,CE,NIFTY2570325600CE,210.00,210.00,191.90,195.75,197.00,182.10,25103.20,195.75,9675,4950,158,305730978.75,125,F1,75,,,,,
2025-06-09,2025-06-09,FO,NSE,IDO,56605,,NIFTY,,2025-07-03,2025-07-03,24800.00,CE,NIFTY2570324800CE,608.15,631.00,592.85,614.05,614.10,574.00,25103.20,614.05,9000,-375,19,36215508.75,19,F1,75,,,,,
2025-06-09,2025-06-09,FO,NSE,IDO,56593,,NIFTY,,2025-07-03,2025-07-03,24700.00,CE,NIFTY2570324700CE,701.00,711.00,673.50,678.55,678.55,641.30,25103.20,678.55,9300,-600,16,30474510.00,15,F1,75,,,,,
2025-06-09,2025-06-09,FO,NSE,IDO,56429,,NIFTY,,2025-07-03,2025-07-03,24050.00,CE,NIFTY2570324050CE,0.00,0.00,0.00,1019.80,0.00,1019.80,25103.20,1227.70,0,0,0,0.00,0,F1,75,,,,,
2025-06-09,2025-06-09,FO,NSE,IDO,56424,,NIFTY,,2025-07-03,2025-07-03,23950.00,CE,NIFTY2570323950CE,0.00,0.00,0.00,1089.20,0.00,1089.20,25103.20,1313.50,0,0,0,0.00,0,F1,75,,,,,
2025-06-09,2025-06-09,FO,NSE,IDO,55981,,NIFTY,,2025-07-03,2025-07-03,22850.00,CE,NIFTY2570322850CE,0.00,0.00,0.00,1987.75,0.00,1987.75,25103.20,2347.70,0,0,0,0.00,0,F1,75,,,,,
2025-06-09,2025-06-09,FO,NSE,IDO,62409,,NIFTY,,2025-06-26,2025-06-26,25250.00,CE,NIFTY25JUN25250CE,280.00,300.00,266.35,272.45,272.60,253.45,25103.20,272.45,88950,19875,1797,3440720640.00,1147,F1,75,,,,,
2025-06-09,2025-06-09,FO,NSE,IDO,62339,,NIFTY,,2025-06-26,2025-06-26,23750.00,CE,NIFTY25JUN23750CE,0.00,0.00,0.00,1398.65,1398.65,1398.65,25103.20,1441.95,2100,0,0,0.00,0,F1,75,,,,,
2025-06-09,2025-06-09,FO,NSE,IDO,62321,,NIFTY,,2025-06-26,2025-06-26,23300.00,CE,NIFTY25JUN23300CE,1891.00,1913.00,1880.00,1888.50,1880.00,1830.00,25103.20,1888.50,46050,-600,13,24565946.25,13,F1,75,,,,,
2025-06-09,2025-06-09,FO,NSE,IDO,37749,,NIFTY,,2025-06-26,2025-06-26,23000.00,CE,NIFTY25JUN23000CE,2100.00,2214.00,2100.00,2183.75,2189.05,2106.20,25103.20,2183.75,1464925,-4125,302,570462067.50,277,F1,75,,,,,
2025-06-09,2025-06-09,FO,NSE,IDO,62139,,NIFTY,,2025-06-26,2025-06-26,21400.00,CE,NIFTY25JUN21400CE,0.00,0.00,0.00,3470.00,3470.00,3470.00,25103.20,3762.75,1725,0,0,0.00,0,F1,75,,,,,
2025-06-09,2025-06-09,FO,NSE,IDO,62137,,NIFTY,,2025-06-26,2025-06-26,21350.00,CE,NIFTY25JUN21350CE,0.00,0.00,0.00,3613.85,3613.85,3613.85,25103.20,3812.60,900,0,0,0.00,0,F1,75,,,,,
2025-06-09,2025-06-09,FO,NSE,IDO,62091,,NIFTY,,2025-06-26,2025-06-26,20900.00,CE,NIFTY25JUN20900CE,0.00,0.00,0.00,4057.50,4057.50,4057.50,25103.20,4261.35,675,0,0,0.00,0,F1,75,,,,,
2025-06-09,2025-06-09,FO,NSE,IDO,62087,,NIFTY,,2025-06-26,2025-06-26,20850.00,CE,NIFTY25JUN20850CE,0.00,0.00,0.00,4106.85,4106.85,4106.85,25103.20,4311.20,600,0,0,0.00,0,F1,75,,,,,
2025-06-09,2025-06-09,FO,NSE,IDO,55119,,NIFTY,,2025-06-26,2025-06-26,18000.00,CE,NIFTY25JUN18000CE,7160.20,7175.00,7135.00,7135.00,7135.00,7046.60,25103.20,7135.00,88225,0,8,15093030.00,8,F1,75,,,,,
2025-06-09,2025-06-09,FO,NSE,IDO,51089,,NIFTY,,2025-06-19,2025-06-19,26750.00,CE,NIFTY2561926750CE,2.05,2.30,1.85,2.00,2.10,2.05,25103.20,2.00,134325,20625,2840,5698184283.75,772,F1,75,,,,,
2025-06-09,2025-06-09,FO,NSE,IDO,51083,,NIFTY,,2025-06-19,2025-06-19,26600.00,CE,NIFTY2561926600CE,2.40,2.90,2.10,2.25,2.45,2.30,25103.20,2.25,307200,76650,9321,18597045780.00,3169,F1,75,,,,,
2025-06-09,2025-06-09,FO,NSE,IDO,51069,,NIFTY,,2025-06-19,2025-06-19,26350.00,CE,NIFTY2561926350CE,5.05,5.95,3.85,4.25,4.50,4.65,25103.20,4.25,115350,11400,1700,3360236156.25,1025,F1,75,,,,,
2025-06-09,2025-06-09,FO,NSE,IDO,51047,,NIFTY,,2025-06-19,2025-06-19,25800.00,CE,NIFTY2561925800CE,45.00,49.00,33.15,35.40,36.00,34.10,25103.20,35.40,424050,177525,18303,35470235985.00,10445,F1,75,,,,,
2025-06-09,2025-06-09,FO,NSE,IDO,51029,,NIFTY,,2025-06-19,2025-06-19,25450.00,CE,NIFTY2561925450CE,122.25,133.00,103.75,109.15,112.15,101.90,25103.20,109.15,103500,62775,5145,9864842220.00,3342,F1,75,,,,,
2025-06-09,2025-06-09,FO,NSE,IDO,50951,,NIFTY,,2025-06-19,2025-06-19,23900.00,CE,NIFTY2561923900CE,0.00,0.00,0.00,947.25,947.25,947.25,25103.20,1252.70,1650,0,0,0.00,0,F1,75,,,,,
2025-06-09,2025-06-09,FO,NSE,IDO,50917,,NIFTY,,2025-06-19,2025-06-19,23550.00,CE,NIFTY2561923550CE,0.00,0.00,0.00,1531.60,1531.60,1531.60,25103.20,1594.30,300,0,0,0.00,0,F1,75,,,,,
2025-06-09,2025-06-09,FO,NSE,IDO,50885,,NIFTY,,2025-06-19,2025-06-19,23350.00,CE,NIFTY2561923350CE,0.00,0.00,0.00,1724.05,1724.05,1724.05,25103.20,1792.45,375,0,0,0.00,0,F1,75,,,,,
2025-06-09,2025-06-09,FO,NSE,IDO,50877,,NIFTY,,2025-06-19,2025-06-19,23200.00,CE,NIFTY2561923200CE,0.00,0.00,0.00,1863.95,1863.95,1863.95,25103.20,1941.65,375,0,0,0.00,0,F1,75,,,,,
2025-06-09,2025-06-09,FO,NSE,IDO,50875,,NIFTY,,2025-06-19,2025-06-19,23150.00,CE,NIFTY2561923150CE,0.00,0.00,0.00,1697.85,1697.70,1697.85,25103.20,1991.50,300,0,0,0.00,0,F1,75,,,,,
2025-06-09,2025-06-09,FO,NSE,IDO,50847,,NIFTY,,2025-06-19,2025-06-19,22800.00,CE,NIFTY2561922800CE,2335.00,2353.00,2335.00,2345.00,2345.00,2043.60,25103.20,2340.60,225,150,4,7543350.00,4,F1,75,,,,,
2025-06-09,2025-06-09,FO,NSE,IDO,44922,,NIFTY,,2025-06-12,2025-06-12,26250.00,CE,NIFTY2561226250CE,1.75,2.25,1.25,1.40,1.35,1.80,25103.20,1.40,1035525,-20400,87948,173158363331.25,16154,F1,75,,,,,
2025-06-09,2025-06-09,FO,NSE,IDO,44898,,NIFTY,,2025-06-12,2025-06-12,25650.00,CE,NIFTY2561225650CE,17.30,20.80,8.50,10.00,9.90,11.85,25103.20,10.00,2080125,878175,319639,615213466185.00,109491,F1,75,,,,,
2025-06-09,2025-06-09,FO,NSE,IDO,44860,,NIFTY,,2025-06-12,2025-06-12,24900.00,CE,NIFTY2561224900CE,288.00,317.00,254.40,267.75,267.00,242.50,25103.20,267.75,2113950,-404100,121542,229522236746.25,77522,F1,75,,,,,
2025-06-09,2025-06-09,FO,NSE,IDO,44858,,NIFTY,,2025-06-12,2025-06-12,24850.00,CE,NIFTY2561224850CE,325.00,352.25,292.05,306.40,305.75,275.20,25103.20,306.40,494850,-124350,21942,41414875481.25,15163,F1,75,,,,,
2025-06-09,2025-06-09,FO,NSE,IDO,44856,,NIFTY,,2025-06-12,2025-06-12,24800.00,CE,NIFTY2561224800CE,355.00,392.00,332.55,346.80,347.00,310.20,25103.20,346.80,2232225,-464550,86559,163320052541.25,43961,F1,75,,,,,
2025-06-09,2025-06-09,FO,NSE,IDO,44782,,NIFTY,,2025-06-12,2025-06-12,23600.00,CE,NIFTY2561223600CE,1530.00,1530.00,1490.00,1492.00,1492.00,1421.20,25103.20,1514.80,22050,-825,13,24475563.75,13,F1,75,,,,,
2025-06-09,2025-06-09,FO,NSE,IDO,44776,,NIFTY,,2025-06-12,2025-06-12,23450.00,CE,NIFTY2561223450CE,1666.50,1710.75,1602.40,1602.40,1602.40,1347.05,25103.20,1664.75,675,-150,8,15063202.50,7,F1,75,,,,,
2025-06-09,2025-06-09,FO,NSE,IDO,55825,,NIFTY,,2025-07-31,2025-07-31,25500.00,CE,NIFTY25JUL25500CE,450.00,465.95,435.20,443.75,435.20,416.80,25103.20,443.75,503475,15825,3038,5912562330.00,2096,F1,75,,,,,
2025-06-09,2025-06-09,FO,NSE,IDO,71839,,NIFTY,,2025-08-28,2025-08-28,22950.00,CE,NIFTY25AUG22950CE,0.00,0.00,0.00,2400.40,0.00,2400.40,25103.20,2551.85,0,0,0,0.00,0,F1,75,,,,,
2025-06-09,2025-06-09,FO,NSE,IDO,71930,,NIFTY,,2025-08-28,2025-08-28,23950.00,CE,NIFTY25AUG23950CE,0.00,0.00,0.00,1624.40,0.00,1624.40,25103.20,1730.55,0,0,0,0.00,0,F1,75,,,,,
2025-06-09,2025-06-09,FO,NSE,IDO,72102,,NIFTY,,2025-08-28,2025-08-28,25850.00,CE,NIFTY25AUG25850CE,0.00,0.00,0.00,499.00,499.00,499.00,25103.20,627.25,75,0,0,0.00,0,F1,75,,,,,
2025-06-09,2025-06-09,FO,NSE,IDO,89637,,NIFTY,,2029-06-28,2029-06-28,27000.00,PE,NIFTY29JUN27000PE,0.00,0.00,0.00,1252.35,0.00,1252.35,25103.20,1533.75,0,0,0,0.00,0,F1,75,,,,,
2025-06-09,2025-06-09,FO,NSE,IDO,62917,,NIFTY,,2026-03-26,2026-03-26,20000.00,PE,NIFTY26MAR20000PE,0.00,0.00,0.00,95.70,0.00,95.70,25103.20,47.50,0,0,0,0.00,0,F1,75,,,,,
2025-06-09,2025-06-09,FO,NSE,IDO,49178,,NIFTY,,2025-12-24,2025-12-24,16000.00,PE,NIFTY25DEC16000PE,0.00,0.00,0.00,18.95,18.95,18.95,25103.20,0.05,3775,0,0,0.00,0,F1,75,,,,,
2025-06-09,2025-06-09,FO,NSE,IDO,71987,,NIFTY,,2025-08-28,2025-08-28,25050.00,PE,NIFTY25AUG25050PE,0.00,0.00,0.00,761.90,0.00,761.90,25103.20,619.60,0,0,0,0.00,0,F1,75,,,,,
2025-06-09,2025-06-09,FO,NSE,IDO,55750,,NIFTY,,2025-07-31,2025-07-31,23800.00,PE,NIFTY25JUL23800PE,120.00,127.90,112.25,113.85,115.00,133.05,25103.20,113.85,158925,48300,1780,3192996937.50,909,F1,75,,,,,
2025-06-09,2025-06-09,FO,NSE,IDO,40085,,NIFTY,,2025-07-10,2025-07-10,26050.00,PE,NIFTY2571026050PE,0.00,0.00,0.00,1285.90,0.00,1285.90,25103.20,1014.20,0,0,0,0.00,0,F1,75,,,,,
2025-06-09,2025-06-09,FO,NSE,IDO,39952,,NIFTY,,2025-07-10,2025-07-10,24250.00,PE,NIFTY2571024250PE,0.00,0.00,0.00,256.20,0.00,256.20,25103.20,149.65,0,0,0,0.00,0,F1,75,,,,,
2025-06-09,2025-06-09,FO,NSE,IDO,62206,,NIFTY,,2025-06-26,2025-06-26,22650.00,PE,NIFTY25JUN22650PE,8.55,8.55,8.00,8.50,8.50,9.75,25103.20,8.50,19800,-975,86,146145896.25,36,F1,75,,,,,
2025-06-09,2025-06-09,FO,NSE,IDO,51088,,NIFTY,,2025-06-19,2025-06-19,26700.00,PE,NIFTY2561926700PE,0.00,0.00,0.00,1629.40,1629.40,1629.40,25103.20,1557.75,300,0,0,0.00,0,F1,75,,,,,
2025-06-09,2025-06-09,FO,NSE,IDO,51016,,NIFTY,,2025-06-19,2025-06-19,25100.00,PE,NIFTY2561925100PE,215.40,245.00,203.30,211.10,210.25,274.60,25103.20,211.10,400800,294825,25062,47589577695.00,16168,F1,75,,,,,
2025-06-09,2025-06-09,FO,NSE,IDO,44819,,NIFTY,,2025-06-12,2025-06-12,24100.00,PE,NIFTY2561224100PE,11.05,11.05,3.70,4.20,4.35,9.75,25103.20,4.20,3506775,1252200,332768,601593083763.75,73893,F1,75,,,,,
2025-06-09,2025-06-09,FO,NSE,IDO,61932,,NIFTY,,2029-12-27,2029-12-27,30000.00,CE,NIFTY29DEC30000CE,0.00,0.00,0.00,4896.55,0.00,4896.55,25103.20,4826.55,0,0,0,0.00,0,F1,75,,,,,
2025-06-09,2025-06-09,FO,NSE,IDO,71476,,NIFTY,,2026-06-25,2026-06-25,26000.00,CE,NIFTY26JUN26000CE,0.00,0.00,0.00,1353.05,1353.05,1353.05,25103.20,2115.40,2700,0,0,0.00,0,F1,75,,,,,
2025-06-09,2025-06-09,FO,NSE,IDO,51453,,NIFTY,,2026-06-25,2026-06-25,21000.00,CE,NIFTY26JUN21000CE,0.00,0.00,0.00,3881.90,0.00,3881.90,25103.20,5559.75,0,0,0,0.00,0,F1,75,,,,,
2025-06-09,2025-06-09,FO,NSE,IDO,50497,,NIFTY,,2026-06-25,2026-06-25,17000.00,CE,NIFTY26JUN17000CE,0.00,0.00,0.00,4348.25,0.00,4348.25,25103.20,9167.30,0,0,0,0.00,0,F1,75,,,,,
2025-06-09,2025-06-09,FO,NSE,IDO,62922,,NIFTY,,2026-03-26,2026-03-26,23000.00,CE,NIFTY26MAR23000CE,0.00,0.00,0.00,2782.55,0.00,2782.55,25103.20,3568.55,0,0,0,0.00,0,F1,75,,,,,
2025-06-09,2025-06-09,FO,NSE,IDO,72316,,NIFTY,,2025-08-28,2025-08-28,26600.00,CE,NIFTY25AUG26600CE,205.00,218.25,199.85,211.00,211.00,201.55,25103.20,211.00,10200,-5325,148,297562875.00,59,F1,75,,,,,
2025-06-09,2025-06-09,FO,NSE,IDO,72122,,NIFTY,,2025-08-28,2025-08-28,26300.00,CE,NIFTY25AUG26300CE,0.00,0.00,0.00,454.05,0.00,454.05,25103.20,465.00,0,0,0,0.00,0,F1,75,,,,,
2025-06-09,2025-06-09,FO,NSE,IDO,44824,,NIFTY,,2025-06-12,2025-06-12,24250.00,CE,NIFTY2561224250CE,875.00,887.85,834.35,863.00,864.00,789.10,25103.20,863.00,14250,-3450,115,216583417.50,77,F1,75,,,,,
2025-06-09,2025-06-09,FO,NSE,IDO,44866,,NIFTY,,2025-06-12,2025-06-12,25000.00,CE,NIFTY2561225000CE,220.00,244.80,186.10,196.90,196.00,182.40,25103.20,196.90,4792050,-746550,720371,1362028475936.25,424127,F1,75,,,,,
2025-06-09,2025-06-09,FO,NSE,IDO,44908,,NIFTY,,2025-06-12,2025-06-12,25900.00,CE,NIFTY2561225900CE,5.35,6.45,2.60,2.85,2.95,3.80,25103.20,2.85,4091400,468825,424314,824354991071.25,96723,F1,75,,,,,
2025-06-09,2025-06-09,FO,NSE,IDO,44914,,NIFTY,,2025-06-12,2025-06-12,26050.00,CE,NIFTY2561226050CE,2.60,3.80,1.75,1.95,1.85,2.55,25103.20,1.95,1647000,560025,215165,420418074731.25,40338,F1,75,,,,,
2025-06-09,2025-06-09,FO,NSE,IDO,62135,,NIFTY,,2025-06-26,2025-06-26,21300.00,CE,NIFTY25JUN21300CE,0.00,0.00,0.00,3663.30,3663.30,3663.30,25103.20,3862.45,825,0,0,0.00,0,F1,75,,,,,
2025-06-09,2025-06-09,FO,NSE,IDO,62149,,NIFTY,,2025-06-26,2025-06-26,21650.00,CE,NIFTY25JUN21650CE,0.00,0.00,0.00,2998.00,2998.00,2998.00,25103.20,3513.45,1950,0,0,0.00,0,F1,75,,,,,
2025-06-09,2025-06-09,FO,NSE,IDO,62171,,NIFTY,,2025-06-26,2025-06-26,21950.00,CE,NIFTY25JUN21950CE,0.00,0.00,0.00,2701.00,2700.00,2701.00,25103.20,3214.30,2250,0,0,0.00,0,F1,75,,,,,
2025-06-09,2025-06-09,FO,NSE,IDO,62187,,NIFTY,,2025-06-26,2025-06-26,22200.00,CE,NIFTY25JUN22200CE,0.00,0.00,0.00,2903.05,2903.05,2903.05,25103.20,2965.05,9450,0,0,0.00,0,F1,75,,,,,
2025-06-09,2025-06-09,FO,NSE,IDO,62209,,NIFTY,,2025-06-26,2025-06-26,22750.00,CE,NIFTY25JUN22750CE,2450.00,2450.00,2450.00,2450.00,2450.00,1950.65,25103.20,2417.35,1950,0,1,1890000.00,1,F1,75,,,,,
2025-06-09,2025-06-09,FO,NSE,IDO,62363,,NIFTY,,2025-06-26,2025-06-26,24300.00,CE,NIFTY25JUN24300CE,954.05,974.00,927.50,943.55,938.05,881.65,25103.20,943.55,90075,12375,529,1001826885.00,445,F1,75,,,,,
2025-06-09,2025-06-09,FO,NSE,IDO,62469,,NIFTY,,2025-06-26,2025-06-26,26400.00,CE,NIFTY25JUN26400CE,20.55,21.70,16.05,16.95,17.40,16.50,25103.20,16.95,230250,46350,3942,7810621503.75,2362,F1,75,,,,,
2025-06-09,2025-06-09,FO,NSE,IDO,56431,,NIFTY,,2025-07-03,2025-07-03,24100.00,CE,NIFTY2570324100CE,0.00,0.00,0.00,986.00,0.00,986.00,25103.20,1185.60,0,0,0,0.00,0,F1,75,,,,,
2025-06-09,2025-06-09,FO,NSE,IDO,39882,,NIFTY,,2025-07-10,2025-07-10,23300.00,CE,NIFTY2571023300CE,0.00,0.00,0.00,1661.55,0.00,1661.55,25103.20,1953.45,0,0,0,0.00,0,F1,75,,,,,
2025-06-09,2025-06-09,FO,NSE,IDO,40051,,NIFTY,,2025-07-10,2025-07-10,25550.00,CE,NIFTY2571025550CE,0.00,0.00,0.00,241.00,241.00,241.00,25103.20,363.10,0,0,0,0.00,0,F1,75,,,,,
2025-06-09,2025-06-09,FO,NSE,IDO,40136,,NIFTY,,2025-07-10,2025-07-10,26650.00,CE,NIFTY2571026650CE,0.00,0.00,0.00,66.30,0.00,66.30,25103.20,90.65,0,0,0,0.00,0,F1,75,,,,,
2025-06-09,2025-06-09,FO,NSE,IDO,55675,,NIFTY,,2025-07-31,2025-07-31,22350.00,CE,NIFTY25JUL22350CE,0.00,0.00,0.00,2783.40,2783.40,2783.40,25103.20,2964.35,300,0,0,0.00,0,F1,75,,,,,
2025-06-09,2025-06-09,FO,NSE,IDO,55701,,NIFTY,,2025-07-31,2025-07-31,22950.00,CE,NIFTY25JUL22950CE,0.00,0.00,0.00,2117.90,2117.90,2117.90,25103.20,2397.50,900,0,0,0.00,0,F1,75,,,,,
2025-06-09,2025-06-09,FO,NSE,IDO,58629,,NIFTY,,2026-12-31,2026-12-31,12000.00,PE,NIFTY26DEC12000PE,0.00,0.00,0.00,20.05,20.05,20.05,25103.20,0.05,1100,0,0,0.00,0,F1,75,,,,,
2025-06-09,2025-06-09,FO,NSE,IDO,58647,,NIFTY,,2026-12-31,2026-12-31,21000.00,PE,NIFTY26DEC21000PE,305.05,317.95,300.00,307.50,307.50,326.00,25103.20,307.50,6150,-475,14,22374333.75,11,F1,75,,,,,
2025-06-09,2025-06-09,FO,NSE,IDO,50984,,NIFTY,,2027-06-24,2027-06-24,27000.00,PE,NIFTY27JUN27000PE,0.00,0.00,0.00,6273.45,0.00,6273.45,25103.20,1797.15,0,0,0,0.00,0,F1,75,,,,,
2025-06-09,2025-06-09,FO,NSE,IDO,53602,,NIFTY,,2027-12-30,2027-12-30,17000.00,PE,NIFTY27DEC17000PE,0.00,0.00,0.00,77.25,77.25,77.25,25103.20,45.45,14200,0,0,0.00,0,F1,75,,,,,
2025-06-09,2025-06-09,FO,NSE,IDO,86138,,NIFTY,,2028-06-29,2028-06-29,17000.00,PE,NIFTY28JUN17000PE,0.00,0.00,0.00,283.10,0.00,283.10,25103.20,58.35,0,0,0,0.00,0,F1,75,,,,,
2025-06-09,2025-06-09,FO,NSE,IDO,86140,,NIFTY,,2028-06-29,2028-06-29,18000.00,PE,NIFTY28JUN18000PE,0.00,0.00,0.00,396.75,0.00,396.75,25103.20,97.40,0,0,0,0.00,0,F1,75,,,,,
2025-06-09,2025-06-09,FO,NSE,IDO,86144,,NIFTY,,2028-06-29,2028-06-29,20000.00,PE,NIFTY28JUN20000PE,0.00,0.00,0.00,400.00,400.00,400.00,25103.20,232.05,0,0,0,0.00,0,F1,75,,,,,
2025-06-09,2025-06-09,FO,NSE,IDO,86148,,NIFTY,,2028-06-29,2028-06-29,22000.00,PE,NIFTY28JUN22000PE,0.00,0.00,0.00,520.05,520.05,520.05,25103.20,469.05,100,0,0,0.00,0,F1,75,,,,,
2025-06-09,2025-06-09,FO,NSE,IDO,86160,,NIFTY,,2028-06-29,2028-06-29,25000.00,PE,NIFTY28JUN25000PE,0.00,0.00,0.00,2016.80,0.00,2016.80,25103.20,1075.65,0,0,0,0.00,0,F1,75,,,,,
2025-06-09,2025-06-09,FO,NSE,IDO,67777,,NIFTY,,2028-12-28,2028-12-28,21000.00,PE,NIFTY28DEC21000PE,0.00,0.00,0.00,618.05,618.05,618.05,25103.20,351.85,1250,0,0,0.00,0,F1,75,,,,,
2025-06-09,2025-06-09,FO,NSE,IDO,67793,,NIFTY,,2028-12-28,2028-12-28,29000.00,PE,NIFTY28DEC29000PE,0.00,0.00,0.00,2010.85,0.00,2010.85,25103.20,2291.75,0,0,0,0.00,0,F1,75,,,,,
2025-06-09,2025-06-09,FO,NSE,IDO,61773,,NIFTY,,2029-12-27,2029-12-27,25000.00,PE,NIFTY29DEC25000PE,0.00,0.00,0.00,785.30,0.00,785.30,25103.20,992.55,0,0,0,0.00,0,F1,75,,,,,
2025-06-09,2025-06-09,FO,NSE,IDO,61749,,NIFTY,,2029-12-27,2029-12-27,24000.00,PE,NIFTY29DEC24000PE,0.00,0.00,0.00,625.50,0.00,625.50,25103.20,796.75,0,0,0,0.00,0,F1,75,,,,,
2025-06-09,2025-06-09,FO,NSE,IDO,61747,,NIFTY,,2029-12-27,2029-12-27,23000.00,PE,NIFTY29DEC23000PE,0.00,0.00,0.00,799.95,799.95,799.95,25103.20,628.15,1875,0,0,0.00,0,F1,75,,,,,
2025-06-09,2025-06-09,FO,NSE,IDO,61403,,NIFTY,,2029-12-27,2029-12-27,19000.00,PE,NIFTY29DEC19000PE,0.00,0.00,0.00,142.25,0.00,142.25,25103.20,191.10,0,0,0,0.00,0,F1,75,,,,,
2025-06-09,2025-06-09,FO,NSE,IDO,89635,,NIFTY,,2029-06-28,2029-06-28,26000.00,PE,NIFTY29JUN26000PE,0.00,0.00,0.00,1391.75,1391.75,1391.75,25103.20,1263.60,25,0,0,0.00,0,F1,75,,,,,
2025-06-09,2025-06-09,FO,NSE,IDF,53216,,NIFTY,,2025-07-31,2025-07-31,,,NIFTY25JULFUT,25340.90,25342.80,25282.70,25316.60,25318.00,25226.90,25103.20,25316.60,5245950,242700,6755,12824596597.50,5754,F1,75,,,,,
2025-06-09,2025-06-09,FO,NSE,IDO,44718,,NIFTY,,2025-06-12,2025-06-12,22250.00,CE,NIFTY2561222250CE,2878.85,2878.85,2806.70,2806.70,2806.70,2550.00,25103.20,2864.15,4800,0,2,3763916.25,2,F1,75,,,,,
2025-06-09,2025-06-09,FO,NSE,IDO,44720,,NIFTY,,2025-06-12,2025-06-12,22300.00,CE,NIFTY2561222300CE,0.00,0.00,0.00,2484.95,2484.95,2484.95,25103.20,2814.20,1725,0,0,0.00,0,F1,75,,,,,
2025-06-09,2025-06-09,FO,NSE,IDO,44722,,NIFTY,,2025-06-12,2025-06-12,22350.00,CE,NIFTY2561222350CE,0.00,0.00,0.00,2243.80,2243.80,2243.80,25103.20,2764.20,525,0,0,0.00,0,F1,75,,,,,
2025-06-09,2025-06-09,FO,NSE,IDO,44808,,NIFTY,,2025-06-12,2025-06-12,23900.00,CE,NIFTY2561223900CE,1200.00,1230.50,1194.00,1212.50,1212.50,1129.70,25103.20,1215.05,21150,-375,19,35781142.50,15,F1,75,,,,,
2025-06-09,2025-06-09,FO,NSE,IDO,44878,,NIFTY,,2025-06-12,2025-06-12,25250.00,CE,NIFTY2561225250CE,99.40,113.35,68.45,73.90,74.00,76.30,25103.20,73.90,1761600,804450,611750,1162461720768.75,349520,F1,75,,,,,
2025-06-09,2025-06-09,FO,NSE,IDO,44910,,NIFTY,,2025-06-12,2025-06-12,25950.00,CE,NIFTY2561225950CE,3.90,5.50,2.30,2.55,2.55,3.40,25103.20,2.55,1751175,272775,272609,530633826802.50,56577,F1,75,,,,,
2025-06-09,2025-06-09,FO,NSE,IDO,44946,,NIFTY,,2025-06-12,2025-06-12,26750.00,CE,NIFTY2561226750CE,1.40,1.50,1.00,1.20,1.10,1.40,25103.20,1.20,1729725,109350,63684,127771615331.25,11139,F1,75,,,,,
2025-06-09,2025-06-09,FO,NSE,IDO,50849,,NIFTY,,2025-06-19,2025-06-19,22850.00,CE,NIFTY2561922850CE,0.00,0.00,0.00,1994.25,1994.25,1994.25,25103.20,2290.70,225,0,0,0.00,0,F1,75,,,,,
2025-06-09,2025-06-09,FO,NSE,IDO,50895,,NIFTY,,2025-06-19,2025-06-19,23400.00,CE,NIFTY2561923400CE,1740.00,1740.00,1732.00,1732.00,1732.00,1659.10,25103.20,1742.80,750,0,2,3770400.00,2,F1,75,,,,,
2025-06-09,2025-06-09,FO,NSE,IDO,50929,,NIFTY,,2025-06-19,2025-06-19,23700.00,CE,NIFTY2561923700CE,0.00,0.00,0.00,1385.05,1385.05,1385.05,25103.20,1446.80,600,0,0,0.00,0,F1,75,,,,,
2025-06-09,2025-06-09,FO,NSE,IDO,50967,,NIFTY,,2025-06-19,2025-06-19,24250.00,CE,NIFTY2561924250CE,0.00,0.00,0.00,862.50,850.00,862.50,25103.20,926.80,600,0,0,0.00,0,F1,75,,,,,
2025-06-09,2025-06-09,FO,NSE,IDO,51011,,NIFTY,,2025-06-19,2025-06-19,25000.00,CE,NIFTY2561925000CE,358.95,358.95,303.50,316.40,317.55,291.80,25103.20,316.40,774525,-51450,20514,38962780140.00,12632,F1,75,,,,,
2025-06-09,2025-06-09,FO,NSE,IDO,51013,,NIFTY,,2025-06-19,2025-06-19,25050.00,CE,NIFTY2561925050CE,300.00,327.25,274.05,285.65,286.05,263.95,25103.20,285.65,73950,1500,3995,7593467910.00,2547,F1,75,,,,,
2025-06-09,2025-06-09,FO,NSE,IDO,51015,,NIFTY,,2025-06-19,2025-06-19,25100.00,CE,NIFTY2561925100CE,287.95,298.70,247.10,256.85,256.85,237.80,25103.20,256.85,399225,196050,24666,46924575063.75,15552,F1,75,,,,,
2025-06-09,2025-06-09,FO,NSE,IDO,51035,,NIFTY,,2025-06-19,2025-06-19,25600.00,CE,NIFTY2561925600CE,81.10,89.75,65.60,69.40,71.80,65.50,25103.20,69.40,364875,138225,17445,33592364730.00,11811,F1,75,,,,,
2025-06-09,2025-06-09,FO,NSE,IDO,62061,,NIFTY,,2025-06-26,2025-06-26,20400.00,CE,NIFTY25JUN20400CE,0.00,0.00,0.00,3793.10,3787.65,3793.10,25103.20,4759.95,525,0,0,0.00,0,F1,75,,,,,
2025-06-09,2025-06-09,FO,NSE,IDO,62105,,NIFTY,,2025-06-26,2025-06-26,21050.00,CE,NIFTY25JUN21050CE,0.00,0.00,0.00,3750.25,3750.25,3750.25,25103.20,4111.75,675,0,0,0.00,0,F1,75,,,,,
2025-06-09,2025-06-09,FO,NSE,IDO,62133,,NIFTY,,2025-06-26,2025-06-26,21250.00,CE,NIFTY25JUN21250CE,0.00,0.00,0.00,3712.50,3712.50,3712.50,25103.20,3912.30,825,0,0,0.00,0,F1,75,,,,,
2025-06-09,2025-06-09,FO,NSE,IDO,62145,,NIFTY,,2025-06-26,2025-06-26,21550.00,CE,NIFTY25JUN21550CE,0.00,0.00,0.00,3417.60,3417.60,3417.60,25103.20,3613.15,1575,0,0,0.00,0,F1,75,,,,,
2025-06-09,2025-06-09,FO,NSE,IDO,62161,,NIFTY,,2025-06-26,2025-06-26,21750.00,CE,NIFTY25JUN21750CE,0.00,0.00,0.00,2899.20,2899.20,2899.20,25103.20,3413.70,1650,0,0,0.00,0,F1,75,,,,,
2025-06-09,2025-06-09,FO,NSE,IDO,62163,,NIFTY,,2025-06-26,2025-06-26,21800.00,CE,NIFTY25JUN21800CE,0.00,0.00,0.00,3312.15,3312.15,3312.15,25103.20,3363.85,3975,0,0,0.00,0,F1,75,,,,,
2025-06-09,2025-06-09,FO,NSE,IDO,62173,,NIFTY,,2025-06-26,2025-06-26,22050.00,CE,NIFTY25JUN22050CE,0.00,0.00,0.00,2603.75,2603.75,2603.75,25103.20,3114.60,2250,0,0,0.00,0,F1,75,,,,,
2025-06-09,2025-06-09,FO,NSE,IDO,62199,,NIFTY,,2025-06-26,2025-06-26,22500.00,CE,NIFTY25JUN22500CE,2685.00,2695.75,2650.00,2678.60,2681.70,2592.45,25103.20,2678.60,298350,-9450,207,390790027.50,88,F1,75,,,,,
2025-06-09,2025-06-09,FO,NSE,IDO,62259,,NIFTY,,2025-06-26,2025-06-26,22950.00,CE,NIFTY25JUN22950CE,0.00,0.00,0.00,1940.50,1940.35,1940.50,25103.20,2218.90,2625,0,0,0.00,0,F1,75,,,,,
2025-06-09,2025-06-09,FO,NSE,IDO,62345,,NIFTY,,2025-06-26,2025-06-26,23850.00,CE,NIFTY25JUN23850CE,0.00,0.00,0.00,1280.25,1280.25,1280.25,25103.20,1349.00,5325,0,0,0.00,0,F1,75,,,,,
2025-06-09,2025-06-09,FO,NSE,IDO,62359,,NIFTY,,2025-06-26,2025-06-26,24200.00,CE,NIFTY25JUN24200CE,1059.95,1061.50,1015.00,1030.80,1035.25,971.05,25103.20,1030.80,86250,-4875,189,357772215.00,114,F1,75,,,,,
2025-06-09,2025-06-09,FO,NSE,IDO,62387,,NIFTY,,2025-06-26,2025-06-26,24800.00,CE,NIFTY25JUN24800CE,525.70,578.30,525.70,544.50,540.45,506.40,25103.20,544.50,1431375,-70575,10929,20777934975.00,4265,F1,75,,,,,
2025-06-09,2025-06-09,FO,NSE,IDO,62401,,NIFTY,,2025-06-26,2025-06-26,25100.00,CE,NIFTY25JUN25100CE,359.00,399.40,343.45,352.10,352.35,327.10,25103.20,352.10,843975,178725,23286,44464805302.50,12192,F1,75,,,,,
2025-06-09,2025-06-09,FO,NSE,IDO,62415,,NIFTY,,2025-06-26,2025-06-26,25350.00,CE,NIFTY25JUN25350CE,242.80,252.05,221.90,226.10,227.65,210.95,25103.20,226.10,82725,10875,1596,3062310870.00,915,F1,75,,,,,
2025-06-09,2025-06-09,FO,NSE,IDO,62475,,NIFTY,,2025-06-26,2025-06-26,26550.00,CE,NIFTY25JUN26550CE,12.00,14.80,11.40,11.80,12.10,11.95,25103.20,11.80,44100,-1875,439,874565235.00,323,F1,75,,,,,
2025-06-09,2025-06-09,FO,NSE,IDO,35219,,NIFTY,,2025-06-26,2025-06-26,30000.00,CE,NIFTY25JUN30000CE,2.50,2.50,2.15,2.35,2.30,2.50,25103.20,2.35,3549075,18225,5333,12000162412.50,806,F1,75,,,,,
2025-06-09,2025-06-09,FO,NSE,IDO,56347,,NIFTY,,2025-07-03,2025-07-03,23900.00,CE,NIFTY2570323900CE,0.00,0.00,0.00,1124.80,0.00,1124.80,25103.20,1357.15,0,0,0,0.00,0,F1,75,,,,,
2025-06-09,2025-06-09,FO,NSE,IDO,56441,,NIFTY,,2025-07-03,2025-07-03,24200.00,CE,NIFTY2570324200CE,0.00,0.00,0.00,920.35,0.00,920.35,25103.20,1103.15,0,0,0,0.00,0,F1,75,,,,,
2025-06-09,2025-06-09,FO,NSE,IDO,56474,,NIFTY,,2025-07-03,2025-07-03,24400.00,CE,NIFTY2570324400CE,0.00,0.00,0.00,786.60,786.60,786.60,25103.20,945.90,0,0,0,0.00,0,F1,75,,,,,
2025-06-09,2025-06-09,FO,NSE,IDO,56612,,NIFTY,,2025-07-03,2025-07-03,24850.00,CE,NIFTY2570324850CE,585.00,585.00,578.00,578.00,578.00,525.00,25103.20,635.65,450,-75,4,7629975.00,2,F1,75,,,,,
2025-06-09,2025-06-09,FO,NSE,IDO,56733,,NIFTY,,2025-07-03,2025-07-03,25150.00,CE,NIFTY2570325150CE,428.00,428.00,383.20,397.00,399.70,348.10,25103.20,397.00,1350,600,29,55569187.50,24,F1,75,,,,,
2025-06-09,2025-06-09,FO,NSE,IDO,56741,,NIFTY,,2025-07-03,2025-07-03,25250.00,CE,NIFTY2570325250CE,330.40,368.05,330.40,348.65,348.65,318.15,25103.20,348.65,600,0,13,24958942.50,11,F1,75,,,,,
2025-06-09,2025-06-09,FO,NSE,IDO,56085,,NIFTY,,2025-07-03,2025-07-03,23150.00,CE,NIFTY2570323150CE,0.00,0.00,0.00,1722.25,0.00,1722.25,25103.20,2055.00,0,0,0,0.00,0,F1,75,,,,,
2025-06-09,2025-06-09,FO,NSE,IDO,56699,,NIFTY,,2025-07-03,2025-07-03,25000.00,CE,NIFTY2570325000CE,499.95,510.00,476.70,483.95,482.35,452.60,25103.20,483.95,55275,2250,570,1089778267.50,424,F1,75,,,,,
2025-06-09,2025-06-09,FO,NSE,IDO,39884,,NIFTY,,2025-07-10,2025-07-10,23350.00,CE,NIFTY2571023350CE,0.00,0.00,0.00,1617.50,0.00,1617.50,25103.20,1906.75,0,0,0,0.00,0,F1,75,,,,,
2025-06-09,2025-06-09,FO,NSE,IDO,39890,,NIFTY,,2025-07-10,2025-07-10,23400.00,CE,NIFTY2571023400CE,0.00,0.00,0.00,1573.90,0.00,1573.90,25103.20,1860.30,0,0,0,0.00,0,F1,75,,,,,
2025-06-09,2025-06-09,FO,NSE,IDO,39900,,NIFTY,,2025-07-10,2025-07-10,23550.00,CE,NIFTY2571023550CE,0.00,0.00,0.00,1445.55,0.00,1445.55,25103.20,1722.80,0,0,0,0.00,0,F1,75,,,,,
2025-06-09,2025-06-09,FO,NSE,IDO,39922,,NIFTY,,2025-07-10,2025-07-10,23850.00,CE,NIFTY2571023850CE,0.00,0.00,0.00,1201.95,0.00,1201.95,25103.20,1457.30,0,0,0,0.00,0,F1,75,,,,,
2025-06-09,2025-06-09,FO,NSE,IDO,40040,,NIFTY,,2025-07-10,2025-07-10,25350.00,CE,NIFTY2571025350CE,0.00,0.00,0.00,339.05,0.00,339.05,25103.20,447.25,0,0,0,0.00,0,F1,75,,,,,
2025-06-09,2025-06-09,FO,NSE,IDO,40042,,NIFTY,,2025-07-10,2025-07-10,25400.00,CE,NIFTY2571025400CE,324.35,340.85,324.35,340.85,340.85,321.50,25103.20,425.10,225,225,3,5789617.50,3,F1,75,,,,,
2025-06-09,2025-06-09,FO,NSE,IDO,40070,,NIFTY,,2025-07-10,2025-07-10,25750.00,CE,NIFTY2571025750CE,0.00,0.00,0.00,216.85,0.00,216.85,25103.20,290.90,0,0,0,0.00,0,F1,75,,,,,
2025-06-09,2025-06-09,FO,NSE,IDO,40106,,NIFTY,,2025-07-10,2025-07-10,26300.00,CE,NIFTY2571026300CE,0.00,0.00,0.00,108.40,0.00,108.40,25103.20,147.55,0,0,0,0.00,0,F1,75,,,,,
2025-06-09,2025-06-09,FO,NSE,IDO,40144,,NIFTY,,2025-07-10,2025-07-10,26750.00,CE,NIFTY2571026750CE,57.00,57.00,23.65,32.00,32.00,57.20,25103.20,32.00,2025,2025,56,112486578.75,19,F1,75,,,,,
2025-06-09,2025-06-09,FO,NSE,IDO,55727,,NIFTY,,2025-07-31,2025-07-31,23300.00,CE,NIFTY25JUL23300CE,0.00,0.00,0.00,2002.80,1995.55,2002.80,25103.20,2080.45,975,0,0,0.00,0,F1,75,,,,,
2025-06-09,2025-06-09,FO,NSE,IDO,55729,,NIFTY,,2025-07-31,2025-07-31,23350.00,CE,NIFTY25JUL23350CE,0.00,0.00,0.00,1951.60,1951.60,1951.60,25103.20,2036.30,975,0,0,0.00,0,F1,75,,,,,
2025-06-09,2025-06-09,FO,NSE,IDO,55733,,NIFTY,,2025-07-31,2025-07-31,23450.00,CE,NIFTY25JUL23450CE,1896.45,1896.45,1896.45,1896.45,1896.45,1859.65,25103.20,1948.85,975,0,1,1900983.75,1,F1,75,,,,,
2025-06-09,2025-06-09,FO,NSE,IDO,56671,,NIFTY,,2025-07-03,2025-07-03,24900.00,CE,NIFTY2570324900CE,562.40,574.55,540.00,544.00,544.00,510.40,25103.20,605.35,8400,-600,36,68727075.00,34,F1,75,,,,,
2025-06-09,2025-06-09,FO,NSE,IDO,61745,,NIFTY,,2029-12-27,2029-12-27,22000.00,PE,NIFTY29DEC22000PE,0.00,0.00,0.00,373.65,0.00,373.65,25103.20,484.95,0,0,0,0.00,0,F1,75,,,,,
2025-06-09,2025-06-09,FO,NSE,IDO,61411,,NIFTY,,2029-12-27,2029-12-27,20000.00,PE,NIFTY29DEC20000PE,0.00,0.00,0.00,202.30,0.00,202.30,25103.20,268.45,0,0,0,0.00,0,F1,75,,,,,
2025-06-09,2025-06-09,FO,NSE,IDO,61383,,NIFTY,,2029-12-27,2029-12-27,17000.00,PE,NIFTY29DEC17000PE,0.00,0.00,0.00,62.80,0.00,62.80,25103.20,86.80,0,0,0,0.00,0,F1,75,,,,,
2025-06-09,2025-06-09,FO,NSE,IDO,89639,,NIFTY,,2029-06-28,2029-06-28,28000.00,PE,NIFTY29JUN28000PE,0.00,0.00,0.00,1488.10,0.00,1488.10,25103.20,1834.60,0,0,0,0.00,0,F1,75,,,,,
2025-06-09,2025-06-09,FO,NSE,IDO,89625,,NIFTY,,2029-06-28,2029-06-28,21000.00,PE,NIFTY29JUN21000PE,0.00,0.00,0.00,320.25,0.00,320.25,25103.20,361.30,0,0,0,0.00,0,F1,75,,,,,
2025-06-09,2025-06-09,FO,NSE,IDO,86164,,NIFTY,,2028-06-29,2028-06-29,27000.00,PE,NIFTY28JUN27000PE,0.00,0.00,0.00,2752.35,0.00,2752.35,25103.20,1669.70,0,0,0,0.00,0,F1,75,,,,,
2025-06-09,2025-06-09,FO,NSE,IDO,38159,,NIFTY,,2026-12-31,2026-12-31,29000.00,PE,NIFTY26DEC29000PE,0.00,0.00,0.00,5042.25,0.00,5042.25,25103.20,2872.10,0,0,0,0.00,0,F1,75,,,,,
2025-06-09,2025-06-09,FO,NSE,IDO,50548,,NIFTY,,2026-12-31,2026-12-31,28000.00,PE,NIFTY26DEC28000PE,1920.00,2010.05,1920.00,2010.05,2010.05,2139.95,25103.20,2328.35,2475,225,4,8990640.00,4,F1,75,,,,,
2025-06-09,2025-06-09,FO,NSE,IDO,58645,,NIFTY,,2026-12-31,2026-12-31,20000.00,PE,NIFTY26DEC20000PE,242.00,242.00,240.00,241.00,241.00,269.00,25103.20,241.00,12325,-125,3,4554225.00,3,F1,75,,,,,
2025-06-09,2025-06-09,FO,NSE,IDO,58641,,NIFTY,,2026-12-31,2026-12-31,18000.00,PE,NIFTY26DEC18000PE,0.00,0.00,0.00,76.10,76.10,76.10,25103.20,37.25,5175,0,0,0.00,0,F1,75,,,,,
2025-06-09,2025-06-09,FO,NSE,IDO,50557,,NIFTY,,2026-06-25,2026-06-25,18000.00,PE,NIFTY26JUN18000PE,0.00,0.00,0.00,3088.05,0.00,3088.05,25103.20,14.85,0,0,0,0.00,0,F1,75,,,,,
2025-06-09,2025-06-09,FO,NSE,IDO,62955,,NIFTY,,2026-03-26,2026-03-26,30000.00,PE,NIFTY26MAR30000PE,0.00,0.00,0.00,4604.45,0.00,4604.45,25103.20,3919.70,0,0,0,0.00,0,F1,75,,,,,
2025-06-09,2025-06-09,FO,NSE,IDO,64683,,NIFTY,,2025-09-25,2025-09-25,19000.00,PE,NIFTY25SEP19000PE,18.00,20.05,17.75,18.10,18.40,19.75,25103.20,18.10,99825,-75,167,238206195.00,83,F1,75,,,,,
2025-06-09,2025-06-09,FO,NSE,IDO,72317,,NIFTY,,2025-08-28,2025-08-28,26600.00,PE,NIFTY25AUG26600PE,0.00,0.00,0.00,1702.10,0.00,1702.10,25103.20,1516.00,0,0,0,0.00,0,F1,75,,,,,
2025-06-09,2025-06-09,FO,NSE,IDO,72312,,NIFTY,,2025-08-28,2025-08-28,26550.00,PE,NIFTY25AUG26550PE,0.00,0.00,0.00,1665.85,0.00,1665.85,25103.20,1480.50,0,0,0,0.00,0,F1,75,,,,,
2025-06-09,2025-06-09,FO,NSE,IDO,72123,,NIFTY,,2025-08-28,2025-08-28,26300.00,PE,NIFTY25AUG26300PE,0.00,0.00,0.00,1489.90,0.00,1489.90,25103.20,1309.10,0,0,0,0.00,0,F1,75,,,,,
2025-06-09,2025-06-09,FO,NSE,IDO,72116,,NIFTY,,2025-08-28,2025-08-28,26150.00,PE,NIFTY25AUG26150PE,0.00,0.00,0.00,1388.85,0.00,1388.85,25103.20,1211.25,0,0,0,0.00,0,F1,75,,,,,
2025-06-09,2025-06-09,FO,NSE,IDO,72043,,NIFTY,,2025-08-28,2025-08-28,25350.00,PE,NIFTY25AUG25350PE,0.00,0.00,0.00,911.95,0.00,911.95,25103.20,758.15,0,0,0,0.00,0,F1,75,,,,,
2025-06-09,2025-06-09,FO,NSE,IDO,71961,,NIFTY,,2025-08-28,2025-08-28,24650.00,PE,NIFTY25AUG24650PE,0.00,0.00,0.00,587.00,0.00,587.00,25103.20,461.75,0,0,0,0.00,0,F1,75,,,,,
2025-06-09,2025-06-09,FO,NSE,IDO,71949,,NIFTY,,2025-08-28,2025-08-28,24350.00,PE,NIFTY25AUG24350PE,0.00,0.00,0.00,474.55,0.00,474.55,25103.20,362.95,0,0,0,0.00,0,F1,75,,,,,
2025-06-09,2025-06-09,FO,NSE,IDO,71937,,NIFTY,,2025-08-28,2025-08-28,24100.00,PE,NIFTY25AUG24100PE,227.20,228.90,219.70,228.90,228.90,433.60,25103.20,228.90,375,300,6,10946778.75,5,F1,75,,,,,
2025-06-09,2025-06-09,FO,NSE,IDO,71929,,NIFTY,,2025-08-28,2025-08-28,23900.00,PE,NIFTY25AUG23900PE,196.00,200.80,189.15,199.55,199.55,213.10,25103.20,244.60,3900,2025,36,65063411.25,25,F1,75,,,,,
2025-06-09,2025-06-09,FO,NSE,IDO,71915,,NIFTY,,2025-08-28,2025-08-28,23650.00,PE,NIFTY25AUG23650PE,0.00,0.00,0.00,271.85,0.00,271.85,25103.20,192.60,0,0,0,0.00,0,F1,75,,,,,
2025-06-09,2025-06-09,FO,NSE,IDO,71913,,NIFTY,,2025-08-28,2025-08-28,23600.00,PE,NIFTY25AUG23600PE,150.05,156.00,146.50,146.95,147.05,158.50,25103.20,146.95,6075,1050,54,96186225.00,32,F1,75,,,,,
2025-06-09,2025-06-09,FO,NSE,IDO,71863,,NIFTY,,2025-08-28,2025-08-28,23450.00,PE,NIFTY25AUG23450PE,0.00,0.00,0.00,227.80,0.00,227.80,25103.20,157.35,0,0,0,0.00,0,F1,75,,,,,
2025-06-09,2025-06-09,FO,NSE,IDO,71844,,NIFTY,,2025-08-28,2025-08-28,23050.00,PE,NIFTY25AUG23050PE,0.00,0.00,0.00,156.00,0.00,156.00,25103.20,101.95,0,0,0,0.00,0,F1,75,,,,,
2025-06-09,2025-06-09,FO,NSE,IDO,55866,,NIFTY,,2025-07-31,2025-07-31,26400.00,PE,NIFTY25JUL26400PE,0.00,0.00,0.00,1260.95,1260.95,1260.95,25103.20,1329.10,1350,0,0,0.00,0,F1,75,,,,,
2025-06-09,2025-06-09,FO,NSE,IDO,55766,,NIFTY,,2025-07-31,2025-07-31,24200.00,PE,NIFTY25JUL24200PE,226.05,226.05,145.00,175.95,174.35,205.50,25103.20,175.95,128175,66375,2016,3686222021.25,828,F1,75,,,,,
2025-06-09,2025-06-09,FO,NSE,IDO,55678,,NIFTY,,2025-07-31,2025-07-31,22400.00,PE,NIFTY25JUL22400PE,35.00,35.00,26.70,27.80,27.65,32.80,25103.20,27.80,108225,-6000,831,1397854578.75,598,F1,75,,,,,
2025-06-09,2025-06-09,FO,NSE,IDO,55674,,NIFTY,,2025-07-31,2025-07-31,22300.00,PE,NIFTY25JUL22300PE,27.45,28.95,23.75,25.75,26.00,29.25,25103.20,25.75,167925,-5700,402,673128371.25,192,F1,75,,,,,
2025-06-09,2025-06-09,FO,NSE,IDO,55672,,NIFTY,,2025-07-31,2025-07-31,22250.00,PE,NIFTY25JUL22250PE,23.55,27.95,23.50,25.10,24.80,29.05,25103.20,25.10,160800,1200,272,454424853.75,115,F1,75,,,,,
2025-06-09,2025-06-09,FO,NSE,IDO,40107,,NIFTY,,2025-07-10,2025-07-10,26300.00,PE,NIFTY2571026300PE,0.00,0.00,0.00,1492.35,0.00,1492.35,25103.20,1207.15,0,0,0,0.00,0,F1,75,,,,,
2025-06-09,2025-06-09,FO,NSE,IDO,40077,,NIFTY,,2025-07-10,2025-07-10,25900.00,PE,NIFTY2571025900PE,0.00,0.00,0.00,1167.75,0.00,1167.75,25103.20,905.80,0,0,0,0.00,0,F1,75,,,,,
2025-06-09,2025-06-09,FO,NSE,IDO,40037,,NIFTY,,2025-07-10,2025-07-10,25250.00,PE,NIFTY2571025250PE,0.00,0.00,0.00,716.75,0.00,716.75,25103.20,509.00,0,0,0,0.00,0,F1,75,,,,,
2025-06-09,2025-06-09,FO,NSE,IDO,40023,,NIFTY,,2025-07-10,2025-07-10,25100.00,PE,NIFTY2571025100PE,362.25,369.85,351.00,364.15,363.95,401.00,25103.20,364.15,2475,1575,45,85924417.50,30,F1,75,,,,,
2025-06-09,2025-06-09,FO,NSE,IDO,40001,,NIFTY,,2025-07-10,2025-07-10,24750.00,PE,NIFTY2571024750PE,0.00,0.00,0.00,363.50,363.50,363.50,25103.20,292.20,75,0,0,0.00,0,F1,75,,,,,
2025-06-09,2025-06-09,FO,NSE,IDO,39943,,NIFTY,,2025-07-10,2025-07-10,24100.00,PE,NIFTY2571024100PE,0.00,0.00,0.00,212.00,0.00,212.00,25103.20,119.40,0,0,0,0.00,0,F1,75,,,,,
2025-06-09,2025-06-09,FO,NSE,IDO,39941,,NIFTY,,2025-07-10,2025-07-10,24050.00,PE,NIFTY2571024050PE,0.00,0.00,0.00,199.65,0.00,199.65,25103.20,110.40,0,0,0,0.00,0,F1,75,,,,,
2025-06-09,2025-06-09,FO,NSE,IDO,39851,,NIFTY,,2025-07-10,2025-07-10,23200.00,PE,NIFTY2571023200PE,0.00,0.00,0.00,54.10,0.00,54.10,25103.20,23.30,0,0,0,0.00,0,F1,75,,,,,
2025-06-09,2025-06-09,FO,NSE,IDO,58697,,NIFTY,,2025-07-03,2025-07-03,26300.00,PE,NIFTY2570326300PE,0.00,0.00,0.00,1617.40,0.00,1617.40,25103.20,1193.80,0,0,0,0.00,0,F1,75,,,,,
2025-06-09,2025-06-09,FO,NSE,IDO,58686,,NIFTY,,2025-07-03,2025-07-03,26200.00,PE,NIFTY2570326200PE,0.00,0.00,0.00,1534.20,0.00,1534.20,25103.20,1111.35,0,0,0,0.00,0,F1,75,,,,,
2025-06-09,2025-06-09,FO,NSE,IDO,56924,,NIFTY,,2025-07-03,2025-07-03,25550.00,PE,NIFTY2570325550PE,0.00,0.00,0.00,1036.90,0.00,1036.90,25103.20,638.80,0,0,0,0.00,0,F1,75,,,,,
2025-06-09,2025-06-09,FO,NSE,IDO,56887,,NIFTY,,2025-07-03,2025-07-03,25500.00,PE,NIFTY2570325500PE,612.30,612.30,513.50,524.40,524.10,597.40,25103.20,524.40,11025,5925,168,328180706.25,90,F1,75,,,,,
2025-06-09,2025-06-09,FO,NSE,IDO,56086,,NIFTY,,2025-07-03,2025-07-03,23150.00,PE,NIFTY2570323150PE,0.00,0.00,0.00,86.05,0.00,86.05,25103.20,10.95,0,0,0,0.00,0,F1,75,,,,,
2025-06-09,2025-06-09,FO,NSE,IDO,55984,,NIFTY,,2025-07-03,2025-07-03,22900.00,PE,NIFTY2570322900PE,16.00,18.80,14.20,15.05,15.05,18.40,25103.20,15.05,11325,-525,27,46405612.50,17,F1,75,,,,,
2025-06-09,2025-06-09,FO,NSE,IDO,62414,,NIFTY,,2025-06-26,2025-06-26,25300.00,PE,NIFTY25JUN25300PE,365.65,395.75,352.00,365.05,367.75,433.35,25103.20,365.05,213600,70125,4932,9495702630.00,2778,F1,75,,,,,
2025-06-09,2025-06-09,FO,NSE,IDO,62350,,NIFTY,,2025-06-26,2025-06-26,23950.00,PE,NIFTY25JUN23950PE,38.95,41.85,35.65,36.50,36.95,49.35,25103.20,36.50,74625,21900,1150,2069008803.75,773,F1,75,,,,,
2025-06-09,2025-06-09,FO,NSE,IDO,62326,,NIFTY,,2025-06-26,2025-06-26,23400.00,PE,NIFTY25JUN23400PE,17.05,18.65,15.80,16.40,16.75,21.15,25103.20,16.40,239850,-97875,4417,7757404638.75,2466,F1,75,,,,,
2025-06-09,2025-06-09,FO,NSE,IDO,62208,,NIFTY,,2025-06-26,2025-06-26,22700.00,PE,NIFTY25JUN22700PE,9.00,14.80,7.25,8.65,8.70,10.25,25103.20,8.65,175050,-4275,1408,2398028430.00,646,F1,75,,,,,
2025-06-09,2025-06-09,FO,NSE,IDO,62194,,NIFTY,,2025-06-26,2025-06-26,22350.00,PE,NIFTY25JUN22350PE,6.90,7.25,6.60,7.10,7.25,8.05,25103.20,7.10,113850,450,191,320263455.00,103,F1,75,,,,,
2025-06-09,2025-06-09,FO,NSE,IDO,62172,,NIFTY,,2025-06-26,2025-06-26,21950.00,PE,NIFTY25JUN21950PE,5.80,5.95,4.95,5.45,5.55,6.10,25103.20,5.45,6750,225,125,205831575.00,68,F1,75,,,,,
2025-06-09,2025-06-09,FO,NSE,IDO,62138,,NIFTY,,2025-06-26,2025-06-26,21350.00,PE,NIFTY25JUN21350PE,3.95,4.85,3.80,4.30,4.85,4.35,25103.20,4.30,13800,2625,231,369959767.50,92,F1,75,,,,,
2025-06-09,2025-06-09,FO,NSE,IDO,62086,,NIFTY,,2025-06-26,2025-06-26,20800.00,PE,NIFTY25JUN20800PE,3.50,3.75,3.10,3.65,3.65,3.35,25103.20,3.65,7800,225,75,117019072.50,22,F1,75,,,,,
2025-06-09,2025-06-09,FO,NSE,IDO,51078,,NIFTY,,2025-06-19,2025-06-19,26500.00,PE,NIFTY2561926500PE,0.00,0.00,0.00,1454.50,1454.50,1454.50,25103.20,1362.75,600,0,0,0.00,0,F1,75,,,,,
2025-06-09,2025-06-09,FO,NSE,IDO,51018,,NIFTY,,2025-06-19,2025-06-19,25150.00,PE,NIFTY2561925150PE,283.70,283.70,225.80,234.40,235.10,301.40,25103.20,234.40,104925,95100,10114,19261221393.75,6799,F1,75,,,,,
2025-06-09,2025-06-09,FO,NSE,IDO,50954,,NIFTY,,2025-06-19,2025-06-19,23950.00,PE,NIFTY2561923950PE,23.70,23.70,13.45,14.40,14.70,24.10,25103.20,14.40,34800,8850,2077,3733141796.25,1321,F1,75,,,,,
2025-06-09,2025-06-09,FO,NSE,IDO,50860,,NIFTY,,2025-06-19,2025-06-19,23050.00,PE,NIFTY2561923050PE,5.80,5.80,3.60,3.85,4.00,5.80,25103.20,3.85,3000,-600,302,522178908.75,196,F1,75,,,,,
2025-06-09,2025-06-09,FO,NSE,IDO,50852,,NIFTY,,2025-06-19,2025-06-19,22900.00,PE,NIFTY2561922900PE,3.20,4.00,2.95,3.25,3.40,4.90,25103.20,3.25,88425,54450,1894,3253405571.25,1015,F1,75,,,,,
2025-06-09,2025-06-09,FO,NSE,IDO,44869,,NIFTY,,2025-06-12,2025-06-12,25050.00,PE,NIFTY2561225050PE,128.35,145.65,103.20,108.65,107.10,177.05,25103.20,108.65,1514400,527400,596425,1125840795900.00,372995,F1,75,,,,,
2025-06-09,2025-06-09,FO,NSE,IDO,44797,,NIFTY,,2025-06-12,2025-06-12,23800.00,PE,NIFTY2561223800PE,4.80,4.80,2.15,2.60,2.65,5.40,25103.20,2.60,3766875,-112125,261810,467381713518.75,55033,F1,75,,,,,
2025-06-09,2025-06-09,FO,NSE,IDO,44777,,NIFTY,,2025-06-12,2025-06-12,23450.00,PE,NIFTY2561223450PE,2.70,2.70,1.30,1.85,2.00,3.00,25103.20,1.85,203700,-64350,20851,36674334480.00,5425,F1,75,,,,,
2025-06-09,2025-06-09,FO,NSE,IDO,44775,,NIFTY,,2025-06-12,2025-06-12,23400.00,PE,NIFTY2561223400PE,2.20,2.25,1.25,1.80,1.90,2.85,25103.20,1.80,880050,-429525,70066,122974016628.75,14781,F1,75,,,,,
2025-06-09,2025-06-09,FO,NSE,IDO,44773,,NIFTY,,2025-06-12,2025-06-12,23350.00,PE,NIFTY2561223350PE,2.00,2.10,1.15,1.70,1.75,2.65,25103.20,1.70,134250,-79425,16773,29375558535.00,4679,F1,75,,,,,
2025-06-09,2025-06-09,FO,NSE,IDO,61858,,NIFTY,,2029-12-27,2029-12-27,28000.00,CE,NIFTY29DEC28000CE,0.00,0.00,0.00,5741.50,0.00,5741.50,25103.20,5694.90,0,0,0,0.00,0,F1,75,,,,,
2025-06-09,2025-06-09,FO,NSE,IDO,61390,,NIFTY,,2029-12-27,2029-12-27,18000.00,CE,NIFTY29DEC18000CE,0.00,0.00,0.00,11362.40,0.00,11362.40,25103.20,11637.15,0,0,0,0.00,0,F1,75,,,,,
2025-06-09,2025-06-09,FO,NSE,IDO,67794,,NIFTY,,2028-12-28,2028-12-28,30000.00,CE,NIFTY28DEC30000CE,0.00,0.00,0.00,3293.05,0.00,3293.05,25103.20,3693.10,0,0,0,0.00,0,F1,75,,,,,
2025-06-09,2025-06-09,FO,NSE,IDO,67784,,NIFTY,,2028-12-28,2028-12-28,25000.00,CE,NIFTY28DEC25000CE,0.00,0.00,0.00,5350.40,0.00,5350.40,25103.20,6074.40,0,0,0,0.00,0,F1,75,,,,,
2025-06-09,2025-06-09,FO,NSE,IDO,53599,,NIFTY,,2027-12-30,2027-12-30,17000.00,CE,NIFTY27DEC17000CE,0.00,0.00,0.00,6805.50,0.00,6805.50,25103.20,10627.80,0,0,0,0.00,0,F1,75,,,,,
2025-06-09,2025-06-09,FO,NSE,IDO,35229,,NIFTY,,2026-06-25,2026-06-25,30000.00,CE,NIFTY26JUN30000CE,0.00,0.00,0.00,788.00,0.00,788.00,25103.20,725.95,0,0,0,0.00,0,F1,75,,,,,
2025-06-09,2025-06-09,FO,NSE,IDO,50545,,NIFTY,,2026-06-25,2026-06-25,28000.00,CE,NIFTY26JUN28000CE,0.00,0.00,0.00,1533.95,0.00,1533.95,25103.20,1277.65,0,0,0,0.00,0,F1,75,,,,,
2025-06-09,2025-06-09,FO,NSE,IDO,71472,,NIFTY,,2026-06-25,2026-06-25,24000.00,CE,NIFTY26JUN24000CE,0.00,0.00,0.00,2900.00,2900.00,2900.00,25103.20,3276.15,3600,0,0,0.00,0,F1,75,,,,,
2025-06-09,2025-06-09,FO,NSE,IDO,39987,,NIFTY,,2025-12-24,2025-12-24,19000.00,CE,NIFTY25DEC19000CE,0.00,0.00,0.00,6200.00,6200.00,6200.00,25103.20,6733.70,7025,0,0,0.00,0,F1,75,,,,,
2025-06-09,2025-06-09,FO,NSE,IDO,55121,,NIFTY,,2025-12-24,2025-12-24,18000.00,CE,NIFTY25DEC18000CE,0.00,0.00,0.00,7491.25,7491.25,7491.25,25103.20,7696.25,11025,0,0,0.00,0,F1,75,,,,,
2025-06-09,2025-06-09,FO,NSE,IDO,72322,,NIFTY,,2025-08-28,2025-08-28,26650.00,CE,NIFTY25AUG26650CE,0.00,0.00,0.00,359.65,0.00,359.65,25103.20,362.45,0,0,0,0.00,0,F1,75,,,,,
2025-06-09,2025-06-09,FO,NSE,IDO,72164,,NIFTY,,2025-08-28,2025-08-28,26500.00,CE,NIFTY25AUG26500CE,244.95,249.10,232.85,235.95,237.05,224.00,25103.20,235.95,127800,18300,820,1644480382.50,568,F1,75,,,,,
2025-06-09,2025-06-09,FO,NSE,IDO,72106,,NIFTY,,2025-08-28,2025-08-28,25950.00,CE,NIFTY25AUG25950CE,441.15,441.15,441.15,441.15,441.15,567.95,25103.20,588.10,75,75,1,1979336.25,1,F1,75,,,,,
2025-06-09,2025-06-09,FO,NSE,IDO,71992,,NIFTY,,2025-08-28,2025-08-28,25200.00,CE,NIFTY25AUG25200CE,780.25,790.50,775.00,779.60,779.15,880.95,25103.20,779.60,2400,2400,48,93544451.25,18,F1,75,,,,,
2025-06-09,2025-06-09,FO,NSE,IDO,71974,,NIFTY,,2025-08-28,2025-08-28,25000.00,CE,NIFTY25AUG25000CE,899.30,919.95,894.00,902.00,901.90,856.70,25103.20,902.00,121200,6975,590,1146330937.50,420,F1,75,,,,,
2025-06-09,2025-06-09,FO,NSE,IDO,71946,,NIFTY,,2025-08-28,2025-08-28,24300.00,CE,NIFTY25AUG24300CE,0.00,0.00,0.00,1388.75,0.00,1388.75,25103.20,1477.15,0,0,0,0.00,0,F1,75,,,,,
2025-06-09,2025-06-09,FO,NSE,IDO,71936,,NIFTY,,2025-08-28,2025-08-28,24100.00,CE,NIFTY25AUG24100CE,0.00,0.00,0.00,1520.90,0.00,1520.90,25103.20,1620.45,0,0,0,0.00,0,F1,75,,,,,
2025-06-09,2025-06-09,FO,NSE,IDO,71934,,NIFTY,,2025-08-28,2025-08-28,24050.00,CE,NIFTY25AUG24050CE,0.00,0.00,0.00,1555.00,0.00,1555.00,25103.20,1657.15,0,0,0,0.00,0,F1,75,,,,,
2025-06-09,2025-06-09,FO,NSE,IDO,71862,,NIFTY,,2025-08-28,2025-08-28,23450.00,CE,NIFTY25AUG23450CE,0.00,0.00,0.00,1995.25,0.00,1995.25,25103.20,2125.05,0,0,0,0.00,0,F1,75,,,,,
2025-06-09,2025-06-09,FO,NSE,IDO,71858,,NIFTY,,2025-08-28,2025-08-28,23400.00,CE,NIFTY25AUG23400CE,0.00,0.00,0.00,2034.30,0.00,2034.30,25103.20,2166.40,0,0,0,0.00,0,F1,75,,,,,
2025-06-09,2025-06-09,FO,NSE,IDO,71841,,NIFTY,,2025-08-28,2025-08-28,23000.00,CE,NIFTY25AUG23000CE,0.00,0.00,0.00,2358.50,0.00,2358.50,25103.20,2507.95,0,0,0,0.00,0,F1,75,,,,,
2025-06-09,2025-06-09,FO,NSE,IDO,55855,,NIFTY,,2025-07-31,2025-07-31,26150.00,CE,NIFTY25JUL26150CE,202.60,211.05,200.65,200.65,200.65,198.45,25103.20,329.80,4950,1275,74,146276756.25,31,F1,75,,,,,
2025-06-09,2025-06-09,FO,NSE,IDO,55835,,NIFTY,,2025-07-31,2025-07-31,25700.00,CE,NIFTY25JUL25700CE,369.95,376.95,351.15,357.75,357.05,335.60,25103.20,357.75,50625,13425,558,1090663845.00,311,F1,75,,,,,
2025-06-09,2025-06-09,FO,NSE,IDO,55809,,NIFTY,,2025-07-31,2025-07-31,25250.00,CE,NIFTY25JUL25250CE,591.95,592.00,566.00,566.00,566.00,537.85,25103.20,686.00,6375,600,61,118172692.50,34,F1,75,,,,,
2025-06-09,2025-06-09,FO,NSE,IDO,55797,,NIFTY,,2025-07-31,2025-07-31,24950.00,CE,NIFTY25JUL24950CE,736.50,746.15,736.50,746.15,746.15,712.90,25103.20,847.10,3600,-225,6,11560852.50,5,F1,75,,,,,
2025-06-09,2025-06-09,FO,NSE,IDO,55785,,NIFTY,,2025-07-31,2025-07-31,24650.00,CE,NIFTY25JUL24650CE,0.00,0.00,0.00,904.10,903.00,904.10,25103.20,1029.70,3150,0,0,0.00,0,F1,75,,,,,
2025-06-09,2025-06-09,FO,NSE,IDO,55779,,NIFTY,,2025-07-31,2025-07-31,24500.00,CE,NIFTY25JUL24500CE,1060.00,1086.65,1049.00,1062.40,1064.00,1010.35,25103.20,1062.40,331725,-1425,1331,2551976490.00,778,F1,75,,,,,
2025-06-09,2025-06-09,FO,NSE,IDO,55773,,NIFTY,,2025-07-31,2025-07-31,24350.00,CE,NIFTY25JUL24350CE,1169.70,1198.70,1169.70,1191.65,1191.65,1121.20,25103.20,1232.95,1200,0,3,5745753.75,3,F1,75,,,,,
2025-06-09,2025-06-09,FO,NSE,IDO,55759,,NIFTY,,2025-07-31,2025-07-31,24050.00,CE,NIFTY25JUL24050CE,0.00,0.00,0.00,1353.55,1353.55,1353.55,25103.20,1455.60,1200,0,0,0.00,0,F1,75,,,,,
2025-06-09,2025-06-09,FO,NSE,IDO,55735,,NIFTY,,2025-07-31,2025-07-31,23500.00,CE,NIFTY25JUL23500CE,1890.05,1906.00,1870.00,1882.20,1880.00,1815.10,25103.20,1882.20,66075,2400,78,148511208.75,55,F1,75,,,,,
2025-06-09,2025-06-09,FO,NSE,IDF,56785,,NIFTY,,2025-06-26,2025-06-26,,,NIFTY25JUNFUT,25205.00,25234.00,25147.40,25181.80,25185.00,25096.30,25103.20,25181.80,11925600,-255000,45853,86606786422.50,31397,F1,75,,,,,
2025-06-09,2025-06-09,FO,NSE,IDO,44734,,NIFTY,,2025-06-12,2025-06-12,22650.00,CE,NIFTY2561222650CE,0.00,0.00,0.00,2158.35,2158.35,2158.35,25103.20,2464.35,450,0,0,0.00,0,F1,75,,,,,
2025-06-09,2025-06-09,FO,NSE,IDO,44744,,NIFTY,,2025-06-12,2025-06-12,22800.00,CE,NIFTY2561222800CE,2300.00,2300.00,2300.00,2300.00,2300.00,1979.75,25103.20,2314.40,2625,-75,1,1882500.00,1,F1,75,,,,,
2025-06-09,2025-06-09,FO,NSE,IDO,44756,,NIFTY,,2025-06-12,2025-06-12,22950.00,CE,NIFTY2561222950CE,0.00,0.00,0.00,1835.50,1835.50,1835.50,25103.20,2164.50,750,0,0,0.00,0,F1,75,,,,,
2025-06-09,2025-06-09,FO,NSE,IDO,44758,,NIFTY,,2025-06-12,2025-06-12,23000.00,CE,NIFTY2561223000CE,2120.00,2140.00,2090.00,2110.00,2110.00,2023.55,25103.20,2110.00,116775,-2175,86,161909572.50,22,F1,75,,,,,
2025-06-09,2025-06-09,FO,NSE,IDO,44766,,NIFTY,,2025-06-12,2025-06-12,23200.00,CE,NIFTY2561223200CE,1900.00,1910.00,1895.55,1910.00,1910.00,1821.20,25103.20,1914.60,1875,-225,5,9413336.25,5,F1,75,,,,,
2025-06-09,2025-06-09,FO,NSE,IDO,44778,,NIFTY,,2025-06-12,2025-06-12,23500.00,CE,NIFTY2561223500CE,1622.55,1638.30,1583.15,1608.00,1604.65,1529.55,25103.20,1608.00,58725,-4650,206,387948900.00,183,F1,75,,,,,
2025-06-09,2025-06-09,FO,NSE,IDO,44792,,NIFTY,,2025-06-12,2025-06-12,23700.00,CE,NIFTY2561223700CE,1406.00,1436.00,1400.00,1403.20,1403.20,1327.70,25103.20,1414.85,10125,-1125,27,50859671.25,20,F1,75,,,,,
2025-06-09,2025-06-09,FO,NSE,IDO,44840,,NIFTY,,2025-06-12,2025-06-12,24550.00,CE,NIFTY2561224550CE,579.95,604.20,551.85,572.15,574.35,509.95,25103.20,572.15,197175,-6825,730,1375808846.25,554,F1,75,,,,,
2025-06-09,2025-06-09,FO,NSE,IDO,44884,,NIFTY,,2025-06-12,2025-06-12,25400.00,CE,NIFTY2561225400CE,47.00,63.80,31.85,36.10,36.00,39.75,25103.20,36.10,5723025,2599050,875472,1670632037595.00,400140,F1,75,,,,,
2025-06-09,2025-06-09,FO,NSE,IDO,44888,,NIFTY,,2025-06-12,2025-06-12,25500.00,CE,NIFTY2561225500CE,35.00,41.80,19.30,22.20,22.25,24.90,25103.20,22.20,9049125,1151250,1425813,2729865466151.25,491638,F1,75,,,,,
2025-06-09,2025-06-09,FO,NSE,IDO,44918,,NIFTY,,2025-06-12,2025-06-12,26150.00,CE,NIFTY2561226150CE,2.25,2.90,1.45,1.65,1.50,2.05,25103.20,1.65,956700,279000,117478,230420785098.75,22197,F1,75,,,,,
2025-06-09,2025-06-09,FO,NSE,IDO,50941,,NIFTY,,2025-06-19,2025-06-19,23750.00,CE,NIFTY2561923750CE,0.00,0.00,0.00,1323.05,1323.05,1323.05,25103.20,1397.90,300,0,0,0.00,0,F1,75,,,,,
2025-06-09,2025-06-09,FO,NSE,IDO,50955,,NIFTY,,2025-06-19,2025-06-19,24000.00,CE,NIFTY2561924000CE,1153.00,1186.00,1139.00,1156.80,1158.95,1087.35,25103.20,1156.80,12675,4200,143,269792835.00,109,F1,75,,,,,
2025-06-09,2025-06-09,FO,NSE,IDO,51043,,NIFTY,,2025-06-19,2025-06-19,25700.00,CE,NIFTY2561925700CE,66.20,67.10,46.90,49.80,50.65,48.05,25103.20,49.80,374175,93450,15967,30841904111.25,9684,F1,75,,,,,
2025-06-09,2025-06-09,FO,NSE,IDO,51065,,NIFTY,,2025-06-19,2025-06-19,26250.00,CE,NIFTY2561926250CE,6.60,9.70,5.45,6.10,6.50,6.65,25103.20,6.10,48450,24975,2399,4724296518.75,1398,F1,75,,,,,
2025-06-09,2025-06-09,FO,NSE,IDO,62071,,NIFTY,,2025-06-26,2025-06-26,20600.00,CE,NIFTY25JUN20600CE,0.00,0.00,0.00,4353.70,4353.70,4353.70,25103.20,4560.50,600,0,0,0.00,0,F1,75,,,,,
2025-06-09,2025-06-09,FO,NSE,IDO,62189,,NIFTY,,2025-06-26,2025-06-26,22250.00,CE,NIFTY25JUN22250CE,0.00,0.00,0.00,2849.90,2849.90,2849.90,25103.20,2915.20,4350,0,0,0.00,0,F1,75,,,,,
2025-06-09,2025-06-09,FO,NSE,IDO,62215,,NIFTY,,2025-06-26,2025-06-26,22850.00,CE,NIFTY25JUN22850CE,0.00,0.00,0.00,1947.95,1947.95,1947.95,25103.20,2318.05,2025,0,0,0.00,0,F1,75,,,,,
2025-06-09,2025-06-09,FO,NSE,IDO,62309,,NIFTY,,2025-06-26,2025-06-26,23200.00,CE,NIFTY25JUN23200CE,1990.00,1990.00,1990.00,1990.00,1990.00,1750.00,25103.20,1972.10,58050,-75,1,1889250.00,1,F1,75,,,,,
2025-06-09,2025-06-09,FO,NSE,IDO,62323,,NIFTY,,2025-06-26,2025-06-26,23350.00,CE,NIFTY25JUN23350CE,0.00,0.00,0.00,1416.00,1416.00,1416.00,25103.20,1825.25,6600,0,0,0.00,0,F1,75,,,,,
2025-06-09,2025-06-09,FO,NSE,IDO,71379,,NIFTY,,2025-06-26,2025-06-26,24000.00,CE,NIFTY25JUN24000CE,1225.00,1249.05,1195.30,1215.70,1215.55,1145.90,25103.20,1215.70,1466575,-35150,2559,4840562745.00,1711,F1,75,,,,,
2025-06-09,2025-06-09,FO,NSE,IDO,62407,,NIFTY,,2025-06-26,2025-06-26,25200.00,CE,NIFTY25JUN25200CE,328.95,328.95,289.50,297.55,297.00,276.80,25103.20,297.55,1133325,44175,30215,57798362062.50,15933,F1,75,,,,,
2025-06-09,2025-06-09,FO,NSE,IDO,62423,,NIFTY,,2025-06-26,2025-06-26,25550.00,CE,NIFTY25JUN25550CE,167.10,172.60,146.95,150.80,150.55,142.30,25103.20,150.80,75750,20700,1580,3046250568.75,994,F1,75,,,,,
2025-06-09,2025-06-09,FO,NSE,IDO,62447,,NIFTY,,2025-06-26,2025-06-26,26100.00,CE,NIFTY25JUN26100CE,44.00,49.80,37.50,39.10,40.40,37.55,25103.20,39.10,496725,87675,8202,16081484426.25,5119,F1,75,,,,,
2025-06-09,2025-06-09,FO,NSE,IDO,62465,,NIFTY,,2025-06-26,2025-06-26,26300.00,CE,NIFTY25JUN26300CE,35.00,35.00,20.85,21.85,22.00,21.00,25103.20,21.85,1480800,5100,16152,31888862182.50,7408,F1,75,,,,,
2025-06-09,2025-06-09,FO,NSE,IDO,62473,,NIFTY,,2025-06-26,2025-06-26,26500.00,CE,NIFTY25JUN26500CE,13.60,18.45,12.90,13.50,14.00,13.30,25103.20,13.50,2204025,163875,21817,43385024763.75,10600,F1,75,,,,,
2025-06-09,2025-06-09,FO,NSE,IDO,55983,,NIFTY,,2025-07-03,2025-07-03,22900.00,CE,NIFTY2570322900CE,0.00,0.00,0.00,1942.70,0.00,1942.70,25103.20,2298.65,0,0,0,0.00,0,F1,75,,,,,
2025-06-09,2025-06-09,FO,NSE,IDO,55989,,NIFTY,,2025-07-03,2025-07-03,23000.00,CE,NIFTY2570323000CE,0.00,0.00,0.00,1853.50,0.00,1853.50,25103.20,2200.85,0,0,0,0.00,0,F1,75,,,,,
2025-06-09,2025-06-09,FO,NSE,IDO,55796,,NIFTY,,2025-07-31,2025-07-31,24900.00,PE,NIFTY25JUL24900PE,387.35,387.35,357.00,362.20,362.05,403.30,25103.20,362.20,86025,7800,549,1040328817.50,354,F1,75,,,,,
2025-06-09,2025-06-09,FO,NSE,IDO,55816,,NIFTY,,2025-07-31,2025-07-31,25350.00,PE,NIFTY25JUL25350PE,544.05,560.00,530.75,542.10,542.10,593.55,25103.20,662.30,12675,1350,19,36907323.75,13,F1,75,,,,,
2025-06-09,2025-06-09,FO,NSE,IDO,55830,,NIFTY,,2025-07-31,2025-07-31,25550.00,PE,NIFTY25JUL25550PE,647.95,660.30,647.30,658.15,658.15,699.40,25103.20,770.00,2100,-1125,32,62883461.25,11,F1,75,,,,,
2025-06-09,2025-06-09,FO,NSE,IDO,55856,,NIFTY,,2025-07-31,2025-07-31,26150.00,PE,NIFTY25JUL26150PE,1033.15,1033.15,999.60,999.60,999.60,1072.20,25103.20,1148.10,1425,75,2,4074956.25,2,F1,75,,,,,
2025-06-09,2025-06-09,FO,NSE,IDO,55860,,NIFTY,,2025-07-31,2025-07-31,26250.00,PE,NIFTY25JUL26250PE,0.00,0.00,0.00,1145.80,1145.80,1145.80,25103.20,1218.60,825,0,0,0.00,0,F1,75,,,,,
2025-06-09,2025-06-09,FO,NSE,IDO,55882,,NIFTY,,2025-07-31,2025-07-31,26750.00,PE,NIFTY25JUL26750PE,0.00,0.00,0.00,1548.70,1548.70,1548.70,25103.20,1599.15,675,0,0,0.00,0,F1,75,,,,,
2025-06-09,2025-06-09,FO,NSE,IDO,61859,,NIFTY,,2029-12-27,2029-12-27,28000.00,PE,NIFTY29DEC28000PE,0.00,0.00,0.00,1411.30,0.00,1411.30,25103.20,1743.25,0,0,0,0.00,0,F1,75,,,,,
2025-06-09,2025-06-09,FO,NSE,IDO,67773,,NIFTY,,2028-12-28,2028-12-28,19000.00,PE,NIFTY28DEC19000PE,0.00,0.00,0.00,158.00,0.00,158.00,25103.20,170.25,0,0,0,0.00,0,F1,75,,,,,
2025-06-09,2025-06-09,FO,NSE,IDO,86152,,NIFTY,,2028-06-29,2028-06-29,24000.00,PE,NIFTY28JUN24000PE,0.00,0.00,0.00,1692.75,0.00,1692.75,25103.20,837.10,0,0,0,0.00,0,F1,75,,,,,
2025-06-09,2025-06-09,FO,NSE,IDO,53632,,NIFTY,,2027-12-30,2027-12-30,27000.00,PE,NIFTY27DEC27000PE,0.00,0.00,0.00,2492.45,2492.45,2492.45,25103.20,1735.25,75,0,0,0.00,0,F1,75,,,,,
2025-06-09,2025-06-09,FO,NSE,IDO,53611,,NIFTY,,2027-12-30,2027-12-30,20000.00,PE,NIFTY27DEC20000PE,0.00,0.00,0.00,460.00,460.00,460.00,25103.20,207.95,3950,0,0,0.00,0,F1,75,,,,,
2025-06-09,2025-06-09,FO,NSE,IDO,71550,,NIFTY,,2027-06-24,2027-06-24,19000.00,PE,NIFTY27JUN19000PE,0.00,0.00,0.00,182.10,182.10,182.10,25103.20,104.50,600,0,0,0.00,0,F1,75,,,,,
2025-06-09,2025-06-09,FO,NSE,IDO,35237,,NIFTY,,2026-12-31,2026-12-31,30000.00,PE,NIFTY26DEC30000PE,0.00,0.00,0.00,5003.20,0.00,5003.20,25103.20,3470.90,0,0,0,0.00,0,F1,75,,,,,
2025-06-09,2025-06-09,FO,NSE,IDO,71475,,NIFTY,,2026-06-25,2026-06-25,25000.00,PE,NIFTY26JUN25000PE,851.05,851.05,850.00,850.00,850.00,880.00,25103.20,994.50,4725,2100,28,54285078.75,10,F1,75,,,,,
2025-06-09,2025-06-09,FO,NSE,IDO,37805,,NIFTY,,2026-06-25,2026-06-25,23000.00,PE,NIFTY26JUN23000PE,0.00,0.00,0.00,450.00,450.00,450.00,25103.20,437.20,9450,0,0,0.00,0,F1,75,,,,,
2025-06-09,2025-06-09,FO,NSE,IDO,62929,,NIFTY,,2026-03-26,2026-03-26,26000.00,PE,NIFTY26MAR26000PE,0.00,0.00,0.00,1813.30,0.00,1813.30,25103.20,1355.30,0,0,0,0.00,0,F1,75,,,,,
2025-06-09,2025-06-09,FO,NSE,IDO,62925,,NIFTY,,2026-03-26,2026-03-26,24000.00,PE,NIFTY26MAR24000PE,0.00,0.00,0.00,895.25,0.00,895.25,25103.20,605.85,0,0,0,0.00,0,F1,75,,,,,
2025-06-09,2025-06-09,FO,NSE,IDO,62911,,NIFTY,,2026-03-26,2026-03-26,17000.00,PE,NIFTY26MAR17000PE,0.00,0.00,0.00,5.50,0.00,5.50,25103.20,1.90,0,0,0,0.00,0,F1,75,,,,,
2025-06-09,2025-06-09,FO,NSE,IDO,51452,,NIFTY,,2025-12-24,2025-12-24,21000.00,PE,NIFTY25DEC21000PE,94.00,94.00,85.20,87.45,86.30,94.80,25103.20,87.45,633775,1650,1566,2476915980.00,770,F1,75,,,,,
2025-06-09,2025-06-09,FO,NSE,IDO,64693,,NIFTY,,2025-09-25,2025-09-25,24000.00,PE,NIFTY25SEP24000PE,276.05,276.05,261.00,266.30,265.75,287.30,25103.20,266.30,1080525,40725,3099,5640469635.00,1863,F1,75,,,,,
2025-06-09,2025-06-09,FO,NSE,IDO,72327,,NIFTY,,2025-08-28,2025-08-28,26750.00,PE,NIFTY25AUG26750PE,0.00,0.00,0.00,1814.20,0.00,1814.20,25103.20,1624.75,0,0,0,0.00,0,F1,75,,,,,
2025-06-09,2025-06-09,FO,NSE,IDO,72323,,NIFTY,,2025-08-28,2025-08-28,26650.00,PE,NIFTY25AUG26650PE,0.00,0.00,0.00,1739.80,0.00,1739.80,25103.20,1551.85,0,0,0,0.00,0,F1,75,,,,,
2025-06-09,2025-06-09,FO,NSE,IDO,72121,,NIFTY,,2025-08-28,2025-08-28,26250.00,PE,NIFTY25AUG26250PE,0.00,0.00,0.00,1455.85,0.00,1455.85,25103.20,1276.05,0,0,0,0.00,0,F1,75,,,,,
2025-06-09,2025-06-09,FO,NSE,IDO,72075,,NIFTY,,2025-08-28,2025-08-28,25400.00,PE,NIFTY25AUG25400PE,0.00,0.00,0.00,938.50,0.00,938.50,25103.20,782.85,0,0,0,0.00,0,F1,75,,,,,
2025-06-09,2025-06-09,FO,NSE,IDO,71969,,NIFTY,,2025-08-28,2025-08-28,24850.00,PE,NIFTY25AUG24850PE,0.00,0.00,0.00,670.85,0.00,670.85,25103.20,536.85,0,0,0,0.00,0,F1,75,,,,,
2025-06-09,2025-06-09,FO,NSE,IDO,71959,,NIFTY,,2025-08-28,2025-08-28,24600.00,PE,NIFTY25AUG24600PE,360.80,360.80,341.00,351.55,351.55,379.30,25103.20,351.55,3375,450,22,41159448.75,13,F1,75,,,,,
2025-06-09,2025-06-09,FO,NSE,IDO,44762,,NIFTY,,2025-06-12,2025-06-12,23100.00,CE,NIFTY2561223100CE,0.00,0.00,0.00,1800.00,1800.00,1800.00,25103.20,2014.55,1200,0,0,0.00,0,F1,75,,,,,
2025-06-09,2025-06-09,FO,NSE,IDO,44822,,NIFTY,,2025-06-12,2025-06-12,24200.00,CE,NIFTY2561224200CE,899.60,944.75,886.00,907.10,910.05,838.40,25103.20,907.10,89550,-20325,726,1367452743.75,398,F1,75,,,,,
2025-06-09,2025-06-09,FO,NSE,IDO,44826,,NIFTY,,2025-06-12,2025-06-12,24300.00,CE,NIFTY2561224300CE,830.00,849.70,796.05,813.25,812.30,741.95,25103.20,813.25,85875,-25350,938,1766808090.00,431,F1,75,,,,,
2025-06-09,2025-06-09,FO,NSE,IDO,44872,,NIFTY,,2025-06-12,2025-06-12,25150.00,CE,NIFTY2561225150CE,143.95,158.45,105.85,113.30,112.55,111.80,25103.20,113.30,2857500,1886550,1125954,2134545740463.75,654077,F1,75,,,,,
2025-06-09,2025-06-09,FO,NSE,IDO,44880,,NIFTY,,2025-06-12,2025-06-12,25300.00,CE,NIFTY2561225300CE,88.65,100.00,53.50,58.70,58.75,61.85,25103.20,58.70,4020975,1073175,897480,1707638239976.25,455668,F1,75,,,,,
2025-06-09,2025-06-09,FO,NSE,IDO,44920,,NIFTY,,2025-06-12,2025-06-12,26200.00,CE,NIFTY2561226200CE,1.75,2.50,1.35,1.55,1.45,1.90,25103.20,1.55,3373125,777150,280802,551811715957.50,54086,F1,75,,,,,
2025-06-09,2025-06-09,FO,NSE,IDO,44924,,NIFTY,,2025-06-12,2025-06-12,26300.00,CE,NIFTY2561226300CE,1.50,2.00,1.20,1.40,1.30,1.65,25103.20,1.40,3712125,507750,200687,395876835667.50,36830,F1,75,,,,,
2025-06-09,2025-06-09,FO,NSE,IDO,44932,,NIFTY,,2025-06-12,2025-06-12,26450.00,CE,NIFTY2561226450CE,1.65,8.00,1.15,1.35,1.35,1.55,25103.20,1.35,867750,152625,50515,100214216595.00,10648,F1,75,,,,,
2025-06-09,2025-06-09,FO,NSE,IDO,44934,,NIFTY,,2025-06-12,2025-06-12,26500.00,CE,NIFTY2561226500CE,1.70,1.70,1.10,1.30,1.30,1.55,25103.20,1.30,5733450,-534375,356642,708860948808.75,63257,F1,75,,,,,
2025-06-09,2025-06-09,FO,NSE,IDO,50857,,NIFTY,,2025-06-19,2025-06-19,23000.00,CE,NIFTY2561923000CE,2115.00,2161.55,2115.00,2146.00,2146.00,2073.35,25103.20,2141.05,3000,225,3,5656691.25,3,F1,75,,,,,
2025-06-09,2025-06-09,FO,NSE,IDO,50899,,NIFTY,,2025-06-19,2025-06-19,23500.00,CE,NIFTY2561923500CE,1652.45,1657.00,1630.00,1644.00,1648.25,1569.25,25103.20,1644.00,5550,2325,35,66002868.75,29,F1,75,,,,,
2025-06-09,2025-06-09,FO,NSE,IDO,50959,,NIFTY,,2025-06-19,2025-06-19,24050.00,CE,NIFTY2561924050CE,0.00,0.00,0.00,1021.00,1021.00,1021.00,25103.20,1110.30,750,0,0,0.00,0,F1,75,,,,,
2025-06-09,2025-06-09,FO,NSE,IDO,51059,,NIFTY,,2025-06-19,2025-06-19,26100.00,CE,NIFTY2561926100CE,14.70,17.40,9.95,10.75,11.10,11.45,25103.20,10.75,642750,170850,17943,35140617915.00,11220,F1,75,,,,,
2025-06-09,2025-06-09,FO,NSE,IDO,51091,,NIFTY,,2025-06-19,2025-06-19,26800.00,CE,NIFTY2561926800CE,2.15,2.25,1.85,2.00,2.00,2.10,25103.20,2.00,837750,-29625,17193,34560545392.50,3659,F1,75,,,,,
2025-06-09,2025-06-09,FO,NSE,IDO,39982,,NIFTY,,2025-06-26,2025-06-26,19000.00,CE,NIFTY25JUN19000CE,6140.00,6180.55,6140.00,6161.30,6164.10,6069.90,25103.20,6161.30,135750,-1800,30,56612193.75,20,F1,75,,,,,
2025-06-09,2025-06-09,FO,NSE,IDO,62077,,NIFTY,,2025-06-26,2025-06-26,20750.00,CE,NIFTY25JUN20750CE,0.00,0.00,0.00,4205.45,4205.45,4205.45,25103.20,4410.95,600,0,0,0.00,0,F1,75,,,,,
2025-06-09,2025-06-09,FO,NSE,IDO,62157,,NIFTY,,2025-06-26,2025-06-26,21700.00,CE,NIFTY25JUN21700CE,0.00,0.00,0.00,2950.05,2950.05,2950.05,25103.20,3463.60,1200,0,0,0.00,0,F1,75,,,,,
2025-06-09,2025-06-09,FO,NSE,IDO,62167,,NIFTY,,2025-06-26,2025-06-26,21900.00,CE,NIFTY25JUN21900CE,0.00,0.00,0.00,2780.60,2780.60,2780.60,25103.20,3264.15,2175,0,0,0.00,0,F1,75,,,,,
2025-06-09,2025-06-09,FO,NSE,IDO,62191,,NIFTY,,2025-06-26,2025-06-26,22300.00,CE,NIFTY25JUN22300CE,0.00,0.00,0.00,2799.95,2799.95,2799.95,25103.20,2865.35,7875,0,0,0.00,0,F1,75,,,,,
2025-06-09,2025-06-09,FO,NSE,IDO,62299,,NIFTY,,2025-06-26,2025-06-26,23150.00,CE,NIFTY25JUN23150CE,0.00,0.00,0.00,1978.40,1978.40,1978.40,25103.20,2021.30,2400,0,0,0.00,0,F1,75,,,,,
2025-06-09,2025-06-09,FO,NSE,IDO,62337,,NIFTY,,2025-06-26,2025-06-26,23700.00,CE,NIFTY25JUN23700CE,1480.00,1539.00,1480.00,1504.60,1510.00,1416.30,25103.20,1504.60,50925,-225,18,34021473.75,17,F1,75,,,,,
2025-06-09,2025-06-09,FO,NSE,IDO,62343,,NIFTY,,2025-06-26,2025-06-26,23800.00,CE,NIFTY25JUN23800CE,1410.00,1426.05,1381.25,1409.00,1409.00,1336.00,25103.20,1395.30,230625,-525,16,30250485.00,13,F1,75,,,,,
2025-06-09,2025-06-09,FO,NSE,IDO,62367,,NIFTY,,2025-06-26,2025-06-26,24350.00,CE,NIFTY25JUN24350CE,910.00,910.00,869.05,884.60,884.60,846.55,25103.20,913.65,8850,-300,19,35972133.75,12,F1,75,,,,,
2025-06-09,2025-06-09,FO,NSE,IDO,62371,,NIFTY,,2025-06-26,2025-06-26,24400.00,CE,NIFTY25JUN24400CE,873.55,887.45,840.00,858.05,864.75,801.70,25103.20,858.05,115950,450,271,513447003.75,188,F1,75,,,,,
2025-06-09,2025-06-09,FO,NSE,IDO,71381,,NIFTY,,2025-06-26,2025-06-26,25000.00,CE,NIFTY25JUN25000CE,420.00,444.00,401.10,410.70,409.50,382.50,25103.20,410.70,4039125,-105650,42361,80759218166.25,23620,F1,75,,,,,
2025-06-09,2025-06-09,FO,NSE,IDO,62433,,NIFTY,,2025-06-26,2025-06-26,25800.00,CE,NIFTY25JUN25800CE,80.65,103.55,80.65,84.85,86.80,80.85,25103.20,84.85,845625,63375,11613,22549802595.00,6900,F1,75,,,,,
2025-06-09,2025-06-09,FO,NSE,IDO,62471,,NIFTY,,2025-06-26,2025-06-26,26450.00,CE,NIFTY25JUN26450CE,16.35,19.15,14.35,14.80,15.15,14.85,25103.20,14.80,21375,3675,615,1220740642.50,448,F1,75,,,,,
2025-06-09,2025-06-09,FO,NSE,IDO,55979,,NIFTY,,2025-07-03,2025-07-03,22800.00,CE,NIFTY2570322800CE,0.00,0.00,0.00,2033.10,0.00,2033.10,25103.20,2396.90,0,0,0,0.00,0,F1,75,,,,,
2025-06-09,2025-06-09,FO,NSE,IDO,56225,,NIFTY,,2025-07-03,2025-07-03,23650.00,CE,NIFTY2570323650CE,0.00,0.00,0.00,1311.60,0.00,1311.60,25103.20,1581.90,0,0,0,0.00,0,F1,75,,,,,
2025-06-09,2025-06-09,FO,NSE,IDO,56231,,NIFTY,,2025-07-03,2025-07-03,23700.00,CE,NIFTY2570323700CE,0.00,0.00,0.00,1273.20,0.00,1273.20,25103.20,1536.15,0,0,0,0.00,0,F1,75,,,,,
2025-06-09,2025-06-09,FO,NSE,IDO,56267,,NIFTY,,2025-07-03,2025-07-03,23850.00,CE,NIFTY2570323850CE,0.00,0.00,0.00,1162.05,0.00,1162.05,25103.20,1401.25,0,0,0,0.00,0,F1,75,,,,,
2025-06-09,2025-06-09,FO,NSE,IDO,56498,,NIFTY,,2025-07-03,2025-07-03,24550.00,CE,NIFTY2570324550CE,0.00,0.00,0.00,724.40,724.40,724.40,25103.20,835.15,75,0,0,0.00,0,F1,75,,,,,
2025-06-09,2025-06-09,FO,NSE,IDO,56541,,NIFTY,,2025-07-03,2025-07-03,24650.00,CE,NIFTY2570324650CE,0.00,0.00,0.00,675.00,675.00,675.00,25103.20,765.35,75,0,0,0.00,0,F1,75,,,,,
2025-06-09,2025-06-09,FO,NSE,IDO,56843,,NIFTY,,2025-07-03,2025-07-03,25500.00,CE,NIFTY2570325500CE,240.00,254.85,225.10,231.20,230.20,216.15,25103.20,231.20,49575,3450,991,1912843811.25,666,F1,75,,,,,
2025-06-09,2025-06-09,FO,NSE,IDO,39932,,NIFTY,,2025-07-10,2025-07-10,23950.00,CE,NIFTY2571023950CE,0.00,0.00,0.00,1125.10,0.00,1125.10,25103.20,1372.25,0,0,0,0.00,0,F1,75,,,,,
2025-06-09,2025-06-09,FO,NSE,IDO,39983,,NIFTY,,2025-07-10,2025-07-10,24600.00,CE,NIFTY2571024600CE,0.00,0.00,0.00,689.25,0.00,689.25,25103.20,873.60,0,0,0,0.00,0,F1,75,,,,,
2025-06-09,2025-06-09,FO,NSE,IDO,40058,,NIFTY,,2025-07-10,2025-07-10,25600.00,CE,NIFTY2571025600CE,258.00,258.00,255.65,255.65,255.65,257.90,25103.20,343.95,600,600,8,15514275.00,4,F1,75,,,,,
2025-06-09,2025-06-09,FO,NSE,IDO,40072,,NIFTY,,2025-07-10,2025-07-10,25800.00,CE,NIFTY2571025800CE,189.00,189.00,180.00,184.60,184.60,168.50,25103.20,274.65,750,300,11,21437058.75,11,F1,75,,,,,
2025-06-09,2025-06-09,FO,NSE,IDO,40138,,NIFTY,,2025-07-10,2025-07-10,26700.00,CE,NIFTY2571026700CE,63.65,63.65,63.65,63.65,63.65,61.60,25103.20,84.25,75,75,1,2007273.75,1,F1,75,,,,,
2025-06-09,2025-06-09,FO,NSE,IDO,55681,,NIFTY,,2025-07-31,2025-07-31,22500.00,CE,NIFTY25JUL22500CE,2825.00,2825.00,2796.05,2796.05,2796.05,2746.95,25103.20,2820.55,13875,0,4,7593945.00,3,F1,75,,,,,
2025-06-09,2025-06-09,FO,NSE,IDO,55685,,NIFTY,,2025-07-31,2025-07-31,22600.00,CE,NIFTY25JUL22600CE,0.00,0.00,0.00,2244.25,2244.25,2244.25,25103.20,2725.35,600,0,0,0.00,0,F1,75,,,,,
2025-06-09,2025-06-09,FO,NSE,IDO,55693,,NIFTY,,2025-07-31,2025-07-31,22800.00,CE,NIFTY25JUL22800CE,0.00,0.00,0.00,2063.85,2063.85,2063.85,25103.20,2536.90,750,0,0,0.00,0,F1,75,,,,,
2025-06-09,2025-06-09,FO,NSE,IDO,55757,,NIFTY,,2025-07-31,2025-07-31,24000.00,CE,NIFTY25JUL24000CE,1475.00,1484.95,1440.00,1452.90,1453.10,1399.35,25103.20,1452.90,283275,-2325,554,1057960151.25,355,F1,75,,,,,
2025-06-09,2025-06-09,FO,NSE,IDO,55767,,NIFTY,,2025-07-31,2025-07-31,24250.00,CE,NIFTY25JUL24250CE,1276.00,1276.00,1276.00,1276.00,1276.00,1191.50,25103.20,1306.20,675,0,1,1914450.00,1,F1,75,,,,,
2025-06-09,2025-06-09,FO,NSE,IDO,55807,,NIFTY,,2025-07-31,2025-07-31,25200.00,CE,NIFTY25JUL25200CE,600.00,623.90,592.50,602.00,602.50,568.95,25103.20,602.00,103275,14550,876,1695552063.75,645,F1,75,,,,,
2025-06-09,2025-06-09,FO,NSE,IDO,55821,,NIFTY,,2025-07-31,2025-07-31,25450.00,CE,NIFTY25JUL25450CE,470.00,470.00,470.00,470.00,470.00,439.35,25103.20,590.55,3075,0,2,3888000.00,2,F1,75,,,,,
2025-06-09,2025-06-09,FO,NSE,IDO,55829,,NIFTY,,2025-07-31,2025-07-31,25550.00,CE,NIFTY25JUL25550CE,430.00,430.00,420.75,425.80,425.80,395.95,25103.20,546.45,6975,675,38,74030655.00,11,F1,75,,,,,
2025-06-09,2025-06-09,FO,NSE,IDO,55837,,NIFTY,,2025-07-31,2025-07-31,25750.00,CE,NIFTY25JUL25750CE,0.00,0.00,0.00,327.30,327.30,327.30,25103.20,465.30,2775,0,0,0.00,0,F1,75,,,,,
2025-06-09,2025-06-09,FO,NSE,IDO,55853,,NIFTY,,2025-07-31,2025-07-31,26100.00,CE,NIFTY25JUL26100CE,226.55,231.65,214.15,217.90,217.85,204.65,25103.20,217.90,33675,1200,216,426401193.75,127,F1,75,,,,,
2025-06-09,2025-06-09,FO,NSE,IDO,55869,,NIFTY,,2025-07-31,2025-07-31,26500.00,CE,NIFTY25JUL26500CE,134.95,137.45,120.10,122.95,124.75,117.95,25103.20,122.95,723750,36600,6176,12333366780.00,3948,F1,75,,,,,
2025-06-09,2025-06-09,FO,NSE,IDO,71851,,NIFTY,,2025-08-28,2025-08-28,23250.00,CE,NIFTY25AUG23250CE,0.00,0.00,0.00,2153.50,0.00,2153.50,25103.20,2292.30,0,0,0,0.00,0,F1,75,,,,,
2025-06-09,2025-06-09,FO,NSE,IDO,71938,,NIFTY,,2025-08-28,2025-08-28,24150.00,CE,NIFTY25AUG24150CE,0.00,0.00,0.00,1487.25,0.00,1487.25,25103.20,1584.20,0,0,0,0.00,0,F1,75,,,,,
2025-06-09,2025-06-09,FO,NSE,IDO,71940,,NIFTY,,2025-08-28,2025-08-28,24200.00,CE,NIFTY25AUG24200CE,0.00,0.00,0.00,1453.95,0.00,1453.95,25103.20,1548.35,0,0,0,0.00,0,F1,75,,,,,
2025-06-09,2025-06-09,FO,NSE,IDO,71960,,NIFTY,,2025-08-28,2025-08-28,24650.00,CE,NIFTY25AUG24650CE,0.00,0.00,0.00,1170.05,1170.05,1170.05,25103.20,1245.50,150,0,0,0.00,0,F1,75,,,,,
2025-06-09,2025-06-09,FO,NSE,IDO,71962,,NIFTY,,2025-08-28,2025-08-28,24700.00,CE,NIFTY25AUG24700CE,0.00,0.00,0.00,944.30,944.30,944.30,25103.20,1214.25,450,0,0,0.00,0,F1,75,,,,,
2025-06-09,2025-06-09,FO,NSE,IDO,71966,,NIFTY,,2025-08-28,2025-08-28,24800.00,CE,NIFTY25AUG24800CE,1030.00,1030.00,1030.00,1030.00,1030.00,983.00,25103.20,1153.15,2175,0,1,1937250.00,1,F1,75,,,,,
2025-06-09,2025-06-09,FO,NSE,IDO,72098,,NIFTY,,2025-08-28,2025-08-28,25750.00,CE,NIFTY25AUG25750CE,0.00,0.00,0.00,641.95,0.00,641.95,25103.20,668.30,0,0,0,0.00,0,F1,75,,,,,
2025-06-09,2025-06-09,FO,NSE,IDO,72115,,NIFTY,,2025-08-28,2025-08-28,26150.00,CE,NIFTY25AUG26150CE,0.00,0.00,0.00,500.50,0.00,500.50,25103.20,515.15,0,0,0,0.00,0,F1,75,,,,,
2025-06-09,2025-06-09,FO,NSE,IDO,72311,,NIFTY,,2025-08-28,2025-08-28,26550.00,CE,NIFTY25AUG26550CE,0.00,0.00,0.00,384.05,0.00,384.05,25103.20,389.75,0,0,0,0.00,0,F1,75,,,,,
2025-06-09,2025-06-09,FO,NSE,IDO,64686,,NIFTY,,2025-09-25,2025-09-25,21000.00,CE,NIFTY25SEP21000CE,4468.20,4480.00,4430.00,4456.00,4460.00,4359.25,25103.20,4456.00,19725,2400,75,143200368.75,30,F1,75,,,,,
2025-06-09,2025-06-09,FO,NSE,IDO,36688,,NIFTY,,2025-12-24,2025-12-24,19500.00,CE,NIFTY25DEC19500CE,0.00,0.00,0.00,5980.00,5980.00,5980.00,25103.20,6255.40,1150,0,0,0.00,0,F1,75,,,,,
2025-06-09,2025-06-09,FO,NSE,IDO,71393,,NIFTY,,2025-12-24,2025-12-24,24000.00,CE,NIFTY25DEC24000CE,2281.20,2281.20,2230.55,2261.45,2257.00,2190.05,25103.20,2261.45,904775,-3600,305,600685623.75,235,F1,75,,,,,
2025-06-09,2025-06-09,FO,NSE,IDO,71399,,NIFTY,,2025-12-24,2025-12-24,26000.00,CE,NIFTY25DEC26000CE,950.40,972.00,940.00,960.65,958.20,915.30,25103.20,960.65,1421825,-575,1506,3044950875.00,1120,F1,75,,,,,
2025-06-09,2025-06-09,FO,NSE,IDO,53628,,NIFTY,,2027-12-30,2027-12-30,26000.00,CE,NIFTY27DEC26000CE,0.00,0.00,0.00,3162.40,0.00,3162.40,25103.20,4283.75,0,0,0,0.00,0,F1,75,,,,,
2025-06-09,2025-06-09,FO,NSE,IDO,67776,,NIFTY,,2028-12-28,2028-12-28,21000.00,CE,NIFTY28DEC21000CE,0.00,0.00,0.00,7512.50,0.00,7512.50,25103.20,8586.30,0,0,0,0.00,0,F1,75,,,,,
2025-06-09,2025-06-09,FO,NSE,IDO,67788,,NIFTY,,2028-12-28,2028-12-28,27000.00,CE,NIFTY28DEC27000CE,0.00,0.00,0.00,4437.95,0.00,4437.95,25103.20,5016.40,0,0,0,0.00,0,F1,75,,,,,
2025-06-09,2025-06-09,FO,NSE,IDO,67792,,NIFTY,,2028-12-28,2028-12-28,29000.00,CE,NIFTY28DEC29000CE,0.00,0.00,0.00,3645.75,0.00,3645.75,25103.20,4100.00,0,0,0,0.00,0,F1,75,,,,,
2025-06-09,2025-06-09,FO,NSE,IDO,89616,,NIFTY,,2029-06-28,2029-06-28,20000.00,CE,NIFTY29JUN20000CE,0.00,0.00,0.00,10410.00,0.00,10410.00,25103.20,9784.70,0,0,0,0.00,0,F1,75,,,,,
2025-06-09,2025-06-09,FO,NSE,IDO,61382,,NIFTY,,2029-12-27,2029-12-27,17000.00,CE,NIFTY29DEC17000CE,0.00,0.00,0.00,12022.30,0.00,12022.30,25103.20,12347.95,0,0,0,0.00,0,F1,75,,,,,
2025-06-09,2025-06-09,FO,NSE,IDO,44729,,NIFTY,,2025-06-12,2025-06-12,22500.00,PE,NIFTY2561222500PE,0.95,1.40,0.65,1.20,1.25,1.05,25103.20,1.20,2648775,-122925,95484,161135441531.25,16090,F1,75,,,,,
2025-06-09,2025-06-09,FO,NSE,IDO,44769,,NIFTY,,2025-06-12,2025-06-12,23250.00,PE,NIFTY2561223250PE,1.85,2.00,1.05,1.60,1.75,2.25,25103.20,1.60,232425,-154200,19542,34078307077.50,4422,F1,75,,,,,
2025-06-09,2025-06-09,FO,NSE,IDO,44827,,NIFTY,,2025-06-12,2025-06-12,24300.00,PE,NIFTY2561224300PE,12.85,12.85,6.05,6.70,6.85,16.15,25103.20,6.70,3798450,655650,276312,503738818143.75,82811,F1,75,,,,,
2025-06-09,2025-06-09,FO,NSE,IDO,44885,,NIFTY,,2025-06-12,2025-06-12,25400.00,PE,NIFTY2561225400PE,320.05,369.00,307.30,328.20,326.40,409.20,25103.20,328.20,167400,72750,27410,52903495822.50,16772,F1,75,,,,,
2025-06-09,2025-06-09,FO,NSE,IDO,44941,,NIFTY,,2025-06-12,2025-06-12,26650.00,PE,NIFTY2561226650PE,0.00,0.00,0.00,1879.75,1879.75,1879.75,25103.20,1533.75,1125,0,0,0.00,0,F1,75,,,,,
2025-06-09,2025-06-09,FO,NSE,IDO,50930,,NIFTY,,2025-06-19,2025-06-19,23700.00,PE,NIFTY2561923700PE,13.95,13.95,8.35,8.95,8.80,14.40,25103.20,8.95,147825,-7125,5460,9708984446.25,2750,F1,75,,,,,
2025-06-09,2025-06-09,FO,NSE,IDO,50950,,NIFTY,,2025-06-19,2025-06-19,23850.00,PE,NIFTY2561923850PE,18.80,18.80,10.95,11.80,12.10,19.60,25103.20,11.80,42900,13425,1819,3255419853.75,921,F1,75,,,,,
2025-06-09,2025-06-09,FO,NSE,IDO,50996,,NIFTY,,2025-06-19,2025-06-19,24650.00,PE,NIFTY2561924650PE,88.40,91.40,70.40,73.55,74.35,110.50,25103.20,73.55,78450,-54675,6882,12763942627.50,4389,F1,75,,,,,
2025-06-09,2025-06-09,FO,NSE,IDO,51008,,NIFTY,,2025-06-19,2025-06-19,24900.00,PE,NIFTY2561924900PE,149.95,162.05,129.85,135.10,133.15,188.40,25103.20,135.10,384975,81750,13686,25704127837.50,8459,F1,75,,,,,
2025-06-09,2025-06-09,FO,NSE,IDO,51014,,NIFTY,,2025-06-19,2025-06-19,25050.00,PE,NIFTY2561925050PE,208.25,221.10,183.20,189.45,190.90,251.45,25103.20,189.45,74700,22950,4942,9358449836.25,3479,F1,75,,,,,
2025-06-09,2025-06-09,FO,NSE,IDO,51030,,NIFTY,,2025-06-19,2025-06-19,25450.00,PE,NIFTY2561925450PE,423.50,439.95,395.00,410.75,413.65,498.05,25103.20,410.75,7500,6075,283,549044325.00,179,F1,75,,,,,
2025-06-09,2025-06-09,FO,NSE,IDO,51056,,NIFTY,,2025-06-19,2025-06-19,26000.00,PE,NIFTY2561926000PE,865.00,900.00,850.05,866.70,865.05,953.80,25103.20,866.70,9075,3375,182,366762930.00,93,F1,75,,,,,
2025-06-09,2025-06-09,FO,NSE,IDO,43386,,NIFTY,,2025-06-26,2025-06-26,14000.00,PE,NIFTY25JUN14000PE,0.85,1.50,0.85,1.35,1.50,1.00,25103.20,1.35,268250,-150,274,287724847.50,71,F1,75,,,,,
2025-06-09,2025-06-09,FO,NSE,IDO,39680,,NIFTY,,2025-06-26,2025-06-26,16000.00,PE,NIFTY25JUN16000PE,1.45,1.95,1.45,1.90,1.90,1.25,25103.20,1.90,64275,5850,177,212423223.75,71,F1,75,,,,,
2025-06-09,2025-06-09,FO,NSE,IDO,38375,,NIFTY,,2025-06-26,2025-06-26,20000.00,PE,NIFTY25JUN20000PE,2.15,2.95,2.10,2.65,2.80,2.65,25103.20,2.65,1427650,-19875,1349,2023756072.50,636,F1,75,,,,,
2025-06-09,2025-06-09,FO,NSE,IDO,62124,,NIFTY,,2025-06-26,2025-06-26,21100.00,PE,NIFTY25JUN21100PE,3.60,4.95,3.10,4.15,4.05,3.90,25103.20,4.15,13425,0,64,101298521.25,32,F1,75,,,,,
2025-06-09,2025-06-09,FO,NSE,IDO,62132,,NIFTY,,2025-06-26,2025-06-26,21200.00,PE,NIFTY25JUN21200PE,3.15,4.20,3.15,4.00,4.00,4.05,25103.20,4.00,10275,-600,213,338732272.50,88,F1,75,,,,,
2025-06-09,2025-06-09,FO,NSE,IDO,62148,,NIFTY,,2025-06-26,2025-06-26,21600.00,PE,NIFTY25JUN21600PE,4.45,5.10,4.40,5.05,4.75,5.00,25103.20,5.05,12525,525,29,46990106.25,15,F1,75,,,,,
2025-06-09,2025-06-09,FO,NSE,IDO,62160,,NIFTY,,2025-06-26,2025-06-26,21700.00,PE,NIFTY25JUN21700PE,4.75,5.05,4.50,5.05,5.05,5.45,25103.20,5.05,57150,-150,43,69998021.25,22,F1,75,,,,,
2025-06-09,2025-06-09,FO,NSE,IDO,62332,,NIFTY,,2025-06-26,2025-06-26,23550.00,PE,NIFTY25JUN23550PE,20.00,22.20,19.25,20.00,20.10,26.20,25103.20,20.00,27825,-3975,523,924552851.25,317,F1,75,,,,,
2025-06-09,2025-06-09,FO,NSE,IDO,62344,,NIFTY,,2025-06-26,2025-06-26,23800.00,PE,NIFTY25JUN23800PE,37.75,37.75,27.25,28.35,28.70,37.75,25103.20,28.35,659775,-82725,15751,28150276713.75,7766,F1,75,,,,,
2025-06-09,2025-06-09,FO,NSE,IDO,62366,,NIFTY,,2025-06-26,2025-06-26,24300.00,PE,NIFTY25JUN24300PE,89.65,89.65,63.80,64.55,64.15,89.60,25103.20,64.55,811350,-22500,16750,30612003131.25,9514,F1,75,,,,,
2025-06-09,2025-06-09,FO,NSE,IDO,62370,,NIFTY,,2025-06-26,2025-06-26,24350.00,PE,NIFTY25JUN24350PE,80.00,85.00,70.45,71.45,71.05,97.30,25103.20,71.45,74100,-14775,1159,2123243400.00,663,F1,75,,,,,
2025-06-09,2025-06-09,FO,NSE,IDO,62372,,NIFTY,,2025-06-26,2025-06-26,24400.00,PE,NIFTY25JUN24400PE,97.00,97.00,77.40,78.40,77.95,107.35,25103.20,78.40,708750,-359400,18551,34062837753.75,9954,F1,75,,,,,
2025-06-09,2025-06-09,FO,NSE,IDO,62420,,NIFTY,,2025-06-26,2025-06-26,25450.00,PE,NIFTY25JUN25450PE,452.05,477.00,439.35,451.35,451.75,515.95,25103.20,451.35,14550,6075,337,654765656.25,222,F1,75,,,,,
2025-06-09,2025-06-09,FO,NSE,IDO,62504,,NIFTY,,2025-06-26,2025-06-26,26750.00,PE,NIFTY25JUN26750PE,0.00,0.00,0.00,1648.75,1648.75,1648.75,25103.20,1592.85,1650,0,0,0.00,0,F1,75,,,,,
2025-06-09,2025-06-09,FO,NSE,IDO,56497,,NIFTY,,2025-07-03,2025-07-03,24500.00,PE,NIFTY2570324500PE,147.30,153.00,133.65,135.10,134.90,169.00,25103.20,135.10,38400,225,441,814963098.75,354,F1,75,,,,,
2025-06-09,2025-06-09,FO,NSE,IDO,56532,,NIFTY,,2025-07-03,2025-07-03,24550.00,PE,NIFTY2570324550PE,145.55,145.55,145.55,145.55,145.55,201.00,25103.20,185.65,600,0,1,1852166.25,1,F1,75,,,,,
2025-06-09,2025-06-09,FO,NSE,IDO,56740,,NIFTY,,2025-07-03,2025-07-03,25200.00,PE,NIFTY2570325200PE,416.15,416.15,356.20,365.75,366.80,432.70,25103.20,365.75,10200,5625,332,636840060.00,289,F1,75,,,,,
2025-06-09,2025-06-09,FO,NSE,IDO,57536,,NIFTY,,2025-07-03,2025-07-03,26000.00,PE,NIFTY2570326000PE,0.00,0.00,0.00,1372.65,0.00,1372.65,25103.20,953.40,0,0,0,0.00,0,F1,75,,,,,
2025-06-09,2025-06-09,FO,NSE,IDO,58701,,NIFTY,,2025-07-03,2025-07-03,26400.00,PE,NIFTY2570326400PE,0.00,0.00,0.00,1702.10,0.00,1702.10,25103.20,1278.40,0,0,0,0.00,0,F1,75,,,,,
2025-06-09,2025-06-09,FO,NSE,IDO,58715,,NIFTY,,2025-07-03,2025-07-03,26550.00,PE,NIFTY2570326550PE,0.00,0.00,0.00,1831.80,0.00,1831.80,25103.20,1408.80,0,0,0,0.00,0,F1,75,,,,,
2025-06-09,2025-06-09,FO,NSE,IDO,39939,,NIFTY,,2025-07-10,2025-07-10,24000.00,PE,NIFTY2571024000PE,87.20,95.55,75.30,80.45,78.30,104.65,25103.20,80.45,12075,3900,248,447988125.00,163,F1,75,,,,,
2025-06-09,2025-06-09,FO,NSE,IDO,55680,,NIFTY,,2025-07-31,2025-07-31,22450.00,PE,NIFTY25JUL22450PE,0.00,0.00,0.00,145.95,0.00,145.95,25103.20,19.00,0,0,0,0.00,0,F1,75,,,,,
2025-06-09,2025-06-09,FO,NSE,IDO,55744,,NIFTY,,2025-07-31,2025-07-31,23650.00,PE,NIFTY25JUL23650PE,0.00,0.00,0.00,112.50,112.50,112.50,25103.20,118.25,2175,0,0,0.00,0,F1,75,,,,,
2025-06-09,2025-06-09,FO,NSE,IDO,55764,,NIFTY,,2025-07-31,2025-07-31,24150.00,PE,NIFTY25JUL24150PE,170.10,172.40,167.65,171.20,171.20,196.50,25103.20,171.20,1725,-750,25,45599358.75,18,F1,75,,,,,
2025-06-09,2025-06-09,FO,NSE,IDO,55782,,NIFTY,,2025-07-31,2025-07-31,24550.00,PE,NIFTY25JUL24550PE,272.40,272.45,253.80,255.75,255.85,288.95,25103.20,255.75,8775,-2100,95,176772127.50,38,F1,75,,,,,
2025-06-09,2025-06-09,FO,NSE,IDO,55786,,NIFTY,,2025-07-31,2025-07-31,24650.00,PE,NIFTY25JUL24650PE,300.75,300.75,282.20,283.05,283.05,318.35,25103.20,283.05,4125,0,22,41147557.50,14,F1,75,,,,,
2025-06-09,2025-06-09,FO,NSE,IDO,62500,,NIFTY,,2025-06-26,2025-06-26,26650.00,PE,NIFTY25JUN26650PE,1441.60,1501.90,1431.45,1454.95,1454.95,1536.75,25103.20,1498.55,31275,3000,46,97008802.50,33,F1,75,,,,,
2025-06-09,2025-06-09,FO,NSE,IDO,62462,,NIFTY,,2025-06-26,2025-06-26,26200.00,PE,NIFTY25JUN26200PE,1054.70,1054.70,1020.00,1044.60,1040.65,1118.50,25103.20,1044.60,4050,900,26,53113552.50,24,F1,75,,,,,
2025-06-09,2025-06-09,FO,NSE,IDO,62396,,NIFTY,,2025-06-26,2025-06-26,24900.00,PE,NIFTY25JUN24900PE,182.10,216.85,182.10,193.95,193.00,242.65,25103.20,193.95,1282575,5400,17828,33560540523.75,9631,F1,75,,,,,
2025-06-09,2025-06-09,FO,NSE,IDO,62358,,NIFTY,,2025-06-26,2025-06-26,24150.00,PE,NIFTY25JUN24150PE,56.20,58.55,49.50,50.20,49.50,69.35,25103.20,50.20,48900,2700,973,1766223446.25,485,F1,75,,,,,
2025-06-09,2025-06-09,FO,NSE,IDO,72036,,NIFTY,,2025-08-28,2025-08-28,25250.00,CE,NIFTY25AUG25250CE,765.20,765.20,765.20,765.20,765.20,857.00,25103.20,901.85,75,75,1,1951140.00,1,F1,75,,,,,
2025-06-09,2025-06-09,FO,NSE,IDO,71972,,NIFTY,,2025-08-28,2025-08-28,24950.00,CE,NIFTY25AUG24950CE,0.00,0.00,0.00,1007.50,0.00,1007.50,25103.20,1065.05,0,0,0,0.00,0,F1,75,,,,,
2025-06-09,2025-06-09,FO,NSE,IDO,62354,,NIFTY,,2025-06-26,2025-06-26,24100.00,PE,NIFTY25JUN24100PE,52.05,59.55,45.20,45.85,46.10,63.40,25103.20,45.85,481425,41925,9054,16398383441.25,5923,F1,75,,,,,
2025-06-09,2025-06-09,FO,NSE,IDO,61795,,NIFTY,,2029-12-27,2029-12-27,27000.00,PE,NIFTY29DEC27000PE,0.00,0.00,0.00,1177.90,0.00,1177.90,25103.20,1465.50,0,0,0,0.00,0,F1,75,,,,,
2025-06-09,2025-06-09,FO,NSE,IDO,62352,,NIFTY,,2025-06-26,2025-06-26,24050.00,PE,NIFTY25JUN24050PE,49.55,49.55,42.00,42.85,43.30,58.35,25103.20,42.85,67275,16500,860,1554119591.25,641,F1,75,,,,,
2025-06-09,2025-06-09,FO,NSE,IDO,71964,,NIFTY,,2025-08-28,2025-08-28,24750.00,CE,NIFTY25AUG24750CE,0.00,0.00,0.00,1023.55,1023.55,1023.55,25103.20,1183.45,75,0,0,0.00,0,F1,75,,,,,
2025-06-09,2025-06-09,FO,NSE,IDO,71956,,NIFTY,,2025-08-28,2025-08-28,24550.00,CE,NIFTY25AUG24550CE,0.00,0.00,0.00,1233.20,0.00,1233.20,25103.20,1309.40,0,0,0,0.00,0,F1,75,,,,,
2025-06-09,2025-06-09,FO,NSE,IDO,71916,,NIFTY,,2025-08-28,2025-08-28,23700.00,CE,NIFTY25AUG23700CE,0.00,0.00,0.00,1778.30,1778.30,1778.30,25103.20,1923.30,300,0,0,0.00,0,F1,75,,,,,
2025-06-09,2025-06-09,FO,NSE,IDO,71874,,NIFTY,,2025-08-28,2025-08-28,23600.00,CE,NIFTY25AUG23600CE,0.00,0.00,0.00,1880.20,0.00,1880.20,25103.20,2002.95,0,0,0,0.00,0,F1,75,,,,,
2025-06-09,2025-06-09,FO,NSE,IDO,71872,,NIFTY,,2025-08-28,2025-08-28,23550.00,CE,NIFTY25AUG23550CE,0.00,0.00,0.00,1918.20,0.00,1918.20,25103.20,2043.35,0,0,0,0.00,0,F1,75,,,,,
2025-06-09,2025-06-09,FO,NSE,IDO,55873,,NIFTY,,2025-07-31,2025-07-31,26600.00,CE,NIFTY25JUL26600CE,109.95,112.00,101.70,104.40,106.70,99.55,25103.20,104.40,47175,7950,399,799174492.50,255,F1,75,,,,,
2025-06-09,2025-06-09,FO,NSE,IDO,55847,,NIFTY,,2025-07-31,2025-07-31,25950.00,CE,NIFTY25JUL25950CE,0.00,0.00,0.00,239.75,239.75,239.75,25103.20,393.25,5400,0,0,0.00,0,F1,75,,,,,
2025-06-09,2025-06-09,FO,NSE,IDO,55841,,NIFTY,,2025-07-31,2025-07-31,25850.00,CE,NIFTY25JUL25850CE,306.00,306.00,300.00,300.00,300.00,284.75,25103.20,300.00,4050,150,10,19615605.00,7,F1,75,,,,,
2025-06-09,2025-06-09,FO,NSE,IDO,55801,,NIFTY,,2025-07-31,2025-07-31,25050.00,CE,NIFTY25JUL25050CE,686.95,686.95,679.20,680.90,685.95,651.60,25103.20,680.90,2475,0,5,9649541.25,5,F1,75,,,,,
2025-06-09,2025-06-09,FO,NSE,IDO,55793,,NIFTY,,2025-07-31,2025-07-31,24850.00,CE,NIFTY25JUL24850CE,814.50,829.40,809.30,817.60,819.00,777.85,25103.20,817.60,6600,300,13,25026918.75,11,F1,75,,,,,
2025-06-09,2025-06-09,FO,NSE,IDO,55775,,NIFTY,,2025-07-31,2025-07-31,24400.00,CE,NIFTY25JUL24400CE,1140.00,1144.10,1117.50,1143.05,1143.05,1086.40,25103.20,1143.05,7875,-150,11,21067083.75,11,F1,75,,,,,
2025-06-09,2025-06-09,FO,NSE,IDO,55771,,NIFTY,,2025-07-31,2025-07-31,24300.00,CE,NIFTY25JUL24300CE,1221.00,1235.00,1203.95,1203.95,1203.95,1162.35,25103.20,1269.75,21675,225,12,22969650.00,7,F1,75,,,,,
2025-06-09,2025-06-09,FO,NSE,IDO,55761,,NIFTY,,2025-07-31,2025-07-31,24100.00,CE,NIFTY25JUL24100CE,1375.00,1385.00,1375.00,1385.00,1385.00,1313.75,25103.20,1417.30,5550,0,2,3822000.00,2,F1,75,,,,,
2025-06-09,2025-06-09,FO,NSE,IDO,55721,,NIFTY,,2025-07-31,2025-07-31,23150.00,CE,NIFTY25JUL23150CE,0.00,0.00,0.00,1938.10,1938.10,1938.10,25103.20,2214.75,1275,0,0,0.00,0,F1,75,,,,,
2025-06-09,2025-06-09,FO,NSE,IDO,55695,,NIFTY,,2025-07-31,2025-07-31,22850.00,CE,NIFTY25JUL22850CE,0.00,0.00,0.00,2207.50,2207.50,2207.50,25103.20,2490.20,825,0,0,0.00,0,F1,75,,,,,
2025-06-09,2025-06-09,FO,NSE,IDO,55673,,NIFTY,,2025-07-31,2025-07-31,22300.00,CE,NIFTY25JUL22300CE,0.00,0.00,0.00,2504.00,2504.00,2504.00,25103.20,3012.50,375,0,0,0.00,0,F1,75,,,,,
2025-06-09,2025-06-09,FO,NSE,IDO,40130,,NIFTY,,2025-07-10,2025-07-10,26600.00,CE,NIFTY2571026600CE,61.50,61.50,35.60,37.00,37.00,71.30,25103.20,97.45,225,225,7,13986686.25,7,F1,75,,,,,
2025-06-09,2025-06-09,FO,NSE,IDO,40080,,NIFTY,,2025-07-10,2025-07-10,26000.00,CE,NIFTY2571026000CE,133.25,154.25,124.45,128.80,130.00,123.00,25103.20,128.80,6300,4725,136,266555456.25,93,F1,75,,,,,
2025-06-09,2025-06-09,FO,NSE,IDO,40010,,NIFTY,,2025-07-10,2025-07-10,24950.00,CE,NIFTY2571024950CE,0.00,0.00,0.00,505.10,0.00,505.10,25103.20,653.05,0,0,0,0.00,0,F1,75,,,,,
2025-06-09,2025-06-09,FO,NSE,IDO,40004,,NIFTY,,2025-07-10,2025-07-10,24850.00,CE,NIFTY2571024850CE,0.00,0.00,0.00,554.05,0.00,554.05,25103.20,712.25,0,0,0,0.00,0,F1,75,,,,,
2025-06-09,2025-06-09,FO,NSE,IDO,39985,,NIFTY,,2025-07-10,2025-07-10,24650.00,CE,NIFTY2571024650CE,0.00,0.00,0.00,660.70,0.00,660.70,25103.20,839.85,0,0,0,0.00,0,F1,75,,,,,
2025-06-09,2025-06-09,FO,NSE,IDO,39934,,NIFTY,,2025-07-10,2025-07-10,24000.00,CE,NIFTY2571024000CE,0.00,0.00,0.00,1087.60,0.00,1087.60,25103.20,1330.40,0,0,0,0.00,0,F1,75,,,,,
2025-06-09,2025-06-09,FO,NSE,IDO,58714,,NIFTY,,2025-07-03,2025-07-03,26550.00,CE,NIFTY2570326550CE,0.00,0.00,0.00,20.35,20.35,20.35,25103.20,66.20,3375,0,0,0.00,0,F1,75,,,,,
2025-06-09,2025-06-09,FO,NSE,IDO,44742,,NIFTY,,2025-06-12,2025-06-12,22750.00,CE,NIFTY2561222750CE,0.00,0.00,0.00,2058.35,2058.00,2058.35,25103.20,2364.40,600,0,0,0.00,0,F1,75,,,,,
2025-06-09,2025-06-09,FO,NSE,IDO,44770,,NIFTY,,2025-06-12,2025-06-12,23300.00,CE,NIFTY2561223300CE,0.00,0.00,0.00,1723.35,1720.15,1723.35,25103.20,1814.65,2025,0,0,0.00,0,F1,75,,,,,
2025-06-09,2025-06-09,FO,NSE,IDO,44774,,NIFTY,,2025-06-12,2025-06-12,23400.00,CE,NIFTY2561223400CE,0.00,0.00,0.00,1619.00,1619.00,1619.00,25103.20,1714.70,3225,0,0,0.00,0,F1,75,,,,,
2025-06-09,2025-06-09,FO,NSE,IDO,44816,,NIFTY,,2025-06-12,2025-06-12,24050.00,CE,NIFTY2561224050CE,1068.40,1092.45,1048.85,1053.55,1053.55,978.95,25103.20,1065.35,8325,450,67,126235803.75,33,F1,75,,,,,
2025-06-09,2025-06-09,FO,NSE,IDO,44844,,NIFTY,,2025-06-12,2025-06-12,24650.00,CE,NIFTY2561224650CE,494.85,518.85,461.55,479.65,478.75,425.40,25103.20,479.65,504000,-30975,3138,5916006322.50,2171,F1,75,,,,,
2025-06-09,2025-06-09,FO,NSE,IDO,44882,,NIFTY,,2025-06-12,2025-06-12,25350.00,CE,NIFTY2561225350CE,73.00,77.70,41.40,46.20,46.20,49.65,25103.20,46.20,2113650,891825,448483,854537258205.00,259173,F1,75,,,,,
2025-06-09,2025-06-09,FO,NSE,IDO,50851,,NIFTY,,2025-06-19,2025-06-19,22900.00,CE,NIFTY2561922900CE,0.00,0.00,0.00,1944.05,1944.05,1944.05,25103.20,2240.80,225,0,0,0.00,0,F1,75,,,,,
2025-06-09,2025-06-09,FO,NSE,IDO,50999,,NIFTY,,2025-06-19,2025-06-19,24750.00,CE,NIFTY2561924750CE,512.95,515.05,474.85,488.55,490.00,446.65,25103.20,488.55,42900,-900,654,1238329338.75,429,F1,75,,,,,
2025-06-09,2025-06-09,FO,NSE,IDO,51045,,NIFTY,,2025-06-19,2025-06-19,25750.00,CE,NIFTY2561925750CE,42.80,56.90,39.65,42.20,42.90,40.45,25103.20,42.20,95400,50025,6996,13535387017.50,3563,F1,75,,,,,
2025-06-09,2025-06-09,FO,NSE,IDO,51053,,NIFTY,,2025-06-19,2025-06-19,25950.00,CE,NIFTY2561925950CE,21.25,29.95,18.70,19.85,21.20,20.75,25103.20,19.85,66675,25350,3414,6650319603.75,2296,F1,75,,,,,
2025-06-09,2025-06-09,FO,NSE,IDO,51063,,NIFTY,,2025-06-19,2025-06-19,26200.00,CE,NIFTY2561926200CE,10.40,13.05,6.65,7.25,7.85,8.00,25103.20,7.25,539700,166125,20792,40869424691.25,11059,F1,75,,,,,
2025-06-09,2025-06-09,FO,NSE,IDO,51085,,NIFTY,,2025-06-19,2025-06-19,26650.00,CE,NIFTY2561926650CE,2.55,2.75,1.95,2.15,2.15,2.30,25103.20,2.15,43800,21300,1897,3791945565.00,1051,F1,75,,,,,
2025-06-09,2025-06-09,FO,NSE,IDO,62122,,NIFTY,,2025-06-26,2025-06-26,21100.00,CE,NIFTY25JUN21100CE,0.00,0.00,0.00,3860.00,3860.00,3860.00,25103.20,4061.90,600,0,0,0.00,0,F1,75,,,,,
2025-06-09,2025-06-09,FO,NSE,IDO,62185,,NIFTY,,2025-06-26,2025-06-26,22150.00,CE,NIFTY25JUN22150CE,0.00,0.00,0.00,2505.35,2505.35,2505.35,25103.20,3014.90,2100,0,0,0.00,0,F1,75,,,,,
2025-06-09,2025-06-09,FO,NSE,IDO,62205,,NIFTY,,2025-06-26,2025-06-26,22650.00,CE,NIFTY25JUN22650CE,0.00,0.00,0.00,2233.65,2233.65,2233.65,25103.20,2516.80,2700,0,0,0.00,0,F1,75,,,,,
2025-06-09,2025-06-09,FO,NSE,IDO,62327,,NIFTY,,2025-06-26,2025-06-26,23450.00,CE,NIFTY25JUN23450CE,0.00,0.00,0.00,1449.60,1449.60,1449.60,25103.20,1728.10,2025,0,0,0.00,0,F1,75,,,,,
2025-06-09,2025-06-09,FO,NSE,IDO,62329,,NIFTY,,2025-06-26,2025-06-26,23500.00,CE,NIFTY25JUN23500CE,1713.25,1720.00,1670.00,1691.85,1691.90,1619.05,25103.20,1691.85,471225,-6300,380,717977392.50,223,F1,75,,,,,
2025-06-09,2025-06-09,FO,NSE,IDO,62353,,NIFTY,,2025-06-26,2025-06-26,24100.00,CE,NIFTY25JUN24100CE,1139.55,1161.50,1101.30,1140.25,1161.50,1057.50,25103.20,1140.25,68325,-1275,41,77565048.75,39,F1,75,,,,,
2025-06-09,2025-06-09,FO,NSE,IDO,62393,,NIFTY,,2025-06-26,2025-06-26,24850.00,CE,NIFTY25JUN24850CE,459.55,544.95,459.55,509.20,509.00,471.30,25103.20,509.20,138675,-3750,687,1307001491.25,542,F1,75,,,,,
2025-06-09,2025-06-09,FO,NSE,IDO,62411,,NIFTY,,2025-06-26,2025-06-26,25300.00,CE,NIFTY25JUN25300CE,288.75,288.75,241.35,247.90,246.50,232.00,25103.20,247.90,731550,123225,13793,26438053140.00,7413,F1,75,,,,,
2025-06-09,2025-06-09,FO,NSE,IDO,62483,,NIFTY,,2025-06-26,2025-06-26,26600.00,CE,NIFTY25JUN26600CE,13.00,14.00,9.65,10.05,10.50,10.25,25103.20,10.05,404175,110100,5467,10911132922.50,2501,F1,75,,,,,
2025-06-09,2025-06-09,FO,NSE,IDO,62503,,NIFTY,,2025-06-26,2025-06-26,26750.00,CE,NIFTY25JUN26750CE,8.00,8.35,6.90,7.30,7.50,7.25,25103.20,7.30,73275,3750,238,477620253.75,142,F1,75,,,,,
2025-06-09,2025-06-09,FO,NSE,IDO,62505,,NIFTY,,2025-06-26,2025-06-26,26800.00,CE,NIFTY25JUN26800CE,7.00,7.80,6.55,6.95,7.15,6.75,25103.20,6.95,426150,14325,2618,5263573875.00,1250,F1,75,,,,,
2025-06-09,2025-06-09,FO,NSE,IDO,50537,,NIFTY,,2025-06-26,2025-06-26,28000.00,CE,NIFTY25JUN28000CE,3.05,3.05,2.70,2.80,2.75,2.85,25103.20,2.80,872425,11550,2221,4664580843.75,696,F1,75,,,,,
2025-06-09,2025-06-09,FO,NSE,IDO,56087,,NIFTY,,2025-07-03,2025-07-03,23200.00,CE,NIFTY2570323200CE,0.00,0.00,0.00,1679.20,0.00,1679.20,25103.20,2006.70,0,0,0,0.00,0,F1,75,,,,,
2025-06-09,2025-06-09,FO,NSE,IDO,56164,,NIFTY,,2025-07-03,2025-07-03,23450.00,CE,NIFTY2570323450CE,0.00,0.00,0.00,1470.35,0.00,1470.35,25103.20,1768.15,0,0,0,0.00,0,F1,75,,,,,
2025-06-09,2025-06-09,FO,NSE,IDO,56243,,NIFTY,,2025-07-03,2025-07-03,23800.00,CE,NIFTY2570323800CE,0.00,0.00,0.00,1198.00,0.00,1198.00,25103.20,1445.80,0,0,0,0.00,0,F1,75,,,,,
2025-06-09,2025-06-09,FO,NSE,IDO,56776,,NIFTY,,2025-07-03,2025-07-03,25350.00,CE,NIFTY2570325350CE,295.00,297.80,290.55,297.80,297.80,270.00,25103.20,297.80,975,75,3,5770001.25,3,F1,75,,,,,
2025-06-09,2025-06-09,FO,NSE,IDO,62330,,NIFTY,,2025-06-26,2025-06-26,23500.00,PE,NIFTY25JUN23500PE,25.05,25.05,18.20,18.95,18.80,24.85,25103.20,18.95,2268375,-109050,22436,39576272332.50,9892,F1,75,,,,,
2025-06-09,2025-06-09,FO,NSE,IDO,62298,,NIFTY,,2025-06-26,2025-06-26,23100.00,PE,NIFTY25JUN23100PE,14.05,14.05,11.85,12.25,12.55,15.65,25103.20,12.25,259425,-1275,3373,5846849268.75,2208,F1,75,,,,,
2025-06-09,2025-06-09,FO,NSE,IDO,62198,,NIFTY,,2025-06-26,2025-06-26,22450.00,PE,NIFTY25JUN22450PE,7.00,7.40,6.75,7.15,7.30,8.20,25103.20,7.15,39075,1500,163,274537908.75,144,F1,75,,,,,
2025-06-09,2025-06-09,FO,NSE,IDO,62174,,NIFTY,,2025-06-26,2025-06-26,22050.00,PE,NIFTY25JUN22050PE,6.00,6.00,5.20,5.80,5.80,6.50,25103.20,5.80,8400,-1725,118,195192506.25,46,F1,75,,,,,
2025-06-09,2025-06-09,FO,NSE,IDO,62170,,NIFTY,,2025-06-26,2025-06-26,21900.00,PE,NIFTY25JUN21900PE,5.55,5.80,5.00,5.55,5.45,6.10,25103.20,5.55,53625,525,73,119932263.75,39,F1,75,,,,,
2025-06-09,2025-06-09,FO,NSE,IDO,62064,,NIFTY,,2025-06-26,2025-06-26,20450.00,PE,NIFTY25JUN20450PE,2.90,3.25,2.30,3.10,3.15,3.00,25103.20,3.10,2625,-1575,248,380424341.25,89,F1,75,,,,,
2025-06-09,2025-06-09,FO,NSE,IDO,55120,,NIFTY,,2025-06-26,2025-06-26,18000.00,PE,NIFTY25JUN18000PE,1.95,2.35,1.80,2.00,2.00,1.95,25103.20,2.00,406425,-10575,1008,1360957556.25,347,F1,75,,,,,
2025-06-09,2025-06-09,FO,NSE,IDO,51058,,NIFTY,,2025-06-19,2025-06-19,26050.00,PE,NIFTY2561926050PE,0.00,0.00,0.00,986.10,986.10,986.10,25103.20,941.45,300,0,0,0.00,0,F1,75,,,,,
2025-06-09,2025-06-09,FO,NSE,IDO,51024,,NIFTY,,2025-06-19,2025-06-19,25300.00,PE,NIFTY2561925300PE,331.60,351.50,303.15,313.75,314.40,386.50,25103.20,313.75,59925,39825,3674,7060512120.00,2271,F1,75,,,,,
2025-06-09,2025-06-09,FO,NSE,IDO,51010,,NIFTY,,2025-06-19,2025-06-19,24950.00,PE,NIFTY2561924950PE,168.95,178.95,145.80,151.85,155.25,208.00,25103.20,151.85,149250,42150,5089,9584204662.50,3434,F1,75,,,,,
2025-06-09,2025-06-09,FO,NSE,IDO,50958,,NIFTY,,2025-06-19,2025-06-19,24000.00,PE,NIFTY2561924000PE,20.05,21.40,14.85,15.95,16.10,26.65,25103.20,15.95,708300,192975,26055,46931619157.50,13030,F1,75,,,,,
2025-06-09,2025-06-09,FO,NSE,IDO,50944,,NIFTY,,2025-06-19,2025-06-19,23800.00,PE,NIFTY2561923800PE,14.40,14.45,10.00,10.70,10.55,17.55,25103.20,10.70,307950,44700,10536,18815621741.25,6070,F1,75,,,,,
2025-06-09,2025-06-09,FO,NSE,IDO,50900,,NIFTY,,2025-06-19,2025-06-19,23500.00,PE,NIFTY2561923500PE,8.50,9.10,6.30,6.80,7.05,10.75,25103.20,6.80,538425,151575,12385,21835080498.75,4851,F1,75,,,,,
2025-06-09,2025-06-09,FO,NSE,IDO,44937,,NIFTY,,2025-06-12,2025-06-12,26550.00,PE,NIFTY2561226550PE,0.00,0.00,0.00,1780.10,1780.10,1780.10,25103.20,1433.80,975,0,0,0.00,0,F1,75,,,,,
2025-06-09,2025-06-09,FO,NSE,IDO,44875,,NIFTY,,2025-06-12,2025-06-12,25200.00,PE,NIFTY2561225200PE,200.00,227.50,172.00,184.25,183.25,263.40,25103.20,184.25,1756275,1217100,561007,1068476336066.25,351665,F1,75,,,,,
2025-06-09,2025-06-09,FO,NSE,IDO,44859,,NIFTY,,2025-06-12,2025-06-12,24850.00,PE,NIFTY2561224850PE,60.00,73.30,45.95,49.50,48.35,96.85,25103.20,49.50,1846800,393975,319370,596565469398.75,181329,F1,75,,,,,
2025-06-09,2025-06-09,FO,NSE,IDO,44835,,NIFTY,,2025-06-12,2025-06-12,24450.00,PE,NIFTY2561224450PE,20.00,20.00,10.05,10.95,11.20,25.95,25103.20,10.95,1532175,546600,155210,284762890522.50,56550,F1,75,,,,,
2025-06-09,2025-06-09,FO,NSE,IDO,44821,,NIFTY,,2025-06-12,2025-06-12,24150.00,PE,NIFTY2561224150PE,7.50,7.50,4.05,4.65,4.75,11.05,25103.20,4.65,1015200,-113100,107828,195345088897.50,30346,F1,75,,,,,
2025-06-09,2025-06-09,FO,NSE,IDO,44763,,NIFTY,,2025-06-12,2025-06-12,23100.00,PE,NIFTY2561223100PE,1.60,2.00,0.90,1.50,1.70,1.85,25103.20,1.50,418425,-464100,48674,84332014991.25,10499,F1,75,,,,,
2025-06-09,2025-06-09,FO,NSE,IDO,62474,,NIFTY,,2025-06-26,2025-06-26,26500.00,PE,NIFTY25JUN26500PE,1311.00,1350.00,1294.55,1324.70,1327.95,1405.60,25103.20,1324.70,390150,2775,292,609346046.25,238,F1,75,,,,,
2025-06-09,2025-06-09,FO,NSE,IDO,44759,,NIFTY,,2025-06-12,2025-06-12,23000.00,PE,NIFTY2561223000PE,1.30,1.60,0.80,1.40,1.50,1.70,25103.20,1.40,4475925,-793275,230410,397476470493.75,31173,F1,75,,,,,
2025-06-09,2025-06-09,FO,NSE,IDO,44743,,NIFTY,,2025-06-12,2025-06-12,22750.00,PE,NIFTY2561222750PE,1.40,1.85,0.75,1.30,1.30,1.45,25103.20,1.30,116850,33300,16730,28546803675.00,4024,F1,75,,,,,
2025-06-09,2025-06-09,FO,NSE,IDO,44741,,NIFTY,,2025-06-12,2025-06-12,22700.00,PE,NIFTY2561222700PE,1.20,1.55,0.75,1.30,1.40,1.35,25103.20,1.30,844350,595950,39142,66642287077.50,7719,F1,75,,,,,
2025-06-09,2025-06-09,FO,NSE,IDO,44735,,NIFTY,,2025-06-12,2025-06-12,22650.00,PE,NIFTY2561222650PE,1.15,1.45,0.70,1.25,1.20,1.30,25103.20,1.25,150450,-8100,14748,25054212311.25,2818,F1,75,,,,,
2025-06-09,2025-06-09,FO,NSE,IDO,89641,,NIFTY,,2029-06-28,2029-06-28,29000.00,PE,NIFTY29JUN29000PE,0.00,0.00,0.00,1746.95,0.00,1746.95,25103.20,2167.80,0,0,0,0.00,0,F1,75,,,,,
2025-06-09,2025-06-09,FO,NSE,IDO,89633,,NIFTY,,2029-06-28,2029-06-28,25000.00,PE,NIFTY29JUN25000PE,0.00,0.00,0.00,852.50,0.00,852.50,25103.20,1024.70,0,0,0,0.00,0,F1,75,,,,,
2025-06-09,2025-06-09,FO,NSE,IDO,89629,,NIFTY,,2029-06-28,2029-06-28,23000.00,PE,NIFTY29JUN23000PE,0.00,0.00,0.00,543.65,0.00,543.65,25103.20,636.55,0,0,0,0.00,0,F1,75,,,,,
2025-06-09,2025-06-09,FO,NSE,IDO,67785,,NIFTY,,2028-12-28,2028-12-28,25000.00,PE,NIFTY28DEC25000PE,1249.00,1249.00,1249.00,1249.00,1249.00,1299.00,25103.20,1249.00,925,75,1,1968675.00,1,F1,75,,,,,
2025-06-09,2025-06-09,FO,NSE,IDO,44723,,NIFTY,,2025-06-12,2025-06-12,22350.00,PE,NIFTY2561222350PE,1.00,1.25,0.60,1.10,1.15,0.95,25103.20,1.10,887325,-277950,26621,44625083700.00,3948,F1,75,,,,,
2025-06-09,2025-06-09,FO,NSE,IDO,61748,,NIFTY,,2029-12-27,2029-12-27,24000.00,CE,NIFTY29DEC24000CE,0.00,0.00,0.00,7730.00,0.00,7730.00,25103.20,7770.05,0,0,0,0.00,0,F1,75,,,,,
2025-06-09,2025-06-09,FO,NSE,IDO,61744,,NIFTY,,2029-12-27,2029-12-27,22000.00,CE,NIFTY29DEC22000CE,0.00,0.00,0.00,8865.25,0.00,8865.25,25103.20,8969.10,0,0,0,0.00,0,F1,75,,,,,
2025-06-09,2025-06-09,FO,NSE,IDO,89610,,NIFTY,,2029-06-28,2029-06-28,17000.00,CE,NIFTY29JUN17000CE,0.00,0.00,0.00,12333.10,0.00,12333.10,25103.20,11939.70,0,0,0,0.00,0,F1,75,,,,,
2025-06-09,2025-06-09,FO,NSE,IDO,86167,,NIFTY,,2028-06-29,2028-06-29,29000.00,CE,NIFTY28JUN29000CE,0.00,0.00,0.00,2333.25,0.00,2333.25,25103.20,3504.65,0,0,0,0.00,0,F1,75,,,,,
2025-06-09,2025-06-09,FO,NSE,IDO,86139,,NIFTY,,2028-06-29,2028-06-29,18000.00,CE,NIFTY28JUN18000CE,0.00,0.00,0.00,6809.35,0.00,6809.35,25103.20,10290.65,0,0,0,0.00,0,F1,75,,,,,
2025-06-09,2025-06-09,FO,NSE,IDO,53616,,NIFTY,,2027-12-30,2027-12-30,22000.00,CE,NIFTY27DEC22000CE,0.00,0.00,0.00,4499.55,0.00,4499.55,25103.20,6758.60,0,0,0,0.00,0,F1,75,,,,,
2025-06-09,2025-06-09,FO,NSE,IDO,38160,,NIFTY,,2027-06-24,2027-06-24,29000.00,CE,NIFTY27JUN29000CE,0.00,0.00,0.00,1545.20,0.00,1545.20,25103.20,2246.65,0,0,0,0.00,0,F1,75,,,,,
2025-06-09,2025-06-09,FO,NSE,IDO,71564,,NIFTY,,2027-06-24,2027-06-24,26000.00,CE,NIFTY27JUN26000CE,0.00,0.00,0.00,1900.85,0.00,1900.85,25103.20,3590.45,0,0,0,0.00,0,F1,75,,,,,
2025-06-09,2025-06-09,FO,NSE,IDO,71562,,NIFTY,,2027-06-24,2027-06-24,25000.00,CE,NIFTY27JUN25000CE,0.00,0.00,0.00,2090.05,0.00,2090.05,25103.20,4143.95,0,0,0,0.00,0,F1,75,,,,,
2025-06-09,2025-06-09,FO,NSE,IDO,38158,,NIFTY,,2026-12-31,2026-12-31,29000.00,CE,NIFTY26DEC29000CE,1100.00,1177.00,1100.00,1169.70,1170.00,1000.00,25103.20,1169.70,3675,825,14,31665690.00,14,F1,75,,,,,
2025-06-09,2025-06-09,FO,NSE,IDO,58646,,NIFTY,,2026-12-31,2026-12-31,21000.00,CE,NIFTY26DEC21000CE,0.00,0.00,0.00,3356.25,0.00,3356.25,25103.20,6252.65,0,0,0,0.00,0,F1,75,,,,,
2025-06-09,2025-06-09,FO,NSE,IDO,67779,,NIFTY,,2028-12-28,2028-12-28,22000.00,PE,NIFTY28DEC22000PE,0.00,0.00,0.00,521.30,521.30,521.30,25103.20,481.05,225,0,0,0.00,0,F1,75,,,,,
2025-06-09,2025-06-09,FO,NSE,IDO,67771,,NIFTY,,2028-12-28,2028-12-28,18000.00,PE,NIFTY28DEC18000PE,0.00,0.00,0.00,250.00,250.00,250.00,25103.20,111.55,75,0,0,0.00,0,F1,75,,,,,
2025-06-09,2025-06-09,FO,NSE,IDO,53635,,NIFTY,,2027-12-30,2027-12-30,28000.00,PE,NIFTY27DEC28000PE,0.00,0.00,0.00,4251.00,0.00,4251.00,25103.20,2126.80,0,0,0,0.00,0,F1,75,,,,,
2025-06-09,2025-06-09,FO,NSE,IDO,53615,,NIFTY,,2027-12-30,2027-12-30,21000.00,PE,NIFTY27DEC21000PE,0.00,0.00,0.00,440.05,440.05,440.05,25103.20,311.15,125,0,0,0.00,0,F1,75,,,,,
2025-06-09,2025-06-09,FO,NSE,IDO,53595,,NIFTY,,2027-12-30,2027-12-30,15000.00,PE,NIFTY27DEC15000PE,0.00,0.00,0.00,43.05,43.05,43.05,25103.20,11.60,475,0,0,0.00,0,F1,75,,,,,
2025-06-09,2025-06-09,FO,NSE,IDO,71563,,NIFTY,,2027-06-24,2027-06-24,25000.00,PE,NIFTY27JUN25000PE,0.00,0.00,0.00,5619.05,0.00,5619.05,25103.20,1087.05,0,0,0,0.00,0,F1,75,,,,,
2025-06-09,2025-06-09,FO,NSE,IDO,71552,,NIFTY,,2027-06-24,2027-06-24,20000.00,PE,NIFTY27JUN20000PE,0.00,0.00,0.00,3034.20,0.00,3034.20,25103.20,173.80,0,0,0,0.00,0,F1,75,,,,,
2025-06-09,2025-06-09,FO,NSE,IDO,50979,,NIFTY,,2026-12-31,2026-12-31,27000.00,PE,NIFTY26DEC27000PE,1699.00,1699.00,1635.00,1675.00,1675.00,1710.00,25103.20,1844.00,2550,75,5,10750800.00,5,F1,75,,,,,
2025-06-09,2025-06-09,FO,NSE,IDO,58625,,NIFTY,,2026-06-25,2026-06-25,12000.00,PE,NIFTY26JUN12000PE,0.00,0.00,0.00,20.05,20.05,20.05,25103.20,0.00,475,0,0,0.00,0,F1,75,,,,,
2025-06-09,2025-06-09,FO,NSE,IDO,62936,,NIFTY,,2026-03-26,2026-03-26,29000.00,PE,NIFTY26MAR29000PE,0.00,0.00,0.00,3815.05,0.00,3815.05,25103.20,3167.15,0,0,0,0.00,0,F1,75,,,,,
2025-06-09,2025-06-09,FO,NSE,IDO,64691,,NIFTY,,2025-09-25,2025-09-25,23000.00,PE,NIFTY25SEP23000PE,131.75,138.80,128.00,128.80,129.35,144.25,25103.20,128.80,737400,29475,3116,5406070923.75,1468,F1,75,,,,,
2025-06-09,2025-06-09,FO,NSE,IDO,72125,,NIFTY,,2025-08-28,2025-08-28,26350.00,PE,NIFTY25AUG26350PE,1147.65,1147.65,1147.65,1147.65,1147.65,1524.35,25103.20,1342.55,75,75,1,2062323.75,1,F1,75,,,,,
2025-06-09,2025-06-09,FO,NSE,IDO,72105,,NIFTY,,2025-08-28,2025-08-28,25900.00,PE,NIFTY25AUG25900PE,0.00,0.00,0.00,1228.30,0.00,1228.30,25103.20,1056.90,0,0,0,0.00,0,F1,75,,,,,
2025-06-09,2025-06-09,FO,NSE,IDO,72091,,NIFTY,,2025-08-28,2025-08-28,25550.00,PE,NIFTY25AUG25550PE,0.00,0.00,0.00,1020.90,0.00,1020.90,25103.20,860.10,0,0,0,0.00,0,F1,75,,,,,
2025-06-09,2025-06-09,FO,NSE,IDO,72088,,NIFTY,,2025-08-28,2025-08-28,25500.00,PE,NIFTY25AUG25500PE,682.10,697.00,665.85,678.95,680.00,728.40,25103.20,678.95,36975,17625,654,1284166488.75,455,F1,75,,,,,
2025-06-09,2025-06-09,FO,NSE,IDO,71965,,NIFTY,,2025-08-28,2025-08-28,24750.00,PE,NIFTY25AUG24750PE,393.10,393.10,393.10,393.10,393.10,628.00,25103.20,498.35,150,150,2,3771465.00,2,F1,75,,,,,
2025-06-09,2025-06-09,FO,NSE,IDO,71955,,NIFTY,,2025-08-28,2025-08-28,24500.00,PE,NIFTY25AUG24500PE,329.95,337.50,313.60,318.90,320.00,349.80,25103.20,318.90,77400,11925,1148,2137033496.25,938,F1,75,,,,,
2025-06-09,2025-06-09,FO,NSE,IDO,71935,,NIFTY,,2025-08-28,2025-08-28,24050.00,PE,NIFTY25AUG24050PE,0.00,0.00,0.00,377.70,0.00,377.70,25103.20,281.40,0,0,0,0.00,0,F1,75,,,,,
2025-06-09,2025-06-09,FO,NSE,IDO,71852,,NIFTY,,2025-08-28,2025-08-28,23250.00,PE,NIFTY25AUG23250PE,0.00,0.00,0.00,189.35,0.00,189.35,25103.20,127.35,0,0,0,0.00,0,F1,75,,,,,
2025-06-09,2025-06-09,FO,NSE,IDO,55864,,NIFTY,,2025-07-31,2025-07-31,26350.00,PE,NIFTY25JUL26350PE,0.00,0.00,0.00,1222.60,1223.20,1222.60,25103.20,1291.05,900,0,0,0.00,0,F1,75,,,,,
2025-06-09,2025-06-09,FO,NSE,IDO,55854,,NIFTY,,2025-07-31,2025-07-31,26100.00,PE,NIFTY25JUL26100PE,0.00,0.00,0.00,1030.00,1030.00,1030.00,25103.20,1113.60,1275,0,0,0.00,0,F1,75,,,,,
2025-06-09,2025-06-09,FO,NSE,IDO,55846,,NIFTY,,2025-07-31,2025-07-31,25900.00,PE,NIFTY25JUL25900PE,837.00,854.00,833.55,833.65,833.55,938.05,25103.20,833.65,2100,300,15,30086265.00,12,F1,75,,,,,
2025-06-09,2025-06-09,FO,NSE,IDO,55824,,NIFTY,,2025-07-31,2025-07-31,25450.00,PE,NIFTY25JUL25450PE,598.00,607.60,592.50,601.00,601.00,661.00,25103.20,715.00,675,-75,16,31259580.00,6,F1,75,,,,,
2025-06-09,2025-06-09,FO,NSE,IDO,55790,,NIFTY,,2025-07-31,2025-07-31,24750.00,PE,NIFTY25JUL24750PE,362.00,362.00,311.40,312.20,311.40,359.10,25103.20,312.20,5775,1575,114,214345533.75,55,F1,75,,,,,
2025-06-09,2025-06-09,FO,NSE,IDO,55740,,NIFTY,,2025-07-31,2025-07-31,23600.00,PE,NIFTY25JUL23600PE,107.45,107.45,90.10,92.20,90.40,107.90,25103.20,92.20,112500,15750,851,1512341081.25,499,F1,75,,,,,
2025-06-09,2025-06-09,FO,NSE,IDO,38378,,NIFTY,,2026-06-25,2026-06-25,20000.00,CE,NIFTY26JUN20000CE,0.00,0.00,0.00,3829.50,0.00,3829.50,25103.20,6425.45,0,0,0,0.00,0,F1,75,,,,,
2025-06-09,2025-06-09,FO,NSE,IDO,62924,,NIFTY,,2026-03-26,2026-03-26,24000.00,CE,NIFTY26MAR24000CE,0.00,0.00,0.00,2170.10,0.00,2170.10,25103.20,2855.40,0,0,0,0.00,0,F1,75,,,,,
2025-06-09,2025-06-09,FO,NSE,IDO,72120,,NIFTY,,2025-08-28,2025-08-28,26250.00,CE,NIFTY25AUG26250CE,0.00,0.00,0.00,469.15,0.00,469.15,25103.20,481.30,0,0,0,0.00,0,F1,75,,,,,
2025-06-09,2025-06-09,FO,NSE,IDO,72096,,NIFTY,,2025-08-28,2025-08-28,25700.00,CE,NIFTY25AUG25700CE,508.35,508.35,508.35,508.35,508.35,661.50,25103.20,689.50,75,75,1,1965626.25,1,F1,75,,,,,
2025-06-09,2025-06-09,FO,NSE,IDO,72090,,NIFTY,,2025-08-28,2025-08-28,25550.00,CE,NIFTY25AUG25550CE,0.00,0.00,0.00,722.75,0.00,722.75,25103.20,755.95,0,0,0,0.00,0,F1,75,,,,,
2025-06-09,2025-06-09,FO,NSE,IDO,55722,,NIFTY,,2025-07-31,2025-07-31,23150.00,PE,NIFTY25JUL23150PE,0.00,0.00,0.00,67.20,67.20,67.20,25103.20,59.30,1050,0,0,0.00,0,F1,75,,,,,
2025-06-09,2025-06-09,FO,NSE,IDO,40059,,NIFTY,,2025-07-10,2025-07-10,25600.00,PE,NIFTY2571025600PE,0.00,0.00,0.00,946.25,0.00,946.25,25103.20,707.20,0,0,0,0.00,0,F1,75,,,,,
2025-06-09,2025-06-09,FO,NSE,IDO,40050,,NIFTY,,2025-07-10,2025-07-10,25500.00,PE,NIFTY2571025500PE,0.00,0.00,0.00,877.35,0.00,877.35,25103.20,646.75,0,0,0,0.00,0,F1,75,,,,,
2025-06-09,2025-06-09,FO,NSE,IDO,40041,,NIFTY,,2025-07-10,2025-07-10,25350.00,PE,NIFTY2571025350PE,0.00,0.00,0.00,778.95,0.00,778.95,25103.20,561.80,0,0,0,0.00,0,F1,75,,,,,
2025-06-09,2025-06-09,FO,NSE,IDO,40030,,NIFTY,,2025-07-10,2025-07-10,25150.00,PE,NIFTY2571025150PE,375.25,377.30,373.10,375.90,373.10,657.45,25103.20,375.90,300,300,5,9572051.25,5,F1,75,,,,,
2025-06-09,2025-06-09,FO,NSE,IDO,40014,,NIFTY,,2025-07-10,2025-07-10,24950.00,PE,NIFTY2571024950PE,0.00,0.00,0.00,340.00,340.00,340.00,25103.20,369.65,225,0,0,0.00,0,F1,75,,,,,
2025-06-09,2025-06-09,FO,NSE,IDO,39981,,NIFTY,,2025-07-10,2025-07-10,24550.00,PE,NIFTY2571024550PE,0.00,0.00,0.00,283.45,283.45,283.45,25103.20,226.80,300,0,0,0.00,0,F1,75,,,,,
2025-06-09,2025-06-09,FO,NSE,IDO,39921,,NIFTY,,2025-07-10,2025-07-10,23800.00,PE,NIFTY2571023800PE,0.00,0.00,0.00,140.85,0.00,140.85,25103.20,73.15,0,0,0,0.00,0,F1,75,,,,,
2025-06-09,2025-06-09,FO,NSE,IDO,39916,,NIFTY,,2025-07-10,2025-07-10,23700.00,PE,NIFTY2571023700PE,0.00,0.00,0.00,121.70,0.00,121.70,25103.20,61.40,0,0,0,0.00,0,F1,75,,,,,
2025-06-09,2025-06-09,FO,NSE,IDO,56754,,NIFTY,,2025-07-03,2025-07-03,25250.00,PE,NIFTY2570325250PE,404.00,404.00,404.00,404.00,404.00,838.20,25103.20,404.00,75,75,1,1924050.00,1,F1,75,,,,,
2025-06-09,2025-06-09,FO,NSE,IDO,56592,,NIFTY,,2025-07-03,2025-07-03,24650.00,PE,NIFTY2570324650PE,174.00,181.35,167.65,167.65,167.65,216.00,25103.20,167.65,1725,300,11,20480392.50,9,F1,75,,,,,
2025-06-09,2025-06-09,FO,NSE,IDO,56422,,NIFTY,,2025-07-03,2025-07-03,23900.00,PE,NIFTY2570323900PE,0.00,0.00,0.00,232.90,0.00,232.90,25103.20,60.15,0,0,0,0.00,0,F1,75,,,,,
2025-06-09,2025-06-09,FO,NSE,IDO,56194,,NIFTY,,2025-07-03,2025-07-03,23500.00,PE,NIFTY2570323500PE,30.00,35.20,28.75,30.25,31.30,38.90,25103.20,30.25,20100,-2100,631,1113637631.25,262,F1,75,,,,,
2025-06-09,2025-06-09,FO,NSE,IDO,55990,,NIFTY,,2025-07-03,2025-07-03,23000.00,PE,NIFTY2570323000PE,21.00,21.00,15.65,18.05,18.00,22.30,25103.20,18.05,56400,12000,503,868358962.50,298,F1,75,,,,,
2025-06-09,2025-06-09,FO,NSE,IDO,71931,,NIFTY,,2025-08-28,2025-08-28,23950.00,PE,NIFTY25AUG23950PE,0.00,0.00,0.00,348.75,0.00,348.75,25103.20,256.15,0,0,0,0.00,0,F1,75,,,,,
2025-06-09,2025-06-09,FO,NSE,IDO,71933,,NIFTY,,2025-08-28,2025-08-28,24000.00,PE,NIFTY25AUG24000PE,219.00,223.40,207.45,212.80,207.45,234.25,25103.20,212.80,130800,23250,961,1745184566.25,715,F1,75,,,,,
2025-06-09,2025-06-09,FO,NSE,IDO,71991,,NIFTY,,2025-08-28,2025-08-28,25150.00,PE,NIFTY25AUG25150PE,0.00,0.00,0.00,810.15,0.00,810.15,25103.20,663.85,0,0,0,0.00,0,F1,75,,,,,
2025-06-09,2025-06-09,FO,NSE,IDO,72039,,NIFTY,,2025-08-28,2025-08-28,25300.00,PE,NIFTY25AUG25300PE,613.85,613.85,582.00,587.00,587.00,636.15,25103.20,733.85,5700,975,52,100992067.50,30,F1,75,,,,,
2025-06-09,2025-06-09,FO,NSE,IDO,72097,,NIFTY,,2025-08-28,2025-08-28,25700.00,PE,NIFTY25AUG25700PE,0.00,0.00,0.00,1107.25,0.00,1107.25,25103.20,941.65,0,0,0,0.00,0,F1,75,,,,,
2025-06-09,2025-06-09,FO,NSE,IDO,72109,,NIFTY,,2025-08-28,2025-08-28,26000.00,PE,NIFTY25AUG26000PE,975.70,975.70,934.30,946.55,934.30,1005.10,25103.20,946.55,26925,16800,458,925835006.25,184,F1,75,,,,,
2025-06-09,2025-06-09,FO,NSE,IDO,72111,,NIFTY,,2025-08-28,2025-08-28,26050.00,PE,NIFTY25AUG26050PE,0.00,0.00,0.00,1323.40,0.00,1323.40,25103.20,1148.15,0,0,0,0.00,0,F1,75,,,,,
2025-06-09,2025-06-09,FO,NSE,IDO,64685,,NIFTY,,2025-09-25,2025-09-25,20000.00,PE,NIFTY25SEP20000PE,26.50,27.80,22.50,23.25,23.05,26.35,25103.20,23.25,579525,-12900,719,1079811836.25,328,F1,75,,,,,
2025-06-09,2025-06-09,FO,NSE,IDO,64705,,NIFTY,,2025-09-25,2025-09-25,30000.00,PE,NIFTY25SEP30000PE,0.00,0.00,0.00,2720.25,0.00,2720.25,25103.20,4400.30,0,0,0,0.00,0,F1,75,,,,,
2025-06-09,2025-06-09,FO,NSE,IDO,50972,,NIFTY,,2025-12-24,2025-12-24,27000.00,PE,NIFTY25DEC27000PE,1569.95,1569.95,1525.00,1546.05,1542.00,1602.90,25103.20,1546.05,613100,11050,386,826460531.25,190,F1,75,,,,,
2025-06-09,2025-06-09,FO,NSE,IDO,62913,,NIFTY,,2026-03-26,2026-03-26,18000.00,PE,NIFTY26MAR18000PE,0.00,0.00,0.00,16.55,0.00,16.55,25103.20,6.55,0,0,0,0.00,0,F1,75,,,,,
2025-06-09,2025-06-09,FO,NSE,IDO,39990,,NIFTY,,2026-06-25,2026-06-25,19000.00,PE,NIFTY26JUN19000PE,0.00,0.00,0.00,205.70,205.70,205.70,25103.20,35.80,250,0,0,0.00,0,F1,75,,,,,
2025-06-09,2025-06-09,FO,NSE,IDO,58627,,NIFTY,,2026-06-25,2026-06-25,22000.00,PE,NIFTY26JUN22000PE,298.05,310.00,298.05,310.00,310.00,300.00,25103.20,264.60,2475,75,2,3345603.75,2,F1,75,,,,,
2025-06-09,2025-06-09,FO,NSE,IDO,71565,,NIFTY,,2027-06-24,2027-06-24,26000.00,PE,NIFTY27JUN26000PE,0.00,0.00,0.00,6202.20,0.00,6202.20,25103.20,1415.40,0,0,0,0.00,0,F1,75,,,,,
2025-06-09,2025-06-09,FO,NSE,IDO,35347,,NIFTY,,2027-12-30,2027-12-30,30000.00,PE,NIFTY27DEC30000PE,0.00,0.00,0.00,4140.90,0.00,4140.90,25103.20,3040.75,0,0,0,0.00,0,F1,75,,,,,
2025-06-09,2025-06-09,FO,NSE,IDO,86142,,NIFTY,,2028-06-29,2028-06-29,19000.00,PE,NIFTY28JUN19000PE,0.00,0.00,0.00,537.45,0.00,537.45,25103.20,153.90,0,0,0,0.00,0,F1,75,,,,,
2025-06-09,2025-06-09,FO,NSE,IDO,86162,,NIFTY,,2028-06-29,2028-06-29,26000.00,PE,NIFTY28JUN26000PE,0.00,0.00,0.00,2370.30,0.00,2370.30,25103.20,1352.15,0,0,0,0.00,0,F1,75,,,,,
2025-06-09,2025-06-09,FO,NSE,IDO,86168,,NIFTY,,2028-06-29,2028-06-29,29000.00,PE,NIFTY28JUN29000PE,0.00,0.00,0.00,3595.90,0.00,3595.90,25103.20,2423.00,0,0,0,0.00,0,F1,75,,,,,
2025-06-09,2025-06-09,FO,NSE,IDO,67791,,NIFTY,,2028-12-28,2028-12-28,28000.00,PE,NIFTY28DEC28000PE,0.00,0.00,0.00,1697.60,0.00,1697.60,25103.20,1929.30,0,0,0,0.00,0,F1,75,,,,,
2025-06-09,2025-06-09,FO,NSE,IDO,67795,,NIFTY,,2028-12-28,2028-12-28,30000.00,PE,NIFTY28DEC30000PE,0.00,0.00,0.00,2352.75,0.00,2352.75,25103.20,2688.10,0,0,0,0.00,0,F1,75,,,,,
2025-06-09,2025-06-09,FO,NSE,IDO,61391,,NIFTY,,2029-12-27,2029-12-27,18000.00,PE,NIFTY29DEC18000PE,0.00,0.00,0.00,96.50,0.00,96.50,25103.20,131.40,0,0,0,0.00,0,F1,75,,,,,
2025-06-09,2025-06-09,FO,NSE,IDO,61779,,NIFTY,,2029-12-27,2029-12-27,26000.00,PE,NIFTY29DEC26000PE,0.00,0.00,0.00,969.60,0.00,969.60,25103.20,1215.00,0,0,0,0.00,0,F1,75,,,,,
2025-06-09,2025-06-09,FO,NSE,IDO,39920,,NIFTY,,2025-07-10,2025-07-10,23800.00,CE,NIFTY2571023800CE,0.00,0.00,0.00,1241.25,0.00,1241.25,25103.20,1500.55,0,0,0,0.00,0,F1,75,,,,,
2025-06-09,2025-06-09,FO,NSE,IDO,55762,,NIFTY,,2025-07-31,2025-07-31,24100.00,PE,NIFTY25JUL24100PE,169.45,173.75,157.15,159.35,157.50,185.25,25103.20,159.35,49950,8775,639,1162814216.25,327,F1,75,,,,,
2025-06-09,2025-06-09,FO,NSE,IDO,55795,,NIFTY,,2025-07-31,2025-07-31,24900.00,CE,NIFTY25JUL24900CE,790.05,807.75,757.05,784.35,788.90,740.60,25103.20,784.35,80100,1050,285,549075532.50,238,F1,75,,,,,
2025-06-09,2025-06-09,FO,NSE,IDO,55783,,NIFTY,,2025-07-31,2025-07-31,24600.00,CE,NIFTY25JUL24600CE,1001.05,1015.80,979.05,994.40,994.80,939.95,25103.20,994.40,92775,-1500,112,214968783.75,78,F1,75,,,,,
2025-06-09,2025-06-09,FO,NSE,IDO,55763,,NIFTY,,2025-07-31,2025-07-31,24150.00,CE,NIFTY25JUL24150CE,0.00,0.00,0.00,1274.60,1274.60,1274.60,25103.20,1379.45,1425,0,0,0.00,0,F1,75,,,,,
2025-06-09,2025-06-09,FO,NSE,IDO,40114,,NIFTY,,2025-07-10,2025-07-10,26450.00,CE,NIFTY2571026450CE,0.00,0.00,0.00,88.20,0.00,88.20,25103.20,120.40,0,0,0,0.00,0,F1,75,,,,,
2025-06-09,2025-06-09,FO,NSE,IDO,40078,,NIFTY,,2025-07-10,2025-07-10,25950.00,CE,NIFTY2571025950CE,0.00,0.00,0.00,170.50,0.00,170.50,25103.20,229.90,0,0,0,0.00,0,F1,75,,,,,
2025-06-09,2025-06-09,FO,NSE,IDO,40074,,NIFTY,,2025-07-10,2025-07-10,25850.00,CE,NIFTY2571025850CE,0.00,0.00,0.00,192.70,0.00,192.70,25103.20,259.05,0,0,0,0.00,0,F1,75,,,,,
2025-06-09,2025-06-09,FO,NSE,IDO,39966,,NIFTY,,2025-07-10,2025-07-10,24400.00,CE,NIFTY2571024400CE,0.00,0.00,0.00,810.75,0.00,810.75,25103.20,1016.80,0,0,0,0.00,0,F1,75,,,,,
2025-06-09,2025-06-09,FO,NSE,IDO,58687,,NIFTY,,2025-07-03,2025-07-03,26250.00,CE,NIFTY2570326250CE,0.00,0.00,0.00,135.40,0.00,135.40,25103.20,108.50,0,0,0,0.00,0,F1,75,,,,,
2025-06-09,2025-06-09,FO,NSE,IDO,51025,,NIFTY,,2025-06-19,2025-06-19,25350.00,CE,NIFTY2561925350CE,158.95,172.00,135.90,142.00,144.90,133.10,25103.20,142.00,90000,39600,6578,12580667898.75,4006,F1,75,,,,,
2025-06-09,2025-06-09,FO,NSE,IDO,44728,,NIFTY,,2025-06-12,2025-06-12,22500.00,CE,NIFTY2561222500CE,2610.00,2610.00,2600.00,2600.00,2600.00,2529.00,25103.20,2614.30,12900,-150,2,3765750.00,2,F1,75,,,,,
2025-06-09,2025-06-09,FO,NSE,IDO,44794,,NIFTY,,2025-06-12,2025-06-12,23750.00,CE,NIFTY2561223750CE,0.00,0.00,0.00,1274.30,1273.45,1274.30,25103.20,1364.90,1800,0,0,0.00,0,F1,75,,,,,
2025-06-09,2025-06-09,FO,NSE,IDO,44818,,NIFTY,,2025-06-12,2025-06-12,24100.00,CE,NIFTY2561224100CE,1007.10,1057.75,990.00,1015.75,1015.75,938.60,25103.20,1015.75,40350,-4800,114,214732155.00,74,F1,75,,,,,
2025-06-09,2025-06-09,FO,NSE,IDO,44820,,NIFTY,,2025-06-12,2025-06-12,24150.00,CE,NIFTY2561224150CE,972.50,1012.25,932.40,963.00,963.00,881.30,25103.20,963.00,9825,-75,170,320208476.25,47,F1,75,,,,,
2025-06-09,2025-06-09,FO,NSE,IDO,44854,,NIFTY,,2025-06-12,2025-06-12,24750.00,CE,NIFTY2561224750CE,389.00,433.35,373.05,390.25,390.20,347.35,25103.20,390.25,1084875,-131925,11598,21875338252.50,6920,F1,75,,,,,
2025-06-09,2025-06-09,FO,NSE,IDO,44870,,NIFTY,,2025-06-12,2025-06-12,25100.00,CE,NIFTY2561225100CE,160.00,185.00,129.15,137.60,138.15,132.95,25103.20,137.60,6103350,3022950,1978570,3746987990820.00,1092714,F1,75,,,,,
2025-06-09,2025-06-09,FO,NSE,IDO,44892,,NIFTY,,2025-06-12,2025-06-12,25550.00,CE,NIFTY2561225550CE,22.55,33.20,14.50,17.00,17.00,19.25,25103.20,17.00,1870350,463575,346039,663665937060.00,144874,F1,75,,,,,
2025-06-09,2025-06-09,FO,NSE,IDO,44940,,NIFTY,,2025-06-12,2025-06-12,26650.00,CE,NIFTY2561226650CE,1.50,1.60,1.05,1.25,1.15,1.40,25103.20,1.25,645000,-69450,42732,85414496748.75,9802,F1,75,,,,,
2025-06-09,2025-06-09,FO,NSE,IDO,50927,,NIFTY,,2025-06-19,2025-06-19,23650.00,CE,NIFTY2561923650CE,0.00,0.00,0.00,1426.80,1426.80,1426.80,25103.20,1495.80,300,0,0,0.00,0,F1,75,,,,,
2025-06-09,2025-06-09,FO,NSE,IDO,50949,,NIFTY,,2025-06-19,2025-06-19,23850.00,CE,NIFTY2561923850CE,0.00,0.00,0.00,1232.40,1232.40,1232.40,25103.20,1300.85,525,0,0,0.00,0,F1,75,,,,,
2025-06-09,2025-06-09,FO,NSE,IDO,50963,,NIFTY,,2025-06-19,2025-06-19,24150.00,CE,NIFTY2561924150CE,995.00,1027.80,995.00,1027.80,1027.80,953.60,25103.20,1017.45,375,-75,4,7546841.25,4,F1,75,,,,,
2025-06-09,2025-06-09,FO,NSE,IDO,51003,,NIFTY,,2025-06-19,2025-06-19,24850.00,CE,NIFTY2561924850CE,423.05,454.50,402.80,415.45,416.65,379.50,25103.20,415.45,51150,-3450,538,1019791436.25,387,F1,75,,,,,
2025-06-09,2025-06-09,FO,NSE,IDO,51007,,NIFTY,,2025-06-19,2025-06-19,24900.00,CE,NIFTY2561924900CE,400.55,418.35,368.35,380.00,383.90,351.60,25103.20,380.00,217500,-42075,3886,7370449305.00,2452,F1,75,,,,,
2025-06-09,2025-06-09,FO,NSE,IDO,51075,,NIFTY,,2025-06-19,2025-06-19,26450.00,CE,NIFTY2561926450CE,3.25,4.60,2.70,3.00,3.20,3.20,25103.20,3.00,516000,12750,2668,5293332566.25,1268,F1,75,,,,,
2025-06-09,2025-06-09,FO,NSE,IDO,62063,,NIFTY,,2025-06-26,2025-06-26,20450.00,CE,NIFTY25JUN20450CE,0.00,0.00,0.00,4641.80,4641.95,4641.80,25103.20,4710.10,1050,0,0,0.00,0,F1,75,,,,,
2025-06-09,2025-06-09,FO,NSE,IDO,62141,,NIFTY,,2025-06-26,2025-06-26,21450.00,CE,NIFTY25JUN21450CE,0.00,0.00,0.00,3515.60,3515.60,3515.60,25103.20,3712.90,1575,0,0,0.00,0,F1,75,,,,,
2025-06-09,2025-06-09,FO,NSE,IDO,62147,,NIFTY,,2025-06-26,2025-06-26,21600.00,CE,NIFTY25JUN21600CE,0.00,0.00,0.00,3368.55,3368.55,3368.55,25103.20,3563.30,1500,0,0,0.00,0,F1,75,,,,,
2025-06-09,2025-06-09,FO,NSE,IDO,58618,,NIFTY,,2025-06-26,2025-06-26,22000.00,CE,NIFTY25JUN22000CE,3187.00,3203.80,3153.50,3172.60,3170.00,3088.45,25103.20,3172.60,881925,-3375,125,236027550.00,114,F1,75,,,,,
2025-06-09,2025-06-09,FO,NSE,IDO,62265,,NIFTY,,2025-06-26,2025-06-26,23050.00,CE,NIFTY25JUN23050CE,0.00,0.00,0.00,1840.95,1841.00,1840.95,25103.20,2119.95,2625,0,0,0.00,0,F1,75,,,,,
2025-06-09,2025-06-09,FO,NSE,IDO,62267,,NIFTY,,2025-06-26,2025-06-26,23100.00,CE,NIFTY25JUN23100CE,2083.90,2110.00,2083.90,2110.00,2110.00,2005.00,25103.20,2070.60,10950,-75,3,5668387.50,3,F1,75,,,,,
2025-06-09,2025-06-09,FO,NSE,IDO,62325,,NIFTY,,2025-06-26,2025-06-26,23400.00,CE,NIFTY25JUN23400CE,1790.00,1812.80,1778.00,1812.80,1812.80,1714.55,25103.20,1776.60,27225,225,4,7557435.00,4,F1,75,,,,,
2025-06-09,2025-06-09,FO,NSE,IDO,62349,,NIFTY,,2025-06-26,2025-06-26,23950.00,CE,NIFTY25JUN23950CE,0.00,0.00,0.00,1212.65,1212.65,1212.65,25103.20,1257.65,2100,0,0,0.00,0,F1,75,,,,,
2025-06-09,2025-06-09,FO,NSE,IDO,89627,,NIFTY,,2029-06-28,2029-06-28,22000.00,PE,NIFTY29JUN22000PE,0.00,0.00,0.00,422.00,0.00,422.00,25103.20,485.75,0,0,0,0.00,0,F1,75,,,,,
2025-06-09,2025-06-09,FO,NSE,IDO,86150,,NIFTY,,2028-06-29,2028-06-29,23000.00,PE,NIFTY28JUN23000PE,0.00,0.00,0.00,1399.25,0.00,1399.25,25103.20,635.00,0,0,0,0.00,0,F1,75,,,,,
2025-06-09,2025-06-09,FO,NSE,IDO,53627,,NIFTY,,2027-12-30,2027-12-30,25000.00,PE,NIFTY27DEC25000PE,0.00,0.00,0.00,1546.40,1546.40,1546.40,25103.20,1089.20,75,0,0,0.00,0,F1,75,,,,,
2025-06-09,2025-06-09,FO,NSE,IDO,35263,,NIFTY,,2027-06-24,2027-06-24,30000.00,PE,NIFTY27JUN30000PE,0.00,0.00,0.00,4562.55,0.00,4562.55,25103.20,3251.10,0,0,0,0.00,0,F1,75,,,,,
2025-06-09,2025-06-09,FO,NSE,IDO,71546,,NIFTY,,2027-06-24,2027-06-24,17000.00,PE,NIFTY27JUN17000PE,0.00,0.00,0.00,1814.75,0.00,1814.75,25103.20,30.75,0,0,0,0.00,0,F1,75,,,,,
2025-06-09,2025-06-09,FO,NSE,IDO,71506,,NIFTY,,2026-12-31,2026-12-31,26000.00,PE,NIFTY26DEC26000PE,1310.05,1310.05,1283.05,1295.00,1295.00,1375.00,25103.20,1295.00,13900,3625,70,143297448.75,56,F1,75,,,,,
2025-06-09,2025-06-09,FO,NSE,IDO,71502,,NIFTY,,2026-12-31,2026-12-31,24000.00,PE,NIFTY26DEC24000PE,824.00,824.00,766.00,778.95,778.95,791.00,25103.20,778.95,19875,450,14,26030490.00,14,F1,75,,,,,
2025-06-09,2025-06-09,FO,NSE,IDO,58639,,NIFTY,,2026-12-31,2026-12-31,17000.00,PE,NIFTY26DEC17000PE,0.00,0.00,0.00,97.05,97.05,97.05,25103.20,17.25,2850,0,0,0.00,0,F1,75,,,,,
2025-06-09,2025-06-09,FO,NSE,IDO,71473,,NIFTY,,2026-06-25,2026-06-25,24000.00,PE,NIFTY26JUN24000PE,555.00,555.00,546.00,546.05,546.00,560.00,25103.20,546.05,27675,1050,14,25776847.50,12,F1,75,,,,,
2025-06-09,2025-06-09,FO,NSE,IDO,38380,,NIFTY,,2026-06-25,2026-06-25,20000.00,PE,NIFTY26JUN20000PE,0.00,0.00,0.00,3159.75,0.00,3159.75,25103.20,76.70,0,0,0,0.00,0,F1,75,,,,,
2025-06-09,2025-06-09,FO,NSE,IDO,38153,,NIFTY,,2025-12-24,2025-12-24,29000.00,PE,NIFTY25DEC29000PE,3099.95,3100.00,3000.00,3032.50,3020.00,3122.70,25103.20,3032.50,24600,0,53,127316152.50,25,F1,75,,,,,
2025-06-09,2025-06-09,FO,NSE,IDO,62355,,NIFTY,,2025-06-26,2025-06-26,24150.00,CE,NIFTY25JUN24150CE,1116.75,1116.75,1116.75,1116.75,1116.75,1016.20,25103.20,1080.80,11475,0,1,1895006.25,1,F1,75,,,,,
2025-06-09,2025-06-09,FO,NSE,IDO,62383,,NIFTY,,2025-06-26,2025-06-26,24700.00,CE,NIFTY25JUN24700CE,630.00,648.00,603.90,617.40,617.40,573.30,25103.20,617.40,846525,-20700,2129,4043238847.50,1345,F1,75,,,,,
2025-06-09,2025-06-09,FO,NSE,IDO,62425,,NIFTY,,2025-06-26,2025-06-26,25600.00,CE,NIFTY25JUN25600CE,152.45,158.00,131.75,134.85,136.25,127.50,25103.20,134.85,515775,38400,6890,13301836087.50,4533,F1,75,,,,,
2025-06-09,2025-06-09,FO,NSE,IDO,62439,,NIFTY,,2025-06-26,2025-06-26,25850.00,CE,NIFTY25JUN25850CE,90.00,90.00,73.50,74.75,76.45,72.05,25103.20,74.75,46350,4500,785,1526575582.50,458,F1,75,,,,,
2025-06-09,2025-06-09,FO,NSE,IDO,55993,,NIFTY,,2025-07-03,2025-07-03,23050.00,CE,NIFTY2570323050CE,0.00,0.00,0.00,1809.35,0.00,1809.35,25103.20,2152.10,0,0,0,0.00,0,F1,75,,,,,
2025-06-09,2025-06-09,FO,NSE,IDO,56101,,NIFTY,,2025-07-03,2025-07-03,23350.00,CE,NIFTY2570323350CE,0.00,0.00,0.00,1552.60,0.00,1552.60,25103.20,1862.90,0,0,0,0.00,0,F1,75,,,,,
2025-06-09,2025-06-09,FO,NSE,IDO,56195,,NIFTY,,2025-07-03,2025-07-03,23550.00,CE,NIFTY2570323550CE,0.00,0.00,0.00,1390.00,0.00,1390.00,25103.20,1674.40,0,0,0,0.00,0,F1,75,,,,,
2025-06-09,2025-06-09,FO,NSE,IDO,56241,,NIFTY,,2025-07-03,2025-07-03,23750.00,CE,NIFTY2570323750CE,0.00,0.00,0.00,1235.30,0.00,1235.30,25103.20,1490.80,0,0,0,0.00,0,F1,75,,,,,
2025-06-09,2025-06-09,FO,NSE,IDO,71398,,NIFTY,,2025-12-24,2025-12-24,25000.00,PE,NIFTY25DEC25000PE,610.00,650.00,600.00,636.90,636.35,667.80,25103.20,636.90,1591425,24725,2332,4484333287.50,1629,F1,75,,,,,
2025-06-09,2025-06-09,FO,NSE,IDO,39988,,NIFTY,,2025-12-24,2025-12-24,19000.00,PE,NIFTY25DEC19000PE,42.65,44.00,41.55,42.30,42.70,43.35,25103.20,42.30,153050,-1975,121,172812330.00,72,F1,75,,,,,
2025-06-09,2025-06-09,FO,NSE,IDO,55122,,NIFTY,,2025-12-24,2025-12-24,18000.00,PE,NIFTY25DEC18000PE,35.00,36.20,34.70,34.85,34.90,35.80,25103.20,34.85,92225,-450,34,45988800.00,17,F1,75,,,,,
2025-06-09,2025-06-09,FO,NSE,IDO,49180,,NIFTY,,2025-12-24,2025-12-24,16500.00,PE,NIFTY25DEC16500PE,20.60,20.60,20.60,20.60,20.60,19.40,25103.20,0.15,3450,300,4,4956180.00,1,F1,75,,,,,
2025-06-09,2025-06-09,FO,NSE,IDO,72119,,NIFTY,,2025-08-28,2025-08-28,26200.00,PE,NIFTY25AUG26200PE,0.00,0.00,0.00,1422.15,0.00,1422.15,25103.20,1243.45,0,0,0,0.00,0,F1,75,,,,,
2025-06-09,2025-06-09,FO,NSE,IDO,72101,,NIFTY,,2025-08-28,2025-08-28,25800.00,PE,NIFTY25AUG25800PE,0.00,0.00,0.00,1166.90,0.00,1166.90,25103.20,998.35,0,0,0,0.00,0,F1,75,,,,,
2025-06-09,2025-06-09,FO,NSE,IDO,72095,,NIFTY,,2025-08-28,2025-08-28,25650.00,PE,NIFTY25AUG25650PE,0.00,0.00,0.00,1078.05,0.00,1078.05,25103.20,914.00,0,0,0,0.00,0,F1,75,,,,,
2025-06-09,2025-06-09,FO,NSE,IDO,71963,,NIFTY,,2025-08-28,2025-08-28,24700.00,PE,NIFTY25AUG24700PE,368.20,386.85,368.20,368.30,368.30,409.65,25103.20,479.80,2925,-450,40,75232200.00,21,F1,75,,,,,
2025-06-09,2025-06-09,FO,NSE,IDO,71943,,NIFTY,,2025-08-28,2025-08-28,24200.00,PE,NIFTY25AUG24200PE,256.10,256.10,243.75,248.65,249.10,267.75,25103.20,248.65,7425,600,20,36671763.75,12,F1,75,,,,,
2025-06-09,2025-06-09,FO,NSE,IDO,71855,,NIFTY,,2025-08-28,2025-08-28,23300.00,PE,NIFTY25AUG23300PE,120.00,120.00,110.40,110.75,110.55,126.15,25103.20,110.75,39150,5400,128,224760363.75,73,F1,75,,,,,
2025-06-09,2025-06-09,FO,NSE,IDO,71846,,NIFTY,,2025-08-28,2025-08-28,23100.00,PE,NIFTY25AUG23100PE,92.45,94.50,89.60,94.00,94.00,108.35,25103.20,94.00,27075,1800,49,85235951.25,30,F1,75,,,,,
2025-06-09,2025-06-09,FO,NSE,IDO,71834,,NIFTY,,2025-08-28,2025-08-28,22800.00,PE,NIFTY25AUG22800PE,79.90,79.90,71.85,75.25,73.30,83.30,25103.20,75.25,8625,6225,146,250481745.00,86,F1,75,,,,,
2025-06-09,2025-06-09,FO,NSE,IDO,55868,,NIFTY,,2025-07-31,2025-07-31,26450.00,PE,NIFTY25JUL26450PE,0.00,0.00,0.00,1302.75,1302.75,1302.75,25103.20,1366.60,825,0,0,0.00,0,F1,75,,,,,
2025-06-09,2025-06-09,FO,NSE,IDO,55808,,NIFTY,,2025-07-31,2025-07-31,25200.00,PE,NIFTY25JUL25200PE,485.45,500.00,469.90,477.15,477.30,527.80,25103.20,477.15,77250,19050,807,1554328068.75,592,F1,75,,,,,
2025-06-09,2025-06-09,FO,NSE,IDO,55788,,NIFTY,,2025-07-31,2025-07-31,24700.00,PE,NIFTY25JUL24700PE,305.05,317.00,295.50,296.75,298.00,334.80,25103.20,296.75,113250,675,589,1104545145.00,357,F1,75,,,,,
2025-06-09,2025-06-09,FO,NSE,IDO,56480,,NIFTY,,2025-07-03,2025-07-03,24450.00,CE,NIFTY2570324450CE,0.00,0.00,0.00,572.40,572.40,572.40,25103.20,908.30,150,0,0,0.00,0,F1,75,,,,,
2025-06-09,2025-06-09,FO,NSE,IDO,56739,,NIFTY,,2025-07-03,2025-07-03,25200.00,CE,NIFTY2570325200CE,379.95,394.00,360.60,366.65,368.30,339.25,25103.20,366.65,10200,2175,136,260890893.75,98,F1,75,,,,,
2025-06-09,2025-06-09,FO,NSE,IDO,57269,,NIFTY,,2025-07-03,2025-07-03,25950.00,CE,NIFTY2570325950CE,109.80,110.60,98.00,99.25,100.45,190.90,25103.20,99.25,2850,2850,41,80127086.25,19,F1,75,,,,,
2025-06-09,2025-06-09,FO,NSE,IDO,58685,,NIFTY,,2025-07-03,2025-07-03,26200.00,CE,NIFTY2570326200CE,78.00,78.00,58.00,58.80,59.95,54.80,25103.20,58.80,7575,3300,136,267901275.00,72,F1,75,,,,,
2025-06-09,2025-06-09,FO,NSE,IDO,58719,,NIFTY,,2025-07-03,2025-07-03,26650.00,CE,NIFTY2570326650CE,18.75,23.25,16.40,20.00,20.00,18.85,25103.20,20.00,1125,0,21,42005163.75,13,F1,75,,,,,
2025-06-09,2025-06-09,FO,NSE,IDO,39880,,NIFTY,,2025-07-10,2025-07-10,23250.00,CE,NIFTY2571023250CE,0.00,0.00,0.00,1705.95,0.00,1705.95,25103.20,2000.40,0,0,0,0.00,0,F1,75,,,,,
2025-06-09,2025-06-09,FO,NSE,IDO,39944,,NIFTY,,2025-07-10,2025-07-10,24150.00,CE,NIFTY2571024150CE,0.00,0.00,0.00,978.60,0.00,978.60,25103.20,1208.10,0,0,0,0.00,0,F1,75,,,,,
2025-06-09,2025-06-09,FO,NSE,IDO,39953,,NIFTY,,2025-07-10,2025-07-10,24300.00,CE,NIFTY2571024300CE,0.00,0.00,0.00,875.80,0.00,875.80,25103.20,1090.90,0,0,0,0.00,0,F1,75,,,,,
2025-06-09,2025-06-09,FO,NSE,IDO,39968,,NIFTY,,2025-07-10,2025-07-10,24450.00,CE,NIFTY2571024450CE,0.00,0.00,0.00,779.30,0.00,779.30,25103.20,979.10,0,0,0,0.00,0,F1,75,,,,,
2025-06-09,2025-06-09,FO,NSE,IDO,40038,,NIFTY,,2025-07-10,2025-07-10,25300.00,CE,NIFTY2571025300CE,0.00,0.00,0.00,357.30,0.00,357.30,25103.20,470.25,0,0,0,0.00,0,F1,75,,,,,
2025-06-09,2025-06-09,FO,NSE,IDO,55671,,NIFTY,,2025-07-31,2025-07-31,22250.00,CE,NIFTY25JUL22250CE,0.00,0.00,0.00,2564.15,2564.15,2564.15,25103.20,3060.80,1200,0,0,0.00,0,F1,75,,,,,
2025-06-09,2025-06-09,FO,NSE,IDO,55772,,NIFTY,,2025-07-31,2025-07-31,24300.00,PE,NIFTY25JUL24300PE,202.05,213.30,194.00,196.60,194.00,224.20,25103.20,196.60,96450,10200,942,1730950117.50,481,F1,75,,,,,
2025-06-09,2025-06-09,FO,NSE,IDO,55760,,NIFTY,,2025-07-31,2025-07-31,24050.00,PE,NIFTY25JUL24050PE,0.00,0.00,0.00,178.45,180.90,178.45,25103.20,192.25,4200,0,0,0.00,0,F1,75,,,,,
2025-06-09,2025-06-09,FO,NSE,IDO,55748,,NIFTY,,2025-07-31,2025-07-31,23750.00,PE,NIFTY25JUL23750PE,114.00,114.00,110.00,110.70,110.70,126.60,25103.20,134.25,5925,2100,34,60844747.50,11,F1,75,,,,,
2025-06-09,2025-06-09,FO,NSE,IDO,55700,,NIFTY,,2025-07-31,2025-07-31,22900.00,PE,NIFTY25JUL22900PE,52.70,52.70,44.15,45.25,45.50,51.45,25103.20,45.25,161475,300,121,208244872.50,80,F1,75,,,,,
2025-06-09,2025-06-09,FO,NSE,IDO,55686,,NIFTY,,2025-07-31,2025-07-31,22600.00,PE,NIFTY25JUL22600PE,37.00,37.50,32.30,33.60,34.10,39.65,25103.20,33.60,64725,-7350,490,831808413.75,373,F1,75,,,,,
2025-06-09,2025-06-09,FO,NSE,IDO,40057,,NIFTY,,2025-07-10,2025-07-10,25550.00,PE,NIFTY2571025550PE,0.00,0.00,0.00,911.45,0.00,911.45,25103.20,676.60,0,0,0,0.00,0,F1,75,,,,,
2025-06-09,2025-06-09,FO,NSE,IDO,40048,,NIFTY,,2025-07-10,2025-07-10,25450.00,PE,NIFTY2571025450PE,0.00,0.00,0.00,843.90,0.00,843.90,25103.20,617.65,0,0,0,0.00,0,F1,75,,,,,
2025-06-09,2025-06-09,FO,NSE,IDO,40019,,NIFTY,,2025-07-10,2025-07-10,25000.00,PE,NIFTY2571025000PE,342.45,342.50,311.85,318.95,318.00,367.70,25103.20,318.95,16425,1575,91,172823178.75,70,F1,75,,,,,
2025-06-09,2025-06-09,FO,NSE,IDO,40007,,NIFTY,,2025-07-10,2025-07-10,24850.00,PE,NIFTY2571024850PE,0.00,0.00,0.00,497.05,0.00,497.05,25103.20,329.40,0,0,0,0.00,0,F1,75,,,,,
2025-06-09,2025-06-09,FO,NSE,IDO,39984,,NIFTY,,2025-07-10,2025-07-10,24600.00,PE,NIFTY2571024600PE,205.00,205.00,191.25,191.25,191.25,294.45,25103.20,242.05,600,75,4,7440168.75,4,F1,75,,,,,
2025-06-09,2025-06-09,FO,NSE,IDO,39971,,NIFTY,,2025-07-10,2025-07-10,24500.00,PE,NIFTY2571024500PE,186.90,186.90,162.85,167.75,170.55,198.00,25103.20,167.75,5100,1425,52,96210840.00,30,F1,75,,,,,
2025-06-09,2025-06-09,FO,NSE,IDO,39945,,NIFTY,,2025-07-10,2025-07-10,24150.00,PE,NIFTY2571024150PE,0.00,0.00,0.00,226.05,0.00,226.05,25103.20,128.90,0,0,0,0.00,0,F1,75,,,,,
2025-06-09,2025-06-09,FO,NSE,IDO,39843,,NIFTY,,2025-07-10,2025-07-10,23050.00,PE,NIFTY2571023050PE,0.00,0.00,0.00,41.25,0.00,41.25,25103.20,16.85,0,0,0,0.00,0,F1,75,,,,,
2025-06-09,2025-06-09,FO,NSE,IDO,57019,,NIFTY,,2025-07-03,2025-07-03,25750.00,PE,NIFTY2570325750PE,0.00,0.00,0.00,1181.90,0.00,1181.90,25103.20,770.90,0,0,0,0.00,0,F1,75,,,,,
2025-06-09,2025-06-09,FO,NSE,IDO,56738,,NIFTY,,2025-07-03,2025-07-03,25150.00,PE,NIFTY2570325150PE,383.00,383.00,331.60,343.85,342.50,391.30,25103.20,343.85,1800,1200,32,61213185.00,27,F1,75,,,,,
2025-06-09,2025-06-09,FO,NSE,IDO,56495,,NIFTY,,2025-07-03,2025-07-03,24450.00,PE,NIFTY2570324450PE,126.55,129.65,125.25,126.10,127.75,179.90,25103.20,126.10,825,225,7,12902685.00,6,F1,75,,,,,
2025-06-09,2025-06-09,FO,NSE,IDO,56451,,NIFTY,,2025-07-03,2025-07-03,24200.00,PE,NIFTY2570324200PE,112.30,112.30,81.85,82.65,82.00,112.30,25103.20,82.65,14475,10350,186,338790847.50,65,F1,75,,,,,
2025-06-09,2025-06-09,FO,NSE,IDO,55705,,NIFTY,,2025-07-31,2025-07-31,23050.00,CE,NIFTY25JUL23050CE,0.00,0.00,0.00,2028.00,2028.00,2028.00,25103.20,2305.65,1050,0,0,0.00,0,F1,75,,,,,
2025-06-09,2025-06-09,FO,NSE,IDO,55731,,NIFTY,,2025-07-31,2025-07-31,23400.00,CE,NIFTY25JUL23400CE,1960.00,2000.30,1959.95,2000.30,2000.30,1903.65,25103.20,2000.30,900,75,3,5709018.75,3,F1,75,,,,,
2025-06-09,2025-06-09,FO,NSE,IDO,55751,,NIFTY,,2025-07-31,2025-07-31,23850.00,CE,NIFTY25JUL23850CE,0.00,0.00,0.00,1518.65,1518.65,1518.65,25103.20,1613.40,1050,0,0,0.00,0,F1,75,,,,,
2025-06-09,2025-06-09,FO,NSE,IDO,55755,,NIFTY,,2025-07-31,2025-07-31,23950.00,CE,NIFTY25JUL23950CE,0.00,0.00,0.00,1441.60,1441.60,1441.60,25103.20,1533.60,600,0,0,0.00,0,F1,75,,,,,
2025-06-09,2025-06-09,FO,NSE,IDO,55765,,NIFTY,,2025-07-31,2025-07-31,24200.00,CE,NIFTY25JUL24200CE,1287.15,1297.15,1285.00,1295.00,1295.00,1241.65,25103.20,1342.15,16500,0,10,19119697.50,10,F1,75,,,,,
2025-06-09,2025-06-09,FO,NSE,IDO,55777,,NIFTY,,2025-07-31,2025-07-31,24450.00,CE,NIFTY25JUL24450CE,0.00,0.00,0.00,1046.50,1046.50,1046.50,25103.20,1163.00,825,0,0,0.00,0,F1,75,,,,,
2025-06-09,2025-06-09,FO,NSE,IDO,55803,,NIFTY,,2025-07-31,2025-07-31,25100.00,CE,NIFTY25JUL25100CE,670.95,681.55,649.70,659.45,663.15,622.55,25103.20,659.45,59775,12750,754,1456924346.25,570,F1,75,,,,,
2025-06-09,2025-06-09,FO,NSE,IDO,55815,,NIFTY,,2025-07-31,2025-07-31,25350.00,CE,NIFTY25JUL25350CE,521.00,536.30,516.15,525.95,525.95,488.80,25103.20,637.00,9300,1050,56,108678772.50,23,F1,75,,,,,
2025-06-09,2025-06-09,FO,NSE,IDO,55879,,NIFTY,,2025-07-31,2025-07-31,26700.00,CE,NIFTY25JUL26700CE,90.00,98.55,87.30,88.85,88.60,86.25,25103.20,88.85,23400,13425,510,1024833517.50,272,F1,75,,,,,
2025-06-09,2025-06-09,FO,NSE,IDO,71845,,NIFTY,,2025-08-28,2025-08-28,23100.00,CE,NIFTY25AUG23100CE,0.00,0.00,0.00,2275.60,0.00,2275.60,25103.20,2420.90,0,0,0,0.00,0,F1,75,,,,,
2025-06-09,2025-06-09,FO,NSE,IDO,71926,,NIFTY,,2025-08-28,2025-08-28,23850.00,CE,NIFTY25AUG23850CE,0.00,0.00,0.00,1696.60,0.00,1696.60,25103.20,1806.50,0,0,0,0.00,0,F1,75,,,,,
2025-06-09,2025-06-09,FO,NSE,IDO,71976,,NIFTY,,2025-08-28,2025-08-28,25050.00,CE,NIFTY25AUG25050CE,0.00,0.00,0.00,955.55,0.00,955.55,25103.20,1008.75,0,0,0,0.00,0,F1,75,,,,,
2025-06-09,2025-06-09,FO,NSE,IDO,72092,,NIFTY,,2025-08-28,2025-08-28,25600.00,CE,NIFTY25AUG25600CE,0.00,0.00,0.00,572.05,572.05,572.05,25103.20,733.30,75,0,0,0.00,0,F1,75,,,,,
2025-06-09,2025-06-09,FO,NSE,IDO,72104,,NIFTY,,2025-08-28,2025-08-28,25900.00,CE,NIFTY25AUG25900CE,0.00,0.00,0.00,585.85,0.00,585.85,25103.20,607.45,0,0,0,0.00,0,F1,75,,,,,
2025-06-09,2025-06-09,FO,NSE,IDO,72108,,NIFTY,,2025-08-28,2025-08-28,26000.00,CE,NIFTY25AUG26000CE,400.00,413.00,390.00,396.95,399.00,375.50,25103.20,396.95,93300,2625,575,1138432717.50,331,F1,75,,,,,
2025-06-09,2025-06-09,FO,NSE,IDO,72110,,NIFTY,,2025-08-28,2025-08-28,26050.00,CE,NIFTY25AUG26050CE,0.00,0.00,0.00,533.45,0.00,533.45,25103.20,550.70,0,0,0,0.00,0,F1,75,,,,,
2025-06-09,2025-06-09,FO,NSE,IDO,64704,,NIFTY,,2025-09-25,2025-09-25,30000.00,CE,NIFTY25SEP30000CE,18.50,19.95,18.00,18.65,18.65,18.45,25103.20,18.65,59625,7875,285,641662091.25,117,F1,75,,,,,
2025-06-09,2025-06-09,FO,NSE,IDO,50971,,NIFTY,,2025-12-24,2025-12-24,27000.00,CE,NIFTY25DEC27000CE,535.55,545.05,526.00,540.50,543.00,508.55,25103.20,540.50,1293725,4875,1136,2346148548.75,767,F1,75,,,,,
2025-06-09,2025-06-09,FO,NSE,IDO,62918,,NIFTY,,2026-03-26,2026-03-26,21000.00,CE,NIFTY26MAR21000CE,0.00,0.00,0.00,4255.80,0.00,4255.80,25103.20,5210.55,0,0,0,0.00,0,F1,75,,,,,
2025-06-09,2025-06-09,FO,NSE,IDO,50556,,NIFTY,,2026-06-25,2026-06-25,18000.00,CE,NIFTY26JUN18000CE,0.00,0.00,0.00,7400.00,7400.00,7400.00,25103.20,8239.05,100,0,0,0.00,0,F1,75,,,,,
2025-06-09,2025-06-09,FO,NSE,IDO,56242,,NIFTY,,2025-07-03,2025-07-03,23750.00,PE,NIFTY2570323750PE,47.00,49.35,40.00,40.00,40.00,194.60,25103.20,44.40,225,225,6,10708297.50,5,F1,75,,,,,
2025-06-09,2025-06-09,FO,NSE,IDO,56224,,NIFTY,,2025-07-03,2025-07-03,23600.00,PE,NIFTY2570323600PE,42.50,42.50,42.50,42.50,42.50,160.95,25103.20,42.50,75,75,1,1773187.50,1,F1,75,,,,,
2025-06-09,2025-06-09,FO,NSE,IDO,55982,,NIFTY,,2025-07-03,2025-07-03,22850.00,PE,NIFTY2570322850PE,15.50,15.50,15.50,15.50,15.50,18.00,25103.20,15.50,750,150,2,3429825.00,2,F1,75,,,,,
2025-06-09,2025-06-09,FO,NSE,IDO,62464,,NIFTY,,2025-06-26,2025-06-26,26250.00,PE,NIFTY25JUN26250PE,1103.10,1103.20,1103.10,1103.20,1103.20,1138.20,25103.20,1135.45,1125,-300,6,12308925.00,5,F1,75,,,,,
2025-06-09,2025-06-09,FO,NSE,IDO,62458,,NIFTY,,2025-06-26,2025-06-26,26100.00,PE,NIFTY25JUN26100PE,948.50,980.00,932.50,953.00,953.00,1023.30,25103.20,1007.15,8850,1050,91,184688565.00,41,F1,75,,,,,
2025-06-09,2025-06-09,FO,NSE,IDO,71384,,NIFTY,,2025-06-26,2025-06-26,26000.00,PE,NIFTY25JUN26000PE,880.00,900.00,840.00,867.70,869.00,944.50,25103.20,867.70,1473650,-19475,3303,6655027391.25,2256,F1,75,,,,,
2025-06-09,2025-06-09,FO,NSE,IDO,38154,,NIFTY,,2026-06-25,2026-06-25,29000.00,CE,NIFTY26JUN29000CE,0.00,0.00,0.00,864.20,0.00,864.20,25103.20,969.40,0,0,0,0.00,0,F1,75,,,,,
2025-06-09,2025-06-09,FO,NSE,IDO,71556,,NIFTY,,2027-06-24,2027-06-24,22000.00,CE,NIFTY27JUN22000CE,0.00,0.00,0.00,2783.50,0.00,2783.50,25103.20,6111.70,0,0,0,0.00,0,F1,75,,,,,
2025-06-09,2025-06-09,FO,NSE,IDO,50549,,NIFTY,,2027-06-24,2027-06-24,28000.00,CE,NIFTY27JUN28000CE,0.00,0.00,0.00,2186.30,0.00,2186.30,25103.20,2642.95,0,0,0,0.00,0,F1,75,,,,,
2025-06-09,2025-06-09,FO,NSE,IDO,53624,,NIFTY,,2027-12-30,2027-12-30,24000.00,CE,NIFTY27DEC24000CE,0.00,0.00,0.00,3778.95,0.00,3778.95,25103.20,5436.70,0,0,0,0.00,0,F1,75,,,,,
2025-06-09,2025-06-09,FO,NSE,IDO,86141,,NIFTY,,2028-06-29,2028-06-29,19000.00,CE,NIFTY28JUN19000CE,0.00,0.00,0.00,6252.25,0.00,6252.25,25103.20,9518.85,0,0,0,0.00,0,F1,75,,,,,
2025-06-09,2025-06-09,FO,NSE,IDO,86149,,NIFTY,,2028-06-29,2028-06-29,23000.00,CE,NIFTY28JUN23000CE,0.00,0.00,0.00,4323.10,0.00,4323.10,25103.20,6686.65,0,0,0,0.00,0,F1,75,,,,,
2025-06-09,2025-06-09,FO,NSE,IDO,86153,,NIFTY,,2028-06-29,2028-06-29,25000.00,CE,NIFTY28JUN25000CE,0.00,0.00,0.00,3545.15,0.00,3545.15,25103.20,5470.60,0,0,0,0.00,0,F1,75,,,,,
2025-06-09,2025-06-09,FO,NSE,IDO,62442,,NIFTY,,2025-06-26,2025-06-26,25900.00,PE,NIFTY25JUN25900PE,783.50,806.20,758.90,777.00,777.00,859.00,25103.20,777.00,31275,1050,121,242145693.75,59,F1,75,,,,,
2025-06-09,2025-06-09,FO,NSE,IDO,62430,,NIFTY,,2025-06-26,2025-06-26,25700.00,PE,NIFTY25JUN25700PE,629.95,650.95,603.50,621.50,620.00,698.35,25103.20,621.50,41325,3300,315,621904383.75,211,F1,75,,,,,
2025-06-09,2025-06-09,FO,NSE,IDO,62416,,NIFTY,,2025-06-26,2025-06-26,25350.00,PE,NIFTY25JUN25350PE,400.55,419.55,380.00,393.25,395.20,458.00,25103.20,393.25,18900,8475,623,1203067736.25,375,F1,75,,,,,
2025-06-09,2025-06-09,FO,NSE,IDO,62410,,NIFTY,,2025-06-26,2025-06-26,25250.00,PE,NIFTY25JUN25250PE,348.05,370.50,329.00,340.05,339.25,402.90,25103.20,340.05,56325,34575,1302,2499141048.75,850,F1,75,,,,,
2025-06-09,2025-06-09,FO,NSE,IDO,62394,,NIFTY,,2025-06-26,2025-06-26,24850.00,PE,NIFTY25JUN24850PE,202.85,203.60,172.00,177.60,176.95,225.00,25103.20,177.60,156675,11175,1876,3522172676.25,1022,F1,75,,,,,
2025-06-09,2025-06-09,FO,NSE,IDO,62360,,NIFTY,,2025-06-26,2025-06-26,24200.00,PE,NIFTY25JUN24200PE,62.65,64.55,53.60,54.35,54.05,75.35,25103.20,54.35,798375,58650,14088,25630988846.25,7765,F1,75,,,,,
2025-06-09,2025-06-09,FO,NSE,IDO,62140,,NIFTY,,2025-06-26,2025-06-26,21400.00,PE,NIFTY25JUN21400PE,4.15,4.50,4.15,4.45,4.50,4.45,25103.20,4.45,38175,-75,5,8026661.25,3,F1,75,,,,,
2025-06-09,2025-06-09,FO,NSE,IDO,62098,,NIFTY,,2025-06-26,2025-06-26,20900.00,PE,NIFTY25JUN20900PE,3.55,4.10,3.15,3.70,3.50,3.50,25103.20,3.70,10800,1875,225,352745235.00,139,F1,75,,,,,
2025-06-09,2025-06-09,FO,NSE,IDO,62076,,NIFTY,,2025-06-26,2025-06-26,20700.00,PE,NIFTY25JUN20700PE,3.25,3.40,2.10,3.30,3.20,3.25,25103.20,3.30,3525,-1725,49,76084083.75,25,F1,75,,,,,
2025-06-09,2025-06-09,FO,NSE,IDO,62066,,NIFTY,,2025-06-26,2025-06-26,20500.00,PE,NIFTY25JUN20500PE,3.00,3.20,2.45,2.90,3.15,2.70,25103.20,2.90,236025,-8550,1361,2092819747.50,582,F1,75,,,,,
2025-06-09,2025-06-09,FO,NSE,IDO,51073,,NIFTY,,2025-06-19,2025-06-19,26400.00,PE,NIFTY2561926400PE,1265.10,1265.10,1265.10,1265.10,1265.10,1333.00,25103.20,1266.60,450,150,2,4149765.00,1,F1,75,,,,,
2025-06-09,2025-06-09,FO,NSE,IDO,51070,,NIFTY,,2025-06-19,2025-06-19,26350.00,PE,NIFTY2561926350PE,0.00,0.00,0.00,1269.25,1269.25,1269.25,25103.20,1218.95,750,0,0,0.00,0,F1,75,,,,,
2025-06-09,2025-06-09,FO,NSE,IDO,51064,,NIFTY,,2025-06-19,2025-06-19,26200.00,PE,NIFTY2561926200PE,0.00,0.00,0.00,1133.20,1133.20,1133.20,25103.20,1078.10,300,0,0,0.00,0,F1,75,,,,,
2025-06-09,2025-06-09,FO,NSE,IDO,51048,,NIFTY,,2025-06-19,2025-06-19,25800.00,PE,NIFTY2561925800PE,682.05,717.75,676.10,687.05,687.95,767.65,25103.20,687.05,6525,-375,245,486828337.50,77,F1,75,,,,,
2025-06-09,2025-06-09,FO,NSE,IDO,51044,,NIFTY,,2025-06-19,2025-06-19,25700.00,PE,NIFTY2561925700PE,607.95,629.00,585.00,600.45,598.80,679.30,25103.20,600.45,9150,5325,185,364977112.50,81,F1,75,,,,,
2025-06-09,2025-06-09,FO,NSE,IDO,51038,,NIFTY,,2025-06-19,2025-06-19,25600.00,PE,NIFTY2561925600PE,524.00,558.20,506.30,523.65,524.00,604.85,25103.20,523.65,8175,3150,145,284130097.50,110,F1,75,,,,,
2025-06-09,2025-06-09,FO,NSE,IDO,51022,,NIFTY,,2025-06-19,2025-06-19,25250.00,PE,NIFTY2561925250PE,303.80,320.00,277.80,285.90,285.85,356.15,25103.20,285.90,28425,26175,2420,4636363680.00,1476,F1,75,,,,,
2025-06-09,2025-06-09,FO,NSE,IDO,51000,,NIFTY,,2025-06-19,2025-06-19,24750.00,PE,NIFTY2561924750PE,110.15,116.55,90.30,94.30,95.90,137.20,25103.20,94.30,118500,26250,7022,13087249987.50,4494,F1,75,,,,,
2025-06-09,2025-06-09,FO,NSE,IDO,50992,,NIFTY,,2025-06-19,2025-06-19,24550.00,PE,NIFTY2561924550PE,66.85,72.00,54.50,57.05,57.60,88.30,25103.20,57.05,94875,24975,3696,6822181470.00,2520,F1,75,,,,,
2025-06-09,2025-06-09,FO,NSE,IDO,50983,,NIFTY,,2025-06-19,2025-06-19,24400.00,PE,NIFTY2561924400PE,53.35,53.35,37.55,39.45,38.80,63.55,25103.20,39.45,335025,74550,11569,21208233273.75,6562,F1,75,,,,,
2025-06-09,2025-06-09,FO,NSE,IDO,50975,,NIFTY,,2025-06-19,2025-06-19,24300.00,PE,NIFTY2561924300PE,39.85,40.10,29.40,30.85,31.50,50.50,25103.20,30.85,363150,147825,13351,24365677237.50,8202,F1,75,,,,,
2025-06-09,2025-06-09,FO,NSE,IDO,50962,,NIFTY,,2025-06-19,2025-06-19,24100.00,PE,NIFTY2561924100PE,26.25,26.25,18.65,19.90,19.70,33.05,25103.20,19.90,310575,9525,11239,20332401266.25,5483,F1,75,,,,,
2025-06-09,2025-06-09,FO,NSE,IDO,50928,,NIFTY,,2025-06-19,2025-06-19,23650.00,PE,NIFTY2561923650PE,10.60,10.60,7.85,8.45,8.55,13.65,25103.20,8.45,21975,-2400,901,1598732231.25,547,F1,75,,,,,
2025-06-09,2025-06-09,FO,NSE,IDO,44929,,NIFTY,,2025-06-12,2025-06-12,26400.00,PE,NIFTY2561226400PE,0.00,0.00,0.00,1609.40,1609.40,1609.40,25103.20,1283.90,1050,0,0,0.00,0,F1,75,,,,,
2025-06-09,2025-06-09,FO,NSE,IDO,44857,,NIFTY,,2025-06-12,2025-06-12,24800.00,PE,NIFTY2561224800PE,42.00,62.00,37.50,40.60,39.35,82.20,25103.20,40.60,6933075,1233825,748670,1395131110312.50,323855,F1,75,,,,,
2025-06-09,2025-06-09,FO,NSE,IDO,44825,,NIFTY,,2025-06-12,2025-06-12,24250.00,PE,NIFTY2561224250PE,8.80,9.65,5.25,5.95,6.00,14.05,25103.20,5.95,1774200,678150,156000,283802781712.50,43702,F1,75,,,,,
2025-06-09,2025-06-09,FO,NSE,IDO,44811,,NIFTY,,2025-06-12,2025-06-12,23950.00,PE,NIFTY2561223950PE,4.95,4.95,2.80,3.25,3.45,7.10,25103.20,3.25,762675,-193425,61049,109674869561.25,15652,F1,75,,,,,
2025-06-09,2025-06-09,FO,NSE,IDO,44799,,NIFTY,,2025-06-12,2025-06-12,23850.00,PE,NIFTY2561223850PE,4.40,4.40,2.35,2.80,2.80,5.95,25103.20,2.80,597900,-1037850,85195,152411055682.50,23167,F1,75,,,,,
2025-06-09,2025-06-09,FO,NSE,IDO,44793,,NIFTY,,2025-06-12,2025-06-12,23700.00,PE,NIFTY2561223700PE,2.95,3.00,1.80,2.25,2.35,4.45,25103.20,2.25,2474025,-6375,164276,292027494705.00,35854,F1,75,,,,,
2025-06-09,2025-06-09,FO,NSE,IDO,44731,,NIFTY,,2025-06-12,2025-06-12,22550.00,PE,NIFTY2561222550PE,1.20,1.55,0.70,1.20,1.25,1.15,25103.20,1.20,153000,47325,11899,20125015080.00,2097,F1,75,,,,,
2025-06-09,2025-06-09,FO,NSE,IDO,61914,,NIFTY,,2029-12-27,2029-12-27,29000.00,CE,NIFTY29DEC29000CE,0.00,0.00,0.00,5305.80,0.00,5305.80,25103.20,5246.85,0,0,0,0.00,0,F1,75,,,,,
2025-06-09,2025-06-09,FO,NSE,IDO,89640,,NIFTY,,2029-06-28,2029-06-28,29000.00,CE,NIFTY29JUN29000CE,0.00,0.00,0.00,5677.90,0.00,5677.90,25103.20,4680.70,0,0,0,0.00,0,F1,75,,,,,
2025-06-09,2025-06-09,FO,NSE,IDO,89638,,NIFTY,,2029-06-28,2029-06-28,28000.00,CE,NIFTY29JUN28000CE,0.00,0.00,0.00,6112.60,0.00,6112.60,25103.20,5126.50,0,0,0,0.00,0,F1,75,,,,,
2025-06-09,2025-06-09,FO,NSE,IDO,89630,,NIFTY,,2029-06-28,2029-06-28,24000.00,CE,NIFTY29JUN24000CE,0.00,0.00,0.00,8085.35,0.00,8085.35,25103.20,7223.35,0,0,0,0.00,0,F1,75,,,,,
2025-06-09,2025-06-09,FO,NSE,IDO,56985,,NIFTY,,2025-07-03,2025-07-03,25650.00,PE,NIFTY2570325650PE,0.00,0.00,0.00,1107.80,0.00,1107.80,25103.20,703.25,0,0,0,0.00,0,F1,75,,,,,
2025-06-09,2025-06-09,FO,NSE,IDO,56842,,NIFTY,,2025-07-03,2025-07-03,25450.00,PE,NIFTY2570325450PE,0.00,0.00,0.00,968.30,0.00,968.30,25103.20,577.65,0,0,0,0.00,0,F1,75,,,,,
2025-06-09,2025-06-09,FO,NSE,IDO,56728,,NIFTY,,2025-07-03,2025-07-03,25050.00,PE,NIFTY2570325050PE,308.05,316.10,294.45,296.85,296.85,352.65,25103.20,368.30,2175,1800,40,76069207.50,26,F1,75,,,,,
2025-06-09,2025-06-09,FO,NSE,IDO,56240,,NIFTY,,2025-07-03,2025-07-03,23700.00,PE,NIFTY2570323700PE,49.50,49.50,37.75,39.40,37.75,182.85,25103.20,39.40,1425,1425,33,58766407.50,8,F1,75,,,,,
2025-06-09,2025-06-09,FO,NSE,IDO,62470,,NIFTY,,2025-06-26,2025-06-26,26400.00,PE,NIFTY25JUN26400PE,1236.95,1236.95,1236.95,1236.95,1236.95,1291.65,25103.20,1268.45,4650,0,1,2072771.25,1,F1,75,,,,,
2025-06-09,2025-06-09,FO,NSE,IDO,62466,,NIFTY,,2025-06-26,2025-06-26,26300.00,PE,NIFTY25JUN26300PE,1117.80,1133.00,1117.80,1127.60,1132.00,1216.00,25103.20,1127.60,2025,225,3,6171210.00,3,F1,75,,,,,
2025-06-09,2025-06-09,FO,NSE,IDO,62460,,NIFTY,,2025-06-26,2025-06-26,26150.00,PE,NIFTY25JUN26150PE,1021.50,1021.50,1021.50,1021.50,1021.50,1070.25,25103.20,1049.35,1650,0,1,2037862.50,1,F1,75,,,,,
2025-06-09,2025-06-09,FO,NSE,IDO,62342,,NIFTY,,2025-06-26,2025-06-26,23750.00,PE,NIFTY25JUN23750PE,29.30,30.30,25.40,26.30,26.60,34.55,25103.20,26.30,50550,-9375,837,1492608165.00,488,F1,75,,,,,
2025-06-09,2025-06-09,FO,NSE,IDO,62336,,NIFTY,,2025-06-26,2025-06-26,23650.00,PE,NIFTY25JUN23650PE,25.95,25.95,21.60,22.90,22.90,30.35,25103.20,22.90,31350,1425,439,779461511.25,273,F1,75,,,,,
2025-06-09,2025-06-09,FO,NSE,IDO,62266,,NIFTY,,2025-06-26,2025-06-26,23050.00,PE,NIFTY25JUN23050PE,12.70,12.80,11.30,11.95,12.05,14.75,25103.20,11.95,42375,-4875,208,359763108.75,169,F1,75,,,,,
2025-06-09,2025-06-09,FO,NSE,IDO,62214,,NIFTY,,2025-06-26,2025-06-26,22800.00,PE,NIFTY25JUN22800PE,9.55,10.05,8.55,9.35,9.30,11.00,25103.20,9.35,300150,-60300,2216,3790871145.00,1026,F1,75,,,,,
2025-06-09,2025-06-09,FO,NSE,IDO,62164,,NIFTY,,2025-06-26,2025-06-26,21800.00,PE,NIFTY25JUN21800PE,5.05,5.45,4.75,5.25,5.35,5.70,25103.20,5.25,211050,6225,566,925628362.50,206,F1,75,,,,,
2025-06-09,2025-06-09,FO,NSE,IDO,62104,,NIFTY,,2025-06-26,2025-06-26,20950.00,PE,NIFTY25JUN20950PE,3.50,3.70,3.30,3.65,3.70,3.60,25103.20,3.65,2025,-900,30,47145352.50,14,F1,75,,,,,
2025-06-09,2025-06-09,FO,NSE,IDO,62080,,NIFTY,,2025-06-26,2025-06-26,20750.00,PE,NIFTY25JUN20750PE,3.25,3.65,3.15,3.45,3.35,3.35,25103.20,3.45,3000,525,52,80938035.00,20,F1,75,,,,,
2025-06-09,2025-06-09,FO,NSE,IDO,62062,,NIFTY,,2025-06-26,2025-06-26,20400.00,PE,NIFTY25JUN20400PE,2.80,3.25,2.75,3.00,3.10,2.95,25103.20,3.00,19275,4275,224,342769893.75,80,F1,75,,,,,
2025-06-09,2025-06-09,FO,NSE,IDO,39986,,NIFTY,,2025-06-26,2025-06-26,19000.00,PE,NIFTY25JUN19000PE,2.30,2.90,2.10,2.20,2.15,2.50,25103.20,2.20,677275,44400,3852,5489789643.75,798,F1,75,,,,,
2025-06-09,2025-06-09,FO,NSE,IDO,45866,,NIFTY,,2025-06-26,2025-06-26,17000.00,PE,NIFTY25JUN17000PE,1.65,2.00,1.55,1.90,1.90,1.50,25103.20,1.90,143250,1350,194,247375417.50,91,F1,75,,,,,
2025-06-09,2025-06-09,FO,NSE,IDO,51082,,NIFTY,,2025-06-19,2025-06-19,26550.00,PE,NIFTY2561926550PE,0.00,0.00,0.00,1480.50,1480.50,1480.50,25103.20,1411.20,300,0,0,0.00,0,F1,75,,,,,
2025-06-09,2025-06-09,FO,NSE,IDO,51054,,NIFTY,,2025-06-19,2025-06-19,25950.00,PE,NIFTY2561925950PE,0.00,0.00,0.00,889.65,889.65,889.65,25103.20,853.30,300,0,0,0.00,0,F1,75,,,,,
2025-06-09,2025-06-09,FO,NSE,IDO,51052,,NIFTY,,2025-06-19,2025-06-19,25900.00,PE,NIFTY2561925900PE,779.00,785.00,767.00,776.00,776.00,845.85,25103.20,810.30,3750,3300,66,132066562.50,14,F1,75,,,,,
2025-06-09,2025-06-09,FO,NSE,IDO,51026,,NIFTY,,2025-06-19,2025-06-19,25350.00,PE,NIFTY2561925350PE,360.45,378.10,333.60,346.00,345.90,420.75,25103.20,346.00,11925,9075,572,1102671322.50,362,F1,75,,,,,
2025-06-09,2025-06-09,FO,NSE,IDO,51020,,NIFTY,,2025-06-19,2025-06-19,25200.00,PE,NIFTY2561925200PE,267.85,295.00,249.00,258.85,261.00,328.05,25103.20,258.85,187050,128625,10548,20146763486.25,7214,F1,75,,,,,
2025-06-09,2025-06-09,FO,NSE,IDO,50876,,NIFTY,,2025-06-19,2025-06-19,23150.00,PE,NIFTY2561923150PE,5.00,6.00,4.05,4.40,4.55,6.55,25103.20,4.40,19200,6675,729,1265983312.50,519,F1,75,,,,,
2025-06-09,2025-06-09,FO,NSE,IDO,44945,,NIFTY,,2025-06-12,2025-06-12,26700.00,PE,NIFTY2561226700PE,0.00,0.00,0.00,1907.50,1924.35,1907.50,25103.20,1583.70,1050,0,0,0.00,0,F1,75,,,,,
2025-06-09,2025-06-09,FO,NSE,IDO,44939,,NIFTY,,2025-06-12,2025-06-12,26600.00,PE,NIFTY2561226600PE,1548.60,1548.60,1464.35,1477.90,1477.90,1776.40,25103.20,1483.75,1575,525,9,18950771.25,3,F1,75,,,,,
2025-06-09,2025-06-09,FO,NSE,IDO,44925,,NIFTY,,2025-06-12,2025-06-12,26300.00,PE,NIFTY2561226300PE,0.00,0.00,0.00,1520.00,1520.00,1520.00,25103.20,1184.05,825,0,0,0.00,0,F1,75,,,,,
2025-06-09,2025-06-09,FO,NSE,IDO,44923,,NIFTY,,2025-06-12,2025-06-12,26250.00,PE,NIFTY2561226250PE,0.00,0.00,0.00,1481.00,1481.00,1481.00,25103.20,1134.20,1125,0,0,0.00,0,F1,75,,,,,
2025-06-09,2025-06-09,FO,NSE,IDO,44909,,NIFTY,,2025-06-12,2025-06-12,25900.00,PE,NIFTY2561225900PE,803.75,817.90,759.05,792.05,794.00,879.20,25103.20,792.05,14175,0,70,140120190.00,48,F1,75,,,,,
2025-06-09,2025-06-09,FO,NSE,IDO,44907,,NIFTY,,2025-06-12,2025-06-12,25850.00,PE,NIFTY2561225850PE,0.00,0.00,0.00,1063.65,1063.65,1063.65,25103.20,739.10,825,0,0,0.00,0,F1,75,,,,,
2025-06-09,2025-06-09,FO,NSE,IDO,44841,,NIFTY,,2025-06-12,2025-06-12,24550.00,PE,NIFTY2561224550PE,23.20,24.50,14.60,15.85,15.65,35.95,25103.20,15.85,3147000,1479825,207301,381973706711.25,97042,F1,75,,,,,
2025-06-09,2025-06-09,FO,NSE,IDO,44795,,NIFTY,,2025-06-12,2025-06-12,23750.00,PE,NIFTY2561223750PE,3.00,3.30,1.90,2.40,2.50,5.00,25103.20,2.40,1143600,208800,89566,159555458542.50,19465,F1,75,,,,,
2025-06-09,2025-06-09,FO,NSE,IDO,44767,,NIFTY,,2025-06-12,2025-06-12,23200.00,PE,NIFTY2561223200PE,1.85,1.85,0.95,1.50,1.70,2.15,25103.20,1.50,1339425,-26325,57772,100528857431.25,12984,F1,75,,,,,
2025-06-09,2025-06-09,FO,NSE,IDO,44751,,NIFTY,,2025-06-12,2025-06-12,22900.00,PE,NIFTY2561222900PE,1.35,1.65,0.85,1.40,1.20,1.55,25103.20,1.40,747975,441750,36007,61845207720.00,7181,F1,75,,,,,
2025-06-09,2025-06-09,FO,NSE,IDO,44745,,NIFTY,,2025-06-12,2025-06-12,22800.00,PE,NIFTY2561222800PE,1.00,1.60,0.75,1.35,1.60,1.40,25103.20,1.35,880200,270375,48753,83371436396.25,11337,F1,75,,,,,
2025-06-09,2025-06-09,FO,NSE,IDO,61778,,NIFTY,,2029-12-27,2029-12-27,26000.00,CE,NIFTY29DEC26000CE,0.00,0.00,0.00,6686.95,0.00,6686.95,25103.20,6677.45,0,0,0,0.00,0,F1,75,,,,,
2025-06-09,2025-06-09,FO,NSE,IDO,89614,,NIFTY,,2029-06-28,2029-06-28,19000.00,CE,NIFTY29JUN19000CE,0.00,0.00,0.00,11036.95,0.00,11036.95,25103.20,10485.10,0,0,0,0.00,0,F1,75,,,,,
2025-06-09,2025-06-09,FO,NSE,IDO,67782,,NIFTY,,2028-12-28,2028-12-28,24000.00,CE,NIFTY28DEC24000CE,0.00,0.00,0.00,5850.30,0.00,5850.30,25103.20,6654.90,0,0,0,0.00,0,F1,75,,,,,
2025-06-09,2025-06-09,FO,NSE,IDO,67772,,NIFTY,,2028-12-28,2028-12-28,19000.00,CE,NIFTY28DEC19000CE,0.00,0.00,0.00,8739.00,0.00,8739.00,25103.20,10011.25,0,0,0,0.00,0,F1,75,,,,,
2025-06-09,2025-06-09,FO,NSE,IDO,67768,,NIFTY,,2028-12-28,2028-12-28,17000.00,CE,NIFTY28DEC17000CE,0.00,0.00,0.00,10036.40,0.00,10036.40,25103.20,11517.15,0,0,0,0.00,0,F1,75,,,,,
2025-06-09,2025-06-09,FO,NSE,IDO,86137,,NIFTY,,2028-06-29,2028-06-29,17000.00,CE,NIFTY28JUN17000CE,0.00,0.00,0.00,7393.45,0.00,7393.45,25103.20,11079.95,0,0,0,0.00,0,F1,75,,,,,
2025-06-09,2025-06-09,FO,NSE,IDO,53633,,NIFTY,,2027-12-30,2027-12-30,28000.00,CE,NIFTY27DEC28000CE,0.00,0.00,0.00,2639.20,0.00,2639.20,25103.20,3313.35,0,0,0,0.00,0,F1,75,,,,,
2025-06-09,2025-06-09,FO,NSE,IDO,35262,,NIFTY,,2027-06-24,2027-06-24,30000.00,CE,NIFTY27JUN30000CE,0.00,0.00,0.00,1478.40,0.00,1478.40,25103.20,1898.75,0,0,0,0.00,0,F1,75,,,,,
2025-06-09,2025-06-09,FO,NSE,IDO,37799,,NIFTY,,2026-06-25,2026-06-25,23000.00,CE,NIFTY26JUN23000CE,0.00,0.00,0.00,2645.65,0.00,2645.65,25103.20,3972.75,0,0,0,0.00,0,F1,75,,,,,
2025-06-09,2025-06-09,FO,NSE,IDO,62926,,NIFTY,,2026-03-26,2026-03-26,25000.00,CE,NIFTY26MAR25000CE,0.00,0.00,0.00,1652.55,0.00,1652.55,25103.20,2229.75,0,0,0,0.00,0,F1,75,,,,,
2025-06-09,2025-06-09,FO,NSE,IDO,71395,,NIFTY,,2025-12-24,2025-12-24,25000.00,CE,NIFTY25DEC25000CE,1555.00,1563.40,1522.00,1552.80,1555.00,1487.20,25103.20,1552.80,774000,1275,609,1212490980.00,518,F1,75,,,,,
2025-06-09,2025-06-09,FO,NSE,IDO,38376,,NIFTY,,2025-12-24,2025-12-24,20000.00,CE,NIFTY25DEC20000CE,5710.00,5735.00,5677.20,5732.25,5735.00,5611.90,25103.20,5732.25,138950,1875,82,158148300.00,39,F1,75,,,,,
2025-06-09,2025-06-09,FO,NSE,IDO,64702,,NIFTY,,2025-09-25,2025-09-25,29000.00,CE,NIFTY25SEP29000CE,36.45,38.75,35.05,36.55,36.15,35.80,25103.20,36.55,243450,3450,442,962563290.00,232,F1,75,,,,,
2025-06-09,2025-06-09,FO,NSE,IDO,72324,,NIFTY,,2025-08-28,2025-08-28,26700.00,CE,NIFTY25AUG26700CE,0.00,0.00,0.00,347.50,0.00,347.50,25103.20,349.40,0,0,0,0.00,0,F1,75,,,,,
2025-06-09,2025-06-09,FO,NSE,IDO,72126,,NIFTY,,2025-08-28,2025-08-28,26400.00,CE,NIFTY25AUG26400CE,0.00,0.00,0.00,424.95,0.00,424.95,25103.20,433.70,0,0,0,0.00,0,F1,75,,,,,
2025-06-09,2025-06-09,FO,NSE,IDO,72040,,NIFTY,,2025-08-28,2025-08-28,25350.00,CE,NIFTY25AUG25350CE,0.00,0.00,0.00,810.50,0.00,810.50,25103.20,851.35,0,0,0,0.00,0,F1,75,,,,,
2025-06-09,2025-06-09,FO,NSE,IDO,71924,,NIFTY,,2025-08-28,2025-08-28,23800.00,CE,NIFTY25AUG23800CE,0.00,0.00,0.00,1732.80,0.00,1732.80,25103.20,1845.05,0,0,0,0.00,0,F1,75,,,,,
2025-06-09,2025-06-09,FO,NSE,IDO,55867,,NIFTY,,2025-07-31,2025-07-31,26450.00,CE,NIFTY25JUL26450CE,0.00,0.00,0.00,88.25,88.25,88.25,25103.20,250.90,675,0,0,0.00,0,F1,75,,,,,
2025-06-09,2025-06-09,FO,NSE,IDO,55865,,NIFTY,,2025-07-31,2025-07-31,26400.00,CE,NIFTY25JUL26400CE,150.55,154.00,137.95,140.30,140.85,133.70,25103.20,140.30,95550,22725,701,1395593692.50,289,F1,75,,,,,
2025-06-09,2025-06-09,FO,NSE,IDO,55849,,NIFTY,,2025-07-31,2025-07-31,26000.00,CE,NIFTY25JUL26000CE,259.95,265.70,243.35,248.50,249.50,234.70,25103.20,248.50,981675,20550,7984,15720122928.75,4264,F1,75,,,,,
2025-06-09,2025-06-09,FO,NSE,IDO,55737,,NIFTY,,2025-07-31,2025-07-31,23550.00,CE,NIFTY25JUL23550CE,0.00,0.00,0.00,1771.05,1771.05,1771.05,25103.20,1862.75,525,0,0,0.00,0,F1,75,,,,,
2025-06-09,2025-06-09,FO,NSE,IDO,55711,,NIFTY,,2025-07-31,2025-07-31,23100.00,CE,NIFTY25JUL23100CE,0.00,0.00,0.00,1983.45,1983.45,1983.45,25103.20,2260.10,900,0,0,0.00,0,F1,75,,,,,
2025-06-09,2025-06-09,FO,NSE,IDO,55689,,NIFTY,,2025-07-31,2025-07-31,22700.00,CE,NIFTY25JUL22700CE,0.00,0.00,0.00,2481.10,2481.10,2481.10,25103.20,2630.75,600,0,0,0.00,0,F1,75,,,,,
2025-06-09,2025-06-09,FO,NSE,IDO,40121,,NIFTY,,2025-07-10,2025-07-10,26500.00,CE,NIFTY2571026500CE,0.00,0.00,0.00,82.25,0.00,82.25,25103.20,112.30,0,0,0,0.00,0,F1,75,,,,,
2025-06-09,2025-06-09,FO,NSE,IDO,40095,,NIFTY,,2025-07-10,2025-07-10,26200.00,CE,NIFTY2571026200CE,0.00,0.00,0.00,123.85,0.00,123.85,25103.20,168.25,0,0,0,0.00,0,F1,75,,,,,
2025-06-09,2025-06-09,FO,NSE,IDO,40088,,NIFTY,,2025-07-10,2025-07-10,26150.00,CE,NIFTY2571026150CE,0.00,0.00,0.00,132.25,0.00,132.25,25103.20,179.45,0,0,0,0.00,0,F1,75,,,,,
2025-06-09,2025-06-09,FO,NSE,IDO,40083,,NIFTY,,2025-07-10,2025-07-10,26050.00,CE,NIFTY2571026050CE,0.00,0.00,0.00,150.40,0.00,150.40,25103.20,203.35,0,0,0,0.00,0,F1,75,,,,,
2025-06-09,2025-06-09,FO,NSE,IDO,40062,,NIFTY,,2025-07-10,2025-07-10,25700.00,CE,NIFTY2571025700CE,220.00,225.85,215.75,215.75,215.75,198.75,25103.20,215.75,975,525,8,15552120.00,4,F1,75,,,,,
2025-06-09,2025-06-09,FO,NSE,IDO,40035,,NIFTY,,2025-07-10,2025-07-10,25250.00,CE,NIFTY2571025250CE,0.00,0.00,0.00,376.25,0.00,376.25,25103.20,493.95,0,0,0,0.00,0,F1,75,,,,,
2025-06-09,2025-06-09,FO,NSE,IDO,40015,,NIFTY,,2025-07-10,2025-07-10,25000.00,CE,NIFTY2571025000CE,550.10,570.15,540.65,545.45,545.35,513.25,25103.20,545.45,2400,-225,47,90088436.25,28,F1,75,,,,,
2025-06-09,2025-06-09,FO,NSE,IDO,39848,,NIFTY,,2025-07-10,2025-07-10,23150.00,CE,NIFTY2571023150CE,0.00,0.00,0.00,1795.75,0.00,1795.75,25103.20,2094.95,0,0,0,0.00,0,F1,75,,,,,
2025-06-09,2025-06-09,FO,NSE,IDO,58712,,NIFTY,,2025-07-03,2025-07-03,26500.00,CE,NIFTY2570326500CE,33.00,38.60,28.65,29.80,30.95,28.30,25103.20,29.80,45525,8025,525,1044667736.25,292,F1,75,,,,,
2025-06-09,2025-06-09,FO,NSE,IDO,58708,,NIFTY,,2025-07-03,2025-07-03,26450.00,CE,NIFTY2570326450CE,32.55,33.05,31.00,31.35,33.05,32.55,25103.20,31.35,1950,900,23,45680542.50,10,F1,75,,,,,
