TradDt,BizDt,Sgmt,Src,FinInstrmTp,FinInstrmId,ISIN,TckrSymb,SctySrs,XpryDt,FininstrmActlXpryDt,StrkPric,OptnTp,FinInstrmNm,OpnPric,HghPric,LwPric,ClsPric,LastPric,PrvsClsgPric,UndrlygPric,SttlmPric,OpnIntrst,ChngInOpnIntrst,TtlTradgVol,TtlTrfVal,TtlNbOfTxsExctd,SsnId,NewBrdLotQty,Rmks,Rsvd1,Rsvd2,Rsvd3,Rsvd4
2025-04-03,2025-04-03,FO,NSE,IDO,62333,,NIFTY,,2025-06-26,2025-06-26,23600.00,CE,NIFTY25JUN23600CE,606.00,606.00,582.00,582.00,582.00,613.10,23250.10,589.70,8775,600,13,23580622.50,11,F1,75,,,,,
2025-04-03,2025-04-03,FO,NSE,IDO,64680,,NIFTY,,2025-09-25,2025-09-25,18000.00,CE,NIFTY25SEP18000CE,0.00,0.00,0.00,9482.90,0.00,9482.90,23250.10,5802.85,0,0,0,0.00,0,F1,75,,,,,
2025-04-03,2025-04-03,FO,NSE,IDO,64702,,NIFTY,,2025-09-25,2025-09-25,29000.00,CE,NIFTY25SEP29000CE,0.00,0.00,0.00,24.00,24.00,24.00,23250.10,16.50,75,0,0,0.00,0,F1,75,,,,,
2025-04-03,2025-04-03,FO,NSE,IDO,71393,,NIFTY,,2025-12-24,2025-12-24,24000.00,CE,NIFTY25DEC24000CE,1165.05,1169.40,1100.00,1144.95,1145.55,1196.95,23250.10,1144.95,357425,21825,1136,2142623553.75,751,F1,75,,,,,
2025-04-03,2025-04-03,FO,NSE,IDO,62918,,NIFTY,,2026-03-26,2026-03-26,21000.00,CE,NIFTY26MAR21000CE,0.00,0.00,0.00,4255.80,0.00,4255.80,23250.10,3681.80,0,0,0,0.00,0,F1,75,,,,,
2025-04-03,2025-04-03,FO,NSE,IDO,62920,,NIFTY,,2026-03-26,2026-03-26,22000.00,CE,NIFTY26MAR22000CE,0.00,0.00,0.00,3481.20,0.00,3481.20,23250.10,2889.50,0,0,0,0.00,0,F1,75,,,,,
2025-04-03,2025-04-03,FO,NSE,IDO,62928,,NIFTY,,2026-03-26,2026-03-26,26000.00,CE,NIFTY26MAR26000CE,0.00,0.00,0.00,1228.35,0.00,1228.35,23250.10,753.45,0,0,0,0.00,0,F1,75,,,,,
2025-04-03,2025-04-03,FO,NSE,IDO,38154,,NIFTY,,2026-06-25,2026-06-25,29000.00,CE,NIFTY26JUN29000CE,0.00,0.00,0.00,864.20,0.00,864.20,23250.10,327.30,0,0,0,0.00,0,F1,75,,,,,
2025-04-03,2025-04-03,FO,NSE,IDO,71547,,NIFTY,,2027-06-24,2027-06-24,18000.00,CE,NIFTY27JUN18000CE,0.00,0.00,0.00,4066.45,0.00,4066.45,23250.10,7703.10,0,0,0,0.00,0,F1,75,,,,,
2025-04-03,2025-04-03,FO,NSE,IDO,71560,,NIFTY,,2027-06-24,2027-06-24,24000.00,CE,NIFTY27JUN24000CE,0.00,0.00,0.00,2300.00,2300.00,2300.00,23250.10,3246.80,600,0,0,0.00,0,F1,75,,,,,
2025-04-03,2025-04-03,FO,NSE,IDO,53613,,NIFTY,,2027-12-30,2027-12-30,21000.00,CE,NIFTY27DEC21000CE,0.00,0.00,0.00,4902.40,0.00,4902.40,23250.10,5890.25,0,0,0,0.00,0,F1,75,,,,,
2025-04-03,2025-04-03,FO,NSE,IDO,67774,,NIFTY,,2028-12-28,2028-12-28,20000.00,CE,NIFTY28DEC20000CE,0.00,0.00,0.00,8115.50,0.00,8115.50,23250.10,7697.05,0,0,0,0.00,0,F1,75,,,,,
2025-04-03,2025-04-03,FO,NSE,IDO,67784,,NIFTY,,2028-12-28,2028-12-28,25000.00,CE,NIFTY28DEC25000CE,0.00,0.00,0.00,5350.40,0.00,5350.40,23250.10,4469.40,0,0,0,0.00,0,F1,75,,,,,
2025-04-03,2025-04-03,FO,NSE,IDO,67792,,NIFTY,,2028-12-28,2028-12-28,29000.00,CE,NIFTY28DEC29000CE,0.00,0.00,0.00,3645.75,0.00,3645.75,23250.10,2606.85,0,0,0,0.00,0,F1,75,,,,,
2025-04-03,2025-04-03,FO,NSE,IDO,89638,,NIFTY,,2029-06-28,2029-06-28,28000.00,CE,NIFTY29JUN28000CE,0.00,0.00,0.00,6112.60,0.00,6112.60,23250.10,3538.55,0,0,0,0.00,0,F1,75,,,,,
2025-04-03,2025-04-03,FO,NSE,IDO,61772,,NIFTY,,2029-12-27,2029-12-27,25000.00,CE,NIFTY29DEC25000CE,0.00,0.00,0.00,7196.25,0.00,7196.25,23250.10,5567.50,0,0,0,0.00,0,F1,75,,,,,
2025-04-03,2025-04-03,FO,NSE,IDO,54499,,NIFTY,,2025-04-03,2025-04-03,20800.00,PE,NIFTY2540320800PE,0.20,1.00,0.05,0.10,0.05,0.35,23250.10,23250.10,577950,163350,49935,77899865287.50,8274,F1,75,,,,,
2025-04-03,2025-04-03,FO,NSE,IDO,54519,,NIFTY,,2025-04-03,2025-04-03,21000.00,PE,NIFTY2540321000PE,0.55,0.60,0.05,0.05,0.05,0.45,23250.10,23250.10,2454000,-1728150,203321,320235894918.75,31942,F1,75,,,,,
2025-04-03,2025-04-03,FO,NSE,IDO,54541,,NIFTY,,2025-04-03,2025-04-03,21300.00,PE,NIFTY2540321300PE,0.65,0.70,0.05,0.10,0.05,0.50,23250.10,23250.10,515325,102000,63734,101817012870.00,15574,F1,75,,,,,
2025-04-03,2025-04-03,FO,NSE,IDO,54557,,NIFTY,,2025-04-03,2025-04-03,21450.00,PE,NIFTY2540321450PE,0.60,0.75,0.05,0.10,0.05,0.55,23250.10,23250.10,129675,-1050,34282,55152343173.75,6652,F1,75,,,,,
2025-04-03,2025-04-03,FO,NSE,IDO,54559,,NIFTY,,2025-04-03,2025-04-03,21500.00,PE,NIFTY2540321500PE,0.60,0.75,0.05,0.05,0.05,0.55,23250.10,23250.10,2152725,-1405500,325604,525047615377.50,53807,F1,75,,,,,
2025-04-03,2025-04-03,FO,NSE,IDO,54593,,NIFTY,,2025-04-03,2025-04-03,22350.00,PE,NIFTY2540322350PE,1.50,1.80,0.05,0.10,0.05,2.20,23250.10,23250.10,2552850,475725,494217,828470761552.50,86973,F1,75,,,,,
2025-04-03,2025-04-03,FO,NSE,IDO,54624,,NIFTY,,2025-04-03,2025-04-03,22650.00,PE,NIFTY2540322650PE,6.35,6.35,0.05,0.05,0.05,4.90,23250.10,23250.10,3298350,-1770375,1093913,1858409826371.25,185901,F1,75,,,,,
2025-04-03,2025-04-03,FO,NSE,IDO,54859,,NIFTY,,2025-04-03,2025-04-03,24500.00,PE,NIFTY2540324500PE,1310.00,1316.30,1201.00,1249.95,1251.50,1189.25,23250.10,23250.10,71925,-25425,653,1261059697.50,456,F1,75,,,,,
2025-04-03,2025-04-03,FO,NSE,IDO,54863,,NIFTY,,2025-04-03,2025-04-03,24600.00,PE,NIFTY2540324600PE,1341.30,1361.00,1325.30,1348.85,1348.00,1280.25,23250.10,23250.10,1650,-3525,51,99261506.25,27,F1,75,,,,,
2025-04-03,2025-04-03,FO,NSE,IDO,54871,,NIFTY,,2025-04-03,2025-04-03,24800.00,PE,NIFTY2540324800PE,1560.00,1560.00,1536.00,1550.00,1550.00,1507.30,23250.10,23250.10,5250,-4725,64,126427338.75,21,F1,75,,,,,
2025-04-03,2025-04-03,FO,NSE,IDO,43799,,NIFTY,,2025-04-09,2025-04-09,21050.00,PE,NIFTY2540921050PE,2.80,2.90,1.05,1.25,1.05,2.30,23250.10,1.25,367500,350850,12128,19148319348.75,3407,F1,75,,,,,
2025-04-03,2025-04-03,FO,NSE,IDO,43825,,NIFTY,,2025-04-09,2025-04-09,21650.00,PE,NIFTY2540921650PE,5.20,5.20,1.55,1.90,1.90,3.90,23250.10,1.90,161925,130875,13446,21835536832.50,5654,F1,75,,,,,
2025-04-03,2025-04-03,FO,NSE,IDO,43827,,NIFTY,,2025-04-09,2025-04-09,21700.00,PE,NIFTY2540921700PE,6.00,9.05,1.80,2.00,1.90,4.05,23250.10,2.00,826050,611700,46228,75245751285.00,13494,F1,75,,,,,
2025-04-03,2025-04-03,FO,NSE,IDO,43920,,NIFTY,,2025-04-09,2025-04-09,23750.00,PE,NIFTY2540923750PE,549.75,564.05,448.25,514.25,524.80,440.50,23250.10,514.25,42825,4425,496,901866360.00,309,F1,75,,,,,
2025-04-03,2025-04-03,FO,NSE,IDO,43955,,NIFTY,,2025-04-09,2025-04-09,24500.00,PE,NIFTY2540924500PE,1250.00,1266.15,1184.80,1249.30,1254.70,1148.05,23250.10,1249.30,80325,23100,418,806492730.00,245,F1,75,,,,,
2025-04-03,2025-04-03,FO,NSE,IDO,43983,,NIFTY,,2025-04-09,2025-04-09,24950.00,PE,NIFTY2540924950PE,0.00,0.00,0.00,1725.95,1725.95,1725.95,23250.10,1673.25,600,0,0,0.00,0,F1,75,,,,,
2025-04-03,2025-04-03,FO,NSE,IDO,43989,,NIFTY,,2025-04-09,2025-04-09,25100.00,PE,NIFTY2540925100PE,1780.75,1813.30,1780.75,1808.60,1808.60,1737.35,23250.10,1823.10,3900,2775,43,86760228.75,23,F1,75,,,,,
2025-04-03,2025-04-03,FO,NSE,IDO,48207,,NIFTY,,2025-04-17,2025-04-17,22900.00,PE,NIFTY2541722900PE,112.05,120.00,78.35,94.85,97.00,84.45,23250.10,94.85,127200,91425,3765,6492583530.00,2437,F1,75,,,,,
2025-04-03,2025-04-03,FO,NSE,IDO,48330,,NIFTY,,2025-04-17,2025-04-17,24300.00,PE,NIFTY2541724300PE,0.00,0.00,0.00,1040.80,1040.80,1040.80,23250.10,1003.50,75,0,0,0.00,0,F1,75,,,,,
2025-04-03,2025-04-03,FO,NSE,IDO,48334,,NIFTY,,2025-04-17,2025-04-17,24400.00,PE,NIFTY2541724400PE,1080.00,1080.00,1080.00,1080.00,1080.00,1133.30,23250.10,1098.80,75,0,1,1911000.00,1,F1,75,,,,,
2025-04-03,2025-04-03,FO,NSE,IDO,48402,,NIFTY,,2025-04-17,2025-04-17,25100.00,PE,NIFTY2541725100PE,0.00,0.00,0.00,1808.05,1808.05,1808.05,23250.10,1787.80,75,0,0,0.00,0,F1,75,,,,,
2025-04-03,2025-04-03,FO,NSE,IDO,79273,,NIFTY,,2025-04-24,2025-04-24,21900.00,PE,NIFTY25APR21900PE,25.45,34.00,22.85,23.95,23.90,25.10,23250.10,23.95,305475,128625,9434,15512863657.50,5680,F1,75,,,,,
2025-04-03,2025-04-03,FO,NSE,IDO,79393,,NIFTY,,2025-04-24,2025-04-24,22500.00,PE,NIFTY25APR22500PE,79.00,85.10,56.35,63.30,64.15,59.55,23250.10,63.30,3577200,223800,37711,63815645610.00,20046,F1,75,,,,,
2025-04-03,2025-04-03,FO,NSE,IDO,79410,,NIFTY,,2025-04-24,2025-04-24,22750.00,PE,NIFTY25APR22750PE,122.00,122.80,88.60,99.65,101.75,89.40,23250.10,99.65,96075,23325,2178,3731947233.75,1321,F1,75,,,,,
2025-04-03,2025-04-03,FO,NSE,IDO,79441,,NIFTY,,2025-04-24,2025-04-24,23200.00,PE,NIFTY25APR23200PE,256.95,265.00,196.05,224.25,227.00,193.95,23250.10,224.25,1769925,257175,36127,63462179655.00,21867,F1,75,,,,,
2025-04-03,2025-04-03,FO,NSE,IDO,79487,,NIFTY,,2025-04-24,2025-04-24,23350.00,PE,NIFTY25APR23350PE,280.00,321.50,252.05,286.45,282.85,247.75,23250.10,286.45,199650,39675,3858,6837176231.25,2967,F1,75,,,,,
2025-04-03,2025-04-03,FO,NSE,IDO,79546,,NIFTY,,2025-04-24,2025-04-24,24050.00,PE,NIFTY25APR24050PE,724.35,770.00,700.00,770.00,770.00,706.70,23250.10,770.00,17925,375,15,27880226.25,11,F1,75,,,,,
2025-04-03,2025-04-03,FO,NSE,IDO,79728,,NIFTY,,2025-04-24,2025-04-24,25050.00,PE,NIFTY25APR25050PE,0.00,0.00,0.00,1739.10,1739.10,1739.10,23250.10,1709.85,1800,0,0,0.00,0,F1,75,,,,,
2025-04-03,2025-04-03,FO,NSE,IDO,79732,,NIFTY,,2025-04-24,2025-04-24,25150.00,PE,NIFTY25APR25150PE,0.00,0.00,0.00,1827.65,1827.65,1827.65,23250.10,1808.40,1800,0,0,0.00,0,F1,75,,,,,
2025-04-03,2025-04-03,FO,NSE,IDO,79736,,NIFTY,,2025-04-24,2025-04-24,25200.00,PE,NIFTY25APR25200PE,1790.00,1858.75,1790.00,1858.70,1858.75,1851.00,23250.10,1858.70,16125,600,16,32455462.50,10,F1,75,,,,,
2025-04-03,2025-04-03,FO,NSE,IDO,79751,,NIFTY,,2025-04-24,2025-04-24,25500.00,PE,NIFTY25APR25500PE,2200.00,2211.35,2095.00,2163.65,2172.95,2055.00,23250.10,2163.65,1387800,375,479,992793956.25,277,F1,75,,,,,
2025-04-03,2025-04-03,FO,NSE,IDO,51825,,NIFTY,,2025-04-30,2025-04-30,21400.00,PE,NIFTY2543021400PE,14.20,27.00,14.20,16.25,15.60,20.25,23250.10,16.25,17400,12150,305,489923475.00,147,F1,75,,,,,
2025-04-03,2025-04-03,FO,NSE,IDO,51841,,NIFTY,,2025-04-30,2025-04-30,21750.00,PE,NIFTY2543021750PE,0.00,0.00,0.00,49.40,49.40,49.40,23250.10,7.15,75,0,0,0.00,0,F1,75,,,,,
2025-04-03,2025-04-03,FO,NSE,IDO,51851,,NIFTY,,2025-04-30,2025-04-30,22000.00,PE,NIFTY2543022000PE,45.00,48.25,34.65,35.40,35.00,36.35,23250.10,35.40,431700,19575,4236,7001302353.75,2463,F1,75,,,,,
2025-04-03,2025-04-03,FO,NSE,IDO,51879,,NIFTY,,2025-04-30,2025-04-30,22400.00,PE,NIFTY2543022400PE,80.20,82.40,60.90,69.10,71.05,62.65,23250.10,69.10,42150,13275,772,1300957226.25,509,F1,75,,,,,
2025-04-03,2025-04-03,FO,NSE,IDO,51945,,NIFTY,,2025-04-30,2025-04-30,23400.00,PE,NIFTY2543023400PE,355.60,373.30,297.10,334.05,341.45,299.30,23250.10,334.05,74550,-4725,1134,2017718673.75,706,F1,75,,,,,
2025-04-03,2025-04-03,FO,NSE,IDO,61859,,NIFTY,,2029-12-27,2029-12-27,28000.00,PE,NIFTY29DEC28000PE,0.00,0.00,0.00,1411.30,0.00,1411.30,23250.10,1396.85,0,0,0,0.00,0,F1,75,,,,,
2025-04-03,2025-04-03,FO,NSE,IDO,61795,,NIFTY,,2029-12-27,2029-12-27,27000.00,PE,NIFTY29DEC27000PE,0.00,0.00,0.00,1177.90,0.00,1177.90,23250.10,1127.55,0,0,0,0.00,0,F1,75,,,,,
2025-04-03,2025-04-03,FO,NSE,IDO,61779,,NIFTY,,2029-12-27,2029-12-27,26000.00,PE,NIFTY29DEC26000PE,0.00,0.00,0.00,969.60,0.00,969.60,23250.10,892.90,0,0,0,0.00,0,F1,75,,,,,
2025-04-03,2025-04-03,FO,NSE,IDO,61749,,NIFTY,,2029-12-27,2029-12-27,24000.00,PE,NIFTY29DEC24000PE,0.00,0.00,0.00,625.50,0.00,625.50,23250.10,523.60,0,0,0,0.00,0,F1,75,,,,,
2025-04-03,2025-04-03,FO,NSE,IDO,89635,,NIFTY,,2029-06-28,2029-06-28,26000.00,PE,NIFTY29JUN26000PE,0.00,0.00,0.00,1391.75,1391.75,1391.75,23250.10,980.40,25,0,0,0.00,0,F1,75,,,,,
2025-04-03,2025-04-03,FO,NSE,IDO,67781,,NIFTY,,2028-12-28,2028-12-28,23000.00,PE,NIFTY28DEC23000PE,0.00,0.00,0.00,875.00,875.00,875.00,23250.10,442.45,3675,0,0,0.00,0,F1,75,,,,,
2025-04-03,2025-04-03,FO,NSE,IDO,71565,,NIFTY,,2027-06-24,2027-06-24,26000.00,PE,NIFTY27JUN26000PE,0.00,0.00,0.00,6202.20,0.00,6202.20,23250.10,1449.85,0,0,0,0.00,0,F1,75,,,,,
2025-04-03,2025-04-03,FO,NSE,IDO,58649,,NIFTY,,2026-12-31,2026-12-31,22000.00,PE,NIFTY26DEC22000PE,481.05,510.00,481.05,510.00,510.00,480.00,23250.10,510.00,3250,75,2,3374328.75,2,F1,75,,,,,
2025-04-03,2025-04-03,FO,NSE,IDO,58643,,NIFTY,,2026-12-31,2026-12-31,19000.00,PE,NIFTY26DEC19000PE,0.00,0.00,0.00,256.00,256.00,256.00,23250.10,49.30,1650,0,0,0.00,0,F1,75,,,,,
2025-04-03,2025-04-03,FO,NSE,IDO,58639,,NIFTY,,2026-12-31,2026-12-31,17000.00,PE,NIFTY26DEC17000PE,0.00,0.00,0.00,97.05,97.05,97.05,23250.10,7.95,2850,0,0,0.00,0,F1,75,,,,,
2025-04-03,2025-04-03,FO,NSE,IDO,71398,,NIFTY,,2025-12-24,2025-12-24,25000.00,PE,NIFTY25DEC25000PE,1339.95,1350.00,1272.80,1328.25,1320.00,1267.50,23250.10,1328.25,366950,4900,489,964882327.50,408,F1,75,,,,,
2025-04-03,2025-04-03,FO,NSE,IDO,55122,,NIFTY,,2025-12-24,2025-12-24,18000.00,PE,NIFTY25DEC18000PE,0.00,0.00,0.00,75.40,75.40,75.40,23250.10,2.50,5425,0,0,0.00,0,F1,75,,,,,
2025-04-03,2025-04-03,FO,NSE,IDO,51973,,NIFTY,,2025-04-30,2025-04-30,23850.00,PE,NIFTY2543023850PE,0.00,0.00,0.00,762.30,0.00,762.30,23250.10,634.50,0,0,0,0.00,0,F1,75,,,,,
2025-04-03,2025-04-03,FO,NSE,IDO,52001,,NIFTY,,2025-04-30,2025-04-30,24350.00,PE,NIFTY2543024350PE,0.00,0.00,0.00,1121.75,0.00,1121.75,23250.10,1036.30,0,0,0,0.00,0,F1,75,,,,,
2025-04-03,2025-04-03,FO,NSE,IDO,52041,,NIFTY,,2025-04-30,2025-04-30,24900.00,PE,NIFTY2543024900PE,0.00,0.00,0.00,1580.65,0.00,1580.65,23250.10,1543.80,0,0,0,0.00,0,F1,75,,,,,
2025-04-03,2025-04-03,FO,NSE,IDO,61350,,NIFTY,,2025-05-29,2025-05-29,20850.00,PE,NIFTY25MAY20850PE,0.00,0.00,0.00,92.30,0.00,92.30,23250.10,4.25,0,0,0,0.00,0,F1,75,,,,,
2025-04-03,2025-04-03,FO,NSE,IDO,61378,,NIFTY,,2025-05-29,2025-05-29,21250.00,PE,NIFTY25MAY21250PE,0.00,0.00,0.00,102.50,102.50,102.50,23250.10,11.85,1200,0,0,0.00,0,F1,75,,,,,
2025-04-03,2025-04-03,FO,NSE,IDO,61472,,NIFTY,,2025-05-29,2025-05-29,21800.00,PE,NIFTY25MAY21800PE,77.05,84.05,71.40,82.60,82.30,76.80,23250.10,82.60,90225,9675,553,907436925.00,361,F1,75,,,,,
2025-04-03,2025-04-03,FO,NSE,IDO,61524,,NIFTY,,2025-05-29,2025-05-29,22950.00,PE,NIFTY25MAY22950PE,270.00,287.45,270.00,287.45,287.45,257.65,23250.10,287.45,14025,-525,9,15676023.75,8,F1,75,,,,,
2025-04-03,2025-04-03,FO,NSE,IDO,61538,,NIFTY,,2025-05-29,2025-05-29,23300.00,PE,NIFTY25MAY23300PE,389.90,427.35,373.75,407.15,407.90,367.65,23250.10,407.15,121275,11925,1160,2061987161.25,769,F1,75,,,,,
2025-04-03,2025-04-03,FO,NSE,IDO,61548,,NIFTY,,2025-05-29,2025-05-29,23550.00,PE,NIFTY25MAY23550PE,525.10,542.95,476.70,522.00,520.40,468.45,23250.10,522.00,10800,8175,174,314055348.75,150,F1,75,,,,,
2025-04-03,2025-04-03,FO,NSE,IDO,61552,,NIFTY,,2025-05-29,2025-05-29,23650.00,PE,NIFTY25MAY23650PE,569.20,569.20,532.95,548.00,548.00,547.00,23250.10,570.10,2700,-1125,40,72613616.25,24,F1,75,,,,,
2025-04-03,2025-04-03,FO,NSE,IDO,61764,,NIFTY,,2025-05-29,2025-05-29,25200.00,PE,NIFTY25MAY25200PE,0.00,0.00,0.00,2316.95,0.00,2316.95,23250.10,1749.90,0,0,0,0.00,0,F1,75,,,,,
2025-04-03,2025-04-03,FO,NSE,IDO,55120,,NIFTY,,2025-06-26,2025-06-26,18000.00,PE,NIFTY25JUN18000PE,13.60,15.15,13.30,14.55,15.15,13.80,23250.10,14.55,282250,4275,400,540431377.50,155,F1,75,,,,,
2025-04-03,2025-04-03,FO,NSE,IDO,62142,,NIFTY,,2025-06-26,2025-06-26,21450.00,PE,NIFTY25JUN21450PE,0.00,0.00,0.00,59.85,0.00,59.85,23250.10,40.95,0,0,0,0.00,0,F1,75,,,,,
2025-04-03,2025-04-03,FO,NSE,IDO,62160,,NIFTY,,2025-06-26,2025-06-26,21700.00,PE,NIFTY25JUN21700PE,88.45,123.20,88.45,122.50,122.00,82.75,23250.10,122.50,7725,7725,110,180010635.00,41,F1,75,,,,,
2025-04-03,2025-04-03,FO,NSE,IDO,62190,,NIFTY,,2025-06-26,2025-06-26,22250.00,PE,NIFTY25JUN22250PE,0.00,0.00,0.00,157.80,0.00,157.80,23250.10,137.05,0,0,0,0.00,0,F1,75,,,,,
2025-04-03,2025-04-03,FO,NSE,IDO,51455,,NIFTY,,2026-06-25,2026-06-25,21000.00,PE,NIFTY26JUN21000PE,0.00,0.00,0.00,287.50,314.85,287.50,23250.10,161.70,1650,0,0,0.00,0,F1,75,,,,,
2025-04-03,2025-04-03,FO,NSE,IDO,71477,,NIFTY,,2026-06-25,2026-06-25,26000.00,PE,NIFTY26JUN26000PE,0.00,0.00,0.00,6709.20,0.00,6709.20,23250.10,1793.15,0,0,0,0.00,0,F1,75,,,,,
2025-04-03,2025-04-03,FO,NSE,IDO,58633,,NIFTY,,2026-12-31,2026-12-31,14000.00,PE,NIFTY26DEC14000PE,0.00,0.00,0.00,20.20,20.20,20.20,23250.10,0.15,1550,0,0,0.00,0,F1,75,,,,,
2025-04-03,2025-04-03,FO,NSE,IDO,58637,,NIFTY,,2026-12-31,2026-12-31,16000.00,PE,NIFTY26DEC16000PE,0.00,0.00,0.00,23.30,23.30,23.30,23250.10,2.55,2425,0,0,0.00,0,F1,75,,,,,
2025-04-03,2025-04-03,FO,NSE,IDO,53617,,NIFTY,,2027-12-30,2027-12-30,22000.00,PE,NIFTY27DEC22000PE,0.00,0.00,0.00,329.00,329.00,329.00,23250.10,332.75,25,0,0,0.00,0,F1,75,,,,,
2025-04-03,2025-04-03,FO,NSE,IDO,86168,,NIFTY,,2028-06-29,2028-06-29,29000.00,PE,NIFTY28JUN29000PE,0.00,0.00,0.00,3595.90,0.00,3595.90,23250.10,2341.25,0,0,0,0.00,0,F1,75,,,,,
2025-04-03,2025-04-03,FO,NSE,IDO,67773,,NIFTY,,2028-12-28,2028-12-28,19000.00,PE,NIFTY28DEC19000PE,0.00,0.00,0.00,158.00,0.00,158.00,23250.10,79.25,0,0,0,0.00,0,F1,75,,,,,
2025-04-03,2025-04-03,FO,NSE,IDO,67791,,NIFTY,,2028-12-28,2028-12-28,28000.00,PE,NIFTY28DEC28000PE,0.00,0.00,0.00,1697.60,0.00,1697.60,23250.10,1714.85,0,0,0,0.00,0,F1,75,,,,,
2025-04-03,2025-04-03,FO,NSE,IDO,89637,,NIFTY,,2029-06-28,2029-06-28,27000.00,PE,NIFTY29JUN27000PE,0.00,0.00,0.00,1252.35,0.00,1252.35,23250.10,1243.75,0,0,0,0.00,0,F1,75,,,,,
2025-04-03,2025-04-03,FO,NSE,IDO,61403,,NIFTY,,2029-12-27,2029-12-27,19000.00,PE,NIFTY29DEC19000PE,0.00,0.00,0.00,142.25,0.00,142.25,23250.10,79.75,0,0,0,0.00,0,F1,75,,,,,
2025-04-03,2025-04-03,FO,NSE,IDO,61915,,NIFTY,,2029-12-27,2029-12-27,29000.00,PE,NIFTY29DEC29000PE,0.00,0.00,0.00,1669.20,0.00,1669.20,23250.10,1701.05,0,0,0,0.00,0,F1,75,,,,,
2025-04-03,2025-04-03,FO,NSE,IDO,48034,,NIFTY,,2025-04-17,2025-04-17,20950.00,CE,NIFTY2541720950CE,0.00,0.00,0.00,1604.80,0.00,1604.80,23250.10,2352.25,0,0,0,0.00,0,F1,75,,,,,
2025-04-03,2025-04-03,FO,NSE,IDO,48030,,NIFTY,,2025-04-17,2025-04-17,20850.00,CE,NIFTY2541720850CE,0.00,0.00,0.00,1698.60,0.00,1698.60,23250.10,2452.00,0,0,0,0.00,0,F1,75,,,,,
2025-04-03,2025-04-03,FO,NSE,IDO,44002,,NIFTY,,2025-04-09,2025-04-09,25350.00,CE,NIFTY2540925350CE,1.50,1.65,0.95,1.00,0.95,1.55,23250.10,1.00,875475,414450,35386,67281022916.25,5550,F1,75,,,,,
2025-04-03,2025-04-03,FO,NSE,IDO,43984,,NIFTY,,2025-04-09,2025-04-09,25000.00,CE,NIFTY2540925000CE,2.10,2.35,1.00,1.10,1.10,2.10,23250.10,1.10,3479325,1657275,170846,320355147322.50,32118,F1,75,,,,,
2025-04-03,2025-04-03,FO,NSE,IDO,79673,,NIFTY,,2025-04-24,2025-04-24,24750.00,PE,NIFTY25APR24750PE,0.00,0.00,0.00,1438.75,1438.75,1438.75,23250.10,1417.10,1500,0,0,0.00,0,F1,75,,,,,
2025-04-03,2025-04-03,FO,NSE,IDO,79671,,NIFTY,,2025-04-24,2025-04-24,24700.00,PE,NIFTY25APR24700PE,1365.10,1378.35,1365.10,1373.20,1378.35,1295.45,23250.10,1373.20,23250,375,13,25421358.75,9,F1,75,,,,,
2025-04-03,2025-04-03,FO,NSE,IDO,79643,,NIFTY,,2025-04-24,2025-04-24,24550.00,PE,NIFTY25APR24550PE,0.00,0.00,0.00,1240.00,1240.00,1240.00,23250.10,1226.10,975,0,0,0.00,0,F1,75,,,,,
2025-04-03,2025-04-03,FO,NSE,IDO,79607,,NIFTY,,2025-04-24,2025-04-24,24150.00,PE,NIFTY25APR24150PE,844.00,844.00,844.00,844.00,844.00,851.35,23250.10,844.00,12225,-75,1,1874550.00,1,F1,75,,,,,
2025-04-03,2025-04-03,FO,NSE,IDO,79514,,NIFTY,,2025-04-24,2025-04-24,23800.00,PE,NIFTY25APR23800PE,588.85,605.00,501.05,565.35,564.00,489.20,23250.10,565.35,1382325,24000,3155,5763794471.25,1804,F1,75,,,,,
2025-04-03,2025-04-03,FO,NSE,IDO,79423,,NIFTY,,2025-04-24,2025-04-24,22900.00,PE,NIFTY25APR22900PE,180.00,180.00,115.85,132.00,134.70,115.95,23250.10,132.00,469875,22500,8083,13961310427.50,6175,F1,75,,,,,
2025-04-03,2025-04-03,FO,NSE,IDO,79416,,NIFTY,,2025-04-24,2025-04-24,22850.00,PE,NIFTY25APR22850PE,137.15,142.65,106.10,121.00,121.60,106.15,23250.10,121.00,74250,11625,2473,4260253177.50,1744,F1,75,,,,,
2025-04-03,2025-04-03,FO,NSE,IDO,79391,,NIFTY,,2025-04-24,2025-04-24,22450.00,PE,NIFTY25APR22450PE,67.00,67.65,51.15,56.95,59.95,54.10,23250.10,56.95,125100,18450,1700,2869532673.75,1105,F1,75,,,,,
2025-04-03,2025-04-03,FO,NSE,IDO,79263,,NIFTY,,2025-04-24,2025-04-24,21650.00,PE,NIFTY25APR21650PE,18.55,19.55,15.45,16.80,16.65,18.60,23250.10,16.80,7425,-3825,196,318520923.75,146,F1,75,,,,,
2025-04-03,2025-04-03,FO,NSE,IDO,48408,,NIFTY,,2025-04-17,2025-04-17,25150.00,PE,NIFTY2541725150PE,0.00,0.00,0.00,1864.10,1864.10,1864.10,23250.10,1837.60,75,0,0,0.00,0,F1,75,,,,,
2025-04-03,2025-04-03,FO,NSE,IDO,48370,,NIFTY,,2025-04-17,2025-04-17,24750.00,PE,NIFTY2541724750PE,0.00,0.00,0.00,1455.15,1455.15,1455.15,23250.10,1440.45,75,0,0,0.00,0,F1,75,,,,,
2025-04-03,2025-04-03,FO,NSE,IDO,48211,,NIFTY,,2025-04-17,2025-04-17,23000.00,PE,NIFTY2541723000PE,149.65,149.90,102.80,121.75,125.00,105.55,23250.10,121.75,339900,118350,11620,20147666403.75,7608,F1,75,,,,,
2025-04-03,2025-04-03,FO,NSE,IDO,48095,,NIFTY,,2025-04-17,2025-04-17,21300.00,PE,NIFTY2541721300PE,7.40,7.40,3.90,4.10,4.00,7.10,23250.10,4.10,3600,1425,101,161384103.75,64,F1,75,,,,,
2025-04-03,2025-04-03,FO,NSE,IDO,48091,,NIFTY,,2025-04-17,2025-04-17,21250.00,PE,NIFTY2541721250PE,4.65,5.05,4.25,4.25,4.25,8.50,23250.10,0.05,2475,-75,38,60575992.50,9,F1,75,,,,,
2025-04-03,2025-04-03,FO,NSE,IDO,48053,,NIFTY,,2025-04-17,2025-04-17,20950.00,PE,NIFTY2541720950PE,3.25,3.65,2.90,3.00,3.00,7.20,23250.10,0.05,2100,1275,50,78574383.75,10,F1,75,,,,,
2025-04-03,2025-04-03,FO,NSE,IDO,44005,,NIFTY,,2025-04-09,2025-04-09,25400.00,PE,NIFTY2540925400PE,2110.00,2151.00,2110.00,2138.05,2151.00,2041.80,23250.10,2138.05,2550,1350,18,37167765.00,13,F1,75,,,,,
2025-04-03,2025-04-03,FO,NSE,IDO,43979,,NIFTY,,2025-04-09,2025-04-09,24900.00,PE,NIFTY2540924900PE,0.00,0.00,0.00,1562.00,1562.00,1562.00,23250.10,1623.30,1500,0,0,0.00,0,F1,75,,,,,
2025-04-03,2025-04-03,FO,NSE,IDO,43968,,NIFTY,,2025-04-09,2025-04-09,24650.00,PE,NIFTY2540924650PE,0.00,0.00,0.00,1422.85,1422.85,1422.85,23250.10,1373.60,375,0,0,0.00,0,F1,75,,,,,
2025-04-03,2025-04-03,FO,NSE,IDO,43911,,NIFTY,,2025-04-09,2025-04-09,23550.00,PE,NIFTY2540923550PE,371.65,393.00,290.00,349.30,352.10,286.95,23250.10,349.30,97800,-38025,3543,6345100275.00,2501,F1,75,,,,,
2025-04-03,2025-04-03,FO,NSE,IDO,43855,,NIFTY,,2025-04-09,2025-04-09,22400.00,PE,NIFTY2540922400PE,18.65,22.90,6.20,7.55,8.15,13.10,23250.10,7.55,2632950,1572525,118998,199999082231.25,52235,F1,75,,,,,
2025-04-03,2025-04-03,FO,NSE,IDO,43821,,NIFTY,,2025-04-09,2025-04-09,21550.00,PE,NIFTY2540921550PE,4.40,6.30,1.35,1.70,1.35,3.50,23250.10,1.70,103425,69075,6699,10828439662.50,3556,F1,75,,,,,
2025-04-03,2025-04-03,FO,NSE,IDO,43815,,NIFTY,,2025-04-09,2025-04-09,21400.00,PE,NIFTY2540921400PE,4.00,4.15,1.20,1.55,1.20,3.00,23250.10,1.55,301650,207525,21553,34596214503.75,7642,F1,75,,,,,
2025-04-03,2025-04-03,FO,NSE,IDO,54891,,NIFTY,,2025-04-03,2025-04-03,25300.00,PE,NIFTY2540325300PE,0.00,0.00,0.00,2008.25,2008.25,2008.25,23250.10,23250.10,150,0,0,0.00,0,F1,75,,,,,
2025-04-03,2025-04-03,FO,NSE,IDO,54883,,NIFTY,,2025-04-03,2025-04-03,25100.00,PE,NIFTY2540325100PE,1840.00,1848.90,1830.00,1848.90,1848.90,1790.00,23250.10,23250.10,1125,-2625,50,101009842.50,16,F1,75,,,,,
2025-04-03,2025-04-03,FO,NSE,IDO,54869,,NIFTY,,2025-04-03,2025-04-03,24750.00,PE,NIFTY2540324750PE,0.00,0.00,0.00,966.40,966.40,966.40,23250.10,23250.10,900,0,0,0.00,0,F1,75,,,,,
2025-04-03,2025-04-03,FO,NSE,IDO,54836,,NIFTY,,2025-04-03,2025-04-03,24050.00,PE,NIFTY2540324050PE,834.30,835.40,759.85,800.15,800.95,729.45,23250.10,23250.10,17175,-3375,55,102454968.75,37,F1,75,,,,,
2025-04-03,2025-04-03,FO,NSE,IDO,54762,,NIFTY,,2025-04-03,2025-04-03,23850.00,PE,NIFTY2540323850PE,639.20,648.65,555.00,598.55,598.55,535.25,23250.10,23250.10,136875,-4050,187,342945611.25,152,F1,75,,,,,
2025-04-03,2025-04-03,FO,NSE,IDO,54711,,NIFTY,,2025-04-03,2025-04-03,23450.00,PE,NIFTY2540323450PE,277.25,295.10,152.60,199.05,199.35,161.45,23250.10,23250.10,868575,-144000,168438,298691693805.00,99198,F1,75,,,,,
2025-04-03,2025-04-03,FO,NSE,IDO,54668,,NIFTY,,2025-04-03,2025-04-03,23250.00,PE,NIFTY2540323250PE,88.90,119.55,0.05,1.20,0.05,46.60,23250.10,23250.10,38006625,32782725,30455132,53128772209728.75,6624034,F1,75,,,,,
2025-04-03,2025-04-03,FO,NSE,IDO,54645,,NIFTY,,2025-04-03,2025-04-03,23100.00,PE,NIFTY2540323100PE,41.00,45.90,0.05,0.20,0.05,20.05,23250.10,23250.10,6818775,-97875,5160241,8943008487971.25,1161988,F1,75,,,,,
2025-04-03,2025-04-03,FO,NSE,IDO,54585,,NIFTY,,2025-04-03,2025-04-03,22150.00,PE,NIFTY2540322150PE,0.90,1.25,0.05,0.10,0.05,1.40,23250.10,23250.10,970200,73500,261751,434848779435.00,50178,F1,75,,,,,
2025-04-03,2025-04-03,FO,NSE,IDO,54579,,NIFTY,,2025-04-03,2025-04-03,22000.00,PE,NIFTY2540322000PE,0.75,1.10,0.05,0.10,0.05,1.15,23250.10,23250.10,6086025,-996525,715732,1180994199918.75,124958,F1,75,,,,,
2025-04-03,2025-04-03,FO,NSE,IDO,54561,,NIFTY,,2025-04-03,2025-04-03,21550.00,PE,NIFTY2540321550PE,0.70,0.90,0.05,0.10,0.05,0.60,23250.10,23250.10,279075,182250,51493,83227543305.00,9132,F1,75,,,,,
2025-04-03,2025-04-03,FO,NSE,IDO,89632,,NIFTY,,2029-06-28,2029-06-28,25000.00,CE,NIFTY29JUN25000CE,0.00,0.00,0.00,7557.70,0.00,7557.70,23250.10,5025.55,0,0,0,0.00,0,F1,75,,,,,
2025-04-03,2025-04-03,FO,NSE,IDO,89624,,NIFTY,,2029-06-28,2029-06-28,21000.00,CE,NIFTY29JUN21000CE,0.00,0.00,0.00,9799.75,0.00,9799.75,23250.10,7505.45,0,0,0,0.00,0,F1,75,,,,,
2025-04-03,2025-04-03,FO,NSE,IDO,89614,,NIFTY,,2029-06-28,2029-06-28,19000.00,CE,NIFTY29JUN19000CE,0.00,0.00,0.00,11036.95,0.00,11036.95,23250.10,8905.55,0,0,0,0.00,0,F1,75,,,,,
2025-04-03,2025-04-03,FO,NSE,IDO,53605,,NIFTY,,2027-12-30,2027-12-30,19000.00,CE,NIFTY27DEC19000CE,0.00,0.00,0.00,5794.90,0.00,5794.90,23250.10,7423.25,0,0,0,0.00,0,F1,75,,,,,
2025-04-03,2025-04-03,FO,NSE,IDO,50549,,NIFTY,,2027-06-24,2027-06-24,28000.00,CE,NIFTY27JUN28000CE,0.00,0.00,0.00,2186.30,0.00,2186.30,23250.10,1419.00,0,0,0,0.00,0,F1,75,,,,,
2025-04-03,2025-04-03,FO,NSE,IDO,71553,,NIFTY,,2027-06-24,2027-06-24,21000.00,CE,NIFTY27JUN21000CE,0.00,0.00,0.00,3061.80,0.00,3061.80,23250.10,5283.60,0,0,0,0.00,0,F1,75,,,,,
2025-04-03,2025-04-03,FO,NSE,IDO,58638,,NIFTY,,2026-12-31,2026-12-31,17000.00,CE,NIFTY26DEC17000CE,0.00,0.00,0.00,4955.10,0.00,4955.10,23250.10,8081.15,0,0,0,0.00,0,F1,75,,,,,
2025-04-03,2025-04-03,FO,NSE,IDO,71472,,NIFTY,,2026-06-25,2026-06-25,24000.00,CE,NIFTY26JUN24000CE,0.00,0.00,0.00,1406.00,1406.00,1406.00,23250.10,1943.95,1050,0,0,0.00,0,F1,75,,,,,
2025-04-03,2025-04-03,FO,NSE,IDO,50971,,NIFTY,,2025-12-24,2025-12-24,27000.00,CE,NIFTY25DEC27000CE,171.00,174.35,161.05,164.50,161.70,180.80,23250.10,164.50,593825,21825,1300,2648733738.75,869,F1,75,,,,,
2025-04-03,2025-04-03,FO,NSE,IDO,35219,,NIFTY,,2025-06-26,2025-06-26,30000.00,CE,NIFTY25JUN30000CE,9.05,9.75,8.30,8.90,8.70,9.05,23250.10,8.90,797625,82575,1821,4098477296.25,1286,F1,75,,,,,
2025-04-03,2025-04-03,FO,NSE,IDO,62409,,NIFTY,,2025-06-26,2025-06-26,25250.00,CE,NIFTY25JUN25250CE,0.00,0.00,0.00,307.45,0.00,307.45,23250.10,112.75,0,0,0,0.00,0,F1,75,,,,,
2025-04-03,2025-04-03,FO,NSE,IDO,62401,,NIFTY,,2025-06-26,2025-06-26,25100.00,CE,NIFTY25JUN25100CE,0.00,0.00,0.00,345.25,0.00,345.25,23250.10,134.55,0,0,0,0.00,0,F1,75,,,,,
2025-04-03,2025-04-03,FO,NSE,IDO,62379,,NIFTY,,2025-06-26,2025-06-26,24600.00,CE,NIFTY25JUN24600CE,194.40,194.40,177.00,178.85,177.00,202.65,23250.10,178.85,5550,-1350,67,124527453.75,31,F1,75,,,,,
2025-04-03,2025-04-03,FO,NSE,IDO,62345,,NIFTY,,2025-06-26,2025-06-26,23850.00,CE,NIFTY25JUN23850CE,0.00,0.00,0.00,450.30,450.30,450.30,23250.10,477.75,75,0,0,0.00,0,F1,75,,,,,
2025-04-03,2025-04-03,FO,NSE,IDO,62267,,NIFTY,,2025-06-26,2025-06-26,23100.00,CE,NIFTY25JUN23100CE,0.00,0.00,0.00,870.55,870.55,870.55,23250.10,862.55,75,0,0,0.00,0,F1,75,,,,,
2025-04-03,2025-04-03,FO,NSE,IDO,45865,,NIFTY,,2025-06-26,2025-06-26,17000.00,CE,NIFTY25JUN17000CE,6400.00,6400.00,6366.20,6366.20,6366.20,6457.75,23250.10,6366.20,182500,150,2,3507465.00,2,F1,75,,,,,
2025-04-03,2025-04-03,FO,NSE,IDO,61525,,NIFTY,,2025-05-29,2025-05-29,23000.00,CE,NIFTY25MAY23000CE,722.05,800.10,722.00,755.40,754.20,824.05,23250.10,755.40,344625,-24450,2160,3849889972.50,1865,F1,75,,,,,
2025-04-03,2025-04-03,FO,NSE,IDO,61515,,NIFTY,,2025-05-29,2025-05-29,22750.00,CE,NIFTY25MAY22750CE,0.00,0.00,0.00,930.00,930.00,930.00,23250.10,922.50,525,0,0,0.00,0,F1,75,,,,,
2025-04-03,2025-04-03,FO,NSE,IDO,61513,,NIFTY,,2025-05-29,2025-05-29,22700.00,CE,NIFTY25MAY22700CE,1000.30,1003.95,965.90,965.90,965.90,1030.75,23250.10,965.90,10875,75,3,5330261.25,3,F1,75,,,,,
2025-04-03,2025-04-03,FO,NSE,IDO,61507,,NIFTY,,2025-05-29,2025-05-29,22550.00,CE,NIFTY25MAY22550CE,0.00,0.00,0.00,1117.80,1117.80,1117.80,23250.10,1070.70,1125,0,0,0.00,0,F1,75,,,,,
2025-04-03,2025-04-03,FO,NSE,IDO,61323,,NIFTY,,2025-05-29,2025-05-29,20400.00,CE,NIFTY25MAY20400CE,0.00,0.00,0.00,2496.95,2496.95,2496.95,23250.10,3053.65,750,0,0,0.00,0,F1,75,,,,,
2025-04-03,2025-04-03,FO,NSE,IDO,52032,,NIFTY,,2025-04-30,2025-04-30,24800.00,CE,NIFTY2543024800CE,16.00,19.00,13.95,15.05,14.45,22.30,23250.10,15.05,81225,10050,412,766804575.00,253,F1,75,,,,,
2025-04-03,2025-04-03,FO,NSE,IDO,51950,,NIFTY,,2025-04-30,2025-04-30,23550.00,CE,NIFTY2543023550CE,232.00,262.30,225.00,228.90,225.00,293.25,23250.10,228.90,9825,225,49,87449868.75,38,F1,75,,,,,
2025-04-03,2025-04-03,FO,NSE,IDO,51914,,NIFTY,,2025-04-30,2025-04-30,22950.00,CE,NIFTY2543022950CE,0.00,0.00,0.00,629.85,629.85,629.85,23250.10,575.95,75,0,0,0.00,0,F1,75,,,,,
2025-04-03,2025-04-03,FO,NSE,IDO,51892,,NIFTY,,2025-04-30,2025-04-30,22650.00,CE,NIFTY2543022650CE,0.00,0.00,0.00,927.90,0.00,927.90,23250.10,798.00,0,0,0,0.00,0,F1,75,,,,,
2025-04-03,2025-04-03,FO,NSE,IDO,51858,,NIFTY,,2025-04-30,2025-04-30,22200.00,CE,NIFTY2543022200CE,0.00,0.00,0.00,1274.30,0.00,1274.30,23250.10,1185.50,0,0,0,0.00,0,F1,75,,,,,
2025-04-03,2025-04-03,FO,NSE,IDO,51852,,NIFTY,,2025-04-30,2025-04-30,22050.00,CE,NIFTY2543022050CE,0.00,0.00,0.00,1400.00,0.00,1400.00,23250.10,1324.60,0,0,0,0.00,0,F1,75,,,,,
2025-04-03,2025-04-03,FO,NSE,IDO,51835,,NIFTY,,2025-04-30,2025-04-30,21650.00,CE,NIFTY2543021650CE,0.00,0.00,0.00,1754.50,0.00,1754.50,23250.10,1709.00,0,0,0,0.00,0,F1,75,,,,,
2025-04-03,2025-04-03,FO,NSE,IDO,51826,,NIFTY,,2025-04-30,2025-04-30,21450.00,CE,NIFTY2543021450CE,0.00,0.00,0.00,1939.90,0.00,1939.90,23250.10,1905.40,0,0,0,0.00,0,F1,75,,,,,
2025-04-03,2025-04-03,FO,NSE,IDO,79746,,NIFTY,,2025-04-24,2025-04-24,25400.00,CE,NIFTY25APR25400CE,6.80,7.20,4.30,5.25,4.30,8.30,23250.10,5.25,157725,-45525,6017,11464972552.50,2856,F1,75,,,,,
2025-04-03,2025-04-03,FO,NSE,IDO,79733,,NIFTY,,2025-04-24,2025-04-24,25200.00,CE,NIFTY25APR25200CE,9.85,9.85,5.30,6.05,6.00,9.85,23250.10,6.05,298050,100875,9006,17026104483.75,4095,F1,75,,,,,
2025-04-03,2025-04-03,FO,NSE,IDO,79731,,NIFTY,,2025-04-24,2025-04-24,25150.00,CE,NIFTY25APR25150CE,9.95,9.95,6.00,6.35,6.10,9.95,23250.10,6.35,11850,-4950,485,915111536.25,248,F1,75,,,,,
2025-04-03,2025-04-03,FO,NSE,IDO,79687,,NIFTY,,2025-04-24,2025-04-24,24900.00,CE,NIFTY25APR24900CE,11.10,12.05,8.10,8.90,8.60,13.70,23250.10,8.90,670725,6225,9973,18632163663.75,5091,F1,75,,,,,
2025-04-03,2025-04-03,FO,NSE,IDO,79640,,NIFTY,,2025-04-24,2025-04-24,24500.00,CE,NIFTY25APR24500CE,19.00,20.00,14.70,15.70,15.70,24.70,23250.10,15.70,2268900,44775,32935,60559853062.50,16254,F1,75,,,,,
2025-04-03,2025-04-03,FO,NSE,IDO,79517,,NIFTY,,2025-04-24,2025-04-24,23900.00,CE,NIFTY25APR23900CE,74.95,81.00,63.25,64.80,64.30,101.05,23250.10,64.80,2650650,1997100,66353,119297098353.75,31970,F1,75,,,,,
2025-04-03,2025-04-03,FO,NSE,IDO,79446,,NIFTY,,2025-04-24,2025-04-24,23350.00,CE,NIFTY25APR23350CE,250.00,305.35,245.40,259.75,258.05,331.15,23250.10,259.75,147900,38775,4031,7142232461.25,3215,F1,75,,,,,
2025-04-03,2025-04-03,FO,NSE,IDO,79442,,NIFTY,,2025-04-24,2025-04-24,23250.00,CE,NIFTY25APR23250CE,307.65,365.75,302.70,315.85,316.60,392.90,23250.10,315.85,129075,50175,4016,7102339500.00,3349,F1,75,,,,,
2025-04-03,2025-04-03,FO,NSE,IDO,79440,,NIFTY,,2025-04-24,2025-04-24,23200.00,CE,NIFTY25APR23200CE,319.90,398.45,316.60,345.65,346.65,426.05,23250.10,345.65,764250,89700,20112,35537560410.00,13800,F1,75,,,,,
2025-04-03,2025-04-03,FO,NSE,IDO,48178,,NIFTY,,2025-04-17,2025-04-17,22550.00,CE,NIFTY2541722550CE,0.00,0.00,0.00,773.30,773.30,773.30,23250.10,784.75,150,0,0,0.00,0,F1,75,,,,,
2025-04-03,2025-04-03,FO,NSE,IDO,48188,,NIFTY,,2025-04-17,2025-04-17,22700.00,CE,NIFTY2541722700CE,665.00,665.00,633.40,640.20,633.40,659.00,23250.10,640.20,2100,1275,40,70067516.25,15,F1,75,,,,,
2025-04-03,2025-04-03,FO,NSE,IDO,43944,,NIFTY,,2025-04-09,2025-04-09,24250.00,CE,NIFTY2540924250CE,6.10,7.05,1.80,2.15,2.00,7.75,23250.10,2.15,1199100,949950,55257,100511464533.75,16338,F1,75,,,,,
2025-04-03,2025-04-03,FO,NSE,IDO,43894,,NIFTY,,2025-04-09,2025-04-09,23150.00,CE,NIFTY2540923150CE,186.75,270.00,186.75,212.75,211.30,300.35,23250.10,212.75,348900,214725,28925,50725142298.75,20581,F1,75,,,,,
2025-04-03,2025-04-03,FO,NSE,IDO,43852,,NIFTY,,2025-04-09,2025-04-09,22350.00,CE,NIFTY2540922350CE,925.00,932.05,912.55,912.55,912.55,1000.30,23250.10,925.05,3750,750,11,19201080.00,5,F1,75,,,,,
2025-04-03,2025-04-03,FO,NSE,IDO,43850,,NIFTY,,2025-04-09,2025-04-09,22300.00,CE,NIFTY2540922300CE,982.00,1020.00,936.75,944.00,943.80,1062.40,23250.10,944.00,16950,2400,119,207715286.25,66,F1,75,,,,,
2025-04-03,2025-04-03,FO,NSE,IDO,43834,,NIFTY,,2025-04-09,2025-04-09,21900.00,CE,NIFTY2540921900CE,1360.00,1377.00,1339.30,1343.55,1339.30,1456.20,23250.10,1343.55,1050,450,8,13951533.75,5,F1,75,,,,,
2025-04-03,2025-04-03,FO,NSE,IDO,43826,,NIFTY,,2025-04-09,2025-04-09,21700.00,CE,NIFTY2540921700CE,0.00,0.00,0.00,1654.00,1654.00,1654.00,23250.10,1573.25,675,0,0,0.00,0,F1,75,,,,,
2025-04-03,2025-04-03,FO,NSE,IDO,43812,,NIFTY,,2025-04-09,2025-04-09,21350.00,CE,NIFTY2540921350CE,0.00,0.00,0.00,2412.45,2412.65,2412.45,23250.10,1922.90,300,0,0,0.00,0,F1,75,,,,,
2025-04-03,2025-04-03,FO,NSE,IDO,54552,,NIFTY,,2025-04-03,2025-04-03,21400.00,CE,NIFTY2540321400CE,0.00,0.00,0.00,1913.95,1913.95,1913.95,23250.10,23250.10,1275,0,0,0.00,0,F1,75,,,,,
2025-04-03,2025-04-03,FO,NSE,IDO,79434,,NIFTY,,2025-04-24,2025-04-24,23050.00,CE,NIFTY25APR23050CE,447.95,502.35,433.00,439.65,438.55,529.75,23250.10,439.65,24600,-2250,279,492007728.75,230,F1,75,,,,,
2025-04-03,2025-04-03,FO,NSE,IDO,79256,,NIFTY,,2025-04-24,2025-04-24,21500.00,CE,NIFTY25APR21500CE,1806.75,1895.00,1806.75,1821.80,1818.50,1931.95,23250.10,1821.80,339750,-7275,1851,3243760758.75,1692,F1,75,,,,,
2025-04-03,2025-04-03,FO,NSE,IDO,79247,,NIFTY,,2025-04-24,2025-04-24,21300.00,CE,NIFTY25APR21300CE,0.00,0.00,0.00,2150.00,2150.00,2150.00,23250.10,2030.00,975,0,0,0.00,0,F1,75,,,,,
2025-04-03,2025-04-03,FO,NSE,IDO,79225,,NIFTY,,2025-04-24,2025-04-24,20900.00,CE,NIFTY25APR20900CE,0.00,0.00,0.00,2450.00,2450.00,2450.00,23250.10,2428.15,450,0,0,0.00,0,F1,75,,,,,
2025-04-03,2025-04-03,FO,NSE,IDO,79219,,NIFTY,,2025-04-24,2025-04-24,20750.00,CE,NIFTY25APR20750CE,0.00,0.00,0.00,2570.05,2570.05,2570.05,23250.10,2577.55,1050,0,0,0.00,0,F1,75,,,,,
2025-04-03,2025-04-03,FO,NSE,IDO,79210,,NIFTY,,2025-04-24,2025-04-24,20550.00,CE,NIFTY25APR20550CE,0.00,0.00,0.00,2754.50,2754.50,2754.50,23250.10,2776.80,750,0,0,0.00,0,F1,75,,,,,
2025-04-03,2025-04-03,FO,NSE,IDO,48337,,NIFTY,,2025-04-17,2025-04-17,24500.00,CE,NIFTY2541724500CE,13.45,13.45,5.65,6.25,5.65,13.75,23250.10,6.25,281325,73350,5532,10168206791.25,2818,F1,75,,,,,
2025-04-03,2025-04-03,FO,NSE,IDO,48298,,NIFTY,,2025-04-17,2025-04-17,24000.00,CE,NIFTY2541724000CE,26.65,35.00,22.75,24.70,24.25,47.30,23250.10,24.70,443475,122850,12299,22163694502.50,7426,F1,75,,,,,
2025-04-03,2025-04-03,FO,NSE,IDO,48236,,NIFTY,,2025-04-17,2025-04-17,23300.00,CE,NIFTY2541723300CE,212.15,257.95,201.30,212.30,213.95,285.70,23250.10,212.30,373200,176775,13023,22977359733.75,8858,F1,75,,,,,
2025-04-03,2025-04-03,FO,NSE,IDO,48213,,NIFTY,,2025-04-17,2025-04-17,23050.00,CE,NIFTY2541723050CE,408.35,417.05,376.00,376.35,376.35,441.00,23250.10,389.80,2175,1800,26,45689812.50,16,F1,75,,,,,
2025-04-03,2025-04-03,FO,NSE,IDO,54588,,NIFTY,,2025-04-03,2025-04-03,22250.00,CE,NIFTY2540322250CE,938.50,1050.10,938.30,1001.15,1001.65,1059.95,23250.10,23250.10,2832975,-10350,461,803792711.25,129,F1,75,,,,,
2025-04-03,2025-04-03,FO,NSE,IDO,54590,,NIFTY,,2025-04-03,2025-04-03,22300.00,CE,NIFTY2540322300CE,897.55,988.00,897.55,951.80,949.80,1017.80,23250.10,23250.10,1488150,-33600,734,1279849803.75,653,F1,75,,,,,
2025-04-03,2025-04-03,FO,NSE,IDO,54629,,NIFTY,,2025-04-03,2025-04-03,22800.00,CE,NIFTY2540322800CE,393.25,501.80,380.00,451.65,450.35,521.35,23250.10,23250.10,656625,-110400,7020,12238857240.00,4694,F1,75,,,,,
2025-04-03,2025-04-03,FO,NSE,IDO,54876,,NIFTY,,2025-04-03,2025-04-03,24950.00,CE,NIFTY2540324950CE,0.55,0.85,0.05,0.05,0.05,0.85,23250.10,23250.10,497250,-214950,72506,135678915693.75,14948,F1,75,,,,,
2025-04-03,2025-04-03,FO,NSE,IDO,54880,,NIFTY,,2025-04-03,2025-04-03,25050.00,CE,NIFTY2540325050CE,0.55,0.70,0.05,0.05,0.05,0.75,23250.10,23250.10,618825,-138000,61001,114607344986.25,10993,F1,75,,,,,
2025-04-03,2025-04-03,FO,NSE,IDO,54892,,NIFTY,,2025-04-03,2025-04-03,25350.00,CE,NIFTY2540325350CE,0.40,0.65,0.05,0.05,0.05,0.65,23250.10,23250.10,1577325,-402000,143297,272447401590.00,22863,F1,75,,,,,
2025-04-03,2025-04-03,FO,NSE,IDO,79730,,NIFTY,,2025-04-24,2025-04-24,25100.00,PE,NIFTY25APR25100PE,0.00,0.00,0.00,1786.20,1786.20,1786.20,23250.10,1759.10,3675,0,0,0.00,0,F1,75,,,,,
2025-04-03,2025-04-03,FO,NSE,IDO,51827,,NIFTY,,2025-04-30,2025-04-30,21450.00,PE,NIFTY2543021450PE,20.00,20.05,16.00,18.00,17.40,18.80,23250.10,18.00,2775,450,56,90169537.50,25,F1,75,,,,,
2025-04-03,2025-04-03,FO,NSE,IDO,51834,,NIFTY,,2025-04-30,2025-04-30,21600.00,PE,NIFTY2543021600PE,0.00,0.00,0.00,35.05,0.00,35.05,23250.10,4.20,0,0,0,0.00,0,F1,75,,,,,
2025-04-03,2025-04-03,FO,NSE,IDO,51922,,NIFTY,,2025-04-30,2025-04-30,23000.00,PE,NIFTY2543023000PE,201.15,220.00,167.75,190.65,191.00,165.55,23250.10,190.65,459675,140325,5908,10274011601.25,4327,F1,75,,,,,
2025-04-03,2025-04-03,FO,NSE,IDO,51938,,NIFTY,,2025-04-30,2025-04-30,23250.00,PE,NIFTY2543023250PE,298.95,298.95,241.15,272.95,276.50,237.65,23250.10,272.95,17700,6750,632,1114593671.25,347,F1,75,,,,,
2025-04-03,2025-04-03,FO,NSE,IDO,51975,,NIFTY,,2025-04-30,2025-04-30,23900.00,PE,NIFTY2543023900PE,589.00,623.05,589.00,623.05,623.05,551.00,23250.10,670.95,2550,-375,9,16541107.50,5,F1,75,,,,,
2025-04-03,2025-04-03,FO,NSE,IDO,51989,,NIFTY,,2025-04-30,2025-04-30,24200.00,PE,NIFTY2543024200PE,800.00,807.90,800.00,800.00,800.00,800.00,23250.10,907.90,450,300,6,11251181.25,4,F1,75,,,,,
2025-04-03,2025-04-03,FO,NSE,IDO,51993,,NIFTY,,2025-04-30,2025-04-30,24250.00,PE,NIFTY2543024250PE,0.00,0.00,0.00,1044.85,0.00,1044.85,23250.10,950.05,0,0,0,0.00,0,F1,75,,,,,
2025-04-03,2025-04-03,FO,NSE,IDO,52011,,NIFTY,,2025-04-30,2025-04-30,24500.00,PE,NIFTY2543024500PE,1074.55,1163.10,1070.00,1140.30,1153.05,1054.90,23250.10,1140.30,7125,1200,35,67223002.50,23,F1,75,,,,,
2025-04-03,2025-04-03,FO,NSE,IDO,61376,,NIFTY,,2025-05-29,2025-05-29,21200.00,PE,NIFTY25MAY21200PE,46.00,47.60,43.85,47.05,47.00,43.95,23250.10,47.05,71025,4500,491,782389162.50,183,F1,75,,,,,
2025-04-03,2025-04-03,FO,NSE,IDO,61396,,NIFTY,,2025-05-29,2025-05-29,21500.00,PE,NIFTY25MAY21500PE,68.00,68.00,57.75,64.10,63.90,58.10,23250.10,64.10,489975,11400,4542,7345055366.25,2834,F1,75,,,,,
2025-04-03,2025-04-03,FO,NSE,IDO,61474,,NIFTY,,2025-05-29,2025-05-29,21850.00,PE,NIFTY25MAY21850PE,0.00,0.00,0.00,72.40,72.40,72.40,23250.10,43.70,2475,0,0,0.00,0,F1,75,,,,,
2025-04-03,2025-04-03,FO,NSE,IDO,61530,,NIFTY,,2025-05-29,2025-05-29,23100.00,PE,NIFTY25MAY23100PE,349.05,350.05,307.00,335.55,336.70,300.05,23250.10,335.55,62325,11775,561,985595190.00,395,F1,75,,,,,
2025-04-03,2025-04-03,FO,NSE,IDO,61664,,NIFTY,,2025-05-29,2025-05-29,24000.00,PE,NIFTY25MAY24000PE,791.20,807.95,723.00,774.15,773.00,710.65,23250.10,774.15,492600,13725,1426,2648053908.75,1060,F1,75,,,,,
2025-04-03,2025-04-03,FO,NSE,IDO,61682,,NIFTY,,2025-05-29,2025-05-29,24450.00,PE,NIFTY25MAY24450PE,0.00,0.00,0.00,686.60,686.60,686.60,23250.10,1111.20,300,0,0,0.00,0,F1,75,,,,,
2025-04-03,2025-04-03,FO,NSE,IDO,61750,,NIFTY,,2025-05-29,2025-05-29,24850.00,PE,NIFTY25MAY24850PE,0.00,0.00,0.00,972.75,971.45,972.75,23250.10,1440.15,225,0,0,0.00,0,F1,75,,,,,
2025-04-03,2025-04-03,FO,NSE,IDO,61770,,NIFTY,,2025-05-29,2025-05-29,25350.00,PE,NIFTY25MAY25350PE,0.00,0.00,0.00,1488.00,1488.00,1488.00,23250.10,1887.30,75,0,0,0.00,0,F1,75,,,,,
2025-04-03,2025-04-03,FO,NSE,IDO,62144,,NIFTY,,2025-06-26,2025-06-26,21500.00,PE,NIFTY25JUN21500PE,103.00,108.35,93.00,104.55,105.20,97.50,23250.10,104.55,60450,47025,1034,1675277025.00,632,F1,75,,,,,
2025-04-03,2025-04-03,FO,NSE,IDO,62336,,NIFTY,,2025-06-26,2025-06-26,23650.00,PE,NIFTY25JUN23650PE,0.00,0.00,0.00,614.70,614.70,614.70,23250.10,614.75,5700,0,0,0.00,0,F1,75,,,,,
2025-04-03,2025-04-03,FO,NSE,IDO,62346,,NIFTY,,2025-06-26,2025-06-26,23850.00,PE,NIFTY25JUN23850PE,0.00,0.00,0.00,682.75,682.75,682.75,23250.10,723.55,11475,0,0,0.00,0,F1,75,,,,,
2025-04-03,2025-04-03,FO,NSE,IDO,62354,,NIFTY,,2025-06-26,2025-06-26,24100.00,PE,NIFTY25JUN24100PE,0.00,0.00,0.00,861.10,861.10,861.10,23250.10,873.75,75,0,0,0.00,0,F1,75,,,,,
2025-04-03,2025-04-03,FO,NSE,IDO,62921,,NIFTY,,2026-03-26,2026-03-26,22000.00,PE,NIFTY26MAR22000PE,0.00,0.00,0.00,346.60,0.00,346.60,23250.10,284.25,0,0,0,0.00,0,F1,75,,,,,
2025-04-03,2025-04-03,FO,NSE,IDO,62172,,NIFTY,,2025-06-26,2025-06-26,21950.00,PE,NIFTY25JUN21950PE,0.00,0.00,0.00,112.25,0.00,112.25,23250.10,90.15,0,0,0,0.00,0,F1,75,,,,,
2025-04-03,2025-04-03,FO,NSE,IDO,62318,,NIFTY,,2025-06-26,2025-06-26,23200.00,PE,NIFTY25JUN23200PE,450.00,450.00,414.10,441.75,444.70,403.55,23250.10,441.75,7950,2100,52,92174940.00,35,F1,75,,,,,
2025-04-03,2025-04-03,FO,NSE,IDO,61724,,NIFTY,,2025-05-29,2025-05-29,24750.00,PE,NIFTY25MAY24750PE,0.00,0.00,0.00,1083.25,1083.25,1083.25,23250.10,1355.05,300,0,0,0.00,0,F1,75,,,,,
2025-04-03,2025-04-03,FO,NSE,IDO,67779,,NIFTY,,2028-12-28,2028-12-28,22000.00,PE,NIFTY28DEC22000PE,0.00,0.00,0.00,521.30,521.30,521.30,23250.10,307.85,225,0,0,0.00,0,F1,75,,,,,
2025-04-03,2025-04-03,FO,NSE,IDO,67777,,NIFTY,,2028-12-28,2028-12-28,21000.00,PE,NIFTY28DEC21000PE,0.00,0.00,0.00,505.15,505.15,505.15,23250.10,205.65,1225,0,0,0.00,0,F1,75,,,,,
2025-04-03,2025-04-03,FO,NSE,IDO,50979,,NIFTY,,2026-12-31,2026-12-31,27000.00,PE,NIFTY26DEC27000PE,0.00,0.00,0.00,6522.30,0.00,6522.30,23250.10,2113.25,0,0,0,0.00,0,F1,75,,,,,
2025-04-03,2025-04-03,FO,NSE,IDO,58631,,NIFTY,,2026-12-31,2026-12-31,13000.00,PE,NIFTY26DEC13000PE,0.00,0.00,0.00,20.05,20.05,20.05,23250.10,0.05,2025,0,0,0.00,0,F1,75,,,,,
2025-04-03,2025-04-03,FO,NSE,IDO,62913,,NIFTY,,2026-03-26,2026-03-26,18000.00,PE,NIFTY26MAR18000PE,0.00,0.00,0.00,16.55,0.00,16.55,23250.10,6.30,0,0,0,0.00,0,F1,75,,,,,
2025-04-03,2025-04-03,FO,NSE,IDO,35222,,NIFTY,,2025-12-24,2025-12-24,30000.00,PE,NIFTY25DEC30000PE,0.00,0.00,0.00,5719.70,5725.00,5719.70,23250.10,5404.55,825,0,0,0.00,0,F1,75,,,,,
2025-04-03,2025-04-03,FO,NSE,IDO,64703,,NIFTY,,2025-09-25,2025-09-25,29000.00,PE,NIFTY25SEP29000PE,0.00,0.00,0.00,2125.30,0.00,2125.30,23250.10,4876.55,0,0,0,0.00,0,F1,75,,,,,
2025-04-03,2025-04-03,FO,NSE,IDO,64687,,NIFTY,,2025-09-25,2025-09-25,21000.00,PE,NIFTY25SEP21000PE,151.05,158.00,141.60,152.65,153.95,141.50,23250.10,152.65,193650,750,257,407608882.50,179,F1,75,,,,,
2025-04-03,2025-04-03,FO,NSE,IDO,64681,,NIFTY,,2025-09-25,2025-09-25,18000.00,PE,NIFTY25SEP18000PE,0.00,0.00,0.00,3.05,0.00,3.05,23250.10,0.45,0,0,0,0.00,0,F1,75,,,,,
2025-04-03,2025-04-03,FO,NSE,IDO,50970,,NIFTY,,2025-06-26,2025-06-26,27000.00,PE,NIFTY25JUN27000PE,3350.00,3371.40,3288.00,3347.95,3349.55,3257.10,23250.10,3347.95,645325,16350,344,782441235.00,234,F1,75,,,,,
2025-04-03,2025-04-03,FO,NSE,IDO,62416,,NIFTY,,2025-06-26,2025-06-26,25350.00,PE,NIFTY25JUN25350PE,0.00,0.00,0.00,1805.95,1805.95,1805.95,23250.10,1823.45,75,0,0,0.00,0,F1,75,,,,,
2025-04-03,2025-04-03,FO,NSE,IDO,62400,,NIFTY,,2025-06-26,2025-06-26,25050.00,PE,NIFTY25JUN25050PE,0.00,0.00,0.00,1546.75,1546.75,1546.75,23250.10,1570.50,75,0,0,0.00,0,F1,75,,,,,
2025-04-03,2025-04-03,FO,NSE,IDO,71382,,NIFTY,,2025-06-26,2025-06-26,25000.00,PE,NIFTY25JUN25000PE,1460.15,1550.15,1439.00,1494.80,1494.70,1420.35,23250.10,1494.80,722750,-2500,518,1028821740.00,247,F1,75,,,,,
2025-04-03,2025-04-03,FO,NSE,IDO,62370,,NIFTY,,2025-06-26,2025-06-26,24350.00,PE,NIFTY25JUN24350PE,0.00,0.00,0.00,918.40,0.00,918.40,23250.10,1038.95,0,0,0,0.00,0,F1,75,,,,,
2025-04-03,2025-04-03,FO,NSE,IDO,62362,,NIFTY,,2025-06-26,2025-06-26,24250.00,PE,NIFTY25JUN24250PE,0.00,0.00,0.00,862.15,0.00,862.15,23250.10,971.15,0,0,0,0.00,0,F1,75,,,,,
2025-04-03,2025-04-03,FO,NSE,IDF,54452,,NIFTY,,2025-04-24,2025-04-24,,,NIFTY25APRFUT,23215.00,23411.10,23215.00,23325.95,23325.90,23438.95,23250.10,23325.95,13032300,427350,68519,119967141686.25,43587,F1,75,,,,,
2025-04-03,2025-04-03,FO,NSE,IDF,56785,,NIFTY,,2025-06-26,2025-06-26,,,NIFTY25JUNFUT,23500.10,23622.95,23470.00,23560.50,23551.00,23651.50,23250.10,23560.50,462075,18600,1188,2099762786.25,970,F1,75,,,,,
2025-04-03,2025-04-03,FO,NSE,IDO,54556,,NIFTY,,2025-04-03,2025-04-03,21450.00,CE,NIFTY2540321450CE,0.00,0.00,0.00,2337.85,2337.85,2337.85,23250.10,23250.10,600,0,0,0.00,0,F1,75,,,,,
2025-04-03,2025-04-03,FO,NSE,IDO,54570,,NIFTY,,2025-04-03,2025-04-03,21800.00,CE,NIFTY2540321800CE,1425.00,1488.00,1425.00,1452.60,1452.40,1524.05,23250.10,23250.10,1350,-150,9,15691946.25,7,F1,75,,,,,
2025-04-03,2025-04-03,FO,NSE,IDO,54631,,NIFTY,,2025-04-03,2025-04-03,22850.00,CE,NIFTY2540322850CE,352.55,455.40,333.00,400.30,400.95,471.35,23250.10,23250.10,105975,-14475,3055,5325767028.75,2062,F1,75,,,,,
2025-04-03,2025-04-03,FO,NSE,IDO,54642,,NIFTY,,2025-04-03,2025-04-03,23050.00,CE,NIFTY2540323050CE,147.35,257.80,139.10,200.75,199.70,280.50,23250.10,23250.10,285300,6825,124901,217844185323.75,83193,F1,75,,,,,
2025-04-03,2025-04-03,FO,NSE,IDO,54706,,NIFTY,,2025-04-03,2025-04-03,23400.00,CE,NIFTY2540323400CE,16.65,16.65,0.05,0.15,0.05,39.90,23250.10,23250.10,5741400,-1936725,5414218,9503582606302.50,1065174,F1,75,,,,,
2025-04-03,2025-04-03,FO,NSE,IDO,54712,,NIFTY,,2025-04-03,2025-04-03,23500.00,CE,NIFTY2540323500CE,5.55,5.55,0.05,0.10,0.05,19.60,23250.10,23250.10,7843125,-6970125,4234647,7464168955361.25,690417,F1,75,,,,,
2025-04-03,2025-04-03,FO,NSE,IDO,54845,,NIFTY,,2025-04-03,2025-04-03,24300.00,CE,NIFTY2540324300CE,0.75,0.95,0.05,0.05,0.05,1.05,23250.10,23250.10,1658400,-2230800,360079,656256715668.75,65705,F1,75,,,,,
2025-04-03,2025-04-03,FO,NSE,IDO,54864,,NIFTY,,2025-04-03,2025-04-03,24650.00,CE,NIFTY2540324650CE,0.55,0.85,0.05,0.05,0.05,0.85,23250.10,23250.10,501225,-89400,72595,134212561687.50,16976,F1,75,,,,,
2025-04-03,2025-04-03,FO,NSE,IDO,54882,,NIFTY,,2025-04-03,2025-04-03,25100.00,CE,NIFTY2540325100CE,0.95,0.95,0.05,0.10,0.05,0.75,23250.10,23250.10,772425,-1542000,168307,316842768382.50,35599,F1,75,,,,,
2025-04-03,2025-04-03,FO,NSE,IDO,54888,,NIFTY,,2025-04-03,2025-04-03,25250.00,CE,NIFTY2540325250CE,0.55,0.70,0.05,0.10,0.05,0.75,23250.10,23250.10,413400,-131850,60526,114622872817.50,11585,F1,75,,,,,
2025-04-03,2025-04-03,FO,NSE,IDO,43800,,NIFTY,,2025-04-09,2025-04-09,21100.00,CE,NIFTY2540921100CE,0.00,0.00,0.00,2659.95,2659.95,2659.95,23250.10,2172.65,150,0,0,0.00,0,F1,75,,,,,
2025-04-03,2025-04-03,FO,NSE,IDO,43824,,NIFTY,,2025-04-09,2025-04-09,21650.00,CE,NIFTY2540921650CE,0.00,0.00,0.00,2117.30,2117.30,2117.30,23250.10,1623.20,225,0,0,0.00,0,F1,75,,,,,
2025-04-03,2025-04-03,FO,NSE,IDO,43862,,NIFTY,,2025-04-09,2025-04-09,22600.00,CE,NIFTY2540922600CE,635.05,736.85,635.00,668.85,658.35,772.80,23250.10,668.85,78600,11700,651,1136461342.50,327,F1,75,,,,,
2025-04-03,2025-04-03,FO,NSE,IDO,43864,,NIFTY,,2025-04-09,2025-04-09,22650.00,CE,NIFTY2540922650CE,601.25,665.45,601.25,615.50,610.00,727.80,23250.10,615.50,13950,7125,144,251459561.25,64,F1,75,,,,,
2025-04-03,2025-04-03,FO,NSE,IDO,43892,,NIFTY,,2025-04-09,2025-04-09,23100.00,CE,NIFTY2540923100CE,250.05,306.50,223.45,244.75,242.60,337.25,23250.10,244.75,658200,451200,40719,71355284171.25,28111,F1,75,,,,,
2025-04-03,2025-04-03,FO,NSE,IDO,43916,,NIFTY,,2025-04-09,2025-04-09,23700.00,CE,NIFTY2540923700CE,28.00,33.25,19.40,21.20,21.45,51.10,23250.10,21.20,2179125,1108650,176961,314873732737.50,88644,F1,75,,,,,
2025-04-03,2025-04-03,FO,NSE,IDO,43982,,NIFTY,,2025-04-09,2025-04-09,24950.00,CE,NIFTY2540924950CE,1.60,1.90,1.00,1.10,1.10,2.25,23250.10,1.10,82425,49575,4182,7826014331.25,1445,F1,75,,,,,
2025-04-03,2025-04-03,FO,NSE,IDO,48098,,NIFTY,,2025-04-17,2025-04-17,21400.00,CE,NIFTY2541721400CE,0.00,0.00,0.00,1880.95,1880.95,1880.95,23250.10,1903.45,75,0,0,0.00,0,F1,75,,,,,
2025-04-03,2025-04-03,FO,NSE,IDO,48100,,NIFTY,,2025-04-17,2025-04-17,21450.00,CE,NIFTY2541721450CE,0.00,0.00,0.00,1831.75,1831.75,1831.75,23250.10,1853.60,75,0,0,0.00,0,F1,75,,,,,
2025-04-03,2025-04-03,FO,NSE,IDO,48108,,NIFTY,,2025-04-17,2025-04-17,21650.00,CE,NIFTY2541721650CE,0.00,0.00,0.00,1648.15,1648.15,1648.15,23250.10,1654.40,75,0,0,0.00,0,F1,75,,,,,
2025-04-03,2025-04-03,FO,NSE,IDO,48132,,NIFTY,,2025-04-17,2025-04-17,22150.00,CE,NIFTY2541722150CE,0.00,0.00,0.00,1146.35,1146.35,1146.35,23250.10,1160.75,75,0,0,0.00,0,F1,75,,,,,
2025-04-03,2025-04-03,FO,NSE,IDO,48198,,NIFTY,,2025-04-17,2025-04-17,22800.00,CE,NIFTY2541722800CE,553.00,620.45,544.95,554.75,551.85,634.00,23250.10,554.75,18000,15900,419,734988832.50,198,F1,75,,,,,
2025-04-03,2025-04-03,FO,NSE,IDO,48264,,NIFTY,,2025-04-17,2025-04-17,23500.00,CE,NIFTY2541723500CE,120.05,155.00,118.05,124.55,125.00,179.90,23250.10,124.55,262950,92700,10364,18370225905.00,6967,F1,75,,,,,
2025-04-03,2025-04-03,FO,NSE,IDO,48267,,NIFTY,,2025-04-17,2025-04-17,23550.00,CE,NIFTY2541723550CE,115.65,133.55,102.90,106.75,109.40,159.00,23250.10,106.75,27975,14400,938,1664774940.00,432,F1,75,,,,,
2025-04-03,2025-04-03,FO,NSE,IDO,48331,,NIFTY,,2025-04-17,2025-04-17,24350.00,CE,NIFTY2541724350CE,9.55,13.15,8.40,8.85,8.60,18.95,23250.10,8.85,20700,5625,545,995742033.75,297,F1,75,,,,,
2025-04-03,2025-04-03,FO,NSE,IDO,48333,,NIFTY,,2025-04-17,2025-04-17,24400.00,CE,NIFTY2541724400CE,17.50,17.55,7.35,7.70,8.00,17.05,23250.10,7.70,109950,66825,3423,6266486523.75,2130,F1,75,,,,,
2025-04-03,2025-04-03,FO,NSE,IDO,48339,,NIFTY,,2025-04-17,2025-04-17,24550.00,CE,NIFTY2541724550CE,9.10,9.10,5.35,5.75,6.20,12.50,23250.10,5.75,10200,2025,195,359155188.75,100,F1,75,,,,,
2025-04-03,2025-04-03,FO,NSE,IDO,48415,,NIFTY,,2025-04-17,2025-04-17,25300.00,CE,NIFTY2541725300CE,4.30,4.65,2.05,2.35,2.35,4.40,23250.10,2.35,18300,8925,658,1248699191.25,193,F1,75,,,,,
2025-04-03,2025-04-03,FO,NSE,IDO,79215,,NIFTY,,2025-04-24,2025-04-24,20650.00,CE,NIFTY25APR20650CE,0.00,0.00,0.00,2664.40,2664.40,2664.40,23250.10,2677.20,1050,0,0,0.00,0,F1,75,,,,,
2025-04-03,2025-04-03,FO,NSE,IDO,79245,,NIFTY,,2025-04-24,2025-04-24,21250.00,CE,NIFTY25APR21250CE,0.00,0.00,0.00,2065.00,2065.00,2065.00,23250.10,2079.75,1200,0,0,0.00,0,F1,75,,,,,
2025-04-03,2025-04-03,FO,NSE,IDO,79384,,NIFTY,,2025-04-24,2025-04-24,22350.00,CE,NIFTY25APR22350CE,1077.00,1077.00,1077.00,1077.00,1077.00,1305.75,23250.10,1012.45,10800,0,2,3514050.00,1,F1,75,,,,,
2025-04-03,2025-04-03,FO,NSE,IDO,79403,,NIFTY,,2025-04-24,2025-04-24,22700.00,CE,NIFTY25APR22700CE,697.50,777.00,689.00,706.35,708.90,812.80,23250.10,706.35,215475,24900,881,1547772431.25,432,F1,75,,,,,
2025-04-03,2025-04-03,FO,NSE,IDO,79501,,NIFTY,,2025-04-24,2025-04-24,23500.00,CE,NIFTY25APR23500CE,198.95,225.65,175.40,188.40,186.30,249.90,23250.10,188.40,4505025,219675,52626,93543768498.75,29661,F1,75,,,,,
2025-04-03,2025-04-03,FO,NSE,IDO,79507,,NIFTY,,2025-04-24,2025-04-24,23650.00,CE,NIFTY25APR23650CE,133.90,159.35,125.00,130.25,125.00,181.85,23250.10,130.25,147225,525,2554,4556970183.75,1836,F1,75,,,,,
2025-04-03,2025-04-03,FO,NSE,IDO,79519,,NIFTY,,2025-04-24,2025-04-24,23950.00,CE,NIFTY25APR23950CE,55.55,70.70,55.55,57.30,56.50,89.85,23250.10,57.30,101325,46050,3114,5607892263.75,2251,F1,75,,,,,
2025-04-03,2025-04-03,FO,NSE,IDO,79555,,NIFTY,,2025-04-24,2025-04-24,24150.00,CE,NIFTY25APR24150CE,42.30,42.30,32.00,33.20,32.55,54.85,23250.10,33.20,152325,-19425,5028,9120565511.25,3542,F1,75,,,,,
2025-04-03,2025-04-03,FO,NSE,IDO,79616,,NIFTY,,2025-04-24,2025-04-24,24250.00,CE,NIFTY25APR24250CE,30.10,32.05,24.75,25.60,25.35,43.05,23250.10,25.60,186975,13950,3804,6926580551.25,2278,F1,75,,,,,
2025-04-03,2025-04-03,FO,NSE,IDO,79642,,NIFTY,,2025-04-24,2025-04-24,24550.00,CE,NIFTY25APR24550CE,17.70,18.35,13.25,14.00,13.25,22.20,23250.10,14.00,56325,9000,2750,5066739082.50,1595,F1,75,,,,,
2025-04-03,2025-04-03,FO,NSE,IDO,79644,,NIFTY,,2025-04-24,2025-04-24,24600.00,CE,NIFTY25APR24600CE,16.45,17.00,12.00,12.95,12.00,20.20,23250.10,12.95,646425,46050,15075,27829620495.00,7901,F1,75,,,,,
2025-04-03,2025-04-03,FO,NSE,IDO,79676,,NIFTY,,2025-04-24,2025-04-24,24850.00,CE,NIFTY25APR24850CE,15.00,15.00,9.00,9.45,9.05,15.20,23250.10,9.45,76200,-1200,1337,2492937382.50,707,F1,75,,,,,
2025-04-03,2025-04-03,FO,NSE,IDO,79727,,NIFTY,,2025-04-24,2025-04-24,25050.00,CE,NIFTY25APR25050CE,10.00,10.00,6.85,7.20,6.85,10.90,23250.10,7.20,16050,-15750,740,1390751670.00,513,F1,75,,,,,
2025-04-03,2025-04-03,FO,NSE,IDO,51844,,NIFTY,,2025-04-30,2025-04-30,21850.00,CE,NIFTY2543021850CE,0.00,0.00,0.00,1574.15,0.00,1574.15,23250.10,1514.90,0,0,0,0.00,0,F1,75,,,,,
2025-04-03,2025-04-03,FO,NSE,IDO,51850,,NIFTY,,2025-04-30,2025-04-30,22000.00,CE,NIFTY2543022000CE,1518.35,1518.35,1372.45,1379.30,1380.15,1481.35,23250.10,1379.30,15450,3450,145,254648966.25,77,F1,75,,,,,
2025-04-03,2025-04-03,FO,NSE,IDO,51884,,NIFTY,,2025-04-30,2025-04-30,22550.00,CE,NIFTY2543022550CE,0.00,0.00,0.00,960.00,960.00,960.00,23250.10,879.25,75,0,0,0.00,0,F1,75,,,,,
2025-04-03,2025-04-03,FO,NSE,IDO,51937,,NIFTY,,2025-04-30,2025-04-30,23250.00,CE,NIFTY2543023250CE,376.95,436.65,370.55,389.15,384.00,458.65,23250.10,389.15,15375,9525,525,931289666.25,313,F1,75,,,,,
2025-04-03,2025-04-03,FO,NSE,IDO,51954,,NIFTY,,2025-04-30,2025-04-30,23600.00,CE,NIFTY2543023600CE,218.25,240.35,196.60,205.40,205.15,260.95,23250.10,205.40,129975,6000,1246,2225651452.50,848,F1,75,,,,,
2025-04-03,2025-04-03,FO,NSE,IDO,52014,,NIFTY,,2025-04-30,2025-04-30,24600.00,CE,NIFTY2543024600CE,29.95,30.00,17.65,19.10,17.65,30.10,23250.10,19.10,73650,32850,1094,2020169868.75,720,F1,75,,,,,
2025-04-03,2025-04-03,FO,NSE,IDO,52030,,NIFTY,,2025-04-30,2025-04-30,24750.00,CE,NIFTY2543024750CE,0.00,0.00,0.00,59.90,59.90,59.90,23250.10,19.95,450,0,0,0.00,0,F1,75,,,,,
2025-04-03,2025-04-03,FO,NSE,IDO,52054,,NIFTY,,2025-04-30,2025-04-30,25050.00,CE,NIFTY2543025050CE,13.75,13.75,9.85,10.40,10.05,13.75,23250.10,10.40,5025,450,40,75183881.25,22,F1,75,,,,,
2025-04-03,2025-04-03,FO,NSE,IDO,52062,,NIFTY,,2025-04-30,2025-04-30,25150.00,CE,NIFTY2543025150CE,12.80,12.80,8.60,8.95,8.60,12.65,23250.10,8.95,3600,1050,60,113222081.25,39,F1,75,,,,,
2025-04-03,2025-04-03,FO,NSE,IDO,61327,,NIFTY,,2025-05-29,2025-05-29,20450.00,CE,NIFTY25MAY20450CE,0.00,0.00,0.00,2979.00,2979.00,2979.00,23250.10,3004.35,525,0,0,0.00,0,F1,75,,,,,
2025-04-03,2025-04-03,FO,NSE,IDO,61339,,NIFTY,,2025-05-29,2025-05-29,20750.00,CE,NIFTY25MAY20750CE,0.00,0.00,0.00,2695.30,2695.30,2695.30,23250.10,2709.25,450,0,0,0.00,0,F1,75,,,,,
2025-04-03,2025-04-03,FO,NSE,IDO,61351,,NIFTY,,2025-05-29,2025-05-29,20900.00,CE,NIFTY25MAY20900CE,0.00,0.00,0.00,2755.40,2755.40,2755.40,23250.10,2562.35,825,0,0,0.00,0,F1,75,,,,,
2025-04-03,2025-04-03,FO,NSE,IDO,61371,,NIFTY,,2025-05-29,2025-05-29,21150.00,CE,NIFTY25MAY21150CE,0.00,0.00,0.00,2045.00,2044.90,2045.00,23250.10,2319.25,1125,0,0,0.00,0,F1,75,,,,,
2025-04-03,2025-04-03,FO,NSE,IDO,61379,,NIFTY,,2025-05-29,2025-05-29,21300.00,CE,NIFTY25MAY21300CE,0.00,0.00,0.00,2214.65,2214.65,2214.65,23250.10,2174.85,900,0,0,0.00,0,F1,75,,,,,
2025-04-03,2025-04-03,FO,NSE,IDO,61487,,NIFTY,,2025-05-29,2025-05-29,22050.00,CE,NIFTY25MAY22050CE,0.00,0.00,0.00,1940.70,1940.70,1940.70,23250.10,1482.70,1500,0,0,0.00,0,F1,75,,,,,
2025-04-03,2025-04-03,FO,NSE,IDO,61495,,NIFTY,,2025-05-29,2025-05-29,22250.00,CE,NIFTY25MAY22250CE,0.00,0.00,0.00,1330.00,1330.00,1330.00,23250.10,1311.60,1200,0,0,0.00,0,F1,75,,,,,
2025-04-03,2025-04-03,FO,NSE,IDO,61509,,NIFTY,,2025-05-29,2025-05-29,22600.00,CE,NIFTY25MAY22600CE,1055.00,1070.00,1055.00,1070.00,1070.00,1090.75,23250.10,1032.65,7350,-75,2,3549375.00,2,F1,75,,,,,
2025-04-03,2025-04-03,FO,NSE,IDO,61533,,NIFTY,,2025-05-29,2025-05-29,23200.00,CE,NIFTY25MAY23200CE,599.45,663.25,592.90,620.90,617.00,688.70,23250.10,620.90,40650,6750,647,1156359142.50,479,F1,75,,,,,
2025-04-03,2025-04-03,FO,NSE,IDO,61549,,NIFTY,,2025-05-29,2025-05-29,23600.00,CE,NIFTY25MAY23600CE,381.05,431.45,379.00,397.20,396.75,451.05,23250.10,397.20,67950,8625,436,784977982.50,324,F1,75,,,,,
2025-04-03,2025-04-03,FO,NSE,IDO,61753,,NIFTY,,2025-05-29,2025-05-29,24950.00,CE,NIFTY25MAY24950CE,52.85,52.85,47.70,47.70,47.70,58.35,23250.10,47.70,20250,0,38,71250356.25,12,F1,75,,,,,
2025-04-03,2025-04-03,FO,NSE,IDO,61767,,NIFTY,,2025-05-29,2025-05-29,25300.00,CE,NIFTY25MAY25300CE,31.00,31.00,24.55,25.50,25.05,32.60,23250.10,25.50,83550,-22575,740,1405581922.50,319,F1,75,,,,,
2025-04-03,2025-04-03,FO,NSE,IDO,62143,,NIFTY,,2025-06-26,2025-06-26,21500.00,CE,NIFTY25JUN21500CE,0.00,0.00,0.00,2543.15,0.00,2543.15,23250.10,2113.90,0,0,0,0.00,0,F1,75,,,,,
2025-04-03,2025-04-03,FO,NSE,IDO,62147,,NIFTY,,2025-06-26,2025-06-26,21600.00,CE,NIFTY25JUN21600CE,0.00,0.00,0.00,2453.85,0.00,2453.85,23250.10,2023.35,0,0,0,0.00,0,F1,75,,,,,
2025-04-03,2025-04-03,FO,NSE,IDO,62175,,NIFTY,,2025-06-26,2025-06-26,22100.00,CE,NIFTY25JUN22100CE,0.00,0.00,0.00,1604.80,1604.80,1604.80,23250.10,1589.90,75,0,0,0.00,0,F1,75,,,,,
2025-04-03,2025-04-03,FO,NSE,IDO,62193,,NIFTY,,2025-06-26,2025-06-26,22350.00,CE,NIFTY25JUN22350CE,0.00,0.00,0.00,1413.10,1413.10,1413.10,23250.10,1388.20,75,0,0,0.00,0,F1,75,,,,,
2025-04-03,2025-04-03,FO,NSE,IDO,62347,,NIFTY,,2025-06-26,2025-06-26,23900.00,CE,NIFTY25JUN23900CE,444.00,444.00,444.00,444.00,444.00,461.80,23250.10,457.30,7275,-75,1,1825800.00,1,F1,75,,,,,
2025-04-03,2025-04-03,FO,NSE,IDO,71379,,NIFTY,,2025-06-26,2025-06-26,24000.00,CE,NIFTY25JUN24000CE,370.00,405.75,360.05,379.25,375.00,418.80,23250.10,379.25,990175,127375,6207,11352317940.00,4568,F1,75,,,,,
2025-04-03,2025-04-03,FO,NSE,IDO,62363,,NIFTY,,2025-06-26,2025-06-26,24300.00,CE,NIFTY25JUN24300CE,258.55,259.10,258.55,258.85,259.10,300.00,23250.10,258.85,1200,150,2,3683823.75,2,F1,75,,,,,
2025-04-03,2025-04-03,FO,NSE,IDO,62395,,NIFTY,,2025-06-26,2025-06-26,24900.00,CE,NIFTY25JUN24900CE,117.35,125.30,117.10,117.15,117.10,137.60,23250.10,117.15,4275,-1425,38,71303760.00,24,F1,75,,,,,
2025-04-03,2025-04-03,FO,NSE,IDO,71383,,NIFTY,,2025-06-26,2025-06-26,26000.00,CE,NIFTY25JUN26000CE,32.00,37.00,28.00,31.20,30.15,36.65,23250.10,31.20,1341900,102375,3359,6558195588.75,1683,F1,75,,,,,
2025-04-03,2025-04-03,FO,NSE,IDO,64692,,NIFTY,,2025-09-25,2025-09-25,24000.00,CE,NIFTY25SEP24000CE,754.70,813.85,750.00,786.65,786.95,820.75,23250.10,786.65,261075,-42450,1585,2947877793.75,1041,F1,75,,,,,
2025-04-03,2025-04-03,FO,NSE,IDO,36688,,NIFTY,,2025-12-24,2025-12-24,19500.00,CE,NIFTY25DEC19500CE,0.00,0.00,0.00,4800.00,4800.00,4800.00,23250.10,4670.20,1150,0,0,0.00,0,F1,75,,,,,
2025-04-03,2025-04-03,FO,NSE,IDO,38152,,NIFTY,,2025-12-24,2025-12-24,29000.00,CE,NIFTY25DEC29000CE,60.70,62.00,52.70,55.20,55.00,62.70,23250.10,55.20,68550,6525,233,507758550.00,108,F1,75,,,,,
2025-04-03,2025-04-03,FO,NSE,IDO,62935,,NIFTY,,2026-03-26,2026-03-26,29000.00,CE,NIFTY26MAR29000CE,0.00,0.00,0.00,440.50,0.00,440.50,23250.10,184.15,0,0,0,0.00,0,F1,75,,,,,
2025-04-03,2025-04-03,FO,NSE,IDO,50556,,NIFTY,,2026-06-25,2026-06-25,18000.00,CE,NIFTY26JUN18000CE,0.00,0.00,0.00,7400.00,7400.00,7400.00,23250.10,6641.30,100,0,0,0.00,0,F1,75,,,,,
2025-04-03,2025-04-03,FO,NSE,IDO,50547,,NIFTY,,2026-12-31,2026-12-31,28000.00,CE,NIFTY26DEC28000CE,0.00,0.00,0.00,750.00,750.00,750.00,23250.10,950.45,2550,0,0,0.00,0,F1,75,,,,,
2025-04-03,2025-04-03,FO,NSE,IDO,38158,,NIFTY,,2026-12-31,2026-12-31,29000.00,CE,NIFTY26DEC29000CE,495.00,495.00,490.00,490.00,490.00,466.00,23250.10,706.00,450,150,2,4423875.00,2,F1,75,,,,,
2025-04-03,2025-04-03,FO,NSE,IDO,50981,,NIFTY,,2027-06-24,2027-06-24,27000.00,CE,NIFTY27JUN27000CE,0.00,0.00,0.00,1932.50,0.00,1932.50,23250.10,1777.70,0,0,0,0.00,0,F1,75,,,,,
2025-04-03,2025-04-03,FO,NSE,IDO,53631,,NIFTY,,2027-12-30,2027-12-30,27000.00,CE,NIFTY27DEC27000CE,0.00,0.00,0.00,2889.80,0.00,2889.80,23250.10,2348.65,0,0,0,0.00,0,F1,75,,,,,
2025-04-03,2025-04-03,FO,NSE,IDO,67768,,NIFTY,,2028-12-28,2028-12-28,17000.00,CE,NIFTY28DEC17000CE,0.00,0.00,0.00,10036.40,0.00,10036.40,23250.10,9942.35,0,0,0,0.00,0,F1,75,,,,,
2025-04-03,2025-04-03,FO,NSE,IDO,89640,,NIFTY,,2029-06-28,2029-06-28,29000.00,CE,NIFTY29JUN29000CE,0.00,0.00,0.00,5677.90,0.00,5677.90,23250.10,3120.50,0,0,0,0.00,0,F1,75,,,,,
2025-04-03,2025-04-03,FO,NSE,IDO,61659,,NIFTY,,2029-12-27,2029-12-27,21000.00,CE,NIFTY29DEC21000CE,0.00,0.00,0.00,9463.95,0.00,9463.95,23250.10,8005.30,0,0,0,0.00,0,F1,75,,,,,
2025-04-03,2025-04-03,FO,NSE,IDO,54565,,NIFTY,,2025-04-03,2025-04-03,21650.00,PE,NIFTY2540321650PE,0.90,0.90,0.05,0.10,0.10,0.70,23250.10,23250.10,255150,59250,54109,87861681476.25,10176,F1,75,,,,,
2025-04-03,2025-04-03,FO,NSE,IDO,54567,,NIFTY,,2025-04-03,2025-04-03,21700.00,PE,NIFTY2540321700PE,0.30,1.00,0.05,0.10,0.05,0.75,23250.10,23250.10,571800,-214725,106786,173798676986.25,23335,F1,75,,,,,
2025-04-03,2025-04-03,FO,NSE,IDO,54620,,NIFTY,,2025-04-03,2025-04-03,22550.00,PE,NIFTY2540322550PE,4.05,4.50,0.05,0.10,0.10,3.80,23250.10,23250.10,2580825,-1039050,806943,1364823612798.75,149999,F1,75,,,,,
2025-04-03,2025-04-03,FO,NSE,IDO,54782,,NIFTY,,2025-04-03,2025-04-03,24000.00,PE,NIFTY2540324000PE,848.55,848.55,700.00,748.80,748.40,682.60,23250.10,23250.10,396525,-261900,6545,12147117866.25,3586,F1,75,,,,,
2025-04-03,2025-04-03,FO,NSE,IDO,54865,,NIFTY,,2025-04-03,2025-04-03,24650.00,PE,NIFTY2540324650PE,0.00,0.00,0.00,874.45,874.45,874.45,23250.10,23250.10,675,0,0,0.00,0,F1,75,,,,,
2025-04-03,2025-04-03,FO,NSE,IDO,43783,,NIFTY,,2025-04-09,2025-04-09,20700.00,PE,NIFTY2540920700PE,2.25,2.40,0.85,0.95,0.85,1.95,23250.10,0.95,914025,576975,37398,58064302882.50,7283,F1,75,,,,,
2025-04-03,2025-04-03,FO,NSE,IDO,43791,,NIFTY,,2025-04-09,2025-04-09,20850.00,PE,NIFTY2540920850PE,2.60,2.60,0.90,1.00,1.00,2.10,23250.10,1.00,105375,84975,3165,4949576835.00,1503,F1,75,,,,,
2025-04-03,2025-04-03,FO,NSE,IDO,43813,,NIFTY,,2025-04-09,2025-04-09,21350.00,PE,NIFTY2540921350PE,4.00,4.00,1.30,1.45,1.45,2.85,23250.10,1.45,84225,67125,5672,9083157888.75,3303,F1,75,,,,,
2025-04-03,2025-04-03,FO,NSE,IDO,43847,,NIFTY,,2025-04-09,2025-04-09,22200.00,PE,NIFTY2540922200PE,12.00,13.30,3.40,4.15,4.30,8.75,23250.10,4.15,1956000,1151475,111590,185842717500.00,37921,F1,75,,,,,
2025-04-03,2025-04-03,FO,NSE,IDO,43903,,NIFTY,,2025-04-09,2025-04-09,23350.00,PE,NIFTY2540923350PE,235.70,288.85,170.95,211.15,216.50,173.30,23250.10,211.15,510525,185175,45144,79726595677.50,28435,F1,75,,,,,
2025-04-03,2025-04-03,FO,NSE,IDO,43945,,NIFTY,,2025-04-09,2025-04-09,24250.00,PE,NIFTY2540924250PE,925.00,961.70,925.00,961.70,961.70,900.30,23250.10,975.05,5475,150,4,7560228.75,3,F1,75,,,,,
2025-04-03,2025-04-03,FO,NSE,IDO,43987,,NIFTY,,2025-04-09,2025-04-09,25050.00,PE,NIFTY2540925050PE,0.00,0.00,0.00,1645.75,1645.75,1645.75,23250.10,1773.15,375,0,0,0.00,0,F1,75,,,,,
2025-04-03,2025-04-03,FO,NSE,IDO,48111,,NIFTY,,2025-04-17,2025-04-17,21700.00,PE,NIFTY2541721700PE,11.85,12.65,6.60,6.95,7.00,10.75,23250.10,6.95,13650,3075,562,915042933.75,209,F1,75,,,,,
2025-04-03,2025-04-03,FO,NSE,IDO,48127,,NIFTY,,2025-04-17,2025-04-17,22000.00,PE,NIFTY2541722000PE,19.80,21.70,11.20,11.75,11.60,16.20,23250.10,11.75,243375,145050,6587,10875038771.25,3668,F1,75,,,,,
2025-04-03,2025-04-03,FO,NSE,IDO,48131,,NIFTY,,2025-04-17,2025-04-17,22100.00,PE,NIFTY2541722100PE,19.80,24.65,13.40,14.55,14.45,18.95,23250.10,14.55,66225,50100,2052,3403526718.75,1071,F1,75,,,,,
2025-04-03,2025-04-03,FO,NSE,IDO,48133,,NIFTY,,2025-04-17,2025-04-17,22150.00,PE,NIFTY2541722150PE,16.80,20.10,14.75,16.05,16.05,20.95,23250.10,16.05,14250,12000,239,397326446.25,57,F1,75,,,,,
2025-04-03,2025-04-03,FO,NSE,IDO,48231,,NIFTY,,2025-04-17,2025-04-17,23200.00,PE,NIFTY2541723200PE,215.95,234.85,160.00,189.00,191.70,158.90,23250.10,189.00,249600,112500,10515,18441393168.75,6715,F1,75,,,,,
2025-04-03,2025-04-03,FO,NSE,IDO,48315,,NIFTY,,2025-04-17,2025-04-17,24050.00,PE,NIFTY2541724050PE,0.00,0.00,0.00,722.40,722.40,722.40,23250.10,773.85,750,0,0,0.00,0,F1,75,,,,,
2025-04-03,2025-04-03,FO,NSE,IDO,48323,,NIFTY,,2025-04-17,2025-04-17,24150.00,PE,NIFTY2541724150PE,0.00,0.00,0.00,668.55,668.55,668.55,23250.10,863.95,900,0,0,0.00,0,F1,75,,,,,
2025-04-03,2025-04-03,FO,NSE,IDO,79203,,NIFTY,,2025-04-24,2025-04-24,20450.00,PE,NIFTY25APR20450PE,5.50,8.25,5.50,6.10,6.40,6.85,23250.10,6.10,12900,-3300,534,819305257.50,386,F1,75,,,,,
2025-04-03,2025-04-03,FO,NSE,IDO,79222,,NIFTY,,2025-04-24,2025-04-24,20800.00,PE,NIFTY25APR20800PE,8.05,9.90,7.60,7.90,7.60,9.10,23250.10,7.90,682950,1125,1225,1911796657.50,778,F1,75,,,,,
2025-04-03,2025-04-03,FO,NSE,IDO,79224,,NIFTY,,2025-04-24,2025-04-24,20850.00,PE,NIFTY25APR20850PE,10.00,10.00,8.40,8.40,8.40,10.05,23250.10,0.05,5625,-675,18,28160171.25,15,F1,75,,,,,
2025-04-03,2025-04-03,FO,NSE,IDO,79250,,NIFTY,,2025-04-24,2025-04-24,21350.00,PE,NIFTY25APR21350PE,14.00,14.00,11.55,12.15,11.95,14.00,23250.10,12.15,4200,-2775,192,307621125.00,96,F1,75,,,,,
2025-04-03,2025-04-03,FO,NSE,IDO,79257,,NIFTY,,2025-04-24,2025-04-24,21500.00,PE,NIFTY25APR21500PE,17.80,20.15,13.60,14.10,13.60,15.80,23250.10,14.10,1878675,197250,21400,34531692813.75,11925,F1,75,,,,,
2025-04-03,2025-04-03,FO,NSE,IDO,79265,,NIFTY,,2025-04-24,2025-04-24,21700.00,PE,NIFTY25APR21700PE,21.90,21.90,15.60,17.85,17.30,19.95,23250.10,17.85,203925,38700,4222,6877248405.00,2353,F1,75,,,,,
2025-04-03,2025-04-03,FO,NSE,IDO,79408,,NIFTY,,2025-04-24,2025-04-24,22700.00,PE,NIFTY25APR22700PE,111.05,112.90,80.45,91.10,92.60,81.45,23250.10,91.10,796725,42750,12126,20726865806.25,6805,F1,75,,,,,
2025-04-03,2025-04-03,FO,NSE,IDO,79437,,NIFTY,,2025-04-24,2025-04-24,23100.00,PE,NIFTY25APR23100PE,245.00,245.00,165.20,188.65,190.60,162.95,23250.10,188.65,726525,78375,14719,25706474711.25,10278,F1,75,,,,,
2025-04-03,2025-04-03,FO,NSE,IDO,79633,,NIFTY,,2025-04-24,2025-04-24,24300.00,PE,NIFTY25APR24300PE,1025.05,1025.05,919.00,997.35,993.30,896.45,23250.10,997.35,44475,-6225,254,481366650.00,109,F1,75,,,,,
2025-04-03,2025-04-03,FO,NSE,IDO,79749,,NIFTY,,2025-04-24,2025-04-24,25450.00,PE,NIFTY25APR25450PE,0.00,0.00,0.00,2023.75,2023.75,2023.75,23250.10,2105.65,1875,0,0,0.00,0,F1,75,,,,,
2025-04-03,2025-04-03,FO,NSE,IDO,51889,,NIFTY,,2025-04-30,2025-04-30,22550.00,PE,NIFTY2543022550PE,89.45,100.00,76.75,90.35,89.15,81.85,23250.10,90.35,4200,825,114,193552402.50,55,F1,75,,,,,
2025-04-03,2025-04-03,FO,NSE,IDO,51899,,NIFTY,,2025-04-30,2025-04-30,22650.00,PE,NIFTY2543022650PE,0.00,0.00,0.00,204.05,0.00,204.05,23250.10,89.25,0,0,0,0.00,0,F1,75,,,,,
2025-04-03,2025-04-03,FO,NSE,IDO,51901,,NIFTY,,2025-04-30,2025-04-30,22700.00,PE,NIFTY2543022700PE,138.00,138.00,98.30,113.05,116.15,99.05,23250.10,113.05,72975,9300,1037,1774167577.50,640,F1,75,,,,,
2025-04-03,2025-04-03,FO,NSE,IDO,51903,,NIFTY,,2025-04-30,2025-04-30,22750.00,PE,NIFTY2543022750PE,123.20,135.30,107.45,121.15,120.35,104.50,23250.10,121.15,6000,750,147,252125028.75,86,F1,75,,,,,
2025-04-03,2025-04-03,FO,NSE,IDO,51932,,NIFTY,,2025-04-30,2025-04-30,23100.00,PE,NIFTY2543023100PE,280.05,280.05,196.75,221.50,221.70,193.30,23250.10,221.50,68400,9600,1074,1878190263.75,839,F1,75,,,,,
2025-04-03,2025-04-03,FO,NSE,IDO,51987,,NIFTY,,2025-04-30,2025-04-30,24150.00,PE,NIFTY2543024150PE,0.00,0.00,0.00,970.15,0.00,970.15,23250.10,866.45,0,0,0,0.00,0,F1,75,,,,,
2025-04-03,2025-04-03,FO,NSE,IDO,52039,,NIFTY,,2025-04-30,2025-04-30,24850.00,PE,NIFTY2543024850PE,0.00,0.00,0.00,1536.80,0.00,1536.80,23250.10,1496.00,0,0,0,0.00,0,F1,75,,,,,
2025-04-03,2025-04-03,FO,NSE,IDO,52063,,NIFTY,,2025-04-30,2025-04-30,25150.00,PE,NIFTY2543025150PE,0.00,0.00,0.00,1805.00,0.00,1805.00,23250.10,1785.80,0,0,0,0.00,0,F1,75,,,,,
2025-04-03,2025-04-03,FO,NSE,IDO,52069,,NIFTY,,2025-04-30,2025-04-30,25250.00,PE,NIFTY2543025250PE,0.00,0.00,0.00,1896.75,0.00,1896.75,23250.10,1883.60,0,0,0,0.00,0,F1,75,,,,,
2025-04-03,2025-04-03,FO,NSE,IDO,61332,,NIFTY,,2025-05-29,2025-05-29,20550.00,PE,NIFTY25MAY20550PE,0.00,0.00,0.00,22.15,22.15,22.15,23250.10,1.80,975,0,0,0.00,0,F1,75,,,,,
2025-04-03,2025-04-03,FO,NSE,IDO,61334,,NIFTY,,2025-05-29,2025-05-29,20600.00,PE,NIFTY25MAY20600PE,0.00,0.00,0.00,22.85,22.85,22.85,23250.10,2.10,1125,0,0,0.00,0,F1,75,,,,,
2025-04-03,2025-04-03,FO,NSE,IDO,61336,,NIFTY,,2025-05-29,2025-05-29,20650.00,PE,NIFTY25MAY20650PE,0.00,0.00,0.00,23.35,23.35,23.35,23250.10,2.45,975,0,0,0.00,0,F1,75,,,,,
2025-04-03,2025-04-03,FO,NSE,IDO,61340,,NIFTY,,2025-05-29,2025-05-29,20750.00,PE,NIFTY25MAY20750PE,0.00,0.00,0.00,81.10,0.00,81.10,23250.10,3.25,0,0,0,0.00,0,F1,75,,,,,
2025-04-03,2025-04-03,FO,NSE,IDO,61352,,NIFTY,,2025-05-29,2025-05-29,20900.00,PE,NIFTY25MAY20900PE,38.00,39.90,34.45,37.60,37.45,36.00,23250.10,37.60,21975,1125,162,254388262.50,93,F1,75,,,,,
2025-04-03,2025-04-03,FO,NSE,IDO,61386,,NIFTY,,2025-05-29,2025-05-29,21300.00,PE,NIFTY25MAY21300PE,51.20,53.40,48.30,52.60,51.00,48.30,23250.10,52.60,62100,2850,59,94473690.00,26,F1,75,,,,,
2025-04-03,2025-04-03,FO,NSE,IDO,61398,,NIFTY,,2025-05-29,2025-05-29,21550.00,PE,NIFTY25MAY21550PE,0.00,0.00,0.00,96.00,96.00,96.00,23250.10,23.55,975,0,0,0.00,0,F1,75,,,,,
2025-04-03,2025-04-03,FO,NSE,IDO,61490,,NIFTY,,2025-05-29,2025-05-29,22100.00,PE,NIFTY25MAY22100PE,115.65,116.00,103.00,112.05,112.85,102.65,23250.10,112.05,113700,18525,415,691223362.50,303,F1,75,,,,,
2025-04-03,2025-04-03,FO,NSE,IDO,61500,,NIFTY,,2025-05-29,2025-05-29,22350.00,PE,NIFTY25MAY22350PE,144.25,147.20,144.25,147.20,147.20,135.45,23250.10,107.15,9000,75,8,13497720.00,8,F1,75,,,,,
2025-04-03,2025-04-03,FO,NSE,IDO,61504,,NIFTY,,2025-05-29,2025-05-29,22450.00,PE,NIFTY25MAY22450PE,164.00,170.00,153.50,170.00,170.00,150.00,23250.10,170.00,3675,-975,23,38993955.00,10,F1,75,,,,,
2025-04-03,2025-04-03,FO,NSE,IDO,61510,,NIFTY,,2025-05-29,2025-05-29,22600.00,PE,NIFTY25MAY22600PE,208.80,208.85,180.70,200.20,201.65,177.70,23250.10,200.20,82500,-525,523,894063285.00,354,F1,75,,,,,
2025-04-03,2025-04-03,FO,NSE,IDO,43386,,NIFTY,,2025-06-26,2025-06-26,14000.00,PE,NIFTY25JUN14000PE,4.75,4.80,4.75,4.80,4.80,5.55,23250.10,4.80,9275,0,35,36762495.00,4,F1,75,,,,,
2025-04-03,2025-04-03,FO,NSE,IDO,54664,,NIFTY,,2025-04-03,2025-04-03,23150.00,PE,NIFTY2540323150PE,80.00,80.00,0.05,0.25,0.10,25.55,23250.10,23250.10,5246925,557025,5527269,9600881280476.25,1403459,F1,75,,,,,
2025-04-03,2025-04-03,FO,NSE,IDO,54682,,NIFTY,,2025-04-03,2025-04-03,23300.00,PE,NIFTY2540323300PE,106.25,158.00,30.30,49.45,49.80,65.80,23250.10,23250.10,9024300,4425,10410258,18230513145135.00,4281120,F1,75,,,,,
2025-04-03,2025-04-03,FO,NSE,IDO,54715,,NIFTY,,2025-04-03,2025-04-03,23550.00,PE,NIFTY2540323550PE,308.00,391.70,249.65,299.05,300.00,246.25,23250.10,23250.10,591075,-210750,21602,38633165490.00,14824,F1,75,,,,,
2025-04-03,2025-04-03,FO,NSE,IDO,54895,,NIFTY,,2025-04-03,2025-04-03,25400.00,PE,NIFTY2540325400PE,2150.00,2170.60,2120.00,2150.15,2150.15,2108.50,23250.10,23250.10,2025,-900,19,39267135.00,15,F1,75,,,,,
2025-04-03,2025-04-03,FO,NSE,IDO,43786,,NIFTY,,2025-04-09,2025-04-09,20750.00,PE,NIFTY2540920750PE,2.25,2.50,0.90,1.00,0.90,2.00,23250.10,1.00,145575,135075,4730,7361544191.25,1425,F1,75,,,,,
2025-04-03,2025-04-03,FO,NSE,IDO,43831,,NIFTY,,2025-04-09,2025-04-09,21800.00,PE,NIFTY2540921800PE,5.50,6.85,1.95,2.10,2.20,4.70,23250.10,2.10,1451625,896775,73613,120373083082.50,20490,F1,75,,,,,
2025-04-03,2025-04-03,FO,NSE,IDO,43839,,NIFTY,,2025-04-09,2025-04-09,22000.00,PE,NIFTY2540922000PE,8.80,12.45,2.55,2.90,3.05,6.45,23250.10,2.90,5864850,3827400,250601,413569937486.25,63806,F1,75,,,,,
2025-04-03,2025-04-03,FO,NSE,IDO,43849,,NIFTY,,2025-04-09,2025-04-09,22250.00,PE,NIFTY2540922250PE,12.00,14.95,3.75,4.65,4.80,9.75,23250.10,4.65,530475,394125,35939,59990152076.25,16260,F1,75,,,,,
2025-04-03,2025-04-03,FO,NSE,IDO,43857,,NIFTY,,2025-04-09,2025-04-09,22450.00,PE,NIFTY2540922450PE,22.00,28.00,7.00,8.95,9.75,15.05,23250.10,8.95,737175,660525,42985,72411107973.75,19746,F1,75,,,,,
2025-04-03,2025-04-03,FO,NSE,IDO,43861,,NIFTY,,2025-04-09,2025-04-09,22550.00,PE,NIFTY2540922550PE,32.75,32.75,10.40,13.30,13.70,19.40,23250.10,13.30,735150,600450,49177,83226103218.75,28369,F1,75,,,,,
2025-04-03,2025-04-03,FO,NSE,IDO,43878,,NIFTY,,2025-04-09,2025-04-09,22850.00,PE,NIFTY2540922850PE,70.00,74.95,29.85,41.20,42.70,42.70,23250.10,41.20,577350,406875,52254,89712777435.00,31322,F1,75,,,,,
2025-04-03,2025-04-03,FO,NSE,IDO,43893,,NIFTY,,2025-04-09,2025-04-09,23100.00,PE,NIFTY2540923100PE,107.50,147.10,75.50,99.35,103.55,86.65,23250.10,99.35,2435250,1348125,203140,353401294871.25,111659,F1,75,,,,,
2025-04-03,2025-04-03,FO,NSE,IDO,43915,,NIFTY,,2025-04-09,2025-04-09,23650.00,PE,NIFTY2540923650PE,452.35,471.70,365.45,426.30,434.20,358.45,23250.10,426.30,69000,5250,952,1717880475.00,682,F1,75,,,,,
2025-04-03,2025-04-03,FO,NSE,IDO,43917,,NIFTY,,2025-04-09,2025-04-09,23700.00,PE,NIFTY2540923700PE,432.00,549.80,406.75,473.55,479.55,399.45,23250.10,473.55,435150,31650,3593,6509209803.75,2200,F1,75,,,,,
2025-04-03,2025-04-03,FO,NSE,IDO,43953,,NIFTY,,2025-04-09,2025-04-09,24450.00,PE,NIFTY2540924450PE,0.00,0.00,0.00,1113.00,1113.00,1113.00,23250.10,1174.00,2025,0,0,0.00,0,F1,75,,,,,
2025-04-03,2025-04-03,FO,NSE,IDO,44003,,NIFTY,,2025-04-09,2025-04-09,25350.00,PE,NIFTY2540925350PE,2042.80,2095.85,2042.80,2095.85,2095.85,2122.75,23250.10,2095.85,600,0,2,4112898.75,2,F1,75,,,,,
2025-04-03,2025-04-03,FO,NSE,IDO,48077,,NIFTY,,2025-04-17,2025-04-17,21100.00,PE,NIFTY2541721100PE,6.75,7.10,2.80,3.15,3.00,7.55,23250.10,3.15,525,-225,208,329231872.50,181,F1,75,,,,,
2025-04-03,2025-04-03,FO,NSE,IDO,48103,,NIFTY,,2025-04-17,2025-04-17,21500.00,PE,NIFTY2541721500PE,11.95,11.95,4.70,5.15,5.20,8.30,23250.10,5.15,56700,-1050,2008,3238819961.25,1013,F1,75,,,,,
2025-04-03,2025-04-03,FO,NSE,IDO,48109,,NIFTY,,2025-04-17,2025-04-17,21650.00,PE,NIFTY2541721650PE,0.00,0.00,0.00,14.35,14.35,14.35,23250.10,0.40,300,0,0,0.00,0,F1,75,,,,,
2025-04-03,2025-04-03,FO,NSE,IDO,48119,,NIFTY,,2025-04-17,2025-04-17,21900.00,PE,NIFTY2541721900PE,10.40,14.85,9.50,9.85,9.70,13.40,23250.10,9.85,88425,72375,2090,3434469240.00,1191,F1,75,,,,,
2025-04-03,2025-04-03,FO,NSE,IDO,48129,,NIFTY,,2025-04-17,2025-04-17,22050.00,PE,NIFTY2541722050PE,13.15,18.40,12.30,13.10,12.90,14.65,23250.10,13.10,13200,9900,228,377289521.25,91,F1,75,,,,,
2025-04-03,2025-04-03,FO,NSE,IDO,48173,,NIFTY,,2025-04-17,2025-04-17,22450.00,PE,NIFTY2541722450PE,37.75,41.85,28.50,32.80,33.25,34.40,23250.10,32.80,23100,13800,476,802583437.50,313,F1,75,,,,,
2025-04-03,2025-04-03,FO,NSE,IDO,48258,,NIFTY,,2025-04-17,2025-04-17,23400.00,PE,NIFTY2541723400PE,286.45,317.55,241.00,282.35,287.05,236.25,23250.10,282.35,91650,15225,4015,7127394727.50,2985,F1,75,,,,,
2025-04-03,2025-04-03,FO,NSE,IDO,48310,,NIFTY,,2025-04-17,2025-04-17,24000.00,PE,NIFTY2541724000PE,728.00,746.00,684.00,740.35,740.00,655.30,23250.10,740.35,10425,3075,65,120444251.25,34,F1,75,,,,,
2025-04-03,2025-04-03,FO,NSE,IDO,48342,,NIFTY,,2025-04-17,2025-04-17,24600.00,PE,NIFTY2541724600PE,0.00,0.00,0.00,1301.50,1302.50,1301.50,23250.10,1292.90,150,0,0,0.00,0,F1,75,,,,,
2025-04-03,2025-04-03,FO,NSE,IDO,48392,,NIFTY,,2025-04-17,2025-04-17,25000.00,PE,NIFTY2541725000PE,0.00,0.00,0.00,1711.80,1712.15,1711.80,23250.10,1688.30,150,0,0,0.00,0,F1,75,,,,,
2025-04-03,2025-04-03,FO,NSE,IDO,48416,,NIFTY,,2025-04-17,2025-04-17,25300.00,PE,NIFTY2541725300PE,0.00,0.00,0.00,2002.25,2002.25,2002.25,23250.10,1987.05,75,0,0,0.00,0,F1,75,,,,,
2025-04-03,2025-04-03,FO,NSE,IDO,79214,,NIFTY,,2025-04-24,2025-04-24,20600.00,PE,NIFTY25APR20600PE,7.50,14.90,6.00,6.95,6.60,7.90,23250.10,6.95,41250,-225,545,842352191.25,348,F1,75,,,,,
2025-04-03,2025-04-03,FO,NSE,IDO,79226,,NIFTY,,2025-04-24,2025-04-24,20900.00,PE,NIFTY25APR20900PE,9.85,11.50,8.40,8.90,8.80,10.15,23250.10,8.90,68175,-16200,755,1184032372.50,583,F1,75,,,,,
2025-04-03,2025-04-03,FO,NSE,IDO,79234,,NIFTY,,2025-04-24,2025-04-24,21100.00,PE,NIFTY25APR21100PE,12.00,12.85,9.55,10.00,9.55,11.60,23250.10,10.00,39450,-37950,2293,3630593246.25,1643,F1,75,,,,,
2025-04-03,2025-04-03,FO,NSE,IDO,79236,,NIFTY,,2025-04-24,2025-04-24,21150.00,PE,NIFTY25APR21150PE,11.90,18.00,9.65,10.30,10.15,11.90,23250.10,10.30,5625,-75,255,404728623.75,125,F1,75,,,,,
2025-04-03,2025-04-03,FO,NSE,IDO,79238,,NIFTY,,2025-04-24,2025-04-24,21200.00,PE,NIFTY25APR21200PE,12.25,14.90,10.45,10.75,10.50,12.25,23250.10,10.75,129225,-1575,1145,1821549303.75,760,F1,75,,,,,
2025-04-03,2025-04-03,FO,NSE,IDO,79254,,NIFTY,,2025-04-24,2025-04-24,21450.00,PE,NIFTY25APR21450PE,14.70,15.15,13.05,13.55,13.30,14.85,23250.10,13.55,6075,-14700,585,941724367.50,258,F1,75,,,,,
2025-04-03,2025-04-03,FO,NSE,IDO,79259,,NIFTY,,2025-04-24,2025-04-24,21550.00,PE,NIFTY25APR21550PE,17.45,18.80,14.25,15.05,14.40,17.45,23250.10,15.05,6525,-225,103,166594218.75,47,F1,75,,,,,
2025-04-03,2025-04-03,FO,NSE,IDO,79267,,NIFTY,,2025-04-24,2025-04-24,21750.00,PE,NIFTY25APR21750PE,25.65,25.65,18.55,18.95,18.55,20.90,23250.10,18.95,13650,4725,320,522485400.00,191,F1,75,,,,,
2025-04-03,2025-04-03,FO,NSE,IDO,79427,,NIFTY,,2025-04-24,2025-04-24,22950.00,PE,NIFTY25APR22950PE,161.65,169.20,126.85,145.20,147.20,126.95,23250.10,145.20,113850,23100,2761,4781820581.25,2053,F1,75,,,,,
2025-04-03,2025-04-03,FO,NSE,IDO,79510,,NIFTY,,2025-04-24,2025-04-24,23700.00,PE,NIFTY25APR23700PE,521.00,530.75,435.00,485.30,492.00,427.15,23250.10,485.30,1394100,29475,4906,8897027748.75,3313,F1,75,,,,,
2025-04-03,2025-04-03,FO,NSE,IDO,79528,,NIFTY,,2025-04-24,2025-04-24,23950.00,PE,NIFTY25APR23950PE,650.00,664.05,649.05,663.85,663.85,628.85,23250.10,698.05,19575,375,10,18456622.50,10,F1,75,,,,,
2025-04-03,2025-04-03,FO,NSE,IDO,79611,,NIFTY,,2025-04-24,2025-04-24,24200.00,PE,NIFTY25APR24200PE,940.05,944.95,835.00,904.80,905.45,804.10,23250.10,904.80,88275,19350,723,1359331762.50,334,F1,75,,,,,
2025-04-03,2025-04-03,FO,NSE,IDO,79631,,NIFTY,,2025-04-24,2025-04-24,24250.00,PE,NIFTY25APR24250PE,920.00,930.00,917.00,926.90,926.90,965.55,23250.10,951.00,8400,375,8,15102285.00,5,F1,75,,,,,
2025-04-03,2025-04-03,FO,NSE,IDO,79726,,NIFTY,,2025-04-24,2025-04-24,25000.00,PE,NIFTY25APR25000PE,1762.35,1763.15,1595.00,1667.55,1671.95,1564.70,23250.10,1667.55,1296450,-111075,4153,8302497033.75,2670,F1,75,,,,,
2025-04-03,2025-04-03,FO,NSE,IDO,51909,,NIFTY,,2025-04-30,2025-04-30,22850.00,PE,NIFTY2543022850PE,174.60,174.60,129.40,149.65,153.30,124.25,23250.10,149.65,1800,600,23,39670698.75,22,F1,75,,,,,
2025-04-03,2025-04-03,FO,NSE,IDO,51936,,NIFTY,,2025-04-30,2025-04-30,23200.00,PE,NIFTY2543023200PE,281.00,281.00,220.10,252.90,256.30,222.95,23250.10,252.90,116250,19125,2149,3779606565.00,1453,F1,75,,,,,
2025-04-03,2025-04-03,FO,NSE,IDO,61356,,NIFTY,,2025-05-29,2025-05-29,21000.00,PE,NIFTY25MAY21000PE,46.95,47.00,40.20,42.35,42.10,41.00,23250.10,42.35,1182900,66525,4747,7491514440.00,2037,F1,75,,,,,
2025-04-03,2025-04-03,FO,NSE,IDO,61400,,NIFTY,,2025-05-29,2025-05-29,21600.00,PE,NIFTY25MAY21600PE,64.95,69.25,62.00,67.75,67.80,62.30,23250.10,67.75,45300,10425,427,693867487.50,164,F1,75,,,,,
2025-04-03,2025-04-03,FO,NSE,IDO,61482,,NIFTY,,2025-05-29,2025-05-29,21900.00,PE,NIFTY25MAY21900PE,90.00,93.15,83.45,90.50,85.00,83.80,23250.10,90.50,72300,8925,298,491432017.50,175,F1,75,,,,,
2025-04-03,2025-04-03,FO,NSE,IDO,61540,,NIFTY,,2025-05-29,2025-05-29,23350.00,PE,NIFTY25MAY23350PE,440.20,440.20,400.00,414.50,414.50,383.35,23250.10,416.90,3675,-675,31,55278832.50,18,F1,75,,,,,
2025-04-03,2025-04-03,FO,NSE,IDO,61546,,NIFTY,,2025-05-29,2025-05-29,23500.00,PE,NIFTY25MAY23500PE,501.25,519.90,455.05,496.90,500.00,447.10,23250.10,496.90,760125,167925,9230,16602677385.00,6663,F1,75,,,,,
2025-04-03,2025-04-03,FO,NSE,IDO,61620,,NIFTY,,2025-05-29,2025-05-29,23900.00,PE,NIFTY25MAY23900PE,727.05,727.05,658.75,710.75,708.55,646.05,23250.10,710.75,130050,-150,139,256283850.00,136,F1,75,,,,,
2025-04-03,2025-04-03,FO,NSE,IDO,61666,,NIFTY,,2025-05-29,2025-05-29,24050.00,PE,NIFTY25MAY24050PE,0.00,0.00,0.00,822.30,822.30,822.30,23250.10,818.30,975,0,0,0.00,0,F1,75,,,,,
2025-04-03,2025-04-03,FO,NSE,IDO,39986,,NIFTY,,2025-06-26,2025-06-26,19000.00,PE,NIFTY25JUN19000PE,28.00,28.00,22.00,22.85,22.60,22.55,23250.10,22.85,938500,8400,548,781840297.50,239,F1,75,,,,,
2025-04-03,2025-04-03,FO,NSE,IDO,62146,,NIFTY,,2025-06-26,2025-06-26,21550.00,PE,NIFTY25JUN21550PE,0.00,0.00,0.00,68.30,0.00,68.30,23250.10,48.45,0,0,0,0.00,0,F1,75,,,,,
2025-04-03,2025-04-03,FO,NSE,IDO,62148,,NIFTY,,2025-06-26,2025-06-26,21600.00,PE,NIFTY25JUN21600PE,76.65,113.15,76.65,112.45,113.00,72.90,23250.10,112.45,5700,5700,99,161197710.00,42,F1,75,,,,,
2025-04-03,2025-04-03,FO,NSE,IDO,62162,,NIFTY,,2025-06-26,2025-06-26,21750.00,PE,NIFTY25JUN21750PE,0.00,0.00,0.00,88.10,0.00,88.10,23250.10,66.70,0,0,0,0.00,0,F1,75,,,,,
2025-04-03,2025-04-03,FO,NSE,IDO,62194,,NIFTY,,2025-06-26,2025-06-26,22350.00,PE,NIFTY25JUN22350PE,0.00,0.00,0.00,163.60,163.60,163.60,23250.10,156.25,75,0,0,0.00,0,F1,75,,,,,
2025-04-03,2025-04-03,FO,NSE,IDO,62258,,NIFTY,,2025-06-26,2025-06-26,22900.00,PE,NIFTY25JUN22900PE,360.00,360.00,360.00,360.00,360.00,311.60,23250.10,299.65,5700,0,1,1744500.00,1,F1,75,,,,,
2025-04-03,2025-04-03,FO,NSE,IDO,62320,,NIFTY,,2025-06-26,2025-06-26,23250.00,PE,NIFTY25JUN23250PE,434.10,465.55,434.10,458.30,460.15,434.10,23250.10,458.30,4575,4425,62,110233293.75,15,F1,75,,,,,
2025-04-03,2025-04-03,FO,NSE,IDO,62326,,NIFTY,,2025-06-26,2025-06-26,23400.00,PE,NIFTY25JUN23400PE,531.90,531.90,491.05,500.00,500.00,471.20,23250.10,493.45,6075,150,16,28690278.75,15,F1,75,,,,,
2025-04-03,2025-04-03,FO,NSE,IDO,62328,,NIFTY,,2025-06-26,2025-06-26,23450.00,PE,NIFTY25JUN23450PE,0.00,0.00,0.00,486.10,0.00,486.10,23250.10,516.40,0,0,0,0.00,0,F1,75,,,,,
2025-04-03,2025-04-03,FO,NSE,IDO,62372,,NIFTY,,2025-06-26,2025-06-26,24400.00,PE,NIFTY25JUN24400PE,0.00,0.00,0.00,947.25,0.00,947.25,23250.10,1073.70,0,0,0,0.00,0,F1,75,,,,,
2025-04-03,2025-04-03,FO,NSE,IDO,71384,,NIFTY,,2025-06-26,2025-06-26,26000.00,PE,NIFTY25JUN26000PE,2391.00,2410.00,2336.90,2397.85,2400.00,2313.45,23250.10,2397.85,709525,75,129,274533483.75,94,F1,75,,,,,
2025-04-03,2025-04-03,FO,NSE,IDO,58641,,NIFTY,,2026-12-31,2026-12-31,18000.00,PE,NIFTY26DEC18000PE,0.00,0.00,0.00,76.10,76.10,76.10,23250.10,21.20,5175,0,0,0.00,0,F1,75,,,,,
2025-04-03,2025-04-03,FO,NSE,IDO,37810,,NIFTY,,2026-12-31,2026-12-31,23000.00,PE,NIFTY26DEC23000PE,700.00,700.00,678.00,693.00,693.00,675.00,23250.10,693.00,21125,150,8,14214502.50,8,F1,75,,,,,
2025-04-03,2025-04-03,FO,NSE,IDO,53635,,NIFTY,,2027-12-30,2027-12-30,28000.00,PE,NIFTY27DEC28000PE,0.00,0.00,0.00,4251.00,0.00,4251.00,23250.10,2129.15,0,0,0,0.00,0,F1,75,,,,,
2025-04-03,2025-04-03,FO,NSE,IDO,86146,,NIFTY,,2028-06-29,2028-06-29,21000.00,PE,NIFTY28JUN21000PE,0.00,0.00,0.00,907.20,0.00,907.20,23250.10,210.40,0,0,0,0.00,0,F1,75,,,,,
2025-04-03,2025-04-03,FO,NSE,IDO,67783,,NIFTY,,2028-12-28,2028-12-28,24000.00,PE,NIFTY28DEC24000PE,0.00,0.00,0.00,914.30,914.30,914.30,23250.10,613.55,600,0,0,0.00,0,F1,75,,,,,
2025-04-03,2025-04-03,FO,NSE,IDO,67785,,NIFTY,,2028-12-28,2028-12-28,25000.00,PE,NIFTY28DEC25000PE,0.00,0.00,0.00,1323.15,1323.15,1323.15,23250.10,824.50,750,0,0,0.00,0,F1,75,,,,,
2025-04-03,2025-04-03,FO,NSE,IDO,89641,,NIFTY,,2029-06-28,2029-06-28,29000.00,PE,NIFTY29JUN29000PE,0.00,0.00,0.00,1746.95,0.00,1746.95,23250.10,1887.15,0,0,0,0.00,0,F1,75,,,,,
2025-04-03,2025-04-03,FO,NSE,IDO,61914,,NIFTY,,2029-12-27,2029-12-27,29000.00,CE,NIFTY29DEC29000CE,0.00,0.00,0.00,5305.80,0.00,5305.80,23250.10,3636.55,0,0,0,0.00,0,F1,75,,,,,
2025-04-03,2025-04-03,FO,NSE,IDO,89636,,NIFTY,,2029-06-28,2029-06-28,27000.00,CE,NIFTY29JUN27000CE,0.00,0.00,0.00,6570.40,0.00,6570.40,23250.10,3995.50,0,0,0,0.00,0,F1,75,,,,,
2025-04-03,2025-04-03,FO,NSE,IDO,67776,,NIFTY,,2028-12-28,2028-12-28,21000.00,CE,NIFTY28DEC21000CE,0.00,0.00,0.00,7512.50,0.00,7512.50,23250.10,6987.40,0,0,0,0.00,0,F1,75,,,,,
2025-04-03,2025-04-03,FO,NSE,IDO,86147,,NIFTY,,2028-06-29,2028-06-29,22000.00,CE,NIFTY28JUN22000CE,0.00,0.00,0.00,4759.50,0.00,4759.50,23250.10,5751.15,0,0,0,0.00,0,F1,75,,,,,
2025-04-03,2025-04-03,FO,NSE,IDO,53616,,NIFTY,,2027-12-30,2027-12-30,22000.00,CE,NIFTY27DEC22000CE,0.00,0.00,0.00,4499.55,0.00,4499.55,23250.10,5174.95,0,0,0,0.00,0,F1,75,,,,,
2025-04-03,2025-04-03,FO,NSE,IDO,53603,,NIFTY,,2027-12-30,2027-12-30,18000.00,CE,NIFTY27DEC18000CE,0.00,0.00,0.00,6285.70,0.00,6285.70,23250.10,8225.75,0,0,0,0.00,0,F1,75,,,,,
2025-04-03,2025-04-03,FO,NSE,IDO,38160,,NIFTY,,2027-06-24,2027-06-24,29000.00,CE,NIFTY27JUN29000CE,0.00,0.00,0.00,1545.20,0.00,1545.20,23250.10,1119.70,0,0,0,0.00,0,F1,75,,,,,
2025-04-03,2025-04-03,FO,NSE,IDO,71503,,NIFTY,,2026-12-31,2026-12-31,25000.00,CE,NIFTY26DEC25000CE,0.00,0.00,0.00,2010.00,2020.00,2010.00,23250.10,2097.50,10700,0,0,0.00,0,F1,75,,,,,
2025-04-03,2025-04-03,FO,NSE,IDO,58644,,NIFTY,,2026-12-31,2026-12-31,20000.00,CE,NIFTY26DEC20000CE,0.00,0.00,0.00,3704.30,0.00,3704.30,23250.10,5497.15,0,0,0,0.00,0,F1,75,,,,,
2025-04-03,2025-04-03,FO,NSE,IDO,71474,,NIFTY,,2026-06-25,2026-06-25,25000.00,CE,NIFTY26JUN25000CE,0.00,0.00,0.00,1510.40,0.00,1510.40,23250.10,1440.60,0,0,0,0.00,0,F1,75,,,,,
2025-04-03,2025-04-03,FO,NSE,IDO,62930,,NIFTY,,2026-03-26,2026-03-26,27000.00,CE,NIFTY26MAR27000CE,0.00,0.00,0.00,891.90,0.00,891.90,23250.10,488.65,0,0,0,0.00,0,F1,75,,,,,
2025-04-03,2025-04-03,FO,NSE,IDO,62914,,NIFTY,,2026-03-26,2026-03-26,19000.00,CE,NIFTY26MAR19000CE,0.00,0.00,0.00,5966.85,0.00,5966.85,23250.10,5441.55,0,0,0,0.00,0,F1,75,,,,,
2025-04-03,2025-04-03,FO,NSE,IDO,64678,,NIFTY,,2025-09-25,2025-09-25,17000.00,CE,NIFTY25SEP17000CE,0.00,0.00,0.00,10410.55,0.00,10410.55,23250.10,6771.75,0,0,0,0.00,0,F1,75,,,,,
2025-04-03,2025-04-03,FO,NSE,IDO,62385,,NIFTY,,2025-06-26,2025-06-26,24750.00,CE,NIFTY25JUN24750CE,0.00,0.00,0.00,450.75,0.00,450.75,23250.10,199.05,0,0,0,0.00,0,F1,75,,,,,
2025-04-03,2025-04-03,FO,NSE,IDO,62339,,NIFTY,,2025-06-26,2025-06-26,23750.00,CE,NIFTY25JUN23750CE,477.90,485.00,477.90,485.00,485.00,497.25,23250.10,520.60,225,150,2,3634717.50,2,F1,75,,,,,
2025-04-03,2025-04-03,FO,NSE,IDO,62309,,NIFTY,,2025-06-26,2025-06-26,23200.00,CE,NIFTY25JUN23200CE,801.00,831.40,790.05,812.00,812.00,850.85,23250.10,802.80,1125,900,18,32409896.25,15,F1,75,,,,,
2025-04-03,2025-04-03,FO,NSE,IDO,62195,,NIFTY,,2025-06-26,2025-06-26,22400.00,CE,NIFTY25JUN22400CE,0.00,0.00,0.00,1373.85,1373.85,1373.85,23250.10,1349.25,75,0,0,0.00,0,F1,75,,,,,
2025-04-03,2025-04-03,FO,NSE,IDO,61765,,NIFTY,,2025-05-29,2025-05-29,25250.00,CE,NIFTY25MAY25250CE,36.10,36.10,26.85,28.15,28.15,35.75,23250.10,46.10,1350,0,3,5688082.50,3,F1,75,,,,,
2025-04-03,2025-04-03,FO,NSE,IDO,61761,,NIFTY,,2025-05-29,2025-05-29,25150.00,CE,NIFTY25MAY25150CE,0.00,0.00,0.00,42.25,42.95,42.25,23250.10,54.30,25200,0,0,0.00,0,F1,75,,,,,
2025-04-03,2025-04-03,FO,NSE,IDO,61667,,NIFTY,,2025-05-29,2025-05-29,24100.00,CE,NIFTY25MAY24100CE,193.05,219.00,193.05,201.60,206.40,236.80,23250.10,201.60,164400,8550,600,1093825350.00,437,F1,75,,,,,
2025-04-03,2025-04-03,FO,NSE,IDO,61541,,NIFTY,,2025-05-29,2025-05-29,23400.00,CE,NIFTY25MAY23400CE,483.05,538.80,479.65,504.70,500.35,563.60,23250.10,504.70,50025,-2325,639,1145916303.75,456,F1,75,,,,,
2025-04-03,2025-04-03,FO,NSE,IDO,61503,,NIFTY,,2025-05-29,2025-05-29,22450.00,CE,NIFTY25MAY22450CE,0.00,0.00,0.00,1150.85,1150.85,1150.85,23250.10,1148.70,2400,0,0,0.00,0,F1,75,,,,,
2025-04-03,2025-04-03,FO,NSE,IDO,61493,,NIFTY,,2025-05-29,2025-05-29,22200.00,CE,NIFTY25MAY22200CE,1390.00,1390.00,1340.40,1347.70,1350.25,1425.55,23250.10,1347.70,4050,225,5,8833560.00,5,F1,75,,,,,
2025-04-03,2025-04-03,FO,NSE,IDO,61473,,NIFTY,,2025-05-29,2025-05-29,21850.00,CE,NIFTY25MAY21850CE,0.00,0.00,0.00,1862.50,1863.50,1862.50,23250.10,1660.65,1425,0,0,0.00,0,F1,75,,,,,
2025-04-03,2025-04-03,FO,NSE,IDO,61401,,NIFTY,,2025-05-29,2025-05-29,21650.00,CE,NIFTY25MAY21650CE,0.00,0.00,0.00,1867.80,1867.75,1867.80,23250.10,1844.10,1275,0,0,0.00,0,F1,75,,,,,
2025-04-03,2025-04-03,FO,NSE,IDO,61393,,NIFTY,,2025-05-29,2025-05-29,21450.00,CE,NIFTY25MAY21450CE,0.00,0.00,0.00,1775.35,1775.55,1775.35,23250.10,2031.85,825,0,0,0.00,0,F1,75,,,,,
2025-04-03,2025-04-03,FO,NSE,IDO,61360,,NIFTY,,2025-05-29,2025-05-29,21100.00,CE,NIFTY25MAY21100CE,0.00,0.00,0.00,2089.35,2089.05,2089.35,23250.10,2367.70,825,0,0,0.00,0,F1,75,,,,,
2025-04-03,2025-04-03,FO,NSE,IDO,61355,,NIFTY,,2025-05-29,2025-05-29,21000.00,CE,NIFTY25MAY21000CE,2476.70,2499.40,2441.65,2462.40,2455.55,2561.95,23250.10,2462.40,20175,600,18,31687961.25,16,F1,75,,,,,
2025-04-03,2025-04-03,FO,NSE,IDO,61353,,NIFTY,,2025-05-29,2025-05-29,20950.00,CE,NIFTY25MAY20950CE,0.00,0.00,0.00,1998.55,1998.30,1998.55,23250.10,2513.55,825,0,0,0.00,0,F1,75,,,,,
2025-04-03,2025-04-03,FO,NSE,IDO,52026,,NIFTY,,2025-04-30,2025-04-30,24700.00,CE,NIFTY2543024700CE,18.05,23.25,15.65,16.85,16.00,25.30,23250.10,16.85,51750,975,422,782342767.50,216,F1,75,,,,,
2025-04-03,2025-04-03,FO,NSE,IDO,52016,,NIFTY,,2025-04-30,2025-04-30,24650.00,CE,NIFTY2543024650CE,20.10,26.40,16.60,18.20,18.50,30.05,23250.10,18.20,1650,1350,52,96208683.75,28,F1,75,,,,,
2025-04-03,2025-04-03,FO,NSE,IDO,51982,,NIFTY,,2025-04-30,2025-04-30,24100.00,CE,NIFTY2543024100CE,69.40,74.50,57.95,60.50,61.35,88.40,23250.10,60.50,80325,14325,1289,2336103273.75,751,F1,75,,,,,
2025-04-03,2025-04-03,FO,NSE,IDO,51948,,NIFTY,,2025-04-30,2025-04-30,23500.00,CE,NIFTY2543023500CE,233.00,295.10,233.00,253.90,251.85,316.10,23250.10,253.90,657900,-17175,5435,9687868001.25,4030,F1,75,,,,,
2025-04-03,2025-04-03,FO,NSE,IDO,51872,,NIFTY,,2025-04-30,2025-04-30,22400.00,CE,NIFTY2543022400CE,0.00,0.00,0.00,1420.00,1420.00,1420.00,23250.10,1006.75,0,0,0,0.00,0,F1,75,,,,,
2025-04-03,2025-04-03,FO,NSE,IDO,51870,,NIFTY,,2025-04-30,2025-04-30,22350.00,CE,NIFTY2543022350CE,0.00,0.00,0.00,1153.40,0.00,1153.40,23250.10,1050.60,0,0,0,0.00,0,F1,75,,,,,
2025-04-03,2025-04-03,FO,NSE,IDO,51854,,NIFTY,,2025-04-30,2025-04-30,22100.00,CE,NIFTY2543022100CE,0.00,0.00,0.00,1357.60,0.00,1357.60,23250.10,1277.80,0,0,0,0.00,0,F1,75,,,,,
2025-04-03,2025-04-03,FO,NSE,IDO,51842,,NIFTY,,2025-04-30,2025-04-30,21800.00,CE,NIFTY2543021800CE,0.00,0.00,0.00,1618.70,0.00,1618.70,23250.10,1563.15,0,0,0,0.00,0,F1,75,,,,,
2025-04-03,2025-04-03,FO,NSE,IDO,79737,,NIFTY,,2025-04-24,2025-04-24,25250.00,CE,NIFTY25APR25250CE,8.05,8.65,5.95,6.30,6.70,9.15,23250.10,6.30,23250,-675,255,483043755.00,142,F1,75,,,,,
2025-04-03,2025-04-03,FO,NSE,IDO,79674,,NIFTY,,2025-04-24,2025-04-24,24800.00,CE,NIFTY25APR24800CE,15.00,15.00,9.00,9.65,9.20,15.10,23250.10,9.65,592950,54150,7836,14581453271.25,4446,F1,75,,,,,
2025-04-03,2025-04-03,FO,NSE,IDO,79529,,NIFTY,,2025-04-24,2025-04-24,24000.00,CE,NIFTY25APR24000CE,60.00,62.30,48.75,50.45,49.55,79.65,23250.10,50.45,3634500,326475,62398,112573631523.75,30978,F1,75,,,,,
2025-04-03,2025-04-03,FO,NSE,IDO,79272,,NIFTY,,2025-04-24,2025-04-24,21900.00,CE,NIFTY25APR21900CE,1446.75,1456.05,1446.75,1456.05,1456.05,1520.40,23250.10,1437.90,22350,75,4,7005622.50,4,F1,75,,,,,
2025-04-03,2025-04-03,FO,NSE,IDO,48371,,NIFTY,,2025-04-17,2025-04-17,24800.00,CE,NIFTY2541724800CE,7.50,7.50,3.60,3.85,3.70,8.05,23250.10,3.85,70350,44625,2078,3865841422.50,1074,F1,75,,,,,
2025-04-03,2025-04-03,FO,NSE,IDO,48345,,NIFTY,,2025-04-17,2025-04-17,24700.00,CE,NIFTY2541724700CE,7.60,12.40,4.15,4.50,4.40,8.95,23250.10,4.50,35400,22950,941,1743592856.25,526,F1,75,,,,,
2025-04-03,2025-04-03,FO,NSE,IDO,48311,,NIFTY,,2025-04-17,2025-04-17,24050.00,CE,NIFTY2541724050CE,33.05,33.05,17.30,20.60,19.05,38.70,23250.10,20.60,22350,10575,509,918970717.50,249,F1,75,,,,,
2025-04-03,2025-04-03,FO,NSE,IDO,48269,,NIFTY,,2025-04-17,2025-04-17,23600.00,CE,NIFTY2541723600CE,100.00,116.95,88.40,92.00,91.90,139.80,23250.10,92.00,156750,77250,6211,11039859855.00,4969,F1,75,,,,,
2025-04-03,2025-04-03,FO,NSE,IDO,48218,,NIFTY,,2025-04-17,2025-04-17,23100.00,CE,NIFTY2541723100CE,324.40,390.25,318.05,330.65,332.00,423.60,23250.10,330.65,56700,47475,1535,2700353587.50,971,F1,75,,,,,
2025-04-03,2025-04-03,FO,NSE,IDO,48210,,NIFTY,,2025-04-17,2025-04-17,23000.00,CE,NIFTY2541723000CE,380.50,464.00,380.45,401.85,401.50,492.45,23250.10,401.85,35325,12300,1188,2086984972.50,927,F1,75,,,,,
2025-04-03,2025-04-03,FO,NSE,IDO,48208,,NIFTY,,2025-04-17,2025-04-17,22950.00,CE,NIFTY2541722950CE,455.20,461.50,432.95,437.95,438.95,453.20,23250.10,437.95,4950,4875,69,121051518.75,32,F1,75,,,,,
2025-04-03,2025-04-03,FO,NSE,IDO,48190,,NIFTY,,2025-04-17,2025-04-17,22750.00,CE,NIFTY2541722750CE,629.00,629.00,629.00,629.00,629.00,658.35,23250.10,612.95,525,0,2,3506850.00,1,F1,75,,,,,
2025-04-03,2025-04-03,FO,NSE,IDO,48064,,NIFTY,,2025-04-17,2025-04-17,21050.00,CE,NIFTY2541721050CE,0.00,0.00,0.00,1512.25,0.00,1512.25,23250.10,2252.50,0,0,0,0.00,0,F1,75,,,,,
2025-04-03,2025-04-03,FO,NSE,IDO,43990,,NIFTY,,2025-04-09,2025-04-09,25150.00,CE,NIFTY2540925150CE,1.85,1.85,0.95,1.05,0.95,1.85,23250.10,1.05,61500,54300,3145,5932566446.25,1066,F1,75,,,,,
2025-04-03,2025-04-03,FO,NSE,IDO,43976,,NIFTY,,2025-04-09,2025-04-09,24850.00,CE,NIFTY2540924850CE,2.35,2.35,1.10,1.15,1.20,2.30,23250.10,1.15,101550,81600,4958,9241053202.50,1944,F1,75,,,,,
2025-04-03,2025-04-03,FO,NSE,IDO,43971,,NIFTY,,2025-04-09,2025-04-09,24750.00,CE,NIFTY2540924750CE,2.25,2.40,1.05,1.20,1.10,2.80,23250.10,1.20,129150,68850,5647,10482957885.00,2212,F1,75,,,,,
2025-04-03,2025-04-03,FO,NSE,IDO,43946,,NIFTY,,2025-04-09,2025-04-09,24300.00,CE,NIFTY2540924300CE,5.40,6.70,1.70,1.90,1.70,6.95,23250.10,1.90,2164800,1036875,130524,237907201290.00,34269,F1,75,,,,,
2025-04-03,2025-04-03,FO,NSE,IDO,43872,,NIFTY,,2025-04-09,2025-04-09,22800.00,CE,NIFTY2540922800CE,465.60,553.05,461.40,479.20,475.05,586.00,23250.10,479.20,189900,75975,3252,5682963300.00,1721,F1,75,,,,,
2025-04-03,2025-04-03,FO,NSE,IDO,43798,,NIFTY,,2025-04-09,2025-04-09,21050.00,CE,NIFTY2540921050CE,0.00,0.00,0.00,2710.65,2710.65,2710.65,23250.10,2222.60,225,0,0,0.00,0,F1,75,,,,,
2025-04-03,2025-04-03,FO,NSE,IDO,43788,,NIFTY,,2025-04-09,2025-04-09,20800.00,CE,NIFTY2540920800CE,0.00,0.00,0.00,2959.25,2959.25,2959.25,23250.10,2472.30,225,0,0,0.00,0,F1,75,,,,,
2025-04-03,2025-04-03,FO,NSE,IDO,43780,,NIFTY,,2025-04-09,2025-04-09,20650.00,CE,NIFTY2540920650CE,0.00,0.00,0.00,3107.80,3107.80,3107.80,23250.10,2622.15,150,0,0,0.00,0,F1,75,,,,,
2025-04-03,2025-04-03,FO,NSE,IDO,54872,,NIFTY,,2025-04-03,2025-04-03,24850.00,CE,NIFTY2540324850CE,0.55,0.80,0.05,0.05,0.05,0.85,23250.10,23250.10,897300,-36975,70790,131937272358.75,19475,F1,75,,,,,
2025-04-03,2025-04-03,FO,NSE,IDO,54860,,NIFTY,,2025-04-03,2025-04-03,24550.00,CE,NIFTY2540324550CE,1.40,1.40,0.05,0.05,0.05,0.90,23250.10,23250.10,543225,-234150,107675,198260524826.25,30983,F1,75,,,,,
2025-04-03,2025-04-03,FO,NSE,IDO,54858,,NIFTY,,2025-04-03,2025-04-03,24500.00,CE,NIFTY2540324500CE,0.70,0.85,0.05,0.05,0.05,0.90,23250.10,23250.10,4130175,-3753375,534453,982075628707.50,92168,F1,75,,,,,
2025-04-03,2025-04-03,FO,NSE,IDO,54841,,NIFTY,,2025-04-03,2025-04-03,24200.00,CE,NIFTY2540324200CE,0.60,0.95,0.05,0.05,0.05,1.20,23250.10,23250.10,2249625,-2289075,574999,1043644922940.00,102066,F1,75,,,,,
2025-04-03,2025-04-03,FO,NSE,IDO,54837,,NIFTY,,2025-04-03,2025-04-03,24100.00,CE,NIFTY2540324100CE,0.75,1.00,0.05,0.05,0.05,1.40,23250.10,23250.10,2209575,-2964975,747287,1350750946680.00,130381,F1,75,,,,,
2025-04-03,2025-04-03,FO,NSE,IDO,54714,,NIFTY,,2025-04-03,2025-04-03,23550.00,CE,NIFTY2540323550CE,5.00,5.00,0.05,0.10,0.05,13.95,23250.10,23250.10,4220925,-969300,2067373,3651720990296.25,341652,F1,75,,,,,
2025-04-03,2025-04-03,FO,NSE,IDO,54640,,NIFTY,,2025-04-03,2025-04-03,23000.00,CE,NIFTY2540323000CE,200.00,306.75,182.05,251.00,250.70,326.50,23250.10,23250.10,638025,-252225,188355,328500861258.75,107757,F1,75,,,,,
2025-04-03,2025-04-03,FO,NSE,IDO,54627,,NIFTY,,2025-04-03,2025-04-03,22750.00,CE,NIFTY2540322750CE,460.90,552.85,433.40,501.90,501.30,569.45,23250.10,23250.10,437550,750,921,1604457026.25,656,F1,75,,,,,
2025-04-03,2025-04-03,FO,NSE,IDO,54623,,NIFTY,,2025-04-03,2025-04-03,22650.00,CE,NIFTY2540322650CE,538.95,644.65,538.95,601.00,601.05,665.30,23250.10,23250.10,356625,-2775,191,333010380.00,145,F1,75,,,,,
2025-04-03,2025-04-03,FO,NSE,IDO,54596,,NIFTY,,2025-04-03,2025-04-03,22450.00,CE,NIFTY2540322450CE,742.60,822.20,739.95,800.65,801.10,861.25,23250.10,23250.10,981300,-3525,110,191810013.75,61,F1,75,,,,,
2025-04-03,2025-04-03,FO,NSE,IDO,54564,,NIFTY,,2025-04-03,2025-04-03,21650.00,CE,NIFTY2540321650CE,0.00,0.00,0.00,2082.45,2079.65,2082.45,23250.10,23250.10,900,0,0,0.00,0,F1,75,,,,,
2025-04-03,2025-04-03,FO,NSE,IDO,54518,,NIFTY,,2025-04-03,2025-04-03,21000.00,CE,NIFTY2540321000CE,2259.35,2290.00,2208.40,2248.35,2247.50,2313.35,23250.10,23250.10,24975,-14100,397,692790570.00,183,F1,75,,,,,
2025-04-03,2025-04-03,FO,NSE,IDO,54512,,NIFTY,,2025-04-03,2025-04-03,20900.00,CE,NIFTY2540320900CE,0.00,0.00,0.00,2825.15,2825.15,2825.15,23250.10,23250.10,825,0,0,0.00,0,F1,75,,,,,
2025-04-03,2025-04-03,FO,NSE,IDO,54466,,NIFTY,,2025-04-03,2025-04-03,20350.00,CE,NIFTY2540320350CE,0.00,0.00,0.00,2964.10,2964.10,2964.10,23250.10,23250.10,675,0,0,0.00,0,F1,75,,,,,
2025-04-03,2025-04-03,FO,NSE,IDO,54469,,NIFTY,,2025-04-03,2025-04-03,20400.00,PE,NIFTY2540320400PE,0.30,0.65,0.05,0.10,0.05,0.35,23250.10,23250.10,473400,-219000,72071,110270562982.50,12339,F1,75,,,,,
2025-04-03,2025-04-03,FO,NSE,IDO,54483,,NIFTY,,2025-04-03,2025-04-03,20600.00,PE,NIFTY2540320600PE,0.45,0.70,0.05,0.10,0.05,0.35,23250.10,23250.10,329325,-74700,46907,72472539288.75,10937,F1,75,,,,,
2025-04-03,2025-04-03,FO,NSE,IDO,54571,,NIFTY,,2025-04-03,2025-04-03,21800.00,PE,NIFTY2540321800PE,0.60,0.90,0.05,0.05,0.05,0.80,23250.10,23250.10,973125,-38250,126481,206801732107.50,25828,F1,75,,,,,
2025-04-03,2025-04-03,FO,NSE,IDO,54591,,NIFTY,,2025-04-03,2025-04-03,22300.00,PE,NIFTY2540322300PE,2.00,2.00,0.05,0.05,0.05,2.05,23250.10,23250.10,4086450,-3061575,822350,1375437557670.00,150027,F1,75,,,,,
2025-04-03,2025-04-03,FO,NSE,IDO,54643,,NIFTY,,2025-04-03,2025-04-03,23050.00,PE,NIFTY2540323050PE,18.90,33.90,0.05,0.20,0.05,16.15,23250.10,23250.10,4005450,1583700,2748591,4752831994575.00,649538,F1,75,,,,,
2025-04-03,2025-04-03,FO,NSE,IDO,54538,,NIFTY,,2025-04-03,2025-04-03,21250.00,CE,NIFTY2540321250CE,0.00,0.00,0.00,2510.15,2510.15,2510.15,23250.10,23250.10,375,0,0,0.00,0,F1,75,,,,,
2025-04-03,2025-04-03,FO,NSE,IDO,54520,,NIFTY,,2025-04-03,2025-04-03,21050.00,CE,NIFTY2540321050CE,0.00,0.00,0.00,2672.50,2672.50,2672.50,23250.10,23250.10,825,0,0,0.00,0,F1,75,,,,,
2025-04-03,2025-04-03,FO,NSE,IDO,54492,,NIFTY,,2025-04-03,2025-04-03,20750.00,CE,NIFTY2540320750CE,0.00,0.00,0.00,2974.05,2974.05,2974.05,23250.10,23250.10,825,0,0,0.00,0,F1,75,,,,,
2025-04-03,2025-04-03,FO,NSE,IDO,48328,,NIFTY,,2025-04-17,2025-04-17,24250.00,PE,NIFTY2541724250PE,0.00,0.00,0.00,983.75,983.75,983.75,23250.10,956.50,75,0,0,0.00,0,F1,75,,,,,
2025-04-03,2025-04-03,FO,NSE,IDO,48344,,NIFTY,,2025-04-17,2025-04-17,24650.00,PE,NIFTY2541724650PE,0.00,0.00,0.00,1352.40,1352.40,1352.40,23250.10,1341.95,75,0,0,0.00,0,F1,75,,,,,
2025-04-03,2025-04-03,FO,NSE,IDO,48410,,NIFTY,,2025-04-17,2025-04-17,25200.00,PE,NIFTY2541725200PE,0.00,0.00,0.00,1914.40,1914.40,1914.40,23250.10,1887.40,75,0,0,0.00,0,F1,75,,,,,
2025-04-03,2025-04-03,FO,NSE,IDO,79228,,NIFTY,,2025-04-24,2025-04-24,20950.00,PE,NIFTY25APR20950PE,9.95,14.35,9.50,14.35,14.35,11.60,23250.10,14.35,4050,75,5,7860247.50,5,F1,75,,,,,
2025-04-03,2025-04-03,FO,NSE,IDO,79248,,NIFTY,,2025-04-24,2025-04-24,21300.00,PE,NIFTY25APR21300PE,15.00,15.00,10.90,11.75,11.55,13.55,23250.10,11.75,175575,-2400,2128,3401469056.25,1290,F1,75,,,,,
2025-04-03,2025-04-03,FO,NSE,IDO,79516,,NIFTY,,2025-04-24,2025-04-24,23850.00,PE,NIFTY25APR23850PE,599.00,616.10,539.45,599.95,581.05,525.10,23250.10,599.95,7875,375,59,108042866.25,59,F1,75,,,,,
2025-04-03,2025-04-03,FO,NSE,IDO,79536,,NIFTY,,2025-04-24,2025-04-24,24000.00,PE,NIFTY25APR24000PE,780.90,788.65,654.05,724.30,726.00,640.85,23250.10,724.30,1929750,-3600,9819,18197677680.00,5756,F1,75,,,,,
2025-04-03,2025-04-03,FO,NSE,IDO,79635,,NIFTY,,2025-04-24,2025-04-24,24350.00,PE,NIFTY25APR24350PE,0.00,0.00,0.00,1050.25,1050.25,1050.25,23250.10,1040.75,12525,0,0,0.00,0,F1,75,,,,,
2025-04-03,2025-04-03,FO,NSE,IDO,79679,,NIFTY,,2025-04-24,2025-04-24,24850.00,PE,NIFTY25APR24850PE,0.00,0.00,0.00,1235.40,1235.40,1235.40,23250.10,1514.05,1425,0,0,0.00,0,F1,75,,,,,
2025-04-03,2025-04-03,FO,NSE,IDO,79745,,NIFTY,,2025-04-24,2025-04-24,25350.00,PE,NIFTY25APR25350PE,0.00,0.00,0.00,2018.95,2020.35,2018.95,23250.10,2006.40,375,0,0,0.00,0,F1,75,,,,,
2025-04-03,2025-04-03,FO,NSE,IDO,51853,,NIFTY,,2025-04-30,2025-04-30,22050.00,PE,NIFTY2543022050PE,34.55,39.00,34.55,38.45,38.00,81.00,23250.10,38.45,1800,1800,36,59636677.50,11,F1,75,,,,,
2025-04-03,2025-04-03,FO,NSE,IDO,51855,,NIFTY,,2025-04-30,2025-04-30,22100.00,PE,NIFTY2543022100PE,51.00,52.55,38.75,42.30,42.15,38.85,23250.10,42.30,13875,8625,326,541375012.50,177,F1,75,,,,,
2025-04-03,2025-04-03,FO,NSE,IDO,51869,,NIFTY,,2025-04-30,2025-04-30,22300.00,PE,NIFTY2543022300PE,65.00,66.85,51.05,58.60,57.40,54.10,23250.10,58.60,40875,13200,844,1415127825.00,473,F1,75,,,,,
2025-04-03,2025-04-03,FO,NSE,IDO,51871,,NIFTY,,2025-04-30,2025-04-30,22350.00,PE,NIFTY2543022350PE,60.30,60.30,60.00,60.00,60.00,61.95,23250.10,43.30,750,525,7,11765317.50,3,F1,75,,,,,
2025-04-03,2025-04-03,FO,NSE,IDO,51949,,NIFTY,,2025-04-30,2025-04-30,23500.00,PE,NIFTY2543023500PE,430.00,433.60,344.05,384.30,387.00,343.40,23250.10,384.30,318525,-50700,3186,5705706048.75,1893,F1,75,,,,,
2025-04-03,2025-04-03,FO,NSE,IDO,51961,,NIFTY,,2025-04-30,2025-04-30,23700.00,PE,NIFTY2543023700PE,490.00,521.90,453.40,502.95,502.00,440.35,23250.10,502.95,30375,-450,98,177758838.75,67,F1,75,,,,,
2025-04-03,2025-04-03,FO,NSE,IDO,52004,,NIFTY,,2025-04-30,2025-04-30,24400.00,PE,NIFTY2543024400PE,0.00,0.00,0.00,1161.05,0.00,1161.05,23250.10,1080.30,0,0,0,0.00,0,F1,75,,,,,
2025-04-03,2025-04-03,FO,NSE,IDO,52009,,NIFTY,,2025-04-30,2025-04-30,24450.00,PE,NIFTY2543024450PE,0.00,0.00,0.00,1200.90,0.00,1200.90,23250.10,1124.80,0,0,0,0.00,0,F1,75,,,,,
2025-04-03,2025-04-03,FO,NSE,IDO,52051,,NIFTY,,2025-04-30,2025-04-30,25000.00,PE,NIFTY2543025000PE,1512.00,1640.00,1512.00,1627.30,1640.00,1528.45,23250.10,1627.30,11175,1725,47,93774757.50,23,F1,75,,,,,
2025-04-03,2025-04-03,FO,NSE,IDO,52085,,NIFTY,,2025-04-30,2025-04-30,25400.00,PE,NIFTY2543025400PE,0.00,0.00,0.00,1600.00,1600.00,1600.00,23250.10,2031.05,3375,0,0,0.00,0,F1,75,,,,,
2025-04-03,2025-04-03,FO,NSE,IDO,61498,,NIFTY,,2025-05-29,2025-05-29,22300.00,PE,NIFTY25MAY22300PE,145.00,145.05,128.60,140.75,142.85,127.10,23250.10,140.75,133650,-4725,864,1453881502.50,626,F1,75,,,,,
2025-04-03,2025-04-03,FO,NSE,IDO,61522,,NIFTY,,2025-05-29,2025-05-29,22900.00,PE,NIFTY25MAY22900PE,281.55,288.40,251.50,275.10,276.50,245.50,23250.10,275.10,57900,3075,447,776757300.00,294,F1,75,,,,,
2025-04-03,2025-04-03,FO,NSE,IDO,61550,,NIFTY,,2025-05-29,2025-05-29,23600.00,PE,NIFTY25MAY23600PE,575.00,577.20,499.50,541.95,543.60,491.85,23250.10,541.95,76425,-3975,458,828867930.00,329,F1,75,,,,,
2025-04-03,2025-04-03,FO,NSE,IDO,61680,,NIFTY,,2025-05-29,2025-05-29,24400.00,PE,NIFTY25MAY24400PE,1070.55,1072.85,1008.00,1053.50,1053.50,1009.75,23250.10,1053.50,24600,-5850,128,244122423.75,23,F1,75,,,,,
2025-04-03,2025-04-03,FO,NSE,IDO,61684,,NIFTY,,2025-05-29,2025-05-29,24500.00,PE,NIFTY25MAY24500PE,1121.00,1148.00,1075.00,1128.65,1142.55,1055.50,23250.10,1128.65,392325,2400,118,226668101.25,72,F1,75,,,,,
2025-04-03,2025-04-03,FO,NSE,IDO,39680,,NIFTY,,2025-06-26,2025-06-26,16000.00,PE,NIFTY25JUN16000PE,6.35,6.35,6.00,6.00,6.00,6.35,23250.10,0.05,44475,0,8,9603626.25,3,F1,75,,,,,
2025-04-03,2025-04-03,FO,NSE,IDO,38375,,NIFTY,,2025-06-26,2025-06-26,20000.00,PE,NIFTY25JUN20000PE,41.00,42.90,38.35,39.50,39.50,38.10,23250.10,39.50,1486175,34875,2054,3087107066.25,926,F1,75,,,,,
2025-04-03,2025-04-03,FO,NSE,IDO,62140,,NIFTY,,2025-06-26,2025-06-26,21400.00,PE,NIFTY25JUN21400PE,0.00,0.00,0.00,55.95,0.00,55.95,23250.10,37.60,0,0,0,0.00,0,F1,75,,,,,
2025-04-03,2025-04-03,FO,NSE,IDO,62188,,NIFTY,,2025-06-26,2025-06-26,22200.00,PE,NIFTY25JUN22200PE,173.00,188.85,172.65,187.45,188.15,170.15,23250.10,187.45,25425,7200,110,184646227.50,45,F1,75,,,,,
2025-04-03,2025-04-03,FO,NSE,IDO,62264,,NIFTY,,2025-06-26,2025-06-26,22950.00,PE,NIFTY25JUN22950PE,0.00,0.00,0.00,317.25,0.00,317.25,23250.10,316.20,0,0,0,0.00,0,F1,75,,,,,
2025-04-03,2025-04-03,FO,NSE,IDO,62322,,NIFTY,,2025-06-26,2025-06-26,23300.00,PE,NIFTY25JUN23300PE,470.00,482.35,444.25,475.05,481.65,438.30,23250.10,475.05,16500,3675,111,197789621.25,85,F1,75,,,,,
2025-04-03,2025-04-03,FO,NSE,IDO,62330,,NIFTY,,2025-06-26,2025-06-26,23500.00,PE,NIFTY25JUN23500PE,595.00,595.00,520.65,556.10,556.00,511.15,23250.10,556.10,261150,137925,3788,6830516490.00,3211,F1,75,,,,,
2025-04-03,2025-04-03,FO,NSE,IDO,62334,,NIFTY,,2025-06-26,2025-06-26,23600.00,PE,NIFTY25JUN23600PE,574.65,587.00,573.00,573.00,573.00,554.95,23250.10,589.20,9150,0,16,29021223.75,4,F1,75,,,,,
2025-04-03,2025-04-03,FO,NSE,IDO,62344,,NIFTY,,2025-06-26,2025-06-26,23800.00,PE,NIFTY25JUN23800PE,0.00,0.00,0.00,709.50,709.50,709.50,23250.10,695.40,3150,0,0,0.00,0,F1,75,,,,,
2025-04-03,2025-04-03,FO,NSE,IDO,62402,,NIFTY,,2025-06-26,2025-06-26,25100.00,PE,NIFTY25JUN25100PE,0.00,0.00,0.00,1588.90,1588.90,1588.90,23250.10,1611.80,75,0,0,0.00,0,F1,75,,,,,
2025-04-03,2025-04-03,FO,NSE,IDO,64689,,NIFTY,,2025-09-25,2025-09-25,22000.00,PE,NIFTY25SEP22000PE,278.05,278.05,249.15,269.40,273.35,248.55,23250.10,269.40,810975,51975,1793,2993477351.25,1101,F1,75,,,,,
2025-04-03,2025-04-03,FO,NSE,IDO,58645,,NIFTY,,2026-12-31,2026-12-31,20000.00,PE,NIFTY26DEC20000PE,0.00,0.00,0.00,270.05,270.05,270.05,23250.10,102.25,3750,0,0,0.00,0,F1,75,,,,,
2025-04-03,2025-04-03,FO,NSE,IDO,71552,,NIFTY,,2027-06-24,2027-06-24,20000.00,PE,NIFTY27JUN20000PE,0.00,0.00,0.00,3034.20,0.00,3034.20,23250.10,117.45,0,0,0,0.00,0,F1,75,,,,,
2025-04-03,2025-04-03,FO,NSE,IDO,71554,,NIFTY,,2027-06-24,2027-06-24,21000.00,PE,NIFTY27JUN21000PE,0.00,0.00,0.00,500.00,500.00,500.00,23250.10,206.15,200,0,0,0.00,0,F1,75,,,,,
2025-04-03,2025-04-03,FO,NSE,IDO,53595,,NIFTY,,2027-12-30,2027-12-30,15000.00,PE,NIFTY27DEC15000PE,0.00,0.00,0.00,43.05,43.05,43.05,23250.10,2.75,475,0,0,0.00,0,F1,75,,,,,
2025-04-03,2025-04-03,FO,NSE,IDO,67775,,NIFTY,,2028-12-28,2028-12-28,20000.00,PE,NIFTY28DEC20000PE,0.00,0.00,0.00,370.00,370.00,370.00,23250.10,131.10,875,0,0,0.00,0,F1,75,,,,,
2025-04-03,2025-04-03,FO,NSE,IDO,67793,,NIFTY,,2028-12-28,2028-12-28,29000.00,PE,NIFTY28DEC29000PE,0.00,0.00,0.00,2010.85,0.00,2010.85,23250.10,2098.75,0,0,0,0.00,0,F1,75,,,,,
2025-04-03,2025-04-03,FO,NSE,IDO,89629,,NIFTY,,2029-06-28,2029-06-28,23000.00,PE,NIFTY29JUN23000PE,0.00,0.00,0.00,543.65,0.00,543.65,23250.10,413.70,0,0,0,0.00,0,F1,75,,,,,
2025-04-03,2025-04-03,FO,NSE,IDO,54758,,NIFTY,,2025-04-03,2025-04-03,23750.00,PE,NIFTY2540323750PE,588.50,588.50,450.00,498.90,498.80,438.55,23250.10,23250.10,222750,-21450,1500,2728109306.25,970,F1,75,,,,,
2025-04-03,2025-04-03,FO,NSE,IDO,67787,,NIFTY,,2028-12-28,2028-12-28,26000.00,PE,NIFTY28DEC26000PE,0.00,0.00,0.00,1160.95,0.00,1160.95,23250.10,1077.60,0,0,0,0.00,0,F1,75,,,,,
2025-04-03,2025-04-03,FO,NSE,IDO,54881,,NIFTY,,2025-04-03,2025-04-03,25050.00,PE,NIFTY2540325050PE,0.00,0.00,0.00,1276.00,1276.10,1276.00,23250.10,23250.10,675,0,0,0.00,0,F1,75,,,,,
2025-04-03,2025-04-03,FO,NSE,IDO,43853,,NIFTY,,2025-04-09,2025-04-09,22350.00,PE,NIFTY2540922350PE,20.00,20.00,5.25,6.25,6.65,11.85,23250.10,6.25,1028175,850350,42717,71629699545.00,18501,F1,75,,,,,
2025-04-03,2025-04-03,FO,NSE,IDO,43873,,NIFTY,,2025-04-09,2025-04-09,22800.00,PE,NIFTY2540922800PE,61.35,67.30,24.15,33.95,36.00,37.45,23250.10,33.95,4979400,4037775,230472,394691213865.00,114031,F1,75,,,,,
2025-04-03,2025-04-03,FO,NSE,IDO,43899,,NIFTY,,2025-04-09,2025-04-09,23250.00,PE,NIFTY2540923250PE,196.90,211.35,126.05,158.25,164.00,132.70,23250.10,158.25,1802325,1333725,204544,358961375283.75,110258,F1,75,,,,,
2025-04-03,2025-04-03,FO,NSE,IDO,43905,,NIFTY,,2025-04-09,2025-04-09,23400.00,PE,NIFTY2540923400PE,325.00,344.95,195.80,241.00,246.90,197.40,23250.10,241.00,1178100,296400,76196,135016061662.50,45802,F1,75,,,,,
2025-04-03,2025-04-03,FO,NSE,IDO,62915,,NIFTY,,2026-03-26,2026-03-26,19000.00,PE,NIFTY26MAR19000PE,0.00,0.00,0.00,42.60,0.00,42.60,23250.10,21.10,0,0,0,0.00,0,F1,75,,,,,
2025-04-03,2025-04-03,FO,NSE,IDO,38153,,NIFTY,,2025-12-24,2025-12-24,29000.00,PE,NIFTY25DEC29000PE,0.00,0.00,0.00,4400.00,4400.00,4400.00,23250.10,4489.70,13075,0,0,0.00,0,F1,75,,,,,
2025-04-03,2025-04-03,FO,NSE,IDO,50544,,NIFTY,,2025-12-24,2025-12-24,28000.00,PE,NIFTY25DEC28000PE,0.00,0.00,0.00,3455.20,3447.40,3455.20,23250.10,3607.85,318650,0,0,0.00,0,F1,75,,,,,
2025-04-03,2025-04-03,FO,NSE,IDO,38377,,NIFTY,,2025-12-24,2025-12-24,20000.00,PE,NIFTY25DEC20000PE,149.90,151.90,137.95,141.15,141.50,138.10,23250.10,141.15,403150,3975,509,768882723.75,318,F1,75,,,,,
2025-04-03,2025-04-03,FO,NSE,IDO,49178,,NIFTY,,2025-12-24,2025-12-24,16000.00,PE,NIFTY25DEC16000PE,0.00,0.00,0.00,36.00,36.00,36.00,23250.10,0.05,2275,0,0,0.00,0,F1,75,,,,,
2025-04-03,2025-04-03,FO,NSE,IDO,64699,,NIFTY,,2025-09-25,2025-09-25,27000.00,PE,NIFTY25SEP27000PE,0.00,0.00,0.00,1168.15,0.00,1168.15,23250.10,3026.55,0,0,0,0.00,0,F1,75,,,,,
2025-04-03,2025-04-03,FO,NSE,IDO,48029,,NIFTY,,2025-04-17,2025-04-17,20800.00,PE,NIFTY2541720800PE,4.10,5.45,1.90,2.10,2.00,7.00,23250.10,2.10,31650,30825,673,1049997450.00,83,F1,75,,,,,
2025-04-03,2025-04-03,FO,NSE,IDO,43977,,NIFTY,,2025-04-09,2025-04-09,24850.00,PE,NIFTY2540924850PE,0.00,0.00,0.00,1627.70,1627.70,1627.70,23250.10,1573.35,525,0,0,0.00,0,F1,75,,,,,
2025-04-03,2025-04-03,FO,NSE,IDO,43970,,NIFTY,,2025-04-09,2025-04-09,24700.00,PE,NIFTY2540924700PE,1395.00,1452.15,1395.00,1448.65,1452.15,1368.55,23250.10,1448.65,4275,3300,52,101833567.50,22,F1,75,,,,,
2025-04-03,2025-04-03,FO,NSE,IDO,54470,,NIFTY,,2025-04-03,2025-04-03,20450.00,CE,NIFTY2540320450CE,0.00,0.00,0.00,3272.95,3272.95,3272.95,23250.10,23250.10,600,0,0,0.00,0,F1,75,,,,,
2025-04-03,2025-04-03,FO,NSE,IDO,54669,,NIFTY,,2025-04-03,2025-04-03,23300.00,CE,NIFTY2540323300CE,15.50,36.00,0.05,0.25,0.05,80.30,23250.10,23250.10,15319200,3824700,20186745,35291262258393.75,4612202,F1,75,,,,,
2025-04-03,2025-04-03,FO,NSE,IDO,43782,,NIFTY,,2025-04-09,2025-04-09,20700.00,CE,NIFTY2540920700CE,2557.40,2560.00,2541.40,2547.30,2552.35,3057.60,23250.10,2547.30,1650,1500,24,41847768.75,13,F1,75,,,,,
2025-04-03,2025-04-03,FO,NSE,IDO,48237,,NIFTY,,2025-04-17,2025-04-17,23300.00,PE,NIFTY2541723300PE,271.25,278.70,196.65,232.35,234.00,193.10,23250.10,232.35,454575,257850,14801,26109745275.00,8596,F1,75,,,,,
2025-04-03,2025-04-03,FO,NSE,IDO,48283,,NIFTY,,2025-04-17,2025-04-17,23700.00,PE,NIFTY2541723700PE,489.00,517.05,425.20,481.65,487.05,407.20,23250.10,481.65,36900,6750,267,483606480.00,160,F1,75,,,,,
2025-04-03,2025-04-03,FO,NSE,IDO,48290,,NIFTY,,2025-04-17,2025-04-17,23800.00,PE,NIFTY2541723800PE,592.60,592.60,505.20,571.75,578.00,490.30,23250.10,571.75,13875,225,72,131402808.75,47,F1,75,,,,,
2025-04-03,2025-04-03,FO,NSE,IDO,48293,,NIFTY,,2025-04-17,2025-04-17,23850.00,PE,NIFTY2541723850PE,623.10,623.10,623.10,623.10,623.10,409.50,23250.10,623.10,600,0,1,1835482.50,1,F1,75,,,,,
2025-04-03,2025-04-03,FO,NSE,IDO,48321,,NIFTY,,2025-04-17,2025-04-17,24100.00,PE,NIFTY2541724100PE,0.00,0.00,0.00,728.00,728.00,728.00,23250.10,818.55,675,0,0,0.00,0,F1,75,,,,,
2025-04-03,2025-04-03,FO,NSE,IDO,48372,,NIFTY,,2025-04-17,2025-04-17,24800.00,PE,NIFTY2541724800PE,0.00,0.00,0.00,1422.00,1422.00,1422.00,23250.10,1489.90,75,0,0,0.00,0,F1,75,,,,,
2025-04-03,2025-04-03,FO,NSE,IDO,48390,,NIFTY,,2025-04-17,2025-04-17,24950.00,PE,NIFTY2541724950PE,0.00,0.00,0.00,1656.20,1656.20,1656.20,23250.10,1638.60,75,0,0,0.00,0,F1,75,,,,,
2025-04-03,2025-04-03,FO,NSE,IDO,79201,,NIFTY,,2025-04-24,2025-04-24,20400.00,PE,NIFTY25APR20400PE,5.30,8.30,5.10,5.85,6.80,6.60,23250.10,5.85,248925,21825,2406,3682370051.25,1273,F1,75,,,,,
2025-04-03,2025-04-03,FO,NSE,IDO,43792,,NIFTY,,2025-04-09,2025-04-09,20900.00,CE,NIFTY2540920900CE,0.00,0.00,0.00,2859.50,2859.50,2859.50,23250.10,2372.40,150,0,0,0.00,0,F1,75,,,,,
2025-04-03,2025-04-03,FO,NSE,IDO,43802,,NIFTY,,2025-04-09,2025-04-09,21150.00,CE,NIFTY2540921150CE,2092.25,2098.50,2092.25,2098.50,2098.50,2610.50,23250.10,2098.50,225,0,2,3486806.25,2,F1,75,,,,,
2025-04-03,2025-04-03,FO,NSE,IDO,43818,,NIFTY,,2025-04-09,2025-04-09,21500.00,CE,NIFTY2540921500CE,1826.55,1851.10,1732.55,1740.05,1745.90,1839.95,23250.10,1740.05,13125,9675,149,259956138.75,88,F1,75,,,,,
2025-04-03,2025-04-03,FO,NSE,IDO,43838,,NIFTY,,2025-04-09,2025-04-09,22000.00,CE,NIFTY2540922000CE,1264.50,1318.75,1231.00,1246.10,1242.55,1350.85,23250.10,1246.10,48075,14775,445,776307821.25,232,F1,75,,,,,
2025-04-03,2025-04-03,FO,NSE,IDO,43882,,NIFTY,,2025-04-09,2025-04-09,22950.00,CE,NIFTY2540922950CE,355.65,419.00,342.75,352.45,355.00,458.55,23250.10,352.45,24525,-450,1210,2117079611.25,990,F1,75,,,,,
2025-04-03,2025-04-03,FO,NSE,IDO,43896,,NIFTY,,2025-04-09,2025-04-09,23200.00,CE,NIFTY2540923200CE,180.00,236.75,120.00,182.40,182.00,266.20,23250.10,182.40,2200950,1474275,194559,341458250103.75,116280,F1,75,,,,,
2025-04-03,2025-04-03,FO,NSE,IDO,43898,,NIFTY,,2025-04-09,2025-04-09,23250.00,CE,NIFTY2540923250CE,158.05,204.95,140.90,155.00,154.80,233.00,23250.10,155.00,1567650,1327800,166538,292532850303.75,96739,F1,75,,,,,
2025-04-03,2025-04-03,FO,NSE,IDO,79218,,NIFTY,,2025-04-24,2025-04-24,20700.00,PE,NIFTY25APR20700PE,14.75,14.80,6.55,7.75,7.90,8.60,23250.10,7.75,73350,-3375,495,768806966.25,230,F1,75,,,,,
2025-04-03,2025-04-03,FO,NSE,IDO,79269,,NIFTY,,2025-04-24,2025-04-24,21800.00,PE,NIFTY25APR21800PE,32.00,32.00,19.05,20.20,20.95,22.25,23250.10,20.20,441750,65400,8145,13330325756.25,3693,F1,75,,,,,
2025-04-03,2025-04-03,FO,NSE,IDO,79286,,NIFTY,,2025-04-24,2025-04-24,22000.00,PE,NIFTY25APR22000PE,37.25,41.05,26.55,28.00,27.70,29.10,23250.10,28.00,3454200,44625,39399,65095274036.25,20164,F1,75,,,,,
2025-04-03,2025-04-03,FO,NSE,IDO,79399,,NIFTY,,2025-04-24,2025-04-24,22600.00,PE,NIFTY25APR22600PE,75.00,100.00,67.00,75.15,76.35,69.00,23250.10,75.15,512100,55500,10380,17652710883.75,6309,F1,75,,,,,
2025-04-03,2025-04-03,FO,NSE,IDO,79489,,NIFTY,,2025-04-24,2025-04-24,23400.00,PE,NIFTY25APR23400PE,340.05,348.00,273.55,312.40,314.30,268.80,23250.10,312.40,1823025,-109200,20293,36075821212.50,13739,F1,75,,,,,
2025-04-03,2025-04-03,FO,NSE,IDO,79504,,NIFTY,,2025-04-24,2025-04-24,23550.00,PE,NIFTY25APR23550PE,429.40,429.90,347.95,398.35,395.50,340.90,23250.10,398.35,160350,6225,636,1141641120.00,497,F1,75,,,,,
2025-04-03,2025-04-03,FO,NSE,IDO,43937,,NIFTY,,2025-04-09,2025-04-09,24050.00,PE,NIFTY2540924050PE,0.00,0.00,0.00,704.65,704.65,704.65,23250.10,778.35,8250,0,0,0.00,0,F1,75,,,,,
2025-04-03,2025-04-03,FO,NSE,IDO,43895,,NIFTY,,2025-04-09,2025-04-09,23150.00,PE,NIFTY2540923150PE,150.25,172.25,90.40,117.45,121.00,100.25,23250.10,117.45,999000,607950,94741,165302435703.75,56199,F1,75,,,,,
2025-04-03,2025-04-03,FO,NSE,IDO,43881,,NIFTY,,2025-04-09,2025-04-09,22900.00,PE,NIFTY2540922900PE,73.90,87.05,36.00,49.25,51.25,49.40,23250.10,49.25,2444100,1486950,137798,237173968972.50,78422,F1,75,,,,,
2025-04-03,2025-04-03,FO,NSE,IDO,43863,,NIFTY,,2025-04-09,2025-04-09,22600.00,PE,NIFTY2540922600PE,26.40,37.70,12.15,16.10,17.00,22.05,23250.10,16.10,2356500,1489350,121788,206593794660.00,59086,F1,75,,,,,
2025-04-03,2025-04-03,FO,NSE,IDO,43851,,NIFTY,,2025-04-09,2025-04-09,22300.00,PE,NIFTY2540922300PE,15.00,18.05,4.35,5.35,5.50,10.55,23250.10,5.35,3097500,1753350,141216,236253300168.75,50969,F1,75,,,,,
2025-04-03,2025-04-03,FO,NSE,IDO,54589,,NIFTY,,2025-04-03,2025-04-03,22250.00,PE,NIFTY2540322250PE,1.50,1.50,0.05,0.05,0.05,1.75,23250.10,23250.10,3229575,-1238100,469241,783077399467.50,77481,F1,75,,,,,
2025-04-03,2025-04-03,FO,NSE,IDO,54497,,NIFTY,,2025-04-03,2025-04-03,20750.00,PE,NIFTY2540320750PE,0.25,0.75,0.05,0.05,0.05,0.35,23250.10,23250.10,230625,92025,24163,37604230710.00,5041,F1,75,,,,,
2025-04-03,2025-04-03,FO,NSE,IDO,54487,,NIFTY,,2025-04-03,2025-04-03,20650.00,PE,NIFTY2540320650PE,0.35,0.65,0.05,0.10,0.05,0.35,23250.10,23250.10,308775,203700,17404,26954888512.50,3092,F1,75,,,,,
2025-04-03,2025-04-03,FO,NSE,IDO,79508,,NIFTY,,2025-04-24,2025-04-24,23650.00,PE,NIFTY25APR23650PE,490.00,490.00,405.15,459.40,458.90,395.65,23250.10,459.40,129825,3375,408,737205187.50,314,F1,75,,,,,
2025-04-03,2025-04-03,FO,NSE,IDO,79554,,NIFTY,,2025-04-24,2025-04-24,24100.00,PE,NIFTY25APR24100PE,847.00,848.00,748.05,815.25,815.50,720.55,23250.10,815.25,51900,-3675,513,957642416.25,186,F1,75,,,,,
2025-04-03,2025-04-03,FO,NSE,IDO,79641,,NIFTY,,2025-04-24,2025-04-24,24500.00,PE,NIFTY25APR24500PE,1214.95,1225.15,1110.00,1185.85,1190.95,1080.75,23250.10,1185.85,878325,-225,1812,3485519505.00,1648,F1,75,,,,,
2025-04-03,2025-04-03,FO,NSE,IDO,51830,,NIFTY,,2025-04-30,2025-04-30,21500.00,PE,NIFTY2543021500PE,25.75,25.75,16.80,17.95,18.35,18.85,23250.10,17.95,237300,27750,1357,2190076680.00,728,F1,75,,,,,
2025-04-03,2025-04-03,FO,NSE,IDO,51838,,NIFTY,,2025-04-30,2025-04-30,21700.00,PE,NIFTY2543021700PE,25.00,25.00,22.90,22.90,22.90,42.75,23250.10,6.00,2250,2250,32,52137315.00,7,F1,75,,,,,
2025-04-03,2025-04-03,FO,NSE,IDO,51883,,NIFTY,,2025-04-30,2025-04-30,22500.00,PE,NIFTY2543022500PE,97.75,100.00,73.45,82.05,84.35,74.65,23250.10,82.05,483600,47100,3433,5814112848.75,2241,F1,75,,,,,
2025-04-03,2025-04-03,FO,NSE,IDO,51905,,NIFTY,,2025-04-30,2025-04-30,22800.00,PE,NIFTY2543022800PE,156.05,159.20,118.10,137.25,136.60,117.85,23250.10,137.25,122700,7125,1307,2247972971.25,853,F1,75,,,,,
2025-04-03,2025-04-03,FO,NSE,IDO,51953,,NIFTY,,2025-04-30,2025-04-30,23550.00,PE,NIFTY2543023550PE,390.00,420.00,387.50,411.50,412.45,363.50,23250.10,411.50,3900,75,16,28745028.75,14,F1,75,,,,,
2025-04-03,2025-04-03,FO,NSE,IDO,43910,,NIFTY,,2025-04-09,2025-04-09,23550.00,CE,NIFTY2540923550CE,50.15,67.30,41.85,44.80,45.00,89.50,23250.10,44.80,969675,633900,86129,152455087083.75,49859,F1,75,,,,,
2025-04-03,2025-04-03,FO,NSE,IDO,43940,,NIFTY,,2025-04-09,2025-04-09,24150.00,CE,NIFTY2540924150CE,4.40,7.40,2.50,2.75,2.50,10.30,23250.10,2.75,742350,530250,38459,69669870660.00,12530,F1,75,,,,,
2025-04-03,2025-04-03,FO,NSE,IDO,48116,,NIFTY,,2025-04-17,2025-04-17,21850.00,CE,NIFTY2541721850CE,0.00,0.00,0.00,1454.55,1454.55,1454.55,23250.10,1455.70,75,0,0,0.00,0,F1,75,,,,,
2025-04-03,2025-04-03,FO,NSE,IDO,48118,,NIFTY,,2025-04-17,2025-04-17,21900.00,CE,NIFTY2541721900CE,0.00,0.00,0.00,1404.50,1404.50,1404.50,23250.10,1406.20,75,0,0,0.00,0,F1,75,,,,,
2025-04-03,2025-04-03,FO,NSE,IDO,48172,,NIFTY,,2025-04-17,2025-04-17,22450.00,CE,NIFTY2541722450CE,0.00,0.00,0.00,864.05,864.05,864.05,23250.10,875.60,75,0,0,0.00,0,F1,75,,,,,
2025-04-03,2025-04-03,FO,NSE,IDO,48234,,NIFTY,,2025-04-17,2025-04-17,23250.00,CE,NIFTY2541723250CE,245.00,290.00,230.00,240.25,240.00,318.15,23250.10,240.25,60075,54000,1907,3361627522.50,987,F1,75,,,,,
2025-04-03,2025-04-03,FO,NSE,IDO,48287,,NIFTY,,2025-04-17,2025-04-17,23750.00,CE,NIFTY2541723750CE,71.75,72.15,53.50,56.05,53.50,92.60,23250.10,56.05,41475,31125,1146,2046471153.75,713,F1,75,,,,,
2025-04-03,2025-04-03,FO,NSE,IDO,48292,,NIFTY,,2025-04-17,2025-04-17,23850.00,CE,NIFTY2541723850CE,51.00,53.30,38.90,40.55,39.50,71.05,23250.10,40.55,42375,23325,1069,1915690908.75,508,F1,75,,,,,
2025-04-03,2025-04-03,FO,NSE,IDO,48374,,NIFTY,,2025-04-17,2025-04-17,24850.00,CE,NIFTY2541724850CE,6.00,6.25,3.85,4.70,4.70,7.80,23250.10,1.40,4950,3150,93,173364048.75,36,F1,75,,,,,
2025-04-03,2025-04-03,FO,NSE,IDO,48427,,NIFTY,,2025-04-17,2025-04-17,25400.00,CE,NIFTY2541725400CE,3.35,3.50,1.95,2.10,1.95,3.75,23250.10,2.10,54825,21675,880,1676570032.50,269,F1,75,,,,,
2025-04-03,2025-04-03,FO,NSE,IDO,79200,,NIFTY,,2025-04-24,2025-04-24,20400.00,CE,NIFTY25APR20400CE,0.00,0.00,0.00,2850.00,2850.00,2850.00,23250.10,2926.25,1650,0,0,0.00,0,F1,75,,,,,
2025-04-03,2025-04-03,FO,NSE,IDO,79221,,NIFTY,,2025-04-24,2025-04-24,20800.00,CE,NIFTY25APR20800CE,0.00,0.00,0.00,2510.65,2500.00,2510.65,23250.10,2527.75,750,0,0,0.00,0,F1,75,,,,,
2025-04-03,2025-04-03,FO,NSE,IDO,79229,,NIFTY,,2025-04-24,2025-04-24,21000.00,CE,NIFTY25APR21000CE,2322.50,2390.00,2300.00,2319.40,2309.00,2426.30,23250.10,2319.40,817125,-79800,1449,2536499730.00,1141,F1,75,,,,,
2025-04-03,2025-04-03,FO,NSE,IDO,79400,,NIFTY,,2025-04-24,2025-04-24,22650.00,CE,NIFTY25APR22650CE,0.00,0.00,0.00,855.25,860.35,855.25,23250.10,752.50,22950,0,0,0.00,0,F1,75,,,,,
2025-04-03,2025-04-03,FO,NSE,IDO,79409,,NIFTY,,2025-04-24,2025-04-24,22750.00,CE,NIFTY25APR22750CE,708.20,731.15,667.25,667.65,667.25,762.10,23250.10,667.65,12075,-1350,75,131957223.75,41,F1,75,,,,,
2025-04-03,2025-04-03,FO,NSE,IDO,79505,,NIFTY,,2025-04-24,2025-04-24,23600.00,CE,NIFTY25APR23600CE,146.20,179.50,143.20,148.00,148.00,202.55,23250.10,148.00,2104800,2550,15345,27342547301.25,10594,F1,75,,,,,
2025-04-03,2025-04-03,FO,NSE,IDO,79632,,NIFTY,,2025-04-24,2025-04-24,24300.00,CE,NIFTY25APR24300CE,27.05,29.00,21.70,22.70,22.95,37.60,23250.10,22.70,697275,111600,18156,33123323632.50,9084,F1,75,,,,,
2025-04-03,2025-04-03,FO,NSE,IDO,79634,,NIFTY,,2025-04-24,2025-04-24,24350.00,CE,NIFTY25APR24350CE,23.05,25.35,19.35,20.20,19.35,33.25,23250.10,20.20,94950,-14925,4275,7814338113.75,2503,F1,75,,,,,
2025-04-03,2025-04-03,FO,NSE,IDO,79636,,NIFTY,,2025-04-24,2025-04-24,24400.00,CE,NIFTY25APR24400CE,33.10,33.10,16.25,18.30,16.25,30.05,23250.10,18.30,528075,79275,16836,30834992373.75,7985,F1,75,,,,,
2025-04-03,2025-04-03,FO,NSE,IDO,79672,,NIFTY,,2025-04-24,2025-04-24,24750.00,CE,NIFTY25APR24750CE,14.45,15.75,10.20,10.75,10.95,16.80,23250.10,10.75,126900,84300,5007,9299211517.50,2419,F1,75,,,,,
2025-04-03,2025-04-03,FO,NSE,IDO,79690,,NIFTY,,2025-04-24,2025-04-24,24950.00,CE,NIFTY25APR24950CE,6.80,11.50,6.80,8.00,7.70,12.55,23250.10,8.00,30300,-9375,869,1626723975.00,602,F1,75,,,,,
2025-04-03,2025-04-03,FO,NSE,IDO,51955,,NIFTY,,2025-04-30,2025-04-30,23600.00,PE,NIFTY2543023600PE,429.70,489.90,382.90,441.80,440.70,387.65,23250.10,441.80,36900,-600,182,327974617.50,129,F1,75,,,,,
2025-04-03,2025-04-03,FO,NSE,IDO,51977,,NIFTY,,2025-04-30,2025-04-30,23950.00,PE,NIFTY2543023950PE,0.00,0.00,0.00,828.85,0.00,828.85,23250.10,708.35,0,0,0,0.00,0,F1,75,,,,,
2025-04-03,2025-04-03,FO,NSE,IDO,52055,,NIFTY,,2025-04-30,2025-04-30,25050.00,PE,NIFTY2543025050PE,0.00,0.00,0.00,1714.30,0.00,1714.30,23250.10,1688.50,0,0,0,0.00,0,F1,75,,,,,
2025-04-03,2025-04-03,FO,NSE,IDO,52079,,NIFTY,,2025-04-30,2025-04-30,25300.00,PE,NIFTY2543025300PE,0.00,0.00,0.00,1943.00,0.00,1943.00,23250.10,1932.65,0,0,0,0.00,0,F1,75,,,,,
2025-04-03,2025-04-03,FO,NSE,IDO,61326,,NIFTY,,2025-05-29,2025-05-29,20400.00,PE,NIFTY25MAY20400PE,27.70,30.00,26.20,26.90,26.20,27.70,23250.10,26.90,16725,3975,139,212953998.75,69,F1,75,,,,,
2025-04-03,2025-04-03,FO,NSE,IDO,61354,,NIFTY,,2025-05-29,2025-05-29,20950.00,PE,NIFTY25MAY20950PE,0.00,0.00,0.00,27.80,27.80,27.80,23250.10,5.60,825,0,0,0.00,0,F1,75,,,,,
2025-04-03,2025-04-03,FO,NSE,IDO,61359,,NIFTY,,2025-05-29,2025-05-29,21050.00,PE,NIFTY25MAY21050PE,0.00,0.00,0.00,30.25,30.25,30.25,23250.10,7.25,1050,0,0,0.00,0,F1,75,,,,,
2025-04-03,2025-04-03,FO,NSE,IDO,61468,,NIFTY,,2025-05-29,2025-05-29,21700.00,PE,NIFTY25MAY21700PE,81.95,81.95,67.50,75.60,76.40,68.20,23250.10,75.60,128550,43050,2454,4007298517.50,1603,F1,75,,,,,
2025-04-03,2025-04-03,FO,NSE,IDO,61520,,NIFTY,,2025-05-29,2025-05-29,22850.00,PE,NIFTY25MAY22850PE,0.00,0.00,0.00,238.10,238.05,238.10,23250.10,225.75,9750,0,0,0.00,0,F1,75,,,,,
2025-04-03,2025-04-03,FO,NSE,IDO,61532,,NIFTY,,2025-05-29,2025-05-29,23150.00,PE,NIFTY25MAY23150PE,358.55,358.60,323.10,354.70,354.70,314.05,23250.10,354.70,3450,-1650,50,88071693.75,34,F1,75,,,,,
2025-04-03,2025-04-03,FO,NSE,IDO,61536,,NIFTY,,2025-05-29,2025-05-29,23250.00,PE,NIFTY25MAY23250PE,384.40,396.50,353.40,390.90,390.80,348.65,23250.10,390.90,10275,1725,137,242765516.25,97,F1,75,,,,,
2025-04-03,2025-04-03,FO,NSE,IDO,61542,,NIFTY,,2025-05-29,2025-05-29,23400.00,PE,NIFTY25MAY23400PE,460.45,469.55,414.50,450.80,451.85,404.85,23250.10,450.80,70425,0,429,767129628.75,293,F1,75,,,,,
2025-04-03,2025-04-03,FO,NSE,IDO,61544,,NIFTY,,2025-05-29,2025-05-29,23450.00,PE,NIFTY25MAY23450PE,473.05,487.90,433.70,468.35,472.70,425.95,23250.10,468.35,5850,2550,77,138112383.75,58,F1,75,,,,,
2025-04-03,2025-04-03,FO,NSE,IDO,61554,,NIFTY,,2025-05-29,2025-05-29,23700.00,PE,NIFTY25MAY23700PE,608.95,618.80,554.70,593.65,595.30,537.50,23250.10,593.65,68850,-1125,275,500867025.00,197,F1,75,,,,,
2025-04-03,2025-04-03,FO,NSE,IDO,61746,,NIFTY,,2029-12-27,2029-12-27,23000.00,CE,NIFTY29DEC23000CE,0.00,0.00,0.00,8286.75,0.00,8286.75,23250.10,6731.00,0,0,0,0.00,0,F1,75,,,,,
2025-04-03,2025-04-03,FO,NSE,IDO,61670,,NIFTY,,2025-05-29,2025-05-29,24150.00,PE,NIFTY25MAY24150PE,0.00,0.00,0.00,880.80,880.80,880.80,23250.10,887.65,1200,0,0,0.00,0,F1,75,,,,,
2025-04-03,2025-04-03,FO,NSE,IDO,61692,,NIFTY,,2025-05-29,2025-05-29,24700.00,PE,NIFTY25MAY24700PE,1265.00,1286.45,1265.00,1285.95,1285.95,1317.15,23250.10,1313.20,9300,0,6,11689001.25,4,F1,75,,,,,
2025-04-03,2025-04-03,FO,NSE,IDO,61758,,NIFTY,,2025-05-29,2025-05-29,25050.00,PE,NIFTY25MAY25050PE,0.00,0.00,0.00,1150.55,1150.55,1150.55,23250.10,1615.05,75,0,0,0.00,0,F1,75,,,,,
2025-04-03,2025-04-03,FO,NSE,IDO,61774,,NIFTY,,2025-05-29,2025-05-29,25400.00,PE,NIFTY25MAY25400PE,1930.00,1930.00,1930.00,1930.00,1930.00,1820.00,23250.10,1933.65,1650,-75,1,2049750.00,1,F1,75,,,,,
2025-04-03,2025-04-03,FO,NSE,IDO,40091,,NIFTY,,2025-06-26,2025-06-26,15000.00,PE,NIFTY25JUN15000PE,5.30,5.30,5.25,5.25,5.25,5.30,23250.10,0.05,8800,-1100,15,16880943.75,3,F1,75,,,,,
2025-04-03,2025-04-03,FO,NSE,IDO,79750,,NIFTY,,2025-04-24,2025-04-24,25500.00,CE,NIFTY25APR25500CE,7.65,7.80,4.55,4.85,4.70,7.65,23250.10,4.85,2173650,68700,9823,18790609822.50,3345,F1,75,,,,,
2025-04-03,2025-04-03,FO,NSE,IDO,51840,,NIFTY,,2025-04-30,2025-04-30,21750.00,CE,NIFTY2543021750CE,0.00,0.00,0.00,1663.60,0.00,1663.60,23250.10,1611.60,0,0,0,0.00,0,F1,75,,,,,
2025-04-03,2025-04-03,FO,NSE,IDO,51906,,NIFTY,,2025-04-30,2025-04-30,22850.00,CE,NIFTY2543022850CE,0.00,0.00,0.00,791.50,0.00,791.50,23250.10,646.05,0,0,0,0.00,0,F1,75,,,,,
2025-04-03,2025-04-03,FO,NSE,IDO,51912,,NIFTY,,2025-04-30,2025-04-30,22900.00,CE,NIFTY2543022900CE,610.50,633.70,610.50,618.55,618.55,719.20,23250.10,618.55,900,-150,7,12349785.00,6,F1,75,,,,,
2025-04-03,2025-04-03,FO,NSE,IDO,51931,,NIFTY,,2025-04-30,2025-04-30,23100.00,CE,NIFTY2543023100CE,475.00,535.00,467.00,481.45,474.00,569.50,23250.10,481.45,10200,2400,159,281415753.75,141,F1,75,,,,,
2025-04-03,2025-04-03,FO,NSE,IDO,51933,,NIFTY,,2025-04-30,2025-04-30,23150.00,CE,NIFTY2543023150CE,435.00,500.00,435.00,450.25,448.60,526.55,23250.10,450.25,5775,300,51,90319961.25,48,F1,75,,,,,
2025-04-03,2025-04-03,FO,NSE,IDO,51939,,NIFTY,,2025-04-30,2025-04-30,23300.00,CE,NIFTY2543023300CE,346.90,407.95,342.95,357.45,357.75,427.80,23250.10,357.45,117900,12975,2198,3902684726.25,1367,F1,75,,,,,
2025-04-03,2025-04-03,FO,NSE,IDO,52002,,NIFTY,,2025-04-30,2025-04-30,24400.00,CE,NIFTY2543024400CE,33.00,35.10,27.05,29.10,27.05,43.25,23250.10,29.10,52875,7500,747,1368745188.75,371,F1,75,,,,,
2025-04-03,2025-04-03,FO,NSE,IDO,52040,,NIFTY,,2025-04-30,2025-04-30,24900.00,CE,NIFTY2543024900CE,12.30,17.70,11.80,13.90,12.65,17.90,23250.10,13.90,17025,2625,141,263459085.00,74,F1,75,,,,,
2025-04-03,2025-04-03,FO,NSE,IDO,52064,,NIFTY,,2025-04-30,2025-04-30,25200.00,CE,NIFTY2543025200CE,11.25,11.25,6.70,7.70,7.00,11.35,23250.10,7.70,279825,1200,1602,3028803971.25,1213,F1,75,,,,,
2025-04-03,2025-04-03,FO,NSE,IDO,52070,,NIFTY,,2025-04-30,2025-04-30,25300.00,CE,NIFTY2543025300CE,9.20,9.95,7.00,7.65,7.00,10.25,23250.10,7.65,17850,-2025,172,326479702.50,118,F1,75,,,,,
2025-04-03,2025-04-03,FO,NSE,IDO,61357,,NIFTY,,2025-05-29,2025-05-29,21050.00,CE,NIFTY25MAY21050CE,0.00,0.00,0.00,2127.30,2127.30,2127.30,23250.10,2416.20,1050,0,0,0.00,0,F1,75,,,,,
2025-04-03,2025-04-03,FO,NSE,IDO,51450,,NIFTY,,2025-06-26,2025-06-26,21000.00,PE,NIFTY25JUN21000PE,80.00,80.05,68.55,72.65,74.00,69.95,23250.10,72.65,1633825,54950,3816,6030650193.75,1690,F1,75,,,,,
2025-04-03,2025-04-03,FO,NSE,IDO,62156,,NIFTY,,2025-06-26,2025-06-26,21650.00,PE,NIFTY25JUN21650PE,0.00,0.00,0.00,77.70,0.00,77.70,23250.10,56.95,0,0,0,0.00,0,F1,75,,,,,
2025-04-03,2025-04-03,FO,NSE,IDO,62332,,NIFTY,,2025-06-26,2025-06-26,23550.00,PE,NIFTY25JUN23550PE,558.65,558.65,558.65,558.65,558.65,558.65,23250.10,564.25,300,75,1,1808148.75,1,F1,75,,,,,
2025-04-03,2025-04-03,FO,NSE,IDO,62338,,NIFTY,,2025-06-26,2025-06-26,23700.00,PE,NIFTY25JUN23700PE,0.00,0.00,0.00,594.05,592.20,594.05,23250.10,641.00,20100,0,0,0.00,0,F1,75,,,,,
2025-04-03,2025-04-03,FO,NSE,IDO,62342,,NIFTY,,2025-06-26,2025-06-26,23750.00,PE,NIFTY25JUN23750PE,0.00,0.00,0.00,611.60,0.00,611.60,23250.10,667.85,0,0,0,0.00,0,F1,75,,,,,
2025-04-03,2025-04-03,FO,NSE,IDO,62348,,NIFTY,,2025-06-26,2025-06-26,23900.00,PE,NIFTY25JUN23900PE,731.90,731.90,731.90,731.90,731.90,703.60,23250.10,752.35,6900,75,1,1847392.50,1,F1,75,,,,,
2025-04-03,2025-04-03,FO,NSE,IDO,61377,,NIFTY,,2025-05-29,2025-05-29,21250.00,CE,NIFTY25MAY21250CE,0.00,0.00,0.00,2235.50,2235.85,2235.50,23250.10,2222.85,1050,0,0,0.00,0,F1,75,,,,,
2025-04-03,2025-04-03,FO,NSE,IDO,61399,,NIFTY,,2025-05-29,2025-05-29,21600.00,CE,NIFTY25MAY21600CE,0.00,0.00,0.00,1940.00,1940.00,1940.00,23250.10,1890.65,1275,0,0,0.00,0,F1,75,,,,,
2025-04-03,2025-04-03,FO,NSE,IDO,61511,,NIFTY,,2025-05-29,2025-05-29,22650.00,CE,NIFTY25MAY22650CE,0.00,0.00,0.00,999.05,999.05,999.05,23250.10,995.25,750,0,0,0.00,0,F1,75,,,,,
2025-04-03,2025-04-03,FO,NSE,IDO,61537,,NIFTY,,2025-05-29,2025-05-29,23300.00,CE,NIFTY25MAY23300CE,545.95,598.30,538.70,561.05,556.00,622.80,23250.10,561.05,48000,7425,477,853843841.25,403,F1,75,,,,,
2025-04-03,2025-04-03,FO,NSE,IDO,62358,,NIFTY,,2025-06-26,2025-06-26,24150.00,PE,NIFTY25JUN24150PE,0.00,0.00,0.00,807.90,0.00,807.90,23250.10,905.65,0,0,0,0.00,0,F1,75,,,,,
2025-04-03,2025-04-03,FO,NSE,IDO,62360,,NIFTY,,2025-06-26,2025-06-26,24200.00,PE,NIFTY25JUN24200PE,883.95,900.60,883.95,900.60,900.60,850.55,23250.10,938.10,450,300,7,13172775.00,3,F1,75,,,,,
2025-04-03,2025-04-03,FO,NSE,IDO,62392,,NIFTY,,2025-06-26,2025-06-26,24800.00,PE,NIFTY25JUN24800PE,0.00,0.00,0.00,1351.75,1351.75,1351.75,23250.10,1370.25,75,0,0,0.00,0,F1,75,,,,,
2025-04-03,2025-04-03,FO,NSE,IDO,48189,,NIFTY,,2025-04-17,2025-04-17,22700.00,PE,NIFTY2541722700PE,76.45,80.55,48.45,59.25,61.90,56.45,23250.10,59.25,75600,29325,2673,4562485867.50,1290,F1,75,,,,,
2025-04-03,2025-04-03,FO,NSE,IDO,48185,,NIFTY,,2025-04-17,2025-04-17,22600.00,PE,NIFTY2541722600PE,64.00,66.05,38.10,46.15,48.35,45.75,23250.10,46.15,124425,90750,4229,7182448803.75,2576,F1,75,,,,,
2025-04-03,2025-04-03,FO,NSE,IDO,48107,,NIFTY,,2025-04-17,2025-04-17,21600.00,PE,NIFTY2541721600PE,15.85,15.85,5.45,5.80,5.45,8.70,23250.10,5.80,27900,7125,337,546111435.00,198,F1,75,,,,,
2025-04-03,2025-04-03,FO,NSE,IDO,61551,,NIFTY,,2025-05-29,2025-05-29,23650.00,CE,NIFTY25MAY23650CE,358.75,397.75,358.75,369.40,372.85,405.55,23250.10,369.40,8250,600,23,41445457.50,18,F1,75,,,,,
2025-04-03,2025-04-03,FO,NSE,IDO,61557,,NIFTY,,2025-05-29,2025-05-29,23800.00,CE,NIFTY25MAY23800CE,297.65,334.05,292.80,307.45,306.85,353.85,23250.10,307.45,125850,2625,831,1502856682.50,639,F1,75,,,,,
2025-04-03,2025-04-03,FO,NSE,IDO,62163,,NIFTY,,2025-06-26,2025-06-26,21800.00,CE,NIFTY25JUN21800CE,0.00,0.00,0.00,1910.00,1910.00,1910.00,23250.10,1845.80,75,0,0,0.00,0,F1,75,,,,,
2025-04-03,2025-04-03,FO,NSE,IDO,62257,,NIFTY,,2025-06-26,2025-06-26,22900.00,CE,NIFTY25JUN22900CE,0.00,0.00,0.00,1004.55,1004.55,1004.55,23250.10,989.80,75,0,0,0.00,0,F1,75,,,,,
2025-04-03,2025-04-03,FO,NSE,IDO,62319,,NIFTY,,2025-06-26,2025-06-26,23250.00,CE,NIFTY25JUN23250CE,779.00,779.00,779.00,779.00,779.00,812.70,23250.10,779.00,75,0,1,1802175.00,1,F1,75,,,,,
2025-04-03,2025-04-03,FO,NSE,IDO,62349,,NIFTY,,2025-06-26,2025-06-26,23950.00,CE,NIFTY25JUN23950CE,396.10,406.10,396.10,398.35,398.35,395.95,23250.10,437.45,300,150,3,5478791.25,3,F1,75,,,,,
2025-04-03,2025-04-03,FO,NSE,IDO,62355,,NIFTY,,2025-06-26,2025-06-26,24150.00,CE,NIFTY25JUN24150CE,0.00,0.00,0.00,684.80,0.00,684.80,23250.10,364.30,0,0,0,0.00,0,F1,75,,,,,
2025-04-03,2025-04-03,FO,NSE,IDO,62371,,NIFTY,,2025-06-26,2025-06-26,24400.00,CE,NIFTY25JUN24400CE,244.75,246.45,234.00,236.70,234.40,242.85,23250.10,236.70,4650,3225,72,133043786.25,24,F1,75,,,,,
2025-04-03,2025-04-03,FO,NSE,IDO,62377,,NIFTY,,2025-06-26,2025-06-26,24550.00,CE,NIFTY25JUN24550CE,195.00,195.00,195.00,195.00,195.00,205.00,23250.10,195.00,2550,0,1,1855875.00,1,F1,75,,,,,
2025-04-03,2025-04-03,FO,NSE,IDO,62387,,NIFTY,,2025-06-26,2025-06-26,24800.00,CE,NIFTY25JUN24800CE,140.00,143.70,135.50,138.25,135.50,434.35,23250.10,138.25,750,750,12,22444777.50,7,F1,75,,,,,
2025-04-03,2025-04-03,FO,NSE,IDO,62393,,NIFTY,,2025-06-26,2025-06-26,24850.00,CE,NIFTY25JUN24850CE,137.00,137.00,124.55,133.75,133.75,147.35,23250.10,133.75,6825,150,13,24360476.25,5,F1,75,,,,,
2025-04-03,2025-04-03,FO,NSE,IDO,62399,,NIFTY,,2025-06-26,2025-06-26,25050.00,CE,NIFTY25JUN25050CE,0.00,0.00,0.00,359.05,0.00,359.05,23250.10,142.55,0,0,0,0.00,0,F1,75,,,,,
2025-04-03,2025-04-03,FO,NSE,IDO,38150,,NIFTY,,2025-06-26,2025-06-26,29000.00,CE,NIFTY25JUN29000CE,9.25,9.90,8.50,8.75,8.75,8.85,23250.10,8.75,208550,2625,144,313298501.25,106,F1,75,,,,,
2025-04-03,2025-04-03,FO,NSE,IDO,64690,,NIFTY,,2025-09-25,2025-09-25,23000.00,CE,NIFTY25SEP23000CE,1341.50,1407.60,1329.65,1379.90,1371.85,1427.85,23250.10,1379.90,103200,4875,246,449818226.25,228,F1,75,,,,,
2025-04-03,2025-04-03,FO,NSE,IDO,38376,,NIFTY,,2025-12-24,2025-12-24,20000.00,CE,NIFTY25DEC20000CE,4100.00,4135.00,4081.50,4088.95,4088.95,4175.00,23250.10,4088.95,49750,375,20,36169713.75,18,F1,75,,,,,
2025-04-03,2025-04-03,FO,NSE,IDO,39989,,NIFTY,,2026-06-25,2026-06-25,19000.00,CE,NIFTY26JUN19000CE,0.00,0.00,0.00,5792.00,5792.00,5792.00,23250.10,5738.20,100,0,0,0.00,0,F1,75,,,,,
2025-04-03,2025-04-03,FO,NSE,IDO,58626,,NIFTY,,2026-06-25,2026-06-25,22000.00,CE,NIFTY26JUN22000CE,0.00,0.00,0.00,2722.55,0.00,2722.55,23250.10,3245.35,0,0,0,0.00,0,F1,75,,,,,
2025-04-03,2025-04-03,FO,NSE,IDO,37799,,NIFTY,,2026-06-25,2026-06-25,23000.00,CE,NIFTY26JUN23000CE,0.00,0.00,0.00,2645.65,0.00,2645.65,23250.10,2547.90,0,0,0,0.00,0,F1,75,,,,,
2025-04-03,2025-04-03,FO,NSE,IDO,58636,,NIFTY,,2026-12-31,2026-12-31,16000.00,CE,NIFTY26DEC16000CE,0.00,0.00,0.00,6200.00,6200.00,6200.00,23250.10,8968.50,50,0,0,0.00,0,F1,75,,,,,
2025-04-03,2025-04-03,FO,NSE,IDO,53599,,NIFTY,,2027-12-30,2027-12-30,17000.00,CE,NIFTY27DEC17000CE,0.00,0.00,0.00,6805.50,0.00,6805.50,23250.10,9043.10,0,0,0,0.00,0,F1,75,,,,,
2025-04-03,2025-04-03,FO,NSE,IDO,53626,,NIFTY,,2027-12-30,2027-12-30,25000.00,CE,NIFTY27DEC25000CE,0.00,0.00,0.00,3458.35,0.00,3458.35,23250.10,3313.65,0,0,0,0.00,0,F1,75,,,,,
2025-04-03,2025-04-03,FO,NSE,IDO,53628,,NIFTY,,2027-12-30,2027-12-30,26000.00,CE,NIFTY27DEC26000CE,0.00,0.00,0.00,3162.40,0.00,3162.40,23250.10,2802.50,0,0,0,0.00,0,F1,75,,,,,
2025-04-03,2025-04-03,FO,NSE,IDO,38164,,NIFTY,,2027-12-30,2027-12-30,29000.00,CE,NIFTY27DEC29000CE,0.00,0.00,0.00,1932.55,0.00,1932.55,23250.10,1607.00,0,0,0,0.00,0,F1,75,,,,,
2025-04-03,2025-04-03,FO,NSE,IDO,86165,,NIFTY,,2028-06-29,2028-06-29,28000.00,CE,NIFTY28JUN28000CE,0.00,0.00,0.00,2596.45,0.00,2596.45,23250.10,2476.35,0,0,0,0.00,0,F1,75,,,,,
2025-04-03,2025-04-03,FO,NSE,IDO,67788,,NIFTY,,2028-12-28,2028-12-28,27000.00,CE,NIFTY28DEC27000CE,0.00,0.00,0.00,4437.95,0.00,4437.95,23250.10,3450.80,0,0,0,0.00,0,F1,75,,,,,
2025-04-03,2025-04-03,FO,NSE,IDO,67790,,NIFTY,,2028-12-28,2028-12-28,28000.00,CE,NIFTY28DEC28000CE,0.00,0.00,0.00,4027.15,0.00,4027.15,23250.10,3007.15,0,0,0,0.00,0,F1,75,,,,,
2025-04-03,2025-04-03,FO,NSE,IDO,89630,,NIFTY,,2029-06-28,2029-06-28,24000.00,CE,NIFTY29JUN24000CE,0.00,0.00,0.00,8085.35,0.00,8085.35,23250.10,5596.55,0,0,0,0.00,0,F1,75,,,,,
2025-04-03,2025-04-03,FO,NSE,IDO,61383,,NIFTY,,2029-12-27,2029-12-27,17000.00,PE,NIFTY29DEC17000PE,0.00,0.00,0.00,62.80,0.00,62.80,23250.10,27.15,0,0,0,0.00,0,F1,75,,,,,
2025-04-03,2025-04-03,FO,NSE,IDO,89633,,NIFTY,,2029-06-28,2029-06-28,25000.00,PE,NIFTY29JUN25000PE,0.00,0.00,0.00,852.50,0.00,852.50,23250.10,755.40,0,0,0,0.00,0,F1,75,,,,,
2025-04-03,2025-04-03,FO,NSE,IDO,89611,,NIFTY,,2029-06-28,2029-06-28,17000.00,PE,NIFTY29JUN17000PE,0.00,0.00,0.00,79.30,0.00,79.30,23250.10,25.80,0,0,0,0.00,0,F1,75,,,,,
2025-04-03,2025-04-03,FO,NSE,IDO,86166,,NIFTY,,2028-06-29,2028-06-29,28000.00,PE,NIFTY28JUN28000PE,0.00,0.00,0.00,3161.35,0.00,3161.35,23250.10,1907.40,0,0,0,0.00,0,F1,75,,,,,
2025-04-03,2025-04-03,FO,NSE,IDO,86150,,NIFTY,,2028-06-29,2028-06-29,23000.00,PE,NIFTY28JUN23000PE,0.00,0.00,0.00,1399.25,0.00,1399.25,23250.10,470.95,0,0,0,0.00,0,F1,75,,,,,
2025-04-03,2025-04-03,FO,NSE,IDO,86144,,NIFTY,,2028-06-29,2028-06-29,20000.00,PE,NIFTY28JUN20000PE,0.00,0.00,0.00,400.00,400.00,400.00,23250.10,130.55,0,0,0,0.00,0,F1,75,,,,,
2025-04-03,2025-04-03,FO,NSE,IDO,86140,,NIFTY,,2028-06-29,2028-06-29,18000.00,PE,NIFTY28JUN18000PE,0.00,0.00,0.00,396.75,0.00,396.75,23250.10,41.65,0,0,0,0.00,0,F1,75,,,,,
2025-04-03,2025-04-03,FO,NSE,IDO,86138,,NIFTY,,2028-06-29,2028-06-29,17000.00,PE,NIFTY28JUN17000PE,0.00,0.00,0.00,283.10,0.00,283.10,23250.10,21.00,0,0,0,0.00,0,F1,75,,,,,
2025-04-03,2025-04-03,FO,NSE,IDO,53615,,NIFTY,,2027-12-30,2027-12-30,21000.00,PE,NIFTY27DEC21000PE,0.00,0.00,0.00,582.95,582.95,582.95,23250.10,211.40,50,0,0,0.00,0,F1,75,,,,,
2025-04-03,2025-04-03,FO,NSE,IDO,50548,,NIFTY,,2026-12-31,2026-12-31,28000.00,PE,NIFTY26DEC28000PE,0.00,0.00,0.00,1650.00,1650.00,1650.00,23250.10,2697.60,450,0,0,0.00,0,F1,75,,,,,
2025-04-03,2025-04-03,FO,NSE,IDO,71502,,NIFTY,,2026-12-31,2026-12-31,24000.00,PE,NIFTY26DEC24000PE,958.05,958.05,958.05,958.05,958.05,984.95,23250.10,812.00,9600,0,1,1871853.75,1,F1,75,,,,,
2025-04-03,2025-04-03,FO,NSE,IDO,38380,,NIFTY,,2026-06-25,2026-06-25,20000.00,PE,NIFTY26JUN20000PE,0.00,0.00,0.00,3159.75,0.00,3159.75,23250.10,75.80,0,0,0,0.00,0,F1,75,,,,,
2025-04-03,2025-04-03,FO,NSE,IDO,50448,,NIFTY,,2026-06-25,2026-06-25,15000.00,PE,NIFTY26JUN15000PE,0.00,0.00,0.00,20.20,20.20,20.20,23250.10,0.15,1000,0,0,0.00,0,F1,75,,,,,
2025-04-03,2025-04-03,FO,NSE,IDO,62927,,NIFTY,,2026-03-26,2026-03-26,25000.00,PE,NIFTY26MAR25000PE,0.00,0.00,0.00,1307.55,0.00,1307.55,23250.10,1327.85,0,0,0,0.00,0,F1,75,,,,,
2025-04-03,2025-04-03,FO,NSE,IDO,38157,,NIFTY,,2026-06-25,2026-06-25,29000.00,PE,NIFTY26JUN29000PE,0.00,0.00,0.00,5546.10,0.00,5546.10,23250.10,3853.45,0,0,0,0.00,0,F1,75,,,,,
2025-04-03,2025-04-03,FO,NSE,IDO,50498,,NIFTY,,2026-06-25,2026-06-25,17000.00,PE,NIFTY26JUN17000PE,0.00,0.00,0.00,2627.25,0.00,2627.25,23250.10,3.20,0,0,0,0.00,0,F1,75,,,,,
2025-04-03,2025-04-03,FO,NSE,IDO,50462,,NIFTY,,2026-06-25,2026-06-25,16000.00,PE,NIFTY26JUN16000PE,0.00,0.00,0.00,21.55,21.55,21.55,23250.10,0.75,1525,0,0,0.00,0,F1,75,,,,,
2025-04-03,2025-04-03,FO,NSE,IDO,50444,,NIFTY,,2026-06-25,2026-06-25,14000.00,PE,NIFTY26JUN14000PE,0.00,0.00,0.00,20.05,20.05,20.05,23250.10,0.05,1075,0,0,0.00,0,F1,75,,,,,
2025-04-03,2025-04-03,FO,NSE,IDO,58625,,NIFTY,,2026-06-25,2026-06-25,12000.00,PE,NIFTY26JUN12000PE,0.00,0.00,0.00,20.05,20.05,20.05,23250.10,0.05,475,0,0,0.00,0,F1,75,,,,,
2025-04-03,2025-04-03,FO,NSE,IDO,62931,,NIFTY,,2026-03-26,2026-03-26,27000.00,PE,NIFTY26MAR27000PE,0.00,0.00,0.00,2406.70,0.00,2406.70,23250.10,2575.45,0,0,0,0.00,0,F1,75,,,,,
2025-04-03,2025-04-03,FO,NSE,IDO,62929,,NIFTY,,2026-03-26,2026-03-26,26000.00,PE,NIFTY26MAR26000PE,0.00,0.00,0.00,1813.30,0.00,1813.30,23250.10,1901.85,0,0,0,0.00,0,F1,75,,,,,
2025-04-03,2025-04-03,FO,NSE,IDO,62917,,NIFTY,,2026-03-26,2026-03-26,20000.00,PE,NIFTY26MAR20000PE,0.00,0.00,0.00,95.70,0.00,95.70,23250.10,58.55,0,0,0,0.00,0,F1,75,,,,,
2025-04-03,2025-04-03,FO,NSE,IDO,51452,,NIFTY,,2025-12-24,2025-12-24,21000.00,PE,NIFTY25DEC21000PE,175.00,262.50,175.00,220.50,221.70,210.35,23250.10,220.50,378150,14025,1190,1893786333.75,696,F1,75,,,,,
2025-04-03,2025-04-03,FO,NSE,IDO,39988,,NIFTY,,2025-12-24,2025-12-24,19000.00,PE,NIFTY25DEC19000PE,99.95,99.95,92.00,95.65,94.15,93.55,23250.10,95.65,110875,1350,137,196199227.50,92,F1,75,,,,,
2025-04-03,2025-04-03,FO,NSE,IDO,49174,,NIFTY,,2025-12-24,2025-12-24,15000.00,PE,NIFTY25DEC15000PE,0.00,0.00,0.00,20.05,20.05,20.05,23250.10,0.05,1900,0,0,0.00,0,F1,75,,,,,
2025-04-03,2025-04-03,FO,NSE,IDO,62384,,NIFTY,,2025-06-26,2025-06-26,24700.00,PE,NIFTY25JUN24700PE,0.00,0.00,0.00,1130.80,0.00,1130.80,23250.10,1293.15,0,0,0,0.00,0,F1,75,,,,,
2025-04-03,2025-04-03,FO,NSE,IDO,62324,,NIFTY,,2025-06-26,2025-06-26,23350.00,PE,NIFTY25JUN23350PE,0.00,0.00,0.00,448.35,0.00,448.35,23250.10,471.15,0,0,0,0.00,0,F1,75,,,,,
2025-04-03,2025-04-03,FO,NSE,IDO,62266,,NIFTY,,2025-06-26,2025-06-26,23050.00,PE,NIFTY25JUN23050PE,0.00,0.00,0.00,347.10,0.00,347.10,23250.10,351.10,0,0,0,0.00,0,F1,75,,,,,
2025-04-03,2025-04-03,FO,NSE,IDO,62256,,NIFTY,,2025-06-26,2025-06-26,22850.00,PE,NIFTY25JUN22850PE,0.00,0.00,0.00,290.25,0.00,290.25,23250.10,283.75,0,0,0,0.00,0,F1,75,,,,,
2025-04-03,2025-04-03,FO,NSE,IDO,62202,,NIFTY,,2025-06-26,2025-06-26,22550.00,PE,NIFTY25JUN22550PE,0.00,0.00,0.00,216.30,0.00,216.30,23250.10,200.65,0,0,0,0.00,0,F1,75,,,,,
2025-04-03,2025-04-03,FO,NSE,IDO,62192,,NIFTY,,2025-06-26,2025-06-26,22300.00,PE,NIFTY25JUN22300PE,210.00,210.00,190.90,202.55,207.00,184.35,23250.10,202.55,33900,4575,162,273363735.00,67,F1,75,,,,,
2025-04-03,2025-04-03,FO,NSE,IDO,62164,,NIFTY,,2025-06-26,2025-06-26,21800.00,PE,NIFTY25JUN21800PE,125.00,133.65,120.95,131.75,133.65,121.65,23250.10,131.75,38925,10500,226,371679176.25,79,F1,75,,,,,
2025-04-03,2025-04-03,FO,NSE,IDO,45866,,NIFTY,,2025-06-26,2025-06-26,17000.00,PE,NIFTY25JUN17000PE,7.30,9.00,7.15,8.65,9.00,7.30,23250.10,8.65,63450,1275,95,121182588.75,45,F1,75,,,,,
2025-04-03,2025-04-03,FO,NSE,IDO,61766,,NIFTY,,2025-05-29,2025-05-29,25250.00,PE,NIFTY25MAY25250PE,0.00,0.00,0.00,1806.15,1806.15,1806.15,23250.10,1795.45,75,0,0,0.00,0,F1,75,,,,,
2025-04-03,2025-04-03,FO,NSE,IDO,61688,,NIFTY,,2025-05-29,2025-05-29,24600.00,PE,NIFTY25MAY24600PE,0.00,0.00,0.00,1232.15,1232.15,1232.15,23250.10,1230.85,15150,0,0,0.00,0,F1,75,,,,,
2025-04-03,2025-04-03,FO,NSE,IDO,61686,,NIFTY,,2025-05-29,2025-05-29,24550.00,PE,NIFTY25MAY24550PE,0.00,0.00,0.00,959.85,959.85,959.85,23250.10,1190.45,750,0,0,0.00,0,F1,75,,,,,
2025-04-03,2025-04-03,FO,NSE,IDO,61678,,NIFTY,,2025-05-29,2025-05-29,24350.00,PE,NIFTY25MAY24350PE,0.00,0.00,0.00,781.35,781.35,781.35,23250.10,1034.25,300,0,0,0.00,0,F1,75,,,,,
2025-04-03,2025-04-03,FO,NSE,IDO,61668,,NIFTY,,2025-05-29,2025-05-29,24100.00,PE,NIFTY25MAY24100PE,830.00,830.00,811.00,827.60,827.60,787.05,23250.10,852.60,29400,2700,54,100958501.25,39,F1,75,,,,,
2025-04-03,2025-04-03,FO,NSE,IDO,61556,,NIFTY,,2025-05-29,2025-05-29,23750.00,PE,NIFTY25MAY23750PE,589.20,589.20,589.20,589.20,589.20,627.30,23250.10,627.60,2100,0,1,1825440.00,1,F1,75,,,,,
2025-04-03,2025-04-03,FO,NSE,IDO,61526,,NIFTY,,2025-05-29,2025-05-29,23000.00,PE,NIFTY25MAY23000PE,320.00,324.95,276.65,304.05,304.00,273.80,23250.10,304.05,906300,150525,8524,14892818718.75,6089,F1,75,,,,,
2025-04-03,2025-04-03,FO,NSE,IDO,61516,,NIFTY,,2025-05-29,2025-05-29,22750.00,PE,NIFTY25MAY22750PE,223.10,237.10,217.90,233.80,234.90,209.30,23250.10,233.80,20100,-1875,59,101690992.50,24,F1,75,,,,,
2025-04-03,2025-04-03,FO,NSE,IDO,61514,,NIFTY,,2025-05-29,2025-05-29,22700.00,PE,NIFTY25MAY22700PE,230.15,239.65,202.70,220.10,222.00,199.60,23250.10,220.10,142725,40800,1430,2457460436.25,1195,F1,75,,,,,
2025-04-03,2025-04-03,FO,NSE,IDO,61512,,NIFTY,,2025-05-29,2025-05-29,22650.00,PE,NIFTY25MAY22650PE,197.55,213.95,193.55,211.60,213.90,191.00,23250.10,211.60,20775,0,36,61706606.25,23,F1,75,,,,,
2025-04-03,2025-04-03,FO,NSE,IDO,61508,,NIFTY,,2025-05-29,2025-05-29,22550.00,PE,NIFTY25MAY22550PE,0.00,0.00,0.00,168.20,169.65,168.20,23250.10,146.85,6600,0,0,0.00,0,F1,75,,,,,
2025-04-03,2025-04-03,FO,NSE,IDO,61492,,NIFTY,,2025-05-29,2025-05-29,22150.00,PE,NIFTY25MAY22150PE,114.00,114.00,114.00,114.00,114.00,108.50,23250.10,76.30,2475,-75,1,1669800.00,1,F1,75,,,,,
2025-04-03,2025-04-03,FO,NSE,IDO,61486,,NIFTY,,2025-05-29,2025-05-29,22000.00,PE,NIFTY25MAY22000PE,108.00,121.00,95.00,105.00,103.00,95.75,23250.10,105.00,938025,3525,6753,11193890910.00,4055,F1,75,,,,,
2025-04-03,2025-04-03,FO,NSE,IDO,61344,,NIFTY,,2025-05-29,2025-05-29,20800.00,PE,NIFTY25MAY20800PE,25.15,25.15,25.15,25.15,25.15,24.90,23250.10,3.70,45750,0,1,1561886.25,1,F1,75,,,,,
2025-04-03,2025-04-03,FO,NSE,IDO,52065,,NIFTY,,2025-04-30,2025-04-30,25200.00,PE,NIFTY2543025200PE,0.00,0.00,0.00,1850.75,0.00,1850.75,23250.10,1834.65,0,0,0,0.00,0,F1,75,,,,,
2025-04-03,2025-04-03,FO,NSE,IDO,52029,,NIFTY,,2025-04-30,2025-04-30,24700.00,PE,NIFTY2543024700PE,0.00,0.00,0.00,1407.55,0.00,1407.55,23250.10,1354.15,0,0,0,0.00,0,F1,75,,,,,
2025-04-03,2025-04-03,FO,NSE,IDO,52025,,NIFTY,,2025-04-30,2025-04-30,24650.00,PE,NIFTY2543024650PE,0.00,0.00,0.00,1365.25,0.00,1365.25,23250.10,1307.50,0,0,0,0.00,0,F1,75,,,,,
2025-04-03,2025-04-03,FO,NSE,IDO,52013,,NIFTY,,2025-04-30,2025-04-30,24550.00,PE,NIFTY2543024550PE,0.00,0.00,0.00,1282.10,0.00,1282.10,23250.10,1215.30,0,0,0,0.00,0,F1,75,,,,,
2025-04-03,2025-04-03,FO,NSE,IDO,51979,,NIFTY,,2025-04-30,2025-04-30,24000.00,PE,NIFTY2543024000PE,798.95,799.00,636.75,707.40,707.70,629.60,23250.10,707.40,89700,6000,724,1340518987.50,345,F1,75,,,,,
2025-04-03,2025-04-03,FO,NSE,IDO,51971,,NIFTY,,2025-04-30,2025-04-30,23800.00,PE,NIFTY2543023800PE,544.90,579.85,506.00,556.90,554.35,498.05,23250.10,556.90,22275,1575,127,231844226.25,83,F1,75,,,,,
2025-04-03,2025-04-03,FO,NSE,IDO,51913,,NIFTY,,2025-04-30,2025-04-30,22900.00,PE,NIFTY2543022900PE,170.90,184.40,142.40,159.65,163.00,137.60,23250.10,159.65,111075,9975,934,1614976068.75,498,F1,75,,,,,
2025-04-03,2025-04-03,FO,NSE,IDO,51891,,NIFTY,,2025-04-30,2025-04-30,22600.00,PE,NIFTY2543022600PE,110.05,119.50,87.15,96.45,98.00,86.15,23250.10,96.45,74850,10125,974,1657973816.25,610,F1,75,,,,,
2025-04-03,2025-04-03,FO,NSE,IDO,51881,,NIFTY,,2025-04-30,2025-04-30,22450.00,PE,NIFTY2543022450PE,62.70,75.75,62.70,74.50,72.85,77.95,23250.10,74.50,825,750,24,40535358.75,8,F1,75,,,,,
2025-04-03,2025-04-03,FO,NSE,IDO,51865,,NIFTY,,2025-04-30,2025-04-30,22200.00,PE,NIFTY2543022200PE,57.75,61.35,42.95,49.40,50.50,47.05,23250.10,49.40,95400,15525,1148,1915589981.25,689,F1,75,,,,,
2025-04-03,2025-04-03,FO,NSE,IDO,51845,,NIFTY,,2025-04-30,2025-04-30,21850.00,PE,NIFTY2543021850PE,0.00,0.00,0.00,56.75,0.00,56.75,23250.10,10.00,0,0,0,0.00,0,F1,75,,,,,
2025-04-03,2025-04-03,FO,NSE,IDO,79675,,NIFTY,,2025-04-24,2025-04-24,24800.00,PE,NIFTY25APR24800PE,1447.70,1475.00,1440.00,1440.00,1440.00,1377.25,23250.10,1465.45,19500,150,4,7876702.50,4,F1,75,,,,,
2025-04-03,2025-04-03,FO,NSE,IDO,79502,,NIFTY,,2025-04-24,2025-04-24,23500.00,PE,NIFTY25APR23500PE,394.00,428.50,320.05,363.20,366.30,314.10,23250.10,363.20,4629450,51750,29226,52288036871.25,19781,F1,75,,,,,
2025-04-03,2025-04-03,FO,NSE,IDO,79395,,NIFTY,,2025-04-24,2025-04-24,22550.00,PE,NIFTY25APR22550PE,71.65,85.60,60.65,68.30,66.30,63.85,23250.10,68.30,209325,-18450,3504,5943880117.50,2363,F1,75,,,,,
2025-04-03,2025-04-03,FO,NSE,IDO,79389,,NIFTY,,2025-04-24,2025-04-24,22400.00,PE,NIFTY25APR22400PE,64.25,74.15,46.45,52.00,53.00,50.25,23250.10,52.00,477375,75,7977,13432624121.25,4444,F1,75,,,,,
2025-04-03,2025-04-03,FO,NSE,IDO,79197,,NIFTY,,2025-04-24,2025-04-24,20350.00,PE,NIFTY25APR20350PE,6.30,7.55,5.00,5.90,5.60,5.70,23250.10,5.90,277350,-106275,7923,12096342701.25,2937,F1,75,,,,,
2025-04-03,2025-04-03,FO,NSE,IDO,48418,,NIFTY,,2025-04-17,2025-04-17,25350.00,PE,NIFTY2541725350PE,0.00,0.00,0.00,2063.10,2063.10,2063.10,23250.10,2036.90,150,0,0,0.00,0,F1,75,,,,,
2025-04-03,2025-04-03,FO,NSE,IDO,48414,,NIFTY,,2025-04-17,2025-04-17,25250.00,PE,NIFTY2541725250PE,0.00,0.00,0.00,1963.35,1963.05,1963.35,23250.10,1937.20,150,0,0,0.00,0,F1,75,,,,,
2025-04-03,2025-04-03,FO,NSE,IDO,48332,,NIFTY,,2025-04-17,2025-04-17,24350.00,PE,NIFTY2541724350PE,0.00,0.00,0.00,1087.95,1087.95,1087.95,23250.10,1050.95,150,0,0,0.00,0,F1,75,,,,,
2025-04-03,2025-04-03,FO,NSE,IDO,48325,,NIFTY,,2025-04-17,2025-04-17,24200.00,PE,NIFTY2541724200PE,0.00,0.00,0.00,935.55,935.55,935.55,23250.10,909.95,75,0,0,0.00,0,F1,75,,,,,
2025-04-03,2025-04-03,FO,NSE,IDO,48261,,NIFTY,,2025-04-17,2025-04-17,23450.00,PE,NIFTY2541723450PE,319.75,320.35,270.95,314.20,315.55,249.90,23250.10,314.20,4725,-75,88,156779163.75,34,F1,75,,,,,
2025-04-03,2025-04-03,FO,NSE,IDO,48199,,NIFTY,,2025-04-17,2025-04-17,22800.00,PE,NIFTY2541722800PE,92.30,98.95,63.50,76.85,78.70,68.95,23250.10,76.85,132825,51750,5324,9133782978.75,2451,F1,75,,,,,
2025-04-03,2025-04-03,FO,NSE,IDO,48187,,NIFTY,,2025-04-17,2025-04-17,22650.00,PE,NIFTY2541722650PE,62.70,65.90,44.25,53.15,54.80,49.20,23250.10,53.15,25350,16875,575,979121925.00,226,F1,75,,,,,
2025-04-03,2025-04-03,FO,NSE,IDO,48179,,NIFTY,,2025-04-17,2025-04-17,22550.00,PE,NIFTY2541722550PE,49.05,49.05,35.50,41.85,42.50,41.05,23250.10,41.85,13800,8775,261,442211973.75,93,F1,75,,,,,
2025-04-03,2025-04-03,FO,NSE,IDO,48155,,NIFTY,,2025-04-17,2025-04-17,22300.00,PE,NIFTY2541722300PE,36.00,36.80,21.00,23.35,23.75,26.65,23250.10,23.35,163200,107850,5300,8873823495.00,3467,F1,75,,,,,
2025-04-03,2025-04-03,FO,NSE,IDO,48123,,NIFTY,,2025-04-17,2025-04-17,21950.00,PE,NIFTY2541721950PE,0.00,0.00,0.00,17.45,17.45,17.45,23250.10,2.05,1950,0,0,0.00,0,F1,75,,,,,
2025-04-03,2025-04-03,FO,NSE,IDO,48113,,NIFTY,,2025-04-17,2025-04-17,21750.00,PE,NIFTY2541721750PE,0.00,0.00,0.00,11.80,10.30,11.80,23250.10,0.70,300,0,0,0.00,0,F1,75,,,,,
2025-04-03,2025-04-03,FO,NSE,IDO,48105,,NIFTY,,2025-04-17,2025-04-17,21550.00,PE,NIFTY2541721550PE,10.30,10.30,5.85,5.85,5.85,13.45,23250.10,0.20,225,75,10,16167780.00,6,F1,75,,,,,
2025-04-03,2025-04-03,FO,NSE,IDO,48066,,NIFTY,,2025-04-17,2025-04-17,21050.00,PE,NIFTY2541721050PE,9.10,14.80,2.40,2.60,2.65,8.70,23250.10,2.60,15000,13800,653,1031183992.50,204,F1,75,,,,,
2025-04-03,2025-04-03,FO,NSE,IDO,48019,,NIFTY,,2025-04-17,2025-04-17,20700.00,PE,NIFTY2541720700PE,4.65,4.65,1.75,1.95,1.85,3.90,23250.10,1.95,60075,53625,1002,1555787520.00,116,F1,75,,,,,
2025-04-03,2025-04-03,FO,NSE,IDO,43993,,NIFTY,,2025-04-09,2025-04-09,25200.00,PE,NIFTY2540925200PE,1931.00,1957.35,1881.00,1933.80,1934.80,1820.00,23250.10,1933.80,4500,4200,62,126099581.25,31,F1,75,,,,,
2025-04-03,2025-04-03,FO,NSE,IDO,43985,,NIFTY,,2025-04-09,2025-04-09,25000.00,PE,NIFTY2540925000PE,1737.35,1764.00,1681.00,1748.20,1753.05,1643.05,23250.10,1748.20,33900,23850,611,1224609465.00,259,F1,75,,,,,
2025-04-03,2025-04-03,FO,NSE,IDO,43961,,NIFTY,,2025-04-09,2025-04-09,24550.00,PE,NIFTY2540924550PE,0.00,0.00,0.00,1312.55,1312.55,1312.55,23250.10,1273.80,300,0,0,0.00,0,F1,75,,,,,
2025-04-03,2025-04-03,FO,NSE,IDO,43943,,NIFTY,,2025-04-09,2025-04-09,24200.00,PE,NIFTY2540924200PE,989.95,991.00,877.00,948.40,961.30,862.90,23250.10,948.40,39225,18300,329,620219208.75,153,F1,75,,,,,
2025-04-03,2025-04-03,FO,NSE,IDO,43939,,NIFTY,,2025-04-09,2025-04-09,24100.00,PE,NIFTY2540924100PE,896.25,896.25,780.00,853.35,857.80,755.05,23250.10,853.35,24300,11550,171,319718025.00,71,F1,75,,,,,
2025-04-03,2025-04-03,FO,NSE,IDO,43924,,NIFTY,,2025-04-09,2025-04-09,23800.00,PE,NIFTY2540923800PE,602.95,611.00,494.00,562.55,568.80,483.45,23250.10,562.55,963075,24150,7580,13848269771.25,4004,F1,75,,,,,
2025-04-03,2025-04-03,FO,NSE,IDO,43913,,NIFTY,,2025-04-09,2025-04-09,23600.00,PE,NIFTY2540923600PE,423.00,434.00,324.45,386.70,391.95,321.10,23250.10,386.70,343425,-172650,12689,22811968672.50,7900,F1,75,,,,,
2025-04-03,2025-04-03,FO,NSE,IDO,43907,,NIFTY,,2025-04-09,2025-04-09,23450.00,PE,NIFTY2540923450PE,309.00,341.05,224.35,274.55,279.00,224.65,23250.10,274.55,231975,71475,15737,27982063631.25,10949,F1,75,,,,,
2025-04-03,2025-04-03,FO,NSE,IDO,43871,,NIFTY,,2025-04-09,2025-04-09,22750.00,PE,NIFTY2540922750PE,42.90,55.50,20.20,28.05,29.95,32.35,23250.10,28.05,597975,334650,54528,93154613520.00,30894,F1,75,,,,,
2025-04-03,2025-04-03,FO,NSE,IDO,43817,,NIFTY,,2025-04-09,2025-04-09,21450.00,PE,NIFTY2540921450PE,3.80,3.90,1.45,1.55,1.60,3.20,23250.10,1.55,84225,52050,5655,9098393951.25,3118,F1,75,,,,,
2025-04-03,2025-04-03,FO,NSE,IDO,54889,,NIFTY,,2025-04-03,2025-04-03,25250.00,PE,NIFTY2540325250PE,0.00,0.00,0.00,1477.75,1477.05,1477.75,23250.10,23250.10,300,0,0,0.00,0,F1,75,,,,,
2025-04-03,2025-04-03,FO,NSE,IDO,54885,,NIFTY,,2025-04-03,2025-04-03,25150.00,PE,NIFTY2540325150PE,0.00,0.00,0.00,1379.80,1379.95,1379.80,23250.10,23250.10,150,0,0,0.00,0,F1,75,,,,,
2025-04-03,2025-04-03,FO,NSE,IDO,54879,,NIFTY,,2025-04-03,2025-04-03,25000.00,PE,NIFTY2540325000PE,1790.00,1801.10,1701.00,1749.80,1750.20,1685.80,23250.10,23250.10,82650,-36975,613,1229680548.75,356,F1,75,,,,,
2025-04-03,2025-04-03,FO,NSE,IDO,54873,,NIFTY,,2025-04-03,2025-04-03,24850.00,PE,NIFTY2540324850PE,0.00,0.00,0.00,1063.80,1063.80,1063.80,23250.10,23250.10,825,0,0,0.00,0,F1,75,,,,,
2025-04-03,2025-04-03,FO,NSE,IDO,54853,,NIFTY,,2025-04-03,2025-04-03,24400.00,PE,NIFTY2540324400PE,1183.35,1196.05,1118.20,1150.35,1148.55,1079.05,23250.10,23250.10,7125,-2025,90,172402218.75,53,F1,75,,,,,
2025-04-03,2025-04-03,FO,NSE,IDO,54622,,NIFTY,,2025-04-03,2025-04-03,22600.00,PE,NIFTY2540322600PE,4.00,4.90,0.05,0.05,0.05,4.30,23250.10,23250.10,4895400,-2723625,1522812,2581329341681.25,273788,F1,75,,,,,
2025-04-03,2025-04-03,FO,NSE,IDO,61382,,NIFTY,,2029-12-27,2029-12-27,17000.00,CE,NIFTY29DEC17000CE,0.00,0.00,0.00,12022.30,0.00,12022.30,23250.10,10782.50,0,0,0,0.00,0,F1,75,,,,,
2025-04-03,2025-04-03,FO,NSE,IDO,89628,,NIFTY,,2029-06-28,2029-06-28,23000.00,CE,NIFTY29JUN23000CE,0.00,0.00,0.00,8636.00,0.00,8636.00,23250.10,6202.25,0,0,0,0.00,0,F1,75,,,,,
2025-04-03,2025-04-03,FO,NSE,IDO,86137,,NIFTY,,2028-06-29,2028-06-29,17000.00,CE,NIFTY28JUN17000CE,0.00,0.00,0.00,7393.45,0.00,7393.45,23250.10,9500.40,0,0,0,0.00,0,F1,75,,,,,
2025-04-03,2025-04-03,FO,NSE,IDO,58648,,NIFTY,,2026-12-31,2026-12-31,22000.00,CE,NIFTY26DEC22000CE,0.00,0.00,0.00,3362.20,3362.20,3362.20,23250.10,3942.25,150,0,0,0.00,0,F1,75,,,,,
2025-04-03,2025-04-03,FO,NSE,IDO,58646,,NIFTY,,2026-12-31,2026-12-31,21000.00,CE,NIFTY26DEC21000CE,0.00,0.00,0.00,3356.25,0.00,3356.25,23250.10,4694.50,0,0,0,0.00,0,F1,75,,,,,
2025-04-03,2025-04-03,FO,NSE,IDO,58642,,NIFTY,,2026-12-31,2026-12-31,19000.00,CE,NIFTY26DEC19000CE,0.00,0.00,0.00,8600.00,8600.00,8600.00,23250.10,6336.95,125,0,0,0.00,0,F1,75,,,,,
2025-04-03,2025-04-03,FO,NSE,IDO,38378,,NIFTY,,2026-06-25,2026-06-25,20000.00,CE,NIFTY26JUN20000CE,0.00,0.00,0.00,3829.50,0.00,3829.50,23250.10,4859.55,0,0,0,0.00,0,F1,75,,,,,
2025-04-03,2025-04-03,FO,NSE,IDO,50543,,NIFTY,,2025-12-24,2025-12-24,28000.00,CE,NIFTY25DEC28000CE,90.00,94.75,87.00,88.05,87.15,96.30,23250.10,88.05,392400,2100,449,945950741.25,255,F1,75,,,,,
2025-04-03,2025-04-03,FO,NSE,IDO,71395,,NIFTY,,2025-12-24,2025-12-24,25000.00,CE,NIFTY25DEC25000CE,645.00,697.95,633.10,657.25,659.90,694.90,23250.10,657.25,687150,103350,2537,4882972353.75,1679,F1,75,,,,,
2025-04-03,2025-04-03,FO,NSE,IDO,55121,,NIFTY,,2025-12-24,2025-12-24,18000.00,CE,NIFTY25DEC18000CE,0.00,0.00,0.00,5829.55,5829.55,5829.55,23250.10,6082.35,9525,0,0,0.00,0,F1,75,,,,,
2025-04-03,2025-04-03,FO,NSE,IDO,64696,,NIFTY,,2025-09-25,2025-09-25,26000.00,CE,NIFTY25SEP26000CE,147.95,159.25,146.50,153.20,153.00,164.10,23250.10,153.20,187050,10800,596,1169033546.25,338,F1,75,,,,,
2025-04-03,2025-04-03,FO,NSE,IDO,64686,,NIFTY,,2025-09-25,2025-09-25,21000.00,CE,NIFTY25SEP21000CE,0.00,0.00,0.00,6742.10,0.00,6742.10,23250.10,2960.00,0,0,0,0.00,0,F1,75,,,,,
2025-04-03,2025-04-03,FO,NSE,IDO,62411,,NIFTY,,2025-06-26,2025-06-26,25300.00,CE,NIFTY25JUN25300CE,68.00,75.00,67.00,68.10,67.00,80.85,23250.10,68.10,7350,6900,149,283511876.25,47,F1,75,,,,,
2025-04-03,2025-04-03,FO,NSE,IDO,62407,,NIFTY,,2025-06-26,2025-06-26,25200.00,CE,NIFTY25JUN25200CE,0.00,0.00,0.00,318.95,0.00,318.95,23250.10,119.70,0,0,0,0.00,0,F1,75,,,,,
2025-04-03,2025-04-03,FO,NSE,IDO,71381,,NIFTY,,2025-06-26,2025-06-26,25000.00,CE,NIFTY25JUN25000CE,100.00,115.00,100.00,102.75,100.10,119.00,23250.10,102.75,947350,-1300,3894,7331975347.50,2092,F1,75,,,,,
2025-04-03,2025-04-03,FO,NSE,IDO,62375,,NIFTY,,2025-06-26,2025-06-26,24500.00,CE,NIFTY25JUN24500CE,200.00,219.10,192.90,206.20,203.75,232.15,23250.10,206.20,291975,24375,2780,5151840161.25,2043,F1,75,,,,,
2025-04-03,2025-04-03,FO,NSE,IDO,62359,,NIFTY,,2025-06-26,2025-06-26,24200.00,CE,NIFTY25JUN24200CE,300.00,318.65,298.90,300.05,298.95,334.60,23250.10,300.05,6300,-1725,75,137837190.00,40,F1,75,,,,,
2025-04-03,2025-04-03,FO,NSE,IDO,62343,,NIFTY,,2025-06-26,2025-06-26,23800.00,CE,NIFTY25JUN23800CE,468.10,497.50,467.25,470.20,467.25,506.65,23250.10,470.20,27975,525,24,43698348.75,18,F1,75,,,,,
2025-04-03,2025-04-03,FO,NSE,IDO,62335,,NIFTY,,2025-06-26,2025-06-26,23650.00,CE,NIFTY25JUN23650CE,0.00,0.00,0.00,545.95,545.95,545.95,23250.10,566.00,75,0,0,0.00,0,F1,75,,,,,
2025-04-03,2025-04-03,FO,NSE,IDO,62321,,NIFTY,,2025-06-26,2025-06-26,23300.00,CE,NIFTY25JUN23300CE,722.00,773.00,722.00,744.00,744.00,792.05,23250.10,744.00,8475,-300,98,176768531.25,37,F1,75,,,,,
2025-04-03,2025-04-03,FO,NSE,IDO,62215,,NIFTY,,2025-06-26,2025-06-26,22850.00,CE,NIFTY25JUN22850CE,0.00,0.00,0.00,1039.70,1039.70,1039.70,23250.10,1023.15,75,0,0,0.00,0,F1,75,,,,,
2025-04-03,2025-04-03,FO,NSE,IDO,62203,,NIFTY,,2025-06-26,2025-06-26,22600.00,CE,NIFTY25JUN22600CE,0.00,0.00,0.00,1221.40,1221.40,1221.40,23250.10,1198.75,75,0,0,0.00,0,F1,75,,,,,
2025-04-03,2025-04-03,FO,NSE,IDO,62191,,NIFTY,,2025-06-26,2025-06-26,22300.00,CE,NIFTY25JUN22300CE,0.00,0.00,0.00,1452.60,1452.60,1452.60,23250.10,1427.60,75,0,0,0.00,0,F1,75,,,,,
2025-04-03,2025-04-03,FO,NSE,IDO,62189,,NIFTY,,2025-06-26,2025-06-26,22250.00,CE,NIFTY25JUN22250CE,0.00,0.00,0.00,1492.85,1492.85,1492.85,23250.10,1467.50,75,0,0,0.00,0,F1,75,,,,,
2025-04-03,2025-04-03,FO,NSE,IDO,62149,,NIFTY,,2025-06-26,2025-06-26,21650.00,CE,NIFTY25JUN21650CE,0.00,0.00,0.00,2409.60,0.00,2409.60,23250.10,1978.50,0,0,0,0.00,0,F1,75,,,,,
2025-04-03,2025-04-03,FO,NSE,IDO,61769,,NIFTY,,2025-05-29,2025-05-29,25350.00,CE,NIFTY25MAY25350CE,25.80,27.60,22.00,22.95,23.85,28.95,23250.10,22.95,12600,75,9,17128241.25,7,F1,75,,,,,
2025-04-03,2025-04-03,FO,NSE,IDO,61725,,NIFTY,,2025-05-29,2025-05-29,24800.00,CE,NIFTY25MAY24800CE,62.00,70.45,59.50,60.80,60.25,77.35,23250.10,60.80,94500,-11625,801,1493643127.50,452,F1,75,,,,,
2025-04-03,2025-04-03,FO,NSE,IDO,61693,,NIFTY,,2025-05-29,2025-05-29,24750.00,CE,NIFTY25MAY24750CE,69.00,74.80,66.60,66.60,66.60,84.70,23250.10,66.60,4425,-225,48,89350012.50,17,F1,75,,,,,
2025-04-03,2025-04-03,FO,NSE,IDO,61683,,NIFTY,,2025-05-29,2025-05-29,24500.00,CE,NIFTY25MAY24500CE,127.00,127.00,100.00,105.75,104.25,131.00,23250.10,105.75,930825,80325,7207,13301828456.25,4226,F1,75,,,,,
2025-04-03,2025-04-03,FO,NSE,IDO,61531,,NIFTY,,2025-05-29,2025-05-29,23150.00,CE,NIFTY25MAY23150CE,656.00,691.00,650.80,688.95,688.95,698.00,23250.10,660.80,525,-225,7,12508455.00,7,F1,75,,,,,
2025-04-03,2025-04-03,FO,NSE,IDO,61523,,NIFTY,,2025-05-29,2025-05-29,22950.00,CE,NIFTY25MAY22950CE,769.30,769.30,769.30,769.30,769.30,784.90,23250.10,769.30,1125,0,1,1778947.50,1,F1,75,,,,,
2025-04-03,2025-04-03,FO,NSE,IDO,61521,,NIFTY,,2025-05-29,2025-05-29,22900.00,CE,NIFTY25MAY22900CE,816.10,865.15,810.00,819.70,815.05,902.00,23250.10,819.70,50025,600,42,74782065.00,37,F1,75,,,,,
2025-04-03,2025-04-03,FO,NSE,IDO,61467,,NIFTY,,2025-05-29,2025-05-29,21700.00,CE,NIFTY25MAY21700CE,0.00,0.00,0.00,2268.70,2268.70,2268.70,23250.10,1797.75,1125,0,0,0.00,0,F1,75,,,,,
2025-04-03,2025-04-03,FO,NSE,IDO,61387,,NIFTY,,2025-05-29,2025-05-29,21350.00,CE,NIFTY25MAY21350CE,0.00,0.00,0.00,2324.30,2324.20,2324.30,23250.10,2127.00,825,0,0,0.00,0,F1,75,,,,,
2025-04-03,2025-04-03,FO,NSE,IDO,61329,,NIFTY,,2025-05-29,2025-05-29,20500.00,CE,NIFTY25MAY20500CE,0.00,0.00,0.00,2932.65,2932.65,2932.65,23250.10,2955.10,750,0,0,0.00,0,F1,75,,,,,
2025-04-03,2025-04-03,FO,NSE,IDO,52010,,NIFTY,,2025-04-30,2025-04-30,24500.00,CE,NIFTY2543024500CE,32.10,32.10,22.15,24.55,23.30,36.55,23250.10,24.55,309000,23550,2283,4199585486.25,1433,F1,75,,,,,
2025-04-03,2025-04-03,FO,NSE,IDO,51965,,NIFTY,,2025-04-30,2025-04-30,23800.00,CE,NIFTY2543023800CE,135.70,155.55,119.45,131.65,130.00,175.05,23250.10,131.65,200925,30000,1975,3545848432.50,1232,F1,75,,,,,
2025-04-03,2025-04-03,FO,NSE,IDO,51956,,NIFTY,,2025-04-30,2025-04-30,23650.00,CE,NIFTY2543023650CE,200.00,220.00,179.85,187.05,187.80,239.65,23250.10,187.05,9075,3225,101,180605452.50,63,F1,75,,,,,
2025-04-03,2025-04-03,FO,NSE,IDO,51923,,NIFTY,,2025-04-30,2025-04-30,23050.00,CE,NIFTY2543023050CE,536.45,538.70,514.10,514.35,514.10,667.15,23250.10,514.35,375,375,9,15914925.00,9,F1,75,,,,,
2025-04-03,2025-04-03,FO,NSE,IDO,51904,,NIFTY,,2025-04-30,2025-04-30,22800.00,CE,NIFTY2543022800CE,721.00,721.00,691.65,691.65,691.65,757.95,23250.10,691.65,1125,225,6,10579818.75,6,F1,75,,,,,
2025-04-03,2025-04-03,FO,NSE,IDO,51900,,NIFTY,,2025-04-30,2025-04-30,22700.00,CE,NIFTY2543022700CE,770.00,770.00,770.00,770.00,770.00,892.75,23250.10,758.60,75,75,1,1760250.00,1,F1,75,,,,,
2025-04-03,2025-04-03,FO,NSE,IDO,51868,,NIFTY,,2025-04-30,2025-04-30,22300.00,CE,NIFTY2543022300CE,0.00,0.00,0.00,1193.15,0.00,1193.15,23250.10,1095.00,0,0,0,0.00,0,F1,75,,,,,
2025-04-03,2025-04-03,FO,NSE,IDO,51829,,NIFTY,,2025-04-30,2025-04-30,21500.00,CE,NIFTY2543021500CE,1880.00,1880.00,1880.00,1880.00,1880.00,1893.15,23250.10,1856.15,75,75,1,1753500.00,1,F1,75,,,,,
2025-04-03,2025-04-03,FO,NSE,IDO,79511,,NIFTY,,2025-04-24,2025-04-24,23750.00,CE,NIFTY25APR23750CE,110.00,123.65,96.95,99.80,99.85,144.85,23250.10,99.80,162825,28575,5805,10387731011.25,4597,F1,75,,,,,
2025-04-03,2025-04-03,FO,NSE,IDO,79424,,NIFTY,,2025-04-24,2025-04-24,22950.00,CE,NIFTY25APR22950CE,504.95,576.70,497.35,512.90,514.15,608.15,23250.10,512.90,27600,9825,362,637402893.75,319,F1,75,,,,,
2025-04-03,2025-04-03,FO,NSE,IDO,79291,,NIFTY,,2025-04-24,2025-04-24,22100.00,CE,NIFTY25APR22100CE,1240.40,1280.50,1240.40,1241.00,1241.00,1340.00,23250.10,1241.00,129150,-300,6,10512600.00,6,F1,75,,,,,
2025-04-03,2025-04-03,FO,NSE,IDO,79268,,NIFTY,,2025-04-24,2025-04-24,21800.00,CE,NIFTY25APR21800CE,1570.00,1570.00,1525.00,1531.65,1525.00,1650.00,23250.10,1531.65,8700,-75,9,15757207.50,8,F1,75,,,,,
2025-04-03,2025-04-03,FO,NSE,IDO,79264,,NIFTY,,2025-04-24,2025-04-24,21700.00,CE,NIFTY25APR21700CE,1661.00,1664.60,1633.00,1634.50,1633.00,1740.00,23250.10,1634.50,2850,-300,16,28019760.00,14,F1,75,,,,,
2025-04-03,2025-04-03,FO,NSE,IDO,79262,,NIFTY,,2025-04-24,2025-04-24,21650.00,CE,NIFTY25APR21650CE,0.00,0.00,0.00,1674.00,1674.00,1674.00,23250.10,1683.10,1125,0,0,0.00,0,F1,75,,,,,
2025-04-03,2025-04-03,FO,NSE,IDO,48369,,NIFTY,,2025-04-17,2025-04-17,24750.00,CE,NIFTY2541724750CE,8.00,8.00,4.05,4.40,4.35,8.20,23250.10,4.40,5775,2775,74,137394862.50,33,F1,75,,,,,
2025-04-03,2025-04-03,FO,NSE,IDO,48329,,NIFTY,,2025-04-17,2025-04-17,24300.00,CE,NIFTY2541724300CE,21.00,21.00,9.45,10.00,9.65,21.40,23250.10,10.00,119775,10425,4266,7778557560.00,2342,F1,75,,,,,
2025-04-03,2025-04-03,FO,NSE,IDO,48294,,NIFTY,,2025-04-17,2025-04-17,23900.00,CE,NIFTY2541723900CE,37.70,45.40,32.25,34.00,33.65,61.75,23250.10,34.00,141150,86700,4530,8132783310.00,3175,F1,75,,,,,
2025-04-03,2025-04-03,FO,NSE,IDO,48229,,NIFTY,,2025-04-17,2025-04-17,23200.00,CE,NIFTY2541723200CE,269.90,320.00,254.80,269.35,272.45,351.15,23250.10,269.35,157650,50250,4999,8805393112.50,3818,F1,75,,,,,
2025-04-03,2025-04-03,FO,NSE,IDO,48200,,NIFTY,,2025-04-17,2025-04-17,22850.00,CE,NIFTY2541722850CE,0.00,0.00,0.00,578.75,578.75,578.75,23250.10,533.35,75,0,0,0.00,0,F1,75,,,,,
2025-04-03,2025-04-03,FO,NSE,IDO,48186,,NIFTY,,2025-04-17,2025-04-17,22650.00,CE,NIFTY2541722650CE,0.00,0.00,0.00,686.65,686.65,686.65,23250.10,697.00,75,0,0,0.00,0,F1,75,,,,,
2025-04-03,2025-04-03,FO,NSE,IDO,48149,,NIFTY,,2025-04-17,2025-04-17,22250.00,CE,NIFTY2541722250CE,0.00,0.00,0.00,1051.75,1051.75,1051.75,23250.10,1064.10,75,0,0,0.00,0,F1,75,,,,,
2025-04-03,2025-04-03,FO,NSE,IDO,48124,,NIFTY,,2025-04-17,2025-04-17,22000.00,CE,NIFTY2541722000CE,1325.00,1325.00,1272.05,1283.35,1283.50,1313.10,23250.10,1283.35,975,825,13,22710922.50,13,F1,75,,,,,
2025-04-03,2025-04-03,FO,NSE,IDO,48102,,NIFTY,,2025-04-17,2025-04-17,21500.00,CE,NIFTY2541721500CE,0.00,0.00,0.00,1781.95,1781.95,1781.95,23250.10,1803.80,75,0,0,0.00,0,F1,75,,,,,
2025-04-03,2025-04-03,FO,NSE,IDO,48096,,NIFTY,,2025-04-17,2025-04-17,21350.00,CE,NIFTY2541721350CE,0.00,0.00,0.00,1244.05,0.00,1244.05,23250.10,1953.30,0,0,0,0.00,0,F1,75,,,,,
2025-04-03,2025-04-03,FO,NSE,IDO,48016,,NIFTY,,2025-04-17,2025-04-17,20650.00,CE,NIFTY2541720650CE,0.00,0.00,0.00,1889.15,0.00,1889.15,23250.10,2651.50,0,0,0,0.00,0,F1,75,,,,,
2025-04-03,2025-04-03,FO,NSE,IDO,43978,,NIFTY,,2025-04-09,2025-04-09,24900.00,CE,NIFTY2540924900CE,2.00,2.15,1.00,1.10,1.05,2.35,23250.10,1.10,207975,71850,16700,31189242416.25,5313,F1,75,,,,,
2025-04-03,2025-04-03,FO,NSE,IDO,43952,,NIFTY,,2025-04-09,2025-04-09,24450.00,CE,NIFTY2540924450CE,5.00,5.00,1.40,1.55,1.45,4.50,23250.10,1.55,344400,249975,14243,26120297137.50,5054,F1,75,,,,,
2025-04-03,2025-04-03,FO,NSE,IDO,43948,,NIFTY,,2025-04-09,2025-04-09,24350.00,CE,NIFTY2540924350CE,2.00,4.80,1.55,1.75,1.60,5.80,23250.10,1.75,337800,187200,20771,37936788348.75,7106,F1,75,,,,,
2025-04-03,2025-04-03,FO,NSE,IDO,43908,,NIFTY,,2025-04-09,2025-04-09,23500.00,CE,NIFTY2540923500CE,60.00,83.20,53.00,56.50,57.05,106.60,23250.10,56.50,4672950,2461425,333161,588795408337.50,164692,F1,75,,,,,
2025-04-03,2025-04-03,FO,NSE,IDO,43904,,NIFTY,,2025-04-09,2025-04-09,23400.00,CE,NIFTY2540923400CE,80.00,123.60,79.00,88.30,88.75,148.85,23250.10,88.30,2402625,1088475,211154,372144815831.25,121869,F1,75,,,,,
2025-04-03,2025-04-03,FO,NSE,IDO,43900,,NIFTY,,2025-04-09,2025-04-09,23300.00,CE,NIFTY2540923300CE,126.00,174.25,110.05,129.80,129.85,202.55,23250.10,129.80,4286100,2906550,358002,629476812963.75,196487,F1,75,,,,,
2025-04-03,2025-04-03,FO,NSE,IDO,43870,,NIFTY,,2025-04-09,2025-04-09,22750.00,CE,NIFTY2540922750CE,543.40,592.05,510.65,526.45,520.50,635.60,23250.10,526.45,10575,8175,274,478967160.00,136,F1,75,,,,,
2025-04-03,2025-04-03,FO,NSE,IDO,43848,,NIFTY,,2025-04-09,2025-04-09,22250.00,CE,NIFTY2540922250CE,1013.00,1013.25,986.40,1005.60,993.65,1094.90,23250.10,1005.60,4200,1200,35,61058156.25,24,F1,75,,,,,
2025-04-03,2025-04-03,FO,NSE,IDO,43796,,NIFTY,,2025-04-09,2025-04-09,21000.00,CE,NIFTY2540921000CE,2225.00,2297.20,2225.00,2254.10,2238.15,2337.70,23250.10,2254.10,11025,10275,233,406806937.50,134,F1,75,,,,,
2025-04-03,2025-04-03,FO,NSE,IDO,43794,,NIFTY,,2025-04-09,2025-04-09,20950.00,CE,NIFTY2540920950CE,0.00,0.00,0.00,2808.55,2808.55,2808.55,23250.10,2322.45,150,0,0,0.00,0,F1,75,,,,,
2025-04-03,2025-04-03,FO,NSE,IDO,54866,,NIFTY,,2025-04-03,2025-04-03,24700.00,CE,NIFTY2540324700CE,0.80,0.80,0.05,0.05,0.05,0.80,23250.10,23250.10,815475,-893700,113573,210397814013.75,25582,F1,75,,,,,
2025-04-03,2025-04-03,FO,NSE,IDO,54848,,NIFTY,,2025-04-03,2025-04-03,24350.00,CE,NIFTY2540324350CE,0.75,0.95,0.05,0.05,0.05,1.05,23250.10,23250.10,3177975,2115825,399080,728833795106.25,76923,F1,75,,,,,
2025-04-03,2025-04-03,FO,NSE,IDO,54843,,NIFTY,,2025-04-03,2025-04-03,24250.00,CE,NIFTY2540324250CE,0.80,1.00,0.05,0.10,0.05,1.15,23250.10,23250.10,620100,-322425,265245,482424202687.50,52888,F1,75,,,,,
2025-04-03,2025-04-03,FO,NSE,IDO,54783,,NIFTY,,2025-04-03,2025-04-03,24050.00,CE,NIFTY2540324050CE,0.85,1.05,0.05,0.10,0.05,1.45,23250.10,23250.10,1014525,-902850,306230,552375233598.75,61646,F1,75,,,,,
2025-04-03,2025-04-03,FO,NSE,IDO,54767,,NIFTY,,2025-04-03,2025-04-03,23950.00,CE,NIFTY2540323950CE,0.90,1.10,0.05,0.05,0.05,1.80,23250.10,23250.10,1381650,-544650,525299,943591521330.00,103463,F1,75,,,,,
2025-04-03,2025-04-03,FO,NSE,IDO,54763,,NIFTY,,2025-04-03,2025-04-03,23900.00,CE,NIFTY2540323900CE,0.90,1.15,0.05,0.05,0.05,2.00,23250.10,23250.10,4144425,-296925,1091010,1955685069382.50,179823,F1,75,,,,,
2025-04-03,2025-04-03,FO,NSE,IDO,54755,,NIFTY,,2025-04-03,2025-04-03,23700.00,CE,NIFTY2540323700CE,2.05,2.30,0.05,0.10,0.05,5.55,23250.10,23250.10,5529000,-760650,1576707,2802703874070.00,276827,F1,75,,,,,
2025-04-03,2025-04-03,FO,NSE,IDO,54709,,NIFTY,,2025-04-03,2025-04-03,23450.00,CE,NIFTY2540323450CE,10.00,10.00,0.05,0.10,0.05,27.80,23250.10,23250.10,4303350,203175,3205709,5638698151845.00,585300,F1,75,,,,,
2025-04-03,2025-04-03,FO,NSE,IDO,54582,,NIFTY,,2025-04-03,2025-04-03,22100.00,CE,NIFTY2540322100CE,1111.05,1178.00,1086.05,1150.85,1149.10,1214.00,23250.10,23250.10,402750,-11175,2305,4017827673.75,400,F1,75,,,,,
2025-04-03,2025-04-03,FO,NSE,IDO,54568,,NIFTY,,2025-04-03,2025-04-03,21750.00,CE,NIFTY2540321750CE,0.00,0.00,0.00,2012.30,2010.85,2012.30,23250.10,23250.10,675,0,0,0.00,0,F1,75,,,,,
2025-04-03,2025-04-03,FO,NSE,IDO,54566,,NIFTY,,2025-04-03,2025-04-03,21700.00,CE,NIFTY2540321700CE,1580.00,1580.00,1565.00,1565.00,1565.00,1625.00,23250.10,23250.10,600,-225,3,5236125.00,3,F1,75,,,,,
2025-04-03,2025-04-03,FO,NSE,IDO,54482,,NIFTY,,2025-04-03,2025-04-03,20600.00,CE,NIFTY2540320600CE,0.00,0.00,0.00,3123.80,3123.80,3123.80,23250.10,23250.10,675,0,0,0.00,0,F1,75,,,,,
2025-04-03,2025-04-03,FO,NSE,IDO,54472,,NIFTY,,2025-04-03,2025-04-03,20500.00,CE,NIFTY2540320500CE,2755.00,2775.30,2724.90,2775.30,2775.30,3151.30,23250.10,23250.10,1050,-975,22,38354538.75,10,F1,75,,,,,
2025-04-03,2025-04-03,FO,NSE,IDO,61411,,NIFTY,,2029-12-27,2029-12-27,20000.00,PE,NIFTY29DEC20000PE,0.00,0.00,0.00,202.30,0.00,202.30,23250.10,125.90,0,0,0,0.00,0,F1,75,,,,,
2025-04-03,2025-04-03,FO,NSE,IDO,89639,,NIFTY,,2029-06-28,2029-06-28,28000.00,PE,NIFTY29JUN28000PE,0.00,0.00,0.00,1488.10,0.00,1488.10,23250.10,1546.00,0,0,0,0.00,0,F1,75,,,,,
2025-04-03,2025-04-03,FO,NSE,IDO,89613,,NIFTY,,2029-06-28,2029-06-28,18000.00,PE,NIFTY29JUN18000PE,0.00,0.00,0.00,118.45,0.00,118.45,23250.10,47.00,0,0,0,0.00,0,F1,75,,,,,
2025-04-03,2025-04-03,FO,NSE,IDO,86160,,NIFTY,,2028-06-29,2028-06-29,25000.00,PE,NIFTY28JUN25000PE,0.00,0.00,0.00,2016.80,0.00,2016.80,23250.10,899.80,0,0,0,0.00,0,F1,75,,,,,
2025-04-03,2025-04-03,FO,NSE,IDO,53632,,NIFTY,,2027-12-30,2027-12-30,27000.00,PE,NIFTY27DEC27000PE,0.00,0.00,0.00,2492.45,2492.45,2492.45,23250.10,1690.10,75,0,0,0.00,0,F1,75,,,,,
2025-04-03,2025-04-03,FO,NSE,IDO,53630,,NIFTY,,2027-12-30,2027-12-30,26000.00,PE,NIFTY27DEC26000PE,0.00,0.00,0.00,1951.60,1951.60,1951.60,23250.10,1307.25,75,0,0,0.00,0,F1,75,,,,,
2025-04-03,2025-04-03,FO,NSE,IDO,53604,,NIFTY,,2027-12-30,2027-12-30,18000.00,PE,NIFTY27DEC18000PE,0.00,0.00,0.00,244.40,244.40,244.40,23250.10,36.70,10175,0,0,0.00,0,F1,75,,,,,
2025-04-03,2025-04-03,FO,NSE,IDO,38163,,NIFTY,,2027-06-24,2027-06-24,29000.00,PE,NIFTY27JUN29000PE,0.00,0.00,0.00,4627.10,0.00,4627.10,23250.10,2965.20,0,0,0,0.00,0,F1,75,,,,,
2025-04-03,2025-04-03,FO,NSE,IDO,71546,,NIFTY,,2027-06-24,2027-06-24,17000.00,PE,NIFTY27JUN17000PE,0.00,0.00,0.00,1814.75,0.00,1814.75,23250.10,12.70,0,0,0,0.00,0,F1,75,,,,,
2025-04-03,2025-04-03,FO,NSE,IDO,38159,,NIFTY,,2026-12-31,2026-12-31,29000.00,PE,NIFTY26DEC29000PE,0.00,0.00,0.00,5042.25,0.00,5042.25,23250.10,3345.90,0,0,0,0.00,0,F1,75,,,,,
2025-04-03,2025-04-03,FO,NSE,IDO,54572,,NIFTY,,2025-04-03,2025-04-03,21850.00,CE,NIFTY2540321850CE,0.00,0.00,0.00,1952.90,1952.90,1952.90,23250.10,23250.10,450,0,0,0.00,0,F1,75,,,,,
2025-04-03,2025-04-03,FO,NSE,IDO,54576,,NIFTY,,2025-04-03,2025-04-03,21950.00,CE,NIFTY2540321950CE,1306.90,1309.40,1305.75,1305.75,1305.75,1308.65,23250.10,23250.10,450,-150,4,6977141.25,4,F1,75,,,,,
2025-04-03,2025-04-03,FO,NSE,IDO,54615,,NIFTY,,2025-04-03,2025-04-03,22500.00,CE,NIFTY2540322500CE,712.65,800.00,667.30,751.20,750.20,822.95,23250.10,23250.10,1610475,-176550,3349,5839500457.50,2969,F1,75,,,,,
2025-04-03,2025-04-03,FO,NSE,IDO,54683,,NIFTY,,2025-04-03,2025-04-03,23350.00,CE,NIFTY2540323350CE,15.00,18.80,0.05,0.20,0.05,57.55,23250.10,23250.10,5338800,-1431825,7447082,13045164484507.50,1603629,F1,75,,,,,
2025-04-03,2025-04-03,FO,NSE,IDO,54716,,NIFTY,,2025-04-03,2025-04-03,23600.00,CE,NIFTY2540323600CE,4.50,4.50,0.05,0.10,0.05,10.10,23250.10,23250.10,6195225,-3659100,2023373,3581563547055.00,359143,F1,75,,,,,
2025-04-03,2025-04-03,FO,NSE,IDO,54757,,NIFTY,,2025-04-03,2025-04-03,23750.00,CE,NIFTY2540323750CE,2.00,2.00,0.05,0.10,0.05,4.15,23250.10,23250.10,4013175,263550,1286306,2291307420547.50,238147,F1,75,,,,,
2025-04-03,2025-04-03,FO,NSE,IDO,43785,,NIFTY,,2025-04-09,2025-04-09,20750.00,CE,NIFTY2540920750CE,0.00,0.00,0.00,3007.60,3007.60,3007.60,23250.10,2522.25,150,0,0,0.00,0,F1,75,,,,,
2025-04-03,2025-04-03,FO,NSE,IDO,43790,,NIFTY,,2025-04-09,2025-04-09,20850.00,CE,NIFTY2540920850CE,0.00,0.00,0.00,2908.05,2908.05,2908.05,23250.10,2422.35,150,0,0,0.00,0,F1,75,,,,,
2025-04-03,2025-04-03,FO,NSE,IDO,43806,,NIFTY,,2025-04-09,2025-04-09,21200.00,CE,NIFTY2540921200CE,0.00,0.00,0.00,2561.70,2561.90,2561.70,23250.10,2072.75,300,0,0,0.00,0,F1,75,,,,,
2025-04-03,2025-04-03,FO,NSE,IDO,43832,,NIFTY,,2025-04-09,2025-04-09,21850.00,CE,NIFTY2540921850CE,1382.20,1395.85,1382.20,1395.85,1395.85,1915.65,23250.10,1395.85,525,75,2,3485853.75,2,F1,75,,,,,
2025-04-03,2025-04-03,FO,NSE,IDO,43868,,NIFTY,,2025-04-09,2025-04-09,22700.00,CE,NIFTY2540922700CE,563.95,643.45,547.15,570.05,565.05,677.70,23250.10,570.05,70350,0,781,1363932810.00,410,F1,75,,,,,
2025-04-03,2025-04-03,FO,NSE,IDO,62415,,NIFTY,,2025-06-26,2025-06-26,25350.00,CE,NIFTY25JUN25350CE,63.95,66.00,62.90,66.00,66.00,73.00,23250.10,99.95,1500,450,10,19060462.50,4,F1,75,,,,,
2025-04-03,2025-04-03,FO,NSE,IDO,64691,,NIFTY,,2025-09-25,2025-09-25,23000.00,PE,NIFTY25SEP23000PE,485.95,492.05,460.05,488.80,485.25,455.30,23250.10,488.80,360000,6900,910,1602459213.75,593,F1,75,,,,,
2025-04-03,2025-04-03,FO,NSE,IDO,64679,,NIFTY,,2025-09-25,2025-09-25,17000.00,PE,NIFTY25SEP17000PE,0.00,0.00,0.00,18.00,18.00,18.00,23250.10,0.05,450,0,0,0.00,0,F1,75,,,,,
2025-04-03,2025-04-03,FO,NSE,IDO,62414,,NIFTY,,2025-06-26,2025-06-26,25300.00,PE,NIFTY25JUN25300PE,0.00,0.00,0.00,1761.20,1761.20,1761.20,23250.10,1780.45,75,0,0,0.00,0,F1,75,,,,,
2025-04-03,2025-04-03,FO,NSE,IDO,62406,,NIFTY,,2025-06-26,2025-06-26,25150.00,PE,NIFTY25JUN25150PE,0.00,0.00,0.00,1631.55,1631.55,1631.55,23250.10,1653.45,75,0,0,0.00,0,F1,75,,,,,
2025-04-03,2025-04-03,FO,NSE,IDO,62378,,NIFTY,,2025-06-26,2025-06-26,24550.00,PE,NIFTY25JUN24550PE,0.00,0.00,0.00,1036.85,0.00,1036.85,23250.10,1181.15,0,0,0,0.00,0,F1,75,,,,,
2025-04-03,2025-04-03,FO,NSE,IDO,62374,,NIFTY,,2025-06-26,2025-06-26,24450.00,PE,NIFTY25JUN24450PE,0.00,0.00,0.00,976.65,0.00,976.65,23250.10,1109.00,0,0,0,0.00,0,F1,75,,,,,
2025-04-03,2025-04-03,FO,NSE,IDO,62200,,NIFTY,,2025-06-26,2025-06-26,22500.00,PE,NIFTY25JUN22500PE,260.05,260.05,224.95,249.45,248.45,222.95,23250.10,249.45,145575,44325,1341,2287267275.00,994,F1,75,,,,,
2025-04-03,2025-04-03,FO,NSE,IDO,62196,,NIFTY,,2025-06-26,2025-06-26,22400.00,PE,NIFTY25JUN22400PE,220.95,225.00,205.00,219.60,225.00,200.00,23250.10,219.60,28275,5400,82,139097103.75,44,F1,75,,,,,
2025-04-03,2025-04-03,FO,NSE,IDO,39990,,NIFTY,,2026-06-25,2026-06-25,19000.00,PE,NIFTY26JUN19000PE,0.00,0.00,0.00,160.05,160.05,160.05,23250.10,31.15,175,0,0,0.00,0,F1,75,,,,,
2025-04-03,2025-04-03,FO,NSE,IDO,62923,,NIFTY,,2026-03-26,2026-03-26,23000.00,PE,NIFTY26MAR23000PE,0.00,0.00,0.00,577.80,0.00,577.80,23250.10,521.00,0,0,0,0.00,0,F1,75,,,,,
2025-04-03,2025-04-03,FO,NSE,IDO,37796,,NIFTY,,2025-12-24,2025-12-24,23000.00,PE,NIFTY25DEC23000PE,585.05,598.75,545.20,569.25,570.00,544.20,23250.10,569.25,1132050,13950,1048,1852244238.75,797,F1,75,,,,,
2025-04-03,2025-04-03,FO,NSE,IDO,64697,,NIFTY,,2025-09-25,2025-09-25,26000.00,PE,NIFTY25SEP26000PE,2127.95,2160.15,2048.20,2075.00,2075.00,2043.95,23250.10,2183.80,7425,-75,10,21072918.75,8,F1,75,,,,,
2025-04-03,2025-04-03,FO,NSE,IDO,64683,,NIFTY,,2025-09-25,2025-09-25,19000.00,PE,NIFTY25SEP19000PE,24.15,24.15,24.15,24.15,24.15,59.25,23250.10,3.35,3525,0,3,4280433.75,1,F1,75,,,,,
2025-04-03,2025-04-03,FO,NSE,IDO,62394,,NIFTY,,2025-06-26,2025-06-26,24850.00,PE,NIFTY25JUN24850PE,0.00,0.00,0.00,1382.65,1382.65,1382.65,23250.10,1409.45,75,0,0,0.00,0,F1,75,,,,,
2025-04-03,2025-04-03,FO,NSE,IDO,62386,,NIFTY,,2025-06-26,2025-06-26,24750.00,PE,NIFTY25JUN24750PE,0.00,0.00,0.00,1163.00,0.00,1163.00,23250.10,1331.45,0,0,0,0.00,0,F1,75,,,,,
2025-04-03,2025-04-03,FO,NSE,IDO,62350,,NIFTY,,2025-06-26,2025-06-26,23950.00,PE,NIFTY25JUN23950PE,0.00,0.00,0.00,705.55,0.00,705.55,23250.10,781.75,0,0,0,0.00,0,F1,75,,,,,
2025-04-03,2025-04-03,FO,NSE,IDO,62204,,NIFTY,,2025-06-26,2025-06-26,22600.00,PE,NIFTY25JUN22600PE,241.50,259.95,241.50,259.95,259.95,240.80,23250.10,213.10,13650,300,9,15426112.50,6,F1,75,,,,,
2025-04-03,2025-04-03,FO,NSE,IDO,62174,,NIFTY,,2025-06-26,2025-06-26,22050.00,PE,NIFTY25JUN22050PE,0.00,0.00,0.00,126.10,0.00,126.10,23250.10,104.10,0,0,0,0.00,0,F1,75,,,,,
2025-04-03,2025-04-03,FO,NSE,IDO,62170,,NIFTY,,2025-06-26,2025-06-26,21900.00,PE,NIFTY25JUN21900PE,146.00,146.25,131.95,143.90,145.05,129.65,23250.10,143.90,30225,10575,180,297537251.25,68,F1,75,,,,,
2025-04-03,2025-04-03,FO,NSE,IDO,61768,,NIFTY,,2025-05-29,2025-05-29,25300.00,PE,NIFTY25MAY25300PE,0.00,0.00,0.00,1351.65,1351.65,1351.65,23250.10,1841.25,1200,0,0,0.00,0,F1,75,,,,,
2025-04-03,2025-04-03,FO,NSE,IDO,61726,,NIFTY,,2025-05-29,2025-05-29,24800.00,PE,NIFTY25MAY24800PE,0.00,0.00,0.00,1340.00,1340.00,1340.00,23250.10,1397.40,8850,0,0,0.00,0,F1,75,,,,,
2025-04-03,2025-04-03,FO,NSE,IDO,61676,,NIFTY,,2025-05-29,2025-05-29,24300.00,PE,NIFTY25MAY24300PE,1010.90,1010.90,950.70,980.35,991.00,932.45,23250.10,980.35,14925,600,30,56888542.50,30,F1,75,,,,,
2025-04-03,2025-04-03,FO,NSE,IDO,61674,,NIFTY,,2025-05-29,2025-05-29,24250.00,PE,NIFTY25MAY24250PE,0.00,0.00,0.00,908.75,908.75,908.75,23250.10,959.65,1500,0,0,0.00,0,F1,75,,,,,
2025-04-03,2025-04-03,FO,NSE,IDO,43967,,NIFTY,,2025-04-09,2025-04-09,24650.00,CE,NIFTY2540924650CE,5.00,5.00,1.15,1.25,1.30,3.20,23250.10,1.25,197700,145050,8368,15471394410.00,2650,F1,75,,,,,
2025-04-03,2025-04-03,FO,NSE,IDO,48076,,NIFTY,,2025-04-17,2025-04-17,21100.00,CE,NIFTY2541721100CE,0.00,0.00,0.00,1466.50,0.00,1466.50,23250.10,2202.65,0,0,0,0.00,0,F1,75,,,,,
2025-04-03,2025-04-03,FO,NSE,IDO,48106,,NIFTY,,2025-04-17,2025-04-17,21600.00,CE,NIFTY2541721600CE,0.00,0.00,0.00,1694.20,1694.20,1694.20,23250.10,1704.15,75,0,0,0.00,0,F1,75,,,,,
2025-04-03,2025-04-03,FO,NSE,IDO,48112,,NIFTY,,2025-04-17,2025-04-17,21750.00,CE,NIFTY2541721750CE,0.00,0.00,0.00,1549.90,1549.90,1549.90,23250.10,1554.95,75,0,0,0.00,0,F1,75,,,,,
2025-04-03,2025-04-03,FO,NSE,IDO,48202,,NIFTY,,2025-04-17,2025-04-17,22900.00,CE,NIFTY2541722900CE,518.00,535.70,472.00,474.65,475.00,569.60,23250.10,474.65,46275,41850,694,1218751995.00,340,F1,75,,,,,
2025-04-03,2025-04-03,FO,NSE,IDO,48326,,NIFTY,,2025-04-17,2025-04-17,24250.00,CE,NIFTY2541724250CE,20.65,20.65,11.00,11.90,11.45,22.65,23250.10,11.90,38400,13050,577,1049973997.50,267,F1,75,,,,,
2025-04-03,2025-04-03,FO,NSE,IDO,48391,,NIFTY,,2025-04-17,2025-04-17,25000.00,CE,NIFTY2541725000CE,6.00,6.05,2.80,3.10,3.00,6.15,23250.10,3.10,220725,1200,4917,9220825323.75,1431,F1,75,,,,,
2025-04-03,2025-04-03,FO,NSE,IDO,48409,,NIFTY,,2025-04-17,2025-04-17,25200.00,CE,NIFTY2541725200CE,3.90,4.55,2.25,2.50,2.25,4.85,23250.10,2.50,16050,6375,374,706945751.25,147,F1,75,,,,,
2025-04-03,2025-04-03,FO,NSE,IDO,48417,,NIFTY,,2025-04-17,2025-04-17,25350.00,CE,NIFTY2541725350CE,3.00,3.25,1.90,2.05,2.05,4.20,23250.10,2.05,20325,12675,301,572331896.25,56,F1,75,,,,,
2025-04-03,2025-04-03,FO,NSE,IDO,79223,,NIFTY,,2025-04-24,2025-04-24,20850.00,CE,NIFTY25APR20850CE,0.00,0.00,0.00,2459.05,2459.05,2459.05,23250.10,2477.95,750,0,0,0.00,0,F1,75,,,,,
2025-04-03,2025-04-03,FO,NSE,IDO,79231,,NIFTY,,2025-04-24,2025-04-24,21050.00,CE,NIFTY25APR21050CE,0.00,0.00,0.00,2262.65,2262.65,2262.65,23250.10,2278.80,1125,0,0,0.00,0,F1,75,,,,,
2025-04-03,2025-04-03,FO,NSE,IDO,79233,,NIFTY,,2025-04-24,2025-04-24,21100.00,CE,NIFTY25APR21100CE,0.00,0.00,0.00,2210.45,2210.45,2210.45,23250.10,2229.00,675,0,0,0.00,0,F1,75,,,,,
2025-04-03,2025-04-03,FO,NSE,IDO,79258,,NIFTY,,2025-04-24,2025-04-24,21550.00,CE,NIFTY25APR21550CE,0.00,0.00,0.00,1768.05,1768.05,1768.05,23250.10,1781.95,1425,0,0,0.00,0,F1,75,,,,,
2025-04-03,2025-04-03,FO,NSE,IDO,79503,,NIFTY,,2025-04-24,2025-04-24,23550.00,CE,NIFTY25APR23550CE,167.95,201.30,161.95,166.75,164.90,225.45,23250.10,166.75,128925,-675,1712,3046682400.00,1258,F1,75,,,,,
2025-04-03,2025-04-03,FO,NSE,IDO,79608,,NIFTY,,2025-04-24,2025-04-24,24200.00,CE,NIFTY25APR24200CE,36.00,40.25,27.70,29.10,28.70,48.00,23250.10,29.10,663450,39750,21304,38717411411.25,10466,F1,75,,,,,
2025-04-03,2025-04-03,FO,NSE,IDO,79646,,NIFTY,,2025-04-24,2025-04-24,24650.00,CE,NIFTY25APR24650CE,13.40,17.05,12.05,12.65,12.75,19.00,23250.10,12.65,481125,387225,17345,32086083637.50,6517,F1,75,,,,,
2025-04-03,2025-04-03,FO,NSE,IDO,79725,,NIFTY,,2025-04-24,2025-04-24,25000.00,CE,NIFTY25APR25000CE,9.30,10.50,7.00,7.75,7.05,11.80,23250.10,7.75,3314250,332925,32650,61240469118.75,14717,F1,75,,,,,
2025-04-03,2025-04-03,FO,NSE,IDO,51856,,NIFTY,,2025-04-30,2025-04-30,22150.00,CE,NIFTY2543022150CE,0.00,0.00,0.00,1315.70,0.00,1315.70,23250.10,1231.45,0,0,0,0.00,0,F1,75,,,,,
2025-04-03,2025-04-03,FO,NSE,IDO,51962,,NIFTY,,2025-04-30,2025-04-30,23750.00,CE,NIFTY2543023750CE,141.00,165.05,131.85,151.50,149.20,195.25,23250.10,151.50,9975,825,94,168530681.25,69,F1,75,,,,,
2025-04-03,2025-04-03,FO,NSE,IDO,51978,,NIFTY,,2025-04-30,2025-04-30,24000.00,CE,NIFTY2543024000CE,97.60,97.60,77.50,80.50,79.00,112.50,23250.10,80.50,528300,89475,7184,12977443950.00,3902,F1,75,,,,,
2025-04-03,2025-04-03,FO,NSE,IDO,52000,,NIFTY,,2025-04-30,2025-04-30,24350.00,CE,NIFTY2543024350CE,39.30,39.35,29.15,31.55,32.00,43.80,23250.10,31.55,5925,2025,70,128013596.25,29,F1,75,,,,,
2025-04-03,2025-04-03,FO,NSE,IDO,61335,,NIFTY,,2025-05-29,2025-05-29,20650.00,CE,NIFTY25MAY20650CE,0.00,0.00,0.00,2268.05,2267.65,2268.05,23250.10,2807.45,750,0,0,0.00,0,F1,75,,,,,
2025-04-03,2025-04-03,FO,NSE,IDO,61471,,NIFTY,,2025-05-29,2025-05-29,21800.00,CE,NIFTY25MAY21800CE,0.00,0.00,0.00,2225.80,2225.80,2225.80,23250.10,1706.05,750,0,0,0.00,0,F1,75,,,,,
2025-04-03,2025-04-03,FO,NSE,IDO,61475,,NIFTY,,2025-05-29,2025-05-29,21900.00,CE,NIFTY25MAY21900CE,0.00,0.00,0.00,2077.95,2077.95,2077.95,23250.10,1615.60,750,0,0,0.00,0,F1,75,,,,,
2025-04-03,2025-04-03,FO,NSE,IDO,61501,,NIFTY,,2025-05-29,2025-05-29,22400.00,CE,NIFTY25MAY22400CE,1178.60,1180.75,1178.60,1180.00,1180.75,1268.00,23250.10,1180.00,2775,0,3,5305500.00,3,F1,75,,,,,
2025-04-03,2025-04-03,FO,NSE,IDO,61527,,NIFTY,,2025-05-29,2025-05-29,23050.00,CE,NIFTY25MAY23050CE,768.00,768.00,768.00,768.00,768.00,768.00,23250.10,721.65,1575,75,1,1786350.00,1,F1,75,,,,,
2025-04-03,2025-04-03,FO,NSE,IDO,61559,,NIFTY,,2025-05-29,2025-05-29,23850.00,CE,NIFTY25MAY23850CE,288.45,300.40,285.40,287.45,286.85,333.70,23250.10,287.45,7050,75,84,152105550.00,44,F1,75,,,,,
2025-04-03,2025-04-03,FO,NSE,IDO,61675,,NIFTY,,2025-05-29,2025-05-29,24300.00,CE,NIFTY25MAY24300CE,152.05,162.65,141.05,148.05,141.05,178.95,23250.10,148.05,260100,8250,1941,3559655085.00,1235,F1,75,,,,,
2025-04-03,2025-04-03,FO,NSE,IDO,61691,,NIFTY,,2025-05-29,2025-05-29,24700.00,CE,NIFTY25MAY24700CE,74.25,82.45,70.15,72.85,70.65,90.65,23250.10,72.85,108000,19950,2209,4104584516.25,1521,F1,75,,,,,
2025-04-03,2025-04-03,FO,NSE,IDO,61757,,NIFTY,,2025-05-29,2025-05-29,25050.00,CE,NIFTY25MAY25050CE,42.30,44.35,38.60,39.40,38.90,50.15,23250.10,39.40,5775,300,37,69628278.75,11,F1,75,,,,,
2025-04-03,2025-04-03,FO,NSE,IDO,61759,,NIFTY,,2025-05-29,2025-05-29,25100.00,CE,NIFTY25MAY25100CE,37.75,39.00,33.85,36.00,34.95,46.45,23250.10,36.00,37575,-1725,209,394032086.25,75,F1,75,,,,,
2025-04-03,2025-04-03,FO,NSE,IDO,62185,,NIFTY,,2025-06-26,2025-06-26,22150.00,CE,NIFTY25JUN22150CE,0.00,0.00,0.00,1574.25,1574.25,1574.25,23250.10,1548.65,75,0,0,0.00,0,F1,75,,,,,
2025-04-03,2025-04-03,FO,NSE,IDO,62197,,NIFTY,,2025-06-26,2025-06-26,22450.00,CE,NIFTY25JUN22450CE,0.00,0.00,0.00,1334.90,1334.90,1334.90,23250.10,1310.85,75,0,0,0.00,0,F1,75,,,,,
2025-04-03,2025-04-03,FO,NSE,IDO,62325,,NIFTY,,2025-06-26,2025-06-26,23400.00,CE,NIFTY25JUN23400CE,0.00,0.00,0.00,680.00,680.00,680.00,23250.10,691.00,225,0,0,0.00,0,F1,75,,,,,
2025-04-03,2025-04-03,FO,NSE,IDO,62329,,NIFTY,,2025-06-26,2025-06-26,23500.00,CE,NIFTY25JUN23500CE,616.10,658.55,594.00,627.65,619.05,675.90,23250.10,627.65,195825,117075,3211,5812628572.50,2954,F1,75,,,,,
2025-04-03,2025-04-03,FO,NSE,IDO,64682,,NIFTY,,2025-09-25,2025-09-25,19000.00,CE,NIFTY25SEP19000CE,0.00,0.00,0.00,8559.00,0.00,8559.00,23250.10,4836.45,0,0,0,0.00,0,F1,75,,,,,
2025-04-03,2025-04-03,FO,NSE,IDO,64684,,NIFTY,,2025-09-25,2025-09-25,20000.00,CE,NIFTY25SEP20000CE,0.00,0.00,0.00,7643.10,0.00,7643.10,23250.10,3881.15,0,0,0,0.00,0,F1,75,,,,,
2025-04-03,2025-04-03,FO,NSE,IDO,64688,,NIFTY,,2025-09-25,2025-09-25,22000.00,CE,NIFTY25SEP22000CE,2070.00,2121.40,2070.00,2121.40,2121.40,2159.10,23250.10,2114.80,16950,75,5,9041561.25,5,F1,75,,,,,
2025-04-03,2025-04-03,FO,NSE,IDO,64698,,NIFTY,,2025-09-25,2025-09-25,27000.00,CE,NIFTY25SEP27000CE,68.60,69.95,61.20,62.55,63.00,69.80,23250.10,62.55,117225,19575,461,935766416.25,280,F1,75,,,,,
2025-04-03,2025-04-03,FO,NSE,IDO,64700,,NIFTY,,2025-09-25,2025-09-25,28000.00,CE,NIFTY25SEP28000CE,39.00,48.95,32.35,33.20,32.35,38.55,23250.10,33.20,25350,2250,102,214474597.50,76,F1,75,,,,,
2025-04-03,2025-04-03,FO,NSE,IDO,37795,,NIFTY,,2025-12-24,2025-12-24,23000.00,CE,NIFTY25DEC23000CE,1750.00,1800.00,1721.00,1754.50,1760.00,1821.35,23250.10,1754.50,328150,15500,358,665041736.25,319,F1,75,,,,,
2025-04-03,2025-04-03,FO,NSE,IDO,62916,,NIFTY,,2026-03-26,2026-03-26,20000.00,CE,NIFTY26MAR20000CE,0.00,0.00,0.00,5090.05,0.00,5090.05,23250.10,4540.60,0,0,0,0.00,0,F1,75,,,,,
2025-04-03,2025-04-03,FO,NSE,IDO,62922,,NIFTY,,2026-03-26,2026-03-26,23000.00,CE,NIFTY26MAR23000CE,0.00,0.00,0.00,2782.55,0.00,2782.55,23250.10,2187.80,0,0,0,0.00,0,F1,75,,,,,
2025-04-03,2025-04-03,FO,NSE,IDO,62926,,NIFTY,,2026-03-26,2026-03-26,25000.00,CE,NIFTY26MAR25000CE,0.00,0.00,0.00,1652.55,0.00,1652.55,23250.10,1117.85,0,0,0,0.00,0,F1,75,,,,,
2025-04-03,2025-04-03,FO,NSE,IDO,50545,,NIFTY,,2026-06-25,2026-06-25,28000.00,CE,NIFTY26JUN28000CE,0.00,0.00,0.00,1533.95,0.00,1533.95,23250.10,493.75,0,0,0,0.00,0,F1,75,,,,,
2025-04-03,2025-04-03,FO,NSE,IDO,58640,,NIFTY,,2026-12-31,2026-12-31,18000.00,CE,NIFTY26DEC18000CE,0.00,0.00,0.00,4501.45,0.00,4501.45,23250.10,7201.65,0,0,0,0.00,0,F1,75,,,,,
2025-04-03,2025-04-03,FO,NSE,IDO,71501,,NIFTY,,2026-12-31,2026-12-31,24000.00,CE,NIFTY26DEC24000CE,2500.00,2500.00,2500.00,2500.00,2500.00,2520.05,23250.10,2500.00,1725,75,1,1987500.00,1,F1,75,,,,,
2025-04-03,2025-04-03,FO,NSE,IDO,50978,,NIFTY,,2026-12-31,2026-12-31,27000.00,CE,NIFTY26DEC27000CE,0.00,0.00,0.00,1110.00,1110.00,1110.00,23250.10,1258.90,750,0,0,0.00,0,F1,75,,,,,
2025-04-03,2025-04-03,FO,NSE,IDO,71549,,NIFTY,,2027-06-24,2027-06-24,19000.00,CE,NIFTY27JUN19000CE,0.00,0.00,0.00,7800.00,7800.00,7800.00,23250.10,6869.90,75,0,0,0.00,0,F1,75,,,,,
2025-04-03,2025-04-03,FO,NSE,IDO,71551,,NIFTY,,2027-06-24,2027-06-24,20000.00,CE,NIFTY27JUN20000CE,0.00,0.00,0.00,3367.05,0.00,3367.05,23250.10,6060.20,0,0,0,0.00,0,F1,75,,,,,
2025-04-03,2025-04-03,FO,NSE,IDO,71556,,NIFTY,,2027-06-24,2027-06-24,22000.00,CE,NIFTY27JUN22000CE,0.00,0.00,0.00,2783.50,0.00,2783.50,23250.10,4549.90,0,0,0,0.00,0,F1,75,,,,,
2025-04-03,2025-04-03,FO,NSE,IDO,71562,,NIFTY,,2027-06-24,2027-06-24,25000.00,CE,NIFTY27JUN25000CE,0.00,0.00,0.00,2090.05,0.00,2090.05,23250.10,2690.00,0,0,0,0.00,0,F1,75,,,,,
2025-04-03,2025-04-03,FO,NSE,IDO,53618,,NIFTY,,2027-12-30,2027-12-30,23000.00,CE,NIFTY27DEC23000CE,0.00,0.00,0.00,4125.70,0.00,4125.70,23250.10,4503.35,0,0,0,0.00,0,F1,75,,,,,
2025-04-03,2025-04-03,FO,NSE,IDO,86139,,NIFTY,,2028-06-29,2028-06-29,18000.00,CE,NIFTY28JUN18000CE,0.00,0.00,0.00,6809.35,0.00,6809.35,23250.10,8711.05,0,0,0,0.00,0,F1,75,,,,,
2025-04-03,2025-04-03,FO,NSE,IDO,86153,,NIFTY,,2028-06-29,2028-06-29,25000.00,CE,NIFTY28JUN25000CE,0.00,0.00,0.00,3545.15,0.00,3545.15,23250.10,3898.85,0,0,0,0.00,0,F1,75,,,,,
2025-04-03,2025-04-03,FO,NSE,IDO,86163,,NIFTY,,2028-06-29,2028-06-29,27000.00,CE,NIFTY28JUN27000CE,0.00,0.00,0.00,2885.15,0.00,2885.15,23250.10,2900.85,0,0,0,0.00,0,F1,75,,,,,
2025-04-03,2025-04-03,FO,NSE,IDO,86167,,NIFTY,,2028-06-29,2028-06-29,29000.00,CE,NIFTY28JUN29000CE,0.00,0.00,0.00,2333.25,0.00,2333.25,23250.10,2100.15,0,0,0,0.00,0,F1,75,,,,,
2025-04-03,2025-04-03,FO,NSE,IDO,67778,,NIFTY,,2028-12-28,2028-12-28,22000.00,CE,NIFTY28DEC22000CE,0.00,0.00,0.00,6932.45,0.00,6932.45,23250.10,6305.40,0,0,0,0.00,0,F1,75,,,,,
2025-04-03,2025-04-03,FO,NSE,IDO,67782,,NIFTY,,2028-12-28,2028-12-28,24000.00,CE,NIFTY28DEC24000CE,0.00,0.00,0.00,5850.30,0.00,5850.30,23250.10,5042.65,0,0,0,0.00,0,F1,75,,,,,
2025-04-03,2025-04-03,FO,NSE,IDO,61410,,NIFTY,,2029-12-27,2029-12-27,20000.00,CE,NIFTY29DEC20000CE,0.00,0.00,0.00,10081.10,0.00,10081.10,23250.10,8676.30,0,0,0,0.00,0,F1,75,,,,,
2025-04-03,2025-04-03,FO,NSE,IDO,54467,,NIFTY,,2025-04-03,2025-04-03,20350.00,PE,NIFTY2540320350PE,0.40,0.65,0.05,0.10,0.05,0.35,23250.10,23250.10,1860675,-1451775,266974,407474767890.00,37324,F1,75,,,,,
2025-04-03,2025-04-03,FO,NSE,IDO,54475,,NIFTY,,2025-04-03,2025-04-03,20500.00,PE,NIFTY2540320500PE,0.25,0.80,0.05,0.05,0.05,0.30,23250.10,23250.10,1863450,-133875,164767,253332546423.75,28136,F1,75,,,,,
2025-04-03,2025-04-03,FO,NSE,IDO,48247,,NIFTY,,2025-04-17,2025-04-17,23350.00,PE,NIFTY2541723350PE,266.00,287.35,214.90,256.05,261.75,213.95,23250.10,256.05,16500,2700,544,962615643.75,337,F1,75,,,,,
2025-04-03,2025-04-03,FO,NSE,IDO,48235,,NIFTY,,2025-04-17,2025-04-17,23250.00,PE,NIFTY2541723250PE,199.00,240.00,178.65,211.25,215.50,176.15,23250.10,211.25,123750,103200,4001,7036825995.00,1818,F1,75,,,,,
2025-04-03,2025-04-03,FO,NSE,IDO,48209,,NIFTY,,2025-04-17,2025-04-17,22950.00,PE,NIFTY2541722950PE,120.60,132.95,92.45,109.95,112.75,94.40,23250.10,109.95,18000,7575,601,1039244280.00,264,F1,75,,,,,
2025-04-03,2025-04-03,FO,NSE,IDO,48169,,NIFTY,,2025-04-17,2025-04-17,22350.00,PE,NIFTY2541722350PE,29.65,31.05,23.05,25.45,25.90,40.00,23250.10,25.45,5775,3750,213,357460196.25,86,F1,75,,,,,
2025-04-03,2025-04-03,FO,NSE,IDO,48101,,NIFTY,,2025-04-17,2025-04-17,21450.00,PE,NIFTY2541721450PE,10.30,10.75,4.20,4.20,4.20,9.85,23250.10,4.20,1575,1050,152,244612511.25,55,F1,75,,,,,
2025-04-03,2025-04-03,FO,NSE,IDO,48099,,NIFTY,,2025-04-17,2025-04-17,21400.00,PE,NIFTY2541721400PE,7.55,7.55,3.40,4.45,3.40,7.55,23250.10,4.45,4575,2325,165,264893441.25,101,F1,75,,,,,
2025-04-03,2025-04-03,FO,NSE,IDO,48017,,NIFTY,,2025-04-17,2025-04-17,20650.00,PE,NIFTY2541720650PE,4.15,4.35,1.65,1.95,1.80,3.80,23250.10,1.95,114150,94425,2146,3324003093.75,281,F1,75,,,,,
2025-04-03,2025-04-03,FO,NSE,IDO,43997,,NIFTY,,2025-04-09,2025-04-09,25250.00,PE,NIFTY2540925250PE,0.00,0.00,0.00,2017.10,2017.10,2017.10,23250.10,1972.95,375,0,0,0.00,0,F1,75,,,,,
2025-04-03,2025-04-03,FO,NSE,IDO,43991,,NIFTY,,2025-04-09,2025-04-09,25150.00,PE,NIFTY2540925150PE,0.00,0.00,0.00,1917.65,1917.65,1917.65,23250.10,1873.05,300,0,0,0.00,0,F1,75,,,,,
2025-04-03,2025-04-03,FO,NSE,IDO,43975,,NIFTY,,2025-04-09,2025-04-09,24800.00,PE,NIFTY2540924800PE,1509.00,1539.00,1505.00,1536.95,1539.00,1468.00,23250.10,1536.95,6075,4650,63,124333830.00,35,F1,75,,,,,
2025-04-03,2025-04-03,FO,NSE,IDO,43966,,NIFTY,,2025-04-09,2025-04-09,24600.00,PE,NIFTY2540924600PE,1325.00,1352.00,1299.00,1334.05,1334.05,1243.90,23250.10,1323.70,4500,2400,32,62221226.25,10,F1,75,,,,,
2025-04-03,2025-04-03,FO,NSE,IDO,43935,,NIFTY,,2025-04-09,2025-04-09,24000.00,PE,NIFTY2540924000PE,783.05,803.60,681.50,752.70,762.95,661.50,23250.10,752.70,307050,146325,3985,7392128122.50,2180,F1,75,,,,,
2025-04-03,2025-04-03,FO,NSE,IDO,43927,,NIFTY,,2025-04-09,2025-04-09,23850.00,PE,NIFTY2540923850PE,649.95,658.10,544.45,608.70,613.95,518.40,23250.10,608.70,22500,-900,152,278634296.25,113,F1,75,,,,,
2025-04-03,2025-04-03,FO,NSE,IDO,54533,,NIFTY,,2025-04-03,2025-04-03,21100.00,PE,NIFTY2540321100PE,0.65,0.75,0.05,0.10,0.05,0.50,23250.10,23250.10,360150,-98400,41453,65600551462.50,9443,F1,75,,,,,
2025-04-03,2025-04-03,FO,NSE,IDO,54539,,NIFTY,,2025-04-03,2025-04-03,21250.00,PE,NIFTY2540321250PE,0.50,0.80,0.05,0.10,0.10,0.55,23250.10,23250.10,321975,45825,35396,56413390631.25,7336,F1,75,,,,,
2025-04-03,2025-04-03,FO,NSE,IDO,54543,,NIFTY,,2025-04-03,2025-04-03,21350.00,PE,NIFTY2540321350PE,1.10,1.10,0.05,0.10,0.05,0.50,23250.10,23250.10,231450,118650,36819,58957576443.75,6565,F1,75,,,,,
2025-04-03,2025-04-03,FO,NSE,IDO,54563,,NIFTY,,2025-04-03,2025-04-03,21600.00,PE,NIFTY2540321600PE,0.85,0.95,0.05,0.10,0.05,0.65,23250.10,23250.10,434175,-268650,92170,149318696377.50,16691,F1,75,,,,,
2025-04-03,2025-04-03,FO,NSE,IDO,54569,,NIFTY,,2025-04-03,2025-04-03,21750.00,PE,NIFTY2540321750PE,0.70,1.00,0.05,0.10,0.05,0.75,23250.10,23250.10,283650,13200,87947,143467520366.25,15563,F1,75,,,,,
2025-04-03,2025-04-03,FO,NSE,IDO,54583,,NIFTY,,2025-04-03,2025-04-03,22100.00,PE,NIFTY2540322100PE,0.75,1.25,0.05,0.10,0.05,1.30,23250.10,23250.10,2391300,497775,394517,653933951786.25,71146,F1,75,,,,,
2025-04-03,2025-04-03,FO,NSE,IDO,54641,,NIFTY,,2025-04-03,2025-04-03,23000.00,PE,NIFTY2540323000PE,20.00,34.70,0.05,0.15,0.10,13.45,23250.10,23250.10,8896650,-2811150,4492319,7751088865983.75,966738,F1,75,,,,,
2025-04-03,2025-04-03,FO,NSE,IDO,54752,,NIFTY,,2025-04-03,2025-04-03,23600.00,PE,NIFTY2540323600PE,458.00,458.10,299.10,349.20,349.20,294.15,23250.10,23250.10,622800,-512175,36511,65584691771.25,22453,F1,75,,,,,
2025-04-03,2025-04-03,FO,NSE,IDO,54875,,NIFTY,,2025-04-03,2025-04-03,24900.00,PE,NIFTY2540324900PE,0.00,0.00,0.00,1616.00,1616.00,1616.00,23250.10,23250.10,750,0,0,0.00,0,F1,75,,,,,
2025-04-03,2025-04-03,FO,NSE,IDO,48171,,NIFTY,,2025-04-17,2025-04-17,22400.00,PE,NIFTY2541722400PE,42.10,44.40,23.60,28.85,29.60,31.65,23250.10,28.85,91275,44775,2824,4750503483.75,1630,F1,75,,,,,
2025-04-03,2025-04-03,FO,NSE,IDO,43949,,NIFTY,,2025-04-09,2025-04-09,24350.00,PE,NIFTY2540924350PE,1065.90,1113.65,1064.95,1106.10,1113.65,1102.30,23250.10,1106.10,2325,1575,29,55295478.75,13,F1,75,,,,,
2025-04-03,2025-04-03,FO,NSE,IDO,43951,,NIFTY,,2025-04-09,2025-04-09,24400.00,PE,NIFTY2540924400PE,1145.00,1151.05,1097.00,1151.05,1151.05,1043.10,23250.10,1151.05,4875,2250,31,59369013.75,26,F1,75,,,,,
2025-04-03,2025-04-03,FO,NSE,IDO,43973,,NIFTY,,2025-04-09,2025-04-09,24750.00,PE,NIFTY2540924750PE,0.00,0.00,0.00,1516.45,1516.45,1516.45,23250.10,1473.50,525,0,0,0.00,0,F1,75,,,,,
2025-04-03,2025-04-03,FO,NSE,IDO,44001,,NIFTY,,2025-04-09,2025-04-09,25300.00,PE,NIFTY2540925300PE,0.00,0.00,0.00,1970.00,1970.00,1970.00,23250.10,2022.90,675,0,0,0.00,0,F1,75,,,,,
2025-04-03,2025-04-03,FO,NSE,IDO,48087,,NIFTY,,2025-04-17,2025-04-17,21200.00,PE,NIFTY2541721200PE,4.65,5.25,2.80,2.80,2.80,5.50,23250.10,2.80,1350,525,34,54071148.75,16,F1,75,,,,,
2025-04-03,2025-04-03,FO,NSE,IDO,48147,,NIFTY,,2025-04-17,2025-04-17,22200.00,PE,NIFTY2541722200PE,29.05,29.05,16.75,18.05,18.95,22.40,23250.10,18.05,122700,84375,4144,6905802506.25,2377,F1,75,,,,,
2025-04-03,2025-04-03,FO,NSE,IDO,43936,,NIFTY,,2025-04-09,2025-04-09,24050.00,CE,NIFTY2540924050CE,13.80,13.80,3.60,4.00,3.90,14.50,23250.10,4.00,704700,396600,46400,83712342345.00,19246,F1,75,,,,,
2025-04-03,2025-04-03,FO,NSE,IDO,48150,,NIFTY,,2025-04-17,2025-04-17,22250.00,PE,NIFTY2541722250PE,23.25,28.15,18.40,20.45,20.70,23.25,23250.10,20.45,32175,29025,881,1471533003.75,594,F1,75,,,,,
2025-04-03,2025-04-03,FO,NSE,IDO,79506,,NIFTY,,2025-04-24,2025-04-24,23600.00,PE,NIFTY25APR23600PE,448.90,463.40,373.80,425.00,425.25,367.45,23250.10,425.00,1014300,-41250,5486,9880085347.50,3921,F1,75,,,,,
2025-04-03,2025-04-03,FO,NSE,IDO,79443,,NIFTY,,2025-04-24,2025-04-24,23250.00,PE,NIFTY25APR23250PE,276.00,278.95,213.25,243.85,245.10,209.95,23250.10,243.85,176850,36825,6873,12107314091.25,4712,F1,75,,,,,
2025-04-03,2025-04-03,FO,NSE,IDO,79412,,NIFTY,,2025-04-24,2025-04-24,22800.00,PE,NIFTY25APR22800PE,140.00,140.00,96.70,109.00,112.00,97.05,23250.10,109.00,859800,30525,19401,33334480991.25,12077,F1,75,,,,,
2025-04-03,2025-04-03,FO,NSE,IDO,79401,,NIFTY,,2025-04-24,2025-04-24,22650.00,PE,NIFTY25APR22650PE,100.00,101.95,73.55,83.55,83.15,75.00,23250.10,83.55,118575,15450,1947,3319688066.25,1231,F1,75,,,,,
2025-04-03,2025-04-03,FO,NSE,IDO,79294,,NIFTY,,2025-04-24,2025-04-24,22100.00,PE,NIFTY25APR22100PE,40.00,43.65,29.75,31.35,32.75,32.55,23250.10,31.35,287700,-13875,6080,10092747686.25,4089,F1,75,,,,,
2025-04-03,2025-04-03,FO,NSE,IDO,79261,,NIFTY,,2025-04-24,2025-04-24,21600.00,PE,NIFTY25APR21600PE,19.60,19.60,15.00,15.60,15.00,17.25,23250.10,15.60,154200,-51075,4704,7626368842.50,2613,F1,75,,,,,
2025-04-03,2025-04-03,FO,NSE,IDO,79252,,NIFTY,,2025-04-24,2025-04-24,21400.00,PE,NIFTY25APR21400PE,15.35,16.55,12.00,12.55,12.20,14.50,23250.10,12.55,206775,31500,3388,5441145240.00,1878,F1,75,,,,,
2025-04-03,2025-04-03,FO,NSE,IDO,43934,,NIFTY,,2025-04-09,2025-04-09,24000.00,CE,NIFTY2540924000CE,14.90,14.90,4.70,5.05,4.90,17.40,23250.10,5.05,5627025,3187425,267514,481656827535.00,85314,F1,75,,,,,
2025-04-03,2025-04-03,FO,NSE,IDO,51857,,NIFTY,,2025-04-30,2025-04-30,22150.00,PE,NIFTY2543022150PE,58.80,58.80,39.95,44.65,44.40,40.20,23250.10,44.65,3075,2025,119,198088991.25,45,F1,75,,,,,
2025-04-03,2025-04-03,FO,NSE,IDO,51849,,NIFTY,,2025-04-30,2025-04-30,21950.00,PE,NIFTY2543021950PE,0.00,0.00,0.00,68.05,0.00,68.05,23250.10,13.80,0,0,0,0.00,0,F1,75,,,,,
2025-04-03,2025-04-03,FO,NSE,IDO,61773,,NIFTY,,2029-12-27,2029-12-27,25000.00,PE,NIFTY29DEC25000PE,0.00,0.00,0.00,785.30,0.00,785.30,23250.10,692.05,0,0,0,0.00,0,F1,75,,,,,
2025-04-03,2025-04-03,FO,NSE,IDO,89627,,NIFTY,,2029-06-28,2029-06-28,22000.00,PE,NIFTY29JUN22000PE,0.00,0.00,0.00,422.00,0.00,422.00,23250.10,292.00,0,0,0,0.00,0,F1,75,,,,,
2025-04-03,2025-04-03,FO,NSE,IDO,89615,,NIFTY,,2029-06-28,2029-06-28,19000.00,PE,NIFTY29JUN19000PE,0.00,0.00,0.00,170.30,0.00,170.30,23250.10,80.20,0,0,0,0.00,0,F1,75,,,,,
2025-04-03,2025-04-03,FO,NSE,IDO,67771,,NIFTY,,2028-12-28,2028-12-28,18000.00,PE,NIFTY28DEC18000PE,0.00,0.00,0.00,104.65,0.00,104.65,23250.10,45.00,0,0,0,0.00,0,F1,75,,,,,
2025-04-03,2025-04-03,FO,NSE,IDO,86162,,NIFTY,,2028-06-29,2028-06-29,26000.00,PE,NIFTY28JUN26000PE,0.00,0.00,0.00,2370.30,0.00,2370.30,23250.10,1185.95,0,0,0,0.00,0,F1,75,,,,,
2025-04-03,2025-04-03,FO,NSE,IDO,79738,,NIFTY,,2025-04-24,2025-04-24,25250.00,PE,NIFTY25APR25250PE,0.00,0.00,0.00,1345.00,1345.00,1345.00,23250.10,1907.30,525,0,0,0.00,0,F1,75,,,,,
2025-04-03,2025-04-03,FO,NSE,IDO,86148,,NIFTY,,2028-06-29,2028-06-29,22000.00,PE,NIFTY28JUN22000PE,0.00,0.00,0.00,520.05,520.05,520.05,23250.10,321.95,100,0,0,0.00,0,F1,75,,,,,
2025-04-03,2025-04-03,FO,NSE,IDO,86142,,NIFTY,,2028-06-29,2028-06-29,19000.00,PE,NIFTY28JUN19000PE,0.00,0.00,0.00,537.45,0.00,537.45,23250.10,76.35,0,0,0,0.00,0,F1,75,,,,,
2025-04-03,2025-04-03,FO,NSE,IDO,38165,,NIFTY,,2027-12-30,2027-12-30,29000.00,PE,NIFTY27DEC29000PE,0.00,0.00,0.00,4227.50,0.00,4227.50,23250.10,2621.90,0,0,0,0.00,0,F1,75,,,,,
2025-04-03,2025-04-03,FO,NSE,IDO,53619,,NIFTY,,2027-12-30,2027-12-30,23000.00,PE,NIFTY27DEC23000PE,0.00,0.00,0.00,899.15,899.15,899.15,23250.10,497.90,1950,0,0,0.00,0,F1,75,,,,,
2025-04-03,2025-04-03,FO,NSE,IDO,53606,,NIFTY,,2027-12-30,2027-12-30,19000.00,PE,NIFTY27DEC19000PE,0.00,0.00,0.00,299.95,299.95,299.95,23250.10,70.90,525,0,0,0.00,0,F1,75,,,,,
2025-04-03,2025-04-03,FO,NSE,IDO,50550,,NIFTY,,2027-06-24,2027-06-24,28000.00,PE,NIFTY27JUN28000PE,0.00,0.00,0.00,5959.35,0.00,5959.35,23250.10,2399.15,0,0,0,0.00,0,F1,75,,,,,
2025-04-03,2025-04-03,FO,NSE,IDO,71561,,NIFTY,,2027-06-24,2027-06-24,24000.00,PE,NIFTY27JUN24000PE,0.00,0.00,0.00,5056.20,0.00,5056.20,23250.10,765.50,0,0,0,0.00,0,F1,75,,,,,
2025-04-03,2025-04-03,FO,NSE,IDO,71506,,NIFTY,,2026-12-31,2026-12-31,26000.00,PE,NIFTY26DEC26000PE,0.00,0.00,0.00,1775.00,1775.00,1775.00,23250.10,1600.95,2600,0,0,0.00,0,F1,75,,,,,
2025-04-03,2025-04-03,FO,NSE,IDO,71504,,NIFTY,,2026-12-31,2026-12-31,25000.00,PE,NIFTY26DEC25000PE,0.00,0.00,0.00,1302.50,1302.00,1302.50,23250.10,1166.40,7725,0,0,0.00,0,F1,75,,,,,
2025-04-03,2025-04-03,FO,NSE,IDO,71473,,NIFTY,,2026-06-25,2026-06-25,24000.00,PE,NIFTY26JUN24000PE,910.00,910.00,910.00,910.00,910.00,799.00,23250.10,853.50,750,-75,1,1868250.00,1,F1,75,,,,,
2025-04-03,2025-04-03,FO,NSE,IDO,50557,,NIFTY,,2026-06-25,2026-06-25,18000.00,PE,NIFTY26JUN18000PE,0.00,0.00,0.00,3088.05,0.00,3088.05,23250.10,10.95,0,0,0,0.00,0,F1,75,,,,,
2025-04-03,2025-04-03,FO,NSE,IDO,37802,,NIFTY,,2026-06-25,2026-06-25,13000.00,PE,NIFTY26JUN13000PE,0.00,0.00,0.00,21.60,21.60,21.60,23250.10,0.05,200,0,0,0.00,0,F1,75,,,,,
2025-04-03,2025-04-03,FO,NSE,IDO,62919,,NIFTY,,2026-03-26,2026-03-26,21000.00,PE,NIFTY26MAR21000PE,0.00,0.00,0.00,191.35,0.00,191.35,23250.10,138.15,0,0,0,0.00,0,F1,75,,,,,
2025-04-03,2025-04-03,FO,NSE,IDO,71394,,NIFTY,,2025-12-24,2025-12-24,24000.00,PE,NIFTY25DEC24000PE,915.55,915.60,839.95,883.95,882.00,845.95,23250.10,883.95,935350,22600,1653,3082957293.75,1068,F1,75,,,,,
2025-04-03,2025-04-03,FO,NSE,IDO,49180,,NIFTY,,2025-12-24,2025-12-24,16500.00,PE,NIFTY25DEC16500PE,0.00,0.00,0.00,20.30,20.30,20.30,23250.10,0.15,2750,0,0,0.00,0,F1,75,,,,,
2025-04-03,2025-04-03,FO,NSE,IDO,64685,,NIFTY,,2025-09-25,2025-09-25,20000.00,PE,NIFTY25SEP20000PE,0.00,0.00,0.00,22.80,0.00,22.80,23250.10,17.40,0,0,0,0.00,0,F1,75,,,,,
2025-04-03,2025-04-03,FO,NSE,IDO,50538,,NIFTY,,2025-06-26,2025-06-26,28000.00,PE,NIFTY25JUN28000PE,4322.75,4335.00,4270.95,4316.20,4315.00,4225.15,23250.10,4316.20,107475,-300,31,75108540.00,30,F1,75,,,,,
2025-04-03,2025-04-03,FO,NSE,IDO,62410,,NIFTY,,2025-06-26,2025-06-26,25250.00,PE,NIFTY25JUN25250PE,0.00,0.00,0.00,1717.90,1717.90,1717.90,23250.10,1737.75,75,0,0,0.00,0,F1,75,,,,,
2025-04-03,2025-04-03,FO,NSE,IDO,62398,,NIFTY,,2025-06-26,2025-06-26,24950.00,PE,NIFTY25JUN24950PE,0.00,0.00,0.00,1463.40,1463.40,1463.40,23250.10,1489.15,75,0,0,0.00,0,F1,75,,,,,
2025-04-03,2025-04-03,FO,NSE,IDO,62352,,NIFTY,,2025-06-26,2025-06-26,24050.00,PE,NIFTY25JUN24050PE,0.00,0.00,0.00,755.70,0.00,755.70,23250.10,842.50,0,0,0,0.00,0,F1,75,,,,,
2025-04-03,2025-04-03,FO,NSE,IDO,71380,,NIFTY,,2025-06-26,2025-06-26,24000.00,PE,NIFTY25JUN24000PE,828.95,829.10,757.00,798.30,804.00,744.05,23250.10,798.30,1054875,-14475,1669,3102195476.25,1291,F1,75,,,,,
2025-04-03,2025-04-03,FO,NSE,IDO,79689,,NIFTY,,2025-04-24,2025-04-24,24900.00,PE,NIFTY25APR24900PE,0.00,0.00,0.00,1585.95,1585.95,1585.95,23250.10,1562.80,6375,0,0,0.00,0,F1,75,,,,,
2025-04-03,2025-04-03,FO,NSE,IDO,62308,,NIFTY,,2025-06-26,2025-06-26,23150.00,PE,NIFTY25JUN23150PE,424.25,424.25,424.25,424.25,424.25,424.25,23250.10,424.25,75,0,1,1768068.75,1,F1,75,,,,,
2025-04-03,2025-04-03,FO,NSE,IDO,62208,,NIFTY,,2025-06-26,2025-06-26,22700.00,PE,NIFTY25JUN22700PE,274.40,288.75,271.10,286.25,286.10,264.55,23250.10,286.25,10800,-150,86,148224798.75,85,F1,75,,,,,
2025-04-03,2025-04-03,FO,NSE,IDO,62186,,NIFTY,,2025-06-26,2025-06-26,22150.00,PE,NIFTY25JUN22150PE,0.00,0.00,0.00,141.25,0.00,141.25,23250.10,119.70,0,0,0,0.00,0,F1,75,,,,,
2025-04-03,2025-04-03,FO,NSE,IDO,62184,,NIFTY,,2025-06-26,2025-06-26,22100.00,PE,NIFTY25JUN22100PE,170.25,170.25,160.05,169.45,170.00,155.35,23250.10,169.45,25275,2175,87,145289501.25,34,F1,75,,,,,
2025-04-03,2025-04-03,FO,NSE,IDO,61752,,NIFTY,,2025-05-29,2025-05-29,24900.00,PE,NIFTY25MAY24900PE,0.00,0.00,0.00,1426.75,1426.75,1426.75,23250.10,1483.30,450,0,0,0.00,0,F1,75,,,,,
2025-04-03,2025-04-03,FO,NSE,IDO,61672,,NIFTY,,2025-05-29,2025-05-29,24200.00,PE,NIFTY25MAY24200PE,890.00,890.00,852.55,875.00,875.00,834.45,23250.10,923.30,127800,375,6,11283506.25,6,F1,75,,,,,
2025-04-03,2025-04-03,FO,NSE,IDO,61662,,NIFTY,,2025-05-29,2025-05-29,23950.00,PE,NIFTY25MAY23950PE,0.00,0.00,0.00,753.90,753.90,753.90,23250.10,751.75,1650,0,0,0.00,0,F1,75,,,,,
2025-04-03,2025-04-03,FO,NSE,IDO,61528,,NIFTY,,2025-05-29,2025-05-29,23050.00,PE,NIFTY25MAY23050PE,295.20,321.15,294.95,321.15,321.15,286.50,23250.10,321.15,5925,-1275,45,78809351.25,25,F1,75,,,,,
2025-04-03,2025-04-03,FO,NSE,IDO,61484,,NIFTY,,2025-05-29,2025-05-29,21950.00,PE,NIFTY25MAY21950PE,0.00,0.00,0.00,76.25,76.25,76.25,23250.10,53.00,1725,0,0,0.00,0,F1,75,,,,,
2025-04-03,2025-04-03,FO,NSE,IDO,61372,,NIFTY,,2025-05-29,2025-05-29,21150.00,PE,NIFTY25MAY21150PE,0.00,0.00,0.00,91.80,91.80,91.80,23250.10,9.30,750,0,0,0.00,0,F1,75,,,,,
2025-04-03,2025-04-03,FO,NSE,IDO,61322,,NIFTY,,2025-05-29,2025-05-29,20350.00,PE,NIFTY25MAY20350PE,20.85,20.85,20.85,20.85,20.85,21.45,23250.10,1.00,12150,300,4,6111255.00,4,F1,75,,,,,
2025-04-03,2025-04-03,FO,NSE,IDO,52061,,NIFTY,,2025-04-30,2025-04-30,25100.00,PE,NIFTY2543025100PE,0.00,0.00,0.00,1759.50,0.00,1759.50,23250.10,1737.05,0,0,0,0.00,0,F1,75,,,,,
2025-04-03,2025-04-03,FO,NSE,IDO,52031,,NIFTY,,2025-04-30,2025-04-30,24750.00,PE,NIFTY2543024750PE,0.00,0.00,0.00,1450.20,0.00,1450.20,23250.10,1401.15,0,0,0,0.00,0,F1,75,,,,,
2025-04-03,2025-04-03,FO,NSE,IDO,52015,,NIFTY,,2025-04-30,2025-04-30,24600.00,PE,NIFTY2543024600PE,0.00,0.00,0.00,1323.45,0.00,1323.45,23250.10,1261.20,0,0,0,0.00,0,F1,75,,,,,
2025-04-03,2025-04-03,FO,NSE,IDO,54536,,NIFTY,,2025-04-03,2025-04-03,21200.00,CE,NIFTY2540321200CE,0.00,0.00,0.00,2526.10,2526.20,2526.10,23250.10,23250.10,975,0,0,0.00,0,F1,75,,,,,
2025-04-03,2025-04-03,FO,NSE,IDO,54542,,NIFTY,,2025-04-03,2025-04-03,21350.00,CE,NIFTY2540321350CE,0.00,0.00,0.00,2378.45,2378.25,2378.45,23250.10,23250.10,750,0,0,0.00,0,F1,75,,,,,
2025-04-03,2025-04-03,FO,NSE,IDO,54560,,NIFTY,,2025-04-03,2025-04-03,21550.00,CE,NIFTY2540321550CE,0.00,0.00,0.00,2192.15,2190.70,2192.15,23250.10,23250.10,675,0,0,0.00,0,F1,75,,,,,
2025-04-03,2025-04-03,FO,NSE,IDO,54562,,NIFTY,,2025-04-03,2025-04-03,21600.00,CE,NIFTY2540321600CE,1660.00,1660.00,1660.00,1660.00,1660.00,1718.00,23250.10,23250.10,75,-75,1,1744500.00,1,F1,75,,,,,
2025-04-03,2025-04-03,FO,NSE,IDO,54584,,NIFTY,,2025-04-03,2025-04-03,22150.00,CE,NIFTY2540322150CE,1040.90,1123.10,1038.75,1100.15,1101.45,1159.35,23250.10,23250.10,1602375,-150,463,806113545.00,110,F1,75,,,,,
2025-04-03,2025-04-03,FO,NSE,IDO,54592,,NIFTY,,2025-04-03,2025-04-03,22350.00,CE,NIFTY2540322350CE,836.85,949.85,836.80,901.80,900.50,963.50,23250.10,23250.10,949500,2625,2506,4365904110.00,404,F1,75,,,,,
2025-04-03,2025-04-03,FO,NSE,IDO,54634,,NIFTY,,2025-04-03,2025-04-03,22900.00,CE,NIFTY2540322900CE,294.70,406.60,284.40,350.25,349.40,423.25,23250.10,23250.10,719700,-26550,17685,30832363143.75,11912,F1,75,,,,,
2025-04-03,2025-04-03,FO,NSE,IDO,54646,,NIFTY,,2025-04-03,2025-04-03,23150.00,CE,NIFTY2540323150CE,66.75,161.20,60.15,101.00,100.10,189.60,23250.10,23250.10,1150575,388425,1386438,2418913401423.75,846773,F1,75,,,,,
2025-04-03,2025-04-03,FO,NSE,IDO,54753,,NIFTY,,2025-04-03,2025-04-03,23650.00,CE,NIFTY2540323650CE,4.00,4.00,0.05,0.10,0.05,7.50,23250.10,23250.10,2832450,-1018200,986367,1749642213071.25,174003,F1,75,,,,,
2025-04-03,2025-04-03,FO,NSE,IDO,54759,,NIFTY,,2025-04-03,2025-04-03,23800.00,CE,NIFTY2540323800CE,1.65,2.20,0.05,0.05,0.05,3.15,23250.10,23250.10,6142425,-494025,1630695,2910876351206.25,285930,F1,75,,,,,
2025-04-03,2025-04-03,FO,NSE,IDO,54884,,NIFTY,,2025-04-03,2025-04-03,25150.00,CE,NIFTY2540325150CE,0.70,0.80,0.05,0.10,0.05,0.75,23250.10,23250.10,304425,-128325,63096,119016548576.25,16332,F1,75,,,,,
2025-04-03,2025-04-03,FO,NSE,IDO,54890,,NIFTY,,2025-04-03,2025-04-03,25300.00,CE,NIFTY2540325300CE,0.45,0.60,0.05,0.05,0.05,0.70,23250.10,23250.10,1304025,-1559325,190579,361628463052.50,32187,F1,75,,,,,
2025-04-03,2025-04-03,FO,NSE,IDO,43828,,NIFTY,,2025-04-09,2025-04-09,21750.00,CE,NIFTY2540921750CE,0.00,0.00,0.00,2012.25,2012.25,2012.25,23250.10,1523.35,300,0,0,0.00,0,F1,75,,,,,
2025-04-03,2025-04-03,FO,NSE,IDO,43846,,NIFTY,,2025-04-09,2025-04-09,22200.00,CE,NIFTY2540922200CE,1070.00,1122.00,1035.60,1046.85,1045.00,1132.20,23250.10,1046.85,12975,6900,298,520924477.50,76,F1,75,,,,,
2025-04-03,2025-04-03,FO,NSE,IDO,43902,,NIFTY,,2025-04-09,2025-04-09,23350.00,CE,NIFTY2540923350CE,98.95,147.65,98.85,108.15,107.85,174.45,23250.10,108.15,912825,547425,97980,172475045403.75,59800,F1,75,,,,,
2025-04-03,2025-04-03,FO,NSE,IDO,43925,,NIFTY,,2025-04-09,2025-04-09,23850.00,CE,NIFTY2540923850CE,20.00,20.05,9.20,9.95,9.75,28.85,23250.10,9.95,899925,597150,63710,114019107757.50,30544,F1,75,,,,,
2025-04-03,2025-04-03,FO,NSE,IDO,79645,,NIFTY,,2025-04-24,2025-04-24,24600.00,PE,NIFTY25APR24600PE,1241.00,1241.00,1241.00,1241.00,1241.00,1166.60,23250.10,1273.40,22500,150,2,3876150.00,1,F1,75,,,,,
2025-04-03,2025-04-03,FO,NSE,IDO,43942,,NIFTY,,2025-04-09,2025-04-09,24200.00,CE,NIFTY2540924200CE,2.50,8.55,2.05,2.30,2.05,9.05,23250.10,2.30,2496225,1328550,129818,235652996576.25,39134,F1,75,,,,,
2025-04-03,2025-04-03,FO,NSE,IDO,43962,,NIFTY,,2025-04-09,2025-04-09,24600.00,CE,NIFTY2540924600CE,2.70,3.30,1.15,1.25,1.20,3.30,23250.10,1.25,1273350,580425,55703,102779186595.00,12610,F1,75,,,,,
2025-04-03,2025-04-03,FO,NSE,IDO,48020,,NIFTY,,2025-04-17,2025-04-17,20750.00,CE,NIFTY2541720750CE,0.00,0.00,0.00,1793.45,0.00,1793.45,23250.10,2551.75,0,0,0,0.00,0,F1,75,,,,,
2025-04-03,2025-04-03,FO,NSE,IDO,48054,,NIFTY,,2025-04-17,2025-04-17,21000.00,CE,NIFTY2541721000CE,0.00,0.00,0.00,1558.35,0.00,1558.35,23250.10,2302.40,0,0,0,0.00,0,F1,75,,,,,
2025-04-03,2025-04-03,FO,NSE,IDO,48277,,NIFTY,,2025-04-17,2025-04-17,23650.00,CE,NIFTY2541723650CE,90.00,101.05,74.65,77.90,82.00,121.35,23250.10,77.90,25500,9675,683,1215767880.00,356,F1,75,,,,,
2025-04-03,2025-04-03,FO,NSE,IDO,48389,,NIFTY,,2025-04-17,2025-04-17,24950.00,CE,NIFTY2541724950CE,5.00,5.70,3.20,3.20,3.20,7.85,23250.10,3.20,8775,525,88,164700566.25,34,F1,75,,,,,
2025-04-03,2025-04-03,FO,NSE,IDO,48399,,NIFTY,,2025-04-17,2025-04-17,25050.00,CE,NIFTY2541725050CE,6.60,6.60,4.20,4.35,4.35,6.30,23250.10,0.50,2625,1200,53,99591367.50,15,F1,75,,,,,
2025-04-03,2025-04-03,FO,NSE,IDO,48407,,NIFTY,,2025-04-17,2025-04-17,25150.00,CE,NIFTY2541725150CE,3.80,4.35,2.60,2.75,2.90,4.70,23250.10,2.75,2400,-225,49,92439375.00,16,F1,75,,,,,
2025-04-03,2025-04-03,FO,NSE,IDO,79227,,NIFTY,,2025-04-24,2025-04-24,20950.00,CE,NIFTY25APR20950CE,2386.95,2388.20,2386.95,2388.20,2388.20,2369.85,23250.10,2388.20,1050,0,2,3500636.25,2,F1,75,,,,,
2025-04-03,2025-04-03,FO,NSE,IDO,79370,,NIFTY,,2025-04-24,2025-04-24,22200.00,CE,NIFTY25APR22200CE,1145.00,1230.00,1139.05,1148.50,1148.00,1252.35,23250.10,1148.50,134025,-2025,228,399851666.25,115,F1,75,,,,,
2025-04-03,2025-04-03,FO,NSE,IDO,79386,,NIFTY,,2025-04-24,2025-04-24,22400.00,CE,NIFTY25APR22400CE,956.45,1038.35,942.05,963.60,965.80,1067.05,23250.10,963.60,74400,3300,362,634622767.50,223,F1,75,,,,,
2025-04-03,2025-04-03,FO,NSE,IDO,79392,,NIFTY,,2025-04-24,2025-04-24,22500.00,CE,NIFTY25APR22500CE,866.95,953.50,855.00,879.05,876.40,985.10,23250.10,879.05,1255650,-32475,2866,5030058813.75,1950,F1,75,,,,,
2025-04-03,2025-04-03,FO,NSE,IDO,79638,,NIFTY,,2025-04-24,2025-04-24,24450.00,CE,NIFTY25APR24450CE,19.00,20.90,16.00,16.75,16.00,26.50,23250.10,16.75,50175,6300,1576,2892144033.75,918,F1,75,,,,,
2025-04-03,2025-04-03,FO,NSE,IDO,51837,,NIFTY,,2025-04-30,2025-04-30,21700.00,CE,NIFTY2543021700CE,0.00,0.00,0.00,1708.90,0.00,1708.90,23250.10,1660.20,0,0,0,0.00,0,F1,75,,,,,
2025-04-03,2025-04-03,FO,NSE,IDO,51846,,NIFTY,,2025-04-30,2025-04-30,21900.00,CE,NIFTY2543021900CE,0.00,0.00,0.00,1530.00,0.00,1530.00,23250.10,1466.90,0,0,0,0.00,0,F1,75,,,,,
2025-04-03,2025-04-03,FO,NSE,IDO,51866,,NIFTY,,2025-04-30,2025-04-30,22250.00,CE,NIFTY2543022250CE,0.00,0.00,0.00,1233.45,0.00,1233.45,23250.10,1140.00,0,0,0,0.00,0,F1,75,,,,,
2025-04-03,2025-04-03,FO,NSE,IDO,51880,,NIFTY,,2025-04-30,2025-04-30,22450.00,CE,NIFTY2543022450CE,0.00,0.00,0.00,1075.75,0.00,1075.75,23250.10,963.55,0,0,0,0.00,0,F1,75,,,,,
2025-04-03,2025-04-03,FO,NSE,IDO,51890,,NIFTY,,2025-04-30,2025-04-30,22600.00,CE,NIFTY2543022600CE,0.00,0.00,0.00,829.95,829.95,829.95,23250.10,838.20,450,0,0,0.00,0,F1,75,,,,,
2025-04-03,2025-04-03,FO,NSE,IDO,51916,,NIFTY,,2025-04-30,2025-04-30,23000.00,CE,NIFTY2543023000CE,540.05,608.95,522.60,551.40,545.15,633.05,23250.10,551.40,80700,7125,899,1589208525.00,669,F1,75,,,,,
2025-04-03,2025-04-03,FO,NSE,IDO,51944,,NIFTY,,2025-04-30,2025-04-30,23400.00,CE,NIFTY2543023400CE,300.00,349.30,287.10,303.10,302.60,369.45,23250.10,303.10,57075,-300,933,1659688263.75,752,F1,75,,,,,
2025-04-03,2025-04-03,FO,NSE,IDO,51994,,NIFTY,,2025-04-30,2025-04-30,24300.00,CE,NIFTY2543024300CE,45.00,45.00,35.20,36.70,36.05,53.90,23250.10,36.70,83700,9975,1315,2400469293.75,615,F1,75,,,,,
2025-04-03,2025-04-03,FO,NSE,IDO,52066,,NIFTY,,2025-04-30,2025-04-30,25250.00,CE,NIFTY2543025250CE,9.15,9.65,7.35,8.05,7.35,10.15,23250.10,8.05,3300,-75,35,66303843.75,23,F1,75,,,,,
2025-04-03,2025-04-03,FO,NSE,IDO,61319,,NIFTY,,2025-05-29,2025-05-29,20350.00,CE,NIFTY25MAY20350CE,0.00,0.00,0.00,3077.80,3077.80,3077.80,23250.10,3103.00,375,0,0,0.00,0,F1,75,,,,,
2025-04-03,2025-04-03,FO,NSE,IDO,61331,,NIFTY,,2025-05-29,2025-05-29,20550.00,CE,NIFTY25MAY20550CE,0.00,0.00,0.00,2887.85,2887.85,2887.85,23250.10,2905.85,525,0,0,0.00,0,F1,75,,,,,
2025-04-03,2025-04-03,FO,NSE,IDO,61333,,NIFTY,,2025-05-29,2025-05-29,20600.00,CE,NIFTY25MAY20600CE,0.00,0.00,0.00,3040.20,3040.20,3040.20,23250.10,2856.60,600,0,0,0.00,0,F1,75,,,,,
2025-04-03,2025-04-03,FO,NSE,IDO,61469,,NIFTY,,2025-05-29,2025-05-29,21750.00,CE,NIFTY25MAY21750CE,0.00,0.00,0.00,1951.10,1951.10,1951.10,23250.10,1751.75,1350,0,0,0.00,0,F1,75,,,,,
2025-04-03,2025-04-03,FO,NSE,IDO,61483,,NIFTY,,2025-05-29,2025-05-29,21950.00,CE,NIFTY25MAY21950CE,0.00,0.00,0.00,2098.00,2098.00,2098.00,23250.10,1570.90,975,0,0,0.00,0,F1,75,,,,,
2025-04-03,2025-04-03,FO,NSE,IDO,61505,,NIFTY,,2025-05-29,2025-05-29,22500.00,CE,NIFTY25MAY22500CE,1105.95,1175.00,1105.95,1123.75,1119.90,1205.85,23250.10,1123.75,156825,4650,336,595826340.00,198,F1,75,,,,,
2025-04-03,2025-04-03,FO,NSE,IDO,61547,,NIFTY,,2025-05-29,2025-05-29,23550.00,CE,NIFTY25MAY23550CE,408.75,452.40,408.25,421.50,420.20,480.35,23250.10,421.50,6900,-225,73,131301821.25,46,F1,75,,,,,
2025-04-03,2025-04-03,FO,NSE,IDO,61553,,NIFTY,,2025-05-29,2025-05-29,23700.00,CE,NIFTY25MAY23700CE,350.00,377.55,330.00,353.55,347.65,402.75,23250.10,353.55,115050,27150,858,1548112987.50,635,F1,75,,,,,
2025-04-03,2025-04-03,FO,NSE,IDO,61555,,NIFTY,,2025-05-29,2025-05-29,23750.00,CE,NIFTY25MAY23750CE,339.00,349.80,328.00,331.35,328.00,377.85,23250.10,331.35,9975,-450,26,46972023.75,16,F1,75,,,,,
2025-04-03,2025-04-03,FO,NSE,IDO,61621,,NIFTY,,2025-05-29,2025-05-29,23950.00,CE,NIFTY25MAY23950CE,267.60,268.15,246.60,262.85,262.85,289.90,23250.10,289.50,8850,2550,80,145247467.50,32,F1,75,,,,,
2025-04-03,2025-04-03,FO,NSE,IDO,61669,,NIFTY,,2025-05-29,2025-05-29,24150.00,CE,NIFTY25MAY24150CE,190.00,203.35,185.05,185.75,186.15,222.25,23250.10,185.75,12075,2325,87,158818837.50,48,F1,75,,,,,
2025-04-03,2025-04-03,FO,NSE,IDO,61763,,NIFTY,,2025-05-29,2025-05-29,25200.00,CE,NIFTY25MAY25200CE,32.00,32.00,29.50,30.05,29.50,38.70,23250.10,30.05,33450,1125,78,147600618.75,37,F1,75,,,,,
2025-04-03,2025-04-03,FO,NSE,IDO,61771,,NIFTY,,2025-05-29,2025-05-29,25400.00,CE,NIFTY25MAY25400CE,21.00,24.00,20.05,21.75,21.00,26.75,23250.10,21.75,108825,11850,999,1904739240.00,403,F1,75,,,,,
2025-04-03,2025-04-03,FO,NSE,IDO,39982,,NIFTY,,2025-06-26,2025-06-26,19000.00,CE,NIFTY25JUN19000CE,4475.00,4521.60,4450.00,4472.70,4481.40,4554.10,23250.10,4472.70,200100,5325,100,176155226.25,84,F1,75,,,,,
2025-04-03,2025-04-03,FO,NSE,IDO,62265,,NIFTY,,2025-06-26,2025-06-26,23050.00,CE,NIFTY25JUN23050CE,0.00,0.00,0.00,903.35,903.35,903.35,23250.10,893.45,75,0,0,0.00,0,F1,75,,,,,
2025-04-03,2025-04-03,FO,NSE,IDO,62331,,NIFTY,,2025-06-26,2025-06-26,23550.00,CE,NIFTY25JUN23550CE,598.00,615.35,593.65,593.65,593.65,605.25,23250.10,614.05,150,75,3,5434275.00,3,F1,75,,,,,
2025-04-03,2025-04-03,FO,NSE,IDO,62351,,NIFTY,,2025-06-26,2025-06-26,24050.00,CE,NIFTY25JUN24050CE,377.50,377.50,368.10,368.10,368.10,383.50,23250.10,399.65,4125,0,2,3663420.00,2,F1,75,,,,,
2025-04-03,2025-04-03,FO,NSE,IDO,62367,,NIFTY,,2025-06-26,2025-06-26,24350.00,CE,NIFTY25JUN24350CE,0.00,0.00,0.00,598.90,0.00,598.90,23250.10,300.60,0,0,0,0.00,0,F1,75,,,,,
2025-04-03,2025-04-03,FO,NSE,IDO,39987,,NIFTY,,2025-12-24,2025-12-24,19000.00,CE,NIFTY25DEC19000CE,5025.00,5086.65,5013.50,5013.50,5013.50,5225.00,23250.10,5137.05,6875,-150,3,5409386.25,3,F1,75,,,,,
2025-04-03,2025-04-03,FO,NSE,IDO,71399,,NIFTY,,2025-12-24,2025-12-24,26000.00,CE,NIFTY25DEC26000CE,342.70,355.00,336.00,340.85,341.90,368.15,23250.10,340.85,388175,8625,1078,2129924302.50,776,F1,75,,,,,
2025-04-03,2025-04-03,FO,NSE,IDO,53607,,NIFTY,,2027-12-30,2027-12-30,20000.00,CE,NIFTY27DEC20000CE,0.00,0.00,0.00,5333.85,0.00,5333.85,23250.10,6642.25,0,0,0,0.00,0,F1,75,,,,,
2025-04-03,2025-04-03,FO,NSE,IDO,67770,,NIFTY,,2028-12-28,2028-12-28,18000.00,CE,NIFTY28DEC18000CE,0.00,0.00,0.00,9380.30,0.00,9380.30,23250.10,9179.40,0,0,0,0.00,0,F1,75,,,,,
2025-04-03,2025-04-03,FO,NSE,IDO,67780,,NIFTY,,2028-12-28,2028-12-28,23000.00,CE,NIFTY28DEC23000CE,0.00,0.00,0.00,6377.60,0.00,6377.60,23250.10,5655.75,0,0,0,0.00,0,F1,75,,,,,
2025-04-03,2025-04-03,FO,NSE,IDO,89626,,NIFTY,,2029-06-28,2029-06-28,22000.00,CE,NIFTY29JUN22000CE,0.00,0.00,0.00,9207.90,0.00,9207.90,23250.10,6839.75,0,0,0,0.00,0,F1,75,,,,,
2025-04-03,2025-04-03,FO,NSE,IDO,61744,,NIFTY,,2029-12-27,2029-12-27,22000.00,CE,NIFTY29DEC22000CE,0.00,0.00,0.00,8865.25,0.00,8865.25,23250.10,7355.75,0,0,0,0.00,0,F1,75,,,,,
2025-04-03,2025-04-03,FO,NSE,IDO,61858,,NIFTY,,2029-12-27,2029-12-27,28000.00,CE,NIFTY29DEC28000CE,0.00,0.00,0.00,5741.50,0.00,5741.50,23250.10,4067.35,0,0,0,0.00,0,F1,75,,,,,
2025-04-03,2025-04-03,FO,NSE,IDO,54477,,NIFTY,,2025-04-03,2025-04-03,20550.00,PE,NIFTY2540320550PE,0.40,0.70,0.05,0.05,0.05,0.35,23250.10,23250.10,237525,73875,27186,41900978707.50,5175,F1,75,,,,,
2025-04-03,2025-04-03,FO,NSE,IDO,54537,,NIFTY,,2025-04-03,2025-04-03,21200.00,PE,NIFTY2540321200PE,0.80,0.80,0.05,0.10,0.05,0.45,23250.10,23250.10,298275,-90600,44894,71382705862.50,9697,F1,75,,,,,
2025-04-03,2025-04-03,FO,NSE,IDO,54555,,NIFTY,,2025-04-03,2025-04-03,21400.00,PE,NIFTY2540321400PE,0.40,1.00,0.05,0.10,0.05,0.55,23250.10,23250.10,370650,-27375,45350,72788322618.75,10843,F1,75,,,,,
2025-04-03,2025-04-03,FO,NSE,IDO,54577,,NIFTY,,2025-04-03,2025-04-03,21950.00,PE,NIFTY2540321950PE,1.20,1.20,0.05,0.10,0.05,1.00,23250.10,23250.10,528750,141975,122994,202485232961.25,30062,F1,75,,,,,
2025-04-03,2025-04-03,FO,NSE,IDO,51999,,NIFTY,,2025-04-30,2025-04-30,24300.00,PE,NIFTY2543024300PE,0.00,0.00,0.00,1083.05,0.00,1083.05,23250.10,992.85,0,0,0,0.00,0,F1,75,,,,,
2025-04-03,2025-04-03,FO,NSE,IDO,51983,,NIFTY,,2025-04-30,2025-04-30,24100.00,PE,NIFTY2543024100PE,0.00,0.00,0.00,735.00,735.00,735.00,23250.10,825.70,525,0,0,0.00,0,F1,75,,,,,
2025-04-03,2025-04-03,FO,NSE,IDO,51981,,NIFTY,,2025-04-30,2025-04-30,24050.00,PE,NIFTY2543024050PE,712.10,712.10,712.10,712.10,712.10,898.15,23250.10,785.75,225,225,3,5571472.50,1,F1,75,,,,,
2025-04-03,2025-04-03,FO,NSE,IDO,54626,,NIFTY,,2025-04-03,2025-04-03,22700.00,PE,NIFTY2540322700PE,6.50,7.75,0.05,0.10,0.05,5.50,23250.10,23250.10,6116550,-1165650,1845033,3141394047056.25,323826,F1,75,,,,,
2025-04-03,2025-04-03,FO,NSE,IDO,54630,,NIFTY,,2025-04-03,2025-04-03,22800.00,PE,NIFTY2540322800PE,8.10,12.25,0.05,0.10,0.05,7.25,23250.10,23250.10,5981625,29250,2204166,3769477049538.75,436916,F1,75,,,,,
2025-04-03,2025-04-03,FO,NSE,IDO,54666,,NIFTY,,2025-04-03,2025-04-03,23200.00,PE,NIFTY2540323200PE,61.40,84.80,0.05,0.30,0.05,33.65,23250.10,23250.10,15933225,4623900,13078208,22768768584236.25,3342599,F1,75,,,,,
2025-04-03,2025-04-03,FO,NSE,IDO,54754,,NIFTY,,2025-04-03,2025-04-03,23650.00,PE,NIFTY2540323650PE,488.00,491.90,349.15,399.15,399.30,339.05,23250.10,23250.10,384450,-54975,4794,8646866377.50,3175,F1,75,,,,,
2025-04-03,2025-04-03,FO,NSE,IDO,54847,,NIFTY,,2025-04-03,2025-04-03,24300.00,PE,NIFTY2540324300PE,1100.05,1100.05,1000.00,1051.95,1051.40,986.65,23250.10,23250.10,33450,2775,333,633140561.25,157,F1,75,,,,,
2025-04-03,2025-04-03,FO,NSE,IDO,54867,,NIFTY,,2025-04-03,2025-04-03,24700.00,PE,NIFTY2540324700PE,1519.70,1519.70,1421.00,1450.00,1450.00,1409.20,23250.10,23250.10,1125,-2700,45,88209607.50,14,F1,75,,,,,
2025-04-03,2025-04-03,FO,NSE,IDO,54893,,NIFTY,,2025-04-03,2025-04-03,25350.00,PE,NIFTY2540325350PE,0.00,0.00,0.00,1579.65,1580.10,1579.65,23250.10,23250.10,450,0,0,0.00,0,F1,75,,,,,
2025-04-03,2025-04-03,FO,NSE,IDO,43795,,NIFTY,,2025-04-09,2025-04-09,20950.00,PE,NIFTY2540920950PE,2.45,2.80,1.00,1.15,1.00,1.95,23250.10,1.15,97800,60225,5732,9007069743.75,2455,F1,75,,,,,
2025-04-03,2025-04-03,FO,NSE,IDO,43803,,NIFTY,,2025-04-09,2025-04-09,21150.00,PE,NIFTY2540921150PE,2.55,2.85,1.15,1.25,1.30,2.40,23250.10,1.25,92250,77325,4687,7435296667.50,2274,F1,75,,,,,
2025-04-03,2025-04-03,FO,NSE,IDO,43811,,NIFTY,,2025-04-09,2025-04-09,21300.00,PE,NIFTY2540921300PE,3.20,4.00,1.15,1.45,1.35,2.70,23250.10,1.45,525975,406350,20429,32638726725.00,6984,F1,75,,,,,
2025-04-03,2025-04-03,FO,NSE,IDO,43823,,NIFTY,,2025-04-09,2025-04-09,21600.00,PE,NIFTY2540921600PE,3.95,10.00,1.40,1.80,1.40,3.65,23250.10,1.80,849450,676800,50556,81911073431.25,15349,F1,75,,,,,
2025-04-03,2025-04-03,FO,NSE,IDO,43931,,NIFTY,,2025-04-09,2025-04-09,23900.00,PE,NIFTY2540923900PE,686.15,708.30,587.00,660.70,665.90,572.95,23250.10,660.70,271050,-5025,773,1422809047.50,529,F1,75,,,,,
2025-04-03,2025-04-03,FO,NSE,IDO,43933,,NIFTY,,2025-04-09,2025-04-09,23950.00,PE,NIFTY2540923950PE,688.55,719.65,640.00,713.80,711.70,631.75,23250.10,713.80,16575,150,28,51737227.50,18,F1,75,,,,,
2025-04-03,2025-04-03,FO,NSE,IDO,79246,,NIFTY,,2025-04-24,2025-04-24,21250.00,PE,NIFTY25APR21250PE,11.80,13.20,11.00,11.05,11.00,12.85,23250.10,11.05,7125,-1950,79,125979701.25,45,F1,75,,,,,
2025-04-03,2025-04-03,FO,NSE,IDO,48297,,NIFTY,,2025-04-17,2025-04-17,23950.00,PE,NIFTY2541723950PE,0.00,0.00,0.00,716.05,716.05,716.05,23250.10,686.80,825,0,0,0.00,0,F1,75,,,,,
2025-04-03,2025-04-03,FO,NSE,IDO,48288,,NIFTY,,2025-04-17,2025-04-17,23750.00,PE,NIFTY2541723750PE,543.50,543.50,493.00,525.00,525.00,543.50,23250.10,525.00,2700,225,8,14560361.25,8,F1,75,,,,,
2025-04-03,2025-04-03,FO,NSE,IDO,48278,,NIFTY,,2025-04-17,2025-04-17,23650.00,PE,NIFTY2541723650PE,431.10,448.30,391.30,437.15,448.30,465.60,23250.10,437.15,7125,1575,27,48769256.25,8,F1,75,,,,,
2025-04-03,2025-04-03,FO,NSE,IDO,48225,,NIFTY,,2025-04-17,2025-04-17,23100.00,PE,NIFTY2541723100PE,160.00,195.00,128.00,153.05,155.60,130.10,23250.10,153.05,117900,75600,5159,8994256053.75,3365,F1,75,,,,,
2025-04-03,2025-04-03,FO,NSE,IDO,48201,,NIFTY,,2025-04-17,2025-04-17,22850.00,PE,NIFTY2541722850PE,105.00,106.05,72.05,85.80,87.90,76.35,23250.10,85.80,12600,5550,512,880692183.75,239,F1,75,,,,,
2025-04-03,2025-04-03,FO,NSE,IDO,58635,,NIFTY,,2026-12-31,2026-12-31,15000.00,PE,NIFTY26DEC15000PE,0.00,0.00,0.00,25.05,25.05,25.05,23250.10,0.70,1400,0,0,0.00,0,F1,75,,,,,
2025-04-03,2025-04-03,FO,NSE,IDO,71548,,NIFTY,,2027-06-24,2027-06-24,18000.00,PE,NIFTY27JUN18000PE,0.00,0.00,0.00,48.55,48.55,48.55,23250.10,29.60,25,0,0,0.00,0,F1,75,,,,,
2025-04-03,2025-04-03,FO,NSE,IDO,71557,,NIFTY,,2027-06-24,2027-06-24,22000.00,PE,NIFTY27JUN22000PE,0.00,0.00,0.00,3995.40,0.00,3995.40,23250.10,337.90,0,0,0,0.00,0,F1,75,,,,,
2025-04-03,2025-04-03,FO,NSE,IDO,53625,,NIFTY,,2027-12-30,2027-12-30,24000.00,PE,NIFTY27DEC24000PE,0.00,0.00,0.00,860.05,860.05,860.05,23250.10,712.75,825,0,0,0.00,0,F1,75,,,,,
2025-04-03,2025-04-03,FO,NSE,IDO,79445,,NIFTY,,2025-04-24,2025-04-24,23300.00,PE,NIFTY25APR23300PE,304.70,314.00,232.15,265.70,268.75,228.35,23250.10,265.70,2131425,146025,44380,78415228627.50,25868,F1,75,,,,,
2025-04-03,2025-04-03,FO,NSE,IDO,48177,,NIFTY,,2025-04-17,2025-04-17,22500.00,PE,NIFTY2541722500PE,47.65,53.35,31.70,36.95,38.20,37.40,23250.10,36.95,236100,89250,5933,10028298971.25,3404,F1,75,,,,,
2025-04-03,2025-04-03,FO,NSE,IDO,89631,,NIFTY,,2029-06-28,2029-06-28,24000.00,PE,NIFTY29JUN24000PE,0.00,0.00,0.00,694.05,694.05,694.05,23250.10,567.20,25,0,0,0.00,0,F1,75,,,,,
2025-04-03,2025-04-03,FO,NSE,IDO,54667,,NIFTY,,2025-04-03,2025-04-03,23250.00,CE,NIFTY2540323250CE,30.05,67.50,0.10,1.75,0.10,111.35,23250.10,23250.10,25536750,22222725,24861633,43383885676695.00,6713857,F1,75,,,,,
2025-04-03,2025-04-03,FO,NSE,IDO,54636,,NIFTY,,2025-04-03,2025-04-03,22950.00,CE,NIFTY2540322950CE,241.45,355.95,225.25,300.65,299.90,376.80,23250.10,23250.10,35625,-19350,17528,30563645441.25,11765,F1,75,,,,,
2025-04-03,2025-04-03,FO,NSE,IDO,54594,,NIFTY,,2025-04-03,2025-04-03,22400.00,CE,NIFTY2540322400CE,790.65,897.65,787.55,849.75,848.45,913.95,23250.10,23250.10,1627425,-69000,1831,3193002390.00,1373,F1,75,,,,,
2025-04-03,2025-04-03,FO,NSE,IDO,54586,,NIFTY,,2025-04-03,2025-04-03,22200.00,CE,NIFTY2540322200CE,1002.25,1075.00,983.30,1052.15,1049.55,1110.80,23250.10,23250.10,2142600,-20775,464,808826336.25,412,F1,75,,,,,
2025-04-03,2025-04-03,FO,NSE,IDO,54558,,NIFTY,,2025-04-03,2025-04-03,21500.00,CE,NIFTY2540321500CE,1750.00,1797.00,1707.85,1752.15,1747.40,1820.60,23250.10,23250.10,4650,-9975,234,408157346.25,113,F1,75,,,,,
2025-04-03,2025-04-03,FO,NSE,IDO,54534,,NIFTY,,2025-04-03,2025-04-03,21150.00,CE,NIFTY2540321150CE,0.00,0.00,0.00,2577.65,2577.65,2577.65,23250.10,23250.10,675,0,0,0.00,0,F1,75,,,,,
2025-04-03,2025-04-03,FO,NSE,IDO,54532,,NIFTY,,2025-04-03,2025-04-03,21100.00,CE,NIFTY2540321100CE,2170.00,2170.00,2170.00,2170.00,2170.00,2660.50,23250.10,23250.10,300,-75,1,1745250.00,1,F1,75,,,,,
2025-04-03,2025-04-03,FO,NSE,IDO,54484,,NIFTY,,2025-04-03,2025-04-03,20650.00,CE,NIFTY2540320650CE,2637.30,2637.30,2539.10,2539.10,2539.10,3073.85,23250.10,23250.10,675,0,6,10457190.00,2,F1,75,,,,,
2025-04-03,2025-04-03,FO,NSE,IDO,89625,,NIFTY,,2029-06-28,2029-06-28,21000.00,PE,NIFTY29JUN21000PE,0.00,0.00,0.00,320.25,0.00,320.25,23250.10,198.50,0,0,0,0.00,0,F1,75,,,,,
2025-04-03,2025-04-03,FO,NSE,IDO,89623,,NIFTY,,2029-06-28,2029-06-28,20000.00,PE,NIFTY29JUN20000PE,0.00,0.00,0.00,236.95,0.00,236.95,23250.10,129.30,0,0,0,0.00,0,F1,75,,,,,
2025-04-03,2025-04-03,FO,NSE,IDO,67789,,NIFTY,,2028-12-28,2028-12-28,27000.00,PE,NIFTY28DEC27000PE,0.00,0.00,0.00,1413.85,0.00,1413.85,23250.10,1374.30,0,0,0,0.00,0,F1,75,,,,,
2025-04-03,2025-04-03,FO,NSE,IDO,86164,,NIFTY,,2028-06-29,2028-06-29,27000.00,PE,NIFTY28JUN27000PE,0.00,0.00,0.00,2752.35,0.00,2752.35,23250.10,1521.85,0,0,0,0.00,0,F1,75,,,,,
2025-04-03,2025-04-03,FO,NSE,IDO,54839,,NIFTY,,2025-04-03,2025-04-03,24150.00,CE,NIFTY2540324150CE,0.90,1.15,0.05,0.10,0.05,1.25,23250.10,23250.10,845850,-419625,296532,537105331972.50,62903,F1,75,,,,,
2025-04-03,2025-04-03,FO,NSE,IDO,54850,,NIFTY,,2025-04-03,2025-04-03,24400.00,CE,NIFTY2540324400CE,0.70,0.95,0.05,0.10,0.05,0.95,23250.10,23250.10,1887075,-1372725,274993,503246728380.00,51375,F1,75,,,,,
2025-04-03,2025-04-03,FO,NSE,IDO,54862,,NIFTY,,2025-04-03,2025-04-03,24600.00,CE,NIFTY2540324600CE,0.65,0.90,0.05,0.05,0.05,0.85,23250.10,23250.10,922050,-1703850,168929,311680208411.25,40231,F1,75,,,,,
2025-04-03,2025-04-03,FO,NSE,IDO,54868,,NIFTY,,2025-04-03,2025-04-03,24750.00,CE,NIFTY2540324750CE,0.55,0.85,0.05,0.05,0.05,0.85,23250.10,23250.10,581400,-48750,80368,149185685846.25,19470,F1,75,,,,,
2025-04-03,2025-04-03,FO,NSE,IDO,54878,,NIFTY,,2025-04-03,2025-04-03,25000.00,CE,NIFTY2540325000CE,0.55,0.70,0.05,0.05,0.05,0.75,23250.10,23250.10,5516775,-3252150,529408,992654905117.50,85353,F1,75,,,,,
2025-04-03,2025-04-03,FO,NSE,IDO,54894,,NIFTY,,2025-04-03,2025-04-03,25400.00,CE,NIFTY2540325400CE,0.20,0.60,0.05,0.05,0.05,0.60,23250.10,23250.10,7352625,-5724900,612164,1166188008652.50,92067,F1,75,,,,,
2025-04-03,2025-04-03,FO,NSE,IDO,43808,,NIFTY,,2025-04-09,2025-04-09,21250.00,CE,NIFTY2540921250CE,0.00,0.00,0.00,2511.20,2511.20,2511.20,23250.10,2022.80,225,0,0,0.00,0,F1,75,,,,,
2025-04-03,2025-04-03,FO,NSE,IDO,43810,,NIFTY,,2025-04-09,2025-04-09,21300.00,CE,NIFTY2540921300CE,0.00,0.00,0.00,1983.60,1983.60,1983.60,23250.10,1972.85,375,0,0,0.00,0,F1,75,,,,,
2025-04-03,2025-04-03,FO,NSE,IDO,43822,,NIFTY,,2025-04-09,2025-04-09,21600.00,CE,NIFTY2540921600CE,1660.00,1709.00,1660.00,1709.00,1709.00,1746.50,23250.10,1673.15,900,-150,4,6989025.00,4,F1,75,,,,,
2025-04-03,2025-04-03,FO,NSE,IDO,43860,,NIFTY,,2025-04-09,2025-04-09,22550.00,CE,NIFTY2540922550CE,704.85,758.00,697.90,702.25,700.35,821.30,23250.10,702.25,3675,1200,34,59343543.75,26,F1,75,,,,,
2025-04-03,2025-04-03,FO,NSE,IDO,43906,,NIFTY,,2025-04-09,2025-04-09,23450.00,CE,NIFTY2540923450CE,72.15,101.95,67.00,71.00,71.55,126.75,23250.10,71.00,648900,378300,70856,125044827390.00,46325,F1,75,,,,,
2025-04-03,2025-04-03,FO,NSE,IDO,43923,,NIFTY,,2025-04-09,2025-04-09,23800.00,CE,NIFTY2540923800CE,20.00,25.90,11.60,12.55,12.55,35.10,23250.10,12.55,3314025,1368525,214301,382773523027.50,93856,F1,75,,,,,
2025-04-03,2025-04-03,FO,NSE,IDO,43932,,NIFTY,,2025-04-09,2025-04-09,23950.00,CE,NIFTY2540923950CE,5.00,14.50,5.00,6.10,6.25,20.25,23250.10,6.10,766050,527475,57981,104181375498.75,25212,F1,75,,,,,
2025-04-03,2025-04-03,FO,NSE,IDO,43938,,NIFTY,,2025-04-09,2025-04-09,24100.00,CE,NIFTY2540924100CE,9.00,9.00,2.55,3.25,3.15,12.20,23250.10,3.25,1866000,1002825,107029,193491639120.00,39820,F1,75,,,,,
2025-04-03,2025-04-03,FO,NSE,IDO,43954,,NIFTY,,2025-04-09,2025-04-09,24500.00,CE,NIFTY2540924500CE,4.00,4.00,1.35,1.50,1.40,4.15,23250.10,1.50,4715100,2737500,152899,280975016538.75,32321,F1,75,,,,,
2025-04-03,2025-04-03,FO,NSE,IDO,43994,,NIFTY,,2025-04-09,2025-04-09,25250.00,CE,NIFTY2540925250CE,1.35,1.60,0.90,1.05,0.90,1.65,23250.10,1.05,664425,59250,13818,26169184755.00,3259,F1,75,,,,,
2025-04-03,2025-04-03,FO,NSE,IDO,48090,,NIFTY,,2025-04-17,2025-04-17,21250.00,CE,NIFTY2541721250CE,0.00,0.00,0.00,1331.65,0.00,1331.65,23250.10,2053.05,0,0,0,0.00,0,F1,75,,,,,
2025-04-03,2025-04-03,FO,NSE,IDO,48104,,NIFTY,,2025-04-17,2025-04-17,21550.00,CE,NIFTY2541721550CE,0.00,0.00,0.00,1742.60,1742.60,1742.60,23250.10,1753.95,75,0,0,0.00,0,F1,75,,,,,
2025-04-03,2025-04-03,FO,NSE,IDO,48110,,NIFTY,,2025-04-17,2025-04-17,21700.00,CE,NIFTY2541721700CE,0.00,0.00,0.00,1598.00,1598.00,1598.00,23250.10,1604.65,75,0,0,0.00,0,F1,75,,,,,
2025-04-03,2025-04-03,FO,NSE,IDO,48114,,NIFTY,,2025-04-17,2025-04-17,21800.00,CE,NIFTY2541721800CE,0.00,0.00,0.00,1502.25,1502.30,1502.25,23250.10,1505.30,150,0,0,0.00,0,F1,75,,,,,
2025-04-03,2025-04-03,FO,NSE,IDO,48130,,NIFTY,,2025-04-17,2025-04-17,22100.00,CE,NIFTY2541722100CE,0.00,0.00,0.00,1200.75,1200.75,1200.75,23250.10,1209.45,75,0,0,0.00,0,F1,75,,,,,
2025-04-03,2025-04-03,FO,NSE,IDO,48170,,NIFTY,,2025-04-17,2025-04-17,22400.00,CE,NIFTY2541722400CE,0.00,0.00,0.00,940.00,940.00,940.00,23250.10,922.00,675,0,0,0.00,0,F1,75,,,,,
2025-04-03,2025-04-03,FO,NSE,IDO,48180,,NIFTY,,2025-04-17,2025-04-17,22600.00,CE,NIFTY2541722600CE,0.00,0.00,0.00,761.50,761.50,761.50,23250.10,740.45,75,0,0,0.00,0,F1,75,,,,,
2025-04-03,2025-04-03,FO,NSE,IDO,48259,,NIFTY,,2025-04-17,2025-04-17,23450.00,CE,NIFTY2541723450CE,149.55,175.60,139.80,143.25,143.80,203.25,23250.10,143.25,13725,-300,998,1766723306.25,418,F1,75,,,,,
2025-04-03,2025-04-03,FO,NSE,IDO,48289,,NIFTY,,2025-04-17,2025-04-17,23800.00,CE,NIFTY2541723800CE,52.00,62.95,46.50,48.00,49.40,81.55,23250.10,48.00,214500,115800,7485,13390222387.50,4709,F1,75,,,,,
2025-04-03,2025-04-03,FO,NSE,IDO,48343,,NIFTY,,2025-04-17,2025-04-17,24650.00,CE,NIFTY2541724650CE,9.65,9.65,4.70,4.85,4.80,9.50,23250.10,4.85,5400,375,225,416074646.25,98,F1,75,,,,,
2025-04-03,2025-04-03,FO,NSE,IDO,48376,,NIFTY,,2025-04-17,2025-04-17,24900.00,CE,NIFTY2541724900CE,4.70,6.00,3.00,3.40,3.00,7.35,23250.10,3.40,22350,8475,438,818099047.50,160,F1,75,,,,,
2025-04-03,2025-04-03,FO,NSE,IDO,79260,,NIFTY,,2025-04-24,2025-04-24,21600.00,CE,NIFTY25APR21600CE,1714.50,1730.45,1714.50,1730.45,1730.45,1726.45,23250.10,1730.45,5025,0,2,3498371.25,2,F1,75,,,,,
2025-04-03,2025-04-03,FO,NSE,IDO,79390,,NIFTY,,2025-04-24,2025-04-24,22450.00,CE,NIFTY25APR22450CE,960.00,971.10,915.00,933.35,915.00,1005.15,23250.10,933.35,33750,675,14,24561345.00,12,F1,75,,,,,
2025-04-03,2025-04-03,FO,NSE,IDO,79396,,NIFTY,,2025-04-24,2025-04-24,22600.00,CE,NIFTY25APR22600CE,770.50,863.00,770.50,797.45,793.00,889.00,23250.10,797.45,115350,-2025,528,926860766.25,335,F1,75,,,,,
2025-04-03,2025-04-03,FO,NSE,IDO,79415,,NIFTY,,2025-04-24,2025-04-24,22850.00,CE,NIFTY25APR22850CE,613.80,629.75,585.50,590.45,590.20,688.55,23250.10,590.45,43950,17325,297,522550117.50,288,F1,75,,,,,
2025-04-03,2025-04-03,FO,NSE,IDO,79438,,NIFTY,,2025-04-24,2025-04-24,23150.00,CE,NIFTY25APR23150CE,405.55,432.10,363.05,375.70,375.25,459.40,23250.10,375.70,87375,8925,1091,1926041542.50,957,F1,75,,,,,
2025-04-03,2025-04-03,FO,NSE,IDO,79515,,NIFTY,,2025-04-24,2025-04-24,23850.00,CE,NIFTY25APR23850CE,83.30,94.30,73.55,75.25,75.35,114.85,23250.10,75.25,136050,-2025,3805,6829778538.75,2875,F1,75,,,,,
2025-04-03,2025-04-03,FO,NSE,IDO,79739,,NIFTY,,2025-04-24,2025-04-24,25300.00,CE,NIFTY25APR25300CE,7.55,8.45,5.30,5.80,5.40,9.40,23250.10,5.80,388200,11175,8395,15933703432.50,3284,F1,75,,,,,
2025-04-03,2025-04-03,FO,NSE,IDO,79741,,NIFTY,,2025-04-24,2025-04-24,25350.00,CE,NIFTY25APR25350CE,8.70,8.70,4.65,5.40,5.15,8.75,23250.10,5.40,18675,-1050,345,656098207.50,195,F1,75,,,,,
2025-04-03,2025-04-03,FO,NSE,IDO,51848,,NIFTY,,2025-04-30,2025-04-30,21950.00,CE,NIFTY2543021950CE,0.00,0.00,0.00,1486.20,0.00,1486.20,23250.10,1419.15,0,0,0,0.00,0,F1,75,,,,,
2025-04-03,2025-04-03,FO,NSE,IDO,51959,,NIFTY,,2025-04-30,2025-04-30,23700.00,CE,NIFTY2543023700CE,170.90,194.00,157.15,166.60,164.75,212.75,23250.10,166.60,85425,12900,980,1754814240.00,672,F1,75,,,,,
2025-04-03,2025-04-03,FO,NSE,IDO,51972,,NIFTY,,2025-04-30,2025-04-30,23850.00,CE,NIFTY2543023850CE,118.50,134.85,108.05,120.10,114.00,149.20,23250.10,120.10,5175,450,51,91692063.75,42,F1,75,,,,,
2025-04-03,2025-04-03,FO,NSE,IDO,51974,,NIFTY,,2025-04-30,2025-04-30,23900.00,CE,NIFTY2543023900CE,101.85,126.15,98.35,101.55,99.10,138.40,23250.10,101.55,86100,13800,938,1688993107.50,612,F1,75,,,,,
2025-04-03,2025-04-03,FO,NSE,IDO,51976,,NIFTY,,2025-04-30,2025-04-30,23950.00,CE,NIFTY2543023950CE,99.05,105.20,82.85,90.45,90.00,122.35,23250.10,90.45,4050,3000,147,265102927.50,88,F1,75,,,,,
2025-04-03,2025-04-03,FO,NSE,IDO,52005,,NIFTY,,2025-04-30,2025-04-30,24450.00,CE,NIFTY2543024450CE,0.00,0.00,0.00,139.30,0.00,139.30,23250.10,42.20,0,0,0,0.00,0,F1,75,,,,,
2025-04-03,2025-04-03,FO,NSE,IDO,52080,,NIFTY,,2025-04-30,2025-04-30,25350.00,CE,NIFTY2543025350CE,8.85,8.85,6.15,6.50,6.70,11.95,23250.10,6.50,9075,4725,152,289078110.00,42,F1,75,,,,,
2025-04-03,2025-04-03,FO,NSE,IDO,61337,,NIFTY,,2025-05-29,2025-05-29,20700.00,CE,NIFTY25MAY20700CE,0.00,0.00,0.00,2743.35,2743.35,2743.35,23250.10,2758.30,525,0,0,0.00,0,F1,75,,,,,
2025-04-03,2025-04-03,FO,NSE,IDO,61543,,NIFTY,,2025-05-29,2025-05-29,23450.00,CE,NIFTY25MAY23450CE,459.50,510.00,459.50,471.40,471.50,533.10,23250.10,471.40,3225,225,109,195638167.50,74,F1,75,,,,,
2025-04-03,2025-04-03,FO,NSE,IDO,61545,,NIFTY,,2025-05-29,2025-05-29,23500.00,CE,NIFTY25MAY23500CE,440.00,484.45,402.00,451.65,448.90,504.90,23250.10,451.65,735750,191550,8355,15012885720.00,6316,F1,75,,,,,
2025-04-03,2025-04-03,FO,NSE,IDO,61561,,NIFTY,,2025-05-29,2025-05-29,23900.00,CE,NIFTY25MAY23900CE,256.55,290.50,256.00,269.30,268.05,311.75,23250.10,269.30,119025,2625,503,912014651.25,358,F1,75,,,,,
2025-04-03,2025-04-03,FO,NSE,IDO,61689,,NIFTY,,2025-05-29,2025-05-29,24650.00,CE,NIFTY25MAY24650CE,83.35,87.90,79.75,80.40,79.75,100.60,23250.10,80.40,4425,300,42,77907667.50,27,F1,75,,,,,
2025-04-03,2025-04-03,FO,NSE,IDO,61751,,NIFTY,,2025-05-29,2025-05-29,24900.00,CE,NIFTY25MAY24900CE,55.00,57.75,49.45,52.55,51.20,66.60,23250.10,52.55,24675,-2775,335,626947001.25,122,F1,75,,,,,
2025-04-03,2025-04-03,FO,NSE,IDO,61755,,NIFTY,,2025-05-29,2025-05-29,25000.00,CE,NIFTY25MAY25000CE,41.85,50.00,40.00,42.95,41.75,55.05,23250.10,42.95,666300,59625,6750,12678766582.50,3494,F1,75,,,,,
2025-04-03,2025-04-03,FO,NSE,IDO,62161,,NIFTY,,2025-06-26,2025-06-26,21750.00,CE,NIFTY25JUN21750CE,0.00,0.00,0.00,2321.80,0.00,2321.80,23250.10,1889.75,0,0,0,0.00,0,F1,75,,,,,
2025-04-03,2025-04-03,FO,NSE,IDO,62171,,NIFTY,,2025-06-26,2025-06-26,21950.00,CE,NIFTY25JUN21950CE,0.00,0.00,0.00,1727.00,1727.00,1727.00,23250.10,1716.15,75,0,0,0.00,0,F1,75,,,,,
2025-04-03,2025-04-03,FO,NSE,IDO,62173,,NIFTY,,2025-06-26,2025-06-26,22050.00,CE,NIFTY25JUN22050CE,0.00,0.00,0.00,1643.35,1643.35,1643.35,23250.10,1631.60,75,0,0,0.00,0,F1,75,,,,,
2025-04-03,2025-04-03,FO,NSE,IDO,62187,,NIFTY,,2025-06-26,2025-06-26,22200.00,CE,NIFTY25JUN22200CE,0.00,0.00,0.00,1533.30,1533.30,1533.30,23250.10,1507.85,75,0,0,0.00,0,F1,75,,,,,
2025-04-03,2025-04-03,FO,NSE,IDO,62259,,NIFTY,,2025-06-26,2025-06-26,22950.00,CE,NIFTY25JUN22950CE,0.00,0.00,0.00,970.30,970.30,970.30,23250.10,957.05,75,0,0,0.00,0,F1,75,,,,,
2025-04-03,2025-04-03,FO,NSE,IDO,37749,,NIFTY,,2025-06-26,2025-06-26,23000.00,CE,NIFTY25JUN23000CE,906.85,970.00,895.60,936.00,932.80,991.60,23250.10,936.00,824300,41625,1477,2652345855.00,1316,F1,75,,,,,
2025-04-03,2025-04-03,FO,NSE,IDO,62323,,NIFTY,,2025-06-26,2025-06-26,23350.00,CE,NIFTY25JUN23350CE,0.00,0.00,0.00,707.30,707.30,707.30,23250.10,717.95,75,0,0,0.00,0,F1,75,,,,,
2025-04-03,2025-04-03,FO,NSE,IDO,62337,,NIFTY,,2025-06-26,2025-06-26,23700.00,CE,NIFTY25JUN23700CE,517.40,544.15,517.40,519.85,519.85,567.00,23250.10,519.85,20850,-150,10,18173745.00,9,F1,75,,,,,
2025-04-03,2025-04-03,FO,NSE,IDO,62373,,NIFTY,,2025-06-26,2025-06-26,24450.00,CE,NIFTY25JUN24450CE,230.10,230.10,230.10,230.10,230.10,330.10,23250.10,272.10,1275,0,1,1851007.50,1,F1,75,,,,,
2025-04-03,2025-04-03,FO,NSE,IDO,62397,,NIFTY,,2025-06-26,2025-06-26,24950.00,CE,NIFTY25JUN24950CE,0.00,0.00,0.00,387.85,0.00,387.85,23250.10,159.70,0,0,0,0.00,0,F1,75,,,,,
2025-04-03,2025-04-03,FO,NSE,IDO,62403,,NIFTY,,2025-06-26,2025-06-26,25150.00,CE,NIFTY25JUN25150CE,0.00,0.00,0.00,331.90,0.00,331.90,23250.10,126.95,0,0,0,0.00,0,F1,75,,,,,
2025-04-03,2025-04-03,FO,NSE,IDO,49177,,NIFTY,,2025-12-24,2025-12-24,16000.00,CE,NIFTY25DEC16000CE,0.00,0.00,0.00,7200.00,7200.00,7200.00,23250.10,7987.70,50,0,0,0.00,0,F1,75,,,,,
2025-04-03,2025-04-03,FO,NSE,IDO,51451,,NIFTY,,2025-12-24,2025-12-24,21000.00,CE,NIFTY25DEC21000CE,3272.00,3300.00,3230.00,3276.10,3276.10,3335.00,23250.10,3324.35,72800,1125,41,74629128.75,30,F1,75,,,,,
2025-04-03,2025-04-03,FO,NSE,IDO,58622,,NIFTY,,2025-12-24,2025-12-24,22000.00,CE,NIFTY25DEC22000CE,2540.00,2540.00,2462.05,2462.05,2462.05,2550.55,23250.10,2462.05,245300,225,45,82639128.75,42,F1,75,,,,,
2025-04-03,2025-04-03,FO,NSE,IDO,42129,,NIFTY,,2025-12-24,2025-12-24,31000.00,CE,NIFTY25DEC31000CE,28.85,30.40,28.00,28.65,29.95,29.95,23250.10,28.65,58900,2175,41,95415405.00,29,F1,75,,,,,
2025-04-03,2025-04-03,FO,NSE,IDO,50497,,NIFTY,,2026-06-25,2026-06-25,17000.00,CE,NIFTY26JUN17000CE,0.00,0.00,0.00,4348.25,0.00,4348.25,23250.10,7556.90,0,0,0,0.00,0,F1,75,,,,,
2025-04-03,2025-04-03,FO,NSE,IDO,71505,,NIFTY,,2026-12-31,2026-12-31,26000.00,CE,NIFTY26DEC26000CE,0.00,0.00,0.00,1505.00,1505.00,1505.00,23250.10,1639.30,2775,0,0,0.00,0,F1,75,,,,,
2025-04-03,2025-04-03,FO,NSE,IDO,71558,,NIFTY,,2027-06-24,2027-06-24,23000.00,CE,NIFTY27JUN23000CE,0.00,0.00,0.00,2530.05,0.00,2530.05,23250.10,3868.50,0,0,0,0.00,0,F1,75,,,,,
2025-04-03,2025-04-03,FO,NSE,IDO,71564,,NIFTY,,2027-06-24,2027-06-24,26000.00,CE,NIFTY27JUN26000CE,0.00,0.00,0.00,1900.85,0.00,1900.85,23250.10,2200.40,0,0,0,0.00,0,F1,75,,,,,
2025-04-03,2025-04-03,FO,NSE,IDO,86161,,NIFTY,,2028-06-29,2028-06-29,26000.00,CE,NIFTY28JUN26000CE,0.00,0.00,0.00,3200.90,0.00,3200.90,23250.10,3375.00,0,0,0,0.00,0,F1,75,,,,,
2025-04-03,2025-04-03,FO,NSE,IDO,67772,,NIFTY,,2028-12-28,2028-12-28,19000.00,CE,NIFTY28DEC19000CE,0.00,0.00,0.00,8739.00,0.00,8739.00,23250.10,8429.40,0,0,0,0.00,0,F1,75,,,,,
2025-04-03,2025-04-03,FO,NSE,IDO,67786,,NIFTY,,2028-12-28,2028-12-28,26000.00,CE,NIFTY28DEC26000CE,0.00,0.00,0.00,4879.70,0.00,4879.70,23250.10,3938.35,0,0,0,0.00,0,F1,75,,,,,
2025-04-03,2025-04-03,FO,NSE,IDO,89610,,NIFTY,,2029-06-28,2029-06-28,17000.00,CE,NIFTY29JUN17000CE,0.00,0.00,0.00,12333.10,0.00,12333.10,23250.10,10369.55,0,0,0,0.00,0,F1,75,,,,,
2025-04-03,2025-04-03,FO,NSE,IDO,89634,,NIFTY,,2029-06-28,2029-06-28,26000.00,CE,NIFTY29JUN26000CE,0.00,0.00,0.00,7052.20,0.00,7052.20,23250.10,4491.40,0,0,0,0.00,0,F1,75,,,,,
2025-04-03,2025-04-03,FO,NSE,IDO,54471,,NIFTY,,2025-04-03,2025-04-03,20450.00,PE,NIFTY2540320450PE,0.40,0.65,0.05,0.10,0.05,0.30,23250.10,23250.10,474675,64725,41999,64416909195.00,5906,F1,75,,,,,
2025-04-03,2025-04-03,FO,NSE,IDO,54491,,NIFTY,,2025-04-03,2025-04-03,20700.00,PE,NIFTY2540320700PE,0.90,0.90,0.05,0.10,0.10,0.30,23250.10,23250.10,398700,-46425,46480,72161432793.75,9468,F1,75,,,,,
2025-04-03,2025-04-03,FO,NSE,IDO,54581,,NIFTY,,2025-04-03,2025-04-03,22050.00,PE,NIFTY2540322050PE,1.50,1.50,0.05,0.05,0.05,1.25,23250.10,23250.10,1521600,1294725,223752,370041796406.25,49462,F1,75,,,,,
2025-04-03,2025-04-03,FO,NSE,IDO,54587,,NIFTY,,2025-04-03,2025-04-03,22200.00,PE,NIFTY2540322200PE,0.80,1.40,0.05,0.10,0.05,1.50,23250.10,23250.10,6835650,-441450,755684,1258263332505.00,137697,F1,75,,,,,
2025-04-03,2025-04-03,FO,NSE,IDO,54618,,NIFTY,,2025-04-03,2025-04-03,22500.00,PE,NIFTY2540322500PE,2.90,3.60,0.05,0.05,0.05,3.20,23250.10,23250.10,7992375,-635175,1778372,3001155413673.75,307927,F1,75,,,,,
2025-04-03,2025-04-03,FO,NSE,IDO,54632,,NIFTY,,2025-04-03,2025-04-03,22850.00,PE,NIFTY2540322850PE,15.00,15.00,0.05,0.10,0.05,8.35,23250.10,23250.10,2665350,239250,1600075,2742415318635.00,311441,F1,75,,,,,
2025-04-03,2025-04-03,FO,NSE,IDO,54700,,NIFTY,,2025-04-03,2025-04-03,23350.00,PE,NIFTY2540323350PE,151.15,203.15,64.20,99.25,99.80,91.90,23250.10,23250.10,1551525,-463875,1996698,3510967146097.50,1089314,F1,75,,,,,
2025-04-03,2025-04-03,FO,NSE,IDO,54708,,NIFTY,,2025-04-03,2025-04-03,23400.00,PE,NIFTY2540323400PE,220.00,255.10,106.65,149.25,149.55,123.90,23250.10,23250.10,1294575,-1071450,993577,1754564836458.75,530447,F1,75,,,,,
2025-04-03,2025-04-03,FO,NSE,IDO,54760,,NIFTY,,2025-04-03,2025-04-03,23800.00,PE,NIFTY2540323800PE,637.60,637.60,499.10,548.15,548.65,487.60,23250.10,23250.10,514650,-238125,11835,21619025227.50,5677,F1,75,,,,,
2025-04-03,2025-04-03,FO,NSE,IDO,54780,,NIFTY,,2025-04-03,2025-04-03,23950.00,PE,NIFTY2540323950PE,727.65,737.45,655.85,700.15,700.90,635.40,23250.10,23250.10,59550,-6375,126,232864211.25,99,F1,75,,,,,
2025-04-03,2025-04-03,FO,NSE,IDO,54838,,NIFTY,,2025-04-03,2025-04-03,24100.00,PE,NIFTY2540324100PE,911.65,911.65,810.00,849.90,849.35,789.15,23250.10,23250.10,72300,-4725,476,890705797.50,221,F1,75,,,,,
2025-04-03,2025-04-03,FO,NSE,IDO,54849,,NIFTY,,2025-04-03,2025-04-03,24350.00,PE,NIFTY2540324350PE,1052.00,1102.30,1052.00,1101.10,1099.85,1153.00,23250.10,23250.10,1500,-1050,34,64871970.00,18,F1,75,,,,,
2025-04-03,2025-04-03,FO,NSE,IDO,43789,,NIFTY,,2025-04-09,2025-04-09,20800.00,PE,NIFTY2540920800PE,2.15,2.50,0.90,1.00,0.90,2.00,23250.10,1.00,475275,359475,18278,28515723093.75,4460,F1,75,,,,,
2025-04-03,2025-04-03,FO,NSE,IDO,43801,,NIFTY,,2025-04-09,2025-04-09,21100.00,PE,NIFTY2540921100PE,2.75,3.35,1.15,1.30,1.15,2.40,23250.10,1.30,537825,479550,23513,37212596058.75,7750,F1,75,,,,,
2025-04-03,2025-04-03,FO,NSE,IDO,43833,,NIFTY,,2025-04-09,2025-04-09,21850.00,PE,NIFTY2540921850PE,5.85,8.20,1.95,2.20,1.95,5.00,23250.10,2.20,119400,16950,8937,14647657207.50,4294,F1,75,,,,,
2025-04-03,2025-04-03,FO,NSE,IDO,43837,,NIFTY,,2025-04-09,2025-04-09,21950.00,PE,NIFTY2540921950PE,7.30,7.35,2.25,2.60,2.50,5.90,23250.10,2.60,153225,94500,8650,14242377176.25,5023,F1,75,,,,,
2025-04-03,2025-04-03,FO,NSE,IDO,43843,,NIFTY,,2025-04-09,2025-04-09,22100.00,PE,NIFTY2540922100PE,10.00,10.85,2.70,3.35,3.60,7.40,23250.10,3.35,888450,382650,60810,100813525083.75,27841,F1,75,,,,,
2025-04-03,2025-04-03,FO,NSE,IDO,43845,,NIFTY,,2025-04-09,2025-04-09,22150.00,PE,NIFTY2540922150PE,9.05,12.65,2.90,3.65,3.70,7.85,23250.10,3.65,234825,125025,19105,31745780272.50,8765,F1,75,,,,,
2025-04-03,2025-04-03,FO,NSE,IDO,43869,,NIFTY,,2025-04-09,2025-04-09,22700.00,PE,NIFTY2540922700PE,46.00,50.00,16.75,23.35,24.90,28.30,23250.10,23.35,2485200,1383975,139248,237321384157.50,74266,F1,75,,,,,
2025-04-03,2025-04-03,FO,NSE,IDO,43885,,NIFTY,,2025-04-09,2025-04-09,23000.00,PE,NIFTY2540923000PE,120.05,120.05,52.70,70.80,73.75,65.95,23250.10,70.80,6528225,3436425,403623,698358451747.50,194515,F1,75,,,,,
2025-04-03,2025-04-03,FO,NSE,IDO,43888,,NIFTY,,2025-04-09,2025-04-09,23050.00,PE,NIFTY2540923050PE,100.00,130.75,63.35,84.45,86.65,75.55,23250.10,84.45,652500,393675,62146,107815433760.00,37589,F1,75,,,,,
2025-04-03,2025-04-03,FO,NSE,IDO,43901,,NIFTY,,2025-04-09,2025-04-09,23300.00,PE,NIFTY2540923300PE,185.00,237.40,146.80,182.45,188.00,150.85,23250.10,182.45,3920325,1903125,317709,559269051393.75,175084,F1,75,,,,,
2025-04-03,2025-04-03,FO,NSE,IDO,43941,,NIFTY,,2025-04-09,2025-04-09,24150.00,PE,NIFTY2540924150PE,895.15,895.15,849.10,849.10,849.10,799.30,23250.10,876.25,675,0,2,3753318.75,2,F1,75,,,,,
2025-04-03,2025-04-03,FO,NSE,IDO,48079,,NIFTY,,2025-04-17,2025-04-17,21150.00,PE,NIFTY2541721150PE,5.85,5.85,3.25,3.25,3.25,5.85,23250.10,3.25,1500,-150,35,55529336.25,10,F1,75,,,,,
2025-04-03,2025-04-03,FO,NSE,IDO,48115,,NIFTY,,2025-04-17,2025-04-17,21800.00,PE,NIFTY2541721800PE,13.20,15.80,7.85,8.20,8.25,11.60,23250.10,8.20,50925,27075,1502,2456830965.00,1004,F1,75,,,,,
2025-04-03,2025-04-03,FO,NSE,IDO,48117,,NIFTY,,2025-04-17,2025-04-17,21850.00,PE,NIFTY2541721850PE,14.75,14.75,8.95,9.25,8.95,12.65,23250.10,9.25,4800,750,112,183641823.75,36,F1,75,,,,,
2025-04-03,2025-04-03,FO,NSE,IDO,61660,,NIFTY,,2029-12-27,2029-12-27,21000.00,PE,NIFTY29DEC21000PE,0.00,0.00,0.00,278.80,0.00,278.80,23250.10,189.90,0,0,0,0.00,0,F1,75,,,,,
2025-04-03,2025-04-03,FO,NSE,IDO,48268,,NIFTY,,2025-04-17,2025-04-17,23550.00,PE,NIFTY2541723550PE,309.50,381.90,309.50,374.70,377.60,317.40,23250.10,374.70,5625,1050,52,93207607.50,33,F1,75,,,,,
2025-04-03,2025-04-03,FO,NSE,IDO,48272,,NIFTY,,2025-04-17,2025-04-17,23600.00,PE,NIFTY2541723600PE,420.05,425.00,356.95,402.00,412.40,342.85,23250.10,402.00,38175,-1950,467,840119115.00,376,F1,75,,,,,
2025-04-03,2025-04-03,FO,NSE,IDO,48295,,NIFTY,,2025-04-17,2025-04-17,23900.00,PE,NIFTY2541723900PE,655.00,655.00,612.00,612.00,612.00,583.10,23250.10,644.60,3150,0,7,12872025.00,2,F1,75,,,,,
2025-04-03,2025-04-03,FO,NSE,IDO,48336,,NIFTY,,2025-04-17,2025-04-17,24450.00,PE,NIFTY2541724450PE,0.00,0.00,0.00,1180.45,1180.45,1180.45,23250.10,1146.90,75,0,0,0.00,0,F1,75,,,,,
2025-04-03,2025-04-03,FO,NSE,IDO,79230,,NIFTY,,2025-04-24,2025-04-24,21000.00,PE,NIFTY25APR21000PE,15.00,15.00,9.40,9.90,9.45,11.05,23250.10,9.90,3283125,34725,18440,29057834141.25,10331,F1,75,,,,,
2025-04-03,2025-04-03,FO,NSE,IDO,79290,,NIFTY,,2025-04-24,2025-04-24,22050.00,PE,NIFTY25APR22050PE,50.00,50.00,28.00,29.60,29.75,30.55,23250.10,29.60,59025,22350,864,1430781363.75,611,F1,75,,,,,
2025-04-03,2025-04-03,FO,NSE,IDO,79298,,NIFTY,,2025-04-24,2025-04-24,22150.00,PE,NIFTY25APR22150PE,40.70,40.70,31.80,33.95,33.40,34.80,23250.10,33.95,38250,6600,1129,1878486547.50,795,F1,75,,,,,
2025-04-03,2025-04-03,FO,NSE,IDO,79381,,NIFTY,,2025-04-24,2025-04-24,22250.00,PE,NIFTY25APR22250PE,49.80,54.60,36.40,40.40,41.30,40.15,23250.10,40.40,36375,-75,1442,2410631625.00,744,F1,75,,,,,
2025-04-03,2025-04-03,FO,NSE,IDO,79439,,NIFTY,,2025-04-24,2025-04-24,23150.00,PE,NIFTY25APR23150PE,220.55,237.00,179.00,206.15,206.40,178.20,23250.10,206.15,142050,-750,3488,6108910207.50,2422,F1,75,,,,,
2025-04-03,2025-04-03,FO,NSE,IDO,61391,,NIFTY,,2029-12-27,2029-12-27,18000.00,PE,NIFTY29DEC18000PE,0.00,0.00,0.00,96.50,0.00,96.50,23250.10,47.95,0,0,0,0.00,0,F1,75,,,,,
2025-04-03,2025-04-03,FO,NSE,IDO,79639,,NIFTY,,2025-04-24,2025-04-24,24450.00,PE,NIFTY25APR24450PE,0.00,0.00,0.00,1148.65,1148.65,1148.65,23250.10,1132.60,7350,0,0,0.00,0,F1,75,,,,,
2025-04-03,2025-04-03,FO,NSE,IDO,79740,,NIFTY,,2025-04-24,2025-04-24,25300.00,PE,NIFTY25APR25300PE,0.00,0.00,0.00,1875.00,1875.00,1875.00,23250.10,1956.80,5475,0,0,0.00,0,F1,75,,,,,
2025-04-03,2025-04-03,FO,NSE,IDO,51832,,NIFTY,,2025-04-30,2025-04-30,21550.00,PE,NIFTY2543021550PE,19.40,19.40,19.40,19.40,19.40,26.20,23250.10,3.50,75,0,1,1617705.00,1,F1,75,,,,,
2025-04-03,2025-04-03,FO,NSE,IDO,51847,,NIFTY,,2025-04-30,2025-04-30,21900.00,PE,NIFTY2543021900PE,38.00,38.00,28.90,30.65,31.80,32.45,23250.10,30.65,19875,4125,235,386536065.00,137,F1,75,,,,,
2025-04-03,2025-04-03,FO,NSE,IDO,51867,,NIFTY,,2025-04-30,2025-04-30,22250.00,PE,NIFTY2543022250PE,49.25,56.95,49.25,54.70,49.90,112.85,23250.10,54.70,3075,3075,57,95345433.75,20,F1,75,,,,,
2025-04-03,2025-04-03,FO,NSE,IDO,51943,,NIFTY,,2025-04-30,2025-04-30,23350.00,PE,NIFTY2543023350PE,337.10,337.10,283.00,314.50,319.00,279.25,23250.10,314.50,18000,-600,116,205821195.00,88,F1,75,,,,,
2025-04-03,2025-04-03,FO,NSE,IDO,51958,,NIFTY,,2025-04-30,2025-04-30,23650.00,PE,NIFTY2543023650PE,409.95,455.05,409.95,443.35,443.35,402.00,23250.10,498.75,3000,-225,8,14450182.50,7,F1,75,,,,,
2025-04-03,2025-04-03,FO,NSE,IDO,52037,,NIFTY,,2025-04-30,2025-04-30,24800.00,PE,NIFTY2543024800PE,0.00,0.00,0.00,1493.30,0.00,1493.30,23250.10,1448.45,0,0,0,0.00,0,F1,75,,,,,
2025-04-03,2025-04-03,FO,NSE,IDO,52044,,NIFTY,,2025-04-30,2025-04-30,24950.00,PE,NIFTY2543024950PE,0.00,0.00,0.00,1624.85,0.00,1624.85,23250.10,1591.85,0,0,0,0.00,0,F1,75,,,,,
2025-04-03,2025-04-03,FO,NSE,IDO,52083,,NIFTY,,2025-04-30,2025-04-30,25350.00,PE,NIFTY2543025350PE,0.00,0.00,0.00,1989.55,0.00,1989.55,23250.10,1981.85,0,0,0,0.00,0,F1,75,,,,,
2025-04-03,2025-04-03,FO,NSE,IDO,61466,,NIFTY,,2025-05-29,2025-05-29,21650.00,PE,NIFTY25MAY21650PE,0.00,0.00,0.00,78.25,78.25,78.25,23250.10,29.15,1500,0,0,0.00,0,F1,75,,,,,
2025-04-03,2025-04-03,FO,NSE,IDO,61496,,NIFTY,,2025-05-29,2025-05-29,22250.00,PE,NIFTY25MAY22250PE,129.00,130.00,129.00,130.00,130.00,121.00,23250.10,90.70,3975,-225,3,5035350.00,3,F1,75,,,,,
2025-04-03,2025-04-03,FO,NSE,IDO,61502,,NIFTY,,2025-05-29,2025-05-29,22400.00,PE,NIFTY25MAY22400PE,167.55,168.10,143.75,158.90,160.20,140.65,23250.10,158.90,106125,600,405,685073043.75,239,F1,75,,,,,
2025-04-03,2025-04-03,FO,NSE,IDO,61518,,NIFTY,,2025-05-29,2025-05-29,22800.00,PE,NIFTY25MAY22800PE,263.40,275.00,227.00,248.70,250.35,222.05,23250.10,248.70,135900,20175,1189,2054866196.25,827,F1,75,,,,,
2025-04-03,2025-04-03,FO,NSE,IDO,61558,,NIFTY,,2025-05-29,2025-05-29,23800.00,PE,NIFTY25MAY23800PE,669.00,676.55,607.55,651.80,650.40,590.85,23250.10,651.80,70425,-6450,357,654303667.50,220,F1,75,,,,,
2025-04-03,2025-04-03,FO,NSE,IDO,61690,,NIFTY,,2025-05-29,2025-05-29,24650.00,PE,NIFTY25MAY24650PE,0.00,0.00,0.00,1002.55,1002.55,1002.55,23250.10,1271.80,450,0,0,0.00,0,F1,75,,,,,
2025-04-03,2025-04-03,FO,NSE,IDO,61756,,NIFTY,,2025-05-29,2025-05-29,25000.00,PE,NIFTY25MAY25000PE,1575.00,1586.35,1501.75,1561.40,1561.00,1468.80,23250.10,1561.40,141675,-2700,177,352223448.75,158,F1,75,,,,,
2025-04-03,2025-04-03,FO,NSE,IDO,61760,,NIFTY,,2025-05-29,2025-05-29,25100.00,PE,NIFTY25MAY25100PE,0.00,0.00,0.00,1191.20,1191.20,1191.20,23250.10,1659.70,75,0,0,0.00,0,F1,75,,,,,
2025-04-03,2025-04-03,FO,NSE,IDO,61762,,NIFTY,,2025-05-29,2025-05-29,25150.00,PE,NIFTY25MAY25150PE,0.00,0.00,0.00,1243.20,1243.30,1243.20,23250.10,1704.65,150,0,0,0.00,0,F1,75,,,,,
2025-04-03,2025-04-03,FO,NSE,IDO,58619,,NIFTY,,2025-06-26,2025-06-26,22000.00,PE,NIFTY25JUN22000PE,161.15,170.15,145.85,160.75,160.05,146.50,23250.10,160.75,1438750,14800,4274,7102012590.00,2461,F1,75,,,,,
2025-04-03,2025-04-03,FO,NSE,IDO,62206,,NIFTY,,2025-06-26,2025-06-26,22650.00,PE,NIFTY25JUN22650PE,0.00,0.00,0.00,239.00,0.00,239.00,23250.10,226.10,0,0,0,0.00,0,F1,75,,,,,
2025-04-03,2025-04-03,FO,NSE,IDO,62210,,NIFTY,,2025-06-26,2025-06-26,22750.00,PE,NIFTY25JUN22750PE,287.20,288.45,287.20,288.45,288.45,285.30,23250.10,253.75,75,-75,2,3455673.75,2,F1,75,,,,,
2025-04-03,2025-04-03,FO,NSE,IDO,37794,,NIFTY,,2025-06-26,2025-06-26,23000.00,PE,NIFTY25JUN23000PE,399.35,399.35,344.00,372.75,375.15,342.40,23250.10,372.75,1507850,109450,5696,9980722113.75,4053,F1,75,,,,,
2025-04-03,2025-04-03,FO,NSE,IDO,62366,,NIFTY,,2025-06-26,2025-06-26,24300.00,PE,NIFTY25JUN24300PE,0.00,0.00,0.00,890.00,0.00,890.00,23250.10,1004.80,0,0,0,0.00,0,F1,75,,,,,
2025-04-03,2025-04-03,FO,NSE,IDO,62376,,NIFTY,,2025-06-26,2025-06-26,24500.00,PE,NIFTY25JUN24500PE,1138.80,1138.80,1070.00,1120.45,1123.65,1049.45,23250.10,1120.45,55275,6975,147,282242073.75,94,F1,75,,,,,
2025-04-03,2025-04-03,FO,NSE,IDO,62382,,NIFTY,,2025-06-26,2025-06-26,24650.00,PE,NIFTY25JUN24650PE,0.00,0.00,0.00,1099.00,0.00,1099.00,23250.10,1255.35,0,0,0,0.00,0,F1,75,,,,,
2025-04-03,2025-04-03,FO,NSE,IDO,62396,,NIFTY,,2025-06-26,2025-06-26,24900.00,PE,NIFTY25JUN24900PE,0.00,0.00,0.00,1422.40,1422.40,1422.40,23250.10,1449.10,75,0,0,0.00,0,F1,75,,,,,
2025-04-03,2025-04-03,FO,NSE,IDO,38151,,NIFTY,,2025-06-26,2025-06-26,29000.00,PE,NIFTY25JUN29000PE,5300.00,5300.00,5220.00,5265.65,5265.00,5192.65,23250.10,5265.65,233925,1350,104,267187245.00,70,F1,75,,,,,
2025-04-03,2025-04-03,FO,NSE,IDO,71403,,NIFTY,,2025-12-24,2025-12-24,26000.00,PE,NIFTY25DEC26000PE,1933.90,1959.20,1879.85,1931.35,1925.00,1871.90,23250.10,1931.35,204000,2400,147,307722585.00,114,F1,75,,,,,
2025-04-03,2025-04-03,FO,NSE,IDO,50972,,NIFTY,,2025-12-24,2025-12-24,27000.00,PE,NIFTY25DEC27000PE,2576.35,2669.60,2576.35,2669.60,2669.60,2603.25,23250.10,2669.60,243850,-225,9,20007952.50,9,F1,75,,,,,
2025-04-03,2025-04-03,FO,NSE,IDO,62933,,NIFTY,,2026-03-26,2026-03-26,28000.00,PE,NIFTY26MAR28000PE,0.00,0.00,0.00,3078.95,0.00,3078.95,23250.10,3330.55,0,0,0,0.00,0,F1,75,,,,,
2025-04-03,2025-04-03,FO,NSE,IDO,58629,,NIFTY,,2026-12-31,2026-12-31,12000.00,PE,NIFTY26DEC12000PE,0.00,0.00,0.00,20.05,20.05,20.05,23250.10,0.05,1025,0,0,0.00,0,F1,75,,,,,
2025-04-03,2025-04-03,FO,NSE,IDO,50976,,NIFTY,,2026-06-25,2026-06-25,27000.00,PE,NIFTY26JUN27000PE,0.00,0.00,0.00,6810.70,0.00,6810.70,23250.10,2405.00,0,0,0,0.00,0,F1,75,,,,,
2025-04-03,2025-04-03,FO,NSE,IDO,37805,,NIFTY,,2026-06-25,2026-06-25,23000.00,PE,NIFTY26JUN23000PE,0.00,0.00,0.00,592.45,467.00,592.45,23250.10,534.15,7650,0,0,0.00,0,F1,75,,,,,
2025-04-03,2025-04-03,FO,NSE,IDO,62925,,NIFTY,,2026-03-26,2026-03-26,24000.00,PE,NIFTY26MAR24000PE,0.00,0.00,0.00,895.25,0.00,895.25,23250.10,866.30,0,0,0,0.00,0,F1,75,,,,,
2025-04-03,2025-04-03,FO,NSE,IDO,58623,,NIFTY,,2025-12-24,2025-12-24,22000.00,PE,NIFTY25DEC22000PE,360.05,372.15,344.10,357.15,360.00,342.40,23250.10,357.15,879300,14450,944,1582725273.75,680,F1,75,,,,,
2025-04-03,2025-04-03,FO,NSE,IDO,45874,,NIFTY,,2025-12-24,2025-12-24,17000.00,PE,NIFTY25DEC17000PE,0.00,0.00,0.00,39.05,39.05,39.05,23250.10,0.40,3750,0,0,0.00,0,F1,75,,,,,
2025-04-03,2025-04-03,FO,NSE,IDO,62408,,NIFTY,,2025-06-26,2025-06-26,25200.00,PE,NIFTY25JUN25200PE,0.00,0.00,0.00,1674.60,1674.60,1674.60,23250.10,1695.45,75,0,0,0.00,0,F1,75,,,,,
2025-04-03,2025-04-03,FO,NSE,IDO,86143,,NIFTY,,2028-06-29,2028-06-29,20000.00,CE,NIFTY28JUN20000CE,0.00,0.00,0.00,5724.65,0.00,5724.65,23250.10,7179.85,0,0,0,0.00,0,F1,75,,,,,
2025-04-03,2025-04-03,FO,NSE,IDO,86149,,NIFTY,,2028-06-29,2028-06-29,23000.00,CE,NIFTY28JUN23000CE,0.00,0.00,0.00,4323.10,0.00,4323.10,23250.10,5090.10,0,0,0,0.00,0,F1,75,,,,,
2025-04-03,2025-04-03,FO,NSE,IDO,89616,,NIFTY,,2029-06-28,2029-06-28,20000.00,CE,NIFTY29JUN20000CE,0.00,0.00,0.00,10410.00,0.00,10410.00,23250.10,8195.45,0,0,0,0.00,0,F1,75,,,,,
2025-04-03,2025-04-03,FO,NSE,IDO,54505,,NIFTY,,2025-04-03,2025-04-03,20850.00,PE,NIFTY2540320850PE,0.55,0.65,0.05,0.10,0.05,0.35,23250.10,23250.10,327300,102675,22963,35909053856.25,3427,F1,75,,,,,
2025-04-03,2025-04-03,FO,NSE,IDO,54513,,NIFTY,,2025-04-03,2025-04-03,20900.00,PE,NIFTY2540320900PE,0.25,0.65,0.05,0.10,0.05,0.35,23250.10,23250.10,476475,-294825,59271,92908661958.75,10837,F1,75,,,,,
2025-04-03,2025-04-03,FO,NSE,IDO,54595,,NIFTY,,2025-04-03,2025-04-03,22400.00,PE,NIFTY2540322400PE,2.00,2.10,0.05,0.05,0.05,2.40,23250.10,23250.10,4529550,-354375,1040177,1747580696707.50,182164,F1,75,,,,,
2025-04-03,2025-04-03,FO,NSE,IDO,54614,,NIFTY,,2025-04-03,2025-04-03,22450.00,PE,NIFTY2540322450PE,2.50,2.85,0.05,0.10,0.05,2.85,23250.10,23250.10,1473450,-416325,592224,997208529862.50,98664,F1,75,,,,,
2025-04-03,2025-04-03,FO,NSE,IDO,54628,,NIFTY,,2025-04-03,2025-04-03,22750.00,PE,NIFTY2540322750PE,6.55,9.10,0.05,0.10,0.05,6.25,23250.10,23250.10,3344175,-28200,1459784,2490946752817.50,288057,F1,75,,,,,
2025-04-03,2025-04-03,FO,NSE,IDO,54635,,NIFTY,,2025-04-03,2025-04-03,22900.00,PE,NIFTY2540322900PE,17.90,18.75,0.05,0.15,0.10,9.60,23250.10,23250.10,9914325,5200575,2498092,4291042218243.75,519155,F1,75,,,,,
2025-04-03,2025-04-03,FO,NSE,IDO,54756,,NIFTY,,2025-04-03,2025-04-03,23700.00,PE,NIFTY2540323700PE,574.60,574.70,399.00,448.85,449.10,394.25,23250.10,23250.10,644550,-477600,14475,26220273577.50,9098,F1,75,,,,,
2025-04-03,2025-04-03,FO,NSE,IDO,54764,,NIFTY,,2025-04-03,2025-04-03,23900.00,PE,NIFTY2540323900PE,715.50,715.90,599.35,648.30,649.80,589.25,23250.10,23250.10,382275,-73125,5060,9306531045.00,2448,F1,75,,,,,
2025-04-03,2025-04-03,FO,NSE,IDO,54840,,NIFTY,,2025-04-03,2025-04-03,24150.00,PE,NIFTY2540324150PE,928.55,928.55,860.00,885.20,885.20,831.20,23250.10,23250.10,10125,-225,6,11266068.75,6,F1,75,,,,,
2025-04-03,2025-04-03,FO,NSE,IDO,43841,,NIFTY,,2025-04-09,2025-04-09,22050.00,PE,NIFTY2540922050PE,8.35,10.20,2.65,3.10,3.55,6.85,23250.10,3.10,164775,92850,12549,20757088995.00,7323,F1,75,,,,,
2025-04-03,2025-04-03,FO,NSE,IDO,54861,,NIFTY,,2025-04-03,2025-04-03,24550.00,PE,NIFTY2540324550PE,1330.00,1330.00,1297.40,1297.40,1297.40,1029.10,23250.10,23250.10,1200,75,5,9702555.00,3,F1,75,,,,,
2025-04-03,2025-04-03,FO,NSE,IDO,54844,,NIFTY,,2025-04-03,2025-04-03,24250.00,PE,NIFTY2540324250PE,1024.15,1024.15,970.60,999.30,999.30,938.05,23250.10,23250.10,9300,-750,146,276458681.25,61,F1,75,,,,,
2025-04-03,2025-04-03,FO,NSE,IDO,51930,,NIFTY,,2025-04-30,2025-04-30,23050.00,PE,NIFTY2543023050PE,229.20,229.20,178.95,204.25,214.20,176.90,23250.10,204.25,4500,2250,100,174355323.75,50,F1,75,,,,,
2025-04-03,2025-04-03,FO,NSE,IDO,51915,,NIFTY,,2025-04-30,2025-04-30,22950.00,PE,NIFTY2543022950PE,163.85,179.60,156.00,174.15,179.60,157.95,23250.10,174.15,5625,450,34,58944157.50,25,F1,75,,,,,
2025-04-03,2025-04-03,FO,NSE,IDO,51836,,NIFTY,,2025-04-30,2025-04-30,21650.00,PE,NIFTY2543021650PE,0.00,0.00,0.00,38.75,0.00,38.75,23250.10,5.05,0,0,0,0.00,0,F1,75,,,,,
2025-04-03,2025-04-03,FO,NSE,IDO,79747,,NIFTY,,2025-04-24,2025-04-24,25400.00,PE,NIFTY25APR25400PE,0.00,0.00,0.00,1984.00,1984.00,1984.00,23250.10,2056.00,4425,0,0,0.00,0,F1,75,,,,,
2025-04-03,2025-04-03,FO,NSE,IDO,79669,,NIFTY,,2025-04-24,2025-04-24,24650.00,PE,NIFTY25APR24650PE,0.00,0.00,0.00,1346.25,1346.25,1346.25,23250.10,1321.05,1950,0,0,0.00,0,F1,75,,,,,
2025-04-03,2025-04-03,FO,NSE,IDO,79637,,NIFTY,,2025-04-24,2025-04-24,24400.00,PE,NIFTY25APR24400PE,1019.70,1019.70,1019.70,1019.70,1019.70,1012.00,23250.10,1086.45,34650,-75,1,1906477.50,1,F1,75,,,,,
2025-04-03,2025-04-03,FO,NSE,IDO,62380,,NIFTY,,2025-06-26,2025-06-26,24600.00,PE,NIFTY25JUN24600PE,0.00,0.00,0.00,1067.70,0.00,1067.70,23250.10,1218.00,0,0,0,0.00,0,F1,75,,,,,
2025-04-03,2025-04-03,FO,NSE,IDO,62298,,NIFTY,,2025-06-26,2025-06-26,23100.00,PE,NIFTY25JUN23100PE,421.50,421.50,386.00,405.30,405.25,369.05,23250.10,405.30,1350,-375,24,42306783.75,13,F1,75,,,,,
2025-04-03,2025-04-03,FO,NSE,IDO,62214,,NIFTY,,2025-06-26,2025-06-26,22800.00,PE,NIFTY25JUN22800PE,307.75,319.70,300.05,314.30,318.30,285.65,23250.10,314.30,15300,825,35,60655537.50,20,F1,75,,,,,
2025-04-03,2025-04-03,FO,NSE,IDO,62198,,NIFTY,,2025-06-26,2025-06-26,22450.00,PE,NIFTY25JUN22450PE,0.00,0.00,0.00,195.25,0.00,195.25,23250.10,177.40,0,0,0,0.00,0,F1,75,,,,,
2025-04-03,2025-04-03,FO,NSE,IDO,62166,,NIFTY,,2025-06-26,2025-06-26,21850.00,PE,NIFTY25JUN21850PE,0.00,0.00,0.00,99.60,0.00,99.60,23250.10,77.70,0,0,0,0.00,0,F1,75,,,,,
2025-04-03,2025-04-03,FO,NSE,IDO,61754,,NIFTY,,2025-05-29,2025-05-29,24950.00,PE,NIFTY25MAY24950PE,0.00,0.00,0.00,1047.85,1047.85,1047.85,23250.10,1526.85,75,0,0,0.00,0,F1,75,,,,,
2025-04-03,2025-04-03,FO,NSE,IDO,61494,,NIFTY,,2025-05-29,2025-05-29,22200.00,PE,NIFTY25MAY22200PE,135.00,137.05,115.10,126.95,127.30,115.00,23250.10,126.95,149250,4050,1387,2322015146.25,963,F1,75,,,,,
2025-04-03,2025-04-03,FO,NSE,IDO,61488,,NIFTY,,2025-05-29,2025-05-29,22050.00,PE,NIFTY25MAY22050PE,91.25,107.10,91.25,107.10,107.10,73.70,23250.10,107.10,1200,-225,5,8306752.50,5,F1,75,,,,,
2025-04-03,2025-04-03,FO,NSE,IDO,61392,,NIFTY,,2025-05-29,2025-05-29,21400.00,PE,NIFTY25MAY21400PE,54.75,56.45,51.20,55.80,55.55,51.45,23250.10,55.80,51150,-16875,558,897868413.75,352,F1,75,,,,,
2025-04-03,2025-04-03,FO,NSE,IDO,79518,,NIFTY,,2025-04-24,2025-04-24,23900.00,PE,NIFTY25APR23900PE,668.50,684.00,576.00,636.05,639.95,561.35,23250.10,636.05,297300,2025,688,1265142341.25,394,F1,75,,,,,
2025-04-03,2025-04-03,FO,NSE,IDO,79500,,NIFTY,,2025-04-24,2025-04-24,23450.00,PE,NIFTY25APR23450PE,371.45,373.00,296.85,339.05,339.55,291.80,23250.10,339.05,109200,-1350,1443,2573258197.50,1171,F1,75,,,,,
2025-04-03,2025-04-03,FO,NSE,IDO,79433,,NIFTY,,2025-04-24,2025-04-24,23000.00,PE,NIFTY25APR23000PE,175.00,188.80,138.30,157.40,160.45,137.25,23250.10,157.40,3748575,279375,63327,109976968098.75,33336,F1,75,,,,,
2025-04-03,2025-04-03,FO,NSE,IDO,79372,,NIFTY,,2025-04-24,2025-04-24,22200.00,PE,NIFTY25APR22200PE,47.80,56.05,34.25,37.05,38.00,37.45,23250.10,37.05,681075,48900,9760,16278826282.50,5212,F1,75,,,,,
2025-04-03,2025-04-03,FO,NSE,IDO,79282,,NIFTY,,2025-04-24,2025-04-24,21950.00,PE,NIFTY25APR21950PE,32.00,32.45,24.15,25.50,24.90,26.75,23250.10,25.50,93375,21525,1813,2988170767.50,1014,F1,75,,,,,
2025-04-03,2025-04-03,FO,NSE,IDO,79271,,NIFTY,,2025-04-24,2025-04-24,21850.00,PE,NIFTY25APR21850PE,28.05,28.05,20.15,21.85,21.30,23.45,23250.10,21.85,24750,8850,507,831699108.75,306,F1,75,,,,,
2025-04-03,2025-04-03,FO,NSE,IDO,79216,,NIFTY,,2025-04-24,2025-04-24,20650.00,PE,NIFTY25APR20650PE,9.00,9.00,6.35,7.20,7.40,8.25,23250.10,7.20,4050,-7875,255,395075463.75,219,F1,75,,,,,
2025-04-03,2025-04-03,FO,NSE,IDO,48400,,NIFTY,,2025-04-17,2025-04-17,25050.00,PE,NIFTY2541725050PE,0.00,0.00,0.00,1758.75,1758.75,1758.75,23250.10,1738.05,75,0,0,0.00,0,F1,75,,,,,
2025-04-03,2025-04-03,FO,NSE,IDO,48375,,NIFTY,,2025-04-17,2025-04-17,24850.00,PE,NIFTY2541724850PE,0.00,0.00,0.00,1555.80,1555.80,1555.80,23250.10,1539.40,75,0,0,0.00,0,F1,75,,,,,
2025-04-03,2025-04-03,FO,NSE,IDO,48353,,NIFTY,,2025-04-17,2025-04-17,24700.00,PE,NIFTY2541724700PE,0.00,0.00,0.00,1406.65,1406.65,1406.65,23250.10,1391.15,75,0,0,0.00,0,F1,75,,,,,
2025-04-03,2025-04-03,FO,NSE,IDO,48338,,NIFTY,,2025-04-17,2025-04-17,24500.00,PE,NIFTY2541724500PE,1150.00,1220.00,1150.00,1216.25,1218.70,1157.50,23250.10,1216.25,11625,300,23,44283581.25,14,F1,75,,,,,
2025-04-03,2025-04-03,FO,NSE,IDO,48266,,NIFTY,,2025-04-17,2025-04-17,23500.00,PE,NIFTY2541723500PE,350.25,375.00,294.85,343.25,346.85,286.85,23250.10,343.25,139725,52200,2400,4287543172.50,1542,F1,75,,,,,
2025-04-03,2025-04-03,FO,NSE,IDO,48097,,NIFTY,,2025-04-17,2025-04-17,21350.00,PE,NIFTY2541721350PE,0.00,0.00,0.00,6.25,6.25,6.25,23250.10,0.05,1125,0,0,0.00,0,F1,75,,,,,
2025-04-03,2025-04-03,FO,NSE,IDO,48031,,NIFTY,,2025-04-17,2025-04-17,20850.00,PE,NIFTY2541720850PE,2.60,2.65,1.65,2.05,2.00,8.05,23250.10,2.05,20475,19875,412,644330696.25,46,F1,75,,,,,
2025-04-03,2025-04-03,FO,NSE,IDO,48027,,NIFTY,,2025-04-17,2025-04-17,20750.00,PE,NIFTY2541720750PE,5.70,5.70,1.80,1.95,1.80,7.80,23250.10,1.95,19050,18300,411,639699330.00,56,F1,75,,,,,
2025-04-03,2025-04-03,FO,NSE,IDO,43865,,NIFTY,,2025-04-09,2025-04-09,22650.00,PE,NIFTY2540922650PE,38.65,43.55,14.05,19.30,20.00,24.90,23250.10,19.30,619725,332175,44677,75966422351.25,24896,F1,75,,,,,
2025-04-03,2025-04-03,FO,NSE,IDO,61388,,NIFTY,,2025-05-29,2025-05-29,21350.00,PE,NIFTY25MAY21350PE,0.00,0.00,0.00,119.65,119.65,119.65,23250.10,15.05,375,0,0,0.00,0,F1,75,,,,,
2025-04-03,2025-04-03,FO,NSE,IDO,54488,,NIFTY,,2025-04-03,2025-04-03,20700.00,CE,NIFTY2540320700CE,0.00,0.00,0.00,3024.70,3024.70,3024.70,23250.10,23250.10,600,0,0,0.00,0,F1,75,,,,,
2025-04-03,2025-04-03,FO,NSE,IDO,54498,,NIFTY,,2025-04-03,2025-04-03,20800.00,CE,NIFTY2540320800CE,0.00,0.00,0.00,2921.75,2921.75,2921.75,23250.10,23250.10,750,0,0,0.00,0,F1,75,,,,,
2025-04-03,2025-04-03,FO,NSE,IDO,54540,,NIFTY,,2025-04-03,2025-04-03,21300.00,CE,NIFTY2540321300CE,1950.00,1950.00,1950.00,1950.00,1950.00,2275.00,23250.10,23250.10,675,0,1,1743750.00,1,F1,75,,,,,
2025-04-03,2025-04-03,FO,NSE,IDO,54578,,NIFTY,,2025-04-03,2025-04-03,22000.00,CE,NIFTY2540322000CE,1200.00,1300.30,1178.45,1250.20,1247.40,1316.15,23250.10,23250.10,71475,-55950,1330,2319703038.75,816,F1,75,,,,,
2025-04-03,2025-04-03,FO,NSE,IDO,54619,,NIFTY,,2025-04-03,2025-04-03,22550.00,CE,NIFTY2540322550CE,640.00,749.60,640.00,701.70,701.30,766.45,23250.10,23250.10,1129500,150,280,488137781.25,196,F1,75,,,,,
2025-04-03,2025-04-03,FO,NSE,IDO,54621,,NIFTY,,2025-04-03,2025-04-03,22600.00,CE,NIFTY2540322600CE,552.55,700.05,552.55,649.60,648.95,714.55,23250.10,23250.10,457650,-90675,3725,6492736983.75,2316,F1,75,,,,,
2025-04-03,2025-04-03,FO,NSE,IDO,54625,,NIFTY,,2025-04-03,2025-04-03,22700.00,CE,NIFTY2540322700CE,494.00,603.50,479.55,550.70,550.35,618.25,23250.10,23250.10,811350,-35400,1719,2996984328.75,1101,F1,75,,,,,
2025-04-03,2025-04-03,FO,NSE,IDO,54874,,NIFTY,,2025-04-03,2025-04-03,24900.00,CE,NIFTY2540324900CE,0.65,0.90,0.05,0.05,0.05,0.80,23250.10,23250.10,891150,-682350,127949,238948469827.50,26157,F1,75,,,,,
2025-04-03,2025-04-03,FO,NSE,IDO,43814,,NIFTY,,2025-04-09,2025-04-09,21400.00,CE,NIFTY2540921400CE,1875.00,1875.00,1875.00,1875.00,1875.00,2360.55,23250.10,1872.95,225,0,1,1745625.00,1,F1,75,,,,,
2025-04-03,2025-04-03,FO,NSE,IDO,43884,,NIFTY,,2025-04-09,2025-04-09,23000.00,CE,NIFTY2540923000CE,283.60,384.20,283.60,316.75,315.00,414.55,23250.10,316.75,1382475,1039125,47891,83829256203.75,31388,F1,75,,,,,
2025-04-03,2025-04-03,FO,NSE,IDO,43930,,NIFTY,,2025-04-09,2025-04-09,23900.00,CE,NIFTY2540923900CE,17.95,17.95,7.15,7.65,8.05,24.10,23250.10,7.65,2980425,1779750,165915,297524139660.00,67541,F1,75,,,,,
2025-04-03,2025-04-03,FO,NSE,IDO,43950,,NIFTY,,2025-04-09,2025-04-09,24400.00,CE,NIFTY2540924400CE,4.70,4.70,1.45,1.60,1.55,5.20,23250.10,1.60,1425975,867375,72353,132418557780.00,19811,F1,75,,,,,
2025-04-03,2025-04-03,FO,NSE,IDO,43986,,NIFTY,,2025-04-09,2025-04-09,25050.00,CE,NIFTY2540925050CE,1.85,1.90,1.00,1.10,1.05,1.85,23250.10,1.10,77925,27975,3596,6756358035.00,1367,F1,75,,,,,
2025-04-03,2025-04-03,FO,NSE,IDO,43988,,NIFTY,,2025-04-09,2025-04-09,25100.00,CE,NIFTY2540925100CE,1.55,1.90,0.95,1.05,0.95,1.90,23250.10,1.05,305025,128475,10824,20377337981.25,3674,F1,75,,,,,
2025-04-03,2025-04-03,FO,NSE,IDO,43992,,NIFTY,,2025-04-09,2025-04-09,25200.00,CE,NIFTY2540925200CE,1.65,1.65,0.95,1.05,0.95,1.65,23250.10,1.05,2179575,433950,55861,105582926298.75,11709,F1,75,,,,,
2025-04-03,2025-04-03,FO,NSE,IDO,48018,,NIFTY,,2025-04-17,2025-04-17,20700.00,CE,NIFTY2541720700CE,0.00,0.00,0.00,1841.20,0.00,1841.20,23250.10,2601.65,0,0,0,0.00,0,F1,75,,,,,
2025-04-03,2025-04-03,FO,NSE,IDO,48028,,NIFTY,,2025-04-17,2025-04-17,20800.00,CE,NIFTY2541720800CE,0.00,0.00,0.00,1745.90,0.00,1745.90,23250.10,2501.90,0,0,0,0.00,0,F1,75,,,,,
2025-04-03,2025-04-03,FO,NSE,IDO,48032,,NIFTY,,2025-04-17,2025-04-17,20900.00,CE,NIFTY2541720900CE,0.00,0.00,0.00,1651.55,0.00,1651.55,23250.10,2402.15,0,0,0,0.00,0,F1,75,,,,,
2025-04-03,2025-04-03,FO,NSE,IDO,48086,,NIFTY,,2025-04-17,2025-04-17,21200.00,CE,NIFTY2541721200CE,0.00,0.00,0.00,1376.20,0.00,1376.20,23250.10,2102.90,0,0,0,0.00,0,F1,75,,,,,
2025-04-03,2025-04-03,FO,NSE,IDO,48120,,NIFTY,,2025-04-17,2025-04-17,21950.00,CE,NIFTY2541721950CE,0.00,0.00,0.00,1360.05,1360.05,1360.05,23250.10,1356.80,75,0,0,0.00,0,F1,75,,,,,
2025-04-03,2025-04-03,FO,NSE,IDO,48152,,NIFTY,,2025-04-17,2025-04-17,22300.00,CE,NIFTY2541722300CE,0.00,0.00,0.00,1000.75,1000.75,1000.75,23250.10,1016.30,75,0,0,0.00,0,F1,75,,,,,
2025-04-03,2025-04-03,FO,NSE,IDO,48156,,NIFTY,,2025-04-17,2025-04-17,22350.00,CE,NIFTY2541722350CE,0.00,0.00,0.00,956.05,956.05,956.05,23250.10,968.90,75,0,0,0.00,0,F1,75,,,,,
2025-04-03,2025-04-03,FO,NSE,IDO,48241,,NIFTY,,2025-04-17,2025-04-17,23350.00,CE,NIFTY2541723350CE,230.00,230.00,177.65,188.25,189.40,256.95,23250.10,188.25,32025,11625,810,1430715873.75,484,F1,75,,,,,
2025-04-03,2025-04-03,FO,NSE,IDO,48296,,NIFTY,,2025-04-17,2025-04-17,23950.00,CE,NIFTY2541723950CE,40.00,41.65,27.90,29.20,28.30,53.50,23250.10,29.20,37200,-25500,1147,2063129355.00,765,F1,75,,,,,
2025-04-03,2025-04-03,FO,NSE,IDO,48324,,NIFTY,,2025-04-17,2025-04-17,24200.00,CE,NIFTY2541724200CE,20.00,20.00,11.20,13.15,11.90,26.75,23250.10,13.15,243150,80100,7571,13749834007.50,4847,F1,75,,,,,
2025-04-03,2025-04-03,FO,NSE,IDO,79202,,NIFTY,,2025-04-24,2025-04-24,20450.00,CE,NIFTY25APR20450CE,2853.60,2876.00,2853.60,2876.00,2876.00,2864.65,23250.10,2876.00,1425,0,2,3497220.00,2,F1,75,,,,,
2025-04-03,2025-04-03,FO,NSE,IDO,79206,,NIFTY,,2025-04-24,2025-04-24,20500.00,CE,NIFTY25APR20500CE,2794.95,2893.30,2792.55,2807.70,2804.00,2916.90,23250.10,2807.70,851400,-40650,875,1531620078.75,781,F1,75,,,,,
2025-04-03,2025-04-03,FO,NSE,IDO,79213,,NIFTY,,2025-04-24,2025-04-24,20600.00,CE,NIFTY25APR20600CE,0.00,0.00,0.00,2171.40,2171.40,2171.40,23250.10,2727.00,750,0,0,0.00,0,F1,75,,,,,
2025-04-03,2025-04-03,FO,NSE,IDO,79217,,NIFTY,,2025-04-24,2025-04-24,20700.00,CE,NIFTY25APR20700CE,0.00,0.00,0.00,2617.70,2617.70,2617.70,23250.10,2627.40,750,0,0,0.00,0,F1,75,,,,,
2025-04-03,2025-04-03,FO,NSE,IDO,79270,,NIFTY,,2025-04-24,2025-04-24,21850.00,CE,NIFTY25APR21850CE,0.00,0.00,0.00,1480.10,1480.10,1480.10,23250.10,1486.65,1800,0,0,0.00,0,F1,75,,,,,
2025-04-03,2025-04-03,FO,NSE,IDO,79279,,NIFTY,,2025-04-24,2025-04-24,21950.00,CE,NIFTY25APR21950CE,0.00,0.00,0.00,1376.95,1376.95,1376.95,23250.10,1389.40,4275,0,0,0.00,0,F1,75,,,,,
2025-04-03,2025-04-03,FO,NSE,IDO,79283,,NIFTY,,2025-04-24,2025-04-24,22000.00,CE,NIFTY25APR22000CE,1319.95,1420.00,1312.00,1340.10,1335.15,1452.60,23250.10,1340.10,761925,-127950,3969,6955965562.50,2811,F1,75,,,,,
2025-04-03,2025-04-03,FO,NSE,IDO,79287,,NIFTY,,2025-04-24,2025-04-24,22050.00,CE,NIFTY25APR22050CE,0.00,0.00,0.00,1287.90,1287.90,1287.90,23250.10,1293.05,2325,0,0,0.00,0,F1,75,,,,,
2025-04-03,2025-04-03,FO,NSE,IDO,79379,,NIFTY,,2025-04-24,2025-04-24,22250.00,CE,NIFTY25APR22250CE,0.00,0.00,0.00,1099.95,1099.95,1099.95,23250.10,1104.25,1275,0,0,0.00,0,F1,75,,,,,
2025-04-03,2025-04-03,FO,NSE,IDO,79411,,NIFTY,,2025-04-24,2025-04-24,22800.00,CE,NIFTY25APR22800CE,619.00,694.50,609.45,623.40,627.25,725.45,23250.10,623.40,265125,113925,3552,6246953471.25,1959,F1,75,,,,,
2025-04-03,2025-04-03,FO,NSE,IDO,79490,,NIFTY,,2025-04-24,2025-04-24,23450.00,CE,NIFTY25APR23450CE,221.95,250.15,201.35,210.10,209.30,276.45,23250.10,210.10,132600,13800,3114,5529021686.25,2413,F1,75,,,,,
2025-04-03,2025-04-03,FO,NSE,IDO,79513,,NIFTY,,2025-04-24,2025-04-24,23800.00,CE,NIFTY25APR23800CE,92.65,108.20,84.45,86.90,86.65,129.10,23250.10,86.90,1975275,115575,26154,46870922486.25,17287,F1,75,,,,,
2025-04-03,2025-04-03,FO,NSE,IDO,79537,,NIFTY,,2025-04-24,2025-04-24,24050.00,CE,NIFTY25APR24050CE,47.75,55.35,41.70,42.95,41.70,70.25,23250.10,42.95,108150,31575,3218,5815852875.00,2173,F1,75,,,,,
2025-04-03,2025-04-03,FO,NSE,IDO,51824,,NIFTY,,2025-04-30,2025-04-30,21400.00,CE,NIFTY2543021400CE,0.00,0.00,0.00,1986.85,0.00,1986.85,23250.10,1954.70,0,0,0,0.00,0,F1,75,,,,,
2025-04-03,2025-04-03,FO,NSE,IDO,51882,,NIFTY,,2025-04-30,2025-04-30,22500.00,CE,NIFTY2543022500CE,888.30,950.00,888.30,930.95,916.90,888.30,23250.10,930.95,2100,450,8,14054415.00,7,F1,75,,,,,
2025-04-03,2025-04-03,FO,NSE,IDO,51902,,NIFTY,,2025-04-30,2025-04-30,22750.00,CE,NIFTY2543022750CE,0.00,0.00,0.00,858.25,0.00,858.25,23250.10,720.15,0,0,0,0.00,0,F1,75,,,,,
2025-04-03,2025-04-03,FO,NSE,IDO,51946,,NIFTY,,2025-04-30,2025-04-30,23450.00,CE,NIFTY2543023450CE,278.00,315.50,273.95,275.00,273.95,336.90,23250.10,275.00,7725,900,123,219040050.00,66,F1,75,,,,,
2025-04-03,2025-04-03,FO,NSE,IDO,51988,,NIFTY,,2025-04-30,2025-04-30,24200.00,CE,NIFTY2543024200CE,40.50,54.90,34.80,46.20,47.05,68.80,23250.10,46.20,487500,45675,4195,7629283005.00,2753,F1,75,,,,,
2025-04-03,2025-04-03,FO,NSE,IDO,52038,,NIFTY,,2025-04-30,2025-04-30,24850.00,CE,NIFTY2543024850CE,19.55,19.55,12.60,14.80,13.65,13.25,23250.10,14.80,2775,2625,77,143588418.75,28,F1,75,,,,,
2025-04-03,2025-04-03,FO,NSE,IDO,52043,,NIFTY,,2025-04-30,2025-04-30,24950.00,CE,NIFTY2543024950CE,16.95,17.00,11.60,12.20,11.60,17.00,23250.10,12.20,7500,1275,65,121693443.75,26,F1,75,,,,,
2025-04-03,2025-04-03,FO,NSE,IDO,52046,,NIFTY,,2025-04-30,2025-04-30,25000.00,CE,NIFTY2543025000CE,12.95,14.45,10.20,11.50,11.55,16.35,23250.10,11.50,380775,42450,2967,5565887790.00,1616,F1,75,,,,,
2025-04-03,2025-04-03,FO,NSE,IDO,61341,,NIFTY,,2025-05-29,2025-05-29,20800.00,CE,NIFTY25MAY20800CE,0.00,0.00,0.00,2848.20,2848.10,2848.20,23250.10,2660.20,750,0,0,0.00,0,F1,75,,,,,
2025-04-03,2025-04-03,FO,NSE,IDO,61389,,NIFTY,,2025-05-29,2025-05-29,21400.00,CE,NIFTY25MAY21400CE,0.00,0.00,0.00,1818.75,1819.05,1818.75,23250.10,2079.30,975,0,0,0.00,0,F1,75,,,,,
2025-04-03,2025-04-03,FO,NSE,IDO,61397,,NIFTY,,2025-05-29,2025-05-29,21550.00,CE,NIFTY25MAY21550CE,0.00,0.00,0.00,2134.65,2134.65,2134.65,23250.10,1937.50,750,0,0,0.00,0,F1,75,,,,,
2025-04-03,2025-04-03,FO,NSE,IDO,61497,,NIFTY,,2025-05-29,2025-05-29,22300.00,CE,NIFTY25MAY22300CE,1320.00,1320.00,1320.00,1320.00,1320.00,1320.00,23250.10,1270.05,6000,0,1,1771500.00,1,F1,75,,,,,
2025-04-03,2025-04-03,FO,NSE,IDO,61679,,NIFTY,,2025-05-29,2025-05-29,24400.00,CE,NIFTY25MAY24400CE,121.05,136.35,120.15,123.65,122.00,151.80,23250.10,123.65,97275,14625,1031,1896589357.50,703,F1,75,,,,,
2025-04-03,2025-04-03,FO,NSE,IDO,55119,,NIFTY,,2025-06-26,2025-06-26,18000.00,CE,NIFTY25JUN18000CE,5389.05,5485.00,5389.05,5449.85,5445.00,5521.95,23250.10,5449.85,65950,-150,12,21110482.50,12,F1,75,,,,,
2025-04-03,2025-04-03,FO,NSE,IDO,38373,,NIFTY,,2025-06-26,2025-06-26,20000.00,CE,NIFTY25JUN20000CE,3533.15,3568.60,3494.00,3500.95,3501.85,3604.75,23250.10,3500.95,475425,3300,127,224193427.50,121,F1,75,,,,,
2025-04-03,2025-04-03,FO,NSE,IDO,51449,,NIFTY,,2025-06-26,2025-06-26,21000.00,CE,NIFTY25JUN21000CE,2577.65,2629.05,2555.65,2579.15,2565.75,2663.15,23250.10,2579.15,232650,-3225,88,155675527.50,49,F1,75,,,,,
2025-04-03,2025-04-03,FO,NSE,IDO,62157,,NIFTY,,2025-06-26,2025-06-26,21700.00,CE,NIFTY25JUN21700CE,0.00,0.00,0.00,2365.55,0.00,2365.55,23250.10,1933.95,0,0,0,0.00,0,F1,75,,,,,
2025-04-03,2025-04-03,FO,NSE,IDO,62165,,NIFTY,,2025-06-26,2025-06-26,21850.00,CE,NIFTY25JUN21850CE,0.00,0.00,0.00,1814.55,1814.55,1814.55,23250.10,1802.25,75,0,0,0.00,0,F1,75,,,,,
2025-04-03,2025-04-03,FO,NSE,IDO,62201,,NIFTY,,2025-06-26,2025-06-26,22550.00,CE,NIFTY25JUN22550CE,0.00,0.00,0.00,1258.35,1258.35,1258.35,23250.10,1235.55,75,0,0,0.00,0,F1,75,,,,,
2025-04-03,2025-04-03,FO,NSE,IDO,62205,,NIFTY,,2025-06-26,2025-06-26,22650.00,CE,NIFTY25JUN22650CE,0.00,0.00,0.00,1184.15,1184.15,1184.15,23250.10,1162.45,75,0,0,0.00,0,F1,75,,,,,
2025-04-03,2025-04-03,FO,NSE,IDO,62207,,NIFTY,,2025-06-26,2025-06-26,22700.00,CE,NIFTY25JUN22700CE,0.00,0.00,0.00,1147.35,1147.35,1147.35,23250.10,1126.75,75,0,0,0.00,0,F1,75,,,,,
2025-04-03,2025-04-03,FO,NSE,IDO,62299,,NIFTY,,2025-06-26,2025-06-26,23150.00,CE,NIFTY25JUN23150CE,0.00,0.00,0.00,838.65,838.65,838.65,23250.10,832.35,75,0,0,0.00,0,F1,75,,,,,
2025-04-03,2025-04-03,FO,NSE,IDO,62353,,NIFTY,,2025-06-26,2025-06-26,24100.00,CE,NIFTY25JUN24100CE,351.10,351.10,351.10,351.10,351.10,368.85,23250.10,381.70,5925,-75,1,1833832.50,1,F1,75,,,,,
2025-04-03,2025-04-03,FO,NSE,IDO,62381,,NIFTY,,2025-06-26,2025-06-26,24650.00,CE,NIFTY25JUN24650CE,0.00,0.00,0.00,195.85,195.85,195.85,23250.10,221.45,11400,0,0,0.00,0,F1,75,,,,,
2025-04-03,2025-04-03,FO,NSE,IDO,62383,,NIFTY,,2025-06-26,2025-06-26,24700.00,CE,NIFTY25JUN24700CE,145.10,167.60,145.05,156.50,155.70,178.95,23250.10,156.50,10050,-2850,92,171522063.75,40,F1,75,,,,,
2025-04-03,2025-04-03,FO,NSE,IDO,64694,,NIFTY,,2025-09-25,2025-09-25,25000.00,CE,NIFTY25SEP25000CE,385.00,385.70,347.75,374.70,362.50,391.40,23250.10,374.70,400425,8325,1107,2106684097.50,689,F1,75,,,,,
2025-04-03,2025-04-03,FO,NSE,IDO,62924,,NIFTY,,2026-03-26,2026-03-26,24000.00,CE,NIFTY26MAR24000CE,0.00,0.00,0.00,2170.10,0.00,2170.10,23250.10,1594.75,0,0,0,0.00,0,F1,75,,,,,
2025-04-03,2025-04-03,FO,NSE,IDO,62932,,NIFTY,,2026-03-26,2026-03-26,28000.00,CE,NIFTY26MAR28000CE,0.00,0.00,0.00,634.25,0.00,634.25,23250.10,305.35,0,0,0,0.00,0,F1,75,,,,,
2025-04-03,2025-04-03,FO,NSE,IDO,58624,,NIFTY,,2026-06-25,2026-06-25,12000.00,CE,NIFTY26JUN12000CE,0.00,0.00,0.00,8690.00,8690.00,8690.00,23250.10,12170.30,50,0,0,0.00,0,F1,75,,,,,
2025-04-03,2025-04-03,FO,NSE,IDO,71476,,NIFTY,,2026-06-25,2026-06-25,26000.00,CE,NIFTY26JUN26000CE,0.00,0.00,0.00,900.05,900.05,900.05,23250.10,1036.95,1750,0,0,0.00,0,F1,75,,,,,
2025-04-03,2025-04-03,FO,NSE,IDO,50973,,NIFTY,,2026-06-25,2026-06-25,27000.00,CE,NIFTY26JUN27000CE,0.00,0.00,0.00,1352.80,0.00,1352.80,23250.10,725.45,0,0,0,0.00,0,F1,75,,,,,
2025-04-03,2025-04-03,FO,NSE,IDO,37806,,NIFTY,,2026-12-31,2026-12-31,23000.00,CE,NIFTY26DEC23000CE,0.00,0.00,0.00,3574.95,3574.95,3574.95,23250.10,3252.80,4500,0,0,0.00,0,F1,75,,,,,
2025-04-03,2025-04-03,FO,NSE,IDO,71545,,NIFTY,,2027-06-24,2027-06-24,17000.00,CE,NIFTY27JUN17000CE,0.00,0.00,0.00,4464.70,0.00,4464.70,23250.10,8551.60,0,0,0,0.00,0,F1,75,,,,,
2025-04-03,2025-04-03,FO,NSE,IDO,53624,,NIFTY,,2027-12-30,2027-12-30,24000.00,CE,NIFTY27DEC24000CE,0.00,0.00,0.00,3778.95,0.00,3778.95,23250.10,3881.45,0,0,0,0.00,0,F1,75,,,,,
2025-04-03,2025-04-03,FO,NSE,IDO,61330,,NIFTY,,2025-05-29,2025-05-29,20500.00,PE,NIFTY25MAY20500PE,32.05,37.75,30.05,31.45,31.35,30.80,23250.10,31.45,841350,26250,1656,2550038872.50,708,F1,75,,,,,
2025-04-03,2025-04-03,FO,NSE,IDO,51963,,NIFTY,,2025-04-30,2025-04-30,23750.00,PE,NIFTY2543023750PE,500.00,500.00,476.60,476.60,476.60,570.00,23250.10,564.55,675,-75,3,5453557.50,3,F1,75,,,,,
2025-04-03,2025-04-03,FO,NSE,IDO,51940,,NIFTY,,2025-04-30,2025-04-30,23300.00,PE,NIFTY2543023300PE,320.05,322.00,257.35,294.30,297.85,259.90,23250.10,294.30,148575,22350,3210,5677612436.25,1861,F1,75,,,,,
2025-04-03,2025-04-03,FO,NSE,IDO,61747,,NIFTY,,2029-12-27,2029-12-27,23000.00,PE,NIFTY29DEC23000PE,0.00,0.00,0.00,900.00,900.00,900.00,23250.10,385.55,2700,0,0,0.00,0,F1,75,,,,,
2025-04-03,2025-04-03,FO,NSE,IDO,86152,,NIFTY,,2028-06-29,2028-06-29,24000.00,PE,NIFTY28JUN24000PE,0.00,0.00,0.00,1692.75,0.00,1692.75,23250.10,662.30,0,0,0,0.00,0,F1,75,,,,,
2025-04-03,2025-04-03,FO,NSE,IDO,53602,,NIFTY,,2027-12-30,2027-12-30,17000.00,PE,NIFTY27DEC17000PE,0.00,0.00,0.00,180.60,180.60,180.60,23250.10,17.35,14200,0,0,0.00,0,F1,75,,,,,
2025-04-03,2025-04-03,FO,NSE,IDO,50984,,NIFTY,,2027-06-24,2027-06-24,27000.00,PE,NIFTY27JUN27000PE,0.00,0.00,0.00,6273.45,0.00,6273.45,23250.10,1892.45,0,0,0,0.00,0,F1,75,,,,,
2025-04-03,2025-04-03,FO,NSE,IDO,71563,,NIFTY,,2027-06-24,2027-06-24,25000.00,PE,NIFTY27JUN25000PE,0.00,0.00,0.00,5619.05,0.00,5619.05,23250.10,1074.05,0,0,0,0.00,0,F1,75,,,,,
2025-04-03,2025-04-03,FO,NSE,IDO,71559,,NIFTY,,2027-06-24,2027-06-24,23000.00,PE,NIFTY27JUN23000PE,0.00,0.00,0.00,4514.30,0.00,4514.30,23250.10,521.80,0,0,0,0.00,0,F1,75,,,,,
2025-04-03,2025-04-03,FO,NSE,IDO,50546,,NIFTY,,2026-06-25,2026-06-25,28000.00,PE,NIFTY26JUN28000PE,0.00,0.00,0.00,6532.55,0.00,6532.55,23250.10,3096.60,0,0,0,0.00,0,F1,75,,,,,
2025-04-03,2025-04-03,FO,NSE,IDO,58627,,NIFTY,,2026-06-25,2026-06-25,22000.00,PE,NIFTY26JUN22000PE,0.00,0.00,0.00,450.00,450.00,450.00,23250.10,308.25,1350,0,0,0.00,0,F1,75,,,,,
2025-04-03,2025-04-03,FO,NSE,IDO,71475,,NIFTY,,2026-06-25,2026-06-25,25000.00,PE,NIFTY26JUN25000PE,0.00,0.00,0.00,1800.00,1800.00,1800.00,23250.10,1273.45,75,0,0,0.00,0,F1,75,,,,,
2025-04-03,2025-04-03,FO,NSE,IDO,58647,,NIFTY,,2026-12-31,2026-12-31,21000.00,PE,NIFTY26DEC21000PE,0.00,0.00,0.00,420.00,420.00,420.00,23250.10,192.35,3475,0,0,0.00,0,F1,75,,,,,
2025-04-03,2025-04-03,FO,NSE,IDO,71550,,NIFTY,,2027-06-24,2027-06-24,19000.00,PE,NIFTY27JUN19000PE,0.00,0.00,0.00,201.05,201.05,201.05,23250.10,61.75,525,0,0,0.00,0,F1,75,,,,,
2025-04-03,2025-04-03,FO,NSE,IDO,53611,,NIFTY,,2027-12-30,2027-12-30,20000.00,PE,NIFTY27DEC20000PE,0.00,0.00,0.00,400.00,400.00,400.00,23250.10,126.65,4025,0,0,0.00,0,F1,75,,,,,
2025-04-03,2025-04-03,FO,NSE,IDO,53627,,NIFTY,,2027-12-30,2027-12-30,25000.00,PE,NIFTY27DEC25000PE,0.00,0.00,0.00,1546.40,1546.40,1546.40,23250.10,981.70,75,0,0,0.00,0,F1,75,,,,,
2025-04-03,2025-04-03,FO,NSE,IDO,67769,,NIFTY,,2028-12-28,2028-12-28,17000.00,PE,NIFTY28DEC17000PE,0.00,0.00,0.00,66.15,0.00,66.15,23250.10,23.80,0,0,0,0.00,0,F1,75,,,,,
2025-04-03,2025-04-03,FO,NSE,IDO,61745,,NIFTY,,2029-12-27,2029-12-27,22000.00,PE,NIFTY29DEC22000PE,0.00,0.00,0.00,373.65,0.00,373.65,23250.10,275.35,0,0,0,0.00,0,F1,75,,,,,
2025-04-03,2025-04-03,FO,NSE,IDO,48401,,NIFTY,,2025-04-17,2025-04-17,25100.00,CE,NIFTY2541725100CE,5.85,5.85,2.40,2.75,2.40,5.85,23250.10,2.75,8475,3450,297,559183091.25,129,F1,75,,,,,
2025-04-03,2025-04-03,FO,NSE,IDO,64701,,NIFTY,,2025-09-25,2025-09-25,28000.00,PE,NIFTY25SEP28000PE,0.00,0.00,0.00,4400.00,4400.00,4400.00,23250.10,3934.25,75,0,0,0.00,0,F1,75,,,,,
2025-04-03,2025-04-03,FO,NSE,IDO,62936,,NIFTY,,2026-03-26,2026-03-26,29000.00,PE,NIFTY26MAR29000PE,0.00,0.00,0.00,3815.05,0.00,3815.05,23250.10,4147.75,0,0,0,0.00,0,F1,75,,,,,
2025-04-03,2025-04-03,FO,NSE,IDO,54644,,NIFTY,,2025-04-03,2025-04-03,23100.00,CE,NIFTY2540323100CE,110.20,209.25,97.80,150.95,149.80,234.25,23250.10,23250.10,901650,82350,721628,1258840489571.25,430417,F1,75,,,,,
2025-04-03,2025-04-03,FO,NSE,IDO,54665,,NIFTY,,2025-04-03,2025-04-03,23200.00,CE,NIFTY2540323200CE,50.00,115.00,36.50,50.90,50.15,148.15,23250.10,23250.10,6188700,2250150,6542615,11417284927983.75,3300883,F1,75,,,,,
2025-04-03,2025-04-03,FO,NSE,IDO,54854,,NIFTY,,2025-04-03,2025-04-03,24450.00,CE,NIFTY2540324450CE,0.85,0.95,0.05,0.10,0.05,1.05,23250.10,23250.10,583350,-426450,123685,226811914770.00,28760,F1,75,,,,,
2025-04-03,2025-04-03,FO,NSE,IDO,54886,,NIFTY,,2025-04-03,2025-04-03,25200.00,CE,NIFTY2540325200CE,0.55,0.75,0.05,0.10,0.05,0.75,23250.10,23250.10,1018500,-1426425,207362,391919602035.00,38987,F1,75,,,,,
2025-04-03,2025-04-03,FO,NSE,IDO,43820,,NIFTY,,2025-04-09,2025-04-09,21550.00,CE,NIFTY2540921550CE,0.00,0.00,0.00,2210.20,2210.20,2210.20,23250.10,1723.10,225,0,0,0.00,0,F1,75,,,,,
2025-04-03,2025-04-03,FO,NSE,IDO,43836,,NIFTY,,2025-04-09,2025-04-09,21950.00,CE,NIFTY2540921950CE,0.00,0.00,0.00,1285.80,1285.80,1285.80,23250.10,1323.55,375,0,0,0.00,0,F1,75,,,,,
2025-04-03,2025-04-03,FO,NSE,IDO,43840,,NIFTY,,2025-04-09,2025-04-09,22050.00,CE,NIFTY2540922050CE,0.00,0.00,0.00,1306.80,1306.80,1306.80,23250.10,1223.70,600,0,0,0.00,0,F1,75,,,,,
2025-04-03,2025-04-03,FO,NSE,IDO,43856,,NIFTY,,2025-04-09,2025-04-09,22450.00,CE,NIFTY2540922450CE,865.00,865.00,814.00,814.00,814.00,917.25,23250.10,814.00,4650,3450,46,80305863.75,30,F1,75,,,,,
2025-04-03,2025-04-03,FO,NSE,IDO,43858,,NIFTY,,2025-04-09,2025-04-09,22500.00,CE,NIFTY2540922500CE,746.95,830.00,730.20,758.20,753.85,866.25,23250.10,758.20,110775,51300,1809,3157521678.75,955,F1,75,,,,,
2025-04-03,2025-04-03,FO,NSE,IDO,43880,,NIFTY,,2025-04-09,2025-04-09,22900.00,CE,NIFTY2540922900CE,390.05,465.40,381.00,391.70,392.15,498.40,23250.10,391.70,148425,73050,4443,7770158276.25,2932,F1,75,,,,,
2025-04-03,2025-04-03,FO,NSE,IDO,43912,,NIFTY,,2025-04-09,2025-04-09,23600.00,CE,NIFTY2540923600CE,47.20,53.30,32.05,34.80,35.00,74.15,23250.10,34.80,3866175,2596200,228597,405304703688.75,112732,F1,75,,,,,
2025-04-03,2025-04-03,FO,NSE,IDO,43969,,NIFTY,,2025-04-09,2025-04-09,24700.00,CE,NIFTY2540924700CE,2.95,2.95,1.05,1.15,1.20,3.00,23250.10,1.15,908175,485025,52335,96956911387.50,11865,F1,75,,,,,
2025-04-03,2025-04-03,FO,NSE,IDO,43974,,NIFTY,,2025-04-09,2025-04-09,24800.00,CE,NIFTY2540924800CE,2.00,2.30,0.95,1.15,1.00,2.55,23250.10,1.15,500625,102000,33509,62330871150.00,9528,F1,75,,,,,
2025-04-03,2025-04-03,FO,NSE,IDO,48094,,NIFTY,,2025-04-17,2025-04-17,21300.00,CE,NIFTY2541721300CE,0.00,0.00,0.00,1287.60,0.00,1287.60,23250.10,2003.20,0,0,0,0.00,0,F1,75,,,,,
2025-04-03,2025-04-03,FO,NSE,IDO,48128,,NIFTY,,2025-04-17,2025-04-17,22050.00,CE,NIFTY2541722050CE,0.00,0.00,0.00,1266.05,1266.05,1266.05,23250.10,1258.40,75,0,0,0.00,0,F1,75,,,,,
2025-04-03,2025-04-03,FO,NSE,IDO,48226,,NIFTY,,2025-04-17,2025-04-17,23150.00,CE,NIFTY2541723150CE,310.20,351.65,286.00,299.30,298.40,381.15,23250.10,299.30,16350,11325,517,909622867.50,307,F1,75,,,,,
2025-04-03,2025-04-03,FO,NSE,IDO,48282,,NIFTY,,2025-04-17,2025-04-17,23700.00,CE,NIFTY2541723700CE,72.05,86.00,63.00,66.60,68.00,106.40,23250.10,66.60,157050,60600,4974,8868331458.75,3005,F1,75,,,,,
2025-04-03,2025-04-03,FO,NSE,IDO,48317,,NIFTY,,2025-04-17,2025-04-17,24100.00,CE,NIFTY2541724100CE,26.75,27.05,15.60,17.85,17.95,35.05,23250.10,17.85,153675,47475,5008,9059409611.25,3010,F1,75,,,,,
2025-04-03,2025-04-03,FO,NSE,IDO,48322,,NIFTY,,2025-04-17,2025-04-17,24150.00,CE,NIFTY2541724150CE,20.00,22.40,14.65,15.25,15.25,31.40,23250.10,15.25,23175,2100,524,949759398.75,302,F1,75,,,,,
2025-04-03,2025-04-03,FO,NSE,IDO,48341,,NIFTY,,2025-04-17,2025-04-17,24600.00,CE,NIFTY2541724600CE,9.55,10.00,4.70,5.30,5.25,11.45,23250.10,5.30,130275,90075,3280,6053168760.00,1980,F1,75,,,,,
2025-04-03,2025-04-03,FO,NSE,IDO,48413,,NIFTY,,2025-04-17,2025-04-17,25250.00,CE,NIFTY2541725250CE,4.85,4.85,2.10,2.20,2.70,4.40,23250.10,2.20,8400,3450,94,178037767.50,47,F1,75,,,,,
2025-04-03,2025-04-03,FO,NSE,IDO,79235,,NIFTY,,2025-04-24,2025-04-24,21150.00,CE,NIFTY25APR21150CE,0.00,0.00,0.00,2163.30,2163.30,2163.30,23250.10,2179.25,1050,0,0,0.00,0,F1,75,,,,,
2025-04-03,2025-04-03,FO,NSE,IDO,79237,,NIFTY,,2025-04-24,2025-04-24,21200.00,CE,NIFTY25APR21200CE,0.00,0.00,0.00,2126.55,2128.00,2126.55,23250.10,2129.50,1050,0,0,0.00,0,F1,75,,,,,
2025-04-03,2025-04-03,FO,NSE,IDO,79266,,NIFTY,,2025-04-24,2025-04-24,21750.00,CE,NIFTY25APR21750CE,0.00,0.00,0.00,1571.50,1571.50,1571.50,23250.10,1584.60,1275,0,0,0.00,0,F1,75,,,,,
2025-04-03,2025-04-03,FO,NSE,IDO,79382,,NIFTY,,2025-04-24,2025-04-24,22300.00,CE,NIFTY25APR22300CE,1036.80,1129.50,1036.80,1059.00,1061.15,1171.65,23250.10,1059.00,97200,-15075,388,680326443.75,325,F1,75,,,,,
2025-04-03,2025-04-03,FO,NSE,IDO,79394,,NIFTY,,2025-04-24,2025-04-24,22550.00,CE,NIFTY25APR22550CE,832.05,888.65,818.50,850.00,850.00,944.30,23250.10,850.00,24825,-375,20,35099812.50,14,F1,75,,,,,
2025-04-03,2025-04-03,FO,NSE,IDO,79444,,NIFTY,,2025-04-24,2025-04-24,23300.00,CE,NIFTY25APR23300CE,270.20,336.20,266.80,287.15,288.25,361.55,23250.10,287.15,1506225,234075,31513,55781628243.75,19167,F1,75,,,,,
2025-04-03,2025-04-03,FO,NSE,IDO,79488,,NIFTY,,2025-04-24,2025-04-24,23400.00,CE,NIFTY25APR23400CE,220.00,278.30,219.40,235.65,234.85,303.20,23250.10,235.65,1729275,-230400,46507,82500211072.50,26355,F1,75,,,,,
2025-04-03,2025-04-03,FO,NSE,IDO,79509,,NIFTY,,2025-04-24,2025-04-24,23700.00,CE,NIFTY25APR23700CE,119.10,140.75,109.40,114.80,114.20,162.75,23250.10,114.80,1618725,115950,18189,32499020625.00,13764,F1,75,,,,,
2025-04-03,2025-04-03,FO,NSE,IDO,79729,,NIFTY,,2025-04-24,2025-04-24,25100.00,CE,NIFTY25APR25100CE,9.50,9.55,5.65,6.65,6.15,10.60,23250.10,6.65,214275,111900,8156,15358443037.50,4214,F1,75,,,,,
2025-04-03,2025-04-03,FO,NSE,IDO,51833,,NIFTY,,2025-04-30,2025-04-30,21600.00,CE,NIFTY2543021600CE,0.00,0.00,0.00,1800.40,0.00,1800.40,23250.10,1757.90,0,0,0,0.00,0,F1,75,,,,,
2025-04-03,2025-04-03,FO,NSE,IDO,51935,,NIFTY,,2025-04-30,2025-04-30,23200.00,CE,NIFTY2543023200CE,409.45,469.80,401.15,419.50,421.90,496.05,23250.10,419.50,73950,7125,1673,2965852691.25,1037,F1,75,,,,,
2025-04-03,2025-04-03,FO,NSE,IDO,51990,,NIFTY,,2025-04-30,2025-04-30,24250.00,CE,NIFTY2543024250CE,56.40,60.80,39.50,41.20,40.45,61.40,23250.10,41.20,8550,-5025,300,546671055.00,162,F1,75,,,,,
2025-04-03,2025-04-03,FO,NSE,IDO,52012,,NIFTY,,2025-04-30,2025-04-30,24550.00,CE,NIFTY2543024550CE,26.70,26.70,19.60,22.45,22.35,29.15,23250.10,22.45,1050,975,46,84771266.25,24,F1,75,,,,,
2025-04-03,2025-04-03,FO,NSE,IDO,52084,,NIFTY,,2025-04-30,2025-04-30,25400.00,CE,NIFTY2543025400CE,8.55,8.75,5.65,6.95,5.80,10.10,23250.10,6.95,112575,6150,1379,2627788537.50,578,F1,75,,,,,
2025-04-03,2025-04-03,FO,NSE,IDO,61489,,NIFTY,,2025-05-29,2025-05-29,22100.00,CE,NIFTY25MAY22100CE,0.00,0.00,0.00,1730.00,1730.00,1730.00,23250.10,1439.25,900,0,0,0.00,0,F1,75,,,,,
2025-04-03,2025-04-03,FO,NSE,IDO,61491,,NIFTY,,2025-05-29,2025-05-29,22150.00,CE,NIFTY25MAY22150CE,0.00,0.00,0.00,1846.10,1846.10,1846.10,23250.10,1396.20,1200,0,0,0.00,0,F1,75,,,,,
2025-04-03,2025-04-03,FO,NSE,IDO,61499,,NIFTY,,2025-05-29,2025-05-29,22350.00,CE,NIFTY25MAY22350CE,0.00,0.00,0.00,1245.75,1245.75,1245.75,23250.10,1229.05,1275,0,0,0.00,0,F1,75,,,,,
2025-04-03,2025-04-03,FO,NSE,IDO,61517,,NIFTY,,2025-05-29,2025-05-29,22800.00,CE,NIFTY25MAY22800CE,883.95,938.40,883.95,895.15,890.05,958.65,23250.10,895.15,45900,8400,229,407119455.00,208,F1,75,,,,,
2025-04-03,2025-04-03,FO,NSE,IDO,61539,,NIFTY,,2025-05-29,2025-05-29,23350.00,CE,NIFTY25MAY23350CE,522.05,567.30,517.00,529.25,529.25,538.55,23250.10,529.25,2700,2325,67,120018161.25,51,F1,75,,,,,
2025-04-03,2025-04-03,FO,NSE,IDO,61665,,NIFTY,,2025-05-29,2025-05-29,24050.00,CE,NIFTY25MAY24050CE,229.70,229.70,216.10,217.95,216.65,242.85,23250.10,217.95,12225,3750,54,98291771.25,21,F1,75,,,,,
2025-04-03,2025-04-03,FO,NSE,IDO,61673,,NIFTY,,2025-05-29,2025-05-29,24250.00,CE,NIFTY25MAY24250CE,162.45,173.60,157.55,164.00,164.00,191.70,23250.10,200.40,14175,1950,89,162973226.25,43,F1,75,,,,,
2025-04-03,2025-04-03,FO,NSE,IDO,61677,,NIFTY,,2025-05-29,2025-05-29,24350.00,CE,NIFTY25MAY24350CE,140.60,147.50,132.60,134.45,136.30,164.90,23250.10,134.45,12675,-975,131,240628387.50,80,F1,75,,,,,
2025-04-03,2025-04-03,FO,NSE,IDO,61685,,NIFTY,,2025-05-29,2025-05-29,24550.00,CE,NIFTY25MAY24550CE,99.05,103.40,96.40,97.75,97.75,119.70,23250.10,97.75,6000,-1575,54,99830317.50,24,F1,75,,,,,
2025-04-03,2025-04-03,FO,NSE,IDO,61687,,NIFTY,,2025-05-29,2025-05-29,24600.00,CE,NIFTY25MAY24600CE,87.80,96.80,85.50,87.05,85.95,110.35,23250.10,87.05,62550,9750,556,1029608250.00,315,F1,75,,,,,
2025-04-03,2025-04-03,FO,NSE,IDO,61727,,NIFTY,,2025-05-29,2025-05-29,24850.00,CE,NIFTY25MAY24850CE,60.60,60.60,56.30,57.50,57.50,71.00,23250.10,86.80,23925,750,23,42967627.50,12,F1,75,,,,,
2025-04-03,2025-04-03,FO,NSE,IDO,62139,,NIFTY,,2025-06-26,2025-06-26,21400.00,CE,NIFTY25JUN21400CE,0.00,0.00,0.00,2633.35,0.00,2633.35,23250.10,2205.45,0,0,0,0.00,0,F1,75,,,,,
2025-04-03,2025-04-03,FO,NSE,IDO,62141,,NIFTY,,2025-06-26,2025-06-26,21450.00,CE,NIFTY25JUN21450CE,0.00,0.00,0.00,2588.15,0.00,2588.15,23250.10,2159.55,0,0,0,0.00,0,F1,75,,,,,
2025-04-03,2025-04-03,FO,NSE,IDO,62167,,NIFTY,,2025-06-26,2025-06-26,21900.00,CE,NIFTY25JUN21900CE,0.00,0.00,0.00,1771.75,1771.75,1771.75,23250.10,1759.00,75,0,0,0.00,0,F1,75,,,,,
2025-04-03,2025-04-03,FO,NSE,IDO,62209,,NIFTY,,2025-06-26,2025-06-26,22750.00,CE,NIFTY25JUN22750CE,0.00,0.00,0.00,1110.50,1110.50,1110.50,23250.10,1091.65,75,0,0,0.00,0,F1,75,,,,,
2025-04-03,2025-04-03,FO,NSE,IDO,62211,,NIFTY,,2025-06-26,2025-06-26,22800.00,CE,NIFTY25JUN22800CE,0.00,0.00,0.00,1110.35,1110.35,1110.35,23250.10,1057.10,225,0,0,0.00,0,F1,75,,,,,
2025-04-03,2025-04-03,FO,NSE,IDO,62361,,NIFTY,,2025-06-26,2025-06-26,24250.00,CE,NIFTY25JUN24250CE,0.00,0.00,0.00,640.85,0.00,640.85,23250.10,331.30,0,0,0,0.00,0,F1,75,,,,,
2025-04-03,2025-04-03,FO,NSE,IDO,50969,,NIFTY,,2025-06-26,2025-06-26,27000.00,CE,NIFTY25JUN27000CE,14.25,17.55,14.25,16.45,15.65,17.30,23250.10,16.45,678775,13950,1447,2931953516.25,781,F1,75,,,,,
2025-04-03,2025-04-03,FO,NSE,IDO,50537,,NIFTY,,2025-06-26,2025-06-26,28000.00,CE,NIFTY25JUN28000CE,11.00,12.80,10.35,11.55,11.35,12.10,23250.10,11.55,194025,-1500,202,424375290.00,117,F1,75,,,,,
2025-04-03,2025-04-03,FO,NSE,IDO,45873,,NIFTY,,2025-12-24,2025-12-24,17000.00,CE,NIFTY25DEC17000CE,0.00,0.00,0.00,7010.00,7010.00,7010.00,23250.10,7034.15,700,0,0,0.00,0,F1,75,,,,,
2025-04-03,2025-04-03,FO,NSE,IDO,35221,,NIFTY,,2025-12-24,2025-12-24,30000.00,CE,NIFTY25DEC30000CE,42.35,43.00,37.05,39.20,38.05,41.85,23250.10,39.20,68925,-300,129,290636362.50,55,F1,75,,,,,
2025-04-03,2025-04-03,FO,NSE,IDO,62912,,NIFTY,,2026-03-26,2026-03-26,18000.00,CE,NIFTY26MAR18000CE,0.00,0.00,0.00,6870.70,0.00,6870.70,23250.10,6365.10,0,0,0,0.00,0,F1,75,,,,,
2025-04-03,2025-04-03,FO,NSE,IDO,51453,,NIFTY,,2026-06-25,2026-06-25,21000.00,CE,NIFTY26JUN21000CE,0.00,0.00,0.00,3881.90,0.00,3881.90,23250.10,4022.10,0,0,0,0.00,0,F1,75,,,,,
2025-04-03,2025-04-03,FO,NSE,IDO,53633,,NIFTY,,2027-12-30,2027-12-30,28000.00,CE,NIFTY27DEC28000CE,0.00,0.00,0.00,2639.20,0.00,2639.20,23250.10,1951.00,0,0,0,0.00,0,F1,75,,,,,
2025-04-03,2025-04-03,FO,NSE,IDO,86141,,NIFTY,,2028-06-29,2028-06-29,19000.00,CE,NIFTY28JUN19000CE,0.00,0.00,0.00,6252.25,0.00,6252.25,23250.10,7935.70,0,0,0,0.00,0,F1,75,,,,,
2025-04-03,2025-04-03,FO,NSE,IDO,86145,,NIFTY,,2028-06-29,2028-06-29,21000.00,CE,NIFTY28JUN21000CE,0.00,0.00,0.00,5226.55,0.00,5226.55,23250.10,6449.65,0,0,0,0.00,0,F1,75,,,,,
2025-04-03,2025-04-03,FO,NSE,IDO,86151,,NIFTY,,2028-06-29,2028-06-29,24000.00,CE,NIFTY28JUN24000CE,0.00,0.00,0.00,3918.85,0.00,3918.85,23250.10,4471.40,0,0,0,0.00,0,F1,75,,,,,
2025-04-03,2025-04-03,FO,NSE,IDO,89612,,NIFTY,,2029-06-28,2029-06-28,18000.00,CE,NIFTY29JUN18000CE,0.00,0.00,0.00,11678.65,0.00,11678.65,23250.10,9631.55,0,0,0,0.00,0,F1,75,,,,,
2025-04-03,2025-04-03,FO,NSE,IDO,61390,,NIFTY,,2029-12-27,2029-12-27,18000.00,CE,NIFTY29DEC18000CE,0.00,0.00,0.00,11362.40,0.00,11362.40,23250.10,10068.35,0,0,0,0.00,0,F1,75,,,,,
2025-04-03,2025-04-03,FO,NSE,IDO,61402,,NIFTY,,2029-12-27,2029-12-27,19000.00,CE,NIFTY29DEC19000CE,0.00,0.00,0.00,10714.60,0.00,10714.60,23250.10,9365.15,0,0,0,0.00,0,F1,75,,,,,
2025-04-03,2025-04-03,FO,NSE,IDO,61748,,NIFTY,,2029-12-27,2029-12-27,24000.00,CE,NIFTY29DEC24000CE,0.00,0.00,0.00,7730.00,0.00,7730.00,23250.10,6134.05,0,0,0,0.00,0,F1,75,,,,,
2025-04-03,2025-04-03,FO,NSE,IDO,61778,,NIFTY,,2029-12-27,2029-12-27,26000.00,CE,NIFTY29DEC26000CE,0.00,0.00,0.00,6686.95,0.00,6686.95,23250.10,5033.35,0,0,0,0.00,0,F1,75,,,,,
2025-04-03,2025-04-03,FO,NSE,IDO,61794,,NIFTY,,2029-12-27,2029-12-27,27000.00,CE,NIFTY29DEC27000CE,0.00,0.00,0.00,6201.65,0.00,6201.65,23250.10,4533.00,0,0,0,0.00,0,F1,75,,,,,
2025-04-03,2025-04-03,FO,NSE,IDO,54515,,NIFTY,,2025-04-03,2025-04-03,20950.00,PE,NIFTY2540320950PE,0.80,0.80,0.05,0.10,0.10,0.45,23250.10,23250.10,349950,129525,33631,52843604212.50,6393,F1,75,,,,,
2025-04-03,2025-04-03,FO,NSE,IDO,54523,,NIFTY,,2025-04-03,2025-04-03,21050.00,PE,NIFTY2540321050PE,0.50,0.70,0.05,0.10,0.10,0.45,23250.10,23250.10,513750,176850,44035,69521540801.25,6427,F1,75,,,,,
2025-04-03,2025-04-03,FO,NSE,IDO,54535,,NIFTY,,2025-04-03,2025-04-03,21150.00,PE,NIFTY2540321150PE,0.55,0.65,0.05,0.10,0.05,0.45,23250.10,23250.10,286800,100575,34177,54214240485.00,6726,F1,75,,,,,
2025-04-03,2025-04-03,FO,NSE,IDO,54573,,NIFTY,,2025-04-03,2025-04-03,21850.00,PE,NIFTY2540321850PE,0.35,2.95,0.05,0.05,0.05,0.90,23250.10,23250.10,824475,627000,131102,214849152243.75,27722,F1,75,,,,,
2025-04-03,2025-04-03,FO,NSE,IDO,54575,,NIFTY,,2025-04-03,2025-04-03,21900.00,PE,NIFTY2540321900PE,0.95,1.00,0.05,0.05,0.05,0.90,23250.10,23250.10,1429125,706950,255321,419376438075.00,53959,F1,75,,,,,
2025-04-03,2025-04-03,FO,NSE,IDO,54639,,NIFTY,,2025-04-03,2025-04-03,22950.00,PE,NIFTY2540322950PE,24.45,24.45,0.05,0.15,0.15,11.50,23250.10,23250.10,7340175,5274750,1914151,3295267089033.75,430356,F1,75,,,,,
2025-04-03,2025-04-03,FO,NSE,IDO,54713,,NIFTY,,2025-04-03,2025-04-03,23500.00,PE,NIFTY2540323500PE,323.95,346.35,200.85,249.10,249.20,203.45,23250.10,23250.10,2447850,-1638675,227398,405025633590.00,129536,F1,75,,,,,
2025-04-03,2025-04-03,FO,NSE,IDO,54842,,NIFTY,,2025-04-03,2025-04-03,24200.00,PE,NIFTY2540324200PE,1036.95,1036.95,902.75,949.85,949.85,887.80,23250.10,23250.10,61350,-15750,773,1458487166.25,385,F1,75,,,,,
2025-04-03,2025-04-03,FO,NSE,IDO,54857,,NIFTY,,2025-04-03,2025-04-03,24450.00,PE,NIFTY2540324450PE,1193.50,1201.35,1193.50,1201.35,1201.35,1155.00,23250.10,23250.10,1050,75,3,5770950.00,3,F1,75,,,,,
2025-04-03,2025-04-03,FO,NSE,IDO,54877,,NIFTY,,2025-04-03,2025-04-03,24950.00,PE,NIFTY2540324950PE,0.00,0.00,0.00,1163.05,1163.05,1163.05,23250.10,23250.10,225,0,0,0.00,0,F1,75,,,,,
2025-04-03,2025-04-03,FO,NSE,IDO,54887,,NIFTY,,2025-04-03,2025-04-03,25200.00,PE,NIFTY2540325200PE,2000.00,2000.00,1901.00,1952.90,1954.20,1914.90,23250.10,23250.10,1650,-2250,53,107927958.75,31,F1,75,,,,,
2025-04-03,2025-04-03,FO,NSE,IDO,43781,,NIFTY,,2025-04-09,2025-04-09,20650.00,PE,NIFTY2540920650PE,1.85,2.55,0.80,0.90,0.85,1.85,23250.10,0.90,3640950,2185800,99970,154839294866.25,17415,F1,75,,,,,
2025-04-03,2025-04-03,FO,NSE,IDO,43793,,NIFTY,,2025-04-09,2025-04-09,20900.00,PE,NIFTY2540920900PE,2.25,2.75,0.90,1.05,1.00,2.05,23250.10,1.05,184200,109275,11318,17742397507.50,4488,F1,75,,,,,
2025-04-03,2025-04-03,FO,NSE,IDO,43797,,NIFTY,,2025-04-09,2025-04-09,21000.00,PE,NIFTY2540921000PE,2.55,3.00,1.10,1.25,1.25,2.30,23250.10,1.25,4362075,3196950,146310,230458083097.50,29674,F1,75,,,,,
2025-04-03,2025-04-03,FO,NSE,IDO,43807,,NIFTY,,2025-04-09,2025-04-09,21200.00,PE,NIFTY2540921200PE,3.15,3.40,1.20,1.40,1.20,2.60,23250.10,1.40,325800,176100,15112,24030324067.50,5014,F1,75,,,,,
2025-04-03,2025-04-03,FO,NSE,IDO,43809,,NIFTY,,2025-04-09,2025-04-09,21250.00,PE,NIFTY2540921250PE,2.70,3.40,1.05,1.30,1.15,2.55,23250.10,1.30,131625,109650,6507,10371499046.25,3174,F1,75,,,,,
2025-04-03,2025-04-03,FO,NSE,IDO,43819,,NIFTY,,2025-04-09,2025-04-09,21500.00,PE,NIFTY2540921500PE,4.00,4.65,1.55,1.70,1.55,3.40,23250.10,1.70,2492250,1461000,111934,180514272105.00,27423,F1,75,,,,,
2025-04-03,2025-04-03,FO,NSE,IDO,43829,,NIFTY,,2025-04-09,2025-04-09,21750.00,PE,NIFTY2540921750PE,5.50,12.30,1.85,1.95,1.90,4.20,23250.10,1.95,277350,146775,11907,19425803936.25,4798,F1,75,,,,,
2025-04-03,2025-04-03,FO,NSE,IDO,43835,,NIFTY,,2025-04-09,2025-04-09,21900.00,PE,NIFTY2540921900PE,7.55,7.60,2.05,2.35,2.40,5.35,23250.10,2.35,1322925,644775,56758,93239117602.50,20751,F1,75,,,,,
2025-04-03,2025-04-03,FO,NSE,IDO,43859,,NIFTY,,2025-04-09,2025-04-09,22500.00,PE,NIFTY2540922500PE,28.00,34.10,9.00,10.80,11.85,17.10,23250.10,10.80,4710825,3268275,232636,392796945836.25,95646,F1,75,,,,,
2025-04-03,2025-04-03,FO,NSE,IDO,43883,,NIFTY,,2025-04-09,2025-04-09,22950.00,PE,NIFTY2540922950PE,90.00,96.55,43.70,59.60,62.40,57.25,23250.10,59.60,727200,446250,57300,98878571358.75,33099,F1,75,,,,,
2025-04-03,2025-04-03,FO,NSE,IDO,43897,,NIFTY,,2025-04-09,2025-04-09,23200.00,PE,NIFTY2540923200PE,150.00,186.40,106.55,136.50,141.00,115.15,23250.10,136.50,3934200,2499375,338318,591985579383.75,186317,F1,75,,,,,
2025-04-03,2025-04-03,FO,NSE,IDO,43909,,NIFTY,,2025-04-09,2025-04-09,23500.00,PE,NIFTY2540923500PE,359.05,386.60,255.30,309.10,315.45,255.90,23250.10,309.10,1093200,-117750,54263,96831324097.50,31248,F1,75,,,,,
2025-04-03,2025-04-03,FO,NSE,IDO,43947,,NIFTY,,2025-04-09,2025-04-09,24300.00,PE,NIFTY2540924300PE,1074.05,1074.05,985.10,1046.00,1055.90,966.10,23250.10,1046.00,32700,13650,192,364751497.50,87,F1,75,,,,,
2025-04-03,2025-04-03,FO,NSE,IDO,48033,,NIFTY,,2025-04-17,2025-04-17,20900.00,PE,NIFTY2541720900PE,3.70,4.00,2.15,2.15,2.15,5.90,23250.10,2.15,8250,4950,146,228887190.00,25,F1,75,,,,,
2025-04-03,2025-04-03,FO,NSE,IDO,48063,,NIFTY,,2025-04-17,2025-04-17,21000.00,PE,NIFTY2541721000PE,7.45,7.50,2.30,2.65,2.50,5.15,23250.10,2.65,72225,34125,1829,2881156687.50,564,F1,75,,,,,
2025-04-03,2025-04-03,FO,NSE,IDO,48197,,NIFTY,,2025-04-17,2025-04-17,22750.00,PE,NIFTY2541722750PE,87.35,87.35,57.60,68.55,67.15,61.50,23250.10,68.55,19575,10950,488,835049373.75,208,F1,75,,,,,
2025-04-03,2025-04-03,FO,NSE,IDO,48216,,NIFTY,,2025-04-17,2025-04-17,23050.00,PE,NIFTY2541723050PE,135.00,146.95,116.45,136.25,139.95,117.95,23250.10,136.25,18525,6150,522,907503427.50,247,F1,75,,,,,
2025-04-03,2025-04-03,FO,NSE,IDO,48227,,NIFTY,,2025-04-17,2025-04-17,23150.00,PE,NIFTY2541723150PE,195.05,198.15,143.90,173.20,173.55,144.30,23250.10,173.20,106950,95325,2067,3613837278.75,1091,F1,75,,,,,
2025-04-03,2025-04-03,FO,NSE,IDO,48340,,NIFTY,,2025-04-17,2025-04-17,24550.00,PE,NIFTY2541724550PE,0.00,0.00,0.00,1277.30,1277.30,1277.30,23250.10,1244.00,75,0,0,0.00,0,F1,75,,,,,
2025-04-03,2025-04-03,FO,NSE,IDO,48379,,NIFTY,,2025-04-17,2025-04-17,24900.00,PE,NIFTY2541724900PE,0.00,0.00,0.00,1606.85,1606.85,1606.85,23250.10,1589.00,75,0,0,0.00,0,F1,75,,,,,
2025-04-03,2025-04-03,FO,NSE,IDO,48428,,NIFTY,,2025-04-17,2025-04-17,25400.00,PE,NIFTY2541725400PE,0.00,0.00,0.00,2112.75,2112.75,2112.75,23250.10,2086.75,75,0,0,0.00,0,F1,75,,,,,
2025-04-03,2025-04-03,FO,NSE,IDO,79207,,NIFTY,,2025-04-24,2025-04-24,20500.00,PE,NIFTY25APR20500PE,8.15,12.80,5.85,6.45,6.00,7.50,23250.10,6.45,2089950,36525,9810,15088510541.25,5489,F1,75,,,,,
2025-04-03,2025-04-03,FO,NSE,IDO,79211,,NIFTY,,2025-04-24,2025-04-24,20550.00,PE,NIFTY25APR20550PE,8.00,12.90,6.10,7.70,6.10,7.50,23250.10,7.70,13275,7950,447,689197402.50,251,F1,75,,,,,
2025-04-03,2025-04-03,FO,NSE,IDO,79220,,NIFTY,,2025-04-24,2025-04-24,20750.00,PE,NIFTY25APR20750PE,10.60,11.00,7.75,8.10,7.90,10.10,23250.10,8.10,3225,-5550,256,398580885.00,133,F1,75,,,,,
2025-04-03,2025-04-03,FO,NSE,IDO,79232,,NIFTY,,2025-04-24,2025-04-24,21050.00,PE,NIFTY25APR21050PE,13.15,13.25,9.30,9.65,9.50,10.70,23250.10,9.65,4275,-3300,277,437541795.00,184,F1,75,,,,,
2025-04-03,2025-04-03,FO,NSE,IDO,79383,,NIFTY,,2025-04-24,2025-04-24,22300.00,PE,NIFTY25APR22300PE,58.00,65.00,39.55,43.50,43.00,42.75,23250.10,43.50,591825,45900,10563,17701552522.50,5821,F1,75,,,,,
2025-04-03,2025-04-03,FO,NSE,IDO,79385,,NIFTY,,2025-04-24,2025-04-24,22350.00,PE,NIFTY25APR22350PE,58.25,62.15,43.35,47.70,47.25,46.40,23250.10,47.70,79950,10875,1292,2170372931.25,773,F1,75,,,,,
2025-04-03,2025-04-03,FO,NSE,IDO,79435,,NIFTY,,2025-04-24,2025-04-24,23050.00,PE,NIFTY25APR23050PE,200.00,200.00,151.50,173.15,172.75,149.95,23250.10,173.15,109200,7125,1961,3414852026.25,1467,F1,75,,,,,
2025-04-03,2025-04-03,FO,NSE,IDO,79512,,NIFTY,,2025-04-24,2025-04-24,23750.00,PE,NIFTY25APR23750PE,533.00,564.70,469.35,526.55,525.50,454.30,23250.10,526.55,65925,-1200,231,420262353.75,149,F1,75,,,,,
2025-04-03,2025-04-03,FO,NSE,IDO,79724,,NIFTY,,2025-04-24,2025-04-24,24950.00,PE,NIFTY25APR24950PE,0.00,0.00,0.00,1640.75,1640.75,1640.75,23250.10,1611.65,1200,0,0,0.00,0,F1,75,,,,,
2025-04-03,2025-04-03,FO,NSE,IDO,51843,,NIFTY,,2025-04-30,2025-04-30,21800.00,PE,NIFTY2543021800PE,30.30,33.00,24.75,27.35,28.15,26.95,23250.10,27.35,55350,10500,643,1052625678.75,329,F1,75,,,,,
2025-04-03,2025-04-03,FO,NSE,IDO,51934,,NIFTY,,2025-04-30,2025-04-30,23150.00,PE,NIFTY2543023150PE,270.60,270.60,214.20,243.10,243.10,206.95,23250.10,243.10,34200,-375,42,73650641.25,31,F1,75,,,,,
2025-04-03,2025-04-03,FO,NSE,IDO,51947,,NIFTY,,2025-04-30,2025-04-30,23450.00,PE,NIFTY2543023450PE,333.15,367.30,313.95,362.85,367.00,326.05,23250.10,362.85,4125,-4275,151,269467578.75,88,F1,75,,,,,
2025-04-03,2025-04-03,FO,NSE,IDO,61328,,NIFTY,,2025-05-29,2025-05-29,20450.00,PE,NIFTY25MAY20450PE,0.00,0.00,0.00,21.65,21.65,21.65,23250.10,1.35,975,0,0,0.00,0,F1,75,,,,,
2025-04-03,2025-04-03,FO,NSE,IDO,61338,,NIFTY,,2025-05-29,2025-05-29,20700.00,PE,NIFTY25MAY20700PE,23.95,23.95,23.95,23.95,23.95,23.80,23250.10,2.80,225,75,1,1554296.25,1,F1,75,,,,,
2025-04-03,2025-04-03,FO,NSE,IDO,61370,,NIFTY,,2025-05-29,2025-05-29,21100.00,PE,NIFTY25MAY21100PE,44.00,44.00,41.30,43.15,43.65,42.60,23250.10,43.15,39600,-1050,94,149057516.25,75,F1,75,,,,,
2025-04-03,2025-04-03,FO,NSE,IDO,61394,,NIFTY,,2025-05-29,2025-05-29,21450.00,PE,NIFTY25MAY21450PE,0.00,0.00,0.00,98.55,98.55,98.55,23250.10,18.90,675,0,0,0.00,0,F1,75,,,,,
2025-04-03,2025-04-03,FO,NSE,IDO,61470,,NIFTY,,2025-05-29,2025-05-29,21750.00,PE,NIFTY25MAY21750PE,0.00,0.00,0.00,114.70,114.70,114.70,23250.10,35.80,1050,0,0,0.00,0,F1,75,,,,,
2025-04-03,2025-04-03,FO,NSE,IDO,61506,,NIFTY,,2025-05-29,2025-05-29,22500.00,PE,NIFTY25MAY22500PE,183.15,199.80,163.15,179.95,181.40,160.60,23250.10,179.95,735600,17175,4892,8319331796.25,3423,F1,75,,,,,
2025-04-03,2025-04-03,FO,NSE,IDO,61534,,NIFTY,,2025-05-29,2025-05-29,23200.00,PE,NIFTY25MAY23200PE,376.95,389.60,339.55,369.90,371.25,334.05,23250.10,369.90,108075,10500,985,1740627907.50,743,F1,75,,,,,
2025-04-03,2025-04-03,FO,NSE,IDO,61560,,NIFTY,,2025-05-29,2025-05-29,23850.00,PE,NIFTY25MAY23850PE,640.00,670.00,634.65,670.00,670.00,623.55,23250.10,670.00,2400,-225,35,64308866.25,31,F1,75,,,,,
2025-04-03,2025-04-03,FO,NSE,IDO,64693,,NIFTY,,2025-09-25,2025-09-25,24000.00,PE,NIFTY25SEP24000PE,860.05,866.20,813.75,854.40,846.00,804.45,23250.10,854.40,155700,7725,448,834754721.25,316,F1,75,,,,,
2025-04-03,2025-04-03,FO,NSE,IDO,64695,,NIFTY,,2025-09-25,2025-09-25,25000.00,PE,NIFTY25SEP25000PE,1392.00,1400.00,1340.00,1384.30,1387.40,1324.25,23250.10,1384.30,133050,2475,121,239355352.50,73,F1,75,,,,,
2025-04-03,2025-04-03,FO,NSE,IDO,37797,,NIFTY,,2025-12-24,2025-12-24,13000.00,PE,NIFTY25DEC13000PE,0.00,0.00,0.00,0.10,0.10,0.10,23250.10,0.05,3750,0,0,0.00,0,F1,75,,,,,
2025-04-03,2025-04-03,FO,NSE,IDF,57133,,NIFTY,,2025-05-29,2025-05-29,,,NIFTY25MAYFUT,23400.00,23524.95,23362.15,23450.20,23453.95,23550.75,23250.10,23450.20,1470375,-3600,3463,6095061915.00,2672,F1,75,,,,,
2025-04-03,2025-04-03,FO,NSE,IDO,54468,,NIFTY,,2025-04-03,2025-04-03,20400.00,CE,NIFTY2540320400CE,0.00,0.00,0.00,3322.85,3322.85,3322.85,23250.10,23250.10,600,0,0,0.00,0,F1,75,,,,,
2025-04-03,2025-04-03,FO,NSE,IDO,54476,,NIFTY,,2025-04-03,2025-04-03,20550.00,CE,NIFTY2540320550CE,0.00,0.00,0.00,3170.75,3170.75,3170.75,23250.10,23250.10,600,0,0,0.00,0,F1,75,,,,,
2025-04-03,2025-04-03,FO,NSE,IDO,54500,,NIFTY,,2025-04-03,2025-04-03,20850.00,CE,NIFTY2540320850CE,0.00,0.00,0.00,2872.35,2872.35,2872.35,23250.10,23250.10,750,0,0,0.00,0,F1,75,,,,,
2025-04-03,2025-04-03,FO,NSE,IDO,54514,,NIFTY,,2025-04-03,2025-04-03,20950.00,CE,NIFTY2540320950CE,0.00,0.00,0.00,2791.10,2791.10,2791.10,23250.10,23250.10,450,0,0,0.00,0,F1,75,,,,,
2025-04-03,2025-04-03,FO,NSE,IDO,54574,,NIFTY,,2025-04-03,2025-04-03,21900.00,CE,NIFTY2540321900CE,1325.00,1357.00,1325.00,1357.00,1357.00,1422.30,23250.10,23250.10,975,-375,5,8717636.25,5,F1,75,,,,,
2025-04-03,2025-04-03,FO,NSE,IDO,54580,,NIFTY,,2025-04-03,2025-04-03,22050.00,CE,NIFTY2540322050CE,0.00,0.00,0.00,1496.65,1496.65,1496.65,23250.10,23250.10,1275,0,0,0.00,0,F1,75,,,,,
2025-04-03,2025-04-03,FO,NSE,IDO,54761,,NIFTY,,2025-04-03,2025-04-03,23850.00,CE,NIFTY2540323850CE,1.05,1.30,0.05,0.10,0.05,2.55,23250.10,23250.10,2213400,-822300,947365,1694641366458.75,153314,F1,75,,,,,
2025-04-03,2025-04-03,FO,NSE,IDO,54781,,NIFTY,,2025-04-03,2025-04-03,24000.00,CE,NIFTY2540324000CE,0.90,1.00,0.05,0.05,0.05,1.50,23250.10,23250.10,6949125,-3273750,1812298,3262214254751.25,243512,F1,75,,,,,
2025-04-03,2025-04-03,FO,NSE,IDO,54870,,NIFTY,,2025-04-03,2025-04-03,24800.00,CE,NIFTY2540324800CE,0.70,0.90,0.05,0.05,0.05,0.85,23250.10,23250.10,1080225,-1273350,138220,257093647841.25,30196,F1,75,,,,,
2025-04-03,2025-04-03,FO,NSE,IDO,43816,,NIFTY,,2025-04-09,2025-04-09,21450.00,CE,NIFTY2540921450CE,0.00,0.00,0.00,2313.15,2313.15,2313.15,23250.10,1823.00,300,0,0,0.00,0,F1,75,,,,,
2025-04-03,2025-04-03,FO,NSE,IDO,43830,,NIFTY,,2025-04-09,2025-04-09,21800.00,CE,NIFTY2540921800CE,0.00,0.00,0.00,1553.00,1553.00,1553.00,23250.10,1473.40,900,0,0,0.00,0,F1,75,,,,,
2025-04-03,2025-04-03,FO,NSE,IDO,43842,,NIFTY,,2025-04-09,2025-04-09,22100.00,CE,NIFTY2540922100CE,1145.00,1184.15,1134.80,1155.55,1134.80,1221.60,23250.10,1155.55,10050,675,26,45358162.50,17,F1,75,,,,,
2025-04-03,2025-04-03,FO,NSE,IDO,43844,,NIFTY,,2025-04-09,2025-04-09,22150.00,CE,NIFTY2540922150CE,0.00,0.00,0.00,1107.95,1101.60,1107.95,23250.10,1123.95,375,0,0,0.00,0,F1,75,,,,,
2025-04-03,2025-04-03,FO,NSE,IDO,43854,,NIFTY,,2025-04-09,2025-04-09,22400.00,CE,NIFTY2540922400CE,858.00,918.00,847.40,855.50,847.40,963.25,23250.10,855.50,12000,5175,103,179809991.25,69,F1,75,,,,,
2025-04-03,2025-04-03,FO,NSE,IDO,43877,,NIFTY,,2025-04-09,2025-04-09,22850.00,CE,NIFTY2540922850CE,437.25,503.85,421.45,435.40,433.75,544.50,23250.10,435.40,14700,8700,381,666179887.50,265,F1,75,,,,,
2025-04-03,2025-04-03,FO,NSE,IDO,43887,,NIFTY,,2025-04-09,2025-04-09,23050.00,CE,NIFTY2540923050CE,267.05,342.75,267.05,278.85,276.30,376.70,23250.10,278.85,89475,51525,5051,8846001502.50,3896,F1,75,,,,,
2025-04-03,2025-04-03,FO,NSE,IDO,43914,,NIFTY,,2025-04-09,2025-04-09,23650.00,CE,NIFTY2540923650CE,44.20,44.20,25.00,27.45,27.30,61.80,23250.10,27.45,813750,518550,75665,134387918002.50,41647,F1,75,,,,,
2025-04-03,2025-04-03,FO,NSE,IDO,43918,,NIFTY,,2025-04-09,2025-04-09,23750.00,CE,NIFTY2540923750CE,32.00,32.00,14.90,16.25,17.00,42.10,23250.10,16.25,1085325,650625,79480,141686976183.75,40878,F1,75,,,,,
2025-04-03,2025-04-03,FO,NSE,IDO,43960,,NIFTY,,2025-04-09,2025-04-09,24550.00,CE,NIFTY2540924550CE,4.00,4.95,1.25,1.30,1.30,3.60,23250.10,1.30,424200,305925,17286,31830148537.50,5421,F1,75,,,,,
2025-04-03,2025-04-03,FO,NSE,IDO,43999,,NIFTY,,2025-04-09,2025-04-09,25300.00,CE,NIFTY2540925300CE,1.65,1.65,0.90,1.00,0.95,1.65,23250.10,1.00,1360650,156300,31981,60687023377.50,5587,F1,75,,,,,
2025-04-03,2025-04-03,FO,NSE,IDO,44004,,NIFTY,,2025-04-09,2025-04-09,25400.00,CE,NIFTY2540925400CE,1.60,1.65,0.90,1.00,0.95,1.65,23250.10,1.00,6382725,2290725,182661,347986310291.25,23598,F1,75,,,,,
2025-04-03,2025-04-03,FO,NSE,IDO,48078,,NIFTY,,2025-04-17,2025-04-17,21150.00,CE,NIFTY2541721150CE,0.00,0.00,0.00,1421.15,0.00,1421.15,23250.10,2152.80,0,0,0,0.00,0,F1,75,,,,,
2025-04-03,2025-04-03,FO,NSE,IDO,48134,,NIFTY,,2025-04-17,2025-04-17,22200.00,CE,NIFTY2541722200CE,0.00,0.00,0.00,1100.50,1100.50,1100.50,23250.10,1112.30,75,0,0,0.00,0,F1,75,,,,,
2025-04-03,2025-04-03,FO,NSE,IDO,48174,,NIFTY,,2025-04-17,2025-04-17,22500.00,CE,NIFTY2541722500CE,850.00,874.60,801.00,817.05,811.70,929.95,23250.10,817.05,28650,13950,248,433905990.00,137,F1,75,,,,,
2025-04-03,2025-04-03,FO,NSE,IDO,48249,,NIFTY,,2025-04-17,2025-04-17,23400.00,CE,NIFTY2541723400CE,190.75,202.30,153.50,164.45,164.85,229.35,23250.10,164.45,133500,32250,6539,11561749736.25,4832,F1,75,,,,,
2025-04-03,2025-04-03,FO,NSE,IDO,48335,,NIFTY,,2025-04-17,2025-04-17,24450.00,CE,NIFTY2541724450CE,12.00,12.00,6.65,7.10,6.80,14.95,23250.10,7.10,11700,4725,279,511788273.75,125,F1,75,,,,,
2025-04-03,2025-04-03,FO,NSE,IDO,79196,,NIFTY,,2025-04-24,2025-04-24,20350.00,CE,NIFTY25APR20350CE,0.00,0.00,0.00,3086.70,3086.70,3086.70,23250.10,2976.05,7050,0,0,0.00,0,F1,75,,,,,
2025-04-03,2025-04-03,FO,NSE,IDO,79249,,NIFTY,,2025-04-24,2025-04-24,21350.00,CE,NIFTY25APR21350CE,0.00,0.00,0.00,1969.05,1969.05,1969.05,23250.10,1980.35,975,0,0,0.00,0,F1,75,,,,,
2025-04-03,2025-04-03,FO,NSE,IDO,79251,,NIFTY,,2025-04-24,2025-04-24,21400.00,CE,NIFTY25APR21400CE,0.00,0.00,0.00,1880.00,1880.00,1880.00,23250.10,1930.65,1200,0,0,0.00,0,F1,75,,,,,
2025-04-03,2025-04-03,FO,NSE,IDO,79253,,NIFTY,,2025-04-24,2025-04-24,21450.00,CE,NIFTY25APR21450CE,0.00,0.00,0.00,1866.05,1866.05,1866.05,23250.10,1881.05,825,0,0,0.00,0,F1,75,,,,,
2025-04-03,2025-04-03,FO,NSE,IDO,79295,,NIFTY,,2025-04-24,2025-04-24,22150.00,CE,NIFTY25APR22150CE,0.00,0.00,0.00,1192.00,1192.00,1192.00,23250.10,1197.90,6300,0,0,0.00,0,F1,75,,,,,
2025-04-03,2025-04-03,FO,NSE,IDO,79420,,NIFTY,,2025-04-24,2025-04-24,22900.00,CE,NIFTY25APR22900CE,532.95,614.50,532.95,549.25,550.70,649.95,23250.10,549.25,165150,1725,727,1279644660.00,479,F1,75,,,,,
2025-04-03,2025-04-03,FO,NSE,IDO,79428,,NIFTY,,2025-04-24,2025-04-24,23000.00,CE,NIFTY25APR23000CE,498.05,541.20,444.60,479.00,478.75,568.45,23250.10,479.00,1494075,-120675,15466,27255131238.75,9622,F1,75,,,,,
2025-04-03,2025-04-03,FO,NSE,IDO,79436,,NIFTY,,2025-04-24,2025-04-24,23100.00,CE,NIFTY25APR23100CE,400.00,466.75,386.80,408.20,409.95,495.60,23250.10,408.20,312675,57750,4614,8140015905.00,3464,F1,75,,,,,
2025-04-03,2025-04-03,FO,NSE,IDO,79547,,NIFTY,,2025-04-24,2025-04-24,24100.00,CE,NIFTY25APR24100CE,41.30,47.10,36.65,38.15,38.10,61.45,23250.10,38.15,645525,-23175,18272,33082681905.00,10641,F1,75,,,,,
2025-04-03,2025-04-03,FO,NSE,IDO,79670,,NIFTY,,2025-04-24,2025-04-24,24700.00,CE,NIFTY25APR24700CE,13.85,15.50,10.65,11.45,11.00,17.35,23250.10,11.45,845850,259350,20445,37894306275.00,9824,F1,75,,,,,
2025-04-03,2025-04-03,FO,NSE,IDO,79748,,NIFTY,,2025-04-24,2025-04-24,25450.00,CE,NIFTY25APR25450CE,7.00,7.00,4.05,4.75,4.50,8.05,23250.10,4.75,25650,-3150,412,786581756.25,217,F1,75,,,,,
2025-04-03,2025-04-03,FO,NSE,IDO,51831,,NIFTY,,2025-04-30,2025-04-30,21550.00,CE,NIFTY2543021550CE,0.00,0.00,0.00,1846.65,0.00,1846.65,23250.10,1806.95,0,0,0,0.00,0,F1,75,,,,,
2025-04-03,2025-04-03,FO,NSE,IDO,51942,,NIFTY,,2025-04-30,2025-04-30,23350.00,CE,NIFTY2543023350CE,323.25,377.15,310.05,332.05,328.00,396.55,23250.10,332.05,12450,-300,117,207915281.25,95,F1,75,,,,,
2025-04-03,2025-04-03,FO,NSE,IDO,51980,,NIFTY,,2025-04-30,2025-04-30,24050.00,CE,NIFTY2543024050CE,80.00,88.40,65.70,69.15,68.00,99.90,23250.10,69.15,2325,1275,71,128457693.75,45,F1,75,,,,,
2025-04-03,2025-04-03,FO,NSE,IDO,51984,,NIFTY,,2025-04-30,2025-04-30,24150.00,CE,NIFTY2543024150CE,62.20,69.45,46.05,52.25,49.95,76.80,23250.10,52.25,4500,-2025,110,199724580.00,55,F1,75,,,,,
2025-04-03,2025-04-03,FO,NSE,IDO,52056,,NIFTY,,2025-04-30,2025-04-30,25100.00,CE,NIFTY2543025100CE,13.70,13.70,8.35,9.25,9.00,13.70,23250.10,9.25,17775,750,156,293793123.75,87,F1,75,,,,,
2025-04-03,2025-04-03,FO,NSE,IDO,61345,,NIFTY,,2025-05-29,2025-05-29,20850.00,CE,NIFTY25MAY20850CE,0.00,0.00,0.00,2800.00,2800.30,2800.00,23250.10,2611.25,825,0,0,0.00,0,F1,75,,,,,
2025-04-03,2025-04-03,FO,NSE,IDO,61373,,NIFTY,,2025-05-29,2025-05-29,21200.00,CE,NIFTY25MAY21200CE,0.00,0.00,0.00,2521.00,2521.00,2521.00,23250.10,2271.00,900,0,0,0.00,0,F1,75,,,,,
2025-04-03,2025-04-03,FO,NSE,IDO,61395,,NIFTY,,2025-05-29,2025-05-29,21500.00,CE,NIFTY25MAY21500CE,2035.00,2035.30,2006.05,2006.05,2006.05,2000.00,23250.10,1984.55,8475,0,4,7057826.25,4,F1,75,,,,,
2025-04-03,2025-04-03,FO,NSE,IDO,61485,,NIFTY,,2025-05-29,2025-05-29,22000.00,CE,NIFTY25MAY22000CE,1545.00,1590.00,1524.75,1536.70,1530.00,1625.90,23250.10,1536.70,66300,2475,79,139573053.75,63,F1,75,,,,,
2025-04-03,2025-04-03,FO,NSE,IDO,61519,,NIFTY,,2025-05-29,2025-05-29,22850.00,CE,NIFTY25MAY22850CE,852.00,856.85,852.00,856.85,856.85,890.00,23250.10,852.60,675,0,2,3555663.75,2,F1,75,,,,,
2025-04-03,2025-04-03,FO,NSE,IDO,61529,,NIFTY,,2025-05-29,2025-05-29,23100.00,CE,NIFTY25MAY23100CE,707.70,726.60,666.50,682.05,679.05,746.40,23250.10,682.05,17775,1200,63,112433977.50,57,F1,75,,,,,
2025-04-03,2025-04-03,FO,NSE,IDO,61535,,NIFTY,,2025-05-29,2025-05-29,23250.00,CE,NIFTY25MAY23250CE,606.00,617.55,597.30,604.65,604.65,653.25,23250.10,603.15,6675,150,9,16102638.75,8,F1,75,,,,,
2025-04-03,2025-04-03,FO,NSE,IDO,61663,,NIFTY,,2025-05-29,2025-05-29,24000.00,CE,NIFTY25MAY24000CE,230.00,257.35,220.00,236.55,232.50,276.70,23250.10,236.55,1554825,216600,10971,19946987032.50,7120,F1,75,,,,,
2025-04-03,2025-04-03,FO,NSE,IDO,61671,,NIFTY,,2025-05-29,2025-05-29,24200.00,CE,NIFTY25MAY24200CE,168.00,189.95,168.00,172.20,168.60,204.85,23250.10,172.20,303000,9375,1638,2994600881.25,1233,F1,75,,,,,
2025-04-03,2025-04-03,FO,NSE,IDO,61681,,NIFTY,,2025-05-29,2025-05-29,24450.00,CE,NIFTY25MAY24450CE,113.05,124.70,112.95,113.65,113.05,141.25,23250.10,113.65,9600,-1275,114,210055350.00,50,F1,75,,,,,
2025-04-03,2025-04-03,FO,NSE,IDO,62145,,NIFTY,,2025-06-26,2025-06-26,21550.00,CE,NIFTY25JUN21550CE,0.00,0.00,0.00,2498.40,0.00,2498.40,23250.10,2068.50,0,0,0,0.00,0,F1,75,,,,,
2025-04-03,2025-04-03,FO,NSE,IDO,58618,,NIFTY,,2025-06-26,2025-06-26,22000.00,CE,NIFTY25JUN22000CE,1650.00,1732.00,1650.00,1688.50,1683.80,1771.05,23250.10,1688.50,383175,5625,543,965265997.50,263,F1,75,,,,,
2025-04-03,2025-04-03,FO,NSE,IDO,62199,,NIFTY,,2025-06-26,2025-06-26,22500.00,CE,NIFTY25JUN22500CE,1323.40,1323.40,1292.90,1292.90,1292.90,1366.00,23250.10,1292.90,1800,600,9,16066297.50,6,F1,75,,,,,
2025-04-03,2025-04-03,FO,NSE,IDO,62327,,NIFTY,,2025-06-26,2025-06-26,23450.00,CE,NIFTY25JUN23450CE,0.00,0.00,0.00,697.80,697.80,697.80,23250.10,664.65,2100,0,0,0.00,0,F1,75,,,,,
