TradDt,BizDt,Sgmt,Src,FinInstrmTp,FinInstrmId,ISIN,TckrSymb,SctySrs,XpryDt,FininstrmActlXpryDt,StrkPric,OptnTp,FinInstrmNm,OpnPric,HghPric,LwPric,ClsPric,LastPric,PrvsClsgPric,UndrlygPric,SttlmPric,OpnIntrst,ChngInOpnIntrst,TtlTradgVol,TtlTrfVal,TtlNbOfTxsExctd,SsnId,NewBrdLotQty,Rmks,Rsvd1,Rsvd2,Rsvd3,Rsvd4
2025-06-18,2025-06-18,FO,NSE,IDO,62376,,NIFTY,,2025-06-26,2025-06-26,24500.00,PE,NIFTY25JUN24500PE,99.40,113.95,68.05,97.25,99.50,96.80,24812.05,97.25,5653875,222375,179393,330866735572.50,95534,F1,75,,,,,
2025-06-18,2025-06-18,FO,NSE,IDO,62392,,NIFTY,,2025-06-26,2025-06-26,24800.00,PE,NIFTY25JUN24800PE,200.00,219.85,141.85,195.55,200.20,188.20,24812.05,195.55,3419400,432825,194864,365153479308.75,115774,F1,75,,,,,
2025-06-18,2025-06-18,FO,NSE,IDO,62402,,NIFTY,,2025-06-26,2025-06-26,25100.00,PE,NIFTY25JUN25100PE,363.35,394.30,272.25,365.45,375.40,344.05,24812.05,365.45,763875,-32775,14293,27257326076.25,8980,F1,75,,,,,
2025-06-18,2025-06-18,FO,NSE,IDO,62406,,NIFTY,,2025-06-26,2025-06-26,25150.00,PE,NIFTY25JUN25150PE,385.65,430.25,301.85,398.10,409.90,377.05,24812.05,398.10,153000,-6600,2877,5505559717.50,1822,F1,75,,,,,
2025-06-18,2025-06-18,FO,NSE,IDO,62446,,NIFTY,,2025-06-26,2025-06-26,26050.00,PE,NIFTY25JUN26050PE,0.00,0.00,0.00,1064.25,1064.25,1064.25,24812.05,1211.40,2475,0,0,0.00,0,F1,75,,,,,
2025-06-18,2025-06-18,FO,NSE,IDO,62482,,NIFTY,,2025-06-26,2025-06-26,26550.00,PE,NIFTY25JUN26550PE,0.00,0.00,0.00,1650.65,1650.65,1650.65,24812.05,1704.10,3075,0,0,0.00,0,F1,75,,,,,
2025-06-18,2025-06-18,FO,NSE,IDO,38151,,NIFTY,,2025-06-26,2025-06-26,29000.00,PE,NIFTY25JUN29000PE,4136.55,4195.80,4028.20,4165.05,4180.55,4125.60,24812.05,4165.05,291750,-18450,324,805802171.25,276,F1,75,,,,,
2025-06-18,2025-06-18,FO,NSE,IDO,56266,,NIFTY,,2025-07-03,2025-07-03,23800.00,PE,NIFTY2570323800PE,46.80,50.95,35.85,45.65,46.45,46.80,24812.05,45.65,113475,20925,3927,7022518368.75,2624,F1,75,,,,,
2025-06-18,2025-06-18,FO,NSE,IDO,56698,,NIFTY,,2025-07-03,2025-07-03,24950.00,PE,NIFTY2570324950PE,330.00,356.45,269.45,331.30,337.35,320.90,24812.05,331.30,20925,6975,681,1290030183.75,438,F1,75,,,,,
2025-06-18,2025-06-18,FO,NSE,IDO,58033,,NIFTY,,2025-07-03,2025-07-03,26050.00,PE,NIFTY2570326050PE,0.00,0.00,0.00,1058.45,1058.45,1058.45,24812.05,1210.85,75,0,0,0.00,0,F1,75,,,,,
2025-06-18,2025-06-18,FO,NSE,IDO,58722,,NIFTY,,2025-07-03,2025-07-03,26650.00,PE,NIFTY2570326650PE,0.00,0.00,0.00,1638.95,1638.95,1638.95,24812.05,1780.20,75,0,0,0.00,0,F1,75,,,,,
2025-06-18,2025-06-18,FO,NSE,IDO,58736,,NIFTY,,2025-07-03,2025-07-03,26900.00,PE,NIFTY2570326900PE,0.00,0.00,0.00,1887.55,1887.55,1887.55,24812.05,2025.60,75,0,0,0.00,0,F1,75,,,,,
2025-06-18,2025-06-18,FO,NSE,IDO,39839,,NIFTY,,2025-07-10,2025-07-10,23000.00,PE,NIFTY2571023000PE,24.00,25.60,20.70,24.25,25.60,26.30,24812.05,24.25,62400,15600,838,1446975273.75,409,F1,75,,,,,
2025-06-18,2025-06-18,FO,NSE,IDO,39885,,NIFTY,,2025-07-10,2025-07-10,23350.00,PE,NIFTY2571023350PE,0.00,0.00,0.00,33.25,33.25,33.25,24812.05,27.00,75,0,0,0.00,0,F1,75,,,,,
2025-06-18,2025-06-18,FO,NSE,IDO,39905,,NIFTY,,2025-07-10,2025-07-10,23600.00,PE,NIFTY2571023600PE,44.00,60.65,42.00,56.50,53.30,53.65,24812.05,56.50,5175,975,66,117085908.75,44,F1,75,,,,,
2025-06-18,2025-06-18,FO,NSE,IDO,39929,,NIFTY,,2025-07-10,2025-07-10,23850.00,PE,NIFTY2571023850PE,70.00,82.05,70.00,77.00,77.00,71.70,24812.05,77.00,1350,675,11,19738462.50,8,F1,75,,,,,
2025-06-18,2025-06-18,FO,NSE,IDO,40039,,NIFTY,,2025-07-10,2025-07-10,25300.00,PE,NIFTY2571025300PE,582.10,602.05,501.35,576.35,577.75,569.20,24812.05,576.35,27075,-75,61,118322321.25,51,F1,75,,,,,
2025-06-18,2025-06-18,FO,NSE,IDO,40073,,NIFTY,,2025-07-10,2025-07-10,25800.00,PE,NIFTY2571025800PE,0.00,0.00,0.00,1092.60,0.00,1092.60,24812.05,1011.90,0,0,0,0.00,0,F1,75,,,,,
2025-06-18,2025-06-18,FO,NSE,IDO,40129,,NIFTY,,2025-07-10,2025-07-10,26550.00,PE,NIFTY2571026550PE,0.00,0.00,0.00,1708.95,0.00,1708.95,24812.05,1671.75,0,0,0,0.00,0,F1,75,,,,,
2025-06-18,2025-06-18,FO,NSE,IDO,47133,,NIFTY,,2025-07-17,2025-07-17,23150.00,PE,NIFTY2571723150PE,0.00,0.00,0.00,54.25,54.25,54.25,24812.05,30.55,150,0,0,0.00,0,F1,75,,,,,
2025-06-18,2025-06-18,FO,NSE,IDO,47228,,NIFTY,,2025-07-17,2025-07-17,24200.00,PE,NIFTY2571724200PE,164.65,166.05,140.00,160.05,159.25,151.85,24812.05,160.05,4650,2025,57,104126197.50,41,F1,75,,,,,
2025-06-18,2025-06-18,FO,NSE,IDO,47264,,NIFTY,,2025-07-17,2025-07-17,24750.00,PE,NIFTY2571724750PE,315.40,332.05,281.30,332.05,332.05,319.30,24812.05,389.00,150,75,5,9395658.75,3,F1,75,,,,,
2025-06-18,2025-06-18,FO,NSE,IDO,47281,,NIFTY,,2025-07-17,2025-07-17,25100.00,PE,NIFTY2571725100PE,0.00,0.00,0.00,478.45,478.45,478.45,24812.05,565.80,0,0,0,0.00,0,F1,75,,,,,
2025-06-18,2025-06-18,FO,NSE,IDO,47365,,NIFTY,,2025-07-17,2025-07-17,26250.00,PE,NIFTY2571726250PE,0.00,0.00,0.00,1344.55,0.00,1344.55,24812.05,1401.95,0,0,0,0.00,0,F1,75,,,,,
2025-06-18,2025-06-18,FO,NSE,IDO,47377,,NIFTY,,2025-07-17,2025-07-17,26550.00,PE,NIFTY2571726550PE,0.00,0.00,0.00,1597.40,0.00,1597.40,24812.05,1667.00,0,0,0,0.00,0,F1,75,,,,,
2025-06-18,2025-06-18,FO,NSE,IDO,55724,,NIFTY,,2025-07-31,2025-07-31,23200.00,PE,NIFTY25JUL23200PE,75.80,75.85,62.15,69.55,70.25,70.60,24812.05,69.55,277575,-8475,1399,2441352180.00,787,F1,75,,,,,
2025-06-18,2025-06-18,FO,NSE,IDO,67787,,NIFTY,,2028-12-28,2028-12-28,26000.00,PE,NIFTY28DEC26000PE,0.00,0.00,0.00,1160.95,0.00,1160.95,24812.05,1361.20,0,0,0,0.00,0,F1,75,,,,,
2025-06-18,2025-06-18,FO,NSE,IDO,67781,,NIFTY,,2028-12-28,2028-12-28,23000.00,PE,NIFTY28DEC23000PE,0.00,0.00,0.00,800.00,800.00,800.00,24812.05,664.50,2925,0,0,0.00,0,F1,75,,,,,
2025-06-18,2025-06-18,FO,NSE,IDO,67769,,NIFTY,,2028-12-28,2028-12-28,17000.00,PE,NIFTY28DEC17000PE,0.00,0.00,0.00,66.15,0.00,66.15,24812.05,71.65,0,0,0,0.00,0,F1,75,,,,,
2025-06-18,2025-06-18,FO,NSE,IDO,35353,,NIFTY,,2028-06-29,2028-06-29,30000.00,PE,NIFTY28JUN30000PE,0.00,0.00,0.00,3779.25,0.00,3779.25,24812.05,2969.90,0,0,0,0.00,0,F1,75,,,,,
2025-06-18,2025-06-18,FO,NSE,IDO,71561,,NIFTY,,2027-06-24,2027-06-24,24000.00,PE,NIFTY27JUN24000PE,0.00,0.00,0.00,5056.20,0.00,5056.20,24812.05,858.15,0,0,0,0.00,0,F1,75,,,,,
2025-06-18,2025-06-18,FO,NSE,IDO,58635,,NIFTY,,2026-12-31,2026-12-31,15000.00,PE,NIFTY26DEC15000PE,0.00,0.00,0.00,25.05,25.05,25.05,24812.05,2.65,1400,0,0,0.00,0,F1,75,,,,,
2025-06-18,2025-06-18,FO,NSE,IDO,58633,,NIFTY,,2026-12-31,2026-12-31,14000.00,PE,NIFTY26DEC14000PE,0.00,0.00,0.00,21.30,21.30,21.30,24812.05,0.80,1700,0,0,0.00,0,F1,75,,,,,
2025-06-18,2025-06-18,FO,NSE,IDO,50546,,NIFTY,,2026-06-25,2026-06-25,28000.00,PE,NIFTY26JUN28000PE,0.00,0.00,0.00,6532.55,0.00,6532.55,24812.05,2592.10,0,0,0,0.00,0,F1,75,,,,,
2025-06-18,2025-06-18,FO,NSE,IDO,62915,,NIFTY,,2026-03-26,2026-03-26,19000.00,PE,NIFTY26MAR19000PE,0.00,0.00,0.00,42.60,0.00,42.60,24812.05,20.30,0,0,0,0.00,0,F1,75,,,,,
2025-06-18,2025-06-18,FO,NSE,IDO,50544,,NIFTY,,2025-12-24,2025-12-24,28000.00,PE,NIFTY25DEC28000PE,2469.00,2527.60,2409.30,2496.30,2499.50,2467.80,24812.05,2496.30,587825,7350,326,745440573.75,267,F1,75,,,,,
2025-06-18,2025-06-18,FO,NSE,IDO,71394,,NIFTY,,2025-12-24,2025-12-24,24000.00,PE,NIFTY25DEC24000PE,459.05,469.15,430.75,456.65,457.00,450.60,24812.05,456.65,2551150,34400,2673,4901902518.75,2078,F1,75,,,,,
2025-06-18,2025-06-18,FO,NSE,IDO,45874,,NIFTY,,2025-12-24,2025-12-24,17000.00,PE,NIFTY25DEC17000PE,0.00,0.00,0.00,27.75,27.60,27.75,24812.05,0.30,40475,0,0,0.00,0,F1,75,,,,,
2025-06-18,2025-06-18,FO,NSE,IDO,64703,,NIFTY,,2025-09-25,2025-09-25,29000.00,PE,NIFTY25SEP29000PE,3650.00,3714.80,3650.00,3714.75,3714.75,3650.00,24812.05,3714.75,1125,1050,14,34330837.50,13,F1,75,,,,,
2025-06-18,2025-06-18,FO,NSE,IDO,64701,,NIFTY,,2025-09-25,2025-09-25,28000.00,PE,NIFTY25SEP28000PE,2665.80,2832.20,2665.80,2770.65,2775.00,2737.65,24812.05,2770.65,20550,8100,135,311478963.75,114,F1,75,,,,,
2025-06-18,2025-06-18,FO,NSE,IDO,64681,,NIFTY,,2025-09-25,2025-09-25,18000.00,PE,NIFTY25SEP18000PE,13.40,13.40,13.40,13.40,13.40,13.50,24812.05,0.05,10275,-75,1,1351005.00,1,F1,75,,,,,
2025-06-18,2025-06-18,FO,NSE,IDO,72331,,NIFTY,,2025-08-28,2025-08-28,26850.00,PE,NIFTY25AUG26850PE,0.00,0.00,0.00,1699.40,1699.40,1699.40,24812.05,1915.15,300,0,0,0.00,0,F1,75,,,,,
2025-06-18,2025-06-18,FO,NSE,IDO,72113,,NIFTY,,2025-08-28,2025-08-28,26100.00,PE,NIFTY25AUG26100PE,0.00,0.00,0.00,1107.60,1107.40,1107.60,24812.05,1344.40,225,0,0,0.00,0,F1,75,,,,,
2025-06-18,2025-06-18,FO,NSE,IDO,55686,,NIFTY,,2025-07-31,2025-07-31,22600.00,PE,NIFTY25JUL22600PE,40.00,40.00,34.25,37.75,38.65,37.30,24812.05,37.75,91275,-1275,355,602694090.00,182,F1,75,,,,,
2025-06-18,2025-06-18,FO,NSE,IDO,47379,,NIFTY,,2025-07-17,2025-07-17,26600.00,PE,NIFTY2571726600PE,0.00,0.00,0.00,1640.90,0.00,1640.90,24812.05,1712.40,0,0,0,0.00,0,F1,75,,,,,
2025-06-18,2025-06-18,FO,NSE,IDO,47332,,NIFTY,,2025-07-17,2025-07-17,25800.00,PE,NIFTY2571725800PE,0.00,0.00,0.00,997.65,0.00,997.65,24812.05,1034.70,0,0,0,0.00,0,F1,75,,,,,
2025-06-18,2025-06-18,FO,NSE,IDO,47279,,NIFTY,,2025-07-17,2025-07-17,25050.00,PE,NIFTY2571725050PE,457.95,457.95,457.95,457.95,457.95,452.90,24812.05,538.05,0,-75,1,1913096.25,1,F1,75,,,,,
2025-06-18,2025-06-18,FO,NSE,IDO,47238,,NIFTY,,2025-07-17,2025-07-17,24400.00,PE,NIFTY2571724400PE,180.00,215.00,180.00,208.20,208.20,209.00,24812.05,208.20,2025,-1125,49,90411671.25,26,F1,75,,,,,
2025-06-18,2025-06-18,FO,NSE,IDO,47156,,NIFTY,,2025-07-17,2025-07-17,23500.00,PE,NIFTY2571723500PE,54.00,72.80,49.55,63.70,65.00,64.60,24812.05,63.70,3000,825,74,130759721.25,56,F1,75,,,,,
2025-06-18,2025-06-18,FO,NSE,IDO,47146,,NIFTY,,2025-07-17,2025-07-17,23350.00,PE,NIFTY2571723350PE,0.00,0.00,0.00,85.00,85.00,85.00,24812.05,45.85,2175,0,0,0.00,0,F1,75,,,,,
2025-06-18,2025-06-18,FO,NSE,IDO,47143,,NIFTY,,2025-07-17,2025-07-17,23300.00,PE,NIFTY2571723300PE,58.00,58.00,58.00,58.00,58.00,52.00,24812.05,41.50,2400,75,1,1751850.00,1,F1,75,,,,,
2025-06-18,2025-06-18,FO,NSE,IDO,47131,,NIFTY,,2025-07-17,2025-07-17,23100.00,PE,NIFTY2571723100PE,0.00,0.00,0.00,35.65,0.00,35.65,24812.05,27.45,0,0,0,0.00,0,F1,75,,,,,
2025-06-18,2025-06-18,FO,NSE,IDO,40057,,NIFTY,,2025-07-10,2025-07-10,25550.00,PE,NIFTY2571025550PE,0.00,0.00,0.00,911.45,0.00,911.45,24812.05,818.90,0,0,0,0.00,0,F1,75,,,,,
2025-06-18,2025-06-18,FO,NSE,IDO,40048,,NIFTY,,2025-07-10,2025-07-10,25450.00,PE,NIFTY2571025450PE,0.00,0.00,0.00,843.90,0.00,843.90,24812.05,746.95,0,0,0,0.00,0,F1,75,,,,,
2025-06-18,2025-06-18,FO,NSE,IDO,40019,,NIFTY,,2025-07-10,2025-07-10,25000.00,PE,NIFTY2571025000PE,394.15,426.00,340.00,403.95,407.00,390.35,24812.05,403.95,20925,-3600,759,1444885477.50,487,F1,75,,,,,
2025-06-18,2025-06-18,FO,NSE,IDO,40007,,NIFTY,,2025-07-10,2025-07-10,24850.00,PE,NIFTY2571024850PE,329.95,350.00,276.80,331.55,333.75,321.40,24812.05,331.55,7725,-3750,208,392748675.00,124,F1,75,,,,,
2025-06-18,2025-06-18,FO,NSE,IDO,39984,,NIFTY,,2025-07-10,2025-07-10,24600.00,PE,NIFTY2571024600PE,238.30,245.00,198.00,230.65,232.45,228.70,24812.05,230.65,12675,2025,154,286726308.75,128,F1,75,,,,,
2025-06-18,2025-06-18,FO,NSE,IDO,39971,,NIFTY,,2025-07-10,2025-07-10,24500.00,PE,NIFTY2571024500PE,206.40,219.00,170.00,201.70,203.55,200.05,24812.05,201.70,75000,26400,1535,2843036392.50,788,F1,75,,,,,
2025-06-18,2025-06-18,FO,NSE,IDO,39945,,NIFTY,,2025-07-10,2025-07-10,24150.00,PE,NIFTY2571024150PE,124.25,126.90,103.65,119.90,120.50,121.95,24812.05,119.90,3900,750,60,109188821.25,55,F1,75,,,,,
2025-06-18,2025-06-18,FO,NSE,IDO,39843,,NIFTY,,2025-07-10,2025-07-10,23050.00,PE,NIFTY2571023050PE,0.00,0.00,0.00,41.25,0.00,41.25,24812.05,12.65,0,0,0,0.00,0,F1,75,,,,,
2025-06-18,2025-06-18,FO,NSE,IDO,57019,,NIFTY,,2025-07-03,2025-07-03,25750.00,PE,NIFTY2570325750PE,0.00,0.00,0.00,777.50,777.50,777.50,24812.05,947.00,75,0,0,0.00,0,F1,75,,,,,
2025-06-18,2025-06-18,FO,NSE,IDO,56738,,NIFTY,,2025-07-03,2025-07-03,25150.00,PE,NIFTY2570325150PE,446.60,472.85,370.00,445.60,446.20,432.00,24812.05,445.60,2475,525,67,128522805.00,50,F1,75,,,,,
2025-06-18,2025-06-18,FO,NSE,IDO,56495,,NIFTY,,2025-07-03,2025-07-03,24450.00,PE,NIFTY2570324450PE,147.20,157.05,114.05,143.45,144.05,142.90,24812.05,143.45,13650,1650,280,516325076.25,186,F1,75,,,,,
2025-06-18,2025-06-18,FO,NSE,IDO,56451,,NIFTY,,2025-07-03,2025-07-03,24200.00,PE,NIFTY2570324200PE,89.15,103.00,72.00,92.05,91.50,91.40,24812.05,92.05,157050,23250,3487,6351850822.50,2393,F1,75,,,,,
2025-06-18,2025-06-18,FO,NSE,IDO,56242,,NIFTY,,2025-07-03,2025-07-03,23750.00,PE,NIFTY2570323750PE,36.00,46.60,36.00,41.70,41.80,43.55,24812.05,41.70,9900,1125,134,239104245.00,40,F1,75,,,,,
2025-06-18,2025-06-18,FO,NSE,IDO,56224,,NIFTY,,2025-07-03,2025-07-03,23600.00,PE,NIFTY2570323600PE,32.95,35.60,26.85,32.80,33.60,34.45,24812.05,32.80,34350,1575,602,1066948863.75,375,F1,75,,,,,
2025-06-18,2025-06-18,FO,NSE,IDO,55982,,NIFTY,,2025-07-03,2025-07-03,22850.00,PE,NIFTY2570322850PE,13.80,13.80,11.00,12.95,12.95,13.80,24812.05,12.95,9375,975,27,46295137.50,15,F1,75,,,,,
2025-06-18,2025-06-18,FO,NSE,IDO,62464,,NIFTY,,2025-06-26,2025-06-26,26250.00,PE,NIFTY25JUN26250PE,0.00,0.00,0.00,1262.15,1262.15,1262.15,24812.05,1406.95,2025,0,0,0.00,0,F1,75,,,,,
2025-06-18,2025-06-18,FO,NSE,IDO,62458,,NIFTY,,2025-06-26,2025-06-26,26100.00,PE,NIFTY25JUN26100PE,1141.50,1300.00,1141.50,1300.00,1300.00,1235.35,24812.05,1259.95,6900,-675,10,20463637.50,5,F1,75,,,,,
2025-06-18,2025-06-18,FO,NSE,IDO,55700,,NIFTY,,2025-07-31,2025-07-31,22900.00,PE,NIFTY25JUL22900PE,51.95,51.95,45.50,50.55,51.10,52.00,24812.05,50.55,173925,3450,433,745266446.25,241,F1,75,,,,,
2025-06-18,2025-06-18,FO,NSE,IDO,55748,,NIFTY,,2025-07-31,2025-07-31,23750.00,PE,NIFTY25JUL23750PE,123.15,130.45,115.30,127.40,127.40,125.20,24812.05,127.40,15375,2700,50,89525171.25,25,F1,75,,,,,
2025-06-18,2025-06-18,FO,NSE,IDO,55760,,NIFTY,,2025-07-31,2025-07-31,24050.00,PE,NIFTY25JUL24050PE,176.00,183.15,161.60,177.85,175.30,179.80,24812.05,177.85,10800,1725,94,170787075.00,49,F1,75,,,,,
2025-06-18,2025-06-18,FO,NSE,IDO,55772,,NIFTY,,2025-07-31,2025-07-31,24300.00,PE,NIFTY25JUL24300PE,239.35,246.95,208.75,233.85,236.55,233.60,24812.05,233.85,146625,23400,1590,2925420885.00,1018,F1,75,,,,,
2025-06-18,2025-06-18,FO,NSE,IDO,55788,,NIFTY,,2025-07-31,2025-07-31,24700.00,PE,NIFTY25JUL24700PE,363.00,375.50,318.10,360.95,360.70,355.20,24812.05,360.95,289500,44775,3361,6315878077.50,2212,F1,75,,,,,
2025-06-18,2025-06-18,FO,NSE,IDO,55808,,NIFTY,,2025-07-31,2025-07-31,25200.00,PE,NIFTY25JUL25200PE,597.55,611.70,522.50,589.05,595.00,573.35,24812.05,589.05,133275,-1950,838,1619859296.25,599,F1,75,,,,,
2025-06-18,2025-06-18,FO,NSE,IDO,55868,,NIFTY,,2025-07-31,2025-07-31,26450.00,PE,NIFTY25JUL26450PE,0.00,0.00,0.00,1376.80,1377.05,1376.80,24812.05,1578.70,1050,0,0,0.00,0,F1,75,,,,,
2025-06-18,2025-06-18,FO,NSE,IDO,71834,,NIFTY,,2025-08-28,2025-08-28,22800.00,PE,NIFTY25AUG22800PE,86.00,88.00,78.00,86.00,86.50,85.45,24812.05,86.00,58050,5175,229,393011808.75,110,F1,75,,,,,
2025-06-18,2025-06-18,FO,NSE,IDO,89627,,NIFTY,,2029-06-28,2029-06-28,22000.00,PE,NIFTY29JUN22000PE,0.00,0.00,0.00,422.00,0.00,422.00,24812.05,502.55,0,0,0,0.00,0,F1,75,,,,,
2025-06-18,2025-06-18,FO,NSE,IDO,86150,,NIFTY,,2028-06-29,2028-06-29,23000.00,PE,NIFTY28JUN23000PE,0.00,0.00,0.00,1399.25,0.00,1399.25,24812.05,662.60,0,0,0,0.00,0,F1,75,,,,,
2025-06-18,2025-06-18,FO,NSE,IDO,53627,,NIFTY,,2027-12-30,2027-12-30,25000.00,PE,NIFTY27DEC25000PE,0.00,0.00,0.00,1546.40,1546.40,1546.40,24812.05,1141.55,75,0,0,0.00,0,F1,75,,,,,
2025-06-18,2025-06-18,FO,NSE,IDO,35263,,NIFTY,,2027-06-24,2027-06-24,30000.00,PE,NIFTY27JUN30000PE,0.00,0.00,0.00,4562.55,0.00,4562.55,24812.05,3402.85,0,0,0,0.00,0,F1,75,,,,,
2025-06-18,2025-06-18,FO,NSE,IDO,71546,,NIFTY,,2027-06-24,2027-06-24,17000.00,PE,NIFTY27JUN17000PE,0.00,0.00,0.00,1814.75,0.00,1814.75,24812.05,32.10,0,0,0,0.00,0,F1,75,,,,,
2025-06-18,2025-06-18,FO,NSE,IDO,71506,,NIFTY,,2026-12-31,2026-12-31,26000.00,PE,NIFTY26DEC26000PE,1310.00,1350.00,1310.00,1350.00,1350.00,1348.00,24812.05,1509.40,15800,-225,7,14355296.25,7,F1,75,,,,,
2025-06-18,2025-06-18,FO,NSE,IDO,71502,,NIFTY,,2026-12-31,2026-12-31,24000.00,PE,NIFTY26DEC24000PE,785.00,810.00,785.00,810.00,810.00,812.55,24812.05,819.60,20700,-75,5,9300007.50,5,F1,75,,,,,
2025-06-18,2025-06-18,FO,NSE,IDO,58639,,NIFTY,,2026-12-31,2026-12-31,17000.00,PE,NIFTY26DEC17000PE,0.00,0.00,0.00,97.05,97.05,97.05,24812.05,18.05,2850,0,0,0.00,0,F1,75,,,,,
2025-06-18,2025-06-18,FO,NSE,IDO,71473,,NIFTY,,2026-06-25,2026-06-25,24000.00,PE,NIFTY26JUN24000PE,585.00,605.00,585.00,605.00,605.00,587.95,24812.05,731.55,36225,975,15,27673117.50,13,F1,75,,,,,
2025-06-18,2025-06-18,FO,NSE,IDO,38380,,NIFTY,,2026-06-25,2026-06-25,20000.00,PE,NIFTY26JUN20000PE,0.00,0.00,0.00,3159.75,0.00,3159.75,24812.05,82.50,0,0,0,0.00,0,F1,75,,,,,
2025-06-18,2025-06-18,FO,NSE,IDO,38153,,NIFTY,,2025-12-24,2025-12-24,29000.00,PE,NIFTY25DEC29000PE,3285.00,3375.00,3285.00,3330.35,3335.95,3312.50,24812.05,3330.35,50475,5150,340,824578282.50,316,F1,75,,,,,
2025-06-18,2025-06-18,FO,NSE,IDO,71398,,NIFTY,,2025-12-24,2025-12-24,25000.00,PE,NIFTY25DEC25000PE,748.55,758.00,705.35,742.65,742.00,730.05,24812.05,742.65,1742625,7725,1959,3781554787.50,1588,F1,75,,,,,
2025-06-18,2025-06-18,FO,NSE,IDO,39988,,NIFTY,,2025-12-24,2025-12-24,19000.00,PE,NIFTY25DEC19000PE,44.95,46.15,42.80,45.00,44.00,44.50,24812.05,45.00,164525,-1050,142,202826598.75,83,F1,75,,,,,
2025-06-18,2025-06-18,FO,NSE,IDO,55122,,NIFTY,,2025-12-24,2025-12-24,18000.00,PE,NIFTY25DEC18000PE,35.15,36.30,35.05,35.30,35.95,35.80,24812.05,35.30,96975,75,108,146087827.50,62,F1,75,,,,,
2025-06-18,2025-06-18,FO,NSE,IDO,49180,,NIFTY,,2025-12-24,2025-12-24,16500.00,PE,NIFTY25DEC16500PE,19.60,19.60,19.60,19.60,19.60,20.60,24812.05,0.10,3525,75,3,3716910.00,2,F1,75,,,,,
2025-06-18,2025-06-18,FO,NSE,IDO,72119,,NIFTY,,2025-08-28,2025-08-28,26200.00,PE,NIFTY25AUG26200PE,0.00,0.00,0.00,1178.75,1178.75,1178.75,24812.05,1415.40,150,0,0,0.00,0,F1,75,,,,,
2025-06-18,2025-06-18,FO,NSE,IDO,72101,,NIFTY,,2025-08-28,2025-08-28,25800.00,PE,NIFTY25AUG25800PE,1002.80,1002.80,950.00,950.00,950.00,918.00,24812.05,1142.05,825,150,2,4016460.00,2,F1,75,,,,,
2025-06-18,2025-06-18,FO,NSE,IDO,72095,,NIFTY,,2025-08-28,2025-08-28,25650.00,PE,NIFTY25AUG25650PE,0.00,0.00,0.00,831.35,831.35,831.35,24812.05,1047.15,150,0,0,0.00,0,F1,75,,,,,
2025-06-18,2025-06-18,FO,NSE,IDO,71963,,NIFTY,,2025-08-28,2025-08-28,24700.00,PE,NIFTY25AUG24700PE,460.00,460.65,412.00,451.05,452.00,450.10,24812.05,451.05,19800,225,80,150859050.00,55,F1,75,,,,,
2025-06-18,2025-06-18,FO,NSE,IDO,71943,,NIFTY,,2025-08-28,2025-08-28,24200.00,PE,NIFTY25AUG24200PE,289.00,305.00,274.50,292.00,292.00,289.40,24812.05,366.05,21525,1500,103,189163957.50,58,F1,75,,,,,
2025-06-18,2025-06-18,FO,NSE,IDO,50927,,NIFTY,,2025-06-19,2025-06-19,23650.00,CE,NIFTY2561923650CE,0.00,0.00,0.00,1324.10,1324.10,1324.10,24812.05,1165.95,1350,0,0,0.00,0,F1,75,,,,,
2025-06-18,2025-06-18,FO,NSE,IDO,50949,,NIFTY,,2025-06-19,2025-06-19,23850.00,CE,NIFTY2561923850CE,1030.00,1030.00,935.40,946.00,946.00,985.45,24812.05,946.00,1500,-75,4,7449855.00,4,F1,75,,,,,
2025-06-18,2025-06-18,FO,NSE,IDO,50963,,NIFTY,,2025-06-19,2025-06-19,24150.00,CE,NIFTY2561924150CE,780.60,780.60,618.50,650.30,645.45,698.55,24812.05,650.30,11475,450,320,595191243.75,134,F1,75,,,,,
2025-06-18,2025-06-18,FO,NSE,IDO,51003,,NIFTY,,2025-06-19,2025-06-19,24850.00,CE,NIFTY2561924850CE,90.00,165.00,48.70,59.40,52.00,99.35,24812.05,59.40,4800150,1206000,3357930,6278487762555.00,1701008,F1,75,,,,,
2025-06-18,2025-06-18,FO,NSE,IDO,51007,,NIFTY,,2025-06-19,2025-06-19,24900.00,CE,NIFTY2561924900CE,63.95,132.00,34.40,42.45,37.20,75.60,24812.05,42.45,10223100,3302325,5022060,9404234333988.75,2248285,F1,75,,,,,
2025-06-18,2025-06-18,FO,NSE,IDO,51025,,NIFTY,,2025-06-19,2025-06-19,25350.00,CE,NIFTY2561925350CE,4.55,7.65,2.10,2.40,2.30,5.15,24812.05,2.40,3076275,-232425,1002810,1906864915781.25,189898,F1,75,,,,,
2025-06-18,2025-06-18,FO,NSE,IDO,51075,,NIFTY,,2025-06-19,2025-06-19,26450.00,CE,NIFTY2561926450CE,0.75,0.85,0.55,0.80,0.85,0.90,24812.05,0.80,468075,-19425,40192,79732970621.25,6102,F1,75,,,,,
2025-06-18,2025-06-18,FO,NSE,IDO,62063,,NIFTY,,2025-06-26,2025-06-26,20450.00,CE,NIFTY25JUN20450CE,0.00,0.00,0.00,4426.90,4426.90,4426.90,24812.05,4388.80,1200,0,0,0.00,0,F1,75,,,,,
2025-06-18,2025-06-18,FO,NSE,IDO,62141,,NIFTY,,2025-06-26,2025-06-26,21450.00,CE,NIFTY25JUN21450CE,0.00,0.00,0.00,3515.60,3515.60,3515.60,24812.05,3390.10,1575,0,0,0.00,0,F1,75,,,,,
2025-06-18,2025-06-18,FO,NSE,IDO,62147,,NIFTY,,2025-06-26,2025-06-26,21600.00,CE,NIFTY25JUN21600CE,0.00,0.00,0.00,3405.10,3405.40,3405.10,24812.05,3240.30,1650,0,0,0.00,0,F1,75,,,,,
2025-06-18,2025-06-18,FO,NSE,IDO,58618,,NIFTY,,2025-06-26,2025-06-26,22000.00,CE,NIFTY25JUN22000CE,2905.80,2964.00,2795.00,2822.00,2811.10,2870.20,24812.05,2822.00,782700,-4575,249,463766580.00,178,F1,75,,,,,
2025-06-18,2025-06-18,FO,NSE,IDO,62265,,NIFTY,,2025-06-26,2025-06-26,23050.00,CE,NIFTY25JUN23050CE,0.00,0.00,0.00,1954.20,1954.20,1954.20,24812.05,1792.45,2700,0,0,0.00,0,F1,75,,,,,
2025-06-18,2025-06-18,FO,NSE,IDO,62267,,NIFTY,,2025-06-26,2025-06-26,23100.00,CE,NIFTY25JUN23100CE,1786.65,1786.65,1736.25,1736.25,1736.25,1785.00,24812.05,1742.60,10500,225,6,11184716.25,5,F1,75,,,,,
2025-06-18,2025-06-18,FO,NSE,IDO,62325,,NIFTY,,2025-06-26,2025-06-26,23400.00,CE,NIFTY25JUN23400CE,1481.00,1481.00,1411.10,1431.10,1423.40,1548.05,24812.05,1431.10,28725,450,13,24211702.50,13,F1,75,,,,,
2025-06-18,2025-06-18,FO,NSE,IDO,62349,,NIFTY,,2025-06-26,2025-06-26,23950.00,CE,NIFTY25JUN23950CE,0.00,0.00,0.00,1012.50,1012.50,1012.50,24812.05,913.40,1650,0,0,0.00,0,F1,75,,,,,
2025-06-18,2025-06-18,FO,NSE,IDO,62355,,NIFTY,,2025-06-26,2025-06-26,24150.00,CE,NIFTY25JUN24150CE,757.20,757.20,686.15,698.15,698.15,757.20,24812.05,734.00,33825,2100,56,104375088.75,26,F1,75,,,,,
2025-06-18,2025-06-18,FO,NSE,IDO,62383,,NIFTY,,2025-06-26,2025-06-26,24700.00,CE,NIFTY25JUN24700CE,299.60,389.60,258.60,279.05,271.50,318.00,24812.05,279.05,1165875,83625,38912,72955250452.50,24942,F1,75,,,,,
2025-06-18,2025-06-18,FO,NSE,IDO,62425,,NIFTY,,2025-06-26,2025-06-26,25600.00,CE,NIFTY25JUN25600CE,16.40,23.90,11.50,13.05,12.30,16.95,24812.05,13.05,1574925,295425,63047,121120504192.50,33369,F1,75,,,,,
2025-06-18,2025-06-18,FO,NSE,IDO,62439,,NIFTY,,2025-06-26,2025-06-26,25850.00,CE,NIFTY25JUN25850CE,6.45,8.45,4.70,5.50,5.40,6.85,24812.05,5.50,219750,58575,12379,24005376712.50,7109,F1,75,,,,,
2025-06-18,2025-06-18,FO,NSE,IDO,55993,,NIFTY,,2025-07-03,2025-07-03,23050.00,CE,NIFTY2570323050CE,0.00,0.00,0.00,1817.20,1817.20,1817.20,24812.05,1822.55,75,0,0,0.00,0,F1,75,,,,,
2025-06-18,2025-06-18,FO,NSE,IDO,56101,,NIFTY,,2025-07-03,2025-07-03,23350.00,CE,NIFTY2570323350CE,0.00,0.00,0.00,1689.75,1689.75,1689.75,24812.05,1530.30,75,0,0,0.00,0,F1,75,,,,,
2025-06-18,2025-06-18,FO,NSE,IDO,56195,,NIFTY,,2025-07-03,2025-07-03,23550.00,CE,NIFTY2570323550CE,0.00,0.00,0.00,1484.05,1484.05,1484.05,24812.05,1340.00,0,0,0,0.00,0,F1,75,,,,,
2025-06-18,2025-06-18,FO,NSE,IDO,56241,,NIFTY,,2025-07-03,2025-07-03,23750.00,CE,NIFTY2570323750CE,0.00,0.00,0.00,1307.80,1307.80,1307.80,24812.05,1155.45,75,0,0,0.00,0,F1,75,,,,,
2025-06-18,2025-06-18,FO,NSE,IDO,56480,,NIFTY,,2025-07-03,2025-07-03,24450.00,CE,NIFTY2570324450CE,625.00,625.00,548.00,548.45,548.45,599.50,24812.05,590.65,525,150,10,18755508.75,10,F1,75,,,,,
2025-06-18,2025-06-18,FO,NSE,IDO,56739,,NIFTY,,2025-07-03,2025-07-03,25200.00,CE,NIFTY2570325200CE,140.00,188.25,120.00,128.70,127.10,150.50,24812.05,128.70,276450,41850,6943,13197079893.75,5127,F1,75,,,,,
2025-06-18,2025-06-18,FO,NSE,IDO,57269,,NIFTY,,2025-07-03,2025-07-03,25950.00,CE,NIFTY2570325950CE,16.95,23.10,12.40,13.45,12.80,16.95,24812.05,13.45,9975,2400,183,356366733.75,90,F1,75,,,,,
2025-06-18,2025-06-18,FO,NSE,IDO,58685,,NIFTY,,2025-07-03,2025-07-03,26200.00,CE,NIFTY2570326200CE,7.05,9.75,6.25,6.70,6.75,8.40,24812.05,6.70,249450,113250,4424,8695547070.00,2323,F1,75,,,,,
2025-06-18,2025-06-18,FO,NSE,IDO,58719,,NIFTY,,2025-07-03,2025-07-03,26650.00,CE,NIFTY2570326650CE,5.70,5.70,3.65,4.20,4.10,5.00,24812.05,4.20,9000,3525,89,177915408.75,30,F1,75,,,,,
2025-06-18,2025-06-18,FO,NSE,IDO,71855,,NIFTY,,2025-08-28,2025-08-28,23300.00,PE,NIFTY25AUG23300PE,122.00,135.35,122.00,130.90,131.50,133.50,24812.05,130.90,93525,11325,219,384797625.00,114,F1,75,,,,,
2025-06-18,2025-06-18,FO,NSE,IDO,71846,,NIFTY,,2025-08-28,2025-08-28,23100.00,PE,NIFTY25AUG23100PE,105.00,113.80,105.00,113.00,112.95,107.60,24812.05,113.00,40350,3900,59,102711273.75,33,F1,75,,,,,
2025-06-18,2025-06-18,FO,NSE,IDO,58733,,NIFTY,,2025-07-03,2025-07-03,26850.00,CE,NIFTY2570326850CE,3.60,3.90,2.80,3.65,3.40,4.35,24812.05,3.65,12525,-600,94,189316076.25,39,F1,75,,,,,
2025-06-18,2025-06-18,FO,NSE,IDO,39880,,NIFTY,,2025-07-10,2025-07-10,23250.00,CE,NIFTY2571023250CE,0.00,0.00,0.00,1705.95,0.00,1705.95,24812.05,1666.75,0,0,0,0.00,0,F1,75,,,,,
2025-06-18,2025-06-18,FO,NSE,IDO,39944,,NIFTY,,2025-07-10,2025-07-10,24150.00,CE,NIFTY2571024150CE,0.00,0.00,0.00,978.60,0.00,978.60,24812.05,886.85,0,0,0,0.00,0,F1,75,,,,,
2025-06-18,2025-06-18,FO,NSE,IDO,39953,,NIFTY,,2025-07-10,2025-07-10,24300.00,CE,NIFTY2571024300CE,785.00,785.00,698.25,698.25,698.25,749.10,24812.05,698.25,150,0,3,5637618.75,2,F1,75,,,,,
2025-06-18,2025-06-18,FO,NSE,IDO,39968,,NIFTY,,2025-07-10,2025-07-10,24450.00,CE,NIFTY2571024450CE,0.00,0.00,0.00,779.30,0.00,779.30,24812.05,673.50,0,0,0,0.00,0,F1,75,,,,,
2025-06-18,2025-06-18,FO,NSE,IDO,40038,,NIFTY,,2025-07-10,2025-07-10,25300.00,CE,NIFTY2571025300CE,167.00,214.60,149.00,155.40,153.25,177.45,24812.05,155.40,22050,975,410,783328522.50,313,F1,75,,,,,
2025-06-18,2025-06-18,FO,NSE,IDO,47134,,NIFTY,,2025-07-17,2025-07-17,23200.00,CE,NIFTY2571723200CE,0.00,0.00,0.00,1867.60,0.00,1867.60,24812.05,1755.75,0,0,0,0.00,0,F1,75,,,,,
2025-06-18,2025-06-18,FO,NSE,IDO,47211,,NIFTY,,2025-07-17,2025-07-17,24050.00,CE,NIFTY2571724050CE,0.00,0.00,0.00,1146.90,0.00,1146.90,24812.05,1029.70,0,0,0,0.00,0,F1,75,,,,,
2025-06-18,2025-06-18,FO,NSE,IDO,47263,,NIFTY,,2025-07-17,2025-07-17,24750.00,CE,NIFTY2571724750CE,508.30,557.70,459.10,476.95,476.95,676.85,24812.05,568.15,1200,1200,20,37846770.00,10,F1,75,,,,,
2025-06-18,2025-06-18,FO,NSE,IDO,47275,,NIFTY,,2025-07-17,2025-07-17,25000.00,CE,NIFTY2571725000CE,352.80,416.90,324.00,332.75,328.15,363.95,24812.05,332.75,4050,1350,126,239575781.25,87,F1,75,,,,,
2025-06-18,2025-06-18,FO,NSE,IDO,47293,,NIFTY,,2025-07-17,2025-07-17,25300.00,CE,NIFTY2571725300CE,211.65,261.00,197.75,205.70,205.70,238.95,24812.05,205.70,2325,900,67,128203372.50,35,F1,75,,,,,
2025-06-18,2025-06-18,FO,NSE,IDO,47299,,NIFTY,,2025-07-17,2025-07-17,25450.00,CE,NIFTY2571725450CE,161.80,174.25,151.95,151.95,151.95,178.10,24812.05,264.75,1275,300,10,19208025.00,10,F1,75,,,,,
2025-06-18,2025-06-18,FO,NSE,IDO,47333,,NIFTY,,2025-07-17,2025-07-17,25850.00,CE,NIFTY2571725850CE,0.00,0.00,0.00,224.10,0.00,224.10,24812.05,157.70,0,0,0,0.00,0,F1,75,,,,,
2025-06-18,2025-06-18,FO,NSE,IDO,47355,,NIFTY,,2025-07-17,2025-07-17,26050.00,CE,NIFTY2571726050CE,0.00,0.00,0.00,176.50,0.00,176.50,24812.05,118.90,0,0,0,0.00,0,F1,75,,,,,
2025-06-18,2025-06-18,FO,NSE,IDO,47366,,NIFTY,,2025-07-17,2025-07-17,26300.00,CE,NIFTY2571726300CE,0.00,0.00,0.00,128.50,0.00,128.50,24812.05,81.65,0,0,0,0.00,0,F1,75,,,,,
2025-06-18,2025-06-18,FO,NSE,IDO,47374,,NIFTY,,2025-07-17,2025-07-17,26500.00,CE,NIFTY2571726500CE,0.00,0.00,0.00,98.25,0.00,98.25,24812.05,59.35,0,0,0,0.00,0,F1,75,,,,,
2025-06-18,2025-06-18,FO,NSE,IDO,47382,,NIFTY,,2025-07-17,2025-07-17,26700.00,CE,NIFTY2571726700CE,0.00,0.00,0.00,74.20,0.00,74.20,24812.05,42.45,0,0,0,0.00,0,F1,75,,,,,
2025-06-18,2025-06-18,FO,NSE,IDO,55671,,NIFTY,,2025-07-31,2025-07-31,22250.00,CE,NIFTY25JUL22250CE,2721.00,2777.00,2678.55,2687.90,2685.15,2737.00,24812.05,2687.90,13500,4275,57,106648725.00,27,F1,75,,,,,
2025-06-18,2025-06-18,FO,NSE,IDO,55705,,NIFTY,,2025-07-31,2025-07-31,23050.00,CE,NIFTY25JUL23050CE,0.00,0.00,0.00,2117.70,2117.70,2117.70,24812.05,1981.40,1050,0,0,0.00,0,F1,75,,,,,
2025-06-18,2025-06-18,FO,NSE,IDO,55731,,NIFTY,,2025-07-31,2025-07-31,23400.00,CE,NIFTY25JUL23400CE,0.00,0.00,0.00,1775.30,1775.30,1775.30,24812.05,1672.45,900,0,0,0.00,0,F1,75,,,,,
2025-06-18,2025-06-18,FO,NSE,IDO,55751,,NIFTY,,2025-07-31,2025-07-31,23850.00,CE,NIFTY25JUL23850CE,1283.00,1283.00,1283.00,1283.00,1283.00,1398.85,24812.05,1304.45,1125,-75,1,1884975.00,1,F1,75,,,,,
2025-06-18,2025-06-18,FO,NSE,IDO,55755,,NIFTY,,2025-07-31,2025-07-31,23950.00,CE,NIFTY25JUL23950CE,0.00,0.00,0.00,1209.80,1209.80,1209.80,24812.05,1228.05,525,0,0,0.00,0,F1,75,,,,,
2025-06-18,2025-06-18,FO,NSE,IDO,55765,,NIFTY,,2025-07-31,2025-07-31,24200.00,CE,NIFTY25JUL24200CE,963.95,1056.00,932.50,934.10,934.10,990.70,24812.05,1046.80,25575,2325,67,126467141.25,53,F1,75,,,,,
2025-06-18,2025-06-18,FO,NSE,IDO,55777,,NIFTY,,2025-07-31,2025-07-31,24450.00,CE,NIFTY25JUL24450CE,743.70,833.70,743.70,779.05,775.05,816.80,24812.05,779.05,4875,1950,47,88963147.50,42,F1,75,,,,,
2025-06-18,2025-06-18,FO,NSE,IDO,55803,,NIFTY,,2025-07-31,2025-07-31,25100.00,CE,NIFTY25JUL25100CE,416.10,468.75,372.00,383.35,381.75,417.30,24812.05,383.35,198225,5925,1672,3198649320.00,1140,F1,75,,,,,
2025-06-18,2025-06-18,FO,NSE,IDO,55815,,NIFTY,,2025-07-31,2025-07-31,25350.00,CE,NIFTY25JUL25350CE,283.85,341.25,269.00,274.40,272.20,303.45,24812.05,274.40,16875,-225,135,259603942.50,85,F1,75,,,,,
2025-06-18,2025-06-18,FO,NSE,IDO,55879,,NIFTY,,2025-07-31,2025-07-31,26700.00,CE,NIFTY25JUL26700CE,28.25,33.30,24.30,25.00,24.95,29.00,24812.05,25.00,119250,-12525,1815,3638159550.00,945,F1,75,,,,,
2025-06-18,2025-06-18,FO,NSE,IDO,71845,,NIFTY,,2025-08-28,2025-08-28,23100.00,CE,NIFTY25AUG23100CE,0.00,0.00,0.00,2275.60,0.00,2275.60,24812.05,2106.85,0,0,0,0.00,0,F1,75,,,,,
2025-06-18,2025-06-18,FO,NSE,IDO,71926,,NIFTY,,2025-08-28,2025-08-28,23850.00,CE,NIFTY25AUG23850CE,0.00,0.00,0.00,1576.55,1576.55,1576.55,24812.05,1512.35,75,0,0,0.00,0,F1,75,,,,,
2025-06-18,2025-06-18,FO,NSE,IDO,71976,,NIFTY,,2025-08-28,2025-08-28,25050.00,CE,NIFTY25AUG25050CE,628.40,661.85,595.70,596.00,596.00,638.50,24812.05,772.30,3900,1425,37,71263567.50,25,F1,75,,,,,
2025-06-18,2025-06-18,FO,NSE,IDO,72092,,NIFTY,,2025-08-28,2025-08-28,25600.00,CE,NIFTY25AUG25600CE,359.55,410.00,345.65,350.50,350.50,376.70,24812.05,350.50,1800,300,10,19474488.75,10,F1,75,,,,,
2025-06-18,2025-06-18,FO,NSE,IDO,72104,,NIFTY,,2025-08-28,2025-08-28,25900.00,CE,NIFTY25AUG25900CE,251.15,300.00,246.00,251.25,250.05,271.00,24812.05,251.25,5925,1050,29,56905515.00,26,F1,75,,,,,
2025-06-18,2025-06-18,FO,NSE,IDO,72108,,NIFTY,,2025-08-28,2025-08-28,26000.00,CE,NIFTY25AUG26000CE,232.40,274.00,217.00,222.60,219.00,245.30,24812.05,222.60,273375,55875,2652,5219499427.50,1736,F1,75,,,,,
2025-06-18,2025-06-18,FO,NSE,IDO,72110,,NIFTY,,2025-08-28,2025-08-28,26050.00,CE,NIFTY25AUG26050CE,0.00,0.00,0.00,533.45,0.00,533.45,24812.05,381.40,0,0,0,0.00,0,F1,75,,,,,
2025-06-18,2025-06-18,FO,NSE,IDO,72332,,NIFTY,,2025-08-28,2025-08-28,26900.00,CE,NIFTY25AUG26900CE,0.00,0.00,0.00,301.05,0.00,301.05,24812.05,187.95,0,0,0,0.00,0,F1,75,,,,,
2025-06-18,2025-06-18,FO,NSE,IDO,64704,,NIFTY,,2025-09-25,2025-09-25,30000.00,CE,NIFTY25SEP30000CE,16.00,16.00,14.00,14.40,14.30,14.75,24812.05,14.40,85275,10350,249,560521762.50,102,F1,75,,,,,
2025-06-18,2025-06-18,FO,NSE,IDO,50971,,NIFTY,,2025-12-24,2025-12-24,27000.00,CE,NIFTY25DEC27000CE,414.05,452.00,400.00,406.80,401.80,421.70,24812.05,406.80,1462500,38575,1880,3866162913.75,1248,F1,75,,,,,
2025-06-18,2025-06-18,FO,NSE,IDO,62918,,NIFTY,,2026-03-26,2026-03-26,21000.00,CE,NIFTY26MAR21000CE,0.00,0.00,0.00,4255.80,0.00,4255.80,24812.05,4896.65,0,0,0,0.00,0,F1,75,,,,,
2025-06-18,2025-06-18,FO,NSE,IDO,50556,,NIFTY,,2026-06-25,2026-06-25,18000.00,CE,NIFTY26JUN18000CE,0.00,0.00,0.00,7400.00,7400.00,7400.00,24812.05,7921.35,100,0,0,0.00,0,F1,75,,,,,
2025-06-18,2025-06-18,FO,NSE,IDO,38154,,NIFTY,,2026-06-25,2026-06-25,29000.00,CE,NIFTY26JUN29000CE,0.00,0.00,0.00,864.20,0.00,864.20,24812.05,824.20,0,0,0,0.00,0,F1,75,,,,,
2025-06-18,2025-06-18,FO,NSE,IDO,71556,,NIFTY,,2027-06-24,2027-06-24,22000.00,CE,NIFTY27JUN22000CE,0.00,0.00,0.00,2783.50,0.00,2783.50,24812.05,5810.20,0,0,0,0.00,0,F1,75,,,,,
2025-06-18,2025-06-18,FO,NSE,IDO,50549,,NIFTY,,2027-06-24,2027-06-24,28000.00,CE,NIFTY27JUN28000CE,0.00,0.00,0.00,2186.30,0.00,2186.30,24812.05,2421.80,0,0,0,0.00,0,F1,75,,,,,
2025-06-18,2025-06-18,FO,NSE,IDO,53624,,NIFTY,,2027-12-30,2027-12-30,24000.00,CE,NIFTY27DEC24000CE,0.00,0.00,0.00,3778.95,0.00,3778.95,24812.05,5149.65,0,0,0,0.00,0,F1,75,,,,,
2025-06-18,2025-06-18,FO,NSE,IDO,86141,,NIFTY,,2028-06-29,2028-06-29,19000.00,CE,NIFTY28JUN19000CE,0.00,0.00,0.00,6252.25,0.00,6252.25,24812.05,9205.05,0,0,0,0.00,0,F1,75,,,,,
2025-06-18,2025-06-18,FO,NSE,IDO,86149,,NIFTY,,2028-06-29,2028-06-29,23000.00,CE,NIFTY28JUN23000CE,0.00,0.00,0.00,4323.10,0.00,4323.10,24812.05,6388.35,0,0,0,0.00,0,F1,75,,,,,
2025-06-18,2025-06-18,FO,NSE,IDO,86153,,NIFTY,,2028-06-29,2028-06-29,25000.00,CE,NIFTY28JUN25000CE,0.00,0.00,0.00,3545.15,0.00,3545.15,24812.05,5188.10,0,0,0,0.00,0,F1,75,,,,,
2025-06-18,2025-06-18,FO,NSE,IDO,89630,,NIFTY,,2029-06-28,2029-06-28,24000.00,CE,NIFTY29JUN24000CE,0.00,0.00,0.00,8085.35,0.00,8085.35,24812.05,6926.00,0,0,0,0.00,0,F1,75,,,,,
2025-06-18,2025-06-18,FO,NSE,IDO,89638,,NIFTY,,2029-06-28,2029-06-28,28000.00,CE,NIFTY29JUN28000CE,0.00,0.00,0.00,6112.60,0.00,6112.60,24812.05,4858.10,0,0,0,0.00,0,F1,75,,,,,
2025-06-18,2025-06-18,FO,NSE,IDO,89640,,NIFTY,,2029-06-28,2029-06-28,29000.00,CE,NIFTY29JUN29000CE,0.00,0.00,0.00,5677.90,0.00,5677.90,24812.05,4421.65,0,0,0,0.00,0,F1,75,,,,,
2025-06-18,2025-06-18,FO,NSE,IDO,61914,,NIFTY,,2029-12-27,2029-12-27,29000.00,CE,NIFTY29DEC29000CE,0.00,0.00,0.00,5305.80,0.00,5305.80,24812.05,4979.30,0,0,0,0.00,0,F1,75,,,,,
2025-06-18,2025-06-18,FO,NSE,IDO,50928,,NIFTY,,2025-06-19,2025-06-19,23650.00,PE,NIFTY2561923650PE,3.40,3.40,0.80,1.25,1.60,3.80,24812.05,1.25,445500,-186750,146248,259421855317.50,23510,F1,75,,,,,
2025-06-18,2025-06-18,FO,NSE,IDO,50962,,NIFTY,,2025-06-19,2025-06-19,24100.00,PE,NIFTY2561924100PE,9.00,9.05,2.30,3.05,3.55,8.90,24812.05,3.05,2893950,-222375,1144627,2069169801120.00,191268,F1,75,,,,,
2025-06-18,2025-06-18,FO,NSE,IDO,50975,,NIFTY,,2025-06-19,2025-06-19,24300.00,PE,NIFTY2561924300PE,16.30,16.30,4.35,6.25,6.80,14.90,24812.05,6.25,4268175,296625,953044,1737363388781.25,239964,F1,75,,,,,
2025-06-18,2025-06-18,FO,NSE,IDO,50983,,NIFTY,,2025-06-19,2025-06-19,24400.00,PE,NIFTY2561924400PE,20.30,21.00,6.20,9.90,10.55,20.30,24812.05,9.90,3900975,774300,1291435,2364256447140.00,325329,F1,75,,,,,
2025-06-18,2025-06-18,FO,NSE,IDO,50992,,NIFTY,,2025-06-19,2025-06-19,24550.00,PE,NIFTY2561924550PE,35.80,37.35,11.90,20.85,21.40,34.10,24812.05,20.85,1732800,272250,1056813,1947485839818.75,367135,F1,75,,,,,
2025-06-18,2025-06-18,FO,NSE,IDO,50998,,NIFTY,,2025-06-19,2025-06-19,24700.00,PE,NIFTY2561924700PE,75.05,75.05,25.50,46.20,46.40,61.10,24812.05,46.20,6200250,500475,3739115,6939802054927.50,1458710,F1,75,,,,,
2025-06-18,2025-06-18,FO,NSE,IDO,51000,,NIFTY,,2025-06-19,2025-06-19,24750.00,PE,NIFTY2561924750PE,90.00,90.00,33.60,61.50,61.55,74.90,24812.05,61.50,2887875,1041900,3228938,6009054910586.25,1486704,F1,75,,,,,
2025-06-18,2025-06-18,FO,NSE,IDO,51022,,NIFTY,,2025-06-19,2025-06-19,25250.00,PE,NIFTY2561925250PE,450.55,492.05,313.10,448.65,462.30,423.15,24812.05,448.65,80100,-28650,4907,9436227873.75,3015,F1,75,,,,,
2025-06-18,2025-06-18,FO,NSE,IDO,51038,,NIFTY,,2025-06-19,2025-06-19,25600.00,PE,NIFTY2561925600PE,780.00,832.00,650.50,798.65,810.00,766.65,24812.05,798.65,12450,-3600,202,399584902.50,146,F1,75,,,,,
2025-06-18,2025-06-18,FO,NSE,IDO,51044,,NIFTY,,2025-06-19,2025-06-19,25700.00,PE,NIFTY2561925700PE,817.65,940.55,763.65,898.95,907.35,867.10,24812.05,898.95,11175,-5175,165,328879488.75,138,F1,75,,,,,
2025-06-18,2025-06-18,FO,NSE,IDO,51048,,NIFTY,,2025-06-19,2025-06-19,25800.00,PE,NIFTY2561925800PE,988.35,1025.00,857.50,1005.20,1009.35,969.10,24812.05,1005.20,9675,-225,155,311123632.50,106,F1,75,,,,,
2025-06-18,2025-06-18,FO,NSE,IDO,51064,,NIFTY,,2025-06-19,2025-06-19,26200.00,PE,NIFTY2561926200PE,1328.50,1419.40,1328.50,1416.65,1416.65,1235.30,24812.05,1383.70,2700,-750,11,22777627.50,7,F1,75,,,,,
2025-06-18,2025-06-18,FO,NSE,IDO,51070,,NIFTY,,2025-06-19,2025-06-19,26350.00,PE,NIFTY2561926350PE,0.00,0.00,0.00,1665.05,1665.05,1665.05,24812.05,1533.65,1275,0,0,0.00,0,F1,75,,,,,
2025-06-18,2025-06-18,FO,NSE,IDO,51073,,NIFTY,,2025-06-19,2025-06-19,26400.00,PE,NIFTY2561926400PE,1500.00,1500.00,1500.00,1500.00,1500.00,1525.00,24812.05,1583.65,1425,0,1,2092500.00,1,F1,75,,,,,
2025-06-18,2025-06-18,FO,NSE,IDO,62066,,NIFTY,,2025-06-26,2025-06-26,20500.00,PE,NIFTY25JUN20500PE,1.90,1.90,1.55,1.70,1.70,1.90,24812.05,1.70,523950,185625,10468,16095853338.75,3080,F1,75,,,,,
2025-06-18,2025-06-18,FO,NSE,IDO,62076,,NIFTY,,2025-06-26,2025-06-26,20700.00,PE,NIFTY25JUN20700PE,2.00,2.05,1.30,1.80,1.75,2.10,24812.05,1.80,13275,2175,532,825998133.75,313,F1,75,,,,,
2025-06-18,2025-06-18,FO,NSE,IDO,62098,,NIFTY,,2025-06-26,2025-06-26,20900.00,PE,NIFTY25JUN20900PE,2.35,2.35,1.60,1.90,1.90,2.35,24812.05,1.90,76725,1725,986,1545692625.00,579,F1,75,,,,,
2025-06-18,2025-06-18,FO,NSE,IDO,62140,,NIFTY,,2025-06-26,2025-06-26,21400.00,PE,NIFTY25JUN21400PE,2.90,2.90,1.75,2.15,2.35,2.85,24812.05,2.15,40050,1500,462,741581418.75,265,F1,75,,,,,
2025-06-18,2025-06-18,FO,NSE,IDO,62360,,NIFTY,,2025-06-26,2025-06-26,24200.00,PE,NIFTY25JUN24200PE,54.35,60.35,33.80,48.70,50.15,49.55,24812.05,48.70,2011125,219075,62008,112752055128.75,36817,F1,75,,,,,
2025-06-18,2025-06-18,FO,NSE,IDO,62394,,NIFTY,,2025-06-26,2025-06-26,24850.00,PE,NIFTY25JUN24850PE,234.30,243.95,158.95,217.90,224.05,208.05,24812.05,217.90,610500,5325,58934,110741932905.00,38688,F1,75,,,,,
2025-06-18,2025-06-18,FO,NSE,IDO,62410,,NIFTY,,2025-06-26,2025-06-26,25250.00,PE,NIFTY25JUN25250PE,480.15,510.00,365.00,476.10,484.90,448.35,24812.05,476.10,66600,-4650,1404,2706000172.50,835,F1,75,,,,,
2025-06-18,2025-06-18,FO,NSE,IDO,62416,,NIFTY,,2025-06-26,2025-06-26,25350.00,PE,NIFTY25JUN25350PE,526.45,590.90,445.00,561.45,568.35,526.45,24812.05,561.45,39300,-2175,139,269730161.25,84,F1,75,,,,,
2025-06-18,2025-06-18,FO,NSE,IDO,62430,,NIFTY,,2025-06-26,2025-06-26,25700.00,PE,NIFTY25JUN25700PE,860.00,915.00,744.05,870.95,889.35,845.35,24812.05,870.95,41250,-3375,349,695225891.25,137,F1,75,,,,,
2025-06-18,2025-06-18,FO,NSE,IDO,62442,,NIFTY,,2025-06-26,2025-06-26,25900.00,PE,NIFTY25JUN25900PE,1002.00,1107.05,941.85,1072.60,1079.00,1026.05,24812.05,1072.60,32700,-975,113,228189795.00,86,F1,75,,,,,
2025-06-18,2025-06-18,FO,NSE,IDO,71384,,NIFTY,,2025-06-26,2025-06-26,26000.00,PE,NIFTY25JUN26000PE,1167.05,1213.45,1029.05,1175.45,1184.95,1129.75,24812.05,1175.45,1317550,-23825,1847,3758859697.50,1131,F1,75,,,,,
2025-06-18,2025-06-18,FO,NSE,IDO,50980,,NIFTY,,2025-06-19,2025-06-19,24350.00,PE,NIFTY2561924350PE,19.00,19.00,5.20,7.85,8.55,17.20,24812.05,7.85,1657725,396150,673862,1231023845066.25,172342,F1,75,,,,,
2025-06-18,2025-06-18,FO,NSE,IDO,55692,,NIFTY,,2025-07-31,2025-07-31,22750.00,PE,NIFTY25JUL22750PE,40.30,44.45,39.70,44.45,44.45,44.40,24812.05,44.45,10650,1800,43,73504027.50,19,F1,75,,,,,
2025-06-18,2025-06-18,FO,NSE,IDO,47356,,NIFTY,,2025-07-17,2025-07-17,26050.00,PE,NIFTY2571726050PE,0.00,0.00,0.00,1185.10,0.00,1185.10,24812.05,1233.55,0,0,0,0.00,0,F1,75,,,,,
2025-06-18,2025-06-18,FO,NSE,IDO,47298,,NIFTY,,2025-07-17,2025-07-17,25400.00,PE,NIFTY2571725400PE,0.00,0.00,0.00,600.00,600.00,600.00,24812.05,749.05,75,0,0,0.00,0,F1,75,,,,,
2025-06-18,2025-06-18,FO,NSE,IDF,53216,,NIFTY,,2025-07-31,2025-07-31,,,NIFTY25JULFUT,24944.50,25091.50,24905.00,24941.60,24934.00,24985.40,24812.05,24941.60,6371400,104625,10523,19714163130.00,8349,F1,75,,,,,
2025-06-18,2025-06-18,FO,NSE,IDO,50849,,NIFTY,,2025-06-19,2025-06-19,22850.00,CE,NIFTY2561922850CE,2006.70,2006.70,1968.50,1968.50,1968.50,2030.70,24812.05,1965.80,900,-150,2,3725640.00,2,F1,75,,,,,
2025-06-18,2025-06-18,FO,NSE,IDO,50895,,NIFTY,,2025-06-19,2025-06-19,23400.00,CE,NIFTY2561923400CE,1467.00,1467.00,1372.95,1395.00,1395.00,1554.50,24812.05,1395.00,1200,-675,11,20458657.50,6,F1,75,,,,,
2025-06-18,2025-06-18,FO,NSE,IDO,50929,,NIFTY,,2025-06-19,2025-06-19,23700.00,CE,NIFTY2561923700CE,1245.00,1245.00,1075.70,1106.90,1106.90,1151.00,24812.05,1115.95,4875,-675,28,52109767.50,17,F1,75,,,,,
2025-06-18,2025-06-18,FO,NSE,IDO,50967,,NIFTY,,2025-06-19,2025-06-19,24250.00,CE,NIFTY2561924250CE,650.00,696.50,518.55,559.95,547.55,599.60,24812.05,559.95,9525,-3525,454,846048525.00,282,F1,75,,,,,
2025-06-18,2025-06-18,FO,NSE,IDO,51011,,NIFTY,,2025-06-19,2025-06-19,25000.00,CE,NIFTY2561925000CE,34.70,78.30,17.30,22.05,19.60,41.35,24812.05,22.05,13788000,4314600,4541861,8528451702333.75,1645500,F1,75,,,,,
2025-06-18,2025-06-18,FO,NSE,IDO,51013,,NIFTY,,2025-06-19,2025-06-19,25050.00,CE,NIFTY2561925050CE,20.00,58.35,12.10,15.65,14.25,30.45,24812.05,15.65,3476475,1147350,1686898,3172623851613.75,636555,F1,75,,,,,
2025-06-18,2025-06-18,FO,NSE,IDO,51015,,NIFTY,,2025-06-19,2025-06-19,25100.00,CE,NIFTY2561925100CE,19.95,42.45,8.65,11.20,10.30,22.30,24812.05,11.20,7054725,812175,2401019,4523412985732.50,737533,F1,75,,,,,
2025-06-18,2025-06-18,FO,NSE,IDO,51035,,NIFTY,,2025-06-19,2025-06-19,25600.00,CE,NIFTY2561925600CE,1.55,2.00,1.15,1.30,1.25,1.95,24812.05,1.30,6187725,1135275,784777,1506855110448.75,122321,F1,75,,,,,
2025-06-18,2025-06-18,FO,NSE,IDO,62061,,NIFTY,,2025-06-26,2025-06-26,20400.00,CE,NIFTY25JUN20400CE,0.00,0.00,0.00,3793.10,3787.65,3793.10,24812.05,4438.75,525,0,0,0.00,0,F1,75,,,,,
2025-06-18,2025-06-18,FO,NSE,IDO,62105,,NIFTY,,2025-06-26,2025-06-26,21050.00,CE,NIFTY25JUN21050CE,0.00,0.00,0.00,3750.25,3750.25,3750.25,24812.05,3789.60,675,0,0,0.00,0,F1,75,,,,,
2025-06-18,2025-06-18,FO,NSE,IDO,62133,,NIFTY,,2025-06-26,2025-06-26,21250.00,CE,NIFTY25JUN21250CE,0.00,0.00,0.00,3712.50,3712.50,3712.50,24812.05,3589.85,825,0,0,0.00,0,F1,75,,,,,
2025-06-18,2025-06-18,FO,NSE,IDO,62145,,NIFTY,,2025-06-26,2025-06-26,21550.00,CE,NIFTY25JUN21550CE,0.00,0.00,0.00,3417.60,3417.60,3417.60,24812.05,3290.25,1575,0,0,0.00,0,F1,75,,,,,
2025-06-18,2025-06-18,FO,NSE,IDO,62161,,NIFTY,,2025-06-26,2025-06-26,21750.00,CE,NIFTY25JUN21750CE,0.00,0.00,0.00,3260.50,3261.05,3260.50,24812.05,3090.50,1875,0,0,0.00,0,F1,75,,,,,
2025-06-18,2025-06-18,FO,NSE,IDO,62163,,NIFTY,,2025-06-26,2025-06-26,21800.00,CE,NIFTY25JUN21800CE,0.00,0.00,0.00,3204.80,3205.15,3204.80,24812.05,3040.60,3975,0,0,0.00,0,F1,75,,,,,
2025-06-18,2025-06-18,FO,NSE,IDO,62173,,NIFTY,,2025-06-26,2025-06-26,22050.00,CE,NIFTY25JUN22050CE,0.00,0.00,0.00,2958.50,2958.30,2958.50,24812.05,2790.90,2475,0,0,0.00,0,F1,75,,,,,
2025-06-18,2025-06-18,FO,NSE,IDO,62199,,NIFTY,,2025-06-26,2025-06-26,22500.00,CE,NIFTY25JUN22500CE,2423.00,2459.50,2299.00,2331.55,2315.00,2369.45,24812.05,2331.55,234075,-11400,283,527448247.50,210,F1,75,,,,,
2025-06-18,2025-06-18,FO,NSE,IDO,62259,,NIFTY,,2025-06-26,2025-06-26,22950.00,CE,NIFTY25JUN22950CE,1846.95,1855.45,1846.95,1855.45,1855.45,2056.55,24812.05,1892.20,2850,150,2,3720180.00,2,F1,75,,,,,
2025-06-18,2025-06-18,FO,NSE,IDO,62345,,NIFTY,,2025-06-26,2025-06-26,23850.00,CE,NIFTY25JUN23850CE,1112.50,1112.50,970.00,1012.55,1012.55,1112.50,24812.05,1006.85,4050,150,6,11189261.25,4,F1,75,,,,,
2025-06-18,2025-06-18,FO,NSE,IDO,62359,,NIFTY,,2025-06-26,2025-06-26,24200.00,CE,NIFTY25JUN24200CE,693.00,808.90,639.00,671.45,660.35,713.45,24812.05,671.45,111975,32400,1411,2636586390.00,690,F1,75,,,,,
2025-06-18,2025-06-18,FO,NSE,IDO,62387,,NIFTY,,2025-06-26,2025-06-26,24800.00,CE,NIFTY25JUN24800CE,230.00,319.40,201.15,219.20,211.95,254.65,24812.05,219.20,2396550,491400,156696,294226618961.25,92229,F1,75,,,,,
2025-06-18,2025-06-18,FO,NSE,IDO,62401,,NIFTY,,2025-06-26,2025-06-26,25100.00,CE,NIFTY25JUN25100CE,100.00,150.55,80.90,90.30,87.30,111.35,24812.05,90.30,1751325,45000,92669,175180801387.50,52027,F1,75,,,,,
2025-06-18,2025-06-18,FO,NSE,IDO,62415,,NIFTY,,2025-06-26,2025-06-26,25350.00,CE,NIFTY25JUN25350CE,35.55,64.65,31.85,36.00,34.50,45.90,24812.05,36.00,361500,70125,44599,84946346092.50,25193,F1,75,,,,,
2025-06-18,2025-06-18,FO,NSE,IDO,62475,,NIFTY,,2025-06-26,2025-06-26,26550.00,CE,NIFTY25JUN26550CE,1.90,1.95,1.60,1.85,1.80,1.80,24812.05,1.85,265650,-9075,954,1899777112.50,348,F1,75,,,,,
2025-06-18,2025-06-18,FO,NSE,IDO,35219,,NIFTY,,2025-06-26,2025-06-26,30000.00,CE,NIFTY25JUN30000CE,0.05,1.15,0.05,1.05,1.05,1.05,24812.05,1.05,4248975,-193875,10158,22856218395.00,1347,F1,75,,,,,
2025-06-18,2025-06-18,FO,NSE,IDO,56347,,NIFTY,,2025-07-03,2025-07-03,23900.00,CE,NIFTY2570323900CE,0.00,0.00,0.00,1155.95,1155.95,1155.95,24812.05,1022.25,0,0,0,0.00,0,F1,75,,,,,
2025-06-18,2025-06-18,FO,NSE,IDO,56441,,NIFTY,,2025-07-03,2025-07-03,24200.00,CE,NIFTY2570324200CE,855.55,855.55,713.90,731.70,724.35,830.75,24812.05,731.70,10575,3525,92,172049392.50,66,F1,75,,,,,
2025-06-18,2025-06-18,FO,NSE,IDO,56474,,NIFTY,,2025-07-03,2025-07-03,24400.00,CE,NIFTY2570324400CE,613.20,690.00,555.00,569.70,564.15,613.20,24812.05,569.70,24675,-5025,160,300087423.75,101,F1,75,,,,,
2025-06-18,2025-06-18,FO,NSE,IDO,56612,,NIFTY,,2025-07-03,2025-07-03,24850.00,CE,NIFTY2570324850CE,310.40,368.95,263.60,279.15,276.00,312.30,24812.05,279.15,54150,29550,1635,3083183115.00,953,F1,75,,,,,
2025-06-18,2025-06-18,FO,NSE,IDO,56733,,NIFTY,,2025-07-03,2025-07-03,25150.00,CE,NIFTY2570325150CE,149.85,210.25,138.90,145.00,145.35,169.45,24812.05,145.00,13650,1425,443,840955372.50,310,F1,75,,,,,
2025-06-18,2025-06-18,FO,NSE,IDO,56741,,NIFTY,,2025-07-03,2025-07-03,25250.00,CE,NIFTY2570325250CE,116.70,167.00,107.10,113.40,107.20,134.55,24812.05,113.40,18300,-2100,1062,2021106926.25,620,F1,75,,,,,
2025-06-18,2025-06-18,FO,NSE,IDO,56805,,NIFTY,,2025-07-03,2025-07-03,25450.00,CE,NIFTY2570325450CE,68.55,99.50,60.95,64.80,65.05,76.60,24812.05,64.80,23850,6000,747,1429841422.50,436,F1,75,,,,,
2025-06-18,2025-06-18,FO,NSE,IDO,56888,,NIFTY,,2025-07-03,2025-07-03,25550.00,CE,NIFTY2570325550CE,50.30,74.55,44.35,47.30,47.10,57.05,24812.05,47.30,38775,2775,779,1495910688.75,557,F1,75,,,,,
2025-06-18,2025-06-18,FO,NSE,IDO,58696,,NIFTY,,2025-07-03,2025-07-03,26300.00,CE,NIFTY2570326300CE,6.65,7.70,4.95,5.65,5.55,6.85,24812.05,5.65,71175,900,2197,4334496476.25,1354,F1,75,,,,,
2025-06-18,2025-06-18,FO,NSE,IDO,39898,,NIFTY,,2025-07-10,2025-07-10,23500.00,CE,NIFTY2571023500CE,0.00,0.00,0.00,1487.90,0.00,1487.90,24812.05,1434.70,0,0,0,0.00,0,F1,75,,,,,
2025-06-18,2025-06-18,FO,NSE,IDO,39904,,NIFTY,,2025-07-10,2025-07-10,23600.00,CE,NIFTY2571023600CE,0.00,0.00,0.00,1403.70,0.00,1403.70,24812.05,1344.50,0,0,0,0.00,0,F1,75,,,,,
2025-06-18,2025-06-18,FO,NSE,IDO,39906,,NIFTY,,2025-07-10,2025-07-10,23650.00,CE,NIFTY2571023650CE,0.00,0.00,0.00,1362.30,0.00,1362.30,24812.05,1300.05,0,0,0,0.00,0,F1,75,,,,,
2025-06-18,2025-06-18,FO,NSE,IDO,39950,,NIFTY,,2025-07-10,2025-07-10,24250.00,CE,NIFTY2571024250CE,0.00,0.00,0.00,909.40,0.00,909.40,24812.05,812.30,0,0,0,0.00,0,F1,75,,,,,
2025-06-18,2025-06-18,FO,NSE,IDO,39994,,NIFTY,,2025-07-10,2025-07-10,24700.00,CE,NIFTY2571024700CE,471.55,543.25,420.55,437.65,433.20,475.55,24812.05,437.65,10800,3900,149,281072148.75,126,F1,75,,,,,
2025-06-18,2025-06-18,FO,NSE,IDO,40024,,NIFTY,,2025-07-10,2025-07-10,25150.00,CE,NIFTY2571025150CE,216.65,276.40,205.55,209.20,206.25,239.05,24812.05,209.20,3900,1425,36,68516587.50,30,F1,75,,,,,
2025-06-18,2025-06-18,FO,NSE,IDO,40049,,NIFTY,,2025-07-10,2025-07-10,25500.00,CE,NIFTY2571025500CE,110.00,143.70,94.70,99.05,96.00,116.35,24812.05,99.05,56175,23475,1315,2525553262.50,839,F1,75,,,,,
2025-06-18,2025-06-18,FO,NSE,IDO,47170,,NIFTY,,2025-07-17,2025-07-17,23700.00,CE,NIFTY2571723700CE,0.00,0.00,0.00,1427.75,0.00,1427.75,24812.05,1311.50,0,0,0,0.00,0,F1,75,,,,,
2025-06-18,2025-06-18,FO,NSE,IDO,47227,,NIFTY,,2025-07-17,2025-07-17,24200.00,CE,NIFTY2571724200CE,0.00,0.00,0.00,1035.95,0.00,1035.95,24812.05,918.20,0,0,0,0.00,0,F1,75,,,,,
2025-06-18,2025-06-18,FO,NSE,IDO,47259,,NIFTY,,2025-07-17,2025-07-17,24650.00,CE,NIFTY2571724650CE,539.30,539.30,519.55,527.45,527.45,753.90,24812.05,527.45,1125,1050,14,26436720.00,7,F1,75,,,,,
2025-06-18,2025-06-18,FO,NSE,IDO,47303,,NIFTY,,2025-07-17,2025-07-17,25550.00,CE,NIFTY2571725550CE,133.55,144.25,127.35,127.35,127.35,145.95,24812.05,127.35,750,150,11,21188490.00,11,F1,75,,,,,
2025-06-18,2025-06-18,FO,NSE,IDO,47317,,NIFTY,,2025-07-17,2025-07-17,25800.00,CE,NIFTY2571725800CE,0.00,0.00,0.00,237.55,0.00,237.55,24812.05,168.85,0,0,0,0.00,0,F1,75,,,,,
2025-06-18,2025-06-18,FO,NSE,IDO,47359,,NIFTY,,2025-07-17,2025-07-17,26150.00,CE,NIFTY2571726150CE,48.15,48.15,32.15,35.35,32.15,40.15,24812.05,35.35,7800,-1425,63,123739098.75,37,F1,75,,,,,
2025-06-18,2025-06-18,FO,NSE,IDO,47368,,NIFTY,,2025-07-17,2025-07-17,26350.00,CE,NIFTY2571726350CE,0.00,0.00,0.00,120.30,0.00,120.30,24812.05,75.50,0,0,0,0.00,0,F1,75,,,,,
2025-06-18,2025-06-18,FO,NSE,IDO,55753,,NIFTY,,2025-07-31,2025-07-31,23900.00,CE,NIFTY25JUL23900CE,1299.85,1299.85,1180.00,1192.85,1192.85,1228.85,24812.05,1265.95,1575,75,5,9432930.00,3,F1,75,,,,,
2025-06-18,2025-06-18,FO,NSE,IDO,55791,,NIFTY,,2025-07-31,2025-07-31,24800.00,CE,NIFTY25JUL24800CE,562.35,647.85,525.60,544.35,541.50,582.05,24812.05,544.35,393675,33825,3326,6326464473.75,2492,F1,75,,,,,
2025-06-18,2025-06-18,FO,NSE,IDO,55805,,NIFTY,,2025-07-31,2025-07-31,25150.00,CE,NIFTY25JUL25150CE,368.80,438.45,353.25,359.30,360.25,392.10,24812.05,359.30,33450,-1275,95,181900391.25,61,F1,75,,,,,
2025-06-18,2025-06-18,FO,NSE,IDO,55859,,NIFTY,,2025-07-31,2025-07-31,26250.00,CE,NIFTY25JUL26250CE,0.00,0.00,0.00,166.10,165.90,166.10,24812.05,166.45,3000,0,0,0.00,0,F1,75,,,,,
2025-06-18,2025-06-18,FO,NSE,IDO,55871,,NIFTY,,2025-07-31,2025-07-31,26550.00,CE,NIFTY25JUL26550CE,70.90,70.90,33.00,34.00,33.20,82.35,24812.05,34.00,14025,11850,336,669989591.25,148,F1,75,,,,,
2025-06-18,2025-06-18,FO,NSE,IDO,55881,,NIFTY,,2025-07-31,2025-07-31,26750.00,CE,NIFTY25JUL26750CE,27.90,31.80,22.25,22.90,22.80,26.45,24812.05,22.90,16950,975,199,399633213.75,102,F1,75,,,,,
2025-06-18,2025-06-18,FO,NSE,IDO,71843,,NIFTY,,2025-08-28,2025-08-28,23050.00,CE,NIFTY25AUG23050CE,0.00,0.00,0.00,2316.90,0.00,2316.90,24812.05,2149.40,0,0,0,0.00,0,F1,75,,,,,
2025-06-18,2025-06-18,FO,NSE,IDO,71847,,NIFTY,,2025-08-28,2025-08-28,23150.00,CE,NIFTY25AUG23150CE,0.00,0.00,0.00,2168.20,2168.20,2168.20,24812.05,2064.60,75,0,0,0.00,0,F1,75,,,,,
2025-06-18,2025-06-18,FO,NSE,IDO,71864,,NIFTY,,2025-08-28,2025-08-28,23500.00,CE,NIFTY25AUG23500CE,1740.00,1750.00,1660.00,1695.00,1695.00,1781.25,24812.05,1778.50,2400,1350,25,47279486.25,11,F1,75,,,,,
2025-06-18,2025-06-18,FO,NSE,IDO,71968,,NIFTY,,2025-08-28,2025-08-28,24850.00,CE,NIFTY25AUG24850CE,0.00,0.00,0.00,757.00,749.95,757.00,24812.05,875.00,975,0,0,0.00,0,F1,75,,,,,
2025-06-18,2025-06-18,FO,NSE,IDO,72074,,NIFTY,,2025-08-28,2025-08-28,25400.00,CE,NIFTY25AUG25400CE,442.85,485.95,426.00,433.00,433.00,450.00,24812.05,612.85,8550,1050,28,54267390.00,24,F1,75,,,,,
2025-06-18,2025-06-18,FO,NSE,IDO,72124,,NIFTY,,2025-08-28,2025-08-28,26350.00,CE,NIFTY25AUG26350CE,0.00,0.00,0.00,286.10,286.10,286.10,24812.05,301.50,225,0,0,0.00,0,F1,75,,,,,
2025-06-18,2025-06-18,FO,NSE,IDO,72330,,NIFTY,,2025-08-28,2025-08-28,26850.00,CE,NIFTY25AUG26850CE,0.00,0.00,0.00,312.00,0.00,312.00,24812.05,196.50,0,0,0,0.00,0,F1,75,,,,,
2025-06-18,2025-06-18,FO,NSE,IDO,64684,,NIFTY,,2025-09-25,2025-09-25,20000.00,CE,NIFTY25SEP20000CE,5200.00,5202.55,5015.80,5047.35,5032.10,5098.20,24812.05,5047.35,57825,36675,577,1084276353.75,493,F1,75,,,,,
2025-06-18,2025-06-18,FO,NSE,IDO,64688,,NIFTY,,2025-09-25,2025-09-25,22000.00,CE,NIFTY25SEP22000CE,3264.00,3264.00,3155.00,3189.85,3189.85,3228.05,24812.05,3189.85,51525,-225,17,32110488.75,14,F1,75,,,,,
2025-06-18,2025-06-18,FO,NSE,IDO,64696,,NIFTY,,2025-09-25,2025-09-25,26000.00,CE,NIFTY25SEP26000CE,387.55,434.90,364.85,371.10,368.00,395.15,24812.05,371.10,552075,15975,1677,3319303308.75,1265,F1,75,,,,,
2025-06-18,2025-06-18,FO,NSE,IDO,45873,,NIFTY,,2025-12-24,2025-12-24,17000.00,CE,NIFTY25DEC17000CE,0.00,0.00,0.00,7010.00,7010.00,7010.00,24812.05,8345.15,700,0,0,0.00,0,F1,75,,,,,
2025-06-18,2025-06-18,FO,NSE,IDO,35221,,NIFTY,,2025-12-24,2025-12-24,30000.00,CE,NIFTY25DEC30000CE,56.00,58.25,51.05,52.20,51.45,55.25,24812.05,52.20,246900,-450,248,558990120.00,184,F1,75,,,,,
2025-06-18,2025-06-18,FO,NSE,IDO,42129,,NIFTY,,2025-12-24,2025-12-24,31000.00,CE,NIFTY25DEC31000CE,34.75,34.75,31.00,31.85,32.00,33.40,24812.05,31.85,156025,2850,95,221110406.25,60,F1,75,,,,,
2025-06-18,2025-06-18,FO,NSE,IDO,58624,,NIFTY,,2026-06-25,2026-06-25,12000.00,CE,NIFTY26JUN12000CE,0.00,0.00,0.00,8690.00,8690.00,8690.00,24812.05,13541.15,50,0,0,0.00,0,F1,75,,,,,
2025-06-18,2025-06-18,FO,NSE,IDO,39989,,NIFTY,,2026-06-25,2026-06-25,19000.00,CE,NIFTY26JUN19000CE,0.00,0.00,0.00,5792.00,5792.00,5792.00,24812.05,7004.65,100,0,0,0.00,0,F1,75,,,,,
2025-06-18,2025-06-18,FO,NSE,IDO,53613,,NIFTY,,2027-12-30,2027-12-30,21000.00,CE,NIFTY27DEC21000CE,0.00,0.00,0.00,4902.40,0.00,4902.40,24812.05,7168.85,0,0,0,0.00,0,F1,75,,,,,
2025-06-18,2025-06-18,FO,NSE,IDO,53631,,NIFTY,,2027-12-30,2027-12-30,27000.00,CE,NIFTY27DEC27000CE,0.00,0.00,0.00,2889.80,0.00,2889.80,24812.05,3524.50,0,0,0,0.00,0,F1,75,,,,,
2025-06-18,2025-06-18,FO,NSE,IDO,86151,,NIFTY,,2028-06-29,2028-06-29,24000.00,CE,NIFTY28JUN24000CE,0.00,0.00,0.00,3918.85,0.00,3918.85,24812.05,5769.25,0,0,0,0.00,0,F1,75,,,,,
2025-06-18,2025-06-18,FO,NSE,IDO,67778,,NIFTY,,2028-12-28,2028-12-28,22000.00,CE,NIFTY28DEC22000CE,0.00,0.00,0.00,6932.45,0.00,6932.45,24812.05,7606.50,0,0,0,0.00,0,F1,75,,,,,
2025-06-18,2025-06-18,FO,NSE,IDO,67786,,NIFTY,,2028-12-28,2028-12-28,26000.00,CE,NIFTY28DEC26000CE,0.00,0.00,0.00,4879.70,0.00,4879.70,24812.05,5249.00,0,0,0,0.00,0,F1,75,,,,,
2025-06-18,2025-06-18,FO,NSE,IDO,61746,,NIFTY,,2029-12-27,2029-12-27,23000.00,CE,NIFTY29DEC23000CE,0.00,0.00,0.00,8286.75,0.00,8286.75,24812.05,8051.65,0,0,0,0.00,0,F1,75,,,,,
2025-06-18,2025-06-18,FO,NSE,IDO,50926,,NIFTY,,2025-06-19,2025-06-19,23600.00,PE,NIFTY2561923600PE,1.90,3.35,0.75,1.10,1.35,3.50,24812.05,1.10,1751325,-546300,315359,558215284698.75,55395,F1,75,,,,,
2025-06-18,2025-06-18,FO,NSE,IDO,61773,,NIFTY,,2029-12-27,2029-12-27,25000.00,PE,NIFTY29DEC25000PE,0.00,0.00,0.00,785.30,0.00,785.30,24812.05,1025.15,0,0,0,0.00,0,F1,75,,,,,
2025-06-18,2025-06-18,FO,NSE,IDO,61749,,NIFTY,,2029-12-27,2029-12-27,24000.00,PE,NIFTY29DEC24000PE,0.00,0.00,0.00,625.50,0.00,625.50,24812.05,822.80,0,0,0,0.00,0,F1,75,,,,,
2025-06-18,2025-06-18,FO,NSE,IDO,61747,,NIFTY,,2029-12-27,2029-12-27,23000.00,PE,NIFTY29DEC23000PE,0.00,0.00,0.00,799.95,799.95,799.95,24812.05,648.40,1875,0,0,0.00,0,F1,75,,,,,
2025-06-18,2025-06-18,FO,NSE,IDO,61403,,NIFTY,,2029-12-27,2029-12-27,19000.00,PE,NIFTY29DEC19000PE,0.00,0.00,0.00,142.25,0.00,142.25,24812.05,196.40,0,0,0,0.00,0,F1,75,,,,,
2025-06-18,2025-06-18,FO,NSE,IDO,89635,,NIFTY,,2029-06-28,2029-06-28,26000.00,PE,NIFTY29JUN26000PE,0.00,0.00,0.00,1391.75,1391.75,1391.75,24812.05,1308.65,25,0,0,0.00,0,F1,75,,,,,
2025-06-18,2025-06-18,FO,NSE,IDO,67793,,NIFTY,,2028-12-28,2028-12-28,29000.00,PE,NIFTY28DEC29000PE,0.00,0.00,0.00,2010.85,0.00,2010.85,24812.05,2377.65,0,0,0,0.00,0,F1,75,,,,,
2025-06-18,2025-06-18,FO,NSE,IDO,67777,,NIFTY,,2028-12-28,2028-12-28,21000.00,PE,NIFTY28DEC21000PE,0.00,0.00,0.00,618.05,618.05,618.05,24812.05,365.15,1250,0,0,0.00,0,F1,75,,,,,
2025-06-18,2025-06-18,FO,NSE,IDO,86160,,NIFTY,,2028-06-29,2028-06-29,25000.00,PE,NIFTY28JUN25000PE,0.00,0.00,0.00,2016.80,0.00,2016.80,24812.05,1122.05,0,0,0,0.00,0,F1,75,,,,,
2025-06-18,2025-06-18,FO,NSE,IDO,86148,,NIFTY,,2028-06-29,2028-06-29,22000.00,PE,NIFTY28JUN22000PE,0.00,0.00,0.00,520.05,520.05,520.05,24812.05,489.30,100,0,0,0.00,0,F1,75,,,,,
2025-06-18,2025-06-18,FO,NSE,IDO,86144,,NIFTY,,2028-06-29,2028-06-29,20000.00,PE,NIFTY28JUN20000PE,0.00,0.00,0.00,400.00,400.00,400.00,24812.05,241.60,0,0,0,0.00,0,F1,75,,,,,
2025-06-18,2025-06-18,FO,NSE,IDO,86140,,NIFTY,,2028-06-29,2028-06-29,18000.00,PE,NIFTY28JUN18000PE,0.00,0.00,0.00,396.75,0.00,396.75,24812.05,101.00,0,0,0,0.00,0,F1,75,,,,,
2025-06-18,2025-06-18,FO,NSE,IDO,86138,,NIFTY,,2028-06-29,2028-06-29,17000.00,PE,NIFTY28JUN17000PE,0.00,0.00,0.00,283.10,0.00,283.10,24812.05,60.30,0,0,0,0.00,0,F1,75,,,,,
2025-06-18,2025-06-18,FO,NSE,IDO,50942,,NIFTY,,2025-06-19,2025-06-19,23750.00,PE,NIFTY2561923750PE,3.75,4.05,0.95,1.50,1.60,4.60,24812.05,1.50,1019700,329475,261483,465796460745.00,45504,F1,75,,,,,
2025-06-18,2025-06-18,FO,NSE,IDO,50964,,NIFTY,,2025-06-19,2025-06-19,24150.00,PE,NIFTY2561924150PE,8.00,9.60,2.70,3.55,4.00,10.00,24812.05,3.55,1155975,227775,527863,956229061717.50,106302,F1,75,,,,,
2025-06-18,2025-06-18,FO,NSE,IDO,51032,,NIFTY,,2025-06-19,2025-06-19,25500.00,PE,NIFTY2561925500PE,691.00,740.00,550.50,703.20,711.95,668.35,24812.05,703.20,159975,-59250,7190,14095618196.25,4149,F1,75,,,,,
2025-06-18,2025-06-18,FO,NSE,IDO,51034,,NIFTY,,2025-06-19,2025-06-19,25550.00,PE,NIFTY2561925550PE,715.30,780.30,612.00,755.45,750.75,712.65,24812.05,755.45,10650,-825,42,82782708.75,41,F1,75,,,,,
2025-06-18,2025-06-18,FO,NSE,IDO,51076,,NIFTY,,2025-06-19,2025-06-19,26450.00,PE,NIFTY2561926450PE,0.00,0.00,0.00,1884.95,1884.95,1884.95,24812.05,1633.65,600,0,0,0.00,0,F1,75,,,,,
2025-06-18,2025-06-18,FO,NSE,IDO,51090,,NIFTY,,2025-06-19,2025-06-19,26750.00,PE,NIFTY2561926750PE,0.00,0.00,0.00,1818.15,1818.15,1818.15,24812.05,1933.60,1050,0,0,0.00,0,F1,75,,,,,
2025-06-18,2025-06-18,FO,NSE,IDO,40091,,NIFTY,,2025-06-26,2025-06-26,15000.00,PE,NIFTY25JUN15000PE,0.75,1.05,0.75,0.90,0.95,0.70,24812.05,0.90,76825,22500,1724,1939616302.50,468,F1,75,,,,,
2025-06-18,2025-06-18,FO,NSE,IDO,62072,,NIFTY,,2025-06-26,2025-06-26,20600.00,PE,NIFTY25JUN20600PE,2.20,2.20,1.50,1.75,1.80,2.00,24812.05,1.75,18375,2625,569,879178245.00,327,F1,75,,,,,
2025-06-18,2025-06-18,FO,NSE,IDO,53602,,NIFTY,,2027-12-30,2027-12-30,17000.00,PE,NIFTY27DEC17000PE,0.00,0.00,0.00,94.05,94.05,94.05,24812.05,47.15,14200,0,0,0.00,0,F1,75,,,,,
2025-06-18,2025-06-18,FO,NSE,IDO,50984,,NIFTY,,2027-06-24,2027-06-24,27000.00,PE,NIFTY27JUN27000PE,0.00,0.00,0.00,6273.45,0.00,6273.45,24812.05,1890.90,0,0,0,0.00,0,F1,75,,,,,
2025-06-18,2025-06-18,FO,NSE,IDO,58647,,NIFTY,,2026-12-31,2026-12-31,21000.00,PE,NIFTY26DEC21000PE,310.45,310.80,308.80,310.30,310.80,305.00,24812.05,310.30,5100,-750,11,17580727.50,6,F1,75,,,,,
2025-06-18,2025-06-18,FO,NSE,IDO,58629,,NIFTY,,2026-12-31,2026-12-31,12000.00,PE,NIFTY26DEC12000PE,0.00,0.00,0.00,20.05,20.05,20.05,24812.05,0.05,1100,0,0,0.00,0,F1,75,,,,,
2025-06-18,2025-06-18,FO,NSE,IDO,38157,,NIFTY,,2026-06-25,2026-06-25,29000.00,PE,NIFTY26JUN29000PE,0.00,0.00,0.00,5546.10,0.00,5546.10,24812.05,3250.25,0,0,0,0.00,0,F1,75,,,,,
2025-06-18,2025-06-18,FO,NSE,IDO,50444,,NIFTY,,2026-06-25,2026-06-25,14000.00,PE,NIFTY26JUN14000PE,0.00,0.00,0.00,24.00,24.00,24.00,24812.05,0.10,1225,0,0,0.00,0,F1,75,,,,,
2025-06-18,2025-06-18,FO,NSE,IDO,62933,,NIFTY,,2026-03-26,2026-03-26,28000.00,PE,NIFTY26MAR28000PE,0.00,0.00,0.00,3078.95,0.00,3078.95,24812.05,2661.45,0,0,0,0.00,0,F1,75,,,,,
2025-06-18,2025-06-18,FO,NSE,IDO,62074,,NIFTY,,2025-06-26,2025-06-26,20650.00,PE,NIFTY25JUN20650PE,2.20,2.20,1.30,1.80,1.75,2.15,24812.05,1.80,33300,11475,879,1361467087.50,494,F1,75,,,,,
2025-06-18,2025-06-18,FO,NSE,IDO,62134,,NIFTY,,2025-06-26,2025-06-26,21250.00,PE,NIFTY25JUN21250PE,2.60,2.65,1.75,2.15,1.95,2.70,24812.05,2.15,14175,-5025,446,710878751.25,246,F1,75,,,,,
2025-06-18,2025-06-18,FO,NSE,IDO,62156,,NIFTY,,2025-06-26,2025-06-26,21650.00,PE,NIFTY25JUN21650PE,2.55,2.65,1.85,2.30,2.50,3.10,24812.05,2.30,8850,4500,180,292304366.25,97,F1,75,,,,,
2025-06-18,2025-06-18,FO,NSE,IDO,62166,,NIFTY,,2025-06-26,2025-06-26,21850.00,PE,NIFTY25JUN21850PE,2.65,2.80,1.90,2.55,2.50,3.50,24812.05,2.55,10950,-11850,946,1550413605.00,495,F1,75,,,,,
2025-06-18,2025-06-18,FO,NSE,IDO,62184,,NIFTY,,2025-06-26,2025-06-26,22100.00,PE,NIFTY25JUN22100PE,3.20,3.35,2.20,2.80,3.05,3.90,24812.05,2.80,65925,3900,1187,1967678047.50,658,F1,75,,,,,
2025-06-18,2025-06-18,FO,NSE,IDO,62190,,NIFTY,,2025-06-26,2025-06-26,22250.00,PE,NIFTY25JUN22250PE,3.20,3.50,2.40,3.15,3.05,4.35,24812.05,3.15,38550,975,714,1191634233.75,520,F1,75,,,,,
2025-06-18,2025-06-18,FO,NSE,IDO,62256,,NIFTY,,2025-06-26,2025-06-26,22850.00,PE,NIFTY25JUN22850PE,5.40,6.30,4.25,5.65,6.30,7.20,24812.05,5.65,56025,30525,2510,4302447708.75,1453,F1,75,,,,,
2025-06-18,2025-06-18,FO,NSE,IDO,62258,,NIFTY,,2025-06-26,2025-06-26,22900.00,PE,NIFTY25JUN22900PE,5.90,6.60,4.50,5.85,6.40,7.40,24812.05,5.85,188775,49575,9377,16108769670.00,5455,F1,75,,,,,
2025-06-18,2025-06-18,FO,NSE,IDO,62264,,NIFTY,,2025-06-26,2025-06-26,22950.00,PE,NIFTY25JUN22950PE,6.30,7.05,4.85,6.10,6.70,8.05,24812.05,6.10,77100,9225,3559,6127433051.25,1827,F1,75,,,,,
2025-06-18,2025-06-18,FO,NSE,IDO,62334,,NIFTY,,2025-06-26,2025-06-26,23600.00,PE,NIFTY25JUN23600PE,18.00,18.35,10.70,15.35,15.95,16.45,24812.05,15.35,813450,86250,28343,50196190496.25,17882,F1,75,,,,,
2025-06-18,2025-06-18,FO,NSE,IDO,62338,,NIFTY,,2025-06-26,2025-06-26,23700.00,PE,NIFTY25JUN23700PE,20.00,22.15,12.60,18.00,18.95,18.90,24812.05,18.00,750300,194100,36702,65283406612.50,20254,F1,75,,,,,
2025-06-18,2025-06-18,FO,NSE,IDO,62346,,NIFTY,,2025-06-26,2025-06-26,23850.00,PE,NIFTY25JUN23850PE,24.95,27.15,16.45,23.65,24.90,24.95,24812.05,23.65,258525,166125,7848,14050880047.50,3793,F1,75,,,,,
2025-06-18,2025-06-18,FO,NSE,IDO,62378,,NIFTY,,2025-06-26,2025-06-26,24550.00,PE,NIFTY25JUN24550PE,115.00,127.55,77.80,110.00,112.05,108.25,24812.05,110.00,346350,12600,23314,43106091135.00,14619,F1,75,,,,,
2025-06-18,2025-06-18,FO,NSE,IDO,62382,,NIFTY,,2025-06-26,2025-06-26,24650.00,PE,NIFTY25JUN24650PE,145.00,159.15,98.90,139.00,142.20,135.60,24812.05,139.00,345675,49200,28279,52557801656.25,19011,F1,75,,,,,
2025-06-18,2025-06-18,FO,NSE,IDO,62931,,NIFTY,,2026-03-26,2026-03-26,27000.00,PE,NIFTY26MAR27000PE,0.00,0.00,0.00,2406.70,0.00,2406.70,24812.05,2020.70,0,0,0,0.00,0,F1,75,,,,,
2025-06-18,2025-06-18,FO,NSE,IDO,62422,,NIFTY,,2025-06-26,2025-06-26,25500.00,PE,NIFTY25JUN25500PE,691.55,729.80,559.05,693.20,703.00,657.30,24812.05,693.20,732750,-11325,8551,16772536747.50,4672,F1,75,,,,,
2025-06-18,2025-06-18,FO,NSE,IDO,62428,,NIFTY,,2025-06-26,2025-06-26,25650.00,PE,NIFTY25JUN25650PE,698.00,855.35,698.00,836.45,855.35,786.70,24812.05,836.45,8775,300,80,158378861.25,34,F1,75,,,,,
2025-06-18,2025-06-18,FO,NSE,IDO,62438,,NIFTY,,2025-06-26,2025-06-26,25800.00,PE,NIFTY25JUN25800PE,970.00,1009.50,832.55,976.70,987.05,937.85,24812.05,976.70,28725,-4725,329,659146755.00,166,F1,75,,,,,
2025-06-18,2025-06-18,FO,NSE,IDO,62468,,NIFTY,,2025-06-26,2025-06-26,26350.00,PE,NIFTY25JUN26350PE,0.00,0.00,0.00,1357.30,1357.30,1357.30,24812.05,1505.65,1725,0,0,0.00,0,F1,75,,,,,
2025-06-18,2025-06-18,FO,NSE,IDO,62486,,NIFTY,,2025-06-26,2025-06-26,26600.00,PE,NIFTY25JUN26600PE,0.00,0.00,0.00,1601.60,1601.60,1601.60,24812.05,1753.85,1800,0,0,0.00,0,F1,75,,,,,
2025-06-18,2025-06-18,FO,NSE,IDO,56094,,NIFTY,,2025-07-03,2025-07-03,23300.00,PE,NIFTY2570323300PE,21.10,22.05,16.60,20.55,21.15,21.10,24812.05,20.55,67575,-3600,956,1671975558.75,729,F1,75,,,,,
2025-06-18,2025-06-18,FO,NSE,IDO,56119,,NIFTY,,2025-07-03,2025-07-03,23350.00,PE,NIFTY2570323350PE,22.00,23.75,18.80,23.20,23.55,21.45,24812.05,23.20,14625,4350,200,350559495.00,51,F1,75,,,,,
2025-06-18,2025-06-18,FO,NSE,IDO,56473,,NIFTY,,2025-07-03,2025-07-03,24350.00,PE,NIFTY2570324350PE,124.10,132.65,95.75,120.65,122.80,119.30,24812.05,120.65,15375,3300,333,610903533.75,246,F1,75,,,,,
2025-06-18,2025-06-18,FO,NSE,IDO,57126,,NIFTY,,2025-07-03,2025-07-03,25850.00,PE,NIFTY2570325850PE,0.00,0.00,0.00,863.00,863.00,863.00,24812.05,1032.70,75,0,0,0.00,0,F1,75,,,,,
2025-06-18,2025-06-18,FO,NSE,IDO,58688,,NIFTY,,2025-07-03,2025-07-03,26250.00,PE,NIFTY2570326250PE,0.00,0.00,0.00,1248.05,1248.05,1248.05,24812.05,1396.10,75,0,0,0.00,0,F1,75,,,,,
2025-06-18,2025-06-18,FO,NSE,IDO,58699,,NIFTY,,2025-07-03,2025-07-03,26350.00,PE,NIFTY2570326350PE,0.00,0.00,0.00,1337.25,1337.25,1337.25,24812.05,1490.70,75,0,0,0.00,0,F1,75,,,,,
2025-06-18,2025-06-18,FO,NSE,IDO,39847,,NIFTY,,2025-07-10,2025-07-10,23100.00,PE,NIFTY2571023100PE,19.15,31.75,19.15,31.70,31.65,28.00,24812.05,31.70,2325,75,4,6937852.50,4,F1,75,,,,,
2025-06-18,2025-06-18,FO,NSE,IDO,39897,,NIFTY,,2025-07-10,2025-07-10,23450.00,PE,NIFTY2571023450PE,0.00,0.00,0.00,37.85,37.85,37.85,24812.05,34.15,75,0,0,0.00,0,F1,75,,,,,
2025-06-18,2025-06-18,FO,NSE,IDO,62923,,NIFTY,,2026-03-26,2026-03-26,23000.00,PE,NIFTY26MAR23000PE,0.00,0.00,0.00,577.80,0.00,577.80,24812.05,400.85,0,0,0,0.00,0,F1,75,,,,,
2025-06-18,2025-06-18,FO,NSE,IDO,71403,,NIFTY,,2025-12-24,2025-12-24,26000.00,PE,NIFTY25DEC26000PE,1172.85,1193.90,1110.00,1175.55,1173.05,1152.85,24812.05,1175.55,827575,5850,820,1670464627.50,654,F1,75,,,,,
2025-06-18,2025-06-18,FO,NSE,IDO,72155,,NIFTY,,2025-08-28,2025-08-28,26400.00,PE,NIFTY25AUG26400PE,0.00,0.00,0.00,1324.45,1324.45,1324.45,24812.05,1563.55,225,0,0,0.00,0,F1,75,,,,,
2025-06-18,2025-06-18,FO,NSE,IDO,71953,,NIFTY,,2025-08-28,2025-08-28,24450.00,PE,NIFTY25AUG24450PE,354.90,365.95,354.90,365.95,365.95,364.70,24812.05,365.95,750,75,2,3721563.75,2,F1,75,,,,,
2025-06-18,2025-06-18,FO,NSE,IDO,71939,,NIFTY,,2025-08-28,2025-08-28,24150.00,PE,NIFTY25AUG24150PE,0.00,0.00,0.00,269.60,269.80,269.60,24812.05,350.25,450,0,0,0.00,0,F1,75,,,,,
2025-06-18,2025-06-18,FO,NSE,IDO,55878,,NIFTY,,2025-07-31,2025-07-31,26650.00,PE,NIFTY25JUL26650PE,0.00,0.00,0.00,1550.50,1550.65,1550.50,24812.05,1748.70,1200,0,0,0.00,0,F1,75,,,,,
2025-06-18,2025-06-18,FO,NSE,IDO,55875,,NIFTY,,2025-07-31,2025-07-31,26600.00,PE,NIFTY25JUL26600PE,0.00,0.00,0.00,1618.25,1618.25,1618.25,24812.05,1705.65,2775,0,0,0.00,0,F1,75,,,,,
2025-06-18,2025-06-18,FO,NSE,IDO,55832,,NIFTY,,2025-07-31,2025-07-31,25600.00,PE,NIFTY25JUL25600PE,841.00,857.25,751.50,834.60,850.30,814.00,24812.05,834.60,46800,1350,150,297293985.00,91,F1,75,,,,,
2025-06-18,2025-06-18,FO,NSE,IDO,55792,,NIFTY,,2025-07-31,2025-07-31,24800.00,PE,NIFTY25JUL24800PE,420.00,420.00,351.80,398.15,400.40,392.40,24812.05,398.15,519825,33750,4713,8904166087.50,3180,F1,75,,,,,
2025-06-18,2025-06-18,FO,NSE,IDO,55756,,NIFTY,,2025-07-31,2025-07-31,23950.00,PE,NIFTY25JUL23950PE,149.15,164.15,142.25,160.10,159.40,160.25,24812.05,160.10,14325,2775,111,200694498.75,41,F1,75,,,,,
2025-06-18,2025-06-18,FO,NSE,IDO,55738,,NIFTY,,2025-07-31,2025-07-31,23550.00,PE,NIFTY25JUL23550PE,96.65,106.85,89.95,103.20,101.45,104.05,24812.05,103.20,19425,4575,150,266028873.75,69,F1,75,,,,,
2025-06-18,2025-06-18,FO,NSE,IDO,39913,,NIFTY,,2025-07-10,2025-07-10,23650.00,PE,NIFTY2571023650PE,58.50,60.00,51.55,56.50,56.50,60.00,24812.05,53.05,2025,900,18,32003925.00,9,F1,75,,,,,
2025-06-18,2025-06-18,FO,NSE,IDO,39967,,NIFTY,,2025-07-10,2025-07-10,24400.00,PE,NIFTY2571024400PE,179.00,188.70,147.10,173.20,174.75,172.95,24812.05,173.20,13950,4425,618,1138696511.25,287,F1,75,,,,,
2025-06-18,2025-06-18,FO,NSE,IDO,40003,,NIFTY,,2025-07-10,2025-07-10,24800.00,PE,NIFTY2571024800PE,313.65,327.40,260.00,309.65,311.20,298.75,24812.05,309.65,27900,3450,1195,2249385322.50,730,F1,75,,,,,
2025-06-18,2025-06-18,FO,NSE,IDO,40147,,NIFTY,,2025-07-10,2025-07-10,26800.00,PE,NIFTY2571026800PE,0.00,0.00,0.00,1933.85,0.00,1933.85,24812.05,1908.80,0,0,0,0.00,0,F1,75,,,,,
2025-06-18,2025-06-18,FO,NSE,IDO,47141,,NIFTY,,2025-07-17,2025-07-17,23250.00,PE,NIFTY2571723250PE,0.00,0.00,0.00,47.10,0.00,47.10,24812.05,37.55,0,0,0,0.00,0,F1,75,,,,,
2025-06-18,2025-06-18,FO,NSE,IDO,47151,,NIFTY,,2025-07-17,2025-07-17,23400.00,PE,NIFTY2571723400PE,55.00,55.00,55.00,55.00,55.00,61.30,24812.05,50.50,75,75,1,1759125.00,1,F1,75,,,,,
2025-06-18,2025-06-18,FO,NSE,IDO,47154,,NIFTY,,2025-07-17,2025-07-17,23450.00,PE,NIFTY2571723450PE,0.00,0.00,0.00,72.00,72.00,72.00,24812.05,55.55,75,0,0,0.00,0,F1,75,,,,,
2025-06-18,2025-06-18,FO,NSE,IDO,47169,,NIFTY,,2025-07-17,2025-07-17,23650.00,PE,NIFTY2571723650PE,0.00,0.00,0.00,92.60,0.00,92.60,24812.05,80.05,0,0,0,0.00,0,F1,75,,,,,
2025-06-18,2025-06-18,FO,NSE,IDO,47174,,NIFTY,,2025-07-17,2025-07-17,23750.00,PE,NIFTY2571723750PE,0.00,0.00,0.00,108.20,0.00,108.20,24812.05,95.10,0,0,0,0.00,0,F1,75,,,,,
2025-06-18,2025-06-18,FO,NSE,IDO,47186,,NIFTY,,2025-07-17,2025-07-17,23850.00,PE,NIFTY2571723850PE,0.00,0.00,0.00,125.75,0.00,125.75,24812.05,112.35,0,0,0,0.00,0,F1,75,,,,,
2025-06-18,2025-06-18,FO,NSE,IDO,47286,,NIFTY,,2025-07-17,2025-07-17,25150.00,PE,NIFTY2571725150PE,0.00,0.00,0.00,585.80,0.00,585.80,24812.05,594.35,0,0,0,0.00,0,F1,75,,,,,
2025-06-18,2025-06-18,FO,NSE,IDO,55702,,NIFTY,,2025-07-31,2025-07-31,22950.00,PE,NIFTY25JUL22950PE,53.40,56.00,48.65,54.45,54.45,54.75,24812.05,44.80,14700,1800,47,81081300.00,21,F1,75,,,,,
2025-06-18,2025-06-18,FO,NSE,IDO,49178,,NIFTY,,2025-12-24,2025-12-24,16000.00,PE,NIFTY25DEC16000PE,16.70,16.70,16.70,16.70,16.70,18.60,24812.05,0.05,3775,-150,2,2402505.00,1,F1,75,,,,,
2025-06-18,2025-06-18,FO,NSE,IDO,55750,,NIFTY,,2025-07-31,2025-07-31,23800.00,PE,NIFTY25JUL23800PE,136.00,142.10,120.05,133.80,133.15,135.20,24812.05,133.80,287025,40275,3346,6005491102.50,2269,F1,75,,,,,
2025-06-18,2025-06-18,FO,NSE,IDO,47358,,NIFTY,,2025-07-17,2025-07-17,26100.00,PE,NIFTY2571726100PE,0.00,0.00,0.00,1224.25,0.00,1224.25,24812.05,1274.95,0,0,0,0.00,0,F1,75,,,,,
2025-06-18,2025-06-18,FO,NSE,IDO,40085,,NIFTY,,2025-07-10,2025-07-10,26050.00,PE,NIFTY2571026050PE,0.00,0.00,0.00,1285.90,0.00,1285.90,24812.05,1220.40,0,0,0,0.00,0,F1,75,,,,,
2025-06-18,2025-06-18,FO,NSE,IDO,39952,,NIFTY,,2025-07-10,2025-07-10,24250.00,PE,NIFTY2571024250PE,143.50,147.20,120.50,142.45,142.45,146.00,24812.05,142.45,1125,-300,34,62176905.00,32,F1,75,,,,,
2025-06-18,2025-06-18,FO,NSE,IDO,62206,,NIFTY,,2025-06-26,2025-06-26,22650.00,PE,NIFTY25JUN22650PE,6.15,6.15,3.40,4.25,4.75,6.05,24812.05,4.25,89025,63450,2371,4028451967.50,1255,F1,75,,,,,
2025-06-18,2025-06-18,FO,NSE,IDO,51088,,NIFTY,,2025-06-19,2025-06-19,26700.00,PE,NIFTY2561926700PE,0.00,0.00,0.00,1840.00,1840.00,1840.00,24812.05,1883.60,600,0,0,0.00,0,F1,75,,,,,
2025-06-18,2025-06-18,FO,NSE,IDO,51016,,NIFTY,,2025-06-19,2025-06-19,25100.00,PE,NIFTY2561925100PE,320.00,348.35,190.20,312.70,318.95,286.50,24812.05,312.70,703425,-222000,195869,372506569541.25,117212,F1,75,,,,,
2025-06-18,2025-06-18,FO,NSE,IDO,61932,,NIFTY,,2029-12-27,2029-12-27,30000.00,CE,NIFTY29DEC30000CE,0.00,0.00,0.00,4896.55,0.00,4896.55,24812.05,4567.65,0,0,0,0.00,0,F1,75,,,,,
2025-06-18,2025-06-18,FO,NSE,IDO,71476,,NIFTY,,2026-06-25,2026-06-25,26000.00,CE,NIFTY26JUN26000CE,0.00,0.00,0.00,1600.00,1600.00,1600.00,24812.05,1888.45,2700,0,0,0.00,0,F1,75,,,,,
2025-06-18,2025-06-18,FO,NSE,IDO,51453,,NIFTY,,2026-06-25,2026-06-25,21000.00,CE,NIFTY26JUN21000CE,0.00,0.00,0.00,3881.90,0.00,3881.90,24812.05,5248.55,0,0,0,0.00,0,F1,75,,,,,
2025-06-18,2025-06-18,FO,NSE,IDO,50497,,NIFTY,,2026-06-25,2026-06-25,17000.00,CE,NIFTY26JUN17000CE,0.00,0.00,0.00,4348.25,0.00,4348.25,24812.05,8850.50,0,0,0,0.00,0,F1,75,,,,,
2025-06-18,2025-06-18,FO,NSE,IDO,62922,,NIFTY,,2026-03-26,2026-03-26,23000.00,CE,NIFTY26MAR23000CE,0.00,0.00,0.00,2782.55,0.00,2782.55,24812.05,3276.50,0,0,0,0.00,0,F1,75,,,,,
2025-06-18,2025-06-18,FO,NSE,IDO,72316,,NIFTY,,2025-08-28,2025-08-28,26600.00,CE,NIFTY25AUG26600CE,108.70,127.25,94.00,98.95,94.00,112.05,24812.05,98.95,44775,-1725,634,1270163583.75,312,F1,75,,,,,
2025-06-18,2025-06-18,FO,NSE,IDO,72122,,NIFTY,,2025-08-28,2025-08-28,26300.00,CE,NIFTY25AUG26300CE,160.00,181.00,148.00,151.00,151.00,177.90,24812.05,151.00,11025,3675,100,198459678.75,43,F1,75,,,,,
2025-06-18,2025-06-18,FO,NSE,IDO,72102,,NIFTY,,2025-08-28,2025-08-28,25850.00,CE,NIFTY25AUG25850CE,272.35,305.95,253.90,262.00,262.00,287.10,24812.05,444.10,1875,825,20,39183187.50,13,F1,75,,,,,
2025-06-18,2025-06-18,FO,NSE,IDO,71930,,NIFTY,,2025-08-28,2025-08-28,23950.00,CE,NIFTY25AUG23950CE,0.00,0.00,0.00,1497.05,1497.05,1497.05,24812.05,1439.75,75,0,0,0.00,0,F1,75,,,,,
2025-06-18,2025-06-18,FO,NSE,IDO,71839,,NIFTY,,2025-08-28,2025-08-28,22950.00,CE,NIFTY25AUG22950CE,0.00,0.00,0.00,2400.40,0.00,2400.40,24812.05,2235.45,0,0,0,0.00,0,F1,75,,,,,
2025-06-18,2025-06-18,FO,NSE,IDO,55825,,NIFTY,,2025-07-31,2025-07-31,25500.00,CE,NIFTY25JUL25500CE,230.00,282.60,211.25,218.25,216.80,244.85,24812.05,218.25,1446375,300000,24696,47663277315.00,10885,F1,75,,,,,
2025-06-18,2025-06-18,FO,NSE,IDO,55701,,NIFTY,,2025-07-31,2025-07-31,22950.00,CE,NIFTY25JUL22950CE,0.00,0.00,0.00,2213.00,2213.25,2213.00,24812.05,2072.55,1050,0,0,0.00,0,F1,75,,,,,
2025-06-18,2025-06-18,FO,NSE,IDO,55675,,NIFTY,,2025-07-31,2025-07-31,22350.00,CE,NIFTY25JUL22350CE,0.00,0.00,0.00,2782.75,2783.00,2782.75,24812.05,2638.15,450,0,0,0.00,0,F1,75,,,,,
2025-06-18,2025-06-18,FO,NSE,IDO,47378,,NIFTY,,2025-07-17,2025-07-17,26600.00,CE,NIFTY2571726600CE,0.00,0.00,0.00,79.00,79.00,79.00,24812.05,50.30,75,0,0,0.00,0,F1,75,,,,,
2025-06-18,2025-06-18,FO,NSE,IDO,47243,,NIFTY,,2025-07-17,2025-07-17,24500.00,CE,NIFTY2571724500CE,658.00,663.00,617.05,645.25,645.25,667.15,24812.05,645.25,2175,900,80,150853065.00,43,F1,75,,,,,
2025-06-18,2025-06-18,FO,NSE,IDO,47177,,NIFTY,,2025-07-17,2025-07-17,23800.00,CE,NIFTY2571723800CE,0.00,0.00,0.00,1344.85,0.00,1344.85,24812.05,1228.10,0,0,0,0.00,0,F1,75,,,,,
2025-06-18,2025-06-18,FO,NSE,IDO,40136,,NIFTY,,2025-07-10,2025-07-10,26650.00,CE,NIFTY2571026650CE,0.00,0.00,0.00,66.30,0.00,66.30,24812.05,23.65,0,0,0,0.00,0,F1,75,,,,,
2025-06-18,2025-06-18,FO,NSE,IDO,40051,,NIFTY,,2025-07-10,2025-07-10,25550.00,CE,NIFTY2571025550CE,95.80,95.80,82.20,87.55,89.30,104.60,24812.05,87.55,2925,75,30,57687513.75,23,F1,75,,,,,
2025-06-18,2025-06-18,FO,NSE,IDO,39882,,NIFTY,,2025-07-10,2025-07-10,23300.00,CE,NIFTY2571023300CE,0.00,0.00,0.00,1661.55,0.00,1661.55,24812.05,1619.70,0,0,0,0.00,0,F1,75,,,,,
2025-06-18,2025-06-18,FO,NSE,IDO,56431,,NIFTY,,2025-07-03,2025-07-03,24100.00,CE,NIFTY2570324100CE,0.00,0.00,0.00,992.55,992.55,992.55,24812.05,853.65,675,0,0,0.00,0,F1,75,,,,,
2025-06-18,2025-06-18,FO,NSE,IDO,62469,,NIFTY,,2025-06-26,2025-06-26,26400.00,CE,NIFTY25JUN26400CE,2.00,2.10,1.55,2.00,2.00,2.00,24812.05,2.00,475575,-39075,12131,24021056730.00,4422,F1,75,,,,,
2025-06-18,2025-06-18,FO,NSE,IDO,62363,,NIFTY,,2025-06-26,2025-06-26,24300.00,CE,NIFTY25JUN24300CE,586.55,717.00,555.00,583.90,575.00,626.75,24812.05,583.90,116025,-6150,1854,3464532498.75,962,F1,75,,,,,
2025-06-18,2025-06-18,FO,NSE,IDO,62209,,NIFTY,,2025-06-26,2025-06-26,22750.00,CE,NIFTY25JUN22750CE,0.00,0.00,0.00,2238.55,2238.55,2238.55,24812.05,2091.85,2400,0,0,0.00,0,F1,75,,,,,
2025-06-18,2025-06-18,FO,NSE,IDO,62187,,NIFTY,,2025-06-26,2025-06-26,22200.00,CE,NIFTY25JUN22200CE,2765.00,2765.00,2622.35,2622.35,2622.35,2737.50,24812.05,2622.35,8925,-525,8,14930801.25,3,F1,75,,,,,
2025-06-18,2025-06-18,FO,NSE,IDO,62171,,NIFTY,,2025-06-26,2025-06-26,21950.00,CE,NIFTY25JUN21950CE,0.00,0.00,0.00,2935.00,2935.00,2935.00,24812.05,2890.75,2625,0,0,0.00,0,F1,75,,,,,
2025-06-18,2025-06-18,FO,NSE,IDO,62149,,NIFTY,,2025-06-26,2025-06-26,21650.00,CE,NIFTY25JUN21650CE,0.00,0.00,0.00,3355.00,3355.00,3355.00,24812.05,3190.40,2025,0,0,0.00,0,F1,75,,,,,
2025-06-18,2025-06-18,FO,NSE,IDO,62135,,NIFTY,,2025-06-26,2025-06-26,21300.00,CE,NIFTY25JUN21300CE,0.00,0.00,0.00,3703.30,3703.30,3703.30,24812.05,3539.90,900,0,0,0.00,0,F1,75,,,,,
2025-06-18,2025-06-18,FO,NSE,IDO,71987,,NIFTY,,2025-08-28,2025-08-28,25050.00,PE,NIFTY25AUG25050PE,590.00,590.00,590.00,590.00,590.00,577.55,24812.05,712.35,450,75,1,1923000.00,1,F1,75,,,,,
2025-06-18,2025-06-18,FO,NSE,IDO,89637,,NIFTY,,2029-06-28,2029-06-28,27000.00,PE,NIFTY29JUN27000PE,0.00,0.00,0.00,1252.35,0.00,1252.35,24812.05,1587.25,0,0,0,0.00,0,F1,75,,,,,
2025-06-18,2025-06-18,FO,NSE,IDO,62917,,NIFTY,,2026-03-26,2026-03-26,20000.00,PE,NIFTY26MAR20000PE,0.00,0.00,0.00,95.70,0.00,95.70,24812.05,51.30,0,0,0,0.00,0,F1,75,,,,,
2025-06-18,2025-06-18,FO,NSE,IDO,64685,,NIFTY,,2025-09-25,2025-09-25,20000.00,PE,NIFTY25SEP20000PE,23.30,24.20,21.15,21.35,21.20,24.05,24812.05,21.35,570075,1650,1382,2075312268.75,746,F1,75,,,,,
2025-06-18,2025-06-18,FO,NSE,IDO,72333,,NIFTY,,2025-08-28,2025-08-28,26900.00,PE,NIFTY25AUG26900PE,0.00,0.00,0.00,1740.25,1740.25,1740.25,24812.05,1956.05,150,0,0,0.00,0,F1,75,,,,,
2025-06-18,2025-06-18,FO,NSE,IDO,72111,,NIFTY,,2025-08-28,2025-08-28,26050.00,PE,NIFTY25AUG26050PE,0.00,0.00,0.00,1074.30,1074.10,1074.30,24812.05,1309.55,225,0,0,0.00,0,F1,75,,,,,
2025-06-18,2025-06-18,FO,NSE,IDO,72109,,NIFTY,,2025-08-28,2025-08-28,26000.00,PE,NIFTY25AUG26000PE,1124.00,1170.00,1050.00,1139.95,1143.90,1114.20,24812.05,1139.95,49875,4200,161,327662943.75,131,F1,75,,,,,
2025-06-18,2025-06-18,FO,NSE,IDO,72097,,NIFTY,,2025-08-28,2025-08-28,25700.00,PE,NIFTY25AUG25700PE,0.00,0.00,0.00,869.00,869.00,869.00,24812.05,1078.30,825,0,0,0.00,0,F1,75,,,,,
2025-06-18,2025-06-18,FO,NSE,IDO,72039,,NIFTY,,2025-08-28,2025-08-28,25300.00,PE,NIFTY25AUG25300PE,721.60,723.50,692.95,717.65,717.65,692.80,24812.05,842.90,6150,375,32,62439127.50,19,F1,75,,,,,
2025-06-18,2025-06-18,FO,NSE,IDO,71991,,NIFTY,,2025-08-28,2025-08-28,25150.00,PE,NIFTY25AUG25150PE,645.15,645.15,591.35,640.30,640.30,612.60,24812.05,763.00,825,225,5,9662767.50,5,F1,75,,,,,
2025-06-18,2025-06-18,FO,NSE,IDO,71933,,NIFTY,,2025-08-28,2025-08-28,24000.00,PE,NIFTY25AUG24000PE,250.70,262.05,230.05,248.75,249.00,251.55,24812.05,248.75,358950,-525,2312,4204159308.75,1730,F1,75,,,,,
2025-06-18,2025-06-18,FO,NSE,IDO,71931,,NIFTY,,2025-08-28,2025-08-28,23950.00,PE,NIFTY25AUG23950PE,0.00,0.00,0.00,348.75,0.00,348.75,24812.05,292.90,0,0,0,0.00,0,F1,75,,,,,
2025-06-18,2025-06-18,FO,NSE,IDO,71842,,NIFTY,,2025-08-28,2025-08-28,23000.00,PE,NIFTY25AUG23000PE,107.55,112.00,96.05,104.20,102.90,105.45,24812.05,104.20,471000,44175,2753,4770110343.75,1875,F1,75,,,,,
2025-06-18,2025-06-18,FO,NSE,IDO,55862,,NIFTY,,2025-07-31,2025-07-31,26300.00,PE,NIFTY25JUL26300PE,1438.15,1438.15,1438.15,1438.15,1438.15,1354.05,24812.05,1455.20,1050,150,2,4160722.50,1,F1,75,,,,,
2025-06-18,2025-06-18,FO,NSE,IDO,55848,,NIFTY,,2025-07-31,2025-07-31,25950.00,PE,NIFTY25JUL25950PE,1131.15,1131.15,1086.55,1086.55,1086.55,1065.00,24812.05,1183.55,2400,225,4,8121000.00,2,F1,75,,,,,
2025-06-18,2025-06-18,FO,NSE,IDO,55800,,NIFTY,,2025-07-31,2025-07-31,25000.00,PE,NIFTY25JUL25000PE,489.30,505.10,427.45,484.10,489.00,476.85,24812.05,484.10,3162450,59250,18052,34486289448.75,11391,F1,75,,,,,
2025-06-18,2025-06-18,FO,NSE,IDO,55762,,NIFTY,,2025-07-31,2025-07-31,24100.00,PE,NIFTY25JUL24100PE,192.10,197.80,168.35,187.70,188.20,188.90,24812.05,187.70,101925,-11775,1646,2998028040.00,1082,F1,75,,,,,
2025-06-18,2025-06-18,FO,NSE,IDO,55754,,NIFTY,,2025-07-31,2025-07-31,23900.00,PE,NIFTY25JUL23900PE,156.80,159.20,134.30,150.75,151.30,151.70,24812.05,150.75,130200,11475,1603,2891275882.50,1069,F1,75,,,,,
2025-06-18,2025-06-18,FO,NSE,IDO,55694,,NIFTY,,2025-07-31,2025-07-31,22800.00,PE,NIFTY25JUL22800PE,46.60,50.00,41.30,45.80,46.70,45.85,24812.05,45.80,283800,4725,923,1581404298.75,411,F1,75,,,,,
2025-06-18,2025-06-18,FO,NSE,IDO,55682,,NIFTY,,2025-07-31,2025-07-31,22500.00,PE,NIFTY25JUL22500PE,39.00,39.00,31.00,34.40,35.00,34.85,24812.05,34.40,1217775,108975,6383,10787211198.75,3320,F1,75,,,,,
2025-06-18,2025-06-18,FO,NSE,IDO,55676,,NIFTY,,2025-07-31,2025-07-31,22350.00,PE,NIFTY25JUL22350PE,27.70,31.00,27.50,30.90,31.00,30.20,24812.05,30.90,14025,600,48,80562487.50,15,F1,75,,,,,
2025-06-18,2025-06-18,FO,NSE,IDO,47306,,NIFTY,,2025-07-17,2025-07-17,25550.00,PE,NIFTY2571725550PE,0.00,0.00,0.00,825.60,0.00,825.60,24812.05,850.90,0,0,0,0.00,0,F1,75,,,,,
2025-06-18,2025-06-18,FO,NSE,IDO,47260,,NIFTY,,2025-07-17,2025-07-17,24650.00,PE,NIFTY2571724650PE,287.70,296.40,247.55,289.00,289.00,286.80,24812.05,345.90,150,-75,8,14954107.50,7,F1,75,,,,,
2025-06-18,2025-06-18,FO,NSE,IDO,47234,,NIFTY,,2025-07-17,2025-07-17,24300.00,PE,NIFTY2571724300PE,160.00,191.20,159.60,179.95,185.00,180.35,24812.05,179.95,2775,1050,34,62415315.00,25,F1,75,,,,,
2025-06-18,2025-06-18,FO,NSE,IDO,40145,,NIFTY,,2025-07-10,2025-07-10,26750.00,PE,NIFTY2571026750PE,0.00,0.00,0.00,1888.30,0.00,1888.30,24812.05,1860.95,0,0,0,0.00,0,F1,75,,,,,
2025-06-18,2025-06-18,FO,NSE,IDO,40113,,NIFTY,,2025-07-10,2025-07-10,26400.00,PE,NIFTY2571026400PE,0.00,0.00,0.00,1577.85,0.00,1577.85,24812.05,1532.55,0,0,0,0.00,0,F1,75,,,,,
2025-06-18,2025-06-18,FO,NSE,IDO,40111,,NIFTY,,2025-07-10,2025-07-10,26350.00,PE,NIFTY2571026350PE,0.00,0.00,0.00,1534.90,0.00,1534.90,24812.05,1486.80,0,0,0,0.00,0,F1,75,,,,,
2025-06-18,2025-06-18,FO,NSE,IDO,40087,,NIFTY,,2025-07-10,2025-07-10,26100.00,PE,NIFTY2571026100PE,0.00,0.00,0.00,1326.30,0.00,1326.30,24812.05,1263.70,0,0,0,0.00,0,F1,75,,,,,
2025-06-18,2025-06-18,FO,NSE,IDO,40075,,NIFTY,,2025-07-10,2025-07-10,25850.00,PE,NIFTY2571025850PE,0.00,0.00,0.00,1129.45,0.00,1129.45,24812.05,1052.45,0,0,0,0.00,0,F1,75,,,,,
2025-06-18,2025-06-18,FO,NSE,IDO,40034,,NIFTY,,2025-07-10,2025-07-10,25200.00,PE,NIFTY2571025200PE,509.45,537.85,450.00,517.65,522.45,497.40,24812.05,517.65,12225,2925,111,214067283.75,76,F1,75,,,,,
2025-06-18,2025-06-18,FO,NSE,IDO,39995,,NIFTY,,2025-07-10,2025-07-10,24700.00,PE,NIFTY2571024700PE,269.30,283.60,227.45,269.95,270.00,263.55,24812.05,269.95,19425,2325,320,598974911.25,216,F1,75,,,,,
2025-06-18,2025-06-18,FO,NSE,IDO,39965,,NIFTY,,2025-07-10,2025-07-10,24350.00,PE,NIFTY2571024350PE,165.60,170.30,140.00,169.75,169.75,150.00,24812.05,169.75,1425,-450,35,64331370.00,32,F1,75,,,,,
2025-06-18,2025-06-18,FO,NSE,IDO,39963,,NIFTY,,2025-07-10,2025-07-10,24300.00,PE,NIFTY2571024300PE,154.65,162.80,122.70,150.80,152.45,148.75,24812.05,150.80,11775,-5775,441,808427546.25,242,F1,75,,,,,
2025-06-18,2025-06-18,FO,NSE,IDO,39933,,NIFTY,,2025-07-10,2025-07-10,23950.00,PE,NIFTY2571023950PE,0.00,0.00,0.00,173.80,0.00,173.80,24812.05,96.45,0,0,0,0.00,0,F1,75,,,,,
2025-06-18,2025-06-18,FO,NSE,IDO,39919,,NIFTY,,2025-07-10,2025-07-10,23750.00,PE,NIFTY2571023750PE,0.00,0.00,0.00,131.00,0.00,131.00,24812.05,65.30,0,0,0,0.00,0,F1,75,,,,,
2025-06-18,2025-06-18,FO,NSE,IDO,39883,,NIFTY,,2025-07-10,2025-07-10,23300.00,PE,NIFTY2571023300PE,35.95,42.90,29.55,34.55,35.50,37.15,24812.05,34.55,7050,-1950,160,280017378.75,73,F1,75,,,,,
2025-06-18,2025-06-18,FO,NSE,IDO,39881,,NIFTY,,2025-07-10,2025-07-10,23250.00,PE,NIFTY2571023250PE,34.95,34.95,24.55,30.30,30.30,35.00,24812.05,21.20,3375,300,7,12222296.25,4,F1,75,,,,,
2025-06-18,2025-06-18,FO,NSE,IDO,58727,,NIFTY,,2025-07-03,2025-07-03,26750.00,PE,NIFTY2570326750PE,0.00,0.00,0.00,1737.80,1737.80,1737.80,24812.05,1878.05,75,0,0,0.00,0,F1,75,,,,,
2025-06-18,2025-06-18,FO,NSE,IDO,58684,,NIFTY,,2025-07-03,2025-07-03,26150.00,PE,NIFTY2570326150PE,0.00,0.00,0.00,1149.55,1149.55,1149.55,24812.05,1302.75,0,0,0,0.00,0,F1,75,,,,,
2025-06-18,2025-06-18,FO,NSE,IDO,57342,,NIFTY,,2025-07-03,2025-07-03,25950.00,PE,NIFTY2570325950PE,0.00,0.00,0.00,958.10,958.10,958.10,24812.05,1120.80,75,0,0,0.00,0,F1,75,,,,,
2025-06-18,2025-06-18,FO,NSE,IDO,57008,,NIFTY,,2025-07-03,2025-07-03,25700.00,PE,NIFTY2570325700PE,0.00,0.00,0.00,739.15,739.15,739.15,24812.05,905.15,300,0,0,0.00,0,F1,75,,,,,
2025-06-18,2025-06-18,FO,NSE,IDO,56604,,NIFTY,,2025-07-03,2025-07-03,24750.00,PE,NIFTY2570324750PE,242.05,262.00,195.30,240.10,239.45,235.55,24812.05,240.10,24900,6750,921,1725828813.75,585,F1,75,,,,,
2025-06-18,2025-06-18,FO,NSE,IDO,56440,,NIFTY,,2025-07-03,2025-07-03,24150.00,PE,NIFTY2570324150PE,87.25,92.00,67.25,84.25,81.60,83.85,24812.05,84.25,12300,5475,214,388938795.00,125,F1,75,,,,,
2025-06-18,2025-06-18,FO,NSE,IDO,56430,,NIFTY,,2025-07-03,2025-07-03,24050.00,PE,NIFTY2570324050PE,73.50,79.00,55.65,70.25,71.60,73.20,24812.05,70.25,9900,5025,229,414173246.25,169,F1,75,,,,,
2025-06-18,2025-06-18,FO,NSE,IDO,56427,,NIFTY,,2025-07-03,2025-07-03,24000.00,PE,NIFTY2570324000PE,75.05,79.55,51.00,64.35,65.55,64.70,24812.05,64.35,303225,111750,9187,16579265557.50,5639,F1,75,,,,,
2025-06-18,2025-06-18,FO,NSE,IDO,56230,,NIFTY,,2025-07-03,2025-07-03,23650.00,PE,NIFTY2570323650PE,32.80,37.85,30.15,35.55,35.50,36.90,24812.05,35.55,5925,-2250,122,216716486.25,43,F1,75,,,,,
2025-06-18,2025-06-18,FO,NSE,IDO,56210,,NIFTY,,2025-07-03,2025-07-03,23550.00,PE,NIFTY2570323550PE,27.00,33.10,24.70,29.00,29.80,30.55,24812.05,29.00,27450,2100,55,97262400.00,19,F1,75,,,,,
2025-06-18,2025-06-18,FO,NSE,IDO,56088,,NIFTY,,2025-07-03,2025-07-03,23200.00,PE,NIFTY2570323200PE,19.25,19.30,14.30,18.35,19.30,19.00,24812.05,18.35,57750,-5475,785,1366903721.25,427,F1,75,,,,,
2025-06-18,2025-06-18,FO,NSE,IDO,50538,,NIFTY,,2025-06-26,2025-06-26,28000.00,PE,NIFTY25JUN28000PE,3125.45,3199.00,3025.00,3156.70,3173.00,3123.20,24812.05,3156.70,405600,-3750,82,191529277.50,81,F1,75,,,,,
2025-06-18,2025-06-18,FO,NSE,IDO,50970,,NIFTY,,2025-06-26,2025-06-26,27000.00,PE,NIFTY25JUN27000PE,2136.00,2205.00,2022.50,2171.65,2176.75,2130.85,24812.05,2171.65,838725,-16425,884,1931864216.25,579,F1,75,,,,,
2025-06-18,2025-06-18,FO,NSE,IDO,62426,,NIFTY,,2025-06-26,2025-06-26,25600.00,PE,NIFTY25JUN25600PE,780.05,815.95,645.30,790.30,795.00,748.00,24812.05,790.30,53925,-1200,222,438659077.50,151,F1,75,,,,,
2025-06-18,2025-06-18,FO,NSE,IDO,62424,,NIFTY,,2025-06-26,2025-06-26,25550.00,PE,NIFTY25JUN25550PE,671.40,760.00,611.65,742.00,747.00,704.55,24812.05,742.00,10050,-225,36,70959806.25,17,F1,75,,,,,
2025-06-18,2025-06-18,FO,NSE,IDO,62400,,NIFTY,,2025-06-26,2025-06-26,25050.00,PE,NIFTY25JUN25050PE,330.40,360.00,246.15,331.80,336.65,312.40,24812.05,331.80,159750,30225,6367,12105792615.00,3910,F1,75,,,,,
2025-06-18,2025-06-18,FO,NSE,IDO,62398,,NIFTY,,2025-06-26,2025-06-26,24950.00,PE,NIFTY25JUN24950PE,275.10,298.20,198.40,271.40,275.65,256.85,24812.05,271.40,299025,9450,25046,47316421822.50,15566,F1,75,,,,,
2025-06-18,2025-06-18,FO,NSE,IDO,62386,,NIFTY,,2025-06-26,2025-06-26,24750.00,PE,NIFTY25JUN24750PE,173.00,197.50,126.25,174.25,178.65,169.25,24812.05,174.25,464400,39600,41056,76723436977.50,24921,F1,75,,,,,
2025-06-18,2025-06-18,FO,NSE,IDO,71380,,NIFTY,,2025-06-26,2025-06-26,24000.00,PE,NIFTY25JUN24000PE,30.00,37.80,22.25,32.25,33.55,33.25,24812.05,32.25,5600525,965400,140073,252440695038.75,76390,F1,75,,,,,
2025-06-18,2025-06-18,FO,NSE,IDO,62308,,NIFTY,,2025-06-26,2025-06-26,23150.00,PE,NIFTY25JUN23150PE,7.75,9.05,5.95,7.65,8.45,9.65,24812.05,7.65,46650,22275,3195,5548995551.25,1938,F1,75,,,,,
2025-06-18,2025-06-18,FO,NSE,IDO,62210,,NIFTY,,2025-06-26,2025-06-26,22750.00,PE,NIFTY25JUN22750PE,6.65,9.65,3.95,4.90,5.25,6.65,24812.05,4.90,103875,17625,1780,3037739486.25,984,F1,75,,,,,
2025-06-18,2025-06-18,FO,NSE,IDO,62202,,NIFTY,,2025-06-26,2025-06-26,22550.00,PE,NIFTY25JUN22550PE,4.70,4.70,2.95,3.80,4.00,5.35,24812.05,3.80,134550,5850,2124,3592753252.50,1275,F1,75,,,,,
2025-06-18,2025-06-18,FO,NSE,IDO,62200,,NIFTY,,2025-06-26,2025-06-26,22500.00,PE,NIFTY25JUN22500PE,4.90,4.90,2.75,3.65,4.00,5.15,24812.05,3.65,2615100,885750,52628,88822819807.50,15737,F1,75,,,,,
2025-06-18,2025-06-18,FO,NSE,IDO,62192,,NIFTY,,2025-06-26,2025-06-26,22300.00,PE,NIFTY25JUN22300PE,4.40,4.70,2.40,3.15,3.10,4.40,24812.05,3.15,280500,-4200,7361,12312839662.50,3441,F1,75,,,,,
2025-06-18,2025-06-18,FO,NSE,IDO,62162,,NIFTY,,2025-06-26,2025-06-26,21750.00,PE,NIFTY25JUN21750PE,3.20,3.20,1.85,2.40,2.50,3.20,24812.05,2.40,10275,375,284,463321852.50,165,F1,75,,,,,
2025-06-18,2025-06-18,FO,NSE,IDO,51092,,NIFTY,,2025-06-19,2025-06-19,26800.00,PE,NIFTY2561926800PE,2031.60,2074.50,1899.55,2016.75,2016.75,1894.55,24812.05,1983.60,2850,-2625,82,177235001.25,32,F1,75,,,,,
2025-06-18,2025-06-18,FO,NSE,IDO,50968,,NIFTY,,2025-06-19,2025-06-19,24250.00,PE,NIFTY2561924250PE,13.00,13.00,3.70,5.05,5.45,13.20,24812.05,5.05,1438500,-8400,507392,923008527712.50,128993,F1,75,,,,,
2025-06-18,2025-06-18,FO,NSE,IDO,50858,,NIFTY,,2025-06-19,2025-06-19,23000.00,PE,NIFTY2561923000PE,1.10,1.25,0.30,0.45,0.50,1.35,24812.05,0.45,2644725,-2403900,341020,588273294093.75,45542,F1,75,,,,,
2025-06-18,2025-06-18,FO,NSE,IDO,50850,,NIFTY,,2025-06-19,2025-06-19,22850.00,PE,NIFTY2561922850PE,0.90,0.95,0.25,0.30,0.25,1.10,24812.05,0.30,1175475,470700,126858,217407122910.00,16180,F1,75,,,,,
2025-06-18,2025-06-18,FO,NSE,IDO,61659,,NIFTY,,2029-12-27,2029-12-27,21000.00,CE,NIFTY29DEC21000CE,0.00,0.00,0.00,9463.95,0.00,9463.95,24812.05,9293.95,0,0,0,0.00,0,F1,75,,,,,
2025-06-18,2025-06-18,FO,NSE,IDO,89642,,NIFTY,,2029-06-28,2029-06-28,30000.00,CE,NIFTY29JUN30000CE,0.00,0.00,0.00,5268.40,0.00,5268.40,24812.05,4016.30,0,0,0,0.00,0,F1,75,,,,,
2025-06-18,2025-06-18,FO,NSE,IDO,89632,,NIFTY,,2029-06-28,2029-06-28,25000.00,CE,NIFTY29JUN25000CE,0.00,0.00,0.00,7557.70,0.00,7557.70,24812.05,6361.40,0,0,0,0.00,0,F1,75,,,,,
2025-06-18,2025-06-18,FO,NSE,IDO,89624,,NIFTY,,2029-06-28,2029-06-28,21000.00,CE,NIFTY29JUN21000CE,0.00,0.00,0.00,9799.75,0.00,9799.75,24812.05,8795.60,0,0,0,0.00,0,F1,75,,,,,
2025-06-18,2025-06-18,FO,NSE,IDO,35352,,NIFTY,,2028-06-29,2028-06-29,30000.00,CE,NIFTY28JUN30000CE,0.00,0.00,0.00,2278.45,0.00,2278.45,24812.05,2886.75,0,0,0,0.00,0,F1,75,,,,,
2025-06-18,2025-06-18,FO,NSE,IDO,86165,,NIFTY,,2028-06-29,2028-06-29,28000.00,CE,NIFTY28JUN28000CE,0.00,0.00,0.00,2596.45,0.00,2596.45,24812.05,3687.35,0,0,0,0.00,0,F1,75,,,,,
2025-06-18,2025-06-18,FO,NSE,IDO,50981,,NIFTY,,2027-06-24,2027-06-24,27000.00,CE,NIFTY27JUN27000CE,0.00,0.00,0.00,1932.50,0.00,1932.50,24812.05,2851.95,0,0,0,0.00,0,F1,75,,,,,
2025-06-18,2025-06-18,FO,NSE,IDO,71545,,NIFTY,,2027-06-24,2027-06-24,17000.00,CE,NIFTY27JUN17000CE,0.00,0.00,0.00,4464.70,0.00,4464.70,24812.05,9826.85,0,0,0,0.00,0,F1,75,,,,,
2025-06-18,2025-06-18,FO,NSE,IDO,50978,,NIFTY,,2026-12-31,2026-12-31,27000.00,CE,NIFTY26DEC27000CE,1800.00,1804.25,1800.00,1804.25,1804.25,1839.30,24812.05,2200.35,22950,0,3,6480637.50,2,F1,75,,,,,
2025-06-18,2025-06-18,FO,NSE,IDO,58648,,NIFTY,,2026-12-31,2026-12-31,22000.00,CE,NIFTY26DEC22000CE,0.00,0.00,0.00,3362.20,3362.20,3362.20,24812.05,5174.50,150,0,0,0.00,0,F1,75,,,,,
2025-06-18,2025-06-18,FO,NSE,IDO,58644,,NIFTY,,2026-12-31,2026-12-31,20000.00,CE,NIFTY26DEC20000CE,0.00,0.00,0.00,3704.30,0.00,3704.30,24812.05,6756.75,0,0,0,0.00,0,F1,75,,,,,
2025-06-18,2025-06-18,FO,NSE,IDO,58636,,NIFTY,,2026-12-31,2026-12-31,16000.00,CE,NIFTY26DEC16000CE,0.00,0.00,0.00,6200.00,6200.00,6200.00,24812.05,10262.55,50,0,0,0.00,0,F1,75,,,,,
2025-06-18,2025-06-18,FO,NSE,IDO,62935,,NIFTY,,2026-03-26,2026-03-26,29000.00,CE,NIFTY26MAR29000CE,0.00,0.00,0.00,440.50,0.00,440.50,24812.05,534.35,0,0,0,0.00,0,F1,75,,,,,
2025-06-18,2025-06-18,FO,NSE,IDO,37795,,NIFTY,,2025-12-24,2025-12-24,23000.00,CE,NIFTY25DEC23000CE,2899.75,2899.75,2728.50,2743.00,2737.60,2777.05,24812.05,2743.00,435400,6900,185,358133336.25,119,F1,75,,,,,
2025-06-18,2025-06-18,FO,NSE,IDO,64698,,NIFTY,,2025-09-25,2025-09-25,27000.00,CE,NIFTY25SEP27000CE,151.95,170.90,135.70,138.40,137.50,151.95,24812.05,138.40,542550,8025,2077,4229168388.75,1505,F1,75,,,,,
2025-06-18,2025-06-18,FO,NSE,IDO,72328,,NIFTY,,2025-08-28,2025-08-28,26800.00,CE,NIFTY25AUG26800CE,0.00,0.00,0.00,324.15,0.00,324.15,24812.05,205.40,0,0,0,0.00,0,F1,75,,,,,
2025-06-18,2025-06-18,FO,NSE,IDO,72326,,NIFTY,,2025-08-28,2025-08-28,26750.00,CE,NIFTY25AUG26750CE,0.00,0.00,0.00,335.65,0.00,335.65,24812.05,214.55,0,0,0,0.00,0,F1,75,,,,,
2025-06-18,2025-06-18,FO,NSE,IDO,72087,,NIFTY,,2025-08-28,2025-08-28,25500.00,CE,NIFTY25AUG25500CE,406.80,462.25,383.00,394.25,388.20,420.60,24812.05,394.25,125475,7125,1341,2605901838.75,808,F1,75,,,,,
2025-06-18,2025-06-18,FO,NSE,IDO,72038,,NIFTY,,2025-08-28,2025-08-28,25300.00,CE,NIFTY25AUG25300CE,503.85,547.00,471.35,481.30,481.30,505.20,24812.05,655.80,7725,225,36,69672675.00,23,F1,75,,,,,
2025-06-18,2025-06-18,FO,NSE,IDO,71948,,NIFTY,,2025-08-28,2025-08-28,24350.00,CE,NIFTY25AUG24350CE,0.00,0.00,0.00,1184.10,1184.10,1184.10,24812.05,1168.05,75,0,0,0.00,0,F1,75,,,,,
2025-06-18,2025-06-18,FO,NSE,IDO,71932,,NIFTY,,2025-08-28,2025-08-28,24000.00,CE,NIFTY25AUG24000CE,1300.00,1410.00,1266.20,1285.25,1286.70,1330.85,24812.05,1285.25,20400,525,65,123437827.50,61,F1,75,,,,,
2025-06-18,2025-06-18,FO,NSE,IDO,71928,,NIFTY,,2025-08-28,2025-08-28,23900.00,CE,NIFTY25AUG23900CE,0.00,0.00,0.00,1536.45,1536.45,1536.45,24812.05,1475.80,75,0,0,0.00,0,F1,75,,,,,
2025-06-18,2025-06-18,FO,NSE,IDO,71914,,NIFTY,,2025-08-28,2025-08-28,23650.00,CE,NIFTY25AUG23650CE,0.00,0.00,0.00,1739.50,1740.85,1739.50,24812.05,1661.55,75,0,0,0.00,0,F1,75,,,,,
2025-06-18,2025-06-18,FO,NSE,IDO,71856,,NIFTY,,2025-08-28,2025-08-28,23350.00,CE,NIFTY25AUG23350CE,0.00,0.00,0.00,1993.75,1993.75,1993.75,24812.05,1898.95,75,0,0,0.00,0,F1,75,,,,,
2025-06-18,2025-06-18,FO,NSE,IDO,71837,,NIFTY,,2025-08-28,2025-08-28,22900.00,CE,NIFTY25AUG22900CE,0.00,0.00,0.00,2442.55,0.00,2442.55,24812.05,2278.95,0,0,0,0.00,0,F1,75,,,,,
2025-06-18,2025-06-18,FO,NSE,IDO,71835,,NIFTY,,2025-08-28,2025-08-28,22850.00,CE,NIFTY25AUG22850CE,0.00,0.00,0.00,2485.00,0.00,2485.00,24812.05,2322.70,0,0,0,0.00,0,F1,75,,,,,
2025-06-18,2025-06-18,FO,NSE,IDO,55861,,NIFTY,,2025-07-31,2025-07-31,26300.00,CE,NIFTY25JUL26300CE,59.60,74.25,52.95,53.95,54.10,63.75,24812.05,53.95,197400,21900,3895,7699836690.00,2092,F1,75,,,,,
2025-06-18,2025-06-18,FO,NSE,IDO,55844,,NIFTY,,2025-07-31,2025-07-31,25900.00,CE,NIFTY25JUL25900CE,123.60,152.60,111.00,113.55,111.45,131.15,24812.05,113.55,95325,18750,2694,5257647322.50,1531,F1,75,,,,,
2025-06-18,2025-06-18,FO,NSE,IDO,55811,,NIFTY,,2025-07-31,2025-07-31,25300.00,CE,NIFTY25JUL25300CE,310.05,367.50,283.15,294.05,284.80,323.55,24812.05,294.05,142650,6300,1557,2990479417.50,1019,F1,75,,,,,
2025-06-18,2025-06-18,FO,NSE,IDO,55795,,NIFTY,,2025-07-31,2025-07-31,24900.00,CE,NIFTY25JUL24900CE,498.00,586.45,469.00,486.05,479.90,522.35,24812.05,486.05,234975,18450,3492,6654537701.25,2818,F1,75,,,,,
2025-06-18,2025-06-18,FO,NSE,IDO,55783,,NIFTY,,2025-07-31,2025-07-31,24600.00,CE,NIFTY25JUL24600CE,675.00,775.40,648.00,666.85,661.25,706.30,24812.05,666.85,106725,3450,476,903025278.75,335,F1,75,,,,,
2025-06-18,2025-06-18,FO,NSE,IDO,55763,,NIFTY,,2025-07-31,2025-07-31,24150.00,CE,NIFTY25JUL24150CE,952.65,1020.90,952.65,990.90,990.90,1063.90,24812.05,990.90,1875,150,10,18844901.25,5,F1,75,,,,,
2025-06-18,2025-06-18,FO,NSE,IDO,47282,,NIFTY,,2025-07-17,2025-07-17,25150.00,CE,NIFTY2571725150CE,271.50,288.90,261.25,261.25,261.25,293.30,24812.05,375.40,975,300,6,11441786.25,5,F1,75,,,,,
2025-06-18,2025-06-18,FO,NSE,IDO,47247,,NIFTY,,2025-07-17,2025-07-17,24600.00,CE,NIFTY2571724600CE,578.60,585.80,551.45,571.45,576.10,602.85,24812.05,571.45,1950,1575,26,49078192.50,21,F1,75,,,,,
2025-06-18,2025-06-18,FO,NSE,IDO,47239,,NIFTY,,2025-07-17,2025-07-17,24450.00,CE,NIFTY2571724450CE,0.00,0.00,0.00,861.65,0.00,861.65,24812.05,747.30,0,0,0,0.00,0,F1,75,,,,,
2025-06-18,2025-06-18,FO,NSE,IDO,47187,,NIFTY,,2025-07-17,2025-07-17,23900.00,CE,NIFTY2571723900CE,0.00,0.00,0.00,1264.05,0.00,1264.05,24812.05,1146.95,0,0,0,0.00,0,F1,75,,,,,
2025-06-18,2025-06-18,FO,NSE,IDO,47185,,NIFTY,,2025-07-17,2025-07-17,23850.00,CE,NIFTY2571723850CE,0.00,0.00,0.00,1304.20,0.00,1304.20,24812.05,1187.25,0,0,0,0.00,0,F1,75,,,,,
2025-06-18,2025-06-18,FO,NSE,IDO,47132,,NIFTY,,2025-07-17,2025-07-17,23150.00,CE,NIFTY2571723150CE,0.00,0.00,0.00,1913.50,0.00,1913.50,24812.05,1802.15,0,0,0,0.00,0,F1,75,,,,,
2025-06-18,2025-06-18,FO,NSE,IDO,40114,,NIFTY,,2025-07-10,2025-07-10,26450.00,CE,NIFTY2571026450CE,0.00,0.00,0.00,49.85,49.85,49.85,24812.05,35.70,75,0,0,0.00,0,F1,75,,,,,
2025-06-18,2025-06-18,FO,NSE,IDO,40078,,NIFTY,,2025-07-10,2025-07-10,25950.00,CE,NIFTY2571025950CE,0.00,0.00,0.00,170.50,0.00,170.50,24812.05,90.60,0,0,0,0.00,0,F1,75,,,,,
2025-06-18,2025-06-18,FO,NSE,IDO,40074,,NIFTY,,2025-07-10,2025-07-10,25850.00,CE,NIFTY2571025850CE,0.00,0.00,0.00,192.70,0.00,192.70,24812.05,107.35,0,0,0,0.00,0,F1,75,,,,,
2025-06-18,2025-06-18,FO,NSE,IDO,39966,,NIFTY,,2025-07-10,2025-07-10,24400.00,CE,NIFTY2571024400CE,0.00,0.00,0.00,720.60,720.60,720.60,24812.05,706.90,75,0,0,0.00,0,F1,75,,,,,
2025-06-18,2025-06-18,FO,NSE,IDO,39920,,NIFTY,,2025-07-10,2025-07-10,23800.00,CE,NIFTY2571023800CE,0.00,0.00,0.00,1241.25,0.00,1241.25,24812.05,1169.75,0,0,0,0.00,0,F1,75,,,,,
2025-06-18,2025-06-18,FO,NSE,IDO,58687,,NIFTY,,2025-07-03,2025-07-03,26250.00,CE,NIFTY2570326250CE,8.00,8.20,5.75,6.15,6.35,8.10,24812.05,6.15,6900,2100,171,336743193.75,62,F1,75,,,,,
2025-06-18,2025-06-18,FO,NSE,IDO,58683,,NIFTY,,2025-07-03,2025-07-03,26150.00,CE,NIFTY2570326150CE,8.00,11.45,6.85,7.70,7.60,9.40,24812.05,7.70,19425,8250,1282,2515087365.00,517,F1,75,,,,,
2025-06-18,2025-06-18,FO,NSE,IDO,57484,,NIFTY,,2025-07-03,2025-07-03,26000.00,CE,NIFTY2570326000CE,15.00,18.70,10.95,11.85,11.95,15.00,24812.05,11.85,469275,148875,15706,30642429746.25,7359,F1,75,,,,,
2025-06-18,2025-06-18,FO,NSE,IDO,56496,,NIFTY,,2025-07-03,2025-07-03,24500.00,CE,NIFTY2570324500CE,525.00,617.10,475.65,504.50,489.45,539.70,24812.05,504.50,86925,28125,1171,2197665408.75,704,F1,75,,,,,
2025-06-18,2025-06-18,FO,NSE,IDO,56452,,NIFTY,,2025-07-03,2025-07-03,24250.00,CE,NIFTY2570324250CE,0.00,0.00,0.00,843.60,843.60,843.60,24812.05,735.45,75,0,0,0.00,0,F1,75,,,,,
2025-06-18,2025-06-18,FO,NSE,IDO,56093,,NIFTY,,2025-07-03,2025-07-03,23300.00,CE,NIFTY2570323300CE,0.00,0.00,0.00,1724.25,1724.25,1724.25,24812.05,1578.55,225,0,0,0.00,0,F1,75,,,,,
2025-06-18,2025-06-18,FO,NSE,IDO,56083,,NIFTY,,2025-07-03,2025-07-03,23100.00,CE,NIFTY2570323100CE,0.00,0.00,0.00,1850.00,1850.00,1850.00,24812.05,1773.45,150,0,0,0.00,0,F1,75,,,,,
2025-06-18,2025-06-18,FO,NSE,IDO,62501,,NIFTY,,2025-06-26,2025-06-26,26700.00,CE,NIFTY25JUN26700CE,1.50,1.75,1.50,1.60,1.60,1.65,24812.05,1.60,474225,-12750,3513,7035201165.00,1092,F1,75,,,,,
2025-06-18,2025-06-18,FO,NSE,IDO,62487,,NIFTY,,2025-06-26,2025-06-26,26650.00,CE,NIFTY25JUN26650CE,1.65,1.75,1.45,1.65,1.65,1.70,24812.05,1.65,173100,-10950,751,1501152138.75,491,F1,75,,,,,
2025-06-18,2025-06-18,FO,NSE,IDO,62467,,NIFTY,,2025-06-26,2025-06-26,26350.00,CE,NIFTY25JUN26350CE,2.00,2.10,1.70,1.90,2.10,2.05,24812.05,1.90,351300,72300,7940,15692539852.50,2926,F1,75,,,,,
2025-06-18,2025-06-18,FO,NSE,IDO,62459,,NIFTY,,2025-06-26,2025-06-26,26150.00,CE,NIFTY25JUN26150CE,3.30,3.30,1.40,2.45,2.45,2.75,24812.05,2.45,581250,187050,10875,21330552217.50,4230,F1,75,,,,,
2025-06-18,2025-06-18,FO,NSE,IDO,62445,,NIFTY,,2025-06-26,2025-06-26,26050.00,CE,NIFTY25JUN26050CE,3.60,4.05,2.65,3.25,3.30,3.60,24812.05,3.25,594000,10125,17310,33823440791.25,6120,F1,75,,,,,
2025-06-18,2025-06-18,FO,NSE,IDO,62441,,NIFTY,,2025-06-26,2025-06-26,25900.00,CE,NIFTY25JUN25900CE,3.60,6.95,3.60,4.75,4.65,5.80,24812.05,4.75,1330650,429750,47785,92839692618.75,17997,F1,75,,,,,
2025-06-18,2025-06-18,FO,NSE,IDO,62431,,NIFTY,,2025-06-26,2025-06-26,25750.00,CE,NIFTY25JUN25750CE,5.55,12.80,5.55,7.45,6.95,9.85,24812.05,7.45,415875,136650,17151,33133586287.50,9502,F1,75,,,,,
2025-06-18,2025-06-18,FO,NSE,IDO,62335,,NIFTY,,2025-06-26,2025-06-26,23650.00,CE,NIFTY25JUN23650CE,0.00,0.00,0.00,1235.00,1235.00,1235.00,24812.05,1198.85,2175,0,0,0.00,0,F1,75,,,,,
2025-06-18,2025-06-18,FO,NSE,IDO,62331,,NIFTY,,2025-06-26,2025-06-26,23550.00,CE,NIFTY25JUN23550CE,0.00,0.00,0.00,1459.90,1459.90,1459.90,24812.05,1296.55,3525,0,0,0.00,0,F1,75,,,,,
2025-06-18,2025-06-18,FO,NSE,IDO,62201,,NIFTY,,2025-06-26,2025-06-26,22550.00,CE,NIFTY25JUN22550CE,2277.75,2277.75,2277.75,2277.75,2277.75,2388.30,24812.05,2291.55,2100,-150,2,3724162.50,1,F1,75,,,,,
2025-06-18,2025-06-18,FO,NSE,IDO,62197,,NIFTY,,2025-06-26,2025-06-26,22450.00,CE,NIFTY25JUN22450CE,0.00,0.00,0.00,2551.50,2551.50,2551.50,24812.05,2391.45,2100,0,0,0.00,0,F1,75,,,,,
2025-06-18,2025-06-18,FO,NSE,IDO,62125,,NIFTY,,2025-06-26,2025-06-26,21150.00,CE,NIFTY25JUN21150CE,0.00,0.00,0.00,3811.00,3811.00,3811.00,24812.05,3689.75,675,0,0,0.00,0,F1,75,,,,,
2025-06-18,2025-06-18,FO,NSE,IDO,38373,,NIFTY,,2025-06-26,2025-06-26,20000.00,CE,NIFTY25JUN20000CE,4950.00,4959.45,4790.00,4821.55,4815.00,4861.70,24812.05,4821.55,336825,-30000,686,1277403232.50,536,F1,75,,,,,
2025-06-18,2025-06-18,FO,NSE,IDO,45865,,NIFTY,,2025-06-26,2025-06-26,17000.00,CE,NIFTY25JUN17000CE,7961.80,7961.80,7791.45,7815.15,7805.55,7850.00,24812.05,7815.15,188200,-8775,122,227065275.00,120,F1,75,,,,,
2025-06-18,2025-06-18,FO,NSE,IDO,51095,,NIFTY,,2025-06-19,2025-06-19,26900.00,CE,NIFTY2561926900CE,0.70,0.80,0.50,0.70,0.80,0.75,24812.05,0.70,6713550,925500,220014,443888644503.75,24234,F1,75,,,,,
2025-06-18,2025-06-18,FO,NSE,IDO,51077,,NIFTY,,2025-06-19,2025-06-19,26500.00,CE,NIFTY2561926500CE,0.70,0.90,0.55,0.80,0.85,0.85,24812.05,0.80,6124575,1623000,222251,441735510930.00,31578,F1,75,,,,,
2025-06-18,2025-06-18,FO,NSE,IDO,51071,,NIFTY,,2025-06-19,2025-06-19,26400.00,CE,NIFTY2561926400CE,0.75,0.90,0.55,0.80,0.80,0.95,24812.05,0.80,1000200,-254400,44345,87805367137.50,8240,F1,75,,,,,
2025-06-18,2025-06-18,FO,NSE,IDO,51033,,NIFTY,,2025-06-19,2025-06-19,25550.00,CE,NIFTY2561925550CE,2.15,2.55,1.30,1.45,1.45,2.30,24812.05,1.45,2475750,640275,524901,1005909677403.75,83974,F1,75,,,,,
2025-06-18,2025-06-18,FO,NSE,IDO,51001,,NIFTY,,2025-06-19,2025-06-19,24800.00,CE,NIFTY2561924800CE,123.00,201.50,68.05,81.90,73.40,127.80,24812.05,81.90,8359800,5177475,4990098,9318000898747.50,2486520,F1,75,,,,,
2025-06-18,2025-06-18,FO,NSE,IDO,50997,,NIFTY,,2025-06-19,2025-06-19,24700.00,CE,NIFTY2561924700CE,179.00,282.70,123.20,146.15,136.05,196.55,24812.05,146.15,1997175,369000,1191614,2221902551223.75,677466,F1,75,,,,,
2025-06-18,2025-06-18,FO,NSE,IDO,50993,,NIFTY,,2025-06-19,2025-06-19,24600.00,CE,NIFTY2561924600CE,240.00,371.10,195.00,226.05,217.70,275.65,24812.05,226.05,928725,42750,260415,485172671085.00,149282,F1,75,,,,,
2025-06-18,2025-06-18,FO,NSE,IDO,50977,,NIFTY,,2025-06-19,2025-06-19,24350.00,CE,NIFTY2561924350CE,467.95,600.00,420.00,455.00,450.25,503.60,24812.05,455.00,21300,-3225,1053,1960631583.75,654,F1,75,,,,,
2025-06-18,2025-06-18,FO,NSE,IDO,50961,,NIFTY,,2025-06-19,2025-06-19,24100.00,CE,NIFTY2561924100CE,723.65,840.85,670.00,697.80,694.35,743.60,24812.05,697.80,17475,-31050,610,1137584088.75,418,F1,75,,,,,
2025-06-18,2025-06-18,FO,NSE,IDO,50925,,NIFTY,,2025-06-19,2025-06-19,23600.00,CE,NIFTY2561923600CE,1280.00,1280.00,1182.00,1194.50,1194.00,1252.00,24812.05,1194.50,2850,-3750,71,132074497.50,29,F1,75,,,,,
2025-06-18,2025-06-18,FO,NSE,IDO,50881,,NIFTY,,2025-06-19,2025-06-19,23250.00,CE,NIFTY2561923250CE,0.00,0.00,0.00,1800.00,1800.00,1800.00,24812.05,1565.85,450,0,0,0.00,0,F1,75,,,,,
2025-06-18,2025-06-18,FO,NSE,IDO,67795,,NIFTY,,2028-12-28,2028-12-28,30000.00,PE,NIFTY28DEC30000PE,0.00,0.00,0.00,2352.75,0.00,2352.75,24812.05,2786.95,0,0,0,0.00,0,F1,75,,,,,
2025-06-18,2025-06-18,FO,NSE,IDO,61391,,NIFTY,,2029-12-27,2029-12-27,18000.00,PE,NIFTY29DEC18000PE,0.00,0.00,0.00,96.50,0.00,96.50,24812.05,134.75,0,0,0,0.00,0,F1,75,,,,,
2025-06-18,2025-06-18,FO,NSE,IDO,61779,,NIFTY,,2029-12-27,2029-12-27,26000.00,PE,NIFTY29DEC26000PE,0.00,0.00,0.00,969.60,0.00,969.60,24812.05,1255.00,0,0,0,0.00,0,F1,75,,,,,
2025-06-18,2025-06-18,FO,NSE,IDO,67791,,NIFTY,,2028-12-28,2028-12-28,28000.00,PE,NIFTY28DEC28000PE,0.00,0.00,0.00,1697.60,0.00,1697.60,24812.05,2002.85,0,0,0,0.00,0,F1,75,,,,,
2025-06-18,2025-06-18,FO,NSE,IDO,86168,,NIFTY,,2028-06-29,2028-06-29,29000.00,PE,NIFTY28JUN29000PE,0.00,0.00,0.00,3595.90,0.00,3595.90,24812.05,2521.10,0,0,0,0.00,0,F1,75,,,,,
2025-06-18,2025-06-18,FO,NSE,IDO,86162,,NIFTY,,2028-06-29,2028-06-29,26000.00,PE,NIFTY28JUN26000PE,0.00,0.00,0.00,2370.30,0.00,2370.30,24812.05,1410.05,0,0,0,0.00,0,F1,75,,,,,
2025-06-18,2025-06-18,FO,NSE,IDO,86142,,NIFTY,,2028-06-29,2028-06-29,19000.00,PE,NIFTY28JUN19000PE,0.00,0.00,0.00,537.45,0.00,537.45,24812.05,159.95,0,0,0,0.00,0,F1,75,,,,,
2025-06-18,2025-06-18,FO,NSE,IDO,35347,,NIFTY,,2027-12-30,2027-12-30,30000.00,PE,NIFTY27DEC30000PE,0.00,0.00,0.00,4140.90,0.00,4140.90,24812.05,3170.50,0,0,0,0.00,0,F1,75,,,,,
2025-06-18,2025-06-18,FO,NSE,IDO,71565,,NIFTY,,2027-06-24,2027-06-24,26000.00,PE,NIFTY27JUN26000PE,0.00,0.00,0.00,6202.20,0.00,6202.20,24812.05,1491.40,0,0,0,0.00,0,F1,75,,,,,
2025-06-18,2025-06-18,FO,NSE,IDO,58627,,NIFTY,,2026-06-25,2026-06-25,22000.00,PE,NIFTY26JUN22000PE,0.00,0.00,0.00,315.00,315.00,315.00,24812.05,286.20,2475,0,0,0.00,0,F1,75,,,,,
2025-06-18,2025-06-18,FO,NSE,IDO,39990,,NIFTY,,2026-06-25,2026-06-25,19000.00,PE,NIFTY26JUN19000PE,0.00,0.00,0.00,205.70,205.70,205.70,24812.05,38.25,250,0,0,0.00,0,F1,75,,,,,
2025-06-18,2025-06-18,FO,NSE,IDO,62913,,NIFTY,,2026-03-26,2026-03-26,18000.00,PE,NIFTY26MAR18000PE,0.00,0.00,0.00,16.55,0.00,16.55,24812.05,6.90,0,0,0,0.00,0,F1,75,,,,,
2025-06-18,2025-06-18,FO,NSE,IDO,50972,,NIFTY,,2025-12-24,2025-12-24,27000.00,PE,NIFTY25DEC27000PE,1768.75,1790.35,1685.00,1769.70,1777.00,1743.00,24812.05,1769.70,660275,3750,147,316996822.50,127,F1,75,,,,,
2025-06-18,2025-06-18,FO,NSE,IDO,64705,,NIFTY,,2025-09-25,2025-09-25,30000.00,PE,NIFTY25SEP30000PE,0.00,0.00,0.00,2720.25,0.00,2720.25,24812.05,4714.80,0,0,0,0.00,0,F1,75,,,,,
2025-06-18,2025-06-18,FO,NSE,IDO,62419,,NIFTY,,2025-06-26,2025-06-26,25450.00,CE,NIFTY25JUN25450CE,27.75,44.00,21.25,24.15,23.30,31.30,24812.05,24.15,342225,121650,23846,45565985411.25,14256,F1,75,,,,,
2025-06-18,2025-06-18,FO,NSE,IDO,62333,,NIFTY,,2025-06-26,2025-06-26,23600.00,CE,NIFTY25JUN23600CE,1297.95,1353.85,1212.35,1231.70,1232.00,1281.10,24812.05,1231.70,64275,5175,87,162079968.75,39,F1,75,,,,,
2025-06-18,2025-06-18,FO,NSE,IDO,62319,,NIFTY,,2025-06-26,2025-06-26,23250.00,CE,NIFTY25JUN23250CE,1625.85,1625.85,1625.85,1625.85,1625.85,1697.85,24812.05,1593.25,2025,-150,2,3731377.50,1,F1,75,,,,,
2025-06-18,2025-06-18,FO,NSE,IDO,62207,,NIFTY,,2025-06-26,2025-06-26,22700.00,CE,NIFTY25JUN22700CE,2159.70,2177.00,2141.95,2141.95,2141.95,2236.00,24812.05,2141.80,7050,-4650,66,123037222.50,66,F1,75,,,,,
2025-06-18,2025-06-18,FO,NSE,IDO,61933,,NIFTY,,2029-12-27,2029-12-27,30000.00,PE,NIFTY29DEC30000PE,0.00,0.00,0.00,1953.50,0.00,1953.50,24812.05,2462.75,0,0,0,0.00,0,F1,75,,,,,
2025-06-18,2025-06-18,FO,NSE,IDO,61660,,NIFTY,,2029-12-27,2029-12-27,21000.00,PE,NIFTY29DEC21000PE,0.00,0.00,0.00,278.80,0.00,278.80,24812.05,376.85,0,0,0,0.00,0,F1,75,,,,,
2025-06-18,2025-06-18,FO,NSE,IDO,89643,,NIFTY,,2029-06-28,2029-06-28,30000.00,PE,NIFTY29JUN30000PE,0.00,0.00,0.00,2031.05,0.00,2031.05,24812.05,2618.50,0,0,0,0.00,0,F1,75,,,,,
2025-06-18,2025-06-18,FO,NSE,IDO,89613,,NIFTY,,2029-06-28,2029-06-28,18000.00,PE,NIFTY29JUN18000PE,0.00,0.00,0.00,118.45,0.00,118.45,24812.05,126.30,0,0,0,0.00,0,F1,75,,,,,
2025-06-18,2025-06-18,FO,NSE,IDO,86166,,NIFTY,,2028-06-29,2028-06-29,28000.00,PE,NIFTY28JUN28000PE,0.00,0.00,0.00,3161.35,0.00,3161.35,24812.05,2110.80,0,0,0,0.00,0,F1,75,,,,,
2025-06-18,2025-06-18,FO,NSE,IDO,53625,,NIFTY,,2027-12-30,2027-12-30,24000.00,PE,NIFTY27DEC24000PE,0.00,0.00,0.00,900.00,900.00,900.00,24812.05,873.95,975,0,0,0.00,0,F1,75,,,,,
2025-06-18,2025-06-18,FO,NSE,IDO,50550,,NIFTY,,2027-06-24,2027-06-24,28000.00,PE,NIFTY27JUN28000PE,0.00,0.00,0.00,5959.35,0.00,5959.35,24812.05,2344.10,0,0,0,0.00,0,F1,75,,,,,
2025-06-18,2025-06-18,FO,NSE,IDO,71559,,NIFTY,,2027-06-24,2027-06-24,23000.00,PE,NIFTY27JUN23000PE,0.00,0.00,0.00,4514.30,0.00,4514.30,24812.05,620.40,0,0,0,0.00,0,F1,75,,,,,
2025-06-18,2025-06-18,FO,NSE,IDO,58649,,NIFTY,,2026-12-31,2026-12-31,22000.00,PE,NIFTY26DEC22000PE,415.00,415.00,407.00,407.00,407.00,449.95,24812.05,407.00,5450,0,2,3361650.00,2,F1,75,,,,,
2025-06-18,2025-06-18,FO,NSE,IDO,58631,,NIFTY,,2026-12-31,2026-12-31,13000.00,PE,NIFTY26DEC13000PE,0.00,0.00,0.00,20.30,20.30,20.30,24812.05,0.20,2025,0,0,0.00,0,F1,75,,,,,
2025-06-18,2025-06-18,FO,NSE,IDO,71477,,NIFTY,,2026-06-25,2026-06-25,26000.00,PE,NIFTY26JUN26000PE,0.00,0.00,0.00,1100.05,1100.05,1100.05,24812.05,1496.75,300,0,0,0.00,0,F1,75,,,,,
2025-06-18,2025-06-18,FO,NSE,IDO,37802,,NIFTY,,2026-06-25,2026-06-25,13000.00,PE,NIFTY26JUN13000PE,0.00,0.00,0.00,21.60,21.60,21.60,24812.05,0.05,200,0,0,0.00,0,F1,75,,,,,
2025-06-18,2025-06-18,FO,NSE,IDO,62921,,NIFTY,,2026-03-26,2026-03-26,22000.00,PE,NIFTY26MAR22000PE,0.00,0.00,0.00,346.60,0.00,346.60,24812.05,223.90,0,0,0,0.00,0,F1,75,,,,,
2025-06-18,2025-06-18,FO,NSE,IDO,35222,,NIFTY,,2025-12-24,2025-12-24,30000.00,PE,NIFTY25DEC30000PE,0.00,0.00,0.00,4110.00,4110.00,4110.00,24812.05,4400.85,2100,0,0,0.00,0,F1,75,,,,,
2025-06-18,2025-06-18,FO,NSE,IDO,37797,,NIFTY,,2025-12-24,2025-12-24,13000.00,PE,NIFTY25DEC13000PE,10.15,10.15,10.15,10.15,10.15,10.15,24812.05,0.00,6725,75,1,975761.25,1,F1,75,,,,,
2025-06-18,2025-06-18,FO,NSE,IDO,64699,,NIFTY,,2025-09-25,2025-09-25,27000.00,PE,NIFTY25SEP27000PE,1867.40,1927.00,1788.00,1895.75,1902.80,1867.85,24812.05,1895.75,139350,20925,576,1247006632.50,389,F1,75,,,,,
2025-06-18,2025-06-18,FO,NSE,IDO,64697,,NIFTY,,2025-09-25,2025-09-25,26000.00,PE,NIFTY25SEP26000PE,1145.75,1184.05,1084.75,1160.75,1169.90,1133.85,24812.05,1160.75,515925,2250,381,775834113.75,331,F1,75,,,,,
2025-06-18,2025-06-18,FO,NSE,IDO,72329,,NIFTY,,2025-08-28,2025-08-28,26800.00,PE,NIFTY25AUG26800PE,0.00,0.00,0.00,1649.85,1649.85,1649.85,24812.05,1874.65,225,0,0,0.00,0,F1,75,,,,,
2025-06-18,2025-06-18,FO,NSE,IDO,71951,,NIFTY,,2025-08-28,2025-08-28,24400.00,PE,NIFTY25AUG24400PE,337.80,358.00,337.80,349.75,350.50,338.80,24812.05,349.75,2250,-150,11,20419035.00,11,F1,75,,,,,
2025-06-18,2025-06-18,FO,NSE,IDO,71921,,NIFTY,,2025-08-28,2025-08-28,23700.00,PE,NIFTY25AUG23700PE,187.00,193.70,173.00,189.00,189.00,189.85,24812.05,189.00,57375,5925,90,161177283.75,54,F1,75,,,,,
2025-06-18,2025-06-18,FO,NSE,IDO,71857,,NIFTY,,2025-08-28,2025-08-28,23350.00,PE,NIFTY25AUG23350PE,0.00,0.00,0.00,131.85,131.85,131.85,24812.05,159.20,75,0,0,0.00,0,F1,75,,,,,
2025-06-18,2025-06-18,FO,NSE,IDO,71848,,NIFTY,,2025-08-28,2025-08-28,23150.00,PE,NIFTY25AUG23150PE,0.00,0.00,0.00,152.30,152.25,152.30,24812.05,127.25,2175,0,0,0.00,0,F1,75,,,,,
2025-06-18,2025-06-18,FO,NSE,IDO,55852,,NIFTY,,2025-07-31,2025-07-31,26050.00,PE,NIFTY25JUL26050PE,1213.70,1213.70,1183.75,1183.75,1183.75,1142.80,24812.05,1258.15,1425,225,4,8176863.75,2,F1,75,,,,,
2025-06-18,2025-06-18,FO,NSE,IDO,55826,,NIFTY,,2025-07-31,2025-07-31,25500.00,PE,NIFTY25JUL25500PE,767.00,795.00,685.00,767.20,770.65,748.30,24812.05,767.20,508800,-6525,2611,5140071498.75,1859,F1,75,,,,,
2025-06-18,2025-06-18,FO,NSE,IDO,55820,,NIFTY,,2025-07-31,2025-07-31,25400.00,PE,NIFTY25JUL25400PE,714.00,725.95,630.00,706.10,709.35,685.50,24812.05,706.10,29550,450,271,530382697.50,184,F1,75,,,,,
2025-06-18,2025-06-18,FO,NSE,IDO,55812,,NIFTY,,2025-07-31,2025-07-31,25300.00,PE,NIFTY25JUL25300PE,649.95,666.00,575.00,642.05,647.90,628.90,24812.05,642.05,58650,2025,269,523195023.75,172,F1,75,,,,,
2025-06-18,2025-06-18,FO,NSE,IDO,55802,,NIFTY,,2025-07-31,2025-07-31,25050.00,PE,NIFTY25JUL25050PE,471.00,526.00,454.75,509.05,511.75,502.80,24812.05,509.05,11700,1500,145,277686528.75,80,F1,75,,,,,
2025-06-18,2025-06-18,FO,NSE,IDO,55794,,NIFTY,,2025-07-31,2025-07-31,24850.00,PE,NIFTY25JUL24850PE,469.25,469.25,373.10,417.70,419.75,410.75,24812.05,417.70,29850,2325,362,685840042.50,275,F1,75,,,,,
2025-06-18,2025-06-18,FO,NSE,IDO,55752,,NIFTY,,2025-07-31,2025-07-31,23850.00,PE,NIFTY25JUL23850PE,134.00,147.50,129.00,142.25,143.20,144.60,24812.05,142.25,15525,3825,137,246498960.00,65,F1,75,,,,,
2025-06-18,2025-06-18,FO,NSE,IDO,55732,,NIFTY,,2025-07-31,2025-07-31,23400.00,PE,NIFTY25JUL23400PE,88.55,90.45,77.00,85.30,86.65,87.00,24812.05,85.30,244125,-3300,1828,3219650643.75,1154,F1,75,,,,,
2025-06-18,2025-06-18,FO,NSE,IDO,55696,,NIFTY,,2025-07-31,2025-07-31,22850.00,PE,NIFTY25JUL22850PE,46.10,49.80,43.80,48.80,48.80,49.20,24812.05,48.80,8775,1650,45,77277622.50,17,F1,75,,,,,
2025-06-18,2025-06-18,FO,NSE,IDO,55688,,NIFTY,,2025-07-31,2025-07-31,22650.00,PE,NIFTY25JUL22650PE,38.00,40.35,35.10,39.75,39.75,40.20,24812.05,26.35,12225,1575,37,62960238.75,16,F1,75,,,,,
2025-06-18,2025-06-18,FO,NSE,IDO,47367,,NIFTY,,2025-07-17,2025-07-17,26300.00,PE,NIFTY2571726300PE,0.00,0.00,0.00,1385.65,0.00,1385.65,24812.05,1445.15,0,0,0,0.00,0,F1,75,,,,,
2025-06-18,2025-06-18,FO,NSE,IDO,47334,,NIFTY,,2025-07-17,2025-07-17,25850.00,PE,NIFTY2571725850PE,0.00,0.00,0.00,1033.95,0.00,1033.95,24812.05,1073.35,0,0,0,0.00,0,F1,75,,,,,
2025-06-18,2025-06-18,FO,NSE,IDO,47230,,NIFTY,,2025-07-17,2025-07-17,24250.00,PE,NIFTY2571724250PE,157.05,171.20,151.45,167.80,171.20,162.55,24812.05,167.80,1575,1125,20,36624363.75,12,F1,75,,,,,
2025-06-18,2025-06-18,FO,NSE,IDO,47123,,NIFTY,,2025-07-17,2025-07-17,23000.00,PE,NIFTY2571723000PE,34.00,41.45,25.85,35.60,36.95,35.60,24812.05,35.60,13800,2550,268,462969735.00,125,F1,75,,,,,
2025-06-18,2025-06-18,FO,NSE,IDO,40120,,NIFTY,,2025-07-10,2025-07-10,26450.00,PE,NIFTY2571026450PE,0.00,0.00,0.00,1621.20,0.00,1621.20,24812.05,1578.65,0,0,0,0.00,0,F1,75,,,,,
2025-06-18,2025-06-18,FO,NSE,IDO,40021,,NIFTY,,2025-07-10,2025-07-10,25050.00,PE,NIFTY2571025050PE,0.00,0.00,0.00,515.00,515.00,515.00,24812.05,492.95,300,0,0,0.00,0,F1,75,,,,,
2025-06-18,2025-06-18,FO,NSE,IDO,39849,,NIFTY,,2025-07-10,2025-07-10,23150.00,PE,NIFTY2571023150PE,0.00,0.00,0.00,49.50,0.00,49.50,24812.05,16.45,0,0,0,0.00,0,F1,75,,,,,
2025-06-18,2025-06-18,FO,NSE,IDO,58718,,NIFTY,,2025-07-03,2025-07-03,26600.00,PE,NIFTY2570326600PE,0.00,0.00,0.00,1589.50,1589.50,1589.50,24812.05,1731.50,75,0,0,0.00,0,F1,75,,,,,
2025-06-18,2025-06-18,FO,NSE,IDO,57247,,NIFTY,,2025-07-03,2025-07-03,25900.00,PE,NIFTY2570325900PE,0.00,0.00,0.00,913.10,913.10,913.10,24812.05,1076.50,75,0,0,0.00,0,F1,75,,,,,
2025-06-18,2025-06-18,FO,NSE,IDO,57089,,NIFTY,,2025-07-03,2025-07-03,25800.00,PE,NIFTY2570325800PE,0.00,0.00,0.00,819.70,819.70,819.70,24812.05,989.55,75,0,0,0.00,0,F1,75,,,,,
2025-06-18,2025-06-18,FO,NSE,IDO,56960,,NIFTY,,2025-07-03,2025-07-03,25600.00,PE,NIFTY2570325600PE,709.85,812.00,683.10,805.50,805.50,755.25,24812.05,823.50,3750,750,32,63309648.75,17,F1,75,,,,,
2025-06-18,2025-06-18,FO,NSE,IDO,56465,,NIFTY,,2025-07-03,2025-07-03,24300.00,PE,NIFTY2570324300PE,113.90,122.25,84.60,109.90,109.90,110.10,24812.05,109.90,162000,69975,3538,6475771593.75,2266,F1,75,,,,,
2025-06-18,2025-06-18,FO,NSE,IDO,56425,,NIFTY,,2025-07-03,2025-07-03,23950.00,PE,NIFTY2570323950PE,63.60,68.15,46.60,58.90,58.45,60.60,24812.05,58.90,22650,5850,568,1022731582.50,280,F1,75,,,,,
2025-06-18,2025-06-18,FO,NSE,IDO,56188,,NIFTY,,2025-07-03,2025-07-03,23450.00,PE,NIFTY2570323450PE,26.95,28.55,21.50,26.05,26.95,26.95,24812.05,26.05,8700,1050,139,244723976.25,42,F1,75,,,,,
2025-06-18,2025-06-18,FO,NSE,IDO,56158,,NIFTY,,2025-07-03,2025-07-03,23400.00,PE,NIFTY2570323400PE,23.00,25.70,18.95,24.05,25.25,25.30,24812.05,24.05,71775,43425,1571,2759726310.00,515,F1,75,,,,,
2025-06-18,2025-06-18,FO,NSE,IDO,62417,,NIFTY,,2025-06-26,2025-06-26,25400.00,CE,NIFTY25JUN25400CE,30.50,53.35,25.80,29.50,28.00,37.55,24812.05,29.50,1585500,132375,85803,163678599720.00,49428,F1,75,,,,,
2025-06-18,2025-06-18,FO,NSE,IDO,56090,,NIFTY,,2025-07-03,2025-07-03,23250.00,PE,NIFTY2570323250PE,13.55,24.80,13.55,19.60,20.40,41.20,24812.05,19.60,16200,14400,526,917976701.25,115,F1,75,,,,,
2025-06-18,2025-06-18,FO,NSE,IDO,56084,,NIFTY,,2025-07-03,2025-07-03,23100.00,PE,NIFTY2570323100PE,13.50,17.15,13.20,16.00,17.15,17.95,24812.05,16.00,21150,10800,810,1404248107.50,269,F1,75,,,,,
2025-06-18,2025-06-18,FO,NSE,IDO,62418,,NIFTY,,2025-06-26,2025-06-26,25400.00,PE,NIFTY25JUN25400PE,588.15,639.45,475.55,603.95,612.25,568.95,24812.05,603.95,79575,-3525,1586,3088735593.75,926,F1,75,,,,,
2025-06-18,2025-06-18,FO,NSE,IDO,62408,,NIFTY,,2025-06-26,2025-06-26,25200.00,PE,NIFTY25JUN25200PE,435.10,469.75,331.55,438.05,447.85,412.70,24812.05,438.05,982800,-7500,15910,30551114715.00,9455,F1,75,,,,,
2025-06-18,2025-06-18,FO,NSE,IDO,62374,,NIFTY,,2025-06-26,2025-06-26,24450.00,PE,NIFTY25JUN24450PE,90.00,102.10,60.75,85.10,88.40,86.90,24812.05,85.10,388950,128700,31502,57959494627.50,19078,F1,75,,,,,
2025-06-18,2025-06-18,FO,NSE,IDO,62362,,NIFTY,,2025-06-26,2025-06-26,24250.00,PE,NIFTY25JUN24250PE,58.00,64.90,37.70,54.25,55.35,55.75,24812.05,54.25,322725,122250,17626,32124204285.00,8139,F1,75,,,,,
2025-06-18,2025-06-18,FO,NSE,IDO,62320,,NIFTY,,2025-06-26,2025-06-26,23250.00,PE,NIFTY25JUN23250PE,9.05,10.10,6.60,9.20,9.55,10.25,24812.05,9.20,45000,-14775,1824,3181699230.00,1211,F1,75,,,,,
2025-06-18,2025-06-18,FO,NSE,IDO,62318,,NIFTY,,2025-06-26,2025-06-26,23200.00,PE,NIFTY25JUN23200PE,10.05,11.00,6.25,8.50,9.20,9.80,24812.05,8.50,589500,178725,19181,33385819485.00,11840,F1,75,,,,,
2025-06-18,2025-06-18,FO,NSE,IDO,62136,,NIFTY,,2025-06-26,2025-06-26,21300.00,PE,NIFTY25JUN21300PE,2.65,2.70,1.65,2.10,2.15,2.65,24812.05,2.10,34800,22050,1353,2161621672.50,604,F1,75,,,,,
2025-06-18,2025-06-18,FO,NSE,IDO,62121,,NIFTY,,2025-06-26,2025-06-26,21050.00,PE,NIFTY25JUN21050PE,2.25,6.40,1.70,2.20,2.00,2.40,24812.05,2.20,10425,-375,315,497352033.75,211,F1,75,,,,,
2025-06-18,2025-06-18,FO,NSE,IDO,51068,,NIFTY,,2025-06-19,2025-06-19,26300.00,PE,NIFTY2561926300PE,0.00,0.00,0.00,1614.60,1614.60,1614.60,24812.05,1483.65,1275,0,0,0.00,0,F1,75,,,,,
2025-06-18,2025-06-18,FO,NSE,IDO,51060,,NIFTY,,2025-06-19,2025-06-19,26100.00,PE,NIFTY2561926100PE,0.00,0.00,0.00,1272.05,1272.30,1272.05,24812.05,1283.70,4125,0,0,0.00,0,F1,75,,,,,
2025-06-18,2025-06-18,FO,NSE,IDO,51040,,NIFTY,,2025-06-19,2025-06-19,25650.00,PE,NIFTY2561925650PE,820.25,866.15,715.25,854.85,860.00,814.25,24812.05,854.85,6975,-975,30,59545241.25,26,F1,75,,,,,
2025-06-18,2025-06-18,FO,NSE,IDO,51002,,NIFTY,,2025-06-19,2025-06-19,24800.00,PE,NIFTY2561924800PE,111.00,115.00,44.70,82.10,83.35,92.45,24812.05,82.10,6825075,605475,6171618,11516576021366.25,2939687,F1,75,,,,,
2025-06-18,2025-06-18,FO,NSE,IDO,50990,,NIFTY,,2025-06-19,2025-06-19,24500.00,PE,NIFTY2561924500PE,30.00,30.80,9.60,16.30,16.90,28.55,24812.05,16.30,7016700,403875,2368777,4355441937315.00,631083,F1,75,,,,,
2025-06-18,2025-06-18,FO,NSE,IDO,50898,,NIFTY,,2025-06-19,2025-06-19,23450.00,PE,NIFTY2561923450PE,2.70,2.70,0.60,0.85,1.05,2.65,24812.05,0.85,309975,-379800,105694,185897035860.00,18248,F1,75,,,,,
2025-06-18,2025-06-18,FO,NSE,IDO,50856,,NIFTY,,2025-06-19,2025-06-19,22950.00,PE,NIFTY2561922950PE,1.30,1.30,0.30,0.35,0.40,1.20,24812.05,0.35,251025,-16050,45531,78371891445.00,5668,F1,75,,,,,
2025-06-18,2025-06-18,FO,NSE,IDO,50848,,NIFTY,,2025-06-19,2025-06-19,22800.00,PE,NIFTY2561922800PE,0.90,0.90,0.25,0.30,0.30,0.90,24812.05,0.30,5291250,-2529975,581618,994584336570.00,64823,F1,75,,,,,
2025-06-18,2025-06-18,FO,NSE,IDO,61794,,NIFTY,,2029-12-27,2029-12-27,27000.00,CE,NIFTY29DEC27000CE,0.00,0.00,0.00,6201.65,0.00,6201.65,24812.05,5889.40,0,0,0,0.00,0,F1,75,,,,,
2025-06-18,2025-06-18,FO,NSE,IDO,61772,,NIFTY,,2029-12-27,2029-12-27,25000.00,CE,NIFTY29DEC25000CE,0.00,0.00,0.00,7196.25,0.00,7196.25,24812.05,6914.60,0,0,0,0.00,0,F1,75,,,,,
2025-06-18,2025-06-18,FO,NSE,IDO,61410,,NIFTY,,2029-12-27,2029-12-27,20000.00,CE,NIFTY29DEC20000CE,0.00,0.00,0.00,10081.10,0.00,10081.10,24812.05,9950.30,0,0,0,0.00,0,F1,75,,,,,
2025-06-18,2025-06-18,FO,NSE,IDO,67774,,NIFTY,,2028-12-28,2028-12-28,20000.00,CE,NIFTY28DEC20000CE,0.00,0.00,0.00,8115.50,0.00,8115.50,24812.05,8974.85,0,0,0,0.00,0,F1,75,,,,,
2025-06-18,2025-06-18,FO,NSE,IDO,67770,,NIFTY,,2028-12-28,2028-12-28,18000.00,CE,NIFTY28DEC18000CE,0.00,0.00,0.00,9380.30,0.00,9380.30,24812.05,10441.20,0,0,0,0.00,0,F1,75,,,,,
2025-06-18,2025-06-18,FO,NSE,IDO,86163,,NIFTY,,2028-06-29,2028-06-29,27000.00,CE,NIFTY28JUN27000CE,0.00,0.00,0.00,2885.15,0.00,2885.15,24812.05,4146.55,0,0,0,0.00,0,F1,75,,,,,
2025-06-18,2025-06-18,FO,NSE,IDO,53618,,NIFTY,,2027-12-30,2027-12-30,23000.00,CE,NIFTY27DEC23000CE,0.00,0.00,0.00,4125.70,0.00,4125.70,24812.05,5781.45,0,0,0,0.00,0,F1,75,,,,,
2025-06-18,2025-06-18,FO,NSE,IDO,71553,,NIFTY,,2027-06-24,2027-06-24,21000.00,CE,NIFTY27JUN21000CE,0.00,0.00,0.00,3061.80,0.00,3061.80,24812.05,6549.80,0,0,0,0.00,0,F1,75,,,,,
2025-06-18,2025-06-18,FO,NSE,IDO,35235,,NIFTY,,2026-12-31,2026-12-31,30000.00,CE,NIFTY26DEC30000CE,0.00,0.00,0.00,1131.45,0.00,1131.45,24812.05,1166.70,0,0,0,0.00,0,F1,75,,,,,
2025-06-18,2025-06-18,FO,NSE,IDO,71501,,NIFTY,,2026-12-31,2026-12-31,24000.00,CE,NIFTY26DEC24000CE,0.00,0.00,0.00,3640.00,3640.00,3640.00,24812.05,3796.30,3750,0,0,0.00,0,F1,75,,,,,
2025-06-18,2025-06-18,FO,NSE,IDO,37806,,NIFTY,,2026-12-31,2026-12-31,23000.00,CE,NIFTY26DEC23000CE,0.00,0.00,0.00,4388.00,4388.00,4388.00,24812.05,4456.15,4725,0,0,0.00,0,F1,75,,,,,
2025-06-18,2025-06-18,FO,NSE,IDO,58642,,NIFTY,,2026-12-31,2026-12-31,19000.00,CE,NIFTY26DEC19000CE,0.00,0.00,0.00,8600.00,8600.00,8600.00,24812.05,7603.25,125,0,0,0.00,0,F1,75,,,,,
2025-06-18,2025-06-18,FO,NSE,IDO,62937,,NIFTY,,2026-03-26,2026-03-26,30000.00,CE,NIFTY26MAR30000CE,0.00,0.00,0.00,300.00,0.00,300.00,24812.05,361.55,0,0,0,0.00,0,F1,75,,,,,
2025-06-18,2025-06-18,FO,NSE,IDO,62932,,NIFTY,,2026-03-26,2026-03-26,28000.00,CE,NIFTY26MAR28000CE,0.00,0.00,0.00,634.25,0.00,634.25,24812.05,768.30,0,0,0,0.00,0,F1,75,,,,,
2025-06-18,2025-06-18,FO,NSE,IDO,62914,,NIFTY,,2026-03-26,2026-03-26,19000.00,CE,NIFTY26MAR19000CE,0.00,0.00,0.00,5966.85,0.00,5966.85,24812.05,6711.00,0,0,0,0.00,0,F1,75,,,,,
2025-06-18,2025-06-18,FO,NSE,IDO,62910,,NIFTY,,2026-03-26,2026-03-26,17000.00,CE,NIFTY26MAR17000CE,0.00,0.00,0.00,7789.50,0.00,7789.50,24812.05,8600.15,0,0,0,0.00,0,F1,75,,,,,
2025-06-18,2025-06-18,FO,NSE,IDO,38152,,NIFTY,,2025-12-24,2025-12-24,29000.00,CE,NIFTY25DEC29000CE,97.10,107.30,91.00,92.80,92.00,100.90,24812.05,92.80,384400,9900,776,1693447065.00,545,F1,75,,,,,
2025-06-18,2025-06-18,FO,NSE,IDO,64700,,NIFTY,,2025-09-25,2025-09-25,28000.00,CE,NIFTY25SEP28000CE,55.05,60.00,47.65,48.50,49.65,56.00,24812.05,48.50,479475,6750,1060,2230168642.50,627,F1,75,,,,,
2025-06-18,2025-06-18,FO,NSE,IDO,64692,,NIFTY,,2025-09-25,2025-09-25,24000.00,CE,NIFTY25SEP24000CE,1512.00,1596.00,1453.75,1483.20,1464.85,1524.65,24812.05,1483.20,371325,11700,720,1377247826.25,533,F1,75,,,,,
2025-06-18,2025-06-18,FO,NSE,IDO,64682,,NIFTY,,2025-09-25,2025-09-25,19000.00,CE,NIFTY25SEP19000CE,0.00,0.00,0.00,6408.00,6408.00,6408.00,24812.05,6126.75,675,0,0,0.00,0,F1,75,,,,,
2025-06-18,2025-06-18,FO,NSE,IDO,72094,,NIFTY,,2025-08-28,2025-08-28,25650.00,CE,NIFTY25AUG25650CE,340.75,376.25,327.15,327.15,327.15,359.85,24812.05,514.20,600,300,5,9749253.75,5,F1,75,,,,,
2025-06-18,2025-06-18,FO,NSE,IDO,71952,,NIFTY,,2025-08-28,2025-08-28,24450.00,CE,NIFTY25AUG24450CE,0.00,0.00,0.00,1114.50,1114.50,1114.50,24812.05,1105.30,0,0,0,0.00,0,F1,75,,,,,
2025-06-18,2025-06-18,FO,NSE,IDO,71950,,NIFTY,,2025-08-28,2025-08-28,24400.00,CE,NIFTY25AUG24400CE,1102.00,1102.00,990.00,990.00,990.00,1153.75,24812.05,1136.40,2100,225,3,5726025.00,3,F1,75,,,,,
2025-06-18,2025-06-18,FO,NSE,IDO,55883,,NIFTY,,2025-07-31,2025-07-31,26800.00,CE,NIFTY25JUL26800CE,23.95,27.40,20.00,21.35,22.10,24.00,24812.05,21.35,732900,-2025,7872,15835882837.50,3609,F1,75,,,,,
2025-06-18,2025-06-18,FO,NSE,IDO,55876,,NIFTY,,2025-07-31,2025-07-31,26650.00,CE,NIFTY25JUL26650CE,31.15,35.60,26.85,27.90,27.50,32.50,24812.05,27.90,11475,2175,151,302139585.00,68,F1,75,,,,,
2025-06-18,2025-06-18,FO,NSE,IDO,55839,,NIFTY,,2025-07-31,2025-07-31,25800.00,CE,NIFTY25JUL25800CE,144.95,179.40,130.15,135.60,133.45,154.00,24812.05,135.60,236400,12450,3498,6806495700.00,2262,F1,75,,,,,
2025-06-18,2025-06-18,FO,NSE,IDO,55799,,NIFTY,,2025-07-31,2025-07-31,25000.00,CE,NIFTY25JUL25000CE,417.75,526.45,413.95,432.90,427.70,467.65,24812.05,432.90,3239250,173175,16882,32230332971.25,10613,F1,75,,,,,
2025-06-18,2025-06-18,FO,NSE,IDO,55787,,NIFTY,,2025-07-31,2025-07-31,24700.00,CE,NIFTY25JUL24700CE,621.25,709.00,587.40,603.35,597.10,643.75,24812.05,603.35,160275,11400,1120,2127034710.00,760,F1,75,,,,,
2025-06-18,2025-06-18,FO,NSE,IDF,64103,,NIFTY,,2025-08-28,2025-08-28,,,NIFTY25AUGFUT,25053.40,25192.00,25014.20,25050.40,25043.00,25092.90,24812.05,25050.40,646725,61800,2489,4681234867.50,2136,F1,75,,,,,
2025-06-18,2025-06-18,FO,NSE,IDO,50943,,NIFTY,,2025-06-19,2025-06-19,23800.00,CE,NIFTY2561923800CE,1126.40,1137.05,967.60,1003.50,993.00,1041.90,24812.05,1003.50,14475,-14175,252,468851152.50,98,F1,75,,,,,
2025-06-18,2025-06-18,FO,NSE,IDO,50953,,NIFTY,,2025-06-19,2025-06-19,23950.00,CE,NIFTY2561923950CE,931.00,931.00,821.35,871.55,871.55,923.70,24812.05,871.55,6225,-225,14,26047278.75,13,F1,75,,,,,
2025-06-18,2025-06-18,FO,NSE,IDO,55725,,NIFTY,,2025-07-31,2025-07-31,23250.00,CE,NIFTY25JUL23250CE,0.00,0.00,0.00,1931.50,1931.50,1931.50,24812.05,1802.80,975,0,0,0.00,0,F1,75,,,,,
2025-06-18,2025-06-18,FO,NSE,IDO,55699,,NIFTY,,2025-07-31,2025-07-31,22900.00,CE,NIFTY25JUL22900CE,0.00,0.00,0.00,2259.75,2260.00,2259.75,24812.05,2118.50,1125,0,0,0.00,0,F1,75,,,,,
2025-06-18,2025-06-18,FO,NSE,IDO,55691,,NIFTY,,2025-07-31,2025-07-31,22750.00,CE,NIFTY25JUL22750CE,0.00,0.00,0.00,2401.20,2401.45,2401.20,24812.05,2257.90,900,0,0,0.00,0,F1,75,,,,,
2025-06-18,2025-06-18,FO,NSE,IDO,55679,,NIFTY,,2025-07-31,2025-07-31,22450.00,CE,NIFTY25JUL22450CE,0.00,0.00,0.00,2686.80,2687.05,2686.80,24812.05,2542.10,600,0,0,0.00,0,F1,75,,,,,
2025-06-18,2025-06-18,FO,NSE,IDO,47380,,NIFTY,,2025-07-17,2025-07-17,26650.00,CE,NIFTY2571726650CE,0.00,0.00,0.00,79.65,0.00,79.65,24812.05,46.25,0,0,0,0.00,0,F1,75,,,,,
2025-06-18,2025-06-18,FO,NSE,IDO,47310,,NIFTY,,2025-07-17,2025-07-17,25650.00,CE,NIFTY2571725650CE,0.00,0.00,0.00,281.50,0.00,281.50,24812.05,205.80,0,0,0,0.00,0,F1,75,,,,,
2025-06-18,2025-06-18,FO,NSE,IDO,47308,,NIFTY,,2025-07-17,2025-07-17,25600.00,CE,NIFTY2571725600CE,120.45,157.70,114.10,116.05,115.05,128.10,24812.05,116.05,9225,5550,190,366594198.75,89,F1,75,,,,,
2025-06-18,2025-06-18,FO,NSE,IDO,50974,,NIFTY,,2025-06-19,2025-06-19,24300.00,CE,NIFTY2561924300CE,519.40,656.35,469.35,503.40,496.95,548.95,24812.05,503.40,53400,-13875,5554,10335657907.50,2948,F1,75,,,,,
2025-06-18,2025-06-18,FO,NSE,IDO,50982,,NIFTY,,2025-06-19,2025-06-19,24400.00,CE,NIFTY2561924400CE,422.10,555.85,373.00,410.70,401.75,454.85,24812.05,410.70,79575,-20700,13244,24664268358.75,7861,F1,75,,,,,
2025-06-18,2025-06-18,FO,NSE,IDO,51021,,NIFTY,,2025-06-19,2025-06-19,25250.00,CE,NIFTY2561925250CE,9.80,15.15,3.55,4.30,4.00,8.95,24812.05,4.30,4081650,1249800,1181826,2238690898650.00,286985,F1,75,,,,,
2025-06-18,2025-06-18,FO,NSE,IDO,51067,,NIFTY,,2025-06-19,2025-06-19,26300.00,CE,NIFTY2561926300CE,0.70,1.00,0.55,0.80,0.65,0.90,24812.05,0.80,1325175,-424200,105113,207340878851.25,17149,F1,75,,,,,
2025-06-18,2025-06-18,FO,NSE,IDO,47280,,NIFTY,,2025-07-17,2025-07-17,25100.00,CE,NIFTY2571725100CE,304.15,364.70,277.05,277.05,277.05,317.10,24812.05,396.60,2400,1950,38,72418578.75,33,F1,75,,,,,
2025-06-18,2025-06-18,FO,NSE,IDO,47267,,NIFTY,,2025-07-17,2025-07-17,24850.00,CE,NIFTY2571724850CE,443.15,443.15,400.00,421.75,421.75,621.15,24812.05,421.75,2400,2400,32,60628477.50,25,F1,75,,,,,
2025-06-18,2025-06-18,FO,NSE,IDO,47265,,NIFTY,,2025-07-17,2025-07-17,24800.00,CE,NIFTY2571724800CE,465.25,525.25,430.85,443.65,446.40,474.25,24812.05,443.65,5700,3300,92,174263306.25,76,F1,75,,,,,
2025-06-18,2025-06-18,FO,NSE,IDO,47245,,NIFTY,,2025-07-17,2025-07-17,24550.00,CE,NIFTY2571724550CE,0.00,0.00,0.00,797.15,0.00,797.15,24812.05,684.35,0,0,0,0.00,0,F1,75,,,,,
2025-06-18,2025-06-18,FO,NSE,IDO,47201,,NIFTY,,2025-07-17,2025-07-17,23950.00,CE,NIFTY2571723950CE,0.00,0.00,0.00,1224.40,0.00,1224.40,24812.05,1107.25,0,0,0,0.00,0,F1,75,,,,,
2025-06-18,2025-06-18,FO,NSE,IDO,47139,,NIFTY,,2025-07-17,2025-07-17,23250.00,CE,NIFTY2571723250CE,0.00,0.00,0.00,1822.00,0.00,1822.00,24812.05,1709.60,0,0,0,0.00,0,F1,75,,,,,
2025-06-18,2025-06-18,FO,NSE,IDO,40128,,NIFTY,,2025-07-10,2025-07-10,26550.00,CE,NIFTY2571026550CE,0.00,0.00,0.00,76.60,0.00,76.60,24812.05,29.15,0,0,0,0.00,0,F1,75,,,,,
2025-06-18,2025-06-18,FO,NSE,IDO,40112,,NIFTY,,2025-07-10,2025-07-10,26400.00,CE,NIFTY2571026400CE,12.25,12.25,9.45,10.85,10.80,12.25,24812.05,10.85,31500,12000,411,814113873.75,157,F1,75,,,,,
2025-06-18,2025-06-18,FO,NSE,IDO,40008,,NIFTY,,2025-07-10,2025-07-10,24900.00,CE,NIFTY2571024900CE,344.00,417.00,310.00,323.80,319.35,357.10,24812.05,323.80,27300,8175,591,1119385443.75,414,F1,75,,,,,
2025-06-18,2025-06-18,FO,NSE,IDO,39970,,NIFTY,,2025-07-10,2025-07-10,24500.00,CE,NIFTY2571024500CE,585.65,680.00,552.05,568.75,562.25,610.60,24812.05,568.75,11100,6150,234,440189868.75,186,F1,75,,,,,
2025-06-18,2025-06-18,FO,NSE,IDO,39964,,NIFTY,,2025-07-10,2025-07-10,24350.00,CE,NIFTY2571024350CE,0.00,0.00,0.00,842.95,0.00,842.95,24812.05,741.20,0,0,0,0.00,0,F1,75,,,,,
2025-06-18,2025-06-18,FO,NSE,IDO,39940,,NIFTY,,2025-07-10,2025-07-10,24050.00,CE,NIFTY2571024050CE,0.00,0.00,0.00,1051.60,0.00,1051.60,24812.05,964.25,0,0,0,0.00,0,F1,75,,,,,
2025-06-18,2025-06-18,FO,NSE,IDO,39844,,NIFTY,,2025-07-10,2025-07-10,23100.00,CE,NIFTY2571023100CE,0.00,0.00,0.00,1841.20,0.00,1841.20,24812.05,1809.50,0,0,0,0.00,0,F1,75,,,,,
2025-06-18,2025-06-18,FO,NSE,IDO,39840,,NIFTY,,2025-07-10,2025-07-10,23050.00,CE,NIFTY2571023050CE,0.00,0.00,0.00,1886.90,0.00,1886.90,24812.05,1857.50,0,0,0,0.00,0,F1,75,,,,,
2025-06-18,2025-06-18,FO,NSE,IDO,39838,,NIFTY,,2025-07-10,2025-07-10,23000.00,CE,NIFTY2571023000CE,0.00,0.00,0.00,1932.95,0.00,1932.95,24812.05,1905.75,0,0,0,0.00,0,F1,75,,,,,
2025-06-18,2025-06-18,FO,NSE,IDO,58735,,NIFTY,,2025-07-03,2025-07-03,26900.00,CE,NIFTY2570326900CE,3.40,3.75,2.85,3.20,3.15,3.75,24812.05,3.20,127200,6600,2044,4124250791.25,607,F1,75,,,,,
2025-06-18,2025-06-18,FO,NSE,IDO,58731,,NIFTY,,2025-07-03,2025-07-03,26800.00,CE,NIFTY2570326800CE,3.75,3.75,3.05,3.50,3.35,4.00,24812.05,3.50,42300,4275,421,846316185.00,185,F1,75,,,,,
2025-06-18,2025-06-18,FO,NSE,IDO,57544,,NIFTY,,2025-07-03,2025-07-03,26050.00,CE,NIFTY2570326050CE,15.20,15.20,8.70,10.05,10.10,12.50,24812.05,10.05,15750,1050,286,558989422.50,165,F1,75,,,,,
2025-06-18,2025-06-18,FO,NSE,IDO,57246,,NIFTY,,2025-07-03,2025-07-03,25900.00,CE,NIFTY2570325900CE,20.00,25.10,14.30,15.35,14.50,19.60,24812.05,15.35,218850,128175,6264,12175591466.25,4202,F1,75,,,,,
2025-06-18,2025-06-18,FO,NSE,IDO,56533,,NIFTY,,2025-07-03,2025-07-03,24600.00,CE,NIFTY2570324600CE,446.20,536.00,410.65,428.75,424.60,468.80,24812.05,428.75,68400,6150,1649,3101691067.50,866,F1,75,,,,,
2025-06-18,2025-06-18,FO,NSE,IDO,56464,,NIFTY,,2025-07-03,2025-07-03,24300.00,CE,NIFTY2570324300CE,656.65,656.65,656.65,656.65,656.65,726.40,24812.05,698.80,3525,0,1,1871748.75,1,F1,75,,,,,
2025-06-18,2025-06-18,FO,NSE,IDO,50969,,NIFTY,,2025-06-26,2025-06-26,27000.00,CE,NIFTY25JUN27000CE,1.50,1.50,1.35,1.45,1.40,1.55,24812.05,1.45,2717300,-18525,17383,35202427005.00,3794,F1,75,,,,,
2025-06-18,2025-06-18,FO,NSE,IDO,51087,,NIFTY,,2025-06-19,2025-06-19,26700.00,CE,NIFTY2561926700CE,0.80,1.70,0.50,0.75,0.65,0.75,24812.05,0.75,1439625,268875,80022,160248018412.50,10466,F1,75,,,,,
2025-06-18,2025-06-18,FO,NSE,IDO,62073,,NIFTY,,2025-06-26,2025-06-26,20650.00,CE,NIFTY25JUN20650CE,0.00,0.00,0.00,4304.25,4304.25,4304.25,24812.05,4189.05,600,0,0,0.00,0,F1,75,,,,,
2025-06-18,2025-06-18,FO,NSE,IDO,62075,,NIFTY,,2025-06-26,2025-06-26,20700.00,CE,NIFTY25JUN20700CE,0.00,0.00,0.00,4254.90,4254.90,4254.90,24812.05,4139.15,600,0,0,0.00,0,F1,75,,,,,
2025-06-18,2025-06-18,FO,NSE,IDO,51449,,NIFTY,,2025-06-26,2025-06-26,21000.00,CE,NIFTY25JUN21000CE,3860.00,3952.75,3785.00,3818.65,3814.60,3856.00,24812.05,3818.65,373050,-28200,946,1760982558.75,434,F1,75,,,,,
2025-06-18,2025-06-18,FO,NSE,IDO,62203,,NIFTY,,2025-06-26,2025-06-26,22600.00,CE,NIFTY25JUN22600CE,2265.35,2402.55,2205.70,2230.00,2230.00,2266.70,24812.05,2241.65,8400,-4950,71,132560223.75,71,F1,75,,,,,
2025-06-18,2025-06-18,FO,NSE,IDO,62507,,NIFTY,,2025-06-26,2025-06-26,26850.00,CE,NIFTY25JUN26850CE,1.55,1.60,1.35,1.45,1.45,1.65,24812.05,1.45,96150,-3450,1119,2253507776.25,280,F1,75,,,,,
2025-06-18,2025-06-18,FO,NSE,IDO,62463,,NIFTY,,2025-06-26,2025-06-26,26250.00,CE,NIFTY25JUN26250CE,2.05,2.40,1.85,2.10,2.20,2.25,24812.05,2.10,650250,185250,13979,27523294830.00,4233,F1,75,,,,,
2025-06-18,2025-06-18,FO,NSE,IDO,62461,,NIFTY,,2025-06-26,2025-06-26,26200.00,CE,NIFTY25JUN26200CE,2.15,2.65,2.00,2.30,2.40,2.50,24812.05,2.30,2060475,703200,49392,97063574775.00,16160,F1,75,,,,,
2025-06-18,2025-06-18,FO,NSE,IDO,62429,,NIFTY,,2025-06-26,2025-06-26,25700.00,CE,NIFTY25JUN25700CE,8.55,15.60,7.70,8.85,8.50,11.70,24812.05,8.85,1777800,817725,81572,157290165596.25,34187,F1,75,,,,,
2025-06-18,2025-06-18,FO,NSE,IDO,39969,,NIFTY,,2025-07-10,2025-07-10,24450.00,PE,NIFTY2571024450PE,191.90,198.00,161.55,198.00,198.00,179.15,24812.05,223.65,375,-750,28,51727758.75,24,F1,75,,,,,
2025-06-18,2025-06-18,FO,NSE,IDO,62522,,NIFTY,,2025-06-26,2025-06-26,26900.00,PE,NIFTY25JUN26900PE,0.00,0.00,0.00,1913.85,1913.85,1913.85,24812.05,2052.95,150,0,0,0.00,0,F1,75,,,,,
2025-06-18,2025-06-18,FO,NSE,IDO,62506,,NIFTY,,2025-06-26,2025-06-26,26800.00,PE,NIFTY25JUN26800PE,0.00,0.00,0.00,1878.60,1878.60,1878.60,24812.05,1953.15,1875,0,0,0.00,0,F1,75,,,,,
2025-06-18,2025-06-18,FO,NSE,IDO,62472,,NIFTY,,2025-06-26,2025-06-26,26450.00,PE,NIFTY25JUN26450PE,0.00,0.00,0.00,1459.20,1459.20,1459.20,24812.05,1604.75,2325,0,0,0.00,0,F1,75,,,,,
2025-06-18,2025-06-18,FO,NSE,IDO,62328,,NIFTY,,2025-06-26,2025-06-26,23450.00,PE,NIFTY25JUN23450PE,12.95,13.35,8.60,12.20,13.25,13.20,24812.05,12.20,93450,6975,5232,9206114898.75,3456,F1,75,,,,,
2025-06-18,2025-06-18,FO,NSE,IDO,62324,,NIFTY,,2025-06-26,2025-06-26,23350.00,PE,NIFTY25JUN23350PE,9.55,11.70,7.45,11.10,11.35,11.40,24812.05,11.10,53250,11925,2619,4588388561.25,1500,F1,75,,,,,
2025-06-18,2025-06-18,FO,NSE,IDO,37794,,NIFTY,,2025-06-26,2025-06-26,23000.00,PE,NIFTY25JUN23000PE,8.35,8.35,5.15,6.70,7.25,8.20,24812.05,6.70,4490500,512500,67686,116789328045.00,22788,F1,75,,,,,
2025-06-18,2025-06-18,FO,NSE,IDO,62146,,NIFTY,,2025-06-26,2025-06-26,21550.00,PE,NIFTY25JUN21550PE,2.45,2.60,1.75,2.35,2.35,3.00,24812.05,2.35,10050,5100,1079,1744099590.00,430,F1,75,,,,,
2025-06-18,2025-06-18,FO,NSE,IDO,62144,,NIFTY,,2025-06-26,2025-06-26,21500.00,PE,NIFTY25JUN21500PE,2.50,2.60,1.75,2.15,2.20,2.90,24812.05,2.15,860175,20400,11336,18281048632.50,3278,F1,75,,,,,
2025-06-18,2025-06-18,FO,NSE,IDO,62090,,NIFTY,,2025-06-26,2025-06-26,20850.00,PE,NIFTY25JUN20850PE,2.10,2.10,1.50,1.85,1.95,2.20,24812.05,1.85,10425,1875,358,559870500.00,236,F1,75,,,,,
2025-06-18,2025-06-18,FO,NSE,IDO,51084,,NIFTY,,2025-06-19,2025-06-19,26600.00,PE,NIFTY2561926600PE,0.00,0.00,0.00,1677.40,1677.40,1677.40,24812.05,1783.60,525,0,0,0.00,0,F1,75,,,,,
2025-06-18,2025-06-18,FO,NSE,IDO,51062,,NIFTY,,2025-06-19,2025-06-19,26150.00,PE,NIFTY2561926150PE,0.00,0.00,0.00,1204.80,1204.80,1204.80,24812.05,1333.70,375,0,0,0.00,0,F1,75,,,,,
2025-06-18,2025-06-18,FO,NSE,IDO,51050,,NIFTY,,2025-06-19,2025-06-19,25850.00,PE,NIFTY2561925850PE,963.90,1041.80,932.30,1018.85,1018.85,1016.45,24812.05,1033.75,5175,-375,32,64391343.75,25,F1,75,,,,,
2025-06-18,2025-06-18,FO,NSE,IDO,51046,,NIFTY,,2025-06-19,2025-06-19,25750.00,PE,NIFTY2561925750PE,850.35,966.50,811.35,959.10,959.10,911.75,24812.05,933.75,3000,-450,37,73977247.50,29,F1,75,,,,,
2025-06-18,2025-06-18,FO,NSE,IDO,51012,,NIFTY,,2025-06-19,2025-06-19,25000.00,PE,NIFTY2561925000PE,219.80,259.00,125.65,222.20,228.25,205.20,24812.05,222.20,2047650,-461325,1181630,2231742462888.75,667051,F1,75,,,,,
2025-06-18,2025-06-18,FO,NSE,IDO,51004,,NIFTY,,2025-06-19,2025-06-19,24850.00,PE,NIFTY2561924850PE,119.10,145.00,58.75,109.80,111.10,113.45,24812.05,109.80,2193375,-1190250,3020847,5652511778163.75,1629525,F1,75,,,,,
2025-06-18,2025-06-18,FO,NSE,IDO,50966,,NIFTY,,2025-06-19,2025-06-19,24200.00,PE,NIFTY2561924200PE,11.90,11.90,3.15,4.15,4.65,11.25,24812.05,4.15,4231800,555375,896581,1627574603988.75,192540,F1,75,,,,,
2025-06-18,2025-06-18,FO,NSE,IDO,50882,,NIFTY,,2025-06-19,2025-06-19,23250.00,PE,NIFTY2561923250PE,1.75,1.75,0.45,0.65,0.65,1.85,24812.05,0.65,303225,-249450,75216,131161907358.75,12245,F1,75,,,,,
2025-06-18,2025-06-18,FO,NSE,IDO,50874,,NIFTY,,2025-06-19,2025-06-19,23100.00,PE,NIFTY2561923100PE,1.35,1.35,0.35,0.55,0.60,1.45,24812.05,0.55,430200,-383100,88862,153957445732.50,13738,F1,75,,,,,
2025-06-18,2025-06-18,FO,NSE,IDO,89636,,NIFTY,,2029-06-28,2029-06-28,27000.00,CE,NIFTY29JUN27000CE,0.00,0.00,0.00,6570.40,0.00,6570.40,24812.05,5326.50,0,0,0,0.00,0,F1,75,,,,,
2025-06-18,2025-06-18,FO,NSE,IDO,89628,,NIFTY,,2029-06-28,2029-06-28,23000.00,CE,NIFTY29JUN23000CE,0.00,0.00,0.00,8636.00,0.00,8636.00,24812.05,7520.15,0,0,0,0.00,0,F1,75,,,,,
2025-06-18,2025-06-18,FO,NSE,IDO,89612,,NIFTY,,2029-06-28,2029-06-28,18000.00,CE,NIFTY29JUN18000CE,0.00,0.00,0.00,11678.65,0.00,11678.65,24812.05,10889.80,0,0,0,0.00,0,F1,75,,,,,
2025-06-18,2025-06-18,FO,NSE,IDO,38164,,NIFTY,,2027-12-30,2027-12-30,29000.00,CE,NIFTY27DEC29000CE,0.00,0.00,0.00,1932.55,0.00,1932.55,24812.05,2672.55,0,0,0,0.00,0,F1,75,,,,,
2025-06-18,2025-06-18,FO,NSE,IDO,53605,,NIFTY,,2027-12-30,2027-12-30,19000.00,CE,NIFTY27DEC19000CE,0.00,0.00,0.00,5794.90,0.00,5794.90,24812.05,8692.60,0,0,0,0.00,0,F1,75,,,,,
2025-06-18,2025-06-18,FO,NSE,IDO,53603,,NIFTY,,2027-12-30,2027-12-30,18000.00,CE,NIFTY27DEC18000CE,0.00,0.00,0.00,6285.70,0.00,6285.70,24812.05,9493.20,0,0,0,0.00,0,F1,75,,,,,
2025-06-18,2025-06-18,FO,NSE,IDO,71558,,NIFTY,,2027-06-24,2027-06-24,23000.00,CE,NIFTY27JUN23000CE,0.00,0.00,0.00,2530.05,0.00,2530.05,24812.05,5114.95,0,0,0,0.00,0,F1,75,,,,,
2025-06-18,2025-06-18,FO,NSE,IDO,50547,,NIFTY,,2026-12-31,2026-12-31,28000.00,CE,NIFTY26DEC28000CE,1340.00,1454.75,1340.00,1367.60,1367.60,1370.00,24812.05,1367.60,7725,450,6,13222076.25,6,F1,75,,,,,
2025-06-18,2025-06-18,FO,NSE,IDO,71503,,NIFTY,,2026-12-31,2026-12-31,25000.00,CE,NIFTY26DEC25000CE,2985.00,2985.00,2950.00,2950.00,2950.00,3019.95,24812.05,3198.10,20900,0,3,6293625.00,3,F1,75,,,,,
2025-06-18,2025-06-18,FO,NSE,IDO,58640,,NIFTY,,2026-12-31,2026-12-31,18000.00,CE,NIFTY26DEC18000CE,0.00,0.00,0.00,4501.45,0.00,4501.45,24812.05,8474.80,0,0,0,0.00,0,F1,75,,,,,
2025-06-18,2025-06-18,FO,NSE,IDO,62930,,NIFTY,,2026-03-26,2026-03-26,27000.00,CE,NIFTY26MAR27000CE,0.00,0.00,0.00,891.90,0.00,891.90,24812.05,1081.35,0,0,0,0.00,0,F1,75,,,,,
2025-06-18,2025-06-18,FO,NSE,IDO,62928,,NIFTY,,2026-03-26,2026-03-26,26000.00,CE,NIFTY26MAR26000CE,0.00,0.00,0.00,1228.35,0.00,1228.35,24812.05,1483.55,0,0,0,0.00,0,F1,75,,,,,
2025-06-18,2025-06-18,FO,NSE,IDO,62920,,NIFTY,,2026-03-26,2026-03-26,22000.00,CE,NIFTY26MAR22000CE,0.00,0.00,0.00,3481.20,0.00,3481.20,24812.05,4053.30,0,0,0,0.00,0,F1,75,,,,,
2025-06-18,2025-06-18,FO,NSE,IDO,62916,,NIFTY,,2026-03-26,2026-03-26,20000.00,CE,NIFTY26MAR20000CE,0.00,0.00,0.00,5090.05,0.00,5090.05,24812.05,5788.25,0,0,0,0.00,0,F1,75,,,,,
2025-06-18,2025-06-18,FO,NSE,IDO,62912,,NIFTY,,2026-03-26,2026-03-26,18000.00,CE,NIFTY26MAR18000CE,0.00,0.00,0.00,6870.70,0.00,6870.70,24812.05,7651.30,0,0,0,0.00,0,F1,75,,,,,
2025-06-18,2025-06-18,FO,NSE,IDO,64694,,NIFTY,,2025-09-25,2025-09-25,25000.00,CE,NIFTY25SEP25000CE,842.00,919.60,805.00,820.00,819.00,856.20,24812.05,820.00,778725,38175,1615,3130224540.00,1376,F1,75,,,,,
2025-06-18,2025-06-18,FO,NSE,IDO,71988,,NIFTY,,2025-08-28,2025-08-28,25100.00,CE,NIFTY25AUG25100CE,603.80,655.00,560.00,579.80,570.00,610.95,24812.05,579.80,6225,3375,82,158019318.75,50,F1,75,,,,,
2025-06-18,2025-06-18,FO,NSE,IDO,71958,,NIFTY,,2025-08-28,2025-08-28,24600.00,CE,NIFTY25AUG24600CE,952.60,952.60,848.00,868.25,868.25,890.75,24812.05,868.25,750,0,4,7644663.75,4,F1,75,,,,,
2025-06-18,2025-06-18,FO,NSE,IDO,55851,,NIFTY,,2025-07-31,2025-07-31,26050.00,CE,NIFTY25JUL26050CE,80.60,115.65,80.60,87.10,86.25,101.50,24812.05,87.10,19650,9075,339,664663728.75,156,F1,75,,,,,
2025-06-18,2025-06-18,FO,NSE,IDO,55817,,NIFTY,,2025-07-31,2025-07-31,25400.00,CE,NIFTY25JUL25400CE,270.50,323.00,247.85,255.45,251.25,282.90,24812.05,255.45,126450,9825,1613,3105275118.75,970,F1,75,,,,,
2025-06-18,2025-06-18,FO,NSE,IDO,55677,,NIFTY,,2025-07-31,2025-07-31,22400.00,CE,NIFTY25JUL22400CE,0.00,0.00,0.00,2734.80,2735.00,2734.80,24812.05,2590.05,600,0,0,0.00,0,F1,75,,,,,
2025-06-18,2025-06-18,FO,NSE,IDO,40046,,NIFTY,,2025-07-10,2025-07-10,25400.00,PE,NIFTY2571025400PE,0.00,0.00,0.00,811.05,0.00,811.05,24812.05,712.20,0,0,0,0.00,0,F1,75,,,,,
2025-06-18,2025-06-18,FO,NSE,IDO,40071,,NIFTY,,2025-07-10,2025-07-10,25750.00,PE,NIFTY2571025750PE,0.00,0.00,0.00,1054.25,0.00,1054.25,24812.05,971.95,0,0,0,0.00,0,F1,75,,,,,
2025-06-18,2025-06-18,FO,NSE,IDO,40082,,NIFTY,,2025-07-10,2025-07-10,26000.00,PE,NIFTY2571026000PE,0.00,0.00,0.00,1246.00,0.00,1246.00,24812.05,1177.60,0,0,0,0.00,0,F1,75,,,,,
2025-06-18,2025-06-18,FO,NSE,IDO,71554,,NIFTY,,2027-06-24,2027-06-24,21000.00,PE,NIFTY27JUN21000PE,0.00,0.00,0.00,500.00,500.00,500.00,24812.05,288.50,350,0,0,0.00,0,F1,75,,,,,
2025-06-18,2025-06-18,FO,NSE,IDO,38163,,NIFTY,,2027-06-24,2027-06-24,29000.00,PE,NIFTY27JUN29000PE,0.00,0.00,0.00,4627.10,0.00,4627.10,24812.05,2849.15,0,0,0,0.00,0,F1,75,,,,,
2025-06-18,2025-06-18,FO,NSE,IDO,61915,,NIFTY,,2029-12-27,2029-12-27,29000.00,PE,NIFTY29DEC29000PE,0.00,0.00,0.00,1669.20,0.00,1669.20,24812.05,2117.45,0,0,0,0.00,0,F1,75,,,,,
2025-06-18,2025-06-18,FO,NSE,IDO,56704,,NIFTY,,2025-07-03,2025-07-03,25000.00,PE,NIFTY2570325000PE,362.30,384.50,289.10,362.45,366.00,347.15,24812.05,362.45,267225,28275,5900,11214712080.00,3658,F1,75,,,,,
2025-06-18,2025-06-18,FO,NSE,IDO,56684,,NIFTY,,2025-07-03,2025-07-03,24900.00,PE,NIFTY2570324900PE,331.90,331.90,246.00,307.75,311.75,296.85,24812.05,307.75,211875,79650,7933,14984741996.25,5209,F1,75,,,,,
2025-06-18,2025-06-18,FO,NSE,IDO,56611,,NIFTY,,2025-07-03,2025-07-03,24800.00,PE,NIFTY2570324800PE,268.65,285.15,210.05,261.50,266.00,253.90,24812.05,261.50,246000,67500,10049,18882558487.50,6325,F1,75,,,,,
2025-06-18,2025-06-18,FO,NSE,IDO,56479,,NIFTY,,2025-07-03,2025-07-03,24400.00,PE,NIFTY2570324400PE,139.05,145.45,103.25,130.10,129.70,129.90,24812.05,130.10,224475,26025,4490,8258589423.75,2807,F1,75,,,,,
2025-06-18,2025-06-18,FO,NSE,IDO,56435,,NIFTY,,2025-07-03,2025-07-03,24100.00,PE,NIFTY2570324100PE,85.40,87.15,61.00,77.35,76.15,77.80,24812.05,77.35,66000,4125,2814,5101959783.75,2193,F1,75,,,,,
2025-06-18,2025-06-18,FO,NSE,IDO,56346,,NIFTY,,2025-07-03,2025-07-03,23850.00,PE,NIFTY2570323850PE,47.00,55.25,40.70,49.30,49.35,50.40,24812.05,49.30,10875,2925,168,301111642.50,140,F1,75,,,,,
2025-06-18,2025-06-18,FO,NSE,IDO,55980,,NIFTY,,2025-07-03,2025-07-03,22800.00,PE,NIFTY2570322800PE,13.25,13.25,9.40,10.80,10.95,12.90,24812.05,10.80,144225,61875,2624,4489074262.50,939,F1,75,,,,,
2025-06-18,2025-06-18,FO,NSE,IDO,40137,,NIFTY,,2025-07-10,2025-07-10,26650.00,PE,NIFTY2571026650PE,0.00,0.00,0.00,1798.00,0.00,1798.00,24812.05,1765.90,0,0,0,0.00,0,F1,75,,,,,
2025-06-18,2025-06-18,FO,NSE,IDO,40143,,NIFTY,,2025-07-10,2025-07-10,26700.00,PE,NIFTY2571026700PE,0.00,0.00,0.00,1843.00,0.00,1843.00,24812.05,1813.30,0,0,0,0.00,0,F1,75,,,,,
2025-06-18,2025-06-18,FO,NSE,IDO,47242,,NIFTY,,2025-07-17,2025-07-17,24450.00,PE,NIFTY2571724450PE,219.20,221.40,214.30,214.30,214.30,220.95,24812.05,214.30,900,600,9,16650525.00,5,F1,75,,,,,
2025-06-18,2025-06-18,FO,NSE,IDO,47276,,NIFTY,,2025-07-17,2025-07-17,25000.00,PE,NIFTY2571725000PE,412.85,453.55,379.00,431.00,430.50,421.40,24812.05,431.00,1875,975,50,95322270.00,45,F1,75,,,,,
2025-06-18,2025-06-18,FO,NSE,IDO,47302,,NIFTY,,2025-07-17,2025-07-17,25500.00,PE,NIFTY2571725500PE,0.00,0.00,0.00,793.15,0.00,793.15,24812.05,816.20,0,0,0,0.00,0,F1,75,,,,,
2025-06-18,2025-06-18,FO,NSE,IDO,47372,,NIFTY,,2025-07-17,2025-07-17,26450.00,CE,NIFTY2571726450CE,0.00,0.00,0.00,105.20,0.00,105.20,24812.05,64.40,0,0,0,0.00,0,F1,75,,,,,
2025-06-18,2025-06-18,FO,NSE,IDO,47370,,NIFTY,,2025-07-17,2025-07-17,26400.00,CE,NIFTY2571726400CE,0.00,0.00,0.00,112.55,0.00,112.55,24812.05,69.75,0,0,0,0.00,0,F1,75,,,,,
2025-06-18,2025-06-18,FO,NSE,IDO,47335,,NIFTY,,2025-07-17,2025-07-17,25900.00,CE,NIFTY2571725900CE,0.00,0.00,0.00,212.35,0.00,212.35,24812.05,147.20,0,0,0,0.00,0,F1,75,,,,,
2025-06-18,2025-06-18,FO,NSE,IDO,47273,,NIFTY,,2025-07-17,2025-07-17,24950.00,CE,NIFTY2571724950CE,377.30,415.45,354.65,362.20,362.20,396.15,24812.05,465.10,1725,675,18,34203262.50,16,F1,75,,,,,
2025-06-18,2025-06-18,FO,NSE,IDO,47237,,NIFTY,,2025-07-17,2025-07-17,24400.00,CE,NIFTY2571724400CE,0.00,0.00,0.00,894.95,0.00,894.95,24812.05,779.95,0,0,0,0.00,0,F1,75,,,,,
2025-06-18,2025-06-18,FO,NSE,IDO,47157,,NIFTY,,2025-07-17,2025-07-17,23550.00,CE,NIFTY2571723550CE,0.00,0.00,0.00,1555.55,0.00,1555.55,24812.05,1440.40,0,0,0,0.00,0,F1,75,,,,,
2025-06-18,2025-06-18,FO,NSE,IDO,47142,,NIFTY,,2025-07-17,2025-07-17,23300.00,CE,NIFTY2571723300CE,0.00,0.00,0.00,1776.70,0.00,1776.70,24812.05,1663.85,0,0,0,0.00,0,F1,75,,,,,
2025-06-18,2025-06-18,FO,NSE,IDO,47122,,NIFTY,,2025-07-17,2025-07-17,23000.00,CE,NIFTY2571723000CE,0.00,0.00,0.00,2052.85,0.00,2052.85,24812.05,1943.00,0,0,0,0.00,0,F1,75,,,,,
2025-06-18,2025-06-18,FO,NSE,IDO,47309,,NIFTY,,2025-07-17,2025-07-17,25600.00,PE,NIFTY2571725600PE,0.00,0.00,0.00,858.70,0.00,858.70,24812.05,886.30,0,0,0,0.00,0,F1,75,,,,,
2025-06-18,2025-06-18,FO,NSE,IDO,47373,,NIFTY,,2025-07-17,2025-07-17,26450.00,PE,NIFTY2571726450PE,0.00,0.00,0.00,1511.45,0.00,1511.45,24812.05,1577.15,0,0,0,0.00,0,F1,75,,,,,
2025-06-18,2025-06-18,FO,NSE,IDO,55690,,NIFTY,,2025-07-31,2025-07-31,22700.00,PE,NIFTY25JUL22700PE,40.35,48.10,37.50,41.65,41.90,42.25,24812.05,41.65,139575,-1875,431,735084967.50,207,F1,75,,,,,
2025-06-18,2025-06-18,FO,NSE,IDO,55704,,NIFTY,,2025-07-31,2025-07-31,23000.00,PE,NIFTY25JUL23000PE,64.95,64.95,50.95,57.15,57.35,58.10,24812.05,57.15,1839450,22650,10826,18719900430.00,5771,F1,75,,,,,
2025-06-18,2025-06-18,FO,NSE,IDO,55736,,NIFTY,,2025-07-31,2025-07-31,23500.00,PE,NIFTY25JUL23500PE,106.05,106.05,86.50,95.60,96.35,98.80,24812.05,95.60,2173200,401325,15918,28167031515.00,9758,F1,75,,,,,
2025-06-18,2025-06-18,FO,NSE,IDO,55780,,NIFTY,,2025-07-31,2025-07-31,24500.00,PE,NIFTY25JUL24500PE,330.00,330.00,257.80,289.55,290.25,288.65,24812.05,289.55,1924950,215100,19769,36749503012.50,10258,F1,75,,,,,
2025-06-18,2025-06-18,FO,NSE,IDO,40146,,NIFTY,,2025-07-10,2025-07-10,26800.00,CE,NIFTY2571026800CE,5.75,5.90,4.45,5.80,5.75,5.75,24812.05,5.80,4575,1725,66,132686580.00,37,F1,75,,,,,
2025-06-18,2025-06-18,FO,NSE,IDO,40102,,NIFTY,,2025-07-10,2025-07-10,26250.00,CE,NIFTY2571026250CE,0.00,0.00,0.00,115.95,0.00,115.95,24812.05,52.70,0,0,0,0.00,0,F1,75,,,,,
2025-06-18,2025-06-18,FO,NSE,IDO,40060,,NIFTY,,2025-07-10,2025-07-10,25650.00,CE,NIFTY2571025650CE,87.00,95.20,65.85,68.20,68.50,80.75,24812.05,68.20,4275,150,43,82969290.00,33,F1,75,,,,,
2025-06-18,2025-06-18,FO,NSE,IDO,40022,,NIFTY,,2025-07-10,2025-07-10,25100.00,CE,NIFTY2571025100CE,237.70,304.20,220.00,232.10,230.90,259.75,24812.05,232.10,44550,1725,253,481077577.50,211,F1,75,,,,,
2025-06-18,2025-06-18,FO,NSE,IDO,39996,,NIFTY,,2025-07-10,2025-07-10,24750.00,CE,NIFTY2571024750CE,411.65,502.00,388.60,417.40,417.40,445.00,24812.05,492.25,4275,1650,58,109524048.75,48,F1,75,,,,,
2025-06-18,2025-06-18,FO,NSE,IDO,39946,,NIFTY,,2025-07-10,2025-07-10,24200.00,CE,NIFTY2571024200CE,0.00,0.00,0.00,943.70,0.00,943.70,24812.05,849.25,0,0,0,0.00,0,F1,75,,,,,
2025-06-18,2025-06-18,FO,NSE,IDO,39917,,NIFTY,,2025-07-10,2025-07-10,23750.00,CE,NIFTY2571023750CE,0.00,0.00,0.00,1281.05,0.00,1281.05,24812.05,1212.65,0,0,0,0.00,0,F1,75,,,,,
2025-06-18,2025-06-18,FO,NSE,IDO,39894,,NIFTY,,2025-07-10,2025-07-10,23450.00,CE,NIFTY2571023450CE,0.00,0.00,0.00,1530.70,1530.70,1530.70,24812.05,1480.40,0,0,0,0.00,0,F1,75,,,,,
2025-06-18,2025-06-18,FO,NSE,IDO,58717,,NIFTY,,2025-07-03,2025-07-03,26600.00,CE,NIFTY2570326600CE,4.50,5.10,3.60,4.00,3.90,4.55,24812.05,4.00,91950,13875,736,1468536903.75,410,F1,75,,,,,
2025-06-18,2025-06-18,FO,NSE,IDO,58698,,NIFTY,,2025-07-03,2025-07-03,26350.00,CE,NIFTY2570326350CE,6.20,6.20,5.05,5.45,5.35,6.60,24812.05,5.45,31950,3675,168,332079142.50,84,F1,75,,,,,
2025-06-18,2025-06-18,FO,NSE,IDO,56998,,NIFTY,,2025-07-03,2025-07-03,25700.00,CE,NIFTY2570325700CE,32.00,48.00,27.65,29.65,29.05,36.05,24812.05,29.65,196500,83100,7082,13668578756.25,4512,F1,75,,,,,
2025-06-18,2025-06-18,FO,NSE,IDO,56925,,NIFTY,,2025-07-03,2025-07-03,25600.00,CE,NIFTY2570325600CE,43.70,65.00,37.75,40.80,40.25,49.90,24812.05,40.80,267225,90450,6827,13131761351.25,4595,F1,75,,,,,
2025-06-18,2025-06-18,FO,NSE,IDO,56605,,NIFTY,,2025-07-03,2025-07-03,24800.00,CE,NIFTY2570324800CE,328.70,404.85,290.70,306.45,301.45,341.60,24812.05,306.45,165375,41325,5594,10542711806.25,3737,F1,75,,,,,
2025-06-18,2025-06-18,FO,NSE,IDO,56593,,NIFTY,,2025-07-03,2025-07-03,24700.00,CE,NIFTY2570324700CE,413.05,470.90,347.00,364.60,357.85,403.00,24812.05,364.60,64500,-7350,1523,2865712871.25,1034,F1,75,,,,,
2025-06-18,2025-06-18,FO,NSE,IDO,56429,,NIFTY,,2025-07-03,2025-07-03,24050.00,CE,NIFTY2570324050CE,0.00,0.00,0.00,1036.95,1036.95,1036.95,24812.05,894.75,600,0,0,0.00,0,F1,75,,,,,
2025-06-18,2025-06-18,FO,NSE,IDO,56424,,NIFTY,,2025-07-03,2025-07-03,23950.00,CE,NIFTY2570323950CE,0.00,0.00,0.00,1111.95,1111.95,1111.95,24812.05,979.05,375,0,0,0.00,0,F1,75,,,,,
2025-06-18,2025-06-18,FO,NSE,IDO,55981,,NIFTY,,2025-07-03,2025-07-03,22850.00,CE,NIFTY2570322850CE,0.00,0.00,0.00,2185.70,2186.05,2185.70,24812.05,2019.95,150,0,0,0.00,0,F1,75,,,,,
2025-06-18,2025-06-18,FO,NSE,IDO,62409,,NIFTY,,2025-06-26,2025-06-26,25250.00,CE,NIFTY25JUN25250CE,55.00,92.65,47.00,52.95,50.75,66.05,24812.05,52.95,607950,-124425,55146,104680739167.50,26443,F1,75,,,,,
2025-06-18,2025-06-18,FO,NSE,IDO,62339,,NIFTY,,2025-06-26,2025-06-26,23750.00,CE,NIFTY25JUN23750CE,0.00,0.00,0.00,1124.30,1124.30,1124.30,24812.05,1102.15,2250,0,0,0.00,0,F1,75,,,,,
2025-06-18,2025-06-18,FO,NSE,IDO,62321,,NIFTY,,2025-06-26,2025-06-26,23300.00,CE,NIFTY25JUN23300CE,1589.55,1589.55,1500.00,1543.25,1543.25,1623.85,24812.05,1543.60,44325,-375,9,16766801.25,6,F1,75,,,,,
2025-06-18,2025-06-18,FO,NSE,IDO,37749,,NIFTY,,2025-06-26,2025-06-26,23000.00,CE,NIFTY25JUN23000CE,1854.55,1973.60,1796.90,1831.75,1825.00,1872.40,24812.05,1831.75,1419525,-13175,625,1165074116.25,396,F1,75,,,,,
2025-06-18,2025-06-18,FO,NSE,IDO,62139,,NIFTY,,2025-06-26,2025-06-26,21400.00,CE,NIFTY25JUN21400CE,0.00,0.00,0.00,3470.00,3470.00,3470.00,24812.05,3440.05,1725,0,0,0.00,0,F1,75,,,,,
2025-06-18,2025-06-18,FO,NSE,IDO,62137,,NIFTY,,2025-06-26,2025-06-26,21350.00,CE,NIFTY25JUN21350CE,0.00,0.00,0.00,3613.85,3613.85,3613.85,24812.05,3490.00,900,0,0,0.00,0,F1,75,,,,,
2025-06-18,2025-06-18,FO,NSE,IDO,62091,,NIFTY,,2025-06-26,2025-06-26,20900.00,CE,NIFTY25JUN20900CE,3930.00,3930.00,3930.00,3930.00,3930.00,4057.50,24812.05,3939.40,600,-75,1,1862250.00,1,F1,75,,,,,
2025-06-18,2025-06-18,FO,NSE,IDO,62087,,NIFTY,,2025-06-26,2025-06-26,20850.00,CE,NIFTY25JUN20850CE,0.00,0.00,0.00,4106.85,4106.85,4106.85,24812.05,3989.35,600,0,0,0.00,0,F1,75,,,,,
2025-06-18,2025-06-18,FO,NSE,IDO,55119,,NIFTY,,2025-06-26,2025-06-26,18000.00,CE,NIFTY25JUN18000CE,6930.00,6930.00,6786.00,6815.10,6815.85,6859.30,24812.05,6815.10,75625,-5100,80,149070138.75,76,F1,75,,,,,
2025-06-18,2025-06-18,FO,NSE,IDO,51089,,NIFTY,,2025-06-19,2025-06-19,26750.00,CE,NIFTY2561926750CE,0.55,1.80,0.50,0.75,0.75,0.75,24812.05,0.75,645825,34200,46228,92747172228.75,5898,F1,75,,,,,
2025-06-18,2025-06-18,FO,NSE,IDO,51083,,NIFTY,,2025-06-19,2025-06-19,26600.00,CE,NIFTY2561926600CE,0.70,0.85,0.55,0.75,0.85,0.85,24812.05,0.75,817125,57150,47376,94517550476.25,7865,F1,75,,,,,
2025-06-18,2025-06-18,FO,NSE,IDO,51069,,NIFTY,,2025-06-19,2025-06-19,26350.00,CE,NIFTY2561926350CE,0.80,0.90,0.60,0.80,0.80,0.95,24812.05,0.80,467250,70575,56757,112169167886.25,9740,F1,75,,,,,
2025-06-18,2025-06-18,FO,NSE,IDO,51047,,NIFTY,,2025-06-19,2025-06-19,25800.00,CE,NIFTY2561925800CE,1.15,1.20,0.85,1.05,1.05,1.30,24812.05,1.05,6333750,1672950,492225,952491605216.25,69485,F1,75,,,,,
2025-06-18,2025-06-18,FO,NSE,IDO,51029,,NIFTY,,2025-06-19,2025-06-19,25450.00,CE,NIFTY2561925450CE,3.00,4.10,1.55,1.70,1.70,3.25,24812.05,1.70,3010500,1189725,923977,1763813869132.50,135549,F1,75,,,,,
2025-06-18,2025-06-18,FO,NSE,IDO,50951,,NIFTY,,2025-06-19,2025-06-19,23900.00,CE,NIFTY2561923900CE,975.00,1046.15,870.25,870.25,870.25,950.30,24812.05,916.00,17925,-2925,64,119098113.75,35,F1,75,,,,,
2025-06-18,2025-06-18,FO,NSE,IDO,50917,,NIFTY,,2025-06-19,2025-06-19,23550.00,CE,NIFTY2561923550CE,1332.60,1332.60,1300.00,1300.00,1300.00,1145.00,24812.05,1265.90,2700,0,2,3729945.00,2,F1,75,,,,,
2025-06-18,2025-06-18,FO,NSE,IDO,50885,,NIFTY,,2025-06-19,2025-06-19,23350.00,CE,NIFTY2561923350CE,0.00,0.00,0.00,1288.20,1288.20,1288.20,24812.05,1465.90,1425,0,0,0.00,0,F1,75,,,,,
2025-06-18,2025-06-18,FO,NSE,IDO,50877,,NIFTY,,2025-06-19,2025-06-19,23200.00,CE,NIFTY2561923200CE,1643.00,1643.00,1643.00,1643.00,1643.00,1680.00,24812.05,1615.85,600,-75,1,1863225.00,1,F1,75,,,,,
2025-06-18,2025-06-18,FO,NSE,IDO,50875,,NIFTY,,2025-06-19,2025-06-19,23150.00,CE,NIFTY2561923150CE,0.00,0.00,0.00,1536.55,1517.10,1536.55,24812.05,1665.85,300,0,0,0.00,0,F1,75,,,,,
2025-06-18,2025-06-18,FO,NSE,IDO,50847,,NIFTY,,2025-06-19,2025-06-19,22800.00,CE,NIFTY2561922800CE,2166.85,2166.85,1980.00,2008.65,2008.65,2060.00,24812.05,2008.65,5625,-5400,110,204637275.00,58,F1,75,,,,,
2025-06-18,2025-06-18,FO,NSE,IDO,55798,,NIFTY,,2025-07-31,2025-07-31,24950.00,PE,NIFTY25JUL24950PE,479.00,480.00,410.00,462.20,462.40,454.35,24812.05,462.20,21150,375,559,1065335452.50,270,F1,75,,,,,
2025-06-18,2025-06-18,FO,NSE,IDO,55810,,NIFTY,,2025-07-31,2025-07-31,25250.00,PE,NIFTY25JUL25250PE,625.65,635.95,552.00,621.00,621.00,599.90,24812.05,621.00,8625,300,27,52360965.00,23,F1,75,,,,,
2025-06-18,2025-06-18,FO,NSE,IDO,71923,,NIFTY,,2025-08-28,2025-08-28,23750.00,PE,NIFTY25AUG23750PE,0.00,0.00,0.00,297.00,0.00,297.00,24812.05,241.15,0,0,0,0.00,0,F1,75,,,,,
2025-06-18,2025-06-18,FO,NSE,IDO,71947,,NIFTY,,2025-08-28,2025-08-28,24300.00,PE,NIFTY25AUG24300PE,324.90,330.10,296.65,323.00,324.50,323.20,24812.05,323.00,7875,375,38,70159860.00,31,F1,75,,,,,
2025-06-18,2025-06-18,FO,NSE,IDO,71957,,NIFTY,,2025-08-28,2025-08-28,24550.00,PE,NIFTY25AUG24550PE,395.95,407.50,395.95,407.50,407.50,395.95,24812.05,490.60,900,600,12,22452303.75,6,F1,75,,,,,
2025-06-18,2025-06-18,FO,NSE,IDO,72085,,NIFTY,,2025-08-28,2025-08-28,25450.00,PE,NIFTY25AUG25450PE,0.00,0.00,0.00,724.40,724.40,724.40,24812.05,927.45,150,0,0,0.00,0,F1,75,,,,,
2025-06-18,2025-06-18,FO,NSE,IDO,72099,,NIFTY,,2025-08-28,2025-08-28,25750.00,PE,NIFTY25AUG25750PE,0.00,0.00,0.00,889.05,889.15,889.05,24812.05,1109.95,225,0,0,0.00,0,F1,75,,,,,
2025-06-18,2025-06-18,FO,NSE,IDO,64687,,NIFTY,,2025-09-25,2025-09-25,21000.00,PE,NIFTY25SEP21000PE,38.50,39.95,35.80,36.80,37.20,38.05,24812.05,36.80,648375,20625,767,1210185798.75,568,F1,75,,,,,
2025-06-18,2025-06-18,FO,NSE,IDO,49174,,NIFTY,,2025-12-24,2025-12-24,15000.00,PE,NIFTY25DEC15000PE,0.00,0.00,0.00,13.80,13.80,13.80,24812.05,0.00,4400,0,0,0.00,0,F1,75,,,,,
2025-06-18,2025-06-18,FO,NSE,IDO,38377,,NIFTY,,2025-12-24,2025-12-24,20000.00,PE,NIFTY25DEC20000PE,66.00,74.00,63.00,64.10,63.00,64.50,24812.05,64.10,665350,6725,643,967677918.75,421,F1,75,,,,,
2025-06-18,2025-06-18,FO,NSE,IDO,37796,,NIFTY,,2025-12-24,2025-12-24,23000.00,PE,NIFTY25DEC23000PE,285.00,285.85,265.25,277.70,278.75,273.85,24812.05,277.70,2055100,16125,2012,3512399647.50,1380,F1,75,,,,,
2025-06-18,2025-06-18,FO,NSE,IDO,50462,,NIFTY,,2026-06-25,2026-06-25,16000.00,PE,NIFTY26JUN16000PE,0.00,0.00,0.00,21.00,21.00,21.00,24812.05,1.70,2275,0,0,0.00,0,F1,75,,,,,
2025-06-18,2025-06-18,FO,NSE,IDO,50498,,NIFTY,,2026-06-25,2026-06-25,17000.00,PE,NIFTY26JUN17000PE,0.00,0.00,0.00,2627.25,0.00,2627.25,24812.05,5.60,0,0,0,0.00,0,F1,75,,,,,
2025-06-18,2025-06-18,FO,NSE,IDO,50976,,NIFTY,,2026-06-25,2026-06-25,27000.00,PE,NIFTY26JUN27000PE,0.00,0.00,0.00,6810.70,0.00,6810.70,24812.05,2005.05,0,0,0,0.00,0,F1,75,,,,,
2025-06-18,2025-06-18,FO,NSE,IDO,53604,,NIFTY,,2027-12-30,2027-12-30,18000.00,PE,NIFTY27DEC18000PE,0.00,0.00,0.00,126.00,126.00,126.00,24812.05,83.45,10175,0,0,0.00,0,F1,75,,,,,
2025-06-18,2025-06-18,FO,NSE,IDO,53630,,NIFTY,,2027-12-30,2027-12-30,26000.00,PE,NIFTY27DEC26000PE,0.00,0.00,0.00,1951.60,1951.60,1951.60,24812.05,1454.85,75,0,0,0.00,0,F1,75,,,,,
2025-06-18,2025-06-18,FO,NSE,IDO,38165,,NIFTY,,2027-12-30,2027-12-30,29000.00,PE,NIFTY27DEC29000PE,0.00,0.00,0.00,4227.50,0.00,4227.50,24812.05,2675.25,0,0,0,0.00,0,F1,75,,,,,
2025-06-18,2025-06-18,FO,NSE,IDO,67775,,NIFTY,,2028-12-28,2028-12-28,20000.00,PE,NIFTY28DEC20000PE,0.00,0.00,0.00,316.05,316.05,316.05,24812.05,258.35,1100,0,0,0.00,0,F1,75,,,,,
2025-06-18,2025-06-18,FO,NSE,IDO,89631,,NIFTY,,2029-06-28,2029-06-28,24000.00,PE,NIFTY29JUN24000PE,0.00,0.00,0.00,694.05,694.05,694.05,24812.05,845.35,25,0,0,0.00,0,F1,75,,,,,
2025-06-18,2025-06-18,FO,NSE,IDO,35231,,NIFTY,,2026-06-25,2026-06-25,30000.00,PE,NIFTY26JUN30000PE,0.00,0.00,0.00,5541.20,0.00,5541.20,24812.05,3971.90,0,0,0,0.00,0,F1,75,,,,,
2025-06-18,2025-06-18,FO,NSE,IDO,71548,,NIFTY,,2027-06-24,2027-06-24,18000.00,PE,NIFTY27JUN18000PE,0.00,0.00,0.00,48.55,48.55,48.55,24812.05,61.75,25,0,0,0.00,0,F1,75,,,,,
2025-06-18,2025-06-18,FO,NSE,IDO,56732,,NIFTY,,2025-07-03,2025-07-03,25100.00,PE,NIFTY2570325100PE,405.00,442.00,340.00,420.50,424.55,401.35,24812.05,420.50,63600,11250,586,1120111683.75,330,F1,75,,,,,
2025-06-18,2025-06-18,FO,NSE,IDO,56775,,NIFTY,,2025-07-03,2025-07-03,25300.00,PE,NIFTY2570325300PE,498.20,575.10,460.90,559.05,560.50,525.95,24812.05,559.05,15075,600,95,184011176.25,82,F1,75,,,,,
2025-06-18,2025-06-18,FO,NSE,IDO,56804,,NIFTY,,2025-07-03,2025-07-03,25400.00,PE,NIFTY2570325400PE,570.00,680.00,525.25,629.70,629.70,590.00,24812.05,629.70,29325,-525,36,70198695.00,32,F1,75,,,,,
2025-06-18,2025-06-18,FO,NSE,IDO,58709,,NIFTY,,2025-07-03,2025-07-03,26450.00,PE,NIFTY2570326450PE,0.00,0.00,0.00,1426.60,1426.60,1426.60,24812.05,1586.40,75,0,0,0.00,0,F1,75,,,,,
2025-06-18,2025-06-18,FO,NSE,IDO,58732,,NIFTY,,2025-07-03,2025-07-03,26800.00,PE,NIFTY2570326800PE,0.00,0.00,0.00,1786.75,1786.75,1786.75,24812.05,1927.15,75,0,0,0.00,0,F1,75,,,,,
2025-06-18,2025-06-18,FO,NSE,IDO,39891,,NIFTY,,2025-07-10,2025-07-10,23400.00,PE,NIFTY2571023400PE,36.10,40.35,33.30,39.65,40.35,37.95,24812.05,39.65,5925,-450,12,21094665.00,8,F1,75,,,,,
2025-06-18,2025-06-18,FO,NSE,IDO,39899,,NIFTY,,2025-07-10,2025-07-10,23500.00,PE,NIFTY2571023500PE,46.05,48.90,38.10,45.50,46.60,47.80,24812.05,45.50,64050,11400,524,925240267.50,288,F1,75,,,,,
2025-06-18,2025-06-18,FO,NSE,IDO,39931,,NIFTY,,2025-07-10,2025-07-10,23900.00,PE,NIFTY2571023900PE,80.80,83.30,71.95,80.10,83.30,82.10,24812.05,80.10,1950,1050,20,35968121.25,13,F1,75,,,,,
2025-06-18,2025-06-18,FO,NSE,IDO,39948,,NIFTY,,2025-07-10,2025-07-10,24200.00,PE,NIFTY2571024200PE,134.00,141.10,110.25,129.10,129.90,128.85,24812.05,129.10,14400,5625,258,470719773.75,159,F1,75,,,,,
2025-06-18,2025-06-18,FO,NSE,IDO,62462,,NIFTY,,2025-06-26,2025-06-26,26200.00,PE,NIFTY25JUN26200PE,1347.30,1347.30,1277.40,1335.00,1335.00,1325.00,24812.05,1357.80,5925,-450,9,18575265.00,9,F1,75,,,,,
2025-06-18,2025-06-18,FO,NSE,IDO,62474,,NIFTY,,2025-06-26,2025-06-26,26500.00,PE,NIFTY25JUN26500PE,1571.00,1704.00,1525.00,1662.80,1680.20,1631.00,24812.05,1662.80,398325,-1875,281,592640820.00,236,F1,75,,,,,
2025-06-18,2025-06-18,FO,NSE,IDO,62500,,NIFTY,,2025-06-26,2025-06-26,26650.00,PE,NIFTY25JUN26650PE,1775.35,1775.35,1775.35,1775.35,1775.35,1743.00,24812.05,1803.65,30000,-75,1,2131901.25,1,F1,75,,,,,
2025-06-18,2025-06-18,FO,NSE,IDO,56592,,NIFTY,,2025-07-03,2025-07-03,24650.00,PE,NIFTY2570324650PE,205.05,219.75,162.95,203.15,208.95,200.05,24812.05,203.15,12750,1650,350,652166977.50,250,F1,75,,,,,
2025-06-18,2025-06-18,FO,NSE,IDO,56422,,NIFTY,,2025-07-03,2025-07-03,23900.00,PE,NIFTY2570323900PE,55.20,60.00,42.45,53.85,54.80,55.20,24812.05,53.85,44400,11925,1549,2782680716.25,1166,F1,75,,,,,
2025-06-18,2025-06-18,FO,NSE,IDO,56194,,NIFTY,,2025-07-03,2025-07-03,23500.00,PE,NIFTY2570323500PE,28.75,30.60,22.60,28.15,30.00,28.60,24812.05,28.15,205125,28500,5041,8894887061.25,2319,F1,75,,,,,
2025-06-18,2025-06-18,FO,NSE,IDO,55990,,NIFTY,,2025-07-03,2025-07-03,23000.00,PE,NIFTY2570323000PE,16.00,16.85,12.00,14.25,15.15,15.60,24812.05,14.25,235050,58875,5246,9054522750.00,2228,F1,75,,,,,
2025-06-18,2025-06-18,FO,NSE,IDO,62510,,NIFTY,,2025-06-26,2025-06-26,26850.00,PE,NIFTY25JUN26850PE,0.00,0.00,0.00,1864.00,1864.00,1864.00,24812.05,2003.05,150,0,0,0.00,0,F1,75,,,,,
2025-06-18,2025-06-18,FO,NSE,IDO,50851,,NIFTY,,2025-06-19,2025-06-19,22900.00,CE,NIFTY2561922900CE,1918.10,1918.10,1918.10,1918.10,1918.10,2081.40,24812.05,1915.80,1650,0,2,3722715.00,1,F1,75,,,,,
2025-06-18,2025-06-18,FO,NSE,IDO,50999,,NIFTY,,2025-06-19,2025-06-19,24750.00,CE,NIFTY2561924750CE,135.50,240.80,93.00,111.80,101.60,160.60,24812.05,111.80,1891200,1261725,1574788,2937593836833.75,893201,F1,75,,,,,
2025-06-18,2025-06-18,FO,NSE,IDO,51045,,NIFTY,,2025-06-19,2025-06-19,25750.00,CE,NIFTY2561925750CE,1.05,1.45,0.85,1.05,1.00,1.45,24812.05,1.05,2137575,127350,199824,385925352450.00,35825,F1,75,,,,,
2025-06-18,2025-06-18,FO,NSE,IDO,51053,,NIFTY,,2025-06-19,2025-06-19,25950.00,CE,NIFTY2561925950CE,1.20,1.20,0.75,0.90,1.00,1.15,24812.05,0.90,900525,-168300,84684,164821704071.25,16607,F1,75,,,,,
2025-06-18,2025-06-18,FO,NSE,IDO,51063,,NIFTY,,2025-06-19,2025-06-19,26200.00,CE,NIFTY2561926200CE,0.80,0.90,0.55,0.75,0.85,0.90,24812.05,0.75,1947825,-615300,174558,343015670130.00,25870,F1,75,,,,,
2025-06-18,2025-06-18,FO,NSE,IDO,51085,,NIFTY,,2025-06-19,2025-06-19,26650.00,CE,NIFTY2561926650CE,0.80,1.25,0.50,0.75,0.70,0.80,24812.05,0.75,462825,-36825,34798,69554283251.25,5224,F1,75,,,,,
2025-06-18,2025-06-18,FO,NSE,IDO,62122,,NIFTY,,2025-06-26,2025-06-26,21100.00,CE,NIFTY25JUN21100CE,0.00,0.00,0.00,3860.00,3860.00,3860.00,24812.05,3739.65,600,0,0,0.00,0,F1,75,,,,,
2025-06-18,2025-06-18,FO,NSE,IDO,62185,,NIFTY,,2025-06-26,2025-06-26,22150.00,CE,NIFTY25JUN22150CE,0.00,0.00,0.00,2858.10,2858.35,2858.10,24812.05,2691.05,2250,0,0,0.00,0,F1,75,,,,,
2025-06-18,2025-06-18,FO,NSE,IDO,62205,,NIFTY,,2025-06-26,2025-06-26,22650.00,CE,NIFTY25JUN22650CE,2215.55,2215.55,2200.05,2200.05,2200.05,2289.80,24812.05,2200.05,2025,-900,35,65259472.50,34,F1,75,,,,,
2025-06-18,2025-06-18,FO,NSE,IDO,62327,,NIFTY,,2025-06-26,2025-06-26,23450.00,CE,NIFTY25JUN23450CE,0.00,0.00,0.00,1430.00,1430.00,1430.00,24812.05,1395.00,1275,0,0,0.00,0,F1,75,,,,,
2025-06-18,2025-06-18,FO,NSE,IDO,62329,,NIFTY,,2025-06-26,2025-06-26,23500.00,CE,NIFTY25JUN23500CE,1352.05,1477.00,1299.50,1332.35,1331.00,1380.35,24812.05,1332.35,423000,-17550,724,1350838128.75,363,F1,75,,,,,
2025-06-18,2025-06-18,FO,NSE,IDO,62353,,NIFTY,,2025-06-26,2025-06-26,24100.00,CE,NIFTY25JUN24100CE,832.50,901.95,728.65,760.70,754.80,803.60,24812.05,760.70,48450,-13875,739,1382559048.75,344,F1,75,,,,,
2025-06-18,2025-06-18,FO,NSE,IDO,62393,,NIFTY,,2025-06-26,2025-06-26,24850.00,CE,NIFTY25JUN24850CE,224.75,286.00,175.80,192.55,187.50,225.60,24812.05,192.55,566100,150450,55958,105181270773.75,37263,F1,75,,,,,
2025-06-18,2025-06-18,FO,NSE,IDO,62411,,NIFTY,,2025-06-26,2025-06-26,25300.00,CE,NIFTY25JUN25300CE,40.00,78.00,38.55,43.60,41.60,55.20,24812.05,43.60,2190450,143400,116909,222284578612.50,62197,F1,75,,,,,
2025-06-18,2025-06-18,FO,NSE,IDO,62483,,NIFTY,,2025-06-26,2025-06-26,26600.00,CE,NIFTY25JUN26600CE,1.70,1.80,1.50,1.75,1.70,1.70,24812.05,1.75,575025,-108150,6133,12236093137.50,1657,F1,75,,,,,
2025-06-18,2025-06-18,FO,NSE,IDO,62503,,NIFTY,,2025-06-26,2025-06-26,26750.00,CE,NIFTY25JUN26750CE,1.55,1.60,1.25,1.55,1.50,1.60,24812.05,1.55,168225,3075,984,1974262061.25,442,F1,75,,,,,
2025-06-18,2025-06-18,FO,NSE,IDO,62505,,NIFTY,,2025-06-26,2025-06-26,26800.00,CE,NIFTY25JUN26800CE,1.65,1.65,1.40,1.50,1.50,1.65,24812.05,1.50,604050,-11025,6271,12605399902.50,1206,F1,75,,,,,
2025-06-18,2025-06-18,FO,NSE,IDO,62511,,NIFTY,,2025-06-26,2025-06-26,26900.00,CE,NIFTY25JUN26900CE,1.55,1.55,1.35,1.50,1.50,1.60,24812.05,1.50,90525,33750,2509,5062180968.75,807,F1,75,,,,,
2025-06-18,2025-06-18,FO,NSE,IDO,50537,,NIFTY,,2025-06-26,2025-06-26,28000.00,CE,NIFTY25JUN28000CE,1.35,1.35,1.15,1.25,1.20,1.35,24812.05,1.25,749200,-6825,1666,3498751871.25,736,F1,75,,,,,
2025-06-18,2025-06-18,FO,NSE,IDO,56087,,NIFTY,,2025-07-03,2025-07-03,23200.00,CE,NIFTY2570323200CE,1670.00,1670.00,1670.00,1670.00,1670.00,1835.20,24812.05,1670.00,150,75,1,1865250.00,1,F1,75,,,,,
2025-06-18,2025-06-18,FO,NSE,IDO,56164,,NIFTY,,2025-07-03,2025-07-03,23450.00,CE,NIFTY2570323450CE,0.00,0.00,0.00,1593.45,1593.45,1593.45,24812.05,1434.55,75,0,0,0.00,0,F1,75,,,,,
2025-06-18,2025-06-18,FO,NSE,IDO,56243,,NIFTY,,2025-07-03,2025-07-03,23800.00,CE,NIFTY2570323800CE,1075.00,1091.00,1075.00,1091.00,1091.00,1185.00,24812.05,1110.50,825,225,3,5598075.00,3,F1,75,,,,,
2025-06-18,2025-06-18,FO,NSE,IDO,56776,,NIFTY,,2025-07-03,2025-07-03,25350.00,CE,NIFTY2570325350CE,95.65,129.85,79.90,86.70,84.00,102.30,24812.05,86.70,25200,9450,673,1284213180.00,371,F1,75,,,,,
2025-06-18,2025-06-18,FO,NSE,IDO,58714,,NIFTY,,2025-07-03,2025-07-03,26550.00,CE,NIFTY2570326550CE,4.20,4.80,3.90,4.45,4.40,5.70,24812.05,4.45,8100,5625,109,217081327.50,29,F1,75,,,,,
2025-06-18,2025-06-18,FO,NSE,IDO,39934,,NIFTY,,2025-07-10,2025-07-10,24000.00,CE,NIFTY2571024000CE,955.00,962.00,955.00,960.00,960.00,1073.75,24812.05,1004.05,7275,7125,95,177825450.00,20,F1,75,,,,,
2025-06-18,2025-06-18,FO,NSE,IDO,39985,,NIFTY,,2025-07-10,2025-07-10,24650.00,CE,NIFTY2571024650CE,508.60,508.60,462.45,462.45,462.45,535.00,24812.05,548.95,525,375,10,18852866.25,8,F1,75,,,,,
2025-06-18,2025-06-18,FO,NSE,IDO,40004,,NIFTY,,2025-07-10,2025-07-10,24850.00,CE,NIFTY2571024850CE,377.50,439.60,340.00,347.75,344.00,385.95,24812.05,347.75,9075,3225,110,208110765.00,70,F1,75,,,,,
2025-06-18,2025-06-18,FO,NSE,IDO,40010,,NIFTY,,2025-07-10,2025-07-10,24950.00,CE,NIFTY2571024950CE,326.85,376.85,290.00,296.10,291.15,334.95,24812.05,296.10,4050,300,58,109986795.00,45,F1,75,,,,,
2025-06-18,2025-06-18,FO,NSE,IDO,40080,,NIFTY,,2025-07-10,2025-07-10,26000.00,CE,NIFTY2571026000CE,27.00,42.00,25.80,28.25,27.50,34.10,24812.05,28.25,112050,27525,2237,4367457648.75,1150,F1,75,,,,,
2025-06-18,2025-06-18,FO,NSE,IDO,40130,,NIFTY,,2025-07-10,2025-07-10,26600.00,CE,NIFTY2571026600CE,8.55,12.95,6.10,7.40,7.35,8.15,24812.05,7.40,8475,1575,70,139688767.50,52,F1,75,,,,,
2025-06-18,2025-06-18,FO,NSE,IDO,40150,,NIFTY,,2025-07-10,2025-07-10,26850.00,CE,NIFTY2571026850CE,5.00,6.20,3.75,6.20,6.20,8.00,24812.05,6.20,2475,1575,51,102720288.75,17,F1,75,,,,,
2025-06-18,2025-06-18,FO,NSE,IDO,47163,,NIFTY,,2025-07-17,2025-07-17,23650.00,CE,NIFTY2571723650CE,0.00,0.00,0.00,1469.90,0.00,1469.90,24812.05,1354.00,0,0,0,0.00,0,F1,75,,,,,
2025-06-18,2025-06-18,FO,NSE,IDO,47233,,NIFTY,,2025-07-17,2025-07-17,24300.00,CE,NIFTY2571724300CE,0.00,0.00,0.00,963.60,0.00,963.60,24812.05,847.60,0,0,0,0.00,0,F1,75,,,,,
2025-06-18,2025-06-18,FO,NSE,IDO,47287,,NIFTY,,2025-07-17,2025-07-17,25200.00,CE,NIFTY2571725200CE,250.45,308.15,236.40,246.55,247.50,277.30,24812.05,246.55,7425,4950,102,194732895.00,70,F1,75,,,,,
2025-06-18,2025-06-18,FO,NSE,IDO,47289,,NIFTY,,2025-07-17,2025-07-17,25250.00,CE,NIFTY2571725250CE,230.55,280.00,221.50,228.00,228.00,257.05,24812.05,335.40,2700,375,13,24852270.00,10,F1,75,,,,,
2025-06-18,2025-06-18,FO,NSE,IDO,47362,,NIFTY,,2025-07-17,2025-07-17,26200.00,CE,NIFTY2571726200CE,0.00,0.00,0.00,146.20,0.00,146.20,24812.05,95.20,0,0,0,0.00,0,F1,75,,,,,
2025-06-18,2025-06-18,FO,NSE,IDO,55673,,NIFTY,,2025-07-31,2025-07-31,22300.00,CE,NIFTY25JUL22300CE,2690.00,2690.00,2645.40,2645.40,2645.40,2690.00,24812.05,2686.35,525,0,5,9361290.00,4,F1,75,,,,,
2025-06-18,2025-06-18,FO,NSE,IDO,55695,,NIFTY,,2025-07-31,2025-07-31,22850.00,CE,NIFTY25JUL22850CE,0.00,0.00,0.00,2306.80,2307.05,2306.80,24812.05,2164.75,975,0,0,0.00,0,F1,75,,,,,
2025-06-18,2025-06-18,FO,NSE,IDO,55721,,NIFTY,,2025-07-31,2025-07-31,23150.00,CE,NIFTY25JUL23150CE,0.00,0.00,0.00,1898.25,1898.25,1898.25,24812.05,1891.45,1275,0,0,0.00,0,F1,75,,,,,
2025-06-18,2025-06-18,FO,NSE,IDO,55761,,NIFTY,,2025-07-31,2025-07-31,24100.00,CE,NIFTY25JUL24100CE,1064.00,1064.00,1033.90,1033.90,1033.90,1074.00,24812.05,1033.90,9750,0,7,13208842.50,2,F1,75,,,,,
2025-06-18,2025-06-18,FO,NSE,IDO,55771,,NIFTY,,2025-07-31,2025-07-31,24300.00,CE,NIFTY25JUL24300CE,888.95,985.10,858.00,872.80,876.50,920.50,24812.05,872.80,33225,3975,94,177551527.50,71,F1,75,,,,,
2025-06-18,2025-06-18,FO,NSE,IDO,55775,,NIFTY,,2025-07-31,2025-07-31,24400.00,CE,NIFTY25JUL24400CE,817.95,920.00,781.95,807.75,796.10,839.80,24812.05,807.75,31125,2625,214,405204060.00,128,F1,75,,,,,
2025-06-18,2025-06-18,FO,NSE,IDO,61795,,NIFTY,,2029-12-27,2029-12-27,27000.00,PE,NIFTY29DEC27000PE,0.00,0.00,0.00,1177.90,0.00,1177.90,24812.05,1513.75,0,0,0,0.00,0,F1,75,,,,,
2025-06-18,2025-06-18,FO,NSE,IDO,89641,,NIFTY,,2029-06-28,2029-06-28,29000.00,PE,NIFTY29JUN29000PE,0.00,0.00,0.00,1746.95,0.00,1746.95,24812.05,2243.35,0,0,0,0.00,0,F1,75,,,,,
2025-06-18,2025-06-18,FO,NSE,IDO,89633,,NIFTY,,2029-06-28,2029-06-28,25000.00,PE,NIFTY29JUN25000PE,0.00,0.00,0.00,852.50,0.00,852.50,24812.05,1061.20,0,0,0,0.00,0,F1,75,,,,,
2025-06-18,2025-06-18,FO,NSE,IDO,55793,,NIFTY,,2025-07-31,2025-07-31,24850.00,CE,NIFTY25JUL24850CE,539.75,610.00,495.00,512.60,510.55,552.05,24812.05,512.60,28425,675,246,468636750.00,173,F1,75,,,,,
2025-06-18,2025-06-18,FO,NSE,IDO,89629,,NIFTY,,2029-06-28,2029-06-28,23000.00,PE,NIFTY29JUN23000PE,0.00,0.00,0.00,543.65,0.00,543.65,24812.05,659.00,0,0,0,0.00,0,F1,75,,,,,
2025-06-18,2025-06-18,FO,NSE,IDO,67785,,NIFTY,,2028-12-28,2028-12-28,25000.00,PE,NIFTY28DEC25000PE,1374.95,1374.95,1350.00,1350.00,1350.00,1315.00,24812.05,1350.00,1525,300,4,7907996.25,4,F1,75,,,,,
2025-06-18,2025-06-18,FO,NSE,IDO,67779,,NIFTY,,2028-12-28,2028-12-28,22000.00,PE,NIFTY28DEC22000PE,0.00,0.00,0.00,521.30,521.30,521.30,24812.05,499.60,225,0,0,0.00,0,F1,75,,,,,
2025-06-18,2025-06-18,FO,NSE,IDO,67771,,NIFTY,,2028-12-28,2028-12-28,18000.00,PE,NIFTY28DEC18000PE,0.00,0.00,0.00,250.00,250.00,250.00,24812.05,115.15,75,0,0,0.00,0,F1,75,,,,,
2025-06-18,2025-06-18,FO,NSE,IDO,53635,,NIFTY,,2027-12-30,2027-12-30,28000.00,PE,NIFTY27DEC28000PE,0.00,0.00,0.00,4251.00,0.00,4251.00,24812.05,2223.05,0,0,0,0.00,0,F1,75,,,,,
2025-06-18,2025-06-18,FO,NSE,IDO,53615,,NIFTY,,2027-12-30,2027-12-30,21000.00,PE,NIFTY27DEC21000PE,0.00,0.00,0.00,440.05,440.05,440.05,24812.05,326.10,125,0,0,0.00,0,F1,75,,,,,
2025-06-18,2025-06-18,FO,NSE,IDO,53595,,NIFTY,,2027-12-30,2027-12-30,15000.00,PE,NIFTY27DEC15000PE,0.00,0.00,0.00,43.05,43.05,43.05,24812.05,11.90,475,0,0,0.00,0,F1,75,,,,,
2025-06-18,2025-06-18,FO,NSE,IDO,71563,,NIFTY,,2027-06-24,2027-06-24,25000.00,PE,NIFTY27JUN25000PE,0.00,0.00,0.00,5619.05,0.00,5619.05,24812.05,1146.80,0,0,0,0.00,0,F1,75,,,,,
2025-06-18,2025-06-18,FO,NSE,IDO,71552,,NIFTY,,2027-06-24,2027-06-24,20000.00,PE,NIFTY27JUN20000PE,0.00,0.00,0.00,3034.20,0.00,3034.20,24812.05,183.25,0,0,0,0.00,0,F1,75,,,,,
2025-06-18,2025-06-18,FO,NSE,IDO,55801,,NIFTY,,2025-07-31,2025-07-31,25050.00,CE,NIFTY25JUL25050CE,425.95,493.00,396.15,406.85,407.05,441.50,24812.05,406.85,12975,2550,211,403325643.75,126,F1,75,,,,,
2025-06-18,2025-06-18,FO,NSE,IDO,55841,,NIFTY,,2025-07-31,2025-07-31,25850.00,CE,NIFTY25JUL25850CE,134.25,165.95,120.95,123.60,123.60,142.05,24812.05,123.60,11925,3225,329,641199315.00,202,F1,75,,,,,
2025-06-18,2025-06-18,FO,NSE,IDO,55847,,NIFTY,,2025-07-31,2025-07-31,25950.00,CE,NIFTY25JUL25950CE,121.00,140.65,101.60,104.40,103.70,120.20,24812.05,104.40,11775,3600,214,418236802.50,118,F1,75,,,,,
2025-06-18,2025-06-18,FO,NSE,IDO,55873,,NIFTY,,2025-07-31,2025-07-31,26600.00,CE,NIFTY25JUL26600CE,32.00,40.25,29.10,29.90,30.00,35.20,24812.05,29.90,230100,38550,3199,6389516501.25,1762,F1,75,,,,,
2025-06-18,2025-06-18,FO,NSE,IDO,71872,,NIFTY,,2025-08-28,2025-08-28,23550.00,CE,NIFTY25AUG23550CE,0.00,0.00,0.00,1823.15,1824.45,1823.15,24812.05,1739.10,75,0,0,0.00,0,F1,75,,,,,
2025-06-18,2025-06-18,FO,NSE,IDO,71874,,NIFTY,,2025-08-28,2025-08-28,23600.00,CE,NIFTY25AUG23600CE,0.00,0.00,0.00,1781.15,1782.50,1781.15,24812.05,1700.10,75,0,0,0.00,0,F1,75,,,,,
2025-06-18,2025-06-18,FO,NSE,IDO,71916,,NIFTY,,2025-08-28,2025-08-28,23700.00,CE,NIFTY25AUG23700CE,0.00,0.00,0.00,1688.90,1688.90,1688.90,24812.05,1623.35,1275,0,0,0.00,0,F1,75,,,,,
2025-06-18,2025-06-18,FO,NSE,IDO,71956,,NIFTY,,2025-08-28,2025-08-28,24550.00,CE,NIFTY25AUG24550CE,0.00,0.00,0.00,1044.85,1044.85,1044.85,24812.05,1044.60,75,0,0,0.00,0,F1,75,,,,,
2025-06-18,2025-06-18,FO,NSE,IDO,71964,,NIFTY,,2025-08-28,2025-08-28,24750.00,CE,NIFTY25AUG24750CE,780.00,780.00,759.05,774.90,769.80,911.30,24812.05,774.90,300,0,7,13399473.75,7,F1,75,,,,,
2025-06-18,2025-06-18,FO,NSE,IDO,71972,,NIFTY,,2025-08-28,2025-08-28,24950.00,CE,NIFTY25AUG24950CE,0.00,0.00,0.00,786.65,786.65,786.65,24812.05,822.65,450,0,0,0.00,0,F1,75,,,,,
2025-06-18,2025-06-18,FO,NSE,IDO,72036,,NIFTY,,2025-08-28,2025-08-28,25250.00,CE,NIFTY25AUG25250CE,541.55,578.25,495.30,504.60,501.40,545.00,24812.05,504.60,2100,1800,27,52173112.50,20,F1,75,,,,,
2025-06-18,2025-06-18,FO,NSE,IDO,72090,,NIFTY,,2025-08-28,2025-08-28,25550.00,CE,NIFTY25AUG25550CE,391.80,418.50,364.75,365.00,365.00,398.65,24812.05,552.20,900,150,8,15556312.50,5,F1,75,,,,,
2025-06-18,2025-06-18,FO,NSE,IDO,72096,,NIFTY,,2025-08-28,2025-08-28,25700.00,CE,NIFTY25AUG25700CE,322.90,357.90,303.95,316.25,316.25,347.65,24812.05,316.25,11025,2025,42,81958233.75,30,F1,75,,,,,
2025-06-18,2025-06-18,FO,NSE,IDO,72120,,NIFTY,,2025-08-28,2025-08-28,26250.00,CE,NIFTY25AUG26250CE,0.00,0.00,0.00,469.15,0.00,469.15,24812.05,325.70,0,0,0,0.00,0,F1,75,,,,,
2025-06-18,2025-06-18,FO,NSE,IDO,62924,,NIFTY,,2026-03-26,2026-03-26,24000.00,CE,NIFTY26MAR24000CE,0.00,0.00,0.00,2170.10,0.00,2170.10,24812.05,2582.15,0,0,0,0.00,0,F1,75,,,,,
2025-06-18,2025-06-18,FO,NSE,IDO,38378,,NIFTY,,2026-06-25,2026-06-25,20000.00,CE,NIFTY26JUN20000CE,0.00,0.00,0.00,3829.50,0.00,3829.50,24812.05,6109.65,0,0,0,0.00,0,F1,75,,,,,
2025-06-18,2025-06-18,FO,NSE,IDO,58646,,NIFTY,,2026-12-31,2026-12-31,21000.00,CE,NIFTY26DEC21000CE,0.00,0.00,0.00,3356.25,0.00,3356.25,24812.05,5944.15,0,0,0,0.00,0,F1,75,,,,,
2025-06-18,2025-06-18,FO,NSE,IDO,38158,,NIFTY,,2026-12-31,2026-12-31,29000.00,CE,NIFTY26DEC29000CE,1028.35,1045.00,1028.35,1042.00,1042.00,1063.60,24812.05,1454.85,4950,300,6,13517947.50,6,F1,75,,,,,
2025-06-18,2025-06-18,FO,NSE,IDO,71562,,NIFTY,,2027-06-24,2027-06-24,25000.00,CE,NIFTY27JUN25000CE,0.00,0.00,0.00,2090.05,0.00,2090.05,24812.05,3874.60,0,0,0,0.00,0,F1,75,,,,,
2025-06-18,2025-06-18,FO,NSE,IDO,71564,,NIFTY,,2027-06-24,2027-06-24,26000.00,CE,NIFTY27JUN26000CE,0.00,0.00,0.00,1900.85,0.00,1900.85,24812.05,3335.85,0,0,0,0.00,0,F1,75,,,,,
2025-06-18,2025-06-18,FO,NSE,IDO,38160,,NIFTY,,2027-06-24,2027-06-24,29000.00,CE,NIFTY27JUN29000CE,0.00,0.00,0.00,1545.20,0.00,1545.20,24812.05,2043.45,0,0,0,0.00,0,F1,75,,,,,
2025-06-18,2025-06-18,FO,NSE,IDO,53616,,NIFTY,,2027-12-30,2027-12-30,22000.00,CE,NIFTY27DEC22000CE,0.00,0.00,0.00,4499.55,0.00,4499.55,24812.05,6455.85,0,0,0,0.00,0,F1,75,,,,,
2025-06-18,2025-06-18,FO,NSE,IDO,86139,,NIFTY,,2028-06-29,2028-06-29,18000.00,CE,NIFTY28JUN18000CE,0.00,0.00,0.00,6809.35,0.00,6809.35,24812.05,9975.90,0,0,0,0.00,0,F1,75,,,,,
2025-06-18,2025-06-18,FO,NSE,IDO,86167,,NIFTY,,2028-06-29,2028-06-29,29000.00,CE,NIFTY28JUN29000CE,0.00,0.00,0.00,2333.25,0.00,2333.25,24812.05,3267.80,0,0,0,0.00,0,F1,75,,,,,
2025-06-18,2025-06-18,FO,NSE,IDO,89610,,NIFTY,,2029-06-28,2029-06-28,17000.00,CE,NIFTY29JUN17000CE,0.00,0.00,0.00,12333.10,0.00,12333.10,24812.05,11625.10,0,0,0,0.00,0,F1,75,,,,,
2025-06-18,2025-06-18,FO,NSE,IDO,61744,,NIFTY,,2029-12-27,2029-12-27,22000.00,CE,NIFTY29DEC22000CE,0.00,0.00,0.00,8865.25,0.00,8865.25,24812.05,8660.45,0,0,0,0.00,0,F1,75,,,,,
2025-06-18,2025-06-18,FO,NSE,IDO,50979,,NIFTY,,2026-12-31,2026-12-31,27000.00,PE,NIFTY26DEC27000PE,0.00,0.00,0.00,1728.00,1728.00,1728.00,24812.05,1953.05,3525,0,0,0.00,0,F1,75,,,,,
2025-06-18,2025-06-18,FO,NSE,IDO,58625,,NIFTY,,2026-06-25,2026-06-25,12000.00,PE,NIFTY26JUN12000PE,20.05,20.05,20.05,20.05,20.05,20.05,24812.05,0.00,325,-150,2,1803007.50,1,F1,75,,,,,
2025-06-18,2025-06-18,FO,NSE,IDO,62936,,NIFTY,,2026-03-26,2026-03-26,29000.00,PE,NIFTY26MAR29000PE,0.00,0.00,0.00,3815.05,0.00,3815.05,24812.05,3381.25,0,0,0,0.00,0,F1,75,,,,,
2025-06-18,2025-06-18,FO,NSE,IDO,64691,,NIFTY,,2025-09-25,2025-09-25,23000.00,PE,NIFTY25SEP23000PE,161.05,165.15,146.90,155.25,153.05,153.95,24812.05,155.25,707625,35400,2607,4527255176.25,1990,F1,75,,,,,
2025-06-18,2025-06-18,FO,NSE,IDO,72125,,NIFTY,,2025-08-28,2025-08-28,26350.00,PE,NIFTY25AUG26350PE,0.00,0.00,0.00,1287.55,1287.55,1287.55,24812.05,1526.10,225,0,0,0.00,0,F1,75,,,,,
2025-06-18,2025-06-18,FO,NSE,IDO,72105,,NIFTY,,2025-08-28,2025-08-28,25900.00,PE,NIFTY25AUG25900PE,0.00,0.00,0.00,981.50,981.50,981.50,24812.05,1207.70,150,0,0,0.00,0,F1,75,,,,,
2025-06-18,2025-06-18,FO,NSE,IDO,72091,,NIFTY,,2025-08-28,2025-08-28,25550.00,PE,NIFTY25AUG25550PE,0.00,0.00,0.00,775.65,774.75,775.65,24812.05,986.30,225,0,0,0.00,0,F1,75,,,,,
2025-06-18,2025-06-18,FO,NSE,IDO,72088,,NIFTY,,2025-08-28,2025-08-28,25500.00,PE,NIFTY25AUG25500PE,831.85,842.00,756.00,825.30,825.65,805.20,24812.05,825.30,95775,21525,603,1189787336.25,282,F1,75,,,,,
2025-06-18,2025-06-18,FO,NSE,IDO,71965,,NIFTY,,2025-08-28,2025-08-28,24750.00,PE,NIFTY25AUG24750PE,449.55,461.75,449.55,461.75,461.75,457.00,24812.05,573.05,525,75,2,3780847.50,2,F1,75,,,,,
2025-06-18,2025-06-18,FO,NSE,IDO,71955,,NIFTY,,2025-08-28,2025-08-28,24500.00,PE,NIFTY25AUG24500PE,389.10,392.95,351.50,383.50,380.35,379.50,24812.05,383.50,345375,3075,873,1628702025.00,592,F1,75,,,,,
2025-06-18,2025-06-18,FO,NSE,IDO,71935,,NIFTY,,2025-08-28,2025-08-28,24050.00,PE,NIFTY25AUG24050PE,0.00,0.00,0.00,248.40,249.50,248.40,24812.05,320.10,600,0,0,0.00,0,F1,75,,,,,
2025-06-18,2025-06-18,FO,NSE,IDO,71852,,NIFTY,,2025-08-28,2025-08-28,23250.00,PE,NIFTY25AUG23250PE,0.00,0.00,0.00,189.35,0.00,189.35,24812.05,142.55,0,0,0,0.00,0,F1,75,,,,,
2025-06-18,2025-06-18,FO,NSE,IDO,55864,,NIFTY,,2025-07-31,2025-07-31,26350.00,PE,NIFTY25JUL26350PE,1483.20,1483.20,1483.20,1483.20,1483.20,1378.05,24812.05,1495.95,1425,150,2,4174980.00,1,F1,75,,,,,
2025-06-18,2025-06-18,FO,NSE,IDO,55854,,NIFTY,,2025-07-31,2025-07-31,26100.00,PE,NIFTY25JUL26100PE,1127.55,1149.20,1127.55,1148.90,1148.90,1157.80,24812.05,1296.65,3150,225,4,8173095.00,4,F1,75,,,,,
2025-06-18,2025-06-18,FO,NSE,IDO,55846,,NIFTY,,2025-07-31,2025-07-31,25900.00,PE,NIFTY25JUL25900PE,965.50,1070.00,957.50,1060.00,1060.00,1001.00,24812.05,1060.00,4125,-150,21,42348435.00,15,F1,75,,,,,
2025-06-18,2025-06-18,FO,NSE,IDO,55824,,NIFTY,,2025-07-31,2025-07-31,25450.00,PE,NIFTY25JUL25450PE,715.95,732.10,715.95,732.10,732.10,726.85,24812.05,732.10,3300,75,2,3926103.75,2,F1,75,,,,,
2025-06-18,2025-06-18,FO,NSE,IDO,55790,,NIFTY,,2025-07-31,2025-07-31,24750.00,PE,NIFTY25JUL24750PE,386.20,397.00,336.00,377.45,382.30,374.75,24812.05,377.45,18525,5550,340,640757246.25,204,F1,75,,,,,
2025-06-18,2025-06-18,FO,NSE,IDO,55740,,NIFTY,,2025-07-31,2025-07-31,23600.00,PE,NIFTY25JUL23600PE,111.65,113.50,95.65,107.45,106.45,108.95,24812.05,107.45,232950,-1125,2728,4850030583.75,1795,F1,75,,,,,
2025-06-18,2025-06-18,FO,NSE,IDO,55722,,NIFTY,,2025-07-31,2025-07-31,23150.00,PE,NIFTY25JUL23150PE,60.65,66.50,60.05,65.15,65.15,67.40,24812.05,62.30,12150,2550,41,71383507.50,19,F1,75,,,,,
2025-06-18,2025-06-18,FO,NSE,IDO,47369,,NIFTY,,2025-07-17,2025-07-17,26350.00,PE,NIFTY2571726350PE,0.00,0.00,0.00,1427.15,0.00,1427.15,24812.05,1488.75,0,0,0,0.00,0,F1,75,,,,,
2025-06-18,2025-06-18,FO,NSE,IDO,61748,,NIFTY,,2029-12-27,2029-12-27,24000.00,CE,NIFTY29DEC24000CE,0.00,0.00,0.00,7730.00,0.00,7730.00,24812.05,7469.15,0,0,0,0.00,0,F1,75,,,,,
2025-06-18,2025-06-18,FO,NSE,IDO,50900,,NIFTY,,2025-06-19,2025-06-19,23500.00,PE,NIFTY2561923500PE,3.00,3.00,0.70,0.95,1.15,3.00,24812.05,0.95,5337000,-2870925,599794,1057186941472.50,91651,F1,75,,,,,
2025-06-18,2025-06-18,FO,NSE,IDO,50944,,NIFTY,,2025-06-19,2025-06-19,23800.00,PE,NIFTY2561923800PE,4.80,5.20,1.10,1.60,1.85,5.10,24812.05,1.60,4421325,-1297050,767902,1370803779465.00,127592,F1,75,,,,,
2025-06-18,2025-06-18,FO,NSE,IDO,50958,,NIFTY,,2025-06-19,2025-06-19,24000.00,PE,NIFTY2561924000PE,8.00,8.00,1.85,2.60,2.90,7.45,24812.05,2.60,10683450,757050,1854993,3339342905478.75,284395,F1,75,,,,,
2025-06-18,2025-06-18,FO,NSE,IDO,51010,,NIFTY,,2025-06-19,2025-06-19,24950.00,PE,NIFTY2561924950PE,166.65,217.90,99.65,180.90,185.95,170.10,24812.05,180.90,801375,-71925,1120181,2108098087717.50,654119,F1,75,,,,,
2025-06-18,2025-06-18,FO,NSE,IDO,51024,,NIFTY,,2025-06-19,2025-06-19,25300.00,PE,NIFTY2561925300PE,510.00,540.70,359.30,502.75,512.00,471.35,24812.05,502.75,104100,-40800,13341,25757473680.00,8058,F1,75,,,,,
2025-06-18,2025-06-18,FO,NSE,IDO,51058,,NIFTY,,2025-06-19,2025-06-19,26050.00,PE,NIFTY2561926050PE,0.00,0.00,0.00,1366.15,1362.75,1366.15,24812.05,1233.70,900,0,0,0.00,0,F1,75,,,,,
2025-06-18,2025-06-18,FO,NSE,IDO,47361,,NIFTY,,2025-07-17,2025-07-17,26150.00,PE,NIFTY2571726150PE,0.00,0.00,0.00,1263.85,0.00,1263.85,24812.05,1316.80,0,0,0,0.00,0,F1,75,,,,,
2025-06-18,2025-06-18,FO,NSE,IDO,47268,,NIFTY,,2025-07-17,2025-07-17,24850.00,PE,NIFTY2571724850PE,366.15,375.00,320.60,375.00,375.00,343.00,24812.05,435.40,225,75,14,26470001.25,13,F1,75,,,,,
2025-06-18,2025-06-18,FO,NSE,IDO,47246,,NIFTY,,2025-07-17,2025-07-17,24550.00,PE,NIFTY2571724550PE,251.85,262.00,218.40,258.95,258.95,250.05,24812.05,306.10,825,675,16,29752177.50,14,F1,75,,,,,
2025-06-18,2025-06-18,FO,NSE,IDO,47236,,NIFTY,,2025-07-17,2025-07-17,24350.00,PE,NIFTY2571724350PE,208.00,208.00,192.65,192.65,192.65,197.50,24812.05,236.10,600,225,7,12887025.00,5,F1,75,,,,,
2025-06-18,2025-06-18,FO,NSE,IDO,47158,,NIFTY,,2025-07-17,2025-07-17,23550.00,PE,NIFTY2571723550PE,0.00,0.00,0.00,78.85,0.00,78.85,24812.05,66.90,0,0,0,0.00,0,F1,75,,,,,
2025-06-18,2025-06-18,FO,NSE,IDO,40059,,NIFTY,,2025-07-10,2025-07-10,25600.00,PE,NIFTY2571025600PE,0.00,0.00,0.00,946.25,0.00,946.25,24812.05,857.15,0,0,0,0.00,0,F1,75,,,,,
2025-06-18,2025-06-18,FO,NSE,IDO,40050,,NIFTY,,2025-07-10,2025-07-10,25500.00,PE,NIFTY2571025500PE,0.00,0.00,0.00,877.35,0.00,877.35,24812.05,782.55,0,0,0,0.00,0,F1,75,,,,,
2025-06-18,2025-06-18,FO,NSE,IDO,40041,,NIFTY,,2025-07-10,2025-07-10,25350.00,PE,NIFTY2571025350PE,601.90,631.00,601.90,621.30,631.00,577.00,24812.05,621.30,225,75,3,5843542.50,2,F1,75,,,,,
2025-06-18,2025-06-18,FO,NSE,IDO,40030,,NIFTY,,2025-07-10,2025-07-10,25150.00,PE,NIFTY2571025150PE,0.00,0.00,0.00,470.35,470.45,470.35,24812.05,551.10,675,0,0,0.00,0,F1,75,,,,,
2025-06-18,2025-06-18,FO,NSE,IDO,40014,,NIFTY,,2025-07-10,2025-07-10,24950.00,PE,NIFTY2571024950PE,380.60,383.60,325.75,374.70,374.70,363.15,24812.05,374.70,1275,225,58,110072550.00,39,F1,75,,,,,
2025-06-18,2025-06-18,FO,NSE,IDO,39981,,NIFTY,,2025-07-10,2025-07-10,24550.00,PE,NIFTY2571024550PE,221.75,231.80,187.60,214.60,214.60,218.70,24812.05,259.15,900,-375,18,33427762.50,17,F1,75,,,,,
2025-06-18,2025-06-18,FO,NSE,IDO,39921,,NIFTY,,2025-07-10,2025-07-10,23800.00,PE,NIFTY2571023800PE,72.70,72.70,61.35,66.00,66.00,72.70,24812.05,66.00,4800,1425,31,55496831.25,15,F1,75,,,,,
2025-06-18,2025-06-18,FO,NSE,IDO,39916,,NIFTY,,2025-07-10,2025-07-10,23700.00,PE,NIFTY2571023700PE,61.65,61.65,52.50,59.90,59.90,121.70,24812.05,58.90,1050,1050,49,87310395.00,34,F1,75,,,,,
2025-06-18,2025-06-18,FO,NSE,IDO,56754,,NIFTY,,2025-07-03,2025-07-03,25250.00,PE,NIFTY2570325250PE,449.50,539.60,449.50,524.00,530.60,461.00,24812.05,524.00,1425,300,24,46371262.50,16,F1,75,,,,,
2025-06-18,2025-06-18,FO,NSE,IDO,51096,,NIFTY,,2025-06-19,2025-06-19,26900.00,PE,NIFTY2561926900PE,2139.65,2139.65,2044.10,2044.10,2044.10,1970.00,24812.05,2083.55,150,0,2,4348781.25,2,F1,75,,,,,
2025-06-18,2025-06-18,FO,NSE,IDO,55120,,NIFTY,,2025-06-26,2025-06-26,18000.00,PE,NIFTY25JUN18000PE,1.25,1.30,1.00,1.05,1.15,1.30,24812.05,1.05,522075,-5400,2275,3071445810.00,682,F1,75,,,,,
2025-06-18,2025-06-18,FO,NSE,IDO,62064,,NIFTY,,2025-06-26,2025-06-26,20450.00,PE,NIFTY25JUN20450PE,2.05,2.05,1.30,1.65,1.70,1.90,24812.05,1.65,12525,-1425,586,898848255.00,408,F1,75,,,,,
2025-06-18,2025-06-18,FO,NSE,IDO,62170,,NIFTY,,2025-06-26,2025-06-26,21900.00,PE,NIFTY25JUN21900PE,2.95,3.00,2.00,2.65,2.50,3.55,24812.05,2.65,39600,-23625,1463,2403230043.75,728,F1,75,,,,,
2025-06-18,2025-06-18,FO,NSE,IDO,62174,,NIFTY,,2025-06-26,2025-06-26,22050.00,PE,NIFTY25JUN22050PE,2.40,3.20,2.15,2.70,3.10,3.90,24812.05,2.70,15075,1950,461,762462798.75,351,F1,75,,,,,
2025-06-18,2025-06-18,FO,NSE,IDO,62198,,NIFTY,,2025-06-26,2025-06-26,22450.00,PE,NIFTY25JUN22450PE,3.80,4.00,2.75,3.60,3.75,4.95,24812.05,3.60,54900,4725,855,1439808018.75,637,F1,75,,,,,
2025-06-18,2025-06-18,FO,NSE,IDO,62298,,NIFTY,,2025-06-26,2025-06-26,23100.00,PE,NIFTY25JUN23100PE,8.45,8.45,5.70,7.55,7.95,9.10,24812.05,7.55,326100,22800,9734,16869059651.25,5975,F1,75,,,,,
2025-06-18,2025-06-18,FO,NSE,IDO,62330,,NIFTY,,2025-06-26,2025-06-26,23500.00,PE,NIFTY25JUN23500PE,16.00,16.00,9.40,13.20,14.15,14.40,24812.05,13.20,3147900,670800,83076,146493872823.75,34796,F1,75,,,,,
2025-06-18,2025-06-18,FO,NSE,IDO,62352,,NIFTY,,2025-06-26,2025-06-26,24050.00,PE,NIFTY25JUN24050PE,38.05,41.50,24.50,35.50,36.40,36.65,24812.05,35.50,237525,60375,10127,18291604402.50,6149,F1,75,,,,,
2025-06-18,2025-06-18,FO,NSE,IDO,62354,,NIFTY,,2025-06-26,2025-06-26,24100.00,PE,NIFTY25JUN24100PE,41.90,46.45,27.05,39.40,40.60,40.20,24812.05,39.40,683925,111075,29924,54169104075.00,19682,F1,75,,,,,
2025-06-18,2025-06-18,FO,NSE,IDO,62358,,NIFTY,,2025-06-26,2025-06-26,24150.00,PE,NIFTY25JUN24150PE,44.70,51.75,30.25,43.60,45.30,44.70,24812.05,43.60,247875,71100,10291,18671240396.25,6454,F1,75,,,,,
2025-06-18,2025-06-18,FO,NSE,IDO,62396,,NIFTY,,2025-06-26,2025-06-26,24900.00,PE,NIFTY25JUN24900PE,255.75,269.00,177.05,242.80,249.75,231.05,24812.05,242.80,2407275,-180525,139097,262057878150.00,84276,F1,75,,,,,
2025-06-18,2025-06-18,FO,NSE,IDO,62407,,NIFTY,,2025-06-26,2025-06-26,25200.00,CE,NIFTY25JUN25200CE,69.95,111.00,56.05,63.20,60.60,79.15,24812.05,63.20,3464625,398775,137337,260329444713.75,72997,F1,75,,,,,
2025-06-18,2025-06-18,FO,NSE,IDO,62323,,NIFTY,,2025-06-26,2025-06-26,23350.00,CE,NIFTY25JUN23350CE,0.00,0.00,0.00,1668.60,1668.60,1668.60,24812.05,1493.95,6375,0,0,0.00,0,F1,75,,,,,
2025-06-18,2025-06-18,FO,NSE,IDO,62309,,NIFTY,,2025-06-26,2025-06-26,23200.00,CE,NIFTY25JUN23200CE,1698.90,1700.00,1599.00,1631.95,1631.95,1695.55,24812.05,1643.00,57675,-150,20,37241872.50,19,F1,75,,,,,
2025-06-18,2025-06-18,FO,NSE,IDO,62215,,NIFTY,,2025-06-26,2025-06-26,22850.00,CE,NIFTY25JUN22850CE,2105.75,2105.75,1990.00,1990.00,1990.00,2092.40,24812.05,1992.00,2325,0,4,7475696.25,3,F1,75,,,,,
2025-06-18,2025-06-18,FO,NSE,IDO,62189,,NIFTY,,2025-06-26,2025-06-26,22250.00,CE,NIFTY25JUN22250CE,0.00,0.00,0.00,2742.05,2742.05,2742.05,24812.05,2591.15,4350,0,0,0.00,0,F1,75,,,,,
2025-06-18,2025-06-18,FO,NSE,IDO,62071,,NIFTY,,2025-06-26,2025-06-26,20600.00,CE,NIFTY25JUN20600CE,0.00,0.00,0.00,4353.70,4353.70,4353.70,24812.05,4239.00,600,0,0,0.00,0,F1,75,,,,,
2025-06-18,2025-06-18,FO,NSE,IDO,51065,,NIFTY,,2025-06-19,2025-06-19,26250.00,CE,NIFTY2561926250CE,0.95,0.95,0.60,0.80,0.85,0.95,24812.05,0.80,599475,-19725,79394,156311243748.75,13799,F1,75,,,,,
2025-06-18,2025-06-18,FO,NSE,IDO,38159,,NIFTY,,2026-12-31,2026-12-31,29000.00,PE,NIFTY26DEC29000PE,0.00,0.00,0.00,5042.25,0.00,5042.25,24812.05,3027.15,0,0,0,0.00,0,F1,75,,,,,
2025-06-18,2025-06-18,FO,NSE,IDO,50548,,NIFTY,,2026-12-31,2026-12-31,28000.00,PE,NIFTY26DEC28000PE,0.00,0.00,0.00,2110.05,2110.05,2110.05,24812.05,2460.20,2925,0,0,0.00,0,F1,75,,,,,
2025-06-18,2025-06-18,FO,NSE,IDO,58645,,NIFTY,,2026-12-31,2026-12-31,20000.00,PE,NIFTY26DEC20000PE,0.00,0.00,0.00,241.00,241.00,241.00,24812.05,140.80,12325,0,0,0.00,0,F1,75,,,,,
2025-06-18,2025-06-18,FO,NSE,IDO,58641,,NIFTY,,2026-12-31,2026-12-31,18000.00,PE,NIFTY26DEC18000PE,0.00,0.00,0.00,76.10,76.10,76.10,24812.05,39.25,5175,0,0,0.00,0,F1,75,,,,,
2025-06-18,2025-06-18,FO,NSE,IDO,50557,,NIFTY,,2026-06-25,2026-06-25,18000.00,PE,NIFTY26JUN18000PE,0.00,0.00,0.00,3088.05,0.00,3088.05,24812.05,15.70,0,0,0,0.00,0,F1,75,,,,,
2025-06-18,2025-06-18,FO,NSE,IDO,62955,,NIFTY,,2026-03-26,2026-03-26,30000.00,PE,NIFTY26MAR30000PE,0.00,0.00,0.00,4604.45,0.00,4604.45,24812.05,4162.20,0,0,0,0.00,0,F1,75,,,,,
2025-06-18,2025-06-18,FO,NSE,IDO,64683,,NIFTY,,2025-09-25,2025-09-25,19000.00,PE,NIFTY25SEP19000PE,17.00,17.05,15.10,15.85,15.50,16.85,24812.05,15.85,143325,8550,527,751606770.00,160,F1,75,,,,,
2025-06-18,2025-06-18,FO,NSE,IDO,72317,,NIFTY,,2025-08-28,2025-08-28,26600.00,PE,NIFTY25AUG26600PE,1500.00,1655.00,1500.00,1610.00,1610.00,1480.80,24812.05,1715.80,300,150,6,12672375.00,4,F1,75,,,,,
2025-06-18,2025-06-18,FO,NSE,IDO,72312,,NIFTY,,2025-08-28,2025-08-28,26550.00,PE,NIFTY25AUG26550PE,0.00,0.00,0.00,1439.20,1439.20,1439.20,24812.05,1676.95,150,0,0,0.00,0,F1,75,,,,,
2025-06-18,2025-06-18,FO,NSE,IDO,72123,,NIFTY,,2025-08-28,2025-08-28,26300.00,PE,NIFTY25AUG26300PE,0.00,0.00,0.00,1251.20,1251.20,1251.20,24812.05,1488.05,150,0,0,0.00,0,F1,75,,,,,
2025-06-18,2025-06-18,FO,NSE,IDO,72116,,NIFTY,,2025-08-28,2025-08-28,26150.00,PE,NIFTY25AUG26150PE,0.00,0.00,0.00,1141.50,1141.30,1141.50,24812.05,1379.70,225,0,0,0.00,0,F1,75,,,,,
2025-06-18,2025-06-18,FO,NSE,IDO,72043,,NIFTY,,2025-08-28,2025-08-28,25350.00,PE,NIFTY25AUG25350PE,749.65,749.65,686.40,719.30,719.30,733.20,24812.05,870.55,1500,600,8,15633877.50,8,F1,75,,,,,
2025-06-18,2025-06-18,FO,NSE,IDO,71961,,NIFTY,,2025-08-28,2025-08-28,24650.00,PE,NIFTY25AUG24650PE,414.10,435.95,414.10,435.95,435.95,420.00,24812.05,435.95,375,150,4,7523002.50,4,F1,75,,,,,
2025-06-18,2025-06-18,FO,NSE,IDO,71949,,NIFTY,,2025-08-28,2025-08-28,24350.00,PE,NIFTY25AUG24350PE,338.80,344.30,323.85,335.55,335.55,332.95,24812.05,335.55,825,225,5,9256972.50,5,F1,75,,,,,
2025-06-18,2025-06-18,FO,NSE,IDO,89625,,NIFTY,,2029-06-28,2029-06-28,21000.00,PE,NIFTY29JUN21000PE,0.00,0.00,0.00,320.25,0.00,320.25,24812.05,373.50,0,0,0,0.00,0,F1,75,,,,,
2025-06-18,2025-06-18,FO,NSE,IDO,89639,,NIFTY,,2029-06-28,2029-06-28,28000.00,PE,NIFTY29JUN28000PE,0.00,0.00,0.00,1488.10,0.00,1488.10,24812.05,1899.35,0,0,0,0.00,0,F1,75,,,,,
2025-06-18,2025-06-18,FO,NSE,IDO,61383,,NIFTY,,2029-12-27,2029-12-27,17000.00,PE,NIFTY29DEC17000PE,0.00,0.00,0.00,62.80,0.00,62.80,24812.05,88.75,0,0,0,0.00,0,F1,75,,,,,
2025-06-18,2025-06-18,FO,NSE,IDO,61411,,NIFTY,,2029-12-27,2029-12-27,20000.00,PE,NIFTY29DEC20000PE,0.00,0.00,0.00,202.30,0.00,202.30,24812.05,276.30,0,0,0,0.00,0,F1,75,,,,,
2025-06-18,2025-06-18,FO,NSE,IDO,61745,,NIFTY,,2029-12-27,2029-12-27,22000.00,PE,NIFTY29DEC22000PE,0.00,0.00,0.00,373.65,0.00,373.65,24812.05,500.25,0,0,0,0.00,0,F1,75,,,,,
2025-06-18,2025-06-18,FO,NSE,IDO,71937,,NIFTY,,2025-08-28,2025-08-28,24100.00,PE,NIFTY25AUG24100PE,255.40,255.40,255.40,255.40,255.40,255.40,24812.05,334.95,4950,-75,1,1826655.00,1,F1,75,,,,,
2025-06-18,2025-06-18,FO,NSE,IDO,71929,,NIFTY,,2025-08-28,2025-08-28,23900.00,PE,NIFTY25AUG23900PE,226.85,227.25,208.10,227.00,227.00,228.25,24812.05,227.00,31725,75,18,32560582.50,17,F1,75,,,,,
2025-06-18,2025-06-18,FO,NSE,IDO,71915,,NIFTY,,2025-08-28,2025-08-28,23650.00,PE,NIFTY25AUG23650PE,0.00,0.00,0.00,271.85,0.00,271.85,24812.05,218.25,0,0,0,0.00,0,F1,75,,,,,
2025-06-18,2025-06-18,FO,NSE,IDO,71913,,NIFTY,,2025-08-28,2025-08-28,23600.00,PE,NIFTY25AUG23600PE,154.65,176.45,154.65,171.10,174.00,172.55,24812.05,171.10,44325,7050,164,292329498.75,114,F1,75,,,,,
2025-06-18,2025-06-18,FO,NSE,IDO,71863,,NIFTY,,2025-08-28,2025-08-28,23450.00,PE,NIFTY25AUG23450PE,0.00,0.00,0.00,144.45,144.45,144.45,24812.05,177.35,75,0,0,0.00,0,F1,75,,,,,
2025-06-18,2025-06-18,FO,NSE,IDO,71844,,NIFTY,,2025-08-28,2025-08-28,23050.00,PE,NIFTY25AUG23050PE,0.00,0.00,0.00,140.95,140.95,140.95,24812.05,113.25,3300,0,0,0.00,0,F1,75,,,,,
2025-06-18,2025-06-18,FO,NSE,IDO,55866,,NIFTY,,2025-07-31,2025-07-31,26400.00,PE,NIFTY25JUL26400PE,1529.70,1529.70,1437.45,1437.45,1437.45,1438.25,24812.05,1537.15,1425,150,3,6277263.75,2,F1,75,,,,,
2025-06-18,2025-06-18,FO,NSE,IDO,55766,,NIFTY,,2025-07-31,2025-07-31,24200.00,PE,NIFTY25JUL24200PE,170.00,220.00,170.00,208.65,209.30,209.30,24812.05,208.65,273525,14850,3380,6186151233.75,2808,F1,75,,,,,
2025-06-18,2025-06-18,FO,NSE,IDO,55678,,NIFTY,,2025-07-31,2025-07-31,22400.00,PE,NIFTY25JUL22400PE,31.00,33.05,28.40,31.65,32.25,31.65,24812.05,31.65,94875,8175,464,780587786.25,210,F1,75,,,,,
2025-06-18,2025-06-18,FO,NSE,IDO,55674,,NIFTY,,2025-07-31,2025-07-31,22300.00,PE,NIFTY25JUL22300PE,29.10,29.95,26.00,29.10,29.50,29.10,24812.05,29.10,282900,9675,972,1627723623.75,360,F1,75,,,,,
2025-06-18,2025-06-18,FO,NSE,IDO,55672,,NIFTY,,2025-07-31,2025-07-31,22250.00,PE,NIFTY25JUL22250PE,29.70,29.70,25.30,28.40,28.80,28.30,24812.05,28.40,333000,22425,2908,4858684957.50,1100,F1,75,,,,,
2025-06-18,2025-06-18,FO,NSE,IDO,47383,,NIFTY,,2025-07-17,2025-07-17,26700.00,PE,NIFTY2571726700PE,0.00,0.00,0.00,1729.00,0.00,1729.00,24812.05,1804.05,0,0,0,0.00,0,F1,75,,,,,
2025-06-18,2025-06-18,FO,NSE,IDO,47375,,NIFTY,,2025-07-17,2025-07-17,26500.00,PE,NIFTY2571726500PE,0.00,0.00,0.00,1554.25,0.00,1554.25,24812.05,1621.90,0,0,0,0.00,0,F1,75,,,,,
2025-06-18,2025-06-18,FO,NSE,IDO,47353,,NIFTY,,2025-07-17,2025-07-17,26000.00,PE,NIFTY2571726000PE,0.00,0.00,0.00,1339.45,1339.45,1339.45,24812.05,1192.70,75,0,0,0.00,0,F1,75,,,,,
2025-06-18,2025-06-18,FO,NSE,IDO,47311,,NIFTY,,2025-07-17,2025-07-17,25650.00,PE,NIFTY2571725650PE,0.00,0.00,0.00,892.50,0.00,892.50,24812.05,922.35,0,0,0,0.00,0,F1,75,,,,,
2025-06-18,2025-06-18,FO,NSE,IDO,47300,,NIFTY,,2025-07-17,2025-07-17,25450.00,PE,NIFTY2571725450PE,0.00,0.00,0.00,761.40,0.00,761.40,24812.05,782.25,0,0,0,0.00,0,F1,75,,,,,
2025-06-18,2025-06-18,FO,NSE,IDO,47266,,NIFTY,,2025-07-17,2025-07-17,24800.00,PE,NIFTY2571724800PE,333.00,360.00,300.00,345.35,350.00,341.90,24812.05,345.35,8400,150,62,116863473.75,38,F1,75,,,,,
2025-06-18,2025-06-18,FO,NSE,IDO,47226,,NIFTY,,2025-07-17,2025-07-17,24150.00,PE,NIFTY2571724150PE,154.55,154.55,135.60,150.00,149.85,205.75,24812.05,150.00,900,525,18,32799037.50,18,F1,75,,,,,
2025-06-18,2025-06-18,FO,NSE,IDO,40107,,NIFTY,,2025-07-10,2025-07-10,26300.00,PE,NIFTY2571026300PE,0.00,0.00,0.00,1492.35,0.00,1492.35,24812.05,1441.40,0,0,0,0.00,0,F1,75,,,,,
2025-06-18,2025-06-18,FO,NSE,IDO,40077,,NIFTY,,2025-07-10,2025-07-10,25900.00,PE,NIFTY2571025900PE,0.00,0.00,0.00,1167.75,0.00,1167.75,24812.05,1093.60,0,0,0,0.00,0,F1,75,,,,,
2025-06-18,2025-06-18,FO,NSE,IDO,40037,,NIFTY,,2025-07-10,2025-07-10,25250.00,PE,NIFTY2571025250PE,0.00,0.00,0.00,537.05,537.05,537.05,24812.05,612.90,2175,0,0,0.00,0,F1,75,,,,,
2025-06-18,2025-06-18,FO,NSE,IDO,40023,,NIFTY,,2025-07-10,2025-07-10,25100.00,PE,NIFTY2571025100PE,420.00,479.25,389.65,456.95,461.00,446.40,24812.05,456.95,9150,2400,132,252920771.25,95,F1,75,,,,,
2025-06-18,2025-06-18,FO,NSE,IDO,40001,,NIFTY,,2025-07-10,2025-07-10,24750.00,PE,NIFTY2571024750PE,288.45,308.25,244.90,288.25,291.60,278.70,24812.05,288.25,4200,1650,171,321141547.50,93,F1,75,,,,,
2025-06-18,2025-06-18,FO,NSE,IDO,39943,,NIFTY,,2025-07-10,2025-07-10,24100.00,PE,NIFTY2571024100PE,98.90,119.60,95.60,110.95,111.90,113.45,24812.05,110.95,5775,3900,165,299581256.25,120,F1,75,,,,,
2025-06-18,2025-06-18,FO,NSE,IDO,39941,,NIFTY,,2025-07-10,2025-07-10,24050.00,PE,NIFTY2571024050PE,107.45,109.25,89.05,102.85,103.70,104.30,24812.05,102.85,5850,-450,76,137651827.50,71,F1,75,,,,,
2025-06-18,2025-06-18,FO,NSE,IDO,39851,,NIFTY,,2025-07-10,2025-07-10,23200.00,PE,NIFTY2571023200PE,25.00,33.00,25.00,28.05,31.35,34.30,24812.05,28.05,3150,1350,33,57488647.50,21,F1,75,,,,,
2025-06-18,2025-06-18,FO,NSE,IDO,58697,,NIFTY,,2025-07-03,2025-07-03,26300.00,PE,NIFTY2570326300PE,0.00,0.00,0.00,1283.95,1283.95,1283.95,24812.05,1443.25,75,0,0,0.00,0,F1,75,,,,,
2025-06-18,2025-06-18,FO,NSE,IDO,58686,,NIFTY,,2025-07-03,2025-07-03,26200.00,PE,NIFTY2570326200PE,0.00,0.00,0.00,1201.10,1201.10,1201.10,24812.05,1349.25,75,0,0,0.00,0,F1,75,,,,,
2025-06-18,2025-06-18,FO,NSE,IDO,56924,,NIFTY,,2025-07-03,2025-07-03,25550.00,PE,NIFTY2570325550PE,0.00,0.00,0.00,716.80,701.95,716.80,24812.05,783.85,450,0,0,0.00,0,F1,75,,,,,
2025-06-18,2025-06-18,FO,NSE,IDO,56887,,NIFTY,,2025-07-03,2025-07-03,25500.00,PE,NIFTY2570325500PE,678.00,738.80,599.05,713.60,712.45,676.70,24812.05,713.60,32850,2100,231,453447581.25,130,F1,75,,,,,
2025-06-18,2025-06-18,FO,NSE,IDO,56086,,NIFTY,,2025-07-03,2025-07-03,23150.00,PE,NIFTY2570323150PE,12.15,17.45,12.10,16.95,17.45,86.05,24812.05,16.95,4350,4350,94,163320015.00,24,F1,75,,,,,
2025-06-18,2025-06-18,FO,NSE,IDO,55984,,NIFTY,,2025-07-03,2025-07-03,22900.00,PE,NIFTY2570322900PE,9.75,13.30,9.75,12.10,12.10,14.05,24812.05,12.10,21300,1800,96,164966156.25,49,F1,75,,,,,
2025-06-18,2025-06-18,FO,NSE,IDO,71379,,NIFTY,,2025-06-26,2025-06-26,24000.00,CE,NIFTY25JUN24000CE,880.00,1000.00,821.35,854.15,850.00,900.50,24812.05,854.15,1372800,-7125,5061,9447236722.50,2458,F1,75,,,,,
2025-06-18,2025-06-18,FO,NSE,IDO,62414,,NIFTY,,2025-06-26,2025-06-26,25300.00,PE,NIFTY25JUN25300PE,511.50,550.00,400.00,517.20,527.00,488.05,24812.05,517.20,349725,-9450,4510,8718346417.50,2592,F1,75,,,,,
2025-06-18,2025-06-18,FO,NSE,IDO,62350,,NIFTY,,2025-06-26,2025-06-26,23950.00,PE,NIFTY25JUN23950PE,32.90,33.80,20.25,29.20,30.00,30.75,24812.05,29.20,219975,39300,6543,11766013537.50,4136,F1,75,,,,,
2025-06-18,2025-06-18,FO,NSE,IDO,62326,,NIFTY,,2025-06-26,2025-06-26,23400.00,PE,NIFTY25JUN23400PE,10.00,13.35,7.85,11.40,12.25,12.40,24812.05,11.40,825375,366075,38435,67481951805.00,18212,F1,75,,,,,
2025-06-18,2025-06-18,FO,NSE,IDO,62208,,NIFTY,,2025-06-26,2025-06-26,22700.00,PE,NIFTY25JUN22700PE,9.55,9.55,3.65,4.50,5.15,6.25,24812.05,4.50,244050,114000,6565,11179011176.25,3112,F1,75,,,,,
2025-06-18,2025-06-18,FO,NSE,IDO,62194,,NIFTY,,2025-06-26,2025-06-26,22350.00,PE,NIFTY25JUN22350PE,3.75,3.75,2.65,3.30,3.40,4.75,24812.05,3.30,119475,-5700,2074,3476998575.00,1231,F1,75,,,,,
2025-06-18,2025-06-18,FO,NSE,IDO,62172,,NIFTY,,2025-06-26,2025-06-26,21950.00,PE,NIFTY25JUN21950PE,3.00,3.05,1.95,2.60,2.50,3.65,24812.05,2.60,8925,-2700,525,864373582.50,382,F1,75,,,,,
2025-06-18,2025-06-18,FO,NSE,IDO,62138,,NIFTY,,2025-06-26,2025-06-26,21350.00,PE,NIFTY25JUN21350PE,2.55,2.55,1.80,2.25,2.15,2.75,24812.05,2.25,23175,2175,461,738247650.00,245,F1,75,,,,,
2025-06-18,2025-06-18,FO,NSE,IDO,62086,,NIFTY,,2025-06-26,2025-06-26,20800.00,PE,NIFTY25JUN20800PE,2.25,2.30,1.40,1.80,1.80,2.25,24812.05,1.80,16425,-5700,1174,1831593948.75,649,F1,75,,,,,
2025-06-18,2025-06-18,FO,NSE,IDO,51078,,NIFTY,,2025-06-19,2025-06-19,26500.00,PE,NIFTY2561926500PE,1560.00,1716.55,1560.00,1703.60,1703.60,1903.70,24812.05,1703.60,4500,0,6,12676323.75,6,F1,75,,,,,
2025-06-18,2025-06-18,FO,NSE,IDO,51018,,NIFTY,,2025-06-19,2025-06-19,25150.00,PE,NIFTY2561925150PE,356.80,397.45,228.75,360.90,366.15,331.50,24812.05,360.90,179025,-87825,26293,50181085908.75,17993,F1,75,,,,,
2025-06-18,2025-06-18,FO,NSE,IDO,50954,,NIFTY,,2025-06-19,2025-06-19,23950.00,PE,NIFTY2561923950PE,6.25,6.50,1.55,2.25,2.50,6.80,24812.05,2.25,1321725,76200,453410,814514042910.00,73817,F1,75,,,,,
2025-06-18,2025-06-18,FO,NSE,IDO,50860,,NIFTY,,2025-06-19,2025-06-19,23050.00,PE,NIFTY2561923050PE,1.40,1.40,0.35,0.40,0.40,1.35,24812.05,0.40,161100,-52650,47260,81702573270.00,6179,F1,75,,,,,
2025-06-18,2025-06-18,FO,NSE,IDO,50852,,NIFTY,,2025-06-19,2025-06-19,22900.00,PE,NIFTY2561922900PE,1.00,1.00,0.25,0.35,0.30,1.15,24812.05,0.35,1210650,-46275,254806,437636827616.25,28057,F1,75,,,,,
2025-06-18,2025-06-18,FO,NSE,IDO,86164,,NIFTY,,2028-06-29,2028-06-29,27000.00,PE,NIFTY28JUN27000PE,0.00,0.00,0.00,2752.35,0.00,2752.35,24812.05,1740.20,0,0,0,0.00,0,F1,75,,,,,
2025-06-18,2025-06-18,FO,NSE,IDO,61858,,NIFTY,,2029-12-27,2029-12-27,28000.00,CE,NIFTY29DEC28000CE,0.00,0.00,0.00,5741.50,0.00,5741.50,24812.05,5419.35,0,0,0,0.00,0,F1,75,,,,,
2025-06-18,2025-06-18,FO,NSE,IDO,61390,,NIFTY,,2029-12-27,2029-12-27,18000.00,CE,NIFTY29DEC18000CE,0.00,0.00,0.00,11362.40,0.00,11362.40,24812.05,11322.55,0,0,0,0.00,0,F1,75,,,,,
2025-06-18,2025-06-18,FO,NSE,IDO,67794,,NIFTY,,2028-12-28,2028-12-28,30000.00,CE,NIFTY28DEC30000CE,0.00,0.00,0.00,3293.05,0.00,3293.05,24812.05,3455.65,0,0,0,0.00,0,F1,75,,,,,
2025-06-18,2025-06-18,FO,NSE,IDO,67784,,NIFTY,,2028-12-28,2028-12-28,25000.00,CE,NIFTY28DEC25000CE,0.00,0.00,0.00,5350.40,0.00,5350.40,24812.05,5786.80,0,0,0,0.00,0,F1,75,,,,,
2025-06-18,2025-06-18,FO,NSE,IDO,53599,,NIFTY,,2027-12-30,2027-12-30,17000.00,CE,NIFTY27DEC17000CE,0.00,0.00,0.00,6805.50,0.00,6805.50,24812.05,10312.60,0,0,0,0.00,0,F1,75,,,,,
2025-06-18,2025-06-18,FO,NSE,IDO,35229,,NIFTY,,2026-06-25,2026-06-25,30000.00,CE,NIFTY26JUN30000CE,0.00,0.00,0.00,788.00,0.00,788.00,24812.05,606.60,0,0,0,0.00,0,F1,75,,,,,
2025-06-18,2025-06-18,FO,NSE,IDO,50545,,NIFTY,,2026-06-25,2026-06-25,28000.00,CE,NIFTY26JUN28000CE,0.00,0.00,0.00,1533.95,0.00,1533.95,24812.05,1105.35,0,0,0,0.00,0,F1,75,,,,,
2025-06-18,2025-06-18,FO,NSE,IDO,71472,,NIFTY,,2026-06-25,2026-06-25,24000.00,CE,NIFTY26JUN24000CE,0.00,0.00,0.00,3000.00,3000.00,3000.00,24812.05,3001.75,3600,0,0,0.00,0,F1,75,,,,,
2025-06-18,2025-06-18,FO,NSE,IDO,39987,,NIFTY,,2025-12-24,2025-12-24,19000.00,CE,NIFTY25DEC19000CE,6300.00,6398.60,6300.00,6300.00,6300.00,6200.00,24812.05,6413.95,7100,75,6,11407830.00,6,F1,75,,,,,
2025-06-18,2025-06-18,FO,NSE,IDO,55121,,NIFTY,,2025-12-24,2025-12-24,18000.00,CE,NIFTY25DEC18000CE,7300.00,7300.00,7200.00,7200.00,7200.00,7255.00,24812.05,7200.00,15750,4200,58,109810687.50,54,F1,75,,,,,
2025-06-18,2025-06-18,FO,NSE,IDO,72322,,NIFTY,,2025-08-28,2025-08-28,26650.00,CE,NIFTY25AUG26650CE,0.00,0.00,0.00,359.65,0.00,359.65,24812.05,233.95,0,0,0,0.00,0,F1,75,,,,,
2025-06-18,2025-06-18,FO,NSE,IDO,72164,,NIFTY,,2025-08-28,2025-08-28,26500.00,CE,NIFTY25AUG26500CE,125.05,147.35,113.60,117.30,116.05,131.10,24812.05,117.30,311700,31050,2690,5371740618.75,1759,F1,75,,,,,
2025-06-18,2025-06-18,FO,NSE,IDO,72106,,NIFTY,,2025-08-28,2025-08-28,25950.00,CE,NIFTY25AUG25950CE,242.85,269.80,231.15,236.90,236.90,269.90,24812.05,411.85,2250,900,19,37325801.25,18,F1,75,,,,,
2025-06-18,2025-06-18,FO,NSE,IDO,71992,,NIFTY,,2025-08-28,2025-08-28,25200.00,CE,NIFTY25AUG25200CE,550.00,603.80,518.35,530.30,531.20,562.00,24812.05,530.30,14175,5400,201,388404345.00,95,F1,75,,,,,
2025-06-18,2025-06-18,FO,NSE,IDO,71974,,NIFTY,,2025-08-28,2025-08-28,25000.00,CE,NIFTY25AUG25000CE,640.00,721.00,614.65,627.55,621.00,663.00,24812.05,627.55,282300,6150,1274,2451662557.50,885,F1,75,,,,,
2025-06-18,2025-06-18,FO,NSE,IDO,71946,,NIFTY,,2025-08-28,2025-08-28,24300.00,CE,NIFTY25AUG24300CE,1047.45,1047.45,1047.45,1047.45,1047.45,1221.10,24812.05,1047.45,150,75,1,1901058.75,1,F1,75,,,,,
2025-06-18,2025-06-18,FO,NSE,IDO,71936,,NIFTY,,2025-08-28,2025-08-28,24100.00,CE,NIFTY25AUG24100CE,0.00,0.00,0.00,1372.65,1372.65,1372.65,24812.05,1333.60,75,0,0,0.00,0,F1,75,,,,,
2025-06-18,2025-06-18,FO,NSE,IDO,71934,,NIFTY,,2025-08-28,2025-08-28,24050.00,CE,NIFTY25AUG24050CE,0.00,0.00,0.00,1411.10,1411.10,1411.10,24812.05,1368.15,75,0,0,0.00,0,F1,75,,,,,
2025-06-18,2025-06-18,FO,NSE,IDO,71862,,NIFTY,,2025-08-28,2025-08-28,23450.00,CE,NIFTY25AUG23450CE,0.00,0.00,0.00,1908.05,1908.05,1908.05,24812.05,1818.25,75,0,0,0.00,0,F1,75,,,,,
2025-06-18,2025-06-18,FO,NSE,IDF,56785,,NIFTY,,2025-06-26,2025-06-26,,,NIFTY25JUNFUT,24840.10,24978.80,24786.00,24826.90,24813.00,24868.80,24812.05,24826.90,11174250,-393825,73489,137054758702.50,47099,F1,75,,,,,
2025-06-18,2025-06-18,FO,NSE,IDO,50941,,NIFTY,,2025-06-19,2025-06-19,23750.00,CE,NIFTY2561923750CE,0.00,0.00,0.00,1107.75,1107.75,1107.75,24812.05,1065.95,600,0,0,0.00,0,F1,75,,,,,
2025-06-18,2025-06-18,FO,NSE,IDO,50955,,NIFTY,,2025-06-19,2025-06-19,24000.00,CE,NIFTY2561924000CE,799.00,951.25,762.25,800.60,794.35,839.80,24812.05,800.60,207825,-11175,5895,10976441276.25,3226,F1,75,,,,,
2025-06-18,2025-06-18,FO,NSE,IDO,51043,,NIFTY,,2025-06-19,2025-06-19,25700.00,CE,NIFTY2561925700CE,1.25,1.45,0.95,1.15,1.10,1.50,24812.05,1.15,5510625,1027125,579387,1116816165195.00,91524,F1,75,,,,,
2025-06-18,2025-06-18,FO,NSE,IDO,71858,,NIFTY,,2025-08-28,2025-08-28,23400.00,CE,NIFTY25AUG23400CE,0.00,0.00,0.00,1950.55,1950.55,1950.55,24812.05,1858.40,75,0,0,0.00,0,F1,75,,,,,
2025-06-18,2025-06-18,FO,NSE,IDO,71841,,NIFTY,,2025-08-28,2025-08-28,23000.00,CE,NIFTY25AUG23000CE,2210.00,2250.00,2105.75,2105.75,2105.75,2162.20,24812.05,2105.75,5775,150,10,18869400.00,9,F1,75,,,,,
2025-06-18,2025-06-18,FO,NSE,IDO,55887,,NIFTY,,2025-07-31,2025-07-31,26900.00,CE,NIFTY25JUL26900CE,21.25,24.00,17.35,18.15,18.05,20.25,24812.05,18.15,252000,16125,2950,5955769391.25,1490,F1,75,,,,,
2025-06-18,2025-06-18,FO,NSE,IDO,55855,,NIFTY,,2025-07-31,2025-07-31,26150.00,CE,NIFTY25JUL26150CE,76.45,93.90,70.60,71.20,70.80,83.15,24812.05,71.20,19200,10425,266,523179525.00,123,F1,75,,,,,
2025-06-18,2025-06-18,FO,NSE,IDO,55835,,NIFTY,,2025-07-31,2025-07-31,25700.00,CE,NIFTY25JUL25700CE,172.90,210.95,155.40,160.80,156.15,182.10,24812.05,160.80,142200,13950,2201,4270852462.50,1503,F1,75,,,,,
2025-06-18,2025-06-18,FO,NSE,IDO,55809,,NIFTY,,2025-07-31,2025-07-31,25250.00,CE,NIFTY25JUL25250CE,324.15,387.05,310.00,315.30,312.55,346.80,24812.05,315.30,14625,-1275,93,178449506.25,63,F1,75,,,,,
2025-06-18,2025-06-18,FO,NSE,IDO,55797,,NIFTY,,2025-07-31,2025-07-31,24950.00,CE,NIFTY25JUL24950CE,479.00,552.65,444.55,458.40,451.55,495.15,24812.05,458.40,18600,3675,410,781979006.25,239,F1,75,,,,,
2025-06-18,2025-06-18,FO,NSE,IDO,55785,,NIFTY,,2025-07-31,2025-07-31,24650.00,CE,NIFTY25JUL24650CE,660.00,734.00,615.00,627.50,615.00,695.95,24812.05,627.50,23775,75,16,30377490.00,13,F1,75,,,,,
2025-06-18,2025-06-18,FO,NSE,IDO,55779,,NIFTY,,2025-07-31,2025-07-31,24500.00,CE,NIFTY25JUL24500CE,742.45,850.00,712.55,733.10,723.65,775.70,24812.05,733.10,480225,11250,2289,4337286603.75,1728,F1,75,,,,,
2025-06-18,2025-06-18,FO,NSE,IDO,55773,,NIFTY,,2025-07-31,2025-07-31,24350.00,CE,NIFTY25JUL24350CE,860.05,860.05,833.10,841.95,841.95,885.40,24812.05,841.95,750,-150,3,5668882.50,3,F1,75,,,,,
2025-06-18,2025-06-18,FO,NSE,IDO,55759,,NIFTY,,2025-07-31,2025-07-31,24050.00,CE,NIFTY25JUL24050CE,0.00,0.00,0.00,1127.55,1127.55,1127.55,24812.05,1154.75,1875,0,0,0.00,0,F1,75,,,,,
2025-06-18,2025-06-18,FO,NSE,IDO,55735,,NIFTY,,2025-07-31,2025-07-31,23500.00,CE,NIFTY25JUL23500CE,1565.00,1660.00,1500.00,1531.45,1523.95,1565.85,24812.05,1531.45,92400,5100,131,246109743.75,91,F1,75,,,,,
2025-06-18,2025-06-18,FO,NSE,IDO,55733,,NIFTY,,2025-07-31,2025-07-31,23450.00,CE,NIFTY25JUL23450CE,0.00,0.00,0.00,1744.80,1744.80,1744.80,24812.05,1629.80,1050,0,0,0.00,0,F1,75,,,,,
2025-06-18,2025-06-18,FO,NSE,IDO,55729,,NIFTY,,2025-07-31,2025-07-31,23350.00,CE,NIFTY25JUL23350CE,0.00,0.00,0.00,1842.35,1842.35,1842.35,24812.05,1715.55,975,0,0,0.00,0,F1,75,,,,,
2025-06-18,2025-06-18,FO,NSE,IDO,55727,,NIFTY,,2025-07-31,2025-07-31,23300.00,CE,NIFTY25JUL23300CE,0.00,0.00,0.00,1879.95,1879.95,1879.95,24812.05,1759.00,1125,0,0,0.00,0,F1,75,,,,,
2025-06-18,2025-06-18,FO,NSE,IDO,47376,,NIFTY,,2025-07-17,2025-07-17,26550.00,CE,NIFTY2571726550CE,0.00,0.00,0.00,91.70,0.00,91.70,24812.05,54.65,0,0,0,0.00,0,F1,75,,,,,
2025-06-18,2025-06-18,FO,NSE,IDO,47357,,NIFTY,,2025-07-17,2025-07-17,26100.00,CE,NIFTY2571726100CE,0.00,0.00,0.00,165.90,0.00,165.90,24812.05,110.50,0,0,0,0.00,0,F1,75,,,,,
2025-06-18,2025-06-18,FO,NSE,IDO,47295,,NIFTY,,2025-07-17,2025-07-17,25350.00,CE,NIFTY2571725350CE,194.00,208.55,185.35,189.00,189.00,213.30,24812.05,298.55,1275,375,7,13410442.50,7,F1,75,,,,,
2025-06-18,2025-06-18,FO,NSE,IDO,47214,,NIFTY,,2025-07-17,2025-07-17,24100.00,CE,NIFTY2571724100CE,0.00,0.00,0.00,1109.05,0.00,1109.05,24812.05,991.95,0,0,0,0.00,0,F1,75,,,,,
2025-06-18,2025-06-18,FO,NSE,IDO,47155,,NIFTY,,2025-07-17,2025-07-17,23500.00,CE,NIFTY2571723500CE,0.00,0.00,0.00,1599.00,0.00,1599.00,24812.05,1484.30,0,0,0,0.00,0,F1,75,,,,,
2025-06-18,2025-06-18,FO,NSE,IDO,47144,,NIFTY,,2025-07-17,2025-07-17,23350.00,CE,NIFTY2571723350CE,0.00,0.00,0.00,1731.75,0.00,1731.75,24812.05,1618.40,0,0,0,0.00,0,F1,75,,,,,
2025-06-18,2025-06-18,FO,NSE,IDO,47119,,NIFTY,,2025-07-17,2025-07-17,22950.00,CE,NIFTY2571722950CE,0.00,0.00,0.00,2099.80,0.00,2099.80,24812.05,1990.40,0,0,0,0.00,0,F1,75,,,,,
2025-06-18,2025-06-18,FO,NSE,IDO,40144,,NIFTY,,2025-07-10,2025-07-10,26750.00,CE,NIFTY2571026750CE,3.85,7.75,3.85,6.15,6.05,6.20,24812.05,6.15,10725,375,91,182605811.25,59,F1,75,,,,,
2025-06-18,2025-06-18,FO,NSE,IDO,40106,,NIFTY,,2025-07-10,2025-07-10,26300.00,CE,NIFTY2571026300CE,14.40,19.00,12.00,12.95,12.70,16.00,24812.05,12.95,14925,1050,238,469693740.00,126,F1,75,,,,,
2025-06-18,2025-06-18,FO,NSE,IDO,40070,,NIFTY,,2025-07-10,2025-07-10,25750.00,CE,NIFTY2571025750CE,56.75,75.20,52.00,54.80,53.50,64.55,24812.05,54.80,7350,300,106,205175550.00,75,F1,75,,,,,
2025-06-18,2025-06-18,FO,NSE,IDO,40042,,NIFTY,,2025-07-10,2025-07-10,25400.00,CE,NIFTY2571025400CE,141.55,177.65,119.80,123.90,124.20,143.15,24812.05,123.90,10800,5175,212,405996990.00,131,F1,75,,,,,
2025-06-18,2025-06-18,FO,NSE,IDO,40040,,NIFTY,,2025-07-10,2025-07-10,25350.00,CE,NIFTY2571025350CE,157.20,187.70,136.50,137.70,137.70,157.30,24812.05,137.70,3225,1500,36,68869586.25,36,F1,75,,,,,
2025-06-18,2025-06-18,FO,NSE,IDO,39922,,NIFTY,,2025-07-10,2025-07-10,23850.00,CE,NIFTY2571023850CE,0.00,0.00,0.00,1201.95,0.00,1201.95,24812.05,1127.40,0,0,0,0.00,0,F1,75,,,,,
2025-06-18,2025-06-18,FO,NSE,IDO,39900,,NIFTY,,2025-07-10,2025-07-10,23550.00,CE,NIFTY2571023550CE,0.00,0.00,0.00,1445.55,0.00,1445.55,24812.05,1389.40,0,0,0,0.00,0,F1,75,,,,,
2025-06-18,2025-06-18,FO,NSE,IDO,39890,,NIFTY,,2025-07-10,2025-07-10,23400.00,CE,NIFTY2571023400CE,0.00,0.00,0.00,1573.90,0.00,1573.90,24812.05,1526.50,0,0,0,0.00,0,F1,75,,,,,
2025-06-18,2025-06-18,FO,NSE,IDO,39884,,NIFTY,,2025-07-10,2025-07-10,23350.00,CE,NIFTY2571023350CE,0.00,0.00,0.00,1617.50,0.00,1617.50,24812.05,1572.95,0,0,0,0.00,0,F1,75,,,,,
2025-06-18,2025-06-18,FO,NSE,IDO,56699,,NIFTY,,2025-07-03,2025-07-03,25000.00,CE,NIFTY2570325000CE,225.80,285.00,193.05,205.85,201.75,234.35,24812.05,205.85,402975,71475,9665,18284904108.75,6079,F1,75,,,,,
2025-06-18,2025-06-18,FO,NSE,IDO,56671,,NIFTY,,2025-07-03,2025-07-03,24900.00,CE,NIFTY2570324900CE,271.15,342.50,237.55,252.10,248.05,285.90,24812.05,252.10,180825,58950,6715,12681713853.75,4695,F1,75,,,,,
2025-06-18,2025-06-18,FO,NSE,IDO,56085,,NIFTY,,2025-07-03,2025-07-03,23150.00,CE,NIFTY2570323150CE,0.00,0.00,0.00,1884.00,1884.00,1884.00,24812.05,1724.45,75,0,0,0.00,0,F1,75,,,,,
2025-06-18,2025-06-18,FO,NSE,IDO,55989,,NIFTY,,2025-07-03,2025-07-03,23000.00,CE,NIFTY2570323000CE,0.00,0.00,0.00,1950.00,1950.00,1950.00,24812.05,1871.75,150,0,0,0.00,0,F1,75,,,,,
2025-06-18,2025-06-18,FO,NSE,IDO,55983,,NIFTY,,2025-07-03,2025-07-03,22900.00,CE,NIFTY2570322900CE,0.00,0.00,0.00,2130.85,2130.85,2130.85,24812.05,1970.45,75,0,0,0.00,0,F1,75,,,,,
2025-06-18,2025-06-18,FO,NSE,IDO,62473,,NIFTY,,2025-06-26,2025-06-26,26500.00,CE,NIFTY25JUN26500CE,1.85,2.00,1.60,1.90,2.00,1.85,24812.05,1.90,2549925,167550,41328,82144847853.75,9037,F1,75,,,,,
2025-06-18,2025-06-18,FO,NSE,IDO,62465,,NIFTY,,2025-06-26,2025-06-26,26300.00,CE,NIFTY25JUN26300CE,2.00,2.20,1.75,2.05,2.15,2.05,24812.05,2.05,1853700,180600,38287,75526601512.50,11176,F1,75,,,,,
2025-06-18,2025-06-18,FO,NSE,IDO,62447,,NIFTY,,2025-06-26,2025-06-26,26100.00,CE,NIFTY25JUN26100CE,2.70,3.35,2.30,2.75,2.75,3.05,24812.05,2.75,1692675,161625,43029,84237850267.50,15109,F1,75,,,,,
2025-06-18,2025-06-18,FO,NSE,IDO,62423,,NIFTY,,2025-06-26,2025-06-26,25550.00,CE,NIFTY25JUN25550CE,21.10,29.35,14.20,16.10,15.75,21.10,24812.05,16.10,390675,81525,24854,47661293475.00,14982,F1,75,,,,,
2025-06-18,2025-06-18,FO,NSE,IDO,62384,,NIFTY,,2025-06-26,2025-06-26,24700.00,PE,NIFTY25JUN24700PE,155.95,177.65,112.15,156.35,159.60,151.30,24812.05,156.35,2697075,274500,112488,209630647713.75,64027,F1,75,,,,,
2025-06-18,2025-06-18,FO,NSE,IDO,71382,,NIFTY,,2025-06-26,2025-06-26,25000.00,PE,NIFTY25JUN25000PE,305.00,328.00,220.80,300.85,307.00,284.00,24812.05,300.85,4124950,57075,109426,207414672671.25,66656,F1,75,,,,,
2025-06-18,2025-06-18,FO,NSE,IDO,62432,,NIFTY,,2025-06-26,2025-06-26,25750.00,PE,NIFTY25JUN25750PE,912.00,927.55,912.00,927.55,927.55,882.20,24812.05,926.65,5850,-75,4,7999766.25,4,F1,75,,,,,
2025-06-18,2025-06-18,FO,NSE,IDO,62440,,NIFTY,,2025-06-26,2025-06-26,25850.00,PE,NIFTY25JUN25850PE,0.00,0.00,0.00,991.70,991.70,991.70,24812.05,1019.95,3300,0,0,0.00,0,F1,75,,,,,
2025-06-18,2025-06-18,FO,NSE,IDO,62444,,NIFTY,,2025-06-26,2025-06-26,25950.00,PE,NIFTY25JUN25950PE,0.00,0.00,0.00,1071.00,1071.00,1071.00,24812.05,1115.00,3300,0,0,0.00,0,F1,75,,,,,
2025-06-18,2025-06-18,FO,NSE,IDO,62502,,NIFTY,,2025-06-26,2025-06-26,26700.00,PE,NIFTY25JUN26700PE,0.00,0.00,0.00,1846.25,1846.25,1846.25,24812.05,1853.45,1950,0,0,0.00,0,F1,75,,,,,
2025-06-18,2025-06-18,FO,NSE,IDO,55988,,NIFTY,,2025-07-03,2025-07-03,22950.00,PE,NIFTY2570322950PE,0.00,0.00,0.00,14.75,14.75,14.75,24812.05,2.80,8625,0,0,0.00,0,F1,75,,,,,
2025-06-18,2025-06-18,FO,NSE,IDO,56082,,NIFTY,,2025-07-03,2025-07-03,23050.00,PE,NIFTY2570323050PE,12.05,12.05,12.05,12.05,12.05,32.40,24812.05,12.05,3075,0,1,1729653.75,1,F1,75,,,,,
2025-06-18,2025-06-18,FO,NSE,IDO,56463,,NIFTY,,2025-07-03,2025-07-03,24250.00,PE,NIFTY2570324250PE,102.20,111.00,80.75,99.80,103.30,102.20,24812.05,99.80,9750,600,219,399903018.75,173,F1,75,,,,,
2025-06-18,2025-06-18,FO,NSE,IDO,56540,,NIFTY,,2025-07-03,2025-07-03,24600.00,PE,NIFTY2570324600PE,191.75,204.30,149.05,185.90,184.60,181.35,24812.05,185.90,145425,22950,2728,5069419972.50,1786,F1,75,,,,,
2025-06-18,2025-06-18,FO,NSE,IDO,56594,,NIFTY,,2025-07-03,2025-07-03,24700.00,PE,NIFTY2570324700PE,219.40,242.00,177.85,221.35,220.65,217.60,24812.05,221.35,266250,5175,4765,8904096555.00,3250,F1,75,,,,,
2025-06-18,2025-06-18,FO,NSE,IDO,56670,,NIFTY,,2025-07-03,2025-07-03,24850.00,PE,NIFTY2570324850PE,289.95,305.10,229.05,283.10,289.65,275.00,24812.05,283.10,36525,9900,2291,4316526982.50,1195,F1,75,,,,,
2025-06-18,2025-06-18,FO,NSE,IDO,56780,,NIFTY,,2025-07-03,2025-07-03,25350.00,PE,NIFTY2570325350PE,0.00,0.00,0.00,492.65,492.65,492.65,24812.05,633.65,825,0,0,0.00,0,F1,75,,,,,
2025-06-18,2025-06-18,FO,NSE,IDO,58682,,NIFTY,,2025-07-03,2025-07-03,26100.00,PE,NIFTY2570326100PE,0.00,0.00,0.00,1106.20,1106.20,1106.20,24812.05,1256.60,75,0,0,0.00,0,F1,75,,,,,
2025-06-18,2025-06-18,FO,NSE,IDO,58724,,NIFTY,,2025-07-03,2025-07-03,26700.00,PE,NIFTY2570326700PE,0.00,0.00,0.00,1689.45,1689.45,1689.45,24812.05,1829.05,75,0,0,0.00,0,F1,75,,,,,
2025-06-18,2025-06-18,FO,NSE,IDO,40069,,NIFTY,,2025-07-10,2025-07-10,25700.00,PE,NIFTY2571025700PE,0.00,0.00,0.00,884.90,884.90,884.90,24812.05,932.70,75,0,0,0.00,0,F1,75,,,,,
2025-06-18,2025-06-18,FO,NSE,IDO,40079,,NIFTY,,2025-07-10,2025-07-10,25950.00,PE,NIFTY2571025950PE,0.00,0.00,0.00,1206.65,0.00,1206.65,24812.05,1135.30,0,0,0,0.00,0,F1,75,,,,,
2025-06-18,2025-06-18,FO,NSE,IDO,40092,,NIFTY,,2025-07-10,2025-07-10,26150.00,PE,NIFTY2571026150PE,0.00,0.00,0.00,1367.15,0.00,1367.15,24812.05,1307.50,0,0,0,0.00,0,F1,75,,,,,
2025-06-18,2025-06-18,FO,NSE,IDO,40101,,NIFTY,,2025-07-10,2025-07-10,26200.00,PE,NIFTY2571026200PE,0.00,0.00,0.00,1408.45,0.00,1408.45,24812.05,1351.70,0,0,0,0.00,0,F1,75,,,,,
2025-06-18,2025-06-18,FO,NSE,IDO,40105,,NIFTY,,2025-07-10,2025-07-10,26250.00,PE,NIFTY2571026250PE,0.00,0.00,0.00,1450.15,0.00,1450.15,24812.05,1396.35,0,0,0,0.00,0,F1,75,,,,,
2025-06-18,2025-06-18,FO,NSE,IDO,40133,,NIFTY,,2025-07-10,2025-07-10,26600.00,PE,NIFTY2571026600PE,0.00,0.00,0.00,1753.35,0.00,1753.35,24812.05,1718.70,0,0,0,0.00,0,F1,75,,,,,
2025-06-18,2025-06-18,FO,NSE,IDO,40151,,NIFTY,,2025-07-10,2025-07-10,26850.00,PE,NIFTY2571026850PE,0.00,0.00,0.00,1979.65,0.00,1979.65,24812.05,1956.85,0,0,0,0.00,0,F1,75,,,,,
2025-06-18,2025-06-18,FO,NSE,IDO,40153,,NIFTY,,2025-07-10,2025-07-10,26900.00,PE,NIFTY2571026900PE,0.00,0.00,0.00,2025.70,0.00,2025.70,24812.05,2005.05,0,0,0,0.00,0,F1,75,,,,,
2025-06-18,2025-06-18,FO,NSE,IDO,47120,,NIFTY,,2025-07-17,2025-07-17,22950.00,PE,NIFTY2571722950PE,0.00,0.00,0.00,26.65,0.00,26.65,24812.05,19.75,0,0,0,0.00,0,F1,75,,,,,
2025-06-18,2025-06-18,FO,NSE,IDO,47138,,NIFTY,,2025-07-17,2025-07-17,23200.00,PE,NIFTY2571723200PE,41.00,42.10,35.20,35.20,35.20,67.50,24812.05,35.20,4950,-4425,83,144674531.25,41,F1,75,,,,,
2025-06-18,2025-06-18,FO,NSE,IDO,47160,,NIFTY,,2025-07-17,2025-07-17,23600.00,PE,NIFTY2571723600PE,65.55,65.55,64.75,64.75,64.75,85.50,24812.05,73.25,150,150,6,10649265.00,5,F1,75,,,,,
2025-06-18,2025-06-18,FO,NSE,IDO,47172,,NIFTY,,2025-07-17,2025-07-17,23700.00,PE,NIFTY2571723700PE,0.00,0.00,0.00,100.15,0.00,100.15,24812.05,87.30,0,0,0,0.00,0,F1,75,,,,,
2025-06-18,2025-06-18,FO,NSE,IDO,47200,,NIFTY,,2025-07-17,2025-07-17,23900.00,PE,NIFTY2571723900PE,0.00,0.00,0.00,135.30,0.00,135.30,24812.05,121.80,0,0,0,0.00,0,F1,75,,,,,
2025-06-18,2025-06-18,FO,NSE,IDO,47258,,NIFTY,,2025-07-17,2025-07-17,24600.00,PE,NIFTY2571724600PE,278.00,279.80,264.50,279.80,279.80,260.00,24812.05,325.60,1800,900,32,59695717.50,18,F1,75,,,,,
2025-06-18,2025-06-18,FO,NSE,IDO,47270,,NIFTY,,2025-07-17,2025-07-17,24900.00,PE,NIFTY2571724900PE,382.20,408.50,327.90,389.20,389.20,374.85,24812.05,389.20,5175,1725,68,128936610.00,39,F1,75,,,,,
2025-06-18,2025-06-18,FO,NSE,IDO,47296,,NIFTY,,2025-07-17,2025-07-17,25350.00,PE,NIFTY2571725350PE,0.00,0.00,0.00,700.00,0.00,700.00,24812.05,716.55,0,0,0,0.00,0,F1,75,,,,,
2025-06-18,2025-06-18,FO,NSE,IDO,47371,,NIFTY,,2025-07-17,2025-07-17,26400.00,PE,NIFTY2571726400PE,0.00,0.00,0.00,1469.10,0.00,1469.10,24812.05,1532.80,0,0,0,0.00,0,F1,75,,,,,
2025-06-18,2025-06-18,FO,NSE,IDO,47381,,NIFTY,,2025-07-17,2025-07-17,26650.00,PE,NIFTY2571726650PE,0.00,0.00,0.00,1684.75,0.00,1684.75,24812.05,1758.10,0,0,0,0.00,0,F1,75,,,,,
2025-06-18,2025-06-18,FO,NSE,IDO,55730,,NIFTY,,2025-07-31,2025-07-31,23350.00,PE,NIFTY25JUL23350PE,83.05,87.90,74.95,81.05,81.55,83.75,24812.05,81.05,20550,1575,53,93137055.00,44,F1,75,,,,,
2025-06-18,2025-06-18,FO,NSE,IDO,55734,,NIFTY,,2025-07-31,2025-07-31,23450.00,PE,NIFTY25JUL23450PE,85.20,95.75,83.00,90.60,91.50,93.05,24812.05,90.60,30750,6150,174,307197731.25,85,F1,75,,,,,
2025-06-18,2025-06-18,FO,NSE,IDO,55758,,NIFTY,,2025-07-31,2025-07-31,24000.00,PE,NIFTY25JUL24000PE,178.05,180.70,149.15,166.85,168.00,169.60,24812.05,166.85,2351700,352425,20097,36419982288.75,11999,F1,75,,,,,
2025-06-18,2025-06-18,FO,NSE,IDO,55770,,NIFTY,,2025-07-31,2025-07-31,24250.00,PE,NIFTY25JUL24250PE,230.45,230.65,198.50,219.55,219.55,221.00,24812.05,219.55,12825,225,103,189013297.50,72,F1,75,,,,,
2025-06-18,2025-06-18,FO,NSE,IDO,55776,,NIFTY,,2025-07-31,2025-07-31,24400.00,PE,NIFTY25JUL24400PE,281.00,281.00,233.85,262.50,262.15,260.85,24812.05,262.50,169650,31200,1438,2659453425.00,964,F1,75,,,,,
2025-06-18,2025-06-18,FO,NSE,IDO,55836,,NIFTY,,2025-07-31,2025-07-31,25700.00,PE,NIFTY25JUL25700PE,912.50,920.00,814.50,911.95,911.95,880.00,24812.05,1003.20,9825,-1125,70,139642893.75,49,F1,75,,,,,
2025-06-18,2025-06-18,FO,NSE,IDO,55838,,NIFTY,,2025-07-31,2025-07-31,25750.00,PE,NIFTY25JUL25750PE,930.00,930.00,930.00,930.00,930.00,910.90,24812.05,1037.95,1575,450,20,40020000.00,12,F1,75,,,,,
2025-06-18,2025-06-18,FO,NSE,IDO,55840,,NIFTY,,2025-07-31,2025-07-31,25800.00,PE,NIFTY25JUL25800PE,982.95,1002.45,879.00,978.70,979.25,951.35,24812.05,978.70,32100,1875,125,250941592.50,78,F1,75,,,,,
2025-06-18,2025-06-18,FO,NSE,IDO,55850,,NIFTY,,2025-07-31,2025-07-31,26000.00,PE,NIFTY25JUL26000PE,1130.00,1166.05,1025.00,1134.00,1138.35,1100.75,24812.05,1134.00,512550,16200,1544,3138212490.00,977,F1,75,,,,,
2025-06-18,2025-06-18,FO,NSE,IDO,55880,,NIFTY,,2025-07-31,2025-07-31,26700.00,PE,NIFTY25JUL26700PE,0.00,0.00,0.00,1595.50,1595.65,1595.50,24812.05,1792.05,1050,0,0,0.00,0,F1,75,,,,,
2025-06-18,2025-06-18,FO,NSE,IDO,55884,,NIFTY,,2025-07-31,2025-07-31,26800.00,PE,NIFTY25JUL26800PE,1730.00,1854.55,1730.00,1837.40,1837.40,1810.55,24812.05,1879.75,7275,675,31,66526533.75,15,F1,75,,,,,
2025-06-18,2025-06-18,FO,NSE,IDO,71840,,NIFTY,,2025-08-28,2025-08-28,22950.00,PE,NIFTY25AUG22950PE,0.00,0.00,0.00,85.00,85.00,85.00,24812.05,100.50,3075,0,0,0.00,0,F1,75,,,,,
2025-06-18,2025-06-18,FO,NSE,IDO,71861,,NIFTY,,2025-08-28,2025-08-28,23400.00,PE,NIFTY25AUG23400PE,135.00,148.00,134.70,143.75,145.25,148.85,24812.05,143.75,101775,12300,257,453737790.00,160,F1,75,,,,,
2025-06-18,2025-06-18,FO,NSE,IDO,71871,,NIFTY,,2025-08-28,2025-08-28,23500.00,PE,NIFTY25AUG23500PE,166.65,167.75,149.10,160.40,163.10,163.35,24812.05,160.40,438375,25200,1192,2114869646.25,736,F1,75,,,,,
2025-06-18,2025-06-18,FO,NSE,IDO,71945,,NIFTY,,2025-08-28,2025-08-28,24250.00,PE,NIFTY25AUG24250PE,0.00,0.00,0.00,294.55,293.75,294.55,24812.05,382.35,525,0,0,0.00,0,F1,75,,,,,
2025-06-18,2025-06-18,FO,NSE,IDO,71967,,NIFTY,,2025-08-28,2025-08-28,24800.00,PE,NIFTY25AUG24800PE,489.90,503.50,444.75,489.10,489.15,475.55,24812.05,489.10,19950,4800,202,383071233.75,153,F1,75,,,,,
2025-06-18,2025-06-18,FO,NSE,IDO,72035,,NIFTY,,2025-08-28,2025-08-28,25200.00,PE,NIFTY25AUG25200PE,670.10,673.00,611.85,662.30,662.00,640.65,24812.05,662.30,17550,6450,206,399182872.50,88,F1,75,,,,,
2025-06-18,2025-06-18,FO,NSE,IDO,72107,,NIFTY,,2025-08-28,2025-08-28,25950.00,PE,NIFTY25AUG25950PE,0.00,0.00,0.00,1013.20,1013.20,1013.20,24812.05,1241.20,150,0,0,0.00,0,F1,75,,,,,
2025-06-18,2025-06-18,FO,NSE,IDO,72158,,NIFTY,,2025-08-28,2025-08-28,26450.00,PE,NIFTY25AUG26450PE,0.00,0.00,0.00,1363.50,1363.50,1363.50,24812.05,1601.35,150,0,0,0.00,0,F1,75,,,,,
2025-06-18,2025-06-18,FO,NSE,IDO,72325,,NIFTY,,2025-08-28,2025-08-28,26700.00,PE,NIFTY25AUG26700PE,0.00,0.00,0.00,1565.00,1565.00,1565.00,24812.05,1794.55,150,0,0,0.00,0,F1,75,,,,,
2025-06-18,2025-06-18,FO,NSE,IDO,64695,,NIFTY,,2025-09-25,2025-09-25,25000.00,PE,NIFTY25SEP25000PE,630.00,655.20,596.95,636.95,637.00,625.00,24812.05,636.95,1129425,27150,1925,3700392663.75,1623,F1,75,,,,,
2025-06-18,2025-06-18,FO,NSE,IDO,58623,,NIFTY,,2025-12-24,2025-12-24,22000.00,PE,NIFTY25DEC22000PE,170.00,176.75,163.50,167.20,165.60,166.30,24812.05,167.20,1336125,-21700,2474,4113451248.75,1681,F1,75,,,,,
2025-06-18,2025-06-18,FO,NSE,IDO,50448,,NIFTY,,2026-06-25,2026-06-25,15000.00,PE,NIFTY26JUN15000PE,0.00,0.00,0.00,20.20,20.20,20.20,24812.05,0.45,1000,0,0,0.00,0,F1,75,,,,,
2025-06-18,2025-06-18,FO,NSE,IDO,51455,,NIFTY,,2026-06-25,2026-06-25,21000.00,PE,NIFTY26JUN21000PE,0.00,0.00,0.00,249.90,249.90,249.90,24812.05,160.60,351150,0,0,0.00,0,F1,75,,,,,
2025-06-18,2025-06-18,FO,NSE,IDO,58637,,NIFTY,,2026-12-31,2026-12-31,16000.00,PE,NIFTY26DEC16000PE,0.00,0.00,0.00,23.30,23.30,23.30,24812.05,7.40,2425,0,0,0.00,0,F1,75,,,,,
2025-06-18,2025-06-18,FO,NSE,IDO,71504,,NIFTY,,2026-12-31,2026-12-31,25000.00,PE,NIFTY26DEC25000PE,1030.00,1070.00,1030.00,1070.00,1070.00,1040.00,24812.05,1131.20,24125,75,3,5862742.50,3,F1,75,,,,,
2025-06-18,2025-06-18,FO,NSE,IDO,71557,,NIFTY,,2027-06-24,2027-06-24,22000.00,PE,NIFTY27JUN22000PE,0.00,0.00,0.00,3995.40,0.00,3995.40,24812.05,432.30,0,0,0,0.00,0,F1,75,,,,,
2025-06-18,2025-06-18,FO,NSE,IDO,53617,,NIFTY,,2027-12-30,2027-12-30,22000.00,PE,NIFTY27DEC22000PE,0.00,0.00,0.00,485.70,485.70,485.70,24812.05,468.80,100,0,0,0.00,0,F1,75,,,,,
2025-06-18,2025-06-18,FO,NSE,IDO,53619,,NIFTY,,2027-12-30,2027-12-30,23000.00,PE,NIFTY27DEC23000PE,0.00,0.00,0.00,700.05,700.05,700.05,24812.05,650.10,2025,0,0,0.00,0,F1,75,,,,,
2025-06-18,2025-06-18,FO,NSE,IDO,89615,,NIFTY,,2029-06-28,2029-06-28,19000.00,PE,NIFTY29JUN19000PE,0.00,0.00,0.00,170.30,0.00,170.30,24812.05,188.10,0,0,0,0.00,0,F1,75,,,,,
2025-06-18,2025-06-18,FO,NSE,IDO,89623,,NIFTY,,2029-06-28,2029-06-28,20000.00,PE,NIFTY29JUN20000PE,0.00,0.00,0.00,236.95,0.00,236.95,24812.05,269.50,0,0,0,0.00,0,F1,75,,,,,
2025-06-18,2025-06-18,FO,NSE,IDO,62186,,NIFTY,,2025-06-26,2025-06-26,22150.00,PE,NIFTY25JUN22150PE,3.65,3.65,2.20,2.80,3.00,4.15,24812.05,2.80,12450,-600,542,900501750.00,357,F1,75,,,,,
2025-06-18,2025-06-18,FO,NSE,IDO,58619,,NIFTY,,2025-06-26,2025-06-26,22000.00,PE,NIFTY25JUN22000PE,4.05,4.05,2.15,2.75,2.80,3.75,24812.05,2.75,3250150,396700,33092,54607932937.50,9860,F1,75,,,,,
2025-06-18,2025-06-18,FO,NSE,IDO,62142,,NIFTY,,2025-06-26,2025-06-26,21450.00,PE,NIFTY25JUN21450PE,2.30,2.50,1.75,2.20,2.35,2.75,24812.05,2.20,8025,3075,334,537373132.50,180,F1,75,,,,,
2025-06-18,2025-06-18,FO,NSE,IDO,62126,,NIFTY,,2025-06-26,2025-06-26,21150.00,PE,NIFTY25JUN21150PE,2.40,2.40,1.65,2.05,2.00,2.50,24812.05,2.05,9600,750,756,1199314042.50,472,F1,75,,,,,
2025-06-18,2025-06-18,FO,NSE,IDO,51450,,NIFTY,,2025-06-26,2025-06-26,21000.00,PE,NIFTY25JUN21000PE,2.40,2.40,1.70,2.00,2.05,2.40,24812.05,2.00,3130675,-31225,15585,24548602567.50,5266,F1,75,,,,,
2025-06-18,2025-06-18,FO,NSE,IDO,62070,,NIFTY,,2025-06-26,2025-06-26,20550.00,PE,NIFTY25JUN20550PE,2.15,2.15,1.50,1.75,1.85,2.00,24812.05,1.75,21900,2625,329,507113111.25,214,F1,75,,,,,
2025-06-18,2025-06-18,FO,NSE,IDO,51086,,NIFTY,,2025-06-19,2025-06-19,26650.00,PE,NIFTY2561926650PE,0.00,0.00,0.00,1895.85,1895.85,1895.85,24812.05,1833.60,525,0,0,0.00,0,F1,75,,,,,
2025-06-18,2025-06-18,FO,NSE,IDO,51028,,NIFTY,,2025-06-19,2025-06-19,25400.00,PE,NIFTY2561925400PE,600.05,641.05,453.20,606.35,612.00,568.75,24812.05,606.35,138450,68850,8901,17337154740.00,3961,F1,75,,,,,
2025-06-18,2025-06-18,FO,NSE,IDO,50994,,NIFTY,,2025-06-19,2025-06-19,24600.00,PE,NIFTY2561924600PE,42.90,47.00,15.20,26.70,27.25,40.90,24812.05,26.70,5386050,-265950,2465750,4554220809798.75,818630,F1,75,,,,,
2025-06-18,2025-06-18,FO,NSE,IDO,50952,,NIFTY,,2025-06-19,2025-06-19,23900.00,PE,NIFTY2561923900PE,5.75,5.75,1.40,2.05,2.30,6.10,24812.05,2.05,4005075,568575,700420,1255611970571.25,107834,F1,75,,,,,
2025-06-18,2025-06-18,FO,NSE,IDO,50918,,NIFTY,,2025-06-19,2025-06-19,23550.00,PE,NIFTY2561923550PE,2.00,2.85,0.75,1.00,1.25,3.20,24812.05,1.00,267075,-334650,122938,217149450978.75,20312,F1,75,,,,,
2025-06-18,2025-06-18,FO,NSE,IDO,50896,,NIFTY,,2025-06-19,2025-06-19,23400.00,PE,NIFTY2561923400PE,1.60,1.95,0.50,0.75,0.85,2.40,24812.05,0.75,988350,-1724550,232553,408146937840.00,40206,F1,75,,,,,
2025-06-18,2025-06-18,FO,NSE,IDO,50886,,NIFTY,,2025-06-19,2025-06-19,23350.00,PE,NIFTY2561923350PE,1.50,1.60,0.50,0.70,0.70,2.15,24812.05,0.70,328275,-433800,102305,179167776397.50,16316,F1,75,,,,,
2025-06-18,2025-06-18,FO,NSE,IDO,89626,,NIFTY,,2029-06-28,2029-06-28,22000.00,CE,NIFTY29JUN22000CE,0.00,0.00,0.00,9207.90,0.00,9207.90,24812.05,8144.20,0,0,0,0.00,0,F1,75,,,,,
2025-06-18,2025-06-18,FO,NSE,IDO,67790,,NIFTY,,2028-12-28,2028-12-28,28000.00,CE,NIFTY28DEC28000CE,0.00,0.00,0.00,4027.15,0.00,4027.15,24812.05,4281.10,0,0,0,0.00,0,F1,75,,,,,
2025-06-18,2025-06-18,FO,NSE,IDO,86147,,NIFTY,,2028-06-29,2028-06-29,22000.00,CE,NIFTY28JUN22000CE,0.00,0.00,0.00,4759.50,0.00,4759.50,24812.05,7044.85,0,0,0,0.00,0,F1,75,,,,,
2025-06-18,2025-06-18,FO,NSE,IDO,35346,,NIFTY,,2027-12-30,2027-12-30,30000.00,CE,NIFTY27DEC30000CE,0.00,0.00,0.00,1877.70,0.00,1877.70,24812.05,2312.05,0,0,0,0.00,0,F1,75,,,,,
2025-06-18,2025-06-18,FO,NSE,IDO,53626,,NIFTY,,2027-12-30,2027-12-30,25000.00,CE,NIFTY27DEC25000CE,0.00,0.00,0.00,3458.35,0.00,3458.35,24812.05,4561.55,0,0,0,0.00,0,F1,75,,,,,
2025-06-18,2025-06-18,FO,NSE,IDO,53607,,NIFTY,,2027-12-30,2027-12-30,20000.00,CE,NIFTY27DEC20000CE,0.00,0.00,0.00,5333.85,0.00,5333.85,24812.05,7916.05,0,0,0,0.00,0,F1,75,,,,,
2025-06-18,2025-06-18,FO,NSE,IDO,71560,,NIFTY,,2027-06-24,2027-06-24,24000.00,CE,NIFTY27JUN24000CE,0.00,0.00,0.00,2300.00,2300.00,2300.00,24812.05,4469.30,600,0,0,0.00,0,F1,75,,,,,
2025-06-18,2025-06-18,FO,NSE,IDO,71549,,NIFTY,,2027-06-24,2027-06-24,19000.00,CE,NIFTY27JUN19000CE,0.00,0.00,0.00,7800.00,7800.00,7800.00,24812.05,8137.95,75,0,0,0.00,0,F1,75,,,,,
2025-06-18,2025-06-18,FO,NSE,IDO,71547,,NIFTY,,2027-06-24,2027-06-24,18000.00,CE,NIFTY27JUN18000CE,0.00,0.00,0.00,4066.45,0.00,4066.45,24812.05,8973.10,0,0,0,0.00,0,F1,75,,,,,
2025-06-18,2025-06-18,FO,NSE,IDO,58638,,NIFTY,,2026-12-31,2026-12-31,17000.00,CE,NIFTY26DEC17000CE,0.00,0.00,0.00,4955.10,0.00,4955.10,24812.05,9363.40,0,0,0,0.00,0,F1,75,,,,,
2025-06-18,2025-06-18,FO,NSE,IDO,58626,,NIFTY,,2026-06-25,2026-06-25,22000.00,CE,NIFTY26JUN22000CE,0.00,0.00,0.00,2722.55,0.00,2722.55,24812.05,4434.90,0,0,0,0.00,0,F1,75,,,,,
2025-06-18,2025-06-18,FO,NSE,IDO,50543,,NIFTY,,2025-12-24,2025-12-24,28000.00,CE,NIFTY25DEC28000CE,201.70,217.40,190.05,193.15,190.30,203.10,24812.05,193.15,979225,16875,1958,4141382636.25,1182,F1,75,,,,,
2025-06-18,2025-06-18,FO,NSE,IDO,64690,,NIFTY,,2025-09-25,2025-09-25,23000.00,CE,NIFTY25SEP23000CE,2294.50,2371.70,2256.50,2272.70,2268.10,2324.85,24812.05,2272.70,139125,10875,403,764845128.75,372,F1,75,,,,,
2025-06-18,2025-06-18,FO,NSE,IDO,72112,,NIFTY,,2025-08-28,2025-08-28,26100.00,CE,NIFTY25AUG26100CE,210.20,240.00,191.55,191.60,191.55,218.25,24812.05,191.60,5325,525,48,94702020.00,27,F1,75,,,,,
2025-06-18,2025-06-18,FO,NSE,IDO,71970,,NIFTY,,2025-08-28,2025-08-28,24900.00,CE,NIFTY25AUG24900CE,750.00,773.10,670.00,674.75,674.75,727.50,24812.05,674.75,13875,600,84,161404867.50,52,F1,75,,,,,
2025-06-18,2025-06-18,FO,NSE,IDO,71954,,NIFTY,,2025-08-28,2025-08-28,24500.00,CE,NIFTY25AUG24500CE,1012.00,1035.00,915.00,930.70,930.00,969.40,24812.05,930.70,70800,11100,244,466000927.50,123,F1,75,,,,,
2025-06-18,2025-06-18,FO,NSE,IDO,71944,,NIFTY,,2025-08-28,2025-08-28,24250.00,CE,NIFTY25AUG24250CE,0.00,0.00,0.00,1237.75,1237.75,1237.75,24812.05,1232.80,1125,0,0,0.00,0,F1,75,,,,,
2025-06-18,2025-06-18,FO,NSE,IDO,71849,,NIFTY,,2025-08-28,2025-08-28,23200.00,CE,NIFTY25AUG23200CE,2040.00,2040.00,1935.35,1935.35,1935.35,1990.00,24812.05,2022.65,4350,225,4,7564151.25,2,F1,75,,,,,
2025-06-18,2025-06-18,FO,NSE,IDO,55885,,NIFTY,,2025-07-31,2025-07-31,26850.00,CE,NIFTY25JUL26850CE,0.00,0.00,0.00,203.90,0.00,203.90,24812.05,79.90,0,0,0,0.00,0,F1,75,,,,,
2025-06-18,2025-06-18,FO,NSE,IDO,55857,,NIFTY,,2025-07-31,2025-07-31,26200.00,CE,NIFTY25JUL26200CE,71.25,89.75,64.20,66.10,65.45,76.45,24812.05,66.10,322425,57300,5418,10675190377.50,3360,F1,75,,,,,
2025-06-18,2025-06-18,FO,NSE,IDO,55831,,NIFTY,,2025-07-31,2025-07-31,25600.00,CE,NIFTY25JUL25600CE,200.60,245.85,181.75,188.20,186.75,212.70,24812.05,188.20,135300,1200,1878,3633808687.50,1111,F1,75,,,,,
2025-06-18,2025-06-18,FO,NSE,IDO,55781,,NIFTY,,2025-07-31,2025-07-31,24550.00,CE,NIFTY25JUL24550CE,761.90,799.00,687.65,693.55,692.00,735.00,24812.05,693.55,5400,600,20,37881292.50,17,F1,75,,,,,
2025-06-18,2025-06-18,FO,NSE,IDO,55747,,NIFTY,,2025-07-31,2025-07-31,23750.00,CE,NIFTY25JUL23750CE,1405.35,1405.35,1405.35,1405.35,1405.35,1481.85,24812.05,1382.90,900,0,1,1886651.25,1,F1,75,,,,,
2025-06-18,2025-06-18,FO,NSE,IDO,55739,,NIFTY,,2025-07-31,2025-07-31,23600.00,CE,NIFTY25JUL23600CE,1450.00,1450.00,1450.00,1450.00,1450.00,1604.65,24812.05,1504.30,1125,0,1,1878750.00,1,F1,75,,,,,
2025-06-18,2025-06-18,FO,NSE,IDO,55723,,NIFTY,,2025-07-31,2025-07-31,23200.00,CE,NIFTY25JUL23200CE,1800.00,1800.00,1800.00,1800.00,1800.00,1900.00,24812.05,1846.95,600,-75,1,1875000.00,1,F1,75,,,,,
2025-06-18,2025-06-18,FO,NSE,IDO,55703,,NIFTY,,2025-07-31,2025-07-31,23000.00,CE,NIFTY25JUL23000CE,2063.25,2118.55,1947.55,1978.40,1980.00,2023.25,24812.05,1978.40,138075,16875,324,607565632.50,227,F1,75,,,,,
2025-06-18,2025-06-18,FO,NSE,IDO,47342,,NIFTY,,2025-07-17,2025-07-17,26000.00,CE,NIFTY2571726000CE,59.50,66.95,45.05,47.20,45.90,56.70,24812.05,47.20,18375,12075,525,1025812383.75,259,F1,75,,,,,
2025-06-18,2025-06-18,FO,NSE,IDO,47337,,NIFTY,,2025-07-17,2025-07-17,25950.00,CE,NIFTY2571725950CE,0.00,0.00,0.00,200.25,0.00,200.25,24812.05,137.20,0,0,0,0.00,0,F1,75,,,,,
2025-06-18,2025-06-18,FO,NSE,IDO,47277,,NIFTY,,2025-07-17,2025-07-17,25050.00,CE,NIFTY2571725050CE,325.20,387.90,298.10,298.10,298.10,349.65,24812.05,418.65,900,750,15,28559617.50,12,F1,75,,,,,
2025-06-18,2025-06-18,FO,NSE,IDO,47235,,NIFTY,,2025-07-17,2025-07-17,24350.00,CE,NIFTY2571724350CE,0.00,0.00,0.00,928.90,0.00,928.90,24812.05,813.40,0,0,0,0.00,0,F1,75,,,,,
2025-06-18,2025-06-18,FO,NSE,IDO,47220,,NIFTY,,2025-07-17,2025-07-17,24150.00,CE,NIFTY2571724150CE,0.00,0.00,0.00,1072.70,0.00,1072.70,24812.05,955.70,0,0,0,0.00,0,F1,75,,,,,
2025-06-18,2025-06-18,FO,NSE,IDO,47203,,NIFTY,,2025-07-17,2025-07-17,24000.00,CE,NIFTY2571724000CE,0.00,0.00,0.00,1185.40,0.00,1185.40,24812.05,1068.15,0,0,0,0.00,0,F1,75,,,,,
2025-06-18,2025-06-18,FO,NSE,IDO,40110,,NIFTY,,2025-07-10,2025-07-10,26350.00,CE,NIFTY2571026350CE,0.00,0.00,0.00,101.30,0.00,101.30,24812.05,43.50,0,0,0,0.00,0,F1,75,,,,,
2025-06-18,2025-06-18,FO,NSE,IDO,40086,,NIFTY,,2025-07-10,2025-07-10,26100.00,CE,NIFTY2571026100CE,0.00,0.00,0.00,141.10,0.00,141.10,24812.05,69.50,0,0,0,0.00,0,F1,75,,,,,
2025-06-18,2025-06-18,FO,NSE,IDO,40047,,NIFTY,,2025-07-10,2025-07-10,25450.00,CE,NIFTY2571025450CE,148.00,152.00,109.55,109.75,109.75,135.00,24812.05,200.40,975,75,12,23015396.25,12,F1,75,,,,,
2025-06-18,2025-06-18,FO,NSE,IDO,40031,,NIFTY,,2025-07-10,2025-07-10,25200.00,CE,NIFTY2571025200CE,190.55,257.40,181.65,190.25,188.60,216.40,24812.05,190.25,32325,10800,620,1181633220.00,357,F1,75,,,,,
2025-06-18,2025-06-18,FO,NSE,IDO,40002,,NIFTY,,2025-07-10,2025-07-10,24800.00,CE,NIFTY2571024800CE,407.15,476.15,364.15,378.90,375.45,418.70,24812.05,378.90,29700,15900,693,1309151231.25,467,F1,75,,,,,
2025-06-18,2025-06-18,FO,NSE,IDO,39942,,NIFTY,,2025-07-10,2025-07-10,24100.00,CE,NIFTY2571024100CE,870.00,900.00,870.00,900.00,900.00,1014.25,24812.05,900.00,75,75,2,3747750.00,2,F1,75,,,,,
2025-06-18,2025-06-18,FO,NSE,IDO,39914,,NIFTY,,2025-07-10,2025-07-10,23700.00,CE,NIFTY2571023700CE,0.00,0.00,0.00,1321.40,0.00,1321.40,24812.05,1256.10,0,0,0,0.00,0,F1,75,,,,,
2025-06-18,2025-06-18,FO,NSE,IDO,39850,,NIFTY,,2025-07-10,2025-07-10,23200.00,CE,NIFTY2571023200CE,0.00,0.00,0.00,1750.70,0.00,1750.70,24812.05,1714.10,0,0,0,0.00,0,F1,75,,,,,
2025-06-18,2025-06-18,FO,NSE,IDO,58700,,NIFTY,,2025-07-03,2025-07-03,26400.00,CE,NIFTY2570326400CE,5.75,6.90,4.30,4.70,4.60,5.60,24812.05,4.70,99375,54825,2427,4806324318.75,1410,F1,75,,,,,
2025-06-18,2025-06-18,FO,NSE,IDO,56781,,NIFTY,,2025-07-03,2025-07-03,25400.00,CE,NIFTY2570325400CE,79.85,114.75,69.15,74.95,70.45,88.45,24812.05,74.95,239475,23250,4968,9495130571.25,3062,F1,75,,,,,
2025-06-18,2025-06-18,FO,NSE,IDO,56466,,NIFTY,,2025-07-03,2025-07-03,24350.00,CE,NIFTY2570324350CE,0.00,0.00,0.00,655.00,655.00,655.00,24812.05,661.00,675,0,0,0.00,0,F1,75,,,,,
2025-06-18,2025-06-18,FO,NSE,IDO,56426,,NIFTY,,2025-07-03,2025-07-03,24000.00,CE,NIFTY2570324000CE,1000.00,1004.05,885.00,905.05,907.90,947.50,24812.05,905.05,6150,525,107,199935795.00,51,F1,75,,,,,
2025-06-18,2025-06-18,FO,NSE,IDO,71383,,NIFTY,,2025-06-26,2025-06-26,26000.00,CE,NIFTY25JUN26000CE,4.20,5.05,3.25,3.80,3.75,4.40,24812.05,3.80,8361450,1332700,123570,240996497343.75,36833,F1,75,,,,,
2025-06-18,2025-06-18,FO,NSE,IDO,62427,,NIFTY,,2025-06-26,2025-06-26,25650.00,CE,NIFTY25JUN25650CE,15.65,19.30,9.55,10.80,10.15,14.20,24812.05,10.80,262200,62400,12272,23619487612.50,7977,F1,75,,,,,
2025-06-18,2025-06-18,FO,NSE,IDO,62403,,NIFTY,,2025-06-26,2025-06-26,25150.00,CE,NIFTY25JUN25150CE,87.05,129.05,67.65,75.90,72.75,94.45,24812.05,75.90,519900,90450,34139,64621323727.50,20685,F1,75,,,,,
2025-06-18,2025-06-18,FO,NSE,IDO,62375,,NIFTY,,2025-06-26,2025-06-26,24500.00,CE,NIFTY25JUN24500CE,471.85,547.05,394.90,420.50,410.25,462.60,24812.05,420.50,1610850,89625,19776,37006231522.50,11873,F1,75,,,,,
2025-06-18,2025-06-18,FO,NSE,IDO,62373,,NIFTY,,2025-06-26,2025-06-26,24450.00,CE,NIFTY25JUN24450CE,487.45,588.50,436.65,461.85,452.30,504.30,24812.05,461.85,33900,-4425,560,1047066348.75,386,F1,75,,,,,
2025-06-18,2025-06-18,FO,NSE,IDO,62347,,NIFTY,,2025-06-26,2025-06-26,23900.00,CE,NIFTY25JUN23900CE,957.15,1076.75,916.00,945.65,941.00,997.55,24812.05,945.65,27825,1425,140,261262496.25,89,F1,75,,,,,
2025-06-18,2025-06-18,FO,NSE,IDO,62175,,NIFTY,,2025-06-26,2025-06-26,22100.00,CE,NIFTY25JUN22100CE,0.00,0.00,0.00,2911.10,2911.10,2911.10,24812.05,2740.95,1350,0,0,0.00,0,F1,75,,,,,
2025-06-18,2025-06-18,FO,NSE,IDO,62127,,NIFTY,,2025-06-26,2025-06-26,21200.00,CE,NIFTY25JUN21200CE,0.00,0.00,0.00,3901.60,3901.60,3901.60,24812.05,3639.80,900,0,0,0.00,0,F1,75,,,,,
2025-06-18,2025-06-18,FO,NSE,IDO,62099,,NIFTY,,2025-06-26,2025-06-26,20950.00,CE,NIFTY25JUN20950CE,0.00,0.00,0.00,4008.15,4008.15,4008.15,24812.05,3889.45,600,0,0,0.00,0,F1,75,,,,,
2025-06-18,2025-06-18,FO,NSE,IDO,62065,,NIFTY,,2025-06-26,2025-06-26,20500.00,CE,NIFTY25JUN20500CE,4330.00,4330.00,4300.00,4308.90,4309.55,4493.20,24812.05,4308.90,22200,-75,11,20468906.25,11,F1,75,,,,,
2025-06-18,2025-06-18,FO,NSE,IDO,51051,,NIFTY,,2025-06-19,2025-06-19,25900.00,CE,NIFTY2561925900CE,1.00,1.05,0.80,0.95,0.95,1.15,24812.05,0.95,2706000,-283800,223654,434462856292.50,39253,F1,75,,,,,
2025-06-18,2025-06-18,FO,NSE,IDO,51049,,NIFTY,,2025-06-19,2025-06-19,25850.00,CE,NIFTY2561925850CE,0.95,1.20,0.80,1.00,0.95,1.20,24812.05,1.00,1853550,207975,151331,293403454293.75,25331,F1,75,,,,,
2025-06-18,2025-06-18,FO,NSE,IDO,51023,,NIFTY,,2025-06-19,2025-06-19,25300.00,CE,NIFTY2561925300CE,5.80,10.65,2.70,3.10,2.90,6.65,24812.05,3.10,9582525,2184975,1827425,3468201153956.25,345255,F1,75,,,,,
2025-06-18,2025-06-18,FO,NSE,IDO,51017,,NIFTY,,2025-06-19,2025-06-19,25150.00,CE,NIFTY2561925150CE,12.10,30.30,6.30,8.05,7.40,16.25,24812.05,8.05,3760050,1064775,1336748,2522780530608.75,383250,F1,75,,,,,
2025-06-18,2025-06-18,FO,NSE,IDO,50991,,NIFTY,,2025-06-19,2025-06-19,24550.00,CE,NIFTY2561924550CE,319.70,417.10,238.00,268.95,262.15,319.20,24812.05,268.95,139350,9150,26285,48955144312.50,17542,F1,75,,,,,
2025-06-18,2025-06-18,FO,NSE,IDO,50965,,NIFTY,,2025-06-19,2025-06-19,24200.00,CE,NIFTY2561924200CE,603.00,751.70,564.00,599.20,596.00,647.90,24812.05,599.20,44925,-10200,1015,1889880986.25,667,F1,75,,,,,
2025-06-18,2025-06-18,FO,NSE,IDO,50897,,NIFTY,,2025-06-19,2025-06-19,23450.00,CE,NIFTY2561923450CE,0.00,0.00,0.00,1521.90,1521.90,1521.90,24812.05,1365.90,1125,0,0,0.00,0,F1,75,,,,,
2025-06-18,2025-06-18,FO,NSE,IDO,50863,,NIFTY,,2025-06-19,2025-06-19,23100.00,CE,NIFTY2561923100CE,1732.15,1732.15,1688.85,1715.15,1715.15,1854.60,24812.05,1715.85,2100,-150,5,9304983.75,5,F1,75,,,,,
2025-06-18,2025-06-18,FO,NSE,IDO,50859,,NIFTY,,2025-06-19,2025-06-19,23050.00,CE,NIFTY2561923050CE,0.00,0.00,0.00,1656.70,1656.70,1656.70,24812.05,1765.85,225,0,0,0.00,0,F1,75,,,,,
2025-06-18,2025-06-18,FO,NSE,IDO,62204,,NIFTY,,2025-06-26,2025-06-26,22600.00,PE,NIFTY25JUN22600PE,6.10,6.10,3.20,4.20,4.55,5.65,24812.05,4.20,159975,33750,6482,10988874900.00,3823,F1,75,,,,,
2025-06-18,2025-06-18,FO,NSE,IDO,62322,,NIFTY,,2025-06-26,2025-06-26,23300.00,PE,NIFTY25JUN23300PE,10.50,10.85,7.05,9.95,10.30,10.80,24812.05,9.95,693900,239625,19477,34048683277.50,9437,F1,75,,,,,
2025-06-18,2025-06-18,FO,NSE,IDO,62348,,NIFTY,,2025-06-26,2025-06-26,23900.00,PE,NIFTY25JUN23900PE,32.60,32.60,18.00,26.35,27.70,27.35,24812.05,26.35,680400,127275,34168,61306437382.50,19850,F1,75,,,,,
2025-06-18,2025-06-18,FO,NSE,IDO,62380,,NIFTY,,2025-06-26,2025-06-26,24600.00,PE,NIFTY25JUN24600PE,125.95,142.40,87.55,123.45,126.10,121.05,24812.05,123.45,1852650,136050,88758,164544534888.75,50632,F1,75,,,,,
2025-06-18,2025-06-18,FO,NSE,IDO,62420,,NIFTY,,2025-06-26,2025-06-26,25450.00,PE,NIFTY25JUN25450PE,626.40,667.70,522.10,653.45,657.10,611.10,24812.05,653.45,17325,225,179,349526355.00,101,F1,75,,,,,
2025-06-18,2025-06-18,FO,NSE,IDO,56497,,NIFTY,,2025-07-03,2025-07-03,24500.00,PE,NIFTY2570324500PE,160.25,173.00,123.35,156.10,155.50,154.00,24812.05,156.10,283275,30225,7777,14377362540.00,5060,F1,75,,,,,
2025-06-18,2025-06-18,FO,NSE,IDO,56532,,NIFTY,,2025-07-03,2025-07-03,24550.00,PE,NIFTY2570324550PE,175.95,187.15,137.70,171.35,173.50,170.85,24812.05,171.35,14100,-3525,481,891611133.75,350,F1,75,,,,,
2025-06-18,2025-06-18,FO,NSE,IDO,56740,,NIFTY,,2025-07-03,2025-07-03,25200.00,PE,NIFTY2570325200PE,458.25,507.50,393.05,481.25,494.30,458.25,24812.05,481.25,29550,1875,482,927689115.00,322,F1,75,,,,,
2025-06-18,2025-06-18,FO,NSE,IDO,57536,,NIFTY,,2025-07-03,2025-07-03,26000.00,PE,NIFTY2570326000PE,1032.00,1181.75,1032.00,1145.70,1145.70,1116.20,24812.05,1145.70,825,150,7,14246958.75,4,F1,75,,,,,
2025-06-18,2025-06-18,FO,NSE,IDO,58701,,NIFTY,,2025-07-03,2025-07-03,26400.00,PE,NIFTY2570326400PE,0.00,0.00,0.00,1386.60,1386.60,1386.60,24812.05,1538.45,75,0,0,0.00,0,F1,75,,,,,
2025-06-18,2025-06-18,FO,NSE,IDO,58715,,NIFTY,,2025-07-03,2025-07-03,26550.00,PE,NIFTY2570326550PE,0.00,0.00,0.00,1540.50,1540.50,1540.50,24812.05,1682.95,75,0,0,0.00,0,F1,75,,,,,
2025-06-18,2025-06-18,FO,NSE,IDO,58734,,NIFTY,,2025-07-03,2025-07-03,26850.00,PE,NIFTY2570326850PE,0.00,0.00,0.00,1837.90,1837.90,1837.90,24812.05,1976.35,75,0,0,0.00,0,F1,75,,,,,
2025-06-18,2025-06-18,FO,NSE,IDO,39939,,NIFTY,,2025-07-10,2025-07-10,24000.00,PE,NIFTY2571024000PE,99.70,104.30,81.35,94.80,93.50,96.50,24812.05,94.80,85875,32250,1691,3055268655.00,1060,F1,75,,,,,
2025-06-18,2025-06-18,FO,NSE,IDO,47202,,NIFTY,,2025-07-17,2025-07-17,23950.00,PE,NIFTY2571723950PE,107.45,121.75,100.10,107.20,114.25,145.40,24812.05,107.20,75,75,8,14435385.00,7,F1,75,,,,,
2025-06-18,2025-06-18,FO,NSE,IDO,47213,,NIFTY,,2025-07-17,2025-07-17,24050.00,PE,NIFTY2571724050PE,124.65,126.60,124.65,126.60,126.60,167.30,24812.05,126.60,150,150,4,7252687.50,2,F1,75,,,,,
2025-06-18,2025-06-18,FO,NSE,IDO,47244,,NIFTY,,2025-07-17,2025-07-17,24500.00,PE,NIFTY2571724500PE,238.35,250.00,204.00,236.25,239.10,230.90,24812.05,236.25,11400,525,334,619438608.75,208,F1,75,,,,,
2025-06-18,2025-06-18,FO,NSE,IDO,47288,,NIFTY,,2025-07-17,2025-07-17,25200.00,PE,NIFTY2571725200PE,0.00,0.00,0.00,613.25,0.00,613.25,24812.05,623.70,0,0,0,0.00,0,F1,75,,,,,
2025-06-18,2025-06-18,FO,NSE,IDO,47316,,NIFTY,,2025-07-17,2025-07-17,25750.00,PE,NIFTY2571725750PE,0.00,0.00,0.00,961.95,0.00,961.95,24812.05,997.65,0,0,0,0.00,0,F1,75,,,,,
2025-06-18,2025-06-18,FO,NSE,IDO,47336,,NIFTY,,2025-07-17,2025-07-17,25900.00,PE,NIFTY2571725900PE,0.00,0.00,0.00,1071.90,0.00,1071.90,24812.05,1112.55,0,0,0,0.00,0,F1,75,,,,,
2025-06-18,2025-06-18,FO,NSE,IDO,47341,,NIFTY,,2025-07-17,2025-07-17,25950.00,PE,NIFTY2571725950PE,0.00,0.00,0.00,1109.50,0.00,1109.50,24812.05,1152.35,0,0,0,0.00,0,F1,75,,,,,
2025-06-18,2025-06-18,FO,NSE,IDO,47363,,NIFTY,,2025-07-17,2025-07-17,26200.00,PE,NIFTY2571726200PE,0.00,0.00,0.00,1303.95,0.00,1303.95,24812.05,1359.15,0,0,0,0.00,0,F1,75,,,,,
2025-06-18,2025-06-18,FO,NSE,IDO,55680,,NIFTY,,2025-07-31,2025-07-31,22450.00,PE,NIFTY25JUL22450PE,29.90,33.45,29.90,33.45,33.45,33.65,24812.05,33.45,8400,1650,42,70819646.25,26,F1,75,,,,,
2025-06-18,2025-06-18,FO,NSE,IDO,55744,,NIFTY,,2025-07-31,2025-07-31,23650.00,PE,NIFTY25JUL23650PE,116.90,117.50,103.25,113.40,114.65,116.90,24812.05,113.40,15450,1725,61,108708806.25,29,F1,75,,,,,
2025-06-18,2025-06-18,FO,NSE,IDO,55764,,NIFTY,,2025-07-31,2025-07-31,24150.00,PE,NIFTY25JUL24150PE,182.00,205.20,178.40,195.80,200.00,198.40,24812.05,195.80,31725,1725,60,109531455.00,42,F1,75,,,,,
2025-06-18,2025-06-18,FO,NSE,IDO,55782,,NIFTY,,2025-07-31,2025-07-31,24550.00,PE,NIFTY25JUL24550PE,317.55,318.95,274.90,307.10,309.00,304.45,24812.05,307.10,15600,1350,134,249783678.75,90,F1,75,,,,,
2025-06-18,2025-06-18,FO,NSE,IDO,55786,,NIFTY,,2025-07-31,2025-07-31,24650.00,PE,NIFTY25JUL24650PE,325.00,355.65,304.05,339.85,341.85,340.95,24812.05,339.85,17550,-225,96,179859468.75,58,F1,75,,,,,
2025-06-18,2025-06-18,FO,NSE,IDO,55796,,NIFTY,,2025-07-31,2025-07-31,24900.00,PE,NIFTY25JUL24900PE,462.00,462.00,387.85,440.25,444.30,432.35,24812.05,440.25,228075,5250,2777,5273812406.25,2021,F1,75,,,,,
2025-06-18,2025-06-18,FO,NSE,IDO,55816,,NIFTY,,2025-07-31,2025-07-31,25350.00,PE,NIFTY25JUL25350PE,618.00,684.75,616.85,675.70,680.50,652.00,24812.05,675.70,20850,300,18,35118877.50,13,F1,75,,,,,
2025-06-18,2025-06-18,FO,NSE,IDO,55830,,NIFTY,,2025-07-31,2025-07-31,25550.00,PE,NIFTY25JUL25550PE,775.95,812.05,775.95,793.20,793.20,781.80,24812.05,902.50,2100,225,6,11858790.00,4,F1,75,,,,,
2025-06-18,2025-06-18,FO,NSE,IDO,55856,,NIFTY,,2025-07-31,2025-07-31,26150.00,PE,NIFTY25JUL26150PE,1301.20,1301.20,1207.75,1207.75,1207.75,1224.60,24812.05,1335.60,1650,-150,8,16435676.25,3,F1,75,,,,,
2025-06-18,2025-06-18,FO,NSE,IDO,55860,,NIFTY,,2025-07-31,2025-07-31,26250.00,PE,NIFTY25JUL26250PE,1391.80,1391.80,1391.80,1391.80,1391.80,1291.65,24812.05,1414.90,1425,150,2,4146270.00,1,F1,75,,,,,
2025-06-18,2025-06-18,FO,NSE,IDO,55882,,NIFTY,,2025-07-31,2025-07-31,26750.00,PE,NIFTY25JUL26750PE,0.00,0.00,0.00,1643.90,1643.90,1643.90,24812.05,1835.75,750,0,0,0.00,0,F1,75,,,,,
2025-06-18,2025-06-18,FO,NSE,IDO,71959,,NIFTY,,2025-08-28,2025-08-28,24600.00,PE,NIFTY25AUG24600PE,410.00,422.10,387.00,410.00,410.00,404.20,24812.05,510.45,6600,375,17,31884420.00,10,F1,75,,,,,
2025-06-18,2025-06-18,FO,NSE,IDO,71969,,NIFTY,,2025-08-28,2025-08-28,24850.00,PE,NIFTY25AUG24850PE,487.50,507.85,487.50,507.85,507.85,484.95,24812.05,617.40,1125,75,3,5702640.00,3,F1,75,,,,,
2025-06-18,2025-06-18,FO,NSE,IDO,72075,,NIFTY,,2025-08-28,2025-08-28,25400.00,PE,NIFTY25AUG25400PE,777.05,785.20,707.10,772.95,773.65,746.40,24812.05,772.95,2775,1200,35,68628378.75,23,F1,75,,,,,
2025-06-18,2025-06-18,FO,NSE,IDO,72121,,NIFTY,,2025-08-28,2025-08-28,26250.00,PE,NIFTY25AUG26250PE,0.00,0.00,0.00,1215.45,1215.45,1215.45,24812.05,1451.50,225,0,0,0.00,0,F1,75,,,,,
2025-06-18,2025-06-18,FO,NSE,IDO,72323,,NIFTY,,2025-08-28,2025-08-28,26650.00,PE,NIFTY25AUG26650PE,0.00,0.00,0.00,1519.80,1519.80,1519.80,24812.05,1755.00,150,0,0,0.00,0,F1,75,,,,,
2025-06-18,2025-06-18,FO,NSE,IDO,72327,,NIFTY,,2025-08-28,2025-08-28,26750.00,PE,NIFTY25AUG26750PE,0.00,0.00,0.00,1611.55,1611.55,1611.55,24812.05,1834.40,150,0,0,0.00,0,F1,75,,,,,
2025-06-18,2025-06-18,FO,NSE,IDO,64693,,NIFTY,,2025-09-25,2025-09-25,24000.00,PE,NIFTY25SEP24000PE,331.20,335.10,305.00,322.05,322.00,320.45,24812.05,322.05,1122750,675,2388,4355668740.00,1930,F1,75,,,,,
2025-06-18,2025-06-18,FO,NSE,IDO,51452,,NIFTY,,2025-12-24,2025-12-24,21000.00,PE,NIFTY25DEC21000PE,108.95,109.20,98.00,101.75,100.60,103.00,24812.05,101.75,682225,-4950,1927,3049866757.50,789,F1,75,,,,,
2025-06-18,2025-06-18,FO,NSE,IDO,62911,,NIFTY,,2026-03-26,2026-03-26,17000.00,PE,NIFTY26MAR17000PE,0.00,0.00,0.00,5.50,0.00,5.50,24812.05,1.95,0,0,0,0.00,0,F1,75,,,,,
2025-06-18,2025-06-18,FO,NSE,IDO,62925,,NIFTY,,2026-03-26,2026-03-26,24000.00,PE,NIFTY26MAR24000PE,0.00,0.00,0.00,895.25,0.00,895.25,24812.05,660.25,0,0,0,0.00,0,F1,75,,,,,
2025-06-18,2025-06-18,FO,NSE,IDO,62929,,NIFTY,,2026-03-26,2026-03-26,26000.00,PE,NIFTY26MAR26000PE,0.00,0.00,0.00,1813.30,0.00,1813.30,24812.05,1469.20,0,0,0,0.00,0,F1,75,,,,,
2025-06-18,2025-06-18,FO,NSE,IDO,37805,,NIFTY,,2026-06-25,2026-06-25,23000.00,PE,NIFTY26JUN23000PE,430.00,430.00,402.00,402.00,402.00,430.00,24812.05,402.00,12450,75,2,3512400.00,2,F1,75,,,,,
2025-06-18,2025-06-18,FO,NSE,IDO,71475,,NIFTY,,2026-06-25,2026-06-25,25000.00,PE,NIFTY26JUN25000PE,0.00,0.00,0.00,890.00,890.00,890.00,24812.05,1071.90,4950,0,0,0.00,0,F1,75,,,,,
2025-06-18,2025-06-18,FO,NSE,IDO,35237,,NIFTY,,2026-12-31,2026-12-31,30000.00,PE,NIFTY26DEC30000PE,0.00,0.00,0.00,5003.20,0.00,5003.20,24812.05,3648.80,0,0,0,0.00,0,F1,75,,,,,
2025-06-18,2025-06-18,FO,NSE,IDO,71550,,NIFTY,,2027-06-24,2027-06-24,19000.00,PE,NIFTY27JUN19000PE,0.00,0.00,0.00,182.10,182.10,182.10,24812.05,109.95,600,0,0,0.00,0,F1,75,,,,,
2025-06-18,2025-06-18,FO,NSE,IDO,53611,,NIFTY,,2027-12-30,2027-12-30,20000.00,PE,NIFTY27DEC20000PE,0.00,0.00,0.00,460.00,460.00,460.00,24812.05,217.65,3950,0,0,0.00,0,F1,75,,,,,
2025-06-18,2025-06-18,FO,NSE,IDO,53632,,NIFTY,,2027-12-30,2027-12-30,27000.00,PE,NIFTY27DEC27000PE,0.00,0.00,0.00,2492.45,2492.45,2492.45,24812.05,1815.90,75,0,0,0.00,0,F1,75,,,,,
2025-06-18,2025-06-18,FO,NSE,IDO,86152,,NIFTY,,2028-06-29,2028-06-29,24000.00,PE,NIFTY28JUN24000PE,0.00,0.00,0.00,1692.75,0.00,1692.75,24812.05,873.35,0,0,0,0.00,0,F1,75,,,,,
2025-06-18,2025-06-18,FO,NSE,IDO,67773,,NIFTY,,2028-12-28,2028-12-28,19000.00,PE,NIFTY28DEC19000PE,0.00,0.00,0.00,158.00,0.00,158.00,24812.05,176.20,0,0,0,0.00,0,F1,75,,,,,
2025-06-18,2025-06-18,FO,NSE,IDO,61859,,NIFTY,,2029-12-27,2029-12-27,28000.00,PE,NIFTY29DEC28000PE,0.00,0.00,0.00,1411.30,0.00,1411.30,24812.05,1800.60,0,0,0,0.00,0,F1,75,,,,,
2025-06-18,2025-06-18,FO,NSE,IDO,38375,,NIFTY,,2025-06-26,2025-06-26,20000.00,PE,NIFTY25JUN20000PE,1.90,1.90,1.20,1.35,1.45,1.70,24812.05,1.35,2187900,148350,18752,28130083833.75,6155,F1,75,,,,,
2025-06-18,2025-06-18,FO,NSE,IDO,39680,,NIFTY,,2025-06-26,2025-06-26,16000.00,PE,NIFTY25JUN16000PE,1.20,1.20,0.85,1.05,1.05,1.10,24812.05,1.05,73125,-4575,507,608437942.50,309,F1,75,,,,,
2025-06-18,2025-06-18,FO,NSE,IDO,43386,,NIFTY,,2025-06-26,2025-06-26,14000.00,PE,NIFTY25JUN14000PE,0.80,0.95,0.60,0.80,0.70,0.60,24812.05,0.80,206375,-88200,6865,7208655150.00,1040,F1,75,,,,,
2025-06-18,2025-06-18,FO,NSE,IDO,51094,,NIFTY,,2025-06-19,2025-06-19,26850.00,PE,NIFTY2561926850PE,0.00,0.00,0.00,1922.25,1922.25,1922.25,24812.05,2033.60,225,0,0,0.00,0,F1,75,,,,,
2025-06-18,2025-06-18,FO,NSE,IDO,51056,,NIFTY,,2025-06-19,2025-06-19,26000.00,PE,NIFTY2561926000PE,1180.00,1233.55,1050.00,1200.00,1212.00,1165.50,24812.05,1200.00,37650,-9300,565,1150499850.00,198,F1,75,,,,,
2025-06-18,2025-06-18,FO,NSE,IDO,51030,,NIFTY,,2025-06-19,2025-06-19,25450.00,PE,NIFTY2561925450PE,599.00,677.75,503.70,656.70,658.45,616.65,24812.05,656.70,14925,-4050,537,1049812983.75,318,F1,75,,,,,
2025-06-18,2025-06-18,FO,NSE,IDO,51014,,NIFTY,,2025-06-19,2025-06-19,25050.00,PE,NIFTY2561925050PE,250.00,302.90,155.75,266.45,272.85,244.05,24812.05,266.45,301425,-193200,140264,265787422545.00,89806,F1,75,,,,,
2025-06-18,2025-06-18,FO,NSE,IDO,51008,,NIFTY,,2025-06-19,2025-06-19,24900.00,PE,NIFTY2561924900PE,132.40,196.00,76.25,142.70,146.05,139.35,24812.05,142.70,3396150,-599775,3472599,6515793318393.75,1829518,F1,75,,,,,
2025-06-18,2025-06-18,FO,NSE,IDO,50996,,NIFTY,,2025-06-19,2025-06-19,24650.00,PE,NIFTY2561924650PE,61.00,65.00,19.55,34.85,35.15,50.40,24812.05,34.85,2611350,486300,1658849,3071178910207.50,708784,F1,75,,,,,
2025-06-18,2025-06-18,FO,NSE,IDO,50950,,NIFTY,,2025-06-19,2025-06-19,23850.00,PE,NIFTY2561923850PE,5.00,5.00,1.20,1.75,2.05,5.60,24812.05,1.75,1340775,165750,378819,677664802203.75,56763,F1,75,,,,,
2025-06-18,2025-06-18,FO,NSE,IDO,50930,,NIFTY,,2025-06-19,2025-06-19,23700.00,PE,NIFTY2561923700PE,2.60,3.80,0.85,1.30,1.55,4.25,24812.05,1.30,2566275,-500100,536942,954472866558.75,78836,F1,75,,,,,
2025-06-18,2025-06-18,FO,NSE,IDO,61382,,NIFTY,,2029-12-27,2029-12-27,17000.00,CE,NIFTY29DEC17000CE,0.00,0.00,0.00,12022.30,0.00,12022.30,24812.05,12033.45,0,0,0,0.00,0,F1,75,,,,,
2025-06-18,2025-06-18,FO,NSE,IDO,89616,,NIFTY,,2029-06-28,2029-06-28,20000.00,CE,NIFTY29JUN20000CE,0.00,0.00,0.00,10410.00,0.00,10410.00,24812.05,9472.10,0,0,0,0.00,0,F1,75,,,,,
2025-06-18,2025-06-18,FO,NSE,IDO,67792,,NIFTY,,2028-12-28,2028-12-28,29000.00,CE,NIFTY28DEC29000CE,0.00,0.00,0.00,3645.75,0.00,3645.75,24812.05,3851.15,0,0,0,0.00,0,F1,75,,,,,
2025-06-18,2025-06-18,FO,NSE,IDO,67788,,NIFTY,,2028-12-28,2028-12-28,27000.00,CE,NIFTY28DEC27000CE,0.00,0.00,0.00,4437.95,0.00,4437.95,24812.05,4746.50,0,0,0,0.00,0,F1,75,,,,,
2025-06-18,2025-06-18,FO,NSE,IDO,67776,,NIFTY,,2028-12-28,2028-12-28,21000.00,CE,NIFTY28DEC21000CE,0.00,0.00,0.00,7512.50,0.00,7512.50,24812.05,8276.80,0,0,0,0.00,0,F1,75,,,,,
2025-06-18,2025-06-18,FO,NSE,IDO,53628,,NIFTY,,2027-12-30,2027-12-30,26000.00,CE,NIFTY27DEC26000CE,0.00,0.00,0.00,3162.40,0.00,3162.40,24812.05,4019.15,0,0,0,0.00,0,F1,75,,,,,
2025-06-18,2025-06-18,FO,NSE,IDO,71399,,NIFTY,,2025-12-24,2025-12-24,26000.00,CE,NIFTY25DEC26000CE,765.00,841.05,763.90,775.70,773.75,793.20,24812.05,775.70,1562700,12975,2376,4775257976.25,1762,F1,75,,,,,
2025-06-18,2025-06-18,FO,NSE,IDO,71393,,NIFTY,,2025-12-24,2025-12-24,24000.00,CE,NIFTY25DEC24000CE,2020.00,2083.40,1958.00,1978.00,1970.00,2009.85,24812.05,1978.00,910700,-3450,459,894849851.25,350,F1,75,,,,,
2025-06-18,2025-06-18,FO,NSE,IDO,36688,,NIFTY,,2025-12-24,2025-12-24,19500.00,CE,NIFTY25DEC19500CE,0.00,0.00,0.00,5980.00,5980.00,5980.00,24812.05,5935.30,1150,0,0,0.00,0,F1,75,,,,,
2025-06-18,2025-06-18,FO,NSE,IDO,64686,,NIFTY,,2025-09-25,2025-09-25,21000.00,CE,NIFTY25SEP21000CE,4150.00,4155.00,4061.85,4096.30,4107.30,4147.95,24812.05,4096.30,124875,73725,1057,1988935875.00,464,F1,75,,,,,
2025-06-18,2025-06-18,FO,NSE,IDO,72311,,NIFTY,,2025-08-28,2025-08-28,26550.00,CE,NIFTY25AUG26550CE,0.00,0.00,0.00,384.05,0.00,384.05,24812.05,254.70,0,0,0,0.00,0,F1,75,,,,,
2025-06-18,2025-06-18,FO,NSE,IDO,72115,,NIFTY,,2025-08-28,2025-08-28,26150.00,CE,NIFTY25AUG26150CE,0.00,0.00,0.00,249.00,249.00,249.00,24812.05,352.70,600,0,0,0.00,0,F1,75,,,,,
2025-06-18,2025-06-18,FO,NSE,IDO,72098,,NIFTY,,2025-08-28,2025-08-28,25750.00,CE,NIFTY25AUG25750CE,305.15,338.55,292.40,292.40,292.40,330.00,24812.05,478.20,900,225,5,9773208.75,5,F1,75,,,,,
2025-06-18,2025-06-18,FO,NSE,IDO,71966,,NIFTY,,2025-08-28,2025-08-28,24800.00,CE,NIFTY25AUG24800CE,783.10,845.00,730.00,743.70,742.00,796.10,24812.05,743.70,27600,4350,212,406367253.75,139,F1,75,,,,,
2025-06-18,2025-06-18,FO,NSE,IDO,71962,,NIFTY,,2025-08-28,2025-08-28,24700.00,CE,NIFTY25AUG24700CE,805.25,812.00,790.15,800.00,800.00,840.15,24812.05,800.00,9975,1275,32,61202703.75,16,F1,75,,,,,
2025-06-18,2025-06-18,FO,NSE,IDO,71960,,NIFTY,,2025-08-28,2025-08-28,24650.00,CE,NIFTY25AUG24650CE,0.00,0.00,0.00,977.25,977.25,977.25,24812.05,985.95,300,0,0,0.00,0,F1,75,,,,,
2025-06-18,2025-06-18,FO,NSE,IDO,71940,,NIFTY,,2025-08-28,2025-08-28,24200.00,CE,NIFTY25AUG24200CE,0.00,0.00,0.00,1296.95,1296.95,1296.95,24812.05,1265.90,75,0,0,0.00,0,F1,75,,,,,
2025-06-18,2025-06-18,FO,NSE,IDO,71938,,NIFTY,,2025-08-28,2025-08-28,24150.00,CE,NIFTY25AUG24150CE,0.00,0.00,0.00,1334.60,1334.60,1334.60,24812.05,1299.50,75,0,0,0.00,0,F1,75,,,,,
2025-06-18,2025-06-18,FO,NSE,IDO,71851,,NIFTY,,2025-08-28,2025-08-28,23250.00,CE,NIFTY25AUG23250CE,0.00,0.00,0.00,2080.50,2080.50,2080.50,24812.05,1981.05,75,0,0,0.00,0,F1,75,,,,,
2025-06-18,2025-06-18,FO,NSE,IDO,55869,,NIFTY,,2025-07-31,2025-07-31,26500.00,CE,NIFTY25JUL26500CE,38.00,51.00,36.15,37.25,36.90,44.20,24812.05,37.25,930225,8775,11045,21986058157.50,6399,F1,75,,,,,
2025-06-18,2025-06-18,FO,NSE,IDO,55853,,NIFTY,,2025-07-31,2025-07-31,26100.00,CE,NIFTY25JUL26100CE,85.05,107.60,76.50,79.00,77.85,91.45,24812.05,79.00,181200,28425,3155,6196032547.50,2046,F1,75,,,,,
2025-06-18,2025-06-18,FO,NSE,IDO,55837,,NIFTY,,2025-07-31,2025-07-31,25750.00,CE,NIFTY25JUL25750CE,160.50,191.35,143.15,148.10,145.85,168.05,24812.05,148.10,17475,6000,314,609993630.00,163,F1,75,,,,,
2025-06-18,2025-06-18,FO,NSE,IDO,55829,,NIFTY,,2025-07-31,2025-07-31,25550.00,CE,NIFTY25JUL25550CE,218.75,251.25,198.00,202.00,200.45,228.10,24812.05,202.00,10125,2025,192,370928730.00,108,F1,75,,,,,
2025-06-18,2025-06-18,FO,NSE,IDO,55821,,NIFTY,,2025-07-31,2025-07-31,25450.00,CE,NIFTY25JUL25450CE,283.85,283.85,230.15,236.75,235.05,264.95,24812.05,236.75,8250,3300,91,175368510.00,73,F1,75,,,,,
2025-06-18,2025-06-18,FO,NSE,IDO,55807,,NIFTY,,2025-07-31,2025-07-31,25200.00,CE,NIFTY25JUL25200CE,349.35,418.30,325.05,337.45,332.25,370.25,24812.05,337.45,235950,14775,2246,4305122733.75,1449,F1,75,,,,,
2025-06-18,2025-06-18,FO,NSE,IDO,55767,,NIFTY,,2025-07-31,2025-07-31,24250.00,CE,NIFTY25JUL24250CE,948.90,948.90,948.90,948.90,948.90,948.00,24812.05,1012.40,1125,75,1,1889917.50,1,F1,75,,,,,
2025-06-18,2025-06-18,FO,NSE,IDO,55757,,NIFTY,,2025-07-31,2025-07-31,24000.00,CE,NIFTY25JUL24000CE,1120.05,1229.70,1080.00,1105.90,1094.20,1149.50,24812.05,1105.90,352725,22275,1149,2166434880.00,691,F1,75,,,,,
2025-06-18,2025-06-18,FO,NSE,IDO,55693,,NIFTY,,2025-07-31,2025-07-31,22800.00,CE,NIFTY25JUL22800CE,0.00,0.00,0.00,2343.70,2343.70,2343.70,24812.05,2211.20,825,0,0,0.00,0,F1,75,,,,,
2025-06-18,2025-06-18,FO,NSE,IDO,55685,,NIFTY,,2025-07-31,2025-07-31,22600.00,CE,NIFTY25JUL22600CE,0.00,0.00,0.00,2543.70,2543.95,2543.70,24812.05,2399.20,750,0,0,0.00,0,F1,75,,,,,
2025-06-18,2025-06-18,FO,NSE,IDO,55681,,NIFTY,,2025-07-31,2025-07-31,22500.00,CE,NIFTY25JUL22500CE,2520.00,2591.85,2421.20,2448.20,2442.00,2494.55,24812.05,2448.20,159975,17175,438,821221417.50,305,F1,75,,,,,
2025-06-18,2025-06-18,FO,NSE,IDO,47313,,NIFTY,,2025-07-17,2025-07-17,25700.00,CE,NIFTY2571725700CE,0.00,0.00,0.00,266.20,0.00,266.20,24812.05,192.75,0,0,0,0.00,0,F1,75,,,,,
2025-06-18,2025-06-18,FO,NSE,IDO,47297,,NIFTY,,2025-07-17,2025-07-17,25400.00,CE,NIFTY2571725400CE,177.25,216.10,165.30,171.65,171.65,193.85,24812.05,171.65,4125,225,46,88275056.25,45,F1,75,,,,,
2025-06-18,2025-06-18,FO,NSE,IDO,47269,,NIFTY,,2025-07-17,2025-07-17,24900.00,CE,NIFTY2571724900CE,404.50,472.60,375.15,390.20,390.20,414.90,24812.05,489.70,5475,2775,79,149981002.50,65,F1,75,,,,,
2025-06-18,2025-06-18,FO,NSE,IDO,47261,,NIFTY,,2025-07-17,2025-07-17,24700.00,CE,NIFTY2571724700CE,536.55,536.55,488.60,503.65,503.65,535.45,24812.05,503.65,2250,1575,36,68052498.75,20,F1,75,,,,,
2025-06-18,2025-06-18,FO,NSE,IDO,47173,,NIFTY,,2025-07-17,2025-07-17,23750.00,CE,NIFTY2571723750CE,0.00,0.00,0.00,1386.05,0.00,1386.05,24812.05,1269.55,0,0,0,0.00,0,F1,75,,,,,
2025-06-18,2025-06-18,FO,NSE,IDO,47152,,NIFTY,,2025-07-17,2025-07-17,23450.00,CE,NIFTY2571723450CE,0.00,0.00,0.00,1642.85,0.00,1642.85,24812.05,1528.60,0,0,0,0.00,0,F1,75,,,,,
2025-06-18,2025-06-18,FO,NSE,IDO,40138,,NIFTY,,2025-07-10,2025-07-10,26700.00,CE,NIFTY2571026700CE,5.95,8.95,4.95,5.80,5.80,6.95,24812.05,21.25,1050,225,5,10014881.25,5,F1,75,,,,,
2025-06-18,2025-06-18,FO,NSE,IDO,40072,,NIFTY,,2025-07-10,2025-07-10,25800.00,CE,NIFTY2571025800CE,60.00,69.00,44.30,45.65,45.00,55.55,24812.05,45.65,24750,8550,451,874422461.25,291,F1,75,,,,,
2025-06-18,2025-06-18,FO,NSE,IDO,40058,,NIFTY,,2025-07-10,2025-07-10,25600.00,CE,NIFTY2571025600CE,87.75,112.35,74.45,78.10,76.55,91.80,24812.05,78.10,14775,2325,212,408379833.75,132,F1,75,,,,,
2025-06-18,2025-06-18,FO,NSE,IDO,39983,,NIFTY,,2025-07-10,2025-07-10,24600.00,CE,NIFTY2571024600CE,564.90,598.00,489.95,502.10,495.00,544.90,24812.05,502.10,9300,5850,140,263810538.75,105,F1,75,,,,,
2025-06-18,2025-06-18,FO,NSE,IDO,39932,,NIFTY,,2025-07-10,2025-07-10,23950.00,CE,NIFTY2571023950CE,0.00,0.00,0.00,1125.10,0.00,1125.10,24812.05,1044.55,0,0,0,0.00,0,F1,75,,,,,
2025-06-18,2025-06-18,FO,NSE,IDO,39836,,NIFTY,,2025-07-10,2025-07-10,22950.00,CE,NIFTY2571022950CE,0.00,0.00,0.00,1979.20,0.00,1979.20,24812.05,1954.15,0,0,0,0.00,0,F1,75,,,,,
2025-06-18,2025-06-18,FO,NSE,IDO,56843,,NIFTY,,2025-07-03,2025-07-03,25500.00,CE,NIFTY2570325500CE,63.65,87.00,51.20,55.45,54.00,66.75,24812.05,55.45,331800,83925,11875,22767114536.25,7940,F1,75,,,,,
2025-06-18,2025-06-18,FO,NSE,IDO,56541,,NIFTY,,2025-07-03,2025-07-03,24650.00,CE,NIFTY2570324650CE,445.20,498.50,377.95,397.85,396.95,436.60,24812.05,397.85,7425,3225,149,280099008.75,80,F1,75,,,,,
2025-06-18,2025-06-18,FO,NSE,IDO,56498,,NIFTY,,2025-07-03,2025-07-03,24550.00,CE,NIFTY2570324550CE,570.00,574.75,449.80,458.00,456.90,505.00,24812.05,458.00,1125,-975,46,86352742.50,21,F1,75,,,,,
2025-06-18,2025-06-18,FO,NSE,IDO,56267,,NIFTY,,2025-07-03,2025-07-03,23850.00,CE,NIFTY2570323850CE,0.00,0.00,0.00,1214.00,1214.00,1214.00,24812.05,1066.10,375,0,0,0.00,0,F1,75,,,,,
2025-06-18,2025-06-18,FO,NSE,IDO,56231,,NIFTY,,2025-07-03,2025-07-03,23700.00,CE,NIFTY2570323700CE,0.00,0.00,0.00,1330.00,1330.00,1330.00,24812.05,1200.95,450,0,0,0.00,0,F1,75,,,,,
2025-06-18,2025-06-18,FO,NSE,IDO,56225,,NIFTY,,2025-07-03,2025-07-03,23650.00,CE,NIFTY2570323650CE,0.00,0.00,0.00,1402.90,1402.90,1402.90,24812.05,1246.85,75,0,0,0.00,0,F1,75,,,,,
2025-06-18,2025-06-18,FO,NSE,IDO,55979,,NIFTY,,2025-07-03,2025-07-03,22800.00,CE,NIFTY2570322800CE,0.00,0.00,0.00,2234.75,2235.10,2234.75,24812.05,2069.50,150,0,0,0.00,0,F1,75,,,,,
2025-06-18,2025-06-18,FO,NSE,IDO,62471,,NIFTY,,2025-06-26,2025-06-26,26450.00,CE,NIFTY25JUN26450CE,1.80,2.05,1.65,1.95,1.95,1.95,24812.05,1.95,145350,-13350,4072,8078381557.50,1718,F1,75,,,,,
2025-06-18,2025-06-18,FO,NSE,IDO,62433,,NIFTY,,2025-06-26,2025-06-26,25800.00,CE,NIFTY25JUN25800CE,7.65,10.20,5.40,6.30,6.00,8.10,24812.05,6.30,1618650,319875,69695,134895951622.50,27525,F1,75,,,,,
2025-06-18,2025-06-18,FO,NSE,IDO,71381,,NIFTY,,2025-06-26,2025-06-26,25000.00,CE,NIFTY25JUN25000CE,130.00,198.50,112.95,125.20,121.05,150.95,24812.05,125.20,6755175,702075,227561,429147588292.50,126347,F1,75,,,,,
2025-06-18,2025-06-18,FO,NSE,IDO,62371,,NIFTY,,2025-06-26,2025-06-26,24400.00,CE,NIFTY25JUN24400CE,553.70,630.00,473.90,499.70,495.45,542.85,24812.05,499.70,147150,4725,2654,4964858381.25,1540,F1,75,,,,,
2025-06-18,2025-06-18,FO,NSE,IDO,62367,,NIFTY,,2025-06-26,2025-06-26,24350.00,CE,NIFTY25JUN24350CE,566.95,673.85,529.50,543.45,536.70,583.25,24812.05,543.45,19575,-4650,323,604030635.00,166,F1,75,,,,,
2025-06-18,2025-06-18,FO,NSE,IDO,62343,,NIFTY,,2025-06-26,2025-06-26,23800.00,CE,NIFTY25JUN23800CE,1081.75,1177.45,1014.00,1047.45,1050.15,1091.65,24812.05,1047.45,232275,2850,142,264874147.50,89,F1,75,,,,,
2025-06-18,2025-06-18,FO,NSE,IDO,62337,,NIFTY,,2025-06-26,2025-06-26,23700.00,CE,NIFTY25JUN23700CE,1225.25,1225.25,1101.15,1154.00,1154.00,1180.50,24812.05,1150.35,36075,900,35,65224725.00,24,F1,75,,,,,
2025-06-18,2025-06-18,FO,NSE,IDO,62299,,NIFTY,,2025-06-26,2025-06-26,23150.00,CE,NIFTY25JUN23150CE,0.00,0.00,0.00,1844.60,1844.60,1844.60,24812.05,1692.80,2550,0,0,0.00,0,F1,75,,,,,
2025-06-18,2025-06-18,FO,NSE,IDO,62191,,NIFTY,,2025-06-26,2025-06-26,22300.00,CE,NIFTY25JUN22300CE,2534.40,2534.40,2534.40,2534.40,2534.40,2636.85,24812.05,2541.25,8325,-75,1,1862580.00,1,F1,75,,,,,
2025-06-18,2025-06-18,FO,NSE,IDO,62167,,NIFTY,,2025-06-26,2025-06-26,21900.00,CE,NIFTY25JUN21900CE,0.00,0.00,0.00,3111.05,3111.05,3111.05,24812.05,2940.70,2250,0,0,0.00,0,F1,75,,,,,
2025-06-18,2025-06-18,FO,NSE,IDO,62157,,NIFTY,,2025-06-26,2025-06-26,21700.00,CE,NIFTY25JUN21700CE,0.00,0.00,0.00,3307.25,3307.60,3307.25,24812.05,3140.45,1350,0,0,0.00,0,F1,75,,,,,
2025-06-18,2025-06-18,FO,NSE,IDO,62077,,NIFTY,,2025-06-26,2025-06-26,20750.00,CE,NIFTY25JUN20750CE,0.00,0.00,0.00,4205.45,4205.45,4205.45,24812.05,4089.20,600,0,0,0.00,0,F1,75,,,,,
2025-06-18,2025-06-18,FO,NSE,IDO,39982,,NIFTY,,2025-06-26,2025-06-26,19000.00,CE,NIFTY25JUN19000CE,5900.00,5900.00,5796.50,5821.90,5816.45,5857.75,24812.05,5821.90,116325,-5925,79,147091297.50,57,F1,75,,,,,
2025-06-18,2025-06-18,FO,NSE,IDO,51091,,NIFTY,,2025-06-19,2025-06-19,26800.00,CE,NIFTY2561926800CE,0.60,0.80,0.50,0.75,0.70,0.75,24812.05,0.75,4638450,416250,156652,314878062832.50,20068,F1,75,,,,,
2025-06-18,2025-06-18,FO,NSE,IDO,51059,,NIFTY,,2025-06-19,2025-06-19,26100.00,CE,NIFTY2561926100CE,0.85,0.95,0.65,0.80,0.75,0.95,24812.05,0.80,2597175,-901500,242534,474774044553.75,32530,F1,75,,,,,
2025-06-18,2025-06-18,FO,NSE,IDO,50959,,NIFTY,,2025-06-19,2025-06-19,24050.00,CE,NIFTY2561924050CE,775.00,890.80,729.95,763.15,760.25,815.05,24812.05,763.15,3450,600,153,285378202.50,51,F1,75,,,,,
2025-06-18,2025-06-18,FO,NSE,IDO,50899,,NIFTY,,2025-06-19,2025-06-19,23500.00,CE,NIFTY2561923500CE,1382.05,1449.00,1274.60,1295.15,1293.10,1339.00,24812.05,1295.15,15375,-8175,225,418927012.50,104,F1,75,,,,,
2025-06-18,2025-06-18,FO,NSE,IDO,50857,,NIFTY,,2025-06-19,2025-06-19,23000.00,CE,NIFTY2561923000CE,1825.00,1950.00,1769.05,1801.90,1805.00,1835.75,24812.05,1801.90,38325,-7800,137,255067691.25,70,F1,75,,,,,
2025-06-18,2025-06-18,FO,NSE,IDO,62504,,NIFTY,,2025-06-26,2025-06-26,26750.00,PE,NIFTY25JUN26750PE,0.00,0.00,0.00,1749.00,1749.00,1749.00,24812.05,1903.30,1950,0,0,0.00,0,F1,75,,,,,
2025-06-18,2025-06-18,FO,NSE,IDO,62124,,NIFTY,,2025-06-26,2025-06-26,21100.00,PE,NIFTY25JUN21100PE,2.55,2.55,1.65,1.95,2.10,2.50,24812.05,1.95,26700,975,859,1359489228.75,430,F1,75,,,,,
2025-06-18,2025-06-18,FO,NSE,IDO,62132,,NIFTY,,2025-06-26,2025-06-26,21200.00,PE,NIFTY25JUN21200PE,2.25,2.30,1.70,2.05,1.95,2.65,24812.05,2.05,26775,6075,529,841186425.00,367,F1,75,,,,,
2025-06-18,2025-06-18,FO,NSE,IDO,62148,,NIFTY,,2025-06-26,2025-06-26,21600.00,PE,NIFTY25JUN21600PE,2.90,2.90,1.80,2.35,2.30,3.00,24812.05,2.35,22800,1350,1422,2303858996.25,618,F1,75,,,,,
2025-06-18,2025-06-18,FO,NSE,IDO,62160,,NIFTY,,2025-06-26,2025-06-26,21700.00,PE,NIFTY25JUN21700PE,2.55,2.85,1.90,2.45,2.55,3.15,24812.05,2.45,50100,525,713,1160527507.50,375,F1,75,,,,,
2025-06-18,2025-06-18,FO,NSE,IDO,62332,,NIFTY,,2025-06-26,2025-06-26,23550.00,PE,NIFTY25JUN23550PE,13.70,15.80,10.00,14.30,14.75,15.20,24812.05,14.30,110175,6825,7576,13388358097.50,5193,F1,75,,,,,
2025-06-18,2025-06-18,FO,NSE,IDO,62344,,NIFTY,,2025-06-26,2025-06-26,23800.00,PE,NIFTY25JUN23800PE,23.80,24.80,14.85,21.55,22.90,22.55,24812.05,21.55,2489775,129600,49917,89173896187.50,30480,F1,75,,,,,
2025-06-18,2025-06-18,FO,NSE,IDO,62366,,NIFTY,,2025-06-26,2025-06-26,24300.00,PE,NIFTY25JUN24300PE,68.00,72.75,42.50,61.15,62.85,62.00,24812.05,61.15,1200150,19875,57687,105382448475.00,34286,F1,75,,,,,
2025-06-18,2025-06-18,FO,NSE,IDO,62370,,NIFTY,,2025-06-26,2025-06-26,24350.00,PE,NIFTY25JUN24350PE,69.95,81.20,47.70,68.35,70.25,69.15,24812.05,68.35,207750,-35925,29807,54581866747.50,17028,F1,75,,,,,
2025-06-18,2025-06-18,FO,NSE,IDO,62372,,NIFTY,,2025-06-26,2025-06-26,24400.00,PE,NIFTY25JUN24400PE,82.45,91.20,53.65,76.30,78.85,77.45,24812.05,76.30,1292325,-385725,84566,155219283922.50,44994,F1,75,,,,,
2025-06-18,2025-06-18,FO,NSE,IDO,56755,,NIFTY,,2025-07-03,2025-07-03,25300.00,CE,NIFTY2570325300CE,100.70,148.35,92.15,100.20,96.75,116.35,24812.05,100.20,202725,101475,4681,8919479516.25,2901,F1,75,,,,,
2025-06-18,2025-06-18,FO,NSE,IDO,58034,,NIFTY,,2025-07-03,2025-07-03,26100.00,CE,NIFTY2570326100CE,10.10,13.15,7.25,8.75,8.70,10.95,24812.05,8.75,105450,15150,3926,7687791198.75,2307,F1,75,,,,,
2025-06-18,2025-06-18,FO,NSE,IDO,58708,,NIFTY,,2025-07-03,2025-07-03,26450.00,CE,NIFTY2570326450CE,6.20,6.20,4.15,4.75,4.65,5.30,24812.05,4.75,13650,6750,188,373008903.75,72,F1,75,,,,,
2025-06-18,2025-06-18,FO,NSE,IDO,58712,,NIFTY,,2025-07-03,2025-07-03,26500.00,CE,NIFTY2570326500CE,5.25,5.25,3.90,4.40,4.40,5.25,24812.05,4.40,277800,109875,3988,7927426946.25,1561,F1,75,,,,,
2025-06-18,2025-06-18,FO,NSE,IDO,39848,,NIFTY,,2025-07-10,2025-07-10,23150.00,CE,NIFTY2571023150CE,0.00,0.00,0.00,1795.75,0.00,1795.75,24812.05,1761.65,0,0,0,0.00,0,F1,75,,,,,
2025-06-18,2025-06-18,FO,NSE,IDO,51026,,NIFTY,,2025-06-19,2025-06-19,25350.00,PE,NIFTY2561925350PE,506.20,587.25,407.20,552.80,558.00,519.15,24812.05,552.80,23325,-2175,942,1827106620.00,640,F1,75,,,,,
2025-06-18,2025-06-18,FO,NSE,IDO,51052,,NIFTY,,2025-06-19,2025-06-19,25900.00,PE,NIFTY2561925900PE,1095.00,1125.00,970.00,1115.00,1115.00,1061.15,24812.05,1083.75,5775,-525,22,44488860.00,17,F1,75,,,,,
2025-06-18,2025-06-18,FO,NSE,IDO,51054,,NIFTY,,2025-06-19,2025-06-19,25950.00,PE,NIFTY2561925950PE,1058.65,1152.45,1058.65,1152.45,1152.45,1108.30,24812.05,1133.75,2625,0,5,10141008.75,5,F1,75,,,,,
2025-06-18,2025-06-18,FO,NSE,IDO,51020,,NIFTY,,2025-06-19,2025-06-19,25200.00,PE,NIFTY2561925200PE,419.30,444.15,269.85,407.05,415.50,376.10,24812.05,407.05,518775,-196575,76969,147476954955.00,44119,F1,75,,,,,
2025-06-18,2025-06-18,FO,NSE,IDO,50876,,NIFTY,,2025-06-19,2025-06-19,23150.00,PE,NIFTY2561923150PE,1.45,1.45,0.40,0.55,0.55,1.55,24812.05,0.55,219600,-197700,70948,123186700698.75,8896,F1,75,,,,,
2025-06-18,2025-06-18,FO,NSE,IDO,61778,,NIFTY,,2029-12-27,2029-12-27,26000.00,CE,NIFTY29DEC26000CE,0.00,0.00,0.00,6686.95,0.00,6686.95,24812.05,6387.55,0,0,0,0.00,0,F1,75,,,,,
2025-06-18,2025-06-18,FO,NSE,IDO,89614,,NIFTY,,2029-06-28,2029-06-28,19000.00,CE,NIFTY29JUN19000CE,0.00,0.00,0.00,11036.95,0.00,11036.95,24812.05,10171.10,0,0,0,0.00,0,F1,75,,,,,
2025-06-18,2025-06-18,FO,NSE,IDO,67782,,NIFTY,,2028-12-28,2028-12-28,24000.00,CE,NIFTY28DEC24000CE,0.00,0.00,0.00,5850.30,0.00,5850.30,24812.05,6360.10,0,0,0,0.00,0,F1,75,,,,,
2025-06-18,2025-06-18,FO,NSE,IDO,51079,,NIFTY,,2025-06-19,2025-06-19,26550.00,CE,NIFTY2561926550CE,0.80,0.85,0.55,0.80,0.85,0.85,24812.05,0.80,608700,-155100,32312,64342923112.50,4249,F1,75,,,,,
2025-06-18,2025-06-18,FO,NSE,IDO,51082,,NIFTY,,2025-06-19,2025-06-19,26550.00,PE,NIFTY2561926550PE,0.00,0.00,0.00,1860.40,1860.40,1860.40,24812.05,1733.65,600,0,0,0.00,0,F1,75,,,,,
2025-06-18,2025-06-18,FO,NSE,IDO,45866,,NIFTY,,2025-06-26,2025-06-26,17000.00,PE,NIFTY25JUN17000PE,1.25,1.25,0.95,1.10,1.10,1.20,24812.05,1.10,293100,450,1471,1875643702.50,558,F1,75,,,,,
2025-06-18,2025-06-18,FO,NSE,IDO,39986,,NIFTY,,2025-06-26,2025-06-26,19000.00,PE,NIFTY25JUN19000PE,1.80,1.80,1.00,1.10,1.05,1.45,24812.05,1.10,849025,-83175,3921,5587795676.25,1004,F1,75,,,,,
2025-06-18,2025-06-18,FO,NSE,IDO,62062,,NIFTY,,2025-06-26,2025-06-26,20400.00,PE,NIFTY25JUN20400PE,1.75,1.75,1.45,1.60,1.55,1.85,24812.05,1.60,31050,5625,790,1208792707.50,498,F1,75,,,,,
2025-06-18,2025-06-18,FO,NSE,IDO,62080,,NIFTY,,2025-06-26,2025-06-26,20750.00,PE,NIFTY25JUN20750PE,2.05,2.05,1.35,1.80,1.75,2.15,24812.05,1.80,9525,1575,366,569634937.50,240,F1,75,,,,,
2025-06-18,2025-06-18,FO,NSE,IDO,62104,,NIFTY,,2025-06-26,2025-06-26,20950.00,PE,NIFTY25JUN20950PE,2.20,2.25,1.65,1.90,1.90,2.30,24812.05,1.90,13125,5475,370,581413897.50,227,F1,75,,,,,
2025-06-18,2025-06-18,FO,NSE,IDO,62164,,NIFTY,,2025-06-26,2025-06-26,21800.00,PE,NIFTY25JUN21800PE,2.95,2.95,1.85,2.50,2.65,3.25,24812.05,2.50,204150,-3825,3139,5132780816.25,1263,F1,75,,,,,
2025-06-18,2025-06-18,FO,NSE,IDO,62214,,NIFTY,,2025-06-26,2025-06-26,22800.00,PE,NIFTY25JUN22800PE,8.50,8.50,4.00,5.10,5.50,6.75,24812.05,5.10,481725,165000,15155,25920409957.50,7131,F1,75,,,,,
2025-06-18,2025-06-18,FO,NSE,IDO,62266,,NIFTY,,2025-06-26,2025-06-26,23050.00,PE,NIFTY25JUN23050PE,6.85,7.90,5.40,7.00,7.40,8.70,24812.05,7.00,103950,28950,2592,4482160860.00,1612,F1,75,,,,,
2025-06-18,2025-06-18,FO,NSE,IDO,62336,,NIFTY,,2025-06-26,2025-06-26,23650.00,PE,NIFTY25JUN23650PE,18.80,18.90,11.70,16.75,17.35,17.80,24812.05,16.75,97575,12225,6593,11701762905.00,3440,F1,75,,,,,
2025-06-18,2025-06-18,FO,NSE,IDO,62342,,NIFTY,,2025-06-26,2025-06-26,23750.00,PE,NIFTY25JUN23750PE,19.80,22.90,13.75,19.90,20.60,20.80,24812.05,19.90,153300,975,8697,15503029882.50,5027,F1,75,,,,,
2025-06-18,2025-06-18,FO,NSE,IDO,62460,,NIFTY,,2025-06-26,2025-06-26,26150.00,PE,NIFTY25JUN26150PE,0.00,0.00,0.00,1168.55,1168.55,1168.55,24812.05,1308.80,2400,0,0,0.00,0,F1,75,,,,,
2025-06-18,2025-06-18,FO,NSE,IDO,62466,,NIFTY,,2025-06-26,2025-06-26,26300.00,PE,NIFTY25JUN26300PE,0.00,0.00,0.00,1309.30,1309.30,1309.30,24812.05,1456.25,3075,0,0,0.00,0,F1,75,,,,,
2025-06-18,2025-06-18,FO,NSE,IDO,62470,,NIFTY,,2025-06-26,2025-06-26,26400.00,PE,NIFTY25JUN26400PE,1545.90,1545.90,1545.90,1545.90,1545.90,1610.70,24812.05,1555.15,4725,75,1,2095942.50,1,F1,75,,,,,
2025-06-18,2025-06-18,FO,NSE,IDO,53633,,NIFTY,,2027-12-30,2027-12-30,28000.00,CE,NIFTY27DEC28000CE,0.00,0.00,0.00,2639.20,0.00,2639.20,24812.05,3076.00,0,0,0,0.00,0,F1,75,,,,,
2025-06-18,2025-06-18,FO,NSE,IDO,35262,,NIFTY,,2027-06-24,2027-06-24,30000.00,CE,NIFTY27JUN30000CE,0.00,0.00,0.00,1478.40,0.00,1478.40,24812.05,1713.75,0,0,0,0.00,0,F1,75,,,,,
2025-06-18,2025-06-18,FO,NSE,IDO,37799,,NIFTY,,2026-06-25,2026-06-25,23000.00,CE,NIFTY26JUN23000CE,0.00,0.00,0.00,2645.65,0.00,2645.65,24812.05,3682.30,0,0,0,0.00,0,F1,75,,,,,
2025-06-18,2025-06-18,FO,NSE,IDO,62926,,NIFTY,,2026-03-26,2026-03-26,25000.00,CE,NIFTY26MAR25000CE,0.00,0.00,0.00,1652.55,0.00,1652.55,24812.05,1983.15,0,0,0,0.00,0,F1,75,,,,,
2025-06-18,2025-06-18,FO,NSE,IDO,71395,,NIFTY,,2025-12-24,2025-12-24,25000.00,CE,NIFTY25DEC25000CE,1320.00,1400.00,1291.00,1304.75,1304.55,1331.20,24812.05,1304.75,831000,8775,725,1431359891.25,585,F1,75,,,,,
2025-06-18,2025-06-18,FO,NSE,IDO,38376,,NIFTY,,2025-12-24,2025-12-24,20000.00,CE,NIFTY25DEC20000CE,5484.50,5514.65,5354.05,5372.15,5355.40,5400.65,24812.05,5372.15,172300,10700,254,484457752.50,177,F1,75,,,,,
2025-06-18,2025-06-18,FO,NSE,IDO,64702,,NIFTY,,2025-09-25,2025-09-25,29000.00,CE,NIFTY25SEP29000CE,28.00,28.60,24.50,24.95,24.95,26.75,24812.05,24.95,292725,6450,414,901266476.25,235,F1,75,,,,,
2025-06-18,2025-06-18,FO,NSE,IDO,56240,,NIFTY,,2025-07-03,2025-07-03,23700.00,PE,NIFTY2570323700PE,36.55,42.30,31.10,38.55,37.90,38.55,24812.05,38.55,59325,975,850,1513137427.50,457,F1,75,,,,,
2025-06-18,2025-06-18,FO,NSE,IDO,56728,,NIFTY,,2025-07-03,2025-07-03,25050.00,PE,NIFTY2570325050PE,377.25,408.00,316.00,387.70,393.80,374.55,24812.05,387.70,12450,5325,339,646235028.75,157,F1,75,,,,,
2025-06-18,2025-06-18,FO,NSE,IDO,56842,,NIFTY,,2025-07-03,2025-07-03,25450.00,PE,NIFTY2570325450PE,0.00,0.00,0.00,636.85,643.75,636.85,24812.05,708.00,600,0,0,0.00,0,F1,75,,,,,
2025-06-18,2025-06-18,FO,NSE,IDO,56985,,NIFTY,,2025-07-03,2025-07-03,25650.00,PE,NIFTY2570325650PE,0.00,0.00,0.00,708.60,708.60,708.60,24812.05,863.95,525,0,0,0.00,0,F1,75,,,,,
2025-06-18,2025-06-18,FO,NSE,IDO,58713,,NIFTY,,2025-07-03,2025-07-03,26500.00,PE,NIFTY2570326500PE,1634.10,1634.10,1634.10,1634.10,1634.10,1603.80,24812.05,1634.10,375,75,1,2110057.50,1,F1,75,,,,,
2025-06-18,2025-06-18,FO,NSE,IDO,39837,,NIFTY,,2025-07-10,2025-07-10,22950.00,PE,NIFTY2571022950PE,23.90,26.35,20.85,23.10,22.70,34.20,24812.05,23.10,3225,3225,58,99932827.50,33,F1,75,,,,,
2025-06-18,2025-06-18,FO,NSE,IDO,39903,,NIFTY,,2025-07-10,2025-07-10,23550.00,PE,NIFTY2571023550PE,46.00,49.00,44.10,47.80,49.00,96.75,24812.05,47.80,1425,1425,22,38936081.25,11,F1,75,,,,,
2025-06-18,2025-06-18,FO,NSE,IDO,39993,,NIFTY,,2025-07-10,2025-07-10,24650.00,PE,NIFTY2571024650PE,255.85,261.05,216.75,250.75,250.90,254.40,24812.05,250.75,1725,75,61,113876002.50,46,F1,75,,,,,
2025-06-18,2025-06-18,FO,NSE,IDO,40009,,NIFTY,,2025-07-10,2025-07-10,24900.00,PE,NIFTY2571024900PE,355.10,375.35,297.70,352.50,355.80,341.90,24812.05,352.50,12450,3300,360,681291183.75,274,F1,75,,,,,
2025-06-18,2025-06-18,FO,NSE,IDO,40061,,NIFTY,,2025-07-10,2025-07-10,25650.00,PE,NIFTY2571025650PE,0.00,0.00,0.00,981.65,0.00,981.65,24812.05,894.10,0,0,0,0.00,0,F1,75,,,,,
2025-06-18,2025-06-18,FO,NSE,IDO,40127,,NIFTY,,2025-07-10,2025-07-10,26500.00,PE,NIFTY2571026500PE,0.00,0.00,0.00,1664.90,0.00,1664.90,24812.05,1625.05,0,0,0,0.00,0,F1,75,,,,,
2025-06-18,2025-06-18,FO,NSE,IDO,47128,,NIFTY,,2025-07-17,2025-07-17,23050.00,PE,NIFTY2571723050PE,0.00,0.00,0.00,32.45,0.00,32.45,24812.05,24.65,0,0,0,0.00,0,F1,75,,,,,
2025-06-18,2025-06-18,FO,NSE,IDO,47180,,NIFTY,,2025-07-17,2025-07-17,23800.00,PE,NIFTY2571723800PE,0.00,0.00,0.00,116.70,0.00,116.70,24812.05,103.45,0,0,0,0.00,0,F1,75,,,,,
2025-06-18,2025-06-18,FO,NSE,IDO,47204,,NIFTY,,2025-07-17,2025-07-17,24000.00,PE,NIFTY2571724000PE,123.85,130.15,106.40,121.70,122.10,123.85,24812.05,121.70,19425,14250,350,633105363.75,201,F1,75,,,,,
2025-06-18,2025-06-18,FO,NSE,IDO,47219,,NIFTY,,2025-07-17,2025-07-17,24100.00,PE,NIFTY2571724100PE,132.85,134.95,123.00,134.95,134.95,178.00,24812.05,134.95,150,0,7,12719456.25,6,F1,75,,,,,
2025-06-18,2025-06-18,FO,NSE,IDO,47262,,NIFTY,,2025-07-17,2025-07-17,24700.00,PE,NIFTY2571724700PE,298.65,318.00,266.00,300.20,300.20,298.35,24812.05,367.05,1350,75,29,54370965.00,26,F1,75,,,,,
2025-06-18,2025-06-18,FO,NSE,IDO,72324,,NIFTY,,2025-08-28,2025-08-28,26700.00,CE,NIFTY25AUG26700CE,0.00,0.00,0.00,347.50,0.00,347.50,24812.05,224.10,0,0,0,0.00,0,F1,75,,,,,
2025-06-18,2025-06-18,FO,NSE,IDO,72126,,NIFTY,,2025-08-28,2025-08-28,26400.00,CE,NIFTY25AUG26400CE,144.15,160.65,129.50,131.10,130.45,147.80,24812.05,131.10,13575,2850,62,123429180.00,31,F1,75,,,,,
2025-06-18,2025-06-18,FO,NSE,IDO,72040,,NIFTY,,2025-08-28,2025-08-28,25350.00,CE,NIFTY25AUG25350CE,480.05,509.85,449.05,449.05,449.05,482.25,24812.05,634.10,300,150,5,9685271.25,5,F1,75,,,,,
2025-06-18,2025-06-18,FO,NSE,IDO,71924,,NIFTY,,2025-08-28,2025-08-28,23800.00,CE,NIFTY25AUG23800CE,0.00,0.00,0.00,1592.30,1592.30,1592.30,24812.05,1548.30,150,0,0,0.00,0,F1,75,,,,,
2025-06-18,2025-06-18,FO,NSE,IDO,55867,,NIFTY,,2025-07-31,2025-07-31,26450.00,CE,NIFTY25JUL26450CE,0.00,0.00,0.00,88.25,88.25,88.25,24812.05,131.70,675,0,0,0.00,0,F1,75,,,,,
2025-06-18,2025-06-18,FO,NSE,IDO,55865,,NIFTY,,2025-07-31,2025-07-31,26400.00,CE,NIFTY25JUL26400CE,50.80,61.80,43.50,44.70,44.40,53.05,24812.05,44.70,164400,15000,2827,5607845857.50,1421,F1,75,,,,,
2025-06-18,2025-06-18,FO,NSE,IDO,55737,,NIFTY,,2025-07-31,2025-07-31,23550.00,CE,NIFTY25JUL23550CE,0.00,0.00,0.00,1646.70,1646.70,1646.70,24812.05,1545.70,600,0,0,0.00,0,F1,75,,,,,
2025-06-18,2025-06-18,FO,NSE,IDO,55711,,NIFTY,,2025-07-31,2025-07-31,23100.00,CE,NIFTY25JUL23100CE,0.00,0.00,0.00,2063.90,2063.35,2063.90,24812.05,1936.30,1425,0,0,0.00,0,F1,75,,,,,
2025-06-18,2025-06-18,FO,NSE,IDO,55689,,NIFTY,,2025-07-31,2025-07-31,22700.00,CE,NIFTY25JUL22700CE,2375.00,2375.00,2375.00,2375.00,2375.00,2448.60,24812.05,2304.80,975,150,2,3761250.00,1,F1,75,,,,,
2025-06-18,2025-06-18,FO,NSE,IDO,47364,,NIFTY,,2025-07-17,2025-07-17,26250.00,CE,NIFTY2571726250CE,0.00,0.00,0.00,137.10,0.00,137.10,24812.05,88.20,0,0,0,0.00,0,F1,75,,,,,
2025-06-18,2025-06-18,FO,NSE,IDO,47159,,NIFTY,,2025-07-17,2025-07-17,23600.00,CE,NIFTY2571723600CE,0.00,0.00,0.00,1512.50,0.00,1512.50,24812.05,1396.95,0,0,0,0.00,0,F1,75,,,,,
2025-06-18,2025-06-18,FO,NSE,IDO,47147,,NIFTY,,2025-07-17,2025-07-17,23400.00,CE,NIFTY2571723400CE,0.00,0.00,0.00,1687.10,0.00,1687.10,24812.05,1573.30,0,0,0,0.00,0,F1,75,,,,,
2025-06-18,2025-06-18,FO,NSE,IDO,47129,,NIFTY,,2025-07-17,2025-07-17,23100.00,CE,NIFTY2571723100CE,0.00,0.00,0.00,1959.70,0.00,1959.70,24812.05,1848.85,0,0,0,0.00,0,F1,75,,,,,
2025-06-18,2025-06-18,FO,NSE,IDO,47127,,NIFTY,,2025-07-17,2025-07-17,23050.00,CE,NIFTY2571723050CE,0.00,0.00,0.00,2006.15,0.00,2006.15,24812.05,1895.80,0,0,0,0.00,0,F1,75,,,,,
2025-06-18,2025-06-18,FO,NSE,IDO,40121,,NIFTY,,2025-07-10,2025-07-10,26500.00,CE,NIFTY2571026500CE,8.90,11.55,7.35,8.65,8.55,10.15,24812.05,8.65,49875,19125,872,1733675662.50,290,F1,75,,,,,
2025-06-18,2025-06-18,FO,NSE,IDO,40095,,NIFTY,,2025-07-10,2025-07-10,26200.00,CE,NIFTY2571026200CE,0.00,0.00,0.00,123.85,0.00,123.85,24812.05,57.85,0,0,0,0.00,0,F1,75,,,,,
2025-06-18,2025-06-18,FO,NSE,IDO,40088,,NIFTY,,2025-07-10,2025-07-10,26150.00,CE,NIFTY2571026150CE,0.00,0.00,0.00,132.25,0.00,132.25,24812.05,63.45,0,0,0,0.00,0,F1,75,,,,,
2025-06-18,2025-06-18,FO,NSE,IDO,40015,,NIFTY,,2025-07-10,2025-07-10,25000.00,CE,NIFTY2571025000CE,286.95,358.00,264.00,275.05,270.00,305.65,24812.05,275.05,59925,18900,1328,2519923927.50,899,F1,75,,,,,
2025-06-18,2025-06-18,FO,NSE,IDO,51061,,NIFTY,,2025-06-19,2025-06-19,26150.00,CE,NIFTY2561926150CE,0.95,0.95,0.60,0.80,0.90,0.95,24812.05,0.80,603900,-26850,78016,153013195293.75,14063,F1,75,,,,,
2025-06-18,2025-06-18,FO,NSE,IDO,51055,,NIFTY,,2025-06-19,2025-06-19,26000.00,CE,NIFTY2561926000CE,0.90,1.00,0.75,0.90,0.75,1.10,24812.05,0.90,7548900,-2778975,534698,1042694608586.25,86516,F1,75,,,,,
2025-06-18,2025-06-18,FO,NSE,IDO,47274,,NIFTY,,2025-07-17,2025-07-17,24950.00,PE,NIFTY2571724950PE,412.40,435.35,352.00,408.50,410.60,404.95,24812.05,408.50,2550,2475,75,142555541.25,49,F1,75,,,,,
2025-06-18,2025-06-18,FO,NSE,IDO,47292,,NIFTY,,2025-07-17,2025-07-17,25250.00,PE,NIFTY2571725250PE,0.00,0.00,0.00,641.45,0.00,641.45,24812.05,653.85,0,0,0,0.00,0,F1,75,,,,,
2025-06-18,2025-06-18,FO,NSE,IDO,47294,,NIFTY,,2025-07-17,2025-07-17,25300.00,PE,NIFTY2571725300PE,0.00,0.00,0.00,670.35,0.00,670.35,24812.05,684.80,0,0,0,0.00,0,F1,75,,,,,
2025-06-18,2025-06-18,FO,NSE,IDO,47314,,NIFTY,,2025-07-17,2025-07-17,25700.00,PE,NIFTY2571725700PE,0.00,0.00,0.00,926.90,0.00,926.90,24812.05,959.10,0,0,0,0.00,0,F1,75,,,,,
2025-06-18,2025-06-18,FO,NSE,IDO,55684,,NIFTY,,2025-07-31,2025-07-31,22550.00,PE,NIFTY25JUL22550PE,33.45,37.40,32.95,36.15,36.15,36.60,24812.05,21.80,9075,1125,29,49122735.00,19,F1,75,,,,,
2025-06-18,2025-06-18,FO,NSE,IDO,55706,,NIFTY,,2025-07-31,2025-07-31,23050.00,PE,NIFTY25JUL23050PE,55.00,59.60,54.20,59.45,59.60,60.95,24812.05,59.45,12600,2100,35,60658755.00,15,F1,75,,,,,
2025-06-18,2025-06-18,FO,NSE,IDO,55720,,NIFTY,,2025-07-31,2025-07-31,23100.00,PE,NIFTY25JUL23100PE,63.05,65.00,56.00,62.35,63.25,63.95,24812.05,62.35,244050,-2400,894,1552887195.00,523,F1,75,,,,,
2025-06-18,2025-06-18,FO,NSE,IDO,55726,,NIFTY,,2025-07-31,2025-07-31,23250.00,PE,NIFTY25JUL23250PE,69.40,74.75,66.60,73.30,73.10,74.50,24812.05,73.30,15900,3000,59,103201102.50,55,F1,75,,,,,
2025-06-18,2025-06-18,FO,NSE,IDO,55746,,NIFTY,,2025-07-31,2025-07-31,23700.00,PE,NIFTY25JUL23700PE,122.50,127.10,107.50,120.00,121.05,121.40,24812.05,120.00,194625,-2925,1740,3108260133.75,1065,F1,75,,,,,
2025-06-18,2025-06-18,FO,NSE,IDO,55774,,NIFTY,,2025-07-31,2025-07-31,24350.00,PE,NIFTY25JUL24350PE,256.80,258.80,225.15,248.40,249.95,248.40,24812.05,248.40,15000,900,59,108829031.25,46,F1,75,,,,,
2025-06-18,2025-06-18,FO,NSE,IDO,55784,,NIFTY,,2025-07-31,2025-07-31,24600.00,PE,NIFTY25JUL24600PE,334.00,337.65,287.50,321.25,323.50,318.40,24812.05,321.25,210450,15975,2004,3744996236.25,1179,F1,75,,,,,
2025-06-18,2025-06-18,FO,NSE,IDO,55806,,NIFTY,,2025-07-31,2025-07-31,25150.00,PE,NIFTY25JUL25150PE,508.85,580.75,508.85,554.30,554.30,557.70,24812.05,661.50,10350,150,19,36633716.25,16,F1,75,,,,,
2025-06-18,2025-06-18,FO,NSE,IDO,55834,,NIFTY,,2025-07-31,2025-07-31,25650.00,PE,NIFTY25JUL25650PE,0.00,0.00,0.00,806.00,806.00,806.00,24812.05,969.05,1275,0,0,0.00,0,F1,75,,,,,
2025-06-18,2025-06-18,FO,NSE,IDO,55843,,NIFTY,,2025-07-31,2025-07-31,25850.00,PE,NIFTY25JUL25850PE,1052.85,1052.85,966.55,1026.80,1026.80,916.65,24812.05,1109.10,1350,150,17,34256445.00,11,F1,75,,,,,
2025-06-18,2025-06-18,FO,NSE,IDO,55858,,NIFTY,,2025-07-31,2025-07-31,26200.00,PE,NIFTY25JUL26200PE,1345.95,1345.95,1241.70,1287.00,1287.00,1285.05,24812.05,1375.00,2025,0,15,30926227.50,11,F1,75,,,,,
2025-06-18,2025-06-18,FO,NSE,IDO,55872,,NIFTY,,2025-07-31,2025-07-31,26550.00,PE,NIFTY25JUL26550PE,0.00,0.00,0.00,1466.55,1466.55,1466.55,24812.05,1662.95,1500,0,0,0.00,0,F1,75,,,,,
2025-06-18,2025-06-18,FO,NSE,IDO,55886,,NIFTY,,2025-07-31,2025-07-31,26850.00,PE,NIFTY25JUL26850PE,0.00,0.00,0.00,1733.20,1733.20,1733.20,24812.05,1924.05,225,0,0,0.00,0,F1,75,,,,,
2025-06-18,2025-06-18,FO,NSE,IDO,55892,,NIFTY,,2025-07-31,2025-07-31,26900.00,PE,NIFTY25JUL26900PE,1924.55,1935.25,1924.55,1935.00,1935.00,1912.05,24812.05,1968.65,20325,300,5,10812382.50,5,F1,75,,,,,
2025-06-18,2025-06-18,FO,NSE,IDO,71838,,NIFTY,,2025-08-28,2025-08-28,22900.00,PE,NIFTY25AUG22900PE,99.00,101.95,85.05,92.85,94.05,90.00,24812.05,92.85,27000,3450,125,215521863.75,50,F1,75,,,,,
2025-06-18,2025-06-18,FO,NSE,IDO,71850,,NIFTY,,2025-08-28,2025-08-28,23200.00,PE,NIFTY25AUG23200PE,113.75,124.00,111.50,120.05,120.05,120.90,24812.05,120.05,83925,9600,244,426682125.00,107,F1,75,,,,,
2025-06-18,2025-06-18,FO,NSE,IDO,71927,,NIFTY,,2025-08-28,2025-08-28,23850.00,PE,NIFTY25AUG23850PE,0.00,0.00,0.00,322.60,0.00,322.60,24812.05,266.65,0,0,0,0.00,0,F1,75,,,,,
2025-06-18,2025-06-18,FO,NSE,IDO,71971,,NIFTY,,2025-08-28,2025-08-28,24900.00,PE,NIFTY25AUG24900PE,540.65,540.65,487.70,528.20,529.00,526.85,24812.05,528.20,7875,1050,55,104815597.50,41,F1,75,,,,,
2025-06-18,2025-06-18,FO,NSE,IDO,71973,,NIFTY,,2025-08-28,2025-08-28,24950.00,PE,NIFTY25AUG24950PE,503.00,550.00,503.00,545.25,545.25,540.50,24812.05,663.90,225,-75,3,5733618.75,3,F1,75,,,,,
2025-06-18,2025-06-18,FO,NSE,IDO,72037,,NIFTY,,2025-08-28,2025-08-28,25250.00,PE,NIFTY25AUG25250PE,637.25,667.40,637.25,667.40,667.40,682.25,24812.05,815.75,3075,2025,29,56332200.00,17,F1,75,,,,,
2025-06-18,2025-06-18,FO,NSE,IDO,72277,,NIFTY,,2025-08-28,2025-08-28,26500.00,PE,NIFTY25AUG26500PE,1474.95,1547.00,1465.00,1536.00,1536.00,1472.45,24812.05,1638.45,15450,975,40,83999336.25,23,F1,75,,,,,
2025-06-18,2025-06-18,FO,NSE,IDO,40083,,NIFTY,,2025-07-10,2025-07-10,26050.00,CE,NIFTY2571026050CE,0.00,0.00,0.00,150.40,0.00,150.40,24812.05,76.00,0,0,0,0.00,0,F1,75,,,,,
2025-06-18,2025-06-18,FO,NSE,IDO,64679,,NIFTY,,2025-09-25,2025-09-25,17000.00,PE,NIFTY25SEP17000PE,0.00,0.00,0.00,12.00,12.00,12.00,24812.05,0.00,11025,0,0,0.00,0,F1,75,,,,,
2025-06-18,2025-06-18,FO,NSE,IDO,64689,,NIFTY,,2025-09-25,2025-09-25,22000.00,PE,NIFTY25SEP22000PE,82.50,82.50,72.95,76.35,75.35,76.10,24812.05,76.35,864825,11775,1538,2546488035.00,845,F1,75,,,,,
2025-06-18,2025-06-18,FO,NSE,IDO,40035,,NIFTY,,2025-07-10,2025-07-10,25250.00,CE,NIFTY2571025250CE,178.50,225.80,166.75,171.15,169.45,198.20,24812.05,171.15,5250,2325,55,104935575.00,40,F1,75,,,,,
2025-06-18,2025-06-18,FO,NSE,IDO,55849,,NIFTY,,2025-07-31,2025-07-31,26000.00,CE,NIFTY25JUL26000CE,105.00,129.60,93.20,96.20,95.05,111.00,24812.05,96.20,2196225,416325,31432,61539069911.25,15657,F1,75,,,,,
2025-06-18,2025-06-18,FO,NSE,IDO,62919,,NIFTY,,2026-03-26,2026-03-26,21000.00,PE,NIFTY26MAR21000PE,162.75,162.75,162.75,162.75,162.75,166.00,24812.05,113.50,375,-75,1,1587206.25,1,F1,75,,,,,
2025-06-18,2025-06-18,FO,NSE,IDO,62927,,NIFTY,,2026-03-26,2026-03-26,25000.00,PE,NIFTY26MAR25000PE,0.00,0.00,0.00,1307.55,0.00,1307.55,24812.05,1015.05,0,0,0,0.00,0,F1,75,,,,,
2025-06-18,2025-06-18,FO,NSE,IDO,58643,,NIFTY,,2026-12-31,2026-12-31,19000.00,PE,NIFTY26DEC19000PE,0.00,0.00,0.00,109.35,109.35,109.35,24812.05,77.50,1800,0,0,0.00,0,F1,75,,,,,
2025-06-18,2025-06-18,FO,NSE,IDO,37810,,NIFTY,,2026-12-31,2026-12-31,23000.00,PE,NIFTY26DEC23000PE,586.00,586.00,580.00,580.15,580.00,586.00,24812.05,580.15,23475,-375,11,19455375.00,5,F1,75,,,,,
2025-06-18,2025-06-18,FO,NSE,IDO,53606,,NIFTY,,2027-12-30,2027-12-30,19000.00,PE,NIFTY27DEC19000PE,0.00,0.00,0.00,299.95,299.95,299.95,24812.05,138.55,525,0,0,0.00,0,F1,75,,,,,
2025-06-18,2025-06-18,FO,NSE,IDO,86146,,NIFTY,,2028-06-29,2028-06-29,21000.00,PE,NIFTY28JUN21000PE,0.00,0.00,0.00,907.20,0.00,907.20,24812.05,350.05,0,0,0,0.00,0,F1,75,,,,,
2025-06-18,2025-06-18,FO,NSE,IDO,67783,,NIFTY,,2028-12-28,2028-12-28,24000.00,PE,NIFTY28DEC24000PE,0.00,0.00,0.00,914.30,914.30,914.30,24812.05,862.70,600,0,0,0.00,0,F1,75,,,,,
2025-06-18,2025-06-18,FO,NSE,IDO,67789,,NIFTY,,2028-12-28,2028-12-28,27000.00,PE,NIFTY28DEC27000PE,0.00,0.00,0.00,1413.85,0.00,1413.85,24812.05,1663.50,0,0,0,0.00,0,F1,75,,,,,
2025-06-18,2025-06-18,FO,NSE,IDO,89611,,NIFTY,,2029-06-28,2029-06-28,17000.00,PE,NIFTY29JUN17000PE,0.00,0.00,0.00,79.30,0.00,79.30,24812.05,81.10,0,0,0,0.00,0,F1,75,,,,,
2025-06-18,2025-06-18,FO,NSE,IDO,40062,,NIFTY,,2025-07-10,2025-07-10,25700.00,CE,NIFTY2571025700CE,67.45,90.00,56.90,60.15,59.15,72.05,24812.05,60.15,12750,-2025,213,411644122.50,131,F1,75,,,,,
2025-06-18,2025-06-18,FO,NSE,IDO,67772,,NIFTY,,2028-12-28,2028-12-28,19000.00,CE,NIFTY28DEC19000CE,0.00,0.00,0.00,8739.00,0.00,8739.00,24812.05,9697.45,0,0,0,0.00,0,F1,75,,,,,
2025-06-18,2025-06-18,FO,NSE,IDO,67768,,NIFTY,,2028-12-28,2028-12-28,17000.00,CE,NIFTY28DEC17000CE,0.00,0.00,0.00,10036.40,0.00,10036.40,24812.05,11202.45,0,0,0,0.00,0,F1,75,,,,,
2025-06-18,2025-06-18,FO,NSE,IDO,86137,,NIFTY,,2028-06-29,2028-06-29,17000.00,CE,NIFTY28JUN17000CE,0.00,0.00,0.00,7393.45,0.00,7393.45,24812.05,10765.10,0,0,0,0.00,0,F1,75,,,,,
2025-06-18,2025-06-18,FO,NSE,IDO,50853,,NIFTY,,2025-06-19,2025-06-19,22950.00,CE,NIFTY2561922950CE,0.00,0.00,0.00,1756.55,1756.55,1756.55,24812.05,1865.80,225,0,0,0.00,0,F1,75,,,,,
2025-06-18,2025-06-18,FO,NSE,IDO,50883,,NIFTY,,2025-06-19,2025-06-19,23300.00,CE,NIFTY2561923300CE,1532.00,1532.00,1490.00,1490.00,1490.00,1590.05,24812.05,1515.90,1875,-300,4,7443900.00,4,F1,75,,,,,
2025-06-18,2025-06-18,FO,NSE,IDO,50985,,NIFTY,,2025-06-19,2025-06-19,24450.00,CE,NIFTY2561924450CE,379.15,512.00,327.20,364.25,355.00,410.35,24812.05,364.25,33675,-12450,5371,9999905287.50,3481,F1,75,,,,,
2025-06-18,2025-06-18,FO,NSE,IDO,50995,,NIFTY,,2025-06-19,2025-06-19,24650.00,CE,NIFTY2561924650CE,200.00,326.20,157.80,184.90,175.00,235.55,24812.05,184.90,495450,-975,202501,377342894070.00,127956,F1,75,,,,,
2025-06-18,2025-06-18,FO,NSE,IDO,51027,,NIFTY,,2025-06-19,2025-06-19,25400.00,CE,NIFTY2561925400CE,3.45,5.55,1.80,2.00,1.90,4.00,24812.05,2.00,5696700,583425,1311383,2498473644783.75,229081,F1,75,,,,,
2025-06-18,2025-06-18,FO,NSE,IDO,51031,,NIFTY,,2025-06-19,2025-06-19,25500.00,CE,NIFTY2561925500CE,2.50,3.20,1.40,1.60,1.65,2.75,24812.05,1.60,13452375,3646200,1796370,3435827687100.00,258707,F1,75,,,,,
2025-06-18,2025-06-18,FO,NSE,IDO,51039,,NIFTY,,2025-06-19,2025-06-19,25650.00,CE,NIFTY2561925650CE,1.50,1.70,1.00,1.20,1.20,1.70,24812.05,1.20,1866975,162225,315540,607049716777.50,55746,F1,75,,,,,
2025-06-18,2025-06-18,FO,NSE,IDO,51093,,NIFTY,,2025-06-19,2025-06-19,26850.00,CE,NIFTY2561926850CE,0.75,0.95,0.45,0.75,0.75,0.75,24812.05,0.75,1921500,-164400,160015,322237244681.25,17248,F1,75,,,,,
2025-06-18,2025-06-18,FO,NSE,IDO,62067,,NIFTY,,2025-06-26,2025-06-26,20550.00,CE,NIFTY25JUN20550CE,0.00,0.00,0.00,3650.20,3644.70,3650.20,24812.05,4288.95,675,0,0,0.00,0,F1,75,,,,,
2025-06-18,2025-06-18,FO,NSE,IDO,62211,,NIFTY,,2025-06-26,2025-06-26,22800.00,CE,NIFTY25JUN22800CE,2151.55,2151.55,2000.00,2015.00,2015.00,2070.45,24812.05,2015.00,14775,1425,23,42831705.00,22,F1,75,,,,,
2025-06-18,2025-06-18,FO,NSE,IDO,62351,,NIFTY,,2025-06-26,2025-06-26,24050.00,CE,NIFTY25JUN24050CE,856.00,856.00,774.55,805.25,805.25,847.50,24812.05,822.25,10800,150,14,26085382.50,10,F1,75,,,,,
2025-06-18,2025-06-18,FO,NSE,IDO,62381,,NIFTY,,2025-06-26,2025-06-26,24650.00,CE,NIFTY25JUN24650CE,323.00,427.10,290.70,311.35,305.20,352.40,24812.05,311.35,143100,54675,5050,9460576383.75,3270,F1,75,,,,,
2025-06-18,2025-06-18,FO,NSE,IDO,62385,,NIFTY,,2025-06-26,2025-06-26,24750.00,CE,NIFTY25JUN24750CE,268.50,352.80,228.90,248.50,240.75,285.30,24812.05,248.50,230025,42600,22202,41645395567.50,13458,F1,75,,,,,
2025-06-18,2025-06-18,FO,NSE,IDO,62399,,NIFTY,,2025-06-26,2025-06-26,25050.00,CE,NIFTY25JUN25050CE,117.25,173.40,95.75,106.30,103.80,130.00,24812.05,106.30,347325,87075,32408,61187469375.00,20796,F1,75,,,,,
2025-06-18,2025-06-18,FO,NSE,IDO,62421,,NIFTY,,2025-06-26,2025-06-26,25500.00,CE,NIFTY25JUN25500CE,25.50,36.20,17.60,19.95,19.30,25.70,24812.05,19.95,5021025,143475,163713,313383401332.50,71475,F1,75,,,,,
2025-06-18,2025-06-18,FO,NSE,IDO,62443,,NIFTY,,2025-06-26,2025-06-26,25950.00,CE,NIFTY25JUN25950CE,4.65,5.95,3.55,4.25,4.10,5.05,24812.05,4.25,614400,109125,19342,37650614223.75,9254,F1,75,,,,,
2025-06-18,2025-06-18,FO,NSE,IDO,38150,,NIFTY,,2025-06-26,2025-06-26,29000.00,CE,NIFTY25JUN29000CE,1.10,1.15,0.85,1.05,1.15,1.10,24812.05,1.05,558425,72375,4709,10242421203.75,1154,F1,75,,,,,
2025-06-18,2025-06-18,FO,NSE,IDO,55985,,NIFTY,,2025-07-03,2025-07-03,22950.00,CE,NIFTY2570322950CE,0.00,0.00,0.00,2081.75,2081.75,2081.75,24812.05,1921.05,75,0,0,0.00,0,F1,75,,,,,
2025-06-18,2025-06-18,FO,NSE,IDO,56089,,NIFTY,,2025-07-03,2025-07-03,23250.00,CE,NIFTY2570323250CE,0.00,0.00,0.00,1784.40,1784.40,1784.40,24812.05,1627.00,150,0,0,0.00,0,F1,75,,,,,
2025-06-18,2025-06-18,FO,NSE,IDO,56436,,NIFTY,,2025-07-03,2025-07-03,24150.00,CE,NIFTY2570324150CE,0.00,0.00,0.00,776.40,776.40,776.40,24812.05,813.40,75,0,0,0.00,0,F1,75,,,,,
2025-06-18,2025-06-18,FO,NSE,IDO,56705,,NIFTY,,2025-07-03,2025-07-03,25050.00,CE,NIFTY2570325050CE,188.60,258.15,172.05,186.10,181.00,214.75,24812.05,186.10,67425,5925,877,1660661175.00,616,F1,75,,,,,
2025-06-18,2025-06-18,FO,NSE,IDO,72103,,NIFTY,,2025-08-28,2025-08-28,25850.00,PE,NIFTY25AUG25850PE,1022.65,1022.65,1022.65,1022.65,1022.65,948.90,24812.05,1174.65,300,-75,1,2015448.75,1,F1,75,,,,,
2025-06-18,2025-06-18,FO,NSE,IDO,71989,,NIFTY,,2025-08-28,2025-08-28,25100.00,PE,NIFTY25AUG25100PE,622.20,628.00,595.65,610.85,610.85,609.75,24812.05,737.40,3450,150,6,11569432.50,6,F1,75,,,,,
2025-06-18,2025-06-18,FO,NSE,IDO,71975,,NIFTY,,2025-08-28,2025-08-28,25000.00,PE,NIFTY25AUG25000PE,575.45,585.10,519.50,568.00,570.10,559.95,24812.05,568.00,325350,7275,1024,1962401685.00,729,F1,75,,,,,
2025-06-18,2025-06-18,FO,NSE,IDO,71925,,NIFTY,,2025-08-28,2025-08-28,23800.00,PE,NIFTY25AUG23800PE,208.20,214.40,190.35,206.35,208.00,205.65,24812.05,206.35,48075,5475,120,215999280.00,67,F1,75,,,,,
2025-06-18,2025-06-18,FO,NSE,IDO,71873,,NIFTY,,2025-08-28,2025-08-28,23550.00,PE,NIFTY25AUG23550PE,0.00,0.00,0.00,214.95,214.95,214.95,24812.05,197.00,75,0,0,0.00,0,F1,75,,,,,
2025-06-18,2025-06-18,FO,NSE,IDO,71836,,NIFTY,,2025-08-28,2025-08-28,22850.00,PE,NIFTY25AUG22850PE,90.00,90.00,84.10,85.75,85.75,81.00,24812.05,88.90,6075,675,28,48167013.75,5,F1,75,,,,,
2025-06-18,2025-06-18,FO,NSE,IDO,55870,,NIFTY,,2025-07-31,2025-07-31,26500.00,PE,NIFTY25JUL26500PE,1560.00,1601.20,1432.15,1573.70,1574.50,1525.75,24812.05,1573.70,206100,21675,795,1671338865.00,574,F1,75,,,,,
2025-06-18,2025-06-18,FO,NSE,IDO,55804,,NIFTY,,2025-07-31,2025-07-31,25100.00,PE,NIFTY25JUL25100PE,542.45,555.10,474.85,537.20,536.95,518.30,24812.05,537.20,161025,225,1657,3183308508.75,1110,F1,75,,,,,
2025-06-18,2025-06-18,FO,NSE,IDO,55778,,NIFTY,,2025-07-31,2025-07-31,24450.00,PE,NIFTY25JUL24450PE,285.75,286.95,249.70,273.55,278.25,275.75,24812.05,273.55,9900,675,87,161325577.50,58,F1,75,,,,,
2025-06-18,2025-06-18,FO,NSE,IDO,55728,,NIFTY,,2025-07-31,2025-07-31,23300.00,PE,NIFTY25JUL23300PE,76.75,84.00,69.10,76.95,77.50,78.35,24812.05,76.95,276750,18225,2026,3551881053.75,1421,F1,75,,,,,
2025-06-18,2025-06-18,FO,NSE,IDO,50989,,NIFTY,,2025-06-19,2025-06-19,24500.00,CE,NIFTY2561924500CE,345.90,465.00,281.20,317.20,307.50,363.90,24812.05,317.20,471525,-9600,132025,245910823676.25,67274,F1,75,,,,,
2025-06-18,2025-06-18,FO,NSE,IDO,51009,,NIFTY,,2025-06-19,2025-06-19,24950.00,CE,NIFTY2561924950CE,47.20,102.90,24.15,30.60,27.30,56.50,24812.05,30.60,5493450,1931925,2878206,5397111062381.25,1291424,F1,75,,,,,
2025-06-18,2025-06-18,FO,NSE,IDO,51019,,NIFTY,,2025-06-19,2025-06-19,25200.00,CE,NIFTY2561925200CE,10.85,21.40,4.65,5.90,5.45,12.15,24812.05,5.90,9462750,1591200,2211281,4180963385141.25,529228,F1,75,,,,,
2025-06-18,2025-06-18,FO,NSE,IDO,51057,,NIFTY,,2025-06-19,2025-06-19,26050.00,CE,NIFTY2561926050CE,0.85,1.05,0.65,0.85,0.85,1.00,24812.05,0.85,1278900,-426375,104095,203381727532.50,17892,F1,75,,,,,
2025-06-18,2025-06-18,FO,NSE,IDO,62081,,NIFTY,,2025-06-26,2025-06-26,20800.00,CE,NIFTY25JUN20800CE,0.00,0.00,0.00,4156.20,4156.20,4156.20,24812.05,4039.25,600,0,0,0.00,0,F1,75,,,,,
2025-06-18,2025-06-18,FO,NSE,IDO,62143,,NIFTY,,2025-06-26,2025-06-26,21500.00,CE,NIFTY25JUN21500CE,3460.00,3470.90,3297.10,3314.20,3323.50,3363.50,24812.05,3314.20,81075,-10650,177,331031587.50,148,F1,75,,,,,
2025-06-18,2025-06-18,FO,NSE,IDO,62165,,NIFTY,,2025-06-26,2025-06-26,21850.00,CE,NIFTY25JUN21850CE,0.00,0.00,0.00,3155.95,3155.95,3155.95,24812.05,2990.65,1875,0,0,0.00,0,F1,75,,,,,
2025-06-18,2025-06-18,FO,NSE,IDO,62193,,NIFTY,,2025-06-26,2025-06-26,22350.00,CE,NIFTY25JUN22350CE,0.00,0.00,0.00,2659.40,2659.55,2659.40,24812.05,2491.30,1950,0,0,0.00,0,F1,75,,,,,
2025-06-18,2025-06-18,FO,NSE,IDO,62195,,NIFTY,,2025-06-26,2025-06-26,22400.00,CE,NIFTY25JUN22400CE,0.00,0.00,0.00,2540.90,2540.90,2540.90,24812.05,2441.35,9750,0,0,0.00,0,F1,75,,,,,
2025-06-18,2025-06-18,FO,NSE,IDO,62257,,NIFTY,,2025-06-26,2025-06-26,22900.00,CE,NIFTY25JUN22900CE,1970.60,2055.00,1907.45,1912.90,1912.90,1975.05,24812.05,1942.10,8100,-5775,105,195702881.25,104,F1,75,,,,,
2025-06-18,2025-06-18,FO,NSE,IDO,62361,,NIFTY,,2025-06-26,2025-06-26,24250.00,CE,NIFTY25JUN24250CE,650.00,752.15,605.40,629.25,628.25,670.10,24812.05,629.25,22650,825,124,231635107.50,63,F1,75,,,,,
2025-06-18,2025-06-18,FO,NSE,IDO,62377,,NIFTY,,2025-06-26,2025-06-26,24550.00,CE,NIFTY25JUN24550CE,393.15,505.95,360.00,384.35,376.25,425.20,24812.05,384.35,49950,750,1346,2519113886.25,927,F1,75,,,,,
2025-06-18,2025-06-18,FO,NSE,IDO,62379,,NIFTY,,2025-06-26,2025-06-26,24600.00,CE,NIFTY25JUN24600CE,366.80,465.00,324.00,347.15,338.75,386.80,24812.05,347.15,593775,1425,13084,24503446136.25,9121,F1,75,,,,,
2025-06-18,2025-06-18,FO,NSE,IDO,62395,,NIFTY,,2025-06-26,2025-06-26,24900.00,CE,NIFTY25JUN24900CE,176.00,255.00,152.30,167.50,162.45,198.15,24812.05,167.50,2534775,309150,149875,282064235272.50,91827,F1,75,,,,,
2025-06-18,2025-06-18,FO,NSE,IDO,62397,,NIFTY,,2025-06-26,2025-06-26,24950.00,CE,NIFTY25JUN24950CE,173.15,226.00,130.20,145.00,139.75,174.25,24812.05,145.00,449850,151125,39564,74542267008.75,25294,F1,75,,,,,
2025-06-18,2025-06-18,FO,NSE,IDO,56120,,NIFTY,,2025-07-03,2025-07-03,23400.00,CE,NIFTY2570323400CE,1460.00,1460.00,1456.45,1460.00,1460.00,1540.00,24812.05,1460.00,600,525,8,14915733.75,3,F1,75,,,,,
2025-06-18,2025-06-18,FO,NSE,IDO,56189,,NIFTY,,2025-07-03,2025-07-03,23500.00,CE,NIFTY2570323500CE,1378.35,1378.35,1378.35,1378.35,1378.35,1540.00,24812.05,1387.10,1050,0,1,1865876.25,1,F1,75,,,,,
2025-06-18,2025-06-18,FO,NSE,IDO,56217,,NIFTY,,2025-07-03,2025-07-03,23600.00,CE,NIFTY2570323600CE,1270.00,1270.00,1270.00,1270.00,1270.00,1446.05,24812.05,1270.00,75,75,1,1865250.00,1,F1,75,,,,,
2025-06-18,2025-06-18,FO,NSE,IDO,56595,,NIFTY,,2025-07-03,2025-07-03,24750.00,CE,NIFTY2570324750CE,357.55,435.00,317.10,336.85,334.25,372.50,24812.05,336.85,19200,10575,700,1317521700.00,433,F1,75,,,,,
2025-06-18,2025-06-18,FO,NSE,IDO,56685,,NIFTY,,2025-07-03,2025-07-03,24950.00,CE,NIFTY2570324950CE,229.60,311.25,214.15,227.25,221.55,259.70,24812.05,227.25,33600,15075,1252,2366666550.00,784,F1,75,,,,,
2025-06-18,2025-06-18,FO,NSE,IDO,56729,,NIFTY,,2025-07-03,2025-07-03,25100.00,CE,NIFTY2570325100CE,168.90,232.95,153.60,164.25,161.30,189.95,24812.05,164.25,140250,26250,3490,6616908498.75,2384,F1,75,,,,,
2025-06-18,2025-06-18,FO,NSE,IDO,56984,,NIFTY,,2025-07-03,2025-07-03,25650.00,CE,NIFTY2570325650CE,37.15,55.10,32.00,34.65,33.80,41.70,24812.05,34.65,72000,-11325,686,1321617855.00,419,F1,75,,,,,
2025-06-18,2025-06-18,FO,NSE,IDO,57009,,NIFTY,,2025-07-03,2025-07-03,25750.00,CE,NIFTY2570325750CE,27.85,40.60,23.15,25.40,24.80,30.65,24812.05,25.40,18975,9375,734,1419131636.25,409,F1,75,,,,,
2025-06-18,2025-06-18,FO,NSE,IDO,57022,,NIFTY,,2025-07-03,2025-07-03,25800.00,CE,NIFTY2570325800CE,26.10,34.40,19.90,21.30,20.35,26.70,24812.05,21.30,176250,35925,7441,14411517802.50,3907,F1,75,,,,,
2025-06-18,2025-06-18,FO,NSE,IDO,57125,,NIFTY,,2025-07-03,2025-07-03,25850.00,CE,NIFTY2570325850CE,23.30,29.20,16.75,18.25,17.00,22.55,24812.05,18.25,8100,1050,231,448210863.75,121,F1,75,,,,,
2025-06-18,2025-06-18,FO,NSE,IDO,58723,,NIFTY,,2025-07-03,2025-07-03,26700.00,CE,NIFTY2570326700CE,4.00,4.10,3.10,3.75,3.65,4.30,24812.05,3.75,58875,-15075,923,1848545572.50,159,F1,75,,,,,
2025-06-18,2025-06-18,FO,NSE,IDO,58726,,NIFTY,,2025-07-03,2025-07-03,26750.00,CE,NIFTY2570326750CE,4.00,4.35,3.20,3.70,3.50,4.05,24812.05,3.70,54300,1575,479,961125843.75,156,F1,75,,,,,
2025-06-18,2025-06-18,FO,NSE,IDO,39930,,NIFTY,,2025-07-10,2025-07-10,23900.00,CE,NIFTY2571023900CE,1035.00,1054.30,1028.25,1028.25,1028.25,1163.25,24812.05,1028.25,11550,11550,166,310502482.50,38,F1,75,,,,,
2025-06-18,2025-06-18,FO,NSE,IDO,39972,,NIFTY,,2025-07-10,2025-07-10,24550.00,CE,NIFTY2571024550CE,0.00,0.00,0.00,667.35,667.35,667.35,24812.05,609.40,150,0,0,0.00,0,F1,75,,,,,
2025-06-18,2025-06-18,FO,NSE,IDO,40020,,NIFTY,,2025-07-10,2025-07-10,25050.00,CE,NIFTY2571025050CE,289.60,326.10,246.60,247.65,247.65,289.60,24812.05,247.65,1875,600,31,58865152.50,29,F1,75,,,,,
2025-06-18,2025-06-18,FO,NSE,IDO,40076,,NIFTY,,2025-07-10,2025-07-10,25900.00,CE,NIFTY2571025900CE,0.00,0.00,0.00,181.35,0.00,181.35,24812.05,98.65,0,0,0,0.00,0,F1,75,,,,,
2025-06-18,2025-06-18,FO,NSE,IDO,40152,,NIFTY,,2025-07-10,2025-07-10,26900.00,CE,NIFTY2571026900CE,4.85,6.60,4.20,5.00,4.85,5.55,24812.05,5.00,14850,6900,220,443939625.00,74,F1,75,,,,,
2025-06-18,2025-06-18,FO,NSE,IDO,47229,,NIFTY,,2025-07-17,2025-07-17,24250.00,CE,NIFTY2571724250CE,0.00,0.00,0.00,998.90,0.00,998.90,24812.05,882.55,0,0,0,0.00,0,F1,75,,,,,
2025-06-18,2025-06-18,FO,NSE,IDO,47301,,NIFTY,,2025-07-17,2025-07-17,25500.00,CE,NIFTY2571725500CE,147.05,186.00,136.00,140.05,140.90,161.55,24812.05,140.05,10350,5325,153,294347385.00,81,F1,75,,,,,
2025-06-18,2025-06-18,FO,NSE,IDO,47315,,NIFTY,,2025-07-17,2025-07-17,25750.00,CE,NIFTY2571725750CE,0.00,0.00,0.00,251.55,0.00,251.55,24812.05,181.55,0,0,0,0.00,0,F1,75,,,,,
2025-06-18,2025-06-18,FO,NSE,IDO,55683,,NIFTY,,2025-07-31,2025-07-31,22550.00,CE,NIFTY25JUL22550CE,0.00,0.00,0.00,2591.20,2591.45,2591.20,24812.05,2446.65,750,0,0,0.00,0,F1,75,,,,,
2025-06-18,2025-06-18,FO,NSE,IDO,55687,,NIFTY,,2025-07-31,2025-07-31,22650.00,CE,NIFTY25JUL22650CE,0.00,0.00,0.00,2496.05,2496.30,2496.05,24812.05,2351.90,825,0,0,0.00,0,F1,75,,,,,
2025-06-18,2025-06-18,FO,NSE,IDO,55743,,NIFTY,,2025-07-31,2025-07-31,23650.00,CE,NIFTY25JUL23650CE,1386.20,1386.20,1386.20,1386.20,1386.20,1557.00,24812.05,1463.35,975,0,1,1877715.00,1,F1,75,,,,,
2025-06-18,2025-06-18,FO,NSE,IDO,55745,,NIFTY,,2025-07-31,2025-07-31,23700.00,CE,NIFTY25JUL23700CE,1410.00,1410.00,1359.60,1359.95,1359.95,1405.00,24812.05,1422.90,4275,300,7,13175216.25,3,F1,75,,,,,
2025-06-18,2025-06-18,FO,NSE,IDO,55749,,NIFTY,,2025-07-31,2025-07-31,23800.00,CE,NIFTY25JUL23800CE,1294.85,1372.15,1260.00,1265.00,1260.00,1314.70,24812.05,1265.00,6000,300,20,37674412.50,16,F1,75,,,,,
2025-06-18,2025-06-18,FO,NSE,IDO,55789,,NIFTY,,2025-07-31,2025-07-31,24750.00,CE,NIFTY25JUL24750CE,625.00,670.00,555.60,572.45,569.00,610.50,24812.05,572.45,17625,4125,173,328619580.00,133,F1,75,,,,,
2025-06-18,2025-06-18,FO,NSE,IDO,55833,,NIFTY,,2025-07-31,2025-07-31,25650.00,CE,NIFTY25JUL25650CE,188.20,223.00,169.00,174.75,173.40,197.35,24812.05,174.75,11100,75,182,352656570.00,120,F1,75,,,,,
2025-06-18,2025-06-18,FO,NSE,IDO,55863,,NIFTY,,2025-07-31,2025-07-31,26350.00,CE,NIFTY25JUL26350CE,56.15,66.65,47.85,48.75,48.90,57.80,24812.05,48.75,24675,13425,454,898982655.00,208,F1,75,,,,,
2025-06-18,2025-06-18,FO,NSE,IDO,71833,,NIFTY,,2025-08-28,2025-08-28,22800.00,CE,NIFTY25AUG22800CE,0.00,0.00,0.00,2527.70,0.00,2527.70,24812.05,2366.75,0,0,0,0.00,0,F1,75,,,,,
2025-06-18,2025-06-18,FO,NSE,IDO,71853,,NIFTY,,2025-08-28,2025-08-28,23300.00,CE,NIFTY25AUG23300CE,0.00,0.00,0.00,2200.00,2200.00,2200.00,24812.05,1939.85,75,0,0,0.00,0,F1,75,,,,,
2025-06-18,2025-06-18,FO,NSE,IDO,71922,,NIFTY,,2025-08-28,2025-08-28,23750.00,CE,NIFTY25AUG23750CE,0.00,0.00,0.00,1463.75,1463.75,1463.75,24812.05,1585.60,450,0,0,0.00,0,F1,75,,,,,
2025-06-18,2025-06-18,FO,NSE,IDO,71990,,NIFTY,,2025-08-28,2025-08-28,25150.00,CE,NIFTY25AUG25150CE,608.35,615.95,544.25,544.25,544.25,597.90,24812.05,724.15,2025,300,7,13513338.75,7,F1,75,,,,,
2025-06-18,2025-06-18,FO,NSE,IDO,72093,,NIFTY,,2025-08-28,2025-08-28,25600.00,PE,NIFTY25AUG25600PE,0.00,0.00,0.00,803.65,803.65,803.65,24812.05,1016.50,150,0,0,0.00,0,F1,75,,,,,
2025-06-18,2025-06-18,FO,NSE,IDO,72084,,NIFTY,,2025-08-28,2025-08-28,25450.00,CE,NIFTY25AUG25450CE,434.80,461.70,405.60,405.60,405.60,441.05,24812.05,592.10,450,150,4,7764832.50,4,F1,75,,,,,
2025-06-18,2025-06-18,FO,NSE,IDO,72100,,NIFTY,,2025-08-28,2025-08-28,25800.00,CE,NIFTY25AUG25800CE,288.55,337.70,273.80,277.90,273.80,306.10,24812.05,277.90,4725,825,35,68516478.75,28,F1,75,,,,,
2025-06-18,2025-06-18,FO,NSE,IDO,72118,,NIFTY,,2025-08-28,2025-08-28,26200.00,CE,NIFTY25AUG26200CE,191.40,211.20,168.00,172.30,168.90,189.15,24812.05,172.30,18825,-150,114,225536662.50,82,F1,75,,,,,
2025-06-18,2025-06-18,FO,NSE,IDO,72156,,NIFTY,,2025-08-28,2025-08-28,26450.00,CE,NIFTY25AUG26450CE,0.00,0.00,0.00,410.95,0.00,410.95,24812.05,277.95,0,0,0,0.00,0,F1,75,,,,,
2025-06-18,2025-06-18,FO,NSE,IDO,64678,,NIFTY,,2025-09-25,2025-09-25,17000.00,CE,NIFTY25SEP17000CE,0.00,0.00,0.00,7990.00,7990.00,7990.00,24812.05,8093.30,150,0,0,0.00,0,F1,75,,,,,
2025-06-18,2025-06-18,FO,NSE,IDO,64680,,NIFTY,,2025-09-25,2025-09-25,18000.00,CE,NIFTY25SEP18000CE,0.00,0.00,0.00,6930.00,6930.00,6930.00,24812.05,7109.85,150,0,0,0.00,0,F1,75,,,,,
2025-06-18,2025-06-18,FO,NSE,IDO,49177,,NIFTY,,2025-12-24,2025-12-24,16000.00,CE,NIFTY25DEC16000CE,0.00,0.00,0.00,9565.00,9565.00,9565.00,24812.05,9313.60,350,0,0,0.00,0,F1,75,,,,,
2025-06-18,2025-06-18,FO,NSE,IDO,51451,,NIFTY,,2025-12-24,2025-12-24,21000.00,CE,NIFTY25DEC21000CE,4500.45,4500.45,4450.00,4474.35,4460.00,4500.45,24812.05,4474.35,127375,3150,48,91672833.75,26,F1,75,,,,,
2025-06-18,2025-06-18,FO,NSE,IDO,58622,,NIFTY,,2025-12-24,2025-12-24,22000.00,CE,NIFTY25DEC22000CE,3615.00,3695.20,3560.20,3578.45,3560.20,3612.00,24812.05,3578.45,351100,8250,210,403230465.00,171,F1,75,,,,,
2025-06-18,2025-06-18,FO,NSE,IDO,71474,,NIFTY,,2026-06-25,2026-06-25,25000.00,CE,NIFTY26JUN25000CE,0.00,0.00,0.00,2222.00,2222.00,2222.00,24812.05,2402.85,300,0,0,0.00,0,F1,75,,,,,
2025-06-18,2025-06-18,FO,NSE,IDO,50973,,NIFTY,,2026-06-25,2026-06-25,27000.00,CE,NIFTY26JUN27000CE,0.00,0.00,0.00,1352.80,0.00,1352.80,24812.05,1457.50,0,0,0,0.00,0,F1,75,,,,,
2025-06-18,2025-06-18,FO,NSE,IDO,71505,,NIFTY,,2026-12-31,2026-12-31,26000.00,CE,NIFTY26DEC26000CE,2340.00,2340.00,2300.00,2300.00,2300.00,2325.00,24812.05,2666.50,5100,0,3,6372750.00,3,F1,75,,,,,
2025-06-18,2025-06-18,FO,NSE,IDO,71551,,NIFTY,,2027-06-24,2027-06-24,20000.00,CE,NIFTY27JUN20000CE,0.00,0.00,0.00,3367.05,0.00,3367.05,24812.05,7327.90,0,0,0,0.00,0,F1,75,,,,,
2025-06-18,2025-06-18,FO,NSE,IDO,86143,,NIFTY,,2028-06-29,2028-06-29,20000.00,CE,NIFTY28JUN20000CE,0.00,0.00,0.00,5724.65,0.00,5724.65,24812.05,8456.80,0,0,0,0.00,0,F1,75,,,,,
2025-06-18,2025-06-18,FO,NSE,IDO,86145,,NIFTY,,2028-06-29,2028-06-29,21000.00,CE,NIFTY28JUN21000CE,0.00,0.00,0.00,5226.55,0.00,5226.55,24812.05,7735.45,0,0,0,0.00,0,F1,75,,,,,
2025-06-18,2025-06-18,FO,NSE,IDO,86161,,NIFTY,,2028-06-29,2028-06-29,26000.00,CE,NIFTY28JUN26000CE,0.00,0.00,0.00,3200.90,0.00,3200.90,24812.05,4646.30,0,0,0,0.00,0,F1,75,,,,,
2025-06-18,2025-06-18,FO,NSE,IDO,67780,,NIFTY,,2028-12-28,2028-12-28,23000.00,CE,NIFTY28DEC23000CE,0.00,0.00,0.00,6377.60,0.00,6377.60,24812.05,6966.65,0,0,0,0.00,0,F1,75,,,,,
2025-06-18,2025-06-18,FO,NSE,IDO,89634,,NIFTY,,2029-06-28,2029-06-28,26000.00,CE,NIFTY29JUN26000CE,0.00,0.00,0.00,7052.20,0.00,7052.20,24812.05,5828.35,0,0,0,0.00,0,F1,75,,,,,
2025-06-18,2025-06-18,FO,NSE,IDO,61402,,NIFTY,,2029-12-27,2029-12-27,19000.00,CE,NIFTY29DEC19000CE,0.00,0.00,0.00,10714.60,0.00,10714.60,24812.05,10627.30,0,0,0,0.00,0,F1,75,,,,,
2025-06-18,2025-06-18,FO,NSE,IDO,50878,,NIFTY,,2025-06-19,2025-06-19,23200.00,PE,NIFTY2561923200PE,1.90,1.90,0.35,0.60,0.60,1.70,24812.05,0.60,971775,-1331475,167588,291611974485.00,27679,F1,75,,,,,
2025-06-18,2025-06-18,FO,NSE,IDO,50884,,NIFTY,,2025-06-19,2025-06-19,23300.00,PE,NIFTY2561923300PE,1.60,1.75,0.45,0.65,0.60,2.05,24812.05,0.65,919950,-994425,192529,336455910438.75,30356,F1,75,,,,,
2025-06-18,2025-06-18,FO,NSE,IDO,50960,,NIFTY,,2025-06-19,2025-06-19,24050.00,PE,NIFTY2561924050PE,8.05,8.05,2.10,2.80,3.10,8.05,24812.05,2.80,1061475,140925,769937,1388927172930.00,125143,F1,75,,,,,
2025-06-18,2025-06-18,FO,NSE,IDO,50986,,NIFTY,,2025-06-19,2025-06-19,24450.00,PE,NIFTY2561924450PE,23.00,24.70,7.65,12.70,13.15,23.90,24812.05,12.70,1850625,670125,815802,1496724920730.00,256709,F1,75,,,,,
2025-06-18,2025-06-18,FO,NSE,IDO,51066,,NIFTY,,2025-06-19,2025-06-19,26250.00,PE,NIFTY2561926250PE,0.00,0.00,0.00,1284.45,1284.45,1284.45,24812.05,1433.70,1650,0,0,0.00,0,F1,75,,,,,
2025-06-18,2025-06-18,FO,NSE,IDO,62188,,NIFTY,,2025-06-26,2025-06-26,22200.00,PE,NIFTY25JUN22200PE,4.05,4.05,2.35,3.00,3.00,4.20,24812.05,3.00,111825,5625,2847,4740858431.25,1741,F1,75,,,,,
2025-06-18,2025-06-18,FO,NSE,IDO,62196,,NIFTY,,2025-06-26,2025-06-26,22400.00,PE,NIFTY25JUN22400PE,3.90,4.20,2.60,3.50,3.50,4.90,24812.05,3.50,144450,34050,3801,6386581301.25,2039,F1,75,,,,,
