TradDt,BizDt,Sgmt,Src,FinInstrmTp,FinInstrmId,ISIN,TckrSymb,SctySrs,XpryDt,FininstrmActlXpryDt,StrkPric,OptnTp,FinInstrmNm,OpnPric,HghPric,LwPric,ClsPric,LastPric,PrvsClsgPric,UndrlygPric,SttlmPric,OpnIntrst,ChngInOpnIntrst,TtlTradgVol,TtlTrfVal,TtlNbOfTxsExctd,SsnId,NewBrdLotQty,Rmks,Rsvd1,Rsvd2,Rsvd3,Rsvd4
2025-07-21,2025-07-21,FO,NSE,IDO,39713,,NIFTY,,2025-08-07,2025-08-07,23850.00,CE,NIFTY2580723850CE,0.00,0.00,0.00,1749.60,0.00,1749.60,25090.70,1331.90,0,0,0,0.00,0,F1,75,,,,,
2025-07-21,2025-07-21,FO,NSE,IDO,39667,,NIFTY,,2025-08-07,2025-08-07,23400.00,CE,NIFTY2580723400CE,0.00,0.00,0.00,2165.65,0.00,2165.65,25090.70,1762.20,0,0,0,0.00,0,F1,75,,,,,
2025-07-21,2025-07-21,FO,NSE,IDO,55879,,NIFTY,,2025-07-31,2025-07-31,26700.00,CE,NIFTY25JUL26700CE,2.00,2.60,1.65,1.80,1.65,2.00,25090.70,1.80,554400,-30000,3567,7143430597.50,1536,F1,75,,,,,
2025-07-21,2025-07-21,FO,NSE,IDO,55815,,NIFTY,,2025-07-31,2025-07-31,25350.00,CE,NIFTY25JUL25350CE,71.75,86.90,42.55,76.00,77.85,73.55,25090.70,76.00,380550,74100,45569,86877384112.50,28019,F1,75,,,,,
2025-07-21,2025-07-21,FO,NSE,IDO,55803,,NIFTY,,2025-07-31,2025-07-31,25100.00,CE,NIFTY25JUL25100CE,163.15,190.30,100.55,178.35,180.30,159.95,25090.70,178.35,1428225,198300,97439,184587651408.75,60175,F1,75,,,,,
2025-07-21,2025-07-21,FO,NSE,IDO,55777,,NIFTY,,2025-07-31,2025-07-31,24450.00,CE,NIFTY25JUL24450CE,598.90,705.65,516.35,704.55,701.00,629.10,25090.70,704.55,15075,-2025,183,344032282.50,71,F1,75,,,,,
2025-07-21,2025-07-21,FO,NSE,IDO,55765,,NIFTY,,2025-07-31,2025-07-31,24200.00,CE,NIFTY25JUL24200CE,820.00,938.90,748.15,935.55,938.90,857.70,25090.70,935.55,40950,1650,121,227253663.75,66,F1,75,,,,,
2025-07-21,2025-07-21,FO,NSE,IDO,55755,,NIFTY,,2025-07-31,2025-07-31,23950.00,CE,NIFTY25JUL23950CE,0.00,0.00,0.00,1322.55,1322.55,1322.55,25090.70,1190.15,11025,0,0,0.00,0,F1,75,,,,,
2025-07-21,2025-07-21,FO,NSE,IDO,55751,,NIFTY,,2025-07-31,2025-07-31,23850.00,CE,NIFTY25JUL23850CE,0.00,0.00,0.00,1424.60,1425.50,1424.60,25090.70,1286.65,1500,0,0,0.00,0,F1,75,,,,,
2025-07-21,2025-07-21,FO,NSE,IDO,55731,,NIFTY,,2025-07-31,2025-07-31,23400.00,CE,NIFTY25JUL23400CE,1556.20,1685.00,1542.00,1683.45,1683.45,1628.00,25090.70,1729.90,12150,-450,11,20645336.25,10,F1,75,,,,,
2025-07-21,2025-07-21,FO,NSE,IDO,55705,,NIFTY,,2025-07-31,2025-07-31,23050.00,CE,NIFTY25JUL23050CE,0.00,0.00,0.00,2430.15,2430.15,2430.15,25090.70,2078.60,1425,0,0,0.00,0,F1,75,,,,,
2025-07-21,2025-07-21,FO,NSE,IDO,55671,,NIFTY,,2025-07-31,2025-07-31,22250.00,CE,NIFTY25JUL22250CE,0.00,0.00,0.00,2750.00,2750.00,2750.00,25090.70,2877.15,20775,0,0,0.00,0,F1,75,,,,,
2025-07-21,2025-07-21,FO,NSE,IDO,49673,,NIFTY,,2025-07-24,2025-07-24,27300.00,CE,NIFTY2572427300CE,0.85,1.15,0.55,0.60,0.55,0.80,25090.70,0.60,388125,-32625,18791,38475503385.00,2671,F1,75,,,,,
2025-07-21,2025-07-21,FO,NSE,IDO,49633,,NIFTY,,2025-07-24,2025-07-24,26700.00,CE,NIFTY2572426700CE,0.95,6.00,0.70,0.75,0.70,1.15,25090.70,0.75,2050425,12375,44193,88499681625.00,6920,F1,75,,,,,
2025-07-21,2025-07-21,FO,NSE,IDO,49631,,NIFTY,,2025-07-24,2025-07-24,26650.00,CE,NIFTY2572426650CE,1.10,1.50,0.65,0.70,0.70,1.10,25090.70,0.70,911400,13650,27540,55047346256.25,6043,F1,75,,,,,
2025-07-21,2025-07-21,FO,NSE,IDO,49463,,NIFTY,,2025-07-24,2025-07-24,24500.00,CE,NIFTY2572424500CE,525.00,627.85,412.00,611.55,620.70,533.15,25090.70,611.55,154875,2400,16234,30466262055.00,9007,F1,75,,,,,
2025-07-21,2025-07-21,FO,NSE,IDO,49431,,NIFTY,,2025-07-24,2025-07-24,24150.00,CE,NIFTY2572424150CE,837.85,947.05,837.85,946.00,946.45,859.30,25090.70,946.00,900,375,24,45127980.00,24,F1,75,,,,,
2025-07-21,2025-07-21,FO,NSE,IDO,49425,,NIFTY,,2025-07-24,2025-07-24,24050.00,CE,NIFTY2572424050CE,0.00,0.00,0.00,1140.00,1140.00,1140.00,25090.70,1052.75,225,0,0,0.00,0,F1,75,,,,,
2025-07-21,2025-07-21,FO,NSE,IDO,49369,,NIFTY,,2025-07-24,2025-07-24,23200.00,CE,NIFTY2572423200CE,0.00,0.00,0.00,1959.00,1959.00,1959.00,25090.70,1902.10,300,0,0,0.00,0,F1,75,,,,,
2025-07-21,2025-07-21,FO,NSE,IDO,49365,,NIFTY,,2025-07-24,2025-07-24,23100.00,CE,NIFTY2572423100CE,1960.00,1960.00,1960.00,1960.00,1960.00,1894.95,25090.70,2002.05,9375,-150,2,3759000.00,1,F1,75,,,,,
2025-07-21,2025-07-21,FO,NSE,IDO,38154,,NIFTY,,2026-06-25,2026-06-25,29000.00,CE,NIFTY26JUN29000CE,0.00,0.00,0.00,864.20,0.00,864.20,25090.70,747.30,0,0,0,0.00,0,F1,75,,,,,
2025-07-21,2025-07-21,FO,NSE,IDO,71556,,NIFTY,,2027-06-24,2027-06-24,22000.00,CE,NIFTY27JUN22000CE,0.00,0.00,0.00,2783.50,0.00,2783.50,25090.70,5876.80,0,0,0,0.00,0,F1,75,,,,,
2025-07-21,2025-07-21,FO,NSE,IDO,50549,,NIFTY,,2027-06-24,2027-06-24,28000.00,CE,NIFTY27JUN28000CE,0.00,0.00,0.00,2186.30,0.00,2186.30,25090.70,2362.20,0,0,0,0.00,0,F1,75,,,,,
2025-07-21,2025-07-21,FO,NSE,IDO,53624,,NIFTY,,2027-12-30,2027-12-30,24000.00,CE,NIFTY27DEC24000CE,0.00,0.00,0.00,3778.95,0.00,3778.95,25090.70,5169.85,0,0,0,0.00,0,F1,75,,,,,
2025-07-21,2025-07-21,FO,NSE,IDO,86149,,NIFTY,,2028-06-29,2028-06-29,23000.00,CE,NIFTY28JUN23000CE,0.00,0.00,0.00,4323.10,0.00,4323.10,25090.70,6432.55,0,0,0,0.00,0,F1,75,,,,,
2025-07-21,2025-07-21,FO,NSE,IDO,86153,,NIFTY,,2028-06-29,2028-06-29,25000.00,CE,NIFTY28JUN25000CE,0.00,0.00,0.00,3545.15,0.00,3545.15,25090.70,5190.70,0,0,0,0.00,0,F1,75,,,,,
2025-07-21,2025-07-21,FO,NSE,IDO,42155,,NIFTY,,2028-06-29,2028-06-29,31000.00,CE,NIFTY28JUN31000CE,0.00,0.00,0.00,1955.45,0.00,1955.45,25090.70,2461.35,0,0,0,0.00,0,F1,75,,,,,
2025-07-21,2025-07-21,FO,NSE,IDO,67796,,NIFTY,,2028-12-28,2028-12-28,31000.00,CE,NIFTY28DEC31000CE,0.00,0.00,0.00,2968.35,0.00,2968.35,25090.70,3014.05,0,0,0,0.00,0,F1,75,,,,,
2025-07-21,2025-07-21,FO,NSE,IDO,89630,,NIFTY,,2029-06-28,2029-06-28,24000.00,CE,NIFTY29JUN24000CE,0.00,0.00,0.00,8085.35,0.00,8085.35,25090.70,6953.65,0,0,0,0.00,0,F1,75,,,,,
2025-07-21,2025-07-21,FO,NSE,IDO,89638,,NIFTY,,2029-06-28,2029-06-28,28000.00,CE,NIFTY29JUN28000CE,0.00,0.00,0.00,6112.60,0.00,6112.60,25090.70,4817.50,0,0,0,0.00,0,F1,75,,,,,
2025-07-21,2025-07-21,FO,NSE,IDO,89640,,NIFTY,,2029-06-28,2029-06-28,29000.00,CE,NIFTY29JUN29000CE,0.00,0.00,0.00,5677.90,0.00,5677.90,25090.70,4367.15,0,0,0,0.00,0,F1,75,,,,,
2025-07-21,2025-07-21,FO,NSE,IDO,61914,,NIFTY,,2029-12-27,2029-12-27,29000.00,CE,NIFTY29DEC29000CE,0.00,0.00,0.00,5305.80,0.00,5305.80,25090.70,4928.75,0,0,0,0.00,0,F1,75,,,,,
2025-07-21,2025-07-21,FO,NSE,IDO,53606,,NIFTY,,2027-12-30,2027-12-30,19000.00,PE,NIFTY27DEC19000PE,0.00,0.00,0.00,299.95,299.95,299.95,25090.70,103.60,525,0,0,0.00,0,F1,75,,,,,
2025-07-21,2025-07-21,FO,NSE,IDO,60907,,NIFTY,,2030-06-25,2030-06-25,25000.00,PE,NIFTY30JUN25000PE,0.00,0.00,0.00,869.30,0.00,869.30,25090.70,882.35,0,0,0,0.00,0,F1,75,,,,,
2025-07-21,2025-07-21,FO,NSE,IDO,67789,,NIFTY,,2028-12-28,2028-12-28,27000.00,PE,NIFTY28DEC27000PE,0.00,0.00,0.00,1413.85,0.00,1413.85,25090.70,1521.65,0,0,0,0.00,0,F1,75,,,,,
2025-07-21,2025-07-21,FO,NSE,IDO,67783,,NIFTY,,2028-12-28,2028-12-28,24000.00,PE,NIFTY28DEC24000PE,0.00,0.00,0.00,950.00,950.00,950.00,25090.70,756.85,1575,0,0,0.00,0,F1,75,,,,,
2025-07-21,2025-07-21,FO,NSE,IDO,86146,,NIFTY,,2028-06-29,2028-06-29,21000.00,PE,NIFTY28JUN21000PE,0.00,0.00,0.00,907.20,0.00,907.20,25090.70,286.40,0,0,0,0.00,0,F1,75,,,,,
2025-07-21,2025-07-21,FO,NSE,IDO,42137,,NIFTY,,2026-12-31,2026-12-31,31000.00,PE,NIFTY26DEC31000PE,0.00,0.00,0.00,4949.65,0.00,4949.65,25090.70,4146.85,0,0,0,0.00,0,F1,75,,,,,
2025-07-21,2025-07-21,FO,NSE,IDO,37810,,NIFTY,,2026-12-31,2026-12-31,23000.00,PE,NIFTY26DEC23000PE,442.00,443.35,412.00,420.00,420.00,440.00,25090.70,420.00,22925,225,10,17570283.75,10,F1,75,,,,,
2025-07-21,2025-07-21,FO,NSE,IDO,58643,,NIFTY,,2026-12-31,2026-12-31,19000.00,PE,NIFTY26DEC19000PE,179.45,179.45,140.00,149.00,156.00,125.05,25090.70,149.00,1725,-75,7,10059701.25,7,F1,75,,,,,
2025-07-21,2025-07-21,FO,NSE,IDO,62927,,NIFTY,,2026-03-26,2026-03-26,25000.00,PE,NIFTY26MAR25000PE,600.00,615.00,555.00,561.90,556.00,591.70,25090.70,561.90,33075,5475,162,310834132.50,101,F1,75,,,,,
2025-07-21,2025-07-21,FO,NSE,IDO,62919,,NIFTY,,2026-03-26,2026-03-26,21000.00,PE,NIFTY26MAR21000PE,96.15,96.15,80.95,82.70,81.80,87.10,25090.70,82.70,4950,1200,19,30045033.75,15,F1,75,,,,,
2025-07-21,2025-07-21,FO,NSE,IDO,60600,,NIFTY,,2025-09-25,2025-09-25,26750.00,PE,NIFTY25SEP26750PE,0.00,0.00,0.00,1312.45,1312.45,1312.45,25090.70,1598.45,75,0,0,0.00,0,F1,75,,,,,
2025-07-21,2025-07-21,FO,NSE,IDO,60588,,NIFTY,,2025-09-25,2025-09-25,26450.00,PE,NIFTY25SEP26450PE,0.00,0.00,0.00,1080.10,1080.10,1080.10,25090.70,1371.95,150,0,0,0.00,0,F1,75,,,,,
2025-07-21,2025-07-21,FO,NSE,IDO,60456,,NIFTY,,2025-09-25,2025-09-25,24650.00,PE,NIFTY25SEP24650PE,273.75,281.15,242.00,242.00,242.00,268.95,25090.70,390.75,3750,-225,10,18692013.75,6,F1,75,,,,,
2025-07-21,2025-07-21,FO,NSE,IDO,60381,,NIFTY,,2025-09-25,2025-09-25,24100.00,PE,NIFTY25SEP24100PE,149.00,160.00,118.85,121.10,119.55,150.80,25090.70,121.10,323400,108900,2358,4288186863.75,784,F1,75,,,,,
2025-07-21,2025-07-21,FO,NSE,IDO,60338,,NIFTY,,2025-09-25,2025-09-25,23500.00,PE,NIFTY25SEP23500PE,80.85,85.00,63.00,65.35,63.00,80.85,25090.70,65.35,167100,-1050,2592,4582358801.25,1113,F1,75,,,,,
2025-07-21,2025-07-21,FO,NSE,IDO,64689,,NIFTY,,2025-09-25,2025-09-25,22000.00,PE,NIFTY25SEP22000PE,22.15,23.50,19.00,19.40,19.00,21.90,25090.70,19.40,1517550,3225,2334,3854759295.00,863,F1,75,,,,,
2025-07-21,2025-07-21,FO,NSE,IDO,64679,,NIFTY,,2025-09-25,2025-09-25,17000.00,PE,NIFTY25SEP17000PE,5.95,5.95,4.70,4.80,4.70,4.60,25090.70,4.80,43875,450,30,38261197.50,21,F1,75,,,,,
2025-07-21,2025-07-21,FO,NSE,IDO,72277,,NIFTY,,2025-08-28,2025-08-28,26500.00,PE,NIFTY25AUG26500PE,1400.00,1455.00,1268.40,1276.90,1268.40,1373.70,25090.70,1276.90,267975,375,201,419595142.50,142,F1,75,,,,,
2025-07-21,2025-07-21,FO,NSE,IDO,72037,,NIFTY,,2025-08-28,2025-08-28,25250.00,PE,NIFTY25AUG25250PE,426.55,457.05,339.05,341.90,341.80,412.65,25090.70,341.90,21750,75,152,292189860.00,104,F1,75,,,,,
2025-07-21,2025-07-21,FO,NSE,IDO,71973,,NIFTY,,2025-08-28,2025-08-28,24950.00,PE,NIFTY25AUG24950PE,283.00,307.65,219.55,227.40,219.55,279.60,25090.70,227.40,15225,-5400,217,410163393.75,120,F1,75,,,,,
2025-07-21,2025-07-21,FO,NSE,IDO,71971,,NIFTY,,2025-08-28,2025-08-28,24900.00,PE,NIFTY25AUG24900PE,268.00,294.50,201.90,209.30,201.90,260.90,25090.70,209.30,243600,53250,3811,7187716312.50,2568,F1,75,,,,,
2025-07-21,2025-07-21,FO,NSE,IDO,71927,,NIFTY,,2025-08-28,2025-08-28,23850.00,PE,NIFTY25AUG23850PE,0.00,0.00,0.00,74.05,74.05,74.05,25090.70,92.90,975,0,0,0.00,0,F1,75,,,,,
2025-07-21,2025-07-21,FO,NSE,IDO,71850,,NIFTY,,2025-08-28,2025-08-28,23200.00,PE,NIFTY25AUG23200PE,28.00,28.00,18.10,19.75,18.20,24.85,25090.70,19.75,97350,7425,752,1309689881.25,438,F1,75,,,,,
2025-07-21,2025-07-21,FO,NSE,IDO,71838,,NIFTY,,2025-08-28,2025-08-28,22900.00,PE,NIFTY25AUG22900PE,18.80,18.80,14.35,14.80,14.35,18.80,25090.70,14.80,30450,9525,278,477786521.25,88,F1,75,,,,,
2025-07-21,2025-07-21,FO,NSE,IDO,47339,,NIFTY,,2025-08-21,2025-08-21,25750.00,PE,NIFTY2582125750PE,0.00,0.00,0.00,795.50,0.00,795.50,25090.70,791.75,0,0,0,0.00,0,F1,75,,,,,
2025-07-21,2025-07-21,FO,NSE,IDO,47325,,NIFTY,,2025-08-21,2025-08-21,25650.00,PE,NIFTY2582125650PE,0.00,0.00,0.00,731.55,0.00,731.55,25090.70,725.95,0,0,0,0.00,0,F1,75,,,,,
2025-07-21,2025-07-21,FO,NSE,IDO,47100,,NIFTY,,2025-08-21,2025-08-21,24000.00,PE,NIFTY2582124000PE,0.00,0.00,0.00,103.15,0.00,103.15,25090.70,91.05,0,0,0,0.00,0,F1,75,,,,,
2025-07-21,2025-07-21,FO,NSE,IDO,47098,,NIFTY,,2025-08-21,2025-08-21,23950.00,PE,NIFTY2582123950PE,0.00,0.00,0.00,95.30,0.00,95.30,25090.70,83.55,0,0,0,0.00,0,F1,75,,,,,
2025-07-21,2025-07-21,FO,NSE,IDO,47048,,NIFTY,,2025-08-21,2025-08-21,23600.00,PE,NIFTY2582123600PE,33.00,33.00,30.60,30.60,30.60,31.45,25090.70,43.80,375,0,3,5317245.00,3,F1,75,,,,,
2025-07-21,2025-07-21,FO,NSE,IDO,44601,,NIFTY,,2025-08-14,2025-08-14,26450.00,PE,NIFTY2581426450PE,0.00,0.00,0.00,1127.35,0.00,1127.35,25090.70,1321.45,0,0,0,0.00,0,F1,75,,,,,
2025-07-21,2025-07-21,FO,NSE,IDO,44595,,NIFTY,,2025-08-14,2025-08-14,26350.00,PE,NIFTY2581426350PE,0.00,0.00,0.00,1051.75,0.00,1051.75,25090.70,1234.60,0,0,0,0.00,0,F1,75,,,,,
2025-07-21,2025-07-21,FO,NSE,IDO,44585,,NIFTY,,2025-08-14,2025-08-14,26150.00,PE,NIFTY2581426150PE,0.00,0.00,0.00,908.35,0.00,908.35,25090.70,1067.05,0,0,0,0.00,0,F1,75,,,,,
2025-07-21,2025-07-21,FO,NSE,IDO,44567,,NIFTY,,2025-08-14,2025-08-14,25850.00,PE,NIFTY2581425850PE,0.00,0.00,0.00,712.85,0.00,712.85,25090.70,833.80,0,0,0,0.00,0,F1,75,,,,,
2025-07-21,2025-07-21,FO,NSE,IDO,44559,,NIFTY,,2025-08-14,2025-08-14,25650.00,PE,NIFTY2581425650PE,0.00,0.00,0.00,596.70,0.00,596.70,25090.70,693.05,0,0,0,0.00,0,F1,75,,,,,
2025-07-21,2025-07-21,FO,NSE,IDO,44507,,NIFTY,,2025-08-14,2025-08-14,24850.00,PE,NIFTY2581424850PE,198.90,198.90,144.75,144.75,144.75,200.00,25090.70,144.75,1200,150,26,48782085.00,20,F1,75,,,,,
2025-07-21,2025-07-21,FO,NSE,IDO,44505,,NIFTY,,2025-08-14,2025-08-14,24800.00,PE,NIFTY2581424800PE,178.50,204.85,129.00,131.45,129.00,176.65,25090.70,131.45,22500,2400,224,419230788.75,154,F1,75,,,,,
2025-07-21,2025-07-21,FO,NSE,IDO,44499,,NIFTY,,2025-08-14,2025-08-14,24700.00,PE,NIFTY2581424700PE,148.45,166.20,102.65,105.85,102.85,146.75,25090.70,105.85,15450,2250,109,202943718.75,78,F1,75,,,,,
2025-07-21,2025-07-21,FO,NSE,IDO,44383,,NIFTY,,2025-08-14,2025-08-14,23400.00,PE,NIFTY2581423400PE,11.10,16.05,11.10,13.25,13.25,15.00,25090.70,16.50,3525,1875,36,63215973.75,16,F1,75,,,,,
2025-07-21,2025-07-21,FO,NSE,IDO,40100,,NIFTY,,2025-08-07,2025-08-07,27150.00,PE,NIFTY2580727150PE,0.00,0.00,0.00,1667.85,0.00,1667.85,25090.70,1989.05,0,0,0,0.00,0,F1,75,,,,,
2025-07-21,2025-07-21,FO,NSE,IDO,40093,,NIFTY,,2025-08-07,2025-08-07,27050.00,PE,NIFTY2580727050PE,0.00,0.00,0.00,1580.75,0.00,1580.75,25090.70,1891.05,0,0,0,0.00,0,F1,75,,,,,
2025-07-21,2025-07-21,FO,NSE,IDO,40052,,NIFTY,,2025-08-07,2025-08-07,26850.00,PE,NIFTY2580726850PE,0.00,0.00,0.00,1411.20,0.00,1411.20,25090.70,1696.70,0,0,0,0.00,0,F1,75,,,,,
2025-07-21,2025-07-21,FO,NSE,IDO,40044,,NIFTY,,2025-08-07,2025-08-07,26800.00,PE,NIFTY2580726800PE,0.00,0.00,0.00,1369.90,0.00,1369.90,25090.70,1648.50,0,0,0,0.00,0,F1,75,,,,,
2025-07-21,2025-07-21,FO,NSE,IDO,49421,,NIFTY,,2025-07-24,2025-07-24,24000.00,CE,NIFTY2572424000CE,1015.00,1123.05,904.10,1106.70,1118.30,1019.05,25090.70,1106.70,110550,-7650,959,1800339723.75,543,F1,75,,,,,
2025-07-21,2025-07-21,FO,NSE,IDO,49447,,NIFTY,,2025-07-24,2025-07-24,24250.00,CE,NIFTY2572424250CE,732.10,854.75,652.15,775.00,775.00,770.00,25090.70,853.90,2775,-750,88,165064286.25,44,F1,75,,,,,
2025-07-21,2025-07-21,FO,NSE,IDO,49461,,NIFTY,,2025-07-24,2025-07-24,24450.00,CE,NIFTY2572424450CE,542.05,677.75,466.25,668.05,668.20,583.05,25090.70,668.05,5325,-225,396,742663031.25,237,F1,75,,,,,
2025-07-21,2025-07-21,FO,NSE,IDO,49465,,NIFTY,,2025-07-24,2025-07-24,24550.00,CE,NIFTY2572424550CE,453.35,579.05,369.85,568.95,572.00,484.85,25090.70,568.95,14550,2925,1009,1894617735.00,759,F1,75,,,,,
2025-07-21,2025-07-21,FO,NSE,IDO,49485,,NIFTY,,2025-07-24,2025-07-24,24950.00,CE,NIFTY2572424950CE,160.00,210.95,86.00,195.25,202.25,162.40,25090.70,195.25,1075500,-368925,987784,1859479375646.25,631275,F1,75,,,,,
2025-07-21,2025-07-21,FO,NSE,IDO,49521,,NIFTY,,2025-07-24,2025-07-24,25250.00,CE,NIFTY2572425250CE,50.00,56.35,20.05,42.35,40.60,44.60,25090.70,42.35,3235275,325350,1161163,2202394605941.25,537387,F1,75,,,,,
2025-07-21,2025-07-21,FO,NSE,IDO,49549,,NIFTY,,2025-07-24,2025-07-24,25550.00,CE,NIFTY2572425550CE,11.00,12.70,5.40,7.50,6.40,10.95,25090.70,7.50,2135025,537750,663099,1271067217260.00,195093,F1,75,,,,,
2025-07-21,2025-07-21,FO,NSE,IDO,49573,,NIFTY,,2025-07-24,2025-07-24,25800.00,CE,NIFTY2572425800CE,3.55,3.95,1.80,2.25,1.80,3.95,25090.70,2.25,4432800,383700,740470,1432964314552.50,135050,F1,75,,,,,
2025-07-21,2025-07-21,FO,NSE,IDO,49575,,NIFTY,,2025-07-24,2025-07-24,25850.00,CE,NIFTY2572425850CE,3.40,3.40,1.60,1.95,1.60,3.30,25090.70,1.95,1311750,38850,309432,599968966698.75,53848,F1,75,,,,,
2025-07-21,2025-07-21,FO,NSE,IDO,55689,,NIFTY,,2025-07-31,2025-07-31,22700.00,CE,NIFTY25JUL22700CE,0.00,0.00,0.00,2531.20,2531.20,2531.20,25090.70,2427.90,3300,0,0,0.00,0,F1,75,,,,,
2025-07-21,2025-07-21,FO,NSE,IDO,55711,,NIFTY,,2025-07-31,2025-07-31,23100.00,CE,NIFTY25JUL23100CE,0.00,0.00,0.00,1945.00,1945.00,1945.00,25090.70,2028.70,7875,0,0,0.00,0,F1,75,,,,,
2025-07-21,2025-07-21,FO,NSE,IDO,55737,,NIFTY,,2025-07-31,2025-07-31,23550.00,CE,NIFTY25JUL23550CE,0.00,0.00,0.00,1738.45,1738.45,1738.45,25090.70,1581.10,1500,0,0,0.00,0,F1,75,,,,,
2025-07-21,2025-07-21,FO,NSE,IDO,55849,,NIFTY,,2025-07-31,2025-07-31,26000.00,CE,NIFTY25JUL26000CE,10.20,10.95,6.40,7.80,7.60,9.50,25090.70,7.80,5629500,360975,88195,172033429976.25,37049,F1,75,,,,,
2025-07-21,2025-07-21,FO,NSE,IDO,40026,,NIFTY,,2025-08-07,2025-08-07,26650.00,PE,NIFTY2580726650PE,0.00,0.00,0.00,1248.70,0.00,1248.70,25090.70,1505.35,0,0,0,0.00,0,F1,75,,,,,
2025-07-21,2025-07-21,FO,NSE,IDO,39936,,NIFTY,,2025-08-07,2025-08-07,25850.00,PE,NIFTY2580725850PE,0.00,0.00,0.00,500.25,500.25,500.25,25090.70,803.00,75,0,0,0.00,0,F1,75,,,,,
2025-07-21,2025-07-21,FO,NSE,IDO,39896,,NIFTY,,2025-08-07,2025-08-07,25500.00,PE,NIFTY2580725500PE,542.05,593.65,421.50,430.65,425.65,515.15,25090.70,430.65,36375,4125,507,988102515.00,317,F1,75,,,,,
2025-07-21,2025-07-21,FO,NSE,IDO,39671,,NIFTY,,2025-08-07,2025-08-07,23500.00,CE,NIFTY2580723500CE,1615.00,1615.00,1612.95,1612.95,1612.95,1575.10,25090.70,1664.95,225,150,2,3767096.25,2,F1,75,,,,,
2025-07-21,2025-07-21,FO,NSE,IDO,55915,,NIFTY,,2025-07-31,2025-07-31,27400.00,CE,NIFTY25JUL27400CE,1.45,1.50,1.15,1.25,1.15,1.35,25090.70,1.25,560100,89625,5328,10949574075.00,1076,F1,75,,,,,
2025-07-21,2025-07-21,FO,NSE,IDO,55913,,NIFTY,,2025-07-31,2025-07-31,27350.00,CE,NIFTY25JUL27350CE,1.45,1.50,1.25,1.35,1.35,1.35,25090.70,1.35,18975,525,219,449246253.75,93,F1,75,,,,,
2025-07-21,2025-07-21,FO,NSE,IDO,55881,,NIFTY,,2025-07-31,2025-07-31,26750.00,CE,NIFTY25JUL26750CE,1.45,2.50,1.45,1.85,1.80,1.95,25090.70,1.85,42450,2550,422,846698943.75,205,F1,75,,,,,
2025-07-21,2025-07-21,FO,NSE,IDO,55871,,NIFTY,,2025-07-31,2025-07-31,26550.00,CE,NIFTY25JUL26550CE,3.00,3.45,2.05,2.20,2.05,2.60,25090.70,2.20,103125,-26925,2040,4062511717.50,998,F1,75,,,,,
2025-07-21,2025-07-21,FO,NSE,IDO,55859,,NIFTY,,2025-07-31,2025-07-31,26250.00,CE,NIFTY25JUL26250CE,4.40,6.05,3.05,3.85,3.75,4.70,25090.70,3.85,157200,18225,6289,12383464203.75,3438,F1,75,,,,,
2025-07-21,2025-07-21,FO,NSE,IDO,55805,,NIFTY,,2025-07-31,2025-07-31,25150.00,CE,NIFTY25JUL25150CE,133.35,164.70,85.05,153.00,154.00,137.80,25090.70,153.00,348300,41625,28422,53900428608.75,18863,F1,75,,,,,
2025-07-21,2025-07-21,FO,NSE,IDO,55791,,NIFTY,,2025-07-31,2025-07-31,24800.00,CE,NIFTY25JUL24800CE,335.00,396.00,247.10,385.15,390.05,337.00,25090.70,385.15,548925,-90675,14929,28143569280.00,9729,F1,75,,,,,
2025-07-21,2025-07-21,FO,NSE,IDO,55753,,NIFTY,,2025-07-31,2025-07-31,23900.00,CE,NIFTY25JUL23900CE,1110.95,1237.80,1040.00,1233.85,1237.65,1144.00,25090.70,1233.85,44700,11700,211,395276917.50,91,F1,75,,,,,
2025-07-21,2025-07-21,FO,NSE,IDO,49675,,NIFTY,,2025-07-24,2025-07-24,27350.00,CE,NIFTY2572427350CE,0.80,0.95,0.55,0.60,0.55,0.80,25090.70,0.60,316575,27600,14827,30414642551.25,2020,F1,75,,,,,
2025-07-21,2025-07-21,FO,NSE,IDO,49657,,NIFTY,,2025-07-24,2025-07-24,27100.00,CE,NIFTY2572427100CE,0.85,1.25,0.60,0.65,0.60,0.90,25090.70,0.65,95850,-17925,10282,20898751788.75,1878,F1,75,,,,,
2025-07-21,2025-07-21,FO,NSE,IDO,49617,,NIFTY,,2025-07-24,2025-07-24,26400.00,CE,NIFTY2572426400CE,1.40,1.80,0.70,0.80,0.75,1.30,25090.70,0.80,2418525,-127575,139797,276808713806.25,24026,F1,75,,,,,
2025-07-21,2025-07-21,FO,NSE,IDO,49559,,NIFTY,,2025-07-24,2025-07-24,25650.00,CE,NIFTY2572425650CE,7.10,7.65,3.65,4.40,4.00,7.10,25090.70,4.40,1813500,448200,422049,812074538895.00,111437,F1,75,,,,,
2025-07-21,2025-07-21,FO,NSE,IDO,49526,,NIFTY,,2025-07-24,2025-07-24,25350.00,CE,NIFTY2572425350CE,30.00,34.15,12.60,23.80,22.25,27.85,25090.70,23.80,2425350,396075,804593,1531123315522.50,315114,F1,75,,,,,
2025-07-21,2025-07-21,FO,NSE,IDO,49483,,NIFTY,,2025-07-24,2025-07-24,24900.00,CE,NIFTY2572424900CE,196.40,251.75,109.00,236.25,244.00,194.50,25090.70,236.25,1075275,-122175,1003673,1887997704168.75,625433,F1,75,,,,,
2025-07-21,2025-07-21,FO,NSE,IDO,49459,,NIFTY,,2025-07-24,2025-07-24,24400.00,CE,NIFTY2572424400CE,582.95,723.60,510.20,711.70,718.40,627.90,25090.70,711.70,23700,1800,1053,1976689057.50,722,F1,75,,,,,
2025-07-21,2025-07-21,FO,NSE,IDO,49435,,NIFTY,,2025-07-24,2025-07-24,24200.00,CE,NIFTY2572424200CE,780.05,922.10,720.85,904.80,922.10,822.25,25090.70,904.80,19200,-1050,194,364317795.00,108,F1,75,,,,,
2025-07-21,2025-07-21,FO,NSE,IDO,49413,,NIFTY,,2025-07-24,2025-07-24,23800.00,CE,NIFTY2572423800CE,1280.50,1315.90,1280.50,1315.85,1315.80,1216.20,25090.70,1315.85,2775,0,6,11299477.50,4,F1,75,,,,,
2025-07-21,2025-07-21,FO,NSE,IDO,49389,,NIFTY,,2025-07-24,2025-07-24,23400.00,CE,NIFTY2572423400CE,0.00,0.00,0.00,1805.00,1805.00,1805.00,25090.70,1702.20,675,0,0,0.00,0,F1,75,,,,,
2025-07-21,2025-07-21,FO,NSE,IDO,49385,,NIFTY,,2025-07-24,2025-07-24,23350.00,CE,NIFTY2572423350CE,0.00,0.00,0.00,1755.00,1755.00,1755.00,25090.70,1752.20,0,0,0,0.00,0,F1,75,,,,,
2025-07-21,2025-07-21,FO,NSE,IDO,49377,,NIFTY,,2025-07-24,2025-07-24,23250.00,CE,NIFTY2572423250CE,0.00,0.00,0.00,1697.80,1697.80,1697.80,25090.70,1852.15,75,0,0,0.00,0,F1,75,,,,,
2025-07-21,2025-07-21,FO,NSE,IDF,53216,,NIFTY,,2025-07-31,2025-07-31,,,NIFTY25JULFUT,24969.20,25139.70,24920.60,25127.60,25139.70,25032.30,25090.70,25127.60,13284525,-454275,56976,107065000620.00,36284,F1,75,,,,,
2025-07-21,2025-07-21,FO,NSE,IDO,60924,,NIFTY,,2030-06-25,2030-06-25,28000.00,PE,NIFTY30JUN28000PE,0.00,0.00,0.00,1532.20,0.00,1532.20,25090.70,1573.40,0,0,0,0.00,0,F1,75,,,,,
2025-07-21,2025-07-21,FO,NSE,IDO,61987,,NIFTY,,2029-12-27,2029-12-27,31000.00,PE,NIFTY29DEC31000PE,0.00,0.00,0.00,2262.75,0.00,2262.75,25090.70,2676.30,0,0,0,0.00,0,F1,75,,,,,
2025-07-21,2025-07-21,FO,NSE,IDO,61773,,NIFTY,,2029-12-27,2029-12-27,25000.00,PE,NIFTY29DEC25000PE,0.00,0.00,0.00,785.30,0.00,785.30,25090.70,915.75,0,0,0,0.00,0,F1,75,,,,,
2025-07-21,2025-07-21,FO,NSE,IDO,61749,,NIFTY,,2029-12-27,2029-12-27,24000.00,PE,NIFTY29DEC24000PE,0.00,0.00,0.00,625.50,0.00,625.50,25090.70,725.15,0,0,0,0.00,0,F1,75,,,,,
2025-07-21,2025-07-21,FO,NSE,IDO,61747,,NIFTY,,2029-12-27,2029-12-27,23000.00,PE,NIFTY29DEC23000PE,0.00,0.00,0.00,670.00,670.00,670.00,25090.70,563.00,1875,0,0,0.00,0,F1,75,,,,,
2025-07-21,2025-07-21,FO,NSE,IDO,89635,,NIFTY,,2029-06-28,2029-06-28,26000.00,PE,NIFTY29JUN26000PE,0.00,0.00,0.00,1391.75,1391.75,1391.75,25090.70,1183.20,25,0,0,0.00,0,F1,75,,,,,
2025-07-21,2025-07-21,FO,NSE,IDO,67793,,NIFTY,,2028-12-28,2028-12-28,29000.00,PE,NIFTY28DEC29000PE,0.00,0.00,0.00,2010.85,0.00,2010.85,25090.70,2219.20,0,0,0,0.00,0,F1,75,,,,,
2025-07-21,2025-07-21,FO,NSE,IDO,67777,,NIFTY,,2028-12-28,2028-12-28,21000.00,PE,NIFTY28DEC21000PE,0.00,0.00,0.00,618.05,618.05,618.05,25090.70,301.95,1250,0,0,0.00,0,F1,75,,,,,
2025-07-21,2025-07-21,FO,NSE,IDO,86160,,NIFTY,,2028-06-29,2028-06-29,25000.00,PE,NIFTY28JUN25000PE,0.00,0.00,0.00,2016.80,0.00,2016.80,25090.70,998.55,0,0,0,0.00,0,F1,75,,,,,
2025-07-21,2025-07-21,FO,NSE,IDO,86148,,NIFTY,,2028-06-29,2028-06-29,22000.00,PE,NIFTY28JUN22000PE,0.00,0.00,0.00,520.05,520.05,520.05,25090.70,410.60,100,0,0,0.00,0,F1,75,,,,,
2025-07-21,2025-07-21,FO,NSE,IDO,86144,,NIFTY,,2028-06-29,2028-06-29,20000.00,PE,NIFTY28JUN20000PE,0.00,0.00,0.00,400.00,400.00,400.00,25090.70,192.00,0,0,0,0.00,0,F1,75,,,,,
2025-07-21,2025-07-21,FO,NSE,IDO,53602,,NIFTY,,2027-12-30,2027-12-30,17000.00,PE,NIFTY27DEC17000PE,0.00,0.00,0.00,94.05,94.05,94.05,25090.70,32.00,14200,0,0,0.00,0,F1,75,,,,,
2025-07-21,2025-07-21,FO,NSE,IDO,50984,,NIFTY,,2027-06-24,2027-06-24,27000.00,PE,NIFTY27JUN27000PE,0.00,0.00,0.00,6273.45,0.00,6273.45,25090.70,1727.55,0,0,0,0.00,0,F1,75,,,,,
2025-07-21,2025-07-21,FO,NSE,IDO,58647,,NIFTY,,2026-12-31,2026-12-31,21000.00,PE,NIFTY26DEC21000PE,222.95,224.95,220.00,221.65,222.45,227.00,25090.70,221.65,9450,0,9,14325727.50,9,F1,75,,,,,
2025-07-21,2025-07-21,FO,NSE,IDO,58629,,NIFTY,,2026-12-31,2026-12-31,12000.00,PE,NIFTY26DEC12000PE,0.00,0.00,0.00,20.00,20.00,20.00,25090.70,0.05,1025,0,0,0.00,0,F1,75,,,,,
2025-07-21,2025-07-21,FO,NSE,IDO,38157,,NIFTY,,2026-06-25,2026-06-25,29000.00,PE,NIFTY26JUN29000PE,0.00,0.00,0.00,5546.10,0.00,5546.10,25090.70,3061.80,0,0,0,0.00,0,F1,75,,,,,
2025-07-21,2025-07-21,FO,NSE,IDO,50444,,NIFTY,,2026-06-25,2026-06-25,14000.00,PE,NIFTY26JUN14000PE,0.00,0.00,0.00,24.00,24.00,24.00,25090.70,0.05,1225,0,0,0.00,0,F1,75,,,,,
2025-07-21,2025-07-21,FO,NSE,IDO,60623,,NIFTY,,2025-09-25,2025-09-25,27350.00,CE,NIFTY25SEP27350CE,0.00,0.00,0.00,361.45,0.00,361.45,25090.70,130.65,0,0,0,0.00,0,F1,75,,,,,
2025-07-21,2025-07-21,FO,NSE,IDO,45873,,NIFTY,,2025-12-24,2025-12-24,17000.00,CE,NIFTY25DEC17000CE,0.00,0.00,0.00,7010.00,7010.00,7010.00,25090.70,8527.50,700,0,0,0.00,0,F1,75,,,,,
2025-07-21,2025-07-21,FO,NSE,IDO,35221,,NIFTY,,2025-12-24,2025-12-24,30000.00,CE,NIFTY25DEC30000CE,26.55,30.75,25.00,28.30,28.00,27.25,25090.70,28.30,397025,-15050,1455,3276916177.50,569,F1,75,,,,,
2025-07-21,2025-07-21,FO,NSE,IDO,42129,,NIFTY,,2025-12-24,2025-12-24,31000.00,CE,NIFTY25DEC31000CE,18.00,19.05,17.05,18.05,18.40,17.90,25090.70,18.05,229000,900,681,1584234881.25,251,F1,75,,,,,
2025-07-21,2025-07-21,FO,NSE,IDO,58624,,NIFTY,,2026-06-25,2026-06-25,12000.00,CE,NIFTY26JUN12000CE,0.00,0.00,0.00,8690.00,8690.00,8690.00,25090.70,13750.60,50,0,0,0.00,0,F1,75,,,,,
2025-07-21,2025-07-21,FO,NSE,IDO,39989,,NIFTY,,2026-06-25,2026-06-25,19000.00,CE,NIFTY26JUN19000CE,0.00,0.00,0.00,5792.00,5792.00,5792.00,25090.70,7156.40,100,0,0,0.00,0,F1,75,,,,,
2025-07-21,2025-07-21,FO,NSE,IDO,53613,,NIFTY,,2027-12-30,2027-12-30,21000.00,CE,NIFTY27DEC21000CE,0.00,0.00,0.00,4902.40,0.00,4902.40,25090.70,7257.15,0,0,0,0.00,0,F1,75,,,,,
2025-07-21,2025-07-21,FO,NSE,IDO,53631,,NIFTY,,2027-12-30,2027-12-30,27000.00,CE,NIFTY27DEC27000CE,0.00,0.00,0.00,2889.80,0.00,2889.80,25090.70,3485.40,0,0,0,0.00,0,F1,75,,,,,
2025-07-21,2025-07-21,FO,NSE,IDO,86151,,NIFTY,,2028-06-29,2028-06-29,24000.00,CE,NIFTY28JUN24000CE,0.00,0.00,0.00,3918.85,0.00,3918.85,25090.70,5792.35,0,0,0,0.00,0,F1,75,,,,,
2025-07-21,2025-07-21,FO,NSE,IDO,67778,,NIFTY,,2028-12-28,2028-12-28,22000.00,CE,NIFTY28DEC22000CE,0.00,0.00,0.00,6932.45,0.00,6932.45,25090.70,7672.65,0,0,0,0.00,0,F1,75,,,,,
2025-07-21,2025-07-21,FO,NSE,IDO,67786,,NIFTY,,2028-12-28,2028-12-28,26000.00,CE,NIFTY28DEC26000CE,0.00,0.00,0.00,4879.70,0.00,4879.70,25090.70,5236.70,0,0,0,0.00,0,F1,75,,,,,
2025-07-21,2025-07-21,FO,NSE,IDO,61746,,NIFTY,,2029-12-27,2029-12-27,23000.00,CE,NIFTY29DEC23000CE,0.00,0.00,0.00,8286.75,0.00,8286.75,25090.70,8101.15,0,0,0,0.00,0,F1,75,,,,,
2025-07-21,2025-07-21,FO,NSE,IDO,60910,,NIFTY,,2030-06-25,2030-06-25,27000.00,CE,NIFTY30JUN27000CE,0.00,0.00,0.00,6972.50,0.00,6972.50,25090.70,6411.15,0,0,0,0.00,0,F1,75,,,,,
2025-07-21,2025-07-21,FO,NSE,IDO,49426,,NIFTY,,2025-07-24,2025-07-24,24050.00,PE,NIFTY2572424050PE,4.00,4.30,1.65,2.10,1.75,4.75,25090.70,2.10,620175,283950,143991,259750431446.25,28983,F1,75,,,,,
2025-07-21,2025-07-21,FO,NSE,IDO,49458,,NIFTY,,2025-07-24,2025-07-24,24350.00,PE,NIFTY2572424350PE,11.35,11.35,3.10,3.80,3.40,9.90,25090.70,3.80,1013400,493350,281215,513671058551.25,75815,F1,75,,,,,
2025-07-21,2025-07-21,FO,NSE,IDO,49462,,NIFTY,,2025-07-24,2025-07-24,24450.00,PE,NIFTY2572424450PE,13.50,14.85,3.95,4.80,4.00,13.55,25090.70,4.80,1591425,914175,312726,573628639346.25,99617,F1,75,,,,,
2025-07-21,2025-07-21,FO,NSE,IDO,49470,,NIFTY,,2025-07-24,2025-07-24,24600.00,PE,NIFTY2572424600PE,21.00,25.00,6.45,8.00,6.70,22.95,25090.70,8.00,4023300,1347900,855860,1579861785558.75,265502,F1,75,,,,,
2025-07-21,2025-07-21,FO,NSE,IDO,49478,,NIFTY,,2025-07-24,2025-07-24,24750.00,PE,NIFTY2572424750PE,36.00,54.95,12.15,14.95,12.25,41.60,25090.70,14.95,2051925,540300,759565,1411453409632.50,330417,F1,75,,,,,
2025-07-21,2025-07-21,FO,NSE,IDO,49484,,NIFTY,,2025-07-24,2025-07-24,24900.00,PE,NIFTY2572424900PE,80.80,110.15,25.30,30.40,25.60,78.00,25090.70,30.40,7440675,2580675,2712521,5077515585221.25,1193479,F1,75,,,,,
2025-07-21,2025-07-21,FO,NSE,IDO,49560,,NIFTY,,2025-07-24,2025-07-24,25650.00,PE,NIFTY2572425650PE,678.45,753.65,538.25,549.55,539.40,638.05,25090.70,549.55,17475,-5400,385,757912353.75,262,F1,75,,,,,
2025-07-21,2025-07-21,FO,NSE,IDO,49584,,NIFTY,,2025-07-24,2025-07-24,25950.00,PE,NIFTY2572425950PE,954.05,1047.75,860.30,881.45,881.45,951.00,25090.70,848.25,1875,0,42,84741390.00,37,F1,75,,,,,
2025-07-21,2025-07-21,FO,NSE,IDO,49586,,NIFTY,,2025-07-24,2025-07-24,26000.00,PE,NIFTY2572426000PE,1029.95,1098.65,877.00,889.60,880.00,986.30,25090.70,889.60,178575,8175,885,1788133211.25,508,F1,75,,,,,
2025-07-21,2025-07-21,FO,NSE,IDO,49678,,NIFTY,,2025-07-24,2025-07-24,27400.00,PE,NIFTY2572427400PE,0.00,0.00,0.00,2253.85,2253.85,2253.85,25090.70,2295.85,6300,0,0,0.00,0,F1,75,,,,,
2025-07-21,2025-07-21,FO,NSE,IDO,55692,,NIFTY,,2025-07-31,2025-07-31,22750.00,PE,NIFTY25JUL22750PE,2.10,2.20,1.75,1.95,1.75,2.90,25090.70,1.95,13950,3900,161,274731075.00,69,F1,75,,,,,
2025-07-21,2025-07-21,FO,NSE,IDO,55702,,NIFTY,,2025-07-31,2025-07-31,22950.00,PE,NIFTY25JUL22950PE,2.70,3.50,2.00,2.20,2.00,3.35,25090.70,2.20,12300,-225,518,891712713.75,258,F1,75,,,,,
2025-07-21,2025-07-21,FO,NSE,IDO,55738,,NIFTY,,2025-07-31,2025-07-31,23550.00,PE,NIFTY25JUL23550PE,6.75,6.75,3.30,3.50,3.40,6.70,25090.70,3.50,108975,55800,3523,6223685632.50,1609,F1,75,,,,,
2025-07-21,2025-07-21,FO,NSE,IDO,55756,,NIFTY,,2025-07-31,2025-07-31,23950.00,PE,NIFTY25JUL23950PE,11.25,12.50,6.15,6.60,6.35,13.15,25090.70,6.60,68550,3975,4136,7432147593.75,2565,F1,75,,,,,
2025-07-21,2025-07-21,FO,NSE,IDO,55792,,NIFTY,,2025-07-31,2025-07-31,24800.00,PE,NIFTY25JUL24800PE,103.90,125.00,55.30,59.60,56.05,101.65,25090.70,59.60,2562300,268800,89157,166365615273.75,53817,F1,75,,,,,
2025-07-21,2025-07-21,FO,NSE,IDO,55832,,NIFTY,,2025-07-31,2025-07-31,25600.00,PE,NIFTY25JUL25600PE,622.05,695.50,488.20,500.35,493.20,595.30,25090.70,500.35,870900,-168600,5261,10313867801.25,4234,F1,75,,,,,
2025-07-21,2025-07-21,FO,NSE,IDO,55875,,NIFTY,,2025-07-31,2025-07-31,26600.00,PE,NIFTY25JUL26600PE,1636.00,1636.00,1475.00,1477.50,1480.00,1565.20,25090.70,1477.50,11175,-150,3,6329325.00,3,F1,75,,,,,
2025-07-21,2025-07-21,FO,NSE,IDO,55878,,NIFTY,,2025-07-31,2025-07-31,26650.00,PE,NIFTY25JUL26650PE,0.00,0.00,0.00,1380.75,1380.75,1380.75,25090.70,1519.55,975,0,0,0.00,0,F1,75,,,,,
2025-07-21,2025-07-21,FO,NSE,IDO,55898,,NIFTY,,2025-07-31,2025-07-31,27000.00,PE,NIFTY25JUL27000PE,1990.00,2065.00,1857.75,1867.35,1862.05,1957.40,25090.70,1867.35,571125,2775,227,492655301.25,145,F1,75,,,,,
2025-07-21,2025-07-21,FO,NSE,IDO,55916,,NIFTY,,2025-07-31,2025-07-31,27400.00,PE,NIFTY25JUL27400PE,2298.65,2300.00,2271.15,2271.15,2271.15,2352.00,25090.70,2271.15,9450,-225,5,11134110.00,5,F1,75,,,,,
2025-07-21,2025-07-21,FO,NSE,IDO,39710,,NIFTY,,2025-08-07,2025-08-07,23800.00,PE,NIFTY2580723800PE,18.70,19.65,11.30,12.05,11.80,18.70,25090.70,12.05,44175,9750,653,1166261895.00,317,F1,75,,,,,
2025-07-21,2025-07-21,FO,NSE,IDO,39714,,NIFTY,,2025-08-07,2025-08-07,23850.00,PE,NIFTY2580723850PE,20.95,20.95,12.95,12.95,12.95,20.95,25090.70,12.95,12450,6750,133,238055205.00,49,F1,75,,,,,
2025-07-21,2025-07-21,FO,NSE,IDO,39745,,NIFTY,,2025-08-07,2025-08-07,24000.00,PE,NIFTY2580724000PE,27.40,28.85,16.15,17.20,16.30,27.35,25090.70,17.20,143550,55500,3252,5858537703.75,1791,F1,75,,,,,
2025-07-21,2025-07-21,FO,NSE,IDO,39791,,NIFTY,,2025-08-07,2025-08-07,24300.00,PE,NIFTY2580724300PE,0.00,0.00,0.00,113.85,0.00,113.85,25090.70,75.40,0,0,0,0.00,0,F1,75,,,,,
2025-07-21,2025-07-21,FO,NSE,IDO,39805,,NIFTY,,2025-08-07,2025-08-07,24400.00,PE,NIFTY2580724400PE,63.15,69.15,35.60,38.90,36.20,61.35,25090.70,38.90,75075,43950,3293,6037514081.25,2667,F1,75,,,,,
2025-07-21,2025-07-21,FO,NSE,IDO,39859,,NIFTY,,2025-08-07,2025-08-07,24800.00,PE,NIFTY2580724800PE,149.65,168.90,90.80,97.65,93.50,142.90,25090.70,97.65,111375,36300,3476,6495449508.75,2344,F1,75,,,,,
2025-07-21,2025-07-21,FO,NSE,IDO,39863,,NIFTY,,2025-08-07,2025-08-07,24900.00,PE,NIFTY2580724900PE,180.25,207.95,117.65,122.75,117.85,175.30,25090.70,122.75,143850,84075,5056,9497757465.00,2948,F1,75,,,,,
2025-07-21,2025-07-21,FO,NSE,IDO,40012,,NIFTY,,2025-08-07,2025-08-07,26500.00,PE,NIFTY2580726500PE,1335.10,1335.10,1335.10,1335.10,1335.10,1417.75,25090.70,1335.10,150,75,1,2087632.50,1,F1,75,,,,,
2025-07-21,2025-07-21,FO,NSE,IDO,40032,,NIFTY,,2025-08-07,2025-08-07,26750.00,PE,NIFTY2580726750PE,0.00,0.00,0.00,1329.00,0.00,1329.00,25090.70,1600.55,0,0,0,0.00,0,F1,75,,,,,
2025-07-21,2025-07-21,FO,NSE,IDO,44377,,NIFTY,,2025-08-14,2025-08-14,23350.00,PE,NIFTY2581423350PE,25.10,25.10,12.65,12.70,12.70,17.00,25090.70,14.50,3375,2775,40,70089641.25,13,F1,75,,,,,
2025-07-21,2025-07-21,FO,NSE,IDO,44391,,NIFTY,,2025-08-14,2025-08-14,23500.00,PE,NIFTY2581423500PE,15.00,15.55,14.10,15.50,15.50,33.70,25090.70,15.50,4050,3975,54,95236507.50,21,F1,75,,,,,
2025-07-21,2025-07-21,FO,NSE,IDO,44445,,NIFTY,,2025-08-14,2025-08-14,24000.00,PE,NIFTY2581424000PE,37.90,44.85,27.90,30.20,29.40,41.70,25090.70,30.20,20700,4875,648,1168006275.00,417,F1,75,,,,,
2025-07-21,2025-07-21,FO,NSE,IDO,44537,,NIFTY,,2025-08-14,2025-08-14,25300.00,PE,NIFTY2581425300PE,426.25,433.85,320.00,323.10,320.00,410.00,25090.70,323.10,3975,-1275,36,69284700.00,28,F1,75,,,,,
2025-07-21,2025-07-21,FO,NSE,IDO,44555,,NIFTY,,2025-08-14,2025-08-14,25550.00,PE,NIFTY2581425550PE,0.00,0.00,0.00,543.05,0.00,543.05,25090.70,627.60,0,0,0,0.00,0,F1,75,,,,,
2025-07-21,2025-07-21,FO,NSE,IDO,44563,,NIFTY,,2025-08-14,2025-08-14,25750.00,PE,NIFTY2581425750PE,0.00,0.00,0.00,653.30,0.00,653.30,25090.70,761.85,0,0,0,0.00,0,F1,75,,,,,
2025-07-21,2025-07-21,FO,NSE,IDO,44591,,NIFTY,,2025-08-14,2025-08-14,26250.00,PE,NIFTY2581426250PE,0.00,0.00,0.00,978.80,0.00,978.80,25090.70,1149.75,0,0,0,0.00,0,F1,75,,,,,
2025-07-21,2025-07-21,FO,NSE,IDO,62933,,NIFTY,,2026-03-26,2026-03-26,28000.00,PE,NIFTY26MAR28000PE,0.00,0.00,0.00,3078.95,0.00,3078.95,25090.70,2462.60,0,0,0,0.00,0,F1,75,,,,,
2025-07-21,2025-07-21,FO,NSE,IDO,62931,,NIFTY,,2026-03-26,2026-03-26,27000.00,PE,NIFTY26MAR27000PE,0.00,0.00,0.00,2406.70,0.00,2406.70,25090.70,1820.45,0,0,0,0.00,0,F1,75,,,,,
2025-07-21,2025-07-21,FO,NSE,IDO,62923,,NIFTY,,2026-03-26,2026-03-26,23000.00,PE,NIFTY26MAR23000PE,206.05,206.05,195.05,196.70,195.05,210.00,25090.70,196.70,11325,450,29,50461511.25,16,F1,75,,,,,
2025-07-21,2025-07-21,FO,NSE,IDO,71403,,NIFTY,,2025-12-24,2025-12-24,26000.00,PE,NIFTY25DEC26000PE,934.30,972.20,850.00,856.65,851.00,920.80,25090.70,856.65,1191450,-6525,1392,2808486352.50,1022,F1,75,,,,,
2025-07-21,2025-07-21,FO,NSE,IDO,60612,,NIFTY,,2025-09-25,2025-09-25,27100.00,PE,NIFTY25SEP27100PE,0.00,0.00,0.00,1609.45,1609.45,1609.45,25090.70,1879.70,150,0,0,0.00,0,F1,75,,,,,
2025-07-21,2025-07-21,FO,NSE,IDO,60584,,NIFTY,,2025-09-25,2025-09-25,26350.00,PE,NIFTY25SEP26350PE,0.00,0.00,0.00,1006.45,1006.55,1006.45,25090.70,1299.95,225,0,0,0.00,0,F1,75,,,,,
2025-07-21,2025-07-21,FO,NSE,IDO,60575,,NIFTY,,2025-09-25,2025-09-25,26250.00,PE,NIFTY25SEP26250PE,0.00,0.00,0.00,965.45,965.45,965.45,25090.70,1229.80,2175,0,0,0.00,0,F1,75,,,,,
2025-07-21,2025-07-21,FO,NSE,IDO,60484,,NIFTY,,2025-09-25,2025-09-25,25100.00,PE,NIFTY25SEP25100PE,432.85,458.20,360.00,368.40,361.40,421.95,25090.70,368.40,22725,6900,259,495236613.75,156,F1,75,,,,,
2025-07-21,2025-07-21,FO,NSE,IDO,60374,,NIFTY,,2025-09-25,2025-09-25,24050.00,PE,NIFTY25SEP24050PE,145.80,145.80,145.80,145.80,145.80,150.55,25090.70,218.25,21300,150,3,5444055.00,3,F1,75,,,,,
2025-07-21,2025-07-21,FO,NSE,IDO,60356,,NIFTY,,2025-09-25,2025-09-25,23800.00,PE,NIFTY25SEP23800PE,109.25,115.95,85.80,87.50,86.45,109.25,25090.70,87.50,176925,12825,641,1148977927.50,441,F1,75,,,,,
2025-07-21,2025-07-21,FO,NSE,IDO,72342,,NIFTY,,2025-08-28,2025-08-28,27100.00,PE,NIFTY25AUG27100PE,0.00,0.00,0.00,1702.60,1702.60,1702.60,25090.70,1896.35,225,0,0,0.00,0,F1,75,,,,,
2025-07-21,2025-07-21,FO,NSE,IDO,72335,,NIFTY,,2025-08-28,2025-08-28,26950.00,PE,NIFTY25AUG26950PE,0.00,0.00,0.00,1558.75,1557.45,1558.75,25090.70,1761.50,300,0,0,0.00,0,F1,75,,,,,
2025-07-21,2025-07-21,FO,NSE,IDO,72155,,NIFTY,,2025-08-28,2025-08-28,26400.00,PE,NIFTY25AUG26400PE,1312.60,1312.60,1309.95,1309.95,1309.95,1068.20,25090.70,1294.50,2550,375,13,27019586.25,6,F1,75,,,,,
2025-07-21,2025-07-21,FO,NSE,IDO,71953,,NIFTY,,2025-08-28,2025-08-28,24450.00,PE,NIFTY25AUG24450PE,131.00,149.30,100.45,103.85,101.65,134.90,25090.70,103.85,20325,5775,236,434792932.50,114,F1,75,,,,,
2025-07-21,2025-07-21,FO,NSE,IDO,71939,,NIFTY,,2025-08-28,2025-08-28,24150.00,PE,NIFTY25AUG24150PE,86.50,94.85,62.20,64.45,62.20,86.50,25090.70,64.45,18750,3900,112,203470432.50,53,F1,75,,,,,
2025-07-21,2025-07-21,FO,NSE,IDO,47496,,NIFTY,,2025-08-21,2025-08-21,26700.00,PE,NIFTY2582126700PE,0.00,0.00,0.00,1525.30,0.00,1525.30,25090.70,1542.20,0,0,0,0.00,0,F1,75,,,,,
2025-07-21,2025-07-21,FO,NSE,IDO,47477,,NIFTY,,2025-08-21,2025-08-21,26550.00,PE,NIFTY2582126550PE,0.00,0.00,0.00,1397.70,0.00,1397.70,25090.70,1411.50,0,0,0,0.00,0,F1,75,,,,,
2025-07-21,2025-07-21,FO,NSE,IDO,47272,,NIFTY,,2025-08-21,2025-08-21,25250.00,PE,NIFTY2582125250PE,0.00,0.00,0.00,505.40,0.00,505.40,25090.70,493.60,0,0,0,0.00,0,F1,75,,,,,
2025-07-21,2025-07-21,FO,NSE,IDO,47215,,NIFTY,,2025-08-21,2025-08-21,24850.00,PE,NIFTY2582124850PE,0.00,0.00,0.00,223.35,223.35,223.35,25090.70,313.35,150,0,0,0.00,0,F1,75,,,,,
2025-07-21,2025-07-21,FO,NSE,IDO,47029,,NIFTY,,2025-08-21,2025-08-21,23550.00,PE,NIFTY2582123550PE,0.00,0.00,0.00,47.85,0.00,47.85,25090.70,39.70,0,0,0,0.00,0,F1,75,,,,,
2025-07-21,2025-07-21,FO,NSE,IDO,60518,,NIFTY,,2025-09-25,2025-09-25,25950.00,CE,NIFTY25SEP25950CE,211.15,256.35,205.30,229.30,229.30,241.05,25090.70,455.70,8850,-300,38,74610780.00,29,F1,75,,,,,
2025-07-21,2025-07-21,FO,NSE,IDO,44593,,NIFTY,,2025-08-14,2025-08-14,26300.00,PE,NIFTY2581426300PE,0.00,0.00,0.00,1015.00,0.00,1015.00,25090.70,1191.90,0,0,0,0.00,0,F1,75,,,,,
2025-07-21,2025-07-21,FO,NSE,IDO,60613,,NIFTY,,2025-09-25,2025-09-25,27150.00,CE,NIFTY25SEP27150CE,0.00,0.00,0.00,412.90,0.00,412.90,25090.70,159.30,0,0,0,0.00,0,F1,75,,,,,
2025-07-21,2025-07-21,FO,NSE,IDO,60585,,NIFTY,,2025-09-25,2025-09-25,26400.00,CE,NIFTY25SEP26400CE,122.65,135.45,103.95,127.25,127.20,126.30,25090.70,127.25,182400,4200,681,1354487306.25,314,F1,75,,,,,
2025-07-21,2025-07-21,FO,NSE,IDO,60574,,NIFTY,,2025-09-25,2025-09-25,26250.00,CE,NIFTY25SEP26250CE,148.35,165.90,132.00,153.00,153.00,159.40,25090.70,358.00,8325,2550,94,186039311.25,25,F1,75,,,,,
2025-07-21,2025-07-21,FO,NSE,IDO,64696,,NIFTY,,2025-09-25,2025-09-25,26000.00,CE,NIFTY25SEP26000CE,224.00,243.15,190.00,230.45,230.00,227.40,25090.70,230.45,973050,32100,5463,10742778251.25,3218,F1,75,,,,,
2025-07-21,2025-07-21,FO,NSE,IDO,60503,,NIFTY,,2025-09-25,2025-09-25,25600.00,CE,NIFTY25SEP25600CE,327.55,392.15,317.00,378.10,380.85,368.40,25090.70,378.10,29475,975,215,418457550.00,140,F1,75,,,,,
2025-07-21,2025-07-21,FO,NSE,IDO,47497,,NIFTY,,2025-08-21,2025-08-21,26750.00,CE,NIFTY2582126750CE,10.00,12.95,9.90,11.00,11.00,10.00,25090.70,11.00,1725,1575,62,124442580.00,22,F1,75,,,,,
2025-07-21,2025-07-21,FO,NSE,IDO,47418,,NIFTY,,2025-08-21,2025-08-21,26250.00,CE,NIFTY2582126250CE,0.00,0.00,0.00,169.00,0.00,169.00,25090.70,138.20,0,0,0,0.00,0,F1,75,,,,,
2025-07-21,2025-07-21,FO,NSE,IDO,47346,,NIFTY,,2025-08-21,2025-08-21,25900.00,CE,NIFTY2582125900CE,0.00,0.00,0.00,258.55,0.00,258.55,25090.70,220.25,0,0,0,0.00,0,F1,75,,,,,
2025-07-21,2025-07-21,FO,NSE,IDO,47304,,NIFTY,,2025-08-21,2025-08-21,25400.00,CE,NIFTY2582125400CE,0.00,0.00,0.00,443.65,0.00,443.65,25090.70,396.45,0,0,0,0.00,0,F1,75,,,,,
2025-07-21,2025-07-21,FO,NSE,IDO,47290,,NIFTY,,2025-08-21,2025-08-21,25350.00,CE,NIFTY2582125350CE,214.65,245.95,214.65,225.25,225.25,466.20,25090.70,418.35,300,300,8,15349762.50,8,F1,75,,,,,
2025-07-21,2025-07-21,FO,NSE,IDO,39918,,NIFTY,,2025-08-07,2025-08-07,25700.00,PE,NIFTY2580725700PE,760.00,760.00,604.00,615.00,615.00,681.80,25090.70,689.55,6225,300,23,45402337.50,13,F1,75,,,,,
2025-07-21,2025-07-21,FO,NSE,IDO,44397,,NIFTY,,2025-08-14,2025-08-14,23550.00,PE,NIFTY2581423550PE,0.00,0.00,0.00,32.70,0.00,32.70,25090.70,23.90,0,0,0,0.00,0,F1,75,,,,,
2025-07-21,2025-07-21,FO,NSE,IDO,71988,,NIFTY,,2025-08-28,2025-08-28,25100.00,CE,NIFTY25AUG25100CE,382.35,429.80,320.75,417.70,416.15,389.10,25090.70,417.70,357225,103725,5039,9635544412.50,3538,F1,75,,,,,
2025-07-21,2025-07-21,FO,NSE,IDO,47209,,NIFTY,,2025-08-21,2025-08-21,24800.00,CE,NIFTY2582124800CE,0.00,0.00,0.00,765.20,0.00,765.20,25090.70,713.15,0,0,0,0.00,0,F1,75,,,,,
2025-07-21,2025-07-21,FO,NSE,IDO,44403,,NIFTY,,2025-08-14,2025-08-14,23600.00,PE,NIFTY2581423600PE,19.00,19.00,17.60,17.65,17.65,46.00,25090.70,26.90,1800,1725,32,56683083.75,17,F1,75,,,,,
2025-07-21,2025-07-21,FO,NSE,IDO,44411,,NIFTY,,2025-08-14,2025-08-14,23800.00,PE,NIFTY2581423800PE,0.00,0.00,0.00,52.05,0.00,52.05,25090.70,42.30,0,0,0,0.00,0,F1,75,,,,,
2025-07-21,2025-07-21,FO,NSE,IDO,44491,,NIFTY,,2025-08-14,2025-08-14,24550.00,PE,NIFTY2581424550PE,121.55,121.55,83.55,83.55,83.55,121.55,25090.70,83.55,5025,1275,37,68402767.50,29,F1,75,,,,,
2025-07-21,2025-07-21,FO,NSE,IDO,44513,,NIFTY,,2025-08-14,2025-08-14,25000.00,PE,NIFTY2581425000PE,250.90,292.10,185.90,193.20,185.90,249.40,25090.70,193.20,61575,2625,604,1142719743.75,371,F1,75,,,,,
2025-07-21,2025-07-21,FO,NSE,IDO,44539,,NIFTY,,2025-08-14,2025-08-14,25350.00,PE,NIFTY2581425350PE,459.20,459.20,381.20,389.70,389.70,446.60,25090.70,507.15,1500,-300,4,7730621.25,4,F1,75,,,,,
2025-07-21,2025-07-21,FO,NSE,IDO,44587,,NIFTY,,2025-08-14,2025-08-14,26200.00,PE,NIFTY2581426200PE,0.00,0.00,0.00,943.25,0.00,943.25,25090.70,1108.10,0,0,0,0.00,0,F1,75,,,,,
2025-07-21,2025-07-21,FO,NSE,IDO,44608,,NIFTY,,2025-08-14,2025-08-14,26500.00,PE,NIFTY2581426500PE,0.00,0.00,0.00,1165.85,0.00,1165.85,25090.70,1365.60,0,0,0,0.00,0,F1,75,,,,,
2025-07-21,2025-07-21,FO,NSE,IDO,47145,,NIFTY,,2025-08-21,2025-08-21,24250.00,PE,NIFTY2582124250PE,0.00,0.00,0.00,150.55,0.00,150.55,25090.70,136.60,0,0,0,0.00,0,F1,75,,,,,
2025-07-21,2025-07-21,FO,NSE,IDO,47206,,NIFTY,,2025-08-21,2025-08-21,24700.00,PE,NIFTY2582124700PE,173.80,182.00,144.00,144.00,144.00,172.15,25090.70,259.10,2100,675,18,33549975.00,15,F1,75,,,,,
2025-07-21,2025-07-21,FO,NSE,IDO,47208,,NIFTY,,2025-08-21,2025-08-21,24750.00,PE,NIFTY2582124750PE,198.15,198.15,149.00,156.55,156.55,193.00,25090.70,276.40,150,0,11,20552497.50,7,F1,75,,,,,
2025-07-21,2025-07-21,FO,NSE,IDO,47222,,NIFTY,,2025-08-21,2025-08-21,24950.00,PE,NIFTY2582124950PE,262.20,262.20,262.20,262.20,262.20,276.10,25090.70,353.55,225,75,1,1890915.00,1,F1,75,,,,,
2025-07-21,2025-07-21,FO,NSE,IDO,47291,,NIFTY,,2025-08-21,2025-08-21,25350.00,PE,NIFTY2582125350PE,0.00,0.00,0.00,557.40,0.00,557.40,25090.70,546.85,0,0,0,0.00,0,F1,75,,,,,
2025-07-21,2025-07-21,FO,NSE,IDO,71923,,NIFTY,,2025-08-28,2025-08-28,23750.00,PE,NIFTY25AUG23750PE,0.00,0.00,0.00,31.75,31.75,31.75,25090.70,79.20,1275,0,0,0.00,0,F1,75,,,,,
2025-07-21,2025-07-21,FO,NSE,IDO,47166,,NIFTY,,2025-08-21,2025-08-21,24500.00,CE,NIFTY2582124500CE,0.00,0.00,0.00,966.45,0.00,966.45,25090.70,914.60,0,0,0,0.00,0,F1,75,,,,,
2025-07-21,2025-07-21,FO,NSE,IDO,47121,,NIFTY,,2025-08-21,2025-08-21,24050.00,CE,NIFTY2582124050CE,0.00,0.00,0.00,1312.85,0.00,1312.85,25090.70,1263.80,0,0,0,0.00,0,F1,75,,,,,
2025-07-21,2025-07-21,FO,NSE,IDO,47070,,NIFTY,,2025-08-21,2025-08-21,23750.00,CE,NIFTY2582123750CE,0.00,0.00,0.00,1567.80,0.00,1567.80,25090.70,1521.60,0,0,0,0.00,0,F1,75,,,,,
2025-07-21,2025-07-21,FO,NSE,IDO,60461,,NIFTY,,2025-09-25,2025-09-25,24750.00,CE,NIFTY25SEP24750CE,794.35,879.60,794.35,853.70,853.70,1016.75,25090.70,1038.50,3750,3600,88,169079092.50,52,F1,75,,,,,
2025-07-21,2025-07-21,FO,NSE,IDO,62916,,NIFTY,,2026-03-26,2026-03-26,20000.00,CE,NIFTY26MAR20000CE,0.00,0.00,0.00,5090.05,0.00,5090.05,25090.70,5927.90,0,0,0,0.00,0,F1,75,,,,,
2025-07-21,2025-07-21,FO,NSE,IDO,71947,,NIFTY,,2025-08-28,2025-08-28,24300.00,PE,NIFTY25AUG24300PE,110.50,118.20,76.95,81.35,76.95,107.50,25090.70,81.35,521550,233175,8483,15517316385.00,6118,F1,75,,,,,
2025-07-21,2025-07-21,FO,NSE,IDO,71957,,NIFTY,,2025-08-28,2025-08-28,24550.00,PE,NIFTY25AUG24550PE,153.75,172.40,116.75,121.90,116.75,156.85,25090.70,121.90,19575,375,157,290724873.75,102,F1,75,,,,,
2025-07-21,2025-07-21,FO,NSE,IDO,72085,,NIFTY,,2025-08-28,2025-08-28,25450.00,PE,NIFTY25AUG25450PE,550.70,575.00,445.35,446.85,445.35,521.65,25090.70,446.85,9450,-7425,149,289838707.50,108,F1,75,,,,,
2025-07-21,2025-07-21,FO,NSE,IDO,72099,,NIFTY,,2025-08-28,2025-08-28,25750.00,PE,NIFTY25AUG25750PE,754.80,754.80,638.10,644.25,641.20,725.00,25090.70,644.25,7875,-75,11,21783525.00,11,F1,75,,,,,
2025-07-21,2025-07-21,FO,NSE,IDO,72337,,NIFTY,,2025-08-28,2025-08-28,27000.00,PE,NIFTY25AUG27000PE,1914.75,1930.00,1754.40,1766.55,1756.30,1841.55,25090.70,1766.55,69525,6000,132,285308895.00,110,F1,75,,,,,
2025-07-21,2025-07-21,FO,NSE,IDO,64687,,NIFTY,,2025-09-25,2025-09-25,21000.00,PE,NIFTY25SEP21000PE,15.20,15.85,13.25,13.70,13.25,14.80,25090.70,13.70,728400,-3900,475,748633631.25,183,F1,75,,,,,
2025-07-21,2025-07-21,FO,NSE,IDO,60348,,NIFTY,,2025-09-25,2025-09-25,23700.00,PE,NIFTY25SEP23700PE,99.55,104.00,77.70,78.30,77.70,97.50,25090.70,78.30,52875,8700,176,313992266.25,76,F1,75,,,,,
2025-07-21,2025-07-21,FO,NSE,IDO,60442,,NIFTY,,2025-09-25,2025-09-25,24450.00,PE,NIFTY25SEP24450PE,216.95,227.75,196.30,204.85,204.85,218.70,25090.70,325.10,4500,0,12,22199085.00,8,F1,75,,,,,
2025-07-21,2025-07-21,FO,NSE,IDO,60469,,NIFTY,,2025-09-25,2025-09-25,24900.00,CE,NIFTY25SEP24900CE,716.00,773.90,660.00,766.85,767.05,735.00,25090.70,766.85,8775,6825,165,317378328.75,86,F1,75,,,,,
2025-07-21,2025-07-21,FO,NSE,IDO,64694,,NIFTY,,2025-09-25,2025-09-25,25000.00,CE,NIFTY25SEP25000CE,653.55,719.55,604.50,708.25,710.00,679.20,25090.70,708.25,893175,19650,2071,3987646170.00,1355,F1,75,,,,,
2025-07-21,2025-07-21,FO,NSE,IDO,60487,,NIFTY,,2025-09-25,2025-09-25,25200.00,CE,NIFTY25SEP25200CE,570.00,594.65,493.85,582.80,582.70,559.85,25090.70,582.80,29250,8325,263,508028137.50,172,F1,75,,,,,
2025-07-21,2025-07-21,FO,NSE,IDO,60468,,NIFTY,,2025-09-25,2025-09-25,24850.00,PE,NIFTY25SEP24850PE,336.65,355.15,288.75,288.75,288.75,338.60,25090.70,288.75,1275,150,12,22668585.00,6,F1,75,,,,,
2025-07-21,2025-07-21,FO,NSE,IDO,60475,,NIFTY,,2025-09-25,2025-09-25,24950.00,PE,NIFTY25SEP24950PE,373.95,394.25,326.80,326.80,326.80,367.00,25090.70,505.30,9675,375,20,37975383.75,12,F1,75,,,,,
2025-07-21,2025-07-21,FO,NSE,IDO,60586,,NIFTY,,2025-09-25,2025-09-25,26400.00,PE,NIFTY25SEP26400PE,0.00,0.00,0.00,1043.85,1044.15,1043.85,25090.70,1335.75,375,0,0,0.00,0,F1,75,,,,,
2025-07-21,2025-07-21,FO,NSE,IDO,60604,,NIFTY,,2025-09-25,2025-09-25,26850.00,PE,NIFTY25SEP26850PE,0.00,0.00,0.00,1394.90,1394.90,1394.90,25090.70,1677.05,150,0,0,0.00,0,F1,75,,,,,
2025-07-21,2025-07-21,FO,NSE,IDO,49174,,NIFTY,,2025-12-24,2025-12-24,15000.00,PE,NIFTY25DEC15000PE,0.00,0.00,0.00,8.75,8.75,8.75,25090.70,0.00,5900,0,0,0.00,0,F1,75,,,,,
2025-07-21,2025-07-21,FO,NSE,IDO,38377,,NIFTY,,2025-12-24,2025-12-24,20000.00,PE,NIFTY25DEC20000PE,31.75,32.80,30.05,30.70,30.05,31.45,25090.70,30.70,744675,13725,504,757169685.00,215,F1,75,,,,,
2025-07-21,2025-07-21,FO,NSE,IDO,37796,,NIFTY,,2025-12-24,2025-12-24,23000.00,PE,NIFTY25DEC23000PE,132.95,139.05,117.30,119.50,118.00,134.05,25090.70,119.50,1712675,0,2890,5011970861.25,1701,F1,75,,,,,
2025-07-21,2025-07-21,FO,NSE,IDO,50462,,NIFTY,,2026-06-25,2026-06-25,16000.00,PE,NIFTY26JUN16000PE,0.00,0.00,0.00,21.00,21.00,21.00,25090.70,0.60,2275,0,0,0.00,0,F1,75,,,,,
2025-07-21,2025-07-21,FO,NSE,IDO,60516,,NIFTY,,2025-09-25,2025-09-25,25900.00,CE,NIFTY25SEP25900CE,224.45,270.70,214.55,260.40,261.05,255.95,25090.70,260.40,19950,-450,180,352980450.00,126,F1,75,,,,,
2025-07-21,2025-07-21,FO,NSE,IDO,60601,,NIFTY,,2025-09-25,2025-09-25,26800.00,CE,NIFTY25SEP26800CE,0.00,0.00,0.00,518.95,0.00,518.95,25090.70,221.75,0,0,0,0.00,0,F1,75,,,,,
2025-07-21,2025-07-21,FO,NSE,IDO,60607,,NIFTY,,2025-09-25,2025-09-25,26950.00,CE,NIFTY25SEP26950CE,0.00,0.00,0.00,471.20,0.00,471.20,25090.70,192.90,0,0,0,0.00,0,F1,75,,,,,
2025-07-21,2025-07-21,FO,NSE,IDO,60609,,NIFTY,,2025-09-25,2025-09-25,27050.00,CE,NIFTY25SEP27050CE,0.00,0.00,0.00,441.30,0.00,441.30,25090.70,175.45,0,0,0,0.00,0,F1,75,,,,,
2025-07-21,2025-07-21,FO,NSE,IDO,44623,,NIFTY,,2025-08-14,2025-08-14,26850.00,CE,NIFTY2581426850CE,0.00,0.00,0.00,111.15,0.00,111.15,25090.70,30.85,0,0,0,0.00,0,F1,75,,,,,
2025-07-21,2025-07-21,FO,NSE,IDO,44552,,NIFTY,,2025-08-14,2025-08-14,25500.00,CE,NIFTY2581425500CE,115.00,143.30,87.65,132.60,131.80,123.00,25090.70,132.60,32100,9825,757,1454724930.00,515,F1,75,,,,,
2025-07-21,2025-07-21,FO,NSE,IDO,44500,,NIFTY,,2025-08-14,2025-08-14,24750.00,CE,NIFTY2581424750CE,0.00,0.00,0.00,971.30,0.00,971.30,25090.70,672.45,0,0,0,0.00,0,F1,75,,,,,
2025-07-21,2025-07-21,FO,NSE,IDO,44460,,NIFTY,,2025-08-14,2025-08-14,24250.00,CE,NIFTY2581424250CE,0.00,0.00,0.00,1356.25,0.00,1356.25,25090.70,1039.50,0,0,0,0.00,0,F1,75,,,,,
2025-07-21,2025-07-21,FO,NSE,IDO,50976,,NIFTY,,2026-06-25,2026-06-25,27000.00,PE,NIFTY26JUN27000PE,0.00,0.00,0.00,6810.70,0.00,6810.70,25090.70,1815.90,0,0,0,0.00,0,F1,75,,,,,
2025-07-21,2025-07-21,FO,NSE,IDO,35231,,NIFTY,,2026-06-25,2026-06-25,30000.00,PE,NIFTY26JUN30000PE,0.00,0.00,0.00,5541.20,0.00,5541.20,25090.70,3791.60,0,0,0,0.00,0,F1,75,,,,,
2025-07-21,2025-07-21,FO,NSE,IDO,71548,,NIFTY,,2027-06-24,2027-06-24,18000.00,PE,NIFTY27JUN18000PE,0.00,0.00,0.00,48.55,48.55,48.55,25090.70,41.60,25,0,0,0.00,0,F1,75,,,,,
2025-07-21,2025-07-21,FO,NSE,IDO,71554,,NIFTY,,2027-06-24,2027-06-24,21000.00,PE,NIFTY27JUN21000PE,0.00,0.00,0.00,500.00,500.00,500.00,25090.70,226.00,350,0,0,0.00,0,F1,75,,,,,
2025-07-21,2025-07-21,FO,NSE,IDO,38163,,NIFTY,,2027-06-24,2027-06-24,29000.00,PE,NIFTY27JUN29000PE,0.00,0.00,0.00,4627.10,0.00,4627.10,25090.70,2673.00,0,0,0,0.00,0,F1,75,,,,,
2025-07-21,2025-07-21,FO,NSE,IDO,53604,,NIFTY,,2027-12-30,2027-12-30,18000.00,PE,NIFTY27DEC18000PE,0.00,0.00,0.00,174.95,174.95,174.95,25090.70,59.65,12200,0,0,0.00,0,F1,75,,,,,
2025-07-21,2025-07-21,FO,NSE,IDO,53630,,NIFTY,,2027-12-30,2027-12-30,26000.00,PE,NIFTY27DEC26000PE,0.00,0.00,0.00,1100.00,1100.00,1100.00,25090.70,1311.55,150,0,0,0.00,0,F1,75,,,,,
2025-07-21,2025-07-21,FO,NSE,IDO,38165,,NIFTY,,2027-12-30,2027-12-30,29000.00,PE,NIFTY27DEC29000PE,0.00,0.00,0.00,4227.50,0.00,4227.50,25090.70,2505.50,0,0,0,0.00,0,F1,75,,,,,
2025-07-21,2025-07-21,FO,NSE,IDO,67775,,NIFTY,,2028-12-28,2028-12-28,20000.00,PE,NIFTY28DEC20000PE,0.00,0.00,0.00,358.00,358.00,358.00,25090.70,208.30,1100,0,0,0.00,0,F1,75,,,,,
2025-07-21,2025-07-21,FO,NSE,IDO,89631,,NIFTY,,2029-06-28,2029-06-28,24000.00,PE,NIFTY29JUN24000PE,0.00,0.00,0.00,694.05,694.05,694.05,25090.70,743.35,25,0,0,0.00,0,F1,75,,,,,
2025-07-21,2025-07-21,FO,NSE,IDO,61915,,NIFTY,,2029-12-27,2029-12-27,29000.00,PE,NIFTY29DEC29000PE,0.00,0.00,0.00,1669.20,0.00,1669.20,25090.70,1969.50,0,0,0,0.00,0,F1,75,,,,,
2025-07-21,2025-07-21,FO,NSE,IDO,60897,,NIFTY,,2030-06-25,2030-06-25,20000.00,PE,NIFTY30JUN20000PE,0.00,0.00,0.00,236.40,0.00,236.40,25090.70,230.60,0,0,0,0.00,0,F1,75,,,,,
2025-07-21,2025-07-21,FO,NSE,IDO,60903,,NIFTY,,2030-06-25,2030-06-25,23000.00,PE,NIFTY30JUN23000PE,0.00,0.00,0.00,550.60,0.00,550.60,25090.70,551.65,0,0,0,0.00,0,F1,75,,,,,
2025-07-21,2025-07-21,FO,NSE,IDO,60911,,NIFTY,,2030-06-25,2030-06-25,27000.00,PE,NIFTY30JUN27000PE,0.00,0.00,0.00,1286.05,0.00,1286.05,25090.70,1315.95,0,0,0,0.00,0,F1,75,,,,,
2025-07-21,2025-07-21,FO,NSE,IDO,44456,,NIFTY,,2025-08-14,2025-08-14,24150.00,CE,NIFTY2581424150CE,0.00,0.00,0.00,1439.80,0.00,1439.80,25090.70,1121.60,0,0,0,0.00,0,F1,75,,,,,
2025-07-21,2025-07-21,FO,NSE,IDO,60611,,NIFTY,,2025-09-25,2025-09-25,27100.00,CE,NIFTY25SEP27100CE,0.00,0.00,0.00,426.90,0.00,426.90,25090.70,167.20,0,0,0,0.00,0,F1,75,,,,,
2025-07-21,2025-07-21,FO,NSE,IDO,44376,,NIFTY,,2025-08-14,2025-08-14,23350.00,CE,NIFTY2581423350CE,0.00,0.00,0.00,2163.10,0.00,2163.10,25090.70,1846.85,0,0,0,0.00,0,F1,75,,,,,
2025-07-21,2025-07-21,FO,NSE,IDO,44368,,NIFTY,,2025-08-14,2025-08-14,23300.00,CE,NIFTY2581423300CE,0.00,0.00,0.00,2210.65,0.00,2210.65,25090.70,1894.90,0,0,0,0.00,0,F1,75,,,,,
2025-07-21,2025-07-21,FO,NSE,IDO,60621,,NIFTY,,2025-09-25,2025-09-25,27300.00,CE,NIFTY25SEP27300CE,0.00,0.00,0.00,372.95,0.00,372.95,25090.70,137.40,0,0,0,0.00,0,F1,75,,,,,
2025-07-21,2025-07-21,FO,NSE,IDO,40108,,NIFTY,,2025-08-07,2025-08-07,27250.00,CE,NIFTY2580727250CE,0.00,0.00,0.00,71.10,0.00,71.10,25090.70,3.90,0,0,0,0.00,0,F1,75,,,,,
2025-07-21,2025-07-21,FO,NSE,IDO,39991,,NIFTY,,2025-08-07,2025-08-07,26300.00,CE,NIFTY2580726300CE,0.00,0.00,0.00,243.30,0.00,243.30,25090.70,46.05,0,0,0,0.00,0,F1,75,,,,,
2025-07-21,2025-07-21,FO,NSE,IDO,39982,,NIFTY,,2025-08-07,2025-08-07,26250.00,CE,NIFTY2580726250CE,12.15,13.15,8.70,10.40,10.20,12.05,25090.70,10.40,42225,8250,923,1817884586.25,403,F1,75,,,,,
2025-07-21,2025-07-21,FO,NSE,IDO,39892,,NIFTY,,2025-08-07,2025-08-07,25450.00,CE,NIFTY2580725450CE,79.45,113.70,64.95,103.50,105.75,96.10,25090.70,103.50,23325,11850,508,973296367.50,299,F1,75,,,,,
2025-07-21,2025-07-21,FO,NSE,IDO,39860,,NIFTY,,2025-08-07,2025-08-07,24850.00,CE,NIFTY2580724850CE,307.00,420.00,306.95,419.20,420.00,376.00,25090.70,419.20,3000,2775,54,102251328.75,25,F1,75,,,,,
2025-07-21,2025-07-21,FO,NSE,IDO,39780,,NIFTY,,2025-08-07,2025-08-07,24200.00,CE,NIFTY2580724200CE,0.00,0.00,0.00,1100.00,1100.00,1100.00,25090.70,1018.10,75,0,0,0.00,0,F1,75,,,,,
2025-07-21,2025-07-21,FO,NSE,IDO,39705,,NIFTY,,2025-08-07,2025-08-07,23750.00,CE,NIFTY2580723750CE,0.00,0.00,0.00,1840.05,0.00,1840.05,25090.70,1425.60,0,0,0,0.00,0,F1,75,,,,,
2025-07-21,2025-07-21,FO,NSE,IDO,39701,,NIFTY,,2025-08-07,2025-08-07,23700.00,CE,NIFTY2580723700CE,0.00,0.00,0.00,1885.80,0.00,1885.80,25090.70,1472.95,0,0,0,0.00,0,F1,75,,,,,
2025-07-21,2025-07-21,FO,NSE,IDO,55901,,NIFTY,,2025-07-31,2025-07-31,27100.00,CE,NIFTY25JUL27100CE,1.45,1.65,1.35,1.40,1.45,1.50,25090.70,1.40,14325,-1950,478,971587597.50,181,F1,75,,,,,
2025-07-21,2025-07-21,FO,NSE,IDO,55851,,NIFTY,,2025-07-31,2025-07-31,26050.00,CE,NIFTY25JUL26050CE,7.10,9.60,5.80,6.55,6.25,8.35,25090.70,6.55,250125,26400,8770,17139003993.75,4670,F1,75,,,,,
2025-07-21,2025-07-21,FO,NSE,IDO,55817,,NIFTY,,2025-07-31,2025-07-31,25400.00,CE,NIFTY25JUL25400CE,57.05,73.65,35.65,63.45,63.00,62.15,25090.70,63.45,2082450,144975,77258,147511099042.50,49494,F1,75,,,,,
2025-07-21,2025-07-21,FO,NSE,IDO,55677,,NIFTY,,2025-07-31,2025-07-31,22400.00,CE,NIFTY25JUL22400CE,0.00,0.00,0.00,2830.00,2830.00,2830.00,25090.70,2727.40,11250,0,0,0.00,0,F1,75,,,,,
2025-07-21,2025-07-21,FO,NSE,IDO,55810,,NIFTY,,2025-07-31,2025-07-31,25250.00,PE,NIFTY25JUL25250PE,331.15,384.60,222.30,230.80,224.55,313.50,25090.70,230.80,346800,-8175,5187,9933056415.00,3645,F1,75,,,,,
2025-07-21,2025-07-21,FO,NSE,IDO,55798,,NIFTY,,2025-07-31,2025-07-31,24950.00,PE,NIFTY25JUL24950PE,154.00,189.65,90.00,94.35,90.00,152.30,25090.70,94.35,491700,206925,32285,60716089038.75,21279,F1,75,,,,,
2025-07-21,2025-07-21,FO,NSE,IDO,55780,,NIFTY,,2025-07-31,2025-07-31,24500.00,PE,NIFTY25JUL24500PE,45.20,50.80,22.60,24.75,23.00,45.60,25090.70,24.75,3613275,272100,96412,177387875981.25,54909,F1,75,,,,,
2025-07-21,2025-07-21,FO,NSE,IDO,55736,,NIFTY,,2025-07-31,2025-07-31,23500.00,PE,NIFTY25JUL23500PE,6.05,6.05,3.05,3.30,3.05,6.00,25090.70,3.30,2233350,363750,22244,39211601898.75,9611,F1,75,,,,,
2025-07-21,2025-07-21,FO,NSE,IDO,49663,,NIFTY,,2025-07-24,2025-07-24,27150.00,CE,NIFTY2572427150CE,0.90,0.95,0.60,0.65,0.60,0.90,25090.70,0.65,167475,72375,9594,19536331623.75,1338,F1,75,,,,,
2025-07-21,2025-07-21,FO,NSE,IDO,49625,,NIFTY,,2025-07-24,2025-07-24,26550.00,CE,NIFTY2572426550CE,1.20,1.45,0.65,0.70,0.70,1.10,25090.70,0.70,1761000,107775,47413,94414362382.50,12350,F1,75,,,,,
2025-07-21,2025-07-21,FO,NSE,IDO,49619,,NIFTY,,2025-07-24,2025-07-24,26450.00,CE,NIFTY2572426450CE,1.35,1.45,0.70,0.75,0.70,1.25,25090.70,0.75,1512150,122625,64907,128763945922.50,13255,F1,75,,,,,
2025-07-21,2025-07-21,FO,NSE,IDO,49496,,NIFTY,,2025-07-24,2025-07-24,25150.00,CE,NIFTY2572425150CE,68.10,90.50,32.10,73.80,73.05,70.80,25090.70,73.80,3145200,61650,1524721,2883597784470.00,796247,F1,75,,,,,
2025-07-21,2025-07-21,FO,NSE,IDO,49479,,NIFTY,,2025-07-24,2025-07-24,24800.00,CE,NIFTY2572424800CE,246.00,341.00,167.65,324.30,333.00,267.80,25090.70,324.30,455400,9225,236037,443587661550.00,150169,F1,75,,,,,
2025-07-21,2025-07-21,FO,NSE,IDO,49475,,NIFTY,,2025-07-24,2025-07-24,24750.00,CE,NIFTY2572424750CE,291.20,387.30,202.40,371.95,380.00,307.95,25090.70,371.95,70875,9450,35188,66076097043.75,26447,F1,75,,,,,
2025-07-21,2025-07-21,FO,NSE,IDO,49473,,NIFTY,,2025-07-24,2025-07-24,24700.00,CE,NIFTY2572424700CE,348.25,435.00,240.25,418.30,429.25,350.25,25090.70,418.30,147900,4125,39409,73999781043.75,27767,F1,75,,,,,
2025-07-21,2025-07-21,FO,NSE,IDO,49449,,NIFTY,,2025-07-24,2025-07-24,24300.00,CE,NIFTY2572424300CE,688.00,815.75,608.00,802.95,815.75,726.70,25090.70,802.95,15450,975,162,303963435.00,127,F1,75,,,,,
2025-07-21,2025-07-21,FO,NSE,IDO,49417,,NIFTY,,2025-07-24,2025-07-24,23900.00,CE,NIFTY2572423900CE,0.00,0.00,0.00,1113.85,1113.85,1113.85,25090.70,1202.50,2175,0,0,0.00,0,F1,75,,,,,
2025-07-21,2025-07-21,FO,NSE,IDO,55704,,NIFTY,,2025-07-31,2025-07-31,23000.00,PE,NIFTY25JUL23000PE,3.50,3.55,2.10,2.30,2.15,3.60,25090.70,2.30,2119350,-69300,15588,26892387892.50,4526,F1,75,,,,,
2025-07-21,2025-07-21,FO,NSE,IDO,55690,,NIFTY,,2025-07-31,2025-07-31,22700.00,PE,NIFTY25JUL22700PE,2.65,2.70,1.80,2.00,1.80,2.75,25090.70,2.00,35400,-2475,411,699791763.75,240,F1,75,,,,,
2025-07-21,2025-07-21,FO,NSE,IDO,49632,,NIFTY,,2025-07-24,2025-07-24,26650.00,PE,NIFTY2572426650PE,0.00,0.00,0.00,1643.70,1643.70,1643.70,25090.70,1546.25,750,0,0,0.00,0,F1,75,,,,,
2025-07-21,2025-07-21,FO,NSE,IDO,49596,,NIFTY,,2025-07-24,2025-07-24,26100.00,PE,NIFTY2572426100PE,1150.00,1150.00,993.50,1005.70,993.50,1090.30,25090.70,1005.70,12450,-975,22,44867051.25,12,F1,75,,,,,
2025-07-21,2025-07-21,FO,NSE,IDO,49480,,NIFTY,,2025-07-24,2025-07-24,24800.00,PE,NIFTY2572424800PE,53.80,68.85,15.40,18.90,15.80,51.40,25090.70,18.90,5108625,1866675,1797333,3347507425608.75,703388,F1,75,,,,,
2025-07-21,2025-07-21,FO,NSE,IDO,49436,,NIFTY,,2025-07-24,2025-07-24,24200.00,PE,NIFTY2572424200PE,5.90,5.90,2.25,2.75,2.35,6.65,25090.70,2.75,3300600,663300,460989,836809057335.00,90797,F1,75,,,,,
2025-07-21,2025-07-21,FO,NSE,IDO,49420,,NIFTY,,2025-07-24,2025-07-24,23950.00,PE,NIFTY2572423950PE,3.00,3.50,1.55,1.75,1.60,3.80,25090.70,1.75,605325,-91650,115098,206763070935.00,25859,F1,75,,,,,
2025-07-21,2025-07-21,FO,NSE,IDO,49418,,NIFTY,,2025-07-24,2025-07-24,23900.00,PE,NIFTY2572423900PE,2.85,3.25,1.35,1.60,1.45,3.45,25090.70,1.60,1460700,82200,213821,383305023536.25,42403,F1,75,,,,,
2025-07-21,2025-07-21,FO,NSE,IDO,49416,,NIFTY,,2025-07-24,2025-07-24,23850.00,PE,NIFTY2572423850PE,2.00,2.90,1.35,1.55,1.40,3.15,25090.70,1.55,420825,118875,75252,134617367512.50,18970,F1,75,,,,,
2025-07-21,2025-07-21,FO,NSE,IDO,49371,,NIFTY,,2025-07-24,2025-07-24,23200.00,PE,NIFTY2572423200PE,1.00,1.80,0.65,0.80,0.65,1.25,25090.70,0.80,393600,24600,21626,37630677341.25,4384,F1,75,,,,,
2025-07-21,2025-07-21,FO,NSE,IDO,49368,,NIFTY,,2025-07-24,2025-07-24,23150.00,PE,NIFTY2572423150PE,1.25,1.40,0.60,0.75,0.70,1.25,25090.70,0.75,240075,-18450,17783,30876814076.25,3125,F1,75,,,,,
2025-07-21,2025-07-21,FO,NSE,IDO,60898,,NIFTY,,2030-06-25,2030-06-25,21000.00,CE,NIFTY30JUN21000CE,0.00,0.00,0.00,10421.65,0.00,10421.65,25090.70,9855.30,0,0,0,0.00,0,F1,75,,,,,
2025-07-21,2025-07-21,FO,NSE,IDO,89636,,NIFTY,,2029-06-28,2029-06-28,27000.00,CE,NIFTY29JUN27000CE,0.00,0.00,0.00,6570.40,0.00,6570.40,25090.70,5302.35,0,0,0,0.00,0,F1,75,,,,,
2025-07-21,2025-07-21,FO,NSE,IDO,89628,,NIFTY,,2029-06-28,2029-06-28,23000.00,CE,NIFTY29JUN23000CE,0.00,0.00,0.00,8636.00,0.00,8636.00,25090.70,7567.75,0,0,0,0.00,0,F1,75,,,,,
2025-07-21,2025-07-21,FO,NSE,IDO,38164,,NIFTY,,2027-12-30,2027-12-30,29000.00,CE,NIFTY27DEC29000CE,0.00,0.00,0.00,1932.55,0.00,1932.55,25090.70,2606.45,0,0,0,0.00,0,F1,75,,,,,
2025-07-21,2025-07-21,FO,NSE,IDO,39875,,NIFTY,,2025-08-07,2025-08-07,25200.00,PE,NIFTY2580725200PE,330.05,374.15,234.00,243.35,234.00,314.30,25090.70,243.35,131550,18900,1899,3630068812.50,1339,F1,75,,,,,
2025-07-21,2025-07-21,FO,NSE,IDO,42142,,NIFTY,,2027-06-24,2027-06-24,31000.00,CE,NIFTY27JUN31000CE,0.00,0.00,0.00,1151.25,0.00,1151.25,25090.70,1348.15,0,0,0,0.00,0,F1,75,,,,,
2025-07-21,2025-07-21,FO,NSE,IDO,71558,,NIFTY,,2027-06-24,2027-06-24,23000.00,CE,NIFTY27JUN23000CE,0.00,0.00,0.00,2530.05,0.00,2530.05,25090.70,5156.30,0,0,0,0.00,0,F1,75,,,,,
2025-07-21,2025-07-21,FO,NSE,IDO,50547,,NIFTY,,2026-12-31,2026-12-31,28000.00,CE,NIFTY26DEC28000CE,1230.00,1300.65,1230.00,1300.20,1300.65,1255.00,25090.70,1300.20,10050,375,6,13174541.25,6,F1,75,,,,,
2025-07-21,2025-07-21,FO,NSE,IDO,71503,,NIFTY,,2026-12-31,2026-12-31,25000.00,CE,NIFTY26DEC25000CE,2896.65,2910.80,2896.65,2910.00,2910.00,2919.00,25090.70,3184.70,24400,0,4,8371057.50,4,F1,75,,,,,
2025-07-21,2025-07-21,FO,NSE,IDO,62930,,NIFTY,,2026-03-26,2026-03-26,27000.00,CE,NIFTY26MAR27000CE,0.00,0.00,0.00,891.90,0.00,891.90,25090.70,1005.60,0,0,0,0.00,0,F1,75,,,,,
2025-07-21,2025-07-21,FO,NSE,IDO,62928,,NIFTY,,2026-03-26,2026-03-26,26000.00,CE,NIFTY26MAR26000CE,1011.55,1112.00,1011.55,1089.30,1089.30,1070.00,25090.70,1089.30,2100,375,12,24376743.75,11,F1,75,,,,,
2025-07-21,2025-07-21,FO,NSE,IDO,62920,,NIFTY,,2026-03-26,2026-03-26,22000.00,CE,NIFTY26MAR22000CE,0.00,0.00,0.00,3481.20,0.00,3481.20,25090.70,4131.35,0,0,0,0.00,0,F1,75,,,,,
2025-07-21,2025-07-21,FO,NSE,IDO,39706,,NIFTY,,2025-08-07,2025-08-07,23750.00,PE,NIFTY2580723750PE,0.00,0.00,0.00,45.80,0.00,45.80,25090.70,18.85,0,0,0,0.00,0,F1,75,,,,,
2025-07-21,2025-07-21,FO,NSE,IDO,39668,,NIFTY,,2025-08-07,2025-08-07,23400.00,PE,NIFTY2580723400PE,10.15,11.70,5.65,5.70,5.80,10.15,25090.70,5.70,14925,2025,161,282644025.00,69,F1,75,,,,,
2025-07-21,2025-07-21,FO,NSE,IDO,71958,,NIFTY,,2025-08-28,2025-08-28,24600.00,CE,NIFTY25AUG24600CE,691.05,770.55,622.90,764.65,770.55,716.60,25090.70,764.65,14625,-1050,229,434461050.00,154,F1,75,,,,,
2025-07-21,2025-07-21,FO,NSE,IDO,47319,,NIFTY,,2025-08-21,2025-08-21,25500.00,PE,NIFTY2582125500PE,562.35,562.35,475.00,488.15,488.15,540.00,25090.70,632.85,1350,600,12,23421806.25,12,F1,75,,,,,
2025-07-21,2025-07-21,FO,NSE,IDO,47182,,NIFTY,,2025-08-21,2025-08-21,24650.00,PE,NIFTY2582124650PE,159.40,159.40,159.40,159.40,159.40,176.80,25090.70,242.60,150,75,1,1860705.00,1,F1,75,,,,,
2025-07-21,2025-07-21,FO,NSE,IDO,44612,,NIFTY,,2025-08-14,2025-08-14,26600.00,PE,NIFTY2581426600PE,0.00,0.00,0.00,1244.45,0.00,1244.45,25090.70,1455.00,0,0,0,0.00,0,F1,75,,,,,
2025-07-21,2025-07-21,FO,NSE,IDO,44577,,NIFTY,,2025-08-14,2025-08-14,26050.00,PE,NIFTY2581426050PE,0.00,0.00,0.00,840.45,0.00,840.45,25090.70,986.70,0,0,0,0.00,0,F1,75,,,,,
2025-07-21,2025-07-21,FO,NSE,IDO,44541,,NIFTY,,2025-08-14,2025-08-14,25400.00,PE,NIFTY2581425400PE,493.35,530.30,406.70,408.20,408.20,470.50,25090.70,535.90,3825,-1725,53,102790612.50,53,F1,75,,,,,
2025-07-21,2025-07-21,FO,NSE,IDO,44463,,NIFTY,,2025-08-14,2025-08-14,24300.00,PE,NIFTY2581424300PE,0.00,0.00,0.00,118.45,0.00,118.45,25090.70,113.35,0,0,0,0.00,0,F1,75,,,,,
2025-07-21,2025-07-21,FO,NSE,IDO,40016,,NIFTY,,2025-08-07,2025-08-07,26550.00,PE,NIFTY2580726550PE,0.00,0.00,0.00,1170.40,0.00,1170.40,25090.70,1411.25,0,0,0,0.00,0,F1,75,,,,,
2025-07-21,2025-07-21,FO,NSE,IDO,39846,,NIFTY,,2025-08-07,2025-08-07,24600.00,PE,NIFTY2580724600PE,92.70,108.55,56.95,60.20,56.95,93.25,25090.70,60.20,111300,58725,3452,6388123860.00,2353,F1,75,,,,,
2025-07-21,2025-07-21,FO,NSE,IDO,39799,,NIFTY,,2025-08-07,2025-08-07,24350.00,PE,NIFTY2580724350PE,52.55,60.80,31.75,34.65,32.15,55.00,25090.70,34.65,23175,12075,474,867060783.75,253,F1,75,,,,,
2025-07-21,2025-07-21,FO,NSE,IDO,55902,,NIFTY,,2025-07-31,2025-07-31,27100.00,PE,NIFTY25JUL27100PE,0.00,0.00,0.00,1811.05,1811.05,1811.05,25090.70,1965.55,825,0,0,0.00,0,F1,75,,,,,
2025-07-21,2025-07-21,FO,NSE,IDO,55866,,NIFTY,,2025-07-31,2025-07-31,26400.00,PE,NIFTY25JUL26400PE,1399.55,1456.15,1270.00,1270.00,1270.00,1369.00,25090.70,1270.00,10950,-2025,106,221342025.00,33,F1,75,,,,,
2025-07-21,2025-07-21,FO,NSE,IDO,55766,,NIFTY,,2025-07-31,2025-07-31,24200.00,PE,NIFTY25JUL24200PE,21.95,23.00,10.55,11.75,10.70,22.05,25090.70,11.75,1101975,311250,33554,60937390676.25,19223,F1,75,,,,,
2025-07-21,2025-07-21,FO,NSE,IDO,55678,,NIFTY,,2025-07-31,2025-07-31,22400.00,PE,NIFTY25JUL22400PE,2.25,3.25,1.15,1.80,1.35,2.25,25090.70,1.80,121950,16350,1834,3081370316.25,450,F1,75,,,,,
2025-07-21,2025-07-21,FO,NSE,IDO,55674,,NIFTY,,2025-07-31,2025-07-31,22300.00,PE,NIFTY25JUL22300PE,2.20,2.80,1.30,1.60,1.35,1.95,25090.70,1.60,731475,8100,2277,3808563360.00,820,F1,75,,,,,
2025-07-21,2025-07-21,FO,NSE,IDO,55672,,NIFTY,,2025-07-31,2025-07-31,22250.00,PE,NIFTY25JUL22250PE,1.60,2.15,1.50,1.70,1.50,2.10,25090.70,1.70,619275,49875,3709,6189867270.00,1110,F1,75,,,,,
2025-07-21,2025-07-21,FO,NSE,IDO,49626,,NIFTY,,2025-07-24,2025-07-24,26550.00,PE,NIFTY2572426550PE,0.00,0.00,0.00,1390.00,1390.00,1390.00,25090.70,1446.30,450,0,0,0.00,0,F1,75,,,,,
2025-07-21,2025-07-21,FO,NSE,IDO,49612,,NIFTY,,2025-07-24,2025-07-24,26300.00,PE,NIFTY2572426300PE,1245.95,1245.95,1185.35,1186.30,1187.35,1325.05,25090.70,1186.30,7275,375,11,22680652.50,7,F1,75,,,,,
2025-07-21,2025-07-21,FO,NSE,IDO,49610,,NIFTY,,2025-07-24,2025-07-24,26250.00,PE,NIFTY2572426250PE,0.00,0.00,0.00,999.10,999.35,999.10,25090.70,1146.55,675,0,0,0.00,0,F1,75,,,,,
2025-07-21,2025-07-21,FO,NSE,IDO,49567,,NIFTY,,2025-07-24,2025-07-24,25700.00,PE,NIFTY2572425700PE,699.95,800.80,580.00,592.45,587.00,689.15,25090.70,592.45,82650,-9900,633,1251076188.75,444,F1,75,,,,,
2025-07-21,2025-07-21,FO,NSE,IDO,49460,,NIFTY,,2025-07-24,2025-07-24,24400.00,PE,NIFTY2572424400PE,11.00,12.20,3.55,4.30,3.60,11.55,25090.70,4.30,3314550,845775,515361,943328264951.25,139299,F1,75,,,,,
2025-07-21,2025-07-21,FO,NSE,IDO,49390,,NIFTY,,2025-07-24,2025-07-24,23400.00,PE,NIFTY2572423400PE,1.55,1.75,0.80,0.95,0.90,1.65,25090.70,0.95,705150,9300,43083,75614089515.00,9367,F1,75,,,,,
2025-07-21,2025-07-21,FO,NSE,IDO,49364,,NIFTY,,2025-07-24,2025-07-24,23050.00,PE,NIFTY2572423050PE,0.95,0.95,0.50,0.55,0.50,0.90,25090.70,0.55,4728675,1209375,211591,365798304442.50,24859,F1,75,,,,,
2025-07-21,2025-07-21,FO,NSE,IDO,61858,,NIFTY,,2029-12-27,2029-12-27,28000.00,CE,NIFTY29DEC28000CE,0.00,0.00,0.00,5741.50,0.00,5741.50,25090.70,5382.85,0,0,0,0.00,0,F1,75,,,,,
2025-07-21,2025-07-21,FO,NSE,IDO,67794,,NIFTY,,2028-12-28,2028-12-28,30000.00,CE,NIFTY28DEC30000CE,0.00,0.00,0.00,3293.05,0.00,3293.05,25090.70,3385.65,0,0,0,0.00,0,F1,75,,,,,
2025-07-21,2025-07-21,FO,NSE,IDO,67784,,NIFTY,,2028-12-28,2028-12-28,25000.00,CE,NIFTY28DEC25000CE,0.00,0.00,0.00,5350.40,0.00,5350.40,25090.70,5793.05,0,0,0,0.00,0,F1,75,,,,,
2025-07-21,2025-07-21,FO,NSE,IDO,42144,,NIFTY,,2027-12-30,2027-12-30,31000.00,CE,NIFTY27DEC31000CE,0.00,0.00,0.00,1546.60,0.00,1546.60,25090.70,1910.35,0,0,0,0.00,0,F1,75,,,,,
2025-07-21,2025-07-21,FO,NSE,IDO,35229,,NIFTY,,2026-06-25,2026-06-25,30000.00,CE,NIFTY26JUN30000CE,0.00,0.00,0.00,788.00,0.00,788.00,25090.70,532.05,0,0,0,0.00,0,F1,75,,,,,
2025-07-21,2025-07-21,FO,NSE,IDO,50545,,NIFTY,,2026-06-25,2026-06-25,28000.00,CE,NIFTY26JUN28000CE,0.00,0.00,0.00,1533.95,0.00,1533.95,25090.70,1030.35,0,0,0,0.00,0,F1,75,,,,,
2025-07-21,2025-07-21,FO,NSE,IDO,71472,,NIFTY,,2026-06-25,2026-06-25,24000.00,CE,NIFTY26JUN24000CE,0.00,0.00,0.00,3040.00,3040.00,3040.00,25090.70,3008.00,3675,0,0,0.00,0,F1,75,,,,,
2025-07-21,2025-07-21,FO,NSE,IDO,39987,,NIFTY,,2025-12-24,2025-12-24,19000.00,CE,NIFTY25DEC19000CE,0.00,0.00,0.00,6480.00,6480.00,6480.00,25090.70,6580.45,7400,0,0,0.00,0,F1,75,,,,,
2025-07-21,2025-07-21,FO,NSE,IDO,55121,,NIFTY,,2025-12-24,2025-12-24,18000.00,CE,NIFTY25DEC18000CE,0.00,0.00,0.00,7575.00,7575.00,7575.00,25090.70,7553.45,20700,0,0,0.00,0,F1,75,,,,,
2025-07-21,2025-07-21,FO,NSE,IDO,60597,,NIFTY,,2025-09-25,2025-09-25,26700.00,CE,NIFTY25SEP26700CE,78.45,110.00,68.10,81.70,81.10,82.40,25090.70,81.70,65025,6675,668,1341638441.25,332,F1,75,,,,,
2025-07-21,2025-07-21,FO,NSE,IDO,60593,,NIFTY,,2025-09-25,2025-09-25,26600.00,CE,NIFTY25SEP26600CE,87.85,100.60,77.00,92.60,92.90,93.20,25090.70,92.60,207225,31350,972,1945859257.50,393,F1,75,,,,,
2025-07-21,2025-07-21,FO,NSE,IDO,60548,,NIFTY,,2025-09-25,2025-09-25,26050.00,CE,NIFTY25SEP26050CE,184.95,224.80,175.90,208.00,208.00,210.35,25090.70,421.15,11025,1575,59,116177403.75,35,F1,75,,,,,
2025-07-21,2025-07-21,FO,NSE,IDO,60483,,NIFTY,,2025-09-25,2025-09-25,25100.00,CE,NIFTY25SEP25100CE,600.00,651.90,550.10,639.05,641.55,606.85,25090.70,639.05,16125,8475,192,370480871.25,156,F1,75,,,,,
2025-07-21,2025-07-21,FO,NSE,IDO,60441,,NIFTY,,2025-09-25,2025-09-25,24450.00,CE,NIFTY25SEP24450CE,1009.30,1009.30,1009.30,1009.30,1009.30,1244.95,25090.70,1233.60,150,0,1,1909447.50,1,F1,75,,,,,
2025-07-21,2025-07-21,FO,NSE,IDO,60382,,NIFTY,,2025-09-25,2025-09-25,24150.00,CE,NIFTY25SEP24150CE,0.00,0.00,0.00,1501.80,1502.00,1501.80,25090.70,1447.35,225,0,0,0.00,0,F1,75,,,,,
2025-07-21,2025-07-21,FO,NSE,IDO,72359,,NIFTY,,2025-08-28,2025-08-28,27400.00,CE,NIFTY25AUG27400CE,8.75,9.10,7.40,7.80,7.55,8.60,25090.70,7.80,170775,8700,480,986691063.75,234,F1,75,,,,,
2025-07-21,2025-07-21,FO,NSE,IDO,72353,,NIFTY,,2025-08-28,2025-08-28,27300.00,CE,NIFTY25AUG27300CE,0.00,0.00,0.00,224.35,0.00,224.35,25090.70,43.10,0,0,0,0.00,0,F1,75,,,,,
2025-07-21,2025-07-21,FO,NSE,IDO,72341,,NIFTY,,2025-08-28,2025-08-28,27100.00,CE,NIFTY25AUG27100CE,0.00,0.00,0.00,260.40,0.00,260.40,25090.70,58.30,0,0,0,0.00,0,F1,75,,,,,
2025-07-21,2025-07-21,FO,NSE,IDO,72322,,NIFTY,,2025-08-28,2025-08-28,26650.00,CE,NIFTY25AUG26650CE,0.00,0.00,0.00,89.90,89.90,89.90,25090.70,109.90,150,0,0,0.00,0,F1,75,,,,,
2025-07-21,2025-07-21,FO,NSE,IDO,72164,,NIFTY,,2025-08-28,2025-08-28,26500.00,CE,NIFTY25AUG26500CE,32.00,33.55,23.60,29.00,29.50,30.65,25090.70,29.00,869325,-22050,10564,21018516318.75,5833,F1,75,,,,,
2025-07-21,2025-07-21,FO,NSE,IDO,72106,,NIFTY,,2025-08-28,2025-08-28,25950.00,CE,NIFTY25AUG25950CE,87.30,102.10,69.10,92.55,89.65,89.75,25090.70,92.55,18750,150,336,656242563.75,198,F1,75,,,,,
2025-07-21,2025-07-21,FO,NSE,IDO,71992,,NIFTY,,2025-08-28,2025-08-28,25200.00,CE,NIFTY25AUG25200CE,338.00,373.25,273.85,360.25,365.00,336.75,25090.70,360.25,1105575,154725,7144,13685113830.00,5209,F1,75,,,,,
2025-07-21,2025-07-21,FO,NSE,IDO,71974,,NIFTY,,2025-08-28,2025-08-28,25000.00,CE,NIFTY25AUG25000CE,445.70,489.00,372.45,476.75,479.00,445.70,25090.70,476.75,1825950,370425,19146,36543991488.75,14159,F1,75,,,,,
2025-07-21,2025-07-21,FO,NSE,IDO,71946,,NIFTY,,2025-08-28,2025-08-28,24300.00,CE,NIFTY25AUG24300CE,922.50,1014.60,861.45,1005.90,1010.00,949.60,25090.70,1005.90,3900,1050,45,85147736.25,30,F1,75,,,,,
2025-07-21,2025-07-21,FO,NSE,IDO,71936,,NIFTY,,2025-08-28,2025-08-28,24100.00,CE,NIFTY25AUG24100CE,1079.95,1178.50,1079.95,1147.60,1147.60,1118.85,25090.70,1278.35,1650,225,9,17027096.25,7,F1,75,,,,,
2025-07-21,2025-07-21,FO,NSE,IDO,71934,,NIFTY,,2025-08-28,2025-08-28,24050.00,CE,NIFTY25AUG24050CE,1134.85,1134.85,1119.90,1119.90,1119.90,1391.70,25090.70,1318.55,450,0,10,18881835.00,5,F1,75,,,,,
2025-07-21,2025-07-21,FO,NSE,IDO,71862,,NIFTY,,2025-08-28,2025-08-28,23450.00,CE,NIFTY25AUG23450CE,0.00,0.00,0.00,1954.60,1954.20,1954.60,25090.70,1836.35,450,0,0,0.00,0,F1,75,,,,,
2025-07-21,2025-07-21,FO,NSE,IDO,71858,,NIFTY,,2025-08-28,2025-08-28,23400.00,CE,NIFTY25AUG23400CE,0.00,0.00,0.00,1735.00,1735.00,1735.00,25090.70,1881.95,300,0,0,0.00,0,F1,75,,,,,
2025-07-21,2025-07-21,FO,NSE,IDO,71841,,NIFTY,,2025-08-28,2025-08-28,23000.00,CE,NIFTY25AUG23000CE,2065.00,2231.15,2040.00,2226.70,2231.15,2140.25,25090.70,2226.70,50925,9225,149,281320668.75,138,F1,75,,,,,
2025-07-21,2025-07-21,FO,NSE,IDO,47502,,NIFTY,,2025-08-21,2025-08-21,26850.00,CE,NIFTY2582126850CE,13.80,13.80,0.55,9.00,9.00,12.90,25090.70,9.00,1650,1350,44,88631242.50,16,F1,75,,,,,
2025-07-21,2025-07-21,FO,NSE,IDO,47399,,NIFTY,,2025-08-21,2025-08-21,26150.00,CE,NIFTY2582126150CE,0.00,0.00,0.00,192.65,0.00,192.65,25090.70,158.65,0,0,0,0.00,0,F1,75,,,,,
2025-07-21,2025-07-21,FO,NSE,IDO,47338,,NIFTY,,2025-08-21,2025-08-21,25750.00,CE,NIFTY2582125750CE,0.00,0.00,0.00,306.60,0.00,306.60,25090.70,265.30,0,0,0,0.00,0,F1,75,,,,,
2025-07-21,2025-07-21,FO,NSE,IDO,47283,,NIFTY,,2025-08-21,2025-08-21,25300.00,CE,NIFTY2582125300CE,225.15,269.00,225.15,245.00,245.00,489.55,25090.70,441.05,3375,3375,53,101535993.75,53,F1,75,,,,,
2025-07-21,2025-07-21,FO,NSE,IDO,46984,,NIFTY,,2025-08-21,2025-08-21,23450.00,CE,NIFTY2582123450CE,0.00,0.00,0.00,1837.45,0.00,1837.45,25090.70,1794.10,0,0,0,0.00,0,F1,75,,,,,
2025-07-21,2025-07-21,FO,NSE,IDO,46959,,NIFTY,,2025-08-21,2025-08-21,23300.00,CE,NIFTY2582123300CE,0.00,0.00,0.00,1976.50,0.00,1976.50,25090.70,1934.50,0,0,0,0.00,0,F1,75,,,,,
2025-07-21,2025-07-21,FO,NSE,IDO,44635,,NIFTY,,2025-08-14,2025-08-14,27050.00,CE,NIFTY2581427050CE,0.00,0.00,0.00,84.10,0.00,84.10,25090.70,20.40,0,0,0,0.00,0,F1,75,,,,,
2025-07-21,2025-07-21,FO,NSE,IDO,44627,,NIFTY,,2025-08-14,2025-08-14,26900.00,CE,NIFTY2581426900CE,0.00,0.00,0.00,103.80,0.00,103.80,25090.70,27.90,0,0,0,0.00,0,F1,75,,,,,
2025-07-21,2025-07-21,FO,NSE,IDO,44600,,NIFTY,,2025-08-14,2025-08-14,26450.00,CE,NIFTY2581426450CE,0.00,0.00,0.00,186.60,0.00,186.60,25090.70,65.95,0,0,0,0.00,0,F1,75,,,,,
2025-07-21,2025-07-21,FO,NSE,IDO,44578,,NIFTY,,2025-08-14,2025-08-14,26100.00,CE,NIFTY2581426100CE,0.00,0.00,0.00,102.85,102.85,102.85,25090.70,119.70,75,0,0,0.00,0,F1,75,,,,,
2025-07-21,2025-07-21,FO,NSE,IDO,44566,,NIFTY,,2025-08-14,2025-08-14,25850.00,CE,NIFTY2581425850CE,0.00,0.00,0.00,368.60,0.00,368.60,25090.70,175.95,0,0,0,0.00,0,F1,75,,,,,
2025-07-21,2025-07-21,FO,NSE,IDO,44564,,NIFTY,,2025-08-14,2025-08-14,25800.00,CE,NIFTY2581425800CE,58.65,70.90,41.50,62.20,62.80,62.35,25090.70,62.20,20025,-825,484,938640630.00,311,F1,75,,,,,
2025-07-21,2025-07-21,FO,NSE,IDO,44560,,NIFTY,,2025-08-14,2025-08-14,25700.00,CE,NIFTY2581425700CE,74.20,90.10,52.00,81.70,80.90,75.65,25090.70,81.70,15975,6900,403,778977393.75,290,F1,75,,,,,
2025-07-21,2025-07-21,FO,NSE,IDO,44538,,NIFTY,,2025-08-14,2025-08-14,25350.00,CE,NIFTY2581425350CE,165.15,199.60,142.60,175.30,175.30,177.65,25090.70,347.35,1575,-150,32,61260408.75,31,F1,75,,,,,
2025-07-21,2025-07-21,FO,NSE,IDO,44510,,NIFTY,,2025-08-14,2025-08-14,24950.00,CE,NIFTY2581424950CE,287.35,287.35,287.35,287.35,287.35,345.55,25090.70,549.25,150,0,1,1892801.25,1,F1,75,,,,,
2025-07-21,2025-07-21,FO,NSE,IDO,44504,,NIFTY,,2025-08-14,2025-08-14,24800.00,CE,NIFTY2581424800CE,480.00,488.75,480.00,488.75,488.75,469.90,25090.70,640.30,375,300,4,7584656.25,4,F1,75,,,,,
2025-07-21,2025-07-21,FO,NSE,IDO,44496,,NIFTY,,2025-08-14,2025-08-14,24650.00,CE,NIFTY2581424650CE,0.00,0.00,0.00,1044.50,0.00,1044.50,25090.70,739.35,0,0,0,0.00,0,F1,75,,,,,
2025-07-21,2025-07-21,FO,NSE,IDO,44406,,NIFTY,,2025-08-14,2025-08-14,23700.00,CE,NIFTY2581423700CE,0.00,0.00,0.00,1836.65,0.00,1836.65,25090.70,1517.60,0,0,0,0.00,0,F1,75,,,,,
2025-07-21,2025-07-21,FO,NSE,IDO,44382,,NIFTY,,2025-08-14,2025-08-14,23400.00,CE,NIFTY2581423400CE,0.00,0.00,0.00,2115.75,0.00,2115.75,25090.70,1799.05,0,0,0,0.00,0,F1,75,,,,,
2025-07-21,2025-07-21,FO,NSE,IDO,55903,,NIFTY,,2025-07-31,2025-07-31,27150.00,CE,NIFTY25JUL27150CE,1.85,1.85,1.20,1.30,1.25,1.55,25090.70,1.30,3825,225,411,836945778.75,177,F1,75,,,,,
2025-07-21,2025-07-21,FO,NSE,IDO,55893,,NIFTY,,2025-07-31,2025-07-31,26950.00,CE,NIFTY25JUL26950CE,1.60,2.05,1.40,1.45,1.40,1.60,25090.70,1.45,29475,-1050,308,622582473.75,184,F1,75,,,,,
2025-07-21,2025-07-21,FO,NSE,IDO,55887,,NIFTY,,2025-07-31,2025-07-31,26900.00,CE,NIFTY25JUL26900CE,1.60,2.00,1.35,1.50,1.35,1.60,25090.70,1.50,521400,-44925,4494,9067176570.00,1315,F1,75,,,,,
2025-07-21,2025-07-21,FO,NSE,IDO,55855,,NIFTY,,2025-07-31,2025-07-31,26150.00,CE,NIFTY25JUL26150CE,5.85,7.55,4.35,4.95,4.95,6.25,25090.70,4.95,140925,51750,6968,13668828851.25,3501,F1,75,,,,,
2025-07-21,2025-07-21,FO,NSE,IDO,55835,,NIFTY,,2025-07-31,2025-07-31,25700.00,CE,NIFTY25JUL25700CE,22.55,26.85,14.00,20.90,21.00,23.35,25090.70,20.90,2045775,135450,57706,111315130785.00,36613,F1,75,,,,,
2025-07-21,2025-07-21,FO,NSE,IDO,55809,,NIFTY,,2025-07-31,2025-07-31,25250.00,CE,NIFTY25JUL25250CE,101.00,120.90,59.95,108.85,111.90,101.00,25090.70,108.85,674250,-29700,61294,116494855005.00,35108,F1,75,,,,,
2025-07-21,2025-07-21,FO,NSE,IDO,55797,,NIFTY,,2025-07-31,2025-07-31,24950.00,CE,NIFTY25JUL24950CE,238.55,282.00,162.80,274.05,277.25,239.40,25090.70,274.05,174900,-51525,16464,31092924566.25,11378,F1,75,,,,,
2025-07-21,2025-07-21,FO,NSE,IDO,55785,,NIFTY,,2025-07-31,2025-07-31,24650.00,CE,NIFTY25JUL24650CE,418.95,523.35,352.35,519.80,518.90,455.90,25090.70,519.80,21150,150,728,1370602702.50,401,F1,75,,,,,
2025-07-21,2025-07-21,FO,NSE,IDO,55779,,NIFTY,,2025-07-31,2025-07-31,24500.00,CE,NIFTY25JUL24500CE,560.05,663.00,472.70,651.20,656.00,580.45,25090.70,651.20,650250,-58200,8740,16451062181.25,5440,F1,75,,,,,
2025-07-21,2025-07-21,FO,NSE,IDO,55773,,NIFTY,,2025-07-31,2025-07-31,24350.00,CE,NIFTY25JUL24350CE,781.00,781.00,743.00,749.35,749.35,910.20,25090.70,821.30,1950,75,6,11299143.75,6,F1,75,,,,,
2025-07-21,2025-07-21,FO,NSE,IDO,55759,,NIFTY,,2025-07-31,2025-07-31,24050.00,CE,NIFTY25JUL24050CE,1043.85,1083.20,1043.85,1083.20,1083.20,1003.70,25090.70,1083.20,4125,225,15,28257026.25,14,F1,75,,,,,
2025-07-21,2025-07-21,FO,NSE,IDO,55735,,NIFTY,,2025-07-31,2025-07-31,23500.00,CE,NIFTY25JUL23500CE,1498.00,1636.95,1423.25,1626.35,1630.70,1536.95,25090.70,1626.35,286950,-6150,163,306254246.25,138,F1,75,,,,,
2025-07-21,2025-07-21,FO,NSE,IDO,55733,,NIFTY,,2025-07-31,2025-07-31,23450.00,CE,NIFTY25JUL23450CE,1621.05,1621.05,1620.05,1620.05,1620.05,1719.00,25090.70,1680.25,1050,-150,4,7521165.00,2,F1,75,,,,,
2025-07-21,2025-07-21,FO,NSE,IDO,55729,,NIFTY,,2025-07-31,2025-07-31,23350.00,CE,NIFTY25JUL23350CE,0.00,0.00,0.00,2197.35,2197.35,2197.35,25090.70,1779.65,1125,0,0,0.00,0,F1,75,,,,,
2025-07-21,2025-07-21,FO,NSE,IDO,55727,,NIFTY,,2025-07-31,2025-07-31,23300.00,CE,NIFTY25JUL23300CE,1780.00,1780.00,1780.00,1780.00,1780.00,1735.00,25090.70,1829.40,4575,0,1,1881000.00,1,F1,75,,,,,
2025-07-21,2025-07-21,FO,NSE,IDO,49677,,NIFTY,,2025-07-24,2025-07-24,27400.00,CE,NIFTY2572427400CE,0.80,0.85,0.55,0.60,0.55,0.85,25090.70,0.60,3938625,748350,101812,209229024228.75,11999,F1,75,,,,,
2025-07-21,2025-07-21,FO,NSE,IDO,49637,,NIFTY,,2025-07-24,2025-07-24,26800.00,CE,NIFTY2572426800CE,1.15,1.90,0.65,0.75,0.65,1.10,25090.70,0.75,1540200,66975,24969,50189312358.75,4585,F1,75,,,,,
2025-07-21,2025-07-21,FO,NSE,IDO,49635,,NIFTY,,2025-07-24,2025-07-24,26750.00,CE,NIFTY2572426750CE,4.00,4.00,0.70,0.75,0.70,1.10,25090.70,0.75,106575,4875,5606,11247429806.25,1170,F1,75,,,,,
2025-07-21,2025-07-21,FO,NSE,IDO,49543,,NIFTY,,2025-07-24,2025-07-24,25450.00,CE,NIFTY2572425450CE,18.55,20.65,8.15,13.35,11.85,17.50,25090.70,13.35,1839825,-208200,665019,1270024285260.00,224386,F1,75,,,,,
2025-07-21,2025-07-21,FO,NSE,IDO,49469,,NIFTY,,2025-07-24,2025-07-24,24600.00,CE,NIFTY2572424600CE,439.60,531.80,323.70,516.35,527.50,439.60,25090.70,516.35,47925,-16800,10015,18798918412.50,6571,F1,75,,,,,
2025-07-21,2025-07-21,FO,NSE,IDO,60498,,NIFTY,,2025-09-25,2025-09-25,25450.00,PE,NIFTY25SEP25450PE,598.00,598.00,519.00,521.15,519.00,599.80,25090.70,521.15,4125,-150,5,9746205.00,4,F1,75,,,,,
2025-07-21,2025-07-21,FO,NSE,IDO,60504,,NIFTY,,2025-09-25,2025-09-25,25600.00,PE,NIFTY25SEP25600PE,681.60,709.00,591.50,596.75,591.50,666.55,25090.70,596.75,15825,-1125,46,90519165.00,42,F1,75,,,,,
2025-07-21,2025-07-21,FO,NSE,IDO,60553,,NIFTY,,2025-09-25,2025-09-25,26100.00,PE,NIFTY25SEP26100PE,0.00,0.00,0.00,1017.40,1017.40,1017.40,25090.70,1128.10,900,0,0,0.00,0,F1,75,,,,,
2025-07-21,2025-07-21,FO,NSE,IDO,60606,,NIFTY,,2025-09-25,2025-09-25,26900.00,PE,NIFTY25SEP26900PE,0.00,0.00,0.00,1559.00,1559.00,1559.00,25090.70,1716.85,750,0,0,0.00,0,F1,75,,,,,
2025-07-21,2025-07-21,FO,NSE,IDO,62955,,NIFTY,,2026-03-26,2026-03-26,30000.00,PE,NIFTY26MAR30000PE,0.00,0.00,0.00,4604.45,0.00,4604.45,25090.70,3987.80,0,0,0,0.00,0,F1,75,,,,,
2025-07-21,2025-07-21,FO,NSE,IDO,58641,,NIFTY,,2026-12-31,2026-12-31,18000.00,PE,NIFTY26DEC18000PE,0.00,0.00,0.00,132.00,132.00,132.00,25090.70,24.00,5950,0,0,0.00,0,F1,75,,,,,
2025-07-21,2025-07-21,FO,NSE,IDO,58645,,NIFTY,,2026-12-31,2026-12-31,20000.00,PE,NIFTY26DEC20000PE,0.00,0.00,0.00,241.00,241.00,241.00,25090.70,99.55,12325,0,0,0.00,0,F1,75,,,,,
2025-07-21,2025-07-21,FO,NSE,IDO,50548,,NIFTY,,2026-12-31,2026-12-31,28000.00,PE,NIFTY26DEC28000PE,1955.20,1955.20,1901.00,1913.70,1901.00,1935.50,25090.70,1913.70,7050,450,10,22442508.75,9,F1,75,,,,,
2025-07-21,2025-07-21,FO,NSE,IDO,38159,,NIFTY,,2026-12-31,2026-12-31,29000.00,PE,NIFTY26DEC29000PE,0.00,0.00,0.00,5042.25,0.00,5042.25,25090.70,2844.70,0,0,0,0.00,0,F1,75,,,,,
2025-07-21,2025-07-21,FO,NSE,IDO,86164,,NIFTY,,2028-06-29,2028-06-29,27000.00,PE,NIFTY28JUN27000PE,0.00,0.00,0.00,2752.35,0.00,2752.35,25090.70,1592.25,0,0,0,0.00,0,F1,75,,,,,
2025-07-21,2025-07-21,FO,NSE,IDO,89625,,NIFTY,,2029-06-28,2029-06-28,21000.00,PE,NIFTY29JUN21000PE,0.00,0.00,0.00,320.25,0.00,320.25,25090.70,311.30,0,0,0,0.00,0,F1,75,,,,,
2025-07-21,2025-07-21,FO,NSE,IDO,89639,,NIFTY,,2029-06-28,2029-06-28,28000.00,PE,NIFTY29JUN28000PE,0.00,0.00,0.00,1488.10,0.00,1488.10,25090.70,1753.95,0,0,0,0.00,0,F1,75,,,,,
2025-07-21,2025-07-21,FO,NSE,IDO,61411,,NIFTY,,2029-12-27,2029-12-27,20000.00,PE,NIFTY29DEC20000PE,0.00,0.00,0.00,202.30,0.00,202.30,25090.70,226.70,0,0,0,0.00,0,F1,75,,,,,
2025-07-21,2025-07-21,FO,NSE,IDO,61745,,NIFTY,,2029-12-27,2029-12-27,22000.00,PE,NIFTY29DEC22000PE,0.00,0.00,0.00,373.65,0.00,373.65,25090.70,427.15,0,0,0,0.00,0,F1,75,,,,,
2025-07-21,2025-07-21,FO,NSE,IDO,60941,,NIFTY,,2030-06-25,2030-06-25,31000.00,PE,NIFTY30JUN31000PE,0.00,0.00,0.00,2424.00,0.00,2424.00,25090.70,2508.55,0,0,0,0.00,0,F1,75,,,,,
2025-07-21,2025-07-21,FO,NSE,IDO,47487,,NIFTY,,2025-08-21,2025-08-21,26650.00,PE,NIFTY2582126650PE,0.00,0.00,0.00,1482.35,0.00,1482.35,25090.70,1498.25,0,0,0,0.00,0,F1,75,,,,,
2025-07-21,2025-07-21,FO,NSE,IDO,60401,,NIFTY,,2025-09-25,2025-09-25,24300.00,PE,NIFTY25SEP24300PE,186.05,202.70,149.60,154.90,149.60,188.40,25090.70,154.90,376650,2250,215,394642447.50,111,F1,75,,,,,
2025-07-21,2025-07-21,FO,NSE,IDO,60392,,NIFTY,,2025-09-25,2025-09-25,24250.00,PE,NIFTY25SEP24250PE,146.65,146.65,146.65,146.65,146.65,187.70,25090.70,146.65,7950,-450,6,10978492.50,1,F1,75,,,,,
2025-07-21,2025-07-21,FO,NSE,IDO,60390,,NIFTY,,2025-09-25,2025-09-25,24200.00,PE,NIFTY25SEP24200PE,167.10,178.05,133.20,135.95,133.80,166.80,25090.70,135.95,320100,13425,482,880363657.50,290,F1,75,,,,,
2025-07-21,2025-07-21,FO,NSE,IDO,64683,,NIFTY,,2025-09-25,2025-09-25,19000.00,PE,NIFTY25SEP19000PE,7.50,9.00,7.35,8.25,7.95,7.50,25090.70,8.25,161625,2175,152,216692820.00,54,F1,75,,,,,
2025-07-21,2025-07-21,FO,NSE,IDO,72361,,NIFTY,,2025-08-28,2025-08-28,27400.00,PE,NIFTY25AUG27400PE,0.00,0.00,0.00,1989.55,1989.70,1989.55,25090.70,2173.00,1125,0,0,0.00,0,F1,75,,,,,
2025-07-21,2025-07-21,FO,NSE,IDO,72339,,NIFTY,,2025-08-28,2025-08-28,27050.00,PE,NIFTY25AUG27050PE,0.00,0.00,0.00,1653.50,1653.00,1653.50,25090.70,1851.10,300,0,0,0.00,0,F1,75,,,,,
2025-07-21,2025-07-21,FO,NSE,IDO,72317,,NIFTY,,2025-08-28,2025-08-28,26600.00,PE,NIFTY25AUG26600PE,1505.00,1505.00,1395.85,1396.75,1396.75,1455.85,25090.70,1458.65,1575,300,10,21062445.00,7,F1,75,,,,,
2025-07-21,2025-07-21,FO,NSE,IDO,72312,,NIFTY,,2025-08-28,2025-08-28,26550.00,PE,NIFTY25AUG26550PE,1454.40,1454.40,1328.50,1329.95,1328.50,1410.70,25090.70,1329.95,900,150,10,20984632.50,8,F1,75,,,,,
2025-07-21,2025-07-21,FO,NSE,IDO,72123,,NIFTY,,2025-08-28,2025-08-28,26300.00,PE,NIFTY25AUG26300PE,1223.80,1223.80,1100.00,1103.50,1102.00,1200.00,25090.70,1103.50,7575,450,14,28834151.25,10,F1,75,,,,,
2025-07-21,2025-07-21,FO,NSE,IDO,72116,,NIFTY,,2025-08-28,2025-08-28,26150.00,PE,NIFTY25AUG26150PE,1087.40,1087.40,1003.95,1003.95,1003.95,1045.85,25090.70,1101.25,1425,225,13,26550206.25,6,F1,75,,,,,
2025-07-21,2025-07-21,FO,NSE,IDO,72043,,NIFTY,,2025-08-28,2025-08-28,25350.00,PE,NIFTY25AUG25350PE,518.00,520.00,390.95,398.55,392.50,473.50,25090.70,398.55,17100,-600,125,241838328.75,75,F1,75,,,,,
2025-07-21,2025-07-21,FO,NSE,IDO,71961,,NIFTY,,2025-08-28,2025-08-28,24650.00,PE,NIFTY25AUG24650PE,181.05,201.40,138.10,140.35,138.10,181.80,25090.70,140.35,12675,1950,166,308900808.75,87,F1,75,,,,,
2025-07-21,2025-07-21,FO,NSE,IDO,71949,,NIFTY,,2025-08-28,2025-08-28,24350.00,PE,NIFTY25AUG24350PE,119.80,125.95,84.90,86.85,84.90,116.60,25090.70,86.85,35025,2775,129,236533335.00,76,F1,75,,,,,
2025-07-21,2025-07-21,FO,NSE,IDO,71937,,NIFTY,,2025-08-28,2025-08-28,24100.00,PE,NIFTY25AUG24100PE,82.25,87.55,57.10,60.65,57.15,80.05,25090.70,60.65,180450,11775,2215,4015015121.25,1591,F1,75,,,,,
2025-07-21,2025-07-21,FO,NSE,IDO,71929,,NIFTY,,2025-08-28,2025-08-28,23900.00,PE,NIFTY25AUG23900PE,60.20,64.30,43.30,45.10,43.50,59.95,25090.70,45.10,236175,23100,4597,8257820677.50,3651,F1,75,,,,,
2025-07-21,2025-07-21,FO,NSE,IDO,71915,,NIFTY,,2025-08-28,2025-08-28,23650.00,PE,NIFTY25AUG23650PE,44.00,44.50,31.50,32.35,31.70,42.60,25090.70,32.35,12000,900,46,81714997.50,26,F1,75,,,,,
2025-07-21,2025-07-21,FO,NSE,IDO,71913,,NIFTY,,2025-08-28,2025-08-28,23600.00,PE,NIFTY25AUG23600PE,39.10,41.00,29.00,30.30,29.00,40.35,25090.70,30.30,208500,12975,596,1056374366.25,364,F1,75,,,,,
2025-07-21,2025-07-21,FO,NSE,IDO,71863,,NIFTY,,2025-08-28,2025-08-28,23450.00,PE,NIFTY25AUG23450PE,0.00,0.00,0.00,101.95,101.95,101.95,25090.70,47.45,1650,0,0,0.00,0,F1,75,,,,,
2025-07-21,2025-07-21,FO,NSE,IDO,71844,,NIFTY,,2025-08-28,2025-08-28,23050.00,PE,NIFTY25AUG23050PE,31.35,31.35,19.45,19.50,19.50,18.60,25090.70,22.10,4575,-825,19,32875365.00,7,F1,75,,,,,
2025-07-21,2025-07-21,FO,NSE,IDO,46961,,NIFTY,,2025-08-21,2025-08-21,23350.00,CE,NIFTY2582123350CE,0.00,0.00,0.00,1929.90,0.00,1929.90,25090.70,1887.40,0,0,0,0.00,0,F1,75,,,,,
2025-07-21,2025-07-21,FO,NSE,IDO,47073,,NIFTY,,2025-08-21,2025-08-21,23800.00,CE,NIFTY2582123800CE,0.00,0.00,0.00,1524.20,0.00,1524.20,25090.70,1477.50,0,0,0,0.00,0,F1,75,,,,,
2025-07-21,2025-07-21,FO,NSE,IDO,47125,,NIFTY,,2025-08-21,2025-08-21,24100.00,CE,NIFTY2582124100CE,0.00,0.00,0.00,1272.05,0.00,1272.05,25090.70,1222.60,0,0,0,0.00,0,F1,75,,,,,
2025-07-21,2025-07-21,FO,NSE,IDO,47307,,NIFTY,,2025-08-21,2025-08-21,25450.00,CE,NIFTY2582125450CE,0.00,0.00,0.00,421.85,0.00,421.85,25090.70,375.40,0,0,0,0.00,0,F1,75,,,,,
2025-07-21,2025-07-21,FO,NSE,IDO,47451,,NIFTY,,2025-08-21,2025-08-21,26500.00,CE,NIFTY2582126500CE,44.85,44.85,19.00,26.85,19.35,121.55,25090.70,26.85,600,600,11,21884647.50,9,F1,75,,,,,
2025-07-21,2025-07-21,FO,NSE,IDO,71843,,NIFTY,,2025-08-28,2025-08-28,23050.00,CE,NIFTY25AUG23050CE,0.00,0.00,0.00,2213.10,2213.10,2213.10,25090.70,2208.50,75,0,0,0.00,0,F1,75,,,,,
2025-07-21,2025-07-21,FO,NSE,IDO,71847,,NIFTY,,2025-08-28,2025-08-28,23150.00,CE,NIFTY25AUG23150CE,0.00,0.00,0.00,2235.00,2235.00,2235.00,25090.70,2114.05,225,0,0,0.00,0,F1,75,,,,,
2025-07-21,2025-07-21,FO,NSE,IDO,71864,,NIFTY,,2025-08-28,2025-08-28,23500.00,CE,NIFTY25AUG23500CE,1630.00,1750.30,1561.00,1703.00,1703.00,1660.25,25090.70,1791.10,23325,4050,69,130326453.75,60,F1,75,,,,,
2025-07-21,2025-07-21,FO,NSE,IDO,71968,,NIFTY,,2025-08-28,2025-08-28,24850.00,CE,NIFTY25AUG24850CE,518.05,584.00,461.70,579.20,578.45,537.15,25090.70,579.20,4125,-675,61,116066647.50,51,F1,75,,,,,
2025-07-21,2025-07-21,FO,NSE,IDO,72074,,NIFTY,,2025-08-28,2025-08-28,25400.00,CE,NIFTY25AUG25400CE,250.00,272.30,195.50,262.95,261.00,246.75,25090.70,262.95,242175,38775,2916,5608711417.50,1765,F1,75,,,,,
2025-07-21,2025-07-21,FO,NSE,IDO,72124,,NIFTY,,2025-08-28,2025-08-28,26350.00,CE,NIFTY25AUG26350CE,39.30,44.85,31.50,39.50,40.30,40.05,25090.70,39.50,14550,1950,141,279042498.75,123,F1,75,,,,,
2025-07-21,2025-07-21,FO,NSE,IDO,72330,,NIFTY,,2025-08-28,2025-08-28,26850.00,CE,NIFTY25AUG26850CE,0.00,0.00,0.00,68.70,68.70,68.70,25090.70,83.60,150,0,0,0.00,0,F1,75,,,,,
2025-07-21,2025-07-21,FO,NSE,IDO,64684,,NIFTY,,2025-09-25,2025-09-25,20000.00,CE,NIFTY25SEP20000CE,5161.75,5295.00,5161.75,5282.95,5282.95,5208.35,25090.70,5282.95,107625,-825,15,28425180.00,15,F1,75,,,,,
2025-07-21,2025-07-21,FO,NSE,IDO,64688,,NIFTY,,2025-09-25,2025-09-25,22000.00,CE,NIFTY25SEP22000CE,3219.70,3354.75,3219.70,3351.70,3354.75,3261.70,25090.70,3351.70,166725,0,43,81551958.75,43,F1,75,,,,,
2025-07-21,2025-07-21,FO,NSE,IDO,60391,,NIFTY,,2025-09-25,2025-09-25,24250.00,CE,NIFTY25SEP24250CE,0.00,0.00,0.00,1381.20,1381.20,1381.20,25090.70,1375.05,150,0,0,0.00,0,F1,75,,,,,
2025-07-21,2025-07-21,FO,NSE,IDO,60453,,NIFTY,,2025-09-25,2025-09-25,24600.00,CE,NIFTY25SEP24600CE,959.90,986.75,959.90,986.60,986.20,940.60,25090.70,986.60,975,-375,5,9592091.25,5,F1,75,,,,,
2025-07-21,2025-07-21,FO,NSE,IDO,60457,,NIFTY,,2025-09-25,2025-09-25,24700.00,CE,NIFTY25SEP24700CE,820.00,913.75,820.00,877.10,877.10,863.55,25090.70,1069.70,1200,0,6,11512552.50,6,F1,75,,,,,
2025-07-21,2025-07-21,FO,NSE,IDO,60489,,NIFTY,,2025-09-25,2025-09-25,25250.00,CE,NIFTY25SEP25250CE,493.65,559.50,472.50,526.90,526.90,531.25,25090.70,757.00,4050,525,43,83023488.75,28,F1,75,,,,,
2025-07-21,2025-07-21,FO,NSE,IDO,40011,,NIFTY,,2025-08-07,2025-08-07,26500.00,CE,NIFTY2580726500CE,7.20,8.20,5.25,6.25,5.90,7.25,25090.70,6.25,143550,6750,2583,5134969477.50,1129,F1,75,,,,,
2025-07-21,2025-07-21,FO,NSE,IDO,40089,,NIFTY,,2025-08-07,2025-08-07,27000.00,CE,NIFTY2580727000CE,3.00,3.95,2.60,3.40,3.40,3.20,25090.70,3.40,114600,32025,676,1369072211.25,261,F1,75,,,,,
2025-07-21,2025-07-21,FO,NSE,IDO,44366,,NIFTY,,2025-08-14,2025-08-14,23250.00,CE,NIFTY2581423250CE,0.00,0.00,0.00,2258.40,0.00,2258.40,25090.70,1943.10,0,0,0,0.00,0,F1,75,,,,,
2025-07-21,2025-07-21,FO,NSE,IDO,44404,,NIFTY,,2025-08-14,2025-08-14,23650.00,CE,NIFTY2581423650CE,0.00,0.00,0.00,1882.50,0.00,1882.50,25090.70,1563.70,0,0,0,0.00,0,F1,75,,,,,
2025-07-21,2025-07-21,FO,NSE,IDO,44454,,NIFTY,,2025-08-14,2025-08-14,24100.00,CE,NIFTY2581424100CE,0.00,0.00,0.00,1482.25,0.00,1482.25,25090.70,1163.55,0,0,0,0.00,0,F1,75,,,,,
2025-07-21,2025-07-21,FO,NSE,IDO,44470,,NIFTY,,2025-08-14,2025-08-14,24450.00,CE,NIFTY2581424450CE,0.00,0.00,0.00,1195.35,0.00,1195.35,25090.70,883.45,0,0,0,0.00,0,F1,75,,,,,
2025-07-21,2025-07-21,FO,NSE,IDO,44490,,NIFTY,,2025-08-14,2025-08-14,24550.00,CE,NIFTY2581424550CE,0.00,0.00,0.00,1118.25,0.00,1118.25,25090.70,809.70,0,0,0,0.00,0,F1,75,,,,,
2025-07-21,2025-07-21,FO,NSE,IDO,44550,,NIFTY,,2025-08-14,2025-08-14,25450.00,CE,NIFTY2581425450CE,132.65,161.50,107.25,136.40,136.40,143.85,25090.70,306.15,900,-225,40,76761603.75,40,F1,75,,,,,
2025-07-21,2025-07-21,FO,NSE,IDO,44633,,NIFTY,,2025-08-14,2025-08-14,27000.00,CE,NIFTY2581427000CE,0.00,0.00,0.00,90.30,0.00,90.30,25090.70,22.70,0,0,0,0.00,0,F1,75,,,,,
2025-07-21,2025-07-21,FO,NSE,IDO,47095,,NIFTY,,2025-08-21,2025-08-21,23950.00,CE,NIFTY2582123950CE,0.00,0.00,0.00,1395.95,0.00,1395.95,25090.70,1347.80,0,0,0,0.00,0,F1,75,,,,,
2025-07-21,2025-07-21,FO,NSE,IDO,39888,,NIFTY,,2025-08-07,2025-08-07,25400.00,CE,NIFTY2580725400CE,105.30,128.70,74.65,118.00,120.60,110.20,25090.70,118.00,117750,61125,3767,7207089450.00,2729,F1,75,,,,,
2025-07-21,2025-07-21,FO,NSE,IDO,39856,,NIFTY,,2025-08-07,2025-08-07,24750.00,CE,NIFTY2580724750CE,367.75,499.35,363.20,490.55,496.05,443.00,25090.70,490.55,3075,2325,66,124693653.75,48,F1,75,,,,,
2025-07-21,2025-07-21,FO,NSE,IDO,39822,,NIFTY,,2025-08-07,2025-08-07,24450.00,CE,NIFTY2580724450CE,745.60,745.60,745.60,745.60,745.60,1240.35,25090.70,812.55,75,75,1,1889670.00,1,F1,75,,,,,
2025-07-21,2025-07-21,FO,NSE,IDO,39669,,NIFTY,,2025-08-07,2025-08-07,23450.00,CE,NIFTY2580723450CE,0.00,0.00,0.00,2118.45,0.00,2118.45,25090.70,1713.50,0,0,0,0.00,0,F1,75,,,,,
2025-07-21,2025-07-21,FO,NSE,IDO,39651,,NIFTY,,2025-08-07,2025-08-07,23350.00,CE,NIFTY2580723350CE,0.00,0.00,0.00,2213.10,0.00,2213.10,25090.70,1811.10,0,0,0,0.00,0,F1,75,,,,,
2025-07-21,2025-07-21,FO,NSE,IDO,55907,,NIFTY,,2025-07-31,2025-07-31,27250.00,CE,NIFTY25JUL27250CE,1.45,1.55,1.40,1.50,1.55,1.50,25090.70,1.50,5175,75,5,10219290.00,5,F1,75,,,,,
2025-07-21,2025-07-21,FO,NSE,IDO,55897,,NIFTY,,2025-07-31,2025-07-31,27000.00,CE,NIFTY25JUL27000CE,1.55,1.80,1.35,1.45,1.35,1.55,25090.70,1.45,1693800,-14475,11714,23722192350.00,2232,F1,75,,,,,
2025-07-21,2025-07-21,FO,NSE,IDO,55869,,NIFTY,,2025-07-31,2025-07-31,26500.00,CE,NIFTY25JUL26500CE,2.95,3.70,2.10,2.35,2.30,2.65,25090.70,2.35,3167250,43200,26921,53510666336.25,8666,F1,75,,,,,
2025-07-21,2025-07-21,FO,NSE,IDO,55853,,NIFTY,,2025-07-31,2025-07-31,26100.00,CE,NIFTY25JUL26100CE,6.70,8.45,5.05,5.65,5.25,7.10,25090.70,5.65,635625,64275,23237,45496898763.75,11018,F1,75,,,,,
2025-07-21,2025-07-21,FO,NSE,IDO,55837,,NIFTY,,2025-07-31,2025-07-31,25750.00,CE,NIFTY25JUL25750CE,20.05,22.70,12.10,17.65,17.45,19.90,25090.70,17.65,314925,-7350,12035,23258286495.00,6907,F1,75,,,,,
2025-07-21,2025-07-21,FO,NSE,IDO,55829,,NIFTY,,2025-07-31,2025-07-31,25550.00,CE,NIFTY25JUL25550CE,32.90,44.50,22.15,36.55,36.85,38.90,25090.70,36.55,398625,-8700,24450,46915167791.25,16393,F1,75,,,,,
2025-07-21,2025-07-21,FO,NSE,IDO,55821,,NIFTY,,2025-07-31,2025-07-31,25450.00,CE,NIFTY25JUL25450CE,54.30,62.20,30.40,53.00,53.30,53.40,25090.70,53.00,430275,71775,25870,49471810518.75,17004,F1,75,,,,,
2025-07-21,2025-07-21,FO,NSE,IDO,55807,,NIFTY,,2025-07-31,2025-07-31,25200.00,CE,NIFTY25JUL25200CE,117.85,140.95,71.00,129.20,130.75,117.85,25090.70,129.20,3009975,31575,114001,216415319088.75,71860,F1,75,,,,,
2025-07-21,2025-07-21,FO,NSE,IDO,55767,,NIFTY,,2025-07-31,2025-07-31,24250.00,CE,NIFTY25JUL24250CE,840.25,895.00,825.00,895.00,895.00,800.90,25090.70,895.00,1200,-150,7,13178718.75,7,F1,75,,,,,
2025-07-21,2025-07-21,FO,NSE,IDO,55757,,NIFTY,,2025-07-31,2025-07-31,24000.00,CE,NIFTY25JUL24000CE,1013.00,1141.55,938.15,1127.50,1137.00,1050.75,25090.70,1127.50,881175,83700,4126,7759843597.50,3147,F1,75,,,,,
2025-07-21,2025-07-21,FO,NSE,IDO,55693,,NIFTY,,2025-07-31,2025-07-31,22800.00,CE,NIFTY25JUL22800CE,0.00,0.00,0.00,2450.00,2450.00,2450.00,25090.70,2328.05,8475,0,0,0.00,0,F1,75,,,,,
2025-07-21,2025-07-21,FO,NSE,IDO,55685,,NIFTY,,2025-07-31,2025-07-31,22600.00,CE,NIFTY25JUL22600CE,0.00,0.00,0.00,2674.40,2675.70,2674.40,25090.70,2527.70,5025,0,0,0.00,0,F1,75,,,,,
2025-07-21,2025-07-21,FO,NSE,IDO,55681,,NIFTY,,2025-07-31,2025-07-31,22500.00,CE,NIFTY25JUL22500CE,2489.90,2631.75,2425.00,2625.70,2631.75,2530.25,25090.70,2625.70,840750,-1575,201,377003790.00,113,F1,75,,,,,
2025-07-21,2025-07-21,FO,NSE,IDO,49613,,NIFTY,,2025-07-24,2025-07-24,26350.00,CE,NIFTY2572426350CE,1.25,1.60,0.75,0.90,0.75,1.35,25090.70,0.90,618600,-75900,45428,89780776792.50,10923,F1,75,,,,,
2025-07-21,2025-07-21,FO,NSE,IDO,49555,,NIFTY,,2025-07-24,2025-07-24,25600.00,CE,NIFTY2572425600CE,6.10,9.65,4.50,5.75,4.85,8.80,25090.70,5.75,4671225,1142700,825217,1584807011568.75,200640,F1,75,,,,,
2025-07-21,2025-07-21,FO,NSE,IDO,49492,,NIFTY,,2025-07-24,2025-07-24,25100.00,CE,NIFTY2572425100CE,90.35,113.90,41.10,96.55,97.00,88.20,25090.70,96.55,7521000,169350,3836875,7247643120480.00,1876989,F1,75,,,,,
2025-07-21,2025-07-21,FO,NSE,IDO,49490,,NIFTY,,2025-07-24,2025-07-24,25050.00,CE,NIFTY2572425050CE,111.20,141.50,52.40,124.75,127.45,109.40,25090.70,124.75,2375850,180225,2465975,4653103082088.75,1418826,F1,75,,,,,
2025-07-21,2025-07-21,FO,NSE,IDO,49363,,NIFTY,,2025-07-24,2025-07-24,23050.00,CE,NIFTY2572423050CE,0.00,0.00,0.00,2160.65,2160.65,2160.65,25090.70,2052.05,450,0,0,0.00,0,F1,75,,,,,
2025-07-21,2025-07-21,FO,NSE,IDO,47205,,NIFTY,,2025-08-21,2025-08-21,24700.00,CE,NIFTY2582124700CE,0.00,0.00,0.00,829.40,0.00,829.40,25090.70,777.25,0,0,0,0.00,0,F1,75,,,,,
2025-07-21,2025-07-21,FO,NSE,IDO,47248,,NIFTY,,2025-08-21,2025-08-21,25050.00,CE,NIFTY2582125050CE,331.65,401.90,331.65,401.90,401.90,617.80,25090.70,401.90,150,150,8,15246251.25,8,F1,75,,,,,
2025-07-21,2025-07-21,FO,NSE,IDO,47320,,NIFTY,,2025-08-21,2025-08-21,25550.00,CE,NIFTY2582125550CE,0.00,0.00,0.00,380.50,0.00,380.50,25090.70,335.60,0,0,0,0.00,0,F1,75,,,,,
2025-07-21,2025-07-21,FO,NSE,IDO,47348,,NIFTY,,2025-08-21,2025-08-21,25950.00,CE,NIFTY2582125950CE,0.00,0.00,0.00,243.90,0.00,243.90,25090.70,206.60,0,0,0,0.00,0,F1,75,,,,,
2025-07-21,2025-07-21,FO,NSE,IDO,71851,,NIFTY,,2025-08-28,2025-08-28,23250.00,CE,NIFTY25AUG23250CE,0.00,0.00,0.00,2475.00,2475.00,2475.00,25090.70,2020.45,75,0,0,0.00,0,F1,75,,,,,
2025-07-21,2025-07-21,FO,NSE,IDO,71938,,NIFTY,,2025-08-28,2025-08-28,24150.00,CE,NIFTY25AUG24150CE,1049.65,1052.45,989.85,989.85,989.85,1301.10,25090.70,1238.70,375,150,8,15113148.75,6,F1,75,,,,,
2025-07-21,2025-07-21,FO,NSE,IDO,71940,,NIFTY,,2025-08-28,2025-08-28,24200.00,CE,NIFTY25AUG24200CE,956.40,1096.95,956.40,1086.25,1096.90,1025.00,25090.70,1086.25,4725,975,19,35991063.75,17,F1,75,,,,,
2025-07-21,2025-07-21,FO,NSE,IDO,71960,,NIFTY,,2025-08-28,2025-08-28,24650.00,CE,NIFTY25AUG24650CE,652.05,716.45,602.60,709.30,709.30,673.80,25090.70,875.05,3300,-600,13,24684502.50,10,F1,75,,,,,
2025-07-21,2025-07-21,FO,NSE,IDO,71962,,NIFTY,,2025-08-28,2025-08-28,24700.00,CE,NIFTY25AUG24700CE,615.00,691.20,551.55,682.45,685.15,638.10,25090.70,682.45,30600,-900,270,513047831.25,208,F1,75,,,,,
2025-07-21,2025-07-21,FO,NSE,IDO,71966,,NIFTY,,2025-08-28,2025-08-28,24800.00,CE,NIFTY25AUG24800CE,547.55,620.00,489.05,612.25,613.50,569.80,25090.70,612.25,45450,3450,872,1658959698.75,571,F1,75,,,,,
2025-07-21,2025-07-21,FO,NSE,IDO,72098,,NIFTY,,2025-08-28,2025-08-28,25750.00,CE,NIFTY25AUG25750CE,127.00,148.80,100.70,138.65,138.95,130.95,25090.70,138.65,20925,3225,293,568611476.25,185,F1,75,,,,,
2025-07-21,2025-07-21,FO,NSE,IDO,72115,,NIFTY,,2025-08-28,2025-08-28,26150.00,CE,NIFTY25AUG26150CE,52.10,67.75,45.60,59.35,59.70,59.65,25090.70,59.35,11550,-225,285,560174685.00,163,F1,75,,,,,
2025-07-21,2025-07-21,FO,NSE,IDO,72311,,NIFTY,,2025-08-28,2025-08-28,26550.00,CE,NIFTY25AUG26550CE,0.00,0.00,0.00,384.05,0.00,384.05,25090.70,125.45,0,0,0,0.00,0,F1,75,,,,,
2025-07-21,2025-07-21,FO,NSE,IDO,72334,,NIFTY,,2025-08-28,2025-08-28,26950.00,CE,NIFTY25AUG26950CE,0.00,0.00,0.00,290.45,0.00,290.45,25090.70,72.55,0,0,0,0.00,0,F1,75,,,,,
2025-07-21,2025-07-21,FO,NSE,IDO,72343,,NIFTY,,2025-08-28,2025-08-28,27150.00,CE,NIFTY25AUG27150CE,0.00,0.00,0.00,251.00,0.00,251.00,25090.70,54.15,0,0,0,0.00,0,F1,75,,,,,
2025-07-21,2025-07-21,FO,NSE,IDO,64686,,NIFTY,,2025-09-25,2025-09-25,21000.00,CE,NIFTY25SEP21000CE,4275.00,4349.45,4275.00,4335.50,4322.85,4245.30,25090.70,4335.50,426300,525,28,53110072.50,28,F1,75,,,,,
2025-07-21,2025-07-21,FO,NSE,IDO,60327,,NIFTY,,2025-09-25,2025-09-25,23300.00,CE,NIFTY25SEP23300CE,0.00,0.00,0.00,2703.00,0.00,2703.00,25090.70,2136.75,0,0,0,0.00,0,F1,75,,,,,
2025-07-21,2025-07-21,FO,NSE,IDO,60345,,NIFTY,,2025-09-25,2025-09-25,23650.00,CE,NIFTY25SEP23650CE,0.00,0.00,0.00,2402.45,0.00,2402.45,25090.70,1839.55,0,0,0,0.00,0,F1,75,,,,,
2025-07-21,2025-07-21,FO,NSE,IDO,60357,,NIFTY,,2025-09-25,2025-09-25,23850.00,CE,NIFTY25SEP23850CE,0.00,0.00,0.00,2038.05,2038.05,2038.05,25090.70,1677.65,75,0,0,0.00,0,F1,75,,,,,
2025-07-21,2025-07-21,FO,NSE,IDO,60384,,NIFTY,,2025-09-25,2025-09-25,24200.00,CE,NIFTY25SEP24200CE,0.00,0.00,0.00,1448.35,1448.35,1448.35,25090.70,1411.45,150,0,0,0.00,0,F1,75,,,,,
2025-07-21,2025-07-21,FO,NSE,IDO,60398,,NIFTY,,2025-09-25,2025-09-25,24300.00,CE,NIFTY25SEP24300CE,1178.00,1178.00,1178.00,1178.00,1178.00,1250.00,25090.70,1338.10,300,150,2,3821700.00,1,F1,75,,,,,
2025-07-21,2025-07-21,FO,NSE,IDO,60402,,NIFTY,,2025-09-25,2025-09-25,24350.00,CE,NIFTY25SEP24350CE,1085.90,1085.90,1085.90,1085.90,1085.90,1324.85,25090.70,1302.75,150,0,1,1907692.50,1,F1,75,,,,,
2025-07-21,2025-07-21,FO,NSE,IDO,60427,,NIFTY,,2025-09-25,2025-09-25,24400.00,CE,NIFTY25SEP24400CE,1136.40,1136.40,1136.35,1136.40,1136.35,1086.85,25090.70,1136.40,1050,-75,2,3830456.25,2,F1,75,,,,,
2025-07-21,2025-07-21,FO,NSE,IDO,60603,,NIFTY,,2025-09-25,2025-09-25,26850.00,CE,NIFTY25SEP26850CE,56.95,70.80,56.50,65.15,66.00,66.75,25090.70,65.15,39450,-675,189,381512317.50,84,F1,75,,,,,
2025-07-21,2025-07-21,FO,NSE,IDO,60605,,NIFTY,,2025-09-25,2025-09-25,26900.00,CE,NIFTY25SEP26900CE,0.00,0.00,0.00,486.75,0.00,486.75,25090.70,202.15,0,0,0,0.00,0,F1,75,,,,,
2025-07-21,2025-07-21,FO,NSE,IDO,47349,,NIFTY,,2025-08-21,2025-08-21,25950.00,PE,NIFTY2582125950PE,0.00,0.00,0.00,931.55,0.00,931.55,25090.70,932.05,0,0,0,0.00,0,F1,75,,,,,
2025-07-21,2025-07-21,FO,NSE,IDO,50448,,NIFTY,,2026-06-25,2026-06-25,15000.00,PE,NIFTY26JUN15000PE,0.00,0.00,0.00,20.20,20.20,20.20,25090.70,0.15,1000,0,0,0.00,0,F1,75,,,,,
2025-07-21,2025-07-21,FO,NSE,IDO,58623,,NIFTY,,2025-12-24,2025-12-24,22000.00,PE,NIFTY25DEC22000PE,70.65,72.95,64.25,65.10,64.50,70.85,25090.70,65.10,1326750,-1375,1011,1673236091.25,617,F1,75,,,,,
2025-07-21,2025-07-21,FO,NSE,IDO,60602,,NIFTY,,2025-09-25,2025-09-25,26800.00,PE,NIFTY25SEP26800PE,1627.00,1627.00,1627.00,1627.00,1627.00,1355.15,25090.70,1637.55,150,0,1,2132025.00,1,F1,75,,,,,
2025-07-21,2025-07-21,FO,NSE,IDO,60594,,NIFTY,,2025-09-25,2025-09-25,26600.00,PE,NIFTY25SEP26600PE,0.00,0.00,0.00,1377.00,1377.00,1377.00,25090.70,1484.45,300,0,0,0.00,0,F1,75,,,,,
2025-07-21,2025-07-21,FO,NSE,IDO,60565,,NIFTY,,2025-09-25,2025-09-25,26150.00,PE,NIFTY25SEP26150PE,0.00,0.00,0.00,874.25,874.25,874.25,25090.70,1161.55,525,0,0,0.00,0,F1,75,,,,,
2025-07-21,2025-07-21,FO,NSE,IDO,60511,,NIFTY,,2025-09-25,2025-09-25,25750.00,PE,NIFTY25SEP25750PE,698.55,699.80,698.55,699.80,699.80,752.10,25090.70,908.30,4875,0,2,3967376.25,2,F1,75,,,,,
2025-07-21,2025-07-21,FO,NSE,IDO,64695,,NIFTY,,2025-09-25,2025-09-25,25000.00,PE,NIFTY25SEP25000PE,392.00,422.40,328.05,335.95,328.85,388.30,25090.70,335.95,1950975,42750,4816,9162079211.25,2683,F1,75,,,,,
2025-07-21,2025-07-21,FO,NSE,IDO,60450,,NIFTY,,2025-09-25,2025-09-25,24500.00,PE,NIFTY25SEP24500PE,232.35,252.00,190.00,194.10,190.80,233.25,25090.70,194.10,496650,8700,2768,5130887501.25,1423,F1,75,,,,,
2025-07-21,2025-07-21,FO,NSE,IDO,71504,,NIFTY,,2026-12-31,2026-12-31,25000.00,PE,NIFTY26DEC25000PE,900.00,900.00,857.35,860.05,860.05,900.00,25090.70,860.05,48575,900,33,64043861.25,27,F1,75,,,,,
2025-07-21,2025-07-21,FO,NSE,IDO,71557,,NIFTY,,2027-06-24,2027-06-24,22000.00,PE,NIFTY27JUN22000PE,0.00,0.00,0.00,3995.40,0.00,3995.40,25090.70,351.20,0,0,0,0.00,0,F1,75,,,,,
2025-07-21,2025-07-21,FO,NSE,IDO,53617,,NIFTY,,2027-12-30,2027-12-30,22000.00,PE,NIFTY27DEC22000PE,0.00,0.00,0.00,495.00,495.00,495.00,25090.70,388.65,250,0,0,0.00,0,F1,75,,,,,
2025-07-21,2025-07-21,FO,NSE,IDO,53619,,NIFTY,,2027-12-30,2027-12-30,23000.00,PE,NIFTY27DEC23000PE,0.00,0.00,0.00,700.05,700.05,700.05,25090.70,552.95,2025,0,0,0.00,0,F1,75,,,,,
2025-07-21,2025-07-21,FO,NSE,IDO,89623,,NIFTY,,2029-06-28,2029-06-28,20000.00,PE,NIFTY29JUN20000PE,0.00,0.00,0.00,236.95,0.00,236.95,25090.70,219.50,0,0,0,0.00,0,F1,75,,,,,
2025-07-21,2025-07-21,FO,NSE,IDO,60905,,NIFTY,,2030-06-25,2030-06-25,24000.00,PE,NIFTY30JUN24000PE,0.00,0.00,0.00,698.15,0.00,698.15,25090.70,704.05,0,0,0,0.00,0,F1,75,,,,,
2025-07-21,2025-07-21,FO,NSE,IDO,60406,,NIFTY,,2025-09-25,2025-09-25,24350.00,PE,NIFTY25SEP24350PE,203.65,203.65,160.50,160.50,160.50,196.30,25090.70,160.50,5775,0,8,14728938.75,4,F1,75,,,,,
2025-07-21,2025-07-21,FO,NSE,IDO,60336,,NIFTY,,2025-09-25,2025-09-25,23450.00,PE,NIFTY25SEP23450PE,79.00,79.00,66.55,67.70,67.70,75.60,25090.70,109.85,5700,-225,8,14112071.25,5,F1,75,,,,,
2025-07-21,2025-07-21,FO,NSE,IDO,72357,,NIFTY,,2025-08-28,2025-08-28,27350.00,PE,NIFTY25AUG27350PE,0.00,0.00,0.00,1941.80,1941.80,1941.80,25090.70,2126.35,225,0,0,0.00,0,F1,75,,,,,
2025-07-21,2025-07-21,FO,NSE,IDO,72325,,NIFTY,,2025-08-28,2025-08-28,26700.00,PE,NIFTY25AUG26700PE,1604.60,1604.60,1492.10,1492.10,1492.10,1552.95,25090.70,1543.30,1350,525,10,21211923.75,7,F1,75,,,,,
2025-07-21,2025-07-21,FO,NSE,IDO,72158,,NIFTY,,2025-08-28,2025-08-28,26450.00,PE,NIFTY25AUG26450PE,1358.25,1358.25,1240.60,1241.25,1241.85,1102.45,25090.70,1241.25,1050,225,10,20838633.75,7,F1,75,,,,,
2025-07-21,2025-07-21,FO,NSE,IDO,72107,,NIFTY,,2025-08-28,2025-08-28,25950.00,PE,NIFTY25AUG25950PE,916.50,916.50,832.60,833.25,833.25,753.10,25090.70,954.90,1500,450,24,48303750.00,13,F1,75,,,,,
2025-07-21,2025-07-21,FO,NSE,IDO,72035,,NIFTY,,2025-08-28,2025-08-28,25200.00,PE,NIFTY25AUG25200PE,350.00,436.35,315.00,322.50,315.00,387.65,25090.70,322.50,1067025,122700,4970,9525039236.25,3962,F1,75,,,,,
2025-07-21,2025-07-21,FO,NSE,IDO,71967,,NIFTY,,2025-08-28,2025-08-28,24800.00,PE,NIFTY25AUG24800PE,234.20,254.70,171.80,180.55,179.75,226.25,25090.70,180.55,372000,48900,4312,8087116567.50,2578,F1,75,,,,,
2025-07-21,2025-07-21,FO,NSE,IDO,71945,,NIFTY,,2025-08-28,2025-08-28,24250.00,PE,NIFTY25AUG24250PE,104.35,110.85,73.10,74.30,73.20,100.40,25090.70,74.30,20100,3825,232,423397743.75,100,F1,75,,,,,
2025-07-21,2025-07-21,FO,NSE,IDO,71871,,NIFTY,,2025-08-28,2025-08-28,23500.00,PE,NIFTY25AUG23500PE,35.00,37.80,26.40,27.25,26.40,35.55,25090.70,27.25,653775,-38175,6767,11941753893.75,3522,F1,75,,,,,
2025-07-21,2025-07-21,FO,NSE,IDO,71861,,NIFTY,,2025-08-28,2025-08-28,23400.00,PE,NIFTY25AUG23400PE,22.10,32.70,22.10,24.25,24.00,31.85,25090.70,24.25,76575,9000,414,727391336.25,184,F1,75,,,,,
2025-07-21,2025-07-21,FO,NSE,IDO,71840,,NIFTY,,2025-08-28,2025-08-28,22950.00,PE,NIFTY25AUG22950PE,21.65,21.65,21.65,21.65,21.65,21.65,25090.70,18.00,2625,0,1,1722873.75,1,F1,75,,,,,
2025-07-21,2025-07-21,FO,NSE,IDO,47498,,NIFTY,,2025-08-21,2025-08-21,26750.00,PE,NIFTY2582126750PE,0.00,0.00,0.00,1568.65,0.00,1568.65,25090.70,1586.55,0,0,0,0.00,0,F1,75,,,,,
2025-07-21,2025-07-21,FO,NSE,IDO,47457,,NIFTY,,2025-08-21,2025-08-21,26500.00,PE,NIFTY2582126500PE,0.00,0.00,0.00,1356.05,0.00,1356.05,25090.70,1368.75,0,0,0,0.00,0,F1,75,,,,,
2025-07-21,2025-07-21,FO,NSE,IDO,47437,,NIFTY,,2025-08-21,2025-08-21,26350.00,PE,NIFTY2582126350PE,0.00,0.00,0.00,1233.85,0.00,1233.85,25090.70,1243.25,0,0,0,0.00,0,F1,75,,,,,
2025-07-21,2025-07-21,FO,NSE,IDO,47347,,NIFTY,,2025-08-21,2025-08-21,25900.00,PE,NIFTY2582125900PE,0.00,0.00,0.00,896.55,0.00,896.55,25090.70,895.95,0,0,0,0.00,0,F1,75,,,,,
2025-07-21,2025-07-21,FO,NSE,IDO,47312,,NIFTY,,2025-08-21,2025-08-21,25450.00,PE,NIFTY2582125450PE,0.00,0.00,0.00,612.45,0.00,612.45,25090.70,603.40,0,0,0,0.00,0,F1,75,,,,,
2025-07-21,2025-07-21,FO,NSE,IDO,47074,,NIFTY,,2025-08-21,2025-08-21,23800.00,PE,NIFTY2582123800PE,0.00,0.00,0.00,74.40,0.00,74.40,25090.70,64.00,0,0,0,0.00,0,F1,75,,,,,
2025-07-21,2025-07-21,FO,NSE,IDO,47054,,NIFTY,,2025-08-21,2025-08-21,23700.00,PE,NIFTY2582123700PE,0.00,0.00,0.00,62.65,0.00,62.65,25090.70,53.15,0,0,0,0.00,0,F1,75,,,,,
2025-07-21,2025-07-21,FO,NSE,IDO,44630,,NIFTY,,2025-08-14,2025-08-14,26950.00,PE,NIFTY2581426950PE,0.00,0.00,0.00,1534.70,0.00,1534.70,25090.70,1778.70,0,0,0,0.00,0,F1,75,,,,,
2025-07-21,2025-07-21,FO,NSE,IDO,44579,,NIFTY,,2025-08-14,2025-08-14,26100.00,PE,NIFTY2581426100PE,0.00,0.00,0.00,874.05,0.00,874.05,25090.70,1026.55,0,0,0,0.00,0,F1,75,,,,,
2025-07-21,2025-07-21,FO,NSE,IDO,44573,,NIFTY,,2025-08-14,2025-08-14,26000.00,PE,NIFTY2581426000PE,0.00,0.00,0.00,807.50,0.00,807.50,25090.70,947.50,0,0,0,0.00,0,F1,75,,,,,
2025-07-21,2025-07-21,FO,NSE,IDO,44523,,NIFTY,,2025-08-14,2025-08-14,25150.00,PE,NIFTY2581425150PE,336.55,336.55,247.00,253.70,248.10,323.20,25090.70,253.70,3000,75,13,24794047.50,13,F1,75,,,,,
2025-07-21,2025-07-21,FO,NSE,IDO,44457,,NIFTY,,2025-08-14,2025-08-14,24150.00,PE,NIFTY2581424150PE,0.00,0.00,0.00,93.90,0.00,93.90,25090.70,86.10,0,0,0,0.00,0,F1,75,,,,,
2025-07-21,2025-07-21,FO,NSE,IDO,44389,,NIFTY,,2025-08-14,2025-08-14,23450.00,PE,NIFTY2581423450PE,0.00,0.00,0.00,26.85,0.00,26.85,25090.70,18.70,0,0,0,0.00,0,F1,75,,,,,
2025-07-21,2025-07-21,FO,NSE,IDO,44367,,NIFTY,,2025-08-14,2025-08-14,23250.00,PE,NIFTY2581423250PE,0.00,0.00,0.00,17.75,0.00,17.75,25090.70,11.15,0,0,0,0.00,0,F1,75,,,,,
2025-07-21,2025-07-21,FO,NSE,IDO,58637,,NIFTY,,2026-12-31,2026-12-31,16000.00,PE,NIFTY26DEC16000PE,0.00,0.00,0.00,23.30,23.30,23.30,25090.70,3.70,2425,0,0,0.00,0,F1,75,,,,,
2025-07-21,2025-07-21,FO,NSE,IDO,44365,,NIFTY,,2025-08-14,2025-08-14,23200.00,PE,NIFTY2581423200PE,13.00,13.00,6.50,12.00,12.00,15.95,25090.70,9.75,225,225,5,8704237.50,5,F1,75,,,,,
2025-07-21,2025-07-21,FO,NSE,IDO,39958,,NIFTY,,2025-08-07,2025-08-07,26050.00,PE,NIFTY2580726050PE,0.00,0.00,0.00,813.40,0.00,813.40,25090.70,965.15,0,0,0,0.00,0,F1,75,,,,,
2025-07-21,2025-07-21,FO,NSE,IDO,39956,,NIFTY,,2025-08-07,2025-08-07,26000.00,PE,NIFTY2580726000PE,900.00,910.90,856.70,856.70,856.70,965.75,25090.70,856.70,6225,-75,38,76634201.25,24,F1,75,,,,,
2025-07-21,2025-07-21,FO,NSE,IDO,39926,,NIFTY,,2025-08-07,2025-08-07,25800.00,PE,NIFTY2580725800PE,787.25,865.05,692.00,715.00,715.00,769.85,25090.70,764.40,9375,375,16,31828297.50,8,F1,75,,,,,
2025-07-21,2025-07-21,FO,NSE,IDO,39877,,NIFTY,,2025-08-07,2025-08-07,25250.00,PE,NIFTY2580725250PE,367.95,403.50,256.70,267.75,257.15,343.70,25090.70,267.75,12750,-1800,79,151455495.00,51,F1,75,,,,,
2025-07-21,2025-07-21,FO,NSE,IDO,55884,,NIFTY,,2025-07-31,2025-07-31,26800.00,PE,NIFTY25JUL26800PE,0.00,0.00,0.00,1755.30,1755.65,1755.30,25090.70,1667.60,7950,0,0,0.00,0,F1,75,,,,,
2025-07-21,2025-07-21,FO,NSE,IDO,55880,,NIFTY,,2025-07-31,2025-07-31,26700.00,PE,NIFTY25JUL26700PE,0.00,0.00,0.00,1656.00,1656.00,1656.00,25090.70,1568.80,5700,0,0,0.00,0,F1,75,,,,,
2025-07-21,2025-07-21,FO,NSE,IDO,55850,,NIFTY,,2025-07-31,2025-07-31,26000.00,PE,NIFTY25JUL26000PE,960.00,1077.00,865.30,878.90,865.30,968.90,25090.70,878.90,1271775,31725,2749,5554249237.50,2316,F1,75,,,,,
2025-07-21,2025-07-21,FO,NSE,IDO,55840,,NIFTY,,2025-07-31,2025-07-31,25800.00,PE,NIFTY25JUL25800PE,807.05,879.95,672.10,682.50,679.30,779.60,25090.70,682.50,205275,-7500,361,719073247.50,249,F1,75,,,,,
2025-07-21,2025-07-21,FO,NSE,IDO,55838,,NIFTY,,2025-07-31,2025-07-31,25750.00,PE,NIFTY25JUL25750PE,819.55,819.55,631.85,631.85,631.85,763.20,25090.70,631.85,48600,-1200,68,134810261.25,40,F1,75,,,,,
2025-07-21,2025-07-21,FO,NSE,IDO,55836,,NIFTY,,2025-07-31,2025-07-31,25700.00,PE,NIFTY25JUL25700PE,713.00,788.95,579.20,591.15,587.20,684.30,25090.70,591.15,533250,-14550,732,1446856837.50,477,F1,75,,,,,
2025-07-21,2025-07-21,FO,NSE,IDO,55776,,NIFTY,,2025-07-31,2025-07-31,24400.00,PE,NIFTY25JUL24400PE,35.35,37.90,17.50,18.95,17.55,35.35,25090.70,18.95,1154400,246300,55913,102422018092.50,32876,F1,75,,,,,
2025-07-21,2025-07-21,FO,NSE,IDO,55770,,NIFTY,,2025-07-31,2025-07-31,24250.00,PE,NIFTY25JUL24250PE,21.70,24.80,11.85,12.85,11.85,24.85,25090.70,12.85,142200,50100,7405,13477101480.00,4934,F1,75,,,,,
2025-07-21,2025-07-21,FO,NSE,IDO,55758,,NIFTY,,2025-07-31,2025-07-31,24000.00,PE,NIFTY25JUL24000PE,14.50,14.80,6.50,7.40,6.50,14.65,25090.70,7.40,3392625,520425,76129,137087069928.75,32075,F1,75,,,,,
2025-07-21,2025-07-21,FO,NSE,IDO,55734,,NIFTY,,2025-07-31,2025-07-31,23450.00,PE,NIFTY25JUL23450PE,4.60,5.40,2.95,3.10,2.95,5.70,25090.70,3.10,48600,11175,955,1679884402.50,563,F1,75,,,,,
2025-07-21,2025-07-21,FO,NSE,IDO,55730,,NIFTY,,2025-07-31,2025-07-31,23350.00,PE,NIFTY25JUL23350PE,5.15,5.15,2.70,3.05,2.80,5.00,25090.70,3.05,50925,7650,1093,1914411386.25,576,F1,75,,,,,
2025-07-21,2025-07-21,FO,NSE,IDO,49672,,NIFTY,,2025-07-24,2025-07-24,27250.00,PE,NIFTY2572427250PE,0.00,0.00,0.00,1986.85,1986.90,1986.85,25090.70,2145.95,225,0,0,0.00,0,F1,75,,,,,
2025-07-21,2025-07-21,FO,NSE,IDO,49666,,NIFTY,,2025-07-24,2025-07-24,27200.00,PE,NIFTY2572427200PE,0.00,0.00,0.00,1936.80,1936.30,1936.80,25090.70,2095.95,300,0,0,0.00,0,F1,75,,,,,
2025-07-21,2025-07-21,FO,NSE,IDO,49642,,NIFTY,,2025-07-24,2025-07-24,26800.00,PE,NIFTY2572426800PE,0.00,0.00,0.00,1538.90,1538.40,1538.90,25090.70,1696.15,525,0,0,0.00,0,F1,75,,,,,
2025-07-21,2025-07-21,FO,NSE,IDO,49636,,NIFTY,,2025-07-24,2025-07-24,26750.00,PE,NIFTY2572426750PE,0.00,0.00,0.00,1488.95,1488.60,1488.95,25090.70,1646.20,525,0,0,0.00,0,F1,75,,,,,
2025-07-21,2025-07-21,FO,NSE,IDO,49570,,NIFTY,,2025-07-24,2025-07-24,25750.00,PE,NIFTY2572425750PE,755.40,832.60,636.55,645.85,636.55,734.10,25090.70,645.85,30975,-4050,156,309477577.50,130,F1,75,,,,,
2025-07-21,2025-07-21,FO,NSE,IDO,49548,,NIFTY,,2025-07-24,2025-07-24,25500.00,PE,NIFTY2572425500PE,500.00,606.50,385.05,400.60,390.00,495.25,25090.70,400.60,755850,-15000,18082,35197549953.75,11253,F1,75,,,,,
2025-07-21,2025-07-21,FO,NSE,IDO,49474,,NIFTY,,2025-07-24,2025-07-24,24700.00,PE,NIFTY2572424700PE,29.00,42.00,9.70,12.00,9.90,34.00,25090.70,12.00,3686925,924900,1055576,1957062592575.00,376769,F1,75,,,,,
2025-07-21,2025-07-21,FO,NSE,IDO,49464,,NIFTY,,2025-07-24,2025-07-24,24500.00,PE,NIFTY2572424500PE,14.80,16.00,4.60,5.70,4.85,16.15,25090.70,5.70,5767125,1610250,762659,1401866410627.50,218026,F1,75,,,,,
2025-07-21,2025-07-21,FO,NSE,IDO,49430,,NIFTY,,2025-07-24,2025-07-24,24100.00,PE,NIFTY2572424100PE,4.65,4.85,2.00,2.30,2.20,5.20,25090.70,2.30,2213475,957300,354560,640940910765.00,66142,F1,75,,,,,
2025-07-21,2025-07-21,FO,NSE,IDO,60936,,NIFTY,,2030-06-25,2030-06-25,30000.00,CE,NIFTY30JUN30000CE,0.00,0.00,0.00,5580.35,0.00,5580.35,25090.70,5043.05,0,0,0,0.00,0,F1,75,,,,,
2025-07-21,2025-07-21,FO,NSE,IDO,60912,,NIFTY,,2030-06-25,2030-06-25,28000.00,CE,NIFTY30JUN28000CE,0.00,0.00,0.00,6483.00,0.00,6483.00,25090.70,5928.00,0,0,0,0.00,0,F1,75,,,,,
2025-07-21,2025-07-21,FO,NSE,IDO,89626,,NIFTY,,2029-06-28,2029-06-28,22000.00,CE,NIFTY29JUN22000CE,0.00,0.00,0.00,9207.90,0.00,9207.90,25090.70,8211.15,0,0,0,0.00,0,F1,75,,,,,
2025-07-21,2025-07-21,FO,NSE,IDO,67790,,NIFTY,,2028-12-28,2028-12-28,28000.00,CE,NIFTY28DEC28000CE,0.00,0.00,0.00,3636.85,3636.85,3636.85,25090.70,4236.15,975,0,0,0.00,0,F1,75,,,,,
2025-07-21,2025-07-21,FO,NSE,IDO,86147,,NIFTY,,2028-06-29,2028-06-29,22000.00,CE,NIFTY28JUN22000CE,0.00,0.00,0.00,4759.50,0.00,4759.50,25090.70,7110.55,0,0,0,0.00,0,F1,75,,,,,
2025-07-21,2025-07-21,FO,NSE,IDO,35346,,NIFTY,,2027-12-30,2027-12-30,30000.00,CE,NIFTY27DEC30000CE,0.00,0.00,0.00,1877.70,0.00,1877.70,25090.70,2236.75,0,0,0,0.00,0,F1,75,,,,,
2025-07-21,2025-07-21,FO,NSE,IDO,53626,,NIFTY,,2027-12-30,2027-12-30,25000.00,CE,NIFTY27DEC25000CE,0.00,0.00,0.00,4575.00,4575.00,4575.00,25090.70,4560.05,75,0,0,0.00,0,F1,75,,,,,
2025-07-21,2025-07-21,FO,NSE,IDO,53607,,NIFTY,,2027-12-30,2027-12-30,20000.00,CE,NIFTY27DEC20000CE,0.00,0.00,0.00,5333.85,0.00,5333.85,25090.70,8025.70,0,0,0,0.00,0,F1,75,,,,,
2025-07-21,2025-07-21,FO,NSE,IDO,71560,,NIFTY,,2027-06-24,2027-06-24,24000.00,CE,NIFTY27JUN24000CE,0.00,0.00,0.00,2300.00,2300.00,2300.00,25090.70,4486.10,600,0,0,0.00,0,F1,75,,,,,
2025-07-21,2025-07-21,FO,NSE,IDO,71549,,NIFTY,,2027-06-24,2027-06-24,19000.00,CE,NIFTY27JUN19000CE,0.00,0.00,0.00,7800.00,7800.00,7800.00,25090.70,8272.10,75,0,0,0.00,0,F1,75,,,,,
2025-07-21,2025-07-21,FO,NSE,IDO,58626,,NIFTY,,2026-06-25,2026-06-25,22000.00,CE,NIFTY26JUN22000CE,0.00,0.00,0.00,2722.55,0.00,2722.55,25090.70,4508.10,0,0,0,0.00,0,F1,75,,,,,
2025-07-21,2025-07-21,FO,NSE,IDO,50543,,NIFTY,,2025-12-24,2025-12-24,28000.00,CE,NIFTY25DEC28000CE,121.80,134.05,111.20,129.25,128.25,124.60,25090.70,129.25,1305625,-18450,4812,10151914301.25,2307,F1,75,,,,,
2025-07-21,2025-07-21,FO,NSE,IDO,60595,,NIFTY,,2025-09-25,2025-09-25,26650.00,CE,NIFTY25SEP26650CE,0.00,0.00,0.00,242.50,242.50,242.50,25090.70,254.00,525,0,0,0.00,0,F1,75,,,,,
2025-07-21,2025-07-21,FO,NSE,IDO,60587,,NIFTY,,2025-09-25,2025-09-25,26450.00,CE,NIFTY25SEP26450CE,99.50,124.15,99.50,111.00,111.00,118.45,25090.70,302.30,3000,300,56,111534277.50,14,F1,75,,,,,
2025-07-21,2025-07-21,FO,NSE,IDO,60510,,NIFTY,,2025-09-25,2025-09-25,25750.00,CE,NIFTY25SEP25750CE,273.65,326.85,267.60,316.90,318.05,310.15,25090.70,316.90,8475,75,34,66417067.50,26,F1,75,,,,,
2025-07-21,2025-07-21,FO,NSE,IDO,60467,,NIFTY,,2025-09-25,2025-09-25,24850.00,CE,NIFTY25SEP24850CE,798.85,798.85,798.85,798.85,798.85,945.20,25090.70,798.85,225,0,1,1923663.75,1,F1,75,,,,,
2025-07-21,2025-07-21,FO,NSE,IDO,60465,,NIFTY,,2025-09-25,2025-09-25,24800.00,CE,NIFTY25SEP24800CE,796.70,840.00,728.00,839.20,837.55,804.00,25090.70,839.20,6675,375,47,90212925.00,45,F1,75,,,,,
2025-07-21,2025-07-21,FO,NSE,IDO,64690,,NIFTY,,2025-09-25,2025-09-25,23000.00,CE,NIFTY25SEP23000CE,2269.95,2383.35,2211.00,2373.40,2383.35,2309.10,25090.70,2373.40,259875,-5775,289,549117892.50,122,F1,75,,,,,
2025-07-21,2025-07-21,FO,NSE,IDO,72347,,NIFTY,,2025-08-28,2025-08-28,27200.00,CE,NIFTY25AUG27200CE,0.00,0.00,0.00,241.85,0.00,241.85,25090.70,50.20,0,0,0,0.00,0,F1,75,,,,,
2025-07-21,2025-07-21,FO,NSE,IDO,72112,,NIFTY,,2025-08-28,2025-08-28,26100.00,CE,NIFTY25AUG26100CE,60.35,73.35,50.00,66.50,66.25,66.00,25090.70,66.50,189000,-15900,5521,10832755248.75,3873,F1,75,,,,,
2025-07-21,2025-07-21,FO,NSE,IDO,71970,,NIFTY,,2025-08-28,2025-08-28,24900.00,CE,NIFTY25AUG24900CE,485.05,550.00,428.20,543.15,545.45,506.75,25090.70,543.15,40275,9450,1299,2474746507.50,976,F1,75,,,,,
2025-07-21,2025-07-21,FO,NSE,IDO,71954,,NIFTY,,2025-08-28,2025-08-28,24500.00,CE,NIFTY25AUG24500CE,765.05,848.35,694.10,836.25,843.45,787.50,25090.70,836.25,223800,1275,2290,4343374128.75,1376,F1,75,,,,,
2025-07-21,2025-07-21,FO,NSE,IDO,71944,,NIFTY,,2025-08-28,2025-08-28,24250.00,CE,NIFTY25AUG24250CE,0.00,0.00,0.00,962.00,962.00,962.00,25090.70,1161.05,1050,0,0,0.00,0,F1,75,,,,,
2025-07-21,2025-07-21,FO,NSE,IDO,71849,,NIFTY,,2025-08-28,2025-08-28,23200.00,CE,NIFTY25AUG23200CE,0.00,0.00,0.00,1911.00,1911.00,1911.00,25090.70,2067.10,3750,0,0,0.00,0,F1,75,,,,,
2025-07-21,2025-07-21,FO,NSE,IDO,47322,,NIFTY,,2025-08-21,2025-08-21,25600.00,CE,NIFTY2582125600CE,0.00,0.00,0.00,360.95,0.00,360.95,25090.70,316.90,0,0,0,0.00,0,F1,75,,,,,
2025-07-21,2025-07-21,FO,NSE,IDO,47252,,NIFTY,,2025-08-21,2025-08-21,25100.00,CE,NIFTY2582125100CE,300.45,380.85,274.75,358.80,360.00,333.30,25090.70,358.80,5625,3600,159,303503220.00,96,F1,75,,,,,
2025-07-21,2025-07-21,FO,NSE,IDO,47231,,NIFTY,,2025-08-21,2025-08-21,25000.00,CE,NIFTY2582125000CE,360.05,435.00,313.70,421.60,425.00,389.65,25090.70,421.60,11775,2175,191,363799638.75,137,F1,75,,,,,
2025-07-21,2025-07-21,FO,NSE,IDO,47150,,NIFTY,,2025-08-21,2025-08-21,24350.00,CE,NIFTY2582124350CE,0.00,0.00,0.00,1076.55,0.00,1076.55,25090.70,1025.35,0,0,0,0.00,0,F1,75,,,,,
2025-07-21,2025-07-21,FO,NSE,IDO,47088,,NIFTY,,2025-08-21,2025-08-21,23900.00,CE,NIFTY2582123900CE,0.00,0.00,0.00,1438.25,0.00,1438.25,25090.70,1390.60,0,0,0,0.00,0,F1,75,,,,,
2025-07-21,2025-07-21,FO,NSE,IDO,47047,,NIFTY,,2025-08-21,2025-08-21,23600.00,CE,NIFTY2582123600CE,0.00,0.00,0.00,1701.05,0.00,1701.05,25090.70,1656.25,0,0,0,0.00,0,F1,75,,,,,
2025-07-21,2025-07-21,FO,NSE,IDO,44596,,NIFTY,,2025-08-14,2025-08-14,26400.00,CE,NIFTY2581426400CE,0.00,0.00,0.00,199.30,0.00,199.30,25090.70,72.10,0,0,0,0.00,0,F1,75,,,,,
2025-07-21,2025-07-21,FO,NSE,IDO,44556,,NIFTY,,2025-08-14,2025-08-14,25600.00,CE,NIFTY2581425600CE,94.70,114.60,70.10,105.10,105.50,99.00,25090.70,105.10,18825,1575,228,439414256.25,157,F1,75,,,,,
2025-07-21,2025-07-21,FO,NSE,IDO,44426,,NIFTY,,2025-08-14,2025-08-14,23900.00,CE,NIFTY2581423900CE,0.00,0.00,0.00,1656.45,0.00,1656.45,25090.70,1336.85,0,0,0,0.00,0,F1,75,,,,,
2025-07-21,2025-07-21,FO,NSE,IDO,44410,,NIFTY,,2025-08-14,2025-08-14,23800.00,CE,NIFTY2581423800CE,0.00,0.00,0.00,1745.85,0.00,1745.85,25090.70,1426.40,0,0,0,0.00,0,F1,75,,,,,
2025-07-21,2025-07-21,FO,NSE,IDO,44390,,NIFTY,,2025-08-14,2025-08-14,23500.00,CE,NIFTY2581423500CE,0.00,0.00,0.00,2021.75,0.00,2021.75,25090.70,1704.10,0,0,0,0.00,0,F1,75,,,,,
2025-07-21,2025-07-21,FO,NSE,IDO,44364,,NIFTY,,2025-08-14,2025-08-14,23200.00,CE,NIFTY2581423200CE,0.00,0.00,0.00,2306.30,0.00,2306.30,25090.70,1991.50,0,0,0,0.00,0,F1,75,,,,,
2025-07-21,2025-07-21,FO,NSE,IDO,40103,,NIFTY,,2025-08-07,2025-08-07,27200.00,CE,NIFTY2580727200CE,2.60,3.05,2.40,2.80,2.85,2.60,25090.70,2.80,29700,2475,116,236664498.75,62,F1,75,,,,,
2025-07-21,2025-07-21,FO,NSE,IDO,40053,,NIFTY,,2025-08-07,2025-08-07,26900.00,CE,NIFTY2580726900CE,4.00,4.50,2.85,3.50,3.80,3.80,25090.70,3.50,1650,1575,49,98871562.50,31,F1,75,,,,,
2025-07-21,2025-07-21,FO,NSE,IDO,39955,,NIFTY,,2025-08-07,2025-08-07,26000.00,CE,NIFTY2580726000CE,23.65,25.50,16.05,20.45,20.85,22.75,25090.70,20.45,318900,48150,8608,16798824671.25,5205,F1,75,,,,,
2025-07-21,2025-07-21,FO,NSE,IDO,39886,,NIFTY,,2025-08-07,2025-08-07,25350.00,CE,NIFTY2580725350CE,105.00,146.90,87.15,135.55,131.60,125.35,25090.70,135.55,25875,14250,490,936158943.75,333,F1,75,,,,,
2025-07-21,2025-07-21,FO,NSE,IDO,39758,,NIFTY,,2025-08-07,2025-08-07,24150.00,CE,NIFTY2580724150CE,0.00,0.00,0.00,1486.90,0.00,1486.90,25090.70,1061.30,0,0,0,0.00,0,F1,75,,,,,
2025-07-21,2025-07-21,FO,NSE,IDO,39752,,NIFTY,,2025-08-07,2025-08-07,24100.00,CE,NIFTY2580724100CE,0.00,0.00,0.00,1529.65,0.00,1529.65,25090.70,1105.10,0,0,0,0.00,0,F1,75,,,,,
2025-07-21,2025-07-21,FO,NSE,IDO,39736,,NIFTY,,2025-08-07,2025-08-07,23900.00,CE,NIFTY2580723900CE,0.00,0.00,0.00,1704.85,0.00,1704.85,25090.70,1285.65,0,0,0,0.00,0,F1,75,,,,,
2025-07-21,2025-07-21,FO,NSE,IDO,55885,,NIFTY,,2025-07-31,2025-07-31,26850.00,CE,NIFTY25JUL26850CE,1.70,2.50,1.50,1.55,1.50,1.85,25090.70,1.55,15600,675,85,171180168.75,48,F1,75,,,,,
2025-07-21,2025-07-21,FO,NSE,IDO,55857,,NIFTY,,2025-07-31,2025-07-31,26200.00,CE,NIFTY25JUL26200CE,4.95,6.65,3.45,4.25,4.25,5.30,25090.70,4.25,1463775,171750,32831,64523964393.75,11737,F1,75,,,,,
2025-07-21,2025-07-21,FO,NSE,IDO,55831,,NIFTY,,2025-07-31,2025-07-31,25600.00,CE,NIFTY25JUL25600CE,29.95,37.65,18.95,30.45,30.05,32.70,25090.70,30.45,2676150,-26550,70907,136292456966.25,44045,F1,75,,,,,
2025-07-21,2025-07-21,FO,NSE,IDO,55781,,NIFTY,,2025-07-31,2025-07-31,24550.00,CE,NIFTY25JUL24550CE,515.20,613.40,433.45,611.20,613.40,540.40,25090.70,611.20,7500,600,356,669402971.25,162,F1,75,,,,,
2025-07-21,2025-07-21,FO,NSE,IDO,55747,,NIFTY,,2025-07-31,2025-07-31,23750.00,CE,NIFTY25JUL23750CE,0.00,0.00,0.00,1524.80,1524.80,1524.80,25090.70,1384.15,3075,0,0,0.00,0,F1,75,,,,,
2025-07-21,2025-07-21,FO,NSE,IDO,55739,,NIFTY,,2025-07-31,2025-07-31,23600.00,CE,NIFTY25JUL23600CE,0.00,0.00,0.00,1419.00,1419.00,1419.00,25090.70,1531.70,15450,0,0,0.00,0,F1,75,,,,,
2025-07-21,2025-07-21,FO,NSE,IDO,55723,,NIFTY,,2025-07-31,2025-07-31,23200.00,CE,NIFTY25JUL23200CE,1869.85,1872.40,1869.85,1869.90,1869.90,1841.00,25090.70,1929.00,39750,-525,9,16922808.75,9,F1,75,,,,,
2025-07-21,2025-07-21,FO,NSE,IDO,55703,,NIFTY,,2025-07-31,2025-07-31,23000.00,CE,NIFTY25JUL23000CE,2000.00,2137.00,1925.00,2126.95,2134.75,2032.50,25090.70,2126.95,660525,-15150,309,580680176.25,257,F1,75,,,,,
2025-07-21,2025-07-21,FO,NSE,IDO,49568,,NIFTY,,2025-07-24,2025-07-24,25750.00,CE,NIFTY2572425750CE,4.65,4.80,2.15,2.70,2.25,4.55,25090.70,2.70,2530650,303600,499000,963812781780.00,100285,F1,75,,,,,
2025-07-21,2025-07-21,FO,NSE,IDO,49545,,NIFTY,,2025-07-24,2025-07-24,25500.00,CE,NIFTY2572425500CE,13.00,16.00,6.65,10.10,8.90,13.65,25090.70,10.10,7919250,1129575,1457627,2788855806933.75,369700,F1,75,,,,,
2025-07-21,2025-07-21,FO,NSE,IDO,49528,,NIFTY,,2025-07-24,2025-07-24,25400.00,CE,NIFTY2572425400CE,25.95,26.75,10.05,17.90,16.15,22.15,25090.70,17.90,4973325,358125,1110610,2117173767513.75,378207,F1,75,,,,,
2025-07-21,2025-07-21,FO,NSE,IDO,49471,,NIFTY,,2025-07-24,2025-07-24,24650.00,CE,NIFTY2572424650CE,390.75,480.85,281.15,465.75,476.10,393.40,25090.70,465.75,16425,-2175,5310,9965047005.00,4219,F1,75,,,,,
2025-07-21,2025-07-21,FO,NSE,IDO,49393,,NIFTY,,2025-07-24,2025-07-24,23500.00,CE,NIFTY2572423500CE,1480.00,1600.00,1419.10,1596.90,1596.90,1515.00,25090.70,1596.90,38025,150,20,37560506.25,13,F1,75,,,,,
2025-07-21,2025-07-21,FO,NSE,IDO,51455,,NIFTY,,2026-06-25,2026-06-25,21000.00,PE,NIFTY26JUN21000PE,159.80,160.60,144.80,154.60,151.05,159.80,25090.70,154.60,353325,300,27,42840476.25,26,F1,75,,,,,
2025-07-21,2025-07-21,FO,NSE,IDO,47176,,NIFTY,,2025-08-21,2025-08-21,24550.00,PE,NIFTY2582124550PE,0.00,0.00,0.00,226.95,0.00,226.95,25090.70,211.80,0,0,0,0.00,0,F1,75,,,,,
2025-07-21,2025-07-21,FO,NSE,IDO,47249,,NIFTY,,2025-08-21,2025-08-21,25050.00,PE,NIFTY2582125050PE,306.45,338.00,236.35,236.35,236.35,301.85,25090.70,236.35,825,600,16,30425895.00,12,F1,75,,,,,
2025-07-21,2025-07-21,FO,NSE,IDO,47398,,NIFTY,,2025-08-21,2025-08-21,26100.00,PE,NIFTY2582126100PE,0.00,0.00,0.00,1041.55,0.00,1041.55,25090.70,1044.45,0,0,0,0.00,0,F1,75,,,,,
2025-07-21,2025-07-21,FO,NSE,IDO,47434,,NIFTY,,2025-08-21,2025-08-21,26300.00,PE,NIFTY2582126300PE,0.00,0.00,0.00,1194.15,0.00,1194.15,25090.70,1202.40,0,0,0,0.00,0,F1,75,,,,,
2025-07-21,2025-07-21,FO,NSE,IDO,71987,,NIFTY,,2025-08-28,2025-08-28,25050.00,PE,NIFTY25AUG25050PE,324.10,359.00,254.70,261.30,255.80,318.90,25090.70,261.30,21225,-1875,429,815356072.50,265,F1,75,,,,,
2025-07-21,2025-07-21,FO,NSE,IDO,72354,,NIFTY,,2025-08-28,2025-08-28,27300.00,PE,NIFTY25AUG27300PE,0.00,0.00,0.00,1893.45,1893.65,1893.45,25090.70,2079.85,300,0,0,0.00,0,F1,75,,,,,
2025-07-21,2025-07-21,FO,NSE,IDO,49178,,NIFTY,,2025-12-24,2025-12-24,16000.00,PE,NIFTY25DEC16000PE,0.00,0.00,0.00,10.25,10.25,10.25,25090.70,0.00,5875,0,0,0.00,0,F1,75,,,,,
2025-07-21,2025-07-21,FO,NSE,IDO,62917,,NIFTY,,2026-03-26,2026-03-26,20000.00,PE,NIFTY26MAR20000PE,0.00,0.00,0.00,95.70,0.00,95.70,25090.70,26.50,0,0,0,0.00,0,F1,75,,,,,
2025-07-21,2025-07-21,FO,NSE,IDO,89637,,NIFTY,,2029-06-28,2029-06-28,27000.00,PE,NIFTY29JUN27000PE,0.00,0.00,0.00,1252.35,0.00,1252.35,25090.70,1452.10,0,0,0,0.00,0,F1,75,,,,,
2025-07-21,2025-07-21,FO,NSE,IDO,39861,,NIFTY,,2025-08-07,2025-08-07,24850.00,PE,NIFTY2580724850PE,162.40,188.05,104.70,109.70,104.70,159.45,25090.70,109.70,70125,52275,1252,2345342535.00,562,F1,75,,,,,
2025-07-21,2025-07-21,FO,NSE,IDO,55750,,NIFTY,,2025-07-31,2025-07-31,23800.00,PE,NIFTY25JUL23800PE,8.45,9.80,4.75,5.30,4.75,9.90,25090.70,5.30,625200,-17925,18326,32720989207.50,9728,F1,75,,,,,
2025-07-21,2025-07-21,FO,NSE,IDO,49654,,NIFTY,,2025-07-24,2025-07-24,27000.00,PE,NIFTY2572427000PE,2075.30,2081.75,1882.55,1882.55,1882.55,1976.50,25090.70,1882.55,65475,-450,45,97670962.50,20,F1,75,,,,,
2025-07-21,2025-07-21,FO,NSE,IDO,60615,,NIFTY,,2025-09-25,2025-09-25,27200.00,CE,NIFTY25SEP27200CE,0.00,0.00,0.00,399.20,0.00,399.20,25090.70,151.70,0,0,0,0.00,0,F1,75,,,,,
2025-07-21,2025-07-21,FO,NSE,IDO,60625,,NIFTY,,2025-09-25,2025-09-25,27400.00,CE,NIFTY25SEP27400CE,0.00,0.00,0.00,349.25,0.00,349.25,25090.70,124.25,0,0,0,0.00,0,F1,75,,,,,
2025-07-21,2025-07-21,FO,NSE,IDO,36688,,NIFTY,,2025-12-24,2025-12-24,19500.00,CE,NIFTY25DEC19500CE,0.00,0.00,0.00,5980.00,5980.00,5980.00,25090.70,6095.25,1150,0,0,0.00,0,F1,75,,,,,
2025-07-21,2025-07-21,FO,NSE,IDO,71393,,NIFTY,,2025-12-24,2025-12-24,24000.00,CE,NIFTY25DEC24000CE,1909.00,1985.00,1823.85,1976.05,1977.15,1921.20,25090.70,1976.05,918975,1350,421,818105666.25,297,F1,75,,,,,
2025-07-21,2025-07-21,FO,NSE,IDO,71399,,NIFTY,,2025-12-24,2025-12-24,26000.00,CE,NIFTY25DEC26000CE,641.05,680.00,595.00,670.85,671.95,652.50,25090.70,670.85,2009650,28225,3322,6638633685.00,2031,F1,75,,,,,
2025-07-21,2025-07-21,FO,NSE,IDO,53628,,NIFTY,,2027-12-30,2027-12-30,26000.00,CE,NIFTY27DEC26000CE,0.00,0.00,0.00,3162.40,0.00,3162.40,25090.70,3997.60,0,0,0,0.00,0,F1,75,,,,,
2025-07-21,2025-07-21,FO,NSE,IDO,67776,,NIFTY,,2028-12-28,2028-12-28,21000.00,CE,NIFTY28DEC21000CE,0.00,0.00,0.00,7512.50,0.00,7512.50,25090.70,8362.95,0,0,0,0.00,0,F1,75,,,,,
2025-07-21,2025-07-21,FO,NSE,IDO,67788,,NIFTY,,2028-12-28,2028-12-28,27000.00,CE,NIFTY28DEC27000CE,0.00,0.00,0.00,4437.95,0.00,4437.95,25090.70,4717.00,0,0,0,0.00,0,F1,75,,,,,
2025-07-21,2025-07-21,FO,NSE,IDO,67792,,NIFTY,,2028-12-28,2028-12-28,29000.00,CE,NIFTY28DEC29000CE,0.00,0.00,0.00,3645.75,0.00,3645.75,25090.70,3792.70,0,0,0,0.00,0,F1,75,,,,,
2025-07-21,2025-07-21,FO,NSE,IDO,89616,,NIFTY,,2029-06-28,2029-06-28,20000.00,CE,NIFTY29JUN20000CE,0.00,0.00,0.00,10410.00,0.00,10410.00,25090.70,9576.55,0,0,0,0.00,0,F1,75,,,,,
2025-07-21,2025-07-21,FO,NSE,IDO,49396,,NIFTY,,2025-07-24,2025-07-24,23550.00,PE,NIFTY2572423550PE,1.75,2.65,1.00,1.20,1.15,2.10,25090.70,1.20,250650,-16950,36505,64480471608.75,8419,F1,75,,,,,
2025-07-21,2025-07-21,FO,NSE,IDO,49527,,NIFTY,,2025-07-24,2025-07-24,25350.00,PE,NIFTY2572425350PE,390.75,462.35,251.25,265.45,252.20,359.70,25090.70,265.45,132675,-7350,14838,28553831287.50,10620,F1,75,,,,,
2025-07-21,2025-07-21,FO,NSE,IDO,49616,,NIFTY,,2025-07-24,2025-07-24,26350.00,PE,NIFTY2572426350PE,0.00,0.00,0.00,1168.20,1168.20,1168.20,25090.70,1246.45,825,0,0,0.00,0,F1,75,,,,,
2025-07-21,2025-07-21,FO,NSE,IDO,49620,,NIFTY,,2025-07-24,2025-07-24,26450.00,PE,NIFTY2572426450PE,1406.25,1406.25,1353.00,1353.00,1353.00,1174.60,25090.70,1346.35,75,0,2,4174443.75,2,F1,75,,,,,
2025-07-21,2025-07-21,FO,NSE,IDO,49650,,NIFTY,,2025-07-24,2025-07-24,26900.00,PE,NIFTY2572426900PE,0.00,0.00,0.00,1637.70,1637.20,1637.70,25090.70,1796.10,300,0,0,0.00,0,F1,75,,,,,
2025-07-21,2025-07-21,FO,NSE,IDO,55680,,NIFTY,,2025-07-31,2025-07-31,22450.00,PE,NIFTY25JUL22450PE,2.20,3.85,1.45,1.80,1.65,2.25,25090.70,1.80,9750,150,211,355300530.00,107,F1,75,,,,,
2025-07-21,2025-07-21,FO,NSE,IDO,55744,,NIFTY,,2025-07-31,2025-07-31,23650.00,PE,NIFTY25JUL23650PE,7.95,7.95,3.85,4.10,3.85,7.95,25090.70,4.10,47400,8400,3767,6683184870.00,1628,F1,75,,,,,
2025-07-21,2025-07-21,FO,NSE,IDO,55764,,NIFTY,,2025-07-31,2025-07-31,24150.00,PE,NIFTY25JUL24150PE,18.30,19.35,9.50,10.30,9.55,19.70,25090.70,10.30,127650,51450,6171,11183482653.75,3670,F1,75,,,,,
2025-07-21,2025-07-21,FO,NSE,IDO,55782,,NIFTY,,2025-07-31,2025-07-31,24550.00,PE,NIFTY25JUL24550PE,51.15,59.00,26.15,28.40,26.85,52.45,25090.70,28.40,240300,75450,15512,28605630495.00,10086,F1,75,,,,,
2025-07-21,2025-07-21,FO,NSE,IDO,55786,,NIFTY,,2025-07-31,2025-07-31,24650.00,PE,NIFTY25JUL24650PE,70.05,79.95,34.80,38.20,35.90,68.35,25090.70,38.20,369525,93525,28818,53406169053.75,17479,F1,75,,,,,
2025-07-21,2025-07-21,FO,NSE,IDO,55796,,NIFTY,,2025-07-31,2025-07-31,24900.00,PE,NIFTY25JUL24900PE,132.00,166.00,77.00,81.75,77.60,133.85,25090.70,81.75,1616475,341025,97643,183140749346.25,59360,F1,75,,,,,
2025-07-21,2025-07-21,FO,NSE,IDO,55816,,NIFTY,,2025-07-31,2025-07-31,25350.00,PE,NIFTY25JUL25350PE,407.05,465.90,288.55,297.50,289.15,385.65,25090.70,297.50,101475,-11850,2248,4336172283.75,1830,F1,75,,,,,
2025-07-21,2025-07-21,FO,NSE,IDO,55830,,NIFTY,,2025-07-31,2025-07-31,25550.00,PE,NIFTY25JUL25550PE,635.00,635.00,447.90,460.35,447.90,551.10,25090.70,460.35,90300,-3450,307,600174401.25,157,F1,75,,,,,
2025-07-21,2025-07-21,FO,NSE,IDO,55856,,NIFTY,,2025-07-31,2025-07-31,26150.00,PE,NIFTY25JUL26150PE,1068.90,1068.90,1068.05,1068.05,1068.05,1155.35,25090.70,1038.80,4800,0,4,8165606.25,2,F1,75,,,,,
2025-07-21,2025-07-21,FO,NSE,IDO,55860,,NIFTY,,2025-07-31,2025-07-31,26250.00,PE,NIFTY25JUL26250PE,0.00,0.00,0.00,1020.20,1020.20,1020.20,25090.70,1132.50,4650,0,0,0.00,0,F1,75,,,,,
2025-07-21,2025-07-21,FO,NSE,IDO,55882,,NIFTY,,2025-07-31,2025-07-31,26750.00,PE,NIFTY25JUL26750PE,0.00,0.00,0.00,1498.85,1498.85,1498.85,25090.70,1618.15,2025,0,0,0.00,0,F1,75,,,,,
2025-07-21,2025-07-21,FO,NSE,IDO,55904,,NIFTY,,2025-07-31,2025-07-31,27150.00,PE,NIFTY25JUL27150PE,0.00,0.00,0.00,1865.65,1864.85,1865.65,25090.70,2015.35,3825,0,0,0.00,0,F1,75,,,,,
2025-07-21,2025-07-21,FO,NSE,IDO,39853,,NIFTY,,2025-08-07,2025-08-07,24650.00,PE,NIFTY2580724650PE,102.30,120.35,65.00,67.30,66.70,103.75,25090.70,67.30,19425,2475,241,447018933.75,149,F1,75,,,,,
2025-07-21,2025-07-21,FO,NSE,IDO,39869,,NIFTY,,2025-08-07,2025-08-07,25050.00,PE,NIFTY2580725050PE,250.45,283.00,168.90,177.20,169.00,238.20,25090.70,177.20,30525,8850,749,1418470297.50,460,F1,75,,,,,
2025-07-21,2025-07-21,FO,NSE,IDO,39974,,NIFTY,,2025-08-07,2025-08-07,26100.00,PE,NIFTY2580726100PE,0.00,0.00,0.00,846.20,0.00,846.20,25090.70,1007.40,0,0,0,0.00,0,F1,75,,,,,
2025-07-21,2025-07-21,FO,NSE,IDO,39976,,NIFTY,,2025-08-07,2025-08-07,26150.00,PE,NIFTY2580726150PE,0.00,0.00,0.00,879.70,0.00,879.70,25090.70,1050.25,0,0,0,0.00,0,F1,75,,,,,
2025-07-21,2025-07-21,FO,NSE,IDO,39992,,NIFTY,,2025-08-07,2025-08-07,26300.00,PE,NIFTY2580726300PE,0.00,0.00,0.00,984.10,0.00,984.10,25090.70,1182.20,0,0,0,0.00,0,F1,75,,,,,
2025-07-21,2025-07-21,FO,NSE,IDO,39998,,NIFTY,,2025-08-07,2025-08-07,26350.00,PE,NIFTY2580726350PE,0.00,0.00,0.00,1020.15,0.00,1020.15,25090.70,1227.20,0,0,0,0.00,0,F1,75,,,,,
2025-07-21,2025-07-21,FO,NSE,IDO,40000,,NIFTY,,2025-08-07,2025-08-07,26400.00,PE,NIFTY2580726400PE,0.00,0.00,0.00,1056.75,0.00,1056.75,25090.70,1272.60,0,0,0,0.00,0,F1,75,,,,,
2025-07-21,2025-07-21,FO,NSE,IDO,40028,,NIFTY,,2025-08-07,2025-08-07,26700.00,PE,NIFTY2580726700PE,0.00,0.00,0.00,1288.60,0.00,1288.60,25090.70,1552.85,0,0,0,0.00,0,F1,75,,,,,
2025-07-21,2025-07-21,FO,NSE,IDO,40104,,NIFTY,,2025-08-07,2025-08-07,27200.00,PE,NIFTY2580727200PE,0.00,0.00,0.00,1711.95,0.00,1711.95,25090.70,2038.20,0,0,0,0.00,0,F1,75,,,,,
2025-07-21,2025-07-21,FO,NSE,IDO,44451,,NIFTY,,2025-08-14,2025-08-14,24050.00,PE,NIFTY2581424050PE,0.00,0.00,0.00,79.90,0.00,79.90,25090.70,71.00,0,0,0,0.00,0,F1,75,,,,,
2025-07-21,2025-07-21,FO,NSE,IDO,44455,,NIFTY,,2025-08-14,2025-08-14,24100.00,PE,NIFTY2581424100PE,0.00,0.00,0.00,86.70,0.00,86.70,25090.70,78.25,0,0,0,0.00,0,F1,75,,,,,
2025-07-21,2025-07-21,FO,NSE,IDO,44461,,NIFTY,,2025-08-14,2025-08-14,24250.00,PE,NIFTY2581424250PE,0.00,0.00,0.00,109.80,0.00,109.80,25090.70,103.65,0,0,0,0.00,0,F1,75,,,,,
2025-07-21,2025-07-21,FO,NSE,IDO,44569,,NIFTY,,2025-08-14,2025-08-14,25900.00,PE,NIFTY2581425900PE,0.00,0.00,0.00,743.70,0.00,743.70,25090.70,872.05,0,0,0,0.00,0,F1,75,,,,,
2025-07-21,2025-07-21,FO,NSE,IDO,44616,,NIFTY,,2025-08-14,2025-08-14,26650.00,PE,NIFTY2581426650PE,0.00,0.00,0.00,1284.55,0.00,1284.55,25090.70,1500.30,0,0,0,0.00,0,F1,75,,,,,
2025-07-21,2025-07-21,FO,NSE,IDO,44634,,NIFTY,,2025-08-14,2025-08-14,27000.00,PE,NIFTY2581427000PE,0.00,0.00,0.00,1577.85,0.00,1577.85,25090.70,1826.05,0,0,0,0.00,0,F1,75,,,,,
2025-07-21,2025-07-21,FO,NSE,IDO,44636,,NIFTY,,2025-08-14,2025-08-14,27050.00,PE,NIFTY2581427050PE,0.00,0.00,0.00,1621.35,0.00,1621.35,25090.70,1873.55,0,0,0,0.00,0,F1,75,,,,,
2025-07-21,2025-07-21,FO,NSE,IDO,46958,,NIFTY,,2025-08-21,2025-08-21,23250.00,PE,NIFTY2582123250PE,0.00,0.00,0.00,26.80,0.00,26.80,25090.70,21.15,0,0,0,0.00,0,F1,75,,,,,
2025-07-21,2025-07-21,FO,NSE,IDO,47124,,NIFTY,,2025-08-21,2025-08-21,24050.00,PE,NIFTY2582124050PE,0.00,0.00,0.00,111.55,0.00,111.55,25090.70,99.05,0,0,0,0.00,0,F1,75,,,,,
2025-07-21,2025-07-21,FO,NSE,IDO,47149,,NIFTY,,2025-08-21,2025-08-21,24300.00,PE,NIFTY2582124300PE,0.00,0.00,0.00,161.75,161.75,161.75,25090.70,147.50,75,0,0,0.00,0,F1,75,,,,,
2025-07-21,2025-07-21,FO,NSE,IDO,47162,,NIFTY,,2025-08-21,2025-08-21,24400.00,PE,NIFTY2582124400PE,0.00,0.00,0.00,186.90,0.00,186.90,25090.70,171.25,0,0,0,0.00,0,F1,75,,,,,
2025-07-21,2025-07-21,FO,NSE,IDO,47321,,NIFTY,,2025-08-21,2025-08-21,25550.00,PE,NIFTY2582125550PE,0.00,0.00,0.00,670.55,0.00,670.55,25090.70,663.10,0,0,0,0.00,0,F1,75,,,,,
2025-07-21,2025-07-21,FO,NSE,IDO,47404,,NIFTY,,2025-08-21,2025-08-21,26150.00,PE,NIFTY2582126150PE,0.00,0.00,0.00,1079.20,0.00,1079.20,25090.70,1083.05,0,0,0,0.00,0,F1,75,,,,,
2025-07-21,2025-07-21,FO,NSE,IDO,47427,,NIFTY,,2025-08-21,2025-08-21,26250.00,PE,NIFTY2582126250PE,0.00,0.00,0.00,1154.95,0.00,1154.95,25090.70,1162.05,0,0,0,0.00,0,F1,75,,,,,
2025-07-21,2025-07-21,FO,NSE,IDO,47450,,NIFTY,,2025-08-21,2025-08-21,26450.00,PE,NIFTY2582126450PE,0.00,0.00,0.00,1314.85,0.00,1314.85,25090.70,1326.45,0,0,0,0.00,0,F1,75,,,,,
2025-07-21,2025-07-21,FO,NSE,IDO,71959,,NIFTY,,2025-08-28,2025-08-28,24600.00,PE,NIFTY25AUG24600PE,172.95,190.00,125.05,131.70,125.05,169.00,25090.70,131.70,288675,24750,2716,5041577823.75,1917,F1,75,,,,,
2025-07-21,2025-07-21,FO,NSE,IDO,71969,,NIFTY,,2025-08-28,2025-08-28,24850.00,PE,NIFTY25AUG24850PE,268.95,273.00,188.65,195.80,189.10,242.65,25090.70,195.80,12450,-3375,223,419246088.75,142,F1,75,,,,,
2025-07-21,2025-07-21,FO,NSE,IDO,72075,,NIFTY,,2025-08-28,2025-08-28,25400.00,PE,NIFTY25AUG25400PE,514.95,556.60,414.75,426.25,415.55,498.55,25090.70,426.25,225075,15375,1140,2212863363.75,835,F1,75,,,,,
2025-07-21,2025-07-21,FO,NSE,IDO,72121,,NIFTY,,2025-08-28,2025-08-28,26250.00,PE,NIFTY25AUG26250PE,1179.05,1179.05,1064.95,1064.95,1064.95,1137.40,25090.70,1064.95,1575,75,14,28785641.25,7,F1,75,,,,,
2025-07-21,2025-07-21,FO,NSE,IDO,72323,,NIFTY,,2025-08-28,2025-08-28,26650.00,PE,NIFTY25AUG26650PE,1556.05,1556.05,1450.75,1450.75,1450.75,1489.70,25090.70,1500.75,975,525,10,21138881.25,7,F1,75,,,,,
2025-07-21,2025-07-21,FO,NSE,IDO,72327,,NIFTY,,2025-08-28,2025-08-28,26750.00,PE,NIFTY25AUG26750PE,0.00,0.00,0.00,1590.85,1590.85,1590.85,25090.70,1586.20,525,0,0,0.00,0,F1,75,,,,,
2025-07-21,2025-07-21,FO,NSE,IDO,60324,,NIFTY,,2025-09-25,2025-09-25,23200.00,PE,NIFTY25SEP23200PE,52.55,53.55,49.00,49.05,49.00,89.65,25090.70,49.05,2475,2475,48,83703108.75,17,F1,75,,,,,
2025-07-21,2025-07-21,FO,NSE,IDO,60332,,NIFTY,,2025-09-25,2025-09-25,23350.00,PE,NIFTY25SEP23350PE,72.80,72.80,58.80,59.70,58.80,71.45,25090.70,59.70,30150,75,25,43898550.00,12,F1,75,,,,,
2025-07-21,2025-07-21,FO,NSE,IDO,60334,,NIFTY,,2025-09-25,2025-09-25,23400.00,PE,NIFTY25SEP23400PE,71.35,76.70,59.50,60.90,60.15,74.60,25090.70,60.90,39375,975,109,191827912.50,73,F1,75,,,,,
2025-07-21,2025-07-21,FO,NSE,IDO,60342,,NIFTY,,2025-09-25,2025-09-25,23600.00,PE,NIFTY25SEP23600PE,88.00,88.00,70.25,72.80,70.55,90.00,25090.70,72.80,15825,5175,118,209537962.50,60,F1,75,,,,,
2025-07-21,2025-07-21,FO,NSE,IDO,64693,,NIFTY,,2025-09-25,2025-09-25,24000.00,PE,NIFTY25SEP24000PE,137.20,148.80,108.00,111.55,109.65,138.50,25090.70,111.55,1851450,61500,6161,11146996350.00,3009,F1,75,,,,,
2025-07-21,2025-07-21,FO,NSE,IDO,60470,,NIFTY,,2025-09-25,2025-09-25,24900.00,PE,NIFTY25SEP24900PE,345.00,375.00,292.25,298.85,292.25,346.05,25090.70,298.85,36750,3150,176,332968485.00,103,F1,75,,,,,
2025-07-21,2025-07-21,FO,NSE,IDO,60494,,NIFTY,,2025-09-25,2025-09-25,25350.00,PE,NIFTY25SEP25350PE,499.00,504.65,466.50,479.60,466.50,545.00,25090.70,479.60,4800,1950,108,209308623.75,38,F1,75,,,,,
2025-07-21,2025-07-21,FO,NSE,IDO,60500,,NIFTY,,2025-09-25,2025-09-25,25500.00,PE,NIFTY25SEP25500PE,620.00,669.85,537.80,547.85,540.25,614.05,25090.70,547.85,288000,-17100,1384,2707981387.50,806,F1,75,,,,,
2025-07-21,2025-07-21,FO,NSE,IDO,60506,,NIFTY,,2025-09-25,2025-09-25,25650.00,PE,NIFTY25SEP25650PE,640.25,640.25,640.25,640.25,640.25,692.50,25090.70,850.20,2100,-75,1,1971768.75,1,F1,75,,,,,
2025-07-21,2025-07-21,FO,NSE,IDO,60509,,NIFTY,,2025-09-25,2025-09-25,25700.00,PE,NIFTY25SEP25700PE,734.00,752.00,648.15,650.05,650.90,725.00,25090.70,650.05,8925,-450,22,43524243.75,18,F1,75,,,,,
2025-07-21,2025-07-21,FO,NSE,IDO,60573,,NIFTY,,2025-09-25,2025-09-25,26200.00,PE,NIFTY25SEP26200PE,0.00,0.00,0.00,969.30,969.30,969.30,25090.70,1195.45,1275,0,0,0.00,0,F1,75,,,,,
2025-07-21,2025-07-21,FO,NSE,IDO,60626,,NIFTY,,2025-09-25,2025-09-25,27400.00,PE,NIFTY25SEP27400PE,2035.00,2035.00,2035.00,2035.00,2035.00,1855.75,25090.70,2133.45,225,75,1,2207625.00,1,F1,75,,,,,
2025-07-21,2025-07-21,FO,NSE,IDO,51452,,NIFTY,,2025-12-24,2025-12-24,21000.00,PE,NIFTY25DEC21000PE,45.00,45.25,40.10,40.90,41.00,43.05,25090.70,40.90,827725,600,552,871146491.25,283,F1,75,,,,,
2025-07-21,2025-07-21,FO,NSE,IDO,42132,,NIFTY,,2025-12-24,2025-12-24,31000.00,PE,NIFTY25DEC31000PE,0.00,0.00,0.00,6296.45,0.00,6296.45,25090.70,5163.35,0,0,0,0.00,0,F1,75,,,,,
2025-07-21,2025-07-21,FO,NSE,IDO,62925,,NIFTY,,2026-03-26,2026-03-26,24000.00,PE,NIFTY26MAR24000PE,350.55,358.60,318.55,320.35,320.00,348.65,25090.70,320.35,21075,-375,67,122306782.50,55,F1,75,,,,,
2025-07-21,2025-07-21,FO,NSE,IDO,62929,,NIFTY,,2026-03-26,2026-03-26,26000.00,PE,NIFTY26MAR26000PE,0.00,0.00,0.00,1813.30,0.00,1813.30,25090.70,1277.95,0,0,0,0.00,0,F1,75,,,,,
2025-07-21,2025-07-21,FO,NSE,IDO,37805,,NIFTY,,2026-06-25,2026-06-25,23000.00,PE,NIFTY26JUN23000PE,0.00,0.00,0.00,298.00,298.00,298.00,25090.70,365.75,12175,0,0,0.00,0,F1,75,,,,,
2025-07-21,2025-07-21,FO,NSE,IDO,71475,,NIFTY,,2026-06-25,2026-06-25,25000.00,PE,NIFTY26JUN25000PE,681.50,681.50,656.00,656.00,656.00,690.25,25090.70,656.00,8700,150,4,7702312.50,4,F1,75,,,,,
2025-07-21,2025-07-21,FO,NSE,IDO,35237,,NIFTY,,2026-12-31,2026-12-31,30000.00,PE,NIFTY26DEC30000PE,0.00,0.00,0.00,5003.20,0.00,5003.20,25090.70,3468.70,0,0,0,0.00,0,F1,75,,,,,
2025-07-21,2025-07-21,FO,NSE,IDO,71550,,NIFTY,,2027-06-24,2027-06-24,19000.00,PE,NIFTY27JUN19000PE,0.00,0.00,0.00,182.10,182.10,182.10,25090.70,78.55,600,0,0,0.00,0,F1,75,,,,,
2025-07-21,2025-07-21,FO,NSE,IDO,53611,,NIFTY,,2027-12-30,2027-12-30,20000.00,PE,NIFTY27DEC20000PE,0.00,0.00,0.00,251.90,251.90,251.90,25090.70,169.35,3950,0,0,0.00,0,F1,75,,,,,
2025-07-21,2025-07-21,FO,NSE,IDO,53632,,NIFTY,,2027-12-30,2027-12-30,27000.00,PE,NIFTY27DEC27000PE,0.00,0.00,0.00,2492.45,2492.45,2492.45,25090.70,1661.05,75,0,0,0.00,0,F1,75,,,,,
2025-07-21,2025-07-21,FO,NSE,IDO,86152,,NIFTY,,2028-06-29,2028-06-29,24000.00,PE,NIFTY28JUN24000PE,0.00,0.00,0.00,1692.75,0.00,1692.75,25090.70,764.25,0,0,0,0.00,0,F1,75,,,,,
2025-07-21,2025-07-21,FO,NSE,IDO,61859,,NIFTY,,2029-12-27,2029-12-27,28000.00,PE,NIFTY29DEC28000PE,0.00,0.00,0.00,1411.30,0.00,1411.30,25090.70,1660.45,0,0,0,0.00,0,F1,75,,,,,
2025-07-21,2025-07-21,FO,NSE,IDO,39915,,NIFTY,,2025-08-07,2025-08-07,25700.00,CE,NIFTY2580725700CE,50.00,57.10,32.45,49.05,49.00,48.90,25090.70,49.05,95250,3675,4432,8558119507.50,3429,F1,75,,,,,
2025-07-21,2025-07-21,FO,NSE,IDO,60350,,NIFTY,,2025-09-25,2025-09-25,23750.00,CE,NIFTY25SEP23750CE,0.00,0.00,0.00,2125.90,2125.90,2125.90,25090.70,1757.80,75,0,0,0.00,0,F1,75,,,,,
2025-07-21,2025-07-21,FO,NSE,IDO,60333,,NIFTY,,2025-09-25,2025-09-25,23400.00,CE,NIFTY25SEP23400CE,0.00,0.00,0.00,2615.85,0.00,2615.85,25090.70,2050.20,0,0,0,0.00,0,F1,75,,,,,
2025-07-21,2025-07-21,FO,NSE,IDO,60331,,NIFTY,,2025-09-25,2025-09-25,23350.00,CE,NIFTY25SEP23350CE,0.00,0.00,0.00,2659.30,0.00,2659.30,25090.70,2093.30,0,0,0,0.00,0,F1,75,,,,,
2025-07-21,2025-07-21,FO,NSE,IDO,72338,,NIFTY,,2025-08-28,2025-08-28,27050.00,CE,NIFTY25AUG27050CE,11.00,16.45,11.00,11.80,12.05,12.90,25090.70,11.80,23475,-1200,91,184698266.25,40,F1,75,,,,,
2025-07-21,2025-07-21,FO,NSE,IDO,72324,,NIFTY,,2025-08-28,2025-08-28,26700.00,CE,NIFTY25AUG26700CE,22.00,23.50,17.15,19.30,19.55,21.15,25090.70,19.30,125550,9075,1749,3504950677.50,961,F1,75,,,,,
2025-07-21,2025-07-21,FO,NSE,IDO,72126,,NIFTY,,2025-08-28,2025-08-28,26400.00,CE,NIFTY25AUG26400CE,31.45,39.95,28.00,34.85,34.45,36.50,25090.70,34.85,165750,14400,3855,7642560240.00,2422,F1,75,,,,,
2025-07-21,2025-07-21,FO,NSE,IDO,72040,,NIFTY,,2025-08-28,2025-08-28,25350.00,CE,NIFTY25AUG25350CE,243.05,292.75,213.30,284.10,284.00,266.65,25090.70,284.10,22800,2625,255,489940200.00,147,F1,75,,,,,
2025-07-21,2025-07-21,FO,NSE,IDO,71924,,NIFTY,,2025-08-28,2025-08-28,23800.00,CE,NIFTY25AUG23800CE,1430.00,1445.00,1395.00,1438.65,1438.65,1355.85,25090.70,1526.95,2625,225,6,11353027.50,6,F1,75,,,,,
2025-07-21,2025-07-21,FO,NSE,IDO,47464,,NIFTY,,2025-08-21,2025-08-21,26550.00,CE,NIFTY2582126550CE,0.00,0.00,0.00,113.50,0.00,113.50,25090.70,89.15,0,0,0,0.00,0,F1,75,,,,,
2025-07-21,2025-07-21,FO,NSE,IDO,47428,,NIFTY,,2025-08-21,2025-08-21,26300.00,CE,NIFTY2582126300CE,0.00,0.00,0.00,158.50,0.00,158.50,25090.70,128.75,0,0,0,0.00,0,F1,75,,,,,
2025-07-21,2025-07-21,FO,NSE,IDO,47318,,NIFTY,,2025-08-21,2025-08-21,25500.00,CE,NIFTY2582125500CE,148.20,185.30,123.85,172.50,172.15,162.15,25090.70,172.50,11700,3300,378,727445610.00,292,F1,75,,,,,
2025-07-21,2025-07-21,FO,NSE,IDO,47271,,NIFTY,,2025-08-21,2025-08-21,25250.00,CE,NIFTY2582125250CE,239.35,292.50,225.25,292.50,292.50,270.55,25090.70,464.55,375,0,8,15299058.75,8,F1,75,,,,,
2025-07-21,2025-07-21,FO,NSE,IDO,47256,,NIFTY,,2025-08-21,2025-08-21,25200.00,CE,NIFTY2582125200CE,260.85,316.65,230.85,306.40,307.50,288.90,25090.70,306.40,4275,825,78,148955722.50,55,F1,75,,,,,
2025-07-21,2025-07-21,FO,NSE,IDO,47254,,NIFTY,,2025-08-21,2025-08-21,25150.00,CE,NIFTY2582125150CE,253.50,325.40,253.50,325.40,325.40,309.70,25090.70,325.40,375,150,10,19092633.75,10,F1,75,,,,,
2025-07-21,2025-07-21,FO,NSE,IDO,47221,,NIFTY,,2025-08-21,2025-08-21,24950.00,CE,NIFTY2582124950CE,0.00,0.00,0.00,674.50,0.00,674.50,25090.70,622.95,0,0,0,0.00,0,F1,75,,,,,
2025-07-21,2025-07-21,FO,NSE,IDO,47178,,NIFTY,,2025-08-21,2025-08-21,24600.00,CE,NIFTY2582124600CE,0.00,0.00,0.00,896.50,0.00,896.50,25090.70,844.40,0,0,0,0.00,0,F1,75,,,,,
2025-07-21,2025-07-21,FO,NSE,IDO,47148,,NIFTY,,2025-08-21,2025-08-21,24300.00,CE,NIFTY2582124300CE,0.00,0.00,0.00,1114.45,0.00,1114.45,25090.70,1063.55,0,0,0,0.00,0,F1,75,,,,,
2025-07-21,2025-07-21,FO,NSE,IDO,47136,,NIFTY,,2025-08-21,2025-08-21,24200.00,CE,NIFTY2582124200CE,0.00,0.00,0.00,1192.10,0.00,1192.10,25090.70,1141.90,0,0,0,0.00,0,F1,75,,,,,
2025-07-21,2025-07-21,FO,NSE,IDO,47075,,NIFTY,,2025-08-21,2025-08-21,23850.00,CE,NIFTY2582123850CE,0.00,0.00,0.00,1481.00,0.00,1481.00,25090.70,1433.80,0,0,0,0.00,0,F1,75,,,,,
2025-07-21,2025-07-21,FO,NSE,IDO,44617,,NIFTY,,2025-08-14,2025-08-14,26700.00,CE,NIFTY2581426700CE,0.00,0.00,0.00,135.80,0.00,135.80,25090.70,41.45,0,0,0,0.00,0,F1,75,,,,,
2025-07-21,2025-07-21,FO,NSE,IDO,44594,,NIFTY,,2025-08-14,2025-08-14,26350.00,CE,NIFTY2581426350CE,0.00,0.00,0.00,210.45,0.00,210.45,25090.70,78.75,0,0,0,0.00,0,F1,75,,,,,
2025-07-21,2025-07-21,FO,NSE,IDO,61932,,NIFTY,,2029-12-27,2029-12-27,30000.00,CE,NIFTY29DEC30000CE,0.00,0.00,0.00,4896.55,0.00,4896.55,25090.70,4504.45,0,0,0,0.00,0,F1,75,,,,,
2025-07-21,2025-07-21,FO,NSE,IDO,71476,,NIFTY,,2026-06-25,2026-06-25,26000.00,CE,NIFTY26JUN26000CE,0.00,0.00,0.00,1479.95,1479.95,1479.95,25090.70,1838.95,3325,0,0,0.00,0,F1,75,,,,,
2025-07-21,2025-07-21,FO,NSE,IDO,51453,,NIFTY,,2026-06-25,2026-06-25,21000.00,CE,NIFTY26JUN21000CE,0.00,0.00,0.00,3881.90,0.00,3881.90,25090.70,5353.25,0,0,0,0.00,0,F1,75,,,,,
2025-07-21,2025-07-21,FO,NSE,IDO,62922,,NIFTY,,2026-03-26,2026-03-26,23000.00,CE,NIFTY26MAR23000CE,0.00,0.00,0.00,2782.55,0.00,2782.55,25090.70,3315.20,0,0,0,0.00,0,F1,75,,,,,
2025-07-21,2025-07-21,FO,NSE,IDO,72349,,NIFTY,,2025-08-28,2025-08-28,27250.00,CE,NIFTY25AUG27250CE,0.00,0.00,0.00,232.95,0.00,232.95,25090.70,46.55,0,0,0,0.00,0,F1,75,,,,,
2025-07-21,2025-07-21,FO,NSE,IDO,44628,,NIFTY,,2025-08-14,2025-08-14,26900.00,PE,NIFTY2581426900PE,0.00,0.00,0.00,1491.90,0.00,1491.90,25090.70,1731.60,0,0,0,0.00,0,F1,75,,,,,
2025-07-21,2025-07-21,FO,NSE,IDO,72316,,NIFTY,,2025-08-28,2025-08-28,26600.00,CE,NIFTY25AUG26600CE,23.45,27.55,20.20,23.20,23.00,24.80,25090.70,23.20,228750,750,3726,7439807988.75,1912,F1,75,,,,,
2025-07-21,2025-07-21,FO,NSE,IDO,72122,,NIFTY,,2025-08-28,2025-08-28,26300.00,CE,NIFTY25AUG26300CE,40.20,48.75,33.85,43.10,42.55,43.95,25090.70,43.10,227850,39375,3681,7272244833.75,2412,F1,75,,,,,
2025-07-21,2025-07-21,FO,NSE,IDO,72102,,NIFTY,,2025-08-28,2025-08-28,25850.00,CE,NIFTY25AUG25850CE,106.30,122.30,83.05,112.95,112.75,108.70,25090.70,112.95,17625,3975,171,332835315.00,110,F1,75,,,,,
2025-07-21,2025-07-21,FO,NSE,IDO,71930,,NIFTY,,2025-08-28,2025-08-28,23950.00,CE,NIFTY25AUG23950CE,1220.00,1295.10,1220.00,1294.55,1294.55,1234.90,25090.70,1400.45,675,150,6,11342872.50,4,F1,75,,,,,
2025-07-21,2025-07-21,FO,NSE,IDO,71839,,NIFTY,,2025-08-28,2025-08-28,22950.00,CE,NIFTY25AUG22950CE,0.00,0.00,0.00,2304.35,2304.35,2304.35,25090.70,2303.75,75,0,0,0.00,0,F1,75,,,,,
2025-07-21,2025-07-21,FO,NSE,IDO,47499,,NIFTY,,2025-08-21,2025-08-21,26800.00,CE,NIFTY2582126800CE,26.10,26.10,5.00,10.00,10.00,79.60,25090.70,60.20,225,225,17,34186710.00,10,F1,75,,,,,
2025-07-21,2025-07-21,FO,NSE,IDO,47486,,NIFTY,,2025-08-21,2025-08-21,26650.00,CE,NIFTY2582126650CE,0.00,0.00,0.00,98.75,0.00,98.75,25090.70,76.45,0,0,0,0.00,0,F1,75,,,,,
2025-07-21,2025-07-21,FO,NSE,IDO,47405,,NIFTY,,2025-08-21,2025-08-21,26200.00,CE,NIFTY2582126200CE,0.00,0.00,0.00,180.05,0.00,180.05,25090.70,148.15,0,0,0,0.00,0,F1,75,,,,,
2025-07-21,2025-07-21,FO,NSE,IDO,46974,,NIFTY,,2025-08-21,2025-08-21,23400.00,CE,NIFTY2582123400CE,0.00,0.00,0.00,1883.55,0.00,1883.55,25090.70,1840.60,0,0,0,0.00,0,F1,75,,,,,
2025-07-21,2025-07-21,FO,NSE,IDO,44518,,NIFTY,,2025-08-14,2025-08-14,25100.00,CE,NIFTY2581425100CE,251.05,319.80,219.50,310.85,313.00,286.30,25090.70,310.85,23400,2025,415,790371825.00,330,F1,75,,,,,
2025-07-21,2025-07-21,FO,NSE,IDO,44514,,NIFTY,,2025-08-14,2025-08-14,25050.00,CE,NIFTY2581425050CE,295.20,349.60,245.00,337.90,344.50,310.00,25090.70,337.90,2325,1050,118,224534688.75,79,F1,75,,,,,
2025-07-21,2025-07-21,FO,NSE,IDO,44468,,NIFTY,,2025-08-14,2025-08-14,24400.00,CE,NIFTY2581424400CE,0.00,0.00,0.00,701.75,701.75,701.75,25090.70,921.35,75,0,0,0.00,0,F1,75,,,,,
2025-07-21,2025-07-21,FO,NSE,IDO,39866,,NIFTY,,2025-08-07,2025-08-07,25000.00,CE,NIFTY2580725000CE,278.30,320.20,210.00,309.75,312.70,279.15,25090.70,309.75,185025,74100,8527,16167455355.00,5041,F1,75,,,,,
2025-07-21,2025-07-21,FO,NSE,IDO,39852,,NIFTY,,2025-08-07,2025-08-07,24650.00,CE,NIFTY2580724650CE,0.00,0.00,0.00,1086.80,0.00,1086.80,25090.70,662.80,0,0,0,0.00,0,F1,75,,,,,
2025-07-21,2025-07-21,FO,NSE,IDO,39790,,NIFTY,,2025-08-07,2025-08-07,24300.00,CE,NIFTY2580724300CE,0.00,0.00,0.00,800.00,800.00,800.00,25090.70,933.70,600,0,0,0.00,0,F1,75,,,,,
2025-07-21,2025-07-21,FO,NSE,IDO,39709,,NIFTY,,2025-08-07,2025-08-07,23800.00,CE,NIFTY2580723800CE,0.00,0.00,0.00,1794.65,0.00,1794.65,25090.70,1378.60,0,0,0,0.00,0,F1,75,,,,,
2025-07-21,2025-07-21,FO,NSE,IDO,55899,,NIFTY,,2025-07-31,2025-07-31,27050.00,CE,NIFTY25JUL27050CE,1.75,1.75,1.40,1.45,1.45,1.55,25090.70,1.45,9075,1425,216,438235042.50,112,F1,75,,,,,
2025-07-21,2025-07-21,FO,NSE,IDO,55825,,NIFTY,,2025-07-31,2025-07-31,25500.00,CE,NIFTY25JUL25500CE,50.50,52.90,26.10,44.10,44.00,45.30,25090.70,44.10,5925675,40275,127564,244356991770.00,69733,F1,75,,,,,
2025-07-21,2025-07-21,FO,NSE,IDO,55701,,NIFTY,,2025-07-31,2025-07-31,22950.00,CE,NIFTY25JUL22950CE,0.00,0.00,0.00,2596.95,2596.95,2596.95,25090.70,2178.35,1500,0,0,0.00,0,F1,75,,,,,
2025-07-21,2025-07-21,FO,NSE,IDO,55675,,NIFTY,,2025-07-31,2025-07-31,22350.00,CE,NIFTY25JUL22350CE,0.00,0.00,0.00,2923.20,2923.20,2923.20,25090.70,2777.30,4350,0,0,0.00,0,F1,75,,,,,
2025-07-21,2025-07-21,FO,NSE,IDO,49667,,NIFTY,,2025-07-24,2025-07-24,27250.00,CE,NIFTY2572427250CE,0.85,1.20,0.55,0.60,0.55,0.85,25090.70,0.60,195825,44925,8104,16562968500.00,1170,F1,75,,,,,
2025-07-21,2025-07-21,FO,NSE,IDO,47071,,NIFTY,,2025-08-21,2025-08-21,23750.00,PE,NIFTY2582123750PE,0.00,0.00,0.00,68.30,0.00,68.30,25090.70,58.35,0,0,0,0.00,0,F1,75,,,,,
2025-07-21,2025-07-21,FO,NSE,IDO,42133,,NIFTY,,2026-06-25,2026-06-25,31000.00,CE,NIFTY26JUN31000CE,0.00,0.00,0.00,507.80,0.00,507.80,25090.70,371.45,0,0,0,0.00,0,F1,75,,,,,
2025-07-21,2025-07-21,FO,NSE,IDO,71505,,NIFTY,,2026-12-31,2026-12-31,26000.00,CE,NIFTY26DEC26000CE,2255.05,2300.00,2255.05,2300.00,2300.00,2295.90,25090.70,2300.00,5550,-75,2,4241628.75,2,F1,75,,,,,
2025-07-21,2025-07-21,FO,NSE,IDO,71551,,NIFTY,,2027-06-24,2027-06-24,20000.00,CE,NIFTY27JUN20000CE,0.00,0.00,0.00,3367.05,0.00,3367.05,25090.70,7441.80,0,0,0,0.00,0,F1,75,,,,,
2025-07-21,2025-07-21,FO,NSE,IDO,86143,,NIFTY,,2028-06-29,2028-06-29,20000.00,CE,NIFTY28JUN20000CE,0.00,0.00,0.00,5724.65,0.00,5724.65,25090.70,8563.85,0,0,0,0.00,0,F1,75,,,,,
2025-07-21,2025-07-21,FO,NSE,IDO,86145,,NIFTY,,2028-06-29,2028-06-29,21000.00,CE,NIFTY28JUN21000CE,0.00,0.00,0.00,5226.55,0.00,5226.55,25090.70,7822.30,0,0,0,0.00,0,F1,75,,,,,
2025-07-21,2025-07-21,FO,NSE,IDO,60909,,NIFTY,,2030-06-25,2030-06-25,26000.00,PE,NIFTY30JUN26000PE,0.00,0.00,0.00,1065.50,0.00,1065.50,25090.70,1085.75,0,0,0,0.00,0,F1,75,,,,,
2025-07-21,2025-07-21,FO,NSE,IDO,67787,,NIFTY,,2028-12-28,2028-12-28,26000.00,PE,NIFTY28DEC26000PE,0.00,0.00,0.00,1160.95,0.00,1160.95,25090.70,1230.40,0,0,0,0.00,0,F1,75,,,,,
2025-07-21,2025-07-21,FO,NSE,IDO,67781,,NIFTY,,2028-12-28,2028-12-28,23000.00,PE,NIFTY28DEC23000PE,0.00,0.00,0.00,670.00,670.00,670.00,25090.70,573.35,2925,0,0,0.00,0,F1,75,,,,,
2025-07-21,2025-07-21,FO,NSE,IDO,35353,,NIFTY,,2028-06-29,2028-06-29,30000.00,PE,NIFTY28JUN30000PE,0.00,0.00,0.00,3779.25,0.00,3779.25,25090.70,2801.45,0,0,0,0.00,0,F1,75,,,,,
2025-07-21,2025-07-21,FO,NSE,IDO,71561,,NIFTY,,2027-06-24,2027-06-24,24000.00,PE,NIFTY27JUN24000PE,0.00,0.00,0.00,5056.20,0.00,5056.20,25090.70,739.15,0,0,0,0.00,0,F1,75,,,,,
2025-07-21,2025-07-21,FO,NSE,IDO,58635,,NIFTY,,2026-12-31,2026-12-31,15000.00,PE,NIFTY26DEC15000PE,0.00,0.00,0.00,25.05,25.05,25.05,25090.70,1.20,1400,0,0,0.00,0,F1,75,,,,,
2025-07-21,2025-07-21,FO,NSE,IDO,58633,,NIFTY,,2026-12-31,2026-12-31,14000.00,PE,NIFTY26DEC14000PE,0.00,0.00,0.00,28.05,28.10,28.05,25090.70,0.30,2150,0,0,0.00,0,F1,75,,,,,
2025-07-21,2025-07-21,FO,NSE,IDO,50546,,NIFTY,,2026-06-25,2026-06-25,28000.00,PE,NIFTY26JUN28000PE,0.00,0.00,0.00,6532.55,0.00,6532.55,25090.70,2399.90,0,0,0,0.00,0,F1,75,,,,,
2025-07-21,2025-07-21,FO,NSE,IDO,50544,,NIFTY,,2025-12-24,2025-12-24,28000.00,PE,NIFTY25DEC28000PE,2325.00,2325.00,2229.45,2244.75,2244.25,2316.60,25090.70,2244.75,691025,8475,212,481171275.00,153,F1,75,,,,,
2025-07-21,2025-07-21,FO,NSE,IDO,71394,,NIFTY,,2025-12-24,2025-12-24,24000.00,PE,NIFTY25DEC24000PE,261.65,273.00,231.75,235.40,233.00,262.20,25090.70,235.40,3042275,11925,3630,6601390882.50,1903,F1,75,,,,,
2025-07-21,2025-07-21,FO,NSE,IDO,45874,,NIFTY,,2025-12-24,2025-12-24,17000.00,PE,NIFTY25DEC17000PE,0.00,0.00,0.00,16.00,16.00,16.00,25090.70,0.05,42050,0,0,0.00,0,F1,75,,,,,
2025-07-21,2025-07-21,FO,NSE,IDO,64703,,NIFTY,,2025-09-25,2025-09-25,29000.00,PE,NIFTY25SEP29000PE,3998.65,3998.65,3546.00,3558.75,3564.05,3639.85,25090.70,3558.75,526500,5775,96,234656077.50,62,F1,75,,,,,
2025-07-21,2025-07-21,FO,NSE,IDO,64701,,NIFTY,,2025-09-25,2025-09-25,28000.00,PE,NIFTY25SEP28000PE,2691.45,2761.10,2582.90,2582.90,2582.90,2664.40,25090.70,2582.90,268725,675,70,161055660.00,59,F1,75,,,,,
2025-07-21,2025-07-21,FO,NSE,IDO,60590,,NIFTY,,2025-09-25,2025-09-25,26500.00,PE,NIFTY25SEP26500PE,1369.00,1369.00,1200.05,1209.60,1202.60,1295.30,25090.70,1209.60,93525,-75,33,68678313.75,23,F1,75,,,,,
2025-07-21,2025-07-21,FO,NSE,IDO,60517,,NIFTY,,2025-09-25,2025-09-25,25900.00,PE,NIFTY25SEP25900PE,850.30,850.30,790.60,798.00,798.00,881.00,25090.70,999.40,9900,450,12,24032576.25,7,F1,75,,,,,
2025-07-21,2025-07-21,FO,NSE,IDO,49415,,NIFTY,,2025-07-24,2025-07-24,23850.00,CE,NIFTY2572423850CE,0.00,0.00,0.00,1394.45,1394.45,1394.45,25090.70,1252.45,75,0,0,0.00,0,F1,75,,,,,
2025-07-21,2025-07-21,FO,NSE,IDO,49419,,NIFTY,,2025-07-24,2025-07-24,23950.00,CE,NIFTY2572423950CE,0.00,0.00,0.00,1211.55,1214.05,1211.55,25090.70,1152.55,825,0,0,0.00,0,F1,75,,,,,
2025-07-21,2025-07-21,FO,NSE,IDO,49587,,NIFTY,,2025-07-24,2025-07-24,26050.00,CE,NIFTY2572426050CE,2.00,2.00,1.00,1.30,1.05,2.00,25090.70,1.30,1255125,151650,124873,243984566422.50,29509,F1,75,,,,,
2025-07-21,2025-07-21,FO,NSE,IDO,49593,,NIFTY,,2025-07-24,2025-07-24,26100.00,CE,NIFTY2572426100CE,1.70,1.85,1.00,1.15,1.10,1.85,25090.70,1.15,3928050,25575,219645,429977896151.25,40625,F1,75,,,,,
2025-07-21,2025-07-21,FO,NSE,IDO,49597,,NIFTY,,2025-07-24,2025-07-24,26150.00,CE,NIFTY2572426150CE,1.60,1.75,0.90,1.05,1.00,1.70,25090.70,1.05,924750,-49650,78916,154781458076.25,16176,F1,75,,,,,
2025-07-21,2025-07-21,FO,NSE,IDO,49605,,NIFTY,,2025-07-24,2025-07-24,26250.00,CE,NIFTY2572426250CE,1.25,1.70,0.85,1.00,0.85,1.55,25090.70,1.00,716025,-150075,76809,151224768333.75,15368,F1,75,,,,,
2025-07-21,2025-07-21,FO,NSE,IDO,49621,,NIFTY,,2025-07-24,2025-07-24,26500.00,CE,NIFTY2572426500CE,1.20,1.30,0.80,0.85,0.80,1.25,25090.70,0.85,6892875,-1182225,276596,549754979516.25,36384,F1,75,,,,,
2025-07-21,2025-07-21,FO,NSE,IDO,49627,,NIFTY,,2025-07-24,2025-07-24,26600.00,CE,NIFTY2572426600CE,1.20,1.35,0.75,0.80,0.75,1.20,25090.70,0.80,2744775,63375,44486,88752660746.25,9892,F1,75,,,,,
2025-07-21,2025-07-21,FO,NSE,IDO,49651,,NIFTY,,2025-07-24,2025-07-24,26950.00,CE,NIFTY2572426950CE,0.95,1.25,0.60,0.70,0.65,0.90,25090.70,0.70,97950,-6075,5113,10334948805.00,1085,F1,75,,,,,
2025-07-21,2025-07-21,FO,NSE,IDO,49655,,NIFTY,,2025-07-24,2025-07-24,27050.00,CE,NIFTY2572427050CE,0.95,1.45,0.60,0.65,0.60,0.95,25090.70,0.65,99900,-14100,6619,13428686853.75,1333,F1,75,,,,,
2025-07-21,2025-07-21,FO,NSE,IDO,55683,,NIFTY,,2025-07-31,2025-07-31,22550.00,CE,NIFTY25JUL22550CE,2514.80,2548.85,2514.80,2548.85,2548.85,2982.60,25090.70,2577.65,1125,-75,8,15047988.75,6,F1,75,,,,,
2025-07-21,2025-07-21,FO,NSE,IDO,55687,,NIFTY,,2025-07-31,2025-07-31,22650.00,CE,NIFTY25JUL22650CE,0.00,0.00,0.00,2855.00,2855.00,2855.00,25090.70,2477.80,1050,0,0,0.00,0,F1,75,,,,,
2025-07-21,2025-07-21,FO,NSE,IDO,55743,,NIFTY,,2025-07-31,2025-07-31,23650.00,CE,NIFTY25JUL23650CE,0.00,0.00,0.00,1623.55,1623.55,1623.55,25090.70,1482.35,2475,0,0,0.00,0,F1,75,,,,,
2025-07-21,2025-07-21,FO,NSE,IDO,55745,,NIFTY,,2025-07-31,2025-07-31,23700.00,CE,NIFTY25JUL23700CE,1270.00,1342.95,1238.80,1342.95,1342.95,1300.00,25090.70,1433.15,9975,1575,30,56156861.25,18,F1,75,,,,,
2025-07-21,2025-07-21,FO,NSE,IDO,55749,,NIFTY,,2025-07-31,2025-07-31,23800.00,CE,NIFTY25JUL23800CE,1146.00,1338.70,1146.00,1328.45,1338.70,1240.95,25090.70,1328.45,25350,-825,43,80561801.25,19,F1,75,,,,,
2025-07-21,2025-07-21,FO,NSE,IDO,55789,,NIFTY,,2025-07-31,2025-07-31,24750.00,CE,NIFTY25JUL24750CE,377.45,437.35,282.00,429.00,433.05,376.15,25090.70,429.00,33375,-8850,1678,3161210981.25,1138,F1,75,,,,,
2025-07-21,2025-07-21,FO,NSE,IDO,55833,,NIFTY,,2025-07-31,2025-07-31,25650.00,CE,NIFTY25JUL25650CE,27.35,31.65,16.25,24.95,25.00,27.50,25090.70,24.95,467625,114000,15076,29029410750.00,9614,F1,75,,,,,
2025-07-21,2025-07-21,FO,NSE,IDO,60515,,NIFTY,,2025-09-25,2025-09-25,25850.00,PE,NIFTY25SEP25850PE,771.00,771.00,769.90,769.90,769.90,832.50,25090.70,968.50,6600,-75,2,3993067.50,2,F1,75,,,,,
2025-07-21,2025-07-21,FO,NSE,IDO,60488,,NIFTY,,2025-09-25,2025-09-25,25200.00,PE,NIFTY25SEP25200PE,468.05,503.00,401.10,408.90,401.10,464.00,25090.70,408.90,31050,1800,167,321192675.00,112,F1,75,,,,,
2025-07-21,2025-07-21,FO,NSE,IDO,60482,,NIFTY,,2025-09-25,2025-09-25,25050.00,PE,NIFTY25SEP25050PE,413.10,435.10,343.50,350.75,343.50,401.70,25090.70,350.75,10950,975,27,51531345.00,17,F1,75,,,,,
2025-07-21,2025-07-21,FO,NSE,IDO,64681,,NIFTY,,2025-09-25,2025-09-25,18000.00,PE,NIFTY25SEP18000PE,6.70,6.95,5.55,5.55,5.55,5.80,25090.70,0.00,24375,0,16,21607331.25,16,F1,75,,,,,
2025-07-21,2025-07-21,FO,NSE,IDO,72350,,NIFTY,,2025-08-28,2025-08-28,27250.00,PE,NIFTY25AUG27250PE,0.00,0.00,0.00,1844.95,1844.95,1844.95,25090.70,2033.60,225,0,0,0.00,0,F1,75,,,,,
2025-07-21,2025-07-21,FO,NSE,IDO,72331,,NIFTY,,2025-08-28,2025-08-28,26850.00,PE,NIFTY25AUG26850PE,0.00,0.00,0.00,1464.85,1464.85,1464.85,25090.70,1673.20,525,0,0,0.00,0,F1,75,,,,,
2025-07-21,2025-07-21,FO,NSE,IDO,72113,,NIFTY,,2025-08-28,2025-08-28,26100.00,PE,NIFTY25AUG26100PE,1043.95,1043.95,920.60,920.60,920.60,1009.75,25090.70,920.60,11025,6600,133,270083490.00,110,F1,75,,,,,
2025-07-21,2025-07-21,FO,NSE,IDO,72103,,NIFTY,,2025-08-28,2025-08-28,25850.00,PE,NIFTY25AUG25850PE,827.75,827.75,713.10,713.10,713.10,812.30,25090.70,713.10,8250,0,2,3993063.75,2,F1,75,,,,,
2025-07-21,2025-07-21,FO,NSE,IDO,72093,,NIFTY,,2025-08-28,2025-08-28,25600.00,PE,NIFTY25AUG25600PE,600.00,686.90,537.05,547.80,537.05,622.30,25090.70,547.80,104025,3150,331,650091656.25,248,F1,75,,,,,
2025-07-21,2025-07-21,FO,NSE,IDO,71989,,NIFTY,,2025-08-28,2025-08-28,25100.00,PE,NIFTY25AUG25100PE,346.55,383.75,273.00,281.25,273.00,340.30,25090.70,281.25,375225,101850,4671,8901581216.25,3428,F1,75,,,,,
2025-07-21,2025-07-21,FO,NSE,IDO,71975,,NIFTY,,2025-08-28,2025-08-28,25000.00,PE,NIFTY25AUG25000PE,301.00,336.15,235.25,243.90,237.55,298.35,25090.70,243.90,2348325,420450,24231,45924375795.00,17433,F1,75,,,,,
2025-07-21,2025-07-21,FO,NSE,IDO,71925,,NIFTY,,2025-08-28,2025-08-28,23800.00,PE,NIFTY25AUG23800PE,52.15,55.55,38.00,39.65,39.05,52.50,25090.70,39.65,270450,19800,2716,4857138588.75,1584,F1,75,,,,,
2025-07-21,2025-07-21,FO,NSE,IDO,71873,,NIFTY,,2025-08-28,2025-08-28,23550.00,PE,NIFTY25AUG23550PE,35.05,38.95,25.80,25.80,25.80,40.55,25090.70,25.80,7800,450,15,26531347.50,12,F1,75,,,,,
2025-07-21,2025-07-21,FO,NSE,IDO,55863,,NIFTY,,2025-07-31,2025-07-31,26350.00,CE,NIFTY25JUL26350CE,3.50,4.75,2.75,3.05,2.80,3.70,25090.70,3.05,86850,10575,3725,7362471420.00,2070,F1,75,,,,,
2025-07-21,2025-07-21,FO,NSE,IDO,55905,,NIFTY,,2025-07-31,2025-07-31,27200.00,CE,NIFTY25JUL27200CE,1.60,1.65,1.30,1.40,1.30,1.60,25090.70,1.40,260775,31650,1470,2998957327.50,336,F1,75,,,,,
2025-07-21,2025-07-21,FO,NSE,IDO,39639,,NIFTY,,2025-08-07,2025-08-07,23200.00,CE,NIFTY2580723200CE,0.00,0.00,0.00,2356.50,0.00,2356.50,25090.70,1958.45,0,0,0,0.00,0,F1,75,,,,,
2025-07-21,2025-07-21,FO,NSE,IDO,39684,,NIFTY,,2025-08-07,2025-08-07,23650.00,CE,NIFTY2580723650CE,0.00,0.00,0.00,1931.80,0.00,1931.80,25090.70,1520.55,0,0,0,0.00,0,F1,75,,,,,
2025-07-21,2025-07-21,FO,NSE,IDO,39901,,NIFTY,,2025-08-07,2025-08-07,25550.00,CE,NIFTY2580725550CE,63.00,86.40,50.50,76.35,77.85,71.80,25090.70,76.35,18450,7125,549,1054996065.00,350,F1,75,,,,,
2025-07-21,2025-07-21,FO,NSE,IDO,39923,,NIFTY,,2025-08-07,2025-08-07,25750.00,CE,NIFTY2580725750CE,33.30,49.90,27.70,42.05,42.75,42.40,25090.70,42.05,15825,3300,399,771764681.25,245,F1,75,,,,,
2025-07-21,2025-07-21,FO,NSE,IDO,39935,,NIFTY,,2025-08-07,2025-08-07,25850.00,CE,NIFTY2580725850CE,25.30,38.50,22.80,31.40,30.45,32.40,25090.70,31.40,34800,24075,663,1286770728.75,325,F1,75,,,,,
2025-07-21,2025-07-21,FO,NSE,IDO,39973,,NIFTY,,2025-08-07,2025-08-07,26100.00,CE,NIFTY2580726100CE,0.00,0.00,0.00,304.25,0.00,304.25,25090.70,70.70,0,0,0,0.00,0,F1,75,,,,,
2025-07-21,2025-07-21,FO,NSE,IDO,39975,,NIFTY,,2025-08-07,2025-08-07,26150.00,CE,NIFTY2580726150CE,0.00,0.00,0.00,288.05,0.00,288.05,25090.70,63.70,0,0,0,0.00,0,F1,75,,,,,
2025-07-21,2025-07-21,FO,NSE,IDO,40027,,NIFTY,,2025-08-07,2025-08-07,26700.00,CE,NIFTY2580726700CE,7.95,7.95,7.95,7.95,7.95,150.15,25090.70,17.80,75,75,1,2003096.25,1,F1,75,,,,,
2025-07-21,2025-07-21,FO,NSE,IDO,71836,,NIFTY,,2025-08-28,2025-08-28,22850.00,PE,NIFTY25AUG22850PE,20.95,20.95,15.10,15.35,15.35,21.20,25090.70,14.55,3450,75,12,20579632.50,8,F1,75,,,,,
2025-07-21,2025-07-21,FO,NSE,IDO,47284,,NIFTY,,2025-08-21,2025-08-21,25300.00,PE,NIFTY2582125300PE,0.00,0.00,0.00,531.00,0.00,531.00,25090.70,519.80,0,0,0,0.00,0,F1,75,,,,,
2025-07-21,2025-07-21,FO,NSE,IDO,47253,,NIFTY,,2025-08-21,2025-08-21,25100.00,PE,NIFTY2582125100PE,330.60,330.60,248.00,248.90,248.00,325.10,25090.70,248.90,1950,1650,33,62811521.25,22,F1,75,,,,,
2025-07-21,2025-07-21,FO,NSE,IDO,47089,,NIFTY,,2025-08-21,2025-08-21,23900.00,PE,NIFTY2582123900PE,0.00,0.00,0.00,87.85,0.00,87.85,25090.70,76.60,0,0,0,0.00,0,F1,75,,,,,
2025-07-21,2025-07-21,FO,NSE,IDO,46960,,NIFTY,,2025-08-21,2025-08-21,23300.00,PE,NIFTY2582123300PE,0.00,0.00,0.00,29.60,0.00,29.60,25090.70,23.60,0,0,0,0.00,0,F1,75,,,,,
2025-07-21,2025-07-21,FO,NSE,IDO,44618,,NIFTY,,2025-08-14,2025-08-14,26700.00,PE,NIFTY2581426700PE,0.00,0.00,0.00,1325.10,0.00,1325.10,25090.70,1545.95,0,0,0,0.00,0,F1,75,,,,,
2025-07-21,2025-07-21,FO,NSE,IDO,40099,,NIFTY,,2025-08-07,2025-08-07,27150.00,CE,NIFTY2580727150CE,2.65,3.35,2.65,3.35,3.35,2.60,25090.70,5.25,825,750,10,20364615.00,4,F1,75,,,,,
2025-07-21,2025-07-21,FO,NSE,IDO,44408,,NIFTY,,2025-08-14,2025-08-14,23750.00,CE,NIFTY2581423750CE,0.00,0.00,0.00,1791.10,0.00,1791.10,25090.70,1471.80,0,0,0,0.00,0,F1,75,,,,,
2025-07-21,2025-07-21,FO,NSE,IDO,44424,,NIFTY,,2025-08-14,2025-08-14,23850.00,CE,NIFTY2581423850CE,0.00,0.00,0.00,1701.00,0.00,1701.00,25090.70,1381.40,0,0,0,0.00,0,F1,75,,,,,
2025-07-21,2025-07-21,FO,NSE,IDO,44434,,NIFTY,,2025-08-14,2025-08-14,23950.00,CE,NIFTY2581423950CE,0.00,0.00,0.00,1612.30,0.00,1612.30,25090.70,1292.75,0,0,0,0.00,0,F1,75,,,,,
2025-07-21,2025-07-21,FO,NSE,IDO,44472,,NIFTY,,2025-08-14,2025-08-14,24500.00,CE,NIFTY2581424500CE,0.00,0.00,0.00,1156.50,0.00,1156.50,25090.70,847.15,0,0,0,0.00,0,F1,75,,,,,
2025-07-21,2025-07-21,FO,NSE,IDO,44522,,NIFTY,,2025-08-14,2025-08-14,25150.00,CE,NIFTY2581425150CE,245.90,294.40,202.00,285.40,288.50,280.15,25090.70,285.40,1125,600,29,55268718.75,25,F1,75,,,,,
2025-07-21,2025-07-21,FO,NSE,IDO,44558,,NIFTY,,2025-08-14,2025-08-14,25650.00,CE,NIFTY2581425650CE,0.00,0.00,0.00,451.30,0.00,451.30,25090.70,234.40,0,0,0,0.00,0,F1,75,,,,,
2025-07-21,2025-07-21,FO,NSE,IDO,44584,,NIFTY,,2025-08-14,2025-08-14,26150.00,CE,NIFTY2581426150CE,0.00,0.00,0.00,265.85,0.00,265.85,25090.70,110.35,0,0,0,0.00,0,F1,75,,,,,
2025-07-21,2025-07-21,FO,NSE,IDO,44592,,NIFTY,,2025-08-14,2025-08-14,26300.00,CE,NIFTY2581426300CE,0.00,0.00,0.00,223.40,0.00,223.40,25090.70,85.85,0,0,0,0.00,0,F1,75,,,,,
2025-07-21,2025-07-21,FO,NSE,IDO,44607,,NIFTY,,2025-08-14,2025-08-14,26500.00,CE,NIFTY2581426500CE,0.00,0.00,0.00,175.40,0.00,175.40,25090.70,60.25,0,0,0,0.00,0,F1,75,,,,,
2025-07-21,2025-07-21,FO,NSE,IDO,44609,,NIFTY,,2025-08-14,2025-08-14,26550.00,CE,NIFTY2581426550CE,13.35,13.35,7.70,9.75,10.70,13.35,25090.70,9.75,2925,1650,67,133467712.50,46,F1,75,,,,,
2025-07-21,2025-07-21,FO,NSE,IDO,44611,,NIFTY,,2025-08-14,2025-08-14,26600.00,CE,NIFTY2581426600CE,10.35,13.20,8.00,9.10,9.35,10.25,25090.70,9.10,15450,5025,277,552816780.00,208,F1,75,,,,,
2025-07-21,2025-07-21,FO,NSE,IDO,47099,,NIFTY,,2025-08-21,2025-08-21,24000.00,CE,NIFTY2582124000CE,0.00,0.00,0.00,1354.15,0.00,1354.15,25090.70,1305.55,0,0,0,0.00,0,F1,75,,,,,
2025-07-21,2025-07-21,FO,NSE,IDO,47161,,NIFTY,,2025-08-21,2025-08-21,24400.00,CE,NIFTY2582124400CE,0.00,0.00,0.00,1040.20,0.00,1040.20,25090.70,987.80,0,0,0,0.00,0,F1,75,,,,,
2025-07-21,2025-07-21,FO,NSE,IDO,47207,,NIFTY,,2025-08-21,2025-08-21,24750.00,CE,NIFTY2582124750CE,0.00,0.00,0.00,796.95,0.00,796.95,25090.70,744.80,0,0,0,0.00,0,F1,75,,,,,
2025-07-21,2025-07-21,FO,NSE,IDO,71833,,NIFTY,,2025-08-28,2025-08-28,22800.00,CE,NIFTY25AUG22800CE,2383.00,2405.55,2383.00,2405.55,2405.55,2583.25,25090.70,2447.85,375,75,2,3779141.25,2,F1,75,,,,,
2025-07-21,2025-07-21,FO,NSE,IDO,71853,,NIFTY,,2025-08-28,2025-08-28,23300.00,CE,NIFTY25AUG23300CE,0.00,0.00,0.00,2071.80,2071.80,2071.80,25090.70,1974.00,150,0,0,0.00,0,F1,75,,,,,
2025-07-21,2025-07-21,FO,NSE,IDO,71922,,NIFTY,,2025-08-28,2025-08-28,23750.00,CE,NIFTY25AUG23750CE,1407.35,1480.75,1407.35,1480.75,1480.75,1440.40,25090.70,1570.00,1125,0,3,5665908.75,2,F1,75,,,,,
2025-07-21,2025-07-21,FO,NSE,IDO,71990,,NIFTY,,2025-08-28,2025-08-28,25150.00,CE,NIFTY25AUG25150CE,345.05,395.00,298.00,387.05,389.80,361.20,25090.70,387.05,21375,2325,316,604710187.50,222,F1,75,,,,,
2025-07-21,2025-07-21,FO,NSE,IDO,72084,,NIFTY,,2025-08-28,2025-08-28,25450.00,CE,NIFTY25AUG25450CE,214.05,250.00,178.10,239.30,240.00,225.30,25090.70,239.30,23475,3000,279,537174348.75,181,F1,75,,,,,
2025-07-21,2025-07-21,FO,NSE,IDO,72100,,NIFTY,,2025-08-28,2025-08-28,25800.00,CE,NIFTY25AUG25800CE,119.95,133.75,91.25,124.65,125.00,119.55,25090.70,124.65,286425,31200,5465,10622329710.00,3959,F1,75,,,,,
2025-07-21,2025-07-21,FO,NSE,IDO,72118,,NIFTY,,2025-08-28,2025-08-28,26200.00,CE,NIFTY25AUG26200CE,51.60,59.95,41.00,53.85,56.00,53.85,25090.70,53.85,260550,28500,8033,15816115890.00,5980,F1,75,,,,,
2025-07-21,2025-07-21,FO,NSE,IDO,72156,,NIFTY,,2025-08-28,2025-08-28,26450.00,CE,NIFTY25AUG26450CE,0.00,0.00,0.00,410.95,0.00,410.95,25090.70,142.70,0,0,0,0.00,0,F1,75,,,,,
2025-07-21,2025-07-21,FO,NSE,IDO,44565,,NIFTY,,2025-08-14,2025-08-14,25800.00,PE,NIFTY2581425800PE,0.00,0.00,0.00,682.70,682.70,682.70,25090.70,797.45,75,0,0,0.00,0,F1,75,,,,,
2025-07-21,2025-07-21,FO,NSE,IDO,44473,,NIFTY,,2025-08-14,2025-08-14,24500.00,PE,NIFTY2581424500PE,93.40,113.35,68.15,72.30,68.50,100.95,25090.70,72.30,64275,14325,639,1178192550.00,352,F1,75,,,,,
2025-07-21,2025-07-21,FO,NSE,IDO,44427,,NIFTY,,2025-08-14,2025-08-14,23900.00,PE,NIFTY2581423900PE,0.00,0.00,0.00,36.40,34.30,36.40,25090.70,52.35,3900,0,0,0.00,0,F1,75,,,,,
2025-07-21,2025-07-21,FO,NSE,IDO,40064,,NIFTY,,2025-08-07,2025-08-07,26950.00,PE,NIFTY2580726950PE,0.00,0.00,0.00,1495.20,0.00,1495.20,25090.70,1793.55,0,0,0,0.00,0,F1,75,,,,,
2025-07-21,2025-07-21,FO,NSE,IDO,40018,,NIFTY,,2025-08-07,2025-08-07,26600.00,PE,NIFTY2580726600PE,0.00,0.00,0.00,1209.30,0.00,1209.30,25090.70,1458.15,0,0,0,0.00,0,F1,75,,,,,
2025-07-21,2025-07-21,FO,NSE,IDO,39986,,NIFTY,,2025-08-07,2025-08-07,26250.00,PE,NIFTY2580726250PE,0.00,0.00,0.00,948.70,0.00,948.70,25090.70,1137.70,0,0,0,0.00,0,F1,75,,,,,
2025-07-21,2025-07-21,FO,NSE,IDO,39902,,NIFTY,,2025-08-07,2025-08-07,25550.00,PE,NIFTY2580725550PE,590.00,590.00,493.25,517.90,517.90,547.55,25090.70,584.35,2175,525,30,58630830.00,21,F1,75,,,,,
2025-07-21,2025-07-21,FO,NSE,IDO,39879,,NIFTY,,2025-08-07,2025-08-07,25300.00,PE,NIFTY2580725300PE,393.15,440.10,290.00,298.70,290.70,373.70,25090.70,298.70,57150,600,627,1205954261.25,403,F1,75,,,,,
2025-07-21,2025-07-21,FO,NSE,IDO,39751,,NIFTY,,2025-08-07,2025-08-07,24050.00,PE,NIFTY2580724050PE,0.00,0.00,0.00,60.60,60.60,60.60,25090.70,41.90,75,0,0,0.00,0,F1,75,,,,,
2025-07-21,2025-07-21,FO,NSE,IDO,39739,,NIFTY,,2025-08-07,2025-08-07,23950.00,PE,NIFTY2580723950PE,0.00,0.00,0.00,65.05,0.00,65.05,25090.70,32.50,0,0,0,0.00,0,F1,75,,,,,
2025-07-21,2025-07-21,FO,NSE,IDO,39682,,NIFTY,,2025-08-07,2025-08-07,23600.00,PE,NIFTY2580723600PE,15.75,15.75,8.00,8.15,8.00,14.25,25090.70,8.15,5250,2550,115,203633737.50,55,F1,75,,,,,
2025-07-21,2025-07-21,FO,NSE,IDO,39646,,NIFTY,,2025-08-07,2025-08-07,23250.00,PE,NIFTY2580723250PE,0.00,0.00,0.00,17.20,0.00,17.20,25090.70,3.85,0,0,0,0.00,0,F1,75,,,,,
2025-07-21,2025-07-21,FO,NSE,IDO,55914,,NIFTY,,2025-07-31,2025-07-31,27350.00,PE,NIFTY25JUL27350PE,0.00,0.00,0.00,2056.10,2056.10,2056.10,25090.70,2214.75,150,0,0,0.00,0,F1,75,,,,,
2025-07-21,2025-07-21,FO,NSE,IDO,55870,,NIFTY,,2025-07-31,2025-07-31,26500.00,PE,NIFTY25JUL26500PE,1500.00,1565.20,1360.45,1373.75,1364.00,1461.60,25090.70,1373.75,937650,-9300,483,1011890220.00,414,F1,75,,,,,
2025-07-21,2025-07-21,FO,NSE,IDO,55804,,NIFTY,,2025-07-31,2025-07-31,25100.00,PE,NIFTY25JUL25100PE,226.85,276.90,142.25,151.50,143.70,221.85,25090.70,151.50,1409850,247050,65236,123707159325.00,44800,F1,75,,,,,
2025-07-21,2025-07-21,FO,NSE,IDO,55778,,NIFTY,,2025-07-31,2025-07-31,24450.00,PE,NIFTY25JUL24450PE,41.35,45.20,19.45,21.40,19.45,40.15,25090.70,21.40,266325,117825,15507,28469282730.00,10578,F1,75,,,,,
2025-07-21,2025-07-21,FO,NSE,IDO,55728,,NIFTY,,2025-07-31,2025-07-31,23300.00,PE,NIFTY25JUL23300PE,4.90,5.60,2.55,2.80,2.55,4.70,25090.70,2.80,149475,-18825,4982,8707242675.00,2471,F1,75,,,,,
2025-07-21,2025-07-21,FO,NSE,IDO,55724,,NIFTY,,2025-07-31,2025-07-31,23200.00,PE,NIFTY25JUL23200PE,3.25,4.10,2.15,2.60,2.40,4.15,25090.70,2.60,153525,-38175,2558,4451485916.25,1595,F1,75,,,,,
2025-07-21,2025-07-21,FO,NSE,IDO,49656,,NIFTY,,2025-07-24,2025-07-24,27050.00,PE,NIFTY2572427050PE,0.00,0.00,0.00,1787.95,1787.65,1787.95,25090.70,1946.05,375,0,0,0.00,0,F1,75,,,,,
2025-07-21,2025-07-21,FO,NSE,IDO,49646,,NIFTY,,2025-07-24,2025-07-24,26850.00,PE,NIFTY2572426850PE,0.00,0.00,0.00,1592.65,1591.85,1592.65,25090.70,1746.15,375,0,0,0.00,0,F1,75,,,,,
2025-07-21,2025-07-21,FO,NSE,IDO,49576,,NIFTY,,2025-07-24,2025-07-24,25850.00,PE,NIFTY2572425850PE,786.70,786.70,732.90,734.00,734.95,812.50,25090.70,734.00,2250,300,10,19952088.75,9,F1,75,,,,,
2025-07-21,2025-07-21,FO,NSE,IDO,49520,,NIFTY,,2025-07-24,2025-07-24,25200.00,PE,NIFTY2572425200PE,231.40,327.00,135.00,148.75,135.40,239.70,25090.70,148.75,2589225,75450,473760,902157095396.25,298064,F1,75,,,,,
2025-07-21,2025-07-21,FO,NSE,IDO,49412,,NIFTY,,2025-07-24,2025-07-24,23750.00,PE,NIFTY2572423750PE,2.90,2.90,1.10,1.35,1.20,2.65,25090.70,1.35,741750,285150,65488,116657921741.25,14393,F1,75,,,,,
2025-07-21,2025-07-21,FO,NSE,IDO,64678,,NIFTY,,2025-09-25,2025-09-25,17000.00,CE,NIFTY25SEP17000CE,8230.00,8238.20,8230.00,8235.90,8238.20,8151.85,25090.70,8235.90,169650,75,4,7570770.00,4,F1,75,,,,,
2025-07-21,2025-07-21,FO,NSE,IDO,64680,,NIFTY,,2025-09-25,2025-09-25,18000.00,CE,NIFTY25SEP18000CE,0.00,0.00,0.00,7170.00,7170.00,7170.00,25090.70,7287.85,19125,0,0,0.00,0,F1,75,,,,,
2025-07-21,2025-07-21,FO,NSE,IDO,60339,,NIFTY,,2025-09-25,2025-09-25,23550.00,CE,NIFTY25SEP23550CE,0.00,0.00,0.00,2487.00,0.00,2487.00,25090.70,1922.75,0,0,0,0.00,0,F1,75,,,,,
2025-07-21,2025-07-21,FO,NSE,IDO,60353,,NIFTY,,2025-09-25,2025-09-25,23800.00,CE,NIFTY25SEP23800CE,0.00,0.00,0.00,1699.00,1699.00,1699.00,25090.70,1717.55,150,0,0,0.00,0,F1,75,,,,,
2025-07-21,2025-07-21,FO,NSE,IDO,60495,,NIFTY,,2025-09-25,2025-09-25,25400.00,CE,NIFTY25SEP25400CE,416.95,482.00,404.10,474.55,473.90,458.65,25090.70,474.55,16125,1875,93,180250188.75,65,F1,75,,,,,
2025-07-21,2025-07-21,FO,NSE,IDO,49177,,NIFTY,,2025-12-24,2025-12-24,16000.00,CE,NIFTY25DEC16000CE,0.00,0.00,0.00,9565.00,9565.00,9565.00,25090.70,9501.80,350,0,0,0.00,0,F1,75,,,,,
2025-07-21,2025-07-21,FO,NSE,IDO,51451,,NIFTY,,2025-12-24,2025-12-24,21000.00,CE,NIFTY25DEC21000CE,4460.00,4630.00,4452.00,4630.00,4630.00,4561.40,25090.70,4630.00,176800,600,51,97695003.75,47,F1,75,,,,,
2025-07-21,2025-07-21,FO,NSE,IDO,58622,,NIFTY,,2025-12-24,2025-12-24,22000.00,CE,NIFTY25DEC22000CE,3650.00,3719.30,3650.00,3718.55,3719.30,3647.55,25090.70,3718.55,447500,1550,68,131029695.00,55,F1,75,,,,,
2025-07-21,2025-07-21,FO,NSE,IDO,62956,,NIFTY,,2026-03-26,2026-03-26,31000.00,CE,NIFTY26MAR31000CE,0.00,0.00,0.00,200.35,0.00,200.35,25090.70,184.35,0,0,0,0.00,0,F1,75,,,,,
2025-07-21,2025-07-21,FO,NSE,IDO,49406,,NIFTY,,2025-07-24,2025-07-24,23700.00,PE,NIFTY2572423700PE,2.20,2.25,1.05,1.25,1.15,2.40,25090.70,1.25,1755975,-297600,137903,245136935542.50,25990,F1,75,,,,,
2025-07-21,2025-07-21,FO,NSE,IDO,49384,,NIFTY,,2025-07-24,2025-07-24,23300.00,PE,NIFTY2572423300PE,1.70,1.80,0.70,0.90,0.90,1.50,25090.70,0.90,393300,-22275,34396,60109550508.75,7407,F1,75,,,,,
2025-07-21,2025-07-21,FO,NSE,IDO,61986,,NIFTY,,2029-12-27,2029-12-27,31000.00,CE,NIFTY29DEC31000CE,0.00,0.00,0.00,4512.25,0.00,4512.25,25090.70,4109.25,0,0,0,0.00,0,F1,75,,,,,
2025-07-21,2025-07-21,FO,NSE,IDO,89644,,NIFTY,,2029-06-28,2029-06-28,31000.00,CE,NIFTY29JUN31000CE,0.00,0.00,0.00,4882.55,0.00,4882.55,25090.70,3564.25,0,0,0,0.00,0,F1,75,,,,,
2025-07-21,2025-07-21,FO,NSE,IDO,89634,,NIFTY,,2029-06-28,2029-06-28,26000.00,CE,NIFTY29JUN26000CE,0.00,0.00,0.00,7052.20,0.00,7052.20,25090.70,5820.15,0,0,0,0.00,0,F1,75,,,,,
2025-07-21,2025-07-21,FO,NSE,IDO,67780,,NIFTY,,2028-12-28,2028-12-28,23000.00,CE,NIFTY28DEC23000CE,0.00,0.00,0.00,6377.60,0.00,6377.60,25090.70,7012.45,0,0,0,0.00,0,F1,75,,,,,
2025-07-21,2025-07-21,FO,NSE,IDO,86161,,NIFTY,,2028-06-29,2028-06-29,26000.00,CE,NIFTY28JUN26000CE,0.00,0.00,0.00,3200.90,0.00,3200.90,25090.70,4629.60,0,0,0,0.00,0,F1,75,,,,,
2025-07-21,2025-07-21,FO,NSE,IDO,71474,,NIFTY,,2026-06-25,2026-06-25,25000.00,CE,NIFTY26JUN25000CE,0.00,0.00,0.00,2165.00,2165.00,2165.00,25090.70,2377.55,900,0,0,0.00,0,F1,75,,,,,
2025-07-21,2025-07-21,FO,NSE,IDO,50973,,NIFTY,,2026-06-25,2026-06-25,27000.00,CE,NIFTY26JUN27000CE,0.00,0.00,0.00,1352.80,0.00,1352.80,25090.70,1391.40,0,0,0,0.00,0,F1,75,,,,,
2025-07-21,2025-07-21,FO,NSE,IDO,60362,,NIFTY,,2025-09-25,2025-09-25,23900.00,PE,NIFTY25SEP23900PE,109.70,128.80,95.45,96.30,96.00,121.90,25090.70,96.30,144900,13650,420,756310372.50,316,F1,75,,,,,
2025-07-21,2025-07-21,FO,NSE,IDO,60454,,NIFTY,,2025-09-25,2025-09-25,24600.00,PE,NIFTY25SEP24600PE,258.70,275.15,210.25,214.55,211.45,256.30,25090.70,214.55,94425,15600,473,881103956.25,125,F1,75,,,,,
2025-07-21,2025-07-21,FO,NSE,IDO,60490,,NIFTY,,2025-09-25,2025-09-25,25250.00,PE,NIFTY25SEP25250PE,492.60,520.95,421.65,421.65,421.65,492.75,25090.70,421.65,7275,1950,29,55995153.75,17,F1,75,,,,,
2025-07-21,2025-07-21,FO,NSE,IDO,60496,,NIFTY,,2025-09-25,2025-09-25,25400.00,PE,NIFTY25SEP25400PE,582.80,582.80,502.70,502.70,502.70,557.95,25090.70,502.70,49125,-1950,64,124421966.25,30,F1,75,,,,,
2025-07-21,2025-07-21,FO,NSE,IDO,60582,,NIFTY,,2025-09-25,2025-09-25,26300.00,PE,NIFTY25SEP26300PE,0.00,0.00,0.00,972.65,972.65,972.65,25090.70,1264.65,150,0,0,0.00,0,F1,75,,,,,
2025-07-21,2025-07-21,FO,NSE,IDO,60596,,NIFTY,,2025-09-25,2025-09-25,26650.00,PE,NIFTY25SEP26650PE,0.00,0.00,0.00,1232.65,1232.65,1232.65,25090.70,1521.40,75,0,0,0.00,0,F1,75,,,,,
2025-07-21,2025-07-21,FO,NSE,IDO,60622,,NIFTY,,2025-09-25,2025-09-25,27300.00,PE,NIFTY25SEP27300PE,0.00,0.00,0.00,1787.80,1787.80,1787.80,25090.70,2047.70,150,0,0,0.00,0,F1,75,,,,,
2025-07-21,2025-07-21,FO,NSE,IDO,64705,,NIFTY,,2025-09-25,2025-09-25,30000.00,PE,NIFTY25SEP30000PE,4867.40,4867.40,4565.80,4592.05,4592.05,4635.65,25090.70,4585.90,25725,75,15,38933178.75,14,F1,75,,,,,
2025-07-21,2025-07-21,FO,NSE,IDO,50972,,NIFTY,,2025-12-24,2025-12-24,27000.00,PE,NIFTY25DEC27000PE,1550.00,1600.00,1450.00,1460.05,1461.60,1535.70,25090.70,1460.05,774975,-1075,392,838513338.75,284,F1,75,,,,,
2025-07-21,2025-07-21,FO,NSE,IDO,62964,,NIFTY,,2026-03-26,2026-03-26,31000.00,PE,NIFTY26MAR31000PE,0.00,0.00,0.00,5434.70,0.00,5434.70,25090.70,4837.10,0,0,0,0.00,0,F1,75,,,,,
2025-07-21,2025-07-21,FO,NSE,IDO,39990,,NIFTY,,2026-06-25,2026-06-25,19000.00,PE,NIFTY26JUN19000PE,0.00,0.00,0.00,205.70,205.70,205.70,25090.70,20.85,250,0,0,0.00,0,F1,75,,,,,
2025-07-21,2025-07-21,FO,NSE,IDO,58627,,NIFTY,,2026-06-25,2026-06-25,22000.00,PE,NIFTY26JUN22000PE,0.00,0.00,0.00,220.00,220.00,220.00,25090.70,207.60,2475,0,0,0.00,0,F1,75,,,,,
2025-07-21,2025-07-21,FO,NSE,IDO,71565,,NIFTY,,2027-06-24,2027-06-24,26000.00,PE,NIFTY27JUN26000PE,0.00,0.00,0.00,6202.20,0.00,6202.20,25090.70,1339.85,0,0,0,0.00,0,F1,75,,,,,
2025-07-21,2025-07-21,FO,NSE,IDO,35347,,NIFTY,,2027-12-30,2027-12-30,30000.00,PE,NIFTY27DEC30000PE,0.00,0.00,0.00,4140.90,0.00,4140.90,25090.70,2997.50,0,0,0,0.00,0,F1,75,,,,,
2025-07-21,2025-07-21,FO,NSE,IDO,86162,,NIFTY,,2028-06-29,2028-06-29,26000.00,PE,NIFTY28JUN26000PE,0.00,0.00,0.00,2370.30,0.00,2370.30,25090.70,1273.40,0,0,0,0.00,0,F1,75,,,,,
2025-07-21,2025-07-21,FO,NSE,IDO,86168,,NIFTY,,2028-06-29,2028-06-29,29000.00,PE,NIFTY28JUN29000PE,0.00,0.00,0.00,3595.90,0.00,3595.90,25090.70,2357.15,0,0,0,0.00,0,F1,75,,,,,
2025-07-21,2025-07-21,FO,NSE,IDO,67791,,NIFTY,,2028-12-28,2028-12-28,28000.00,PE,NIFTY28DEC28000PE,0.00,0.00,0.00,1697.60,0.00,1697.60,25090.70,1851.75,0,0,0,0.00,0,F1,75,,,,,
2025-07-21,2025-07-21,FO,NSE,IDO,67795,,NIFTY,,2028-12-28,2028-12-28,30000.00,PE,NIFTY28DEC30000PE,0.00,0.00,0.00,2352.75,0.00,2352.75,25090.70,2623.10,0,0,0,0.00,0,F1,75,,,,,
2025-07-21,2025-07-21,FO,NSE,IDO,67797,,NIFTY,,2028-12-28,2028-12-28,31000.00,PE,NIFTY28DEC31000PE,0.00,0.00,0.00,2722.70,0.00,2722.70,25090.70,3062.45,0,0,0,0.00,0,F1,75,,,,,
2025-07-21,2025-07-21,FO,NSE,IDO,61779,,NIFTY,,2029-12-27,2029-12-27,26000.00,PE,NIFTY29DEC26000PE,0.00,0.00,0.00,969.60,0.00,969.60,25090.70,1134.45,0,0,0,0.00,0,F1,75,,,,,
2025-07-21,2025-07-21,FO,NSE,IDO,47327,,NIFTY,,2025-08-21,2025-08-21,25700.00,PE,NIFTY2582125700PE,0.00,0.00,0.00,763.15,0.00,763.15,25090.70,758.50,0,0,0,0.00,0,F1,75,,,,,
2025-07-21,2025-07-21,FO,NSE,IDO,47305,,NIFTY,,2025-08-21,2025-08-21,25400.00,PE,NIFTY2582125400PE,0.00,0.00,0.00,584.55,0.00,584.55,25090.70,574.70,0,0,0,0.00,0,F1,75,,,,,
2025-07-21,2025-07-21,FO,NSE,IDO,46985,,NIFTY,,2025-08-21,2025-08-21,23450.00,PE,NIFTY2582123450PE,30.25,30.25,30.25,30.25,30.25,39.70,25090.70,32.40,75,75,1,1761018.75,1,F1,75,,,,,
2025-07-21,2025-07-21,FO,NSE,IDO,44624,,NIFTY,,2025-08-14,2025-08-14,26850.00,PE,NIFTY2581426850PE,0.00,0.00,0.00,1449.55,0.00,1449.55,25090.70,1684.75,0,0,0,0.00,0,F1,75,,,,,
2025-07-21,2025-07-21,FO,NSE,IDO,44597,,NIFTY,,2025-08-14,2025-08-14,26400.00,PE,NIFTY2581426400PE,0.00,0.00,0.00,1090.35,0.00,1090.35,25090.70,1277.80,0,0,0,0.00,0,F1,75,,,,,
2025-07-21,2025-07-21,FO,NSE,IDO,44557,,NIFTY,,2025-08-14,2025-08-14,25600.00,PE,NIFTY2581425600PE,644.35,644.35,537.65,537.65,537.65,592.95,25090.70,659.90,450,-375,7,13743540.00,7,F1,75,,,,,
2025-07-21,2025-07-21,FO,NSE,IDO,44551,,NIFTY,,2025-08-14,2025-08-14,25450.00,PE,NIFTY2581425450PE,0.00,0.00,0.00,492.55,0.00,492.55,25090.70,565.60,0,0,0,0.00,0,F1,75,,,,,
2025-07-21,2025-07-21,FO,NSE,IDO,44469,,NIFTY,,2025-08-14,2025-08-14,24400.00,PE,NIFTY2581424400PE,0.00,0.00,0.00,116.25,116.25,116.25,25090.70,134.90,75,0,0,0.00,0,F1,75,,,,,
2025-07-21,2025-07-21,FO,NSE,IDO,44407,,NIFTY,,2025-08-14,2025-08-14,23700.00,PE,NIFTY2581423700PE,26.00,29.15,18.65,19.25,18.85,26.70,25090.70,19.25,3000,2100,410,729526837.50,399,F1,75,,,,,
2025-07-21,2025-07-21,FO,NSE,IDO,44369,,NIFTY,,2025-08-14,2025-08-14,23300.00,PE,NIFTY2581423300PE,0.00,0.00,0.00,19.75,0.00,19.75,25090.70,12.75,0,0,0,0.00,0,F1,75,,,,,
2025-07-21,2025-07-21,FO,NSE,IDO,40090,,NIFTY,,2025-08-07,2025-08-07,27000.00,PE,NIFTY2580727000PE,0.00,0.00,0.00,1910.40,1910.40,1910.40,25090.70,1842.25,75,0,0,0.00,0,F1,75,,,,,
2025-07-21,2025-07-21,FO,NSE,IDO,39908,,NIFTY,,2025-08-07,2025-08-07,25600.00,PE,NIFTY2580725600PE,615.90,673.65,514.10,515.10,516.05,599.00,25090.70,515.10,10800,525,44,86295217.50,25,F1,75,,,,,
2025-07-21,2025-07-21,FO,NSE,IDO,39887,,NIFTY,,2025-08-07,2025-08-07,25350.00,PE,NIFTY2580725350PE,436.75,477.00,323.00,324.35,323.50,412.45,25090.70,324.35,6075,300,41,79238711.25,23,F1,75,,,,,
2025-07-21,2025-07-21,FO,NSE,IDO,39855,,NIFTY,,2025-08-07,2025-08-07,24700.00,PE,NIFTY2580724700PE,119.10,135.25,72.75,77.80,72.80,115.20,25090.70,77.80,101250,35325,2589,4813714260.00,1940,F1,75,,,,,
2025-07-21,2025-07-21,FO,NSE,IDO,39842,,NIFTY,,2025-08-07,2025-08-07,24550.00,PE,NIFTY2580724550PE,83.05,94.65,51.80,54.25,52.10,83.45,25090.70,54.25,22275,1650,424,782871461.25,225,F1,75,,,,,
2025-07-21,2025-07-21,FO,NSE,IDO,39737,,NIFTY,,2025-08-07,2025-08-07,23900.00,PE,NIFTY2580723900PE,22.30,22.95,13.55,14.40,13.55,22.80,25090.70,14.40,22725,7950,217,389235922.50,92,F1,75,,,,,
2025-07-21,2025-07-21,FO,NSE,IDO,39640,,NIFTY,,2025-08-07,2025-08-07,23200.00,PE,NIFTY2580723200PE,6.00,6.00,4.30,4.80,4.45,15.45,25090.70,4.80,6675,6675,94,163594173.75,29,F1,75,,,,,
2025-07-21,2025-07-21,FO,NSE,IDO,55906,,NIFTY,,2025-07-31,2025-07-31,27200.00,PE,NIFTY25JUL27200PE,0.00,0.00,0.00,1907.05,1907.05,1907.05,25090.70,2065.15,150,0,0,0.00,0,F1,75,,,,,
2025-07-21,2025-07-21,FO,NSE,IDO,55862,,NIFTY,,2025-07-31,2025-07-31,26300.00,PE,NIFTY25JUL26300PE,1310.00,1368.50,1208.90,1232.10,1232.10,1285.00,25090.70,1179.95,14325,-375,9,18613151.25,9,F1,75,,,,,
2025-07-21,2025-07-21,FO,NSE,IDO,55848,,NIFTY,,2025-07-31,2025-07-31,25950.00,PE,NIFTY25JUL25950PE,905.85,905.85,822.70,830.05,824.45,923.00,25090.70,830.05,10950,-225,16,32148971.25,16,F1,75,,,,,
2025-07-21,2025-07-21,FO,NSE,IDO,55800,,NIFTY,,2025-07-31,2025-07-31,25000.00,PE,NIFTY25JUL25000PE,170.00,216.65,106.00,112.90,107.00,173.00,25090.70,112.90,5252400,-146025,159083,300020829731.25,99847,F1,75,,,,,
2025-07-21,2025-07-21,FO,NSE,IDO,55762,,NIFTY,,2025-07-31,2025-07-31,24100.00,PE,NIFTY25JUL24100PE,17.30,18.00,8.25,9.30,8.25,17.75,25090.70,9.30,647025,204150,24425,44169820706.25,12647,F1,75,,,,,
2025-07-21,2025-07-21,FO,NSE,IDO,55754,,NIFTY,,2025-07-31,2025-07-31,23900.00,PE,NIFTY25JUL23900PE,9.95,11.25,5.65,6.15,5.65,11.85,25090.70,6.15,406725,17250,21979,39411617640.00,9367,F1,75,,,,,
2025-07-21,2025-07-21,FO,NSE,IDO,55694,,NIFTY,,2025-07-31,2025-07-31,22800.00,PE,NIFTY25JUL22800PE,2.50,2.80,1.70,1.90,1.85,2.85,25090.70,1.90,88950,-3000,1569,2683230337.50,794,F1,75,,,,,
2025-07-21,2025-07-21,FO,NSE,IDO,55682,,NIFTY,,2025-07-31,2025-07-31,22500.00,PE,NIFTY25JUL22500PE,2.15,2.45,1.45,1.80,1.50,2.40,25090.70,1.80,2023725,12000,4982,8407855462.50,1781,F1,75,,,,,
2025-07-21,2025-07-21,FO,NSE,IDO,55676,,NIFTY,,2025-07-31,2025-07-31,22350.00,PE,NIFTY25JUL22350PE,1.80,2.10,1.20,1.65,1.20,2.10,25090.70,1.65,9300,975,186,311806102.50,98,F1,75,,,,,
2025-07-21,2025-07-21,FO,NSE,IDO,49676,,NIFTY,,2025-07-24,2025-07-24,27350.00,PE,NIFTY2572427350PE,0.00,0.00,0.00,2084.00,2083.50,2084.00,25090.70,2245.90,300,0,0,0.00,0,F1,75,,,,,
2025-07-21,2025-07-21,FO,NSE,IDO,49664,,NIFTY,,2025-07-24,2025-07-24,27150.00,PE,NIFTY2572427150PE,0.00,0.00,0.00,1886.95,1886.45,1886.95,25090.70,2046.00,300,0,0,0.00,0,F1,75,,,,,
2025-07-21,2025-07-21,FO,NSE,IDO,49662,,NIFTY,,2025-07-24,2025-07-24,27100.00,PE,NIFTY2572427100PE,0.00,0.00,0.00,1837.90,1837.75,1837.90,25090.70,1996.00,300,0,0,0.00,0,F1,75,,,,,
2025-07-21,2025-07-21,FO,NSE,IDO,49618,,NIFTY,,2025-07-24,2025-07-24,26400.00,PE,NIFTY2572426400PE,0.00,0.00,0.00,1424.00,1424.00,1424.00,25090.70,1296.40,1875,0,0,0.00,0,F1,75,,,,,
2025-07-21,2025-07-21,FO,NSE,IDO,49544,,NIFTY,,2025-07-24,2025-07-24,25450.00,PE,NIFTY2572425450PE,447.60,562.30,340.00,351.85,345.25,448.95,25090.70,351.85,55125,-9750,2125,4121561145.00,1695,F1,75,,,,,
2025-07-21,2025-07-21,FO,NSE,IDO,49489,,NIFTY,,2025-07-24,2025-07-24,25000.00,PE,NIFTY2572425000PE,120.00,168.70,44.10,52.40,44.60,117.65,25090.70,52.40,7967325,3306375,3776361,7104265501743.75,1793609,F1,75,,,,,
2025-07-21,2025-07-21,FO,NSE,IDO,49401,,NIFTY,,2025-07-24,2025-07-24,23600.00,PE,NIFTY2572423600PE,1.30,2.40,1.00,1.25,1.15,2.10,25090.70,1.25,695325,-145500,76951,136210771083.75,15126,F1,75,,,,,
2025-07-21,2025-07-21,FO,NSE,IDO,61659,,NIFTY,,2029-12-27,2029-12-27,21000.00,CE,NIFTY29DEC21000CE,0.00,0.00,0.00,9463.95,0.00,9463.95,25090.70,9380.30,0,0,0,0.00,0,F1,75,,,,,
2025-07-21,2025-07-21,FO,NSE,IDO,89642,,NIFTY,,2029-06-28,2029-06-28,30000.00,CE,NIFTY29JUN30000CE,0.00,0.00,0.00,5268.40,0.00,5268.40,25090.70,3949.70,0,0,0,0.00,0,F1,75,,,,,
2025-07-21,2025-07-21,FO,NSE,IDO,89632,,NIFTY,,2029-06-28,2029-06-28,25000.00,CE,NIFTY29JUN25000CE,0.00,0.00,0.00,7557.70,0.00,7557.70,25090.70,6371.15,0,0,0,0.00,0,F1,75,,,,,
2025-07-21,2025-07-21,FO,NSE,IDO,89624,,NIFTY,,2029-06-28,2029-06-28,21000.00,CE,NIFTY29JUN21000CE,0.00,0.00,0.00,9799.75,0.00,9799.75,25090.70,8881.65,0,0,0,0.00,0,F1,75,,,,,
2025-07-21,2025-07-21,FO,NSE,IDO,35352,,NIFTY,,2028-06-29,2028-06-29,30000.00,CE,NIFTY28JUN30000CE,0.00,0.00,0.00,2278.45,0.00,2278.45,25090.70,2813.90,0,0,0,0.00,0,F1,75,,,,,
2025-07-21,2025-07-21,FO,NSE,IDO,86165,,NIFTY,,2028-06-29,2028-06-29,28000.00,CE,NIFTY28JUN28000CE,0.00,0.00,0.00,2596.45,0.00,2596.45,25090.70,3638.10,0,0,0,0.00,0,F1,75,,,,,
2025-07-21,2025-07-21,FO,NSE,IDO,50981,,NIFTY,,2027-06-24,2027-06-24,27000.00,CE,NIFTY27JUN27000CE,0.00,0.00,0.00,1932.50,0.00,1932.50,25090.70,2806.55,0,0,0,0.00,0,F1,75,,,,,
2025-07-21,2025-07-21,FO,NSE,IDO,50978,,NIFTY,,2026-12-31,2026-12-31,27000.00,CE,NIFTY26DEC27000CE,1686.60,1782.45,1686.60,1782.40,1782.35,1726.60,25090.70,1782.40,26400,150,9,19416873.75,9,F1,75,,,,,
2025-07-21,2025-07-21,FO,NSE,IDO,58648,,NIFTY,,2026-12-31,2026-12-31,22000.00,CE,NIFTY26DEC22000CE,0.00,0.00,0.00,5150.00,5150.00,5150.00,25090.70,5242.95,525,0,0,0.00,0,F1,75,,,,,
2025-07-21,2025-07-21,FO,NSE,IDO,58644,,NIFTY,,2026-12-31,2026-12-31,20000.00,CE,NIFTY26DEC20000CE,0.00,0.00,0.00,3704.30,0.00,3704.30,25090.70,6876.80,0,0,0,0.00,0,F1,75,,,,,
2025-07-21,2025-07-21,FO,NSE,IDO,58636,,NIFTY,,2026-12-31,2026-12-31,16000.00,CE,NIFTY26DEC16000CE,0.00,0.00,0.00,6200.00,6200.00,6200.00,25090.70,10443.65,50,0,0,0.00,0,F1,75,,,,,
2025-07-21,2025-07-21,FO,NSE,IDO,60340,,NIFTY,,2025-09-25,2025-09-25,23550.00,PE,NIFTY25SEP23550PE,77.95,77.95,73.70,73.70,73.70,91.10,25090.70,124.15,3825,600,8,14175495.00,2,F1,75,,,,,
2025-07-21,2025-07-21,FO,NSE,IDO,62935,,NIFTY,,2026-03-26,2026-03-26,29000.00,CE,NIFTY26MAR29000CE,0.00,0.00,0.00,440.50,0.00,440.50,25090.70,457.20,0,0,0,0.00,0,F1,75,,,,,
2025-07-21,2025-07-21,FO,NSE,IDO,37795,,NIFTY,,2025-12-24,2025-12-24,23000.00,CE,NIFTY25DEC23000CE,2745.80,2837.55,2645.90,2816.55,2837.55,2752.40,25090.70,2816.55,453275,9150,224,433092832.50,139,F1,75,,,,,
2025-07-21,2025-07-21,FO,NSE,IDO,64698,,NIFTY,,2025-09-25,2025-09-25,27000.00,CE,NIFTY25SEP27000CE,53.35,58.30,45.45,53.65,53.50,54.10,25090.70,53.65,1090725,25725,7236,14682290523.75,2776,F1,75,,,,,
2025-07-21,2025-07-21,FO,NSE,IDO,60566,,NIFTY,,2025-09-25,2025-09-25,26200.00,CE,NIFTY25SEP26200CE,159.60,181.70,138.05,170.70,169.65,169.95,25090.70,170.70,116775,81225,2429,4804080090.00,985,F1,75,,,,,
2025-07-21,2025-07-21,FO,NSE,IDO,60514,,NIFTY,,2025-09-25,2025-09-25,25850.00,CE,NIFTY25SEP25850CE,240.55,289.70,236.00,275.65,275.65,274.95,25090.70,275.65,8175,525,28,54848970.00,20,F1,75,,,,,
2025-07-21,2025-07-21,FO,NSE,IDO,60512,,NIFTY,,2025-09-25,2025-09-25,25800.00,CE,NIFTY25SEP25800CE,255.30,309.65,245.10,296.75,299.10,291.40,25090.70,296.75,30450,-3075,366,715952257.50,221,F1,75,,,,,
2025-07-21,2025-07-21,FO,NSE,IDO,60499,,NIFTY,,2025-09-25,2025-09-25,25500.00,CE,NIFTY25SEP25500CE,400.00,438.00,356.10,428.15,430.00,414.30,25090.70,428.15,276525,3825,1761,3421304568.75,1178,F1,75,,,,,
2025-07-21,2025-07-21,FO,NSE,IDO,60497,,NIFTY,,2025-09-25,2025-09-25,25450.00,CE,NIFTY25SEP25450CE,394.65,449.55,389.15,448.50,448.50,432.55,25090.70,659.95,18075,600,16,31054781.25,12,F1,75,,,,,
2025-07-21,2025-07-21,FO,NSE,IDO,60373,,NIFTY,,2025-09-25,2025-09-25,24050.00,CE,NIFTY25SEP24050CE,0.00,0.00,0.00,1588.50,1588.50,1588.50,25090.70,1522.35,150,0,0,0.00,0,F1,75,,,,,
2025-07-21,2025-07-21,FO,NSE,IDO,60363,,NIFTY,,2025-09-25,2025-09-25,23950.00,CE,NIFTY25SEP23950CE,0.00,0.00,0.00,1955.70,1955.65,1955.70,25090.70,1599.15,150,0,0,0.00,0,F1,75,,,,,
2025-07-21,2025-07-21,FO,NSE,IDO,60359,,NIFTY,,2025-09-25,2025-09-25,23900.00,CE,NIFTY25SEP23900CE,0.00,0.00,0.00,1994.50,1994.50,1994.50,25090.70,1638.20,75,0,0,0.00,0,F1,75,,,,,
2025-07-21,2025-07-21,FO,NSE,IDO,60341,,NIFTY,,2025-09-25,2025-09-25,23600.00,CE,NIFTY25SEP23600CE,0.00,0.00,0.00,2444.60,0.00,2444.60,25090.70,1880.95,0,0,0,0.00,0,F1,75,,,,,
2025-07-21,2025-07-21,FO,NSE,IDO,72328,,NIFTY,,2025-08-28,2025-08-28,26800.00,CE,NIFTY25AUG26800CE,17.80,19.65,14.00,16.10,15.80,18.00,25090.70,16.10,222075,9450,2336,4698304158.75,1104,F1,75,,,,,
2025-07-21,2025-07-21,FO,NSE,IDO,72326,,NIFTY,,2025-08-28,2025-08-28,26750.00,CE,NIFTY25AUG26750CE,18.55,22.40,15.75,18.70,17.85,20.05,25090.70,18.70,14850,375,72,144554730.00,45,F1,75,,,,,
2025-07-21,2025-07-21,FO,NSE,IDO,72087,,NIFTY,,2025-08-28,2025-08-28,25500.00,CE,NIFTY25AUG25500CE,210.00,230.95,163.00,220.45,219.35,207.80,25090.70,220.45,1732575,95925,20381,39292813207.50,12360,F1,75,,,,,
2025-07-21,2025-07-21,FO,NSE,IDO,72038,,NIFTY,,2025-08-28,2025-08-28,25300.00,CE,NIFTY25AUG25300CE,300.00,319.10,233.00,308.75,308.00,289.30,25090.70,308.75,333075,29100,4525,8683651818.75,2921,F1,75,,,,,
2025-07-21,2025-07-21,FO,NSE,IDO,71948,,NIFTY,,2025-08-28,2025-08-28,24350.00,CE,NIFTY25AUG24350CE,838.75,838.75,817.80,817.80,817.80,989.55,25090.70,1086.75,900,75,2,3776741.25,2,F1,75,,,,,
2025-07-21,2025-07-21,FO,NSE,IDO,71932,,NIFTY,,2025-08-28,2025-08-28,24000.00,CE,NIFTY25AUG24000CE,1173.70,1283.50,1102.40,1273.80,1279.00,1205.95,25090.70,1273.80,101550,13275,661,1249771083.75,446,F1,75,,,,,
2025-07-21,2025-07-21,FO,NSE,IDO,71928,,NIFTY,,2025-08-28,2025-08-28,23900.00,CE,NIFTY25AUG23900CE,1267.50,1380.30,1239.50,1379.35,1378.85,1286.05,25090.70,1379.35,1200,225,12,22702203.75,9,F1,75,,,,,
2025-07-21,2025-07-21,FO,NSE,IDO,71914,,NIFTY,,2025-08-28,2025-08-28,23650.00,CE,NIFTY25AUG23650CE,0.00,0.00,0.00,1526.45,1526.45,1526.45,25090.70,1657.30,450,0,0,0.00,0,F1,75,,,,,
2025-07-21,2025-07-21,FO,NSE,IDO,71856,,NIFTY,,2025-08-28,2025-08-28,23350.00,CE,NIFTY25AUG23350CE,0.00,0.00,0.00,1993.75,1993.75,1993.75,25090.70,1927.85,75,0,0,0.00,0,F1,75,,,,,
2025-07-21,2025-07-21,FO,NSE,IDO,71837,,NIFTY,,2025-08-28,2025-08-28,22900.00,CE,NIFTY25AUG22900CE,0.00,0.00,0.00,2350.20,2350.20,2350.20,25090.70,2351.65,75,0,0,0.00,0,F1,75,,,,,
2025-07-21,2025-07-21,FO,NSE,IDO,71835,,NIFTY,,2025-08-28,2025-08-28,22850.00,CE,NIFTY25AUG22850CE,0.00,0.00,0.00,2396.20,2396.20,2396.20,25090.70,2399.65,75,0,0,0.00,0,F1,75,,,,,
2025-07-21,2025-07-21,FO,NSE,IDO,47390,,NIFTY,,2025-08-21,2025-08-21,26100.00,CE,NIFTY2582126100CE,0.00,0.00,0.00,204.70,0.00,204.70,25090.70,169.80,0,0,0,0.00,0,F1,75,,,,,
2025-07-21,2025-07-21,FO,NSE,IDO,47354,,NIFTY,,2025-08-21,2025-08-21,26000.00,CE,NIFTY2582126000CE,0.00,0.00,0.00,229.85,0.00,229.85,25090.70,193.60,0,0,0,0.00,0,F1,75,,,,,
2025-07-21,2025-07-21,FO,NSE,IDO,47340,,NIFTY,,2025-08-21,2025-08-21,25800.00,CE,NIFTY2582125800CE,0.00,0.00,0.00,289.90,0.00,289.90,25090.70,249.60,0,0,0,0.00,0,F1,75,,,,,
2025-07-21,2025-07-21,FO,NSE,IDO,47324,,NIFTY,,2025-08-21,2025-08-21,25650.00,CE,NIFTY2582125650CE,0.00,0.00,0.00,342.15,0.00,342.15,25090.70,298.95,0,0,0,0.00,0,F1,75,,,,,
2025-07-21,2025-07-21,FO,NSE,IDO,47216,,NIFTY,,2025-08-21,2025-08-21,24900.00,CE,NIFTY2582124900CE,414.20,494.00,378.25,494.00,494.00,704.00,25090.70,494.00,3000,3000,54,102592773.75,54,F1,75,,,,,
2025-07-21,2025-07-21,FO,NSE,IDO,47175,,NIFTY,,2025-08-21,2025-08-21,24550.00,CE,NIFTY2582124550CE,0.00,0.00,0.00,931.15,0.00,931.15,25090.70,879.15,0,0,0,0.00,0,F1,75,,,,,
2025-07-21,2025-07-21,FO,NSE,IDO,46955,,NIFTY,,2025-08-21,2025-08-21,23250.00,CE,NIFTY2582123250CE,0.00,0.00,0.00,2023.40,0.00,2023.40,25090.70,1981.75,0,0,0,0.00,0,F1,75,,,,,
2025-07-21,2025-07-21,FO,NSE,IDO,44615,,NIFTY,,2025-08-14,2025-08-14,26650.00,CE,NIFTY2581426650CE,0.00,0.00,0.00,144.95,0.00,144.95,25090.70,45.60,0,0,0,0.00,0,F1,75,,,,,
2025-07-21,2025-07-21,FO,NSE,IDO,44568,,NIFTY,,2025-08-14,2025-08-14,25900.00,CE,NIFTY2581425900CE,35.00,55.20,34.65,47.25,48.10,47.95,25090.70,47.25,12675,5100,385,749158950.00,222,F1,75,,,,,
2025-07-21,2025-07-21,FO,NSE,IDO,44536,,NIFTY,,2025-08-14,2025-08-14,25300.00,CE,NIFTY2581425300CE,183.70,221.15,140.70,209.65,208.15,193.05,25090.70,209.65,12450,300,296,565769328.75,202,F1,75,,,,,
2025-07-21,2025-07-21,FO,NSE,IDO,44458,,NIFTY,,2025-08-14,2025-08-14,24200.00,CE,NIFTY2581424200CE,0.00,0.00,0.00,1397.75,0.00,1397.75,25090.70,1080.20,0,0,0,0.00,0,F1,75,,,,,
2025-07-21,2025-07-21,FO,NSE,IDO,44444,,NIFTY,,2025-08-14,2025-08-14,24000.00,CE,NIFTY2581424000CE,0.00,0.00,0.00,1568.55,0.00,1568.55,25090.70,1249.15,0,0,0,0.00,0,F1,75,,,,,
2025-07-21,2025-07-21,FO,NSE,IDO,44396,,NIFTY,,2025-08-14,2025-08-14,23550.00,CE,NIFTY2581423550CE,0.00,0.00,0.00,1975.05,0.00,1975.05,25090.70,1657.00,0,0,0,0.00,0,F1,75,,,,,
2025-07-21,2025-07-21,FO,NSE,IDO,40091,,NIFTY,,2025-08-07,2025-08-07,27050.00,CE,NIFTY2580727050CE,0.00,0.00,0.00,3.30,3.30,3.30,25090.70,7.00,2175,0,0,0.00,0,F1,75,,,,,
2025-07-21,2025-07-21,FO,NSE,IDO,40045,,NIFTY,,2025-08-07,2025-08-07,26850.00,CE,NIFTY2580726850CE,0.00,0.00,0.00,123.60,0.00,123.60,25090.70,12.05,0,0,0,0.00,0,F1,75,,,,,
2025-07-21,2025-07-21,FO,NSE,IDO,40025,,NIFTY,,2025-08-07,2025-08-07,26650.00,CE,NIFTY2580726650CE,0.00,0.00,0.00,159.95,0.00,159.95,25090.70,20.20,0,0,0,0.00,0,F1,75,,,,,
2025-07-21,2025-07-21,FO,NSE,IDO,40005,,NIFTY,,2025-08-07,2025-08-07,26450.00,CE,NIFTY2580726450CE,0.00,0.00,0.00,205.25,0.00,205.25,25090.70,32.75,0,0,0,0.00,0,F1,75,,,,,
2025-07-21,2025-07-21,FO,NSE,IDO,39997,,NIFTY,,2025-08-07,2025-08-07,26350.00,CE,NIFTY2580726350CE,0.00,0.00,0.00,229.60,0.00,229.60,25090.70,41.20,0,0,0,0.00,0,F1,75,,,,,
2025-07-21,2025-07-21,FO,NSE,IDO,39977,,NIFTY,,2025-08-07,2025-08-07,26200.00,CE,NIFTY2580726200CE,13.75,15.00,9.75,11.70,11.85,13.75,25090.70,11.70,79800,48975,2338,4596235308.75,1398,F1,75,,,,,
2025-07-21,2025-07-21,FO,NSE,IDO,39909,,NIFTY,,2025-08-07,2025-08-07,25650.00,CE,NIFTY2580725650CE,47.65,66.40,36.70,56.85,56.50,56.10,25090.70,56.85,20400,3000,488,940755536.25,310,F1,75,,,,,
2025-07-21,2025-07-21,FO,NSE,IDO,39872,,NIFTY,,2025-08-07,2025-08-07,25150.00,CE,NIFTY2580725150CE,188.85,236.45,148.75,225.40,228.00,204.90,25090.70,225.40,121200,13575,1196,2275207410.00,601,F1,75,,,,,
2025-07-21,2025-07-21,FO,NSE,IDO,39854,,NIFTY,,2025-08-07,2025-08-07,24700.00,CE,NIFTY2580724700CE,450.00,535.20,396.00,529.50,532.40,476.50,25090.70,529.50,13125,6525,217,410071125.00,157,F1,75,,,,,
2025-07-21,2025-07-21,FO,NSE,IDO,39798,,NIFTY,,2025-08-07,2025-08-07,24350.00,CE,NIFTY2580724350CE,0.00,0.00,0.00,1320.50,0.00,1320.50,25090.70,892.55,0,0,0,0.00,0,F1,75,,,,,
2025-07-21,2025-07-21,FO,NSE,IDO,39641,,NIFTY,,2025-08-07,2025-08-07,23250.00,CE,NIFTY2580723250CE,0.00,0.00,0.00,2308.55,0.00,2308.55,25090.70,1909.25,0,0,0,0.00,0,F1,75,,,,,
2025-07-21,2025-07-21,FO,NSE,IDO,55861,,NIFTY,,2025-07-31,2025-07-31,26300.00,CE,NIFTY25JUL26300CE,4.00,5.25,2.95,3.30,3.00,4.00,25090.70,3.30,1190025,187050,25090,49496643675.00,12185,F1,75,,,,,
2025-07-21,2025-07-21,FO,NSE,IDO,55844,,NIFTY,,2025-07-31,2025-07-31,25900.00,CE,NIFTY25JUL25900CE,13.55,14.25,8.05,10.40,10.35,12.30,25090.70,10.40,1119825,7500,42236,82076842811.25,21714,F1,75,,,,,
2025-07-21,2025-07-21,FO,NSE,IDO,55811,,NIFTY,,2025-07-31,2025-07-31,25300.00,CE,NIFTY25JUL25300CE,86.00,102.70,50.25,91.05,91.65,86.00,25090.70,91.05,2428350,359325,105562,200939321463.75,66475,F1,75,,,,,
2025-07-21,2025-07-21,FO,NSE,IDO,55795,,NIFTY,,2025-07-31,2025-07-31,24900.00,CE,NIFTY25JUL24900CE,270.10,317.85,189.00,307.95,310.10,270.10,25090.70,307.95,449100,47700,35701,67364664727.50,24881,F1,75,,,,,
2025-07-21,2025-07-21,FO,NSE,IDO,55783,,NIFTY,,2025-07-31,2025-07-31,24600.00,CE,NIFTY25JUL24600CE,464.95,567.50,392.70,558.10,566.15,494.65,25090.70,558.10,110475,150,2463,4638717397.50,1506,F1,75,,,,,
2025-07-21,2025-07-21,FO,NSE,IDO,55763,,NIFTY,,2025-07-31,2025-07-31,24150.00,CE,NIFTY25JUL24150CE,0.00,0.00,0.00,1039.00,1039.00,1039.00,25090.70,1001.45,675,0,0,0.00,0,F1,75,,,,,
2025-07-21,2025-07-21,FO,NSE,IDO,49519,,NIFTY,,2025-07-24,2025-07-24,25200.00,CE,NIFTY2572425200CE,50.00,71.70,25.40,56.15,55.10,56.40,25090.70,56.15,7167150,-1388175,2565603,4858875663348.75,1100937,F1,75,,,,,
2025-07-21,2025-07-21,FO,NSE,IDO,49481,,NIFTY,,2025-07-24,2025-07-24,24850.00,CE,NIFTY2572424850CE,229.85,295.40,136.25,279.45,287.30,229.85,25090.70,279.45,185775,20100,193210,363188792748.75,135440,F1,75,,,,,
2025-07-21,2025-07-21,FO,NSE,IDO,49453,,NIFTY,,2025-07-24,2025-07-24,24350.00,CE,NIFTY2572424350CE,604.20,767.15,563.40,755.35,766.95,679.10,25090.70,755.35,1425,525,56,105143655.00,54,F1,75,,,,,
2025-07-21,2025-07-21,FO,NSE,IDO,49411,,NIFTY,,2025-07-24,2025-07-24,23750.00,CE,NIFTY2572423750CE,0.00,0.00,0.00,1494.75,1494.75,1494.75,25090.70,1352.40,300,0,0,0.00,0,F1,75,,,,,
2025-07-21,2025-07-21,FO,NSE,IDO,49397,,NIFTY,,2025-07-24,2025-07-24,23600.00,CE,NIFTY2572423600CE,1297.45,1325.80,1297.45,1325.80,1325.80,1548.55,25090.70,1502.30,750,0,5,9345037.50,3,F1,75,,,,,
2025-07-21,2025-07-21,FO,NSE,IDO,49395,,NIFTY,,2025-07-24,2025-07-24,23550.00,CE,NIFTY2572423550CE,0.00,0.00,0.00,1624.00,1624.00,1624.00,25090.70,1552.30,750,0,0,0.00,0,F1,75,,,,,
2025-07-21,2025-07-21,FO,NSE,IDO,47448,,NIFTY,,2025-08-21,2025-08-21,26400.00,PE,NIFTY2582126400PE,0.00,0.00,0.00,1274.10,0.00,1274.10,25090.70,1284.60,0,0,0,0.00,0,F1,75,,,,,
2025-07-21,2025-07-21,FO,NSE,IDO,71842,,NIFTY,,2025-08-28,2025-08-28,23000.00,PE,NIFTY25AUG23000PE,20.80,21.30,16.10,16.70,16.10,21.35,25090.70,16.70,687525,47475,5009,8647506757.50,2730,F1,75,,,,,
2025-07-21,2025-07-21,FO,NSE,IDO,71931,,NIFTY,,2025-08-28,2025-08-28,23950.00,PE,NIFTY25AUG23950PE,0.00,0.00,0.00,55.45,55.45,55.45,25090.70,108.40,3375,0,0,0.00,0,F1,75,,,,,
2025-07-21,2025-07-21,FO,NSE,IDO,71933,,NIFTY,,2025-08-28,2025-08-28,24000.00,PE,NIFTY25AUG24000PE,70.00,76.40,50.10,53.95,50.20,70.30,25090.70,53.95,1511250,42975,14511,26185830945.00,9300,F1,75,,,,,
2025-07-21,2025-07-21,FO,NSE,IDO,71991,,NIFTY,,2025-08-28,2025-08-28,25150.00,PE,NIFTY25AUG25150PE,380.00,407.45,293.70,300.60,295.25,363.75,25090.70,300.60,23175,-9075,255,487653067.50,149,F1,75,,,,,
2025-07-21,2025-07-21,FO,NSE,IDO,72039,,NIFTY,,2025-08-28,2025-08-28,25300.00,PE,NIFTY25AUG25300PE,454.95,493.00,361.90,371.10,362.95,439.10,25090.70,371.10,302925,27525,1467,2828273553.75,1171,F1,75,,,,,
2025-07-21,2025-07-21,FO,NSE,IDO,72097,,NIFTY,,2025-08-28,2025-08-28,25700.00,PE,NIFTY25AUG25700PE,711.50,770.00,602.10,615.15,602.10,691.20,25090.70,615.15,112125,-375,321,634878153.75,162,F1,75,,,,,
2025-07-21,2025-07-21,FO,NSE,IDO,72109,,NIFTY,,2025-08-28,2025-08-28,26000.00,PE,NIFTY25AUG26000PE,949.45,1021.50,829.95,840.50,837.00,927.65,25090.70,840.50,551550,56325,2578,5199095812.50,2054,F1,75,,,,,
2025-07-21,2025-07-21,FO,NSE,IDO,72111,,NIFTY,,2025-08-28,2025-08-28,26050.00,PE,NIFTY25AUG26050PE,1000.05,1000.05,918.65,918.65,918.65,962.70,25090.70,1026.30,1125,600,13,26367693.75,6,F1,75,,,,,
2025-07-21,2025-07-21,FO,NSE,IDO,72333,,NIFTY,,2025-08-28,2025-08-28,26900.00,PE,NIFTY25AUG26900PE,0.00,0.00,0.00,1511.40,1511.30,1511.40,25090.70,1717.20,825,0,0,0.00,0,F1,75,,,,,
2025-07-21,2025-07-21,FO,NSE,IDO,64685,,NIFTY,,2025-09-25,2025-09-25,20000.00,PE,NIFTY25SEP20000PE,10.95,10.95,10.00,10.25,10.20,10.55,25090.70,10.25,499125,1125,792,1188622207.50,397,F1,75,,,,,
2025-07-21,2025-07-21,FO,NSE,IDO,60346,,NIFTY,,2025-09-25,2025-09-25,23650.00,PE,NIFTY25SEP23650PE,80.80,81.80,78.55,78.55,78.55,93.20,25090.70,78.55,26325,-150,15,26697236.25,5,F1,75,,,,,
2025-07-21,2025-07-21,FO,NSE,IDO,61933,,NIFTY,,2029-12-27,2029-12-27,30000.00,PE,NIFTY29DEC30000PE,0.00,0.00,0.00,1953.50,0.00,1953.50,25090.70,2308.35,0,0,0,0.00,0,F1,75,,,,,
2025-07-21,2025-07-21,FO,NSE,IDO,42134,,NIFTY,,2026-06-25,2026-06-25,31000.00,PE,NIFTY26JUN31000PE,0.00,0.00,0.00,5585.00,0.00,5585.00,25090.70,4576.00,0,0,0,0.00,0,F1,75,,,,,
2025-07-21,2025-07-21,FO,NSE,IDO,71477,,NIFTY,,2026-06-25,2026-06-25,26000.00,PE,NIFTY26JUN26000PE,0.00,0.00,0.00,906.05,906.05,906.05,25090.70,1318.45,975,0,0,0.00,0,F1,75,,,,,
2025-07-21,2025-07-21,FO,NSE,IDO,37802,,NIFTY,,2026-06-25,2026-06-25,13000.00,PE,NIFTY26JUN13000PE,0.00,0.00,0.00,21.60,21.60,21.60,25090.70,0.00,200,0,0,0.00,0,F1,75,,,,,
2025-07-21,2025-07-21,FO,NSE,IDO,62921,,NIFTY,,2026-03-26,2026-03-26,22000.00,PE,NIFTY26MAR22000PE,0.00,0.00,0.00,346.60,0.00,346.60,25090.70,148.90,0,0,0,0.00,0,F1,75,,,,,
2025-07-21,2025-07-21,FO,NSE,IDO,35222,,NIFTY,,2025-12-24,2025-12-24,30000.00,PE,NIFTY25DEC30000PE,4100.35,4150.00,4035.15,4055.05,4035.15,4114.85,25090.70,4055.05,16900,450,16,40896142.50,16,F1,75,,,,,
2025-07-21,2025-07-21,FO,NSE,IDO,37797,,NIFTY,,2025-12-24,2025-12-24,13000.00,PE,NIFTY25DEC13000PE,0.00,0.00,0.00,4.00,4.00,4.00,25090.70,0.00,6950,0,0,0.00,0,F1,75,,,,,
2025-07-21,2025-07-21,FO,NSE,IDO,60614,,NIFTY,,2025-09-25,2025-09-25,27150.00,PE,NIFTY25SEP27150PE,0.00,0.00,0.00,1653.55,1653.55,1653.55,25090.70,1921.25,675,0,0,0.00,0,F1,75,,,,,
2025-07-21,2025-07-21,FO,NSE,IDO,64699,,NIFTY,,2025-09-25,2025-09-25,27000.00,PE,NIFTY25SEP27000PE,1734.55,1734.55,1635.10,1646.40,1638.45,1724.90,25090.70,1646.40,338775,-2775,160,344153223.75,112,F1,75,,,,,
2025-07-21,2025-07-21,FO,NSE,IDO,60608,,NIFTY,,2025-09-25,2025-09-25,26950.00,PE,NIFTY25SEP26950PE,0.00,0.00,0.00,1479.50,1479.50,1479.50,25090.70,1757.05,450,0,0,0.00,0,F1,75,,,,,
2025-07-21,2025-07-21,FO,NSE,IDO,64697,,NIFTY,,2025-09-25,2025-09-25,26000.00,PE,NIFTY25SEP26000PE,950.80,990.00,830.95,842.75,838.15,917.80,25090.70,842.75,691125,-3675,637,1284675078.75,458,F1,75,,,,,
2025-07-21,2025-07-21,FO,NSE,IDO,60547,,NIFTY,,2025-09-25,2025-09-25,25950.00,PE,NIFTY25SEP25950PE,807.05,807.25,799.70,805.45,799.70,880.85,25090.70,805.45,12150,0,14,28093230.00,7,F1,75,,,,,
2025-07-21,2025-07-21,FO,NSE,IDO,60486,,NIFTY,,2025-09-25,2025-09-25,25150.00,PE,NIFTY25SEP25150PE,453.50,475.55,394.65,394.65,394.65,441.80,25090.70,394.65,5850,600,18,34554926.25,9,F1,75,,,,,
2025-07-21,2025-07-21,FO,NSE,IDO,60464,,NIFTY,,2025-09-25,2025-09-25,24750.00,PE,NIFTY25SEP24750PE,304.25,311.95,268.90,268.90,268.90,298.30,25090.70,426.75,1200,-150,5,9391623.75,4,F1,75,,,,,
2025-07-21,2025-07-21,FO,NSE,IDO,60358,,NIFTY,,2025-09-25,2025-09-25,23850.00,PE,NIFTY25SEP23850PE,114.40,119.95,91.00,94.95,91.00,114.40,25090.70,94.95,15450,1350,118,211988475.00,43,F1,75,,,,,
2025-07-21,2025-07-21,FO,NSE,IDO,60328,,NIFTY,,2025-09-25,2025-09-25,23300.00,PE,NIFTY25SEP23300PE,68.90,68.90,53.20,54.80,53.20,100.05,25090.70,54.80,14925,14925,231,404655157.50,72,F1,75,,,,,
2025-07-21,2025-07-21,FO,NSE,IDO,60326,,NIFTY,,2025-09-25,2025-09-25,23250.00,PE,NIFTY25SEP23250PE,56.25,57.70,53.00,53.05,53.05,94.75,25090.70,85.15,1275,1275,24,41947950.00,8,F1,75,,,,,
2025-07-21,2025-07-21,FO,NSE,IDO,72348,,NIFTY,,2025-08-28,2025-08-28,27200.00,PE,NIFTY25AUG27200PE,0.00,0.00,0.00,1796.35,1796.35,1796.35,25090.70,1987.60,300,0,0,0.00,0,F1,75,,,,,
2025-07-21,2025-07-21,FO,NSE,IDO,72346,,NIFTY,,2025-08-28,2025-08-28,27150.00,PE,NIFTY25AUG27150PE,0.00,0.00,0.00,1750.25,1750.25,1750.25,25090.70,1941.85,300,0,0,0.00,0,F1,75,,,,,
2025-07-21,2025-07-21,FO,NSE,IDO,72329,,NIFTY,,2025-08-28,2025-08-28,26800.00,PE,NIFTY25AUG26800PE,0.00,0.00,0.00,1410.95,1410.95,1410.95,25090.70,1629.50,1200,0,0,0.00,0,F1,75,,,,,
2025-07-21,2025-07-21,FO,NSE,IDO,71951,,NIFTY,,2025-08-28,2025-08-28,24400.00,PE,NIFTY25AUG24400PE,130.45,139.40,92.25,96.40,92.25,125.00,25090.70,96.40,274575,46800,3728,6851807883.75,2577,F1,75,,,,,
2025-07-21,2025-07-21,FO,NSE,IDO,71921,,NIFTY,,2025-08-28,2025-08-28,23700.00,PE,NIFTY25AUG23700PE,45.85,47.70,33.10,34.45,33.10,45.70,25090.70,34.45,153075,-7950,901,1604064795.00,412,F1,75,,,,,
2025-07-21,2025-07-21,FO,NSE,IDO,71857,,NIFTY,,2025-08-28,2025-08-28,23350.00,PE,NIFTY25AUG23350PE,0.00,0.00,0.00,34.00,34.00,34.00,25090.70,39.55,1875,0,0,0.00,0,F1,75,,,,,
2025-07-21,2025-07-21,FO,NSE,IDO,71848,,NIFTY,,2025-08-28,2025-08-28,23150.00,PE,NIFTY25AUG23150PE,0.00,0.00,0.00,78.05,78.05,78.05,25090.70,27.00,2250,0,0,0.00,0,F1,75,,,,,
2025-07-21,2025-07-21,FO,NSE,IDO,47503,,NIFTY,,2025-08-21,2025-08-21,26850.00,PE,NIFTY2582126850PE,0.00,0.00,0.00,1656.40,0.00,1656.40,25090.70,1676.30,0,0,0,0.00,0,F1,75,,,,,
2025-07-21,2025-07-21,FO,NSE,IDO,47501,,NIFTY,,2025-08-21,2025-08-21,26800.00,PE,NIFTY2582126800PE,0.00,0.00,0.00,1612.35,0.00,1612.35,25090.70,1631.25,0,0,0,0.00,0,F1,75,,,,,
2025-07-21,2025-07-21,FO,NSE,IDO,47384,,NIFTY,,2025-08-21,2025-08-21,26000.00,PE,NIFTY2582126000PE,0.00,0.00,0.00,967.25,0.00,967.25,25090.70,968.80,0,0,0,0.00,0,F1,75,,,,,
2025-07-21,2025-07-21,FO,NSE,IDO,47257,,NIFTY,,2025-08-21,2025-08-21,25200.00,PE,NIFTY2582125200PE,318.20,325.30,283.85,286.95,290.00,480.65,25090.70,286.95,600,600,12,22962532.50,12,F1,75,,,,,
2025-07-21,2025-07-21,FO,NSE,IDO,47217,,NIFTY,,2025-08-21,2025-08-21,24900.00,PE,NIFTY2582124900PE,242.10,266.25,199.10,213.15,213.15,239.30,25090.70,333.05,825,375,31,58410360.00,31,F1,75,,,,,
2025-07-21,2025-07-21,FO,NSE,IDO,47165,,NIFTY,,2025-08-21,2025-08-21,24450.00,PE,NIFTY2582124450PE,0.00,0.00,0.00,199.85,0.00,199.85,25090.70,184.95,0,0,0,0.00,0,F1,75,,,,,
2025-07-21,2025-07-21,FO,NSE,IDO,47153,,NIFTY,,2025-08-21,2025-08-21,24350.00,PE,NIFTY2582124350PE,0.00,0.00,0.00,173.55,0.00,173.55,25090.70,159.05,0,0,0,0.00,0,F1,75,,,,,
2025-07-21,2025-07-21,FO,NSE,IDO,47137,,NIFTY,,2025-08-21,2025-08-21,24200.00,PE,NIFTY2582124200PE,0.00,0.00,0.00,139.95,0.00,139.95,25090.70,126.35,0,0,0,0.00,0,F1,75,,,,,
2025-07-21,2025-07-21,FO,NSE,IDO,47135,,NIFTY,,2025-08-21,2025-08-21,24150.00,PE,NIFTY2582124150PE,0.00,0.00,0.00,129.95,0.00,129.95,25090.70,116.65,0,0,0,0.00,0,F1,75,,,,,
2025-07-21,2025-07-21,FO,NSE,IDO,46999,,NIFTY,,2025-08-21,2025-08-21,23500.00,PE,NIFTY2582123500PE,0.00,0.00,0.00,43.60,0.00,43.60,25090.70,35.90,0,0,0,0.00,0,F1,75,,,,,
2025-07-21,2025-07-21,FO,NSE,IDO,44610,,NIFTY,,2025-08-14,2025-08-14,26550.00,PE,NIFTY2581426550PE,0.00,0.00,0.00,1204.90,0.00,1204.90,25090.70,1410.10,0,0,0,0.00,0,F1,75,,,,,
2025-07-21,2025-07-21,FO,NSE,IDO,44571,,NIFTY,,2025-08-14,2025-08-14,25950.00,PE,NIFTY2581425950PE,0.00,0.00,0.00,775.25,0.00,775.25,25090.70,908.95,0,0,0,0.00,0,F1,75,,,,,
2025-07-21,2025-07-21,FO,NSE,IDO,44561,,NIFTY,,2025-08-14,2025-08-14,25700.00,PE,NIFTY2581425700PE,0.00,0.00,0.00,624.65,0.00,624.65,25090.70,727.05,0,0,0,0.00,0,F1,75,,,,,
2025-07-21,2025-07-21,FO,NSE,IDO,44515,,NIFTY,,2025-08-14,2025-08-14,25050.00,PE,NIFTY2581425050PE,284.15,300.90,205.00,214.10,207.40,265.00,25090.70,214.10,3150,600,41,77761237.50,36,F1,75,,,,,
2025-07-21,2025-07-21,FO,NSE,IDO,44501,,NIFTY,,2025-08-14,2025-08-14,24750.00,PE,NIFTY2581424750PE,161.90,184.85,114.05,118.70,116.65,166.95,25090.70,118.70,2625,975,68,126910211.25,37,F1,75,,,,,
2025-07-21,2025-07-21,FO,NSE,IDO,44493,,NIFTY,,2025-08-14,2025-08-14,24600.00,PE,NIFTY2581424600PE,134.00,136.05,83.35,86.05,83.35,122.60,25090.70,86.05,14175,3825,124,229748310.00,70,F1,75,,,,,
2025-07-21,2025-07-21,FO,NSE,IDO,40109,,NIFTY,,2025-08-07,2025-08-07,27250.00,PE,NIFTY2580727250PE,0.00,0.00,0.00,1756.35,0.00,1756.35,25090.70,2087.45,0,0,0,0.00,0,F1,75,,,,,
2025-07-21,2025-07-21,FO,NSE,IDO,40096,,NIFTY,,2025-08-07,2025-08-07,27100.00,PE,NIFTY2580727100PE,0.00,0.00,0.00,1624.15,0.00,1624.15,25090.70,1940.00,0,0,0,0.00,0,F1,75,,,,,
2025-07-21,2025-07-21,FO,NSE,IDO,40006,,NIFTY,,2025-08-07,2025-08-07,26450.00,PE,NIFTY2580726450PE,0.00,0.00,0.00,1095.15,0.00,1095.15,25090.70,1318.45,0,0,0,0.00,0,F1,75,,,,,
2025-07-21,2025-07-21,FO,NSE,IDO,39978,,NIFTY,,2025-08-07,2025-08-07,26200.00,PE,NIFTY2580726200PE,0.00,0.00,0.00,913.90,0.00,913.90,25090.70,1093.70,0,0,0,0.00,0,F1,75,,,,,
2025-07-21,2025-07-21,FO,NSE,IDO,39871,,NIFTY,,2025-08-07,2025-08-07,25100.00,PE,NIFTY2580725100PE,271.30,309.95,187.30,194.90,187.30,261.50,25090.70,194.90,170850,82950,3263,6197086826.25,1798,F1,75,,,,,
2025-07-21,2025-07-21,FO,NSE,IDO,39865,,NIFTY,,2025-08-07,2025-08-07,24950.00,PE,NIFTY2580724950PE,203.05,232.50,134.05,137.20,135.00,195.60,25090.70,137.20,25275,4800,534,1006360852.50,340,F1,75,,,,,
2025-07-21,2025-07-21,FO,NSE,IDO,39783,,NIFTY,,2025-08-07,2025-08-07,24250.00,PE,NIFTY2580724250PE,0.00,0.00,0.00,105.55,0.00,105.55,25090.70,67.40,0,0,0,0.00,0,F1,75,,,,,
2025-07-21,2025-07-21,FO,NSE,IDO,39781,,NIFTY,,2025-08-07,2025-08-07,24200.00,PE,NIFTY2580724200PE,35.00,43.00,23.70,25.15,24.00,41.20,25090.70,25.15,110325,51450,2226,4045027650.00,1008,F1,75,,,,,
2025-07-21,2025-07-21,FO,NSE,IDO,39670,,NIFTY,,2025-08-07,2025-08-07,23450.00,PE,NIFTY2580723450PE,0.00,0.00,0.00,11.90,11.90,11.90,25090.70,7.60,75,0,0,0.00,0,F1,75,,,,,
2025-07-21,2025-07-21,FO,NSE,IDO,55852,,NIFTY,,2025-07-31,2025-07-31,26050.00,PE,NIFTY25JUL26050PE,1113.20,1113.20,950.00,950.00,950.00,1012.00,25090.70,947.00,7125,150,19,38554395.00,9,F1,75,,,,,
2025-07-21,2025-07-21,FO,NSE,IDO,55826,,NIFTY,,2025-07-31,2025-07-31,25500.00,PE,NIFTY25JUL25500PE,550.00,601.30,405.00,416.00,408.95,507.55,25090.70,416.00,2305200,-76350,16824,32765184255.00,10328,F1,75,,,,,
2025-07-21,2025-07-21,FO,NSE,IDO,55820,,NIFTY,,2025-07-31,2025-07-31,25400.00,PE,NIFTY25JUL25400PE,444.30,510.70,322.80,334.95,322.80,424.50,25090.70,334.95,886500,-72450,12432,24053415892.50,8798,F1,75,,,,,
2025-07-21,2025-07-21,FO,NSE,IDO,55812,,NIFTY,,2025-07-31,2025-07-31,25300.00,PE,NIFTY25JUL25300PE,371.85,425.00,254.10,262.60,254.95,347.90,25090.70,262.60,1073625,-121650,20384,39150778488.75,14217,F1,75,,,,,
2025-07-21,2025-07-21,FO,NSE,IDO,55802,,NIFTY,,2025-07-31,2025-07-31,25050.00,PE,NIFTY25JUL25050PE,211.25,245.25,123.25,130.85,125.00,196.10,25090.70,130.85,254700,69675,27165,51365115408.75,18628,F1,75,,,,,
2025-07-21,2025-07-21,FO,NSE,IDO,55794,,NIFTY,,2025-07-31,2025-07-31,24850.00,PE,NIFTY25JUL24850PE,124.85,144.05,65.50,70.70,65.50,117.05,25090.70,70.70,240225,43500,47185,88258285470.00,29198,F1,75,,,,,
2025-07-21,2025-07-21,FO,NSE,IDO,55752,,NIFTY,,2025-07-31,2025-07-31,23850.00,PE,NIFTY25JUL23850PE,9.50,10.00,5.15,5.70,5.50,10.55,25090.70,5.70,162225,90750,5059,9051919905.00,2315,F1,75,,,,,
2025-07-21,2025-07-21,FO,NSE,IDO,55732,,NIFTY,,2025-07-31,2025-07-31,23400.00,PE,NIFTY25JUL23400PE,5.45,5.45,2.65,2.95,2.65,5.15,25090.70,2.95,432375,41250,10207,17915827432.50,4563,F1,75,,,,,
2025-07-21,2025-07-21,FO,NSE,IDO,55696,,NIFTY,,2025-07-31,2025-07-31,22850.00,PE,NIFTY25JUL22850PE,2.95,3.05,1.80,2.00,1.85,3.20,25090.70,2.00,8475,-8325,542,928944112.50,237,F1,75,,,,,
2025-07-21,2025-07-21,FO,NSE,IDO,55688,,NIFTY,,2025-07-31,2025-07-31,22650.00,PE,NIFTY25JUL22650PE,2.10,2.65,1.75,1.85,1.75,2.60,25090.70,1.85,5475,1125,196,332984748.75,89,F1,75,,,,,
2025-07-21,2025-07-21,FO,NSE,IDO,49674,,NIFTY,,2025-07-24,2025-07-24,27300.00,PE,NIFTY2572427300PE,0.00,0.00,0.00,2036.70,2036.75,2036.70,25090.70,2195.90,225,0,0,0.00,0,F1,75,,,,,
2025-07-21,2025-07-21,FO,NSE,IDO,49652,,NIFTY,,2025-07-24,2025-07-24,26950.00,PE,NIFTY2572426950PE,0.00,0.00,0.00,1687.55,1687.05,1687.55,25090.70,1846.10,300,0,0,0.00,0,F1,75,,,,,
2025-07-21,2025-07-21,FO,NSE,IDO,49624,,NIFTY,,2025-07-24,2025-07-24,26500.00,PE,NIFTY2572426500PE,1578.80,1578.95,1381.25,1381.25,1381.25,1510.00,25090.70,1381.25,19650,-75,17,35688450.00,15,F1,75,,,,,
2025-07-21,2025-07-21,FO,NSE,IDO,49592,,NIFTY,,2025-07-24,2025-07-24,26050.00,PE,NIFTY2572426050PE,1122.10,1134.30,985.35,985.35,985.35,783.30,25090.70,947.30,1650,0,7,14240193.75,7,F1,75,,,,,
2025-07-21,2025-07-21,FO,NSE,IDO,49522,,NIFTY,,2025-07-24,2025-07-24,25250.00,PE,NIFTY2572425250PE,280.00,371.20,171.35,184.05,172.00,277.35,25090.70,184.05,495225,62400,84652,161725321702.50,60745,F1,75,,,,,
2025-07-21,2025-07-21,FO,NSE,IDO,49495,,NIFTY,,2025-07-24,2025-07-24,25100.00,PE,NIFTY2572425100PE,170.00,242.00,78.00,89.60,78.80,171.30,25090.70,89.60,7018650,5006700,1765171,3339140268341.25,954886,F1,75,,,,,
2025-07-21,2025-07-21,FO,NSE,IDO,49482,,NIFTY,,2025-07-24,2025-07-24,24850.00,PE,NIFTY2572424850PE,65.80,88.00,19.50,23.65,19.50,63.35,25090.70,23.65,3155475,1808475,1131202,2112084201607.50,547056,F1,75,,,,,
2025-07-21,2025-07-21,FO,NSE,IDO,60900,,NIFTY,,2030-06-25,2030-06-25,22000.00,CE,NIFTY30JUN22000CE,0.00,0.00,0.00,9790.15,0.00,9790.15,25090.70,9221.10,0,0,0,0.00,0,F1,75,,,,,
2025-07-21,2025-07-21,FO,NSE,IDO,61794,,NIFTY,,2029-12-27,2029-12-27,27000.00,CE,NIFTY29DEC27000CE,0.00,0.00,0.00,6201.65,0.00,6201.65,25090.70,5868.40,0,0,0,0.00,0,F1,75,,,,,
2025-07-21,2025-07-21,FO,NSE,IDO,61772,,NIFTY,,2029-12-27,2029-12-27,25000.00,CE,NIFTY29DEC25000CE,0.00,0.00,0.00,7196.25,0.00,7196.25,25090.70,6927.65,0,0,0,0.00,0,F1,75,,,,,
2025-07-21,2025-07-21,FO,NSE,IDO,61410,,NIFTY,,2029-12-27,2029-12-27,20000.00,CE,NIFTY29DEC20000CE,0.00,0.00,0.00,10081.10,0.00,10081.10,25090.70,10054.30,0,0,0,0.00,0,F1,75,,,,,
2025-07-21,2025-07-21,FO,NSE,IDO,67774,,NIFTY,,2028-12-28,2028-12-28,20000.00,CE,NIFTY28DEC20000CE,0.00,0.00,0.00,8115.50,0.00,8115.50,25090.70,9080.20,0,0,0,0.00,0,F1,75,,,,,
2025-07-21,2025-07-21,FO,NSE,IDO,86163,,NIFTY,,2028-06-29,2028-06-29,27000.00,CE,NIFTY28JUN27000CE,0.00,0.00,0.00,2885.15,0.00,2885.15,25090.70,4112.55,0,0,0,0.00,0,F1,75,,,,,
2025-07-21,2025-07-21,FO,NSE,IDO,53618,,NIFTY,,2027-12-30,2027-12-30,23000.00,CE,NIFTY27DEC23000CE,0.00,0.00,0.00,4125.70,0.00,4125.70,25090.70,5824.20,0,0,0,0.00,0,F1,75,,,,,
2025-07-21,2025-07-21,FO,NSE,IDO,71553,,NIFTY,,2027-06-24,2027-06-24,21000.00,CE,NIFTY27JUN21000CE,0.00,0.00,0.00,3061.80,0.00,3061.80,25090.70,6640.90,0,0,0,0.00,0,F1,75,,,,,
2025-07-21,2025-07-21,FO,NSE,IDO,35235,,NIFTY,,2026-12-31,2026-12-31,30000.00,CE,NIFTY26DEC30000CE,0.00,0.00,0.00,1131.45,0.00,1131.45,25090.70,1089.20,0,0,0,0.00,0,F1,75,,,,,
2025-07-21,2025-07-21,FO,NSE,IDO,71501,,NIFTY,,2026-12-31,2026-12-31,24000.00,CE,NIFTY26DEC24000CE,0.00,0.00,0.00,3586.05,3586.05,3586.05,25090.70,3808.85,3375,0,0,0.00,0,F1,75,,,,,
2025-07-21,2025-07-21,FO,NSE,IDO,37806,,NIFTY,,2026-12-31,2026-12-31,23000.00,CE,NIFTY26DEC23000CE,0.00,0.00,0.00,4800.00,4800.00,4800.00,25090.70,4496.30,4800,0,0,0.00,0,F1,75,,,,,
2025-07-21,2025-07-21,FO,NSE,IDO,58642,,NIFTY,,2026-12-31,2026-12-31,19000.00,CE,NIFTY26DEC19000CE,0.00,0.00,0.00,8600.00,8600.00,8600.00,25090.70,7744.15,125,0,0,0.00,0,F1,75,,,,,
2025-07-21,2025-07-21,FO,NSE,IDO,62937,,NIFTY,,2026-03-26,2026-03-26,30000.00,CE,NIFTY26MAR30000CE,95.00,100.00,90.00,96.70,92.00,95.00,25090.70,96.70,13500,4125,97,218953207.50,57,F1,75,,,,,
2025-07-21,2025-07-21,FO,NSE,IDO,62932,,NIFTY,,2026-03-26,2026-03-26,28000.00,CE,NIFTY26MAR28000CE,0.00,0.00,0.00,634.25,0.00,634.25,25090.70,688.25,0,0,0,0.00,0,F1,75,,,,,
2025-07-21,2025-07-21,FO,NSE,IDO,38152,,NIFTY,,2025-12-24,2025-12-24,29000.00,CE,NIFTY25DEC29000CE,49.95,55.55,46.70,51.70,52.50,50.70,25090.70,51.70,787200,37500,2374,5172647115.00,1080,F1,75,,,,,
2025-07-21,2025-07-21,FO,NSE,IDO,64700,,NIFTY,,2025-09-25,2025-09-25,28000.00,CE,NIFTY25SEP28000CE,17.90,19.95,16.60,17.80,17.65,17.90,25090.70,17.80,876600,30300,2351,4940292378.75,960,F1,75,,,,,
2025-07-21,2025-07-21,FO,NSE,IDO,60619,,NIFTY,,2025-09-25,2025-09-25,27250.00,CE,NIFTY25SEP27250CE,0.00,0.00,0.00,385.90,0.00,385.90,25090.70,144.40,0,0,0,0.00,0,F1,75,,,,,
2025-07-21,2025-07-21,FO,NSE,IDO,60599,,NIFTY,,2025-09-25,2025-09-25,26750.00,CE,NIFTY25SEP26750CE,76.45,80.75,57.65,77.00,77.05,76.40,25090.70,77.00,26175,2325,183,368158098.75,61,F1,75,,,,,
2025-07-21,2025-07-21,FO,NSE,IDO,64692,,NIFTY,,2025-09-25,2025-09-25,24000.00,CE,NIFTY25SEP24000CE,1351.00,1478.00,1320.00,1470.15,1470.00,1417.55,25090.70,1470.15,353250,-7650,360,686398166.25,194,F1,75,,,,,
2025-07-21,2025-07-21,FO,NSE,IDO,60323,,NIFTY,,2025-09-25,2025-09-25,23200.00,CE,NIFTY25SEP23200CE,1990.00,1990.00,1990.00,1990.00,1990.00,2791.10,25090.70,2224.55,1200,1200,16,30228000.00,2,F1,75,,,,,
2025-07-21,2025-07-21,FO,NSE,IDO,64682,,NIFTY,,2025-09-25,2025-09-25,19000.00,CE,NIFTY25SEP19000CE,0.00,0.00,0.00,6725.00,6725.00,6725.00,25090.70,6298.80,3750,0,0,0.00,0,F1,75,,,,,
2025-07-21,2025-07-21,FO,NSE,IDO,72355,,NIFTY,,2025-08-28,2025-08-28,27350.00,CE,NIFTY25AUG27350CE,0.00,0.00,0.00,216.00,0.00,216.00,25090.70,39.90,0,0,0,0.00,0,F1,75,,,,,
2025-07-21,2025-07-21,FO,NSE,IDO,72336,,NIFTY,,2025-08-28,2025-08-28,27000.00,CE,NIFTY25AUG27000CE,15.00,15.30,12.00,12.70,12.60,14.45,25090.70,12.70,808950,6000,6699,13572118938.75,2780,F1,75,,,,,
2025-07-21,2025-07-21,FO,NSE,IDO,72094,,NIFTY,,2025-08-28,2025-08-28,25650.00,CE,NIFTY25AUG25650CE,151.50,179.30,122.80,166.50,168.90,159.05,25090.70,166.50,20325,-3000,257,497356091.25,142,F1,75,,,,,
2025-07-21,2025-07-21,FO,NSE,IDO,71952,,NIFTY,,2025-08-28,2025-08-28,24450.00,CE,NIFTY25AUG24450CE,0.00,0.00,0.00,1043.60,1042.95,1043.60,25090.70,1012.80,600,0,0,0.00,0,F1,75,,,,,
2025-07-21,2025-07-21,FO,NSE,IDO,71950,,NIFTY,,2025-08-28,2025-08-28,24400.00,CE,NIFTY25AUG24400CE,841.00,929.70,770.45,922.70,924.35,864.90,25090.70,922.70,9300,75,73,138254782.50,50,F1,75,,,,,
2025-07-21,2025-07-21,FO,NSE,IDO,47488,,NIFTY,,2025-08-21,2025-08-21,26700.00,CE,NIFTY2582126700CE,0.00,0.00,0.00,91.95,0.00,91.95,25090.70,70.65,0,0,0,0.00,0,F1,75,,,,,
2025-07-21,2025-07-21,FO,NSE,IDO,47484,,NIFTY,,2025-08-21,2025-08-21,26600.00,CE,NIFTY2582126600CE,0.00,0.00,0.00,105.90,0.00,105.90,25090.70,82.60,0,0,0,0.00,0,F1,75,,,,,
2025-07-21,2025-07-21,FO,NSE,IDO,47440,,NIFTY,,2025-08-21,2025-08-21,26400.00,CE,NIFTY2582126400CE,0.00,0.00,0.00,139.05,0.00,139.05,25090.70,111.50,0,0,0,0.00,0,F1,75,,,,,
2025-07-21,2025-07-21,FO,NSE,IDO,46950,,NIFTY,,2025-08-21,2025-08-21,23200.00,CE,NIFTY2582123200CE,0.00,0.00,0.00,2070.50,0.00,2070.50,25090.70,2029.30,0,0,0,0.00,0,F1,75,,,,,
2025-07-21,2025-07-21,FO,NSE,IDO,44629,,NIFTY,,2025-08-14,2025-08-14,26950.00,CE,NIFTY2581426950CE,0.00,0.00,0.00,96.85,0.00,96.85,25090.70,25.15,0,0,0,0.00,0,F1,75,,,,,
2025-07-21,2025-07-21,FO,NSE,IDO,44619,,NIFTY,,2025-08-14,2025-08-14,26750.00,CE,NIFTY2581426750CE,0.00,0.00,0.00,127.15,0.00,127.15,25090.70,37.60,0,0,0,0.00,0,F1,75,,,,,
2025-07-21,2025-07-21,FO,NSE,IDO,44572,,NIFTY,,2025-08-14,2025-08-14,26000.00,CE,NIFTY2581426000CE,0.00,0.00,0.00,314.15,0.00,314.15,25090.70,140.20,0,0,0,0.00,0,F1,75,,,,,
2025-07-21,2025-07-21,FO,NSE,IDO,44462,,NIFTY,,2025-08-14,2025-08-14,24300.00,CE,NIFTY2581424300CE,0.00,0.00,0.00,1315.20,0.00,1315.20,25090.70,999.45,0,0,0,0.00,0,F1,75,,,,,
2025-07-21,2025-07-21,FO,NSE,IDO,44388,,NIFTY,,2025-08-14,2025-08-14,23450.00,CE,NIFTY2581423450CE,0.00,0.00,0.00,2068.65,0.00,2068.65,25090.70,1751.45,0,0,0,0.00,0,F1,75,,,,,
2025-07-21,2025-07-21,FO,NSE,IDO,40043,,NIFTY,,2025-08-07,2025-08-07,26800.00,CE,NIFTY2580726800CE,4.00,4.90,3.55,4.00,4.15,4.00,25090.70,4.00,8475,4950,140,281444148.75,58,F1,75,,,,,
2025-07-21,2025-07-21,FO,NSE,IDO,39999,,NIFTY,,2025-08-07,2025-08-07,26400.00,CE,NIFTY2580726400CE,0.00,0.00,0.00,216.55,0.00,216.55,25090.70,36.75,0,0,0,0.00,0,F1,75,,,,,
2025-07-21,2025-07-21,FO,NSE,IDO,39878,,NIFTY,,2025-08-07,2025-08-07,25300.00,CE,NIFTY2580725300CE,125.50,165.80,97.75,154.00,155.00,141.85,25090.70,154.00,161325,56475,3703,7065382987.50,2635,F1,75,,,,,
2025-07-21,2025-07-21,FO,NSE,IDO,39841,,NIFTY,,2025-08-07,2025-08-07,24550.00,CE,NIFTY2580724550CE,635.00,635.00,635.00,635.00,635.00,1162.40,25090.70,735.95,75,75,1,1888875.00,1,F1,75,,,,,
2025-07-21,2025-07-21,FO,NSE,IDO,39647,,NIFTY,,2025-08-07,2025-08-07,23300.00,CE,NIFTY2580723300CE,0.00,0.00,0.00,2260.75,0.00,2260.75,25090.70,1860.10,0,0,0,0.00,0,F1,75,,,,,
2025-07-21,2025-07-21,FO,NSE,IDO,55909,,NIFTY,,2025-07-31,2025-07-31,27300.00,CE,NIFTY25JUL27300CE,1.50,1.55,1.25,1.30,1.25,1.45,25090.70,1.30,238350,14550,1517,3106213635.00,421,F1,75,,,,,
2025-07-21,2025-07-21,FO,NSE,IDO,55883,,NIFTY,,2025-07-31,2025-07-31,26800.00,CE,NIFTY25JUL26800CE,1.75,2.25,1.50,1.60,1.50,1.75,25090.70,1.60,535500,-55050,3396,6826402383.75,967,F1,75,,,,,
2025-07-21,2025-07-21,FO,NSE,IDO,55876,,NIFTY,,2025-07-31,2025-07-31,26650.00,CE,NIFTY25JUL26650CE,2.10,2.70,1.65,1.90,1.80,2.10,25090.70,1.90,63750,-3525,410,819551647.50,172,F1,75,,,,,
2025-07-21,2025-07-21,FO,NSE,IDO,55839,,NIFTY,,2025-07-31,2025-07-31,25800.00,CE,NIFTY25JUL25800CE,17.00,19.65,10.55,14.70,14.15,16.95,25090.70,14.70,1721625,101250,53122,102849091342.50,29018,F1,75,,,,,
2025-07-21,2025-07-21,FO,NSE,IDO,55799,,NIFTY,,2025-07-31,2025-07-31,25000.00,CE,NIFTY25JUL25000CE,203.85,249.70,139.55,238.40,242.05,210.05,25090.70,238.40,3820575,39600,156373,295646812417.50,96795,F1,75,,,,,
2025-07-21,2025-07-21,FO,NSE,IDO,55787,,NIFTY,,2025-07-31,2025-07-31,24700.00,CE,NIFTY25JUL24700CE,409.00,480.75,316.00,471.85,474.05,413.50,25090.70,471.85,186150,-14550,4599,8665483867.50,2693,F1,75,,,,,
2025-07-21,2025-07-21,FO,NSE,IDO,55725,,NIFTY,,2025-07-31,2025-07-31,23250.00,CE,NIFTY25JUL23250CE,0.00,0.00,0.00,1980.25,1980.25,1980.25,25090.70,1879.20,1200,0,0,0.00,0,F1,75,,,,,
2025-07-21,2025-07-21,FO,NSE,IDO,55699,,NIFTY,,2025-07-31,2025-07-31,22900.00,CE,NIFTY25JUL22900CE,0.00,0.00,0.00,2382.75,2383.15,2382.75,25090.70,2228.25,3900,0,0,0.00,0,F1,75,,,,,
2025-07-21,2025-07-21,FO,NSE,IDO,55691,,NIFTY,,2025-07-31,2025-07-31,22750.00,CE,NIFTY25JUL22750CE,0.00,0.00,0.00,2456.25,2456.25,2456.25,25090.70,2378.00,1350,0,0,0.00,0,F1,75,,,,,
2025-07-21,2025-07-21,FO,NSE,IDO,55679,,NIFTY,,2025-07-31,2025-07-31,22450.00,CE,NIFTY25JUL22450CE,0.00,0.00,0.00,2661.10,2661.10,2661.10,25090.70,2677.45,675,0,0,0.00,0,F1,75,,,,,
2025-07-21,2025-07-21,FO,NSE,IDO,49647,,NIFTY,,2025-07-24,2025-07-24,26900.00,CE,NIFTY2572426900CE,0.85,1.55,0.60,0.65,0.60,0.90,25090.70,0.65,733050,-12075,23668,47751537858.75,3717,F1,75,,,,,
2025-07-21,2025-07-21,FO,NSE,IDO,49643,,NIFTY,,2025-07-24,2025-07-24,26850.00,CE,NIFTY2572426850CE,1.00,1.15,0.60,0.65,0.60,0.95,25090.70,0.65,232425,3150,9006,18136398153.75,1678,F1,75,,,,,
2025-07-21,2025-07-21,FO,NSE,IDO,49611,,NIFTY,,2025-07-24,2025-07-24,26300.00,CE,NIFTY2572426300CE,1.40,1.80,0.80,0.95,0.85,1.45,25090.70,0.95,2328750,-483450,171652,338597914785.00,27480,F1,75,,,,,
2025-07-21,2025-07-21,FO,NSE,IDO,49585,,NIFTY,,2025-07-24,2025-07-24,26000.00,CE,NIFTY2572426000CE,2.00,2.20,1.25,1.45,1.25,2.40,25090.70,1.45,9681075,822000,779986,1521072693585.00,119911,F1,75,,,,,
2025-07-21,2025-07-21,FO,NSE,IDO,49523,,NIFTY,,2025-07-24,2025-07-24,25300.00,CE,NIFTY2572425300CE,36.00,44.00,15.80,31.70,30.05,35.45,25090.70,31.70,5764200,533775,1626003,3089007310541.25,631980,F1,75,,,,,
2025-07-21,2025-07-21,FO,NSE,IDO,49429,,NIFTY,,2025-07-24,2025-07-24,24100.00,CE,NIFTY2572424100CE,880.00,1002.75,808.75,955.20,955.20,920.55,25090.70,1002.90,6450,-75,49,91963072.50,46,F1,75,,,,,
2025-07-21,2025-07-21,FO,NSE,IDO,49405,,NIFTY,,2025-07-24,2025-07-24,23700.00,CE,NIFTY2572423700CE,1206.00,1396.35,1206.00,1396.35,1396.35,1310.00,25090.70,1396.35,3750,225,7,13153383.75,6,F1,75,,,,,
2025-07-21,2025-07-21,FO,NSE,IDO,49391,,NIFTY,,2025-07-24,2025-07-24,23450.00,CE,NIFTY2572423450CE,0.00,0.00,0.00,1749.00,1749.00,1749.00,25090.70,1652.25,1275,0,0,0.00,0,F1,75,,,,,
2025-07-21,2025-07-21,FO,NSE,IDO,49383,,NIFTY,,2025-07-24,2025-07-24,23300.00,CE,NIFTY2572423300CE,1680.00,1768.00,1680.00,1768.00,1768.00,1715.00,25090.70,1802.15,450,-150,2,3753600.00,2,F1,75,,,,,
2025-07-21,2025-07-21,FO,NSE,IDO,49367,,NIFTY,,2025-07-24,2025-07-24,23150.00,CE,NIFTY2572423150CE,0.00,0.00,0.00,2073.45,2073.45,2073.45,25090.70,1952.10,150,0,0,0.00,0,F1,75,,,,,
2025-07-21,2025-07-21,FO,NSE,IDF,53001,,NIFTY,,2025-09-25,2025-09-25,,,NIFTY25SEPFUT,25295.00,25392.00,25180.90,25378.90,25387.00,25292.10,25090.70,25378.90,486900,32625,2673,5075142495.00,1932,F1,75,,,,,
2025-07-21,2025-07-21,FO,NSE,IDF,64103,,NIFTY,,2025-08-28,2025-08-28,,,NIFTY25AUGFUT,25080.10,25239.90,25025.00,25226.70,25233.00,25137.40,25090.70,25226.70,5200425,155700,6961,13138033057.50,5546,F1,75,,,,,
2025-07-21,2025-07-21,FO,NSE,IDO,61660,,NIFTY,,2029-12-27,2029-12-27,21000.00,PE,NIFTY29DEC21000PE,0.00,0.00,0.00,278.80,0.00,278.80,25090.70,315.80,0,0,0,0.00,0,F1,75,,,,,
2025-07-21,2025-07-21,FO,NSE,IDO,89643,,NIFTY,,2029-06-28,2029-06-28,30000.00,PE,NIFTY29JUN30000PE,0.00,0.00,0.00,2031.05,0.00,2031.05,25090.70,2459.50,0,0,0,0.00,0,F1,75,,,,,
2025-07-21,2025-07-21,FO,NSE,IDO,86166,,NIFTY,,2028-06-29,2028-06-29,28000.00,PE,NIFTY28JUN28000PE,0.00,0.00,0.00,3161.35,0.00,3161.35,25090.70,1953.75,0,0,0,0.00,0,F1,75,,,,,
2025-07-21,2025-07-21,FO,NSE,IDO,53625,,NIFTY,,2027-12-30,2027-12-30,24000.00,PE,NIFTY27DEC24000PE,0.00,0.00,0.00,900.00,900.00,900.00,25090.70,760.30,975,0,0,0.00,0,F1,75,,,,,
2025-07-21,2025-07-21,FO,NSE,IDO,50550,,NIFTY,,2027-06-24,2027-06-24,28000.00,PE,NIFTY27JUN28000PE,0.00,0.00,0.00,5959.35,0.00,5959.35,25090.70,2172.55,0,0,0,0.00,0,F1,75,,,,,
2025-07-21,2025-07-21,FO,NSE,IDO,71559,,NIFTY,,2027-06-24,2027-06-24,23000.00,PE,NIFTY27JUN23000PE,0.00,0.00,0.00,4514.30,0.00,4514.30,25090.70,520.05,0,0,0,0.00,0,F1,75,,,,,
2025-07-21,2025-07-21,FO,NSE,IDO,58649,,NIFTY,,2026-12-31,2026-12-31,22000.00,PE,NIFTY26DEC22000PE,305.00,305.00,280.00,286.00,286.00,319.95,25090.70,297.05,13550,750,23,38444347.50,10,F1,75,,,,,
2025-07-21,2025-07-21,FO,NSE,IDO,58631,,NIFTY,,2026-12-31,2026-12-31,13000.00,PE,NIFTY26DEC13000PE,0.00,0.00,0.00,20.30,20.30,20.30,25090.70,0.10,2025,0,0,0.00,0,F1,75,,,,,
2025-07-21,2025-07-21,FO,NSE,IDO,39954,,NIFTY,,2025-08-07,2025-08-07,25950.00,PE,NIFTY2580725950PE,0.00,0.00,0.00,749.75,0.00,749.75,25090.70,882.65,0,0,0,0.00,0,F1,75,,,,,
2025-07-21,2025-07-21,FO,NSE,IDO,60926,,NIFTY,,2030-06-25,2030-06-25,29000.00,PE,NIFTY30JUN29000PE,0.00,0.00,0.00,1804.05,0.00,1804.05,25090.70,1857.35,0,0,0,0.00,0,F1,75,,,,,
2025-07-21,2025-07-21,FO,NSE,IDO,60901,,NIFTY,,2030-06-25,2030-06-25,22000.00,PE,NIFTY30JUN22000PE,0.00,0.00,0.00,425.45,0.00,425.45,25090.70,423.05,0,0,0,0.00,0,F1,75,,,,,
2025-07-21,2025-07-21,FO,NSE,IDO,61795,,NIFTY,,2029-12-27,2029-12-27,27000.00,PE,NIFTY29DEC27000PE,0.00,0.00,0.00,1177.90,0.00,1177.90,25090.70,1382.85,0,0,0,0.00,0,F1,75,,,,,
2025-07-21,2025-07-21,FO,NSE,IDO,89645,,NIFTY,,2029-06-28,2029-06-28,31000.00,PE,NIFTY29JUN31000PE,0.00,0.00,0.00,2338.75,0.00,2338.75,25090.70,2860.75,0,0,0,0.00,0,F1,75,,,,,
2025-07-21,2025-07-21,FO,NSE,IDO,89641,,NIFTY,,2029-06-28,2029-06-28,29000.00,PE,NIFTY29JUN29000PE,0.00,0.00,0.00,1746.95,0.00,1746.95,25090.70,2090.25,0,0,0,0.00,0,F1,75,,,,,
2025-07-21,2025-07-21,FO,NSE,IDO,89633,,NIFTY,,2029-06-28,2029-06-28,25000.00,PE,NIFTY29JUN25000PE,0.00,0.00,0.00,852.50,0.00,852.50,25090.70,947.55,0,0,0,0.00,0,F1,75,,,,,
2025-07-21,2025-07-21,FO,NSE,IDO,89629,,NIFTY,,2029-06-28,2029-06-28,23000.00,PE,NIFTY29JUN23000PE,0.00,0.00,0.00,543.65,0.00,543.65,25090.70,570.75,0,0,0,0.00,0,F1,75,,,,,
2025-07-21,2025-07-21,FO,NSE,IDO,67785,,NIFTY,,2028-12-28,2028-12-28,25000.00,PE,NIFTY28DEC25000PE,0.00,0.00,0.00,1100.00,1100.00,1100.00,25090.70,975.80,2950,0,0,0.00,0,F1,75,,,,,
2025-07-21,2025-07-21,FO,NSE,IDO,44554,,NIFTY,,2025-08-14,2025-08-14,25550.00,CE,NIFTY2581425550CE,0.00,0.00,0.00,497.10,0.00,497.10,25090.70,268.55,0,0,0,0.00,0,F1,75,,,,,
2025-07-21,2025-07-21,FO,NSE,IDO,44540,,NIFTY,,2025-08-14,2025-08-14,25400.00,CE,NIFTY2581425400CE,148.65,180.60,118.00,166.30,167.75,156.25,25090.70,166.30,8100,-1725,163,312341523.75,139,F1,75,,,,,
2025-07-21,2025-07-21,FO,NSE,IDO,44498,,NIFTY,,2025-08-14,2025-08-14,24700.00,CE,NIFTY2581424700CE,474.15,571.00,474.15,541.15,541.15,1007.00,25090.70,705.45,225,225,9,17035796.25,9,F1,75,,,,,
2025-07-21,2025-07-21,FO,NSE,IDO,39951,,NIFTY,,2025-08-07,2025-08-07,25950.00,CE,NIFTY2580725950CE,42.35,42.35,17.85,23.70,23.75,356.90,25090.70,23.70,4725,4725,219,426592665.00,84,F1,75,,,,,
2025-07-21,2025-07-21,FO,NSE,IDO,39947,,NIFTY,,2025-08-07,2025-08-07,25900.00,CE,NIFTY2580725900CE,23.60,32.95,19.80,26.70,27.15,28.35,25090.70,26.70,196050,132525,6414,12472091122.50,3258,F1,75,,,,,
2025-07-21,2025-07-21,FO,NSE,IDO,39870,,NIFTY,,2025-08-07,2025-08-07,25100.00,CE,NIFTY2580725100CE,203.15,260.65,164.60,250.65,252.00,226.50,25090.70,250.65,202125,105300,4238,8052659973.75,2474,F1,75,,,,,
2025-07-21,2025-07-21,FO,NSE,IDO,39868,,NIFTY,,2025-08-07,2025-08-07,25050.00,CE,NIFTY2580725050CE,242.80,291.30,186.35,279.35,280.40,252.25,25090.70,279.35,26250,13425,948,1799682603.75,559,F1,75,,,,,
2025-07-21,2025-07-21,FO,NSE,IDO,39858,,NIFTY,,2025-08-07,2025-08-07,24800.00,CE,NIFTY2580724800CE,400.00,462.85,320.60,450.75,453.00,406.40,25090.70,450.75,26775,18150,788,1490047785.00,601,F1,75,,,,,
2025-07-21,2025-07-21,FO,NSE,IDO,55867,,NIFTY,,2025-07-31,2025-07-31,26450.00,CE,NIFTY25JUL26450CE,3.10,4.00,2.10,2.60,2.55,3.05,25090.70,2.60,83775,1725,2835,5624535330.00,1592,F1,75,,,,,
2025-07-21,2025-07-21,FO,NSE,IDO,55865,,NIFTY,,2025-07-31,2025-07-31,26400.00,CE,NIFTY25JUL26400CE,2.65,4.25,2.40,2.80,2.55,3.25,25090.70,2.80,645675,14025,16863,33392564827.50,7548,F1,75,,,,,
2025-07-21,2025-07-21,FO,NSE,IDO,60455,,NIFTY,,2025-09-25,2025-09-25,24650.00,CE,NIFTY25SEP24650CE,862.95,929.75,862.95,929.75,929.75,1090.65,25090.70,1101.40,225,75,2,3831952.50,2,F1,75,,,,,
2025-07-21,2025-07-21,FO,NSE,IDO,60474,,NIFTY,,2025-09-25,2025-09-25,24950.00,CE,NIFTY25SEP24950CE,675.00,740.00,675.00,734.00,736.00,690.00,25090.70,734.00,375,225,25,48100136.25,15,F1,75,,,,,
2025-07-21,2025-07-21,FO,NSE,IDO,60552,,NIFTY,,2025-09-25,2025-09-25,26100.00,CE,NIFTY25SEP26100CE,174.00,210.10,164.15,199.60,199.80,199.15,25090.70,199.60,35475,9000,303,597531975.00,197,F1,75,,,,,
2025-07-21,2025-07-21,FO,NSE,IDO,60576,,NIFTY,,2025-09-25,2025-09-25,26300.00,CE,NIFTY25SEP26300CE,135.05,158.00,122.00,147.95,148.25,146.90,25090.70,147.95,53925,10425,712,1411869982.50,284,F1,75,,,,,
2025-07-21,2025-07-21,FO,NSE,IDO,60589,,NIFTY,,2025-09-25,2025-09-25,26500.00,CE,NIFTY25SEP26500CE,108.25,119.50,91.45,111.50,111.50,110.60,25090.70,111.50,698175,48900,4208,8397049755.00,2308,F1,75,,,,,
2025-07-21,2025-07-21,FO,NSE,IDO,60591,,NIFTY,,2025-09-25,2025-09-25,26550.00,CE,NIFTY25SEP26550CE,90.00,101.85,90.00,99.15,95.70,101.65,25090.70,99.15,8400,1950,44,87945930.00,9,F1,75,,,,,
2025-07-21,2025-07-21,FO,NSE,IDO,64702,,NIFTY,,2025-09-25,2025-09-25,29000.00,CE,NIFTY25SEP29000CE,7.75,8.35,7.20,7.80,7.95,7.90,25090.70,7.80,676725,-675,639,1390201252.50,264,F1,75,,,,,
2025-07-21,2025-07-21,FO,NSE,IDO,38376,,NIFTY,,2025-12-24,2025-12-24,20000.00,CE,NIFTY25DEC20000CE,5450.00,5597.55,5450.00,5597.55,5597.55,5500.00,25090.70,5597.55,194225,450,15,28710495.00,15,F1,75,,,,,
2025-07-21,2025-07-21,FO,NSE,IDO,71395,,NIFTY,,2025-12-24,2025-12-24,25000.00,CE,NIFTY25DEC25000CE,1196.00,1244.90,1121.20,1233.75,1240.00,1202.70,25090.70,1233.75,1056050,-675,1580,3104259900.00,949,F1,75,,,,,
2025-07-21,2025-07-21,FO,NSE,IDO,62926,,NIFTY,,2026-03-26,2026-03-26,25000.00,CE,NIFTY26MAR25000CE,1575.00,1672.00,1575.00,1672.00,1672.00,1657.15,25090.70,1947.70,1800,75,3,5992822.50,3,F1,75,,,,,
2025-07-21,2025-07-21,FO,NSE,IDO,37799,,NIFTY,,2026-06-25,2026-06-25,23000.00,CE,NIFTY26JUN23000CE,0.00,0.00,0.00,2645.65,0.00,2645.65,25090.70,3721.30,0,0,0,0.00,0,F1,75,,,,,
2025-07-21,2025-07-21,FO,NSE,IDO,35262,,NIFTY,,2027-06-24,2027-06-24,30000.00,CE,NIFTY27JUN30000CE,0.00,0.00,0.00,1478.40,0.00,1478.40,25090.70,1636.65,0,0,0,0.00,0,F1,75,,,,,
2025-07-21,2025-07-21,FO,NSE,IDO,67779,,NIFTY,,2028-12-28,2028-12-28,22000.00,PE,NIFTY28DEC22000PE,0.00,0.00,0.00,521.30,521.30,521.30,25090.70,422.60,150,0,0,0.00,0,F1,75,,,,,
2025-07-21,2025-07-21,FO,NSE,IDO,67771,,NIFTY,,2028-12-28,2028-12-28,18000.00,PE,NIFTY28DEC18000PE,0.00,0.00,0.00,250.00,250.00,250.00,25090.70,87.20,75,0,0,0.00,0,F1,75,,,,,
2025-07-21,2025-07-21,FO,NSE,IDO,42159,,NIFTY,,2028-06-29,2028-06-29,31000.00,PE,NIFTY28JUN31000PE,0.00,0.00,0.00,3541.95,0.00,3541.95,25090.70,3284.85,0,0,0,0.00,0,F1,75,,,,,
2025-07-21,2025-07-21,FO,NSE,IDO,42147,,NIFTY,,2027-12-30,2027-12-30,31000.00,PE,NIFTY27DEC31000PE,0.00,0.00,0.00,3950.70,0.00,3950.70,25090.70,3532.85,0,0,0,0.00,0,F1,75,,,,,
2025-07-21,2025-07-21,FO,NSE,IDO,53635,,NIFTY,,2027-12-30,2027-12-30,28000.00,PE,NIFTY27DEC28000PE,0.00,0.00,0.00,4251.00,0.00,4251.00,25090.70,2059.45,0,0,0,0.00,0,F1,75,,,,,
2025-07-21,2025-07-21,FO,NSE,IDO,53615,,NIFTY,,2027-12-30,2027-12-30,21000.00,PE,NIFTY27DEC21000PE,0.00,0.00,0.00,390.05,390.05,390.05,25090.70,262.50,425,0,0,0.00,0,F1,75,,,,,
2025-07-21,2025-07-21,FO,NSE,IDO,53595,,NIFTY,,2027-12-30,2027-12-30,15000.00,PE,NIFTY27DEC15000PE,0.00,0.00,0.00,43.05,43.05,43.05,25090.70,7.10,475,0,0,0.00,0,F1,75,,,,,
2025-07-21,2025-07-21,FO,NSE,IDO,42143,,NIFTY,,2027-06-24,2027-06-24,31000.00,PE,NIFTY27JUN31000PE,0.00,0.00,0.00,4436.25,0.00,4436.25,25090.70,3826.50,0,0,0,0.00,0,F1,75,,,,,
2025-07-21,2025-07-21,FO,NSE,IDO,71563,,NIFTY,,2027-06-24,2027-06-24,25000.00,PE,NIFTY27JUN25000PE,0.00,0.00,0.00,5619.05,0.00,5619.05,25090.70,1010.20,0,0,0,0.00,0,F1,75,,,,,
2025-07-21,2025-07-21,FO,NSE,IDO,71552,,NIFTY,,2027-06-24,2027-06-24,20000.00,PE,NIFTY27JUN20000PE,0.00,0.00,0.00,3034.20,0.00,3034.20,25090.70,137.55,0,0,0,0.00,0,F1,75,,,,,
2025-07-21,2025-07-21,FO,NSE,IDO,50979,,NIFTY,,2026-12-31,2026-12-31,27000.00,PE,NIFTY26DEC27000PE,1590.00,1595.00,1480.00,1511.65,1511.25,1498.00,25090.70,1511.65,8475,225,7,14979993.75,7,F1,75,,,,,
2025-07-21,2025-07-21,FO,NSE,IDO,58625,,NIFTY,,2026-06-25,2026-06-25,12000.00,PE,NIFTY26JUN12000PE,0.00,0.00,0.00,20.05,20.05,20.05,25090.70,0.00,325,0,0,0.00,0,F1,75,,,,,
2025-07-21,2025-07-21,FO,NSE,IDO,62936,,NIFTY,,2026-03-26,2026-03-26,29000.00,PE,NIFTY26MAR29000PE,0.00,0.00,0.00,3815.05,0.00,3815.05,25090.70,3191.00,0,0,0,0.00,0,F1,75,,,,,
2025-07-21,2025-07-21,FO,NSE,IDO,60513,,NIFTY,,2025-09-25,2025-09-25,25800.00,PE,NIFTY25SEP25800PE,822.90,822.90,730.00,738.75,738.75,787.65,25090.70,938.15,10500,-450,16,31849620.00,10,F1,75,,,,,
2025-07-21,2025-07-21,FO,NSE,IDO,60466,,NIFTY,,2025-09-25,2025-09-25,24800.00,PE,NIFTY25SEP24800PE,322.50,340.65,261.25,264.90,262.10,314.10,25090.70,264.90,98925,6075,436,820685966.25,184,F1,75,,,,,
2025-07-21,2025-07-21,FO,NSE,IDO,60460,,NIFTY,,2025-09-25,2025-09-25,24700.00,PE,NIFTY25SEP24700PE,288.40,304.15,234.00,236.80,236.05,283.85,25090.70,236.80,61875,3375,111,207915577.50,71,F1,75,,,,,
2025-07-21,2025-07-21,FO,NSE,IDO,60372,,NIFTY,,2025-09-25,2025-09-25,23950.00,PE,NIFTY25SEP23950PE,130.50,137.00,101.65,101.65,101.65,129.00,25090.70,101.65,24300,2025,40,72212902.50,15,F1,75,,,,,
2025-07-21,2025-07-21,FO,NSE,IDO,60351,,NIFTY,,2025-09-25,2025-09-25,23750.00,PE,NIFTY25SEP23750PE,95.60,95.60,87.70,89.70,89.70,101.50,25090.70,157.00,28425,600,17,30397113.75,7,F1,75,,,,,
2025-07-21,2025-07-21,FO,NSE,IDO,64691,,NIFTY,,2025-09-25,2025-09-25,23000.00,PE,NIFTY25SEP23000PE,54.15,54.20,39.45,40.80,39.45,49.70,25090.70,40.80,1338375,18600,5093,8802226698.75,2018,F1,75,,,,,
2025-07-21,2025-07-21,FO,NSE,IDO,72125,,NIFTY,,2025-08-28,2025-08-28,26350.00,PE,NIFTY25AUG26350PE,1266.30,1266.30,1127.00,1128.35,1127.00,1226.25,25090.70,1128.35,1950,600,20,41345681.25,13,F1,75,,,,,
2025-07-21,2025-07-21,FO,NSE,IDO,72105,,NIFTY,,2025-08-28,2025-08-28,25900.00,PE,NIFTY25AUG25900PE,865.50,930.00,750.25,756.50,750.25,846.35,25090.70,756.50,67950,0,44,88233682.50,31,F1,75,,,,,
2025-07-21,2025-07-21,FO,NSE,IDO,72091,,NIFTY,,2025-08-28,2025-08-28,25550.00,PE,NIFTY25AUG25550PE,611.95,655.00,503.75,507.50,505.55,588.55,25090.70,507.50,20175,-1350,40,78323411.25,34,F1,75,,,,,
2025-07-21,2025-07-21,FO,NSE,IDO,72088,,NIFTY,,2025-08-28,2025-08-28,25500.00,PE,NIFTY25AUG25500PE,565.00,626.80,471.15,481.75,483.55,558.05,25090.70,481.75,1485150,25800,7463,14563152862.50,5486,F1,75,,,,,
2025-07-21,2025-07-21,FO,NSE,IDO,71965,,NIFTY,,2025-08-28,2025-08-28,24750.00,PE,NIFTY25AUG24750PE,211.15,232.55,161.55,168.10,161.55,211.10,25090.70,168.10,23325,3000,210,392662410.00,122,F1,75,,,,,
2025-07-21,2025-07-21,FO,NSE,IDO,71955,,NIFTY,,2025-08-28,2025-08-28,24500.00,PE,NIFTY25AUG24500PE,141.70,162.95,105.00,112.95,105.30,145.30,25090.70,112.95,1735800,-2925,14432,26657843400.00,8876,F1,75,,,,,
2025-07-21,2025-07-21,FO,NSE,IDO,71935,,NIFTY,,2025-08-28,2025-08-28,24050.00,PE,NIFTY25AUG24050PE,78.00,79.50,58.95,59.05,59.00,74.65,25090.70,59.05,14250,750,82,148316587.50,51,F1,75,,,,,
2025-07-21,2025-07-21,FO,NSE,IDO,71852,,NIFTY,,2025-08-28,2025-08-28,23250.00,PE,NIFTY25AUG23250PE,0.00,0.00,0.00,82.45,82.45,82.45,25090.70,32.80,2400,0,0,0.00,0,F1,75,,,,,
2025-07-21,2025-07-21,FO,NSE,IDO,47413,,NIFTY,,2025-08-21,2025-08-21,26200.00,PE,NIFTY2582126200PE,0.00,0.00,0.00,1116.30,0.00,1116.30,25090.70,1122.30,0,0,0,0.00,0,F1,75,,,,,
2025-07-21,2025-07-21,FO,NSE,IDO,47389,,NIFTY,,2025-08-21,2025-08-21,26050.00,PE,NIFTY2582126050PE,0.00,0.00,0.00,1003.55,0.00,1003.55,25090.70,1007.40,0,0,0,0.00,0,F1,75,,,,,
2025-07-21,2025-07-21,FO,NSE,IDO,47345,,NIFTY,,2025-08-21,2025-08-21,25850.00,PE,NIFTY2582125850PE,0.00,0.00,0.00,862.20,0.00,862.20,25090.70,860.50,0,0,0,0.00,0,F1,75,,,,,
2025-07-21,2025-07-21,FO,NSE,IDO,47343,,NIFTY,,2025-08-21,2025-08-21,25800.00,PE,NIFTY2582125800PE,0.00,0.00,0.00,828.50,0.00,828.50,25090.70,825.80,0,0,0,0.00,0,F1,75,,,,,
2025-07-21,2025-07-21,FO,NSE,IDO,47323,,NIFTY,,2025-08-21,2025-08-21,25600.00,PE,NIFTY2582125600PE,0.00,0.00,0.00,700.70,0.00,700.70,25090.70,694.15,0,0,0,0.00,0,F1,75,,,,,
2025-07-21,2025-07-21,FO,NSE,IDO,47255,,NIFTY,,2025-08-21,2025-08-21,25150.00,PE,NIFTY2582125150PE,294.75,294.75,294.75,294.75,294.75,456.60,25090.70,443.65,75,75,1,1908356.25,1,F1,75,,,,,
2025-07-21,2025-07-21,FO,NSE,IDO,47232,,NIFTY,,2025-08-21,2025-08-21,25000.00,PE,NIFTY2582125000PE,280.85,306.15,210.00,213.40,210.00,274.55,25090.70,213.40,5475,2325,193,365455668.75,141,F1,75,,,,,
2025-07-21,2025-07-21,FO,NSE,IDO,47210,,NIFTY,,2025-08-21,2025-08-21,24800.00,PE,NIFTY2582124800PE,205.95,221.45,150.00,154.75,151.00,201.20,25090.70,154.75,3150,1950,49,91784925.00,46,F1,75,,,,,
2025-07-21,2025-07-21,FO,NSE,IDO,47179,,NIFTY,,2025-08-21,2025-08-21,24600.00,PE,NIFTY2582124600PE,148.00,163.40,105.65,109.90,109.90,148.15,25090.70,109.90,5625,900,123,228099108.75,59,F1,75,,,,,
2025-07-21,2025-07-21,FO,NSE,IDO,47126,,NIFTY,,2025-08-21,2025-08-21,24100.00,PE,NIFTY2582124100PE,0.00,0.00,0.00,120.50,0.00,120.50,25090.70,107.60,0,0,0,0.00,0,F1,75,,,,,
2025-07-21,2025-07-21,FO,NSE,IDO,47050,,NIFTY,,2025-08-21,2025-08-21,23650.00,PE,NIFTY2582123650PE,0.00,0.00,0.00,57.35,0.00,57.35,25090.70,48.30,0,0,0,0.00,0,F1,75,,,,,
2025-07-21,2025-07-21,FO,NSE,IDO,46975,,NIFTY,,2025-08-21,2025-08-21,23400.00,PE,NIFTY2582123400PE,34.80,36.50,12.60,18.00,18.00,36.60,25090.70,18.00,450,225,21,36892398.75,14,F1,75,,,,,
2025-07-21,2025-07-21,FO,NSE,IDO,44622,,NIFTY,,2025-08-14,2025-08-14,26800.00,PE,NIFTY2581426800PE,0.00,0.00,0.00,1407.60,0.00,1407.60,25090.70,1638.20,0,0,0,0.00,0,F1,75,,,,,
2025-07-21,2025-07-21,FO,NSE,IDO,44553,,NIFTY,,2025-08-14,2025-08-14,25500.00,PE,NIFTY2581425500PE,469.95,506.65,441.05,448.20,443.15,534.00,25090.70,448.20,3150,-600,63,122747970.00,53,F1,75,,,,,
2025-07-21,2025-07-21,FO,NSE,IDO,44465,,NIFTY,,2025-08-14,2025-08-14,24350.00,PE,NIFTY2581424350PE,0.00,0.00,0.00,127.70,0.00,127.70,25090.70,123.80,0,0,0,0.00,0,F1,75,,,,,
2025-07-21,2025-07-21,FO,NSE,IDO,44409,,NIFTY,,2025-08-14,2025-08-14,23750.00,PE,NIFTY2581423750PE,0.00,0.00,0.00,47.55,0.00,47.55,25090.70,37.90,0,0,0,0.00,0,F1,75,,,,,
2025-07-21,2025-07-21,FO,NSE,IDO,39910,,NIFTY,,2025-08-07,2025-08-07,25650.00,PE,NIFTY2580725650PE,659.95,672.60,564.85,586.15,586.15,645.10,25090.70,653.55,2700,75,18,35415480.00,10,F1,75,,,,,
2025-07-21,2025-07-21,FO,NSE,IDO,39889,,NIFTY,,2025-08-07,2025-08-07,25400.00,PE,NIFTY2580725400PE,467.80,518.85,353.95,360.50,354.10,445.55,25090.70,360.50,28050,3825,431,833956365.00,217,F1,75,,,,,
2025-07-21,2025-07-21,FO,NSE,IDO,39873,,NIFTY,,2025-08-07,2025-08-07,25150.00,PE,NIFTY2580725150PE,305.55,342.10,210.80,220.00,212.40,286.65,25090.70,220.00,25350,8475,308,586616220.00,166,F1,75,,,,,
2025-07-21,2025-07-21,FO,NSE,IDO,39687,,NIFTY,,2025-08-07,2025-08-07,23650.00,PE,NIFTY2580723650PE,13.50,13.50,9.10,9.10,9.10,15.00,25090.70,9.10,22200,7050,162,287472195.00,52,F1,75,,,,,
2025-07-21,2025-07-21,FO,NSE,IDO,39672,,NIFTY,,2025-08-07,2025-08-07,23500.00,PE,NIFTY2580723500PE,11.45,11.80,6.30,7.00,6.70,12.55,25090.70,7.00,90825,52275,1755,3094179255.00,753,F1,75,,,,,
2025-07-21,2025-07-21,FO,NSE,IDO,55912,,NIFTY,,2025-07-31,2025-07-31,27300.00,PE,NIFTY25JUL27300PE,0.00,0.00,0.00,2236.25,2236.25,2236.25,25090.70,2164.85,8625,0,0,0.00,0,F1,75,,,,,
2025-07-21,2025-07-21,FO,NSE,IDO,55900,,NIFTY,,2025-07-31,2025-07-31,27050.00,PE,NIFTY25JUL27050PE,0.00,0.00,0.00,1774.50,1774.60,1774.50,25090.70,1915.75,750,0,0,0.00,0,F1,75,,,,,
2025-07-21,2025-07-21,FO,NSE,IDO,55864,,NIFTY,,2025-07-31,2025-07-31,26350.00,PE,NIFTY25JUL26350PE,0.00,0.00,0.00,1085.20,1085.20,1085.20,25090.70,1227.75,3225,0,0,0.00,0,F1,75,,,,,
2025-07-21,2025-07-21,FO,NSE,IDO,55854,,NIFTY,,2025-07-31,2025-07-31,26100.00,PE,NIFTY25JUL26100PE,1098.05,1165.95,966.15,978.60,966.15,1064.05,25090.70,978.60,24525,300,83,169046130.00,42,F1,75,,,,,
2025-07-21,2025-07-21,FO,NSE,IDO,55846,,NIFTY,,2025-07-31,2025-07-31,25900.00,PE,NIFTY25JUL25900PE,910.00,979.00,770.10,777.20,770.10,875.10,25090.70,777.20,130275,-5325,163,327459067.50,121,F1,75,,,,,
2025-07-21,2025-07-21,FO,NSE,IDO,55824,,NIFTY,,2025-07-31,2025-07-31,25450.00,PE,NIFTY25JUL25450PE,485.00,552.50,365.25,376.25,365.25,463.95,25090.70,376.25,163650,2400,1243,2411665312.50,681,F1,75,,,,,
2025-07-21,2025-07-21,FO,NSE,IDO,55790,,NIFTY,,2025-07-31,2025-07-31,24750.00,PE,NIFTY25JUL24750PE,100.00,107.50,47.45,50.95,48.95,89.35,25090.70,50.95,415350,76425,28562,53169508860.00,18061,F1,75,,,,,
2025-07-21,2025-07-21,FO,NSE,IDO,55740,,NIFTY,,2025-07-31,2025-07-31,23600.00,PE,NIFTY25JUL23600PE,5.75,6.80,3.50,3.85,3.75,7.15,25090.70,3.85,195675,20625,7381,13066955542.50,3804,F1,75,,,,,
2025-07-21,2025-07-21,FO,NSE,IDO,55722,,NIFTY,,2025-07-31,2025-07-31,23150.00,PE,NIFTY25JUL23150PE,2.75,3.95,2.25,2.40,2.25,3.95,25090.70,2.40,20400,2850,418,725850112.50,239,F1,75,,,,,
2025-07-21,2025-07-21,FO,NSE,IDO,49634,,NIFTY,,2025-07-24,2025-07-24,26700.00,PE,NIFTY2572426700PE,0.00,0.00,0.00,1575.20,1575.20,1575.20,25090.70,1596.20,1950,0,0,0.00,0,F1,75,,,,,
2025-07-21,2025-07-21,FO,NSE,IDO,49574,,NIFTY,,2025-07-24,2025-07-24,25800.00,PE,NIFTY2572425800PE,865.00,899.95,680.00,697.20,682.35,789.00,25090.70,697.20,96975,-2400,488,971630430.00,343,F1,75,,,,,
2025-07-21,2025-07-21,FO,NSE,IDO,49558,,NIFTY,,2025-07-24,2025-07-24,25600.00,PE,NIFTY2572425600PE,626.55,703.00,482.60,496.80,488.35,591.80,25090.70,496.80,259050,-24300,1779,3489490882.50,1232,F1,75,,,,,
2025-07-21,2025-07-21,FO,NSE,IDO,49554,,NIFTY,,2025-07-24,2025-07-24,25550.00,PE,NIFTY2572425550PE,571.60,652.55,436.15,449.35,437.85,541.70,25090.70,449.35,51900,-2850,675,1318686345.00,470,F1,75,,,,,
2025-07-21,2025-07-21,FO,NSE,IDO,49525,,NIFTY,,2025-07-24,2025-07-24,25300.00,PE,NIFTY2572425300PE,320.70,416.20,209.50,224.45,210.30,317.45,25090.70,224.45,855975,-20475,104353,200128641108.75,69754,F1,75,,,,,
2025-07-21,2025-07-21,FO,NSE,IDO,49472,,NIFTY,,2025-07-24,2025-07-24,24650.00,PE,NIFTY2572424650PE,29.35,32.65,7.85,9.75,7.95,27.60,25090.70,9.75,2179650,731550,567663,1050147899227.50,209495,F1,75,,,,,
2025-07-21,2025-07-21,FO,NSE,IDO,49432,,NIFTY,,2025-07-24,2025-07-24,24150.00,PE,NIFTY2572424150PE,5.50,5.50,2.15,2.55,2.30,6.00,25090.70,2.55,1854600,275625,267780,485077985977.50,49536,F1,75,,,,,
2025-07-21,2025-07-21,FO,NSE,IDO,49424,,NIFTY,,2025-07-24,2025-07-24,24000.00,PE,NIFTY2572424000PE,3.80,3.85,1.70,2.00,1.70,4.30,25090.70,2.00,8213250,3227475,617014,1110730759256.25,101455,F1,75,,,,,
2025-07-21,2025-07-21,FO,NSE,IDO,49404,,NIFTY,,2025-07-24,2025-07-24,23650.00,PE,NIFTY2572423650PE,1.90,6.65,1.00,1.20,1.30,2.30,25090.70,1.20,410175,46275,43684,77488934508.75,9597,F1,75,,,,,
2025-07-21,2025-07-21,FO,NSE,IDO,49394,,NIFTY,,2025-07-24,2025-07-24,23500.00,PE,NIFTY2572423500PE,1.25,1.85,1.00,1.15,1.05,2.00,25090.70,1.15,3662175,91350,265258,467541345787.50,41070,F1,75,,,,,
2025-07-21,2025-07-21,FO,NSE,IDO,49378,,NIFTY,,2025-07-24,2025-07-24,23250.00,PE,NIFTY2572423250PE,1.45,1.60,0.70,0.85,1.00,1.45,25090.70,0.85,132375,15825,17075,29775728175.00,3832,F1,75,,,,,
2025-07-21,2025-07-21,FO,NSE,IDO,49366,,NIFTY,,2025-07-24,2025-07-24,23100.00,PE,NIFTY2572423100PE,0.90,1.00,0.55,0.60,0.55,1.00,25090.70,0.60,3199200,710775,140769,243889617813.75,21279,F1,75,,,,,
2025-07-21,2025-07-21,FO,NSE,IDO,60925,,NIFTY,,2030-06-25,2030-06-25,29000.00,CE,NIFTY30JUN29000CE,0.00,0.00,0.00,6019.20,0.00,6019.20,25090.70,5471.40,0,0,0,0.00,0,F1,75,,,,,
2025-07-21,2025-07-21,FO,NSE,IDO,60906,,NIFTY,,2030-06-25,2030-06-25,25000.00,CE,NIFTY30JUN25000CE,0.00,0.00,0.00,8027.00,0.00,8027.00,25090.70,7458.70,0,0,0,0.00,0,F1,75,,,,,
2025-07-21,2025-07-21,FO,NSE,IDO,60904,,NIFTY,,2030-06-25,2030-06-25,24000.00,CE,NIFTY30JUN24000CE,0.00,0.00,0.00,8591.55,0.00,8591.55,25090.70,8021.00,0,0,0,0.00,0,F1,75,,,,,
2025-07-21,2025-07-21,FO,NSE,IDO,60896,,NIFTY,,2030-06-25,2030-06-25,20000.00,CE,NIFTY30JUN20000CE,0.00,0.00,0.00,11072.40,0.00,11072.40,25090.70,10509.80,0,0,0,0.00,0,F1,75,,,,,
2025-07-21,2025-07-21,FO,NSE,IDO,61748,,NIFTY,,2029-12-27,2029-12-27,24000.00,CE,NIFTY29DEC24000CE,0.00,0.00,0.00,7730.00,0.00,7730.00,25090.70,7500.15,0,0,0,0.00,0,F1,75,,,,,
2025-07-21,2025-07-21,FO,NSE,IDO,61744,,NIFTY,,2029-12-27,2029-12-27,22000.00,CE,NIFTY29DEC22000CE,0.00,0.00,0.00,8865.25,0.00,8865.25,25090.70,8728.50,0,0,0,0.00,0,F1,75,,,,,
2025-07-21,2025-07-21,FO,NSE,IDO,86167,,NIFTY,,2028-06-29,2028-06-29,29000.00,CE,NIFTY28JUN29000CE,0.00,0.00,0.00,2333.25,0.00,2333.25,25090.70,3205.55,0,0,0,0.00,0,F1,75,,,,,
2025-07-21,2025-07-21,FO,NSE,IDO,53616,,NIFTY,,2027-12-30,2027-12-30,22000.00,CE,NIFTY27DEC22000CE,0.00,0.00,0.00,4499.55,0.00,4499.55,25090.70,6521.60,0,0,0,0.00,0,F1,75,,,,,
2025-07-21,2025-07-21,FO,NSE,IDO,38160,,NIFTY,,2027-06-24,2027-06-24,29000.00,CE,NIFTY27JUN29000CE,0.00,0.00,0.00,1545.20,0.00,1545.20,25090.70,1973.35,0,0,0,0.00,0,F1,75,,,,,
2025-07-21,2025-07-21,FO,NSE,IDO,71564,,NIFTY,,2027-06-24,2027-06-24,26000.00,CE,NIFTY27JUN26000CE,0.00,0.00,0.00,1900.85,0.00,1900.85,25090.70,3308.15,0,0,0,0.00,0,F1,75,,,,,
2025-07-21,2025-07-21,FO,NSE,IDO,71562,,NIFTY,,2027-06-24,2027-06-24,25000.00,CE,NIFTY27JUN25000CE,0.00,0.00,0.00,2090.05,0.00,2090.05,25090.70,3867.80,0,0,0,0.00,0,F1,75,,,,,
2025-07-21,2025-07-21,FO,NSE,IDO,42136,,NIFTY,,2026-12-31,2026-12-31,31000.00,CE,NIFTY26DEC31000CE,0.00,0.00,0.00,819.15,0.00,819.15,25090.70,851.70,0,0,0,0.00,0,F1,75,,,,,
2025-07-21,2025-07-21,FO,NSE,IDO,38158,,NIFTY,,2026-12-31,2026-12-31,29000.00,CE,NIFTY26DEC29000CE,935.00,941.00,900.50,913.35,910.00,904.40,25090.70,913.35,20700,300,11,24685125.00,9,F1,75,,,,,
2025-07-21,2025-07-21,FO,NSE,IDO,58646,,NIFTY,,2026-12-31,2026-12-31,21000.00,CE,NIFTY26DEC21000CE,0.00,0.00,0.00,3356.25,0.00,3356.25,25090.70,6039.70,0,0,0,0.00,0,F1,75,,,,,
2025-07-21,2025-07-21,FO,NSE,IDO,38378,,NIFTY,,2026-06-25,2026-06-25,20000.00,CE,NIFTY26JUN20000CE,0.00,0.00,0.00,3829.50,0.00,3829.50,25090.70,6240.90,0,0,0,0.00,0,F1,75,,,,,
2025-07-21,2025-07-21,FO,NSE,IDO,62924,,NIFTY,,2026-03-26,2026-03-26,24000.00,CE,NIFTY26MAR24000CE,0.00,0.00,0.00,2199.95,2199.95,2199.95,25090.70,2582.40,75,0,0,0.00,0,F1,75,,,,,
2025-07-21,2025-07-21,FO,NSE,IDO,60583,,NIFTY,,2025-09-25,2025-09-25,26350.00,CE,NIFTY25SEP26350CE,118.00,144.55,116.00,128.80,128.80,137.55,25090.70,329.25,5100,2700,46,91347345.00,17,F1,75,,,,,
2025-07-21,2025-07-21,FO,NSE,IDO,60554,,NIFTY,,2025-09-25,2025-09-25,26150.00,CE,NIFTY25SEP26150CE,163.70,193.55,153.90,173.10,173.10,182.90,25090.70,388.60,5550,-300,34,67135548.75,23,F1,75,,,,,
2025-07-21,2025-07-21,FO,NSE,IDO,60505,,NIFTY,,2025-09-25,2025-09-25,25650.00,CE,NIFTY25SEP25650CE,309.20,362.15,300.65,337.50,337.50,348.95,25090.70,571.80,3525,-1125,23,44812541.25,20,F1,75,,,,,
2025-07-21,2025-07-21,FO,NSE,IDO,60501,,NIFTY,,2025-09-25,2025-09-25,25550.00,CE,NIFTY25SEP25550CE,351.00,411.80,343.40,399.35,394.45,390.75,25090.70,399.35,5100,-600,29,56395425.00,20,F1,75,,,,,
2025-07-21,2025-07-21,FO,NSE,IDO,60485,,NIFTY,,2025-09-25,2025-09-25,25150.00,CE,NIFTY25SEP25150CE,549.75,619.60,539.65,606.65,606.65,592.10,25090.70,808.85,1725,600,20,38587593.75,17,F1,75,,,,,
2025-07-21,2025-07-21,FO,NSE,IDO,60481,,NIFTY,,2025-09-25,2025-09-25,25050.00,CE,NIFTY25SEP25050CE,600.00,671.80,600.00,671.80,671.80,630.00,25090.70,862.95,825,0,2,3852885.00,2,F1,75,,,,,
2025-07-21,2025-07-21,FO,NSE,IDO,60451,,NIFTY,,2025-09-25,2025-09-25,24550.00,CE,NIFTY25SEP24550CE,934.60,934.60,934.60,934.60,934.60,1110.00,25090.70,1166.45,450,0,1,1911345.00,1,F1,75,,,,,
2025-07-21,2025-07-21,FO,NSE,IDO,60377,,NIFTY,,2025-09-25,2025-09-25,24100.00,CE,NIFTY25SEP24100CE,0.00,0.00,0.00,1545.80,1545.80,1545.80,25090.70,1484.60,150,0,0,0.00,0,F1,75,,,,,
2025-07-21,2025-07-21,FO,NSE,IDO,60337,,NIFTY,,2025-09-25,2025-09-25,23500.00,CE,NIFTY25SEP23500CE,0.00,0.00,0.00,2529.70,0.00,2529.70,25090.70,1964.90,0,0,0,0.00,0,F1,75,,,,,
2025-07-21,2025-07-21,FO,NSE,IDO,60335,,NIFTY,,2025-09-25,2025-09-25,23450.00,CE,NIFTY25SEP23450CE,0.00,0.00,0.00,2572.65,0.00,2572.65,25090.70,2007.35,0,0,0,0.00,0,F1,75,,,,,
2025-07-21,2025-07-21,FO,NSE,IDO,72120,,NIFTY,,2025-08-28,2025-08-28,26250.00,CE,NIFTY25AUG26250CE,47.00,54.75,37.20,48.90,48.90,49.05,25090.70,48.90,28050,8325,264,520607111.25,181,F1,75,,,,,
2025-07-21,2025-07-21,FO,NSE,IDO,72096,,NIFTY,,2025-08-28,2025-08-28,25700.00,CE,NIFTY25AUG25700CE,148.40,161.05,110.95,151.55,148.80,144.80,25090.70,151.55,382125,122625,5812,11264044638.75,4191,F1,75,,,,,
2025-07-21,2025-07-21,FO,NSE,IDO,72090,,NIFTY,,2025-08-28,2025-08-28,25550.00,CE,NIFTY25AUG25550CE,179.55,212.15,149.00,201.65,203.25,190.05,25090.70,201.65,32325,300,201,387936967.50,137,F1,75,,,,,
2025-07-21,2025-07-21,FO,NSE,IDO,72036,,NIFTY,,2025-08-28,2025-08-28,25250.00,CE,NIFTY25AUG25250CE,300.00,344.25,254.30,333.00,325.50,312.65,25090.70,333.00,19500,4350,294,563781975.00,180,F1,75,,,,,
2025-07-21,2025-07-21,FO,NSE,IDO,71972,,NIFTY,,2025-08-28,2025-08-28,24950.00,CE,NIFTY25AUG24950CE,455.00,516.65,402.85,507.90,513.10,474.70,25090.70,507.90,6300,-1650,253,482234017.50,182,F1,75,,,,,
2025-07-21,2025-07-21,FO,NSE,IDO,71964,,NIFTY,,2025-08-28,2025-08-28,24750.00,CE,NIFTY25AUG24750CE,582.05,656.00,529.25,628.00,628.00,584.05,25090.70,810.30,2925,-525,68,129415653.75,54,F1,75,,,,,
2025-07-21,2025-07-21,FO,NSE,IDO,71956,,NIFTY,,2025-08-28,2025-08-28,24550.00,CE,NIFTY25AUG24550CE,680.85,804.75,657.75,780.00,780.00,743.40,25090.70,942.55,3975,1425,75,142073767.50,47,F1,75,,,,,
2025-07-21,2025-07-21,FO,NSE,IDO,71916,,NIFTY,,2025-08-28,2025-08-28,23700.00,CE,NIFTY25AUG23700CE,1531.00,1551.00,1526.90,1551.00,1551.00,1478.85,25090.70,1551.00,1200,75,6,11355498.75,6,F1,75,,,,,
2025-07-21,2025-07-21,FO,NSE,IDO,71874,,NIFTY,,2025-08-28,2025-08-28,23600.00,CE,NIFTY25AUG23600CE,1612.75,1617.05,1599.95,1617.05,1617.05,1560.00,25090.70,1701.55,825,300,7,13233191.25,4,F1,75,,,,,
2025-07-21,2025-07-21,FO,NSE,IDO,71872,,NIFTY,,2025-08-28,2025-08-28,23550.00,CE,NIFTY25AUG23550CE,1587.40,1693.60,1587.40,1693.60,1693.60,1857.15,25090.70,1693.60,375,150,3,5663880.00,2,F1,75,,,,,
2025-07-21,2025-07-21,FO,NSE,IDO,47449,,NIFTY,,2025-08-21,2025-08-21,26450.00,CE,NIFTY2582126450CE,0.00,0.00,0.00,130.05,0.00,130.05,25090.70,103.60,0,0,0,0.00,0,F1,75,,,,,
2025-07-21,2025-07-21,FO,NSE,IDO,47212,,NIFTY,,2025-08-21,2025-08-21,24850.00,CE,NIFTY2582124850CE,600.00,600.00,600.00,600.00,600.00,734.20,25090.70,600.00,75,75,1,1908750.00,1,F1,75,,,,,
2025-07-21,2025-07-21,FO,NSE,IDO,47140,,NIFTY,,2025-08-21,2025-08-21,24250.00,CE,NIFTY2582124250CE,0.00,0.00,0.00,1153.00,0.00,1153.00,25090.70,1102.40,0,0,0,0.00,0,F1,75,,,,,
2025-07-21,2025-07-21,FO,NSE,IDO,47051,,NIFTY,,2025-08-21,2025-08-21,23700.00,CE,NIFTY2582123700CE,0.00,0.00,0.00,1611.85,0.00,1611.85,25090.70,1566.10,0,0,0,0.00,0,F1,75,,,,,
2025-07-21,2025-07-21,FO,NSE,IDO,47049,,NIFTY,,2025-08-21,2025-08-21,23650.00,CE,NIFTY2582123650CE,0.00,0.00,0.00,1656.25,0.00,1656.25,25090.70,1611.00,0,0,0,0.00,0,F1,75,,,,,
2025-07-21,2025-07-21,FO,NSE,IDO,47026,,NIFTY,,2025-08-21,2025-08-21,23550.00,CE,NIFTY2582123550CE,0.00,0.00,0.00,1746.20,0.00,1746.20,25090.70,1701.90,0,0,0,0.00,0,F1,75,,,,,
2025-07-21,2025-07-21,FO,NSE,IDO,44590,,NIFTY,,2025-08-14,2025-08-14,26250.00,CE,NIFTY2581426250CE,0.00,0.00,0.00,236.90,0.00,236.90,25090.70,93.45,0,0,0,0.00,0,F1,75,,,,,
2025-07-21,2025-07-21,FO,NSE,IDO,44528,,NIFTY,,2025-08-14,2025-08-14,25200.00,CE,NIFTY2581425200CE,223.65,264.90,178.30,257.95,259.45,235.40,25090.70,257.95,20475,-3450,304,580069293.75,260,F1,75,,,,,
2025-07-21,2025-07-21,FO,NSE,IDO,44450,,NIFTY,,2025-08-14,2025-08-14,24050.00,CE,NIFTY2581424050CE,0.00,0.00,0.00,1525.20,0.00,1525.20,25090.70,1206.05,0,0,0,0.00,0,F1,75,,,,,
2025-07-21,2025-07-21,FO,NSE,IDO,40063,,NIFTY,,2025-08-07,2025-08-07,26950.00,CE,NIFTY2580726950CE,3.05,3.65,3.05,3.40,3.40,108.15,25090.70,9.20,1800,1800,44,88945875.00,10,F1,75,,,,,
2025-07-21,2025-07-21,FO,NSE,IDO,39907,,NIFTY,,2025-08-07,2025-08-07,25600.00,CE,NIFTY2580725600CE,62.00,75.25,42.85,66.05,66.90,63.65,25090.70,66.05,126600,52500,4359,8389306421.25,2929,F1,75,,,,,
2025-07-21,2025-07-21,FO,NSE,IDO,39874,,NIFTY,,2025-08-07,2025-08-07,25200.00,CE,NIFTY2580725200CE,162.65,210.00,127.80,199.05,202.00,180.70,25090.70,199.05,282750,57150,5008,9531898946.25,3419,F1,75,,,,,
2025-07-21,2025-07-21,FO,NSE,IDO,39862,,NIFTY,,2025-08-07,2025-08-07,24900.00,CE,NIFTY2580724900CE,350.15,388.25,262.45,377.05,380.65,340.55,25090.70,377.05,30900,21375,1696,3209144767.50,1221,F1,75,,,,,
2025-07-21,2025-07-21,FO,NSE,IDO,39845,,NIFTY,,2025-08-07,2025-08-07,24600.00,CE,NIFTY2580724600CE,461.40,620.10,459.00,620.10,620.10,554.60,25090.70,620.10,7725,7650,118,222439365.00,82,F1,75,,,,,
2025-07-21,2025-07-21,FO,NSE,IDO,39782,,NIFTY,,2025-08-07,2025-08-07,24250.00,CE,NIFTY2580724250CE,0.00,0.00,0.00,1402.75,0.00,1402.75,25090.70,975.55,0,0,0,0.00,0,F1,75,,,,,
2025-07-21,2025-07-21,FO,NSE,IDO,39750,,NIFTY,,2025-08-07,2025-08-07,24050.00,CE,NIFTY2580724050CE,0.00,0.00,0.00,1572.85,0.00,1572.85,25090.70,1149.50,0,0,0,0.00,0,F1,75,,,,,
2025-07-21,2025-07-21,FO,NSE,IDO,39680,,NIFTY,,2025-08-07,2025-08-07,23600.00,CE,NIFTY2580723600CE,0.00,0.00,0.00,1978.10,0.00,1978.10,25090.70,1568.45,0,0,0,0.00,0,F1,75,,,,,
2025-07-21,2025-07-21,FO,NSE,IDO,55873,,NIFTY,,2025-07-31,2025-07-31,26600.00,CE,NIFTY25JUL26600CE,2.65,3.10,1.90,2.05,1.90,2.50,25090.70,2.05,580575,-17325,5270,10514553491.25,2363,F1,75,,,,,
2025-07-21,2025-07-21,FO,NSE,IDO,55847,,NIFTY,,2025-07-31,2025-07-31,25950.00,CE,NIFTY25JUL25950CE,10.30,12.40,7.25,8.95,8.60,10.90,25090.70,8.95,153000,24525,7641,14876712495.00,4845,F1,75,,,,,
2025-07-21,2025-07-21,FO,NSE,IDO,55841,,NIFTY,,2025-07-31,2025-07-31,25850.00,CE,NIFTY25JUL25850CE,16.00,16.60,9.30,12.40,12.20,14.60,25090.70,12.40,229800,74775,9958,19315461277.50,5967,F1,75,,,,,
2025-07-21,2025-07-21,FO,NSE,IDO,55801,,NIFTY,,2025-07-31,2025-07-31,25050.00,CE,NIFTY25JUL25050CE,179.95,218.60,119.05,207.05,210.00,183.40,25090.70,207.05,357075,171675,46016,87099412890.00,29125,F1,75,,,,,
2025-07-21,2025-07-21,FO,NSE,IDO,55793,,NIFTY,,2025-07-31,2025-07-31,24850.00,CE,NIFTY25JUL24850CE,312.00,355.00,217.80,346.70,351.20,303.35,25090.70,346.70,47475,-7800,4166,7853759553.75,2839,F1,75,,,,,
2025-07-21,2025-07-21,FO,NSE,IDO,55775,,NIFTY,,2025-07-31,2025-07-31,24400.00,CE,NIFTY25JUL24400CE,634.00,750.30,562.40,743.00,750.30,666.40,25090.70,743.00,34050,-5850,375,703998690.00,160,F1,75,,,,,
2025-07-21,2025-07-21,FO,NSE,IDO,55771,,NIFTY,,2025-07-31,2025-07-31,24300.00,CE,NIFTY25JUL24300CE,726.95,850.00,653.40,841.40,850.00,764.35,25090.70,841.40,35100,-1350,109,204986415.00,68,F1,75,,,,,
2025-07-21,2025-07-21,FO,NSE,IDO,55761,,NIFTY,,2025-07-31,2025-07-31,24100.00,CE,NIFTY25JUL24100CE,915.95,1023.60,846.10,995.00,995.00,948.80,25090.70,1047.95,23925,3750,90,168949893.75,61,F1,75,,,,,
2025-07-21,2025-07-21,FO,NSE,IDO,55721,,NIFTY,,2025-07-31,2025-07-31,23150.00,CE,NIFTY25JUL23150CE,0.00,0.00,0.00,1975.00,1975.00,1975.00,25090.70,1978.85,1425,0,0,0.00,0,F1,75,,,,,
2025-07-21,2025-07-21,FO,NSE,IDO,55695,,NIFTY,,2025-07-31,2025-07-31,22850.00,CE,NIFTY25JUL22850CE,0.00,0.00,0.00,2359.75,2359.75,2359.75,25090.70,2278.15,1125,0,0,0.00,0,F1,75,,,,,
2025-07-21,2025-07-21,FO,NSE,IDO,55673,,NIFTY,,2025-07-31,2025-07-31,22300.00,CE,NIFTY25JUL22300CE,2801.00,2801.00,2800.00,2800.00,2800.00,2872.00,25090.70,2800.00,28950,0,2,3765075.00,2,F1,75,,,,,
2025-07-21,2025-07-21,FO,NSE,IDO,49665,,NIFTY,,2025-07-24,2025-07-24,27200.00,CE,NIFTY2572427200CE,0.90,1.05,0.60,0.60,0.60,0.85,25090.70,0.60,172800,28125,12403,25302779471.25,1850,F1,75,,,,,
2025-07-21,2025-07-21,FO,NSE,IDO,49653,,NIFTY,,2025-07-24,2025-07-24,27000.00,CE,NIFTY2572427000CE,0.90,1.25,0.55,0.60,0.60,0.90,25090.70,0.60,3557850,118425,109380,221500599873.75,13792,F1,75,,,,,
2025-07-21,2025-07-21,FO,NSE,IDO,49603,,NIFTY,,2025-07-24,2025-07-24,26200.00,CE,NIFTY2572426200CE,1.40,1.75,0.85,1.00,0.95,1.60,25090.70,1.00,3676200,-1133100,281087,552362091056.25,45202,F1,75,,,,,
2025-07-21,2025-07-21,FO,NSE,IDO,49581,,NIFTY,,2025-07-24,2025-07-24,25950.00,CE,NIFTY2572425950CE,2.55,2.55,1.25,1.50,1.25,2.55,25090.70,1.50,1260225,-116550,160266,311939772592.50,32682,F1,75,,,,,
2025-07-21,2025-07-21,FO,NSE,IDO,49577,,NIFTY,,2025-07-24,2025-07-24,25900.00,CE,NIFTY2572425900CE,2.95,2.95,1.35,1.65,1.40,3.00,25090.70,1.65,3411225,-2121525,492176,956129145626.25,88152,F1,75,,,,,
2025-07-21,2025-07-21,FO,NSE,IDO,49561,,NIFTY,,2025-07-24,2025-07-24,25700.00,CE,NIFTY2572425700CE,6.15,6.15,2.80,3.45,3.10,5.70,25090.70,3.45,4120275,939600,857995,1654044482752.50,177016,F1,75,,,,,
2025-07-21,2025-07-21,FO,NSE,IDO,49487,,NIFTY,,2025-07-24,2025-07-24,25000.00,CE,NIFTY2572425000CE,136.20,172.95,67.15,158.10,162.40,134.05,25090.70,158.10,4200150,-1135200,3310281,6239139226458.75,1801467,F1,75,,,,,
2025-07-21,2025-07-21,FO,NSE,IDO,49403,,NIFTY,,2025-07-24,2025-07-24,23650.00,CE,NIFTY2572423650CE,0.00,0.00,0.00,1596.55,1596.55,1596.55,25090.70,1452.35,75,0,0,0.00,0,F1,75,,,,,
2025-07-21,2025-07-21,FO,NSE,IDO,60908,,NIFTY,,2030-06-25,2030-06-25,26000.00,CE,NIFTY30JUN26000CE,0.00,0.00,0.00,7487.55,0.00,7487.55,25090.70,6921.50,0,0,0,0.00,0,F1,75,,,,,
2025-07-21,2025-07-21,FO,NSE,IDO,60940,,NIFTY,,2030-06-25,2030-06-25,31000.00,CE,NIFTY30JUN31000CE,0.00,0.00,0.00,5167.80,0.00,5167.80,25090.70,4641.45,0,0,0,0.00,0,F1,75,,,,,
2025-07-21,2025-07-21,FO,NSE,IDO,49392,,NIFTY,,2025-07-24,2025-07-24,23450.00,PE,NIFTY2572423450PE,1.65,1.80,0.90,1.05,1.05,1.80,25090.70,1.05,225075,12675,31361,55158842216.25,7113,F1,75,,,,,
2025-07-21,2025-07-21,FO,NSE,IDO,49468,,NIFTY,,2025-07-24,2025-07-24,24550.00,PE,NIFTY2572424550PE,20.60,20.60,5.10,6.80,5.45,19.05,25090.70,6.80,1614300,925200,466200,858727142673.75,136145,F1,75,,,,,
2025-07-21,2025-07-21,FO,NSE,IDO,49486,,NIFTY,,2025-07-24,2025-07-24,24950.00,PE,NIFTY2572424950PE,98.20,138.00,33.30,39.45,33.85,96.20,25090.70,39.45,3871500,1534350,1773935,3329249180745.00,900773,F1,75,,,,,
2025-07-21,2025-07-21,FO,NSE,IDO,49491,,NIFTY,,2025-07-24,2025-07-24,25050.00,PE,NIFTY2572425050PE,130.00,203.65,58.80,68.55,58.85,142.50,25090.70,68.55,3019650,2139150,2048765,3864185515128.75,1116273,F1,75,,,,,
2025-07-21,2025-07-21,FO,NSE,IDO,49580,,NIFTY,,2025-07-24,2025-07-24,25900.00,PE,NIFTY2572425900PE,908.80,987.30,781.75,793.45,783.95,887.65,25090.70,793.45,23625,-1050,206,413156610.00,152,F1,75,,,,,
2025-07-21,2025-07-21,FO,NSE,IDO,49602,,NIFTY,,2025-07-24,2025-07-24,26150.00,PE,NIFTY2572426150PE,1035.00,1035.00,1035.00,1035.00,1035.00,1109.70,25090.70,1035.00,825,-75,1,2038875.00,1,F1,75,,,,,
2025-07-21,2025-07-21,FO,NSE,IDO,49604,,NIFTY,,2025-07-24,2025-07-24,26200.00,PE,NIFTY2572426200PE,1260.00,1281.15,1121.10,1121.10,1121.10,1200.00,25090.70,1096.65,3225,-150,6,12335006.25,6,F1,75,,,,,
2025-07-21,2025-07-21,FO,NSE,IDO,49630,,NIFTY,,2025-07-24,2025-07-24,26600.00,PE,NIFTY2572426600PE,0.00,0.00,0.00,1492.20,1492.20,1492.20,25090.70,1496.25,975,0,0,0.00,0,F1,75,,,,,
2025-07-21,2025-07-21,FO,NSE,IDO,55686,,NIFTY,,2025-07-31,2025-07-31,22600.00,PE,NIFTY25JUL22600PE,2.80,2.80,1.80,1.90,1.80,2.65,25090.70,1.90,75900,3750,445,754344596.25,241,F1,75,,,,,
2025-07-21,2025-07-21,FO,NSE,IDO,39673,,NIFTY,,2025-08-07,2025-08-07,23550.00,CE,NIFTY2580723550CE,0.00,0.00,0.00,2024.60,0.00,2024.60,25090.70,1616.60,0,0,0,0.00,0,F1,75,,,,,
2025-07-21,2025-07-21,FO,NSE,IDO,39744,,NIFTY,,2025-08-07,2025-08-07,24000.00,CE,NIFTY2580724000CE,978.00,1142.10,978.00,1142.10,1142.10,1082.70,25090.70,1194.40,6225,450,8,15066371.25,8,F1,75,,,,,
2025-07-21,2025-07-21,FO,NSE,IDO,39876,,NIFTY,,2025-08-07,2025-08-07,25250.00,CE,NIFTY2580725250CE,149.20,187.80,113.85,175.00,176.00,159.85,25090.70,175.00,35550,18150,870,1657623772.50,558,F1,75,,,,,
2025-07-21,2025-07-21,FO,NSE,IDO,39957,,NIFTY,,2025-08-07,2025-08-07,26050.00,CE,NIFTY2580726050CE,0.00,0.00,0.00,321.10,0.00,321.10,25090.70,78.30,0,0,0,0.00,0,F1,75,,,,,
2025-07-21,2025-07-21,FO,NSE,IDO,40029,,NIFTY,,2025-08-07,2025-08-07,26750.00,CE,NIFTY2580726750CE,0.00,0.00,0.00,140.85,0.00,140.85,25090.70,15.65,0,0,0,0.00,0,F1,75,,,,,
2025-07-21,2025-07-21,FO,NSE,IDO,40094,,NIFTY,,2025-08-07,2025-08-07,27100.00,CE,NIFTY2580727100CE,2.50,3.70,2.50,3.20,2.95,2.80,25090.70,3.20,10500,600,22,44720673.75,22,F1,75,,,,,
2025-07-21,2025-07-21,FO,NSE,IDO,44492,,NIFTY,,2025-08-14,2025-08-14,24600.00,CE,NIFTY2581424600CE,601.00,601.00,601.00,601.00,601.00,1080.60,25090.70,774.10,75,75,1,1890075.00,1,F1,75,,,,,
2025-07-21,2025-07-21,FO,NSE,IDO,44506,,NIFTY,,2025-08-14,2025-08-14,24850.00,CE,NIFTY2581424850CE,0.00,0.00,0.00,901.90,0.00,901.90,25090.70,609.05,0,0,0,0.00,0,F1,75,,,,,
2025-07-21,2025-07-21,FO,NSE,IDO,44512,,NIFTY,,2025-08-14,2025-08-14,25000.00,CE,NIFTY2581425000CE,308.75,382.70,269.05,371.15,373.20,338.25,25090.70,371.15,22950,6525,625,1188284568.75,419,F1,75,,,,,
2025-07-21,2025-07-21,FO,NSE,IDO,44562,,NIFTY,,2025-08-14,2025-08-14,25750.00,CE,NIFTY2581425750CE,0.00,0.00,0.00,408.50,0.00,408.50,25090.70,203.60,0,0,0,0.00,0,F1,75,,,,,
2025-07-21,2025-07-21,FO,NSE,IDO,44570,,NIFTY,,2025-08-14,2025-08-14,25950.00,CE,NIFTY2581425950CE,0.00,0.00,0.00,331.60,0.00,331.60,25090.70,151.50,0,0,0,0.00,0,F1,75,,,,,
2025-07-21,2025-07-21,FO,NSE,IDO,44586,,NIFTY,,2025-08-14,2025-08-14,26200.00,CE,NIFTY2581426200CE,0.00,0.00,0.00,251.05,0.00,251.05,25090.70,101.60,0,0,0,0.00,0,F1,75,,,,,
2025-07-21,2025-07-21,FO,NSE,IDO,44621,,NIFTY,,2025-08-14,2025-08-14,26800.00,CE,NIFTY2581426800CE,0.00,0.00,0.00,118.90,0.00,118.90,25090.70,34.10,0,0,0,0.00,0,F1,75,,,,,
2025-07-21,2025-07-21,FO,NSE,IDO,53633,,NIFTY,,2027-12-30,2027-12-30,28000.00,CE,NIFTY27DEC28000CE,0.00,0.00,0.00,2639.20,0.00,2639.20,25090.70,3022.10,0,0,0,0.00,0,F1,75,,,,,
2025-07-21,2025-07-21,FO,NSE,IDO,67782,,NIFTY,,2028-12-28,2028-12-28,24000.00,CE,NIFTY28DEC24000CE,0.00,0.00,0.00,5850.30,0.00,5850.30,25090.70,6385.05,0,0,0,0.00,0,F1,75,,,,,
2025-07-21,2025-07-21,FO,NSE,IDO,61778,,NIFTY,,2029-12-27,2029-12-27,26000.00,CE,NIFTY29DEC26000CE,0.00,0.00,0.00,6686.95,0.00,6686.95,25090.70,6383.15,0,0,0,0.00,0,F1,75,,,,,
2025-07-21,2025-07-21,FO,NSE,IDO,60902,,NIFTY,,2030-06-25,2030-06-25,23000.00,CE,NIFTY30JUN23000CE,0.00,0.00,0.00,9179.65,0.00,9179.65,25090.70,8609.15,0,0,0,0.00,0,F1,75,,,,,
2025-07-21,2025-07-21,FO,NSE,IDO,49386,,NIFTY,,2025-07-24,2025-07-24,23350.00,PE,NIFTY2572423350PE,1.65,1.80,0.80,0.95,0.80,1.65,25090.70,0.95,150450,16425,16532,28952994697.50,4153,F1,75,,,,,
2025-07-21,2025-07-21,FO,NSE,IDO,49414,,NIFTY,,2025-07-24,2025-07-24,23800.00,PE,NIFTY2572423800PE,2.50,2.75,1.20,1.45,1.35,3.00,25090.70,1.45,2131800,-646350,250373,446945852062.50,45067,F1,75,,,,,
2025-07-21,2025-07-21,FO,NSE,IDO,49448,,NIFTY,,2025-07-24,2025-07-24,24250.00,PE,NIFTY2572424250PE,8.30,8.30,2.55,3.00,2.70,7.50,25090.70,3.00,1331625,765825,275131,500468169367.50,60967,F1,75,,,,,
2025-07-21,2025-07-21,FO,NSE,IDO,49450,,NIFTY,,2025-07-24,2025-07-24,24300.00,PE,NIFTY2572424300PE,8.00,8.00,2.75,3.40,2.75,8.55,25090.70,3.40,3627750,1460775,486928,887573811536.25,111605,F1,75,,,,,
2025-07-21,2025-07-21,FO,NSE,IDO,49518,,NIFTY,,2025-07-24,2025-07-24,25150.00,PE,NIFTY2572425150PE,200.00,283.45,103.70,116.10,103.70,203.90,25090.70,116.10,1236375,583200,430582,817071551512.50,274418,F1,75,,,,,
2025-07-21,2025-07-21,FO,NSE,IDO,49529,,NIFTY,,2025-07-24,2025-07-24,25400.00,PE,NIFTY2572425400PE,435.55,510.00,294.10,310.35,298.65,403.95,25090.70,310.35,561525,-72075,24075,46512202440.00,16535,F1,75,,,,,
2025-07-21,2025-07-21,FO,NSE,IDO,55684,,NIFTY,,2025-07-31,2025-07-31,22550.00,PE,NIFTY25JUL22550PE,2.40,2.55,1.60,1.85,1.80,2.40,25090.70,1.85,7425,1050,185,312908370.00,93,F1,75,,,,,
2025-07-21,2025-07-21,FO,NSE,IDO,55706,,NIFTY,,2025-07-31,2025-07-31,23050.00,PE,NIFTY25JUL23050PE,2.65,3.55,2.20,2.30,2.25,3.70,25090.70,2.30,12225,2250,417,720974561.25,204,F1,75,,,,,
2025-07-21,2025-07-21,FO,NSE,IDO,55720,,NIFTY,,2025-07-31,2025-07-31,23100.00,PE,NIFTY25JUL23100PE,4.00,4.00,2.15,2.35,2.25,3.80,25090.70,2.35,89025,15600,1626,2817382271.25,1041,F1,75,,,,,
2025-07-21,2025-07-21,FO,NSE,IDO,55726,,NIFTY,,2025-07-31,2025-07-31,23250.00,PE,NIFTY25JUL23250PE,5.25,5.30,2.45,2.60,2.45,4.40,25090.70,2.60,31350,450,454,791777163.75,289,F1,75,,,,,
2025-07-21,2025-07-21,FO,NSE,IDO,55746,,NIFTY,,2025-07-31,2025-07-31,23700.00,PE,NIFTY25JUL23700PE,8.05,8.05,3.95,4.35,4.15,8.20,25090.70,4.35,348900,67200,9809,17439526380.00,5069,F1,75,,,,,
2025-07-21,2025-07-21,FO,NSE,IDO,55774,,NIFTY,,2025-07-31,2025-07-31,24350.00,PE,NIFTY25JUL24350PE,30.55,32.75,15.25,16.25,15.25,31.30,25090.70,16.25,182400,46125,9032,16509283383.75,5923,F1,75,,,,,
2025-07-21,2025-07-21,FO,NSE,IDO,55784,,NIFTY,,2025-07-31,2025-07-31,24600.00,PE,NIFTY25JUL24600PE,60.35,68.85,29.65,32.65,30.00,59.85,25090.70,32.65,1332600,-75825,75354,139277759486.25,46802,F1,75,,,,,
2025-07-21,2025-07-21,FO,NSE,IDO,55806,,NIFTY,,2025-07-31,2025-07-31,25150.00,PE,NIFTY25JUL25150PE,267.95,310.35,167.45,173.90,168.00,250.20,25090.70,173.90,234375,21300,9229,17552627366.25,6285,F1,75,,,,,
2025-07-21,2025-07-21,FO,NSE,IDO,55834,,NIFTY,,2025-07-31,2025-07-31,25650.00,PE,NIFTY25JUL25650PE,724.50,742.60,541.00,547.25,541.00,638.65,25090.70,547.25,62325,750,272,535212802.50,120,F1,75,,,,,
2025-07-21,2025-07-21,FO,NSE,IDO,55843,,NIFTY,,2025-07-31,2025-07-31,25850.00,PE,NIFTY25JUL25850PE,849.05,914.50,722.10,734.70,722.10,828.60,25090.70,734.70,92025,525,45,90109042.50,41,F1,75,,,,,
2025-07-21,2025-07-21,FO,NSE,IDO,55858,,NIFTY,,2025-07-31,2025-07-31,26200.00,PE,NIFTY25JUL26200PE,1196.05,1261.25,1072.35,1076.55,1072.65,1163.00,25090.70,1076.55,30450,-750,53,108665490.00,41,F1,75,,,,,
2025-07-21,2025-07-21,FO,NSE,IDO,55872,,NIFTY,,2025-07-31,2025-07-31,26550.00,PE,NIFTY25JUL26550PE,1454.05,1455.70,1454.05,1455.70,1455.70,1278.60,25090.70,1421.50,3900,0,2,4200731.25,2,F1,75,,,,,
2025-07-21,2025-07-21,FO,NSE,IDO,55886,,NIFTY,,2025-07-31,2025-07-31,26850.00,PE,NIFTY25JUL26850PE,0.00,0.00,0.00,1563.95,1563.30,1563.95,25090.70,1717.10,975,0,0,0.00,0,F1,75,,,,,
2025-07-21,2025-07-21,FO,NSE,IDO,55892,,NIFTY,,2025-07-31,2025-07-31,26900.00,PE,NIFTY25JUL26900PE,1809.95,1840.00,1760.75,1767.40,1760.75,1858.95,25090.70,1767.40,137100,-1125,22,47357276.25,18,F1,75,,,,,
2025-07-21,2025-07-21,FO,NSE,IDO,55896,,NIFTY,,2025-07-31,2025-07-31,26950.00,PE,NIFTY25JUL26950PE,0.00,0.00,0.00,1677.25,1677.25,1677.25,25090.70,1816.35,825,0,0,0.00,0,F1,75,,,,,
2025-07-21,2025-07-21,FO,NSE,IDO,55908,,NIFTY,,2025-07-31,2025-07-31,27250.00,PE,NIFTY25JUL27250PE,0.00,0.00,0.00,1956.75,1956.75,1956.75,25090.70,2115.00,150,0,0,0.00,0,F1,75,,,,,
2025-07-21,2025-07-21,FO,NSE,IDO,39648,,NIFTY,,2025-08-07,2025-08-07,23300.00,PE,NIFTY2580723300PE,0.00,0.00,0.00,19.10,0.00,19.10,25090.70,4.60,0,0,0,0.00,0,F1,75,,,,,
2025-07-21,2025-07-21,FO,NSE,IDO,39676,,NIFTY,,2025-08-07,2025-08-07,23550.00,PE,NIFTY2580723550PE,0.00,0.00,0.00,31.50,0.00,31.50,25090.70,10.40,0,0,0,0.00,0,F1,75,,,,,
2025-07-21,2025-07-21,FO,NSE,IDO,39759,,NIFTY,,2025-08-07,2025-08-07,24150.00,PE,NIFTY2580724150PE,0.00,0.00,0.00,79.70,79.70,79.70,25090.70,53.45,75,0,0,0.00,0,F1,75,,,,,
2025-07-21,2025-07-21,FO,NSE,IDO,39857,,NIFTY,,2025-08-07,2025-08-07,24750.00,PE,NIFTY2580724750PE,125.00,149.10,83.00,86.70,83.55,129.60,25090.70,86.70,19800,975,223,415681811.25,167,F1,75,,,,,
2025-07-21,2025-07-21,FO,NSE,IDO,55700,,NIFTY,,2025-07-31,2025-07-31,22900.00,PE,NIFTY25JUL22900PE,2.50,3.20,1.80,2.10,1.80,3.10,25090.70,2.10,118875,600,2905,4989827253.75,1263,F1,75,,,,,
2025-07-21,2025-07-21,FO,NSE,IDO,50556,,NIFTY,,2026-06-25,2026-06-25,18000.00,CE,NIFTY26JUN18000CE,0.00,0.00,0.00,7400.00,7400.00,7400.00,25090.70,8088.05,100,0,0,0.00,0,F1,75,,,,,
2025-07-21,2025-07-21,FO,NSE,IDO,62918,,NIFTY,,2026-03-26,2026-03-26,21000.00,CE,NIFTY26MAR21000CE,0.00,0.00,0.00,4255.80,0.00,4255.80,25090.70,5009.30,0,0,0,0.00,0,F1,75,,,,,
2025-07-21,2025-07-21,FO,NSE,IDO,50971,,NIFTY,,2025-12-24,2025-12-24,27000.00,CE,NIFTY25DEC27000CE,306.05,320.00,272.05,310.20,309.00,306.05,25090.70,310.20,2064875,12200,3351,6861658293.75,2187,F1,75,,,,,
2025-07-21,2025-07-21,FO,NSE,IDO,64704,,NIFTY,,2025-09-25,2025-09-25,30000.00,CE,NIFTY25SEP30000CE,4.00,4.60,3.90,4.30,4.40,4.30,25090.70,4.30,330600,1650,697,1568474186.25,214,F1,75,,,,,
2025-07-21,2025-07-21,FO,NSE,IDO,60508,,NIFTY,,2025-09-25,2025-09-25,25700.00,CE,NIFTY25SEP25700CE,289.60,348.65,279.05,337.20,337.00,327.10,25090.70,337.20,22500,375,230,448776952.50,148,F1,75,,,,,
2025-07-21,2025-07-21,FO,NSE,IDO,60493,,NIFTY,,2025-09-25,2025-09-25,25350.00,CE,NIFTY25SEP25350CE,442.55,505.10,442.55,496.00,496.00,483.50,25090.70,707.30,2250,225,10,19377382.50,7,F1,75,,,,,
2025-07-21,2025-07-21,FO,NSE,IDO,60491,,NIFTY,,2025-09-25,2025-09-25,25300.00,CE,NIFTY25SEP25300CE,466.25,532.65,444.00,526.25,528.00,508.70,25090.70,526.25,30750,8775,256,495314726.25,156,F1,75,,,,,
2025-07-21,2025-07-21,FO,NSE,IDO,60443,,NIFTY,,2025-09-25,2025-09-25,24500.00,CE,NIFTY25SEP24500CE,959.00,1062.50,928.00,1055.85,1058.00,1014.25,25090.70,1055.85,33150,9675,304,581757881.25,183,F1,75,,,,,
2025-07-21,2025-07-21,FO,NSE,IDO,60347,,NIFTY,,2025-09-25,2025-09-25,23700.00,CE,NIFTY25SEP23700CE,1705.00,1705.00,1705.00,1705.00,1705.00,2130.00,25090.70,1798.50,75,0,1,1905375.00,1,F1,75,,,,,
2025-07-21,2025-07-21,FO,NSE,IDO,60325,,NIFTY,,2025-09-25,2025-09-25,23250.00,CE,NIFTY25SEP23250CE,0.00,0.00,0.00,2746.95,0.00,2746.95,25090.70,2180.50,0,0,0,0.00,0,F1,75,,,,,
2025-07-21,2025-07-21,FO,NSE,IDO,72332,,NIFTY,,2025-08-28,2025-08-28,26900.00,CE,NIFTY25AUG26900CE,0.00,0.00,0.00,301.05,0.00,301.05,25090.70,77.90,0,0,0,0.00,0,F1,75,,,,,
2025-07-21,2025-07-21,FO,NSE,IDO,72110,,NIFTY,,2025-08-28,2025-08-28,26050.00,CE,NIFTY25AUG26050CE,71.40,82.30,56.10,74.40,75.30,73.60,25090.70,74.40,20550,-1050,192,376146558.75,123,F1,75,,,,,
2025-07-21,2025-07-21,FO,NSE,IDO,55748,,NIFTY,,2025-07-31,2025-07-31,23750.00,PE,NIFTY25JUL23750PE,9.00,9.00,4.40,4.90,4.40,8.95,25090.70,4.90,52425,14475,3146,5605217925.00,1549,F1,75,,,,,
2025-07-21,2025-07-21,FO,NSE,IDO,55760,,NIFTY,,2025-07-31,2025-07-31,24050.00,PE,NIFTY25JUL24050PE,14.55,15.25,7.70,8.20,7.80,16.10,25090.70,8.20,135525,64725,6934,12512897051.25,3705,F1,75,,,,,
2025-07-21,2025-07-21,FO,NSE,IDO,55772,,NIFTY,,2025-07-31,2025-07-31,24300.00,PE,NIFTY25JUL24300PE,26.60,29.00,13.40,14.55,13.40,27.75,25090.70,14.55,876375,60675,34225,62423293653.75,19133,F1,75,,,,,
2025-07-21,2025-07-21,FO,NSE,IDO,55788,,NIFTY,,2025-07-31,2025-07-31,24700.00,PE,NIFTY25JUL24700PE,77.80,92.70,40.75,43.75,40.75,78.15,25090.70,43.75,1795425,268050,71164,132161029117.50,45946,F1,75,,,,,
2025-07-21,2025-07-21,FO,NSE,IDO,55808,,NIFTY,,2025-07-31,2025-07-31,25200.00,PE,NIFTY25JUL25200PE,270.00,347.00,191.05,201.25,194.60,280.45,25090.70,201.25,2318625,185625,39479,75348452778.75,27072,F1,75,,,,,
2025-07-21,2025-07-21,FO,NSE,IDO,55868,,NIFTY,,2025-07-31,2025-07-31,26450.00,PE,NIFTY25JUL26450PE,0.00,0.00,0.00,1220.75,1220.75,1220.75,25090.70,1324.15,1200,0,0,0.00,0,F1,75,,,,,
2025-07-21,2025-07-21,FO,NSE,IDO,39652,,NIFTY,,2025-08-07,2025-08-07,23350.00,PE,NIFTY2580723350PE,10.30,11.20,4.90,5.00,4.90,10.20,25090.70,5.00,7200,2250,166,290792985.00,62,F1,75,,,,,
2025-07-21,2025-07-21,FO,NSE,IDO,39704,,NIFTY,,2025-08-07,2025-08-07,23700.00,PE,NIFTY2580723700PE,16.60,17.55,9.05,9.65,9.10,16.40,25090.70,9.65,28500,9375,380,675769687.50,173,F1,75,,,,,
2025-07-21,2025-07-21,FO,NSE,IDO,39753,,NIFTY,,2025-08-07,2025-08-07,24100.00,PE,NIFTY2580724100PE,0.00,0.00,0.00,83.35,0.00,83.35,25090.70,47.40,0,0,0,0.00,0,F1,75,,,,,
2025-07-21,2025-07-21,FO,NSE,IDO,39823,,NIFTY,,2025-08-07,2025-08-07,24450.00,PE,NIFTY2580724450PE,65.80,73.25,40.55,44.00,42.10,67.90,25090.70,44.00,18750,5025,302,554928438.75,193,F1,75,,,,,
2025-07-21,2025-07-21,FO,NSE,IDO,72108,,NIFTY,,2025-08-28,2025-08-28,26000.00,CE,NIFTY25AUG26000CE,80.50,91.15,62.20,83.80,85.00,81.80,25090.70,83.80,1774800,63975,24932,48765557872.50,14102,F1,75,,,,,
2025-07-21,2025-07-21,FO,NSE,IDO,72104,,NIFTY,,2025-08-28,2025-08-28,25900.00,CE,NIFTY25AUG25900CE,98.00,109.30,74.85,101.40,101.35,98.35,25090.70,101.40,215625,14175,4472,8718109008.75,3185,F1,75,,,,,
2025-07-21,2025-07-21,FO,NSE,IDO,72092,,NIFTY,,2025-08-28,2025-08-28,25600.00,CE,NIFTY25AUG25600CE,175.40,193.15,135.25,183.20,183.30,173.70,25090.70,183.20,264375,21825,3740,7227899276.25,2721,F1,75,,,,,
2025-07-21,2025-07-21,FO,NSE,IDO,71976,,NIFTY,,2025-08-28,2025-08-28,25050.00,CE,NIFTY25AUG25050CE,399.05,454.85,348.20,447.80,446.75,416.05,25090.70,447.80,15000,5925,463,884488312.50,333,F1,75,,,,,
2025-07-21,2025-07-21,FO,NSE,IDO,71926,,NIFTY,,2025-08-28,2025-08-28,23850.00,CE,NIFTY25AUG23850CE,1315.15,1393.35,1315.15,1393.35,1393.35,1340.75,25090.70,1484.30,900,75,5,9448218.75,3,F1,75,,,,,
2025-07-21,2025-07-21,FO,NSE,IDO,71845,,NIFTY,,2025-08-28,2025-08-28,23100.00,CE,NIFTY25AUG23100CE,2085.05,2085.05,2085.05,2085.05,2085.05,2167.65,25090.70,2161.15,75,0,1,1888878.75,1,F1,75,,,,,
2025-07-21,2025-07-21,FO,NSE,IDO,47435,,NIFTY,,2025-08-21,2025-08-21,26350.00,CE,NIFTY2582126350CE,0.00,0.00,0.00,148.50,0.00,148.50,25090.70,119.90,0,0,0,0.00,0,F1,75,,,,,
2025-07-21,2025-07-21,FO,NSE,IDO,47385,,NIFTY,,2025-08-21,2025-08-21,26050.00,CE,NIFTY2582126050CE,0.00,0.00,0.00,216.40,0.00,216.40,25090.70,182.50,0,0,0,0.00,0,F1,75,,,,,
2025-07-21,2025-07-21,FO,NSE,IDO,47344,,NIFTY,,2025-08-21,2025-08-21,25850.00,CE,NIFTY2582125850CE,0.00,0.00,0.00,273.90,0.00,273.90,25090.70,234.55,0,0,0,0.00,0,F1,75,,,,,
2025-07-21,2025-07-21,FO,NSE,IDO,47326,,NIFTY,,2025-08-21,2025-08-21,25700.00,CE,NIFTY2582125700CE,0.00,0.00,0.00,324.00,0.00,324.00,25090.70,281.75,0,0,0,0.00,0,F1,75,,,,,
2025-07-21,2025-07-21,FO,NSE,IDO,47181,,NIFTY,,2025-08-21,2025-08-21,24650.00,CE,NIFTY2582124650CE,0.00,0.00,0.00,862.60,0.00,862.60,25090.70,810.45,0,0,0,0.00,0,F1,75,,,,,
2025-07-21,2025-07-21,FO,NSE,IDO,47164,,NIFTY,,2025-08-21,2025-08-21,24450.00,CE,NIFTY2582124450CE,0.00,0.00,0.00,1003.45,0.00,1003.45,25090.70,951.80,0,0,0,0.00,0,F1,75,,,,,
2025-07-21,2025-07-21,FO,NSE,IDO,47130,,NIFTY,,2025-08-21,2025-08-21,24150.00,CE,NIFTY2582124150CE,0.00,0.00,0.00,1231.80,0.00,1231.80,25090.70,1181.95,0,0,0,0.00,0,F1,75,,,,,
2025-07-21,2025-07-21,FO,NSE,IDO,39832,,NIFTY,,2025-08-07,2025-08-07,24500.00,PE,NIFTY2580724500PE,76.45,85.65,45.50,48.70,46.95,74.60,25090.70,48.70,232125,53925,7457,13736150313.75,4975,F1,75,,,,,
2025-07-21,2025-07-21,FO,NSE,IDO,39867,,NIFTY,,2025-08-07,2025-08-07,25000.00,PE,NIFTY2580725000PE,210.00,255.30,148.75,155.40,149.75,213.75,25090.70,155.40,301125,91800,6431,12150447952.50,4006,F1,75,,,,,
2025-07-21,2025-07-21,FO,NSE,IDO,39893,,NIFTY,,2025-08-07,2025-08-07,25450.00,PE,NIFTY2580725450PE,500.00,500.00,452.80,452.80,452.80,509.30,25090.70,519.15,525,75,3,5831670.00,3,F1,75,,,,,
2025-07-21,2025-07-21,FO,NSE,IDO,39924,,NIFTY,,2025-08-07,2025-08-07,25750.00,PE,NIFTY2580725750PE,0.00,0.00,0.00,728.05,728.05,728.05,25090.70,727.55,150,0,0,0.00,0,F1,75,,,,,
2025-07-21,2025-07-21,FO,NSE,IDO,39949,,NIFTY,,2025-08-07,2025-08-07,25900.00,PE,NIFTY2580725900PE,0.00,0.00,0.00,550.00,550.00,550.00,25090.70,842.45,75,0,0,0.00,0,F1,75,,,,,
2025-07-21,2025-07-21,FO,NSE,IDO,40054,,NIFTY,,2025-08-07,2025-08-07,26900.00,PE,NIFTY2580726900PE,0.00,0.00,0.00,1453.00,0.00,1453.00,25090.70,1745.05,0,0,0,0.00,0,F1,75,,,,,
2025-07-21,2025-07-21,FO,NSE,IDO,44405,,NIFTY,,2025-08-14,2025-08-14,23650.00,PE,NIFTY2581423650PE,0.00,0.00,0.00,39.55,0.00,39.55,25090.70,30.20,0,0,0,0.00,0,F1,75,,,,,
2025-07-21,2025-07-21,FO,NSE,IDO,44425,,NIFTY,,2025-08-14,2025-08-14,23850.00,PE,NIFTY2581423850PE,0.00,0.00,0.00,56.85,0.00,56.85,25090.70,47.10,0,0,0,0.00,0,F1,75,,,,,
2025-07-21,2025-07-21,FO,NSE,IDO,44435,,NIFTY,,2025-08-14,2025-08-14,23950.00,PE,NIFTY2581423950PE,0.00,0.00,0.00,67.60,0.00,67.60,25090.70,58.05,0,0,0,0.00,0,F1,75,,,,,
2025-07-21,2025-07-21,FO,NSE,IDO,44459,,NIFTY,,2025-08-14,2025-08-14,24200.00,PE,NIFTY2581424200PE,0.00,0.00,0.00,101.60,0.00,101.60,25090.70,94.55,0,0,0,0.00,0,F1,75,,,,,
2025-07-21,2025-07-21,FO,NSE,IDO,44471,,NIFTY,,2025-08-14,2025-08-14,24450.00,PE,NIFTY2581424450PE,89.85,98.20,62.15,65.60,62.15,92.80,25090.70,65.60,8250,6000,141,259347045.00,86,F1,75,,,,,
2025-07-21,2025-07-21,FO,NSE,IDO,44497,,NIFTY,,2025-08-14,2025-08-14,24650.00,PE,NIFTY2581424650PE,133.95,143.30,93.80,95.95,96.35,133.55,25090.70,95.95,2175,600,33,61308656.25,30,F1,75,,,,,
2025-07-21,2025-07-21,FO,NSE,IDO,44509,,NIFTY,,2025-08-14,2025-08-14,24900.00,PE,NIFTY2581424900PE,214.80,244.00,153.70,156.60,156.15,211.50,25090.70,156.60,15150,675,156,293587102.50,107,F1,75,,,,,
2025-07-21,2025-07-21,FO,NSE,IDO,44511,,NIFTY,,2025-08-14,2025-08-14,24950.00,PE,NIFTY2581424950PE,238.65,263.00,191.65,198.75,198.75,232.65,25090.70,310.65,2550,0,15,28325917.50,11,F1,75,,,,,
2025-07-21,2025-07-21,FO,NSE,IDO,44519,,NIFTY,,2025-08-14,2025-08-14,25100.00,PE,NIFTY2581425100PE,300.85,334.60,221.00,227.75,223.45,295.00,25090.70,227.75,24675,7425,451,857635957.50,328,F1,75,,,,,
2025-07-21,2025-07-21,FO,NSE,IDO,44529,,NIFTY,,2025-08-14,2025-08-14,25200.00,PE,NIFTY2581425200PE,364.85,398.55,266.95,273.80,266.95,344.00,25090.70,273.80,14025,-5475,162,310285751.25,139,F1,75,,,,,
2025-07-21,2025-07-21,FO,NSE,IDO,44531,,NIFTY,,2025-08-14,2025-08-14,25250.00,PE,NIFTY2581425250PE,394.80,394.80,304.30,316.55,316.55,384.65,25090.70,452.40,2250,-225,11,21109807.50,11,F1,75,,,,,
2025-07-21,2025-07-21,FO,NSE,IDO,44620,,NIFTY,,2025-08-14,2025-08-14,26750.00,PE,NIFTY2581426750PE,0.00,0.00,0.00,1366.15,0.00,1366.15,25090.70,1591.90,0,0,0,0.00,0,F1,75,,,,,
2025-07-21,2025-07-21,FO,NSE,IDO,44644,,NIFTY,,2025-08-14,2025-08-14,27100.00,PE,NIFTY2581427100PE,0.00,0.00,0.00,1665.25,0.00,1665.25,25090.70,1921.30,0,0,0,0.00,0,F1,75,,,,,
2025-07-21,2025-07-21,FO,NSE,IDO,46954,,NIFTY,,2025-08-21,2025-08-21,23200.00,PE,NIFTY2582123200PE,0.00,0.00,0.00,24.15,0.00,24.15,25090.70,18.90,0,0,0,0.00,0,F1,75,,,,,
2025-07-21,2025-07-21,FO,NSE,IDO,46962,,NIFTY,,2025-08-21,2025-08-21,23350.00,PE,NIFTY2582123350PE,0.00,0.00,0.00,34.30,34.30,34.30,25090.70,26.25,75,0,0,0.00,0,F1,75,,,,,
2025-07-21,2025-07-21,FO,NSE,IDO,47080,,NIFTY,,2025-08-21,2025-08-21,23850.00,PE,NIFTY2582123850PE,0.00,0.00,0.00,80.90,0.00,80.90,25090.70,70.05,0,0,0,0.00,0,F1,75,,,,,
2025-07-21,2025-07-21,FO,NSE,IDO,47167,,NIFTY,,2025-08-21,2025-08-21,24500.00,PE,NIFTY2582124500PE,0.00,0.00,0.00,212.55,0.00,212.55,25090.70,197.50,0,0,0,0.00,0,F1,75,,,,,
2025-07-21,2025-07-21,FO,NSE,IDO,47485,,NIFTY,,2025-08-21,2025-08-21,26600.00,PE,NIFTY2582126600PE,0.00,0.00,0.00,1439.85,0.00,1439.85,25090.70,1454.65,0,0,0,0.00,0,F1,75,,,,,
2025-07-21,2025-07-21,FO,NSE,IDO,71834,,NIFTY,,2025-08-28,2025-08-28,22800.00,PE,NIFTY25AUG22800PE,16.00,17.00,12.90,13.55,13.00,16.95,25090.70,13.55,199800,10875,2130,3644597786.25,1073,F1,75,,,,,
2025-07-21,2025-07-21,FO,NSE,IDO,71846,,NIFTY,,2025-08-28,2025-08-28,23100.00,PE,NIFTY25AUG23100PE,21.75,21.75,17.20,18.25,17.20,20.75,25090.70,18.25,19725,-825,44,76293603.75,13,F1,75,,,,,
2025-07-21,2025-07-21,FO,NSE,IDO,71855,,NIFTY,,2025-08-28,2025-08-28,23300.00,PE,NIFTY25AUG23300PE,26.60,29.15,19.35,21.25,21.00,27.95,25090.70,21.25,142875,25650,1025,1792990500.00,436,F1,75,,,,,
2025-07-21,2025-07-21,FO,NSE,IDO,71943,,NIFTY,,2025-08-28,2025-08-28,24200.00,PE,NIFTY25AUG24200PE,93.75,101.50,66.30,70.30,67.00,92.30,25090.70,70.30,441525,-5100,5165,9405387645.00,3322,F1,75,,,,,
2025-07-21,2025-07-21,FO,NSE,IDO,71963,,NIFTY,,2025-08-28,2025-08-28,24700.00,PE,NIFTY25AUG24700PE,191.85,219.95,146.20,153.90,146.20,195.75,25090.70,153.90,299700,110850,3841,7164827741.25,2710,F1,75,,,,,
2025-07-21,2025-07-21,FO,NSE,IDO,72095,,NIFTY,,2025-08-28,2025-08-28,25650.00,PE,NIFTY25AUG25650PE,717.55,717.55,595.20,600.75,600.75,646.40,25090.70,756.00,11325,1200,40,78791883.75,28,F1,75,,,,,
2025-07-21,2025-07-21,FO,NSE,IDO,72101,,NIFTY,,2025-08-28,2025-08-28,25800.00,PE,NIFTY25AUG25800PE,788.00,845.40,675.40,686.35,675.40,764.15,25090.70,686.35,78075,-1425,102,203150486.25,76,F1,75,,,,,
2025-07-21,2025-07-21,FO,NSE,IDO,72119,,NIFTY,,2025-08-28,2025-08-28,26200.00,PE,NIFTY25AUG26200PE,1133.95,1133.95,1000.00,1003.60,1002.50,1082.40,25090.70,1003.60,13575,750,62,126757368.75,34,F1,75,,,,,
2025-07-21,2025-07-21,FO,NSE,IDO,60383,,NIFTY,,2025-09-25,2025-09-25,24150.00,PE,NIFTY25SEP24150PE,164.90,166.45,126.85,128.20,126.85,164.35,25090.70,128.20,14100,0,21,38264681.25,16,F1,75,,,,,
2025-07-21,2025-07-21,FO,NSE,IDO,60440,,NIFTY,,2025-09-25,2025-09-25,24400.00,PE,NIFTY25SEP24400PE,215.35,224.65,167.80,170.75,167.85,207.25,25090.70,170.75,171375,-83175,2249,4151476680.00,724,F1,75,,,,,
2025-07-21,2025-07-21,FO,NSE,IDO,60452,,NIFTY,,2025-09-25,2025-09-25,24550.00,PE,NIFTY25SEP24550PE,246.50,260.45,246.50,253.20,253.20,243.65,25090.70,356.90,4650,-225,11,20463742.50,5,F1,75,,,,,
2025-07-21,2025-07-21,FO,NSE,IDO,60492,,NIFTY,,2025-09-25,2025-09-25,25300.00,PE,NIFTY25SEP25300PE,540.00,555.00,444.95,450.45,446.00,510.05,25090.70,450.45,27525,2850,96,185585355.00,57,F1,75,,,,,
2025-07-21,2025-07-21,FO,NSE,IDO,60502,,NIFTY,,2025-09-25,2025-09-25,25550.00,PE,NIFTY25SEP25550PE,597.00,610.00,576.45,576.45,576.45,649.70,25090.70,576.45,4125,-75,3,5882508.75,3,F1,75,,,,,
2025-07-21,2025-07-21,FO,NSE,IDO,60551,,NIFTY,,2025-09-25,2025-09-25,26050.00,PE,NIFTY25SEP26050PE,0.00,0.00,0.00,809.80,809.80,809.80,25090.70,1095.20,375,0,0,0.00,0,F1,75,,,,,
2025-07-21,2025-07-21,FO,NSE,IDO,60592,,NIFTY,,2025-09-25,2025-09-25,26550.00,PE,NIFTY25SEP26550PE,0.00,0.00,0.00,1155.20,1155.05,1155.20,25090.70,1446.85,450,0,0,0.00,0,F1,75,,,,,
2025-07-21,2025-07-21,FO,NSE,IDO,60598,,NIFTY,,2025-09-25,2025-09-25,26700.00,PE,NIFTY25SEP26700PE,0.00,0.00,0.00,1275.15,1275.15,1275.15,25090.70,1559.75,2925,0,0,0.00,0,F1,75,,,,,
2025-07-21,2025-07-21,FO,NSE,IDO,60610,,NIFTY,,2025-09-25,2025-09-25,27050.00,PE,NIFTY25SEP27050PE,0.00,0.00,0.00,1566.85,1566.85,1566.85,25090.70,1838.50,150,0,0,0.00,0,F1,75,,,,,
2025-07-21,2025-07-21,FO,NSE,IDO,60618,,NIFTY,,2025-09-25,2025-09-25,27200.00,PE,NIFTY25SEP27200PE,0.00,0.00,0.00,1698.00,1698.00,1698.00,25090.70,1963.10,150,0,0,0.00,0,F1,75,,,,,
2025-07-21,2025-07-21,FO,NSE,IDO,60620,,NIFTY,,2025-09-25,2025-09-25,27250.00,PE,NIFTY25SEP27250PE,0.00,0.00,0.00,1742.75,1742.75,1742.75,25090.70,2005.25,150,0,0,0.00,0,F1,75,,,,,
2025-07-21,2025-07-21,FO,NSE,IDO,60624,,NIFTY,,2025-09-25,2025-09-25,27350.00,PE,NIFTY25SEP27350PE,0.00,0.00,0.00,1833.15,1833.15,1833.15,25090.70,2090.45,150,0,0,0.00,0,F1,75,,,,,
2025-07-21,2025-07-21,FO,NSE,IDO,49180,,NIFTY,,2025-12-24,2025-12-24,16500.00,PE,NIFTY25DEC16500PE,0.00,0.00,0.00,13.35,13.35,13.35,25090.70,0.05,3075,0,0,0.00,0,F1,75,,,,,
2025-07-21,2025-07-21,FO,NSE,IDO,55122,,NIFTY,,2025-12-24,2025-12-24,18000.00,PE,NIFTY25DEC18000PE,20.80,20.90,19.00,19.90,20.25,20.30,25090.70,19.90,107700,-1500,75,101361810.00,36,F1,75,,,,,
2025-07-21,2025-07-21,FO,NSE,IDO,39988,,NIFTY,,2025-12-24,2025-12-24,19000.00,PE,NIFTY25DEC19000PE,24.50,26.20,24.05,24.95,24.95,24.65,25090.70,24.95,155375,-450,143,204047193.75,55,F1,75,,,,,
2025-07-21,2025-07-21,FO,NSE,IDO,71398,,NIFTY,,2025-12-24,2025-12-24,25000.00,PE,NIFTY25DEC25000PE,514.95,533.45,453.95,460.15,456.00,506.35,25090.70,460.15,2417800,12000,3425,6547351372.50,1943,F1,75,,,,,
2025-07-21,2025-07-21,FO,NSE,IDO,38153,,NIFTY,,2025-12-24,2025-12-24,29000.00,PE,NIFTY25DEC29000PE,3201.00,3201.00,3109.75,3109.75,3109.75,3200.95,25090.70,3109.75,156225,-150,15,36181893.75,15,F1,75,,,,,
2025-07-21,2025-07-21,FO,NSE,IDO,38380,,NIFTY,,2026-06-25,2026-06-25,20000.00,PE,NIFTY26JUN20000PE,0.00,0.00,0.00,3159.75,0.00,3159.75,25090.70,50.35,0,0,0,0.00,0,F1,75,,,,,
2025-07-21,2025-07-21,FO,NSE,IDO,71473,,NIFTY,,2026-06-25,2026-06-25,24000.00,PE,NIFTY26JUN24000PE,406.55,434.25,406.05,415.00,415.00,432.05,25090.70,415.00,45000,150,6,10987338.75,6,F1,75,,,,,
2025-07-21,2025-07-21,FO,NSE,IDO,58639,,NIFTY,,2026-12-31,2026-12-31,17000.00,PE,NIFTY26DEC17000PE,0.00,0.00,0.00,97.05,97.05,97.05,25090.70,10.05,2850,0,0,0.00,0,F1,75,,,,,
2025-07-21,2025-07-21,FO,NSE,IDO,71502,,NIFTY,,2026-12-31,2026-12-31,24000.00,PE,NIFTY26DEC24000PE,655.05,655.05,615.00,621.05,615.00,643.00,25090.70,621.05,24750,-300,12,22172550.00,12,F1,75,,,,,
2025-07-21,2025-07-21,FO,NSE,IDO,71506,,NIFTY,,2026-12-31,2026-12-31,26000.00,PE,NIFTY26DEC26000PE,1198.00,1210.00,1161.15,1168.70,1161.15,1198.50,25090.70,1168.70,46200,600,29,59126801.25,29,F1,75,,,,,
2025-07-21,2025-07-21,FO,NSE,IDO,35263,,NIFTY,,2027-06-24,2027-06-24,30000.00,PE,NIFTY27JUN30000PE,0.00,0.00,0.00,4562.55,0.00,4562.55,25090.70,3225.65,0,0,0,0.00,0,F1,75,,,,,
2025-07-21,2025-07-21,FO,NSE,IDO,53627,,NIFTY,,2027-12-30,2027-12-30,25000.00,PE,NIFTY27DEC25000PE,0.00,0.00,0.00,1000.00,1000.00,1000.00,25090.70,1012.25,225,0,0,0.00,0,F1,75,,,,,
2025-07-21,2025-07-21,FO,NSE,IDO,46998,,NIFTY,,2025-08-21,2025-08-21,23500.00,CE,NIFTY2582123500CE,0.00,0.00,0.00,1791.65,0.00,1791.65,25090.70,1747.85,0,0,0,0.00,0,F1,75,,,,,
2025-07-21,2025-07-21,FO,NSE,IDO,44643,,NIFTY,,2025-08-14,2025-08-14,27100.00,CE,NIFTY2581427100CE,5.20,5.45,4.45,4.90,4.90,5.25,25090.70,4.90,30075,3300,126,256141717.50,66,F1,75,,,,,
2025-07-21,2025-07-21,FO,NSE,IDO,44576,,NIFTY,,2025-08-14,2025-08-14,26050.00,CE,NIFTY2581426050CE,0.00,0.00,0.00,297.40,0.00,297.40,25090.70,129.60,0,0,0,0.00,0,F1,75,,,,,
2025-07-21,2025-07-21,FO,NSE,IDO,44530,,NIFTY,,2025-08-14,2025-08-14,25250.00,CE,NIFTY2581425250CE,202.90,244.15,177.65,215.30,215.30,216.20,25090.70,392.20,2700,-225,43,82132158.75,36,F1,75,,,,,
2025-07-21,2025-07-21,FO,NSE,IDO,44508,,NIFTY,,2025-08-14,2025-08-14,24900.00,CE,NIFTY2581424900CE,345.00,442.45,326.15,435.00,440.85,396.95,25090.70,435.00,1800,-300,72,136612665.00,53,F1,75,,,,,
2025-07-21,2025-07-21,FO,NSE,IDO,44464,,NIFTY,,2025-08-14,2025-08-14,24350.00,CE,NIFTY2581424350CE,0.00,0.00,0.00,1274.70,0.00,1274.70,25090.70,960.05,0,0,0,0.00,0,F1,75,,,,,
2025-07-21,2025-07-21,FO,NSE,IDO,44402,,NIFTY,,2025-08-14,2025-08-14,23600.00,CE,NIFTY2581423600CE,0.00,0.00,0.00,1928.65,0.00,1928.65,25090.70,1610.20,0,0,0,0.00,0,F1,75,,,,,
2025-07-21,2025-07-21,FO,NSE,IDO,40017,,NIFTY,,2025-08-07,2025-08-07,26600.00,CE,NIFTY2580726600CE,0.00,0.00,0.00,170.20,0.00,170.20,25090.70,22.85,0,0,0,0.00,0,F1,75,,,,,
2025-07-21,2025-07-21,FO,NSE,IDO,40013,,NIFTY,,2025-08-07,2025-08-07,26550.00,CE,NIFTY2580726550CE,6.60,6.80,5.45,5.45,5.45,181.05,25090.70,25.80,4125,4125,89,177262327.50,24,F1,75,,,,,
2025-07-21,2025-07-21,FO,NSE,IDO,39925,,NIFTY,,2025-08-07,2025-08-07,25800.00,CE,NIFTY2580725800CE,34.15,42.85,25.15,36.15,35.40,37.30,25090.70,36.15,109950,28275,5616,10882019250.00,4574,F1,75,,,,,
2025-07-21,2025-07-21,FO,NSE,IDO,39895,,NIFTY,,2025-08-07,2025-08-07,25500.00,CE,NIFTY2580725500CE,84.30,98.80,56.45,88.95,92.00,84.30,25090.70,88.95,257850,90975,9213,17675996966.25,6072,F1,75,,,,,
2025-07-21,2025-07-21,FO,NSE,IDO,86150,,NIFTY,,2028-06-29,2028-06-29,23000.00,PE,NIFTY28JUN23000PE,0.00,0.00,0.00,1399.25,0.00,1399.25,25090.70,568.50,0,0,0,0.00,0,F1,75,,,,,
2025-07-21,2025-07-21,FO,NSE,IDO,89627,,NIFTY,,2029-06-28,2029-06-28,22000.00,PE,NIFTY29JUN22000PE,0.00,0.00,0.00,422.00,0.00,422.00,25090.70,427.50,0,0,0,0.00,0,F1,75,,,,,
2025-07-21,2025-07-21,FO,NSE,IDO,60899,,NIFTY,,2030-06-25,2030-06-25,21000.00,PE,NIFTY30JUN21000PE,0.00,0.00,0.00,321.30,0.00,321.30,25090.70,316.65,0,0,0,0.00,0,F1,75,,,,,
2025-07-21,2025-07-21,FO,NSE,IDO,60939,,NIFTY,,2030-06-25,2030-06-25,30000.00,PE,NIFTY30JUN30000PE,0.00,0.00,0.00,2100.85,0.00,2100.85,25090.70,2169.60,0,0,0,0.00,0,F1,75,,,,,
2025-07-21,2025-07-21,FO,NSE,IDO,39864,,NIFTY,,2025-08-07,2025-08-07,24950.00,CE,NIFTY2580724950CE,277.25,354.40,234.35,345.90,347.00,311.80,25090.70,345.90,13200,6000,569,1077829638.75,328,F1,75,,,,,
2025-07-21,2025-07-21,FO,NSE,IDO,39831,,NIFTY,,2025-08-07,2025-08-07,24500.00,CE,NIFTY2580724500CE,600.00,708.15,549.95,700.20,705.00,637.55,25090.70,700.20,12825,2550,126,237494355.00,87,F1,75,,,,,
2025-07-21,2025-07-21,FO,NSE,IDO,39804,,NIFTY,,2025-08-07,2025-08-07,24400.00,CE,NIFTY2580724400CE,760.00,760.00,756.55,760.00,760.00,707.60,25090.70,852.15,150,75,3,5660741.25,3,F1,75,,,,,
2025-07-21,2025-07-21,FO,NSE,IDO,39738,,NIFTY,,2025-08-07,2025-08-07,23950.00,CE,NIFTY2580723950CE,0.00,0.00,0.00,1660.45,0.00,1660.45,25090.70,1239.80,0,0,0,0.00,0,F1,75,,,,,
