TradDt,BizDt,Sgmt,Src,FinInstrmTp,FinInstrmId,ISIN,TckrSymb,SctySrs,XpryDt,FininstrmActlXpryDt,StrkPric,OptnTp,FinInstrmNm,OpnPric,HghPric,LwPric,ClsPric,LastPric,PrvsClsgPric,UndrlygPric,SttlmPric,OpnIntrst,ChngInOpnIntrst,TtlTradgVol,TtlTrfVal,TtlNbOfTxsExctd,SsnId,NewBrdLotQty,Rmks,Rsvd1,Rsvd2,Rsvd3,Rsvd4
2025-02-20,2025-02-20,FO,NSE,IDO,56866,,NIFTY,,2025-03-27,2025-03-27,25050.00,CE,NIFTY25MAR25050CE,14.95,14.95,11.40,11.60,11.40,13.70,22913.15,11.60,16275,-750,321,603379338.75,128,F1,75,,,,,
2025-02-20,2025-02-20,FO,NSE,IDO,59769,,NIFTY,,2025-03-27,2025-03-27,25950.00,CE,NIFTY25MAR25950CE,6.80,8.05,6.80,7.00,7.00,8.00,22913.15,0.60,5475,150,40,77871802.50,13,F1,75,,,,,
2025-02-20,2025-02-20,FO,NSE,IDO,64572,,NIFTY,,2025-03-27,2025-03-27,26000.00,CE,NIFTY25MAR26000CE,7.70,8.35,7.05,7.50,7.40,8.30,22913.15,7.50,1754025,-6850,6412,12507035047.50,2446,F1,75,,,,,
2025-02-20,2025-02-20,FO,NSE,IDO,79258,,NIFTY,,2025-04-24,2025-04-24,21550.00,CE,NIFTY25APR21550CE,0.00,0.00,0.00,2155.35,0.00,2155.35,22913.15,1657.70,0,0,0,0.00,0,F1,75,,,,,
2025-02-20,2025-02-20,FO,NSE,IDO,79270,,NIFTY,,2025-04-24,2025-04-24,21850.00,CE,NIFTY25APR21850CE,0.00,0.00,0.00,1902.55,0.00,1902.55,22913.15,1397.75,0,0,0,0.00,0,F1,75,,,,,
2025-02-20,2025-02-20,FO,NSE,IDO,79509,,NIFTY,,2025-04-24,2025-04-24,23700.00,CE,NIFTY25APR23700CE,314.45,314.45,292.80,296.95,296.10,324.25,22913.15,296.95,18900,2325,72,129602317.50,21,F1,75,,,,,
2025-02-20,2025-02-20,FO,NSE,IDO,79513,,NIFTY,,2025-04-24,2025-04-24,23800.00,CE,NIFTY25APR23800CE,268.00,275.00,260.20,261.25,260.20,287.50,22913.15,261.25,22800,4200,158,285167512.50,86,F1,75,,,,,
2025-02-20,2025-02-20,FO,NSE,IDO,79725,,NIFTY,,2025-04-24,2025-04-24,25000.00,CE,NIFTY25APR25000CE,48.80,49.10,41.15,41.55,41.85,49.80,22913.15,41.55,327225,87600,3039,5708380158.75,1704,F1,75,,,,,
2025-02-20,2025-02-20,FO,NSE,IDO,79737,,NIFTY,,2025-04-24,2025-04-24,25250.00,CE,NIFTY25APR25250CE,0.00,0.00,0.00,36.90,36.90,36.90,22913.15,34.25,6000,0,0,0.00,0,F1,75,,,,,
2025-02-20,2025-02-20,FO,NSE,IDO,79739,,NIFTY,,2025-04-24,2025-04-24,25300.00,CE,NIFTY25APR25300CE,28.50,29.90,27.00,28.40,28.45,31.75,22913.15,28.40,3000,-300,28,53189190.00,10,F1,75,,,,,
2025-02-20,2025-02-20,FO,NSE,IDO,71381,,NIFTY,,2025-06-26,2025-06-26,25000.00,CE,NIFTY25JUN25000CE,190.00,201.20,190.00,193.10,195.00,201.90,22913.15,193.10,731725,5625,1994,3767880566.25,1334,F1,75,,,,,
2025-02-20,2025-02-20,FO,NSE,IDO,35219,,NIFTY,,2025-06-26,2025-06-26,30000.00,CE,NIFTY25JUN30000CE,12.05,12.90,11.20,12.10,12.10,12.00,22913.15,12.10,23925,900,28,63025158.75,24,F1,75,,,,,
2025-02-20,2025-02-20,FO,NSE,IDO,64686,,NIFTY,,2025-09-25,2025-09-25,21000.00,CE,NIFTY25SEP21000CE,0.00,0.00,0.00,6742.10,0.00,6742.10,22913.15,2826.35,0,0,0,0.00,0,F1,75,,,,,
2025-02-20,2025-02-20,FO,NSE,IDO,64694,,NIFTY,,2025-09-25,2025-09-25,25000.00,CE,NIFTY25SEP25000CE,480.05,529.95,464.00,470.50,464.00,481.95,22913.15,470.50,22875,1200,76,145215255.00,67,F1,75,,,,,
2025-02-20,2025-02-20,FO,NSE,IDO,55121,,NIFTY,,2025-12-24,2025-12-24,18000.00,CE,NIFTY25DEC18000CE,0.00,0.00,0.00,5700.00,5700.00,5700.00,22913.15,5876.90,9375,0,0,0.00,0,F1,75,,,,,
2025-02-20,2025-02-20,FO,NSE,IDO,38376,,NIFTY,,2025-12-24,2025-12-24,20000.00,CE,NIFTY25DEC20000CE,4050.00,4050.00,3957.65,3970.75,3970.75,4053.95,22913.15,4041.65,33375,100,4,7196921.25,4,F1,75,,,,,
2025-02-20,2025-02-20,FO,NSE,IDO,58646,,NIFTY,,2026-12-31,2026-12-31,21000.00,CE,NIFTY26DEC21000CE,0.00,0.00,0.00,3356.25,0.00,3356.25,22913.15,4538.55,0,0,0,0.00,0,F1,75,,,,,
2025-02-20,2025-02-20,FO,NSE,IDO,71501,,NIFTY,,2026-12-31,2026-12-31,24000.00,CE,NIFTY26DEC24000CE,0.00,0.00,0.00,2667.50,2660.00,2667.50,22913.15,2553.00,675,0,0,0.00,0,F1,75,,,,,
2025-02-20,2025-02-20,FO,NSE,IDO,71556,,NIFTY,,2027-06-24,2027-06-24,22000.00,CE,NIFTY27JUN22000CE,0.00,0.00,0.00,2783.50,0.00,2783.50,22913.15,4405.65,0,0,0,0.00,0,F1,75,,,,,
2025-02-20,2025-02-20,FO,NSE,IDO,50981,,NIFTY,,2027-06-24,2027-06-24,27000.00,CE,NIFTY27JUN27000CE,0.00,0.00,0.00,1932.50,0.00,1932.50,22913.15,1733.00,0,0,0,0.00,0,F1,75,,,,,
2025-02-20,2025-02-20,FO,NSE,IDO,53624,,NIFTY,,2027-12-30,2027-12-30,24000.00,CE,NIFTY27DEC24000CE,0.00,0.00,0.00,3778.95,0.00,3778.95,22913.15,3763.80,0,0,0,0.00,0,F1,75,,,,,
2025-02-20,2025-02-20,FO,NSE,IDO,86145,,NIFTY,,2028-06-29,2028-06-29,21000.00,CE,NIFTY28JUN21000CE,0.00,0.00,0.00,5226.55,0.00,5226.55,22913.15,6269.10,0,0,0,0.00,0,F1,75,,,,,
2025-02-20,2025-02-20,FO,NSE,IDO,89612,,NIFTY,,2029-06-28,2029-06-28,18000.00,CE,NIFTY29JUN18000CE,0.00,0.00,0.00,11678.65,0.00,11678.65,22913.15,9404.75,0,0,0,0.00,0,F1,75,,,,,
2025-02-20,2025-02-20,FO,NSE,IDO,63095,,NIFTY,,2025-02-20,2025-02-20,21200.00,PE,NIFTY2522021200PE,0.25,0.25,0.05,0.05,0.05,0.25,22913.15,22913.15,879525,-244800,31430,49973946487.50,4187,F1,75,,,,,
2025-02-20,2025-02-20,FO,NSE,IDO,63235,,NIFTY,,2025-02-20,2025-02-20,21600.00,PE,NIFTY2522021600PE,0.30,0.35,0.05,0.10,0.05,0.40,22913.15,22913.15,989400,-72900,77422,125424935313.75,16059,F1,75,,,,,
2025-02-20,2025-02-20,FO,NSE,IDO,63523,,NIFTY,,2025-02-20,2025-02-20,22900.00,PE,NIFTY2522022900PE,90.00,122.00,0.05,0.85,0.05,65.10,22913.15,22913.15,20918175,16488600,19261824,33112188118597.50,5954763,F1,75,,,,,
2025-02-20,2025-02-20,FO,NSE,IDO,63643,,NIFTY,,2025-02-20,2025-02-20,23650.00,PE,NIFTY2522023650PE,778.85,803.35,728.80,737.95,736.15,716.90,22913.15,22913.15,25650,-1575,137,250714841.25,96,F1,75,,,,,
2025-02-20,2025-02-20,FO,NSE,IDO,63675,,NIFTY,,2025-02-20,2025-02-20,23850.00,PE,NIFTY2522023850PE,950.85,1004.45,925.35,936.75,937.35,950.85,22913.15,22913.15,7500,-11775,330,613906312.50,205,F1,75,,,,,
2025-02-20,2025-02-20,FO,NSE,IDO,63693,,NIFTY,,2025-02-20,2025-02-20,24250.00,PE,NIFTY2522024250PE,0.00,0.00,0.00,1349.50,1349.50,1349.50,22913.15,22913.15,450,0,0,0.00,0,F1,75,,,,,
2025-02-20,2025-02-20,FO,NSE,IDO,63701,,NIFTY,,2025-02-20,2025-02-20,24350.00,PE,NIFTY2522024350PE,1435.00,1444.00,1435.00,1438.75,1438.45,1278.05,22913.15,22913.15,1050,-1950,44,85104063.75,27,F1,75,,,,,
2025-02-20,2025-02-20,FO,NSE,IDO,63716,,NIFTY,,2025-02-20,2025-02-20,24450.00,PE,NIFTY2522024450PE,1550.00,1550.00,1506.35,1536.10,1536.25,1546.60,22913.15,22913.15,11850,10875,165,321454923.75,46,F1,75,,,,,
2025-02-20,2025-02-20,FO,NSE,IDO,63732,,NIFTY,,2025-02-20,2025-02-20,24650.00,PE,NIFTY2522024650PE,0.00,0.00,0.00,1272.85,0.00,1272.85,22913.15,22913.15,0,0,0,0.00,0,F1,75,,,,,
2025-02-20,2025-02-20,FO,NSE,IDO,55576,,NIFTY,,2025-02-27,2025-02-27,21500.00,PE,NIFTY25FEB21500PE,2.50,2.85,1.60,1.85,1.70,2.60,22913.15,1.85,4689300,1402425,139798,225447025252.50,31768,F1,75,,,,,
2025-02-20,2025-02-20,FO,NSE,IDO,55606,,NIFTY,,2025-02-27,2025-02-27,22150.00,PE,NIFTY25FEB22150PE,19.00,19.20,8.25,8.75,9.90,15.80,22913.15,8.75,615825,334125,35383,58810695915.00,15542,F1,75,,,,,
2025-02-20,2025-02-20,FO,NSE,IDO,55612,,NIFTY,,2025-02-27,2025-02-27,22300.00,PE,NIFTY25FEB22300PE,35.05,35.05,14.75,15.65,17.00,26.15,22913.15,15.65,4783500,3433650,251386,420822657926.25,97639,F1,75,,,,,
2025-02-20,2025-02-20,FO,NSE,IDO,55618,,NIFTY,,2025-02-27,2025-02-27,22450.00,PE,NIFTY25FEB22450PE,51.05,53.75,27.30,28.75,29.85,42.55,22913.15,28.75,505875,202875,47999,80948053608.75,24928,F1,75,,,,,
2025-02-20,2025-02-20,FO,NSE,IDO,55620,,NIFTY,,2025-02-27,2025-02-27,22500.00,PE,NIFTY25FEB22500PE,63.50,68.40,33.35,35.00,37.50,50.10,22913.15,35.00,5501925,1059675,216454,365970819697.50,91138,F1,75,,,,,
2025-02-20,2025-02-20,FO,NSE,IDO,56738,,NIFTY,,2025-02-27,2025-02-27,23450.00,PE,NIFTY25FEB23450PE,570.45,607.75,520.05,528.65,531.00,519.40,22913.15,528.65,80400,-8175,208,374197233.75,119,F1,75,,,,,
2025-02-20,2025-02-20,FO,NSE,IDO,57622,,NIFTY,,2025-02-27,2025-02-27,24500.00,PE,NIFTY25FEB24500PE,1590.00,1634.15,1539.40,1551.65,1559.55,1535.35,22913.15,1551.65,943275,1125,960,1876798181.25,650,F1,75,,,,,
2025-02-20,2025-02-20,FO,NSE,IDO,57626,,NIFTY,,2025-02-27,2025-02-27,24600.00,PE,NIFTY25FEB24600PE,1698.00,1735.95,1646.05,1655.00,1655.00,1629.00,22913.15,1655.00,84675,7950,120,236511408.75,34,F1,75,,,,,
2025-02-20,2025-02-20,FO,NSE,IDO,57634,,NIFTY,,2025-02-27,2025-02-27,24800.00,PE,NIFTY25FEB24800PE,1904.00,1904.00,1852.95,1855.25,1858.75,1844.25,22913.15,1855.25,39225,300,23,45986842.50,16,F1,75,,,,,
2025-02-20,2025-02-20,FO,NSE,IDO,57670,,NIFTY,,2025-02-27,2025-02-27,25650.00,PE,NIFTY25FEB25650PE,2730.00,2730.00,2730.00,2730.00,2730.00,2604.30,22913.15,2704.90,225,0,1,2128500.00,1,F1,75,,,,,
2025-02-20,2025-02-20,FO,NSE,IDO,57678,,NIFTY,,2025-02-27,2025-02-27,25850.00,PE,NIFTY25FEB25850PE,0.00,0.00,0.00,2812.65,2813.80,2812.65,22913.15,2904.65,225,0,0,0.00,0,F1,75,,,,,
2025-02-20,2025-02-20,FO,NSE,IDO,68394,,NIFTY,,2025-03-06,2025-03-06,21450.00,PE,NIFTY2530621450PE,11.25,11.25,4.70,6.35,6.40,9.40,22913.15,6.35,7500,-1500,52,83678568.75,20,F1,75,,,,,
2025-02-20,2025-02-20,FO,NSE,IDO,68420,,NIFTY,,2025-03-06,2025-03-06,22050.00,PE,NIFTY2530622050PE,39.55,39.60,24.95,25.45,26.30,35.60,22913.15,25.45,6975,1200,238,394086798.75,97,F1,75,,,,,
2025-02-20,2025-02-20,FO,NSE,IDO,68431,,NIFTY,,2025-03-06,2025-03-06,22300.00,PE,NIFTY2530622300PE,93.40,93.45,47.65,48.45,50.75,61.95,22913.15,48.45,130050,71925,4870,8165217011.25,2364,F1,75,,,,,
2025-02-20,2025-02-20,FO,NSE,IDO,68433,,NIFTY,,2025-03-06,2025-03-06,22350.00,PE,NIFTY2530622350PE,68.30,90.00,54.50,55.45,57.40,72.05,22913.15,55.45,26475,19575,1042,1751552910.00,528,F1,75,,,,,
2025-02-20,2025-02-20,FO,NSE,IDO,68453,,NIFTY,,2025-03-06,2025-03-06,22650.00,PE,NIFTY2530622650PE,146.15,157.35,113.45,114.75,115.40,133.75,22913.15,114.75,37875,19425,861,1470637721.25,605,F1,75,,,,,
2025-02-20,2025-02-20,FO,NSE,IDO,68461,,NIFTY,,2025-03-06,2025-03-06,22850.00,PE,NIFTY2530622850PE,224.85,235.20,176.55,179.55,186.55,198.10,22913.15,179.55,41775,26775,2214,3827459407.50,1359,F1,75,,,,,
2025-02-20,2025-02-20,FO,NSE,IDO,68613,,NIFTY,,2025-03-06,2025-03-06,24350.00,PE,NIFTY2530624350PE,0.00,0.00,0.00,1282.40,1282.30,1282.40,22913.15,1378.90,450,0,0,0.00,0,F1,75,,,,,
2025-02-20,2025-02-20,FO,NSE,IDO,68619,,NIFTY,,2025-03-06,2025-03-06,24500.00,PE,NIFTY2530624500PE,0.00,0.00,0.00,1523.40,1523.40,1523.40,22913.15,1527.20,750,0,0,0.00,0,F1,75,,,,,
2025-02-20,2025-02-20,FO,NSE,IDO,68634,,NIFTY,,2025-03-06,2025-03-06,24800.00,PE,NIFTY2530624800PE,0.00,0.00,0.00,1710.45,1710.55,1710.45,22913.15,1825.40,225,0,0,0.00,0,F1,75,,,,,
2025-02-20,2025-02-20,FO,NSE,IDO,68646,,NIFTY,,2025-03-06,2025-03-06,24900.00,PE,NIFTY2530624900PE,0.00,0.00,0.00,1812.30,1812.20,1812.30,22913.15,1925.00,300,0,0,0.00,0,F1,75,,,,,
2025-02-20,2025-02-20,FO,NSE,IDO,68871,,NIFTY,,2025-03-06,2025-03-06,25450.00,PE,NIFTY2530625450PE,0.00,0.00,0.00,2350.85,2350.85,2350.85,22913.15,2473.50,150,0,0,0.00,0,F1,75,,,,,
2025-02-20,2025-02-20,FO,NSE,IDO,45439,,NIFTY,,2025-03-13,2025-03-13,21950.00,PE,NIFTY2531321950PE,0.00,0.00,0.00,27.25,0.00,27.25,22913.15,22.80,0,0,0,0.00,0,F1,75,,,,,
2025-02-20,2025-02-20,FO,NSE,IDO,45592,,NIFTY,,2025-03-13,2025-03-13,24350.00,PE,NIFTY2531324350PE,0.00,0.00,0.00,820.60,0.00,820.60,22913.15,1357.00,0,0,0,0.00,0,F1,75,,,,,
2025-02-20,2025-02-20,FO,NSE,IDO,45609,,NIFTY,,2025-03-13,2025-03-13,24550.00,PE,NIFTY2531324550PE,0.00,0.00,0.00,965.00,0.00,965.00,22913.15,1550.90,0,0,0,0.00,0,F1,75,,,,,
2025-02-20,2025-02-20,FO,NSE,IDO,50126,,NIFTY,,2025-03-20,2025-03-20,21550.00,PE,NIFTY2532021550PE,0.00,0.00,0.00,34.95,0.00,34.95,22913.15,11.65,0,0,0,0.00,0,F1,75,,,,,
2025-02-20,2025-02-20,FO,NSE,IDO,50134,,NIFTY,,2025-03-20,2025-03-20,21700.00,PE,NIFTY2532021700PE,0.00,0.00,0.00,47.60,0.00,47.60,22913.15,18.55,0,0,0,0.00,0,F1,75,,,,,
2025-02-20,2025-02-20,FO,NSE,IDO,50140,,NIFTY,,2025-03-20,2025-03-20,21850.00,PE,NIFTY2532021850PE,0.00,0.00,0.00,63.75,0.00,63.75,22913.15,28.55,0,0,0,0.00,0,F1,75,,,,,
2025-02-20,2025-02-20,FO,NSE,IDO,50154,,NIFTY,,2025-03-20,2025-03-20,22050.00,PE,NIFTY2532022050PE,0.00,0.00,0.00,91.80,0.00,91.80,22913.15,48.55,0,0,0,0.00,0,F1,75,,,,,
2025-02-20,2025-02-20,FO,NSE,IDO,50195,,NIFTY,,2025-03-20,2025-03-20,22550.00,PE,NIFTY2532022550PE,0.00,0.00,0.00,203.55,0.00,203.55,22913.15,148.25,0,0,0,0.00,0,F1,75,,,,,
2025-02-20,2025-02-20,FO,NSE,IDO,50236,,NIFTY,,2025-03-20,2025-03-20,23300.00,PE,NIFTY2532023300PE,0.00,0.00,0.00,515.95,0.00,515.95,22913.15,491.45,0,0,0,0.00,0,F1,75,,,,,
2025-02-20,2025-02-20,FO,NSE,IDO,50250,,NIFTY,,2025-03-20,2025-03-20,23600.00,PE,NIFTY2532023600PE,0.00,0.00,0.00,693.95,0.00,693.95,22913.15,698.75,0,0,0,0.00,0,F1,75,,,,,
2025-02-20,2025-02-20,FO,NSE,IDO,50292,,NIFTY,,2025-03-20,2025-03-20,24350.00,PE,NIFTY2532024350PE,0.00,0.00,0.00,1254.00,0.00,1254.00,22913.15,1340.30,0,0,0,0.00,0,F1,75,,,,,
2025-02-20,2025-02-20,FO,NSE,IDO,46867,,NIFTY,,2025-03-27,2025-03-27,21300.00,PE,NIFTY25MAR21300PE,39.65,42.50,30.55,31.80,35.25,40.10,22913.15,31.80,109575,29100,1740,2784045956.25,811,F1,75,,,,,
2025-02-20,2025-02-20,FO,NSE,IDO,64563,,NIFTY,,2025-03-27,2025-03-27,22000.00,PE,NIFTY25MAR22000PE,114.05,115.00,87.20,88.55,89.10,103.50,22913.15,88.55,3882750,186400,26729,44294170597.50,12581,F1,75,,,,,
2025-02-20,2025-02-20,FO,NSE,IDO,47041,,NIFTY,,2025-03-27,2025-03-27,22750.00,PE,NIFTY25MAR22750PE,289.50,306.65,251.10,253.20,256.00,274.05,22913.15,253.20,45825,4050,387,668287432.50,278,F1,75,,,,,
2025-02-20,2025-02-20,FO,NSE,IDO,58792,,NIFTY,,2025-03-27,2025-03-27,25850.00,PE,NIFTY25MAR25850PE,0.00,0.00,0.00,1865.25,0.00,1865.25,22913.15,2777.05,0,0,0,0.00,0,F1,75,,,,,
2025-02-20,2025-02-20,FO,NSE,IDO,79238,,NIFTY,,2025-04-24,2025-04-24,21200.00,PE,NIFTY25APR21200PE,0.00,0.00,0.00,61.60,0.00,61.60,22913.15,27.60,0,0,0,0.00,0,F1,75,,,,,
2025-02-20,2025-02-20,FO,NSE,IDO,79250,,NIFTY,,2025-04-24,2025-04-24,21350.00,PE,NIFTY25APR21350PE,0.00,0.00,0.00,75.30,0.00,75.30,22913.15,37.20,0,0,0,0.00,0,F1,75,,,,,
2025-02-20,2025-02-20,FO,NSE,IDO,79381,,NIFTY,,2025-04-24,2025-04-24,22250.00,PE,NIFTY25APR22250PE,0.00,0.00,0.00,205.60,205.60,205.60,22913.15,167.25,3750,0,0,0.00,0,F1,75,,,,,
2025-02-20,2025-02-20,FO,NSE,IDO,79393,,NIFTY,,2025-04-24,2025-04-24,22500.00,PE,NIFTY25APR22500PE,272.05,286.60,247.05,249.75,252.80,261.10,22913.15,249.75,372450,6600,1626,2775710358.75,1197,F1,75,,,,,
2025-02-20,2025-02-20,FO,NSE,IDO,79445,,NIFTY,,2025-04-24,2025-04-24,23300.00,PE,NIFTY25APR23300PE,579.95,579.95,529.95,536.45,537.95,544.00,22913.15,536.45,12825,-1275,90,160975207.50,40,F1,75,,,,,
2025-02-20,2025-02-20,FO,NSE,IDO,79510,,NIFTY,,2025-04-24,2025-04-24,23700.00,PE,NIFTY25APR23700PE,750.00,750.00,750.00,750.00,750.00,771.05,22913.15,814.15,53475,0,1,1833750.00,1,F1,75,,,,,
2025-02-20,2025-02-20,FO,NSE,IDO,79639,,NIFTY,,2025-04-24,2025-04-24,24450.00,PE,NIFTY25APR24450PE,0.00,0.00,0.00,1194.60,0.00,1194.60,22913.15,1378.50,0,0,0,0.00,0,F1,75,,,,,
2025-02-20,2025-02-20,FO,NSE,IDO,79740,,NIFTY,,2025-04-24,2025-04-24,25300.00,PE,NIFTY25APR25300PE,0.00,0.00,0.00,1825.65,0.00,1825.65,22913.15,2136.10,0,0,0,0.00,0,F1,75,,,,,
2025-02-20,2025-02-20,FO,NSE,IDO,38151,,NIFTY,,2025-06-26,2025-06-26,29000.00,PE,NIFTY25JUN29000PE,0.00,0.00,0.00,6724.50,0.00,6724.50,22913.15,5445.30,0,0,0,0.00,0,F1,75,,,,,
2025-02-20,2025-02-20,FO,NSE,IDO,64699,,NIFTY,,2025-09-25,2025-09-25,27000.00,PE,NIFTY25SEP27000PE,0.00,0.00,0.00,1168.15,0.00,1168.15,22913.15,3197.15,0,0,0,0.00,0,F1,75,,,,,
2025-02-20,2025-02-20,FO,NSE,IDO,64701,,NIFTY,,2025-09-25,2025-09-25,28000.00,PE,NIFTY25SEP28000PE,0.00,0.00,0.00,1606.20,0.00,1606.20,22913.15,4087.85,0,0,0,0.00,0,F1,75,,,,,
2025-02-20,2025-02-20,FO,NSE,IDO,71394,,NIFTY,,2025-12-24,2025-12-24,24000.00,PE,NIFTY25DEC24000PE,1060.05,1121.75,1045.00,1057.65,1058.00,1034.45,22913.15,1057.65,928600,4450,563,1058839856.25,516,F1,75,,,,,
2025-02-20,2025-02-20,FO,NSE,IDO,50972,,NIFTY,,2025-12-24,2025-12-24,27000.00,PE,NIFTY25DEC27000PE,2778.35,2867.45,2778.35,2796.55,2802.40,2785.15,22913.15,2796.55,221725,7350,134,299820172.50,130,F1,75,,,,,
2025-02-20,2025-02-20,FO,NSE,IDO,50557,,NIFTY,,2026-06-25,2026-06-25,18000.00,PE,NIFTY26JUN18000PE,0.00,0.00,0.00,3088.05,0.00,3088.05,22913.15,17.75,0,0,0,0.00,0,F1,75,,,,,
2025-02-20,2025-02-20,FO,NSE,IDO,39990,,NIFTY,,2026-06-25,2026-06-25,19000.00,PE,NIFTY26JUN19000PE,0.00,0.00,0.00,160.05,160.05,160.05,22913.15,46.05,175,0,0,0.00,0,F1,75,,,,,
2025-02-20,2025-02-20,FO,NSE,IDO,37805,,NIFTY,,2026-06-25,2026-06-25,23000.00,PE,NIFTY26JUN23000PE,0.00,0.00,0.00,780.00,780.00,780.00,22913.15,626.90,7925,0,0,0.00,0,F1,75,,,,,
2025-02-20,2025-02-20,FO,NSE,IDO,71565,,NIFTY,,2027-06-24,2027-06-24,26000.00,PE,NIFTY27JUN26000PE,0.00,0.00,0.00,6202.20,0.00,6202.20,22913.15,1557.65,0,0,0,0.00,0,F1,75,,,,,
2025-02-20,2025-02-20,FO,NSE,IDO,53617,,NIFTY,,2027-12-30,2027-12-30,22000.00,PE,NIFTY27DEC22000PE,0.00,0.00,0.00,329.00,329.00,329.00,22913.15,377.15,25,0,0,0.00,0,F1,75,,,,,
2025-02-20,2025-02-20,FO,NSE,IDO,86148,,NIFTY,,2028-06-29,2028-06-29,22000.00,PE,NIFTY28JUN22000PE,0.00,0.00,0.00,520.05,520.05,520.05,22913.15,361.30,100,0,0,0.00,0,F1,75,,,,,
2025-02-20,2025-02-20,FO,NSE,IDO,67781,,NIFTY,,2028-12-28,2028-12-28,23000.00,PE,NIFTY28DEC23000PE,0.00,0.00,0.00,875.00,875.00,875.00,22913.15,486.75,3675,0,0,0.00,0,F1,75,,,,,
2025-02-20,2025-02-20,FO,NSE,IDO,67787,,NIFTY,,2028-12-28,2028-12-28,26000.00,PE,NIFTY28DEC26000PE,0.00,0.00,0.00,1160.95,0.00,1160.95,22913.15,1151.25,0,0,0,0.00,0,F1,75,,,,,
2025-02-20,2025-02-20,FO,NSE,IDO,89623,,NIFTY,,2029-06-28,2029-06-28,20000.00,PE,NIFTY29JUN20000PE,0.00,0.00,0.00,236.95,0.00,236.95,22913.15,147.10,0,0,0,0.00,0,F1,75,,,,,
2025-02-20,2025-02-20,FO,NSE,IDO,45490,,NIFTY,,2025-03-13,2025-03-13,23050.00,CE,NIFTY2531323050CE,285.65,315.30,281.40,287.70,287.00,338.65,22913.15,287.70,1125,750,41,71786613.75,20,F1,75,,,,,
2025-02-20,2025-02-20,FO,NSE,IDO,45433,,NIFTY,,2025-03-13,2025-03-13,21850.00,CE,NIFTY2531321850CE,0.00,0.00,0.00,1927.25,0.00,1927.25,22913.15,1161.05,0,0,0,0.00,0,F1,75,,,,,
2025-02-20,2025-02-20,FO,NSE,IDO,45423,,NIFTY,,2025-03-13,2025-03-13,21650.00,CE,NIFTY2531321650CE,0.00,0.00,0.00,2117.75,0.00,2117.75,22913.15,1351.95,0,0,0,0.00,0,F1,75,,,,,
2025-02-20,2025-02-20,FO,NSE,IDO,68664,,NIFTY,,2025-03-06,2025-03-06,25100.00,CE,NIFTY2530625100CE,3.10,3.65,2.10,2.15,2.15,2.50,22913.15,2.15,13950,5850,172,323819925.00,34,F1,75,,,,,
2025-02-20,2025-02-20,FO,NSE,IDO,50202,,NIFTY,,2025-03-20,2025-03-20,22650.00,PE,NIFTY2532022650PE,0.00,0.00,0.00,234.50,0.00,234.50,22913.15,179.30,0,0,0,0.00,0,F1,75,,,,,
2025-02-20,2025-02-20,FO,NSE,IDO,45661,,NIFTY,,2025-03-13,2025-03-13,25350.00,PE,NIFTY2531325350PE,0.00,0.00,0.00,1627.85,0.00,1627.85,22913.15,2342.45,0,0,0,0.00,0,F1,75,,,,,
2025-02-20,2025-02-20,FO,NSE,IDO,45654,,NIFTY,,2025-03-13,2025-03-13,25300.00,PE,NIFTY2531325300PE,0.00,0.00,0.00,1583.10,0.00,1583.10,22913.15,2292.70,0,0,0,0.00,0,F1,75,,,,,
2025-02-20,2025-02-20,FO,NSE,IDO,45620,,NIFTY,,2025-03-13,2025-03-13,24800.00,PE,NIFTY2531324800PE,0.00,0.00,0.00,1157.75,0.00,1157.75,22913.15,1796.60,0,0,0,0.00,0,F1,75,,,,,
2025-02-20,2025-02-20,FO,NSE,IDO,45585,,NIFTY,,2025-03-13,2025-03-13,24250.00,PE,NIFTY2531324250PE,0.00,0.00,0.00,753.10,0.00,753.10,22913.15,1261.50,0,0,0,0.00,0,F1,75,,,,,
2025-02-20,2025-02-20,FO,NSE,IDO,45526,,NIFTY,,2025-03-13,2025-03-13,23450.00,PE,NIFTY2531323450PE,0.00,0.00,0.00,327.30,0.00,327.30,22913.15,572.15,0,0,0,0.00,0,F1,75,,,,,
2025-02-20,2025-02-20,FO,NSE,IDO,45503,,NIFTY,,2025-03-13,2025-03-13,23100.00,PE,NIFTY2531323100PE,395.35,395.35,325.40,330.00,329.95,347.50,22913.15,330.00,3450,1800,39,68561838.75,11,F1,75,,,,,
2025-02-20,2025-02-20,FO,NSE,IDO,45459,,NIFTY,,2025-03-13,2025-03-13,22300.00,PE,NIFTY2531322300PE,108.00,110.00,77.40,80.45,80.95,95.75,22913.15,80.45,7050,675,43,72216772.50,34,F1,75,,,,,
2025-02-20,2025-02-20,FO,NSE,IDO,45411,,NIFTY,,2025-03-13,2025-03-13,21400.00,PE,NIFTY2531321400PE,18.00,20.00,13.75,13.75,13.75,16.90,22913.15,2.90,2025,975,15,24094743.75,9,F1,75,,,,,
2025-02-20,2025-02-20,FO,NSE,IDO,45399,,NIFTY,,2025-03-13,2025-03-13,21200.00,PE,NIFTY2531321200PE,13.30,14.65,9.00,9.45,9.90,12.05,22913.15,9.45,31725,3300,183,291108011.25,67,F1,75,,,,,
2025-02-20,2025-02-20,FO,NSE,IDO,68869,,NIFTY,,2025-03-06,2025-03-06,25400.00,PE,NIFTY2530625400PE,0.00,0.00,0.00,2300.05,2300.05,2300.05,22913.15,2423.60,75,0,0,0.00,0,F1,75,,,,,
2025-02-20,2025-02-20,FO,NSE,IDO,68632,,NIFTY,,2025-03-06,2025-03-06,24750.00,PE,NIFTY2530624750PE,0.00,0.00,0.00,1709.00,1709.00,1709.00,22913.15,1775.60,600,0,0,0.00,0,F1,75,,,,,
2025-02-20,2025-02-20,FO,NSE,IDO,68603,,NIFTY,,2025-03-06,2025-03-06,24200.00,PE,NIFTY2530624200PE,0.00,0.00,0.00,1136.00,1137.30,1136.00,22913.15,1231.80,225,0,0,0.00,0,F1,75,,,,,
2025-02-20,2025-02-20,FO,NSE,IDO,68599,,NIFTY,,2025-03-06,2025-03-06,24100.00,PE,NIFTY2530624100PE,0.00,0.00,0.00,1042.55,1040.15,1042.55,22913.15,1134.70,450,0,0,0.00,0,F1,75,,,,,
2025-02-20,2025-02-20,FO,NSE,IDO,68469,,NIFTY,,2025-03-06,2025-03-06,23000.00,PE,NIFTY2530623000PE,298.80,310.00,238.55,243.00,247.00,259.85,22913.15,243.00,915225,364275,15847,27643264728.75,10672,F1,75,,,,,
2025-02-20,2025-02-20,FO,NSE,IDO,68427,,NIFTY,,2025-03-06,2025-03-06,22200.00,PE,NIFTY2530622200PE,50.35,58.70,37.15,37.95,39.50,49.60,22913.15,37.95,139200,67650,5295,8833197045.00,2859,F1,75,,,,,
2025-02-20,2025-02-20,FO,NSE,IDO,68416,,NIFTY,,2025-03-06,2025-03-06,21950.00,PE,NIFTY2530621950PE,30.60,30.60,19.30,19.65,19.75,27.20,22913.15,19.65,14175,6975,332,547131345.00,188,F1,75,,,,,
2025-02-20,2025-02-20,FO,NSE,IDO,68412,,NIFTY,,2025-03-06,2025-03-06,21850.00,PE,NIFTY2530621850PE,21.70,23.50,14.20,14.70,15.35,21.50,22913.15,14.70,44775,38925,1210,1984632933.75,380,F1,75,,,,,
2025-02-20,2025-02-20,FO,NSE,IDO,68402,,NIFTY,,2025-03-06,2025-03-06,21650.00,PE,NIFTY2530621650PE,14.30,15.20,8.25,9.25,9.10,13.00,22913.15,9.25,5100,975,129,209558167.50,55,F1,75,,,,,
2025-02-20,2025-02-20,FO,NSE,IDO,68396,,NIFTY,,2025-03-06,2025-03-06,21500.00,PE,NIFTY2530621500PE,13.45,13.45,6.60,7.00,7.10,9.75,22913.15,7.00,416775,206625,6169,9950945865.00,2386,F1,75,,,,,
2025-02-20,2025-02-20,FO,NSE,IDO,57684,,NIFTY,,2025-02-27,2025-02-27,26000.00,PE,NIFTY25FEB26000PE,3100.35,3121.10,3041.00,3052.45,3056.90,3028.75,22913.15,3052.45,861375,-18825,318,693354127.50,259,F1,75,,,,,
2025-02-20,2025-02-20,FO,NSE,IDO,57682,,NIFTY,,2025-02-27,2025-02-27,25950.00,PE,NIFTY25FEB25950PE,0.00,0.00,0.00,2918.15,2918.15,2918.15,22913.15,3004.50,300,0,0,0.00,0,F1,75,,,,,
2025-02-20,2025-02-20,FO,NSE,IDO,57674,,NIFTY,,2025-02-27,2025-02-27,25750.00,PE,NIFTY25FEB25750PE,0.00,0.00,0.00,2703.85,2703.65,2703.85,22913.15,2804.75,375,0,0,0.00,0,F1,75,,,,,
2025-02-20,2025-02-20,FO,NSE,IDO,57650,,NIFTY,,2025-02-27,2025-02-27,25150.00,PE,NIFTY25FEB25150PE,0.00,0.00,0.00,2116.00,2116.00,2116.00,22913.15,2205.50,225,0,0,0.00,0,F1,75,,,,,
2025-02-20,2025-02-20,FO,NSE,IDO,57630,,NIFTY,,2025-02-27,2025-02-27,24700.00,PE,NIFTY25FEB24700PE,1760.00,1780.80,1750.00,1758.00,1761.95,1715.00,22913.15,1758.00,43575,5625,85,168753003.75,30,F1,75,,,,,
2025-02-20,2025-02-20,FO,NSE,IDO,57624,,NIFTY,,2025-02-27,2025-02-27,24550.00,PE,NIFTY25FEB24550PE,0.00,0.00,0.00,1528.55,1528.55,1528.55,22913.15,1606.30,4500,0,0,0.00,0,F1,75,,,,,
2025-02-20,2025-02-20,FO,NSE,IDO,57602,,NIFTY,,2025-02-27,2025-02-27,24000.00,PE,NIFTY25FEB24000PE,1080.00,1143.75,1042.00,1057.80,1069.20,1034.15,22913.15,1057.80,1523775,58725,2924,5498207932.50,1806,F1,75,,,,,
2025-02-20,2025-02-20,FO,NSE,IDO,55604,,NIFTY,,2025-02-27,2025-02-27,22100.00,PE,NIFTY25FEB22100PE,17.95,20.00,6.90,7.40,7.50,12.95,22913.15,7.40,1854450,712500,101247,167891736982.50,38358,F1,75,,,,,
2025-02-20,2025-02-20,FO,NSE,IDO,55568,,NIFTY,,2025-02-27,2025-02-27,21300.00,PE,NIFTY25FEB21300PE,2.00,2.35,1.30,1.45,1.30,2.25,22913.15,1.45,1923750,1023150,51496,82271918913.75,12719,F1,75,,,,,
2025-02-20,2025-02-20,FO,NSE,IDO,63990,,NIFTY,,2025-02-20,2025-02-20,25300.00,PE,NIFTY2522025300PE,2390.00,2408.00,2380.00,2385.50,2385.50,2395.80,22913.15,22913.15,1275,150,18,37379887.50,9,F1,75,,,,,
2025-02-20,2025-02-20,FO,NSE,IDO,63973,,NIFTY,,2025-02-20,2025-02-20,25250.00,PE,NIFTY2522025250PE,0.00,0.00,0.00,1802.65,0.00,1802.65,22913.15,22913.15,0,0,0,0.00,0,F1,75,,,,,
2025-02-20,2025-02-20,FO,NSE,IDO,63802,,NIFTY,,2025-02-20,2025-02-20,24850.00,PE,NIFTY2522024850PE,0.00,0.00,0.00,1779.90,1779.90,1779.90,22913.15,22913.15,75,0,0,0.00,0,F1,75,,,,,
2025-02-20,2025-02-20,FO,NSE,IDO,63793,,NIFTY,,2025-02-20,2025-02-20,24750.00,PE,NIFTY2522024750PE,0.00,0.00,0.00,1679.45,1659.45,1679.45,22913.15,22913.15,0,0,0,0.00,0,F1,75,,,,,
2025-02-20,2025-02-20,FO,NSE,IDO,63718,,NIFTY,,2025-02-20,2025-02-20,24500.00,PE,NIFTY2522024500PE,1644.60,1650.65,1580.00,1589.35,1589.10,1566.00,22913.15,22913.15,7725,-29775,479,937846080.00,291,F1,75,,,,,
2025-02-20,2025-02-20,FO,NSE,IDO,63619,,NIFTY,,2025-02-20,2025-02-20,23400.00,PE,NIFTY2522023400PE,532.35,581.05,475.00,487.95,486.25,467.50,22913.15,22913.15,79500,-82950,4599,8246684887.50,3129,F1,75,,,,,
2025-02-20,2025-02-20,FO,NSE,IDO,63527,,NIFTY,,2025-02-20,2025-02-20,23000.00,PE,NIFTY2522023000PE,200.00,203.50,81.00,87.75,86.50,116.50,22913.15,22913.15,1899300,-1188825,1958252,3395094563032.50,1162434,F1,75,,,,,
2025-02-20,2025-02-20,FO,NSE,IDO,61778,,NIFTY,,2029-12-27,2029-12-27,26000.00,CE,NIFTY29DEC26000CE,0.00,0.00,0.00,6686.95,0.00,6686.95,22913.15,4897.85,0,0,0,0.00,0,F1,75,,,,,
2025-02-20,2025-02-20,FO,NSE,IDO,61748,,NIFTY,,2029-12-27,2029-12-27,24000.00,CE,NIFTY29DEC24000CE,0.00,0.00,0.00,7730.00,0.00,7730.00,22913.15,5971.65,0,0,0,0.00,0,F1,75,,,,,
2025-02-20,2025-02-20,FO,NSE,IDO,61746,,NIFTY,,2029-12-27,2029-12-27,23000.00,CE,NIFTY29DEC23000CE,0.00,0.00,0.00,8286.75,0.00,8286.75,22913.15,6555.50,0,0,0,0.00,0,F1,75,,,,,
2025-02-20,2025-02-20,FO,NSE,IDO,61744,,NIFTY,,2029-12-27,2029-12-27,22000.00,CE,NIFTY29DEC22000CE,0.00,0.00,0.00,8865.25,0.00,8865.25,22913.15,7167.65,0,0,0,0.00,0,F1,75,,,,,
2025-02-20,2025-02-20,FO,NSE,IDO,67776,,NIFTY,,2028-12-28,2028-12-28,21000.00,CE,NIFTY28DEC21000CE,0.00,0.00,0.00,7512.50,0.00,7512.50,22913.15,6799.85,0,0,0,0.00,0,F1,75,,,,,
2025-02-20,2025-02-20,FO,NSE,IDO,86165,,NIFTY,,2028-06-29,2028-06-29,28000.00,CE,NIFTY28JUN28000CE,0.00,0.00,0.00,2596.45,0.00,2596.45,22913.15,2409.60,0,0,0,0.00,0,F1,75,,,,,
2025-02-20,2025-02-20,FO,NSE,IDO,86161,,NIFTY,,2028-06-29,2028-06-29,26000.00,CE,NIFTY28JUN26000CE,0.00,0.00,0.00,3200.90,0.00,3200.90,22913.15,3277.85,0,0,0,0.00,0,F1,75,,,,,
2025-02-20,2025-02-20,FO,NSE,IDO,86149,,NIFTY,,2028-06-29,2028-06-29,23000.00,CE,NIFTY28JUN23000CE,0.00,0.00,0.00,4323.10,0.00,4323.10,22913.15,4941.95,0,0,0,0.00,0,F1,75,,,,,
2025-02-20,2025-02-20,FO,NSE,IDO,71560,,NIFTY,,2027-06-24,2027-06-24,24000.00,CE,NIFTY27JUN24000CE,0.00,0.00,0.00,2299.55,0.00,2299.55,22913.15,3145.50,0,0,0,0.00,0,F1,75,,,,,
2025-02-20,2025-02-20,FO,NSE,IDO,71549,,NIFTY,,2027-06-24,2027-06-24,19000.00,CE,NIFTY27JUN19000CE,0.00,0.00,0.00,7800.00,7800.00,7800.00,22913.15,6671.35,75,0,0,0.00,0,F1,75,,,,,
2025-02-20,2025-02-20,FO,NSE,IDO,38158,,NIFTY,,2026-12-31,2026-12-31,29000.00,CE,NIFTY26DEC29000CE,0.00,0.00,0.00,1205.35,0.00,1205.35,22913.15,703.55,0,0,0,0.00,0,F1,75,,,,,
2025-02-20,2025-02-20,FO,NSE,IDO,37806,,NIFTY,,2026-12-31,2026-12-31,23000.00,CE,NIFTY26DEC23000CE,0.00,0.00,0.00,3560.00,3560.00,3560.00,22913.15,3145.30,1100,0,0,0.00,0,F1,75,,,,,
2025-02-20,2025-02-20,FO,NSE,IDO,45873,,NIFTY,,2025-12-24,2025-12-24,17000.00,CE,NIFTY25DEC17000CE,0.00,0.00,0.00,7010.00,7010.00,7010.00,22913.15,6818.90,700,0,0,0.00,0,F1,75,,,,,
2025-02-20,2025-02-20,FO,NSE,IDO,50537,,NIFTY,,2025-06-26,2025-06-26,28000.00,CE,NIFTY25JUN28000CE,20.45,20.75,18.60,19.75,19.75,20.65,22913.15,19.75,243450,0,44,92464856.25,35,F1,75,,,,,
2025-02-20,2025-02-20,FO,NSE,IDO,79731,,NIFTY,,2025-04-24,2025-04-24,25150.00,CE,NIFTY25APR25150CE,40.00,40.00,40.00,40.00,40.00,50.35,22913.15,40.30,900,0,1,1889250.00,1,F1,75,,,,,
2025-02-20,2025-02-20,FO,NSE,IDO,79729,,NIFTY,,2025-04-24,2025-04-24,25100.00,CE,NIFTY25APR25100CE,41.50,41.50,40.10,40.10,40.10,42.50,22913.15,43.65,450,-300,8,15084315.00,6,F1,75,,,,,
2025-02-20,2025-02-20,FO,NSE,IDO,79640,,NIFTY,,2025-04-24,2025-04-24,24500.00,CE,NIFTY25APR24500CE,102.00,108.65,93.20,94.65,96.00,109.15,22913.15,94.65,182325,-12750,3231,5961210266.25,1929,F1,75,,,,,
2025-02-20,2025-02-20,FO,NSE,IDO,79438,,NIFTY,,2025-04-24,2025-04-24,23150.00,CE,NIFTY25APR23150CE,0.00,0.00,0.00,570.00,570.00,570.00,22913.15,515.80,75,0,0,0.00,0,F1,75,,,,,
2025-02-20,2025-02-20,FO,NSE,IDO,79424,,NIFTY,,2025-04-24,2025-04-24,22950.00,CE,NIFTY25APR22950CE,686.65,687.70,686.65,687.70,687.70,713.40,22913.15,620.00,300,-75,2,3545576.25,2,F1,75,,,,,
2025-02-20,2025-02-20,FO,NSE,IDO,79237,,NIFTY,,2025-04-24,2025-04-24,21200.00,CE,NIFTY25APR21200CE,0.00,0.00,0.00,2463.80,0.00,2463.80,22913.15,1977.25,0,0,0,0.00,0,F1,75,,,,,
2025-02-20,2025-02-20,FO,NSE,IDO,56882,,NIFTY,,2025-03-27,2025-03-27,25450.00,CE,NIFTY25MAR25450CE,12.35,12.35,8.40,8.60,8.40,11.25,22913.15,8.60,4575,525,50,95471651.25,17,F1,75,,,,,
2025-02-20,2025-02-20,FO,NSE,IDO,53976,,NIFTY,,2025-03-27,2025-03-27,23800.00,CE,NIFTY25MAR23800CE,120.00,132.00,108.75,114.05,114.45,137.55,22913.15,114.05,326775,48150,6064,10878383283.75,4318,F1,75,,,,,
2025-02-20,2025-02-20,FO,NSE,IDO,51473,,NIFTY,,2025-03-27,2025-03-27,23600.00,CE,NIFTY25MAR23600CE,180.00,189.00,165.00,168.10,166.10,197.65,22913.15,168.10,254325,17625,3668,6540615405.00,2453,F1,75,,,,,
2025-02-20,2025-02-20,FO,NSE,IDO,46976,,NIFTY,,2025-03-27,2025-03-27,22200.00,CE,NIFTY25MAR22200CE,979.50,1011.65,959.50,992.40,986.45,1012.70,22913.15,992.40,3225,375,19,33041587.50,16,F1,75,,,,,
2025-02-20,2025-02-20,FO,NSE,IDO,46900,,NIFTY,,2025-03-27,2025-03-27,21700.00,CE,NIFTY25MAR21700CE,1384.55,1384.55,1384.55,1384.55,1384.55,1459.10,22913.15,1376.60,375,75,1,1731341.25,1,F1,75,,,,,
2025-02-20,2025-02-20,FO,NSE,IDO,46831,,NIFTY,,2025-03-27,2025-03-27,21150.00,CE,NIFTY25MAR21150CE,0.00,0.00,0.00,2129.75,2129.75,2129.75,22913.15,1900.50,75,0,0,0.00,0,F1,75,,,,,
2025-02-20,2025-02-20,FO,NSE,IDO,64560,,NIFTY,,2025-03-27,2025-03-27,21000.00,CE,NIFTY25MAR21000CE,2069.60,2095.00,2010.20,2079.85,2074.00,2114.15,22913.15,2079.85,431450,18075,400,691934726.25,190,F1,75,,,,,
2025-02-20,2025-02-20,FO,NSE,IDO,50309,,NIFTY,,2025-03-20,2025-03-20,24650.00,CE,NIFTY2532024650CE,14.20,14.20,14.20,14.20,14.20,63.70,22913.15,14.20,675,675,9,16648335.00,1,F1,75,,,,,
2025-02-20,2025-02-20,FO,NSE,IDO,50247,,NIFTY,,2025-03-20,2025-03-20,23600.00,CE,NIFTY2532023600CE,120.80,120.80,120.80,120.80,120.80,287.50,22913.15,129.30,75,75,1,1779060.00,1,F1,75,,,,,
2025-02-20,2025-02-20,FO,NSE,IDO,50199,,NIFTY,,2025-03-20,2025-03-20,22600.00,CE,NIFTY2532022600CE,0.00,0.00,0.00,805.30,0.00,805.30,22913.15,588.80,0,0,0,0.00,0,F1,75,,,,,
2025-02-20,2025-02-20,FO,NSE,IDO,50183,,NIFTY,,2025-03-20,2025-03-20,22450.00,CE,NIFTY2532022450CE,0.00,0.00,0.00,912.30,0.00,912.30,22913.15,696.10,0,0,0,0.00,0,F1,75,,,,,
2025-02-20,2025-02-20,FO,NSE,IDO,50177,,NIFTY,,2025-03-20,2025-03-20,22300.00,CE,NIFTY2532022300CE,0.00,0.00,0.00,1024.10,0.00,1024.10,22913.15,812.00,0,0,0,0.00,0,F1,75,,,,,
2025-02-20,2025-02-20,FO,NSE,IDO,50131,,NIFTY,,2025-03-20,2025-03-20,21650.00,CE,NIFTY2532021650CE,0.00,0.00,0.00,1573.15,0.00,1573.15,22913.15,1386.80,0,0,0,0.00,0,F1,75,,,,,
2025-02-20,2025-02-20,FO,NSE,IDO,45655,,NIFTY,,2025-03-13,2025-03-13,25350.00,CE,NIFTY2531325350CE,4.05,4.15,3.15,3.65,3.50,3.70,22913.15,3.65,4275,975,19,36129135.00,12,F1,75,,,,,
2025-02-20,2025-02-20,FO,NSE,IDO,45636,,NIFTY,,2025-03-13,2025-03-13,24950.00,CE,NIFTY2531324950CE,6.15,6.15,6.15,6.15,6.15,6.15,22913.15,1.30,300,0,1,1871711.25,1,F1,75,,,,,
2025-02-20,2025-02-20,FO,NSE,IDO,45633,,NIFTY,,2025-03-13,2025-03-13,24900.00,CE,NIFTY2531324900CE,6.20,6.20,6.20,6.20,6.20,115.70,22913.15,1.60,75,75,1,1867965.00,1,F1,75,,,,,
2025-02-20,2025-02-20,FO,NSE,IDO,45615,,NIFTY,,2025-03-13,2025-03-13,24700.00,CE,NIFTY2531324700CE,0.00,0.00,0.00,153.70,0.00,153.70,22913.15,3.35,0,0,0,0.00,0,F1,75,,,,,
2025-02-20,2025-02-20,FO,NSE,IDO,45608,,NIFTY,,2025-03-13,2025-03-13,24550.00,CE,NIFTY2531324550CE,0.00,0.00,0.00,26.05,26.05,26.05,22913.15,5.70,75,0,0,0.00,0,F1,75,,,,,
2025-02-20,2025-02-20,FO,NSE,IDO,45552,,NIFTY,,2025-03-13,2025-03-13,24050.00,CE,NIFTY2531324050CE,0.00,0.00,0.00,34.35,34.35,34.35,22913.15,27.40,300,0,0,0.00,0,F1,75,,,,,
2025-02-20,2025-02-20,FO,NSE,IDO,45548,,NIFTY,,2025-03-13,2025-03-13,23950.00,CE,NIFTY2531323950CE,35.00,36.95,29.75,29.75,29.75,50.00,22913.15,29.75,1275,450,11,19786462.50,8,F1,75,,,,,
2025-02-20,2025-02-20,FO,NSE,IDO,45534,,NIFTY,,2025-03-13,2025-03-13,23600.00,CE,NIFTY2531323600CE,97.75,103.15,78.05,85.20,78.05,111.75,22913.15,85.20,18225,2775,99,175903998.75,85,F1,75,,,,,
2025-02-20,2025-02-20,FO,NSE,IDO,45525,,NIFTY,,2025-03-13,2025-03-13,23450.00,CE,NIFTY2531323450CE,137.00,137.00,125.00,125.00,125.00,145.90,22913.15,125.00,225,75,4,7074937.50,4,F1,75,,,,,
2025-02-20,2025-02-20,FO,NSE,IDO,45467,,NIFTY,,2025-03-13,2025-03-13,22500.00,CE,NIFTY2531322500CE,620.00,657.25,620.00,657.25,657.25,681.65,22913.15,657.25,450,150,3,5205622.50,3,F1,75,,,,,
2025-02-20,2025-02-20,FO,NSE,IDO,45435,,NIFTY,,2025-03-13,2025-03-13,21900.00,CE,NIFTY2531321900CE,0.00,0.00,0.00,1880.15,0.00,1880.15,22913.15,1114.25,0,0,0,0.00,0,F1,75,,,,,
2025-02-20,2025-02-20,FO,NSE,IDO,68675,,NIFTY,,2025-03-06,2025-03-06,25300.00,CE,NIFTY2530625300CE,2.30,2.55,1.90,2.00,1.90,2.20,22913.15,2.00,27525,19725,335,635715660.00,53,F1,75,,,,,
2025-02-20,2025-02-20,FO,NSE,IDO,68647,,NIFTY,,2025-03-06,2025-03-06,24950.00,CE,NIFTY2530624950CE,2.40,2.40,2.15,2.35,2.15,2.40,22913.15,2.35,4200,225,7,13099983.75,5,F1,75,,,,,
2025-02-20,2025-02-20,FO,NSE,IDO,68631,,NIFTY,,2025-03-06,2025-03-06,24750.00,CE,NIFTY2530624750CE,3.25,3.25,2.75,2.80,2.75,4.35,22913.15,2.80,4425,2325,55,102105723.75,24,F1,75,,,,,
2025-02-20,2025-02-20,FO,NSE,IDO,68620,,NIFTY,,2025-03-06,2025-03-06,24550.00,CE,NIFTY2530624550CE,3.30,3.30,3.30,3.30,3.30,3.95,22913.15,3.30,2925,0,4,7365990.00,1,F1,75,,,,,
2025-02-20,2025-02-20,FO,NSE,IDO,68584,,NIFTY,,2025-03-06,2025-03-06,23750.00,CE,NIFTY2530623750CE,32.85,34.40,25.00,25.80,25.95,38.80,22913.15,25.80,16425,-2100,734,1308958590.00,332,F1,75,,,,,
2025-02-20,2025-02-20,FO,NSE,IDO,68468,,NIFTY,,2025-03-06,2025-03-06,23000.00,CE,NIFTY2530623000CE,267.15,267.15,217.60,234.80,230.70,274.05,22913.15,234.80,1064175,490500,18763,32700552975.00,12374,F1,75,,,,,
2025-02-20,2025-02-20,FO,NSE,IDO,68462,,NIFTY,,2025-03-06,2025-03-06,22900.00,CE,NIFTY2530622900CE,294.20,310.90,257.85,291.05,290.00,330.00,22913.15,291.05,250575,125250,9313,16199807726.25,6181,F1,75,,,,,
2025-02-20,2025-02-20,FO,NSE,IDO,68450,,NIFTY,,2025-03-06,2025-03-06,22600.00,CE,NIFTY2530622600CE,488.40,509.00,455.00,492.15,489.15,533.85,22913.15,492.15,60975,12000,686,1187964926.25,569,F1,75,,,,,
2025-02-20,2025-02-20,FO,NSE,IDO,68448,,NIFTY,,2025-03-06,2025-03-06,22550.00,CE,NIFTY2530622550CE,542.35,542.35,528.50,534.30,528.50,617.80,22913.15,534.30,525,0,5,8656612.50,5,F1,75,,,,,
2025-02-20,2025-02-20,FO,NSE,IDO,68397,,NIFTY,,2025-03-06,2025-03-06,21550.00,CE,NIFTY2530621550CE,0.00,0.00,0.00,1529.65,1530.70,1529.65,22913.15,1418.15,600,0,0,0.00,0,F1,75,,,,,
2025-02-20,2025-02-20,FO,NSE,IDO,57712,,NIFTY,,2025-02-27,2025-02-27,26500.00,CE,NIFTY25FEB26500CE,1.05,1.40,0.95,1.10,1.00,1.35,22913.15,1.10,11980875,2834550,143725,285665845515.00,18117,F1,75,,,,,
2025-02-20,2025-02-20,FO,NSE,IDO,57710,,NIFTY,,2025-02-27,2025-02-27,26450.00,CE,NIFTY25FEB26450CE,1.25,1.50,1.00,1.05,1.05,1.35,22913.15,1.05,59400,13125,910,1805294846.25,342,F1,75,,,,,
2025-02-20,2025-02-20,FO,NSE,IDO,57675,,NIFTY,,2025-02-27,2025-02-27,25800.00,CE,NIFTY25FEB25800CE,1.65,1.70,0.95,1.10,0.95,1.35,22913.15,1.10,101175,5025,3329,6441924971.25,1289,F1,75,,,,,
2025-02-20,2025-02-20,FO,NSE,IDO,57669,,NIFTY,,2025-02-27,2025-02-27,25650.00,CE,NIFTY25FEB25650CE,1.70,1.75,1.00,1.15,1.00,1.40,22913.15,1.15,11325,-2700,341,656036362.50,204,F1,75,,,,,
2025-02-20,2025-02-20,FO,NSE,IDO,57655,,NIFTY,,2025-02-27,2025-02-27,25300.00,CE,NIFTY25FEB25300CE,1.45,2.70,1.00,1.15,1.35,1.40,22913.15,1.15,141975,12900,4111,7801029082.50,1839,F1,75,,,,,
2025-02-20,2025-02-20,FO,NSE,IDO,57649,,NIFTY,,2025-02-27,2025-02-27,25150.00,CE,NIFTY25FEB25150CE,1.25,1.80,0.95,1.10,1.00,1.45,22913.15,1.10,27975,-6075,967,1824108536.25,495,F1,75,,,,,
2025-02-20,2025-02-20,FO,NSE,IDO,57615,,NIFTY,,2025-02-27,2025-02-27,24350.00,CE,NIFTY25FEB24350CE,1.75,2.35,1.20,1.30,1.30,2.00,22913.15,1.30,263700,-9150,7538,13767240836.25,3182,F1,75,,,,,
2025-02-20,2025-02-20,FO,NSE,IDO,57593,,NIFTY,,2025-02-27,2025-02-27,23800.00,CE,NIFTY25FEB23800CE,6.50,7.00,3.30,3.75,3.50,7.05,22913.15,3.75,4488675,1632075,145733,260179518386.25,42867,F1,75,,,,,
2025-02-20,2025-02-20,FO,NSE,IDO,57585,,NIFTY,,2025-02-27,2025-02-27,23600.00,CE,NIFTY25FEB23600CE,14.00,14.50,7.80,8.55,8.30,17.20,22913.15,8.55,3860925,1398525,159431,282314329578.75,64299,F1,75,,,,,
2025-02-20,2025-02-20,FO,NSE,IDO,55651,,NIFTY,,2025-02-27,2025-02-27,23300.00,CE,NIFTY25FEB23300CE,51.00,51.60,34.70,38.10,37.60,62.70,22913.15,38.10,3880275,958275,183443,321131951865.00,86530,F1,75,,,,,
2025-02-20,2025-02-20,FO,NSE,IDO,55627,,NIFTY,,2025-02-27,2025-02-27,22700.00,CE,NIFTY25FEB22700CE,290.00,340.00,273.60,314.30,310.00,356.00,22913.15,314.30,326025,5325,24688,42605055416.25,15667,F1,75,,,,,
2025-02-20,2025-02-20,FO,NSE,IDO,55583,,NIFTY,,2025-02-27,2025-02-27,21600.00,CE,NIFTY25FEB21600CE,1290.00,1338.30,1290.00,1335.25,1335.25,1363.10,22913.15,1340.10,4200,75,8,13751692.50,8,F1,75,,,,,
2025-02-20,2025-02-20,FO,NSE,IDO,63991,,NIFTY,,2025-02-20,2025-02-20,25350.00,CE,NIFTY2522025350CE,0.30,0.35,0.05,0.10,0.05,0.35,22913.15,22913.15,335475,9525,28689,54545368792.50,3731,F1,75,,,,,
2025-02-20,2025-02-20,FO,NSE,IDO,63817,,NIFTY,,2025-02-20,2025-02-20,25150.00,CE,NIFTY2522025150CE,0.30,0.40,0.05,0.05,0.05,0.45,22913.15,22913.15,123525,46875,9651,18204345543.75,1836,F1,75,,,,,
2025-02-20,2025-02-20,FO,NSE,IDO,63715,,NIFTY,,2025-02-20,2025-02-20,24450.00,CE,NIFTY2522024450CE,0.35,0.80,0.05,0.05,0.05,0.40,22913.15,22913.15,217125,32775,11422,20945311687.50,2086,F1,75,,,,,
2025-02-20,2025-02-20,FO,NSE,IDO,63642,,NIFTY,,2025-02-20,2025-02-20,23650.00,CE,NIFTY2522023650CE,0.70,0.70,0.05,0.10,0.05,0.90,22913.15,22913.15,1208100,-1010025,267315,474158338680.00,47603,F1,75,,,,,
2025-02-20,2025-02-20,FO,NSE,IDO,63424,,NIFTY,,2025-02-20,2025-02-20,22600.00,CE,NIFTY2522022600CE,267.40,327.05,226.00,312.45,312.75,345.00,22913.15,22913.15,97500,-13350,71599,122905151493.75,44335,F1,75,,,,,
2025-02-20,2025-02-20,FO,NSE,IDO,63326,,NIFTY,,2025-02-20,2025-02-20,22300.00,CE,NIFTY2522022300CE,552.25,621.90,519.10,612.70,614.50,635.95,22913.15,22913.15,3750,-6300,849,1457356818.75,590,F1,75,,,,,
2025-02-20,2025-02-20,FO,NSE,IDO,63285,,NIFTY,,2025-02-20,2025-02-20,21950.00,CE,NIFTY2522021950CE,953.45,968.15,953.45,963.20,964.90,953.05,22913.15,22913.15,525,150,5,8592090.00,5,F1,75,,,,,
2025-02-20,2025-02-20,FO,NSE,IDO,63218,,NIFTY,,2025-02-20,2025-02-20,21500.00,CE,NIFTY2522021500CE,1356.65,1417.00,1324.75,1402.55,1402.55,1432.00,22913.15,22913.15,13575,-1125,19,32600677.50,18,F1,75,,,,,
2025-02-20,2025-02-20,FO,NSE,IDF,35013,,NIFTY,,2025-02-27,2025-02-27,,,NIFTY25FEBFUT,22895.00,22960.95,22855.00,22942.50,22934.90,22964.50,22913.15,22942.50,16391775,-268050,54621,93912041407.50,38359,F1,75,,,,,
2025-02-20,2025-02-20,FO,NSE,IDO,50306,,NIFTY,,2025-03-20,2025-03-20,24550.00,PE,NIFTY2532024550PE,0.00,0.00,0.00,1424.90,0.00,1424.90,22913.15,1529.30,0,0,0,0.00,0,F1,75,,,,,
2025-02-20,2025-02-20,FO,NSE,IDO,50312,,NIFTY,,2025-03-20,2025-03-20,24700.00,PE,NIFTY2532024700PE,0.00,0.00,0.00,1557.45,0.00,1557.45,22913.15,1673.60,0,0,0,0.00,0,F1,75,,,,,
2025-02-20,2025-02-20,FO,NSE,IDO,46909,,NIFTY,,2025-03-27,2025-03-27,21750.00,PE,NIFTY25MAR21750PE,80.05,80.05,59.40,60.50,62.00,72.75,22913.15,60.50,12450,750,319,521986121.25,138,F1,75,,,,,
2025-02-20,2025-02-20,FO,NSE,IDO,46943,,NIFTY,,2025-03-27,2025-03-27,21950.00,PE,NIFTY25MAR21950PE,100.20,104.05,80.60,81.70,82.60,95.75,22913.15,81.70,13050,300,402,664490137.50,191,F1,75,,,,,
2025-02-20,2025-02-20,FO,NSE,IDO,47015,,NIFTY,,2025-03-27,2025-03-27,22550.00,PE,NIFTY25MAR22550PE,228.00,237.70,192.95,194.35,195.50,213.55,22913.15,194.35,22800,2025,340,580280700.00,247,F1,75,,,,,
2025-02-20,2025-02-20,FO,NSE,IDO,47021,,NIFTY,,2025-03-27,2025-03-27,22600.00,PE,NIFTY25MAR22600PE,244.15,253.90,205.55,208.25,213.10,226.05,22913.15,208.25,281550,28200,3023,5173912020.00,2399,F1,75,,,,,
2025-02-20,2025-02-20,FO,NSE,IDO,48348,,NIFTY,,2025-03-27,2025-03-27,23100.00,PE,NIFTY25MAR23100PE,436.00,457.25,386.00,391.25,397.00,410.50,22913.15,391.25,215850,5625,2207,3891209246.25,1504,F1,75,,,,,
2025-02-20,2025-02-20,FO,NSE,IDO,51460,,NIFTY,,2025-03-27,2025-03-27,23550.00,PE,NIFTY25MAR23550PE,697.00,700.00,638.00,639.60,640.00,656.25,22913.15,639.60,25575,225,76,137995811.25,58,F1,75,,,,,
2025-02-20,2025-02-20,FO,NSE,IDO,53979,,NIFTY,,2025-03-27,2025-03-27,23800.00,PE,NIFTY25MAR23800PE,864.55,894.00,811.30,817.45,826.25,826.05,22913.15,817.45,65475,12600,506,934905033.75,449,F1,75,,,,,
2025-02-20,2025-02-20,FO,NSE,IDO,55345,,NIFTY,,2025-03-27,2025-03-27,24450.00,PE,NIFTY25MAR24450PE,1412.00,1412.00,1400.00,1400.00,1400.00,1378.65,22913.15,1418.70,10725,-75,9,17455950.00,3,F1,75,,,,,
2025-02-20,2025-02-20,FO,NSE,IDO,56529,,NIFTY,,2025-03-27,2025-03-27,24600.00,PE,NIFTY25MAR24600PE,1525.00,1525.00,1525.00,1525.00,1525.00,1500.00,22913.15,1558.15,12525,75,1,1959375.00,1,F1,75,,,,,
2025-02-20,2025-02-20,FO,NSE,IDO,56543,,NIFTY,,2025-03-27,2025-03-27,24700.00,PE,NIFTY25MAR24700PE,1610.00,1610.00,1605.00,1605.00,1605.00,1585.00,22913.15,1652.55,3075,225,3,5919000.00,2,F1,75,,,,,
2025-02-20,2025-02-20,FO,NSE,IDO,56545,,NIFTY,,2025-03-27,2025-03-27,24750.00,PE,NIFTY25MAR24750PE,0.00,0.00,0.00,1526.50,1526.50,1526.50,22913.15,1700.10,225,0,0,0.00,0,F1,75,,,,,
2025-02-20,2025-02-20,FO,NSE,IDO,56871,,NIFTY,,2025-03-27,2025-03-27,25150.00,PE,NIFTY25MAR25150PE,0.00,0.00,0.00,1346.45,0.00,1346.45,22913.15,2086.80,0,0,0,0.00,0,F1,75,,,,,
2025-02-20,2025-02-20,FO,NSE,IDO,56889,,NIFTY,,2025-03-27,2025-03-27,25600.00,PE,NIFTY25MAR25600PE,2490.00,2490.00,2485.00,2485.00,2485.00,2190.00,22913.15,2529.55,525,375,5,10532250.00,3,F1,75,,,,,
2025-02-20,2025-02-20,FO,NSE,IDO,79391,,NIFTY,,2025-04-24,2025-04-24,22450.00,PE,NIFTY25APR22450PE,256.15,256.15,238.50,238.60,238.60,265.25,22913.15,219.90,225,225,6,10213807.50,4,F1,75,,,,,
2025-02-20,2025-02-20,FO,NSE,IDO,79401,,NIFTY,,2025-04-24,2025-04-24,22650.00,PE,NIFTY25APR22650PE,0.00,0.00,0.00,320.45,320.45,320.45,22913.15,283.45,375,0,0,0.00,0,F1,75,,,,,
2025-02-20,2025-02-20,FO,NSE,IDO,79410,,NIFTY,,2025-04-24,2025-04-24,22750.00,PE,NIFTY25APR22750PE,345.55,362.80,311.00,321.10,324.50,285.95,22913.15,321.10,600,525,9,15577935.00,5,F1,75,,,,,
2025-02-20,2025-02-20,FO,NSE,IDO,79518,,NIFTY,,2025-04-24,2025-04-24,23900.00,PE,NIFTY25APR23900PE,0.00,0.00,0.00,790.95,790.95,790.95,22913.15,951.65,9975,0,0,0.00,0,F1,75,,,,,
2025-02-20,2025-02-20,FO,NSE,IDO,79671,,NIFTY,,2025-04-24,2025-04-24,24700.00,PE,NIFTY25APR24700PE,0.00,0.00,0.00,1367.80,0.00,1367.80,22913.15,1591.60,0,0,0,0.00,0,F1,75,,,,,
2025-02-20,2025-02-20,FO,NSE,IDO,38375,,NIFTY,,2025-06-26,2025-06-26,20000.00,PE,NIFTY25JUN20000PE,65.30,69.00,62.85,63.90,63.65,66.15,22913.15,63.90,853850,5400,350,526726275.00,177,F1,75,,,,,
2025-02-20,2025-02-20,FO,NSE,IDO,50538,,NIFTY,,2025-06-26,2025-06-26,28000.00,PE,NIFTY25JUN28000PE,0.00,0.00,0.00,7207.55,0.00,7207.55,22913.15,4473.20,0,0,0,0.00,0,F1,75,,,,,
2025-02-20,2025-02-20,FO,NSE,IDO,49180,,NIFTY,,2025-12-24,2025-12-24,16500.00,PE,NIFTY25DEC16500PE,0.00,0.00,0.00,20.30,20.30,20.30,22913.15,0.55,2750,0,0,0.00,0,F1,75,,,,,
2025-02-20,2025-02-20,FO,NSE,IDO,58627,,NIFTY,,2026-06-25,2026-06-25,22000.00,PE,NIFTY26JUN22000PE,0.00,0.00,0.00,488.95,520.00,488.95,22913.15,377.20,1050,0,0,0.00,0,F1,75,,,,,
2025-02-20,2025-02-20,FO,NSE,IDO,71475,,NIFTY,,2026-06-25,2026-06-25,25000.00,PE,NIFTY26JUN25000PE,0.00,0.00,0.00,6063.10,0.00,6063.10,22913.15,1406.75,0,0,0,0.00,0,F1,75,,,,,
2025-02-20,2025-02-20,FO,NSE,IDO,50546,,NIFTY,,2026-06-25,2026-06-25,28000.00,PE,NIFTY26JUN28000PE,0.00,0.00,0.00,6532.55,0.00,6532.55,22913.15,3249.95,0,0,0,0.00,0,F1,75,,,,,
2025-02-20,2025-02-20,FO,NSE,IDO,58635,,NIFTY,,2026-12-31,2026-12-31,15000.00,PE,NIFTY26DEC15000PE,0.00,0.00,0.00,36.75,36.75,36.75,22913.15,1.20,2275,0,0,0.00,0,F1,75,,,,,
2025-02-20,2025-02-20,FO,NSE,IDO,58637,,NIFTY,,2026-12-31,2026-12-31,16000.00,PE,NIFTY26DEC16000PE,0.00,0.00,0.00,23.30,23.30,23.30,22913.15,4.15,2425,0,0,0.00,0,F1,75,,,,,
2025-02-20,2025-02-20,FO,NSE,IDO,38159,,NIFTY,,2026-12-31,2026-12-31,29000.00,PE,NIFTY26DEC29000PE,0.00,0.00,0.00,5042.25,0.00,5042.25,22913.15,3487.50,0,0,0,0.00,0,F1,75,,,,,
2025-02-20,2025-02-20,FO,NSE,IDO,53602,,NIFTY,,2027-12-30,2027-12-30,17000.00,PE,NIFTY27DEC17000PE,0.00,0.00,0.00,180.60,180.60,180.60,22913.15,22.50,14200,0,0,0.00,0,F1,75,,,,,
2025-02-20,2025-02-20,FO,NSE,IDO,86168,,NIFTY,,2028-06-29,2028-06-29,29000.00,PE,NIFTY28JUN29000PE,0.00,0.00,0.00,3595.90,0.00,3595.90,22913.15,2449.55,0,0,0,0.00,0,F1,75,,,,,
2025-02-20,2025-02-20,FO,NSE,IDO,89625,,NIFTY,,2029-06-28,2029-06-28,21000.00,PE,NIFTY29JUN21000PE,0.00,0.00,0.00,320.25,0.00,320.25,22913.15,222.65,0,0,0,0.00,0,F1,75,,,,,
2025-02-20,2025-02-20,FO,NSE,IDO,61411,,NIFTY,,2029-12-27,2029-12-27,20000.00,PE,NIFTY29DEC20000PE,0.00,0.00,0.00,202.30,0.00,202.30,22913.15,142.20,0,0,0,0.00,0,F1,75,,,,,
2025-02-20,2025-02-20,FO,NSE,IDO,61749,,NIFTY,,2029-12-27,2029-12-27,24000.00,PE,NIFTY29DEC24000PE,0.00,0.00,0.00,625.50,0.00,625.50,22913.15,566.75,0,0,0,0.00,0,F1,75,,,,,
2025-02-20,2025-02-20,FO,NSE,IDO,61779,,NIFTY,,2029-12-27,2029-12-27,26000.00,PE,NIFTY29DEC26000PE,0.00,0.00,0.00,969.60,0.00,969.60,22913.15,951.95,0,0,0,0.00,0,F1,75,,,,,
2025-02-20,2025-02-20,FO,NSE,IDO,50180,,NIFTY,,2025-03-20,2025-03-20,22350.00,PE,NIFTY2532022350PE,0.00,0.00,0.00,150.90,0.00,150.90,22913.15,98.15,0,0,0,0.00,0,F1,75,,,,,
2025-02-20,2025-02-20,FO,NSE,IDO,68618,,NIFTY,,2025-03-06,2025-03-06,24500.00,CE,NIFTY2530624500CE,4.60,6.80,3.45,3.60,3.55,4.60,22913.15,3.60,271725,119175,4094,7523921786.25,1496,F1,75,,,,,
2025-02-20,2025-02-20,FO,NSE,IDO,50260,,NIFTY,,2025-03-20,2025-03-20,23800.00,PE,NIFTY2532023800PE,0.00,0.00,0.00,828.45,0.00,828.45,22913.15,855.45,0,0,0,0.00,0,F1,75,,,,,
2025-02-20,2025-02-20,FO,NSE,IDO,50232,,NIFTY,,2025-03-20,2025-03-20,23200.00,PE,NIFTY2532023200PE,0.00,0.00,0.00,463.25,0.00,463.25,22913.15,430.75,0,0,0,0.00,0,F1,75,,,,,
2025-02-20,2025-02-20,FO,NSE,IDO,50224,,NIFTY,,2025-03-20,2025-03-20,23000.00,PE,NIFTY2532023000PE,357.00,364.95,315.90,316.60,318.75,334.70,22913.15,316.60,6975,-1500,147,257213418.75,64,F1,75,,,,,
2025-02-20,2025-02-20,FO,NSE,IDO,53606,,NIFTY,,2027-12-30,2027-12-30,19000.00,PE,NIFTY27DEC19000PE,0.00,0.00,0.00,299.95,299.95,299.95,22913.15,86.10,525,0,0,0.00,0,F1,75,,,,,
2025-02-20,2025-02-20,FO,NSE,IDO,53595,,NIFTY,,2027-12-30,2027-12-30,15000.00,PE,NIFTY27DEC15000PE,0.00,0.00,0.00,43.05,43.05,43.05,22913.15,3.90,475,0,0,0.00,0,F1,75,,,,,
2025-02-20,2025-02-20,FO,NSE,IDO,50984,,NIFTY,,2027-06-24,2027-06-24,27000.00,PE,NIFTY27JUN27000PE,0.00,0.00,0.00,6273.45,0.00,6273.45,22913.15,2010.65,0,0,0,0.00,0,F1,75,,,,,
2025-02-20,2025-02-20,FO,NSE,IDO,71548,,NIFTY,,2027-06-24,2027-06-24,18000.00,PE,NIFTY27JUN18000PE,0.00,0.00,0.00,48.55,48.55,48.55,22913.15,38.70,25,0,0,0.00,0,F1,75,,,,,
2025-02-20,2025-02-20,FO,NSE,IDO,71502,,NIFTY,,2026-12-31,2026-12-31,24000.00,PE,NIFTY26DEC24000PE,1120.00,1120.00,1120.00,1120.00,1120.00,1120.00,22913.15,1120.00,9225,0,1,1884000.00,1,F1,75,,,,,
2025-02-20,2025-02-20,FO,NSE,IDO,58631,,NIFTY,,2026-12-31,2026-12-31,13000.00,PE,NIFTY26DEC13000PE,0.00,0.00,0.00,20.05,20.05,20.05,22913.15,0.05,2025,0,0,0.00,0,F1,75,,,,,
2025-02-20,2025-02-20,FO,NSE,IDO,58629,,NIFTY,,2026-12-31,2026-12-31,12000.00,PE,NIFTY26DEC12000PE,0.00,0.00,0.00,20.05,20.05,20.05,22913.15,0.05,1025,0,0,0.00,0,F1,75,,,,,
2025-02-20,2025-02-20,FO,NSE,IDO,71477,,NIFTY,,2026-06-25,2026-06-25,26000.00,PE,NIFTY26JUN26000PE,0.00,0.00,0.00,6709.20,0.00,6709.20,22913.15,1939.00,0,0,0,0.00,0,F1,75,,,,,
2025-02-20,2025-02-20,FO,NSE,IDO,50448,,NIFTY,,2026-06-25,2026-06-25,15000.00,PE,NIFTY26JUN15000PE,0.00,0.00,0.00,20.20,20.20,20.20,22913.15,0.35,1000,0,0,0.00,0,F1,75,,,,,
2025-02-20,2025-02-20,FO,NSE,IDO,51452,,NIFTY,,2025-12-24,2025-12-24,21000.00,PE,NIFTY25DEC21000PE,300.60,309.60,295.25,297.75,300.00,300.65,22913.15,297.75,235425,675,263,420200895.00,219,F1,75,,,,,
2025-02-20,2025-02-20,FO,NSE,IDO,39988,,NIFTY,,2025-12-24,2025-12-24,19000.00,PE,NIFTY25DEC19000PE,0.00,0.00,0.00,102.00,102.00,102.00,22913.15,22.00,9425,0,0,0.00,0,F1,75,,,,,
2025-02-20,2025-02-20,FO,NSE,IDO,45874,,NIFTY,,2025-12-24,2025-12-24,17000.00,PE,NIFTY25DEC17000PE,0.00,0.00,0.00,39.05,39.05,39.05,22913.15,1.30,3750,0,0,0.00,0,F1,75,,,,,
2025-02-20,2025-02-20,FO,NSE,IDO,58619,,NIFTY,,2025-06-26,2025-06-26,22000.00,PE,NIFTY25JUN22000PE,266.25,282.80,254.10,260.20,260.00,264.30,22913.15,260.20,1031575,20075,1691,2823601350.00,1090,F1,75,,,,,
2025-02-20,2025-02-20,FO,NSE,IDO,79745,,NIFTY,,2025-04-24,2025-04-24,25350.00,PE,NIFTY25APR25350PE,0.00,0.00,0.00,1866.10,0.00,1866.10,22913.15,2183.05,0,0,0,0.00,0,F1,75,,,,,
2025-02-20,2025-02-20,FO,NSE,IDO,79689,,NIFTY,,2025-04-24,2025-04-24,24900.00,PE,NIFTY25APR24900PE,0.00,0.00,0.00,1695.00,1695.00,1695.00,22913.15,1768.65,2325,0,0,0.00,0,F1,75,,,,,
2025-02-20,2025-02-20,FO,NSE,IDO,79546,,NIFTY,,2025-04-24,2025-04-24,24050.00,PE,NIFTY25APR24050PE,0.00,0.00,0.00,880.00,880.00,880.00,22913.15,1061.45,1125,0,0,0.00,0,F1,75,,,,,
2025-02-20,2025-02-20,FO,NSE,IDO,79439,,NIFTY,,2025-04-24,2025-04-24,23150.00,PE,NIFTY25APR23150PE,0.00,0.00,0.00,494.35,0.00,494.35,22913.15,494.40,0,0,0,0.00,0,F1,75,,,,,
2025-02-20,2025-02-20,FO,NSE,IDO,79246,,NIFTY,,2025-04-24,2025-04-24,21250.00,PE,NIFTY25APR21250PE,0.00,0.00,0.00,65.90,0.00,65.90,22913.15,30.50,0,0,0,0.00,0,F1,75,,,,,
2025-02-20,2025-02-20,FO,NSE,IDO,58794,,NIFTY,,2025-03-27,2025-03-27,25900.00,PE,NIFTY25MAR25900PE,0.00,0.00,0.00,2470.60,2470.60,2470.60,22913.15,2826.65,375,0,0,0.00,0,F1,75,,,,,
2025-02-20,2025-02-20,FO,NSE,IDO,56895,,NIFTY,,2025-03-27,2025-03-27,25750.00,PE,NIFTY25MAR25750PE,0.00,0.00,0.00,1786.85,0.00,1786.85,22913.15,2678.00,0,0,0,0.00,0,F1,75,,,,,
2025-02-20,2025-02-20,FO,NSE,IDO,56891,,NIFTY,,2025-03-27,2025-03-27,25650.00,PE,NIFTY25MAR25650PE,0.00,0.00,0.00,1709.80,0.00,1709.80,22913.15,2579.00,0,0,0,0.00,0,F1,75,,,,,
2025-02-20,2025-02-20,FO,NSE,IDO,56873,,NIFTY,,2025-03-27,2025-03-27,25200.00,PE,NIFTY25MAR25200PE,2150.00,2150.00,2110.30,2117.50,2117.50,2034.50,22913.15,2135.70,675,375,7,14342088.75,5,F1,75,,,,,
2025-02-20,2025-02-20,FO,NSE,IDO,55340,,NIFTY,,2025-03-27,2025-03-27,24400.00,PE,NIFTY25MAR24400PE,1360.00,1360.00,1317.90,1320.35,1320.35,1426.55,22913.15,1372.90,21825,75,18,34745625.00,13,F1,75,,,,,
2025-02-20,2025-02-20,FO,NSE,IDO,54720,,NIFTY,,2025-03-27,2025-03-27,23850.00,PE,NIFTY25MAR23850PE,884.70,884.70,845.05,845.05,845.05,818.00,22913.15,845.05,6675,75,5,9268530.00,4,F1,75,,,,,
2025-02-20,2025-02-20,FO,NSE,IDO,49835,,NIFTY,,2025-03-27,2025-03-27,23250.00,PE,NIFTY25MAR23250PE,515.95,526.20,462.05,465.90,465.90,483.50,22913.15,465.90,20100,-1500,152,270659227.50,143,F1,75,,,,,
2025-02-20,2025-02-20,FO,NSE,IDO,46996,,NIFTY,,2025-03-27,2025-03-27,22450.00,PE,NIFTY25MAR22450PE,196.60,201.50,168.20,169.30,170.45,187.65,22913.15,169.30,10275,-825,302,512514086.25,225,F1,75,,,,,
2025-02-20,2025-02-20,FO,NSE,IDO,46882,,NIFTY,,2025-03-27,2025-03-27,21500.00,PE,NIFTY25MAR21500PE,59.90,59.90,41.00,42.85,43.90,52.35,22913.15,42.85,1538775,172350,11870,19181859551.25,5638,F1,75,,,,,
2025-02-20,2025-02-20,FO,NSE,IDO,46841,,NIFTY,,2025-03-27,2025-03-27,21150.00,PE,NIFTY25MAR21150PE,26.80,27.85,23.65,26.55,26.95,32.00,22913.15,26.55,9750,2850,244,387536422.50,107,F1,75,,,,,
2025-02-20,2025-02-20,FO,NSE,IDO,50326,,NIFTY,,2025-03-20,2025-03-20,24800.00,PE,NIFTY2532024800PE,0.00,0.00,0.00,1647.65,0.00,1647.65,22913.15,1770.70,0,0,0,0.00,0,F1,75,,,,,
2025-02-20,2025-02-20,FO,NSE,IDO,50302,,NIFTY,,2025-03-20,2025-03-20,24450.00,PE,NIFTY2532024450PE,0.00,0.00,0.00,1338.55,0.00,1338.55,22913.15,1434.25,0,0,0,0.00,0,F1,75,,,,,
2025-02-20,2025-02-20,FO,NSE,IDO,50284,,NIFTY,,2025-03-20,2025-03-20,24150.00,PE,NIFTY2532024150PE,0.00,0.00,0.00,1090.95,0.00,1090.95,22913.15,1156.85,0,0,0,0.00,0,F1,75,,,,,
2025-02-20,2025-02-20,FO,NSE,IDO,50269,,NIFTY,,2025-03-20,2025-03-20,23900.00,PE,NIFTY2532023900PE,0.00,0.00,0.00,900.05,0.00,900.05,22913.15,938.45,0,0,0,0.00,0,F1,75,,,,,
2025-02-20,2025-02-20,FO,NSE,IDO,50216,,NIFTY,,2025-03-20,2025-03-20,22800.00,PE,NIFTY2532022800PE,280.00,290.20,248.10,248.15,248.15,257.50,22913.15,234.05,1950,900,37,64002532.50,20,F1,75,,,,,
2025-02-20,2025-02-20,FO,NSE,IDO,50182,,NIFTY,,2025-03-20,2025-03-20,22400.00,PE,NIFTY2532022400PE,0.00,0.00,0.00,163.05,0.00,163.05,22913.15,109.25,0,0,0,0.00,0,F1,75,,,,,
2025-02-20,2025-02-20,FO,NSE,IDO,50104,,NIFTY,,2025-03-20,2025-03-20,21200.00,PE,NIFTY2532021200PE,23.10,23.10,19.95,19.95,19.95,23.00,22913.15,3.50,3000,450,6,9549922.50,3,F1,75,,,,,
2025-02-20,2025-02-20,FO,NSE,IDO,45649,,NIFTY,,2025-03-13,2025-03-13,25200.00,PE,NIFTY2531325200PE,0.00,0.00,0.00,1494.65,0.00,1494.65,22913.15,2193.25,0,0,0,0.00,0,F1,75,,,,,
2025-02-20,2025-02-20,FO,NSE,IDO,45641,,NIFTY,,2025-03-13,2025-03-13,25000.00,PE,NIFTY2531325000PE,0.00,0.00,0.00,1322.50,0.00,1322.50,22913.15,1994.60,0,0,0,0.00,0,F1,75,,,,,
2025-02-20,2025-02-20,FO,NSE,IDO,45522,,NIFTY,,2025-03-13,2025-03-13,23350.00,PE,NIFTY2531323350PE,0.00,0.00,0.00,288.90,0.00,288.90,22913.15,501.30,0,0,0,0.00,0,F1,75,,,,,
2025-02-20,2025-02-20,FO,NSE,IDO,45487,,NIFTY,,2025-03-13,2025-03-13,22950.00,PE,NIFTY2531322950PE,294.60,319.20,252.05,262.25,262.25,280.60,22913.15,267.65,1275,-225,20,34855590.00,18,F1,75,,,,,
2025-02-20,2025-02-20,FO,NSE,IDO,45473,,NIFTY,,2025-03-13,2025-03-13,22600.00,PE,NIFTY2531322600PE,174.00,185.00,141.50,143.50,142.90,160.60,22913.15,143.50,2475,1125,53,90451436.25,43,F1,75,,,,,
2025-02-20,2025-02-20,FO,NSE,IDO,45461,,NIFTY,,2025-03-13,2025-03-13,22350.00,PE,NIFTY2531322350PE,88.00,88.00,88.00,88.00,88.00,60.95,22913.15,88.00,75,75,1,1682850.00,1,F1,75,,,,,
2025-02-20,2025-02-20,FO,NSE,IDO,45441,,NIFTY,,2025-03-13,2025-03-13,22000.00,PE,NIFTY2531322000PE,57.65,62.80,42.90,44.35,46.20,55.80,22913.15,44.35,18225,1875,333,550716877.50,198,F1,75,,,,,
2025-02-20,2025-02-20,FO,NSE,IDO,45417,,NIFTY,,2025-03-13,2025-03-13,21550.00,PE,NIFTY2531321550PE,0.00,0.00,0.00,10.85,0.00,10.85,22913.15,5.40,0,0,0,0.00,0,F1,75,,,,,
2025-02-20,2025-02-20,FO,NSE,IDO,68621,,NIFTY,,2025-03-06,2025-03-06,24550.00,PE,NIFTY2530624550PE,0.00,0.00,0.00,1481.10,1480.10,1481.10,22913.15,1576.75,450,0,0,0.00,0,F1,75,,,,,
2025-02-20,2025-02-20,FO,NSE,IDO,68471,,NIFTY,,2025-03-06,2025-03-06,23050.00,PE,NIFTY2530623050PE,317.50,334.75,263.25,267.60,272.05,285.30,22913.15,267.60,21300,2625,478,836530005.00,335,F1,75,,,,,
2025-02-20,2025-02-20,FO,NSE,IDO,68449,,NIFTY,,2025-03-06,2025-03-06,22550.00,PE,NIFTY2530622550PE,121.00,143.75,89.35,90.65,93.55,108.60,22913.15,90.65,17400,4350,519,881799457.50,377,F1,75,,,,,
2025-02-20,2025-02-20,FO,NSE,IDO,68387,,NIFTY,,2025-03-06,2025-03-06,21300.00,PE,NIFTY2530621300PE,6.50,6.90,3.85,4.60,4.50,5.95,22913.15,4.60,60075,21450,767,1225554551.25,345,F1,75,,,,,
2025-02-20,2025-02-20,FO,NSE,IDO,68377,,NIFTY,,2025-03-06,2025-03-06,21150.00,PE,NIFTY2530621150PE,4.00,4.30,3.45,3.65,3.65,5.15,22913.15,3.65,5775,525,102,161826015.00,39,F1,75,,,,,
2025-02-20,2025-02-20,FO,NSE,IDO,57672,,NIFTY,,2025-02-27,2025-02-27,25700.00,PE,NIFTY25FEB25700PE,2760.00,2763.00,2760.00,2763.00,2763.00,2615.95,22913.15,2754.85,24450,-300,4,8538450.00,2,F1,75,,,,,
2025-02-20,2025-02-20,FO,NSE,IDO,57632,,NIFTY,,2025-02-27,2025-02-27,24750.00,PE,NIFTY25FEB24750PE,0.00,0.00,0.00,1870.30,1870.30,1870.30,22913.15,1806.00,6900,0,0,0.00,0,F1,75,,,,,
2025-02-20,2025-02-20,FO,NSE,IDO,57600,,NIFTY,,2025-02-27,2025-02-27,23950.00,PE,NIFTY25FEB23950PE,1020.00,1020.00,1004.00,1004.00,1004.00,994.00,22913.15,1008.45,16950,150,5,9361968.75,5,F1,75,,,,,
2025-02-20,2025-02-20,FO,NSE,IDO,57586,,NIFTY,,2025-02-27,2025-02-27,23600.00,PE,NIFTY25FEB23600PE,709.95,751.95,650.00,665.20,675.75,649.20,22913.15,665.20,993600,-19725,1463,2664387435.00,977,F1,75,,,,,
2025-02-20,2025-02-20,FO,NSE,IDO,55648,,NIFTY,,2025-02-27,2025-02-27,23200.00,PE,NIFTY25FEB23200PE,338.05,400.00,301.40,317.50,325.00,325.95,22913.15,317.50,1965900,45600,25238,44550807648.75,15834,F1,75,,,,,
2025-02-20,2025-02-20,FO,NSE,IDO,55628,,NIFTY,,2025-02-27,2025-02-27,22700.00,PE,NIFTY25FEB22700PE,115.00,120.60,70.40,74.10,76.80,92.50,22913.15,74.10,2778750,859200,144442,246863416878.75,73958,F1,75,,,,,
2025-02-20,2025-02-20,FO,NSE,IDO,55602,,NIFTY,,2025-02-27,2025-02-27,22050.00,PE,NIFTY25FEB22050PE,12.40,14.75,5.80,6.15,7.20,11.25,22913.15,6.15,517200,220725,29398,48634435222.50,13224,F1,75,,,,,
2025-02-20,2025-02-20,FO,NSE,IDO,55574,,NIFTY,,2025-02-27,2025-02-27,21450.00,PE,NIFTY25FEB21450PE,2.50,2.70,1.40,1.70,1.80,2.50,22913.15,1.70,168975,49650,7627,12271107442.50,3105,F1,75,,,,,
2025-02-20,2025-02-20,FO,NSE,IDO,63617,,NIFTY,,2025-02-20,2025-02-20,23350.00,PE,NIFTY2522023350PE,487.80,530.00,427.00,436.80,436.65,420.75,22913.15,22913.15,42825,-5475,1291,2305314682.50,929,F1,75,,,,,
2025-02-20,2025-02-20,FO,NSE,IDO,63266,,NIFTY,,2025-02-20,2025-02-20,21650.00,PE,NIFTY2522021650PE,0.30,0.35,0.05,0.05,0.05,0.35,22913.15,22913.15,308925,-87825,43273,70265197365.00,12387,F1,75,,,,,
2025-02-20,2025-02-20,FO,NSE,IDO,63085,,NIFTY,,2025-02-20,2025-02-20,21150.00,PE,NIFTY2522021150PE,0.20,0.20,0.05,0.05,0.05,0.25,22913.15,22913.15,968775,-78300,22348,35449734637.50,2899,F1,75,,,,,
2025-02-20,2025-02-20,FO,NSE,IDO,89638,,NIFTY,,2029-06-28,2029-06-28,28000.00,CE,NIFTY29JUN28000CE,0.00,0.00,0.00,6112.60,0.00,6112.60,22913.15,3442.30,0,0,0,0.00,0,F1,75,,,,,
2025-02-20,2025-02-20,FO,NSE,IDO,89616,,NIFTY,,2029-06-28,2029-06-28,20000.00,CE,NIFTY29JUN20000CE,0.00,0.00,0.00,10410.00,0.00,10410.00,22913.15,7989.45,0,0,0,0.00,0,F1,75,,,,,
2025-02-20,2025-02-20,FO,NSE,IDO,67786,,NIFTY,,2028-12-28,2028-12-28,26000.00,CE,NIFTY28DEC26000CE,0.00,0.00,0.00,4879.70,0.00,4879.70,22913.15,3826.95,0,0,0,0.00,0,F1,75,,,,,
2025-02-20,2025-02-20,FO,NSE,IDO,86141,,NIFTY,,2028-06-29,2028-06-29,19000.00,CE,NIFTY28JUN19000CE,0.00,0.00,0.00,6252.25,0.00,6252.25,22913.15,7727.75,0,0,0,0.00,0,F1,75,,,,,
2025-02-20,2025-02-20,FO,NSE,IDO,53613,,NIFTY,,2027-12-30,2027-12-30,21000.00,CE,NIFTY27DEC21000CE,0.00,0.00,0.00,4902.40,0.00,4902.40,22913.15,5717.25,0,0,0,0.00,0,F1,75,,,,,
2025-02-20,2025-02-20,FO,NSE,IDO,58644,,NIFTY,,2026-12-31,2026-12-31,20000.00,CE,NIFTY26DEC20000CE,0.00,0.00,0.00,3704.30,0.00,3704.30,22913.15,5320.20,0,0,0,0.00,0,F1,75,,,,,
2025-02-20,2025-02-20,FO,NSE,IDO,38152,,NIFTY,,2025-12-24,2025-12-24,29000.00,CE,NIFTY25DEC29000CE,101.20,117.50,100.50,103.05,102.10,105.40,22913.15,103.05,93450,2925,105,229201822.50,68,F1,75,,,,,
2025-02-20,2025-02-20,FO,NSE,IDO,49177,,NIFTY,,2025-12-24,2025-12-24,16000.00,CE,NIFTY25DEC16000CE,0.00,0.00,0.00,7200.00,7200.00,7200.00,22913.15,7764.60,50,0,0,0.00,0,F1,75,,,,,
2025-02-20,2025-02-20,FO,NSE,IDO,71383,,NIFTY,,2025-06-26,2025-06-26,26000.00,CE,NIFTY25JUN26000CE,70.00,73.25,65.05,68.75,69.10,71.95,22913.15,68.75,756100,89925,2717,5312200522.50,1878,F1,75,,,,,
2025-02-20,2025-02-20,FO,NSE,IDO,79741,,NIFTY,,2025-04-24,2025-04-24,25350.00,CE,NIFTY25APR25350CE,0.00,0.00,0.00,56.65,56.65,56.65,22913.15,29.00,75,0,0,0.00,0,F1,75,,,,,
2025-02-20,2025-02-20,FO,NSE,IDO,79672,,NIFTY,,2025-04-24,2025-04-24,24750.00,CE,NIFTY25APR24750CE,0.00,0.00,0.00,88.80,88.80,88.80,22913.15,74.65,75,0,0,0.00,0,F1,75,,,,,
2025-02-20,2025-02-20,FO,NSE,IDO,79616,,NIFTY,,2025-04-24,2025-04-24,24250.00,CE,NIFTY25APR24250CE,0.00,0.00,0.00,467.25,0.00,467.25,22913.15,149.55,0,0,0,0.00,0,F1,75,,,,,
2025-02-20,2025-02-20,FO,NSE,IDO,79537,,NIFTY,,2025-04-24,2025-04-24,24050.00,CE,NIFTY25APR24050CE,0.00,0.00,0.00,541.45,0.00,541.45,22913.15,192.90,0,0,0,0.00,0,F1,75,,,,,
2025-02-20,2025-02-20,FO,NSE,IDO,79517,,NIFTY,,2025-04-24,2025-04-24,23900.00,CE,NIFTY25APR23900CE,230.00,240.00,220.00,227.55,229.00,252.35,22913.15,227.55,12375,3075,108,195467238.75,42,F1,75,,,,,
2025-02-20,2025-02-20,FO,NSE,IDO,79488,,NIFTY,,2025-04-24,2025-04-24,23400.00,CE,NIFTY25APR23400CE,436.00,442.75,418.00,426.25,425.70,456.50,22913.15,426.25,21825,-1125,84,150127646.25,46,F1,75,,,,,
2025-02-20,2025-02-20,FO,NSE,IDO,79440,,NIFTY,,2025-04-24,2025-04-24,23200.00,CE,NIFTY25APR23200CE,544.05,549.90,516.80,532.55,528.15,561.55,22913.15,532.55,29775,1050,128,227831696.25,61,F1,75,,,,,
2025-02-20,2025-02-20,FO,NSE,IDO,79420,,NIFTY,,2025-04-24,2025-04-24,22900.00,CE,NIFTY25APR22900CE,717.00,723.05,680.95,709.45,708.30,741.80,22913.15,709.45,15300,6375,213,377183058.75,114,F1,75,,,,,
2025-02-20,2025-02-20,FO,NSE,IDO,79384,,NIFTY,,2025-04-24,2025-04-24,22350.00,CE,NIFTY25APR22350CE,0.00,0.00,0.00,1510.75,0.00,1510.75,22913.15,1004.75,0,0,0,0.00,0,F1,75,,,,,
2025-02-20,2025-02-20,FO,NSE,IDO,79256,,NIFTY,,2025-04-24,2025-04-24,21500.00,CE,NIFTY25APR21500CE,1796.50,1796.50,1796.50,1796.50,1796.50,1766.05,22913.15,1702.40,1275,-150,2,3494475.00,1,F1,75,,,,,
2025-02-20,2025-02-20,FO,NSE,IDO,56568,,NIFTY,,2025-03-27,2025-03-27,24900.00,CE,NIFTY25MAR24900CE,16.25,17.70,13.45,13.80,13.50,16.65,22913.15,13.80,106575,-11325,1191,2225544318.75,545,F1,75,,,,,
2025-02-20,2025-02-20,FO,NSE,IDO,56544,,NIFTY,,2025-03-27,2025-03-27,24750.00,CE,NIFTY25MAR24750CE,20.60,21.45,16.40,16.85,16.55,21.30,22913.15,16.85,33225,3525,684,1270660158.75,326,F1,75,,,,,
2025-02-20,2025-02-20,FO,NSE,IDO,56528,,NIFTY,,2025-03-27,2025-03-27,24600.00,CE,NIFTY25MAR24600CE,29.00,29.00,19.40,21.00,21.10,27.30,22913.15,21.00,164475,65475,3290,6075838323.75,1323,F1,75,,,,,
2025-02-20,2025-02-20,FO,NSE,IDO,54727,,NIFTY,,2025-03-27,2025-03-27,24100.00,CE,NIFTY25MAR24100CE,69.95,73.00,59.00,60.15,60.45,75.15,22913.15,60.15,204075,-3900,3633,6584378655.00,2206,F1,75,,,,,
2025-02-20,2025-02-20,FO,NSE,IDO,54719,,NIFTY,,2025-03-27,2025-03-27,23850.00,CE,NIFTY25MAR23850CE,116.90,118.85,101.25,102.80,102.05,125.90,22913.15,102.80,27375,-3450,522,938010217.50,299,F1,75,,,,,
2025-02-20,2025-02-20,FO,NSE,IDO,51475,,NIFTY,,2025-03-27,2025-03-27,23650.00,CE,NIFTY25MAR23650CE,164.10,172.85,149.90,152.10,151.25,180.55,22913.15,152.10,31200,-8550,577,1030382437.50,469,F1,75,,,,,
2025-02-20,2025-02-20,FO,NSE,IDO,51459,,NIFTY,,2025-03-27,2025-03-27,23550.00,CE,NIFTY25MAR23550CE,195.65,204.10,181.60,185.00,181.60,214.55,22913.15,185.00,47025,-7575,665,1184037873.75,484,F1,75,,,,,
2025-02-20,2025-02-20,FO,NSE,IDO,46984,,NIFTY,,2025-03-27,2025-03-27,22250.00,CE,NIFTY25MAR22250CE,0.00,0.00,0.00,1072.25,1072.20,1072.25,22913.15,900.85,525,0,0,0.00,0,F1,75,,,,,
2025-02-20,2025-02-20,FO,NSE,IDO,64556,,NIFTY,,2025-03-27,2025-03-27,20000.00,CE,NIFTY25MAR20000CE,3025.00,3067.00,2994.50,3060.05,3053.95,3083.20,22913.15,3060.05,471275,4150,188,324879397.50,146,F1,75,,,,,
2025-02-20,2025-02-20,FO,NSE,IDO,50289,,NIFTY,,2025-03-20,2025-03-20,24300.00,CE,NIFTY2532024300CE,0.00,0.00,0.00,110.80,0.00,110.80,22913.15,27.90,0,0,0,0.00,0,F1,75,,,,,
2025-02-20,2025-02-20,FO,NSE,IDO,50251,,NIFTY,,2025-03-20,2025-03-20,23650.00,CE,NIFTY2532023650CE,0.00,0.00,0.00,143.80,143.80,143.80,22913.15,117.45,675,0,0,0.00,0,F1,75,,,,,
2025-02-20,2025-02-20,FO,NSE,IDO,50245,,NIFTY,,2025-03-20,2025-03-20,23550.00,CE,NIFTY2532023550CE,0.00,0.00,0.00,305.45,0.00,305.45,22913.15,142.05,0,0,0,0.00,0,F1,75,,,,,
2025-02-20,2025-02-20,FO,NSE,IDO,50237,,NIFTY,,2025-03-20,2025-03-20,23350.00,CE,NIFTY2532023350CE,0.00,0.00,0.00,385.35,0.00,385.35,22913.15,202.70,0,0,0,0.00,0,F1,75,,,,,
2025-02-20,2025-02-20,FO,NSE,IDO,50229,,NIFTY,,2025-03-20,2025-03-20,23150.00,CE,NIFTY2532023150CE,0.00,0.00,0.00,478.75,0.00,478.75,22913.15,280.40,0,0,0,0.00,0,F1,75,,,,,
2025-02-20,2025-02-20,FO,NSE,IDO,50223,,NIFTY,,2025-03-20,2025-03-20,23000.00,CE,NIFTY2532023000CE,381.00,389.00,369.15,376.65,376.65,412.15,22913.15,376.65,11175,375,29,50849898.75,23,F1,75,,,,,
2025-02-20,2025-02-20,FO,NSE,IDO,50219,,NIFTY,,2025-03-20,2025-03-20,22900.00,CE,NIFTY2532022900CE,437.90,458.40,430.15,433.35,430.15,450.00,22913.15,433.35,2550,1200,32,56023008.75,21,F1,75,,,,,
2025-02-20,2025-02-20,FO,NSE,IDO,50181,,NIFTY,,2025-03-20,2025-03-20,22400.00,CE,NIFTY2532022400CE,0.00,0.00,0.00,948.35,0.00,948.35,22913.15,733.80,0,0,0,0.00,0,F1,75,,,,,
2025-02-20,2025-02-20,FO,NSE,IDO,45619,,NIFTY,,2025-03-13,2025-03-13,24800.00,CE,NIFTY2531324800CE,7.00,7.35,6.95,7.00,6.95,6.30,22913.15,7.00,675,300,7,13023753.75,5,F1,75,,,,,
2025-02-20,2025-02-20,FO,NSE,IDO,45544,,NIFTY,,2025-03-13,2025-03-13,23850.00,CE,NIFTY2531323850CE,0.00,0.00,0.00,433.25,0.00,433.25,22913.15,47.35,0,0,0,0.00,0,F1,75,,,,,
2025-02-20,2025-02-20,FO,NSE,IDO,45480,,NIFTY,,2025-03-13,2025-03-13,22800.00,CE,NIFTY2531322800CE,434.65,445.90,419.05,433.25,431.80,466.70,22913.15,433.25,14325,10650,246,428687058.75,96,F1,75,,,,,
2025-02-20,2025-02-20,FO,NSE,IDO,45419,,NIFTY,,2025-03-13,2025-03-13,21600.00,CE,NIFTY2531321600CE,0.00,0.00,0.00,2165.85,0.00,2165.85,22913.15,1400.35,0,0,0,0.00,0,F1,75,,,,,
2025-02-20,2025-02-20,FO,NSE,IDO,68633,,NIFTY,,2025-03-06,2025-03-06,24800.00,CE,NIFTY2530624800CE,3.00,3.65,2.40,2.55,2.55,3.00,22913.15,2.55,21075,-1800,556,1034276373.75,201,F1,75,,,,,
2025-02-20,2025-02-20,FO,NSE,IDO,68598,,NIFTY,,2025-03-06,2025-03-06,24100.00,CE,NIFTY2530624100CE,10.60,10.95,7.85,8.40,8.45,12.05,22913.15,8.40,146550,48750,4162,7525561380.00,2262,F1,75,,,,,
2025-02-20,2025-02-20,FO,NSE,IDO,68480,,NIFTY,,2025-03-06,2025-03-06,23300.00,CE,NIFTY2530623300CE,124.25,128.00,106.00,110.65,109.10,140.80,22913.15,110.65,167100,77625,5873,10313348790.00,3991,F1,75,,,,,
2025-02-20,2025-02-20,FO,NSE,IDO,57702,,NIFTY,,2025-02-27,2025-02-27,26300.00,CE,NIFTY25FEB26300CE,1.45,1.60,0.95,1.15,0.95,1.30,22913.15,1.15,569850,504075,15697,30963735926.25,2560,F1,75,,,,,
2025-02-20,2025-02-20,FO,NSE,IDO,57687,,NIFTY,,2025-02-27,2025-02-27,26100.00,CE,NIFTY25FEB26100CE,1.45,1.60,0.90,1.05,0.95,1.45,22913.15,1.05,32925,-18000,1915,3748792687.50,857,F1,75,,,,,
2025-02-20,2025-02-20,FO,NSE,IDO,57663,,NIFTY,,2025-02-27,2025-02-27,25500.00,CE,NIFTY25FEB25500CE,2.00,2.00,1.00,1.15,1.00,1.45,22913.15,1.15,1583700,135150,51648,98781735978.75,10729,F1,75,,,,,
2025-02-20,2025-02-20,FO,NSE,IDO,57637,,NIFTY,,2025-02-27,2025-02-27,24900.00,CE,NIFTY25FEB24900CE,1.60,1.90,1.00,1.15,1.05,1.60,22913.15,1.15,225825,32700,9293,17355670965.00,3004,F1,75,,,,,
2025-02-20,2025-02-20,FO,NSE,IDO,57629,,NIFTY,,2025-02-27,2025-02-27,24700.00,CE,NIFTY25FEB24700CE,1.95,2.05,1.05,1.20,1.30,1.65,22913.15,1.20,573975,65400,15172,28107808140.00,3687,F1,75,,,,,
2025-02-20,2025-02-20,FO,NSE,IDO,57617,,NIFTY,,2025-02-27,2025-02-27,24400.00,CE,NIFTY25FEB24400CE,1.60,2.20,1.20,1.30,1.45,1.95,22913.15,1.30,680850,-18750,29147,53342515980.00,8726,F1,75,,,,,
2025-02-20,2025-02-20,FO,NSE,IDO,57609,,NIFTY,,2025-02-27,2025-02-27,24200.00,CE,NIFTY25FEB24200CE,2.30,2.80,1.30,1.45,1.50,2.40,22913.15,1.45,2192175,489150,75705,137414269950.00,20053,F1,75,,,,,
2025-02-20,2025-02-20,FO,NSE,IDO,57607,,NIFTY,,2025-02-27,2025-02-27,24150.00,CE,NIFTY25FEB24150CE,2.45,3.00,1.40,1.50,1.50,2.60,22913.15,1.50,367425,20325,12074,21870746167.50,6145,F1,75,,,,,
2025-02-20,2025-02-20,FO,NSE,IDO,57595,,NIFTY,,2025-02-27,2025-02-27,23850.00,CE,NIFTY25FEB23850CE,5.40,5.50,2.80,3.05,2.80,5.70,22913.15,3.05,577650,-107100,31287,55973185601.25,11288,F1,75,,,,,
2025-02-20,2025-02-20,FO,NSE,IDO,56737,,NIFTY,,2025-02-27,2025-02-27,23450.00,CE,NIFTY25FEB23450CE,28.85,28.85,16.50,17.95,17.50,33.75,22913.15,17.95,585675,179925,57536,101276416796.25,28471,F1,75,,,,,
2025-02-20,2025-02-20,FO,NSE,IDO,55635,,NIFTY,,2025-02-27,2025-02-27,22900.00,CE,NIFTY25FEB22900CE,192.00,200.25,159.70,184.45,180.25,225.30,22913.15,184.45,3626175,1639275,273012,472672265126.25,148059,F1,75,,,,,
2025-02-20,2025-02-20,FO,NSE,IDO,55591,,NIFTY,,2025-02-27,2025-02-27,21800.00,CE,NIFTY25FEB21800CE,1098.00,1141.95,1098.00,1140.00,1140.00,1164.00,22913.15,1140.65,1500,225,3,5158496.25,3,F1,75,,,,,
2025-02-20,2025-02-20,FO,NSE,IDO,55587,,NIFTY,,2025-02-27,2025-02-27,21700.00,CE,NIFTY25FEB21700CE,1195.00,1241.00,1195.00,1232.00,1232.00,1260.30,22913.15,1240.35,1200,525,8,13756950.00,4,F1,75,,,,,
2025-02-20,2025-02-20,FO,NSE,IDO,55573,,NIFTY,,2025-02-27,2025-02-27,21450.00,CE,NIFTY25FEB21450CE,0.00,0.00,0.00,1547.20,1547.20,1547.20,22913.15,1489.90,600,0,0,0.00,0,F1,75,,,,,
2025-02-20,2025-02-20,FO,NSE,IDO,55565,,NIFTY,,2025-02-27,2025-02-27,21250.00,CE,NIFTY25FEB21250CE,0.00,0.00,0.00,1768.50,1768.50,1768.50,22913.15,1689.60,225,0,0,0.00,0,F1,75,,,,,
2025-02-20,2025-02-20,FO,NSE,IDO,63974,,NIFTY,,2025-02-20,2025-02-20,25300.00,CE,NIFTY2522025300CE,0.30,0.45,0.05,0.05,0.10,0.35,22913.15,22913.15,828900,-248325,44413,84274325823.75,6939,F1,75,,,,,
2025-02-20,2025-02-20,FO,NSE,IDO,63972,,NIFTY,,2025-02-20,2025-02-20,25250.00,CE,NIFTY2522025250CE,0.25,0.35,0.05,0.05,0.05,0.35,22913.15,22913.15,292425,43950,15808,29936650200.00,2708,F1,75,,,,,
2025-02-20,2025-02-20,FO,NSE,IDO,63815,,NIFTY,,2025-02-20,2025-02-20,25100.00,CE,NIFTY2522025100CE,0.40,0.60,0.05,0.10,0.05,0.40,22913.15,22913.15,489150,-397950,92138,173451338958.75,11931,F1,75,,,,,
2025-02-20,2025-02-20,FO,NSE,IDO,63799,,NIFTY,,2025-02-20,2025-02-20,24800.00,CE,NIFTY2522024800CE,0.35,0.40,0.05,0.10,0.05,0.45,22913.15,22913.15,287925,54675,12492,23235295076.25,4045,F1,75,,,,,
2025-02-20,2025-02-20,FO,NSE,IDO,63672,,NIFTY,,2025-02-20,2025-02-20,23800.00,CE,NIFTY2522023800CE,0.55,0.55,0.05,0.05,0.05,0.75,22913.15,22913.15,4649925,-1858350,328491,586365248917.50,53015,F1,75,,,,,
2025-02-20,2025-02-20,FO,NSE,IDF,35001,,NIFTY,,2025-03-27,2025-03-27,,,NIFTY25MARFUT,22911.00,23100.30,22898.35,23083.35,23077.95,23099.80,22913.15,23083.35,2879400,573225,14937,25840887213.75,10989,F1,75,,,,,
2025-02-20,2025-02-20,FO,NSE,IDO,89615,,NIFTY,,2029-06-28,2029-06-28,19000.00,PE,NIFTY29JUN19000PE,0.00,0.00,0.00,170.30,0.00,170.30,22913.15,92.70,0,0,0,0.00,0,F1,75,,,,,
2025-02-20,2025-02-20,FO,NSE,IDO,67783,,NIFTY,,2028-12-28,2028-12-28,24000.00,PE,NIFTY28DEC24000PE,0.00,0.00,0.00,914.30,914.30,914.30,22913.15,667.60,600,0,0,0.00,0,F1,75,,,,,
2025-02-20,2025-02-20,FO,NSE,IDO,53619,,NIFTY,,2027-12-30,2027-12-30,23000.00,PE,NIFTY27DEC23000PE,0.00,0.00,0.00,800.05,800.05,800.05,22913.15,554.75,1950,0,0,0.00,0,F1,75,,,,,
2025-02-20,2025-02-20,FO,NSE,IDO,79642,,NIFTY,,2025-04-24,2025-04-24,24550.00,CE,NIFTY25APR24550CE,0.00,0.00,0.00,106.65,106.65,106.65,22913.15,99.55,0,0,0,0.00,0,F1,75,,,,,
2025-02-20,2025-02-20,FO,NSE,IDO,79636,,NIFTY,,2025-04-24,2025-04-24,24400.00,CE,NIFTY25APR24400CE,117.70,124.00,107.00,108.05,108.10,125.20,22913.15,108.05,34575,-8325,234,430237781.25,71,F1,75,,,,,
2025-02-20,2025-02-20,FO,NSE,IDO,79634,,NIFTY,,2025-04-24,2025-04-24,24350.00,CE,NIFTY25APR24350CE,0.00,0.00,0.00,134.25,134.25,134.25,22913.15,131.05,1800,0,0,0.00,0,F1,75,,,,,
2025-02-20,2025-02-20,FO,NSE,IDO,79529,,NIFTY,,2025-04-24,2025-04-24,24000.00,CE,NIFTY25APR24000CE,207.70,217.30,196.35,198.85,198.95,221.60,22913.15,198.85,295725,53100,3752,6810883357.50,2520,F1,75,,,,,
2025-02-20,2025-02-20,FO,NSE,IDO,79519,,NIFTY,,2025-04-24,2025-04-24,23950.00,CE,NIFTY25APR23950CE,0.00,0.00,0.00,581.60,0.00,581.60,22913.15,218.00,0,0,0,0.00,0,F1,75,,,,,
2025-02-20,2025-02-20,FO,NSE,IDO,79260,,NIFTY,,2025-04-24,2025-04-24,21600.00,CE,NIFTY25APR21600CE,0.00,0.00,0.00,2112.40,0.00,2112.40,22913.15,1613.35,0,0,0,0.00,0,F1,75,,,,,
2025-02-20,2025-02-20,FO,NSE,IDO,56872,,NIFTY,,2025-03-27,2025-03-27,25200.00,CE,NIFTY25MAR25200CE,9.35,11.80,9.15,9.95,9.65,11.75,22913.15,9.95,142125,1725,796,1505083095.00,422,F1,75,,,,,
2025-02-20,2025-02-20,FO,NSE,IDO,55341,,NIFTY,,2025-03-27,2025-03-27,24450.00,CE,NIFTY25MAR24450CE,33.55,33.55,27.95,28.40,28.25,36.40,22913.15,28.40,25575,4575,466,855615138.75,254,F1,75,,,,,
2025-02-20,2025-02-20,FO,NSE,IDO,55197,,NIFTY,,2025-03-27,2025-03-27,24300.00,CE,NIFTY25MAR24300CE,45.00,55.00,37.70,38.95,37.70,49.75,22913.15,38.95,260025,54975,4119,7519877340.00,2203,F1,75,,,,,
2025-02-20,2025-02-20,FO,NSE,IDO,55060,,NIFTY,,2025-03-27,2025-03-27,24200.00,CE,NIFTY25MAR24200CE,53.45,59.25,46.90,48.80,48.95,61.15,22913.15,48.80,253650,8025,4287,7797759585.00,2704,F1,75,,,,,
2025-02-20,2025-02-20,FO,NSE,IDO,54725,,NIFTY,,2025-03-27,2025-03-27,24050.00,CE,NIFTY25MAR24050CE,80.50,81.65,66.90,68.35,67.60,84.50,22913.15,68.35,22275,-2025,284,513795540.00,168,F1,75,,,,,
2025-02-20,2025-02-20,FO,NSE,IDO,54723,,NIFTY,,2025-03-27,2025-03-27,23950.00,CE,NIFTY25MAR23950CE,99.00,99.00,81.25,83.30,82.45,103.15,22913.15,83.30,32100,3600,498,897805016.25,242,F1,75,,,,,
2025-02-20,2025-02-20,FO,NSE,IDO,54721,,NIFTY,,2025-03-27,2025-03-27,23900.00,CE,NIFTY25MAR23900CE,111.25,111.25,91.20,93.50,92.50,113.75,22913.15,93.50,303150,61950,5153,9274495222.50,3689,F1,75,,,,,
2025-02-20,2025-02-20,FO,NSE,IDO,51124,,NIFTY,,2025-03-27,2025-03-27,23450.00,CE,NIFTY25MAR23450CE,233.05,241.70,218.05,221.05,219.05,253.05,22913.15,221.05,48150,-2100,480,852394166.25,345,F1,75,,,,,
2025-02-20,2025-02-20,FO,NSE,IDO,51118,,NIFTY,,2025-03-27,2025-03-27,23300.00,CE,NIFTY25MAR23300CE,294.20,304.45,273.25,282.45,280.50,316.00,22913.15,282.45,231075,21150,3006,5317808190.00,2023,F1,75,,,,,
2025-02-20,2025-02-20,FO,NSE,IDO,47038,,NIFTY,,2025-03-27,2025-03-27,22700.00,CE,NIFTY25MAR22700CE,618.05,636.65,590.00,622.80,616.25,664.15,22913.15,622.80,60450,-1200,448,783619965.00,368,F1,75,,,,,
2025-02-20,2025-02-20,FO,NSE,IDO,46991,,NIFTY,,2025-03-27,2025-03-27,22400.00,CE,NIFTY25MAR22400CE,816.50,847.00,816.50,837.00,837.00,851.85,22913.15,785.05,5475,1425,50,87145721.25,37,F1,75,,,,,
2025-02-20,2025-02-20,FO,NSE,IDO,46829,,NIFTY,,2025-03-27,2025-03-27,21100.00,CE,NIFTY25MAR21100CE,1980.00,1990.00,1975.00,1985.00,1985.00,2000.00,22913.15,1949.30,825,225,5,8655375.00,5,F1,75,,,,,
2025-02-20,2025-02-20,FO,NSE,IDO,64554,,NIFTY,,2025-03-27,2025-03-27,19000.00,CE,NIFTY25MAR19000CE,4044.00,4052.00,3990.00,4047.30,4045.35,4063.70,22913.15,4047.30,50050,0,18,31103827.50,18,F1,75,,,,,
2025-02-20,2025-02-20,FO,NSE,IDO,50311,,NIFTY,,2025-03-20,2025-03-20,24700.00,CE,NIFTY2532024700CE,0.00,0.00,0.00,58.60,0.00,58.60,22913.15,9.60,0,0,0,0.00,0,F1,75,,,,,
2025-02-20,2025-02-20,FO,NSE,IDO,50272,,NIFTY,,2025-03-20,2025-03-20,23950.00,CE,NIFTY2532023950CE,0.00,0.00,0.00,183.85,0.00,183.85,22913.15,63.20,0,0,0,0.00,0,F1,75,,,,,
2025-02-20,2025-02-20,FO,NSE,IDO,50235,,NIFTY,,2025-03-20,2025-03-20,23300.00,CE,NIFTY2532023300CE,249.35,249.35,228.05,230.15,228.05,249.35,22913.15,230.15,975,900,18,31778760.00,15,F1,75,,,,,
2025-02-20,2025-02-20,FO,NSE,IDO,50543,,NIFTY,,2025-12-24,2025-12-24,28000.00,CE,NIFTY25DEC28000CE,172.05,176.00,165.00,167.85,168.00,174.30,22913.15,167.85,300000,-525,105,221839770.00,96,F1,75,,,,,
2025-02-20,2025-02-20,FO,NSE,IDO,58640,,NIFTY,,2026-12-31,2026-12-31,18000.00,CE,NIFTY26DEC18000CE,0.00,0.00,0.00,4501.45,0.00,4501.45,22913.15,6992.90,0,0,0,0.00,0,F1,75,,,,,
2025-02-20,2025-02-20,FO,NSE,IDO,50547,,NIFTY,,2026-12-31,2026-12-31,28000.00,CE,NIFTY26DEC28000CE,800.00,800.00,800.00,800.00,800.00,1871.10,22913.15,939.10,75,75,1,2160000.00,1,F1,75,,,,,
2025-02-20,2025-02-20,FO,NSE,IDO,38160,,NIFTY,,2027-06-24,2027-06-24,29000.00,CE,NIFTY27JUN29000CE,0.00,0.00,0.00,1545.20,0.00,1545.20,22913.15,1100.65,0,0,0,0.00,0,F1,75,,,,,
2025-02-20,2025-02-20,FO,NSE,IDO,53618,,NIFTY,,2027-12-30,2027-12-30,23000.00,CE,NIFTY27DEC23000CE,0.00,0.00,0.00,4125.70,0.00,4125.70,22913.15,4366.60,0,0,0,0.00,0,F1,75,,,,,
2025-02-20,2025-02-20,FO,NSE,IDO,53626,,NIFTY,,2027-12-30,2027-12-30,25000.00,CE,NIFTY27DEC25000CE,0.00,0.00,0.00,3458.35,0.00,3458.35,22913.15,3214.80,0,0,0,0.00,0,F1,75,,,,,
2025-02-20,2025-02-20,FO,NSE,IDO,50186,,NIFTY,,2025-03-20,2025-03-20,22500.00,CE,NIFTY2532022500CE,0.00,0.00,0.00,875.25,0.00,875.25,22913.15,659.30,0,0,0,0.00,0,F1,75,,,,,
2025-02-20,2025-02-20,FO,NSE,IDO,50160,,NIFTY,,2025-03-20,2025-03-20,22200.00,CE,NIFTY2532022200CE,0.00,0.00,0.00,1102.50,0.00,1102.50,22913.15,893.55,0,0,0,0.00,0,F1,75,,,,,
2025-02-20,2025-02-20,FO,NSE,IDO,45648,,NIFTY,,2025-03-13,2025-03-13,25200.00,CE,NIFTY2531325200CE,5.45,5.45,3.45,4.30,4.30,4.50,22913.15,0.45,2625,900,18,34026082.50,9,F1,75,,,,,
2025-02-20,2025-02-20,FO,NSE,IDO,45617,,NIFTY,,2025-03-13,2025-03-13,24750.00,CE,NIFTY2531324750CE,0.00,0.00,0.00,143.40,0.00,143.40,22913.15,2.80,0,0,0,0.00,0,F1,75,,,,,
2025-02-20,2025-02-20,FO,NSE,IDO,45519,,NIFTY,,2025-03-13,2025-03-13,23300.00,CE,NIFTY2531323300CE,190.00,193.00,171.65,177.35,175.10,210.65,22913.15,177.35,8550,2100,145,255368808.75,125,F1,75,,,,,
2025-02-20,2025-02-20,FO,NSE,IDO,45470,,NIFTY,,2025-03-13,2025-03-13,22550.00,CE,NIFTY2531322550CE,0.00,0.00,0.00,1297.60,0.00,1297.60,22913.15,566.00,0,0,0,0.00,0,F1,75,,,,,
2025-02-20,2025-02-20,FO,NSE,IDO,45398,,NIFTY,,2025-03-13,2025-03-13,21200.00,CE,NIFTY2531321200CE,0.00,0.00,0.00,2555.15,0.00,2555.15,22913.15,1793.50,0,0,0,0.00,0,F1,75,,,,,
2025-02-20,2025-02-20,FO,NSE,IDO,68614,,NIFTY,,2025-03-06,2025-03-06,24400.00,CE,NIFTY2530624400CE,5.20,5.20,3.95,4.10,4.00,5.30,22913.15,4.10,109200,19500,1891,3461155053.75,910,F1,75,,,,,
2025-02-20,2025-02-20,FO,NSE,IDO,68460,,NIFTY,,2025-03-06,2025-03-06,22850.00,CE,NIFTY2530622850CE,347.00,347.00,292.55,321.05,317.00,359.80,22913.15,321.05,18225,5025,1347,2340903922.50,979,F1,75,,,,,
2025-02-20,2025-02-20,FO,NSE,IDO,38164,,NIFTY,,2027-12-30,2027-12-30,29000.00,CE,NIFTY27DEC29000CE,0.00,0.00,0.00,1932.55,0.00,1932.55,22913.15,1569.90,0,0,0,0.00,0,F1,75,,,,,
2025-02-20,2025-02-20,FO,NSE,IDO,67772,,NIFTY,,2028-12-28,2028-12-28,19000.00,CE,NIFTY28DEC19000CE,0.00,0.00,0.00,8739.00,0.00,8739.00,22913.15,8216.90,0,0,0,0.00,0,F1,75,,,,,
2025-02-20,2025-02-20,FO,NSE,IDO,67780,,NIFTY,,2028-12-28,2028-12-28,23000.00,CE,NIFTY28DEC23000CE,0.00,0.00,0.00,6377.60,0.00,6377.60,22913.15,5497.55,0,0,0,0.00,0,F1,75,,,,,
2025-02-20,2025-02-20,FO,NSE,IDO,67788,,NIFTY,,2028-12-28,2028-12-28,27000.00,CE,NIFTY28DEC27000CE,0.00,0.00,0.00,4437.95,0.00,4437.95,22913.15,3354.40,0,0,0,0.00,0,F1,75,,,,,
2025-02-20,2025-02-20,FO,NSE,IDO,67790,,NIFTY,,2028-12-28,2028-12-28,28000.00,CE,NIFTY28DEC28000CE,0.00,0.00,0.00,4027.15,0.00,4027.15,22913.15,2924.95,0,0,0,0.00,0,F1,75,,,,,
2025-02-20,2025-02-20,FO,NSE,IDO,67792,,NIFTY,,2028-12-28,2028-12-28,29000.00,CE,NIFTY28DEC29000CE,0.00,0.00,0.00,3645.75,0.00,3645.75,22913.15,2537.80,0,0,0,0.00,0,F1,75,,,,,
2025-02-20,2025-02-20,FO,NSE,IDO,89624,,NIFTY,,2029-06-28,2029-06-28,21000.00,CE,NIFTY29JUN21000CE,0.00,0.00,0.00,9799.75,0.00,9799.75,22913.15,7311.45,0,0,0,0.00,0,F1,75,,,,,
2025-02-20,2025-02-20,FO,NSE,IDO,89630,,NIFTY,,2029-06-28,2029-06-28,24000.00,CE,NIFTY29JUN24000CE,0.00,0.00,0.00,8085.35,0.00,8085.35,22913.15,5443.55,0,0,0,0.00,0,F1,75,,,,,
2025-02-20,2025-02-20,FO,NSE,IDO,61410,,NIFTY,,2029-12-27,2029-12-27,20000.00,CE,NIFTY29DEC20000CE,0.00,0.00,0.00,10081.10,0.00,10081.10,22913.15,8465.15,0,0,0,0.00,0,F1,75,,,,,
2025-02-20,2025-02-20,FO,NSE,IDO,63302,,NIFTY,,2025-02-20,2025-02-20,22150.00,PE,NIFTY2522022150PE,0.50,0.70,0.05,0.05,0.05,0.70,22913.15,22913.15,1080225,-525300,261925,435129884715.00,52564,F1,75,,,,,
2025-02-20,2025-02-20,FO,NSE,IDO,63362,,NIFTY,,2025-02-20,2025-02-20,22450.00,PE,NIFTY2522022450PE,2.85,6.00,0.05,0.10,0.05,2.50,22913.15,22913.15,3288450,-1049625,1632693,2749181681163.75,309795,F1,75,,,,,
2025-02-20,2025-02-20,FO,NSE,IDO,63437,,NIFTY,,2025-02-20,2025-02-20,22700.00,PE,NIFTY2522022700PE,26.95,33.60,0.05,0.15,0.05,16.75,22913.15,22913.15,4491075,273075,5590068,9519559118557.50,1084238,F1,75,,,,,
2025-02-20,2025-02-20,FO,NSE,IDO,55592,,NIFTY,,2025-02-27,2025-02-27,21800.00,PE,NIFTY25FEB21800PE,6.00,6.10,2.70,2.85,2.70,5.10,22913.15,2.85,2240175,673575,84277,137816218207.50,25624,F1,75,,,,,
2025-02-20,2025-02-20,FO,NSE,IDO,55594,,NIFTY,,2025-02-27,2025-02-27,21850.00,PE,NIFTY25FEB21850PE,7.00,7.00,3.05,3.25,3.15,6.00,22913.15,3.25,490050,275175,17449,28599832057.50,7493,F1,75,,,,,
2025-02-20,2025-02-20,FO,NSE,IDO,55632,,NIFTY,,2025-02-27,2025-02-27,22800.00,PE,NIFTY25FEB22800PE,159.95,163.70,99.00,104.20,108.00,123.25,22913.15,104.20,3785925,949800,239667,412008487597.50,128699,F1,75,,,,,
2025-02-20,2025-02-20,FO,NSE,IDO,68428,,NIFTY,,2025-03-06,2025-03-06,22250.00,CE,NIFTY2530622250CE,0.00,0.00,0.00,866.85,866.85,866.85,22913.15,750.00,75,0,0,0.00,0,F1,75,,,,,
2025-02-20,2025-02-20,FO,NSE,IDO,68411,,NIFTY,,2025-03-06,2025-03-06,21850.00,CE,NIFTY2530621850CE,0.00,0.00,0.00,1251.75,1251.55,1251.75,22913.15,1123.70,450,0,0,0.00,0,F1,75,,,,,
2025-02-20,2025-02-20,FO,NSE,IDO,57681,,NIFTY,,2025-02-27,2025-02-27,25950.00,CE,NIFTY25FEB25950CE,1.30,1.65,1.00,1.05,1.05,1.35,22913.15,1.05,15375,-2475,269,523570503.75,178,F1,75,,,,,
2025-02-20,2025-02-20,FO,NSE,IDO,57667,,NIFTY,,2025-02-27,2025-02-27,25600.00,CE,NIFTY25FEB25600CE,1.60,1.80,0.90,1.05,0.95,1.35,22913.15,1.05,134325,-11325,7076,13586547281.25,2907,F1,75,,,,,
2025-02-20,2025-02-20,FO,NSE,IDO,57645,,NIFTY,,2025-02-27,2025-02-27,25050.00,CE,NIFTY25FEB25050CE,1.95,1.95,0.90,1.10,0.95,1.60,22913.15,1.10,79875,34725,2377,4466044638.75,1073,F1,75,,,,,
2025-02-20,2025-02-20,FO,NSE,IDO,57631,,NIFTY,,2025-02-27,2025-02-27,24750.00,CE,NIFTY25FEB24750CE,2.00,2.00,1.05,1.15,1.10,1.65,22913.15,1.15,134925,-32250,4853,9008903152.50,1466,F1,75,,,,,
2025-02-20,2025-02-20,FO,NSE,IDO,56739,,NIFTY,,2025-02-27,2025-02-27,23500.00,CE,NIFTY25FEB23500CE,18.00,22.35,12.70,13.90,13.50,27.10,22913.15,13.90,9259500,2483700,351371,619709072936.25,116226,F1,75,,,,,
2025-02-20,2025-02-20,FO,NSE,IDO,55611,,NIFTY,,2025-02-27,2025-02-27,22300.00,CE,NIFTY25FEB22300CE,630.00,671.00,589.40,655.95,651.00,687.00,22913.15,655.95,32475,7050,1134,1951474162.50,675,F1,75,,,,,
2025-02-20,2025-02-20,FO,NSE,IDO,55605,,NIFTY,,2025-02-27,2025-02-27,22150.00,CE,NIFTY25FEB22150CE,795.00,799.65,791.20,796.40,796.40,766.25,22913.15,796.40,1050,75,6,10325265.00,6,F1,75,,,,,
2025-02-20,2025-02-20,FO,NSE,IDO,55595,,NIFTY,,2025-02-27,2025-02-27,21900.00,CE,NIFTY25FEB21900CE,1006.00,1051.00,1000.00,1051.00,1051.00,1070.85,22913.15,1041.20,2550,150,11,18907976.25,11,F1,75,,,,,
2025-02-20,2025-02-20,FO,NSE,IDO,63999,,NIFTY,,2025-02-20,2025-02-20,25400.00,CE,NIFTY2522025400CE,0.30,0.40,0.05,0.10,0.05,0.40,22913.15,22913.15,363000,-311025,37373,71196128512.50,4772,F1,75,,,,,
2025-02-20,2025-02-20,FO,NSE,IDO,63710,,NIFTY,,2025-02-20,2025-02-20,24400.00,CE,NIFTY2522024400CE,0.25,0.45,0.05,0.10,0.05,0.40,22913.15,22913.15,408525,-97875,45040,82423877763.75,7470,F1,75,,,,,
2025-02-20,2025-02-20,FO,NSE,IDO,63433,,NIFTY,,2025-02-20,2025-02-20,22650.00,CE,NIFTY2522022650CE,228.40,278.95,181.40,262.45,262.65,298.70,22913.15,22913.15,65400,16875,57380,98504501715.00,39950,F1,75,,,,,
2025-02-20,2025-02-20,FO,NSE,IDO,63301,,NIFTY,,2025-02-20,2025-02-20,22150.00,CE,NIFTY2522022150CE,726.30,765.25,669.55,763.20,764.75,767.05,22913.15,22913.15,3000,75,59,101309238.75,41,F1,75,,,,,
2025-02-20,2025-02-20,FO,NSE,IDO,63271,,NIFTY,,2025-02-20,2025-02-20,21800.00,CE,NIFTY2522021800CE,1072.20,1102.15,1055.90,1102.15,1102.15,1136.35,22913.15,22913.15,2025,0,4,6862143.75,4,F1,75,,,,,
2025-02-20,2025-02-20,FO,NSE,IDO,63084,,NIFTY,,2025-02-20,2025-02-20,21150.00,CE,NIFTY2522021150CE,0.00,0.00,0.00,2317.00,0.00,2317.00,22913.15,22913.15,0,0,0,0.00,0,F1,75,,,,,
2025-02-20,2025-02-20,FO,NSE,IDO,55650,,NIFTY,,2025-02-27,2025-02-27,23250.00,PE,NIFTY25FEB23250PE,415.45,438.80,344.65,357.10,363.30,359.15,22913.15,357.10,131325,-18075,1853,3282615093.75,1300,F1,75,,,,,
2025-02-20,2025-02-20,FO,NSE,IDO,57596,,NIFTY,,2025-02-27,2025-02-27,23850.00,PE,NIFTY25FEB23850PE,959.25,992.20,903.85,907.00,913.15,892.30,22913.15,907.00,157050,0,222,412450147.50,54,F1,75,,,,,
2025-02-20,2025-02-20,FO,NSE,IDO,57604,,NIFTY,,2025-02-27,2025-02-27,24050.00,PE,NIFTY25FEB24050PE,1110.00,1126.55,1107.00,1107.00,1107.00,1099.00,22913.15,1107.00,21525,225,7,13211351.25,4,F1,75,,,,,
2025-02-20,2025-02-20,FO,NSE,IDO,64683,,NIFTY,,2025-09-25,2025-09-25,19000.00,PE,NIFTY25SEP19000PE,0.00,0.00,0.00,8.90,0.00,8.90,22913.15,10.20,0,0,0,0.00,0,F1,75,,,,,
2025-02-20,2025-02-20,FO,NSE,IDO,64681,,NIFTY,,2025-09-25,2025-09-25,18000.00,PE,NIFTY25SEP18000PE,0.00,0.00,0.00,3.05,0.00,3.05,22913.15,1.95,0,0,0,0.00,0,F1,75,,,,,
2025-02-20,2025-02-20,FO,NSE,IDO,50970,,NIFTY,,2025-06-26,2025-06-26,27000.00,PE,NIFTY25JUN27000PE,3464.55,3464.55,3394.95,3404.85,3409.35,3374.05,22913.15,3404.85,118750,4225,75,171048371.25,75,F1,75,,,,,
2025-02-20,2025-02-20,FO,NSE,IDO,79728,,NIFTY,,2025-04-24,2025-04-24,25050.00,PE,NIFTY25APR25050PE,0.00,0.00,0.00,1628.40,0.00,1628.40,22913.15,1904.60,0,0,0,0.00,0,F1,75,,,,,
2025-02-20,2025-02-20,FO,NSE,IDO,79643,,NIFTY,,2025-04-24,2025-04-24,24550.00,PE,NIFTY25APR24550PE,0.00,0.00,0.00,1262.55,0.00,1262.55,22913.15,1462.50,0,0,0,0.00,0,F1,75,,,,,
2025-02-20,2025-02-20,FO,NSE,IDO,79528,,NIFTY,,2025-04-24,2025-04-24,23950.00,PE,NIFTY25APR23950PE,0.00,0.00,0.00,883.65,0.00,883.65,22913.15,987.65,0,0,0,0.00,0,F1,75,,,,,
2025-02-20,2025-02-20,FO,NSE,IDO,79423,,NIFTY,,2025-04-24,2025-04-24,22900.00,PE,NIFTY25APR22900PE,394.80,404.65,372.45,376.05,378.45,385.20,22913.15,376.05,16725,6825,179,312595987.50,91,F1,75,,,,,
2025-02-20,2025-02-20,FO,NSE,IDO,79389,,NIFTY,,2025-04-24,2025-04-24,22400.00,PE,NIFTY25APR22400PE,260.00,260.00,222.70,225.00,225.00,242.90,22913.15,225.00,39300,525,25,42437763.75,19,F1,75,,,,,
2025-02-20,2025-02-20,FO,NSE,IDO,79372,,NIFTY,,2025-04-24,2025-04-24,22200.00,PE,NIFTY25APR22200PE,201.00,202.00,180.00,181.05,180.00,193.05,22913.15,181.05,74925,4500,136,228389752.50,47,F1,75,,,,,
2025-02-20,2025-02-20,FO,NSE,IDO,79298,,NIFTY,,2025-04-24,2025-04-24,22150.00,PE,NIFTY25APR22150PE,0.00,0.00,0.00,192.65,192.65,192.65,22913.15,144.75,150,0,0,0.00,0,F1,75,,,,,
2025-02-20,2025-02-20,FO,NSE,IDO,79282,,NIFTY,,2025-04-24,2025-04-24,21950.00,PE,NIFTY25APR21950PE,0.00,0.00,0.00,139.90,145.00,139.90,22913.15,106.70,225,0,0,0.00,0,F1,75,,,,,
2025-02-20,2025-02-20,FO,NSE,IDO,79261,,NIFTY,,2025-04-24,2025-04-24,21600.00,PE,NIFTY25APR21600PE,103.00,110.00,89.00,91.50,94.00,103.00,22913.15,91.50,29550,5025,86,139979883.75,43,F1,75,,,,,
2025-02-20,2025-02-20,FO,NSE,IDO,79254,,NIFTY,,2025-04-24,2025-04-24,21450.00,PE,NIFTY25APR21450PE,0.00,0.00,0.00,85.75,0.00,85.75,22913.15,45.00,0,0,0,0.00,0,F1,75,,,,,
2025-02-20,2025-02-20,FO,NSE,IDO,79252,,NIFTY,,2025-04-24,2025-04-24,21400.00,PE,NIFTY25APR21400PE,90.35,91.30,77.95,79.50,79.95,90.40,22913.15,79.50,172500,75,270,435023088.75,152,F1,75,,,,,
2025-02-20,2025-02-20,FO,NSE,IDO,64593,,NIFTY,,2025-03-27,2025-03-27,31000.00,PE,NIFTY25MAR31000PE,0.00,0.00,0.00,7725.75,7725.75,7725.75,22913.15,7894.25,25425,0,0,0.00,0,F1,75,,,,,
2025-02-20,2025-02-20,FO,NSE,IDO,64577,,NIFTY,,2025-03-27,2025-03-27,27000.00,PE,NIFTY25MAR27000PE,3933.20,3954.15,3853.50,3866.30,3872.05,3851.45,22913.15,3866.30,521325,-6450,310,718249683.75,260,F1,75,,,,,
2025-02-20,2025-02-20,FO,NSE,IDO,56885,,NIFTY,,2025-03-27,2025-03-27,25500.00,PE,NIFTY25MAR25500PE,2420.05,2470.60,2377.30,2390.20,2394.70,2371.30,22913.15,2390.20,126375,7800,329,688798181.25,322,F1,75,,,,,
2025-02-20,2025-02-20,FO,NSE,IDO,56877,,NIFTY,,2025-03-27,2025-03-27,25300.00,PE,NIFTY25MAR25300PE,2210.00,2210.00,2205.00,2205.00,2205.00,1451.25,22913.15,2233.80,1875,1875,25,51580875.00,19,F1,75,,,,,
2025-02-20,2025-02-20,FO,NSE,IDO,56569,,NIFTY,,2025-03-27,2025-03-27,24900.00,PE,NIFTY25MAR24900PE,0.00,0.00,0.00,1850.00,1850.00,1850.00,22913.15,1843.95,4425,0,0,0.00,0,F1,75,,,,,
2025-02-20,2025-02-20,FO,NSE,IDO,55198,,NIFTY,,2025-03-27,2025-03-27,24300.00,PE,NIFTY25MAR24300PE,1275.00,1275.00,1249.20,1249.20,1249.20,1244.40,22913.15,1282.40,31050,150,15,28757190.00,12,F1,75,,,,,
2025-02-20,2025-02-20,FO,NSE,IDO,55061,,NIFTY,,2025-03-27,2025-03-27,24200.00,PE,NIFTY25MAR24200PE,1180.00,1180.00,1149.75,1154.70,1156.00,1130.00,22913.15,1154.70,48075,-2175,67,127413716.25,30,F1,75,,,,,
2025-02-20,2025-02-20,FO,NSE,IDO,54820,,NIFTY,,2025-03-27,2025-03-27,24150.00,PE,NIFTY25MAR24150PE,0.00,0.00,0.00,616.00,616.00,616.00,22913.15,1149.90,7350,0,0,0.00,0,F1,75,,,,,
2025-02-20,2025-02-20,FO,NSE,IDO,47039,,NIFTY,,2025-03-27,2025-03-27,22700.00,PE,NIFTY25MAR22700PE,277.95,288.20,235.00,237.55,240.60,256.90,22913.15,237.55,259275,13275,2162,3722250360.00,1554,F1,75,,,,,
2025-02-20,2025-02-20,FO,NSE,IDO,46953,,NIFTY,,2025-03-27,2025-03-27,22050.00,PE,NIFTY25MAR22050PE,109.20,109.20,93.90,95.35,96.40,109.75,22913.15,95.35,47250,-1050,138,229257251.25,65,F1,75,,,,,
2025-02-20,2025-02-20,FO,NSE,IDO,64553,,NIFTY,,2025-03-27,2025-03-27,18000.00,PE,NIFTY25MAR18000PE,3.85,4.20,3.55,3.65,3.70,4.00,22913.15,3.65,387525,4725,393,530661472.50,150,F1,75,,,,,
2025-02-20,2025-02-20,FO,NSE,IDO,50288,,NIFTY,,2025-03-20,2025-03-20,24250.00,PE,NIFTY2532024250PE,0.00,0.00,0.00,1171.40,0.00,1171.40,22913.15,1247.75,0,0,0,0.00,0,F1,75,,,,,
2025-02-20,2025-02-20,FO,NSE,IDO,50282,,NIFTY,,2025-03-20,2025-03-20,24100.00,PE,NIFTY2532024100PE,0.00,0.00,0.00,1051.55,0.00,1051.55,22913.15,1112.05,0,0,0,0.00,0,F1,75,,,,,
2025-02-20,2025-02-20,FO,NSE,IDO,50246,,NIFTY,,2025-03-20,2025-03-20,23550.00,PE,NIFTY2532023550PE,0.00,0.00,0.00,662.25,0.00,662.25,22913.15,661.75,0,0,0,0.00,0,F1,75,,,,,
2025-02-20,2025-02-20,FO,NSE,IDO,50244,,NIFTY,,2025-03-20,2025-03-20,23500.00,PE,NIFTY2532023500PE,0.00,0.00,0.00,631.35,0.00,631.35,22913.15,625.65,0,0,0,0.00,0,F1,75,,,,,
2025-02-20,2025-02-20,FO,NSE,IDO,50234,,NIFTY,,2025-03-20,2025-03-20,23250.00,PE,NIFTY2532023250PE,0.00,0.00,0.00,489.15,0.00,489.15,22913.15,460.55,0,0,0,0.00,0,F1,75,,,,,
2025-02-20,2025-02-20,FO,NSE,IDO,50204,,NIFTY,,2025-03-20,2025-03-20,22700.00,PE,NIFTY2532022700PE,228.00,228.00,203.00,203.00,203.00,215.20,22913.15,203.00,1425,75,7,12028361.25,5,F1,75,,,,,
2025-02-20,2025-02-20,FO,NSE,IDO,50166,,NIFTY,,2025-03-20,2025-03-20,22250.00,PE,NIFTY2532022250PE,0.00,0.00,0.00,128.70,0.00,128.70,22913.15,78.55,0,0,0,0.00,0,F1,75,,,,,
2025-02-20,2025-02-20,FO,NSE,IDO,50150,,NIFTY,,2025-03-20,2025-03-20,22000.00,PE,NIFTY2532022000PE,85.00,88.55,65.00,66.75,74.90,79.00,22913.15,66.75,3150,300,82,135757215.00,64,F1,75,,,,,
2025-02-20,2025-02-20,FO,NSE,IDO,45553,,NIFTY,,2025-03-13,2025-03-13,24050.00,PE,NIFTY2531324050PE,0.00,0.00,0.00,627.20,0.00,627.20,22913.15,1074.50,0,0,0,0.00,0,F1,75,,,,,
2025-02-20,2025-02-20,FO,NSE,IDO,45551,,NIFTY,,2025-03-13,2025-03-13,24000.00,PE,NIFTY2531324000PE,0.00,0.00,0.00,597.70,0.00,597.70,22913.15,1028.85,0,0,0,0.00,0,F1,75,,,,,
2025-02-20,2025-02-20,FO,NSE,IDO,45541,,NIFTY,,2025-03-13,2025-03-13,23750.00,PE,NIFTY2531323750PE,0.00,0.00,0.00,462.30,0.00,462.30,22913.15,809.30,0,0,0,0.00,0,F1,75,,,,,
2025-02-20,2025-02-20,FO,NSE,IDO,45449,,NIFTY,,2025-03-13,2025-03-13,22150.00,PE,NIFTY2531322150PE,0.00,0.00,0.00,90.95,90.95,90.95,22913.15,42.05,450,0,0,0.00,0,F1,75,,,,,
2025-02-20,2025-02-20,FO,NSE,IDO,45443,,NIFTY,,2025-03-13,2025-03-13,22050.00,PE,NIFTY2531322050PE,54.25,54.25,54.25,54.25,54.25,52.95,22913.15,31.20,225,0,2,3315637.50,2,F1,75,,,,,
2025-02-20,2025-02-20,FO,NSE,IDO,45409,,NIFTY,,2025-03-13,2025-03-13,21350.00,PE,NIFTY2531321350PE,0.00,0.00,0.00,6.50,0.00,6.50,22913.15,2.35,0,0,0,0.00,0,F1,75,,,,,
2025-02-20,2025-02-20,FO,NSE,IDO,45405,,NIFTY,,2025-03-13,2025-03-13,21250.00,PE,NIFTY2531321250PE,13.80,13.80,13.80,13.80,13.80,14.00,22913.15,1.50,225,75,1,1594785.00,1,F1,75,,,,,
2025-02-20,2025-02-20,FO,NSE,IDO,68669,,NIFTY,,2025-03-06,2025-03-06,25200.00,PE,NIFTY2530625200PE,0.00,0.00,0.00,2102.75,2102.55,2102.75,22913.15,2224.15,225,0,0,0.00,0,F1,75,,,,,
2025-02-20,2025-02-20,FO,NSE,IDO,68665,,NIFTY,,2025-03-06,2025-03-06,25100.00,PE,NIFTY2530625100PE,0.00,0.00,0.00,1960.00,1960.00,1960.00,22913.15,2124.40,225,0,0,0.00,0,F1,75,,,,,
2025-02-20,2025-02-20,FO,NSE,IDO,68625,,NIFTY,,2025-03-06,2025-03-06,24600.00,PE,NIFTY2530624600PE,0.00,0.00,0.00,1516.65,1516.05,1516.65,22913.15,1626.40,450,0,0,0.00,0,F1,75,,,,,
2025-02-20,2025-02-20,FO,NSE,IDO,68593,,NIFTY,,2025-03-06,2025-03-06,23950.00,PE,NIFTY2530623950PE,0.00,0.00,0.00,935.25,935.25,935.25,22913.15,991.30,75,0,0,0.00,0,F1,75,,,,,
2025-02-20,2025-02-20,FO,NSE,IDO,68589,,NIFTY,,2025-03-06,2025-03-06,23850.00,PE,NIFTY2530623850PE,0.00,0.00,0.00,859.40,859.35,859.40,22913.15,897.80,675,0,0,0.00,0,F1,75,,,,,
2025-02-20,2025-02-20,FO,NSE,IDO,68429,,NIFTY,,2025-03-06,2025-03-06,22250.00,PE,NIFTY2530622250PE,62.00,68.80,41.95,42.90,41.95,56.00,22913.15,42.90,18075,8775,915,1530371235.00,433,F1,75,,,,,
2025-02-20,2025-02-20,FO,NSE,IDO,68414,,NIFTY,,2025-03-06,2025-03-06,21900.00,PE,NIFTY2530621900PE,28.00,28.20,16.65,17.00,16.90,24.00,22913.15,17.00,97350,45300,3280,5392245735.00,1479,F1,75,,,,,
2025-02-20,2025-02-20,FO,NSE,IDO,68389,,NIFTY,,2025-03-06,2025-03-06,21350.00,PE,NIFTY2530621350PE,8.60,10.95,4.90,5.20,5.20,7.20,22913.15,0.45,1425,0,36,57663371.25,18,F1,75,,,,,
2025-02-20,2025-02-20,FO,NSE,IDO,57660,,NIFTY,,2025-02-27,2025-02-27,25400.00,PE,NIFTY25FEB25400PE,2485.00,2488.00,2440.00,2465.60,2465.65,2431.95,22913.15,2465.60,15150,-1500,29,60608036.25,16,F1,75,,,,,
2025-02-20,2025-02-20,FO,NSE,IDO,57656,,NIFTY,,2025-02-27,2025-02-27,25300.00,PE,NIFTY25FEB25300PE,2385.00,2385.00,2355.00,2359.00,2359.00,2347.35,22913.15,2355.35,12150,-1425,25,51903150.00,17,F1,75,,,,,
2025-02-20,2025-02-20,FO,NSE,IDO,57598,,NIFTY,,2025-02-27,2025-02-27,23900.00,PE,NIFTY25FEB23900PE,993.05,1027.70,947.90,955.80,963.80,939.35,22913.15,955.80,300000,-27600,1159,2161341367.50,894,F1,75,,,,,
2025-02-20,2025-02-20,FO,NSE,IDO,57588,,NIFTY,,2025-02-27,2025-02-27,23650.00,PE,NIFTY25FEB23650PE,755.00,760.00,710.00,711.65,718.00,698.25,22913.15,711.65,97200,-1125,99,180966322.50,81,F1,75,,,,,
2025-02-20,2025-02-20,FO,NSE,IDO,55646,,NIFTY,,2025-02-27,2025-02-27,23150.00,PE,NIFTY25FEB23150PE,333.45,361.85,273.45,283.35,291.20,293.50,22913.15,283.35,111600,-24450,3332,5860866498.75,2612,F1,75,,,,,
2025-02-20,2025-02-20,FO,NSE,IDO,55560,,NIFTY,,2025-02-27,2025-02-27,21100.00,PE,NIFTY25FEB21100PE,1.95,2.00,1.05,1.15,1.15,1.90,22913.15,1.15,4709550,2088300,128784,203814292470.00,20724,F1,75,,,,,
2025-02-20,2025-02-20,FO,NSE,IDO,63992,,NIFTY,,2025-02-20,2025-02-20,25350.00,PE,NIFTY2522025350PE,0.00,0.00,0.00,1895.45,0.00,1895.45,22913.15,22913.15,0,0,0,0.00,0,F1,75,,,,,
2025-02-20,2025-02-20,FO,NSE,IDO,63691,,NIFTY,,2025-02-20,2025-02-20,24200.00,PE,NIFTY2522024200PE,1348.75,1351.35,1280.00,1287.75,1288.10,1264.00,22913.15,22913.15,8775,-19650,340,650513808.75,222,F1,75,,,,,
2025-02-20,2025-02-20,FO,NSE,IDO,63687,,NIFTY,,2025-02-20,2025-02-20,24100.00,PE,NIFTY2522024100PE,1233.00,1257.20,1183.25,1188.05,1188.25,1161.20,22913.15,22913.15,22725,-17175,639,1212757350.00,307,F1,75,,,,,
2025-02-20,2025-02-20,FO,NSE,IDO,63683,,NIFTY,,2025-02-20,2025-02-20,24000.00,PE,NIFTY2522024000PE,1155.70,1187.85,1078.20,1088.60,1087.00,1061.15,22913.15,22913.15,117375,-51300,2086,3927553590.00,1256,F1,75,,,,,
2025-02-20,2025-02-20,FO,NSE,IDO,63338,,NIFTY,,2025-02-20,2025-02-20,22300.00,PE,NIFTY2522022300PE,0.90,1.25,0.05,0.05,0.05,1.20,22913.15,22913.15,3477600,-1384425,908710,1519854259241.25,173884,F1,75,,,,,
2025-02-20,2025-02-20,FO,NSE,IDO,63290,,NIFTY,,2025-02-20,2025-02-20,22000.00,PE,NIFTY2522022000PE,0.45,0.50,0.05,0.05,0.05,0.65,22913.15,22913.15,4750575,-3292725,580231,957394233210.00,84359,F1,75,,,,,
2025-02-20,2025-02-20,FO,NSE,IDO,63273,,NIFTY,,2025-02-20,2025-02-20,21800.00,PE,NIFTY2522021800PE,0.40,0.40,0.05,0.05,0.05,0.40,22913.15,22913.15,1174875,-459600,124440,203461503566.25,21694,F1,75,,,,,
2025-02-20,2025-02-20,FO,NSE,IDO,63270,,NIFTY,,2025-02-20,2025-02-20,21750.00,PE,NIFTY2522021750PE,0.30,0.40,0.05,0.05,0.05,0.40,22913.15,22913.15,406125,-136875,59297,96729192532.50,14560,F1,75,,,,,
2025-02-20,2025-02-20,FO,NSE,IDO,63268,,NIFTY,,2025-02-20,2025-02-20,21700.00,PE,NIFTY2522021700PE,0.25,0.40,0.05,0.05,0.05,0.35,22913.15,22913.15,885225,-307050,104096,169417907748.75,21264,F1,75,,,,,
2025-02-20,2025-02-20,FO,NSE,IDO,63207,,NIFTY,,2025-02-20,2025-02-20,21450.00,PE,NIFTY2522021450PE,0.30,0.35,0.05,0.05,0.05,0.30,22913.15,22913.15,322125,66825,22088,35534344320.00,3526,F1,75,,,,,
2025-02-20,2025-02-20,FO,NSE,IDO,63174,,NIFTY,,2025-02-20,2025-02-20,21350.00,PE,NIFTY2522021350PE,0.25,0.35,0.05,0.10,0.05,0.30,22913.15,22913.15,201150,42300,27497,44029874152.50,5262,F1,75,,,,,
2025-02-20,2025-02-20,FO,NSE,IDO,63083,,NIFTY,,2025-02-20,2025-02-20,21100.00,PE,NIFTY2522021100PE,0.20,0.20,0.05,0.05,0.05,0.25,22913.15,22913.15,2123100,-1071825,177002,280107243618.75,21412,F1,75,,,,,
2025-02-20,2025-02-20,FO,NSE,IDO,61402,,NIFTY,,2029-12-27,2029-12-27,19000.00,CE,NIFTY29DEC19000CE,0.00,0.00,0.00,10714.60,0.00,10714.60,22913.15,9143.85,0,0,0,0.00,0,F1,75,,,,,
2025-02-20,2025-02-20,FO,NSE,IDO,89640,,NIFTY,,2029-06-28,2029-06-28,29000.00,CE,NIFTY29JUN29000CE,0.00,0.00,0.00,5677.90,0.00,5677.90,22913.15,3037.10,0,0,0,0.00,0,F1,75,,,,,
2025-02-20,2025-02-20,FO,NSE,IDO,86151,,NIFTY,,2028-06-29,2028-06-29,24000.00,CE,NIFTY28JUN24000CE,0.00,0.00,0.00,3918.85,0.00,3918.85,22913.15,4340.45,0,0,0,0.00,0,F1,75,,,,,
2025-02-20,2025-02-20,FO,NSE,IDO,53633,,NIFTY,,2027-12-30,2027-12-30,28000.00,CE,NIFTY27DEC28000CE,0.00,0.00,0.00,2639.20,0.00,2639.20,22913.15,1901.20,0,0,0,0.00,0,F1,75,,,,,
2025-02-20,2025-02-20,FO,NSE,IDO,53616,,NIFTY,,2027-12-30,2027-12-30,22000.00,CE,NIFTY27DEC22000CE,0.00,0.00,0.00,4499.55,0.00,4499.55,22913.15,5019.55,0,0,0,0.00,0,F1,75,,,,,
2025-02-20,2025-02-20,FO,NSE,IDO,71553,,NIFTY,,2027-06-24,2027-06-24,21000.00,CE,NIFTY27JUN21000CE,0.00,0.00,0.00,3061.80,0.00,3061.80,22913.15,5119.05,0,0,0,0.00,0,F1,75,,,,,
2025-02-20,2025-02-20,FO,NSE,IDO,37799,,NIFTY,,2026-06-25,2026-06-25,23000.00,CE,NIFTY26JUN23000CE,0.00,0.00,0.00,2645.65,0.00,2645.65,22913.15,2461.95,0,0,0,0.00,0,F1,75,,,,,
2025-02-20,2025-02-20,FO,NSE,IDO,58626,,NIFTY,,2026-06-25,2026-06-25,22000.00,CE,NIFTY26JUN22000CE,0.00,0.00,0.00,2722.55,0.00,2722.55,22913.15,3128.70,0,0,0,0.00,0,F1,75,,,,,
2025-02-20,2025-02-20,FO,NSE,IDO,71395,,NIFTY,,2025-12-24,2025-12-24,25000.00,CE,NIFTY25DEC25000CE,791.25,793.65,769.00,780.30,782.20,800.75,22913.15,780.30,209900,7200,330,638145611.25,276,F1,75,,,,,
2025-02-20,2025-02-20,FO,NSE,IDO,58622,,NIFTY,,2025-12-24,2025-12-24,22000.00,CE,NIFTY25DEC22000CE,2491.00,2491.00,2445.00,2473.00,2472.00,2510.10,22913.15,2473.00,141175,900,15,27522206.25,15,F1,75,,,,,
2025-02-20,2025-02-20,FO,NSE,IDO,63108,,NIFTY,,2025-02-20,2025-02-20,21250.00,CE,NIFTY2522021250CE,0.00,0.00,0.00,1685.00,1685.00,1685.00,22913.15,22913.15,75,0,0,0.00,0,F1,75,,,,,
2025-02-20,2025-02-20,FO,NSE,IDO,63173,,NIFTY,,2025-02-20,2025-02-20,21350.00,CE,NIFTY2522021350CE,0.00,0.00,0.00,1716.70,1716.70,1716.70,22913.15,22913.15,75,0,0,0.00,0,F1,75,,,,,
2025-02-20,2025-02-20,FO,NSE,IDO,63436,,NIFTY,,2025-02-20,2025-02-20,22700.00,CE,NIFTY2522022700CE,232.30,232.30,138.90,212.60,213.15,254.40,22913.15,22913.15,169875,-192825,422861,726109161551.25,266366,F1,75,,,,,
2025-02-20,2025-02-20,FO,NSE,IDO,63688,,NIFTY,,2025-02-20,2025-02-20,24150.00,CE,NIFTY2522024150CE,0.70,0.70,0.05,0.05,0.05,0.45,22913.15,22913.15,538800,15450,51627,93510481203.75,11643,F1,75,,,,,
2025-02-20,2025-02-20,FO,NSE,IDO,63694,,NIFTY,,2025-02-20,2025-02-20,24300.00,CE,NIFTY2522024300CE,0.60,0.60,0.05,0.05,0.05,0.40,22913.15,22913.15,533100,-99675,36170,65920439163.75,7445,F1,75,,,,,
2025-02-20,2025-02-20,FO,NSE,IDO,55567,,NIFTY,,2025-02-27,2025-02-27,21300.00,CE,NIFTY25FEB21300CE,0.00,0.00,0.00,1599.75,1599.75,1599.75,22913.15,1639.70,150,0,0,0.00,0,F1,75,,,,,
2025-02-20,2025-02-20,FO,NSE,IDO,55577,,NIFTY,,2025-02-27,2025-02-27,21550.00,CE,NIFTY25FEB21550CE,0.00,0.00,0.00,1485.10,1484.80,1485.10,22913.15,1390.05,1350,0,0,0.00,0,F1,75,,,,,
2025-02-20,2025-02-20,FO,NSE,IDO,55655,,NIFTY,,2025-02-27,2025-02-27,23400.00,CE,NIFTY25FEB23400CE,34.95,34.95,21.25,23.10,22.90,41.50,22913.15,23.10,3185550,744825,192148,337581822423.75,80239,F1,75,,,,,
2025-02-20,2025-02-20,FO,NSE,IDO,57587,,NIFTY,,2025-02-27,2025-02-27,23650.00,CE,NIFTY25FEB23650CE,12.05,12.05,6.05,6.65,6.20,13.55,22913.15,6.65,982350,343800,51341,91095797722.50,22525,F1,75,,,,,
2025-02-20,2025-02-20,FO,NSE,IDO,57647,,NIFTY,,2025-02-27,2025-02-27,25100.00,CE,NIFTY25FEB25100CE,1.80,1.85,0.90,1.05,1.00,1.50,22913.15,1.05,308025,103125,15129,28481735583.75,3717,F1,75,,,,,
2025-02-20,2025-02-20,FO,NSE,IDO,57677,,NIFTY,,2025-02-27,2025-02-27,25850.00,CE,NIFTY25FEB25850CE,1.65,1.70,1.00,1.20,1.65,1.35,22913.15,1.20,21300,-4275,576,1116781721.25,309,F1,75,,,,,
2025-02-20,2025-02-20,FO,NSE,IDO,57708,,NIFTY,,2025-02-27,2025-02-27,26400.00,CE,NIFTY25FEB26400CE,1.35,1.50,1.00,1.10,1.00,1.35,22913.15,1.10,564900,494400,14950,29602319538.75,2485,F1,75,,,,,
2025-02-20,2025-02-20,FO,NSE,IDO,68417,,NIFTY,,2025-03-06,2025-03-06,22000.00,CE,NIFTY2530622000CE,980.00,1015.00,980.00,1011.25,1011.25,1033.20,22913.15,1011.25,3975,375,13,22429833.75,10,F1,75,,,,,
2025-02-20,2025-02-20,FO,NSE,IDO,68458,,NIFTY,,2025-03-06,2025-03-06,22800.00,CE,NIFTY2530622800CE,345.05,370.75,323.45,353.55,350.00,394.65,22913.15,353.55,201600,66150,6314,10963923307.50,4256,F1,75,,,,,
2025-02-20,2025-02-20,FO,NSE,IDO,68594,,NIFTY,,2025-03-06,2025-03-06,24000.00,CE,NIFTY2530624000CE,16.00,27.00,11.00,11.40,11.20,17.55,22913.15,11.40,523800,166950,15525,27959543966.25,6358,F1,75,,,,,
2025-02-20,2025-02-20,FO,NSE,IDO,68610,,NIFTY,,2025-03-06,2025-03-06,24300.00,CE,NIFTY2530624300CE,6.85,6.85,4.80,5.10,4.90,6.90,22913.15,5.10,336525,253575,6051,11030415461.25,2609,F1,75,,,,,
2025-02-20,2025-02-20,FO,NSE,IDO,68616,,NIFTY,,2025-03-06,2025-03-06,24450.00,CE,NIFTY2530624450CE,4.85,4.85,3.70,3.85,3.85,4.85,22913.15,3.85,3075,375,18,33012960.00,12,F1,75,,,,,
2025-02-20,2025-02-20,FO,NSE,IDO,68635,,NIFTY,,2025-03-06,2025-03-06,24850.00,CE,NIFTY2530624850CE,0.00,0.00,0.00,4.10,4.10,4.10,22913.15,0.20,750,0,0,0.00,0,F1,75,,,,,
2025-02-20,2025-02-20,FO,NSE,IDO,68637,,NIFTY,,2025-03-06,2025-03-06,24900.00,CE,NIFTY2530624900CE,2.60,3.25,2.20,2.30,2.20,2.65,22913.15,2.30,11325,3525,204,381007717.50,91,F1,75,,,,,
2025-02-20,2025-02-20,FO,NSE,IDO,68768,,NIFTY,,2025-03-06,2025-03-06,25400.00,CE,NIFTY2530625400CE,2.35,2.40,1.95,1.95,1.95,2.15,22913.15,1.95,11400,2700,81,154318185.00,27,F1,75,,,,,
2025-02-20,2025-02-20,FO,NSE,IDO,45404,,NIFTY,,2025-03-13,2025-03-13,21250.00,CE,NIFTY2531321250CE,0.00,0.00,0.00,2506.15,0.00,2506.15,22913.15,1744.00,0,0,0,0.00,0,F1,75,,,,,
2025-02-20,2025-02-20,FO,NSE,IDO,45414,,NIFTY,,2025-03-13,2025-03-13,21500.00,CE,NIFTY2531321500CE,0.00,0.00,0.00,2262.50,0.00,2262.50,22913.15,1497.85,0,0,0,0.00,0,F1,75,,,,,
2025-02-20,2025-02-20,FO,NSE,IDO,45426,,NIFTY,,2025-03-13,2025-03-13,21700.00,CE,NIFTY2531321700CE,0.00,0.00,0.00,2069.85,0.00,2069.85,22913.15,1303.75,0,0,0,0.00,0,F1,75,,,,,
2025-02-20,2025-02-20,FO,NSE,IDO,45482,,NIFTY,,2025-03-13,2025-03-13,22850.00,CE,NIFTY2531322850CE,412.30,413.95,382.15,402.50,402.50,440.30,22913.15,371.00,975,-225,41,71497575.00,33,F1,75,,,,,
2025-02-20,2025-02-20,FO,NSE,IDO,45521,,NIFTY,,2025-03-13,2025-03-13,23350.00,CE,NIFTY2531323350CE,175.20,175.20,158.00,158.00,158.00,180.55,22913.15,158.00,225,150,3,5291445.00,3,F1,75,,,,,
2025-02-20,2025-02-20,FO,NSE,IDO,45575,,NIFTY,,2025-03-13,2025-03-13,24250.00,CE,NIFTY2531324250CE,0.00,0.00,0.00,275.15,0.00,275.15,22913.15,15.15,0,0,0,0.00,0,F1,75,,,,,
2025-02-20,2025-02-20,FO,NSE,IDO,45604,,NIFTY,,2025-03-13,2025-03-13,24500.00,CE,NIFTY2531324500CE,10.95,11.95,9.10,9.35,9.10,12.15,22913.15,9.35,16125,6225,160,294120903.75,59,F1,75,,,,,
2025-02-20,2025-02-20,FO,NSE,IDO,45610,,NIFTY,,2025-03-13,2025-03-13,24600.00,CE,NIFTY2531324600CE,9.20,9.25,7.75,8.55,8.45,10.20,22913.15,8.55,10725,900,92,169799568.75,32,F1,75,,,,,
2025-02-20,2025-02-20,FO,NSE,IDO,45646,,NIFTY,,2025-03-13,2025-03-13,25150.00,CE,NIFTY2531325150CE,4.00,4.00,4.00,4.00,4.00,8.05,22913.15,4.00,225,75,1,1886550.00,1,F1,75,,,,,
2025-02-20,2025-02-20,FO,NSE,IDO,50117,,NIFTY,,2025-03-20,2025-03-20,21400.00,CE,NIFTY2532021400CE,0.00,0.00,0.00,1803.65,0.00,1803.65,22913.15,1626.70,0,0,0,0.00,0,F1,75,,,,,
2025-02-20,2025-02-20,FO,NSE,IDO,50137,,NIFTY,,2025-03-20,2025-03-20,21800.00,CE,NIFTY2532021800CE,0.00,0.00,0.00,1439.10,0.00,1439.10,22913.15,1246.40,0,0,0,0.00,0,F1,75,,,,,
2025-02-20,2025-02-20,FO,NSE,IDO,50215,,NIFTY,,2025-03-20,2025-03-20,22800.00,CE,NIFTY2532022800CE,493.00,511.85,482.70,500.10,494.65,531.55,22913.15,500.10,3375,225,19,33200002.50,17,F1,75,,,,,
2025-02-20,2025-02-20,FO,NSE,IDO,50243,,NIFTY,,2025-03-20,2025-03-20,23500.00,CE,NIFTY2532023500CE,172.15,172.70,150.95,158.75,157.05,184.90,22913.15,158.75,8550,2775,116,205873380.00,75,F1,75,,,,,
2025-02-20,2025-02-20,FO,NSE,IDO,50253,,NIFTY,,2025-03-20,2025-03-20,23700.00,CE,NIFTY2532023700CE,0.00,0.00,0.00,253.90,0.00,253.90,22913.15,106.50,0,0,0,0.00,0,F1,75,,,,,
2025-02-20,2025-02-20,FO,NSE,IDO,50257,,NIFTY,,2025-03-20,2025-03-20,23750.00,CE,NIFTY2532023750CE,0.00,0.00,0.00,238.25,0.00,238.25,22913.15,96.35,0,0,0,0.00,0,F1,75,,,,,
2025-02-20,2025-02-20,FO,NSE,IDO,50283,,NIFTY,,2025-03-20,2025-03-20,24150.00,CE,NIFTY2532024150CE,0.00,0.00,0.00,138.25,0.00,138.25,22913.15,40.10,0,0,0,0.00,0,F1,75,,,,,
2025-02-20,2025-02-20,FO,NSE,IDO,50317,,NIFTY,,2025-03-20,2025-03-20,24750.00,CE,NIFTY2532024750CE,14.40,14.40,14.40,14.40,14.40,13.10,22913.15,8.35,300,75,1,1857330.00,1,F1,75,,,,,
2025-02-20,2025-02-20,FO,NSE,IDO,64552,,NIFTY,,2025-03-27,2025-03-27,18000.00,CE,NIFTY25MAR18000CE,4975.60,5041.65,4940.05,5029.85,5020.00,5041.40,22913.15,5029.85,458325,375,45,77611620.00,45,F1,75,,,,,
2025-02-20,2025-02-20,FO,NSE,IDO,46883,,NIFTY,,2025-03-27,2025-03-27,21550.00,CE,NIFTY25MAR21550CE,0.00,0.00,0.00,2653.40,0.00,2653.40,22913.15,1516.35,0,0,0,0.00,0,F1,75,,,,,
2025-02-20,2025-02-20,FO,NSE,IDO,64698,,NIFTY,,2025-09-25,2025-09-25,27000.00,CE,NIFTY25SEP27000CE,0.00,0.00,0.00,2279.95,0.00,2279.95,22913.15,133.80,0,0,0,0.00,0,F1,75,,,,,
2025-02-20,2025-02-20,FO,NSE,IDO,79748,,NIFTY,,2025-04-24,2025-04-24,25450.00,CE,NIFTY25APR25450CE,25.10,26.35,25.10,26.35,26.35,23.90,22913.15,26.35,375,0,3,5732085.00,3,F1,75,,,,,
2025-02-20,2025-02-20,FO,NSE,IDO,79733,,NIFTY,,2025-04-24,2025-04-24,25200.00,CE,NIFTY25APR25200CE,37.00,37.00,30.05,30.05,30.05,36.85,22913.15,30.05,4650,-225,33,62454221.25,22,F1,75,,,,,
2025-02-20,2025-02-20,FO,NSE,IDO,46988,,NIFTY,,2025-03-27,2025-03-27,22350.00,CE,NIFTY25MAR22350CE,830.00,830.00,830.00,830.00,830.00,915.00,22913.15,822.85,225,75,1,1738500.00,1,F1,75,,,,,
2025-02-20,2025-02-20,FO,NSE,IDO,48695,,NIFTY,,2025-03-27,2025-03-27,23200.00,CE,NIFTY25MAR23200CE,335.95,350.00,316.80,327.95,320.75,364.20,22913.15,327.95,336825,71400,3774,6661303226.25,2844,F1,75,,,,,
2025-02-20,2025-02-20,FO,NSE,IDO,53846,,NIFTY,,2025-03-27,2025-03-27,23750.00,CE,NIFTY25MAR23750CE,140.55,144.80,124.10,125.85,124.45,150.75,22913.15,125.85,22500,-10650,1053,1886138700.00,821,F1,75,,,,,
2025-02-20,2025-02-20,FO,NSE,IDO,55339,,NIFTY,,2025-03-27,2025-03-27,24400.00,CE,NIFTY25MAR24400CE,37.00,39.15,30.00,31.50,30.00,40.15,22913.15,31.50,228300,-18375,2943,5393352611.25,1386,F1,75,,,,,
2025-02-20,2025-02-20,FO,NSE,IDO,55656,,NIFTY,,2025-03-27,2025-03-27,24500.00,CE,NIFTY25MAR24500CE,31.00,32.30,24.85,25.70,25.75,32.90,22913.15,25.70,1461000,258375,14564,26792185110.00,6719,F1,75,,,,,
2025-02-20,2025-02-20,FO,NSE,IDO,56542,,NIFTY,,2025-03-27,2025-03-27,24700.00,CE,NIFTY25MAR24700CE,22.15,22.35,17.45,17.95,17.60,22.55,22913.15,17.95,201750,66075,3414,6329420321.25,1379,F1,75,,,,,
2025-02-20,2025-02-20,FO,NSE,IDO,56876,,NIFTY,,2025-03-27,2025-03-27,25300.00,CE,NIFTY25MAR25300CE,10.75,13.50,9.15,9.50,9.15,10.75,22913.15,9.50,69150,-13950,935,1774878626.25,316,F1,75,,,,,
2025-02-20,2025-02-20,FO,NSE,IDO,56892,,NIFTY,,2025-03-27,2025-03-27,25700.00,CE,NIFTY25MAR25700CE,8.45,8.45,7.50,7.60,7.50,8.65,22913.15,7.60,20700,675,28,53986128.75,12,F1,75,,,,,
2025-02-20,2025-02-20,FO,NSE,IDO,64576,,NIFTY,,2025-03-27,2025-03-27,27000.00,CE,NIFTY25MAR27000CE,5.30,5.55,4.30,4.90,4.95,5.30,22913.15,4.90,1094350,5750,1760,3564645240.00,731,F1,75,,,,,
2025-02-20,2025-02-20,FO,NSE,IDO,79249,,NIFTY,,2025-04-24,2025-04-24,21350.00,CE,NIFTY25APR21350CE,0.00,0.00,0.00,2330.00,0.00,2330.00,22913.15,1838.55,0,0,0,0.00,0,F1,75,,,,,
2025-02-20,2025-02-20,FO,NSE,IDO,79262,,NIFTY,,2025-04-24,2025-04-24,21650.00,CE,NIFTY25APR21650CE,0.00,0.00,0.00,2069.75,0.00,2069.75,22913.15,1569.40,0,0,0,0.00,0,F1,75,,,,,
2025-02-20,2025-02-20,FO,NSE,IDO,79428,,NIFTY,,2025-04-24,2025-04-24,23000.00,CE,NIFTY25APR23000CE,647.55,662.85,618.75,638.50,642.00,679.65,22913.15,638.50,213525,15000,1042,1847760386.25,849,F1,75,,,,,
2025-02-20,2025-02-20,FO,NSE,IDO,56869,,NIFTY,,2025-03-27,2025-03-27,25100.00,PE,NIFTY25MAR25100PE,2030.00,2030.00,2030.00,2030.00,2030.00,2100.00,22913.15,2038.00,225,75,1,2034750.00,1,F1,75,,,,,
2025-02-20,2025-02-20,FO,NSE,IDO,56893,,NIFTY,,2025-03-27,2025-03-27,25700.00,PE,NIFTY25MAR25700PE,2545.00,2545.00,2545.00,2545.00,2545.00,1748.15,22913.15,2628.45,150,150,2,4236750.00,1,F1,75,,,,,
2025-02-20,2025-02-20,FO,NSE,IDO,79257,,NIFTY,,2025-04-24,2025-04-24,21500.00,PE,NIFTY25APR21500PE,98.65,103.00,83.90,84.65,84.90,95.80,22913.15,84.65,427500,-2625,1058,1713324712.50,544,F1,75,,,,,
2025-02-20,2025-02-20,FO,NSE,IDO,79399,,NIFTY,,2025-04-24,2025-04-24,22600.00,PE,NIFTY25APR22600PE,296.55,314.35,285.00,286.35,286.35,290.50,22913.15,266.45,15150,-525,25,42926520.00,16,F1,75,,,,,
2025-02-20,2025-02-20,FO,NSE,IDO,79408,,NIFTY,,2025-04-24,2025-04-24,22700.00,PE,NIFTY25APR22700PE,335.00,335.00,307.05,308.20,310.15,322.85,22913.15,308.20,22650,1275,46,79421115.00,21,F1,75,,,,,
2025-02-20,2025-02-20,FO,NSE,IDO,79536,,NIFTY,,2025-04-24,2025-04-24,24000.00,PE,NIFTY25APR24000PE,1030.50,1030.50,937.80,950.30,959.25,953.05,22913.15,950.30,217500,48075,1030,1928528568.75,695,F1,75,,,,,
2025-02-20,2025-02-20,FO,NSE,IDO,79607,,NIFTY,,2025-04-24,2025-04-24,24150.00,PE,NIFTY25APR24150PE,0.00,0.00,0.00,1002.05,0.00,1002.05,22913.15,1137.55,0,0,0,0.00,0,F1,75,,,,,
2025-02-20,2025-02-20,FO,NSE,IDO,79724,,NIFTY,,2025-04-24,2025-04-24,24950.00,PE,NIFTY25APR24950PE,0.00,0.00,0.00,1553.00,0.00,1553.00,22913.15,1813.70,0,0,0,0.00,0,F1,75,,,,,
2025-02-20,2025-02-20,FO,NSE,IDO,79726,,NIFTY,,2025-04-24,2025-04-24,25000.00,PE,NIFTY25APR25000PE,1820.90,1820.90,1760.00,1770.00,1775.00,1749.25,22913.15,1770.00,23325,1125,24,48196428.75,23,F1,75,,,,,
2025-02-20,2025-02-20,FO,NSE,IDO,79738,,NIFTY,,2025-04-24,2025-04-24,25250.00,PE,NIFTY25APR25250PE,0.00,0.00,0.00,1785.50,0.00,1785.50,22913.15,2089.40,0,0,0,0.00,0,F1,75,,,,,
2025-02-20,2025-02-20,FO,NSE,IDO,71379,,NIFTY,,2025-06-26,2025-06-26,24000.00,CE,NIFTY25JUN24000CE,476.00,488.70,461.25,478.45,477.50,493.45,22913.15,478.45,594050,14800,1241,2278231860.00,998,F1,75,,,,,
2025-02-20,2025-02-20,FO,NSE,IDO,63206,,NIFTY,,2025-02-20,2025-02-20,21450.00,CE,NIFTY2522021450CE,0.00,0.00,0.00,1617.70,1617.70,1617.70,22913.15,22913.15,75,0,0,0.00,0,F1,75,,,,,
2025-02-20,2025-02-20,FO,NSE,IDO,63261,,NIFTY,,2025-02-20,2025-02-20,21650.00,CE,NIFTY2522021650CE,0.00,0.00,0.00,1420.15,1420.15,1420.15,22913.15,22913.15,75,0,0,0.00,0,F1,75,,,,,
2025-02-20,2025-02-20,FO,NSE,IDO,63322,,NIFTY,,2025-02-20,2025-02-20,22250.00,CE,NIFTY2522022250CE,618.80,673.60,572.95,661.60,664.70,666.70,22913.15,22913.15,4500,1050,245,420617565.00,151,F1,75,,,,,
2025-02-20,2025-02-20,FO,NSE,IDO,63359,,NIFTY,,2025-02-20,2025-02-20,22400.00,CE,NIFTY2522022400CE,469.95,525.90,418.60,512.40,513.00,538.50,22913.15,22913.15,10425,-27600,2688,4614905377.50,1745,F1,75,,,,,
2025-02-20,2025-02-20,FO,NSE,IDO,63491,,NIFTY,,2025-02-20,2025-02-20,22850.00,CE,NIFTY2522022850CE,88.20,100.00,41.00,62.45,63.05,134.90,22913.15,22913.15,2457450,1004325,5523159,9492458699283.75,3087012,F1,75,,,,,
2025-02-20,2025-02-20,FO,NSE,IDO,63636,,NIFTY,,2025-02-20,2025-02-20,23550.00,CE,NIFTY2522023550CE,0.70,0.95,0.05,0.05,0.05,1.15,22913.15,22913.15,1926450,-1634175,460993,814246607823.75,92457,F1,75,,,,,
2025-02-20,2025-02-20,FO,NSE,IDO,63674,,NIFTY,,2025-02-20,2025-02-20,23850.00,CE,NIFTY2522023850CE,0.35,0.55,0.05,0.05,0.05,0.70,22913.15,22913.15,967125,-117900,187398,335212805970.00,31422,F1,75,,,,,
2025-02-20,2025-02-20,FO,NSE,IDO,55561,,NIFTY,,2025-02-27,2025-02-27,21150.00,CE,NIFTY25FEB21150CE,0.00,0.00,0.00,1867.25,1867.25,1867.25,22913.15,1789.50,150,0,0,0.00,0,F1,75,,,,,
2025-02-20,2025-02-20,FO,NSE,IDO,55617,,NIFTY,,2025-02-27,2025-02-27,22450.00,CE,NIFTY25FEB22450CE,488.00,531.70,480.45,522.45,516.00,559.65,22913.15,522.45,14775,2325,177,304863330.00,91,F1,75,,,,,
2025-02-20,2025-02-20,FO,NSE,IDO,57603,,NIFTY,,2025-02-27,2025-02-27,24050.00,CE,NIFTY25FEB24050CE,3.10,3.60,1.70,1.80,1.90,3.25,22913.15,1.80,648075,114825,20570,37106821762.50,8475,F1,75,,,,,
2025-02-20,2025-02-20,FO,NSE,IDO,57611,,NIFTY,,2025-02-27,2025-02-27,24250.00,CE,NIFTY25FEB24250CE,3.40,3.40,1.25,1.35,1.40,2.20,22913.15,1.35,435225,-9525,15003,27288732663.75,5839,F1,75,,,,,
2025-02-20,2025-02-20,FO,NSE,IDO,57639,,NIFTY,,2025-02-27,2025-02-27,24950.00,CE,NIFTY25FEB24950CE,1.65,1.85,1.00,1.10,1.05,1.55,22913.15,1.10,58725,0,1274,2384107773.75,641,F1,75,,,,,
2025-02-20,2025-02-20,FO,NSE,IDO,68386,,NIFTY,,2025-03-06,2025-03-06,21300.00,CE,NIFTY2530621300CE,0.00,0.00,0.00,1793.10,1794.20,1793.10,22913.15,1666.50,525,0,0,0.00,0,F1,75,,,,,
2025-02-20,2025-02-20,FO,NSE,IDO,68413,,NIFTY,,2025-03-06,2025-03-06,21900.00,CE,NIFTY2530621900CE,0.00,0.00,0.00,1202.45,1202.40,1202.45,22913.15,1075.40,300,0,0,0.00,0,F1,75,,,,,
2025-02-20,2025-02-20,FO,NSE,IDO,68438,,NIFTY,,2025-03-06,2025-03-06,22450.00,CE,NIFTY2530622450CE,605.00,605.00,605.00,605.00,605.00,707.10,22913.15,580.60,375,150,2,3458250.00,1,F1,75,,,,,
2025-02-20,2025-02-20,FO,NSE,IDO,68470,,NIFTY,,2025-03-06,2025-03-06,23050.00,CE,NIFTY2530623050CE,231.30,231.30,198.00,210.75,208.00,247.30,22913.15,210.75,27675,2925,955,1666225368.75,612,F1,75,,,,,
2025-02-20,2025-02-20,FO,NSE,IDO,68476,,NIFTY,,2025-03-06,2025-03-06,23200.00,CE,NIFTY2530623200CE,160.45,163.75,137.10,145.50,145.00,178.40,22913.15,145.50,166050,19650,4811,8425136902.50,3245,F1,75,,,,,
2025-02-20,2025-02-20,FO,NSE,IDO,68482,,NIFTY,,2025-03-06,2025-03-06,23350.00,CE,NIFTY2530623350CE,106.05,112.65,92.95,95.70,98.30,123.80,22913.15,95.70,20400,3900,974,1713051093.75,637,F1,75,,,,,
2025-02-20,2025-02-20,FO,NSE,IDO,68588,,NIFTY,,2025-03-06,2025-03-06,23850.00,CE,NIFTY2530623850CE,22.80,24.50,17.85,18.25,19.15,28.00,22913.15,18.25,26475,15225,763,1365951446.25,323,F1,75,,,,,
2025-02-20,2025-02-20,FO,NSE,IDO,68590,,NIFTY,,2025-03-06,2025-03-06,23900.00,CE,NIFTY2530623900CE,21.00,21.90,15.30,15.90,15.95,23.90,22913.15,15.90,118725,60375,5308,9521487708.75,2863,F1,75,,,,,
2025-02-20,2025-02-20,FO,NSE,IDO,68612,,NIFTY,,2025-03-06,2025-03-06,24350.00,CE,NIFTY2530624350CE,5.00,5.30,4.45,4.60,4.55,6.15,22913.15,4.60,10425,-2250,116,211888192.50,62,F1,75,,,,,
2025-02-20,2025-02-20,FO,NSE,IDO,68627,,NIFTY,,2025-03-06,2025-03-06,24650.00,CE,NIFTY2530624650CE,3.00,3.05,2.50,2.80,3.05,4.40,22913.15,2.80,2925,375,27,49921968.75,6,F1,75,,,,,
2025-02-20,2025-02-20,FO,NSE,IDO,68656,,NIFTY,,2025-03-06,2025-03-06,25050.00,CE,NIFTY2530625050CE,0.00,0.00,0.00,2.15,2.15,2.15,22913.15,0.05,2475,0,0,0.00,0,F1,75,,,,,
2025-02-20,2025-02-20,FO,NSE,IDO,68668,,NIFTY,,2025-03-06,2025-03-06,25200.00,CE,NIFTY2530625200CE,2.35,2.45,2.00,2.00,2.00,2.30,22913.15,2.00,9825,1875,94,177675476.25,20,F1,75,,,,,
2025-02-20,2025-02-20,FO,NSE,IDO,68724,,NIFTY,,2025-03-06,2025-03-06,25350.00,CE,NIFTY2530625350CE,2.60,2.60,1.85,2.00,2.00,2.75,22913.15,0.05,3000,75,7,13309811.25,3,F1,75,,,,,
2025-02-20,2025-02-20,FO,NSE,IDO,45444,,NIFTY,,2025-03-13,2025-03-13,22100.00,CE,NIFTY2531322100CE,0.00,0.00,0.00,1694.45,0.00,1694.45,22913.15,931.95,0,0,0,0.00,0,F1,75,,,,,
2025-02-20,2025-02-20,FO,NSE,IDO,45450,,NIFTY,,2025-03-13,2025-03-13,22200.00,CE,NIFTY2531322200CE,0.00,0.00,0.00,1603.45,0.00,1603.45,22913.15,844.55,0,0,0,0.00,0,F1,75,,,,,
2025-02-20,2025-02-20,FO,NSE,IDO,45464,,NIFTY,,2025-03-13,2025-03-13,22450.00,CE,NIFTY2531322450CE,0.00,0.00,0.00,1382.75,0.00,1382.75,22913.15,640.60,0,0,0,0.00,0,F1,75,,,,,
2025-02-20,2025-02-20,FO,NSE,IDO,45474,,NIFTY,,2025-03-13,2025-03-13,22650.00,CE,NIFTY2531322650CE,0.00,0.00,0.00,1214.50,0.00,1214.50,22913.15,496.00,0,0,0,0.00,0,F1,75,,,,,
2025-02-20,2025-02-20,FO,NSE,IDO,45488,,NIFTY,,2025-03-13,2025-03-13,23000.00,CE,NIFTY2531323000CE,320.00,335.15,294.65,315.00,311.50,352.05,22913.15,315.00,30300,8475,422,737973108.75,258,F1,75,,,,,
2025-02-20,2025-02-20,FO,NSE,IDO,45510,,NIFTY,,2025-03-13,2025-03-13,23200.00,CE,NIFTY2531323200CE,234.80,234.80,205.00,216.75,213.25,248.55,22913.15,216.75,7575,2100,136,238906031.25,82,F1,75,,,,,
2025-02-20,2025-02-20,FO,NSE,IDO,56567,,NIFTY,,2025-03-27,2025-03-27,24850.00,PE,NIFTY25MAR24850PE,0.00,0.00,0.00,1625.00,1625.00,1625.00,22913.15,1795.80,75,0,0,0.00,0,F1,75,,,,,
2025-02-20,2025-02-20,FO,NSE,IDO,61795,,NIFTY,,2029-12-27,2029-12-27,27000.00,PE,NIFTY29DEC27000PE,0.00,0.00,0.00,1177.90,0.00,1177.90,22913.15,1194.45,0,0,0,0.00,0,F1,75,,,,,
2025-02-20,2025-02-20,FO,NSE,IDO,67791,,NIFTY,,2028-12-28,2028-12-28,28000.00,PE,NIFTY28DEC28000PE,0.00,0.00,0.00,1697.60,0.00,1697.60,22913.15,1806.00,0,0,0,0.00,0,F1,75,,,,,
2025-02-20,2025-02-20,FO,NSE,IDO,86166,,NIFTY,,2028-06-29,2028-06-29,28000.00,PE,NIFTY28JUN28000PE,0.00,0.00,0.00,3161.35,0.00,3161.35,22913.15,2008.60,0,0,0,0.00,0,F1,75,,,,,
2025-02-20,2025-02-20,FO,NSE,IDO,86162,,NIFTY,,2028-06-29,2028-06-29,26000.00,PE,NIFTY28JUN26000PE,0.00,0.00,0.00,2370.30,0.00,2370.30,22913.15,1268.80,0,0,0,0.00,0,F1,75,,,,,
2025-02-20,2025-02-20,FO,NSE,IDO,86140,,NIFTY,,2028-06-29,2028-06-29,18000.00,PE,NIFTY28JUN18000PE,0.00,0.00,0.00,396.75,0.00,396.75,22913.15,50.75,0,0,0,0.00,0,F1,75,,,,,
2025-02-20,2025-02-20,FO,NSE,IDO,53630,,NIFTY,,2027-12-30,2027-12-30,26000.00,PE,NIFTY27DEC26000PE,0.00,0.00,0.00,1951.60,1951.60,1951.60,22913.15,1401.10,75,0,0,0.00,0,F1,75,,,,,
2025-02-20,2025-02-20,FO,NSE,IDO,53625,,NIFTY,,2027-12-30,2027-12-30,24000.00,PE,NIFTY27DEC24000PE,0.00,0.00,0.00,1092.15,1092.15,1092.15,22913.15,782.40,600,0,0,0.00,0,F1,75,,,,,
2025-02-20,2025-02-20,FO,NSE,IDO,53611,,NIFTY,,2027-12-30,2027-12-30,20000.00,PE,NIFTY27DEC20000PE,0.00,0.00,0.00,400.00,400.00,400.00,22913.15,149.80,4025,0,0,0.00,0,F1,75,,,,,
2025-02-20,2025-02-20,FO,NSE,IDO,71563,,NIFTY,,2027-06-24,2027-06-24,25000.00,PE,NIFTY27JUN25000PE,0.00,0.00,0.00,5619.05,0.00,5619.05,22913.15,1169.20,0,0,0,0.00,0,F1,75,,,,,
2025-02-20,2025-02-20,FO,NSE,IDO,71557,,NIFTY,,2027-06-24,2027-06-24,22000.00,PE,NIFTY27JUN22000PE,0.00,0.00,0.00,3995.40,0.00,3995.40,22913.15,388.65,0,0,0,0.00,0,F1,75,,,,,
2025-02-20,2025-02-20,FO,NSE,IDO,58625,,NIFTY,,2026-06-25,2026-06-25,12000.00,PE,NIFTY26JUN12000PE,0.00,0.00,0.00,20.05,20.05,20.05,22913.15,0.05,475,0,0,0.00,0,F1,75,,,,,
2025-02-20,2025-02-20,FO,NSE,IDO,64691,,NIFTY,,2025-09-25,2025-09-25,23000.00,PE,NIFTY25SEP23000PE,639.50,650.90,604.85,621.85,622.00,611.30,22913.15,621.85,45900,4200,153,271122731.25,120,F1,75,,,,,
2025-02-20,2025-02-20,FO,NSE,IDO,71384,,NIFTY,,2025-06-26,2025-06-26,26000.00,PE,NIFTY25JUN26000PE,2523.00,2574.55,2481.50,2499.05,2500.50,2479.30,22913.15,2499.05,256800,24425,393,840232950.00,393,F1,75,,,,,
2025-02-20,2025-02-20,FO,NSE,IDO,71382,,NIFTY,,2025-06-26,2025-06-26,25000.00,PE,NIFTY25JUN25000PE,1690.45,1729.35,1640.15,1661.90,1655.10,1642.80,22913.15,1661.90,367300,1950,295,590047545.00,273,F1,75,,,,,
2025-02-20,2025-02-20,FO,NSE,IDO,43386,,NIFTY,,2025-06-26,2025-06-26,14000.00,PE,NIFTY25JUN14000PE,0.00,0.00,0.00,0.25,0.25,0.25,22913.15,0.05,2925,0,0,0.00,0,F1,75,,,,,
2025-02-20,2025-02-20,FO,NSE,IDO,79751,,NIFTY,,2025-04-24,2025-04-24,25500.00,PE,NIFTY25APR25500PE,0.00,0.00,0.00,1989.35,0.00,1989.35,22913.15,2324.80,0,0,0,0.00,0,F1,75,,,,,
2025-02-20,2025-02-20,FO,NSE,IDO,79747,,NIFTY,,2025-04-24,2025-04-24,25400.00,PE,NIFTY25APR25400PE,0.00,0.00,0.00,1906.85,0.00,1906.85,22913.15,2230.15,0,0,0,0.00,0,F1,75,,,,,
2025-02-20,2025-02-20,FO,NSE,IDO,45517,,NIFTY,,2025-03-13,2025-03-13,23250.00,CE,NIFTY2531323250CE,200.00,201.45,186.95,197.40,196.10,226.50,22913.15,197.40,1050,450,12,21100987.50,9,F1,75,,,,,
2025-02-20,2025-02-20,FO,NSE,IDO,45538,,NIFTY,,2025-03-13,2025-03-13,23700.00,CE,NIFTY2531323700CE,83.50,83.50,59.50,65.85,65.95,85.65,22913.15,65.85,13125,2250,107,190752896.25,56,F1,75,,,,,
2025-02-20,2025-02-20,FO,NSE,IDO,45540,,NIFTY,,2025-03-13,2025-03-13,23750.00,CE,NIFTY2531323750CE,0.00,0.00,0.00,85.00,85.00,85.00,22913.15,61.10,450,0,0,0.00,0,F1,75,,,,,
2025-02-20,2025-02-20,FO,NSE,IDO,45586,,NIFTY,,2025-03-13,2025-03-13,24300.00,CE,NIFTY2531324300CE,19.45,19.45,13.20,13.60,13.20,19.85,22913.15,13.60,13425,5325,171,311842796.25,62,F1,75,,,,,
2025-02-20,2025-02-20,FO,NSE,IDO,45593,,NIFTY,,2025-03-13,2025-03-13,24400.00,CE,NIFTY2531324400CE,14.05,14.40,11.20,11.25,11.20,15.00,22913.15,11.25,2175,375,40,73237886.25,16,F1,75,,,,,
2025-02-20,2025-02-20,FO,NSE,IDO,50133,,NIFTY,,2025-03-20,2025-03-20,21700.00,CE,NIFTY2532021700CE,0.00,0.00,0.00,1528.10,0.00,1528.10,22913.15,1339.65,0,0,0,0.00,0,F1,75,,,,,
2025-02-20,2025-02-20,FO,NSE,IDO,50145,,NIFTY,,2025-03-20,2025-03-20,21950.00,CE,NIFTY2532021950CE,0.00,0.00,0.00,1309.00,0.00,1309.00,22913.15,1109.80,0,0,0,0.00,0,F1,75,,,,,
2025-02-20,2025-02-20,FO,NSE,IDO,50201,,NIFTY,,2025-03-20,2025-03-20,22650.00,CE,NIFTY2532022650CE,0.00,0.00,0.00,771.50,0.00,771.50,22913.15,555.10,0,0,0,0.00,0,F1,75,,,,,
2025-02-20,2025-02-20,FO,NSE,IDO,50205,,NIFTY,,2025-03-20,2025-03-20,22750.00,CE,NIFTY2532022750CE,0.00,0.00,0.00,629.50,629.50,629.50,22913.15,490.95,75,0,0,0.00,0,F1,75,,,,,
2025-02-20,2025-02-20,FO,NSE,IDO,50239,,NIFTY,,2025-03-20,2025-03-20,23400.00,CE,NIFTY2532023400CE,0.00,0.00,0.00,250.00,250.00,250.00,22913.15,186.00,75,0,0,0.00,0,F1,75,,,,,
2025-02-20,2025-02-20,FO,NSE,IDO,50279,,NIFTY,,2025-03-20,2025-03-20,24100.00,CE,NIFTY2532024100CE,40.00,44.20,36.20,38.75,40.00,50.00,22913.15,38.75,750,225,7,12673526.25,5,F1,75,,,,,
2025-02-20,2025-02-20,FO,NSE,IDO,50291,,NIFTY,,2025-03-20,2025-03-20,24350.00,CE,NIFTY2532024350CE,0.00,0.00,0.00,102.70,0.00,102.70,22913.15,24.60,0,0,0,0.00,0,F1,75,,,,,
2025-02-20,2025-02-20,FO,NSE,IDO,50307,,NIFTY,,2025-03-20,2025-03-20,24600.00,CE,NIFTY2532024600CE,15.15,15.15,15.15,15.15,15.15,21.00,22913.15,12.70,825,750,11,20307498.75,3,F1,75,,,,,
2025-02-20,2025-02-20,FO,NSE,IDO,46874,,NIFTY,,2025-03-27,2025-03-27,21400.00,CE,NIFTY25MAR21400CE,0.00,0.00,0.00,2789.25,0.00,2789.25,22913.15,1658.80,0,0,0,0.00,0,F1,75,,,,,
2025-02-20,2025-02-20,FO,NSE,IDO,46942,,NIFTY,,2025-03-27,2025-03-27,21950.00,CE,NIFTY25MAR21950CE,0.00,0.00,0.00,2301.20,0.00,2301.20,22913.15,1151.90,0,0,0,0.00,0,F1,75,,,,,
2025-02-20,2025-02-20,FO,NSE,IDO,48192,,NIFTY,,2025-03-27,2025-03-27,22850.00,CE,NIFTY25MAR22850CE,525.95,543.00,500.00,523.95,519.75,561.05,22913.15,523.95,35025,-450,316,554001326.25,278,F1,75,,,,,
2025-02-20,2025-02-20,FO,NSE,IDO,48245,,NIFTY,,2025-03-27,2025-03-27,22950.00,CE,NIFTY25MAR22950CE,467.95,481.00,446.00,462.75,460.40,500.30,22913.15,462.75,32700,-225,237,416265491.25,206,F1,75,,,,,
2025-02-20,2025-02-20,FO,NSE,IDO,48347,,NIFTY,,2025-03-27,2025-03-27,23100.00,CE,NIFTY25MAR23100CE,388.20,401.20,363.15,379.05,374.00,414.40,22913.15,379.05,221100,18450,3176,5593711758.75,2212,F1,75,,,,,
2025-02-20,2025-02-20,FO,NSE,IDO,64566,,NIFTY,,2025-03-27,2025-03-27,24000.00,CE,NIFTY25MAR24000CE,82.95,91.00,75.00,76.55,76.00,94.75,22913.15,76.55,3256475,273325,30952,55902940001.25,15378,F1,75,,,,,
2025-02-20,2025-02-20,FO,NSE,IDO,56546,,NIFTY,,2025-03-27,2025-03-27,24800.00,CE,NIFTY25MAR24800CE,18.00,18.95,14.85,15.45,15.15,18.75,22913.15,15.45,225000,18675,3302,6145874336.25,1799,F1,75,,,,,
2025-02-20,2025-02-20,FO,NSE,IDO,56572,,NIFTY,,2025-03-27,2025-03-27,24950.00,CE,NIFTY25MAR24950CE,18.10,18.10,12.75,13.45,12.75,18.10,22913.15,13.45,13575,-3375,110,205952467.50,40,F1,75,,,,,
2025-02-20,2025-02-20,FO,NSE,IDO,56880,,NIFTY,,2025-03-27,2025-03-27,25400.00,CE,NIFTY25MAR25400CE,9.95,10.05,8.70,9.05,8.70,10.05,22913.15,9.05,36000,-2400,205,390669795.00,57,F1,75,,,,,
2025-02-20,2025-02-20,FO,NSE,IDO,56886,,NIFTY,,2025-03-27,2025-03-27,25550.00,CE,NIFTY25MAR25550CE,9.15,9.90,7.20,7.80,7.85,9.85,22913.15,7.80,4200,-1575,117,224276070.00,36,F1,75,,,,,
2025-02-20,2025-02-20,FO,NSE,IDO,79245,,NIFTY,,2025-04-24,2025-04-24,21250.00,CE,NIFTY25APR21250CE,0.00,0.00,0.00,2418.95,0.00,2418.95,22913.15,1930.75,0,0,0,0.00,0,F1,75,,,,,
2025-02-20,2025-02-20,FO,NSE,IDO,79264,,NIFTY,,2025-04-24,2025-04-24,21700.00,CE,NIFTY25APR21700CE,0.00,0.00,0.00,1656.55,1656.55,1656.55,22913.15,1525.85,75,0,0,0.00,0,F1,75,,,,,
2025-02-20,2025-02-20,FO,NSE,IDO,79507,,NIFTY,,2025-04-24,2025-04-24,23650.00,CE,NIFTY25APR23650CE,0.00,0.00,0.00,725.80,725.80,725.80,22913.15,308.45,675,0,0,0.00,0,F1,75,,,,,
2025-02-20,2025-02-20,FO,NSE,IDO,45865,,NIFTY,,2025-06-26,2025-06-26,17000.00,CE,NIFTY25JUN17000CE,0.00,0.00,0.00,6850.00,6850.00,6850.00,22913.15,6290.35,2850,0,0,0.00,0,F1,75,,,,,
2025-02-20,2025-02-20,FO,NSE,IDO,39982,,NIFTY,,2025-06-26,2025-06-26,19000.00,CE,NIFTY25JUN19000CE,4299.95,4356.00,4299.95,4332.65,4318.25,4356.35,22913.15,4332.65,88575,15150,211,369292233.75,208,F1,75,,,,,
2025-02-20,2025-02-20,FO,NSE,IDO,50969,,NIFTY,,2025-06-26,2025-06-26,27000.00,CE,NIFTY25JUN27000CE,29.95,33.50,29.95,31.45,31.95,30.30,22913.15,31.45,359200,1000,592,1200195862.50,353,F1,75,,,,,
2025-02-20,2025-02-20,FO,NSE,IDO,38150,,NIFTY,,2025-06-26,2025-06-26,29000.00,CE,NIFTY25JUN29000CE,15.00,15.00,14.25,14.25,14.25,14.55,22913.15,1.95,54700,-75,6,13056528.75,6,F1,75,,,,,
2025-02-20,2025-02-20,FO,NSE,IDO,58624,,NIFTY,,2026-06-25,2026-06-25,12000.00,CE,NIFTY26JUN12000CE,0.00,0.00,0.00,8690.00,8690.00,8690.00,22913.15,11915.90,50,0,0,0.00,0,F1,75,,,,,
2025-02-20,2025-02-20,FO,NSE,IDO,50556,,NIFTY,,2026-06-25,2026-06-25,18000.00,CE,NIFTY26JUN18000CE,0.00,0.00,0.00,7400.00,7400.00,7400.00,22913.15,6435.00,100,0,0,0.00,0,F1,75,,,,,
2025-02-20,2025-02-20,FO,NSE,IDO,39989,,NIFTY,,2026-06-25,2026-06-25,19000.00,CE,NIFTY26JUN19000CE,0.00,0.00,0.00,5792.00,5792.00,5792.00,22913.15,5546.85,100,0,0,0.00,0,F1,75,,,,,
2025-02-20,2025-02-20,FO,NSE,IDO,58636,,NIFTY,,2026-12-31,2026-12-31,16000.00,CE,NIFTY26DEC16000CE,0.00,0.00,0.00,6200.00,6200.00,6200.00,22913.15,8739.55,50,0,0,0.00,0,F1,75,,,,,
2025-02-20,2025-02-20,FO,NSE,IDO,67784,,NIFTY,,2028-12-28,2028-12-28,25000.00,CE,NIFTY28DEC25000CE,0.00,0.00,0.00,5350.40,0.00,5350.40,22913.15,4342.50,0,0,0,0.00,0,F1,75,,,,,
2025-02-20,2025-02-20,FO,NSE,IDO,61914,,NIFTY,,2029-12-27,2029-12-27,29000.00,CE,NIFTY29DEC29000CE,0.00,0.00,0.00,5305.80,0.00,5305.80,22913.15,3539.85,0,0,0,0.00,0,F1,75,,,,,
2025-02-20,2025-02-20,FO,NSE,IDO,63221,,NIFTY,,2025-02-20,2025-02-20,21550.00,PE,NIFTY2522021550PE,0.25,0.30,0.05,0.10,0.05,0.35,22913.15,22913.15,485925,240525,37205,60133064276.25,8615,F1,75,,,,,
2025-02-20,2025-02-20,FO,NSE,IDO,63286,,NIFTY,,2025-02-20,2025-02-20,21950.00,PE,NIFTY2522021950PE,0.50,0.50,0.05,0.05,0.05,0.50,22913.15,22913.15,467325,-181575,95755,157638624093.75,22019,F1,75,,,,,
2025-02-20,2025-02-20,FO,NSE,IDO,63325,,NIFTY,,2025-02-20,2025-02-20,22250.00,PE,NIFTY2522022250PE,0.60,0.80,0.05,0.10,0.05,0.90,22913.15,22913.15,1161975,-1056450,394232,657887692961.25,92411,F1,75,,,,,
2025-02-20,2025-02-20,FO,NSE,IDO,63492,,NIFTY,,2025-02-20,2025-02-20,22850.00,PE,NIFTY2522022850PE,75.90,90.00,0.05,0.20,0.05,47.70,22913.15,22913.15,6656250,3355275,11365648,19493244427575.00,3475550,F1,75,,,,,
2025-02-20,2025-02-20,FO,NSE,IDO,63689,,NIFTY,,2025-02-20,2025-02-20,24150.00,PE,NIFTY2522024150PE,1240.25,1240.25,1240.25,1240.25,1240.25,1210.00,22913.15,22913.15,1650,-75,1,1904268.75,1,F1,75,,,,,
2025-02-20,2025-02-20,FO,NSE,IDO,63714,,NIFTY,,2025-02-20,2025-02-20,24400.00,PE,NIFTY2522024400PE,1575.00,1575.00,1480.00,1491.55,1487.95,1478.55,22913.15,22913.15,6675,-16275,304,590570985.00,215,F1,75,,,,,
2025-02-20,2025-02-20,FO,NSE,IDO,63723,,NIFTY,,2025-02-20,2025-02-20,24550.00,PE,NIFTY2522024550PE,0.00,0.00,0.00,1551.85,1551.85,1551.85,22913.15,22913.15,150,0,0,0.00,0,F1,75,,,,,
2025-02-20,2025-02-20,FO,NSE,IDO,63808,,NIFTY,,2025-02-20,2025-02-20,24950.00,PE,NIFTY2522024950PE,0.00,0.00,0.00,1531.15,0.00,1531.15,22913.15,22913.15,0,0,0,0.00,0,F1,75,,,,,
2025-02-20,2025-02-20,FO,NSE,IDO,63816,,NIFTY,,2025-02-20,2025-02-20,25100.00,PE,NIFTY2522025100PE,2200.00,2200.00,2182.95,2187.55,2187.55,2012.65,22913.15,22913.15,375,0,17,34795233.75,12,F1,75,,,,,
2025-02-20,2025-02-20,FO,NSE,IDO,55562,,NIFTY,,2025-02-27,2025-02-27,21150.00,PE,NIFTY25FEB21150PE,1.55,2.05,1.10,1.25,1.20,2.00,22913.15,1.25,515175,4425,7498,11894558392.50,2587,F1,75,,,,,
2025-02-20,2025-02-20,FO,NSE,IDO,55570,,NIFTY,,2025-02-27,2025-02-27,21350.00,PE,NIFTY25FEB21350PE,3.50,4.00,1.20,1.55,1.45,2.30,22913.15,1.55,201450,110100,7845,12562906185.00,3410,F1,75,,,,,
2025-02-20,2025-02-20,FO,NSE,IDO,55572,,NIFTY,,2025-02-27,2025-02-27,21400.00,PE,NIFTY25FEB21400PE,2.45,2.50,1.40,1.60,1.60,2.40,22913.15,1.60,1566900,758175,45498,73031040716.25,11881,F1,75,,,,,
2025-02-20,2025-02-20,FO,NSE,IDO,55590,,NIFTY,,2025-02-27,2025-02-27,21750.00,PE,NIFTY25FEB21750PE,4.85,4.90,2.35,2.60,2.85,4.45,22913.15,2.60,433350,215550,13686,22328442202.50,5164,F1,75,,,,,
2025-02-20,2025-02-20,FO,NSE,IDO,55598,,NIFTY,,2025-02-27,2025-02-27,21950.00,PE,NIFTY25FEB21950PE,10.05,10.05,4.25,4.50,4.70,8.15,22913.15,4.50,395925,149550,26865,44238365617.50,10930,F1,75,,,,,
2025-02-20,2025-02-20,FO,NSE,IDO,55600,,NIFTY,,2025-02-27,2025-02-27,22000.00,PE,NIFTY25FEB22000PE,12.25,13.00,5.10,5.40,5.80,9.75,22913.15,5.40,8760900,2856975,242342,399989033895.00,72484,F1,75,,,,,
2025-02-20,2025-02-20,FO,NSE,IDO,55616,,NIFTY,,2025-02-27,2025-02-27,22400.00,PE,NIFTY25FEB22400PE,47.70,47.70,22.35,23.65,25.00,36.50,22913.15,23.65,1819350,594900,134326,225967619010.00,61780,F1,75,,,,,
2025-02-20,2025-02-20,FO,NSE,IDO,57606,,NIFTY,,2025-02-27,2025-02-27,24100.00,PE,NIFTY25FEB24100PE,1211.65,1211.65,1145.15,1151.65,1158.20,1134.70,22913.15,1151.65,108375,12075,233,441630172.50,100,F1,75,,,,,
2025-02-20,2025-02-20,FO,NSE,IDO,57638,,NIFTY,,2025-02-27,2025-02-27,24900.00,PE,NIFTY25FEB24900PE,2032.65,2035.00,1965.00,1980.00,1980.00,1916.00,22913.15,1955.85,9300,300,8,16131573.75,5,F1,75,,,,,
2025-02-20,2025-02-20,FO,NSE,IDO,57662,,NIFTY,,2025-02-27,2025-02-27,25450.00,PE,NIFTY25FEB25450PE,0.00,0.00,0.00,2414.95,2416.30,2414.95,22913.15,2505.15,225,0,0,0.00,0,F1,75,,,,,
2025-02-20,2025-02-20,FO,NSE,IDO,57686,,NIFTY,,2025-02-27,2025-02-27,26050.00,PE,NIFTY25FEB26050PE,0.00,0.00,0.00,3013.70,3012.45,3013.70,22913.15,3104.40,150,0,0,0.00,0,F1,75,,,,,
2025-02-20,2025-02-20,FO,NSE,IDO,57701,,NIFTY,,2025-02-27,2025-02-27,26250.00,PE,NIFTY25FEB26250PE,0.00,0.00,0.00,3305.35,3305.35,3305.35,22913.15,3304.15,900,0,0,0.00,0,F1,75,,,,,
2025-02-20,2025-02-20,FO,NSE,IDO,68375,,NIFTY,,2025-03-06,2025-03-06,21100.00,PE,NIFTY2530621100PE,4.55,4.55,3.20,3.45,4.00,4.05,22913.15,3.45,100125,37800,1364,2158898235.00,473,F1,75,,,,,
2025-02-20,2025-02-20,FO,NSE,IDO,68379,,NIFTY,,2025-03-06,2025-03-06,21200.00,PE,NIFTY2530621200PE,5.00,5.45,3.30,3.70,3.60,4.85,22913.15,3.70,46425,22800,1044,1660275360.00,387,F1,75,,,,,
2025-02-20,2025-02-20,FO,NSE,IDO,68392,,NIFTY,,2025-03-06,2025-03-06,21400.00,PE,NIFTY2530621400PE,8.30,8.50,5.15,5.40,5.60,7.35,22913.15,5.40,65925,9900,1511,2425825106.25,834,F1,75,,,,,
2025-02-20,2025-02-20,FO,NSE,IDO,68418,,NIFTY,,2025-03-06,2025-03-06,22000.00,PE,NIFTY2530622000PE,35.95,36.25,21.95,22.50,23.90,31.00,22913.15,22.50,395475,136350,13677,22594769816.25,5965,F1,75,,,,,
2025-02-20,2025-02-20,FO,NSE,IDO,68439,,NIFTY,,2025-03-06,2025-03-06,22450.00,PE,NIFTY2530622450PE,95.75,102.85,69.50,70.95,72.80,87.50,22913.15,70.95,18450,7575,520,878630283.75,294,F1,75,,,,,
2025-02-20,2025-02-20,FO,NSE,IDO,68451,,NIFTY,,2025-03-06,2025-03-06,22600.00,PE,NIFTY2530622600PE,136.00,144.85,99.55,101.20,103.35,119.35,22913.15,101.20,161925,86850,5041,8586981461.25,3495,F1,75,,,,,
2025-02-20,2025-02-20,FO,NSE,IDO,68457,,NIFTY,,2025-03-06,2025-03-06,22750.00,PE,NIFTY2530622750PE,181.60,195.05,140.40,143.70,146.00,163.50,22913.15,143.70,27900,13875,800,1374622252.50,586,F1,75,,,,,
2025-02-20,2025-02-20,FO,NSE,IDO,68459,,NIFTY,,2025-03-06,2025-03-06,22800.00,PE,NIFTY2530622800PE,183.00,214.65,155.75,159.45,162.50,177.75,22913.15,159.45,329775,171675,9675,16672322602.50,6157,F1,75,,,,,
2025-02-20,2025-02-20,FO,NSE,IDO,68477,,NIFTY,,2025-03-06,2025-03-06,23200.00,PE,NIFTY2530623200PE,399.95,423.50,346.55,351.65,356.00,363.65,22913.15,351.65,59175,7725,765,1352397386.25,590,F1,75,,,,,
2025-02-20,2025-02-20,FO,NSE,IDO,68481,,NIFTY,,2025-03-06,2025-03-06,23300.00,PE,NIFTY2530623300PE,456.50,492.85,409.70,416.55,421.40,423.90,22913.15,416.55,43275,9300,337,599706798.75,279,F1,75,,,,,
2025-02-20,2025-02-20,FO,NSE,IDO,68487,,NIFTY,,2025-03-06,2025-03-06,23400.00,PE,NIFTY2530623400PE,515.00,563.00,480.05,488.25,494.45,489.05,22913.15,488.25,18300,2025,76,136223628.75,55,F1,75,,,,,
2025-02-20,2025-02-20,FO,NSE,IDO,68573,,NIFTY,,2025-03-06,2025-03-06,23450.00,PE,NIFTY2530623450PE,563.15,563.15,522.80,527.70,530.05,542.25,22913.15,527.70,825,0,7,12590568.75,7,F1,75,,,,,
2025-02-20,2025-02-20,FO,NSE,IDO,68667,,NIFTY,,2025-03-06,2025-03-06,25150.00,PE,NIFTY2530625150PE,0.00,0.00,0.00,2056.15,2056.45,2056.15,22913.15,2174.25,300,0,0,0.00,0,F1,75,,,,,
2025-02-20,2025-02-20,FO,NSE,IDO,68674,,NIFTY,,2025-03-06,2025-03-06,25250.00,PE,NIFTY2530625250PE,0.00,0.00,0.00,2154.55,2154.55,2154.55,22913.15,2274.00,75,0,0,0.00,0,F1,75,,,,,
2025-02-20,2025-02-20,FO,NSE,IDO,45431,,NIFTY,,2025-03-13,2025-03-13,21800.00,PE,NIFTY2531321800PE,40.10,42.55,28.00,28.60,29.00,37.95,22913.15,28.60,11625,4500,191,312736271.25,89,F1,75,,,,,
2025-02-20,2025-02-20,FO,NSE,IDO,45445,,NIFTY,,2025-03-13,2025-03-13,22100.00,PE,NIFTY2531322100PE,0.00,0.00,0.00,37.35,0.00,37.35,22913.15,36.30,0,0,0,0.00,0,F1,75,,,,,
2025-02-20,2025-02-20,FO,NSE,IDO,45466,,NIFTY,,2025-03-13,2025-03-13,22450.00,PE,NIFTY2531322450PE,121.00,121.00,105.00,105.50,106.00,115.00,22913.15,105.50,975,150,4,6767775.00,4,F1,75,,,,,
2025-02-20,2025-02-20,FO,NSE,IDO,45483,,NIFTY,,2025-03-13,2025-03-13,22850.00,PE,NIFTY2531322850PE,264.00,280.00,220.00,220.00,220.00,255.00,22913.15,220.00,1350,450,23,39836013.75,22,F1,75,,,,,
2025-02-20,2025-02-20,FO,NSE,IDO,45485,,NIFTY,,2025-03-13,2025-03-13,22900.00,PE,NIFTY2531322900PE,280.25,292.40,239.60,242.00,248.80,257.05,22913.15,242.00,5100,2475,146,253554333.75,79,F1,75,,,,,
2025-02-20,2025-02-20,FO,NSE,IDO,45513,,NIFTY,,2025-03-13,2025-03-13,23200.00,PE,NIFTY2531323200PE,417.25,454.35,381.40,389.75,389.75,419.65,22913.15,389.75,3000,975,25,44237216.25,16,F1,75,,,,,
2025-02-20,2025-02-20,FO,NSE,IDO,45601,,NIFTY,,2025-03-13,2025-03-13,24450.00,PE,NIFTY2531324450PE,0.00,0.00,0.00,890.90,0.00,890.90,22913.15,1453.55,0,0,0,0.00,0,F1,75,,,,,
2025-02-20,2025-02-20,FO,NSE,IDO,45611,,NIFTY,,2025-03-13,2025-03-13,24600.00,PE,NIFTY2531324600PE,0.00,0.00,0.00,1002.65,0.00,1002.65,22913.15,1599.80,0,0,0,0.00,0,F1,75,,,,,
2025-02-20,2025-02-20,FO,NSE,IDO,45613,,NIFTY,,2025-03-13,2025-03-13,24650.00,PE,NIFTY2531324650PE,0.00,0.00,0.00,1039.80,0.00,1039.80,22913.15,1648.85,0,0,0,0.00,0,F1,75,,,,,
2025-02-20,2025-02-20,FO,NSE,IDO,45616,,NIFTY,,2025-03-13,2025-03-13,24700.00,PE,NIFTY2531324700PE,0.00,0.00,0.00,1078.55,0.00,1078.55,22913.15,1698.00,0,0,0,0.00,0,F1,75,,,,,
2025-02-20,2025-02-20,FO,NSE,IDO,45637,,NIFTY,,2025-03-13,2025-03-13,24950.00,PE,NIFTY2531324950PE,0.00,0.00,0.00,1280.55,0.00,1280.55,22913.15,1945.00,0,0,0,0.00,0,F1,75,,,,,
2025-02-20,2025-02-20,FO,NSE,IDO,45652,,NIFTY,,2025-03-13,2025-03-13,25250.00,PE,NIFTY2531325250PE,0.00,0.00,0.00,1538.65,0.00,1538.65,22913.15,2243.00,0,0,0,0.00,0,F1,75,,,,,
2025-02-20,2025-02-20,FO,NSE,IDO,50116,,NIFTY,,2025-03-20,2025-03-20,21350.00,PE,NIFTY2532021350PE,0.00,0.00,0.00,26.80,26.80,26.80,22913.15,6.00,525,0,0,0.00,0,F1,75,,,,,
2025-02-20,2025-02-20,FO,NSE,IDO,50138,,NIFTY,,2025-03-20,2025-03-20,21800.00,PE,NIFTY2532021800PE,0.00,0.00,0.00,57.95,0.00,57.95,22913.15,24.80,0,0,0,0.00,0,F1,75,,,,,
2025-02-20,2025-02-20,FO,NSE,IDO,50144,,NIFTY,,2025-03-20,2025-03-20,21900.00,PE,NIFTY2532021900PE,0.00,0.00,0.00,70.00,70.00,70.00,22913.15,32.80,150,0,0,0.00,0,F1,75,,,,,
2025-02-20,2025-02-20,FO,NSE,IDO,50220,,NIFTY,,2025-03-20,2025-03-20,22900.00,PE,NIFTY2532022900PE,302.75,335.50,273.60,277.00,279.05,295.40,22913.15,277.00,2250,825,42,73071633.75,25,F1,75,,,,,
2025-02-20,2025-02-20,FO,NSE,IDO,50276,,NIFTY,,2025-03-20,2025-03-20,24000.00,PE,NIFTY2532024000PE,0.00,0.00,0.00,975.55,0.00,975.55,22913.15,1024.10,0,0,0,0.00,0,F1,75,,,,,
2025-02-20,2025-02-20,FO,NSE,IDO,50290,,NIFTY,,2025-03-20,2025-03-20,24300.00,PE,NIFTY2532024300PE,0.00,0.00,0.00,1212.45,0.00,1212.45,22913.15,1293.85,0,0,0,0.00,0,F1,75,,,,,
2025-02-20,2025-02-20,FO,NSE,IDO,50297,,NIFTY,,2025-03-20,2025-03-20,24400.00,PE,NIFTY2532024400PE,0.00,0.00,0.00,1296.05,0.00,1296.05,22913.15,1387.15,0,0,0,0.00,0,F1,75,,,,,
2025-02-20,2025-02-20,FO,NSE,IDO,46849,,NIFTY,,2025-03-27,2025-03-27,21200.00,PE,NIFTY25MAR21200PE,36.00,37.40,26.05,27.15,27.75,35.35,22913.15,27.15,218850,109125,2923,4653993918.75,1061,F1,75,,,,,
2025-02-20,2025-02-20,FO,NSE,IDO,47026,,NIFTY,,2025-03-27,2025-03-27,22650.00,PE,NIFTY25MAR22650PE,269.00,269.60,220.90,222.70,223.75,242.25,22913.15,222.70,19275,-1125,169,290031168.75,129,F1,75,,,,,
2025-02-20,2025-02-20,FO,NSE,IDO,48243,,NIFTY,,2025-03-27,2025-03-27,22900.00,PE,NIFTY25MAR22900PE,345.95,366.70,304.85,307.65,310.95,326.35,22913.15,307.65,250500,29550,3950,6881547866.25,2738,F1,75,,,,,
2025-02-20,2025-02-20,FO,NSE,IDO,48246,,NIFTY,,2025-03-27,2025-03-27,22950.00,PE,NIFTY25MAR22950PE,366.55,385.50,322.50,328.05,331.35,346.20,22913.15,328.05,75750,-5925,454,793272641.25,293,F1,75,,,,,
2025-02-20,2025-02-20,FO,NSE,IDO,48696,,NIFTY,,2025-03-27,2025-03-27,23200.00,PE,NIFTY25MAR23200PE,482.00,511.50,435.60,441.00,446.00,457.10,22913.15,441.00,283125,3900,1598,2836418771.25,1191,F1,75,,,,,
2025-02-20,2025-02-20,FO,NSE,IDO,51474,,NIFTY,,2025-03-27,2025-03-27,23600.00,PE,NIFTY25MAR23600PE,722.55,749.00,669.50,673.70,677.00,683.10,22913.15,673.70,79425,-375,161,293373420.00,95,F1,75,,,,,
2025-02-20,2025-02-20,FO,NSE,IDO,64571,,NIFTY,,2025-03-27,2025-03-27,25000.00,PE,NIFTY25MAR25000PE,1924.35,1985.00,1884.35,1901.85,1910.00,1878.25,22913.15,1901.85,730625,44850,1424,2874959745.00,1253,F1,75,,,,,
2025-02-20,2025-02-20,FO,NSE,IDO,63641,,NIFTY,,2025-02-20,2025-02-20,23600.00,PE,NIFTY2522023600PE,730.95,772.65,675.00,688.45,688.00,662.15,22913.15,22913.15,233475,-118275,3959,7215950853.75,2011,F1,75,,,,,
2025-02-20,2025-02-20,FO,NSE,IDO,63551,,NIFTY,,2025-02-20,2025-02-20,23200.00,CE,NIFTY2522023200CE,5.80,8.80,0.05,0.10,0.05,12.40,22913.15,22913.15,6338625,-1212525,3831398,6667339488982.50,644649,F1,75,,,,,
2025-02-20,2025-02-20,FO,NSE,IDO,63620,,NIFTY,,2025-02-20,2025-02-20,23450.00,CE,NIFTY2522023450CE,1.20,1.35,0.05,0.10,0.05,2.00,22913.15,22913.15,2849250,-445500,751138,1321098725351.25,160116,F1,75,,,,,
2025-02-20,2025-02-20,FO,NSE,IDO,63648,,NIFTY,,2025-02-20,2025-02-20,23700.00,CE,NIFTY2522023700CE,0.50,0.65,0.05,0.05,0.05,0.85,22913.15,22913.15,3379725,-2326575,455222,809170747608.75,70557,F1,75,,,,,
2025-02-20,2025-02-20,FO,NSE,IDO,63801,,NIFTY,,2025-02-20,2025-02-20,24850.00,CE,NIFTY2522024850CE,0.70,0.70,0.05,0.10,0.05,0.40,22913.15,22913.15,219675,144675,9981,18602248196.25,1907,F1,75,,,,,
2025-02-20,2025-02-20,FO,NSE,IDO,55563,,NIFTY,,2025-02-27,2025-02-27,21200.00,CE,NIFTY25FEB21200CE,0.00,0.00,0.00,1705.00,1705.00,1705.00,22913.15,1739.55,1575,0,0,0.00,0,F1,75,,,,,
2025-02-20,2025-02-20,FO,NSE,IDO,55569,,NIFTY,,2025-02-27,2025-02-27,21350.00,CE,NIFTY25FEB21350CE,0.00,0.00,0.00,1684.55,1684.55,1684.55,22913.15,1589.75,375,0,0,0.00,0,F1,75,,,,,
2025-02-20,2025-02-20,FO,NSE,IDO,55575,,NIFTY,,2025-02-27,2025-02-27,21500.00,CE,NIFTY25FEB21500CE,1391.10,1451.45,1356.00,1441.35,1438.65,1458.55,22913.15,1441.35,580200,-33750,606,1042057965.00,318,F1,75,,,,,
2025-02-20,2025-02-20,FO,NSE,IDO,55585,,NIFTY,,2025-02-27,2025-02-27,21650.00,CE,NIFTY25FEB21650CE,0.00,0.00,0.00,1378.85,1383.80,1378.85,22913.15,1290.20,150,0,0,0.00,0,F1,75,,,,,
2025-02-20,2025-02-20,FO,NSE,IDO,55597,,NIFTY,,2025-02-27,2025-02-27,21950.00,CE,NIFTY25FEB21950CE,988.75,988.75,988.75,988.75,988.75,995.85,22913.15,991.65,600,75,1,1720406.25,1,F1,75,,,,,
2025-02-20,2025-02-20,FO,NSE,IDO,55599,,NIFTY,,2025-02-27,2025-02-27,22000.00,CE,NIFTY25FEB22000CE,910.00,961.95,866.00,947.45,936.00,972.15,22913.15,947.45,831225,-28875,2316,3983855002.50,1276,F1,75,,,,,
2025-02-20,2025-02-20,FO,NSE,IDO,55607,,NIFTY,,2025-02-27,2025-02-27,22200.00,CE,NIFTY25FEB22200CE,720.00,766.00,675.00,750.80,744.00,780.60,22913.15,750.80,28725,-750,360,619379343.75,235,F1,75,,,,,
2025-02-20,2025-02-20,FO,NSE,IDO,89635,,NIFTY,,2029-06-28,2029-06-28,26000.00,PE,NIFTY29JUN26000PE,0.00,0.00,0.00,1391.75,1391.75,1391.75,22913.15,1046.20,25,0,0,0.00,0,F1,75,,,,,
2025-02-20,2025-02-20,FO,NSE,IDO,63524,,NIFTY,,2025-02-20,2025-02-20,22950.00,CE,NIFTY2522022950CE,36.10,53.15,0.05,0.40,0.05,76.10,22913.15,22913.15,10041000,7041450,13137592,22624035302966.25,3478170,F1,75,,,,,
2025-02-20,2025-02-20,FO,NSE,IDO,63367,,NIFTY,,2025-02-20,2025-02-20,22550.00,CE,NIFTY2522022550CE,323.55,376.05,272.10,361.60,363.60,391.70,22913.15,22913.15,20325,-8850,8469,14535327686.25,5749,F1,75,,,,,
2025-02-20,2025-02-20,FO,NSE,IDO,63365,,NIFTY,,2025-02-20,2025-02-20,22500.00,CE,NIFTY2522022500CE,358.15,428.00,315.00,411.95,412.65,441.25,22913.15,22913.15,71550,-102675,28934,49668423341.25,17482,F1,75,,,,,
2025-02-20,2025-02-20,FO,NSE,IDO,63299,,NIFTY,,2025-02-20,2025-02-20,22100.00,CE,NIFTY2522022100CE,751.85,822.55,750.00,812.50,813.05,835.10,22913.15,22913.15,7800,-1800,68,116743867.50,53,F1,75,,,,,
2025-02-20,2025-02-20,FO,NSE,IDO,63204,,NIFTY,,2025-02-20,2025-02-20,21400.00,CE,NIFTY2522021400CE,0.00,0.00,0.00,1667.00,1667.00,1667.00,22913.15,22913.15,75,0,0,0.00,0,F1,75,,,,,
2025-02-20,2025-02-20,FO,NSE,IDO,63082,,NIFTY,,2025-02-20,2025-02-20,21100.00,CE,NIFTY2522021100CE,0.00,0.00,0.00,1964.85,1964.85,1964.85,22913.15,22913.15,225,0,0,0.00,0,F1,75,,,,,
2025-02-20,2025-02-20,FO,NSE,IDO,53635,,NIFTY,,2027-12-30,2027-12-30,28000.00,PE,NIFTY27DEC28000PE,0.00,0.00,0.00,4251.00,0.00,4251.00,22913.15,2241.75,0,0,0,0.00,0,F1,75,,,,,
2025-02-20,2025-02-20,FO,NSE,IDO,58643,,NIFTY,,2026-12-31,2026-12-31,19000.00,PE,NIFTY26DEC19000PE,97.45,97.45,97.45,97.45,97.45,203.00,22913.15,97.45,2325,0,1,1432308.75,1,F1,75,,,,,
2025-02-20,2025-02-20,FO,NSE,IDO,58639,,NIFTY,,2026-12-31,2026-12-31,17000.00,PE,NIFTY26DEC17000PE,0.00,0.00,0.00,97.05,97.05,97.05,22913.15,11.90,2850,0,0,0.00,0,F1,75,,,,,
2025-02-20,2025-02-20,FO,NSE,IDO,38377,,NIFTY,,2025-12-24,2025-12-24,20000.00,PE,NIFTY25DEC20000PE,209.55,209.60,196.25,196.75,196.30,202.05,22913.15,196.75,264225,-1950,128,193934670.00,95,F1,75,,,,,
2025-02-20,2025-02-20,FO,NSE,IDO,49174,,NIFTY,,2025-12-24,2025-12-24,15000.00,PE,NIFTY25DEC15000PE,20.05,20.05,20.05,20.05,20.05,30.95,22913.15,20.05,1900,225,3,3379511.25,3,F1,75,,,,,
2025-02-20,2025-02-20,FO,NSE,IDO,37797,,NIFTY,,2025-12-24,2025-12-24,13000.00,PE,NIFTY25DEC13000PE,0.00,0.00,0.00,10.05,10.05,10.05,22913.15,0.05,600,0,0,0.00,0,F1,75,,,,,
2025-02-20,2025-02-20,FO,NSE,IDO,64695,,NIFTY,,2025-09-25,2025-09-25,25000.00,PE,NIFTY25SEP25000PE,1515.15,1515.15,1515.15,1515.15,1515.15,1501.95,22913.15,1635.70,3375,75,1,1988636.25,1,F1,75,,,,,
2025-02-20,2025-02-20,FO,NSE,IDO,64689,,NIFTY,,2025-09-25,2025-09-25,22000.00,PE,NIFTY25SEP22000PE,372.10,388.85,360.90,368.25,369.00,369.95,22913.15,368.25,29625,4875,167,280257840.00,166,F1,75,,,,,
2025-02-20,2025-02-20,FO,NSE,IDO,37794,,NIFTY,,2025-06-26,2025-06-26,23000.00,PE,NIFTY25JUN23000PE,543.30,567.20,516.25,523.30,525.20,524.50,22913.15,523.30,909450,22800,1541,2719692360.00,1296,F1,75,,,,,
2025-02-20,2025-02-20,FO,NSE,IDO,39986,,NIFTY,,2025-06-26,2025-06-26,19000.00,PE,NIFTY25JUN19000PE,38.05,38.05,33.00,33.80,33.00,36.25,22913.15,33.80,876875,7950,644,919377881.25,356,F1,75,,,,,
2025-02-20,2025-02-20,FO,NSE,IDO,55120,,NIFTY,,2025-06-26,2025-06-26,18000.00,PE,NIFTY25JUN18000PE,22.40,22.50,19.70,20.45,20.35,20.25,22913.15,20.45,82125,3000,123,166241036.25,42,F1,75,,,,,
2025-02-20,2025-02-20,FO,NSE,IDO,79635,,NIFTY,,2025-04-24,2025-04-24,24350.00,PE,NIFTY25APR24350PE,0.00,0.00,0.00,1128.50,0.00,1128.50,22913.15,1296.25,0,0,0,0.00,0,F1,75,,,,,
2025-02-20,2025-02-20,FO,NSE,IDO,79611,,NIFTY,,2025-04-24,2025-04-24,24200.00,PE,NIFTY25APR24200PE,0.00,0.00,0.00,1199.40,1199.40,1199.40,22913.15,1176.45,2475,0,0,0.00,0,F1,75,,,,,
2025-02-20,2025-02-20,FO,NSE,IDO,55609,,NIFTY,,2025-02-27,2025-02-27,22250.00,CE,NIFTY25FEB22250CE,688.95,702.30,668.45,702.30,702.30,765.00,22913.15,702.30,3750,300,12,20641372.50,12,F1,75,,,,,
2025-02-20,2025-02-20,FO,NSE,IDO,55641,,NIFTY,,2025-02-27,2025-02-27,23050.00,CE,NIFTY25FEB23050CE,118.60,128.00,98.60,110.95,109.45,148.65,22913.15,110.95,757575,267225,54082,93954059640.00,32335,F1,75,,,,,
2025-02-20,2025-02-20,FO,NSE,IDO,55653,,NIFTY,,2025-02-27,2025-02-27,23350.00,CE,NIFTY25FEB23350CE,38.00,42.20,27.40,29.80,29.40,51.30,22913.15,29.80,874500,243150,65849,115477878075.00,35646,F1,75,,,,,
2025-02-20,2025-02-20,FO,NSE,IDO,57583,,NIFTY,,2025-02-27,2025-02-27,23550.00,CE,NIFTY25FEB23550CE,18.95,18.95,10.00,10.90,10.00,21.55,22913.15,10.90,854325,417450,57281,101225205600.00,23480,F1,75,,,,,
2025-02-20,2025-02-20,FO,NSE,IDO,57597,,NIFTY,,2025-02-27,2025-02-27,23900.00,CE,NIFTY25FEB23900CE,4.05,4.90,2.45,2.70,2.70,4.90,22913.15,2.70,2610300,1057875,113302,203120744658.75,36057,F1,75,,,,,
2025-02-20,2025-02-20,FO,NSE,IDO,57601,,NIFTY,,2025-02-27,2025-02-27,24000.00,CE,NIFTY25FEB24000CE,4.30,5.00,1.95,2.10,2.00,3.75,22913.15,2.10,9241500,1658850,219555,395240944177.50,53200,F1,75,,,,,
2025-02-20,2025-02-20,FO,NSE,IDO,57619,,NIFTY,,2025-02-27,2025-02-27,24450.00,CE,NIFTY25FEB24450CE,1.90,2.20,1.15,1.30,1.30,1.90,22913.15,1.30,177600,49575,6541,11995315518.75,2551,F1,75,,,,,
2025-02-20,2025-02-20,FO,NSE,IDO,57623,,NIFTY,,2025-02-27,2025-02-27,24550.00,CE,NIFTY25FEB24550CE,1.45,2.15,1.10,1.20,1.25,1.80,22913.15,1.20,186150,93900,6195,11407217887.50,1948,F1,75,,,,,
2025-02-20,2025-02-20,FO,NSE,IDO,57661,,NIFTY,,2025-02-27,2025-02-27,25450.00,CE,NIFTY25FEB25450CE,1.10,1.80,1.00,1.10,1.00,1.45,22913.15,1.10,17625,1950,496,946792072.50,212,F1,75,,,,,
2025-02-20,2025-02-20,FO,NSE,IDO,57671,,NIFTY,,2025-02-27,2025-02-27,25700.00,CE,NIFTY25FEB25700CE,1.60,1.70,1.00,1.10,1.00,1.40,22913.15,1.10,50550,-13125,1312,2529011126.25,616,F1,75,,,,,
2025-02-20,2025-02-20,FO,NSE,IDO,57673,,NIFTY,,2025-02-27,2025-02-27,25750.00,CE,NIFTY25FEB25750CE,1.60,1.80,0.90,1.05,1.05,1.45,22913.15,1.05,22425,-13275,974,1881134955.00,513,F1,75,,,,,
2025-02-20,2025-02-20,FO,NSE,IDO,68452,,NIFTY,,2025-03-06,2025-03-06,22650.00,CE,NIFTY2530622650CE,473.90,473.90,437.30,455.70,450.50,493.25,22913.15,455.70,12600,9000,142,246047347.50,138,F1,75,,,,,
2025-02-20,2025-02-20,FO,NSE,IDO,68623,,NIFTY,,2025-03-06,2025-03-06,24600.00,CE,NIFTY2530624600CE,3.20,3.50,2.70,2.90,2.90,3.55,22913.15,2.90,75750,5100,1735,3201483356.25,738,F1,75,,,,,
2025-02-20,2025-02-20,FO,NSE,IDO,68666,,NIFTY,,2025-03-06,2025-03-06,25150.00,CE,NIFTY2530625150CE,0.00,0.00,0.00,3.10,3.10,3.10,22913.15,0.05,2100,0,0,0.00,0,F1,75,,,,,
2025-02-20,2025-02-20,FO,NSE,IDO,45410,,NIFTY,,2025-03-13,2025-03-13,21400.00,CE,NIFTY2531321400CE,0.00,0.00,0.00,2359.65,0.00,2359.65,22913.15,1595.95,0,0,0,0.00,0,F1,75,,,,,
2025-02-20,2025-02-20,FO,NSE,IDO,45484,,NIFTY,,2025-03-13,2025-03-13,22900.00,CE,NIFTY2531322900CE,371.15,390.00,350.00,370.65,370.05,411.00,22913.15,370.65,7275,4050,234,408437850.00,109,F1,75,,,,,
2025-02-20,2025-02-20,FO,NSE,IDO,45486,,NIFTY,,2025-03-13,2025-03-13,22950.00,CE,NIFTY2531322950CE,353.25,381.30,340.70,341.20,340.70,381.30,22913.15,341.20,2100,1575,33,57669191.25,21,F1,75,,,,,
2025-02-20,2025-02-20,FO,NSE,IDO,45536,,NIFTY,,2025-03-13,2025-03-13,23650.00,CE,NIFTY2531323650CE,90.00,90.00,77.00,78.90,78.90,93.00,22913.15,78.00,300,150,3,5339692.50,3,F1,75,,,,,
2025-02-20,2025-02-20,FO,NSE,IDO,45621,,NIFTY,,2025-03-13,2025-03-13,24850.00,CE,NIFTY2531324850CE,9.75,9.75,6.45,6.45,6.45,8.90,22913.15,1.90,825,225,6,11186145.00,2,F1,75,,,,,
2025-02-20,2025-02-20,FO,NSE,IDO,45638,,NIFTY,,2025-03-13,2025-03-13,25000.00,CE,NIFTY2531325000CE,5.50,5.50,4.35,4.55,4.75,5.50,22913.15,4.55,43350,7200,232,435081712.50,79,F1,75,,,,,
2025-02-20,2025-02-20,FO,NSE,IDO,50103,,NIFTY,,2025-03-20,2025-03-20,21200.00,CE,NIFTY2532021200CE,0.00,0.00,0.00,1992.95,0.00,1992.95,22913.15,1822.10,0,0,0,0.00,0,F1,75,,,,,
2025-02-20,2025-02-20,FO,NSE,IDO,50109,,NIFTY,,2025-03-20,2025-03-20,21250.00,CE,NIFTY2532021250CE,0.00,0.00,0.00,1945.25,0.00,1945.25,22913.15,1773.05,0,0,0,0.00,0,F1,75,,,,,
2025-02-20,2025-02-20,FO,NSE,IDO,50115,,NIFTY,,2025-03-20,2025-03-20,21350.00,CE,NIFTY2532021350CE,0.00,0.00,0.00,1850.60,0.00,1850.60,22913.15,1675.35,0,0,0,0.00,0,F1,75,,,,,
2025-02-20,2025-02-20,FO,NSE,IDO,50139,,NIFTY,,2025-03-20,2025-03-20,21850.00,CE,NIFTY2532021850CE,0.00,0.00,0.00,1395.25,0.00,1395.25,22913.15,1200.40,0,0,0,0.00,0,F1,75,,,,,
2025-02-20,2025-02-20,FO,NSE,IDO,50165,,NIFTY,,2025-03-20,2025-03-20,22250.00,CE,NIFTY2532022250CE,0.00,0.00,0.00,1062.95,0.00,1062.95,22913.15,852.35,0,0,0,0.00,0,F1,75,,,,,
2025-02-20,2025-02-20,FO,NSE,IDO,50241,,NIFTY,,2025-03-20,2025-03-20,23450.00,CE,NIFTY2532023450CE,0.00,0.00,0.00,343.75,0.00,343.75,22913.15,170.35,0,0,0,0.00,0,F1,75,,,,,
2025-02-20,2025-02-20,FO,NSE,IDO,50259,,NIFTY,,2025-03-20,2025-03-20,23800.00,CE,NIFTY2532023800CE,90.00,92.25,90.00,92.25,92.25,109.00,22913.15,87.00,825,150,3,5375587.50,2,F1,75,,,,,
2025-02-20,2025-02-20,FO,NSE,IDO,50261,,NIFTY,,2025-03-20,2025-03-20,23850.00,CE,NIFTY2532023850CE,0.00,0.00,0.00,209.15,0.00,209.15,22913.15,78.35,0,0,0,0.00,0,F1,75,,,,,
2025-02-20,2025-02-20,FO,NSE,IDO,50296,,NIFTY,,2025-03-20,2025-03-20,24400.00,CE,NIFTY2532024400CE,31.20,31.20,26.10,26.15,26.10,31.20,22913.15,26.15,600,150,3,5496262.50,3,F1,75,,,,,
2025-02-20,2025-02-20,FO,NSE,IDO,46880,,NIFTY,,2025-03-27,2025-03-27,21500.00,CE,NIFTY25MAR21500CE,1579.50,1624.05,1546.00,1607.80,1607.00,1635.15,22913.15,1607.80,92925,45450,665,1152063105.00,429,F1,75,,,,,
2025-02-20,2025-02-20,FO,NSE,IDO,46918,,NIFTY,,2025-03-27,2025-03-27,21800.00,CE,NIFTY25MAR21800CE,1300.00,1356.60,1300.00,1356.60,1356.60,1473.10,22913.15,1285.35,1125,450,7,12141828.75,5,F1,75,,,,,
2025-02-20,2025-02-20,FO,NSE,IDO,46997,,NIFTY,,2025-03-27,2025-03-27,22500.00,CE,NIFTY25MAR22500CE,742.15,780.00,725.50,759.60,755.00,799.30,22913.15,759.60,305850,3225,2318,4043351996.25,1248,F1,75,,,,,
2025-02-20,2025-02-20,FO,NSE,IDO,64564,,NIFTY,,2025-03-27,2025-03-27,23000.00,CE,NIFTY25MAR23000CE,429.00,456.50,415.00,433.00,429.00,474.50,22913.15,433.00,1650400,349550,20622,36249527868.75,14437,F1,75,,,,,
2025-02-20,2025-02-20,FO,NSE,IDO,54819,,NIFTY,,2025-03-27,2025-03-27,24150.00,CE,NIFTY25MAR24150CE,63.50,64.00,53.05,55.20,53.80,69.15,22913.15,55.20,24525,3750,296,537429693.75,157,F1,75,,,,,
2025-02-20,2025-02-20,FO,NSE,IDO,55102,,NIFTY,,2025-03-27,2025-03-27,24250.00,CE,NIFTY25MAR24250CE,54.00,54.00,39.10,42.55,39.10,55.10,22913.15,42.55,44025,4050,174,317069343.75,68,F1,75,,,,,
2025-02-20,2025-02-20,FO,NSE,IDO,56526,,NIFTY,,2025-03-27,2025-03-27,24550.00,CE,NIFTY25MAR24550CE,26.50,27.10,23.00,23.55,23.45,29.80,22913.15,23.55,30000,4050,320,589798841.25,220,F1,75,,,,,
2025-02-20,2025-02-20,FO,NSE,IDO,64570,,NIFTY,,2025-03-27,2025-03-27,25000.00,CE,NIFTY25MAR25000CE,13.80,14.80,11.75,12.15,11.85,14.00,22913.15,12.15,3067025,264550,23020,43185350925.00,11433,F1,75,,,,,
2025-02-20,2025-02-20,FO,NSE,IDO,56888,,NIFTY,,2025-03-27,2025-03-27,25600.00,CE,NIFTY25MAR25600CE,7.30,9.85,7.30,9.40,9.85,9.15,22913.15,9.40,13200,0,3,5761953.75,3,F1,75,,,,,
2025-02-20,2025-02-20,FO,NSE,IDO,79512,,NIFTY,,2025-04-24,2025-04-24,23750.00,PE,NIFTY25APR23750PE,0.00,0.00,0.00,751.25,751.25,751.25,22913.15,847.55,2925,0,0,0.00,0,F1,75,,,,,
2025-02-20,2025-02-20,FO,NSE,IDO,79437,,NIFTY,,2025-04-24,2025-04-24,23100.00,PE,NIFTY25APR23100PE,460.60,466.05,446.75,452.40,466.05,473.00,22913.15,452.40,5475,975,38,67124238.75,16,F1,75,,,,,
2025-02-20,2025-02-20,FO,NSE,IDO,79435,,NIFTY,,2025-04-24,2025-04-24,23050.00,PE,NIFTY25APR23050PE,0.00,0.00,0.00,461.30,461.30,461.30,22913.15,446.05,75,0,0,0.00,0,F1,75,,,,,
2025-02-20,2025-02-20,FO,NSE,IDO,79286,,NIFTY,,2025-04-24,2025-04-24,22000.00,PE,NIFTY25APR22000PE,165.05,175.00,145.85,149.15,148.35,159.45,22913.15,149.15,381900,18750,1225,2035789016.25,811,F1,75,,,,,
2025-02-20,2025-02-20,FO,NSE,IDO,79271,,NIFTY,,2025-04-24,2025-04-24,21850.00,PE,NIFTY25APR21850PE,0.00,0.00,0.00,143.95,143.95,143.95,22913.15,90.85,75,0,0,0.00,0,F1,75,,,,,
2025-02-20,2025-02-20,FO,NSE,IDO,56527,,NIFTY,,2025-03-27,2025-03-27,24550.00,PE,NIFTY25MAR24550PE,0.00,0.00,0.00,966.45,0.00,966.45,22913.15,1511.35,0,0,0,0.00,0,F1,75,,,,,
2025-02-20,2025-02-20,FO,NSE,IDO,55657,,NIFTY,,2025-03-27,2025-03-27,24500.00,PE,NIFTY25MAR24500PE,1467.00,1501.00,1413.30,1419.70,1423.35,1410.85,22913.15,1419.70,247275,17625,425,826485003.75,247,F1,75,,,,,
2025-02-20,2025-02-20,FO,NSE,IDO,55200,,NIFTY,,2025-03-27,2025-03-27,24350.00,PE,NIFTY25MAR24350PE,0.00,0.00,0.00,1107.40,1107.40,1107.40,22913.15,1327.45,14400,0,0,0.00,0,F1,75,,,,,
2025-02-20,2025-02-20,FO,NSE,IDO,64567,,NIFTY,,2025-03-27,2025-03-27,24000.00,PE,NIFTY25MAR24000PE,1089.75,1089.75,965.00,975.70,982.95,974.20,22913.15,975.70,1458500,-48400,3755,7041840277.50,3044,F1,75,,,,,
2025-02-20,2025-02-20,FO,NSE,IDO,51478,,NIFTY,,2025-03-27,2025-03-27,23700.00,PE,NIFTY25MAR23700PE,795.45,817.45,739.00,742.10,749.10,747.35,22913.15,742.10,84150,-1500,163,299049322.50,137,F1,75,,,,,
2025-02-20,2025-02-20,FO,NSE,IDO,48212,,NIFTY,,2025-03-27,2025-03-27,22850.00,PE,NIFTY25MAR22850PE,328.45,346.50,287.35,289.20,289.80,306.75,22913.15,289.20,45525,2925,323,561107913.75,264,F1,75,,,,,
2025-02-20,2025-02-20,FO,NSE,IDO,46989,,NIFTY,,2025-03-27,2025-03-27,22350.00,PE,NIFTY25MAR22350PE,178.95,182.15,144.55,146.95,148.70,164.75,22913.15,146.95,36825,-750,610,1029734025.00,520,F1,75,,,,,
2025-02-20,2025-02-20,FO,NSE,IDO,46985,,NIFTY,,2025-03-27,2025-03-27,22250.00,PE,NIFTY25MAR22250PE,148.75,164.40,124.75,126.75,128.45,144.00,22913.15,126.75,11250,-1950,396,664971180.00,176,F1,75,,,,,
2025-02-20,2025-02-20,FO,NSE,IDO,46975,,NIFTY,,2025-03-27,2025-03-27,22150.00,PE,NIFTY25MAR22150PE,133.00,138.50,108.95,110.65,111.70,126.05,22913.15,110.65,17550,2925,278,464268750.00,120,F1,75,,,,,
2025-02-20,2025-02-20,FO,NSE,IDO,50310,,NIFTY,,2025-03-20,2025-03-20,24650.00,PE,NIFTY2532024650PE,0.00,0.00,0.00,1512.90,0.00,1512.90,22913.15,1625.30,0,0,0,0.00,0,F1,75,,,,,
2025-02-20,2025-02-20,FO,NSE,IDO,50274,,NIFTY,,2025-03-20,2025-03-20,23950.00,PE,NIFTY2532023950PE,0.00,0.00,0.00,937.90,0.00,937.90,22913.15,980.95,0,0,0,0.00,0,F1,75,,,,,
2025-02-20,2025-02-20,FO,NSE,IDO,50240,,NIFTY,,2025-03-20,2025-03-20,23400.00,PE,NIFTY2532023400PE,0.00,0.00,0.00,571.95,0.00,571.95,22913.15,556.50,0,0,0,0.00,0,F1,75,,,,,
2025-02-20,2025-02-20,FO,NSE,IDO,50230,,NIFTY,,2025-03-20,2025-03-20,23150.00,PE,NIFTY2532023150PE,0.00,0.00,0.00,438.30,0.00,438.30,22913.15,402.10,0,0,0,0.00,0,F1,75,,,,,
2025-02-20,2025-02-20,FO,NSE,IDO,50222,,NIFTY,,2025-03-20,2025-03-20,22950.00,PE,NIFTY2532022950PE,331.00,342.00,331.00,333.45,333.45,327.05,22913.15,299.05,300,0,3,5239233.75,3,F1,75,,,,,
2025-02-20,2025-02-20,FO,NSE,IDO,50206,,NIFTY,,2025-03-20,2025-03-20,22750.00,PE,NIFTY2532022750PE,0.00,0.00,0.00,268.60,0.00,268.60,22913.15,214.65,0,0,0,0.00,0,F1,75,,,,,
2025-02-20,2025-02-20,FO,NSE,IDO,50164,,NIFTY,,2025-03-20,2025-03-20,22200.00,PE,NIFTY2532022200PE,0.00,0.00,0.00,118.55,0.00,118.55,22913.15,69.95,0,0,0,0.00,0,F1,75,,,,,
2025-02-20,2025-02-20,FO,NSE,IDO,50156,,NIFTY,,2025-03-20,2025-03-20,22100.00,PE,NIFTY2532022100PE,0.00,0.00,0.00,100.15,0.00,100.15,22913.15,55.00,0,0,0,0.00,0,F1,75,,,,,
2025-02-20,2025-02-20,FO,NSE,IDO,50130,,NIFTY,,2025-03-20,2025-03-20,21600.00,PE,NIFTY2532021600PE,0.00,0.00,0.00,38.80,0.00,38.80,22913.15,13.65,0,0,0,0.00,0,F1,75,,,,,
2025-02-20,2025-02-20,FO,NSE,IDO,45618,,NIFTY,,2025-03-13,2025-03-13,24750.00,PE,NIFTY2531324750PE,0.00,0.00,0.00,1117.85,0.00,1117.85,22913.15,1747.25,0,0,0,0.00,0,F1,75,,,,,
2025-02-20,2025-02-20,FO,NSE,IDO,45606,,NIFTY,,2025-03-13,2025-03-13,24500.00,PE,NIFTY2531324500PE,0.00,0.00,0.00,927.10,0.00,927.10,22913.15,1502.15,0,0,0,0.00,0,F1,75,,,,,
2025-02-20,2025-02-20,FO,NSE,IDO,45489,,NIFTY,,2025-03-13,2025-03-13,23000.00,PE,NIFTY2531323000PE,325.15,347.90,280.20,283.70,287.85,300.75,22913.15,283.70,20025,3075,248,433391437.50,182,F1,75,,,,,
2025-02-20,2025-02-20,FO,NSE,IDO,45477,,NIFTY,,2025-03-13,2025-03-13,22700.00,PE,NIFTY2531322700PE,198.55,215.00,167.35,171.30,173.00,189.50,22913.15,171.30,2850,900,57,97822770.00,42,F1,75,,,,,
2025-02-20,2025-02-20,FO,NSE,IDO,45427,,NIFTY,,2025-03-13,2025-03-13,21700.00,PE,NIFTY2531321700PE,0.00,0.00,0.00,15.55,0.00,15.55,22913.15,9.60,0,0,0,0.00,0,F1,75,,,,,
2025-02-20,2025-02-20,FO,NSE,IDO,45420,,NIFTY,,2025-03-13,2025-03-13,21600.00,PE,NIFTY2531321600PE,18.85,19.50,18.85,19.15,19.15,12.25,22913.15,6.60,3075,3075,41,66479227.50,9,F1,75,,,,,
2025-02-20,2025-02-20,FO,NSE,IDO,79253,,NIFTY,,2025-04-24,2025-04-24,21450.00,CE,NIFTY25APR21450CE,0.00,0.00,0.00,2242.10,0.00,2242.10,22913.15,1747.45,0,0,0,0.00,0,F1,75,,,,,
2025-02-20,2025-02-20,FO,NSE,IDO,79287,,NIFTY,,2025-04-24,2025-04-24,22050.00,CE,NIFTY25APR22050CE,0.00,0.00,0.00,1741.00,0.00,1741.00,22913.15,1233.80,0,0,0,0.00,0,F1,75,,,,,
2025-02-20,2025-02-20,FO,NSE,IDO,79291,,NIFTY,,2025-04-24,2025-04-24,22100.00,CE,NIFTY25APR22100CE,0.00,0.00,0.00,1276.00,1276.00,1276.00,22913.15,1194.10,525,0,0,0.00,0,F1,75,,,,,
2025-02-20,2025-02-20,FO,NSE,IDO,79390,,NIFTY,,2025-04-24,2025-04-24,22450.00,CE,NIFTY25APR22450CE,0.00,0.00,0.00,1438.25,0.00,1438.25,22913.15,933.50,0,0,0,0.00,0,F1,75,,,,,
2025-02-20,2025-02-20,FO,NSE,IDO,79400,,NIFTY,,2025-04-24,2025-04-24,22650.00,CE,NIFTY25APR22650CE,0.00,0.00,0.00,959.60,959.60,959.60,22913.15,799.30,75,0,0,0.00,0,F1,75,,,,,
2025-02-20,2025-02-20,FO,NSE,IDO,79411,,NIFTY,,2025-04-24,2025-04-24,22800.00,CE,NIFTY25APR22800CE,767.20,785.00,742.15,764.55,766.50,795.00,22913.15,764.55,29175,150,51,90141078.75,31,F1,75,,,,,
2025-02-20,2025-02-20,FO,NSE,IDO,79415,,NIFTY,,2025-04-24,2025-04-24,22850.00,CE,NIFTY25APR22850CE,731.10,750.00,731.10,750.00,750.00,743.45,22913.15,676.75,225,75,2,3538582.50,2,F1,75,,,,,
2025-02-20,2025-02-20,FO,NSE,IDO,79644,,NIFTY,,2025-04-24,2025-04-24,24600.00,CE,NIFTY25APR24600CE,80.00,85.00,79.00,79.00,79.00,99.60,22913.15,79.00,8175,900,17,31466966.25,15,F1,75,,,,,
2025-02-20,2025-02-20,FO,NSE,IDO,79674,,NIFTY,,2025-04-24,2025-04-24,24800.00,CE,NIFTY25APR24800CE,65.00,73.55,55.30,57.75,58.45,65.40,22913.15,57.75,32775,3225,224,417653745.00,100,F1,75,,,,,
2025-02-20,2025-02-20,FO,NSE,IDO,64682,,NIFTY,,2025-09-25,2025-09-25,19000.00,CE,NIFTY25SEP19000CE,0.00,0.00,0.00,8559.00,0.00,8559.00,22913.15,4643.55,0,0,0,0.00,0,F1,75,,,,,
2025-02-20,2025-02-20,FO,NSE,IDO,64696,,NIFTY,,2025-09-25,2025-09-25,26000.00,CE,NIFTY25SEP26000CE,200.00,380.00,160.00,230.40,225.10,2854.15,22913.15,230.40,2775,2775,183,360260883.75,103,F1,75,,,,,
2025-02-20,2025-02-20,FO,NSE,IDO,37795,,NIFTY,,2025-12-24,2025-12-24,23000.00,CE,NIFTY25DEC23000CE,1807.05,1862.25,1800.00,1826.35,1825.00,1847.10,22913.15,1826.35,201850,1650,115,214058403.75,107,F1,75,,,,,
2025-02-20,2025-02-20,FO,NSE,IDO,50971,,NIFTY,,2025-12-24,2025-12-24,27000.00,CE,NIFTY25DEC27000CE,278.00,297.05,269.00,272.00,271.00,283.45,22913.15,272.00,409475,9675,521,1065915138.75,461,F1,75,,,,,
2025-02-20,2025-02-20,FO,NSE,IDO,71474,,NIFTY,,2026-06-25,2026-06-25,25000.00,CE,NIFTY26JUN25000CE,0.00,0.00,0.00,1510.40,0.00,1510.40,22913.15,1408.95,0,0,0,0.00,0,F1,75,,,,,
2025-02-20,2025-02-20,FO,NSE,IDO,71476,,NIFTY,,2026-06-25,2026-06-25,26000.00,CE,NIFTY26JUN26000CE,921.00,921.00,921.00,921.00,921.00,921.00,22913.15,1024.75,1000,-50,1,2019075.00,1,F1,75,,,,,
2025-02-20,2025-02-20,FO,NSE,IDO,50545,,NIFTY,,2026-06-25,2026-06-25,28000.00,CE,NIFTY26JUN28000CE,0.00,0.00,0.00,1533.95,0.00,1533.95,22913.15,502.80,0,0,0,0.00,0,F1,75,,,,,
2025-02-20,2025-02-20,FO,NSE,IDO,58642,,NIFTY,,2026-12-31,2026-12-31,19000.00,CE,NIFTY26DEC19000CE,0.00,0.00,0.00,8600.00,8600.00,8600.00,22913.15,6142.40,125,0,0,0.00,0,F1,75,,,,,
2025-02-20,2025-02-20,FO,NSE,IDO,58648,,NIFTY,,2026-12-31,2026-12-31,22000.00,CE,NIFTY26DEC22000CE,0.00,0.00,0.00,3039.00,0.00,3039.00,22913.15,3809.90,0,0,0,0.00,0,F1,75,,,,,
2025-02-20,2025-02-20,FO,NSE,IDO,50549,,NIFTY,,2027-06-24,2027-06-24,28000.00,CE,NIFTY27JUN28000CE,0.00,0.00,0.00,2186.30,0.00,2186.30,22913.15,1388.50,0,0,0,0.00,0,F1,75,,,,,
2025-02-20,2025-02-20,FO,NSE,IDO,53607,,NIFTY,,2027-12-30,2027-12-30,20000.00,CE,NIFTY27DEC20000CE,0.00,0.00,0.00,5333.85,0.00,5333.85,22913.15,6453.15,0,0,0,0.00,0,F1,75,,,,,
2025-02-20,2025-02-20,FO,NSE,IDO,53628,,NIFTY,,2027-12-30,2027-12-30,26000.00,CE,NIFTY27DEC26000CE,0.00,0.00,0.00,3162.40,0.00,3162.40,22913.15,2721.55,0,0,0,0.00,0,F1,75,,,,,
2025-02-20,2025-02-20,FO,NSE,IDO,86163,,NIFTY,,2028-06-29,2028-06-29,27000.00,CE,NIFTY28JUN27000CE,0.00,0.00,0.00,2885.15,0.00,2885.15,22913.15,2819.50,0,0,0,0.00,0,F1,75,,,,,
2025-02-20,2025-02-20,FO,NSE,IDO,67782,,NIFTY,,2028-12-28,2028-12-28,24000.00,CE,NIFTY28DEC24000CE,0.00,0.00,0.00,5850.30,0.00,5850.30,22913.15,4900.05,0,0,0,0.00,0,F1,75,,,,,
2025-02-20,2025-02-20,FO,NSE,IDO,63284,,NIFTY,,2025-02-20,2025-02-20,21900.00,PE,NIFTY2522021900PE,0.35,0.40,0.05,0.05,0.05,0.45,22913.15,22913.15,907425,-656700,146178,240100036286.25,27180,F1,75,,,,,
2025-02-20,2025-02-20,FO,NSE,IDO,63300,,NIFTY,,2025-02-20,2025-02-20,22100.00,PE,NIFTY2522022100PE,0.70,0.70,0.05,0.05,0.05,0.75,22913.15,22913.15,2864025,-1719675,404013,669662262326.25,62570,F1,75,,,,,
2025-02-20,2025-02-20,FO,NSE,IDO,63304,,NIFTY,,2025-02-20,2025-02-20,22200.00,PE,NIFTY2522022200PE,0.55,0.80,0.05,0.10,0.05,0.85,22913.15,22913.15,3059025,-922875,657851,1095341871348.75,121771,F1,75,,,,,
2025-02-20,2025-02-20,FO,NSE,IDO,63360,,NIFTY,,2025-02-20,2025-02-20,22400.00,PE,NIFTY2522022400PE,1.40,3.50,0.05,0.10,0.05,1.85,22913.15,22913.15,5514975,403575,2206079,3706338038415.01,432860,F1,75,,,,,
2025-02-20,2025-02-20,FO,NSE,IDO,63368,,NIFTY,,2025-02-20,2025-02-20,22550.00,PE,NIFTY2522022550PE,7.50,13.55,0.05,0.10,0.05,5.50,22913.15,22913.15,3007425,875625,2166393,3664270100910.00,395652,F1,75,,,,,
2025-02-20,2025-02-20,FO,NSE,IDO,63533,,NIFTY,,2025-02-20,2025-02-20,23050.00,PE,NIFTY2522023050PE,180.05,247.90,128.00,137.55,136.55,150.60,22913.15,22913.15,381225,-282600,332973,579643703940.00,208748,F1,75,,,,,
2025-02-20,2025-02-20,FO,NSE,IDO,63535,,NIFTY,,2025-02-20,2025-02-20,23100.00,PE,NIFTY2522023100PE,251.00,294.00,176.00,187.40,186.30,188.65,22913.15,22913.15,768375,-377175,298184,521357698638.75,171083,F1,75,,,,,
2025-02-20,2025-02-20,FO,NSE,IDO,63585,,NIFTY,,2025-02-20,2025-02-20,23200.00,PE,NIFTY2522023200PE,398.00,398.00,274.55,287.05,286.65,274.50,22913.15,22913.15,407025,-497925,76254,134459718817.50,47114,F1,75,,,,,
2025-02-20,2025-02-20,FO,NSE,IDO,68657,,NIFTY,,2025-03-06,2025-03-06,25050.00,PE,NIFTY2530625050PE,0.00,0.00,0.00,1952.55,1951.85,1952.55,22913.15,2074.55,225,0,0,0.00,0,F1,75,,,,,
2025-02-20,2025-02-20,FO,NSE,IDO,63649,,NIFTY,,2025-02-20,2025-02-20,23700.00,PE,NIFTY2522023700PE,822.40,879.85,775.00,787.55,788.10,764.20,22913.15,22913.15,128700,-525,1556,2859238147.50,892,F1,75,,,,,
2025-02-20,2025-02-20,FO,NSE,IDO,63804,,NIFTY,,2025-02-20,2025-02-20,24900.00,PE,NIFTY2522024900PE,2015.00,2015.00,1985.45,1988.05,1988.05,2017.00,22913.15,22913.15,675,-450,9,18158906.25,6,F1,75,,,,,
2025-02-20,2025-02-20,FO,NSE,IDO,55608,,NIFTY,,2025-02-27,2025-02-27,22200.00,PE,NIFTY25FEB22200PE,24.00,25.00,10.10,10.75,11.15,18.40,22913.15,10.75,2665350,1294575,133284,222062531711.25,56222,F1,75,,,,,
2025-02-20,2025-02-20,FO,NSE,IDO,55610,,NIFTY,,2025-02-27,2025-02-27,22250.00,PE,NIFTY25FEB22250PE,25.70,28.95,12.25,13.00,13.80,22.00,22913.15,13.00,506100,257250,40526,67678519372.50,18913,F1,75,,,,,
2025-02-20,2025-02-20,FO,NSE,IDO,55614,,NIFTY,,2025-02-27,2025-02-27,22350.00,PE,NIFTY25FEB22350PE,42.65,42.65,18.25,19.25,20.90,30.85,22913.15,19.25,485250,188925,46784,78505225297.50,22376,F1,75,,,,,
2025-02-20,2025-02-20,FO,NSE,IDO,55622,,NIFTY,,2025-02-27,2025-02-27,22550.00,PE,NIFTY25FEB22550PE,70.50,74.20,40.55,42.45,44.10,59.15,22913.15,42.45,515850,260325,47598,80680772388.75,29434,F1,75,,,,,
2025-02-20,2025-02-20,FO,NSE,IDO,57614,,NIFTY,,2025-02-27,2025-02-27,24300.00,PE,NIFTY25FEB24300PE,1370.00,1434.30,1345.85,1354.60,1357.00,1326.85,22913.15,1354.60,108675,22050,556,1070065848.75,279,F1,75,,,,,
2025-02-20,2025-02-20,FO,NSE,IDO,57616,,NIFTY,,2025-02-27,2025-02-27,24350.00,PE,NIFTY25FEB24350PE,1410.00,1410.00,1391.60,1408.00,1408.00,1356.00,22913.15,1408.00,7950,1350,36,69525738.75,14,F1,75,,,,,
2025-02-20,2025-02-20,FO,NSE,IDO,57640,,NIFTY,,2025-02-27,2025-02-27,24950.00,PE,NIFTY25FEB24950PE,0.00,0.00,0.00,1957.35,1957.35,1957.35,22913.15,2005.75,150,0,0,0.00,0,F1,75,,,,,
2025-02-20,2025-02-20,FO,NSE,IDO,57688,,NIFTY,,2025-02-27,2025-02-27,26100.00,PE,NIFTY25FEB26100PE,0.00,0.00,0.00,3057.65,3059.25,3057.65,22913.15,3154.35,6150,0,0,0.00,0,F1,75,,,,,
2025-02-20,2025-02-20,FO,NSE,IDO,57706,,NIFTY,,2025-02-27,2025-02-27,26350.00,PE,NIFTY25FEB26350PE,0.00,0.00,0.00,3313.95,3313.95,3313.95,22913.15,3404.00,75,0,0,0.00,0,F1,75,,,,,
2025-02-20,2025-02-20,FO,NSE,IDO,68655,,NIFTY,,2025-03-06,2025-03-06,25000.00,PE,NIFTY2530625000PE,0.00,0.00,0.00,1990.00,1990.00,1990.00,22913.15,2024.70,300,0,0,0.00,0,F1,75,,,,,
2025-02-20,2025-02-20,FO,NSE,IDO,68630,,NIFTY,,2025-03-06,2025-03-06,24700.00,PE,NIFTY2530624700PE,0.00,0.00,0.00,1615.35,1615.35,1615.35,22913.15,1725.85,300,0,0,0.00,0,F1,75,,,,,
2025-02-20,2025-02-20,FO,NSE,IDO,68591,,NIFTY,,2025-03-06,2025-03-06,23900.00,PE,NIFTY2530623900PE,950.00,950.00,919.00,931.95,931.95,888.85,22913.15,944.30,600,525,39,72616440.00,9,F1,75,,,,,
2025-02-20,2025-02-20,FO,NSE,IDO,68583,,NIFTY,,2025-03-06,2025-03-06,23700.00,PE,NIFTY2530623700PE,811.05,811.05,735.15,737.50,743.35,736.05,22913.15,737.50,3975,1425,20,36671846.25,14,F1,75,,,,,
2025-02-20,2025-02-20,FO,NSE,IDO,68577,,NIFTY,,2025-03-06,2025-03-06,23550.00,PE,NIFTY2530623550PE,0.00,0.00,0.00,621.25,621.25,621.25,22913.15,632.90,75,0,0,0.00,0,F1,75,,,,,
2025-02-20,2025-02-20,FO,NSE,IDO,68473,,NIFTY,,2025-03-06,2025-03-06,23100.00,PE,NIFTY2530623100PE,345.00,365.00,290.00,295.10,299.80,310.35,22913.15,295.10,110100,8250,1226,2152572862.50,805,F1,75,,,,,
2025-02-20,2025-02-20,FO,NSE,IDO,68424,,NIFTY,,2025-03-06,2025-03-06,22150.00,PE,NIFTY2530622150PE,46.95,49.80,31.75,33.20,34.95,44.40,22913.15,33.20,18300,9675,452,752139180.00,146,F1,75,,,,,
2025-02-20,2025-02-20,FO,NSE,IDO,68406,,NIFTY,,2025-03-06,2025-03-06,21750.00,PE,NIFTY2530621750PE,17.10,19.40,10.65,11.65,11.50,17.35,22913.15,11.65,6750,-1575,97,158329305.00,37,F1,75,,,,,
2025-02-20,2025-02-20,FO,NSE,IDO,57709,,NIFTY,,2025-02-27,2025-02-27,26400.00,PE,NIFTY25FEB26400PE,0.00,0.00,0.00,3437.60,3437.60,3437.60,22913.15,3453.95,2175,0,0,0.00,0,F1,75,,,,,
2025-02-20,2025-02-20,FO,NSE,IDO,63724,,NIFTY,,2025-02-20,2025-02-20,24600.00,CE,NIFTY2522024600CE,0.40,0.40,0.05,0.10,0.05,0.45,22913.15,22913.15,603075,-92775,18124,33439074003.75,3069,F1,75,,,,,
2025-02-20,2025-02-20,FO,NSE,IDO,63792,,NIFTY,,2025-02-20,2025-02-20,24750.00,CE,NIFTY2522024750CE,0.25,0.45,0.05,0.10,0.05,0.40,22913.15,22913.15,396975,28875,12794,23749101322.50,2125,F1,75,,,,,
2025-02-20,2025-02-20,FO,NSE,IDO,55571,,NIFTY,,2025-02-27,2025-02-27,21400.00,CE,NIFTY25FEB21400CE,0.00,0.00,0.00,1591.00,1591.00,1591.00,22913.15,1539.80,750,0,0,0.00,0,F1,75,,,,,
2025-02-20,2025-02-20,FO,NSE,IDO,55603,,NIFTY,,2025-02-27,2025-02-27,22100.00,CE,NIFTY25FEB22100CE,832.80,851.10,782.70,848.90,843.10,870.65,22913.15,848.90,4350,1200,49,84276892.50,36,F1,75,,,,,
2025-02-20,2025-02-20,FO,NSE,IDO,55619,,NIFTY,,2025-02-27,2025-02-27,22500.00,CE,NIFTY25FEB22500CE,459.70,491.95,417.95,475.65,468.00,513.90,22913.15,475.65,670350,18300,10779,18566805468.75,5837,F1,75,,,,,
2025-02-20,2025-02-20,FO,NSE,IDO,57698,,NIFTY,,2025-02-27,2025-02-27,26200.00,PE,NIFTY25FEB26200PE,0.00,0.00,0.00,3239.95,3239.95,3239.95,22913.15,3254.20,29100,0,0,0.00,0,F1,75,,,,,
2025-02-20,2025-02-20,FO,NSE,IDO,63670,,NIFTY,,2025-02-20,2025-02-20,23750.00,CE,NIFTY2522023750CE,0.50,0.60,0.05,0.05,0.05,0.75,22913.15,22913.15,1295550,-393525,203381,362278511962.50,33419,F1,75,,,,,
2025-02-20,2025-02-20,FO,NSE,IDO,61915,,NIFTY,,2029-12-27,2029-12-27,29000.00,PE,NIFTY29DEC29000PE,0.00,0.00,0.00,1669.20,0.00,1669.20,22913.15,1782.45,0,0,0,0.00,0,F1,75,,,,,
2025-02-20,2025-02-20,FO,NSE,IDO,61391,,NIFTY,,2029-12-27,2029-12-27,18000.00,PE,NIFTY29DEC18000PE,0.00,0.00,0.00,96.50,0.00,96.50,22913.15,55.80,0,0,0,0.00,0,F1,75,,,,,
2025-02-20,2025-02-20,FO,NSE,IDO,67785,,NIFTY,,2028-12-28,2028-12-28,25000.00,PE,NIFTY28DEC25000PE,0.00,0.00,0.00,1299.00,1299.00,1299.00,22913.15,888.45,450,0,0,0.00,0,F1,75,,,,,
2025-02-20,2025-02-20,FO,NSE,IDO,67779,,NIFTY,,2028-12-28,2028-12-28,22000.00,PE,NIFTY28DEC22000PE,0.00,0.00,0.00,521.30,521.30,521.30,22913.15,342.95,225,0,0,0.00,0,F1,75,,,,,
2025-02-20,2025-02-20,FO,NSE,IDO,86142,,NIFTY,,2028-06-29,2028-06-29,19000.00,PE,NIFTY28JUN19000PE,0.00,0.00,0.00,537.45,0.00,537.45,22913.15,90.70,0,0,0,0.00,0,F1,75,,,,,
2025-02-20,2025-02-20,FO,NSE,IDO,58647,,NIFTY,,2026-12-31,2026-12-31,21000.00,PE,NIFTY26DEC21000PE,343.80,478.00,343.80,478.00,478.00,449.95,22913.15,478.00,1500,25,2,3211635.00,2,F1,75,,,,,
2025-02-20,2025-02-20,FO,NSE,IDO,37802,,NIFTY,,2026-06-25,2026-06-25,13000.00,PE,NIFTY26JUN13000PE,0.00,0.00,0.00,21.60,21.60,21.60,22913.15,0.05,200,0,0,0.00,0,F1,75,,,,,
2025-02-20,2025-02-20,FO,NSE,IDO,71380,,NIFTY,,2025-06-26,2025-06-26,24000.00,PE,NIFTY25JUN24000PE,1000.00,1040.00,970.00,981.55,974.05,972.45,22913.15,981.55,686350,4425,649,1216491922.50,559,F1,75,,,,,
2025-02-20,2025-02-20,FO,NSE,IDO,79732,,NIFTY,,2025-04-24,2025-04-24,25150.00,PE,NIFTY25APR25150PE,0.00,0.00,0.00,1706.25,0.00,1706.25,22913.15,1996.55,0,0,0,0.00,0,F1,75,,,,,
2025-02-20,2025-02-20,FO,NSE,IDO,79675,,NIFTY,,2025-04-24,2025-04-24,24800.00,PE,NIFTY25APR24800PE,0.00,0.00,0.00,1283.45,1283.45,1283.45,22913.15,1679.45,225,0,0,0.00,0,F1,75,,,,,
2025-02-20,2025-02-20,FO,NSE,IDO,79506,,NIFTY,,2025-04-24,2025-04-24,23600.00,PE,NIFTY25APR23600PE,715.00,718.25,713.75,713.75,713.75,699.65,22913.15,749.45,37800,1500,30,54709552.50,24,F1,75,,,,,
2025-02-20,2025-02-20,FO,NSE,IDO,79502,,NIFTY,,2025-04-24,2025-04-24,23500.00,PE,NIFTY25APR23500PE,661.00,703.00,635.00,642.60,646.20,640.25,22913.15,642.60,224775,25800,1795,3252083336.25,1233,F1,75,,,,,
2025-02-20,2025-02-20,FO,NSE,IDO,79443,,NIFTY,,2025-04-24,2025-04-24,23250.00,PE,NIFTY25APR23250PE,524.10,524.10,524.10,524.10,524.10,524.10,22913.15,545.80,2175,75,1,1783057.50,1,F1,75,,,,,
2025-02-20,2025-02-20,FO,NSE,IDO,79267,,NIFTY,,2025-04-24,2025-04-24,21750.00,PE,NIFTY25APR21750PE,0.00,0.00,0.00,131.00,131.00,131.00,22913.15,76.90,750,0,0,0.00,0,F1,75,,,,,
2025-02-20,2025-02-20,FO,NSE,IDO,79265,,NIFTY,,2025-04-24,2025-04-24,21700.00,PE,NIFTY25APR21700PE,120.00,122.00,104.00,104.25,104.05,117.35,22913.15,104.25,50625,6150,139,227445375.00,57,F1,75,,,,,
2025-02-20,2025-02-20,FO,NSE,IDO,79248,,NIFTY,,2025-04-24,2025-04-24,21300.00,PE,NIFTY25APR21300PE,89.70,89.70,68.40,69.10,68.40,80.60,22913.15,69.10,29925,300,152,243651765.00,64,F1,75,,,,,
2025-02-20,2025-02-20,FO,NSE,IDO,64579,,NIFTY,,2025-03-27,2025-03-27,28000.00,PE,NIFTY25MAR28000PE,4872.20,4878.95,4846.35,4852.85,4852.85,4831.15,22913.15,4852.85,263475,1650,56,138042093.75,53,F1,75,,,,,
2025-02-20,2025-02-20,FO,NSE,IDO,58784,,NIFTY,,2025-03-27,2025-03-27,25800.00,PE,NIFTY25MAR25800PE,2640.90,2699.65,2637.10,2651.95,2666.75,2700.00,22913.15,2651.95,22725,22575,302,645234345.00,90,F1,75,,,,,
2025-02-20,2025-02-20,FO,NSE,IDO,56883,,NIFTY,,2025-03-27,2025-03-27,25450.00,PE,NIFTY25MAR25450PE,0.00,0.00,0.00,1560.70,0.00,1560.70,22913.15,2381.45,0,0,0,0.00,0,F1,75,,,,,
2025-02-20,2025-02-20,FO,NSE,IDO,56573,,NIFTY,,2025-03-27,2025-03-27,24950.00,PE,NIFTY25MAR24950PE,0.00,0.00,0.00,1212.60,0.00,1212.60,22913.15,1892.25,0,0,0,0.00,0,F1,75,,,,,
2025-02-20,2025-02-20,FO,NSE,IDO,53847,,NIFTY,,2025-03-27,2025-03-27,23750.00,PE,NIFTY25MAR23750PE,820.00,820.00,773.35,773.35,773.35,783.85,22913.15,821.75,20175,0,2,3682001.25,2,F1,75,,,,,
2025-02-20,2025-02-20,FO,NSE,IDO,51121,,NIFTY,,2025-03-27,2025-03-27,23350.00,PE,NIFTY25MAR23350PE,565.00,565.00,521.00,521.00,521.00,533.55,22913.15,521.00,37275,75,6,10752581.25,6,F1,75,,,,,
2025-02-20,2025-02-20,FO,NSE,IDO,64565,,NIFTY,,2025-03-27,2025-03-27,23000.00,PE,NIFTY25MAR23000PE,396.80,412.45,343.00,347.95,352.00,367.05,22913.15,347.95,3087100,50425,24653,43206218501.25,16408,F1,75,,,,,
2025-02-20,2025-02-20,FO,NSE,IDO,46929,,NIFTY,,2025-03-27,2025-03-27,21900.00,PE,NIFTY25MAR21900PE,94.25,97.80,73.65,75.30,75.75,88.50,22913.15,75.30,256650,36525,2684,4424485297.50,1564,F1,75,,,,,
2025-02-20,2025-02-20,FO,NSE,IDO,46920,,NIFTY,,2025-03-27,2025-03-27,21800.00,PE,NIFTY25MAR21800PE,81.85,84.45,63.25,64.65,65.60,77.50,22913.15,64.65,399000,-43725,5906,9689151015.00,2516,F1,75,,,,,
2025-02-20,2025-02-20,FO,NSE,IDO,46893,,NIFTY,,2025-03-27,2025-03-27,21650.00,PE,NIFTY25MAR21650PE,54.00,54.00,51.05,52.10,52.30,63.75,22913.15,52.10,6450,-1275,42,68361536.25,29,F1,75,,,,,
2025-02-20,2025-02-20,FO,NSE,IDO,46891,,NIFTY,,2025-03-27,2025-03-27,21600.00,PE,NIFTY25MAR21600PE,62.00,64.50,47.70,48.90,49.50,59.70,22913.15,48.90,207300,61125,2308,3747779505.00,1138,F1,75,,,,,
2025-02-20,2025-02-20,FO,NSE,IDO,46830,,NIFTY,,2025-03-27,2025-03-27,21100.00,PE,NIFTY25MAR21100PE,31.00,34.00,23.55,24.65,25.30,31.90,22913.15,24.65,74175,11325,1094,1733436146.25,569,F1,75,,,,,
2025-02-20,2025-02-20,FO,NSE,IDO,64557,,NIFTY,,2025-03-27,2025-03-27,20000.00,PE,NIFTY25MAR20000PE,14.05,14.05,8.75,9.40,9.50,12.40,22913.15,9.40,1214675,-43825,7741,11617776922.50,2793,F1,75,,,,,
2025-02-20,2025-02-20,FO,NSE,IDO,50320,,NIFTY,,2025-03-20,2025-03-20,24750.00,PE,NIFTY2532024750PE,0.00,0.00,0.00,1602.40,0.00,1602.40,22913.15,1722.10,0,0,0,0.00,0,F1,75,,,,,
2025-02-20,2025-02-20,FO,NSE,IDO,50200,,NIFTY,,2025-03-20,2025-03-20,22600.00,PE,NIFTY2532022600PE,207.00,216.70,175.00,178.80,182.55,198.95,22913.15,178.80,900,825,23,39307492.50,18,F1,75,,,,,
2025-02-20,2025-02-20,FO,NSE,IDO,50187,,NIFTY,,2025-03-20,2025-03-20,22500.00,PE,NIFTY2532022500PE,179.55,193.30,150.45,152.30,150.45,170.70,22913.15,152.30,5250,1275,70,119015531.25,46,F1,75,,,,,
2025-02-20,2025-02-20,FO,NSE,IDO,50136,,NIFTY,,2025-03-20,2025-03-20,21750.00,PE,NIFTY2532021750PE,0.00,0.00,0.00,52.55,0.00,52.55,22913.15,21.50,0,0,0,0.00,0,F1,75,,,,,
2025-02-20,2025-02-20,FO,NSE,IDO,45632,,NIFTY,,2025-03-13,2025-03-13,24850.00,PE,NIFTY2531324850PE,0.00,0.00,0.00,1198.15,0.00,1198.15,22913.15,1846.00,0,0,0,0.00,0,F1,75,,,,,
2025-02-20,2025-02-20,FO,NSE,IDO,45596,,NIFTY,,2025-03-13,2025-03-13,24400.00,PE,NIFTY2531324400PE,0.00,0.00,0.00,855.40,0.00,855.40,22913.15,1405.20,0,0,0,0.00,0,F1,75,,,,,
2025-02-20,2025-02-20,FO,NSE,IDO,45539,,NIFTY,,2025-03-13,2025-03-13,23700.00,PE,NIFTY2531323700PE,720.00,720.00,720.00,720.00,720.00,696.00,22913.15,767.55,525,75,1,1831500.00,1,F1,75,,,,,
2025-02-20,2025-02-20,FO,NSE,IDO,45529,,NIFTY,,2025-03-13,2025-03-13,23500.00,PE,NIFTY2531323500PE,621.00,621.00,563.50,564.65,566.85,606.65,22913.15,564.65,1050,225,7,12646852.50,7,F1,75,,,,,
2025-02-20,2025-02-20,FO,NSE,IDO,45469,,NIFTY,,2025-03-13,2025-03-13,22500.00,PE,NIFTY2531322500PE,143.80,156.20,117.20,118.85,119.50,132.85,22913.15,118.85,21075,6525,234,397146948.75,114,F1,75,,,,,
2025-02-20,2025-02-20,FO,NSE,IDO,45425,,NIFTY,,2025-03-13,2025-03-13,21650.00,PE,NIFTY2531321650PE,30.25,30.25,15.25,15.25,15.25,31.00,22913.15,15.25,450,300,9,14629635.00,5,F1,75,,,,,
2025-02-20,2025-02-20,FO,NSE,IDO,45415,,NIFTY,,2025-03-13,2025-03-13,21500.00,PE,NIFTY2531321500PE,20.30,20.30,15.05,16.30,15.05,9.55,22913.15,16.30,3375,3375,57,91987327.50,21,F1,75,,,,,
2025-02-20,2025-02-20,FO,NSE,IDO,45407,,NIFTY,,2025-03-13,2025-03-13,21300.00,PE,NIFTY2531321300PE,14.15,14.15,10.00,10.05,10.50,14.15,22913.15,10.05,7350,-75,51,81517440.00,15,F1,75,,,,,
2025-02-20,2025-02-20,FO,NSE,IDO,68648,,NIFTY,,2025-03-06,2025-03-06,24950.00,PE,NIFTY2530624950PE,0.00,0.00,0.00,1857.55,1857.90,1857.55,22913.15,1974.85,300,0,0,0.00,0,F1,75,,,,,
2025-02-20,2025-02-20,FO,NSE,IDO,68585,,NIFTY,,2025-03-06,2025-03-06,23750.00,PE,NIFTY2530623750PE,772.40,784.00,772.40,778.20,784.00,772.40,22913.15,778.20,375,0,2,3679230.00,2,F1,75,,,,,
2025-02-20,2025-02-20,FO,NSE,IDO,68475,,NIFTY,,2025-03-06,2025-03-06,23150.00,PE,NIFTY2530623150PE,377.60,395.30,318.35,322.95,325.30,338.15,22913.15,322.95,17400,5925,373,657041272.50,284,F1,75,,,,,
2025-02-20,2025-02-20,FO,NSE,IDO,57666,,NIFTY,,2025-02-27,2025-02-27,25550.00,PE,NIFTY25FEB25550PE,0.00,0.00,0.00,2513.75,2514.90,2513.75,22913.15,2605.00,225,0,0,0.00,0,F1,75,,,,,
2025-02-20,2025-02-20,FO,NSE,IDO,57658,,NIFTY,,2025-02-27,2025-02-27,25350.00,PE,NIFTY25FEB25350PE,0.00,0.00,0.00,2320.85,2321.45,2320.85,22913.15,2405.25,150,0,0,0.00,0,F1,75,,,,,
2025-02-20,2025-02-20,FO,NSE,IDO,57654,,NIFTY,,2025-02-27,2025-02-27,25250.00,PE,NIFTY25FEB25250PE,0.00,0.00,0.00,2216.65,2216.65,2216.65,22913.15,2305.40,975,0,0,0.00,0,F1,75,,,,,
2025-02-20,2025-02-20,FO,NSE,IDO,57644,,NIFTY,,2025-02-27,2025-02-27,25000.00,PE,NIFTY25FEB25000PE,2089.50,2136.00,2037.80,2054.00,2060.45,2027.20,22913.15,2054.00,1083975,-9600,1330,2699672715.00,966,F1,75,,,,,
2025-02-20,2025-02-20,FO,NSE,IDO,57612,,NIFTY,,2025-02-27,2025-02-27,24250.00,PE,NIFTY25FEB24250PE,1301.15,1301.15,1301.05,1301.05,1301.05,1342.90,22913.15,1301.05,9750,150,2,3832665.00,2,F1,75,,,,,
2025-02-20,2025-02-20,FO,NSE,IDO,57610,,NIFTY,,2025-02-27,2025-02-27,24200.00,PE,NIFTY25FEB24200PE,1292.00,1332.00,1248.45,1255.85,1261.65,1229.45,22913.15,1255.85,289350,14775,391,746924958.75,164,F1,75,,,,,
2025-02-20,2025-02-20,FO,NSE,IDO,57590,,NIFTY,,2025-02-27,2025-02-27,23700.00,PE,NIFTY25FEB23700PE,810.00,846.40,747.30,762.90,767.45,739.60,22913.15,762.90,1014225,141825,4066,7462915755.00,1736,F1,75,,,,,
2025-02-20,2025-02-20,FO,NSE,IDO,55642,,NIFTY,,2025-02-27,2025-02-27,23050.00,PE,NIFTY25FEB23050PE,272.15,292.90,212.05,219.80,226.80,233.90,22913.15,219.80,237300,-20250,9504,16600831222.50,6893,F1,75,,,,,
2025-02-20,2025-02-20,FO,NSE,IDO,55640,,NIFTY,,2025-02-27,2025-02-27,23000.00,PE,NIFTY25FEB23000PE,250.00,263.60,184.40,190.85,197.90,206.80,22913.15,190.85,6259875,129600,188820,328705319538.75,119772,F1,75,,,,,
2025-02-20,2025-02-20,FO,NSE,IDO,55638,,NIFTY,,2025-02-27,2025-02-27,22950.00,PE,NIFTY25FEB22950PE,225.05,232.05,160.00,166.15,170.70,183.55,22913.15,166.15,780825,387750,58692,101819705287.50,38254,F1,75,,,,,
2025-02-20,2025-02-20,FO,NSE,IDO,55630,,NIFTY,,2025-02-27,2025-02-27,22750.00,PE,NIFTY25FEB22750PE,129.00,137.00,84.00,88.60,92.00,107.40,22913.15,88.60,572625,207825,45142,77373340856.25,26458,F1,75,,,,,
2025-02-20,2025-02-20,FO,NSE,IDO,55626,,NIFTY,,2025-02-27,2025-02-27,22650.00,PE,NIFTY25FEB22650PE,98.00,105.00,58.80,61.90,64.25,79.65,22913.15,61.90,528225,194100,47503,80962083120.00,28503,F1,75,,,,,
2025-02-20,2025-02-20,FO,NSE,IDO,55588,,NIFTY,,2025-02-27,2025-02-27,21700.00,PE,NIFTY25FEB21700PE,5.35,5.50,2.10,2.30,2.40,3.90,22913.15,2.30,1290450,402375,50527,82243556426.25,15427,F1,75,,,,,
2025-02-20,2025-02-20,FO,NSE,IDO,63800,,NIFTY,,2025-02-20,2025-02-20,24800.00,PE,NIFTY2522024800PE,1896.00,1927.85,1887.65,1887.85,1888.00,1915.00,22913.15,22913.15,750,-1050,18,36035602.50,12,F1,75,,,,,
2025-02-20,2025-02-20,FO,NSE,IDO,63725,,NIFTY,,2025-02-20,2025-02-20,24600.00,PE,NIFTY2522024600PE,1730.00,1730.00,1680.00,1687.75,1687.75,1665.00,22913.15,22913.15,1350,-8475,128,252459435.00,72,F1,75,,,,,
2025-02-20,2025-02-20,FO,NSE,IDO,63679,,NIFTY,,2025-02-20,2025-02-20,23900.00,PE,NIFTY2522023900PE,1026.60,1078.20,977.20,988.05,987.80,966.00,22913.15,22913.15,30225,-17850,565,1055132932.50,277,F1,75,,,,,
2025-02-20,2025-02-20,FO,NSE,IDO,63490,,NIFTY,,2025-02-20,2025-02-20,22800.00,PE,NIFTY2522022800PE,50.05,63.00,0.05,0.20,0.05,33.50,22913.15,22913.15,6244950,-746400,9282910,15883333635247.50,2475995,F1,75,,,,,
2025-02-20,2025-02-20,FO,NSE,IDO,63434,,NIFTY,,2025-02-20,2025-02-20,22650.00,PE,NIFTY2522022650PE,17.70,24.25,0.05,0.15,0.05,11.60,22913.15,22913.15,3081600,1093275,4079795,6931690254933.75,695485,F1,75,,,,,
2025-02-20,2025-02-20,FO,NSE,IDO,63219,,NIFTY,,2025-02-20,2025-02-20,21500.00,PE,NIFTY2522021500PE,0.30,0.40,0.05,0.05,0.05,0.40,22913.15,22913.15,1162425,-2169375,144907,233664753881.25,22077,F1,75,,,,,
2025-02-20,2025-02-20,FO,NSE,IDO,61794,,NIFTY,,2029-12-27,2029-12-27,27000.00,CE,NIFTY29DEC27000CE,0.00,0.00,0.00,6201.65,0.00,6201.65,22913.15,4410.85,0,0,0,0.00,0,F1,75,,,,,
2025-02-20,2025-02-20,FO,NSE,IDO,61772,,NIFTY,,2029-12-27,2029-12-27,25000.00,CE,NIFTY29DEC25000CE,0.00,0.00,0.00,7196.25,0.00,7196.25,22913.15,5418.50,0,0,0,0.00,0,F1,75,,,,,
2025-02-20,2025-02-20,FO,NSE,IDO,61659,,NIFTY,,2029-12-27,2029-12-27,21000.00,CE,NIFTY29DEC21000CE,0.00,0.00,0.00,9463.95,0.00,9463.95,22913.15,7805.25,0,0,0,0.00,0,F1,75,,,,,
2025-02-20,2025-02-20,FO,NSE,IDO,61390,,NIFTY,,2029-12-27,2029-12-27,18000.00,CE,NIFTY29DEC18000CE,0.00,0.00,0.00,11362.40,0.00,11362.40,22913.15,9837.80,0,0,0,0.00,0,F1,75,,,,,
2025-02-20,2025-02-20,FO,NSE,IDO,89636,,NIFTY,,2029-06-28,2029-06-28,27000.00,CE,NIFTY29JUN27000CE,0.00,0.00,0.00,6570.40,0.00,6570.40,22913.15,3885.60,0,0,0,0.00,0,F1,75,,,,,
2025-02-20,2025-02-20,FO,NSE,IDO,89634,,NIFTY,,2029-06-28,2029-06-28,26000.00,CE,NIFTY29JUN26000CE,0.00,0.00,0.00,7052.20,0.00,7052.20,22913.15,4367.30,0,0,0,0.00,0,F1,75,,,,,
2025-02-20,2025-02-20,FO,NSE,IDO,89628,,NIFTY,,2029-06-28,2029-06-28,23000.00,CE,NIFTY29JUN23000CE,0.00,0.00,0.00,8636.00,0.00,8636.00,22913.15,6035.00,0,0,0,0.00,0,F1,75,,,,,
2025-02-20,2025-02-20,FO,NSE,IDO,67770,,NIFTY,,2028-12-28,2028-12-28,18000.00,CE,NIFTY28DEC18000CE,0.00,0.00,0.00,9380.30,0.00,9380.30,22913.15,8956.35,0,0,0,0.00,0,F1,75,,,,,
2025-02-20,2025-02-20,FO,NSE,IDO,86147,,NIFTY,,2028-06-29,2028-06-29,22000.00,CE,NIFTY28JUN22000CE,0.00,0.00,0.00,4759.50,0.00,4759.50,22913.15,5586.35,0,0,0,0.00,0,F1,75,,,,,
2025-02-20,2025-02-20,FO,NSE,IDO,86139,,NIFTY,,2028-06-29,2028-06-29,18000.00,CE,NIFTY28JUN18000CE,0.00,0.00,0.00,6809.35,0.00,6809.35,22913.15,8491.80,0,0,0,0.00,0,F1,75,,,,,
2025-02-20,2025-02-20,FO,NSE,IDO,53605,,NIFTY,,2027-12-30,2027-12-30,19000.00,CE,NIFTY27DEC19000CE,0.00,0.00,0.00,5794.90,0.00,5794.90,22913.15,7219.95,0,0,0,0.00,0,F1,75,,,,,
2025-02-20,2025-02-20,FO,NSE,IDO,71562,,NIFTY,,2027-06-24,2027-06-24,25000.00,CE,NIFTY27JUN25000CE,0.00,0.00,0.00,2090.05,0.00,2090.05,22913.15,2609.45,0,0,0,0.00,0,F1,75,,,,,
2025-02-20,2025-02-20,FO,NSE,IDO,71547,,NIFTY,,2027-06-24,2027-06-24,18000.00,CE,NIFTY27JUN18000CE,0.00,0.00,0.00,4066.45,0.00,4066.45,22913.15,7491.35,0,0,0,0.00,0,F1,75,,,,,
2025-02-20,2025-02-20,FO,NSE,IDO,71505,,NIFTY,,2026-12-31,2026-12-31,26000.00,CE,NIFTY26DEC26000CE,1710.00,1710.00,1710.00,1710.00,1710.00,1710.00,22913.15,1599.20,300,0,1,2078250.00,1,F1,75,,,,,
2025-02-20,2025-02-20,FO,NSE,IDO,71503,,NIFTY,,2026-12-31,2026-12-31,25000.00,CE,NIFTY26DEC25000CE,2110.00,2120.00,2110.00,2120.00,2120.00,2175.00,22913.15,2120.00,5900,225,4,8134500.00,4,F1,75,,,,,
2025-02-20,2025-02-20,FO,NSE,IDO,50973,,NIFTY,,2026-06-25,2026-06-25,27000.00,CE,NIFTY26JUN27000CE,0.00,0.00,0.00,1352.80,0.00,1352.80,22913.15,726.65,0,0,0,0.00,0,F1,75,,,,,
2025-02-20,2025-02-20,FO,NSE,IDO,42129,,NIFTY,,2025-12-24,2025-12-24,31000.00,CE,NIFTY25DEC31000CE,40.05,43.90,40.05,40.80,43.90,42.65,22913.15,40.80,24600,300,56,130372593.75,21,F1,75,,,,,
2025-02-20,2025-02-20,FO,NSE,IDO,64700,,NIFTY,,2025-09-25,2025-09-25,28000.00,CE,NIFTY25SEP28000CE,0.00,0.00,0.00,1788.20,0.00,1788.20,22913.15,62.40,0,0,0,0.00,0,F1,75,,,,,
2025-02-20,2025-02-20,FO,NSE,IDO,64690,,NIFTY,,2025-09-25,2025-09-25,23000.00,CE,NIFTY25SEP23000CE,1372.65,1425.00,1372.65,1425.00,1425.00,1430.00,22913.15,1425.00,375,375,6,10983573.75,6,F1,75,,,,,
2025-02-20,2025-02-20,FO,NSE,IDO,64688,,NIFTY,,2025-09-25,2025-09-25,22000.00,CE,NIFTY25SEP22000CE,0.00,0.00,0.00,5865.75,0.00,5865.75,22913.15,2031.65,0,0,0,0.00,0,F1,75,,,,,
2025-02-20,2025-02-20,FO,NSE,IDO,64684,,NIFTY,,2025-09-25,2025-09-25,20000.00,CE,NIFTY25SEP20000CE,0.00,0.00,0.00,7643.10,0.00,7643.10,22913.15,3710.45,0,0,0,0.00,0,F1,75,,,,,
2025-02-20,2025-02-20,FO,NSE,IDO,79727,,NIFTY,,2025-04-24,2025-04-24,25050.00,CE,NIFTY25APR25050CE,0.00,0.00,0.00,52.35,52.35,52.35,22913.15,47.25,750,0,0,0.00,0,F1,75,,,,,
2025-02-20,2025-02-20,FO,NSE,IDO,79646,,NIFTY,,2025-04-24,2025-04-24,24650.00,CE,NIFTY25APR24650CE,79.95,79.95,75.00,75.00,75.00,81.95,22913.15,86.35,1125,150,2,3709121.25,2,F1,75,,,,,
2025-02-20,2025-02-20,FO,NSE,IDO,79608,,NIFTY,,2025-04-24,2025-04-24,24200.00,CE,NIFTY25APR24200CE,165.00,165.80,146.70,148.10,148.10,170.85,22913.15,148.10,35550,2025,207,378044943.75,91,F1,75,,,,,
2025-02-20,2025-02-20,FO,NSE,IDO,79503,,NIFTY,,2025-04-24,2025-04-24,23550.00,CE,NIFTY25APR23550CE,0.00,0.00,0.00,371.00,371.00,371.00,22913.15,344.05,75,0,0,0.00,0,F1,75,,,,,
2025-02-20,2025-02-20,FO,NSE,IDO,79436,,NIFTY,,2025-04-24,2025-04-24,23100.00,CE,NIFTY25APR23100CE,581.00,605.00,573.30,588.20,585.20,620.20,22913.15,588.20,14625,1425,93,165231277.50,41,F1,75,,,,,
2025-02-20,2025-02-20,FO,NSE,IDO,79434,,NIFTY,,2025-04-24,2025-04-24,23050.00,CE,NIFTY25APR23050CE,0.00,0.00,0.00,632.05,632.05,632.05,22913.15,566.35,1800,0,0,0.00,0,F1,75,,,,,
2025-02-20,2025-02-20,FO,NSE,IDO,79370,,NIFTY,,2025-04-24,2025-04-24,22200.00,CE,NIFTY25APR22200CE,1175.00,1200.50,1175.00,1196.50,1192.50,1624.00,22913.15,1196.50,150,150,5,8770207.50,4,F1,75,,,,,
2025-02-20,2025-02-20,FO,NSE,IDO,79266,,NIFTY,,2025-04-24,2025-04-24,21750.00,CE,NIFTY25APR21750CE,0.00,0.00,0.00,1985.45,0.00,1985.45,22913.15,1482.70,0,0,0,0.00,0,F1,75,,,,,
2025-02-20,2025-02-20,FO,NSE,IDO,79251,,NIFTY,,2025-04-24,2025-04-24,21400.00,CE,NIFTY25APR21400CE,0.00,0.00,0.00,2285.90,0.00,2285.90,22913.15,1792.85,0,0,0,0.00,0,F1,75,,,,,
2025-02-20,2025-02-20,FO,NSE,IDO,64584,,NIFTY,,2025-03-27,2025-03-27,30000.00,CE,NIFTY25MAR30000CE,3.75,3.95,3.40,3.75,3.80,3.80,22913.15,3.75,421750,67825,1629,3665700307.50,483,F1,75,,,,,
2025-02-20,2025-02-20,FO,NSE,IDO,58793,,NIFTY,,2025-03-27,2025-03-27,25900.00,CE,NIFTY25MAR25900CE,7.55,7.95,6.75,7.05,6.90,7.65,22913.15,7.05,10725,-975,159,308946255.00,70,F1,75,,,,,
2025-02-20,2025-02-20,FO,NSE,IDO,56890,,NIFTY,,2025-03-27,2025-03-27,25650.00,CE,NIFTY25MAR25650CE,7.70,8.25,7.00,7.60,7.60,8.55,22913.15,7.60,9075,4200,101,194358262.50,45,F1,75,,,,,
2025-02-20,2025-02-20,FO,NSE,IDO,56868,,NIFTY,,2025-03-27,2025-03-27,25100.00,CE,NIFTY25MAR25100CE,19.30,19.30,10.45,11.15,10.95,12.80,22913.15,11.15,47325,-7875,884,1664917541.25,418,F1,75,,,,,
2025-02-20,2025-02-20,FO,NSE,IDO,56566,,NIFTY,,2025-03-27,2025-03-27,24850.00,CE,NIFTY25MAR24850CE,17.70,17.70,17.70,17.70,17.70,18.25,22913.15,13.35,14625,75,1,1865077.50,1,F1,75,,,,,
2025-02-20,2025-02-20,FO,NSE,IDO,56534,,NIFTY,,2025-03-27,2025-03-27,24650.00,CE,NIFTY25MAR24650CE,0.00,0.00,0.00,25.00,24.50,25.00,22913.15,21.55,6375,0,0,0.00,0,F1,75,,,,,
2025-02-20,2025-02-20,FO,NSE,IDO,51122,,NIFTY,,2025-03-27,2025-03-27,23400.00,CE,NIFTY25MAR23400CE,265.10,265.10,235.15,240.00,237.00,271.30,22913.15,240.00,255900,9675,4521,8018782800.00,2515,F1,75,,,,,
2025-02-20,2025-02-20,FO,NSE,IDO,49834,,NIFTY,,2025-03-27,2025-03-27,23250.00,CE,NIFTY25MAR23250CE,315.00,325.60,297.30,306.90,301.50,339.45,22913.15,306.90,45750,4050,212,374630096.25,172,F1,75,,,,,
2025-02-20,2025-02-20,FO,NSE,IDO,48217,,NIFTY,,2025-03-27,2025-03-27,22900.00,CE,NIFTY25MAR22900CE,455.00,515.00,455.00,492.25,488.00,529.40,22913.15,492.25,139275,16875,3586,6291985912.50,2589,F1,75,,,,,
2025-02-20,2025-02-20,FO,NSE,IDO,47042,,NIFTY,,2025-03-27,2025-03-27,22800.00,CE,NIFTY25MAR22800CE,591.60,591.60,527.00,553.50,554.20,591.60,22913.15,553.50,149100,4500,2431,4258291586.25,1947,F1,75,,,,,
2025-02-20,2025-02-20,FO,NSE,IDO,46951,,NIFTY,,2025-03-27,2025-03-27,22050.00,CE,NIFTY25MAR22050CE,0.00,0.00,0.00,2215.80,0.00,2215.80,22913.15,1065.65,0,0,0,0.00,0,F1,75,,,,,
2025-02-20,2025-02-20,FO,NSE,IDO,46928,,NIFTY,,2025-03-27,2025-03-27,21900.00,CE,NIFTY25MAR21900CE,0.00,0.00,0.00,1285.90,1285.90,1285.90,22913.15,1195.90,900,0,0,0.00,0,F1,75,,,,,
2025-02-20,2025-02-20,FO,NSE,IDO,50264,,NIFTY,,2025-03-20,2025-03-20,23900.00,CE,NIFTY2532023900CE,78.05,78.05,78.05,78.05,78.05,88.50,22913.15,70.45,2025,75,1,1798353.75,1,F1,75,,,,,
2025-02-20,2025-02-20,FO,NSE,IDO,50233,,NIFTY,,2025-03-20,2025-03-20,23250.00,CE,NIFTY2532023250CE,264.25,264.25,264.25,264.25,264.25,307.95,22913.15,264.25,150,75,1,1763568.75,1,F1,75,,,,,
2025-02-20,2025-02-20,FO,NSE,IDO,50157,,NIFTY,,2025-03-20,2025-03-20,22150.00,CE,NIFTY2532022150CE,0.00,0.00,0.00,1142.65,0.00,1142.65,22913.15,935.45,0,0,0,0.00,0,F1,75,,,,,
2025-02-20,2025-02-20,FO,NSE,IDO,50129,,NIFTY,,2025-03-20,2025-03-20,21600.00,CE,NIFTY2532021600CE,0.00,0.00,0.00,1618.60,0.00,1618.60,22913.15,1434.25,0,0,0,0.00,0,F1,75,,,,,
2025-02-20,2025-02-20,FO,NSE,IDO,50113,,NIFTY,,2025-03-20,2025-03-20,21300.00,CE,NIFTY2532021300CE,0.00,0.00,0.00,1897.85,0.00,1897.85,22913.15,1724.10,0,0,0,0.00,0,F1,75,,,,,
2025-02-20,2025-02-20,FO,NSE,IDO,45531,,NIFTY,,2025-03-13,2025-03-13,23550.00,CE,NIFTY2531323550CE,0.00,0.00,0.00,155.50,155.50,155.50,22913.15,98.45,150,0,0,0.00,0,F1,75,,,,,
2025-02-20,2025-02-20,FO,NSE,IDO,45523,,NIFTY,,2025-03-13,2025-03-13,23400.00,CE,NIFTY2531323400CE,153.80,153.80,138.45,140.90,139.00,171.65,22913.15,140.90,6900,3375,111,196006421.25,60,F1,75,,,,,
2025-02-20,2025-02-20,FO,NSE,IDO,45442,,NIFTY,,2025-03-13,2025-03-13,22050.00,CE,NIFTY2531322050CE,0.00,0.00,0.00,1740.45,0.00,1740.45,22913.15,976.70,0,0,0,0.00,0,F1,75,,,,,
2025-02-20,2025-02-20,FO,NSE,IDO,45416,,NIFTY,,2025-03-13,2025-03-13,21550.00,CE,NIFTY2531321550CE,0.00,0.00,0.00,2214.10,0.00,2214.10,22913.15,1449.00,0,0,0,0.00,0,F1,75,,,,,
2025-02-20,2025-02-20,FO,NSE,IDO,45406,,NIFTY,,2025-03-13,2025-03-13,21300.00,CE,NIFTY2531321300CE,0.00,0.00,0.00,2457.20,0.00,2457.20,22913.15,1694.55,0,0,0,0.00,0,F1,75,,,,,
2025-02-20,2025-02-20,FO,NSE,IDO,68872,,NIFTY,,2025-03-06,2025-03-06,25500.00,CE,NIFTY2530625500CE,2.50,2.55,1.90,2.00,1.90,2.25,22913.15,2.00,167925,91200,2414,4617164857.50,443,F1,75,,,,,
2025-02-20,2025-02-20,FO,NSE,IDO,68604,,NIFTY,,2025-03-06,2025-03-06,24250.00,CE,NIFTY2530624250CE,8.95,8.95,5.35,5.70,5.45,8.00,22913.15,5.70,32250,21225,942,1713685522.50,492,F1,75,,,,,
2025-02-20,2025-02-20,FO,NSE,IDO,68488,,NIFTY,,2025-03-06,2025-03-06,23450.00,CE,NIFTY2530623450CE,81.25,86.95,68.90,70.10,69.25,94.60,22913.15,70.10,37650,17700,998,1760869886.25,558,F1,75,,,,,
2025-02-20,2025-02-20,FO,NSE,IDO,68478,,NIFTY,,2025-03-06,2025-03-06,23250.00,CE,NIFTY2530623250CE,137.55,145.65,121.95,127.15,126.50,158.65,22913.15,127.15,21600,-5775,870,1525632048.75,610,F1,75,,,,,
2025-02-20,2025-02-20,FO,NSE,IDO,68472,,NIFTY,,2025-03-06,2025-03-06,23100.00,CE,NIFTY2530623100CE,193.05,206.65,174.50,187.00,185.55,223.90,22913.15,187.00,216300,47100,5041,8805328271.25,3597,F1,75,,,,,
2025-02-20,2025-02-20,FO,NSE,IDO,68466,,NIFTY,,2025-03-06,2025-03-06,22950.00,CE,NIFTY2530622950CE,270.00,283.05,242.15,262.15,261.80,302.15,22913.15,262.15,39300,13575,1704,2966827372.50,1205,F1,75,,,,,
2025-02-20,2025-02-20,FO,NSE,IDO,68454,,NIFTY,,2025-03-06,2025-03-06,22700.00,CE,NIFTY2530622700CE,412.00,437.95,385.45,420.45,416.20,461.30,22913.15,420.45,55575,17475,1254,2174220626.25,1054,F1,75,,,,,
2025-02-20,2025-02-20,FO,NSE,IDO,68425,,NIFTY,,2025-03-06,2025-03-06,22200.00,CE,NIFTY2530622200CE,0.00,0.00,0.00,909.10,909.10,909.10,22913.15,794.65,75,0,0,0.00,0,F1,75,,,,,
2025-02-20,2025-02-20,FO,NSE,IDO,68423,,NIFTY,,2025-03-06,2025-03-06,22150.00,CE,NIFTY2530622150CE,0.00,0.00,0.00,953.40,953.40,953.40,22913.15,840.00,75,0,0,0.00,0,F1,75,,,,,
2025-02-20,2025-02-20,FO,NSE,IDO,68405,,NIFTY,,2025-03-06,2025-03-06,21750.00,CE,NIFTY2530621750CE,0.00,0.00,0.00,1354.65,1355.65,1354.65,22913.15,1221.10,300,0,0,0.00,0,F1,75,,,,,
2025-02-20,2025-02-20,FO,NSE,IDO,68399,,NIFTY,,2025-03-06,2025-03-06,21600.00,CE,NIFTY2530621600CE,0.00,0.00,0.00,1485.45,1486.05,1485.45,22913.15,1368.70,525,0,0,0.00,0,F1,75,,,,,
2025-02-20,2025-02-20,FO,NSE,IDO,68378,,NIFTY,,2025-03-06,2025-03-06,21200.00,CE,NIFTY2530621200CE,0.00,0.00,0.00,2200.65,0.00,2200.65,22913.15,1766.10,0,0,0,0.00,0,F1,75,,,,,
2025-02-20,2025-02-20,FO,NSE,IDO,57689,,NIFTY,,2025-02-27,2025-02-27,26150.00,CE,NIFTY25FEB26150CE,1.65,1.65,1.00,1.10,1.00,1.40,22913.15,1.10,9975,-1875,247,484453076.25,133,F1,75,,,,,
2025-02-20,2025-02-20,FO,NSE,IDO,57685,,NIFTY,,2025-02-27,2025-02-27,26050.00,CE,NIFTY25FEB26050CE,1.60,1.65,0.90,1.10,1.10,1.40,22913.15,1.10,32250,-11025,1272,2485294327.50,590,F1,75,,,,,
2025-02-20,2025-02-20,FO,NSE,IDO,57633,,NIFTY,,2025-02-27,2025-02-27,24800.00,CE,NIFTY25FEB24800CE,1.35,1.95,1.00,1.15,1.10,1.60,22913.15,1.15,1522650,749625,44882,83485362536.25,8599,F1,75,,,,,
2025-02-20,2025-02-20,FO,NSE,IDO,57625,,NIFTY,,2025-02-27,2025-02-27,24600.00,CE,NIFTY25FEB24600CE,1.70,2.05,1.00,1.20,1.20,1.75,22913.15,1.20,594975,73725,14939,27564102851.25,4028,F1,75,,,,,
2025-02-20,2025-02-20,FO,NSE,IDO,63094,,NIFTY,,2025-02-20,2025-02-20,21200.00,CE,NIFTY2522021200CE,0.00,0.00,0.00,2268.40,0.00,2268.40,22913.15,22913.15,0,0,0,0.00,0,F1,75,,,,,
2025-02-20,2025-02-20,FO,NSE,IDO,63131,,NIFTY,,2025-02-20,2025-02-20,21300.00,CE,NIFTY2522021300CE,0.00,0.00,0.00,1766.35,1766.35,1766.35,22913.15,22913.15,75,0,0,0.00,0,F1,75,,,,,
2025-02-20,2025-02-20,FO,NSE,IDO,63269,,NIFTY,,2025-02-20,2025-02-20,21750.00,CE,NIFTY2522021750CE,0.00,0.00,0.00,1745.40,0.00,1745.40,22913.15,22913.15,0,0,0,0.00,0,F1,75,,,,,
2025-02-20,2025-02-20,FO,NSE,IDO,63283,,NIFTY,,2025-02-20,2025-02-20,21900.00,CE,NIFTY2522021900CE,0.00,0.00,0.00,1010.70,1010.70,1010.70,22913.15,22913.15,675,0,0,0.00,0,F1,75,,,,,
2025-02-20,2025-02-20,FO,NSE,IDO,63289,,NIFTY,,2025-02-20,2025-02-20,22000.00,CE,NIFTY2522022000CE,852.75,923.00,817.60,912.50,912.60,937.05,22913.15,22913.15,17475,-15600,960,1648153095.00,569,F1,75,,,,,
2025-02-20,2025-02-20,FO,NSE,IDO,55631,,NIFTY,,2025-02-27,2025-02-27,22800.00,CE,NIFTY25FEB22800CE,250.00,260.00,212.40,245.45,241.30,287.60,22913.15,245.45,1221825,492975,119025,205697575260.00,71758,F1,75,,,,,
2025-02-20,2025-02-20,FO,NSE,IDO,55629,,NIFTY,,2025-02-27,2025-02-27,22750.00,CE,NIFTY25FEB22750CE,280.05,293.15,242.50,279.20,274.05,321.10,22913.15,279.20,113250,24225,11821,20413991632.50,8655,F1,75,,,,,
2025-02-20,2025-02-20,FO,NSE,IDO,55621,,NIFTY,,2025-02-27,2025-02-27,22550.00,CE,NIFTY25FEB22550CE,420.05,445.35,379.25,432.05,430.00,471.25,22913.15,432.05,26550,16275,838,1444064197.50,479,F1,75,,,,,
2025-02-20,2025-02-20,FO,NSE,IDO,63438,,NIFTY,,2025-02-20,2025-02-20,22750.00,CE,NIFTY2522022750CE,150.00,183.30,101.30,163.00,163.50,211.50,22913.15,22913.15,349500,176175,560694,962958038925.00,350027,F1,75,,,,,
2025-02-20,2025-02-20,FO,NSE,IDO,63489,,NIFTY,,2025-02-20,2025-02-20,22800.00,CE,NIFTY2522022800CE,114.20,138.80,70.00,112.60,112.85,171.10,22913.15,22913.15,1304175,-87225,2820400,4845413391498.75,1710175,F1,75,,,,,
2025-02-20,2025-02-20,FO,NSE,IDO,63534,,NIFTY,,2025-02-20,2025-02-20,23100.00,CE,NIFTY2522023100CE,15.00,17.00,0.05,0.15,0.05,25.90,22913.15,22913.15,6555750,-2683425,6103230,10575972296070.00,1116776,F1,75,,,,,
2025-02-20,2025-02-20,FO,NSE,IDO,63616,,NIFTY,,2025-02-20,2025-02-20,23350.00,CE,NIFTY2522023350CE,2.45,2.45,0.05,0.10,0.05,3.75,22913.15,22913.15,2987775,-1327350,1594242,2792030645520.00,316895,F1,75,,,,,
2025-02-20,2025-02-20,FO,NSE,IDO,63640,,NIFTY,,2025-02-20,2025-02-20,23600.00,CE,NIFTY2522023600CE,0.75,0.90,0.05,0.10,0.05,1.05,22913.15,22913.15,4288125,-2826525,662815,1173205906286.25,103337,F1,75,,,,,
2025-02-20,2025-02-20,FO,NSE,IDO,63680,,NIFTY,,2025-02-20,2025-02-20,23950.00,CE,NIFTY2522023950CE,0.45,0.50,0.05,0.05,0.05,0.60,22913.15,22913.15,840300,64425,81269,145981267833.75,15227,F1,75,,,,,
2025-02-20,2025-02-20,FO,NSE,IDO,58623,,NIFTY,,2025-12-24,2025-12-24,22000.00,PE,NIFTY25DEC22000PE,471.85,497.85,461.60,465.30,464.35,466.05,22913.15,465.30,476450,10750,558,940685846.25,521,F1,75,,,,,
2025-02-20,2025-02-20,FO,NSE,IDO,79441,,NIFTY,,2025-04-24,2025-04-24,23200.00,PE,NIFTY25APR23200PE,520.00,542.00,491.55,493.45,498.90,499.15,22913.15,493.45,27600,1500,51,90663078.75,29,F1,75,,,,,
2025-02-20,2025-02-20,FO,NSE,IDO,79514,,NIFTY,,2025-04-24,2025-04-24,23800.00,PE,NIFTY25APR23800PE,0.00,0.00,0.00,839.70,839.70,839.70,22913.15,881.60,57300,0,0,0.00,0,F1,75,,,,,
2025-02-20,2025-02-20,FO,NSE,IDO,79669,,NIFTY,,2025-04-24,2025-04-24,24650.00,PE,NIFTY25APR24650PE,0.00,0.00,0.00,924.70,924.70,924.70,22913.15,1548.20,750,0,0,0.00,0,F1,75,,,,,
2025-02-20,2025-02-20,FO,NSE,IDO,79730,,NIFTY,,2025-04-24,2025-04-24,25100.00,PE,NIFTY25APR25100PE,0.00,0.00,0.00,1667.15,0.00,1667.15,22913.15,1950.45,0,0,0,0.00,0,F1,75,,,,,
2025-02-20,2025-02-20,FO,NSE,IDO,64703,,NIFTY,,2025-09-25,2025-09-25,29000.00,PE,NIFTY25SEP29000PE,0.00,0.00,0.00,2125.30,0.00,2125.30,22913.15,5014.80,0,0,0,0.00,0,F1,75,,,,,
2025-02-20,2025-02-20,FO,NSE,IDO,79750,,NIFTY,,2025-04-24,2025-04-24,25500.00,CE,NIFTY25APR25500CE,25.95,27.45,20.85,21.70,21.80,26.15,22913.15,21.70,161475,6225,565,1081526771.25,317,F1,75,,,,,
2025-02-20,2025-02-20,FO,NSE,IDO,63234,,NIFTY,,2025-02-20,2025-02-20,21600.00,CE,NIFTY2522021600CE,1258.00,1314.85,1258.00,1314.85,1314.85,1339.95,22913.15,22913.15,150,-150,6,10301685.00,6,F1,75,,,,,
2025-02-20,2025-02-20,FO,NSE,IDO,63547,,NIFTY,,2025-02-20,2025-02-20,23150.00,CE,NIFTY2522023150CE,8.00,11.50,0.05,0.10,0.05,17.95,22913.15,22913.15,3678900,198675,3944481,6849568738503.75,682516,F1,75,,,,,
2025-02-20,2025-02-20,FO,NSE,IDO,63622,,NIFTY,,2025-02-20,2025-02-20,23500.00,CE,NIFTY2522023500CE,0.95,1.05,0.05,0.10,0.05,1.55,22913.15,22913.15,8330400,-3219075,1643176,2896168823171.25,283310,F1,75,,,,,
2025-02-20,2025-02-20,FO,NSE,IDO,63676,,NIFTY,,2025-02-20,2025-02-20,23900.00,CE,NIFTY2522023900CE,0.50,0.50,0.05,0.05,0.05,0.65,22913.15,22913.15,2083875,-625875,172917,309957562698.75,28456,F1,75,,,,,
2025-02-20,2025-02-20,FO,NSE,IDO,63682,,NIFTY,,2025-02-20,2025-02-20,24000.00,CE,NIFTY2522024000CE,0.45,0.55,0.05,0.05,0.05,0.60,22913.15,22913.15,5205450,-2017125,425046,765092337618.75,60191,F1,75,,,,,
2025-02-20,2025-02-20,FO,NSE,IDO,63717,,NIFTY,,2025-02-20,2025-02-20,24500.00,CE,NIFTY2522024500CE,0.30,0.40,0.05,0.05,0.05,0.45,22913.15,22913.15,2443500,-2447400,260235,478185075022.50,30550,F1,75,,,,,
2025-02-20,2025-02-20,FO,NSE,IDO,63743,,NIFTY,,2025-02-20,2025-02-20,24700.00,CE,NIFTY2522024700CE,0.30,0.70,0.05,0.10,0.05,0.45,22913.15,22913.15,339975,-64950,25528,47291040757.50,5970,F1,75,,,,,
2025-02-20,2025-02-20,FO,NSE,IDO,63809,,NIFTY,,2025-02-20,2025-02-20,25000.00,CE,NIFTY2522025000CE,0.25,0.50,0.05,0.10,0.05,0.40,22913.15,22913.15,2283675,-1165275,125623,235545025950.00,17959,F1,75,,,,,
2025-02-20,2025-02-20,FO,NSE,IDO,55559,,NIFTY,,2025-02-27,2025-02-27,21100.00,CE,NIFTY25FEB21100CE,1815.00,1840.15,1800.00,1835.35,1832.10,1852.60,22913.15,1835.35,5700,-600,12,20625828.75,5,F1,75,,,,,
2025-02-20,2025-02-20,FO,NSE,IDO,55613,,NIFTY,,2025-02-27,2025-02-27,22350.00,CE,NIFTY25FEB22350CE,597.00,623.00,542.35,612.00,612.00,607.95,22913.15,605.70,6000,-75,19,32686263.75,17,F1,75,,,,,
2025-02-20,2025-02-20,FO,NSE,IDO,55625,,NIFTY,,2025-02-27,2025-02-27,22650.00,CE,NIFTY25FEB22650CE,350.00,368.90,308.00,351.70,348.65,394.15,22913.15,351.70,36825,10200,2301,3968683233.75,1682,F1,75,,,,,
2025-02-20,2025-02-20,FO,NSE,IDO,55633,,NIFTY,,2025-02-27,2025-02-27,22850.00,CE,NIFTY25FEB22850CE,230.00,230.00,185.30,214.15,208.85,256.10,22913.15,214.15,567450,297075,81567,141088537957.50,52395,F1,75,,,,,
2025-02-20,2025-02-20,FO,NSE,IDO,57621,,NIFTY,,2025-02-27,2025-02-27,24500.00,CE,NIFTY25FEB24500CE,2.05,2.25,1.15,1.25,1.20,1.90,22913.15,1.25,7780500,2938425,163447,300353233248.75,25437,F1,75,,,,,
2025-02-20,2025-02-20,FO,NSE,IDO,57627,,NIFTY,,2025-02-27,2025-02-27,24650.00,CE,NIFTY25FEB24650CE,2.10,2.15,1.05,1.15,1.25,1.70,22913.15,1.15,121725,92250,3404,6293503173.75,1348,F1,75,,,,,
2025-02-20,2025-02-20,FO,NSE,IDO,68395,,NIFTY,,2025-03-06,2025-03-06,21500.00,CE,NIFTY2530621500CE,1507.00,1507.00,1507.00,1507.00,1507.00,1478.70,22913.15,1467.70,150,0,1,1725525.00,1,F1,75,,,,,
2025-02-20,2025-02-20,FO,NSE,IDO,68407,,NIFTY,,2025-03-06,2025-03-06,21800.00,CE,NIFTY2530621800CE,0.00,0.00,0.00,1296.15,1298.95,1296.15,22913.15,1172.30,375,0,0,0.00,0,F1,75,,,,,
2025-02-20,2025-02-20,FO,NSE,IDO,68415,,NIFTY,,2025-03-06,2025-03-06,21950.00,CE,NIFTY2530621950CE,0.00,0.00,0.00,1159.95,1159.95,1159.95,22913.15,1027.40,75,0,0,0.00,0,F1,75,,,,,
2025-02-20,2025-02-20,FO,NSE,IDO,68434,,NIFTY,,2025-03-06,2025-03-06,22400.00,CE,NIFTY2530622400CE,640.00,665.65,601.00,643.40,643.40,692.80,22913.15,621.45,2025,1275,44,76038438.75,39,F1,75,,,,,
2025-02-20,2025-02-20,FO,NSE,IDO,68474,,NIFTY,,2025-03-06,2025-03-06,23150.00,CE,NIFTY2530623150CE,180.00,183.30,157.45,165.30,164.35,199.85,22913.15,165.30,30600,4050,841,1470845081.25,707,F1,75,,,,,
2025-02-20,2025-02-20,FO,NSE,IDO,68578,,NIFTY,,2025-03-06,2025-03-06,23600.00,CE,NIFTY2530623600CE,55.00,55.10,41.65,43.15,41.90,61.75,22913.15,43.15,220050,147450,8092,14350830405.00,4611,F1,75,,,,,
2025-02-20,2025-02-20,FO,NSE,IDO,68654,,NIFTY,,2025-03-06,2025-03-06,25000.00,CE,NIFTY2530625000CE,2.65,2.95,2.15,2.20,2.15,2.60,22913.15,2.20,79800,15600,1440,2700266058.75,346,F1,75,,,,,
2025-02-20,2025-02-20,FO,NSE,IDO,45408,,NIFTY,,2025-03-13,2025-03-13,21350.00,CE,NIFTY2531321350CE,0.00,0.00,0.00,2408.40,0.00,2408.40,22913.15,1645.20,0,0,0,0.00,0,F1,75,,,,,
2025-02-20,2025-02-20,FO,NSE,IDO,45438,,NIFTY,,2025-03-13,2025-03-13,21950.00,CE,NIFTY2531321950CE,0.00,0.00,0.00,1833.30,0.00,1833.30,22913.15,1067.85,0,0,0,0.00,0,F1,75,,,,,
2025-02-20,2025-02-20,FO,NSE,IDO,45458,,NIFTY,,2025-03-13,2025-03-13,22300.00,CE,NIFTY2531322300CE,0.00,0.00,0.00,1513.95,0.00,1513.95,22913.15,760.25,0,0,0,0.00,0,F1,75,,,,,
2025-02-20,2025-02-20,FO,NSE,IDO,45460,,NIFTY,,2025-03-13,2025-03-13,22350.00,CE,NIFTY2531322350CE,0.00,0.00,0.00,1469.75,0.00,1469.75,22913.15,719.40,0,0,0,0.00,0,F1,75,,,,,
2025-02-20,2025-02-20,FO,NSE,IDO,45478,,NIFTY,,2025-03-13,2025-03-13,22750.00,CE,NIFTY2531322750CE,465.25,483.95,465.20,466.85,466.85,551.05,22913.15,430.90,525,450,8,13932311.25,5,F1,75,,,,,
2025-02-20,2025-02-20,FO,NSE,IDO,50121,,NIFTY,,2025-03-20,2025-03-20,21500.00,CE,NIFTY2532021500CE,0.00,0.00,0.00,1710.50,0.00,1710.50,22913.15,1530.00,0,0,0,0.00,0,F1,75,,,,,
2025-02-20,2025-02-20,FO,NSE,IDO,50135,,NIFTY,,2025-03-20,2025-03-20,21750.00,CE,NIFTY2532021750CE,0.00,0.00,0.00,1483.40,0.00,1483.40,22913.15,1292.80,0,0,0,0.00,0,F1,75,,,,,
2025-02-20,2025-02-20,FO,NSE,IDO,61745,,NIFTY,,2029-12-27,2029-12-27,22000.00,PE,NIFTY29DEC22000PE,0.00,0.00,0.00,373.65,0.00,373.65,22913.15,303.70,0,0,0,0.00,0,F1,75,,,,,
2025-02-20,2025-02-20,FO,NSE,IDO,89637,,NIFTY,,2029-06-28,2029-06-28,27000.00,PE,NIFTY29JUN27000PE,0.00,0.00,0.00,1252.35,0.00,1252.35,22913.15,1318.05,0,0,0,0.00,0,F1,75,,,,,
2025-02-20,2025-02-20,FO,NSE,IDO,50287,,NIFTY,,2025-03-20,2025-03-20,24250.00,CE,NIFTY2532024250CE,0.00,0.00,0.00,119.40,0.00,119.40,22913.15,31.55,0,0,0,0.00,0,F1,75,,,,,
2025-02-20,2025-02-20,FO,NSE,IDO,50303,,NIFTY,,2025-03-20,2025-03-20,24500.00,CE,NIFTY2532024500CE,19.95,20.85,17.10,17.10,17.10,22.15,22913.15,16.65,5100,2100,49,90107835.00,27,F1,75,,,,,
2025-02-20,2025-02-20,FO,NSE,IDO,46958,,NIFTY,,2025-03-27,2025-03-27,22100.00,CE,NIFTY25MAR22100CE,1070.00,1090.00,1059.70,1090.00,1090.00,1092.90,22913.15,1023.40,1050,75,7,12164347.50,7,F1,75,,,,,
2025-02-20,2025-02-20,FO,NSE,IDO,47014,,NIFTY,,2025-03-27,2025-03-27,22550.00,CE,NIFTY25MAR22550CE,721.95,731.95,690.85,714.95,714.95,750.95,22913.15,676.95,3975,2175,47,82007538.75,43,F1,75,,,,,
2025-02-20,2025-02-20,FO,NSE,IDO,51120,,NIFTY,,2025-03-27,2025-03-27,23350.00,CE,NIFTY25MAR23350CE,270.05,282.35,257.55,261.55,259.15,302.90,22913.15,261.55,74175,-1800,213,377255527.50,159,F1,75,,,,,
2025-02-20,2025-02-20,FO,NSE,IDO,51399,,NIFTY,,2025-03-27,2025-03-27,23500.00,CE,NIFTY25MAR23500CE,215.65,226.10,199.95,203.00,201.00,234.60,22913.15,203.00,1669350,317175,22689,40346553390.00,12969,F1,75,,,,,
2025-02-20,2025-02-20,FO,NSE,IDO,55199,,NIFTY,,2025-03-27,2025-03-27,24350.00,CE,NIFTY25MAR24350CE,42.00,43.40,32.90,35.00,32.90,45.50,22913.15,35.00,21075,8025,467,854211723.75,237,F1,75,,,,,
2025-02-20,2025-02-20,FO,NSE,IDO,79386,,NIFTY,,2025-04-24,2025-04-24,22400.00,CE,NIFTY25APR22400CE,0.00,0.00,0.00,1474.75,0.00,1474.75,22913.15,968.80,0,0,0,0.00,0,F1,75,,,,,
2025-02-20,2025-02-20,FO,NSE,IDO,79403,,NIFTY,,2025-04-24,2025-04-24,22700.00,CE,NIFTY25APR22700CE,820.00,847.05,820.00,840.45,840.60,876.25,22913.15,840.45,12375,900,48,84726495.00,22,F1,75,,,,,
2025-02-20,2025-02-20,FO,NSE,IDO,79490,,NIFTY,,2025-04-24,2025-04-24,23450.00,CE,NIFTY25APR23450CE,429.30,429.30,399.00,410.20,410.20,473.75,22913.15,382.50,7050,1500,23,41159302.50,8,F1,75,,,,,
2025-02-20,2025-02-20,FO,NSE,IDO,79746,,NIFTY,,2025-04-24,2025-04-24,25400.00,CE,NIFTY25APR25400CE,26.60,27.90,24.00,24.00,24.00,26.15,22913.15,26.65,1050,-75,13,24789862.50,8,F1,75,,,,,
2025-02-20,2025-02-20,FO,NSE,IDO,67793,,NIFTY,,2028-12-28,2028-12-28,29000.00,PE,NIFTY28DEC29000PE,0.00,0.00,0.00,2010.85,0.00,2010.85,22913.15,2197.20,0,0,0,0.00,0,F1,75,,,,,
2025-02-20,2025-02-20,FO,NSE,IDO,38373,,NIFTY,,2025-06-26,2025-06-26,20000.00,CE,NIFTY25JUN20000CE,3370.00,3412.40,3358.00,3390.80,3388.00,3415.40,22913.15,3390.80,25875,2100,36,63130957.50,28,F1,75,,,,,
2025-02-20,2025-02-20,FO,NSE,IDO,36688,,NIFTY,,2025-12-24,2025-12-24,19500.00,CE,NIFTY25DEC19500CE,0.00,0.00,0.00,4700.00,4700.00,4700.00,22913.15,4489.20,1450,0,0,0.00,0,F1,75,,,,,
2025-02-20,2025-02-20,FO,NSE,IDO,51451,,NIFTY,,2025-12-24,2025-12-24,21000.00,CE,NIFTY25DEC21000CE,0.00,0.00,0.00,3261.00,3261.00,3261.00,22913.15,3187.95,10225,0,0,0.00,0,F1,75,,,,,
2025-02-20,2025-02-20,FO,NSE,IDO,38378,,NIFTY,,2026-06-25,2026-06-25,20000.00,CE,NIFTY26JUN20000CE,0.00,0.00,0.00,3829.50,0.00,3829.50,22913.15,4688.30,0,0,0,0.00,0,F1,75,,,,,
2025-02-20,2025-02-20,FO,NSE,IDO,51453,,NIFTY,,2026-06-25,2026-06-25,21000.00,CE,NIFTY26JUN21000CE,0.00,0.00,0.00,3881.90,0.00,3881.90,22913.15,3876.20,0,0,0,0.00,0,F1,75,,,,,
2025-02-20,2025-02-20,FO,NSE,IDO,38154,,NIFTY,,2026-06-25,2026-06-25,29000.00,CE,NIFTY26JUN29000CE,0.00,0.00,0.00,864.20,0.00,864.20,22913.15,339.90,0,0,0,0.00,0,F1,75,,,,,
2025-02-20,2025-02-20,FO,NSE,IDO,50978,,NIFTY,,2026-12-31,2026-12-31,27000.00,CE,NIFTY26DEC27000CE,0.00,0.00,0.00,1651.65,0.00,1651.65,22913.15,1235.05,0,0,0,0.00,0,F1,75,,,,,
2025-02-20,2025-02-20,FO,NSE,IDO,53603,,NIFTY,,2027-12-30,2027-12-30,18000.00,CE,NIFTY27DEC18000CE,0.00,0.00,0.00,6285.70,0.00,6285.70,22913.15,8010.30,0,0,0,0.00,0,F1,75,,,,,
2025-02-20,2025-02-20,FO,NSE,IDO,86167,,NIFTY,,2028-06-29,2028-06-29,29000.00,CE,NIFTY28JUN29000CE,0.00,0.00,0.00,2333.25,0.00,2333.25,22913.15,2046.55,0,0,0,0.00,0,F1,75,,,,,
2025-02-20,2025-02-20,FO,NSE,IDO,89614,,NIFTY,,2029-06-28,2029-06-28,19000.00,CE,NIFTY29JUN19000CE,0.00,0.00,0.00,11036.95,0.00,11036.95,22913.15,8688.60,0,0,0,0.00,0,F1,75,,,,,
2025-02-20,2025-02-20,FO,NSE,IDO,89626,,NIFTY,,2029-06-28,2029-06-28,22000.00,CE,NIFTY29JUN22000CE,0.00,0.00,0.00,9207.90,0.00,9207.90,22913.15,6658.70,0,0,0,0.00,0,F1,75,,,,,
2025-02-20,2025-02-20,FO,NSE,IDO,89632,,NIFTY,,2029-06-28,2029-06-28,25000.00,CE,NIFTY29JUN25000CE,0.00,0.00,0.00,7557.70,0.00,7557.70,22913.15,4887.00,0,0,0,0.00,0,F1,75,,,,,
2025-02-20,2025-02-20,FO,NSE,IDO,61858,,NIFTY,,2029-12-27,2029-12-27,28000.00,CE,NIFTY29DEC28000CE,0.00,0.00,0.00,5741.50,0.00,5741.50,22913.15,3958.15,0,0,0,0.00,0,F1,75,,,,,
2025-02-20,2025-02-20,FO,NSE,IDO,63109,,NIFTY,,2025-02-20,2025-02-20,21250.00,PE,NIFTY2522021250PE,0.15,0.25,0.05,0.05,0.05,0.25,22913.15,22913.15,556950,-141225,36765,58594518352.50,5324,F1,75,,,,,
2025-02-20,2025-02-20,FO,NSE,IDO,63205,,NIFTY,,2025-02-20,2025-02-20,21400.00,PE,NIFTY2522021400PE,0.30,0.30,0.05,0.05,0.05,0.35,22913.15,22913.15,576225,-525000,37071,59499410647.50,5842,F1,75,,,,,
2025-02-20,2025-02-20,FO,NSE,IDO,63298,,NIFTY,,2025-02-20,2025-02-20,22050.00,PE,NIFTY2522022050PE,0.55,0.55,0.05,0.05,0.05,0.70,22913.15,22913.15,516525,-319125,126584,209341132008.75,23759,F1,75,,,,,
2025-02-20,2025-02-20,FO,NSE,IDO,63525,,NIFTY,,2025-02-20,2025-02-20,22950.00,PE,NIFTY2522022950PE,115.00,160.80,33.30,37.85,36.80,88.25,22913.15,22913.15,3036450,1081125,4075345,7033797406665.00,2202611,F1,75,,,,,
2025-02-20,2025-02-20,FO,NSE,IDO,63609,,NIFTY,,2025-02-20,2025-02-20,23250.00,PE,NIFTY2522023250PE,404.65,435.15,324.80,337.30,337.15,322.60,22913.15,22913.15,76650,-36150,7342,12999064511.25,4900,F1,75,,,,,
2025-02-20,2025-02-20,FO,NSE,IDO,63611,,NIFTY,,2025-02-20,2025-02-20,23300.00,PE,NIFTY2522023300PE,453.20,487.50,371.45,387.05,386.00,370.65,22913.15,22913.15,182925,-123300,13627,24233018628.75,8289,F1,75,,,,,
2025-02-20,2025-02-20,FO,NSE,IDO,63744,,NIFTY,,2025-02-20,2025-02-20,24700.00,PE,NIFTY2522024700PE,1810.00,1825.00,1785.00,1789.70,1785.00,1811.15,22913.15,22913.15,1425,-4425,77,153123105.00,15,F1,75,,,,,
2025-02-20,2025-02-20,FO,NSE,IDO,63810,,NIFTY,,2025-02-20,2025-02-20,25000.00,PE,NIFTY2522025000PE,2105.00,2172.00,2080.00,2089.95,2088.20,2062.10,22913.15,22913.15,22950,-40275,665,1351688257.50,409,F1,75,,,,,
2025-02-20,2025-02-20,FO,NSE,IDO,63905,,NIFTY,,2025-02-20,2025-02-20,25200.00,PE,NIFTY2522025200PE,2316.00,2317.00,2289.30,2289.30,2289.30,2267.05,22913.15,22913.15,2850,-3225,76,156778732.50,53,F1,75,,,,,
2025-02-20,2025-02-20,FO,NSE,IDO,64002,,NIFTY,,2025-02-20,2025-02-20,25450.00,PE,NIFTY2522025450PE,0.00,0.00,0.00,1989.20,0.00,1989.20,22913.15,22913.15,0,0,0,0.00,0,F1,75,,,,,
2025-02-20,2025-02-20,FO,NSE,IDO,55564,,NIFTY,,2025-02-27,2025-02-27,21200.00,PE,NIFTY25FEB21200PE,2.15,2.15,1.15,1.30,1.20,2.10,22913.15,1.30,1880625,572325,56013,89067253395.00,13620,F1,75,,,,,
2025-02-20,2025-02-20,FO,NSE,IDO,55582,,NIFTY,,2025-02-27,2025-02-27,21550.00,PE,NIFTY25FEB21550PE,3.10,3.15,1.65,1.90,1.95,2.90,22913.15,1.90,145350,35850,6512,10526140327.50,2972,F1,75,,,,,
2025-02-20,2025-02-20,FO,NSE,IDO,55596,,NIFTY,,2025-02-27,2025-02-27,21900.00,PE,NIFTY25FEB21900PE,7.05,9.55,3.60,3.90,3.80,6.95,22913.15,3.90,1658700,686100,71640,117694489331.25,25580,F1,75,,,,,
2025-02-20,2025-02-20,FO,NSE,IDO,57584,,NIFTY,,2025-02-27,2025-02-27,23550.00,PE,NIFTY25FEB23550PE,652.50,706.40,606.30,619.90,619.80,604.20,22913.15,619.90,107775,7650,209,378939318.75,106,F1,75,,,,,
2025-02-20,2025-02-20,FO,NSE,IDO,57664,,NIFTY,,2025-02-27,2025-02-27,25500.00,PE,NIFTY25FEB25500PE,2584.95,2619.30,2538.50,2553.65,2565.60,2528.90,22913.15,2553.65,330825,11025,335,705094743.75,177,F1,75,,,,,
2025-02-20,2025-02-20,FO,NSE,IDO,57668,,NIFTY,,2025-02-27,2025-02-27,25600.00,PE,NIFTY25FEB25600PE,2690.00,2690.00,2642.80,2642.80,2642.80,2650.00,22913.15,2654.95,24300,-975,21,44517915.00,11,F1,75,,,,,
2025-02-20,2025-02-20,FO,NSE,IDO,57680,,NIFTY,,2025-02-27,2025-02-27,25900.00,PE,NIFTY25FEB25900PE,0.00,0.00,0.00,2905.45,2905.45,2905.45,22913.15,2954.60,6675,0,0,0.00,0,F1,75,,,,,
2025-02-20,2025-02-20,FO,NSE,IDO,57690,,NIFTY,,2025-02-27,2025-02-27,26150.00,PE,NIFTY25FEB26150PE,0.00,0.00,0.00,3111.70,3112.60,3111.70,22913.15,3204.25,225,0,0,0.00,0,F1,75,,,,,
2025-02-20,2025-02-20,FO,NSE,IDO,68408,,NIFTY,,2025-03-06,2025-03-06,21800.00,PE,NIFTY2530621800PE,20.30,21.90,12.55,12.95,13.45,18.90,22913.15,12.95,136650,78750,3498,5723025491.25,1636,F1,75,,,,,
2025-02-20,2025-02-20,FO,NSE,IDO,68422,,NIFTY,,2025-03-06,2025-03-06,22100.00,PE,NIFTY2530622100PE,43.55,45.95,27.40,29.35,27.40,39.05,22913.15,29.35,84450,46050,3335,5536188345.00,1633,F1,75,,,,,
2025-02-20,2025-02-20,FO,NSE,IDO,68447,,NIFTY,,2025-03-06,2025-03-06,22500.00,PE,NIFTY2530622500PE,124.60,124.60,77.55,79.30,82.25,96.15,22913.15,79.30,374625,182175,10722,18164823195.00,5989,F1,75,,,,,
2025-02-20,2025-02-20,FO,NSE,IDO,68575,,NIFTY,,2025-03-06,2025-03-06,23500.00,PE,NIFTY2530623500PE,612.90,642.00,557.20,565.00,569.45,564.20,22913.15,565.00,138825,97950,1633,2948725773.75,614,F1,75,,,,,
2025-02-20,2025-02-20,FO,NSE,IDO,68581,,NIFTY,,2025-03-06,2025-03-06,23650.00,PE,NIFTY2530623650PE,0.00,0.00,0.00,645.00,645.00,645.00,22913.15,718.00,375,0,0,0.00,0,F1,75,,,,,
2025-02-20,2025-02-20,FO,NSE,IDO,68597,,NIFTY,,2025-03-06,2025-03-06,24050.00,PE,NIFTY2530624050PE,1046.20,1048.35,1046.20,1047.95,1048.35,996.45,22913.15,1047.95,750,300,5,9411720.00,2,F1,75,,,,,
2025-02-20,2025-02-20,FO,NSE,IDO,68767,,NIFTY,,2025-03-06,2025-03-06,25350.00,PE,NIFTY2530625350PE,0.00,0.00,0.00,2251.55,2251.55,2251.55,22913.15,2373.75,150,0,0,0.00,0,F1,75,,,,,
2025-02-20,2025-02-20,FO,NSE,IDO,45413,,NIFTY,,2025-03-13,2025-03-13,21450.00,PE,NIFTY2531321450PE,0.00,0.00,0.00,8.45,0.00,8.45,22913.15,3.60,0,0,0,0.00,0,F1,75,,,,,
2025-02-20,2025-02-20,FO,NSE,IDO,45452,,NIFTY,,2025-03-13,2025-03-13,22200.00,PE,NIFTY2531322200PE,90.00,90.00,65.75,67.55,67.00,98.00,22913.15,67.55,2775,2250,50,83512785.00,27,F1,75,,,,,
2025-02-20,2025-02-20,FO,NSE,IDO,45524,,NIFTY,,2025-03-13,2025-03-13,23400.00,PE,NIFTY2531323400PE,0.00,0.00,0.00,600.00,600.00,600.00,22913.15,536.15,75,0,0,0.00,0,F1,75,,,,,
2025-02-20,2025-02-20,FO,NSE,IDO,45549,,NIFTY,,2025-03-13,2025-03-13,23950.00,PE,NIFTY2531323950PE,0.00,0.00,0.00,569.00,0.00,569.00,22913.15,983.70,0,0,0,0.00,0,F1,75,,,,,
2025-02-20,2025-02-20,FO,NSE,IDO,45555,,NIFTY,,2025-03-13,2025-03-13,24100.00,PE,NIFTY2531324100PE,0.00,0.00,0.00,657.55,0.00,657.55,22913.15,1120.65,0,0,0,0.00,0,F1,75,,,,,
2025-02-20,2025-02-20,FO,NSE,IDO,45589,,NIFTY,,2025-03-13,2025-03-13,24300.00,PE,NIFTY2531324300PE,0.00,0.00,0.00,786.50,0.00,786.50,22913.15,1309.10,0,0,0,0.00,0,F1,75,,,,,
2025-02-20,2025-02-20,FO,NSE,IDO,50114,,NIFTY,,2025-03-20,2025-03-20,21300.00,PE,NIFTY2532021300PE,0.00,0.00,0.00,20.10,0.00,20.10,22913.15,5.00,0,0,0,0.00,0,F1,75,,,,,
2025-02-20,2025-02-20,FO,NSE,IDO,50252,,NIFTY,,2025-03-20,2025-03-20,23650.00,PE,NIFTY2532023650PE,0.00,0.00,0.00,726.45,0.00,726.45,22913.15,736.70,0,0,0,0.00,0,F1,75,,,,,
2025-02-20,2025-02-20,FO,NSE,IDO,50258,,NIFTY,,2025-03-20,2025-03-20,23750.00,PE,NIFTY2532023750PE,0.00,0.00,0.00,793.70,0.00,793.70,22913.15,815.05,0,0,0,0.00,0,F1,75,,,,,
2025-02-20,2025-02-20,FO,NSE,IDO,50308,,NIFTY,,2025-03-20,2025-03-20,24600.00,PE,NIFTY2532024600PE,0.00,0.00,0.00,1468.70,0.00,1468.70,22913.15,1577.20,0,0,0,0.00,0,F1,75,,,,,
2025-02-20,2025-02-20,FO,NSE,IDO,46869,,NIFTY,,2025-03-27,2025-03-27,21350.00,PE,NIFTY25MAR21350PE,0.00,0.00,0.00,26.05,26.05,26.05,22913.15,10.95,2850,0,0,0.00,0,F1,75,,,,,
2025-02-20,2025-02-20,FO,NSE,IDO,46879,,NIFTY,,2025-03-27,2025-03-27,21450.00,PE,NIFTY25MAR21450PE,0.00,0.00,0.00,101.90,101.90,101.90,22913.15,14.65,2850,0,0,0.00,0,F1,75,,,,,
2025-02-20,2025-02-20,FO,NSE,IDO,46959,,NIFTY,,2025-03-27,2025-03-27,22100.00,PE,NIFTY25MAR22100PE,124.05,129.70,100.15,101.50,102.45,116.85,22913.15,101.50,264000,15525,2446,4074088365.00,1734,F1,75,,,,,
2025-02-20,2025-02-20,FO,NSE,IDO,46998,,NIFTY,,2025-03-27,2025-03-27,22500.00,PE,NIFTY25MAR22500PE,218.20,225.00,178.30,181.20,183.80,200.90,22913.15,181.20,1946850,174600,19897,33862411368.75,13026,F1,75,,,,,
2025-02-20,2025-02-20,FO,NSE,IDO,48350,,NIFTY,,2025-03-27,2025-03-27,23150.00,PE,NIFTY25MAR23150PE,461.45,482.55,411.50,414.30,419.65,434.15,22913.15,414.30,31425,-2100,212,375202346.25,192,F1,75,,,,,
2025-02-20,2025-02-20,FO,NSE,IDO,51400,,NIFTY,,2025-03-27,2025-03-27,23500.00,PE,NIFTY25MAR23500PE,659.95,690.25,601.00,606.75,612.40,622.45,22913.15,606.75,1131300,203475,8857,16024757463.75,7420,F1,75,,,,,
2025-02-20,2025-02-20,FO,NSE,IDO,54722,,NIFTY,,2025-03-27,2025-03-27,23900.00,PE,NIFTY25MAR23900PE,946.45,948.00,883.05,890.50,899.15,897.40,22913.15,890.50,100575,67425,1157,2151835728.75,1063,F1,75,,,,,
2025-02-20,2025-02-20,FO,NSE,IDO,54724,,NIFTY,,2025-03-27,2025-03-27,23950.00,PE,NIFTY25MAR23950PE,0.00,0.00,0.00,888.95,889.30,888.95,22913.15,980.70,14475,0,0,0.00,0,F1,75,,,,,
2025-02-20,2025-02-20,FO,NSE,IDO,54726,,NIFTY,,2025-03-27,2025-03-27,24050.00,PE,NIFTY25MAR24050PE,0.00,0.00,0.00,861.85,861.85,861.85,22913.15,1064.15,6450,0,0,0.00,0,F1,75,,,,,
2025-02-20,2025-02-20,FO,NSE,IDO,64573,,NIFTY,,2025-03-27,2025-03-27,26000.00,PE,NIFTY25MAR26000PE,2910.85,2971.10,2866.05,2885.00,2890.65,2862.65,22913.15,2885.00,637000,51750,839,1818544961.25,653,F1,75,,,,,
2025-02-20,2025-02-20,FO,NSE,IDO,79273,,NIFTY,,2025-04-24,2025-04-24,21900.00,PE,NIFTY25APR21900PE,148.00,152.70,129.05,130.20,130.50,144.40,22913.15,130.20,72750,-675,280,462854418.75,146,F1,75,,,,,
2025-02-20,2025-02-20,FO,NSE,IDO,79412,,NIFTY,,2025-04-24,2025-04-24,22800.00,PE,NIFTY25APR22800PE,442.00,442.00,340.00,341.75,343.15,349.45,22913.15,341.75,52125,6675,267,463741087.50,175,F1,75,,,,,
2025-02-20,2025-02-20,FO,NSE,IDO,79433,,NIFTY,,2025-04-24,2025-04-24,23000.00,PE,NIFTY25APR23000PE,440.05,459.45,406.15,410.55,414.85,420.90,22913.15,410.55,278775,-6825,2965,5209076546.25,2050,F1,75,,,,,
2025-02-20,2025-02-20,FO,NSE,IDO,86150,,NIFTY,,2028-06-29,2028-06-29,23000.00,PE,NIFTY28JUN23000PE,0.00,0.00,0.00,1399.25,0.00,1399.25,22913.15,520.90,0,0,0,0.00,0,F1,75,,,,,
2025-02-20,2025-02-20,FO,NSE,IDO,53604,,NIFTY,,2027-12-30,2027-12-30,18000.00,PE,NIFTY27DEC18000PE,0.00,0.00,0.00,244.40,244.40,244.40,22913.15,45.95,10175,0,0,0.00,0,F1,75,,,,,
2025-02-20,2025-02-20,FO,NSE,IDO,58645,,NIFTY,,2026-12-31,2026-12-31,20000.00,PE,NIFTY26DEC20000PE,375.50,381.75,375.00,378.85,375.95,375.00,22913.15,378.85,4500,150,5,7641273.75,5,F1,75,,,,,
2025-02-20,2025-02-20,FO,NSE,IDO,63282,,NIFTY,,2025-02-20,2025-02-20,21850.00,PE,NIFTY2522021850PE,0.40,0.45,0.05,0.05,0.05,0.45,22913.15,22913.15,499050,-15825,98949,162154372691.25,21266,F1,75,,,,,
2025-02-20,2025-02-20,FO,NSE,IDO,58641,,NIFTY,,2026-12-31,2026-12-31,18000.00,PE,NIFTY26DEC18000PE,0.00,0.00,0.00,76.10,76.10,76.10,22913.15,29.70,5175,0,0,0.00,0,F1,75,,,,,
2025-02-20,2025-02-20,FO,NSE,IDO,57599,,NIFTY,,2025-02-27,2025-02-27,23950.00,CE,NIFTY25FEB23950CE,3.70,4.50,2.15,2.35,2.20,4.10,22913.15,2.35,417450,126150,22069,39646107131.25,9031,F1,75,,,,,
2025-02-20,2025-02-20,FO,NSE,IDO,57605,,NIFTY,,2025-02-27,2025-02-27,24100.00,CE,NIFTY25FEB24100CE,2.55,3.30,1.45,1.55,1.60,2.85,22913.15,1.55,2445900,1345500,86850,156993704602.50,23751,F1,75,,,,,
2025-02-20,2025-02-20,FO,NSE,IDO,57641,,NIFTY,,2025-02-27,2025-02-27,25000.00,CE,NIFTY25FEB25000CE,1.85,1.85,1.00,1.10,1.05,1.60,22913.15,1.10,5333550,1495050,134593,252375189652.50,19498,F1,75,,,,,
2025-02-20,2025-02-20,FO,NSE,IDO,57651,,NIFTY,,2025-02-27,2025-02-27,25200.00,CE,NIFTY25FEB25200CE,1.50,1.70,0.95,1.10,1.00,1.45,22913.15,1.10,308325,-4125,10586,20008614678.75,3562,F1,75,,,,,
2025-02-20,2025-02-20,FO,NSE,IDO,68870,,NIFTY,,2025-03-06,2025-03-06,25450.00,CE,NIFTY2530625450CE,2.10,2.10,2.10,2.10,2.10,2.10,22913.15,0.05,4050,-75,1,1908907.50,1,F1,75,,,,,
2025-02-20,2025-02-20,FO,NSE,IDO,68672,,NIFTY,,2025-03-06,2025-03-06,25250.00,CE,NIFTY2530625250CE,2.65,2.65,1.80,1.80,1.80,2.65,22913.15,0.05,2250,0,3,5681726.25,3,F1,75,,,,,
2025-02-20,2025-02-20,FO,NSE,IDO,68602,,NIFTY,,2025-03-06,2025-03-06,24200.00,CE,NIFTY2530624200CE,8.55,8.55,6.05,6.30,6.40,8.80,22913.15,6.30,165075,24825,3168,5751477228.75,1417,F1,75,,,,,
2025-02-20,2025-02-20,FO,NSE,IDO,68586,,NIFTY,,2025-03-06,2025-03-06,23800.00,CE,NIFTY2530623800CE,32.00,32.05,21.20,22.05,21.70,33.55,22913.15,22.05,259575,100650,8986,16056231783.75,4305,F1,75,,,,,
2025-02-20,2025-02-20,FO,NSE,IDO,68574,,NIFTY,,2025-03-06,2025-03-06,23500.00,CE,NIFTY2530623500CE,64.90,74.05,58.35,60.15,59.50,83.10,22913.15,60.15,434625,202200,17784,31429887532.50,8993,F1,75,,,,,
2025-02-20,2025-02-20,FO,NSE,IDO,68430,,NIFTY,,2025-03-06,2025-03-06,22300.00,CE,NIFTY2530622300CE,734.25,740.20,709.75,735.80,736.50,753.05,22913.15,735.80,1425,600,43,74279463.75,16,F1,75,,,,,
2025-02-20,2025-02-20,FO,NSE,IDO,68401,,NIFTY,,2025-03-06,2025-03-06,21650.00,CE,NIFTY2530621650CE,0.00,0.00,0.00,1434.10,1434.85,1434.10,22913.15,1319.35,600,0,0,0.00,0,F1,75,,,,,
2025-02-20,2025-02-20,FO,NSE,IDO,68393,,NIFTY,,2025-03-06,2025-03-06,21450.00,CE,NIFTY2530621450CE,0.00,0.00,0.00,1635.15,1636.10,1635.15,22913.15,1517.35,525,0,0,0.00,0,F1,75,,,,,
2025-02-20,2025-02-20,FO,NSE,IDO,68391,,NIFTY,,2025-03-06,2025-03-06,21400.00,CE,NIFTY2530621400CE,0.00,0.00,0.00,1691.10,1690.40,1691.10,22913.15,1567.00,600,0,0,0.00,0,F1,75,,,,,
2025-02-20,2025-02-20,FO,NSE,IDO,68388,,NIFTY,,2025-03-06,2025-03-06,21350.00,CE,NIFTY2530621350CE,0.00,0.00,0.00,1740.05,1739.35,1740.05,22913.15,1616.75,600,0,0,0.00,0,F1,75,,,,,
2025-02-20,2025-02-20,FO,NSE,IDO,68376,,NIFTY,,2025-03-06,2025-03-06,21150.00,CE,NIFTY2530621150CE,0.00,0.00,0.00,2248.40,0.00,2248.40,22913.15,1815.95,0,0,0,0.00,0,F1,75,,,,,
2025-02-20,2025-02-20,FO,NSE,IDO,57704,,NIFTY,,2025-02-27,2025-02-27,26350.00,CE,NIFTY25FEB26350CE,1.60,1.60,1.00,1.05,1.00,1.35,22913.15,1.05,15525,1800,466,920977402.50,191,F1,75,,,,,
2025-02-20,2025-02-20,FO,NSE,IDO,57683,,NIFTY,,2025-02-27,2025-02-27,26000.00,CE,NIFTY25FEB26000CE,1.35,1.65,0.95,1.10,1.00,1.40,22913.15,1.10,2298075,-66450,29119,56784667548.75,7233,F1,75,,,,,
2025-02-20,2025-02-20,FO,NSE,IDO,57653,,NIFTY,,2025-02-27,2025-02-27,25250.00,CE,NIFTY25FEB25250CE,1.70,1.75,0.95,1.15,1.00,1.45,22913.15,1.15,24750,-8775,1269,2403299790.00,696,F1,75,,,,,
2025-02-20,2025-02-20,FO,NSE,IDO,68374,,NIFTY,,2025-03-06,2025-03-06,21100.00,CE,NIFTY2530621100CE,0.00,0.00,0.00,2296.30,0.00,2296.30,22913.15,1865.75,0,0,0,0.00,0,F1,75,,,,,
2025-02-20,2025-02-20,FO,NSE,IDO,63366,,NIFTY,,2025-02-20,2025-02-20,22500.00,PE,NIFTY2522022500PE,3.05,8.80,0.05,0.10,0.05,3.85,22913.15,22913.15,6331950,-1770450,3308830,5584031096685.00,541653,F1,75,,,,,
2025-02-20,2025-02-20,FO,NSE,IDO,61859,,NIFTY,,2029-12-27,2029-12-27,28000.00,PE,NIFTY29DEC28000PE,0.00,0.00,0.00,1411.30,0.00,1411.30,22913.15,1471.25,0,0,0,0.00,0,F1,75,,,,,
2025-02-20,2025-02-20,FO,NSE,IDO,89627,,NIFTY,,2029-06-28,2029-06-28,22000.00,PE,NIFTY29JUN22000PE,0.00,0.00,0.00,422.00,0.00,422.00,22913.15,323.45,0,0,0,0.00,0,F1,75,,,,,
2025-02-20,2025-02-20,FO,NSE,IDO,67789,,NIFTY,,2028-12-28,2028-12-28,27000.00,PE,NIFTY28DEC27000PE,0.00,0.00,0.00,1413.85,0.00,1413.85,22913.15,1457.10,0,0,0,0.00,0,F1,75,,,,,
2025-02-20,2025-02-20,FO,NSE,IDO,86144,,NIFTY,,2028-06-29,2028-06-29,20000.00,PE,NIFTY28JUN20000PE,0.00,0.00,0.00,400.00,400.00,400.00,22913.15,151.80,0,0,0,0.00,0,F1,75,,,,,
2025-02-20,2025-02-20,FO,NSE,IDO,53615,,NIFTY,,2027-12-30,2027-12-30,21000.00,PE,NIFTY27DEC21000PE,0.00,0.00,0.00,582.95,582.95,582.95,22913.15,244.35,50,0,0,0.00,0,F1,75,,,,,
2025-02-20,2025-02-20,FO,NSE,IDO,50550,,NIFTY,,2027-06-24,2027-06-24,28000.00,PE,NIFTY27JUN28000PE,0.00,0.00,0.00,5959.35,0.00,5959.35,22913.15,2525.05,0,0,0,0.00,0,F1,75,,,,,
2025-02-20,2025-02-20,FO,NSE,IDO,71561,,NIFTY,,2027-06-24,2027-06-24,24000.00,PE,NIFTY27JUN24000PE,0.00,0.00,0.00,5056.20,0.00,5056.20,22913.15,846.35,0,0,0,0.00,0,F1,75,,,,,
2025-02-20,2025-02-20,FO,NSE,IDO,50976,,NIFTY,,2026-06-25,2026-06-25,27000.00,PE,NIFTY26JUN27000PE,0.00,0.00,0.00,6810.70,0.00,6810.70,22913.15,2557.35,0,0,0,0.00,0,F1,75,,,,,
2025-02-20,2025-02-20,FO,NSE,IDO,51455,,NIFTY,,2026-06-25,2026-06-25,21000.00,PE,NIFTY26JUN21000PE,0.00,0.00,0.00,364.95,364.95,364.95,22913.15,208.25,750,0,0,0.00,0,F1,75,,,,,
2025-02-20,2025-02-20,FO,NSE,IDO,38380,,NIFTY,,2026-06-25,2026-06-25,20000.00,PE,NIFTY26JUN20000PE,0.00,0.00,0.00,3159.75,0.00,3159.75,22913.15,103.90,0,0,0,0.00,0,F1,75,,,,,
2025-02-20,2025-02-20,FO,NSE,IDO,38153,,NIFTY,,2025-12-24,2025-12-24,29000.00,PE,NIFTY25DEC29000PE,0.00,0.00,0.00,4292.55,4292.55,4292.55,22913.15,4637.15,11850,0,0,0.00,0,F1,75,,,,,
2025-02-20,2025-02-20,FO,NSE,IDO,50544,,NIFTY,,2025-12-24,2025-12-24,28000.00,PE,NIFTY25DEC28000PE,3575.00,3625.75,3575.00,3592.30,3592.30,3572.40,22913.15,3592.30,314850,-225,9,21334522.50,9,F1,75,,,,,
2025-02-20,2025-02-20,FO,NSE,IDO,71398,,NIFTY,,2025-12-24,2025-12-24,25000.00,PE,NIFTY25DEC25000PE,1534.20,1543.95,1477.00,1493.00,1495.00,1474.80,22913.15,1493.00,311375,-25,172,341956076.25,162,F1,75,,,,,
2025-02-20,2025-02-20,FO,NSE,IDO,64693,,NIFTY,,2025-09-25,2025-09-25,24000.00,PE,NIFTY25SEP24000PE,1009.85,1009.85,998.00,998.00,998.00,981.90,22913.15,998.00,2850,150,2,3750588.75,2,F1,75,,,,,
2025-02-20,2025-02-20,FO,NSE,IDO,39680,,NIFTY,,2025-06-26,2025-06-26,16000.00,PE,NIFTY25JUN16000PE,0.00,0.00,0.00,3.55,3.55,3.55,22913.15,0.05,1650,0,0,0.00,0,F1,75,,,,,
2025-02-20,2025-02-20,FO,NSE,IDO,40091,,NIFTY,,2025-06-26,2025-06-26,15000.00,PE,NIFTY25JUN15000PE,0.00,0.00,0.00,7.50,7.35,7.50,22913.15,0.05,3425,0,0,0.00,0,F1,75,,,,,
2025-02-20,2025-02-20,FO,NSE,IDO,79736,,NIFTY,,2025-04-24,2025-04-24,25200.00,PE,NIFTY25APR25200PE,0.00,0.00,0.00,1745.70,0.00,1745.70,22913.15,2042.85,0,0,0,0.00,0,F1,75,,,,,
2025-02-20,2025-02-20,FO,NSE,IDO,79673,,NIFTY,,2025-04-24,2025-04-24,24750.00,PE,NIFTY25APR24750PE,0.00,0.00,0.00,1403.75,0.00,1403.75,22913.15,1635.35,0,0,0,0.00,0,F1,75,,,,,
2025-02-20,2025-02-20,FO,NSE,IDO,79645,,NIFTY,,2025-04-24,2025-04-24,24600.00,PE,NIFTY25APR24600PE,0.00,0.00,0.00,1297.20,0.00,1297.20,22913.15,1505.15,0,0,0,0.00,0,F1,75,,,,,
2025-02-20,2025-02-20,FO,NSE,IDO,79504,,NIFTY,,2025-04-24,2025-04-24,23550.00,PE,NIFTY25APR23550PE,0.00,0.00,0.00,665.00,665.00,665.00,22913.15,718.15,75,0,0,0.00,0,F1,75,,,,,
2025-02-20,2025-02-20,FO,NSE,IDO,79294,,NIFTY,,2025-04-24,2025-04-24,22100.00,PE,NIFTY25APR22100PE,180.00,182.00,159.70,161.80,161.80,151.40,22913.15,161.80,58875,5925,126,210513431.25,68,F1,75,,,,,
2025-02-20,2025-02-20,FO,NSE,IDO,79290,,NIFTY,,2025-04-24,2025-04-24,22050.00,PE,NIFTY25APR22050PE,0.00,0.00,0.00,174.65,0.00,174.65,22913.15,124.65,0,0,0,0.00,0,F1,75,,,,,
2025-02-20,2025-02-20,FO,NSE,IDO,79269,,NIFTY,,2025-04-24,2025-04-24,21800.00,PE,NIFTY25APR21800PE,133.00,138.45,115.40,117.20,117.50,130.65,22913.15,117.20,67425,11100,459,754756642.50,261,F1,75,,,,,
2025-02-20,2025-02-20,FO,NSE,IDO,79263,,NIFTY,,2025-04-24,2025-04-24,21650.00,PE,NIFTY25APR21650PE,0.00,0.00,0.00,97.95,97.95,97.95,22913.15,64.75,150,0,0,0.00,0,F1,75,,,,,
2025-02-20,2025-02-20,FO,NSE,IDO,56887,,NIFTY,,2025-03-27,2025-03-27,25550.00,PE,NIFTY25MAR25550PE,0.00,0.00,0.00,1635.05,0.00,1635.05,22913.15,2480.15,0,0,0,0.00,0,F1,75,,,,,
2025-02-20,2025-02-20,FO,NSE,IDO,56881,,NIFTY,,2025-03-27,2025-03-27,25400.00,PE,NIFTY25MAR25400PE,0.00,0.00,0.00,1523.10,0.00,1523.10,22913.15,2332.15,0,0,0,0.00,0,F1,75,,,,,
2025-02-20,2025-02-20,FO,NSE,IDO,56875,,NIFTY,,2025-03-27,2025-03-27,25250.00,PE,NIFTY25MAR25250PE,0.00,0.00,0.00,1415.90,0.00,1415.90,22913.15,2184.70,0,0,0,0.00,0,F1,75,,,,,
2025-02-20,2025-02-20,FO,NSE,IDO,56547,,NIFTY,,2025-03-27,2025-03-27,24800.00,PE,NIFTY25MAR24800PE,0.00,0.00,0.00,1700.00,1700.00,1700.00,22913.15,1747.85,300,0,0,0.00,0,F1,75,,,,,
2025-02-20,2025-02-20,FO,NSE,IDO,51476,,NIFTY,,2025-03-27,2025-03-27,23650.00,PE,NIFTY25MAR23650PE,745.80,790.40,699.60,699.60,699.60,711.00,22913.15,699.60,25200,-1350,30,54894922.50,28,F1,75,,,,,
2025-02-20,2025-02-20,FO,NSE,IDO,51127,,NIFTY,,2025-03-27,2025-03-27,23450.00,PE,NIFTY25MAR23450PE,630.00,650.00,574.00,580.20,585.15,594.45,22913.15,580.20,36150,11475,287,517297672.50,280,F1,75,,,,,
2025-02-20,2025-02-20,FO,NSE,IDO,51123,,NIFTY,,2025-03-27,2025-03-27,23400.00,PE,NIFTY25MAR23400PE,602.05,628.00,543.00,550.35,559.95,562.80,22913.15,550.35,96525,-300,634,1139749091.25,555,F1,75,,,,,
2025-02-20,2025-02-20,FO,NSE,IDO,46987,,NIFTY,,2025-03-27,2025-03-27,22300.00,PE,NIFTY25MAR22300PE,164.00,170.45,134.50,136.05,136.65,152.85,22913.15,136.05,373650,-38925,3897,6560620162.50,2412,F1,75,,,,,
2025-02-20,2025-02-20,FO,NSE,IDO,46977,,NIFTY,,2025-03-27,2025-03-27,22200.00,PE,NIFTY25MAR22200PE,143.00,148.30,117.35,118.65,122.10,133.85,22913.15,118.65,554925,214125,6556,10977095460.00,4758,F1,75,,,,,
2025-02-20,2025-02-20,FO,NSE,IDO,46886,,NIFTY,,2025-03-27,2025-03-27,21550.00,PE,NIFTY25MAR21550PE,0.00,0.00,0.00,36.35,36.35,36.35,22913.15,19.30,3075,0,0,0.00,0,F1,75,,,,,
2025-02-20,2025-02-20,FO,NSE,IDO,46855,,NIFTY,,2025-03-27,2025-03-27,21250.00,PE,NIFTY25MAR21250PE,36.20,40.00,29.15,29.80,30.70,38.10,22913.15,29.80,13500,5325,227,362355888.75,100,F1,75,,,,,
2025-02-20,2025-02-20,FO,NSE,IDO,64555,,NIFTY,,2025-03-27,2025-03-27,19000.00,PE,NIFTY25MAR19000PE,7.35,7.35,6.20,6.25,6.30,6.65,22913.15,6.25,296775,30150,1159,1652154446.25,284,F1,75,,,,,
2025-02-20,2025-02-20,FO,NSE,IDO,50228,,NIFTY,,2025-03-20,2025-03-20,23100.00,PE,NIFTY2532023100PE,0.00,0.00,0.00,414.10,0.00,414.10,22913.15,374.60,0,0,0,0.00,0,F1,75,,,,,
2025-02-20,2025-02-20,FO,NSE,IDO,50226,,NIFTY,,2025-03-20,2025-03-20,23050.00,PE,NIFTY2532023050PE,0.00,0.00,0.00,390.75,0.00,390.75,22913.15,348.25,0,0,0,0.00,0,F1,75,,,,,
2025-02-20,2025-02-20,FO,NSE,IDO,50218,,NIFTY,,2025-03-20,2025-03-20,22850.00,PE,NIFTY2532022850PE,306.85,315.85,256.70,256.70,256.70,253.40,22913.15,256.70,675,75,11,19092243.75,10,F1,75,,,,,
2025-02-20,2025-02-20,FO,NSE,IDO,50146,,NIFTY,,2025-03-20,2025-03-20,21950.00,PE,NIFTY2532021950PE,0.00,0.00,0.00,76.75,0.00,76.75,22913.15,37.50,0,0,0,0.00,0,F1,75,,,,,
2025-02-20,2025-02-20,FO,NSE,IDO,50122,,NIFTY,,2025-03-20,2025-03-20,21500.00,PE,NIFTY2532021500PE,25.10,33.40,25.10,26.45,25.55,25.10,22913.15,26.45,1425,1125,22,35518545.00,7,F1,75,,,,,
2025-02-20,2025-02-20,FO,NSE,IDO,50118,,NIFTY,,2025-03-20,2025-03-20,21400.00,PE,NIFTY2532021400PE,0.00,0.00,0.00,25.20,0.00,25.20,22913.15,7.10,0,0,0,0.00,0,F1,75,,,,,
2025-02-20,2025-02-20,FO,NSE,IDO,50110,,NIFTY,,2025-03-20,2025-03-20,21250.00,PE,NIFTY2532021250PE,0.00,0.00,0.00,22.10,22.10,22.10,22913.15,4.20,750,0,0,0.00,0,F1,75,,,,,
2025-02-20,2025-02-20,FO,NSE,IDO,45643,,NIFTY,,2025-03-13,2025-03-13,25050.00,PE,NIFTY2531325050PE,0.00,0.00,0.00,1364.90,0.00,1364.90,22913.15,2044.20,0,0,0,0.00,0,F1,75,,,,,
2025-02-20,2025-02-20,FO,NSE,IDO,45565,,NIFTY,,2025-03-13,2025-03-13,24200.00,PE,NIFTY2531324200PE,0.00,0.00,0.00,720.50,0.00,720.50,22913.15,1214.15,0,0,0,0.00,0,F1,75,,,,,
2025-02-20,2025-02-20,FO,NSE,IDO,45518,,NIFTY,,2025-03-13,2025-03-13,23250.00,PE,NIFTY2531323250PE,0.00,0.00,0.00,466.00,466.00,466.00,22913.15,435.15,0,0,0,0.00,0,F1,75,,,,,
2025-02-20,2025-02-20,FO,NSE,IDO,45479,,NIFTY,,2025-03-13,2025-03-13,22750.00,PE,NIFTY2531322750PE,200.00,200.00,178.65,188.30,189.35,200.00,22913.15,188.30,975,375,7,12042937.50,5,F1,75,,,,,
2025-02-20,2025-02-20,FO,NSE,IDO,45463,,NIFTY,,2025-03-13,2025-03-13,22400.00,PE,NIFTY2531322400PE,120.00,120.00,96.00,96.80,97.55,115.00,22913.15,96.80,1200,375,11,18564866.25,11,F1,75,,,,,
2025-02-20,2025-02-20,FO,NSE,IDO,45436,,NIFTY,,2025-03-13,2025-03-13,21900.00,PE,NIFTY2531321900PE,38.00,40.70,33.35,35.00,35.00,45.00,22913.15,35.00,2850,2550,45,74041616.25,25,F1,75,,,,,
2025-02-20,2025-02-20,FO,NSE,IDO,68873,,NIFTY,,2025-03-06,2025-03-06,25500.00,PE,NIFTY2530625500PE,0.00,0.00,0.00,2150.00,2150.00,2150.00,22913.15,2523.35,225,0,0,0.00,0,F1,75,,,,,
2025-02-20,2025-02-20,FO,NSE,IDO,68617,,NIFTY,,2025-03-06,2025-03-06,24450.00,PE,NIFTY2530624450PE,0.00,0.00,0.00,1383.40,1382.60,1383.40,22913.15,1477.65,450,0,0,0.00,0,F1,75,,,,,
2025-02-20,2025-02-20,FO,NSE,IDO,68606,,NIFTY,,2025-03-06,2025-03-06,24250.00,PE,NIFTY2530624250PE,0.00,0.00,0.00,1185.60,1183.50,1185.60,22913.15,1280.65,600,0,0,0.00,0,F1,75,,,,,
2025-02-20,2025-02-20,FO,NSE,IDO,68587,,NIFTY,,2025-03-06,2025-03-06,23800.00,PE,NIFTY2530623800PE,857.95,905.00,825.00,833.00,833.00,824.35,22913.15,833.00,5250,300,11,20339077.50,10,F1,75,,,,,
2025-02-20,2025-02-20,FO,NSE,IDO,68579,,NIFTY,,2025-03-06,2025-03-06,23600.00,PE,NIFTY2530623600PE,690.00,701.00,649.25,652.75,652.75,649.20,22913.15,675.00,8250,5100,91,165626411.25,42,F1,75,,,,,
2025-02-20,2025-02-20,FO,NSE,IDO,68483,,NIFTY,,2025-03-06,2025-03-06,23350.00,PE,NIFTY2530623350PE,493.00,493.00,456.05,457.00,457.00,457.40,22913.15,475.55,4875,-1350,30,53572740.00,30,F1,75,,,,,
2025-02-20,2025-02-20,FO,NSE,IDO,68467,,NIFTY,,2025-03-06,2025-03-06,22950.00,PE,NIFTY2530622950PE,262.25,287.70,217.35,220.80,226.90,237.15,22913.15,220.80,29775,6150,1267,2203354185.00,864,F1,75,,,,,
2025-02-20,2025-02-20,FO,NSE,IDO,68465,,NIFTY,,2025-03-06,2025-03-06,22900.00,PE,NIFTY2530622900PE,242.05,260.00,195.65,199.25,205.00,217.35,22913.15,199.25,326175,148950,8991,15588068336.25,5924,F1,75,,,,,
2025-02-20,2025-02-20,FO,NSE,IDO,68455,,NIFTY,,2025-03-06,2025-03-06,22700.00,PE,NIFTY2530622700PE,164.20,175.55,125.05,129.00,132.25,147.30,22913.15,129.00,128175,50625,3904,6688063245.00,2698,F1,75,,,,,
2025-02-20,2025-02-20,FO,NSE,IDO,68435,,NIFTY,,2025-03-06,2025-03-06,22400.00,PE,NIFTY2530622400PE,85.00,98.20,60.45,62.75,65.00,77.05,22913.15,62.75,87225,40050,3533,5954225122.50,1801,F1,75,,,,,
2025-02-20,2025-02-20,FO,NSE,IDO,68398,,NIFTY,,2025-03-06,2025-03-06,21550.00,PE,NIFTY2530621550PE,13.95,13.95,6.80,7.50,7.80,14.30,22913.15,7.50,1125,-375,44,71142255.00,15,F1,75,,,,,
2025-02-20,2025-02-20,FO,NSE,IDO,57715,,NIFTY,,2025-02-27,2025-02-27,26500.00,PE,NIFTY25FEB26500PE,3595.95,3628.50,3545.00,3553.35,3560.35,3527.60,22913.15,3553.35,397125,-38775,594,1339836277.50,539,F1,75,,,,,
2025-02-20,2025-02-20,FO,NSE,IDO,57652,,NIFTY,,2025-02-27,2025-02-27,25200.00,PE,NIFTY25FEB25200PE,2312.40,2312.40,2244.00,2254.00,2254.00,2229.45,22913.15,2254.00,36450,5475,81,166820471.25,36,F1,75,,,,,
2025-02-20,2025-02-20,FO,NSE,IDO,57620,,NIFTY,,2025-02-27,2025-02-27,24450.00,PE,NIFTY25FEB24450PE,1531.85,1531.85,1493.00,1493.00,1493.00,1459.40,22913.15,1493.00,4725,525,7,13622988.75,4,F1,75,,,,,
2025-02-20,2025-02-20,FO,NSE,IDO,57618,,NIFTY,,2025-02-27,2025-02-27,24400.00,PE,NIFTY25FEB24400PE,1501.85,1530.00,1441.55,1451.75,1457.00,1436.85,22913.15,1451.75,144900,9150,374,725471302.50,275,F1,75,,,,,
2025-02-20,2025-02-20,FO,NSE,IDO,57594,,NIFTY,,2025-02-27,2025-02-27,23800.00,PE,NIFTY25FEB23800PE,895.05,948.95,850.00,858.70,868.85,839.20,22913.15,858.70,886275,-5400,1179,2182085175.00,734,F1,75,,,,,
2025-02-20,2025-02-20,FO,NSE,IDO,57592,,NIFTY,,2025-02-27,2025-02-27,23750.00,PE,NIFTY25FEB23750PE,851.00,864.10,804.00,807.00,806.85,792.60,22913.15,807.00,101325,-75,57,105106331.25,54,F1,75,,,,,
2025-02-20,2025-02-20,FO,NSE,IDO,57582,,NIFTY,,2025-02-27,2025-02-27,23500.00,PE,NIFTY25FEB23500PE,610.00,670.90,557.00,571.25,580.00,559.00,22913.15,571.25,3259575,-36450,8596,15531233055.00,5399,F1,75,,,,,
2025-02-20,2025-02-20,FO,NSE,IDO,56736,,NIFTY,,2025-02-27,2025-02-27,23400.00,PE,NIFTY25FEB23400PE,523.05,565.00,466.30,480.25,490.30,476.80,22913.15,480.25,919500,12600,4995,8953985126.25,3025,F1,75,,,,,
2025-02-20,2025-02-20,FO,NSE,IDO,55644,,NIFTY,,2025-02-27,2025-02-27,23100.00,PE,NIFTY25FEB23100PE,312.85,328.15,241.00,249.45,259.75,261.95,22913.15,249.45,1283850,101175,30240,53004738371.25,19976,F1,75,,,,,
2025-02-20,2025-02-20,FO,NSE,IDO,55636,,NIFTY,,2025-02-27,2025-02-27,22900.00,PE,NIFTY25FEB22900PE,214.05,214.05,137.20,143.20,148.00,161.35,22913.15,143.20,3703275,1273275,280201,484608592316.25,149291,F1,75,,,,,
2025-02-20,2025-02-20,FO,NSE,IDO,55586,,NIFTY,,2025-02-27,2025-02-27,21650.00,PE,NIFTY25FEB21650PE,3.75,3.75,1.85,2.10,2.00,3.50,22913.15,2.10,321825,157275,11285,18326203533.75,4214,F1,75,,,,,
2025-02-20,2025-02-20,FO,NSE,IDO,55584,,NIFTY,,2025-02-27,2025-02-27,21600.00,PE,NIFTY25FEB21600PE,3.50,3.55,1.75,1.95,2.10,3.10,22913.15,1.95,1340775,525675,52490,85043316930.00,15585,F1,75,,,,,
2025-02-20,2025-02-20,FO,NSE,IDO,55566,,NIFTY,,2025-02-27,2025-02-27,21250.00,PE,NIFTY25FEB21250PE,2.00,2.20,1.20,1.40,1.45,2.20,22913.15,1.40,711600,43125,6448,10277308410.00,2548,F1,75,,,,,
2025-02-20,2025-02-20,FO,NSE,IDO,63818,,NIFTY,,2025-02-20,2025-02-20,25150.00,PE,NIFTY2522025150PE,0.00,0.00,0.00,1710.90,0.00,1710.90,22913.15,22913.15,0,0,0,0.00,0,F1,75,,,,,
2025-02-20,2025-02-20,FO,NSE,IDO,63814,,NIFTY,,2025-02-20,2025-02-20,25050.00,PE,NIFTY2522025050PE,0.00,0.00,0.00,1620.35,0.00,1620.35,22913.15,22913.15,0,0,0,0.00,0,F1,75,,,,,
2025-02-20,2025-02-20,FO,NSE,IDO,63685,,NIFTY,,2025-02-20,2025-02-20,24050.00,PE,NIFTY2522024050PE,1126.55,1152.00,1126.55,1136.35,1136.50,1091.75,22913.15,22913.15,1725,-1425,29,54796117.50,13,F1,75,,,,,
2025-02-20,2025-02-20,FO,NSE,IDO,63681,,NIFTY,,2025-02-20,2025-02-20,23950.00,PE,NIFTY2522023950PE,1037.75,1121.10,1034.75,1036.40,1037.00,1050.15,22913.15,22913.15,7575,-1275,26,48745545.00,20,F1,75,,,,,
2025-02-20,2025-02-20,FO,NSE,IDO,63671,,NIFTY,,2025-02-20,2025-02-20,23750.00,PE,NIFTY2522023750PE,873.35,885.30,831.65,838.75,837.00,814.60,22913.15,22913.15,25350,-300,75,138374842.50,56,F1,75,,,,,
2025-02-20,2025-02-20,FO,NSE,IDO,63550,,NIFTY,,2025-02-20,2025-02-20,23150.00,PE,NIFTY2522023150PE,308.05,341.00,225.05,238.05,236.25,230.15,22913.15,22913.15,279450,-82800,39140,68716939500.00,26870,F1,75,,,,,
2025-02-20,2025-02-20,FO,NSE,IDO,63439,,NIFTY,,2025-02-20,2025-02-20,22750.00,PE,NIFTY2522022750PE,35.00,45.15,0.05,0.15,0.05,24.00,22913.15,22913.15,3764325,1221825,5115783,8731949832881.25,1166461,F1,75,,,,,
2025-02-20,2025-02-20,FO,NSE,IDO,63425,,NIFTY,,2025-02-20,2025-02-20,22600.00,PE,NIFTY2522022600PE,10.00,22.00,0.05,0.10,0.05,8.00,22913.15,22913.15,3984975,-24525,3856076,6536866786980.00,622976,F1,75,,,,,
2025-02-20,2025-02-20,FO,NSE,IDO,63132,,NIFTY,,2025-02-20,2025-02-20,21300.00,PE,NIFTY2522021300PE,0.25,0.35,0.05,0.10,0.05,0.30,22913.15,22913.15,974775,-470100,39904,63747012663.75,6006,F1,75,,,,,
2025-02-20,2025-02-20,FO,NSE,IDO,86143,,NIFTY,,2028-06-29,2028-06-29,20000.00,CE,NIFTY28JUN20000CE,0.00,0.00,0.00,5724.65,0.00,5724.65,22913.15,6984.85,0,0,0,0.00,0,F1,75,,,,,
2025-02-20,2025-02-20,FO,NSE,IDO,71564,,NIFTY,,2027-06-24,2027-06-24,26000.00,CE,NIFTY27JUN26000CE,0.00,0.00,0.00,1900.85,0.00,1900.85,22913.15,2138.95,0,0,0,0.00,0,F1,75,,,,,
2025-02-20,2025-02-20,FO,NSE,IDO,71558,,NIFTY,,2027-06-24,2027-06-24,23000.00,CE,NIFTY27JUN23000CE,0.00,0.00,0.00,2530.05,0.00,2530.05,22913.15,3745.60,0,0,0,0.00,0,F1,75,,,,,
2025-02-20,2025-02-20,FO,NSE,IDO,71551,,NIFTY,,2027-06-24,2027-06-24,20000.00,CE,NIFTY27JUN20000CE,0.00,0.00,0.00,3367.05,0.00,3367.05,22913.15,5877.45,0,0,0,0.00,0,F1,75,,,,,
2025-02-20,2025-02-20,FO,NSE,IDO,35221,,NIFTY,,2025-12-24,2025-12-24,30000.00,CE,NIFTY25DEC30000CE,64.10,72.00,64.10,67.60,66.05,68.05,22913.15,67.60,52350,-600,136,306684690.00,65,F1,75,,,,,
2025-02-20,2025-02-20,FO,NSE,IDO,71393,,NIFTY,,2025-12-24,2025-12-24,24000.00,CE,NIFTY25DEC24000CE,1265.00,1269.75,1240.00,1253.75,1249.00,1273.60,22913.15,1253.75,259650,250,304,575788803.75,271,F1,75,,,,,
2025-02-20,2025-02-20,FO,NSE,IDO,37749,,NIFTY,,2025-06-26,2025-06-26,23000.00,CE,NIFTY25JUN23000CE,988.95,995.25,950.00,983.30,984.55,1007.20,22913.15,983.30,383625,7450,848,1525140870.00,774,F1,75,,,,,
2025-02-20,2025-02-20,FO,NSE,IDO,51449,,NIFTY,,2025-06-26,2025-06-26,21000.00,CE,NIFTY25JUN21000CE,2509.65,2510.35,2492.00,2504.40,2510.35,2509.65,22913.15,2504.40,6075,4575,85,149841843.75,61,F1,75,,,,,
2025-02-20,2025-02-20,FO,NSE,IDO,79555,,NIFTY,,2025-04-24,2025-04-24,24150.00,CE,NIFTY25APR24150CE,0.00,0.00,0.00,190.00,190.00,190.00,22913.15,170.15,1125,0,0,0.00,0,F1,75,,,,,
2025-02-20,2025-02-20,FO,NSE,IDO,79444,,NIFTY,,2025-04-24,2025-04-24,23300.00,CE,NIFTY25APR23300CE,498.20,498.20,450.05,473.30,473.75,505.40,22913.15,473.30,60375,-1125,69,123045821.25,37,F1,75,,,,,
2025-02-20,2025-02-20,FO,NSE,IDO,79409,,NIFTY,,2025-04-24,2025-04-24,22750.00,CE,NIFTY25APR22750CE,800.00,800.00,800.00,800.00,800.00,830.00,22913.15,736.50,1875,75,1,1766250.00,1,F1,75,,,,,
2025-02-20,2025-02-20,FO,NSE,IDO,79396,,NIFTY,,2025-04-24,2025-04-24,22600.00,CE,NIFTY25APR22600CE,0.00,0.00,0.00,958.80,958.80,958.80,22913.15,831.75,1050,0,0,0.00,0,F1,75,,,,,
2025-02-20,2025-02-20,FO,NSE,IDO,79394,,NIFTY,,2025-04-24,2025-04-24,22550.00,CE,NIFTY25APR22550CE,0.00,0.00,0.00,1365.75,0.00,1365.75,22913.15,864.95,0,0,0,0.00,0,F1,75,,,,,
2025-02-20,2025-02-20,FO,NSE,IDO,79272,,NIFTY,,2025-04-24,2025-04-24,21900.00,CE,NIFTY25APR21900CE,0.00,0.00,0.00,1861.60,0.00,1861.60,22913.15,1356.00,0,0,0,0.00,0,F1,75,,,,,
2025-02-20,2025-02-20,FO,NSE,IDO,79247,,NIFTY,,2025-04-24,2025-04-24,21300.00,CE,NIFTY25APR21300CE,0.00,0.00,0.00,2374.35,0.00,2374.35,22913.15,1884.50,0,0,0,0.00,0,F1,75,,,,,
2025-02-20,2025-02-20,FO,NSE,IDO,64592,,NIFTY,,2025-03-27,2025-03-27,31000.00,CE,NIFTY25MAR31000CE,3.85,3.95,3.30,3.65,3.60,3.80,22913.15,3.65,1971775,46625,3396,7896623403.75,887,F1,75,,,,,
2025-02-20,2025-02-20,FO,NSE,IDO,64582,,NIFTY,,2025-03-27,2025-03-27,29000.00,CE,NIFTY25MAR29000CE,4.05,4.05,3.55,3.70,3.70,3.85,22913.15,3.70,305825,1500,671,1459613636.25,292,F1,75,,,,,
2025-02-20,2025-02-20,FO,NSE,IDO,64578,,NIFTY,,2025-03-27,2025-03-27,28000.00,CE,NIFTY25MAR28000CE,4.10,4.70,3.70,4.25,4.25,4.35,22913.15,4.25,411350,-6975,635,1333693395.00,183,F1,75,,,,,
2025-02-20,2025-02-20,FO,NSE,IDO,58786,,NIFTY,,2025-03-27,2025-03-27,25850.00,CE,NIFTY25MAR25850CE,6.60,7.40,6.60,7.20,7.25,8.25,22913.15,7.20,6300,1500,56,108600078.75,23,F1,75,,,,,
2025-02-20,2025-02-20,FO,NSE,IDO,56894,,NIFTY,,2025-03-27,2025-03-27,25750.00,CE,NIFTY25MAR25750CE,7.60,7.60,6.90,7.45,7.45,9.30,22913.15,7.45,3975,150,31,59886052.50,13,F1,75,,,,,
2025-02-20,2025-02-20,FO,NSE,IDO,56884,,NIFTY,,2025-03-27,2025-03-27,25500.00,CE,NIFTY25MAR25500CE,9.15,9.30,7.55,7.85,7.80,9.10,22913.15,7.85,535800,43950,4862,9301505816.25,1876,F1,75,,,,,
2025-02-20,2025-02-20,FO,NSE,IDO,56878,,NIFTY,,2025-03-27,2025-03-27,25350.00,CE,NIFTY25MAR25350CE,11.80,11.85,11.80,11.85,11.85,10.85,22913.15,3.60,8100,75,2,3804273.75,2,F1,75,,,,,
2025-02-20,2025-02-20,FO,NSE,IDO,56870,,NIFTY,,2025-03-27,2025-03-27,25150.00,CE,NIFTY25MAR25150CE,13.50,13.50,10.05,10.75,10.45,15.20,22913.15,10.75,7050,-1275,62,116997581.25,24,F1,75,,,,,
2025-02-20,2025-02-20,FO,NSE,IDO,47040,,NIFTY,,2025-03-27,2025-03-27,22750.00,CE,NIFTY25MAR22750CE,587.95,600.85,560.00,585.40,584.95,624.80,22913.15,585.40,36525,2250,95,166269048.75,77,F1,75,,,,,
2025-02-20,2025-02-20,FO,NSE,IDO,47025,,NIFTY,,2025-03-27,2025-03-27,22650.00,CE,NIFTY25MAR22650CE,656.95,670.00,628.20,645.10,643.45,700.00,22913.15,645.10,39675,1650,78,136287371.25,74,F1,75,,,,,
2025-02-20,2025-02-20,FO,NSE,IDO,47017,,NIFTY,,2025-03-27,2025-03-27,22600.00,CE,NIFTY25MAR22600CE,692.45,707.50,657.00,688.65,678.15,727.00,22913.15,688.65,37500,-4275,772,1348456398.75,452,F1,75,,,,,
2025-02-20,2025-02-20,FO,NSE,IDO,46994,,NIFTY,,2025-03-27,2025-03-27,22450.00,CE,NIFTY25MAR22450CE,810.00,810.00,810.00,810.00,810.00,830.00,22913.15,748.15,225,0,1,1744500.00,1,F1,75,,,,,
2025-02-20,2025-02-20,FO,NSE,IDO,46986,,NIFTY,,2025-03-27,2025-03-27,22300.00,CE,NIFTY25MAR22300CE,902.00,927.70,898.50,925.00,925.00,927.70,22913.15,861.45,11100,2250,46,80075606.25,26,F1,75,,,,,
2025-02-20,2025-02-20,FO,NSE,IDO,46908,,NIFTY,,2025-03-27,2025-03-27,21750.00,CE,NIFTY25MAR21750CE,0.00,0.00,0.00,1902.25,1902.25,1902.25,22913.15,1330.75,0,0,0,0.00,0,F1,75,,,,,
2025-02-20,2025-02-20,FO,NSE,IDO,46892,,NIFTY,,2025-03-27,2025-03-27,21650.00,CE,NIFTY25MAR21650CE,0.00,0.00,0.00,2563.90,0.00,2563.90,22913.15,1422.85,0,0,0,0.00,0,F1,75,,,,,
2025-02-20,2025-02-20,FO,NSE,IDO,46888,,NIFTY,,2025-03-27,2025-03-27,21600.00,CE,NIFTY25MAR21600CE,1482.35,1525.00,1482.35,1513.70,1514.50,1481.45,22913.15,1513.70,4425,2925,42,72793128.75,23,F1,75,,,,,
2025-02-20,2025-02-20,FO,NSE,IDO,46868,,NIFTY,,2025-03-27,2025-03-27,21350.00,CE,NIFTY25MAR21350CE,0.00,0.00,0.00,2834.95,0.00,2834.95,22913.15,1706.75,0,0,0,0.00,0,F1,75,,,,,
2025-02-20,2025-02-20,FO,NSE,IDO,46854,,NIFTY,,2025-03-27,2025-03-27,21250.00,CE,NIFTY25MAR21250CE,0.00,0.00,0.00,2926.85,0.00,2926.85,22913.15,1803.30,0,0,0,0.00,0,F1,75,,,,,
2025-02-20,2025-02-20,FO,NSE,IDO,50301,,NIFTY,,2025-03-20,2025-03-20,24450.00,CE,NIFTY2532024450CE,0.00,0.00,0.00,30.50,30.50,30.50,22913.15,19.00,150,0,0,0.00,0,F1,75,,,,,
2025-02-20,2025-02-20,FO,NSE,IDO,50275,,NIFTY,,2025-03-20,2025-03-20,24000.00,CE,NIFTY2532024000CE,65.45,65.45,50.55,53.85,50.55,67.45,22913.15,53.85,35100,25950,605,1091621295.00,201,F1,75,,,,,
2025-02-20,2025-02-20,FO,NSE,IDO,50231,,NIFTY,,2025-03-20,2025-03-20,23200.00,CE,NIFTY2532023200CE,293.75,293.75,265.95,275.85,275.85,311.80,22913.15,275.85,1425,1050,22,38733960.00,19,F1,75,,,,,
2025-02-20,2025-02-20,FO,NSE,IDO,50227,,NIFTY,,2025-03-20,2025-03-20,23100.00,CE,NIFTY2532023100CE,334.40,338.25,332.10,338.25,338.25,374.20,22913.15,302.65,600,150,5,8787675.00,5,F1,75,,,,,
2025-02-20,2025-02-20,FO,NSE,IDO,50225,,NIFTY,,2025-03-20,2025-03-20,23050.00,CE,NIFTY2532023050CE,0.00,0.00,0.00,530.55,0.00,530.55,22913.15,326.05,0,0,0,0.00,0,F1,75,,,,,
2025-02-20,2025-02-20,FO,NSE,IDO,50217,,NIFTY,,2025-03-20,2025-03-20,22850.00,CE,NIFTY2532022850CE,470.20,470.20,470.20,470.20,470.20,532.75,22913.15,431.35,150,-75,1,1749015.00,1,F1,75,,,,,
2025-02-20,2025-02-20,FO,NSE,IDO,50203,,NIFTY,,2025-03-20,2025-03-20,22700.00,CE,NIFTY2532022700CE,568.00,568.00,564.00,564.00,564.00,738.50,22913.15,564.00,450,450,7,12213900.00,3,F1,75,,,,,
2025-02-20,2025-02-20,FO,NSE,IDO,50143,,NIFTY,,2025-03-20,2025-03-20,21900.00,CE,NIFTY2532021900CE,0.00,0.00,0.00,1351.90,0.00,1351.90,22913.15,1154.85,0,0,0,0.00,0,F1,75,,,,,
2025-02-20,2025-02-20,FO,NSE,IDO,50119,,NIFTY,,2025-03-20,2025-03-20,21450.00,CE,NIFTY2532021450CE,0.00,0.00,0.00,1756.95,0.00,1756.95,22913.15,1578.25,0,0,0,0.00,0,F1,75,,,,,
2025-02-20,2025-02-20,FO,NSE,IDO,45653,,NIFTY,,2025-03-13,2025-03-13,25300.00,CE,NIFTY2531325300CE,4.00,4.00,3.25,3.30,3.25,3.55,22913.15,3.30,5550,-675,43,81603915.00,14,F1,75,,,,,
2025-02-20,2025-02-20,FO,NSE,IDO,45597,,NIFTY,,2025-03-13,2025-03-13,24450.00,CE,NIFTY2531324450CE,11.00,15.95,10.90,10.90,10.90,214.35,22913.15,8.00,225,225,4,7338663.75,4,F1,75,,,,,
2025-02-20,2025-02-20,FO,NSE,IDO,45556,,NIFTY,,2025-03-13,2025-03-13,24150.00,CE,NIFTY2531324150CE,25.00,25.00,20.00,20.00,20.00,35.30,22913.15,20.00,3450,2100,55,99709260.00,14,F1,75,,,,,
2025-02-20,2025-02-20,FO,NSE,IDO,45546,,NIFTY,,2025-03-13,2025-03-13,23900.00,CE,NIFTY2531323900CE,52.15,53.70,37.90,37.95,37.90,53.70,22913.15,37.95,8775,7125,194,348355275.00,83,F1,75,,,,,
2025-02-20,2025-02-20,FO,NSE,IDO,45542,,NIFTY,,2025-03-13,2025-03-13,23800.00,CE,NIFTY2531323800CE,59.50,60.00,49.00,51.00,51.55,67.45,22913.15,51.00,9825,3375,152,271937077.50,87,F1,75,,,,,
2025-02-20,2025-02-20,FO,NSE,IDO,45440,,NIFTY,,2025-03-13,2025-03-13,22000.00,CE,NIFTY2531322000CE,0.00,0.00,0.00,1786.75,0.00,1786.75,22913.15,1022.00,0,0,0,0.00,0,F1,75,,,,,
2025-02-20,2025-02-20,FO,NSE,IDO,45428,,NIFTY,,2025-03-13,2025-03-13,21750.00,CE,NIFTY2531321750CE,0.00,0.00,0.00,2022.10,0.00,2022.10,22913.15,1255.85,0,0,0,0.00,0,F1,75,,,,,
2025-02-20,2025-02-20,FO,NSE,IDF,54452,,NIFTY,,2025-04-24,2025-04-24,,,NIFTY25APRFUT,23201.00,23241.85,23145.00,23226.45,23225.00,23247.00,22913.15,23226.45,452850,25350,1474,2565327656.25,1165,F1,75,,,,,
2025-02-20,2025-02-20,FO,NSE,IDO,63267,,NIFTY,,2025-02-20,2025-02-20,21700.00,CE,NIFTY2522021700CE,1165.00,1255.20,1165.00,1255.20,1255.20,1245.00,22913.15,22913.15,150,75,3,5155398.75,3,F1,75,,,,,
2025-02-20,2025-02-20,FO,NSE,IDO,63618,,NIFTY,,2025-02-20,2025-02-20,23400.00,CE,NIFTY2522023400CE,1.80,1.80,0.05,0.10,0.05,2.80,22913.15,22913.15,6773850,-1284525,2092311,3672112231455.00,383045,F1,75,,,,,
2025-02-20,2025-02-20,FO,NSE,IDO,63690,,NIFTY,,2025-02-20,2025-02-20,24200.00,CE,NIFTY2522024200CE,0.35,0.45,0.05,0.05,0.05,0.45,22913.15,22913.15,1241700,-662475,110022,199691968312.50,20563,F1,75,,,,,
2025-02-20,2025-02-20,FO,NSE,IDO,63803,,NIFTY,,2025-02-20,2025-02-20,24900.00,CE,NIFTY2522024900CE,0.30,0.40,0.05,0.10,0.05,0.45,22913.15,22913.15,300225,120450,10926,20404482521.25,2318,F1,75,,,,,
2025-02-20,2025-02-20,FO,NSE,IDO,63807,,NIFTY,,2025-02-20,2025-02-20,24950.00,CE,NIFTY2522024950CE,0.40,0.40,0.05,0.10,0.05,0.40,22913.15,22913.15,140625,99675,7971,14915863792.50,1514,F1,75,,,,,
2025-02-20,2025-02-20,FO,NSE,IDO,55593,,NIFTY,,2025-02-27,2025-02-27,21850.00,CE,NIFTY25FEB21850CE,0.00,0.00,0.00,1183.55,1187.60,1183.55,22913.15,1090.90,1200,0,0,0.00,0,F1,75,,,,,
2025-02-20,2025-02-20,FO,NSE,IDO,55639,,NIFTY,,2025-02-27,2025-02-27,23000.00,CE,NIFTY25FEB23000CE,146.20,149.75,117.00,133.25,130.00,171.90,22913.15,133.25,7405125,1859625,347061,602186392383.75,188346,F1,75,,,,,
2025-02-20,2025-02-20,FO,NSE,IDO,55645,,NIFTY,,2025-02-27,2025-02-27,23150.00,CE,NIFTY25FEB23150CE,85.00,90.75,68.30,74.80,73.95,107.85,22913.15,74.80,676200,238800,46827,81576174948.75,29852,F1,75,,,,,
2025-02-20,2025-02-20,FO,NSE,IDO,55649,,NIFTY,,2025-02-27,2025-02-27,23250.00,CE,NIFTY25FEB23250CE,61.00,62.60,44.05,48.15,47.25,75.60,22913.15,48.15,1056825,393900,67439,117854448705.00,40190,F1,75,,,,,
2025-02-20,2025-02-20,FO,NSE,IDO,57589,,NIFTY,,2025-02-27,2025-02-27,23700.00,CE,NIFTY25FEB23700CE,9.85,10.50,4.80,5.40,5.35,10.85,22913.15,5.40,3604800,1026075,137355,244212110778.75,49437,F1,75,,,,,
2025-02-20,2025-02-20,FO,NSE,IDO,89613,,NIFTY,,2029-06-28,2029-06-28,18000.00,PE,NIFTY29JUN18000PE,0.00,0.00,0.00,118.45,0.00,118.45,22913.15,55.35,0,0,0,0.00,0,F1,75,,,,,
2025-02-20,2025-02-20,FO,NSE,IDO,61747,,NIFTY,,2029-12-27,2029-12-27,23000.00,PE,NIFTY29DEC23000PE,0.00,0.00,0.00,900.00,900.00,900.00,22913.15,421.05,2700,0,0,0.00,0,F1,75,,,,,
2025-02-20,2025-02-20,FO,NSE,IDO,61773,,NIFTY,,2029-12-27,2029-12-27,25000.00,PE,NIFTY29DEC25000PE,0.00,0.00,0.00,785.30,0.00,785.30,22913.15,743.10,0,0,0,0.00,0,F1,75,,,,,
2025-02-20,2025-02-20,FO,NSE,IDO,71504,,NIFTY,,2026-12-31,2026-12-31,25000.00,PE,NIFTY26DEC25000PE,0.00,0.00,0.00,1400.05,1400.05,1400.05,22913.15,1277.00,525,0,0,0.00,0,F1,75,,,,,
2025-02-20,2025-02-20,FO,NSE,IDO,37810,,NIFTY,,2026-12-31,2026-12-31,23000.00,PE,NIFTY26DEC23000PE,851.20,875.00,851.20,875.00,875.00,810.05,22913.15,875.00,13425,75,3,5368965.00,3,F1,75,,,,,
2025-02-20,2025-02-20,FO,NSE,IDO,38157,,NIFTY,,2026-06-25,2026-06-25,29000.00,PE,NIFTY26JUN29000PE,0.00,0.00,0.00,5546.10,0.00,5546.10,22913.15,4003.50,0,0,0,0.00,0,F1,75,,,,,
2025-02-20,2025-02-20,FO,NSE,IDO,71403,,NIFTY,,2025-12-24,2025-12-24,26000.00,PE,NIFTY25DEC26000PE,2131.50,2131.50,2065.65,2074.80,2075.00,2060.65,22913.15,2074.80,146550,4025,163,343629761.25,122,F1,75,,,,,
2025-02-20,2025-02-20,FO,NSE,IDO,49178,,NIFTY,,2025-12-24,2025-12-24,16000.00,PE,NIFTY25DEC16000PE,0.00,0.00,0.00,20.25,20.25,20.25,22913.15,0.20,2125,0,0,0.00,0,F1,75,,,,,
2025-02-20,2025-02-20,FO,NSE,IDO,64697,,NIFTY,,2025-09-25,2025-09-25,26000.00,PE,NIFTY25SEP26000PE,0.00,0.00,0.00,812.55,0.00,812.55,22913.15,2368.65,0,0,0,0.00,0,F1,75,,,,,
2025-02-20,2025-02-20,FO,NSE,IDO,50321,,NIFTY,,2025-03-20,2025-03-20,24800.00,CE,NIFTY2532024800CE,11.00,13.30,8.70,10.65,10.65,12.55,22913.15,10.65,3075,375,16,29773410.00,10,F1,75,,,,,
2025-02-20,2025-02-20,FO,NSE,IDO,46842,,NIFTY,,2025-03-27,2025-03-27,21200.00,CE,NIFTY25MAR21200CE,0.00,0.00,0.00,2973.05,0.00,2973.05,22913.15,1851.85,0,0,0,0.00,0,F1,75,,,,,
2025-02-20,2025-02-20,FO,NSE,IDO,46878,,NIFTY,,2025-03-27,2025-03-27,21450.00,CE,NIFTY25MAR21450CE,0.00,0.00,0.00,2743.75,0.00,2743.75,22913.15,1611.05,0,0,0,0.00,0,F1,75,,,,,
2025-02-20,2025-02-20,FO,NSE,IDO,64685,,NIFTY,,2025-09-25,2025-09-25,20000.00,PE,NIFTY25SEP20000PE,0.00,0.00,0.00,22.80,0.00,22.80,22913.15,39.15,0,0,0,0.00,0,F1,75,,,,,
2025-02-20,2025-02-20,FO,NSE,IDO,79679,,NIFTY,,2025-04-24,2025-04-24,24850.00,PE,NIFTY25APR24850PE,0.00,0.00,0.00,1478.00,0.00,1478.00,22913.15,1723.90,0,0,0,0.00,0,F1,75,,,,,
2025-02-20,2025-02-20,FO,NSE,IDO,79641,,NIFTY,,2025-04-24,2025-04-24,24500.00,PE,NIFTY25APR24500PE,1389.00,1389.00,1322.20,1322.20,1322.20,1322.85,22913.15,1322.20,132750,-600,22,42638283.75,11,F1,75,,,,,
2025-02-20,2025-02-20,FO,NSE,IDO,79637,,NIFTY,,2025-04-24,2025-04-24,24400.00,PE,NIFTY25APR24400PE,0.00,0.00,0.00,1161.30,0.00,1161.30,22913.15,1337.15,0,0,0,0.00,0,F1,75,,,,,
2025-02-20,2025-02-20,FO,NSE,IDO,79633,,NIFTY,,2025-04-24,2025-04-24,24300.00,PE,NIFTY25APR24300PE,0.00,0.00,0.00,1170.00,1170.00,1170.00,22913.15,1255.80,150,0,0,0.00,0,F1,75,,,,,
2025-02-20,2025-02-20,FO,NSE,IDO,79516,,NIFTY,,2025-04-24,2025-04-24,23850.00,PE,NIFTY25APR23850PE,0.00,0.00,0.00,827.50,0.00,827.50,22913.15,916.30,0,0,0,0.00,0,F1,75,,,,,
2025-02-20,2025-02-20,FO,NSE,IDO,79508,,NIFTY,,2025-04-24,2025-04-24,23650.00,PE,NIFTY25APR23650PE,0.00,0.00,0.00,470.00,470.00,470.00,22913.15,781.45,75,0,0,0.00,0,F1,75,,,,,
2025-02-20,2025-02-20,FO,NSE,IDO,79500,,NIFTY,,2025-04-24,2025-04-24,23450.00,PE,NIFTY25APR23450PE,0.00,0.00,0.00,520.00,520.00,520.00,22913.15,657.70,75,0,0,0.00,0,F1,75,,,,,
2025-02-20,2025-02-20,FO,NSE,IDO,79489,,NIFTY,,2025-04-24,2025-04-24,23400.00,PE,NIFTY25APR23400PE,604.15,618.95,582.45,584.20,586.25,595.45,22913.15,584.20,6825,525,37,66587025.00,23,F1,75,,,,,
2025-02-20,2025-02-20,FO,NSE,IDO,79427,,NIFTY,,2025-04-24,2025-04-24,22950.00,PE,NIFTY25APR22950PE,402.95,402.95,402.95,402.95,402.95,403.05,22913.15,402.95,2175,75,1,1751471.25,1,F1,75,,,,,
2025-02-20,2025-02-20,FO,NSE,IDO,79385,,NIFTY,,2025-04-24,2025-04-24,22350.00,PE,NIFTY25APR22350PE,0.00,0.00,0.00,231.55,231.55,231.55,22913.15,192.25,1500,0,0,0.00,0,F1,75,,,,,
2025-02-20,2025-02-20,FO,NSE,IDO,64591,,NIFTY,,2025-03-27,2025-03-27,30000.00,PE,NIFTY25MAR30000PE,6850.00,6850.00,6850.00,6850.00,6850.00,6870.00,22913.15,6900.45,29475,0,1,2763750.00,1,F1,75,,,,,
2025-02-20,2025-02-20,FO,NSE,IDO,59770,,NIFTY,,2025-03-27,2025-03-27,25950.00,PE,NIFTY25MAR25950PE,0.00,0.00,0.00,1944.95,0.00,1944.95,22913.15,2876.20,0,0,0,0.00,0,F1,75,,,,,
2025-02-20,2025-02-20,FO,NSE,IDO,56879,,NIFTY,,2025-03-27,2025-03-27,25350.00,PE,NIFTY25MAR25350PE,0.00,0.00,0.00,1487.00,0.00,1487.00,22913.15,2282.95,0,0,0,0.00,0,F1,75,,,,,
2025-02-20,2025-02-20,FO,NSE,IDO,56867,,NIFTY,,2025-03-27,2025-03-27,25050.00,PE,NIFTY25MAR25050PE,0.00,0.00,0.00,1278.65,0.00,1278.65,22913.15,1989.30,0,0,0,0.00,0,F1,75,,,,,
2025-02-20,2025-02-20,FO,NSE,IDO,56535,,NIFTY,,2025-03-27,2025-03-27,24650.00,PE,NIFTY25MAR24650PE,0.00,0.00,0.00,1025.20,0.00,1025.20,22913.15,1605.20,0,0,0,0.00,0,F1,75,,,,,
2025-02-20,2025-02-20,FO,NSE,IDO,55103,,NIFTY,,2025-03-27,2025-03-27,24250.00,PE,NIFTY25MAR24250PE,0.00,0.00,0.00,1135.25,1135.25,1135.25,22913.15,1237.75,14175,0,0,0.00,0,F1,75,,,,,
2025-02-20,2025-02-20,FO,NSE,IDO,54728,,NIFTY,,2025-03-27,2025-03-27,24100.00,PE,NIFTY25MAR24100PE,1120.00,1120.00,1080.00,1080.00,1080.00,1070.80,22913.15,1106.75,27825,-75,13,24554550.00,6,F1,75,,,,,
2025-02-20,2025-02-20,FO,NSE,IDO,51119,,NIFTY,,2025-03-27,2025-03-27,23300.00,PE,NIFTY25MAR23300PE,549.55,565.50,487.95,492.95,494.05,507.85,22913.15,492.95,197700,28500,1838,3282831123.75,1287,F1,75,,,,,
2025-02-20,2025-02-20,FO,NSE,IDO,48191,,NIFTY,,2025-03-27,2025-03-27,22800.00,PE,NIFTY25MAR22800PE,309.20,327.95,267.90,271.35,273.50,289.35,22913.15,271.35,598650,128625,8760,15170730731.25,5480,F1,75,,,,,
2025-02-20,2025-02-20,FO,NSE,IDO,46927,,NIFTY,,2025-03-27,2025-03-27,21850.00,PE,NIFTY25MAR21850PE,86.70,86.70,69.10,70.20,71.40,83.75,22913.15,70.20,12000,1200,105,172633402.50,41,F1,75,,,,,
2025-02-20,2025-02-20,FO,NSE,IDO,46901,,NIFTY,,2025-03-27,2025-03-27,21700.00,PE,NIFTY25MAR21700PE,72.05,74.95,54.65,55.85,56.10,67.60,22913.15,55.85,273525,9525,2533,4134094668.75,1650,F1,75,,,,,
2025-02-20,2025-02-20,FO,NSE,IDO,46877,,NIFTY,,2025-03-27,2025-03-27,21400.00,PE,NIFTY25MAR21400PE,50.05,50.05,35.15,35.90,36.85,45.30,22913.15,35.90,198525,4275,1370,2202918851.25,712,F1,75,,,,,
2025-02-20,2025-02-20,FO,NSE,IDO,64561,,NIFTY,,2025-03-27,2025-03-27,21000.00,PE,NIFTY25MAR21000PE,30.45,31.30,22.65,23.35,23.25,29.55,22913.15,23.35,3047425,227175,18225,28739677646.25,8602,F1,75,,,,,
2025-02-20,2025-02-20,FO,NSE,IDO,50304,,NIFTY,,2025-03-20,2025-03-20,24500.00,PE,NIFTY2532024500PE,0.00,0.00,0.00,1381.50,0.00,1381.50,22913.15,1481.65,0,0,0,0.00,0,F1,75,,,,,
2025-02-20,2025-02-20,FO,NSE,IDO,50286,,NIFTY,,2025-03-20,2025-03-20,24200.00,PE,NIFTY2532024200PE,0.00,0.00,0.00,1130.90,0.00,1130.90,22913.15,1202.10,0,0,0,0.00,0,F1,75,,,,,
2025-02-20,2025-02-20,FO,NSE,IDO,50185,,NIFTY,,2025-03-20,2025-03-20,22450.00,PE,NIFTY2532022450PE,0.00,0.00,0.00,176.65,0.00,176.65,22913.15,121.30,0,0,0,0.00,0,F1,75,,,,,
2025-02-20,2025-02-20,FO,NSE,IDO,50120,,NIFTY,,2025-03-20,2025-03-20,21450.00,PE,NIFTY2532021450PE,0.00,0.00,0.00,28.15,0.00,28.15,22913.15,8.40,0,0,0,0.00,0,F1,75,,,,,
2025-02-20,2025-02-20,FO,NSE,IDO,45647,,NIFTY,,2025-03-13,2025-03-13,25150.00,PE,NIFTY2531325150PE,0.00,0.00,0.00,1450.95,0.00,1450.95,22913.15,2143.55,0,0,0,0.00,0,F1,75,,,,,
2025-02-20,2025-02-20,FO,NSE,IDO,45635,,NIFTY,,2025-03-13,2025-03-13,24900.00,PE,NIFTY2531324900PE,0.00,0.00,0.00,1239.10,0.00,1239.10,22913.15,1895.50,0,0,0,0.00,0,F1,75,,,,,
2025-02-20,2025-02-20,FO,NSE,IDO,45547,,NIFTY,,2025-03-13,2025-03-13,23900.00,PE,NIFTY2531323900PE,0.00,0.00,0.00,541.10,0.00,541.10,22913.15,939.10,0,0,0,0.00,0,F1,75,,,,,
2025-02-20,2025-02-20,FO,NSE,IDO,45545,,NIFTY,,2025-03-13,2025-03-13,23850.00,PE,NIFTY2531323850PE,0.00,0.00,0.00,514.00,0.00,514.00,22913.15,895.15,0,0,0,0.00,0,F1,75,,,,,
2025-02-20,2025-02-20,FO,NSE,IDO,45537,,NIFTY,,2025-03-13,2025-03-13,23650.00,PE,NIFTY2531323650PE,0.00,0.00,0.00,414.05,0.00,414.05,22913.15,726.60,0,0,0,0.00,0,F1,75,,,,,
2025-02-20,2025-02-20,FO,NSE,IDO,45535,,NIFTY,,2025-03-13,2025-03-13,23600.00,PE,NIFTY2531323600PE,0.00,0.00,0.00,430.00,430.00,430.00,22913.15,686.50,75,0,0,0.00,0,F1,75,,,,,
2025-02-20,2025-02-20,FO,NSE,IDO,45520,,NIFTY,,2025-03-13,2025-03-13,23300.00,PE,NIFTY2531323300PE,480.00,522.65,444.60,444.60,444.60,451.85,22913.15,467.60,3825,75,50,89132092.50,22,F1,75,,,,,
2025-02-20,2025-02-20,FO,NSE,IDO,45481,,NIFTY,,2025-03-13,2025-03-13,22800.00,PE,NIFTY2531322800PE,239.95,259.20,202.50,205.15,208.05,220.00,22913.15,205.15,16500,6975,279,481948766.25,121,F1,75,,,,,
2025-02-20,2025-02-20,FO,NSE,IDO,45475,,NIFTY,,2025-03-13,2025-03-13,22650.00,PE,NIFTY2531322650PE,175.90,175.90,152.05,157.05,159.00,175.90,22913.15,157.05,525,150,11,18817571.25,10,F1,75,,,,,
2025-02-20,2025-02-20,FO,NSE,IDO,45457,,NIFTY,,2025-03-13,2025-03-13,22250.00,PE,NIFTY2531322250PE,0.00,0.00,0.00,109.05,109.05,109.05,22913.15,55.80,600,0,0,0.00,0,F1,75,,,,,
2025-02-20,2025-02-20,FO,NSE,IDO,68723,,NIFTY,,2025-03-06,2025-03-06,25300.00,PE,NIFTY2530625300PE,0.00,0.00,0.00,2205.00,2205.00,2205.00,22913.15,2323.85,75,0,0,0.00,0,F1,75,,,,,
2025-02-20,2025-02-20,FO,NSE,IDO,68636,,NIFTY,,2025-03-06,2025-03-06,24850.00,PE,NIFTY2530624850PE,0.00,0.00,0.00,1758.90,1759.50,1758.90,22913.15,1875.20,375,0,0,0.00,0,F1,75,,,,,
2025-02-20,2025-02-20,FO,NSE,IDO,68611,,NIFTY,,2025-03-06,2025-03-06,24300.00,PE,NIFTY2530624300PE,0.00,0.00,0.00,1233.60,1233.05,1233.60,22913.15,1329.70,525,0,0,0.00,0,F1,75,,,,,
2025-02-20,2025-02-20,FO,NSE,IDO,68601,,NIFTY,,2025-03-06,2025-03-06,24150.00,PE,NIFTY2530624150PE,0.00,0.00,0.00,1099.65,1099.65,1099.65,22913.15,1183.10,450,0,0,0.00,0,F1,75,,,,,
2025-02-20,2025-02-20,FO,NSE,IDO,68479,,NIFTY,,2025-03-06,2025-03-06,23250.00,PE,NIFTY2530623250PE,408.50,431.40,381.05,386.40,388.40,393.55,22913.15,386.40,6675,-2550,116,205743806.25,95,F1,75,,,,,
2025-02-20,2025-02-20,FO,NSE,IDO,68404,,NIFTY,,2025-03-06,2025-03-06,21700.00,PE,NIFTY2530621700PE,15.00,17.30,9.80,10.05,10.60,15.00,22913.15,10.05,165825,127950,4209,6853757857.50,1817,F1,75,,,,,
2025-02-20,2025-02-20,FO,NSE,IDO,68383,,NIFTY,,2025-03-06,2025-03-06,21250.00,PE,NIFTY2530621250PE,5.40,7.95,4.00,4.05,4.05,5.15,22913.15,4.05,4800,-975,110,175351526.25,58,F1,75,,,,,
2025-02-20,2025-02-20,FO,NSE,IDO,57703,,NIFTY,,2025-02-27,2025-02-27,26300.00,PE,NIFTY25FEB26300PE,0.00,0.00,0.00,3404.95,3404.95,3404.95,22913.15,3354.10,7200,0,0,0.00,0,F1,75,,,,,
2025-02-20,2025-02-20,FO,NSE,IDO,57676,,NIFTY,,2025-02-27,2025-02-27,25800.00,PE,NIFTY25FEB25800PE,2875.00,2885.10,2847.30,2859.40,2854.00,2790.00,22913.15,2859.40,21150,-19950,321,690393236.25,111,F1,75,,,,,
2025-02-20,2025-02-20,FO,NSE,IDO,57648,,NIFTY,,2025-02-27,2025-02-27,25100.00,PE,NIFTY25FEB25100PE,2200.00,2200.00,2152.15,2156.65,2156.65,2145.95,22913.15,2156.65,9525,-450,14,28638457.50,14,F1,75,,,,,
2025-02-20,2025-02-20,FO,NSE,IDO,57636,,NIFTY,,2025-02-27,2025-02-27,24850.00,PE,NIFTY25FEB24850PE,0.00,0.00,0.00,1846.40,1846.40,1846.40,22913.15,1905.90,75,0,0,0.00,0,F1,75,,,,,
2025-02-20,2025-02-20,FO,NSE,IDO,57608,,NIFTY,,2025-02-27,2025-02-27,24150.00,PE,NIFTY25FEB24150PE,1260.30,1260.30,1200.90,1213.15,1213.15,1175.60,22913.15,1207.10,137250,-150,5,9512028.75,5,F1,75,,,,,
2025-02-20,2025-02-20,FO,NSE,IDO,55654,,NIFTY,,2025-02-27,2025-02-27,23350.00,PE,NIFTY25FEB23350PE,485.00,522.95,426.40,436.30,447.65,436.85,22913.15,436.30,96450,-7050,1145,2044369747.50,654,F1,75,,,,,
2025-02-20,2025-02-20,FO,NSE,IDO,55652,,NIFTY,,2025-02-27,2025-02-27,23300.00,PE,NIFTY25FEB23300PE,459.90,480.00,382.00,395.05,402.75,396.65,22913.15,395.05,1283625,29175,12044,21418451733.75,6803,F1,75,,,,,
2025-02-20,2025-02-20,FO,NSE,IDO,55634,,NIFTY,,2025-02-27,2025-02-27,22850.00,PE,NIFTY25FEB22850PE,173.50,188.90,117.35,122.60,127.00,141.55,22913.15,122.60,1133250,720075,112966,194796905580.00,63575,F1,75,,,,,
2025-02-20,2025-02-20,FO,NSE,IDO,55624,,NIFTY,,2025-02-27,2025-02-27,22600.00,PE,NIFTY25FEB22600PE,83.85,91.10,48.75,51.15,54.00,68.25,22913.15,51.15,2565300,1230525,120673,205091213542.50,63374,F1,75,,,,,
2025-02-20,2025-02-20,FO,NSE,IDO,64004,,NIFTY,,2025-02-20,2025-02-20,25500.00,PE,NIFTY2522025500PE,2640.00,2640.00,2500.00,2588.00,2595.25,2571.90,22913.15,22913.15,10425,-6975,245,516363135.00,129,F1,75,,,,,
2025-02-20,2025-02-20,FO,NSE,IDO,64000,,NIFTY,,2025-02-20,2025-02-20,25400.00,PE,NIFTY2522025400PE,2490.00,2511.40,2490.00,2490.70,2490.70,2445.00,22913.15,22913.15,150,-225,5,10460407.50,3,F1,75,,,,,
2025-02-20,2025-02-20,FO,NSE,IDO,63699,,NIFTY,,2025-02-20,2025-02-20,24300.00,PE,NIFTY2522024300PE,1433.30,1450.00,1385.70,1388.00,1388.55,1359.25,22913.15,22913.15,5925,-19725,299,576256950.00,123,F1,75,,,,,
2025-02-20,2025-02-20,FO,NSE,IDO,63673,,NIFTY,,2025-02-20,2025-02-20,23800.00,PE,NIFTY2522023800PE,926.85,975.00,880.00,888.50,887.00,865.35,22913.15,22913.15,34425,-26625,808,1497044906.25,481,F1,75,,,,,
2025-02-20,2025-02-20,FO,NSE,IDO,63637,,NIFTY,,2025-02-20,2025-02-20,23550.00,PE,NIFTY2522023550PE,682.95,732.45,625.00,638.10,637.40,607.90,22913.15,22913.15,22950,-3075,316,573607976.25,191,F1,75,,,,,
2025-02-20,2025-02-20,FO,NSE,IDO,63623,,NIFTY,,2025-02-20,2025-02-20,23500.00,PE,NIFTY2522023500PE,630.05,681.85,570.00,586.60,587.55,564.40,22913.15,22913.15,179625,-163800,8074,14598232436.25,4599,F1,75,,,,,
2025-02-20,2025-02-20,FO,NSE,IDO,63621,,NIFTY,,2025-02-20,2025-02-20,23450.00,PE,NIFTY2522023450PE,570.00,632.05,527.45,538.90,536.15,516.50,22913.15,22913.15,43800,-4725,394,709502010.00,323,F1,75,,,,,
2025-02-20,2025-02-20,FO,NSE,IDO,67778,,NIFTY,,2028-12-28,2028-12-28,22000.00,CE,NIFTY28DEC22000CE,0.00,0.00,0.00,6932.45,0.00,6932.45,22913.15,6132.10,0,0,0,0.00,0,F1,75,,,,,
2025-02-20,2025-02-20,FO,NSE,IDO,67774,,NIFTY,,2028-12-28,2028-12-28,20000.00,CE,NIFTY28DEC20000CE,0.00,0.00,0.00,8115.50,0.00,8115.50,22913.15,7496.40,0,0,0,0.00,0,F1,75,,,,,
2025-02-20,2025-02-20,FO,NSE,IDO,86153,,NIFTY,,2028-06-29,2028-06-29,25000.00,CE,NIFTY28JUN25000CE,0.00,0.00,0.00,3545.15,0.00,3545.15,22913.15,3785.05,0,0,0,0.00,0,F1,75,,,,,
2025-02-20,2025-02-20,FO,NSE,IDO,53631,,NIFTY,,2027-12-30,2027-12-30,27000.00,CE,NIFTY27DEC27000CE,0.00,0.00,0.00,2889.80,0.00,2889.80,22913.15,2284.15,0,0,0,0.00,0,F1,75,,,,,
2025-02-20,2025-02-20,FO,NSE,IDO,71472,,NIFTY,,2026-06-25,2026-06-25,24000.00,CE,NIFTY26JUN24000CE,1920.00,1920.00,1920.00,1920.00,1920.00,1920.00,22913.15,1887.20,675,0,1,1944000.00,1,F1,75,,,,,
2025-02-20,2025-02-20,FO,NSE,IDO,39987,,NIFTY,,2025-12-24,2025-12-24,19000.00,CE,NIFTY25DEC19000CE,0.00,0.00,0.00,4900.00,4900.00,4900.00,22913.15,4946.00,6500,0,0,0.00,0,F1,75,,,,,
2025-02-20,2025-02-20,FO,NSE,IDO,58618,,NIFTY,,2025-06-26,2025-06-26,22000.00,CE,NIFTY25JUN22000CE,1660.60,1691.30,1640.00,1678.25,1673.90,1703.55,22913.15,1678.25,109200,6075,154,273434673.75,135,F1,75,,,,,
2025-02-20,2025-02-20,FO,NSE,IDO,79687,,NIFTY,,2025-04-24,2025-04-24,24900.00,CE,NIFTY25APR24900CE,51.00,51.00,47.45,50.95,50.95,57.80,22913.15,50.95,2850,450,10,18711866.25,7,F1,75,,,,,
2025-02-20,2025-02-20,FO,NSE,IDO,63220,,NIFTY,,2025-02-20,2025-02-20,21550.00,CE,NIFTY2522021550CE,0.00,0.00,0.00,1360.90,1360.90,1360.90,22913.15,22913.15,225,0,0,0.00,0,F1,75,,,,,
2025-02-20,2025-02-20,FO,NSE,IDO,63279,,NIFTY,,2025-02-20,2025-02-20,21850.00,CE,NIFTY2522021850CE,0.00,0.00,0.00,1653.50,0.00,1653.50,22913.15,22913.15,0,0,0,0.00,0,F1,75,,,,,
2025-02-20,2025-02-20,FO,NSE,IDO,63291,,NIFTY,,2025-02-20,2025-02-20,22050.00,CE,NIFTY2522022050CE,848.30,865.55,848.30,863.75,865.55,880.75,22913.15,22913.15,3300,75,6,10309068.75,6,F1,75,,,,,
2025-02-20,2025-02-20,FO,NSE,IDO,63303,,NIFTY,,2025-02-20,2025-02-20,22200.00,CE,NIFTY2522022200CE,686.75,717.80,624.00,715.10,712.60,738.75,22913.15,22913.15,5325,-3900,270,463540976.25,163,F1,75,,,,,
2025-02-20,2025-02-20,FO,NSE,IDO,63526,,NIFTY,,2025-02-20,2025-02-20,23000.00,CE,NIFTY2522023000CE,26.40,37.35,0.05,0.20,0.05,54.55,22913.15,22913.15,8826150,1334550,9940772,17154939381633.75,2348019,F1,75,,,,,
2025-02-20,2025-02-20,FO,NSE,IDO,63608,,NIFTY,,2025-02-20,2025-02-20,23250.00,CE,NIFTY2522023250CE,5.00,5.00,0.05,0.10,0.05,8.35,22913.15,22913.15,3686925,300525,2149656,3748756418970.00,373658,F1,75,,,,,
2025-02-20,2025-02-20,FO,NSE,IDO,63684,,NIFTY,,2025-02-20,2025-02-20,24050.00,CE,NIFTY2522024050CE,0.30,0.50,0.05,0.10,0.05,0.50,22913.15,22913.15,568050,-159975,88916,160384237038.75,15090,F1,75,,,,,
2025-02-20,2025-02-20,FO,NSE,IDO,63686,,NIFTY,,2025-02-20,2025-02-20,24100.00,CE,NIFTY2522024100CE,0.30,0.50,0.05,0.05,0.05,0.50,22913.15,22913.15,778575,-557475,95975,173476723368.75,15565,F1,75,,,,,
2025-02-20,2025-02-20,FO,NSE,IDO,63700,,NIFTY,,2025-02-20,2025-02-20,24350.00,CE,NIFTY2522024350CE,0.30,0.80,0.05,0.10,0.05,0.40,22913.15,22913.15,283125,18975,21256,38819174235.00,4129,F1,75,,,,,
2025-02-20,2025-02-20,FO,NSE,IDO,64003,,NIFTY,,2025-02-20,2025-02-20,25500.00,CE,NIFTY2522025500CE,0.25,0.40,0.05,0.05,0.05,0.45,22913.15,22913.15,4405725,-3079050,250008,478143268841.25,31959,F1,75,,,,,
2025-02-20,2025-02-20,FO,NSE,IDO,55589,,NIFTY,,2025-02-27,2025-02-27,21750.00,CE,NIFTY25FEB21750CE,0.00,0.00,0.00,1286.50,1290.30,1286.50,22913.15,1190.45,150,0,0,0.00,0,F1,75,,,,,
2025-02-20,2025-02-20,FO,NSE,IDO,55637,,NIFTY,,2025-02-27,2025-02-27,22950.00,CE,NIFTY25FEB22950CE,180.00,180.00,137.60,157.65,154.70,197.65,22913.15,157.65,934800,446550,94132,163145009268.75,53997,F1,75,,,,,
2025-02-20,2025-02-20,FO,NSE,IDO,57591,,NIFTY,,2025-02-27,2025-02-27,23750.00,CE,NIFTY25FEB23750CE,8.60,8.60,3.95,4.35,4.35,8.85,22913.15,4.35,718050,-51675,49360,87941610558.75,16865,F1,75,,,,,
2025-02-20,2025-02-20,FO,NSE,IDO,57613,,NIFTY,,2025-02-27,2025-02-27,24300.00,CE,NIFTY25FEB24300CE,1.55,2.50,1.25,1.40,1.35,2.10,22913.15,1.40,1687800,577200,57820,105384314137.50,14149,F1,75,,,,,
2025-02-20,2025-02-20,FO,NSE,IDO,57635,,NIFTY,,2025-02-27,2025-02-27,24850.00,CE,NIFTY25FEB24850CE,1.60,1.95,1.05,1.15,1.05,1.60,22913.15,1.15,49050,150,1337,2491986135.00,630,F1,75,,,,,
2025-02-20,2025-02-20,FO,NSE,IDO,57657,,NIFTY,,2025-02-27,2025-02-27,25350.00,CE,NIFTY25FEB25350CE,1.65,1.90,1.00,1.10,1.00,1.45,22913.15,1.10,18225,1875,760,1445035050.00,360,F1,75,,,,,
2025-02-20,2025-02-20,FO,NSE,IDO,57659,,NIFTY,,2025-02-27,2025-02-27,25400.00,CE,NIFTY25FEB25400CE,1.45,1.80,1.05,1.15,1.35,1.50,22913.15,1.15,142575,33750,4926,9384531015.00,1675,F1,75,,,,,
2025-02-20,2025-02-20,FO,NSE,IDO,57679,,NIFTY,,2025-02-27,2025-02-27,25900.00,CE,NIFTY25FEB25900CE,1.65,1.75,0.95,1.10,1.00,1.35,22913.15,1.10,115650,5625,3246,6305668642.50,1009,F1,75,,,,,
2025-02-20,2025-02-20,FO,NSE,IDO,57699,,NIFTY,,2025-02-27,2025-02-27,26250.00,CE,NIFTY25FEB26250CE,1.65,1.65,0.95,1.05,0.95,1.35,22913.15,1.05,19200,7500,345,679251262.50,168,F1,75,,,,,
2025-02-20,2025-02-20,FO,NSE,IDO,68382,,NIFTY,,2025-03-06,2025-03-06,21250.00,CE,NIFTY2530621250CE,0.00,0.00,0.00,2153.05,0.00,2153.05,22913.15,1716.30,0,0,0,0.00,0,F1,75,,,,,
2025-02-20,2025-02-20,FO,NSE,IDO,68421,,NIFTY,,2025-03-06,2025-03-06,22100.00,CE,NIFTY2530622100CE,0.00,0.00,0.00,988.95,988.95,988.95,22913.15,886.05,75,0,0,0.00,0,F1,75,,,,,
2025-02-20,2025-02-20,FO,NSE,IDO,68432,,NIFTY,,2025-03-06,2025-03-06,22350.00,CE,NIFTY2530622350CE,0.00,0.00,0.00,731.35,731.20,731.35,22913.15,663.35,675,0,0,0.00,0,F1,75,,,,,
2025-02-20,2025-02-20,FO,NSE,IDO,68446,,NIFTY,,2025-03-06,2025-03-06,22500.00,CE,NIFTY2530622500CE,564.95,587.00,525.25,568.65,561.60,610.85,22913.15,568.65,118050,84300,2047,3541445062.50,1191,F1,75,,,,,
2025-02-20,2025-02-20,FO,NSE,IDO,68484,,NIFTY,,2025-03-06,2025-03-06,23400.00,CE,NIFTY2530623400CE,95.00,97.65,78.60,82.15,82.35,108.35,22913.15,82.15,162375,31575,5580,9829096623.75,3177,F1,75,,,,,
2025-02-20,2025-02-20,FO,NSE,IDO,68576,,NIFTY,,2025-03-06,2025-03-06,23550.00,CE,NIFTY2530623550CE,60.00,63.40,49.05,50.90,50.30,71.40,22913.15,50.90,39975,23625,1186,2099678508.75,484,F1,75,,,,,
2025-02-20,2025-02-20,FO,NSE,IDO,68580,,NIFTY,,2025-03-06,2025-03-06,23650.00,CE,NIFTY2530623650CE,45.05,46.60,35.35,36.65,36.70,52.75,22913.15,36.65,42000,20025,1013,1799824080.00,561,F1,75,,,,,
2025-02-20,2025-02-20,FO,NSE,IDO,68582,,NIFTY,,2025-03-06,2025-03-06,23700.00,CE,NIFTY2530623700CE,40.00,40.00,28.40,30.80,28.70,45.30,22913.15,30.80,144150,61725,5457,9713372628.75,3188,F1,75,,,,,
2025-02-20,2025-02-20,FO,NSE,IDO,68629,,NIFTY,,2025-03-06,2025-03-06,24700.00,CE,NIFTY2530624700CE,2.80,3.10,2.65,2.80,2.75,3.30,22913.15,2.80,18825,1200,167,309404302.50,64,F1,75,,,,,
2025-02-20,2025-02-20,FO,NSE,IDO,45412,,NIFTY,,2025-03-13,2025-03-13,21450.00,CE,NIFTY2531321450CE,0.00,0.00,0.00,2311.00,0.00,2311.00,22913.15,1546.80,0,0,0,0.00,0,F1,75,,,,,
2025-02-20,2025-02-20,FO,NSE,IDO,45430,,NIFTY,,2025-03-13,2025-03-13,21800.00,CE,NIFTY2531321800CE,0.00,0.00,0.00,1974.60,0.00,1974.60,22913.15,1208.25,0,0,0,0.00,0,F1,75,,,,,
2025-02-20,2025-02-20,FO,NSE,IDO,45446,,NIFTY,,2025-03-13,2025-03-13,22150.00,CE,NIFTY2531322150CE,0.00,0.00,0.00,1648.80,0.00,1648.80,22913.15,887.90,0,0,0,0.00,0,F1,75,,,,,
2025-02-20,2025-02-20,FO,NSE,IDO,79638,,NIFTY,,2025-04-24,2025-04-24,24450.00,CE,NIFTY25APR24450CE,97.30,100.75,97.30,100.75,100.75,113.05,22913.15,114.40,75,75,2,3682353.75,2,F1,75,,,,,
2025-02-20,2025-02-20,FO,NSE,IDO,79515,,NIFTY,,2025-04-24,2025-04-24,23850.00,CE,NIFTY25APR23850CE,0.00,0.00,0.00,623.80,0.00,623.80,22913.15,245.55,0,0,0,0.00,0,F1,75,,,,,
2025-02-20,2025-02-20,FO,NSE,IDO,79505,,NIFTY,,2025-04-24,2025-04-24,23600.00,CE,NIFTY25APR23600CE,351.00,351.10,338.00,338.40,338.00,364.25,22913.15,338.40,21525,150,29,52081676.25,23,F1,75,,,,,
2025-02-20,2025-02-20,FO,NSE,IDO,79501,,NIFTY,,2025-04-24,2025-04-24,23500.00,CE,NIFTY25APR23500CE,382.35,398.00,365.40,382.00,379.10,408.15,22913.15,382.00,162675,-2925,1789,3204655143.75,1339,F1,75,,,,,
2025-02-20,2025-02-20,FO,NSE,IDO,79442,,NIFTY,,2025-04-24,2025-04-24,23250.00,CE,NIFTY25APR23250CE,488.35,488.35,488.35,488.35,488.35,520.00,22913.15,468.35,450,75,1,1780376.25,1,F1,75,,,,,
2025-02-20,2025-02-20,FO,NSE,IDO,79392,,NIFTY,,2025-04-24,2025-04-24,22500.00,CE,NIFTY25APR22500CE,975.25,988.70,940.00,972.15,969.05,1009.05,22913.15,972.15,59700,10050,297,522781938.75,135,F1,75,,,,,
2025-02-20,2025-02-20,FO,NSE,IDO,79382,,NIFTY,,2025-04-24,2025-04-24,22300.00,CE,NIFTY25APR22300CE,0.00,0.00,0.00,1160.55,1160.55,1160.55,22913.15,1041.40,600,0,0,0.00,0,F1,75,,,,,
2025-02-20,2025-02-20,FO,NSE,IDO,79379,,NIFTY,,2025-04-24,2025-04-24,22250.00,CE,NIFTY25APR22250CE,0.00,0.00,0.00,1585.80,0.00,1585.80,22913.15,1078.65,0,0,0,0.00,0,F1,75,,,,,
2025-02-20,2025-02-20,FO,NSE,IDO,79295,,NIFTY,,2025-04-24,2025-04-24,22150.00,CE,NIFTY25APR22150CE,0.00,0.00,0.00,1662.60,0.00,1662.60,22913.15,1155.05,0,0,0,0.00,0,F1,75,,,,,
2025-02-20,2025-02-20,FO,NSE,IDO,79283,,NIFTY,,2025-04-24,2025-04-24,22000.00,CE,NIFTY25APR22000CE,1361.95,1375.25,1304.55,1362.70,1349.00,1386.25,22913.15,1362.70,29625,450,50,87587062.50,38,F1,75,,,,,
2025-02-20,2025-02-20,FO,NSE,IDO,79268,,NIFTY,,2025-04-24,2025-04-24,21800.00,CE,NIFTY25APR21800CE,0.00,0.00,0.00,1943.80,0.00,1943.80,22913.15,1440.00,0,0,0,0.00,0,F1,75,,,,,
2025-02-20,2025-02-20,FO,NSE,IDO,58782,,NIFTY,,2025-03-27,2025-03-27,25800.00,CE,NIFTY25MAR25800CE,7.40,7.55,6.75,7.10,6.75,7.70,22913.15,7.10,54000,375,581,1124547682.50,207,F1,75,,,,,
2025-02-20,2025-02-20,FO,NSE,IDO,56874,,NIFTY,,2025-03-27,2025-03-27,25250.00,CE,NIFTY25MAR25250CE,10.95,11.35,10.95,11.05,11.35,11.75,22913.15,11.05,3600,-225,4,7578315.00,2,F1,75,,,,,
2025-02-20,2025-02-20,FO,NSE,IDO,48349,,NIFTY,,2025-03-27,2025-03-27,23150.00,CE,NIFTY25MAR23150CE,355.45,372.45,340.50,352.50,350.70,390.00,22913.15,352.50,26775,6150,306,539500597.50,211,F1,75,,,,,
2025-02-20,2025-02-20,FO,NSE,IDO,48251,,NIFTY,,2025-03-27,2025-03-27,23050.00,CE,NIFTY25MAR23050CE,412.00,426.60,389.30,404.90,403.40,444.80,22913.15,404.90,19500,1725,382,672175920.00,323,F1,75,,,,,
2025-02-20,2025-02-20,FO,NSE,IDO,46974,,NIFTY,,2025-03-27,2025-03-27,22150.00,CE,NIFTY25MAR22150CE,0.00,0.00,0.00,1121.70,1121.70,1121.70,22913.15,981.85,75,0,0,0.00,0,F1,75,,,,,
2025-02-20,2025-02-20,FO,NSE,IDO,45453,,NIFTY,,2025-03-13,2025-03-13,22250.00,CE,NIFTY2531322250CE,0.00,0.00,0.00,1558.50,0.00,1558.50,22913.15,802.00,0,0,0,0.00,0,F1,75,,,,,
2025-02-20,2025-02-20,FO,NSE,IDO,45472,,NIFTY,,2025-03-13,2025-03-13,22600.00,CE,NIFTY2531322600CE,0.00,0.00,0.00,606.55,606.55,606.55,22913.15,530.40,600,0,0,0.00,0,F1,75,,,,,
2025-02-20,2025-02-20,FO,NSE,IDO,45476,,NIFTY,,2025-03-13,2025-03-13,22700.00,CE,NIFTY2531322700CE,495.00,522.65,495.00,502.55,498.95,536.75,22913.15,502.55,900,600,14,24363093.75,8,F1,75,,,,,
2025-02-20,2025-02-20,FO,NSE,IDO,45504,,NIFTY,,2025-03-13,2025-03-13,23150.00,CE,NIFTY2531323150CE,253.40,253.40,232.30,241.00,241.00,264.40,22913.15,241.00,825,375,10,17544645.00,9,F1,75,,,,,
2025-02-20,2025-02-20,FO,NSE,IDO,45527,,NIFTY,,2025-03-13,2025-03-13,23500.00,CE,NIFTY2531323500CE,125.00,129.80,110.00,112.70,111.70,139.70,22913.15,112.70,59775,16125,731,1294836221.25,505,F1,75,,,,,
2025-02-20,2025-02-20,FO,NSE,IDO,45554,,NIFTY,,2025-03-13,2025-03-13,24100.00,CE,NIFTY2531324100CE,26.40,26.75,19.90,21.60,21.45,31.45,22913.15,21.60,5250,4125,74,133886017.50,33,F1,75,,,,,
2025-02-20,2025-02-20,FO,NSE,IDO,45612,,NIFTY,,2025-03-13,2025-03-13,24650.00,CE,NIFTY2531324650CE,0.00,0.00,0.00,16.00,16.00,16.00,22913.15,4.00,225,0,0,0.00,0,F1,75,,,,,
2025-02-20,2025-02-20,FO,NSE,IDO,45642,,NIFTY,,2025-03-13,2025-03-13,25050.00,CE,NIFTY2531325050CE,0.00,0.00,0.00,9.05,9.05,9.05,22913.15,0.85,150,0,0,0.00,0,F1,75,,,,,
2025-02-20,2025-02-20,FO,NSE,IDO,45651,,NIFTY,,2025-03-13,2025-03-13,25250.00,CE,NIFTY2531325250CE,4.00,5.70,4.00,4.00,4.00,4.80,22913.15,0.40,750,225,4,7576455.00,3,F1,75,,,,,
2025-02-20,2025-02-20,FO,NSE,IDO,50149,,NIFTY,,2025-03-20,2025-03-20,22000.00,CE,NIFTY2532022000CE,0.00,0.00,0.00,1266.60,0.00,1266.60,22913.15,1065.30,0,0,0,0.00,0,F1,75,,,,,
2025-02-20,2025-02-20,FO,NSE,IDO,50155,,NIFTY,,2025-03-20,2025-03-20,22100.00,CE,NIFTY2532022100CE,0.00,0.00,0.00,1183.40,0.00,1183.40,22913.15,978.10,0,0,0,0.00,0,F1,75,,,,,
2025-02-20,2025-02-20,FO,NSE,IDO,50194,,NIFTY,,2025-03-20,2025-03-20,22550.00,CE,NIFTY2532022550CE,0.00,0.00,0.00,839.90,0.00,839.90,22913.15,623.55,0,0,0,0.00,0,F1,75,,,,,
2025-02-20,2025-02-20,FO,NSE,IDO,50221,,NIFTY,,2025-03-20,2025-03-20,22950.00,CE,NIFTY2532022950CE,0.00,0.00,0.00,450.00,450.00,450.00,22913.15,376.35,75,0,0,0.00,0,F1,75,,,,,
2025-02-20,2025-02-20,FO,NSE,IDO,50305,,NIFTY,,2025-03-20,2025-03-20,24550.00,CE,NIFTY2532024550CE,0.00,0.00,0.00,75.00,0.00,75.00,22913.15,14.55,0,0,0,0.00,0,F1,75,,,,,
2025-02-20,2025-02-20,FO,NSE,IDO,86152,,NIFTY,,2028-06-29,2028-06-29,24000.00,PE,NIFTY28JUN24000PE,0.00,0.00,0.00,1692.75,0.00,1692.75,22913.15,723.40,0,0,0,0.00,0,F1,75,,,,,
2025-02-20,2025-02-20,FO,NSE,IDO,86146,,NIFTY,,2028-06-29,2028-06-29,21000.00,PE,NIFTY28JUN21000PE,0.00,0.00,0.00,907.20,0.00,907.20,22913.15,240.05,0,0,0,0.00,0,F1,75,,,,,
2025-02-20,2025-02-20,FO,NSE,IDO,71559,,NIFTY,,2027-06-24,2027-06-24,23000.00,PE,NIFTY27JUN23000PE,0.00,0.00,0.00,4514.30,0.00,4514.30,22913.15,587.55,0,0,0,0.00,0,F1,75,,,,,
2025-02-20,2025-02-20,FO,NSE,IDO,71552,,NIFTY,,2027-06-24,2027-06-24,20000.00,PE,NIFTY27JUN20000PE,0.00,0.00,0.00,3034.20,0.00,3034.20,22913.15,142.65,0,0,0,0.00,0,F1,75,,,,,
2025-02-20,2025-02-20,FO,NSE,IDO,50979,,NIFTY,,2026-12-31,2026-12-31,27000.00,PE,NIFTY26DEC27000PE,0.00,0.00,0.00,6522.30,0.00,6522.30,22913.15,2246.75,0,0,0,0.00,0,F1,75,,,,,
2025-02-20,2025-02-20,FO,NSE,IDO,86164,,NIFTY,,2028-06-29,2028-06-29,27000.00,PE,NIFTY28JUN27000PE,0.00,0.00,0.00,2752.35,0.00,2752.35,22913.15,1614.50,0,0,0,0.00,0,F1,75,,,,,
2025-02-20,2025-02-20,FO,NSE,IDO,67771,,NIFTY,,2028-12-28,2028-12-28,18000.00,PE,NIFTY28DEC18000PE,0.00,0.00,0.00,104.65,0.00,104.65,22913.15,53.75,0,0,0,0.00,0,F1,75,,,,,
2025-02-20,2025-02-20,FO,NSE,IDO,67775,,NIFTY,,2028-12-28,2028-12-28,20000.00,PE,NIFTY28DEC20000PE,0.00,0.00,0.00,370.00,370.00,370.00,22913.15,150.55,875,0,0,0.00,0,F1,75,,,,,
2025-02-20,2025-02-20,FO,NSE,IDO,57646,,NIFTY,,2025-02-27,2025-02-27,25050.00,PE,NIFTY25FEB25050PE,0.00,0.00,0.00,2051.20,2051.20,2051.20,22913.15,2105.65,75,0,0,0.00,0,F1,75,,,,,
2025-02-20,2025-02-20,FO,NSE,IDO,45559,,NIFTY,,2025-03-13,2025-03-13,24150.00,PE,NIFTY2531324150PE,0.00,0.00,0.00,688.65,0.00,688.65,22913.15,1167.20,0,0,0,0.00,0,F1,75,,,,,
2025-02-20,2025-02-20,FO,NSE,IDO,45645,,NIFTY,,2025-03-13,2025-03-13,25100.00,PE,NIFTY2531325100PE,0.00,0.00,0.00,1407.70,0.00,1407.70,22913.15,2093.85,0,0,0,0.00,0,F1,75,,,,,
2025-02-20,2025-02-20,FO,NSE,IDO,50132,,NIFTY,,2025-03-20,2025-03-20,21650.00,PE,NIFTY2532021650PE,0.00,0.00,0.00,43.00,0.00,43.00,22913.15,15.95,0,0,0,0.00,0,F1,75,,,,,
2025-02-20,2025-02-20,FO,NSE,IDO,50159,,NIFTY,,2025-03-20,2025-03-20,22150.00,PE,NIFTY2532022150PE,0.00,0.00,0.00,109.05,0.00,109.05,22913.15,62.15,0,0,0,0.00,0,F1,75,,,,,
2025-02-20,2025-02-20,FO,NSE,IDO,50178,,NIFTY,,2025-03-20,2025-03-20,22300.00,PE,NIFTY2532022300PE,0.00,0.00,0.00,139.45,0.00,139.45,22913.15,87.95,0,0,0,0.00,0,F1,75,,,,,
2025-02-20,2025-02-20,FO,NSE,IDO,50238,,NIFTY,,2025-03-20,2025-03-20,23350.00,PE,NIFTY2532023350PE,0.00,0.00,0.00,543.55,0.00,543.55,22913.15,523.40,0,0,0,0.00,0,F1,75,,,,,
2025-02-20,2025-02-20,FO,NSE,IDO,50242,,NIFTY,,2025-03-20,2025-03-20,23450.00,PE,NIFTY2532023450PE,0.00,0.00,0.00,601.25,0.00,601.25,22913.15,590.55,0,0,0,0.00,0,F1,75,,,,,
2025-02-20,2025-02-20,FO,NSE,IDO,50256,,NIFTY,,2025-03-20,2025-03-20,23700.00,PE,NIFTY2532023700PE,0.00,0.00,0.00,759.70,0.00,759.70,22913.15,775.45,0,0,0,0.00,0,F1,75,,,,,
2025-02-20,2025-02-20,FO,NSE,IDO,50263,,NIFTY,,2025-03-20,2025-03-20,23850.00,PE,NIFTY2532023850PE,0.00,0.00,0.00,863.90,0.00,863.90,22913.15,896.60,0,0,0,0.00,0,F1,75,,,,,
2025-02-20,2025-02-20,FO,NSE,IDO,50278,,NIFTY,,2025-03-20,2025-03-20,24050.00,PE,NIFTY2532024050PE,0.00,0.00,0.00,1012.80,0.00,1012.80,22913.15,1067.80,0,0,0,0.00,0,F1,75,,,,,
2025-02-20,2025-02-20,FO,NSE,IDO,46992,,NIFTY,,2025-03-27,2025-03-27,22400.00,PE,NIFTY25MAR22400PE,186.00,196.00,154.25,157.00,161.15,174.40,22913.15,157.00,319050,24000,2619,4433137458.75,1729,F1,75,,,,,
2025-02-20,2025-02-20,FO,NSE,IDO,48346,,NIFTY,,2025-03-27,2025-03-27,23050.00,PE,NIFTY25MAR23050PE,413.45,429.95,365.00,368.40,370.95,388.40,22913.15,368.40,32550,-5025,272,478126830.00,210,F1,75,,,,,
2025-02-20,2025-02-20,FO,NSE,IDO,64583,,NIFTY,,2025-03-27,2025-03-27,29000.00,PE,NIFTY25MAR29000PE,5871.05,5879.25,5834.95,5842.40,5846.50,5822.15,22913.15,5842.40,407400,150,54,141138198.75,54,F1,75,,,,,
2025-02-20,2025-02-20,FO,NSE,IDO,79259,,NIFTY,,2025-04-24,2025-04-24,21550.00,PE,NIFTY25APR21550PE,0.00,0.00,0.00,97.30,0.00,97.30,22913.15,54.15,0,0,0,0.00,0,F1,75,,,,,
2025-02-20,2025-02-20,FO,NSE,IDO,79383,,NIFTY,,2025-04-24,2025-04-24,22300.00,PE,NIFTY25APR22300PE,220.00,224.00,198.05,201.45,201.75,213.25,22913.15,201.45,51450,1650,88,148552267.50,36,F1,75,,,,,
2025-02-20,2025-02-20,FO,NSE,IDO,79395,,NIFTY,,2025-04-24,2025-04-24,22550.00,PE,NIFTY25APR22550PE,0.00,0.00,0.00,290.25,290.25,290.25,22913.15,250.25,375,0,0,0.00,0,F1,75,,,,,
2025-02-20,2025-02-20,FO,NSE,IDO,79416,,NIFTY,,2025-04-24,2025-04-24,22850.00,PE,NIFTY25APR22850PE,368.45,368.45,355.85,356.20,356.50,360.45,22913.15,356.20,1500,75,4,6962748.75,4,F1,75,,,,,
2025-02-20,2025-02-20,FO,NSE,IDO,79487,,NIFTY,,2025-04-24,2025-04-24,23350.00,PE,NIFTY25APR23350PE,0.00,0.00,0.00,578.80,0.00,578.80,22913.15,600.25,0,0,0,0.00,0,F1,75,,,,,
2025-02-20,2025-02-20,FO,NSE,IDO,79554,,NIFTY,,2025-04-24,2025-04-24,24100.00,PE,NIFTY25APR24100PE,1016.85,1068.00,1015.20,1033.15,1033.15,1037.50,22913.15,1033.15,300,-75,5,9425677.50,5,F1,75,,,,,
2025-02-20,2025-02-20,FO,NSE,IDO,79631,,NIFTY,,2025-04-24,2025-04-24,24250.00,PE,NIFTY25APR24250PE,0.00,0.00,0.00,1150.00,1150.00,1150.00,22913.15,1215.85,0,0,0,0.00,0,F1,75,,,,,
2025-02-20,2025-02-20,FO,NSE,IDO,79749,,NIFTY,,2025-04-24,2025-04-24,25450.00,PE,NIFTY25APR25450PE,0.00,0.00,0.00,1947.95,0.00,1947.95,22913.15,2277.40,0,0,0,0.00,0,F1,75,,,,,
2025-02-20,2025-02-20,FO,NSE,IDO,51450,,NIFTY,,2025-06-26,2025-06-26,21000.00,PE,NIFTY25JUN21000PE,147.00,147.00,121.55,124.80,126.25,130.95,22913.15,124.80,303875,9000,810,1283523618.75,444,F1,75,,,,,
2025-02-20,2025-02-20,FO,NSE,IDO,64687,,NIFTY,,2025-09-25,2025-09-25,21000.00,PE,NIFTY25SEP21000PE,0.00,0.00,0.00,51.55,0.00,51.55,22913.15,117.15,0,0,0,0.00,0,F1,75,,,,,
2025-02-20,2025-02-20,FO,NSE,IDO,50444,,NIFTY,,2026-06-25,2026-06-25,14000.00,PE,NIFTY26JUN14000PE,0.00,0.00,0.00,20.05,20.05,20.05,22913.15,0.05,1075,0,0,0.00,0,F1,75,,,,,
2025-02-20,2025-02-20,FO,NSE,IDO,50462,,NIFTY,,2026-06-25,2026-06-25,16000.00,PE,NIFTY26JUN16000PE,0.00,0.00,0.00,48.95,48.95,48.95,22913.15,1.55,1225,0,0,0.00,0,F1,75,,,,,
2025-02-20,2025-02-20,FO,NSE,IDO,50548,,NIFTY,,2026-12-31,2026-12-31,28000.00,PE,NIFTY26DEC28000PE,0.00,0.00,0.00,3500.00,3500.00,3500.00,22913.15,2836.90,75,0,0,0.00,0,F1,75,,,,,
2025-02-20,2025-02-20,FO,NSE,IDO,71554,,NIFTY,,2027-06-24,2027-06-24,21000.00,PE,NIFTY27JUN21000PE,0.00,0.00,0.00,500.00,500.00,500.00,22913.15,243.15,200,0,0,0.00,0,F1,75,,,,,
2025-02-20,2025-02-20,FO,NSE,IDO,38163,,NIFTY,,2027-06-24,2027-06-24,29000.00,PE,NIFTY27JUN29000PE,0.00,0.00,0.00,4627.10,0.00,4627.10,22913.15,3096.10,0,0,0,0.00,0,F1,75,,,,,
2025-02-20,2025-02-20,FO,NSE,IDO,53627,,NIFTY,,2027-12-30,2027-12-30,25000.00,PE,NIFTY27DEC25000PE,0.00,0.00,0.00,1546.40,1546.40,1546.40,22913.15,1063.90,75,0,0,0.00,0,F1,75,,,,,
2025-02-20,2025-02-20,FO,NSE,IDO,53632,,NIFTY,,2027-12-30,2027-12-30,27000.00,PE,NIFTY27DEC27000PE,0.00,0.00,0.00,2492.45,2492.45,2492.45,22913.15,1794.20,75,0,0,0.00,0,F1,75,,,,,
2025-02-20,2025-02-20,FO,NSE,IDO,38165,,NIFTY,,2027-12-30,2027-12-30,29000.00,PE,NIFTY27DEC29000PE,0.00,0.00,0.00,4227.50,0.00,4227.50,22913.15,2740.95,0,0,0,0.00,0,F1,75,,,,,
2025-02-20,2025-02-20,FO,NSE,IDO,86160,,NIFTY,,2028-06-29,2028-06-29,25000.00,PE,NIFTY28JUN25000PE,0.00,0.00,0.00,2016.80,0.00,2016.80,22913.15,972.00,0,0,0,0.00,0,F1,75,,,,,
2025-02-20,2025-02-20,FO,NSE,IDO,67773,,NIFTY,,2028-12-28,2028-12-28,19000.00,PE,NIFTY28DEC19000PE,0.00,0.00,0.00,158.00,0.00,158.00,22913.15,92.65,0,0,0,0.00,0,F1,75,,,,,
2025-02-20,2025-02-20,FO,NSE,IDO,67777,,NIFTY,,2028-12-28,2028-12-28,21000.00,PE,NIFTY28DEC21000PE,0.00,0.00,0.00,500.00,500.00,500.00,22913.15,232.35,1000,0,0,0.00,0,F1,75,,,,,
2025-02-20,2025-02-20,FO,NSE,IDO,89631,,NIFTY,,2029-06-28,2029-06-28,24000.00,PE,NIFTY29JUN24000PE,0.00,0.00,0.00,694.05,694.05,694.05,22913.15,615.35,25,0,0,0.00,0,F1,75,,,,,
2025-02-20,2025-02-20,FO,NSE,IDO,61403,,NIFTY,,2029-12-27,2029-12-27,19000.00,PE,NIFTY29DEC19000PE,0.00,0.00,0.00,142.25,0.00,142.25,22913.15,91.35,0,0,0,0.00,0,F1,75,,,,,
2025-02-20,2025-02-20,FO,NSE,IDO,63358,,NIFTY,,2025-02-20,2025-02-20,22350.00,PE,NIFTY2522022350PE,1.10,2.20,0.05,0.05,0.05,1.40,22913.15,22913.15,2128725,373575,794827,1332365420996.25,165172,F1,75,,,,,
2025-02-20,2025-02-20,FO,NSE,IDO,71399,,NIFTY,,2025-12-24,2025-12-24,26000.00,CE,NIFTY25DEC26000CE,469.95,480.00,460.00,463.30,460.50,478.35,22913.15,463.30,195275,-175,483,958833498.75,419,F1,75,,,,,
2025-02-20,2025-02-20,FO,NSE,IDO,64702,,NIFTY,,2025-09-25,2025-09-25,29000.00,CE,NIFTY25SEP29000CE,0.00,0.00,0.00,1377.55,0.00,1377.55,22913.15,27.25,0,0,0,0.00,0,F1,75,,,,,
2025-02-20,2025-02-20,FO,NSE,IDO,64692,,NIFTY,,2025-09-25,2025-09-25,24000.00,CE,NIFTY25SEP24000CE,873.85,899.00,865.00,890.75,885.00,906.15,22913.15,890.75,24000,-225,61,113846602.50,59,F1,75,,,,,
2025-02-20,2025-02-20,FO,NSE,IDO,64680,,NIFTY,,2025-09-25,2025-09-25,18000.00,CE,NIFTY25SEP18000CE,0.00,0.00,0.00,9482.90,0.00,9482.90,22913.15,5597.45,0,0,0,0.00,0,F1,75,,,,,
2025-02-20,2025-02-20,FO,NSE,IDO,55119,,NIFTY,,2025-06-26,2025-06-26,18000.00,CE,NIFTY25JUN18000CE,0.00,0.00,0.00,5700.00,5700.00,5700.00,22913.15,5312.70,2350,0,0,0.00,0,F1,75,,,,,
2025-02-20,2025-02-20,FO,NSE,IDO,79670,,NIFTY,,2025-04-24,2025-04-24,24700.00,CE,NIFTY25APR24700CE,75.15,79.80,65.05,68.35,68.00,75.15,22913.15,68.35,17625,75,51,94754527.50,28,F1,75,,,,,
2025-02-20,2025-02-20,FO,NSE,IDO,45462,,NIFTY,,2025-03-13,2025-03-13,22400.00,CE,NIFTY2531322400CE,0.00,0.00,0.00,1426.00,0.00,1426.00,22913.15,679.50,0,0,0,0.00,0,F1,75,,,,,
2025-02-20,2025-02-20,FO,NSE,IDO,45543,,NIFTY,,2025-03-13,2025-03-13,23800.00,PE,NIFTY2531323800PE,0.00,0.00,0.00,373.15,373.15,373.15,22913.15,851.90,75,0,0,0.00,0,F1,75,,,,,
2025-02-20,2025-02-20,FO,NSE,IDO,45533,,NIFTY,,2025-03-13,2025-03-13,23550.00,PE,NIFTY2531323550PE,0.00,0.00,0.00,369.05,0.00,369.05,22913.15,647.40,0,0,0,0.00,0,F1,75,,,,,
2025-02-20,2025-02-20,FO,NSE,IDO,45509,,NIFTY,,2025-03-13,2025-03-13,23150.00,PE,NIFTY2531323150PE,360.65,360.65,360.65,360.65,360.65,402.50,22913.15,360.65,1275,0,1,1763298.75,1,F1,75,,,,,
2025-02-20,2025-02-20,FO,NSE,IDO,45491,,NIFTY,,2025-03-13,2025-03-13,23050.00,PE,NIFTY2531323050PE,344.85,348.00,300.80,304.70,308.60,331.00,22913.15,304.70,1200,-150,5,8767218.75,5,F1,75,,,,,
2025-02-20,2025-02-20,FO,NSE,IDO,45471,,NIFTY,,2025-03-13,2025-03-13,22550.00,PE,NIFTY2531322550PE,144.00,145.00,122.25,124.20,122.25,148.95,22913.15,124.20,225,75,7,11908466.25,7,F1,75,,,,,
2025-02-20,2025-02-20,FO,NSE,IDO,45434,,NIFTY,,2025-03-13,2025-03-13,21850.00,PE,NIFTY2531321850PE,0.00,0.00,0.00,20.00,20.00,20.00,22913.15,16.35,75,0,0,0.00,0,F1,75,,,,,
2025-02-20,2025-02-20,FO,NSE,IDO,45429,,NIFTY,,2025-03-13,2025-03-13,21750.00,PE,NIFTY2531321750PE,0.00,0.00,0.00,17.45,0.00,17.45,22913.15,11.50,0,0,0,0.00,0,F1,75,,,,,
2025-02-20,2025-02-20,FO,NSE,IDO,68628,,NIFTY,,2025-03-06,2025-03-06,24650.00,PE,NIFTY2530624650PE,0.00,0.00,0.00,1566.35,1566.35,1566.35,22913.15,1676.10,300,0,0,0.00,0,F1,75,,,,,
2025-02-20,2025-02-20,FO,NSE,IDO,68615,,NIFTY,,2025-03-06,2025-03-06,24400.00,PE,NIFTY2530624400PE,0.00,0.00,0.00,1333.75,1334.75,1333.75,22913.15,1428.25,600,0,0,0.00,0,F1,75,,,,,
2025-02-20,2025-02-20,FO,NSE,IDO,68595,,NIFTY,,2025-03-06,2025-03-06,24000.00,PE,NIFTY2530624000PE,1038.00,1064.30,1010.00,1011.00,1021.00,1002.60,22913.15,1011.00,14175,7500,136,255223740.00,50,F1,75,,,,,
2025-02-20,2025-02-20,FO,NSE,IDO,68400,,NIFTY,,2025-03-06,2025-03-06,21600.00,PE,NIFTY2530621600PE,12.80,15.80,8.00,8.25,8.40,11.85,22913.15,8.25,87825,22050,2775,4497401673.75,1556,F1,75,,,,,
2025-02-20,2025-02-20,FO,NSE,IDO,57711,,NIFTY,,2025-02-27,2025-02-27,26450.00,PE,NIFTY25FEB26450PE,0.00,0.00,0.00,3510.20,3510.20,3510.20,22913.15,3503.90,150,0,0,0.00,0,F1,75,,,,,
2025-02-20,2025-02-20,FO,NSE,IDO,57628,,NIFTY,,2025-02-27,2025-02-27,24650.00,PE,NIFTY25FEB24650PE,0.00,0.00,0.00,1652.80,1652.80,1652.80,22913.15,1706.15,4200,0,0,0.00,0,F1,75,,,,,
2025-02-20,2025-02-20,FO,NSE,IDO,55122,,NIFTY,,2025-12-24,2025-12-24,18000.00,PE,NIFTY25DEC18000PE,0.00,0.00,0.00,73.00,73.00,73.00,22913.15,6.05,2900,0,0,0.00,0,F1,75,,,,,
2025-02-20,2025-02-20,FO,NSE,IDO,37796,,NIFTY,,2025-12-24,2025-12-24,23000.00,PE,NIFTY25DEC23000PE,729.00,778.00,715.00,723.80,730.00,715.35,22913.15,723.80,771975,39950,1212,2158498605.00,1097,F1,75,,,,,
2025-02-20,2025-02-20,FO,NSE,IDO,35222,,NIFTY,,2025-12-24,2025-12-24,30000.00,PE,NIFTY25DEC30000PE,0.00,0.00,0.00,4227.00,4227.00,4227.00,22913.15,5539.75,450,0,0,0.00,0,F1,75,,,,,
2025-02-20,2025-02-20,FO,NSE,IDO,71473,,NIFTY,,2026-06-25,2026-06-25,24000.00,PE,NIFTY26JUN24000PE,0.00,0.00,0.00,822.05,822.05,822.05,22913.15,968.55,75,0,0,0.00,0,F1,75,,,,,
2025-02-20,2025-02-20,FO,NSE,IDO,58633,,NIFTY,,2026-12-31,2026-12-31,14000.00,PE,NIFTY26DEC14000PE,0.00,0.00,0.00,20.20,20.20,20.20,22913.15,0.30,1550,0,0,0.00,0,F1,75,,,,,
2025-02-20,2025-02-20,FO,NSE,IDO,58649,,NIFTY,,2026-12-31,2026-12-31,22000.00,PE,NIFTY26DEC22000PE,650.00,668.40,640.00,640.00,640.00,650.00,22913.15,640.00,900,75,3,5096880.00,3,F1,75,,,,,
2025-02-20,2025-02-20,FO,NSE,IDO,71506,,NIFTY,,2026-12-31,2026-12-31,26000.00,PE,NIFTY26DEC26000PE,0.00,0.00,0.00,1920.00,1920.00,1920.00,22913.15,1724.80,1775,0,0,0.00,0,F1,75,,,,,
2025-02-20,2025-02-20,FO,NSE,IDO,71550,,NIFTY,,2027-06-24,2027-06-24,19000.00,PE,NIFTY27JUN19000PE,0.00,0.00,0.00,201.05,201.05,201.05,22913.15,77.60,525,0,0,0.00,0,F1,75,,,,,
2025-02-20,2025-02-20,FO,NSE,IDO,89629,,NIFTY,,2029-06-28,2029-06-28,23000.00,PE,NIFTY29JUN23000PE,0.00,0.00,0.00,543.65,0.00,543.65,22913.15,453.25,0,0,0,0.00,0,F1,75,,,,,
2025-02-20,2025-02-20,FO,NSE,IDO,89633,,NIFTY,,2029-06-28,2029-06-28,25000.00,PE,NIFTY29JUN25000PE,0.00,0.00,0.00,852.50,0.00,852.50,22913.15,812.40,0,0,0,0.00,0,F1,75,,,,,
2025-02-20,2025-02-20,FO,NSE,IDO,89639,,NIFTY,,2029-06-28,2029-06-28,28000.00,PE,NIFTY29JUN28000PE,0.00,0.00,0.00,1488.10,0.00,1488.10,22913.15,1628.25,0,0,0,0.00,0,F1,75,,,,,
2025-02-20,2025-02-20,FO,NSE,IDO,89641,,NIFTY,,2029-06-28,2029-06-28,29000.00,PE,NIFTY29JUN29000PE,0.00,0.00,0.00,1746.95,0.00,1746.95,22913.15,1976.60,0,0,0,0.00,0,F1,75,,,,,
2025-02-20,2025-02-20,FO,NSE,IDO,61660,,NIFTY,,2029-12-27,2029-12-27,21000.00,PE,NIFTY29DEC21000PE,0.00,0.00,0.00,278.80,0.00,278.80,22913.15,211.80,0,0,0,0.00,0,F1,75,,,,,
2025-02-20,2025-02-20,FO,NSE,IDO,79279,,NIFTY,,2025-04-24,2025-04-24,21950.00,CE,NIFTY25APR21950CE,0.00,0.00,0.00,1821.00,0.00,1821.00,22913.15,1314.75,0,0,0,0.00,0,F1,75,,,,,
2025-02-20,2025-02-20,FO,NSE,IDO,79690,,NIFTY,,2025-04-24,2025-04-24,24950.00,CE,NIFTY25APR24950CE,58.25,58.25,58.25,58.25,58.25,64.25,22913.15,55.20,525,0,1,1875618.75,1,F1,75,,,,,
2025-02-20,2025-02-20,FO,NSE,IDO,79676,,NIFTY,,2025-04-24,2025-04-24,24850.00,CE,NIFTY25APR24850CE,59.10,59.10,49.80,49.80,49.80,63.00,22913.15,64.30,75,0,2,3735667.50,2,F1,75,,,,,
2025-02-20,2025-02-20,FO,NSE,IDO,79632,,NIFTY,,2025-04-24,2025-04-24,24300.00,CE,NIFTY25APR24300CE,145.20,145.20,127.35,127.65,127.35,145.20,22913.15,127.65,10050,-2550,64,117261963.75,20,F1,75,,,,,
2025-02-20,2025-02-20,FO,NSE,IDO,79547,,NIFTY,,2025-04-24,2025-04-24,24100.00,CE,NIFTY25APR24100CE,190.65,190.70,170.00,171.05,171.05,202.25,22913.15,171.05,16050,11550,499,908546932.50,111,F1,75,,,,,
2025-02-20,2025-02-20,FO,NSE,IDO,79511,,NIFTY,,2025-04-24,2025-04-24,23750.00,CE,NIFTY25APR23750CE,0.00,0.00,0.00,300.00,300.00,300.00,22913.15,275.65,675,0,0,0.00,0,F1,75,,,,,
2025-02-20,2025-02-20,FO,NSE,IDO,79446,,NIFTY,,2025-04-24,2025-04-24,23350.00,CE,NIFTY25APR23350CE,0.00,0.00,0.00,467.65,467.65,467.65,22913.15,423.90,75,0,0,0.00,0,F1,75,,,,,
2025-02-20,2025-02-20,FO,NSE,IDO,68600,,NIFTY,,2025-03-06,2025-03-06,24150.00,CE,NIFTY2530624150CE,11.25,11.25,6.25,7.20,7.25,10.35,22913.15,7.20,17475,-4650,592,1072590982.50,292,F1,75,,,,,
2025-02-20,2025-02-20,FO,NSE,IDO,68596,,NIFTY,,2025-03-06,2025-03-06,24050.00,CE,NIFTY2530624050CE,12.00,13.40,8.25,9.80,8.25,14.90,22913.15,9.80,29625,13200,1006,1815396832.50,479,F1,75,,,,,
2025-02-20,2025-02-20,FO,NSE,IDO,68592,,NIFTY,,2025-03-06,2025-03-06,23950.00,CE,NIFTY2530623950CE,16.75,17.85,12.95,13.30,13.10,20.35,22913.15,13.30,29250,13425,909,1633790902.50,510,F1,75,,,,,
2025-02-20,2025-02-20,FO,NSE,IDO,68456,,NIFTY,,2025-03-06,2025-03-06,22750.00,CE,NIFTY2530622750CE,408.10,408.10,366.90,386.55,387.50,425.15,22913.15,386.55,15075,8325,228,395673742.50,207,F1,75,,,,,
2025-02-20,2025-02-20,FO,NSE,IDO,68419,,NIFTY,,2025-03-06,2025-03-06,22050.00,CE,NIFTY2530622050CE,0.00,0.00,0.00,1047.15,1047.15,1047.15,22913.15,932.65,225,0,0,0.00,0,F1,75,,,,,
2025-02-20,2025-02-20,FO,NSE,IDO,68403,,NIFTY,,2025-03-06,2025-03-06,21700.00,CE,NIFTY2530621700CE,0.00,0.00,0.00,1391.80,1391.40,1391.80,22913.15,1270.15,225,0,0,0.00,0,F1,75,,,,,
2025-02-20,2025-02-20,FO,NSE,IDO,57691,,NIFTY,,2025-02-27,2025-02-27,26200.00,CE,NIFTY25FEB26200CE,1.45,1.60,0.95,1.10,0.95,1.40,22913.15,1.10,67725,-19050,1724,3387826552.50,649,F1,75,,,,,
2025-02-20,2025-02-20,FO,NSE,IDO,57665,,NIFTY,,2025-02-27,2025-02-27,25550.00,CE,NIFTY25FEB25550CE,1.45,2.05,1.00,1.15,1.00,1.45,22913.15,1.15,21600,-225,719,1377857643.75,297,F1,75,,,,,
2025-02-20,2025-02-20,FO,NSE,IDO,55647,,NIFTY,,2025-02-27,2025-02-27,23200.00,CE,NIFTY25FEB23200CE,72.20,74.95,55.00,59.95,59.40,90.50,22913.15,59.95,4785825,1619025,181768,317134979655.00,93778,F1,75,,,,,
2025-02-20,2025-02-20,FO,NSE,IDO,55643,,NIFTY,,2025-02-27,2025-02-27,23100.00,CE,NIFTY25FEB23100CE,98.00,108.00,82.20,91.85,90.50,126.80,22913.15,91.85,2913375,818850,155976,271333035435.00,83680,F1,75,,,,,
2025-02-20,2025-02-20,FO,NSE,IDO,55623,,NIFTY,,2025-02-27,2025-02-27,22600.00,CE,NIFTY25FEB22600CE,350.00,407.75,342.40,393.10,385.60,435.25,22913.15,393.10,167925,22950,7407,12768772492.50,5052,F1,75,,,,,
2025-02-20,2025-02-20,FO,NSE,IDO,55615,,NIFTY,,2025-02-27,2025-02-27,22400.00,CE,NIFTY25FEB22400CE,549.95,578.00,503.00,564.85,559.20,599.00,22913.15,564.85,63450,3750,578,994935127.50,424,F1,75,,,,,
2025-02-20,2025-02-20,FO,NSE,IDO,55601,,NIFTY,,2025-02-27,2025-02-27,22050.00,CE,NIFTY25FEB22050CE,900.00,900.00,900.00,900.00,900.00,983.15,22913.15,900.00,450,0,1,1721250.00,1,F1,75,,,,,
2025-02-20,2025-02-20,FO,NSE,IDO,64001,,NIFTY,,2025-02-20,2025-02-20,25450.00,CE,NIFTY2522025450CE,0.30,0.35,0.05,0.05,0.05,0.40,22913.15,22913.15,339675,-45600,19705,37612165905.00,3091,F1,75,,,,,
2025-02-20,2025-02-20,FO,NSE,IDO,63904,,NIFTY,,2025-02-20,2025-02-20,25200.00,CE,NIFTY2522025200CE,0.35,0.45,0.05,0.05,0.05,0.40,22913.15,22913.15,709650,-82650,74916,141592389142.50,10993,F1,75,,,,,
2025-02-20,2025-02-20,FO,NSE,IDO,63811,,NIFTY,,2025-02-20,2025-02-20,25050.00,CE,NIFTY2522025050CE,0.30,0.40,0.05,0.05,0.10,0.40,22913.15,22913.15,151650,42000,8347,15682057293.75,1907,F1,75,,,,,
2025-02-20,2025-02-20,FO,NSE,IDO,63729,,NIFTY,,2025-02-20,2025-02-20,24650.00,CE,NIFTY2522024650CE,0.60,0.60,0.05,0.10,0.05,0.40,22913.15,22913.15,230175,-33675,14880,27509677796.25,2405,F1,75,,,,,
2025-02-20,2025-02-20,FO,NSE,IDO,63719,,NIFTY,,2025-02-20,2025-02-20,24550.00,CE,NIFTY2522024550CE,0.30,0.40,0.05,0.05,0.05,0.40,22913.15,22913.15,395325,-6375,14559,26806982268.75,2604,F1,75,,,,,
2025-02-20,2025-02-20,FO,NSE,IDO,63692,,NIFTY,,2025-02-20,2025-02-20,24250.00,CE,NIFTY2522024250CE,0.45,0.50,0.05,0.05,0.05,0.45,22913.15,22913.15,343050,-40650,47427,86258758642.50,6872,F1,75,,,,,
2025-02-20,2025-02-20,FO,NSE,IDO,63610,,NIFTY,,2025-02-20,2025-02-20,23300.00,CE,NIFTY2522023300CE,3.90,3.90,0.05,0.10,0.05,5.65,22913.15,22913.15,6665025,-1245150,2735036,4779746186835.00,463350,F1,75,,,,,
2025-02-20,2025-02-20,FO,NSE,IDO,63532,,NIFTY,,2025-02-20,2025-02-20,23050.00,CE,NIFTY2522023050CE,14.90,25.75,0.05,0.15,0.05,38.25,22913.15,22913.15,3785850,-225300,6752232,11675805031136.25,1331678,F1,75,,,,,
2025-02-20,2025-02-20,FO,NSE,IDO,63522,,NIFTY,,2025-02-20,2025-02-20,22900.00,CE,NIFTY2522022900CE,60.20,73.65,6.45,12.90,13.05,102.65,22913.15,22913.15,8808450,4930500,19607435,33711698612433.75,6630992,F1,75,,,,,
2025-02-20,2025-02-20,FO,NSE,IDO,63361,,NIFTY,,2025-02-20,2025-02-20,22450.00,CE,NIFTY2522022450CE,415.90,475.75,372.00,463.85,462.80,489.45,22913.15,22913.15,14775,-1800,3139,5388137205.00,1729,F1,75,,,,,
2025-02-20,2025-02-20,FO,NSE,IDO,63357,,NIFTY,,2025-02-20,2025-02-20,22350.00,CE,NIFTY2522022350CE,522.70,573.90,469.25,563.25,563.05,590.70,22913.15,22913.15,18375,4200,468,803492553.75,311,F1,75,,,,,
2025-02-20,2025-02-20,FO,NSE,IDO,45492,,NIFTY,,2025-03-13,2025-03-13,23100.00,CE,NIFTY2531323100CE,270.00,276.30,256.00,261.85,263.00,300.40,22913.15,261.85,5400,1650,65,113901757.50,40,F1,75,,,,,
2025-02-20,2025-02-20,FO,NSE,IDO,45550,,NIFTY,,2025-03-13,2025-03-13,24000.00,CE,NIFTY2531324000CE,40.50,41.00,28.00,28.95,28.20,41.85,22913.15,28.95,65625,19575,1095,1973665488.75,524,F1,75,,,,,
2025-02-20,2025-02-20,FO,NSE,IDO,45564,,NIFTY,,2025-03-13,2025-03-13,24200.00,CE,NIFTY2531324200CE,23.00,23.00,16.40,17.10,16.50,24.50,22913.15,17.10,12375,7500,185,336024243.75,78,F1,75,,,,,
2025-02-20,2025-02-20,FO,NSE,IDO,45590,,NIFTY,,2025-03-13,2025-03-13,24350.00,CE,NIFTY2531324350CE,13.00,13.00,12.60,12.60,12.60,243.35,22913.15,11.05,0,0,16,29235397.50,4,F1,75,,,,,
2025-02-20,2025-02-20,FO,NSE,IDO,45644,,NIFTY,,2025-03-13,2025-03-13,25100.00,CE,NIFTY2531325100CE,0.00,0.00,0.00,10.00,10.00,10.00,22913.15,0.70,450,0,0,0.00,0,F1,75,,,,,
2025-02-20,2025-02-20,FO,NSE,IDO,50125,,NIFTY,,2025-03-20,2025-03-20,21550.00,CE,NIFTY2532021550CE,0.00,0.00,0.00,1664.40,0.00,1664.40,22913.15,1482.00,0,0,0,0.00,0,F1,75,,,,,
2025-02-20,2025-02-20,FO,NSE,IDO,50153,,NIFTY,,2025-03-20,2025-03-20,22050.00,CE,NIFTY2532022050CE,0.00,0.00,0.00,1224.70,0.00,1224.70,22913.15,1021.40,0,0,0,0.00,0,F1,75,,,,,
2025-02-20,2025-02-20,FO,NSE,IDO,50179,,NIFTY,,2025-03-20,2025-03-20,22350.00,CE,NIFTY2532022350CE,0.00,0.00,0.00,985.85,0.00,985.85,22913.15,772.45,0,0,0,0.00,0,F1,75,,,,,
2025-02-20,2025-02-20,FO,NSE,IDO,50277,,NIFTY,,2025-03-20,2025-03-20,24050.00,CE,NIFTY2532024050CE,0.00,0.00,0.00,159.40,0.00,159.40,22913.15,50.55,0,0,0,0.00,0,F1,75,,,,,
2025-02-20,2025-02-20,FO,NSE,IDO,50285,,NIFTY,,2025-03-20,2025-03-20,24200.00,CE,NIFTY2532024200CE,0.00,0.00,0.00,128.55,0.00,128.55,22913.15,35.60,0,0,0,0.00,0,F1,75,,,,,
2025-02-20,2025-02-20,FO,NSE,IDO,46866,,NIFTY,,2025-03-27,2025-03-27,21300.00,CE,NIFTY25MAR21300CE,0.00,0.00,0.00,2880.80,0.00,2880.80,22913.15,1754.95,0,0,0,0.00,0,F1,75,,,,,
2025-02-20,2025-02-20,FO,NSE,IDO,46926,,NIFTY,,2025-03-27,2025-03-27,21850.00,CE,NIFTY25MAR21850CE,0.00,0.00,0.00,2387.70,0.00,2387.70,22913.15,1240.35,0,0,0,0.00,0,F1,75,,,,,
2025-02-20,2025-02-20,FO,NSE,IDO,64562,,NIFTY,,2025-03-27,2025-03-27,22000.00,CE,NIFTY25MAR22000CE,1150.95,1176.00,1107.00,1161.95,1156.10,1195.70,22913.15,1161.95,545525,22700,1077,1870671322.50,755,F1,75,,,,,
2025-02-20,2025-02-20,FO,NSE,IDO,51477,,NIFTY,,2025-03-27,2025-03-27,23700.00,CE,NIFTY25MAR23700CE,157.95,158.80,136.50,139.00,138.00,165.20,22913.15,139.00,264600,19575,5144,9199632776.25,3921,F1,75,,,,,
