TradDt,BizDt,Sgmt,Src,FinInstrmTp,FinInstrmId,ISIN,TckrSymb,SctySrs,XpryDt,FininstrmActlXpryDt,StrkPric,OptnTp,FinInstrmNm,OpnPric,HghPric,LwPric,ClsPric,LastPric,PrvsClsgPric,UndrlygPric,SttlmPric,OpnIntrst,ChngInOpnIntrst,TtlTradgVol,TtlTrfVal,TtlNbOfTxsExctd,SsnId,NewBrdLotQty,Rmks,Rsvd1,Rsvd2,Rsvd3,Rsvd4
2025-06-23,2025-06-23,FO,NSE,IDO,64694,,NIFTY,,2025-09-25,2025-09-25,25000.00,CE,NIFTY25SEP25000CE,894.70,947.20,804.85,888.75,883.10,964.75,24971.90,888.75,802650,-2325,1810,3510948228.75,1397,F1,75,,,,,
2025-06-23,2025-06-23,FO,NSE,IDO,62912,,NIFTY,,2026-03-26,2026-03-26,18000.00,CE,NIFTY26MAR18000CE,0.00,0.00,0.00,6870.70,0.00,6870.70,24971.90,7794.15,0,0,0,0.00,0,F1,75,,,,,
2025-06-23,2025-06-23,FO,NSE,IDO,62916,,NIFTY,,2026-03-26,2026-03-26,20000.00,CE,NIFTY26MAR20000CE,0.00,0.00,0.00,5090.05,0.00,5090.05,24971.90,5923.50,0,0,0,0.00,0,F1,75,,,,,
2025-06-23,2025-06-23,FO,NSE,IDO,62920,,NIFTY,,2026-03-26,2026-03-26,22000.00,CE,NIFTY26MAR22000CE,0.00,0.00,0.00,3481.20,0.00,3481.20,24971.90,4171.35,0,0,0,0.00,0,F1,75,,,,,
2025-06-23,2025-06-23,FO,NSE,IDO,62928,,NIFTY,,2026-03-26,2026-03-26,26000.00,CE,NIFTY26MAR26000CE,0.00,0.00,0.00,1228.35,0.00,1228.35,24971.90,1543.00,0,0,0,0.00,0,F1,75,,,,,
2025-06-23,2025-06-23,FO,NSE,IDO,55690,,NIFTY,,2025-07-31,2025-07-31,22700.00,PE,NIFTY25JUL22700PE,33.00,37.05,27.90,29.75,29.40,31.45,24971.90,29.75,128850,3600,685,1167824257.50,350,F1,75,,,,,
2025-06-23,2025-06-23,FO,NSE,IDO,49632,,NIFTY,,2025-07-24,2025-07-24,26650.00,PE,NIFTY2572426650PE,0.00,0.00,0.00,1766.55,0.00,1766.55,24971.90,1610.00,0,0,0,0.00,0,F1,75,,,,,
2025-06-23,2025-06-23,FO,NSE,IDO,49596,,NIFTY,,2025-07-24,2025-07-24,26100.00,PE,NIFTY2572426100PE,0.00,0.00,0.00,1295.90,0.00,1295.90,24971.90,1147.60,0,0,0,0.00,0,F1,75,,,,,
2025-06-23,2025-06-23,FO,NSE,IDO,49480,,NIFTY,,2025-07-24,2025-07-24,24800.00,PE,NIFTY2572424800PE,285.45,351.95,262.50,279.15,282.00,257.05,24971.90,279.15,2700,1275,97,182641627.50,83,F1,75,,,,,
2025-06-23,2025-06-23,FO,NSE,IDO,49436,,NIFTY,,2025-07-24,2025-07-24,24200.00,PE,NIFTY2572424200PE,167.80,167.80,121.40,121.40,121.40,225.85,24971.90,162.45,900,900,28,51125126.25,27,F1,75,,,,,
2025-06-23,2025-06-23,FO,NSE,IDO,49420,,NIFTY,,2025-07-24,2025-07-24,23950.00,PE,NIFTY2572423950PE,0.00,0.00,0.00,161.60,0.00,161.60,24971.90,111.05,0,0,0,0.00,0,F1,75,,,,,
2025-06-23,2025-06-23,FO,NSE,IDO,49418,,NIFTY,,2025-07-24,2025-07-24,23900.00,PE,NIFTY2572423900PE,0.00,0.00,0.00,150.55,0.00,150.55,24971.90,102.45,0,0,0,0.00,0,F1,75,,,,,
2025-06-23,2025-06-23,FO,NSE,IDO,49416,,NIFTY,,2025-07-24,2025-07-24,23850.00,PE,NIFTY2572423850PE,0.00,0.00,0.00,140.10,0.00,140.10,24971.90,94.40,0,0,0,0.00,0,F1,75,,,,,
2025-06-23,2025-06-23,FO,NSE,IDO,49371,,NIFTY,,2025-07-24,2025-07-24,23200.00,PE,NIFTY2572423200PE,0.00,0.00,0.00,48.65,0.00,48.65,24971.90,28.35,0,0,0,0.00,0,F1,75,,,,,
2025-06-23,2025-06-23,FO,NSE,IDO,49368,,NIFTY,,2025-07-24,2025-07-24,23150.00,PE,NIFTY2572423150PE,0.00,0.00,0.00,44.40,0.00,44.40,24971.90,25.55,0,0,0,0.00,0,F1,75,,,,,
2025-06-23,2025-06-23,FO,NSE,IDO,47373,,NIFTY,,2025-07-17,2025-07-17,26450.00,PE,NIFTY2571726450PE,0.00,0.00,0.00,1511.45,0.00,1511.45,24971.90,1433.60,0,0,0,0.00,0,F1,75,,,,,
2025-06-23,2025-06-23,FO,NSE,IDO,47309,,NIFTY,,2025-07-17,2025-07-17,25600.00,PE,NIFTY2571725600PE,0.00,0.00,0.00,858.70,0.00,858.70,24971.90,752.00,0,0,0,0.00,0,F1,75,,,,,
2025-06-23,2025-06-23,FO,NSE,IDO,62930,,NIFTY,,2026-03-26,2026-03-26,27000.00,CE,NIFTY26MAR27000CE,0.00,0.00,0.00,891.90,0.00,891.90,24971.90,1126.70,0,0,0,0.00,0,F1,75,,,,,
2025-06-23,2025-06-23,FO,NSE,IDO,58640,,NIFTY,,2026-12-31,2026-12-31,18000.00,CE,NIFTY26DEC18000CE,0.00,0.00,0.00,4501.45,0.00,4501.45,24971.90,8614.50,0,0,0,0.00,0,F1,75,,,,,
2025-06-23,2025-06-23,FO,NSE,IDO,71503,,NIFTY,,2026-12-31,2026-12-31,25000.00,CE,NIFTY26DEC25000CE,3000.00,3035.00,3000.00,3021.00,3021.00,3039.60,24971.90,3284.95,21125,225,5,10509450.00,4,F1,75,,,,,
2025-06-23,2025-06-23,FO,NSE,IDO,50547,,NIFTY,,2026-12-31,2026-12-31,28000.00,CE,NIFTY26DEC28000CE,1410.00,1430.00,1400.00,1400.00,1400.00,1462.00,24971.90,1853.70,8400,225,4,8823641.25,4,F1,75,,,,,
2025-06-23,2025-06-23,FO,NSE,IDO,71558,,NIFTY,,2027-06-24,2027-06-24,23000.00,CE,NIFTY27JUN23000CE,0.00,0.00,0.00,2530.05,0.00,2530.05,24971.90,5223.90,0,0,0,0.00,0,F1,75,,,,,
2025-06-23,2025-06-23,FO,NSE,IDO,53603,,NIFTY,,2027-12-30,2027-12-30,18000.00,CE,NIFTY27DEC18000CE,0.00,0.00,0.00,6285.70,0.00,6285.70,24971.90,9630.60,0,0,0,0.00,0,F1,75,,,,,
2025-06-23,2025-06-23,FO,NSE,IDO,53605,,NIFTY,,2027-12-30,2027-12-30,19000.00,CE,NIFTY27DEC19000CE,0.00,0.00,0.00,5794.90,0.00,5794.90,24971.90,8826.20,0,0,0,0.00,0,F1,75,,,,,
2025-06-23,2025-06-23,FO,NSE,IDO,47302,,NIFTY,,2025-07-17,2025-07-17,25500.00,PE,NIFTY2571725500PE,619.30,619.35,582.80,582.80,582.80,533.05,24971.90,684.70,750,75,3,5874108.75,3,F1,75,,,,,
2025-06-23,2025-06-23,FO,NSE,IDO,47276,,NIFTY,,2025-07-17,2025-07-17,25000.00,PE,NIFTY2571725000PE,318.00,413.55,291.90,324.15,326.00,286.70,24971.90,324.15,34200,17100,991,1883497833.75,673,F1,75,,,,,
2025-06-23,2025-06-23,FO,NSE,IDO,47242,,NIFTY,,2025-07-17,2025-07-17,24450.00,PE,NIFTY2571724450PE,172.00,199.50,141.50,146.45,146.45,137.10,24971.90,188.75,2175,-75,43,79375068.75,35,F1,75,,,,,
2025-06-23,2025-06-23,FO,NSE,IDO,40143,,NIFTY,,2025-07-10,2025-07-10,26700.00,PE,NIFTY2571026700PE,1659.45,1659.45,1659.45,1659.45,1659.45,1564.25,24971.90,1669.35,150,75,1,2126958.75,1,F1,75,,,,,
2025-06-23,2025-06-23,FO,NSE,IDO,40137,,NIFTY,,2025-07-10,2025-07-10,26650.00,PE,NIFTY2571026650PE,1604.75,1604.75,1604.75,1604.75,1604.75,1509.70,24971.90,1621.55,225,75,1,2119106.25,1,F1,75,,,,,
2025-06-23,2025-06-23,FO,NSE,IDO,40082,,NIFTY,,2025-07-10,2025-07-10,26000.00,PE,NIFTY2571026000PE,1120.00,1120.00,985.00,985.00,985.00,898.35,24971.90,1030.25,675,-75,9,18268875.00,6,F1,75,,,,,
2025-06-23,2025-06-23,FO,NSE,IDO,38164,,NIFTY,,2027-12-30,2027-12-30,29000.00,CE,NIFTY27DEC29000CE,0.00,0.00,0.00,1932.55,0.00,1932.55,24971.90,2737.55,0,0,0,0.00,0,F1,75,,,,,
2025-06-23,2025-06-23,FO,NSE,IDO,89612,,NIFTY,,2029-06-28,2029-06-28,18000.00,CE,NIFTY29JUN18000CE,0.00,0.00,0.00,11678.65,0.00,11678.65,24971.90,11025.95,0,0,0,0.00,0,F1,75,,,,,
2025-06-23,2025-06-23,FO,NSE,IDO,89628,,NIFTY,,2029-06-28,2029-06-28,23000.00,CE,NIFTY29JUN23000CE,0.00,0.00,0.00,8636.00,0.00,8636.00,24971.90,7635.50,0,0,0,0.00,0,F1,75,,,,,
2025-06-23,2025-06-23,FO,NSE,IDO,89636,,NIFTY,,2029-06-28,2029-06-28,27000.00,CE,NIFTY29JUN27000CE,0.00,0.00,0.00,6570.40,0.00,6570.40,24971.90,5420.70,0,0,0,0.00,0,F1,75,,,,,
2025-06-23,2025-06-23,FO,NSE,IDO,62090,,NIFTY,,2025-06-26,2025-06-26,20850.00,PE,NIFTY25JUN20850PE,1.00,2.00,0.70,1.15,1.15,1.00,24971.90,1.15,44175,14100,10951,17125442711.25,2120,F1,75,,,,,
2025-06-23,2025-06-23,FO,NSE,IDO,62144,,NIFTY,,2025-06-26,2025-06-26,21500.00,PE,NIFTY25JUN21500PE,1.35,1.75,0.95,1.60,1.60,1.35,24971.90,1.60,1328400,5025,64910,104673339960.00,12089,F1,75,,,,,
2025-06-23,2025-06-23,FO,NSE,IDO,62146,,NIFTY,,2025-06-26,2025-06-26,21550.00,PE,NIFTY25JUN21550PE,1.35,1.90,0.90,1.55,1.25,1.35,24971.90,1.55,96975,73275,16433,26561415195.00,3525,F1,75,,,,,
2025-06-23,2025-06-23,FO,NSE,IDO,37794,,NIFTY,,2025-06-26,2025-06-26,23000.00,PE,NIFTY25JUN23000PE,3.50,4.55,2.10,3.00,2.85,3.95,24971.90,3.00,8512750,-517750,383729,662007571005.00,73068,F1,75,,,,,
2025-06-23,2025-06-23,FO,NSE,IDO,62324,,NIFTY,,2025-06-26,2025-06-26,23350.00,PE,NIFTY25JUN23350PE,8.00,8.00,3.10,4.05,3.85,6.10,24971.90,4.05,428025,26625,48493,84937161562.50,15312,F1,75,,,,,
2025-06-23,2025-06-23,FO,NSE,IDO,62328,,NIFTY,,2025-06-26,2025-06-26,23450.00,PE,NIFTY25JUN23450PE,7.20,8.15,3.50,4.45,4.10,6.95,24971.90,4.45,359400,88875,57111,100462062341.25,17708,F1,75,,,,,
2025-06-23,2025-06-23,FO,NSE,IDO,62472,,NIFTY,,2025-06-26,2025-06-26,26450.00,PE,NIFTY25JUN26450PE,0.00,0.00,0.00,1459.20,1459.20,1459.20,24971.90,1465.15,2325,0,0,0.00,0,F1,75,,,,,
2025-06-23,2025-06-23,FO,NSE,IDO,62506,,NIFTY,,2025-06-26,2025-06-26,26800.00,PE,NIFTY25JUN26800PE,0.00,0.00,0.00,1789.70,1789.70,1789.70,24971.90,1814.95,1725,0,0,0.00,0,F1,75,,,,,
2025-06-23,2025-06-23,FO,NSE,IDO,62522,,NIFTY,,2025-06-26,2025-06-26,26900.00,PE,NIFTY25JUN26900PE,0.00,0.00,0.00,1913.85,1913.85,1913.85,24971.90,1914.90,150,0,0,0.00,0,F1,75,,,,,
2025-06-23,2025-06-23,FO,NSE,IDO,55980,,NIFTY,,2025-07-03,2025-07-03,22800.00,PE,NIFTY2570322800PE,8.20,11.05,4.70,5.80,5.80,7.30,24971.90,5.80,364350,56775,9983,17075718517.50,5502,F1,75,,,,,
2025-06-23,2025-06-23,FO,NSE,IDO,56346,,NIFTY,,2025-07-03,2025-07-03,23850.00,PE,NIFTY2570323850PE,30.00,37.70,22.25,25.90,24.85,28.50,24971.90,25.90,28875,-14625,3947,7069037478.75,2098,F1,75,,,,,
2025-06-23,2025-06-23,FO,NSE,IDO,56435,,NIFTY,,2025-07-03,2025-07-03,24100.00,PE,NIFTY2570324100PE,40.30,59.50,34.25,40.00,38.30,40.95,24971.90,40.00,308025,43200,20120,36436352576.25,12310,F1,75,,,,,
2025-06-23,2025-06-23,FO,NSE,IDO,56479,,NIFTY,,2025-07-03,2025-07-03,24400.00,PE,NIFTY2570324400PE,74.70,106.45,60.30,70.55,67.70,65.30,24971.90,70.55,494850,132300,30964,56854672736.25,18335,F1,75,,,,,
2025-06-23,2025-06-23,FO,NSE,IDO,56611,,NIFTY,,2025-07-03,2025-07-03,24800.00,PE,NIFTY2570324800PE,145.05,230.70,133.80,155.00,154.85,134.90,24971.90,155.00,832500,-75450,62752,117574022756.25,38324,F1,75,,,,,
2025-06-23,2025-06-23,FO,NSE,IDO,56684,,NIFTY,,2025-07-03,2025-07-03,24900.00,PE,NIFTY2570324900PE,200.00,278.40,162.70,189.90,189.20,163.10,24971.90,189.90,730800,192300,73358,138202902446.25,45559,F1,75,,,,,
2025-06-23,2025-06-23,FO,NSE,IDO,56704,,NIFTY,,2025-07-03,2025-07-03,25000.00,PE,NIFTY2570325000PE,250.00,330.15,197.25,230.20,230.00,196.15,24971.90,230.20,2108175,175500,90887,172142128308.75,57712,F1,75,,,,,
2025-06-23,2025-06-23,FO,NSE,IDO,56732,,NIFTY,,2025-07-03,2025-07-03,25100.00,PE,NIFTY2570325100PE,280.00,391.85,239.15,278.35,280.90,236.25,24971.90,278.35,503850,-116400,28911,55076288561.25,19100,F1,75,,,,,
2025-06-23,2025-06-23,FO,NSE,IDO,56775,,NIFTY,,2025-07-03,2025-07-03,25300.00,PE,NIFTY2570325300PE,400.00,530.00,344.75,401.85,401.30,337.60,24971.90,401.85,43575,-44175,4002,7727107027.50,2606,F1,75,,,,,
2025-06-23,2025-06-23,FO,NSE,IDO,56804,,NIFTY,,2025-07-03,2025-07-03,25400.00,PE,NIFTY2570325400PE,462.05,610.80,408.85,471.30,476.35,399.65,24971.90,471.30,47100,-1800,1775,3449801212.50,1233,F1,75,,,,,
2025-06-23,2025-06-23,FO,NSE,IDO,58709,,NIFTY,,2025-07-03,2025-07-03,26450.00,PE,NIFTY2570326450PE,1426.25,1426.25,1426.25,1426.25,1426.25,1314.00,24971.90,1441.25,750,75,1,2090718.75,1,F1,75,,,,,
2025-06-23,2025-06-23,FO,NSE,IDO,58732,,NIFTY,,2025-07-03,2025-07-03,26800.00,PE,NIFTY2570326800PE,1774.85,1774.85,1774.85,1774.85,1774.85,1662.10,24971.90,1786.00,675,75,1,2143113.75,1,F1,75,,,,,
2025-06-23,2025-06-23,FO,NSE,IDO,39891,,NIFTY,,2025-07-10,2025-07-10,23400.00,PE,NIFTY2571023400PE,26.65,32.65,21.45,24.80,25.00,26.35,24971.90,24.80,7425,2850,124,217856148.75,52,F1,75,,,,,
2025-06-23,2025-06-23,FO,NSE,IDO,39899,,NIFTY,,2025-07-10,2025-07-10,23500.00,PE,NIFTY2571023500PE,30.00,37.20,25.50,28.80,27.75,28.90,24971.90,28.80,92100,18150,2438,4302671692.50,1365,F1,75,,,,,
2025-06-23,2025-06-23,FO,NSE,IDO,39931,,NIFTY,,2025-07-10,2025-07-10,23900.00,PE,NIFTY2571023900PE,53.80,68.10,44.05,50.50,49.40,48.25,24971.90,50.50,21075,6750,556,998871202.50,298,F1,75,,,,,
2025-06-23,2025-06-23,FO,NSE,IDO,39948,,NIFTY,,2025-07-10,2025-07-10,24200.00,PE,NIFTY2571024200PE,82.40,113.65,70.60,80.50,79.00,74.15,24971.90,80.50,69225,21750,2038,3712452146.25,1434,F1,75,,,,,
2025-06-23,2025-06-23,FO,NSE,IDO,39969,,NIFTY,,2025-07-10,2025-07-10,24450.00,PE,NIFTY2571024450PE,122.00,164.65,105.30,119.55,119.20,109.30,24971.90,119.55,8325,3675,426,785446623.75,296,F1,75,,,,,
2025-06-23,2025-06-23,FO,NSE,IDO,40046,,NIFTY,,2025-07-10,2025-07-10,25400.00,PE,NIFTY2571025400PE,520.00,612.30,470.05,503.25,503.00,443.50,24971.90,503.25,3000,975,99,192758898.75,58,F1,75,,,,,
2025-06-23,2025-06-23,FO,NSE,IDO,40071,,NIFTY,,2025-07-10,2025-07-10,25750.00,PE,NIFTY2571025750PE,754.35,754.35,754.35,754.35,754.35,696.55,24971.90,826.25,150,75,1,1987826.25,1,F1,75,,,,,
2025-06-23,2025-06-23,FO,NSE,IDO,53630,,NIFTY,,2027-12-30,2027-12-30,26000.00,PE,NIFTY27DEC26000PE,0.00,0.00,0.00,1951.60,1951.60,1951.60,24971.90,1407.40,75,0,0,0.00,0,F1,75,,,,,
2025-06-23,2025-06-23,FO,NSE,IDO,53604,,NIFTY,,2027-12-30,2027-12-30,18000.00,PE,NIFTY27DEC18000PE,191.95,191.95,189.45,190.70,189.45,190.70,24971.90,190.70,11525,0,2,2728605.00,2,F1,75,,,,,
2025-06-23,2025-06-23,FO,NSE,IDO,38163,,NIFTY,,2027-06-24,2027-06-24,29000.00,PE,NIFTY27JUN29000PE,0.00,0.00,0.00,4627.10,0.00,4627.10,24971.90,2772.70,0,0,0,0.00,0,F1,75,,,,,
2025-06-23,2025-06-23,FO,NSE,IDO,71554,,NIFTY,,2027-06-24,2027-06-24,21000.00,PE,NIFTY27JUN21000PE,0.00,0.00,0.00,500.00,500.00,500.00,24971.90,271.60,350,0,0,0.00,0,F1,75,,,,,
2025-06-23,2025-06-23,FO,NSE,IDO,71548,,NIFTY,,2027-06-24,2027-06-24,18000.00,PE,NIFTY27JUN18000PE,0.00,0.00,0.00,48.55,48.55,48.55,24971.90,56.80,25,0,0,0.00,0,F1,75,,,,,
2025-06-23,2025-06-23,FO,NSE,IDO,35231,,NIFTY,,2026-06-25,2026-06-25,30000.00,PE,NIFTY26JUN30000PE,0.00,0.00,0.00,5541.20,0.00,5541.20,24971.90,3862.85,0,0,0,0.00,0,F1,75,,,,,
2025-06-23,2025-06-23,FO,NSE,IDO,50976,,NIFTY,,2026-06-25,2026-06-25,27000.00,PE,NIFTY26JUN27000PE,0.00,0.00,0.00,6810.70,0.00,6810.70,24971.90,1922.80,0,0,0,0.00,0,F1,75,,,,,
2025-06-23,2025-06-23,FO,NSE,IDO,56998,,NIFTY,,2025-07-03,2025-07-03,25700.00,CE,NIFTY2570325700CE,29.50,38.00,19.00,23.60,23.25,43.85,24971.90,23.60,389700,102825,36751,70907415476.25,20741,F1,75,,,,,
2025-06-23,2025-06-23,FO,NSE,IDO,50498,,NIFTY,,2026-06-25,2026-06-25,17000.00,PE,NIFTY26JUN17000PE,0.00,0.00,0.00,2627.25,0.00,2627.25,24971.90,4.70,0,0,0,0.00,0,F1,75,,,,,
2025-06-23,2025-06-23,FO,NSE,IDO,50462,,NIFTY,,2026-06-25,2026-06-25,16000.00,PE,NIFTY26JUN16000PE,0.00,0.00,0.00,21.00,21.00,21.00,24971.90,1.40,2275,0,0,0.00,0,F1,75,,,,,
2025-06-23,2025-06-23,FO,NSE,IDO,37796,,NIFTY,,2025-12-24,2025-12-24,23000.00,PE,NIFTY25DEC23000PE,298.95,298.95,246.10,254.80,256.00,248.30,24971.90,254.80,2082125,32525,2922,5097338677.50,1704,F1,75,,,,,
2025-06-23,2025-06-23,FO,NSE,IDO,38377,,NIFTY,,2025-12-24,2025-12-24,20000.00,PE,NIFTY25DEC20000PE,65.00,66.50,60.50,62.05,62.00,62.55,24971.90,62.05,686000,17650,710,1068342498.75,392,F1,75,,,,,
2025-06-23,2025-06-23,FO,NSE,IDO,49174,,NIFTY,,2025-12-24,2025-12-24,15000.00,PE,NIFTY25DEC15000PE,0.00,0.00,0.00,13.65,13.65,13.65,24971.90,0.00,4475,0,0,0.00,0,F1,75,,,,,
2025-06-23,2025-06-23,FO,NSE,IDO,64687,,NIFTY,,2025-09-25,2025-09-25,21000.00,PE,NIFTY25SEP21000PE,37.00,37.00,31.30,32.35,32.80,32.80,24971.90,32.35,761100,42075,1828,2883601170.00,856,F1,75,,,,,
2025-06-23,2025-06-23,FO,NSE,IDO,72099,,NIFTY,,2025-08-28,2025-08-28,25750.00,PE,NIFTY25AUG25750PE,835.80,835.80,835.80,835.80,835.80,776.10,24971.90,835.80,375,75,1,1993935.00,1,F1,75,,,,,
2025-06-23,2025-06-23,FO,NSE,IDO,72085,,NIFTY,,2025-08-28,2025-08-28,25450.00,PE,NIFTY25AUG25450PE,750.00,750.00,640.00,662.70,662.65,625.15,24971.90,662.70,375,150,4,7838655.00,4,F1,75,,,,,
2025-06-23,2025-06-23,FO,NSE,IDO,71957,,NIFTY,,2025-08-28,2025-08-28,24550.00,PE,NIFTY25AUG24550PE,352.00,382.40,301.65,318.85,318.85,304.15,24971.90,416.30,4425,1125,50,93380051.25,26,F1,75,,,,,
2025-06-23,2025-06-23,FO,NSE,IDO,71947,,NIFTY,,2025-08-28,2025-08-28,24300.00,PE,NIFTY25AUG24300PE,269.30,304.75,243.00,261.45,261.45,246.10,24971.90,261.45,7350,-375,121,223054897.50,78,F1,75,,,,,
2025-06-23,2025-06-23,FO,NSE,IDO,71923,,NIFTY,,2025-08-28,2025-08-28,23750.00,PE,NIFTY25AUG23750PE,154.75,155.35,154.75,155.35,155.35,151.60,24971.90,193.40,825,225,3,5378651.25,3,F1,75,,,,,
2025-06-23,2025-06-23,FO,NSE,IDO,55810,,NIFTY,,2025-07-31,2025-07-31,25250.00,PE,NIFTY25JUL25250PE,497.95,593.20,461.40,495.00,495.05,451.80,24971.90,495.00,8925,-1575,186,359766930.00,107,F1,75,,,,,
2025-06-23,2025-06-23,FO,NSE,IDO,67775,,NIFTY,,2028-12-28,2028-12-28,20000.00,PE,NIFTY28DEC20000PE,0.00,0.00,0.00,358.00,358.00,358.00,24971.90,246.65,1100,0,0,0.00,0,F1,75,,,,,
2025-06-23,2025-06-23,FO,NSE,IDO,89631,,NIFTY,,2029-06-28,2029-06-28,24000.00,PE,NIFTY29JUN24000PE,0.00,0.00,0.00,694.05,694.05,694.05,24971.90,818.20,25,0,0,0.00,0,F1,75,,,,,
2025-06-23,2025-06-23,FO,NSE,IDO,61915,,NIFTY,,2029-12-27,2029-12-27,29000.00,PE,NIFTY29DEC29000PE,0.00,0.00,0.00,1669.20,0.00,1669.20,24971.90,2071.70,0,0,0,0.00,0,F1,75,,,,,
2025-06-23,2025-06-23,FO,NSE,IDO,55798,,NIFTY,,2025-07-31,2025-07-31,24950.00,PE,NIFTY25JUL24950PE,365.20,445.10,330.05,363.40,364.35,330.40,24971.90,363.40,63075,10875,1837,3490585803.75,1216,F1,75,,,,,
2025-06-23,2025-06-23,FO,NSE,IDO,55780,,NIFTY,,2025-07-31,2025-07-31,24500.00,PE,NIFTY25JUL24500PE,229.95,274.30,200.00,220.65,219.50,198.80,24971.90,220.65,2918850,-66150,35326,65534857267.50,18581,F1,75,,,,,
2025-06-23,2025-06-23,FO,NSE,IDO,55119,,NIFTY,,2025-06-26,2025-06-26,18000.00,CE,NIFTY25JUN18000CE,6925.10,7081.50,6842.00,7000.60,6985.80,7107.35,24971.90,7000.60,55975,-11925,180,336790526.25,174,F1,75,,,,,
2025-06-23,2025-06-23,FO,NSE,IDO,62087,,NIFTY,,2025-06-26,2025-06-26,20850.00,CE,NIFTY25JUN20850CE,0.00,0.00,0.00,4106.85,4106.85,4106.85,24971.90,4132.15,600,0,0,0.00,0,F1,75,,,,,
2025-06-23,2025-06-23,FO,NSE,IDO,62091,,NIFTY,,2025-06-26,2025-06-26,20900.00,CE,NIFTY25JUN20900CE,0.00,0.00,0.00,3930.00,3930.00,3930.00,24971.90,4082.15,600,0,0,0.00,0,F1,75,,,,,
2025-06-23,2025-06-23,FO,NSE,IDO,62137,,NIFTY,,2025-06-26,2025-06-26,21350.00,CE,NIFTY25JUN21350CE,0.00,0.00,0.00,3613.85,3613.85,3613.85,24971.90,3632.40,900,0,0,0.00,0,F1,75,,,,,
2025-06-23,2025-06-23,FO,NSE,IDO,62139,,NIFTY,,2025-06-26,2025-06-26,21400.00,CE,NIFTY25JUN21400CE,0.00,0.00,0.00,3470.00,3470.00,3470.00,24971.90,3582.40,1725,0,0,0.00,0,F1,75,,,,,
2025-06-23,2025-06-23,FO,NSE,IDO,37749,,NIFTY,,2025-06-26,2025-06-26,23000.00,CE,NIFTY25JUN23000CE,2000.05,2094.50,1834.10,2007.60,1995.90,2118.65,24971.90,2007.60,1377050,-18375,2589,4841830305.00,1746,F1,75,,,,,
2025-06-23,2025-06-23,FO,NSE,IDO,62321,,NIFTY,,2025-06-26,2025-06-26,23300.00,CE,NIFTY25JUN23300CE,1640.00,1660.00,1531.00,1650.00,1650.00,1809.40,24971.90,1683.35,40200,-3000,70,130755641.25,41,F1,75,,,,,
2025-06-23,2025-06-23,FO,NSE,IDO,62339,,NIFTY,,2025-06-26,2025-06-26,23750.00,CE,NIFTY25JUN23750CE,1167.60,1339.00,1124.85,1339.00,1339.00,1124.30,24971.90,1233.60,2025,-225,9,16859025.00,9,F1,75,,,,,
2025-06-23,2025-06-23,FO,NSE,IDO,62409,,NIFTY,,2025-06-26,2025-06-26,25250.00,CE,NIFTY25JUN25250CE,55.20,73.45,21.70,36.90,33.95,92.50,24971.90,36.90,1774125,480600,895455,1698372720615.00,411723,F1,75,,,,,
2025-06-23,2025-06-23,FO,NSE,IDO,55981,,NIFTY,,2025-07-03,2025-07-03,22850.00,CE,NIFTY2570322850CE,2169.10,2169.10,2169.10,2169.10,2169.10,2268.40,24971.90,2169.10,300,75,1,1876432.50,1,F1,75,,,,,
2025-06-23,2025-06-23,FO,NSE,IDO,56424,,NIFTY,,2025-07-03,2025-07-03,23950.00,CE,NIFTY2570323950CE,1050.00,1150.50,1050.00,1088.65,1088.65,1181.90,24971.90,1079.35,150,0,4,7514561.25,4,F1,75,,,,,
2025-06-23,2025-06-23,FO,NSE,IDO,56429,,NIFTY,,2025-07-03,2025-07-03,24050.00,CE,NIFTY2570324050CE,1114.30,1114.30,848.75,961.85,961.85,1103.70,24971.90,986.85,1125,525,29,54270915.00,20,F1,75,,,,,
2025-06-23,2025-06-23,FO,NSE,IDO,56593,,NIFTY,,2025-07-03,2025-07-03,24700.00,CE,NIFTY2570324700CE,433.65,506.70,327.05,424.80,420.95,528.55,24971.90,424.80,93000,5250,7462,14039148378.75,4713,F1,75,,,,,
2025-06-23,2025-06-23,FO,NSE,IDO,56605,,NIFTY,,2025-07-03,2025-07-03,24800.00,CE,NIFTY2570324800CE,383.30,431.95,267.45,353.30,352.00,451.70,24971.90,353.30,435450,20625,30180,56862842460.00,19020,F1,75,,,,,
2025-06-23,2025-06-23,FO,NSE,IDO,56925,,NIFTY,,2025-07-03,2025-07-03,25600.00,CE,NIFTY2570325600CE,40.05,55.00,26.50,35.05,34.00,62.25,24971.90,35.05,444375,-55725,49421,95018862356.25,27530,F1,75,,,,,
2025-06-23,2025-06-23,FO,NSE,IDO,38165,,NIFTY,,2027-12-30,2027-12-30,29000.00,PE,NIFTY27DEC29000PE,0.00,0.00,0.00,4227.50,0.00,4227.50,24971.90,2607.60,0,0,0,0.00,0,F1,75,,,,,
2025-06-23,2025-06-23,FO,NSE,IDO,58698,,NIFTY,,2025-07-03,2025-07-03,26350.00,CE,NIFTY2570326350CE,2.75,3.35,2.30,2.50,2.35,3.40,24971.90,2.50,134850,525,2603,5144725252.50,1318,F1,75,,,,,
2025-06-23,2025-06-23,FO,NSE,IDO,58717,,NIFTY,,2025-07-03,2025-07-03,26600.00,CE,NIFTY2570326600CE,2.05,2.40,1.85,2.05,1.90,2.20,24971.90,2.05,494025,66300,14733,29394694676.25,3638,F1,75,,,,,
2025-06-23,2025-06-23,FO,NSE,IDO,39894,,NIFTY,,2025-07-10,2025-07-10,23450.00,CE,NIFTY2571023450CE,1609.85,1609.85,1609.45,1609.65,1609.45,1709.40,24971.90,1609.65,225,150,2,3758947.50,2,F1,75,,,,,
2025-06-23,2025-06-23,FO,NSE,IDO,39917,,NIFTY,,2025-07-10,2025-07-10,23750.00,CE,NIFTY2571023750CE,1313.30,1313.30,1313.30,1313.30,1313.30,1415.70,24971.90,1313.30,150,75,1,1879747.50,1,F1,75,,,,,
2025-06-23,2025-06-23,FO,NSE,IDO,39946,,NIFTY,,2025-07-10,2025-07-10,24200.00,CE,NIFTY2571024200CE,919.05,919.05,919.05,919.05,919.05,992.15,24971.90,919.05,150,75,1,1883928.75,1,F1,75,,,,,
2025-06-23,2025-06-23,FO,NSE,IDO,39996,,NIFTY,,2025-07-10,2025-07-10,24750.00,CE,NIFTY2571024750CE,444.75,525.75,380.00,471.15,474.50,556.30,24971.90,471.15,5025,525,358,676288845.00,198,F1,75,,,,,
2025-06-23,2025-06-23,FO,NSE,IDO,40022,,NIFTY,,2025-07-10,2025-07-10,25100.00,CE,NIFTY2571025100CE,210.00,313.50,200.00,259.15,252.00,327.70,24971.90,259.15,78525,13575,2593,4929263448.75,1813,F1,75,,,,,
2025-06-23,2025-06-23,FO,NSE,IDO,40060,,NIFTY,,2025-07-10,2025-07-10,25650.00,CE,NIFTY2571025650CE,60.75,90.00,50.35,66.35,66.15,99.30,24971.90,66.35,30150,24150,727,1402229115.00,548,F1,75,,,,,
2025-06-23,2025-06-23,FO,NSE,IDO,40102,,NIFTY,,2025-07-10,2025-07-10,26250.00,CE,NIFTY2571026250CE,6.45,13.55,6.45,10.05,9.85,13.75,24971.90,10.05,5325,-450,186,366326062.50,63,F1,75,,,,,
2025-06-23,2025-06-23,FO,NSE,IDO,39990,,NIFTY,,2026-06-25,2026-06-25,19000.00,PE,NIFTY26JUN19000PE,0.00,0.00,0.00,205.70,205.70,205.70,24971.90,33.50,250,0,0,0.00,0,F1,75,,,,,
2025-06-23,2025-06-23,FO,NSE,IDO,58627,,NIFTY,,2026-06-25,2026-06-25,22000.00,PE,NIFTY26JUN22000PE,0.00,0.00,0.00,290.00,290.00,290.00,24971.90,262.70,2400,0,0,0.00,0,F1,75,,,,,
2025-06-23,2025-06-23,FO,NSE,IDO,71565,,NIFTY,,2027-06-24,2027-06-24,26000.00,PE,NIFTY27JUN26000PE,0.00,0.00,0.00,6202.20,0.00,6202.20,24971.90,1438.15,0,0,0,0.00,0,F1,75,,,,,
2025-06-23,2025-06-23,FO,NSE,IDO,35347,,NIFTY,,2027-12-30,2027-12-30,30000.00,PE,NIFTY27DEC30000PE,0.00,0.00,0.00,4140.90,0.00,4140.90,24971.90,3096.60,0,0,0,0.00,0,F1,75,,,,,
2025-06-23,2025-06-23,FO,NSE,IDO,86142,,NIFTY,,2028-06-29,2028-06-29,19000.00,PE,NIFTY28JUN19000PE,0.00,0.00,0.00,537.45,0.00,537.45,24971.90,151.30,0,0,0,0.00,0,F1,75,,,,,
2025-06-23,2025-06-23,FO,NSE,IDO,86162,,NIFTY,,2028-06-29,2028-06-29,26000.00,PE,NIFTY28JUN26000PE,0.00,0.00,0.00,2370.30,0.00,2370.30,24971.90,1367.20,0,0,0,0.00,0,F1,75,,,,,
2025-06-23,2025-06-23,FO,NSE,IDO,86168,,NIFTY,,2028-06-29,2028-06-29,29000.00,PE,NIFTY28JUN29000PE,0.00,0.00,0.00,3595.90,0.00,3595.90,24971.90,2460.35,0,0,0,0.00,0,F1,75,,,,,
2025-06-23,2025-06-23,FO,NSE,IDO,67791,,NIFTY,,2028-12-28,2028-12-28,28000.00,PE,NIFTY28DEC28000PE,0.00,0.00,0.00,1697.60,0.00,1697.60,24971.90,1953.15,0,0,0,0.00,0,F1,75,,,,,
2025-06-23,2025-06-23,FO,NSE,IDO,67795,,NIFTY,,2028-12-28,2028-12-28,30000.00,PE,NIFTY28DEC30000PE,0.00,0.00,0.00,2352.75,0.00,2352.75,24971.90,2726.85,0,0,0,0.00,0,F1,75,,,,,
2025-06-23,2025-06-23,FO,NSE,IDO,61391,,NIFTY,,2029-12-27,2029-12-27,18000.00,PE,NIFTY29DEC18000PE,0.00,0.00,0.00,96.50,0.00,96.50,24971.90,128.60,0,0,0,0.00,0,F1,75,,,,,
2025-06-23,2025-06-23,FO,NSE,IDO,61779,,NIFTY,,2029-12-27,2029-12-27,26000.00,PE,NIFTY29DEC26000PE,0.00,0.00,0.00,969.60,0.00,969.60,24971.90,1222.30,0,0,0,0.00,0,F1,75,,,,,
2025-06-23,2025-06-23,FO,NSE,IDO,45865,,NIFTY,,2025-06-26,2025-06-26,17000.00,CE,NIFTY25JUN17000CE,7972.00,8013.50,7846.80,7997.85,7985.00,8112.00,24971.90,7997.85,182950,-2325,43,80429366.25,25,F1,75,,,,,
2025-06-23,2025-06-23,FO,NSE,IDO,38373,,NIFTY,,2025-06-26,2025-06-26,20000.00,CE,NIFTY25JUN20000CE,4960.00,5090.15,4845.00,4999.65,4987.00,5116.25,24971.90,4999.65,267450,-28350,574,1074752448.75,421,F1,75,,,,,
2025-06-23,2025-06-23,FO,NSE,IDO,62125,,NIFTY,,2025-06-26,2025-06-26,21150.00,CE,NIFTY25JUN21150CE,0.00,0.00,0.00,3811.00,3811.00,3811.00,24971.90,3832.30,675,0,0,0.00,0,F1,75,,,,,
2025-06-23,2025-06-23,FO,NSE,IDO,62197,,NIFTY,,2025-06-26,2025-06-26,22450.00,CE,NIFTY25JUN22450CE,0.00,0.00,0.00,2551.50,2551.50,2551.50,24971.90,2532.95,2100,0,0,0.00,0,F1,75,,,,,
2025-06-23,2025-06-23,FO,NSE,IDO,62201,,NIFTY,,2025-06-26,2025-06-26,22550.00,CE,NIFTY25JUN22550CE,2447.55,2447.85,2447.55,2447.85,2447.85,2277.75,24971.90,2433.00,2100,0,13,24372641.25,3,F1,75,,,,,
2025-06-23,2025-06-23,FO,NSE,IDO,62331,,NIFTY,,2025-06-26,2025-06-26,23550.00,CE,NIFTY25JUN23550CE,1327.85,1541.30,1327.85,1541.30,1541.30,1581.85,24971.90,1433.50,3975,0,9,16878630.00,8,F1,75,,,,,
2025-06-23,2025-06-23,FO,NSE,IDO,62335,,NIFTY,,2025-06-26,2025-06-26,23650.00,CE,NIFTY25JUN23650CE,1250.00,1342.25,1210.00,1342.25,1342.20,1175.40,24971.90,1342.25,1950,-375,17,31784857.50,17,F1,75,,,,,
2025-06-23,2025-06-23,FO,NSE,IDO,62431,,NIFTY,,2025-06-26,2025-06-26,25750.00,CE,NIFTY25JUN25750CE,5.00,5.00,2.15,2.75,2.25,7.20,24971.90,2.75,1637025,516825,735022,1419679635648.75,118032,F1,75,,,,,
2025-06-23,2025-06-23,FO,NSE,IDO,62441,,NIFTY,,2025-06-26,2025-06-26,25900.00,CE,NIFTY25JUN25900CE,3.10,3.10,1.60,1.85,1.60,3.80,24971.90,1.85,3227250,592725,689498,1339459889700.00,112957,F1,75,,,,,
2025-06-23,2025-06-23,FO,NSE,IDO,62445,,NIFTY,,2025-06-26,2025-06-26,26050.00,CE,NIFTY25JUN26050CE,2.40,2.40,1.40,1.60,1.50,2.40,24971.90,1.60,991725,-171075,110480,215864315445.00,21873,F1,75,,,,,
2025-06-23,2025-06-23,FO,NSE,IDO,62459,,NIFTY,,2025-06-26,2025-06-26,26150.00,CE,NIFTY25JUN26150CE,2.20,2.20,1.20,1.50,1.30,1.85,24971.90,1.50,910275,78600,95563,187433727742.50,19046,F1,75,,,,,
2025-06-23,2025-06-23,FO,NSE,IDO,62467,,NIFTY,,2025-06-26,2025-06-26,26350.00,CE,NIFTY25JUN26350CE,1.40,1.55,1.00,1.30,1.05,1.35,24971.90,1.30,600675,-14775,52693,104139745413.75,9781,F1,75,,,,,
2025-06-23,2025-06-23,FO,NSE,IDO,62487,,NIFTY,,2025-06-26,2025-06-26,26650.00,CE,NIFTY25JUN26650CE,1.15,1.40,1.00,1.15,1.20,1.10,24971.90,1.15,483225,101025,33436,66833178360.00,6186,F1,75,,,,,
2025-06-23,2025-06-23,FO,NSE,IDO,62501,,NIFTY,,2025-06-26,2025-06-26,26700.00,CE,NIFTY25JUN26700CE,1.35,1.40,0.95,1.15,1.10,1.10,24971.90,1.15,1333125,73725,57699,115547269740.00,9022,F1,75,,,,,
2025-06-23,2025-06-23,FO,NSE,IDO,56083,,NIFTY,,2025-07-03,2025-07-03,23100.00,CE,NIFTY2570323100CE,1910.25,1910.25,1910.25,1910.25,1910.25,2023.25,24971.90,1910.25,300,75,1,1875768.75,1,F1,75,,,,,
2025-06-23,2025-06-23,FO,NSE,IDO,56093,,NIFTY,,2025-07-03,2025-07-03,23300.00,CE,NIFTY2570323300CE,1660.00,1692.95,1660.00,1692.95,1692.95,1809.95,24971.90,1692.95,525,300,4,7490471.25,4,F1,75,,,,,
2025-06-23,2025-06-23,FO,NSE,IDO,56452,,NIFTY,,2025-07-03,2025-07-03,24250.00,CE,NIFTY2570324250CE,700.00,842.30,676.15,820.95,820.95,913.65,24971.90,809.05,900,150,33,61926262.50,30,F1,75,,,,,
2025-06-23,2025-06-23,FO,NSE,IDO,56496,,NIFTY,,2025-07-03,2025-07-03,24500.00,CE,NIFTY2570324500CE,613.00,669.65,464.70,584.65,589.55,697.40,24971.90,584.65,151500,33825,6826,12823331707.50,4526,F1,75,,,,,
2025-06-23,2025-06-23,FO,NSE,IDO,57484,,NIFTY,,2025-07-03,2025-07-03,26000.00,CE,NIFTY2570326000CE,13.00,13.00,6.60,7.30,7.10,14.60,24971.90,7.30,1239825,198900,63572,124004458042.50,28967,F1,75,,,,,
2025-06-23,2025-06-23,FO,NSE,IDO,58683,,NIFTY,,2025-07-03,2025-07-03,26150.00,CE,NIFTY2570326150CE,5.10,6.20,3.75,4.05,3.80,7.80,24971.90,4.05,82575,46050,5079,9962910708.75,2757,F1,75,,,,,
2025-06-23,2025-06-23,FO,NSE,IDO,58687,,NIFTY,,2025-07-03,2025-07-03,26250.00,CE,NIFTY2570326250CE,5.05,5.05,2.95,3.25,2.95,5.05,24971.90,3.25,71475,30450,3071,6046839566.25,1832,F1,75,,,,,
2025-06-23,2025-06-23,FO,NSE,IDO,39920,,NIFTY,,2025-07-10,2025-07-10,23800.00,CE,NIFTY2571023800CE,1277.90,1277.90,1277.50,1277.70,1277.50,1374.75,24971.90,1277.70,225,150,2,3761655.00,2,F1,75,,,,,
2025-06-23,2025-06-23,FO,NSE,IDO,39966,,NIFTY,,2025-07-10,2025-07-10,24400.00,CE,NIFTY2571024400CE,679.95,785.25,630.55,760.00,760.00,813.20,24971.90,767.30,1875,1575,62,116594917.50,35,F1,75,,,,,
2025-06-23,2025-06-23,FO,NSE,IDO,40074,,NIFTY,,2025-07-10,2025-07-10,25850.00,CE,NIFTY2571025850CE,0.00,0.00,0.00,192.70,0.00,192.70,24971.90,99.45,0,0,0,0.00,0,F1,75,,,,,
2025-06-23,2025-06-23,FO,NSE,IDO,40078,,NIFTY,,2025-07-10,2025-07-10,25950.00,CE,NIFTY2571025950CE,0.00,0.00,0.00,170.50,0.00,170.50,24971.90,82.05,0,0,0,0.00,0,F1,75,,,,,
2025-06-23,2025-06-23,FO,NSE,IDO,40114,,NIFTY,,2025-07-10,2025-07-10,26450.00,CE,NIFTY2571026450CE,6.85,7.15,4.65,6.10,6.10,49.85,24971.90,6.10,1800,1725,60,119054782.50,18,F1,75,,,,,
2025-06-23,2025-06-23,FO,NSE,IDO,47132,,NIFTY,,2025-07-17,2025-07-17,23150.00,CE,NIFTY2571723150CE,0.00,0.00,0.00,1913.50,0.00,1913.50,24971.90,1926.55,0,0,0,0.00,0,F1,75,,,,,
2025-06-23,2025-06-23,FO,NSE,IDO,47185,,NIFTY,,2025-07-17,2025-07-17,23850.00,CE,NIFTY2571723850CE,0.00,0.00,0.00,1304.20,0.00,1304.20,24971.90,1282.10,0,0,0,0.00,0,F1,75,,,,,
2025-06-23,2025-06-23,FO,NSE,IDO,47187,,NIFTY,,2025-07-17,2025-07-17,23900.00,CE,NIFTY2571723900CE,0.00,0.00,0.00,1264.05,0.00,1264.05,24971.90,1239.10,0,0,0,0.00,0,F1,75,,,,,
2025-06-23,2025-06-23,FO,NSE,IDO,47239,,NIFTY,,2025-07-17,2025-07-17,24450.00,CE,NIFTY2571724450CE,0.00,0.00,0.00,861.65,0.00,861.65,24971.90,806.45,0,0,0,0.00,0,F1,75,,,,,
2025-06-23,2025-06-23,FO,NSE,IDO,47247,,NIFTY,,2025-07-17,2025-07-17,24600.00,CE,NIFTY2571724600CE,601.50,700.00,554.40,630.00,630.00,732.65,24971.90,630.00,3375,675,43,81281216.25,40,F1,75,,,,,
2025-06-23,2025-06-23,FO,NSE,IDO,47282,,NIFTY,,2025-07-17,2025-07-17,25150.00,CE,NIFTY2571725150CE,273.40,334.45,242.30,300.05,296.70,363.30,24971.90,300.05,3525,975,50,95405595.00,41,F1,75,,,,,
2025-06-23,2025-06-23,FO,NSE,IDO,49395,,NIFTY,,2025-07-24,2025-07-24,23550.00,CE,NIFTY2572423550CE,0.00,0.00,0.00,1470.20,0.00,1470.20,24971.90,1600.40,0,0,0,0.00,0,F1,75,,,,,
2025-06-23,2025-06-23,FO,NSE,IDO,49397,,NIFTY,,2025-07-24,2025-07-24,23600.00,CE,NIFTY2572423600CE,0.00,0.00,0.00,1427.85,0.00,1427.85,24971.90,1556.00,0,0,0,0.00,0,F1,75,,,,,
2025-06-23,2025-06-23,FO,NSE,IDO,49411,,NIFTY,,2025-07-24,2025-07-24,23750.00,CE,NIFTY2572423750CE,0.00,0.00,0.00,1303.75,0.00,1303.75,24971.90,1425.25,0,0,0,0.00,0,F1,75,,,,,
2025-06-23,2025-06-23,FO,NSE,IDO,49453,,NIFTY,,2025-07-24,2025-07-24,24350.00,CE,NIFTY2572424350CE,0.00,0.00,0.00,858.90,0.00,858.90,24971.90,949.15,0,0,0,0.00,0,F1,75,,,,,
2025-06-23,2025-06-23,FO,NSE,IDO,49481,,NIFTY,,2025-07-24,2025-07-24,24850.00,CE,NIFTY2572424850CE,531.00,578.45,528.80,543.45,543.45,564.40,24971.90,626.60,1350,1350,18,34286130.00,9,F1,75,,,,,
2025-06-23,2025-06-23,FO,NSE,IDO,49519,,NIFTY,,2025-07-24,2025-07-24,25200.00,CE,NIFTY2572425200CE,301.95,369.75,271.60,323.95,323.50,387.60,24971.90,323.95,2550,975,263,503727071.25,147,F1,75,,,,,
2025-06-23,2025-06-23,FO,NSE,IDO,55763,,NIFTY,,2025-07-31,2025-07-31,24150.00,CE,NIFTY25JUL24150CE,992.25,1075.45,992.25,1075.45,1075.45,1030.75,24971.90,1159.10,1425,-150,2,3777577.50,2,F1,75,,,,,
2025-06-23,2025-06-23,FO,NSE,IDO,55783,,NIFTY,,2025-07-31,2025-07-31,24600.00,CE,NIFTY25JUL24600CE,751.50,805.20,641.80,744.10,737.95,825.75,24971.90,744.10,132525,12450,1143,2168621808.75,685,F1,75,,,,,
2025-06-23,2025-06-23,FO,NSE,IDO,55795,,NIFTY,,2025-07-31,2025-07-31,24900.00,CE,NIFTY25JUL24900CE,579.95,607.20,457.85,543.85,541.35,618.35,24971.90,543.85,429600,24000,10823,20630073971.25,7056,F1,75,,,,,
2025-06-23,2025-06-23,FO,NSE,IDO,55811,,NIFTY,,2025-07-31,2025-07-31,25300.00,CE,NIFTY25JUL25300CE,354.20,372.60,266.00,320.50,321.75,381.90,24971.90,320.50,266025,59625,7400,14213886570.00,4833,F1,75,,,,,
2025-06-23,2025-06-23,FO,NSE,IDO,55844,,NIFTY,,2025-07-31,2025-07-31,25900.00,CE,NIFTY25JUL25900CE,110.00,145.00,96.05,119.35,117.95,147.80,24971.90,119.35,191100,35775,4718,9204740666.25,2741,F1,75,,,,,
2025-06-23,2025-06-23,FO,NSE,IDO,55861,,NIFTY,,2025-07-31,2025-07-31,26300.00,CE,NIFTY25JUL26300CE,54.40,65.75,42.85,52.25,51.45,66.70,24971.90,52.25,245925,-34350,5942,11743468361.25,3179,F1,75,,,,,
2025-06-23,2025-06-23,FO,NSE,IDO,71835,,NIFTY,,2025-08-28,2025-08-28,22850.00,CE,NIFTY25AUG22850CE,2396.20,2396.20,2396.20,2396.20,2396.20,2485.00,24971.90,2396.20,75,75,1,1893465.00,1,F1,75,,,,,
2025-06-23,2025-06-23,FO,NSE,IDO,71837,,NIFTY,,2025-08-28,2025-08-28,22900.00,CE,NIFTY25AUG22900CE,2350.20,2350.20,2350.20,2350.20,2350.20,2442.55,24971.90,2350.20,75,75,1,1893765.00,1,F1,75,,,,,
2025-06-23,2025-06-23,FO,NSE,IDO,71856,,NIFTY,,2025-08-28,2025-08-28,23350.00,CE,NIFTY25AUG23350CE,0.00,0.00,0.00,1993.75,1993.75,1993.75,24971.90,2003.10,75,0,0,0.00,0,F1,75,,,,,
2025-06-23,2025-06-23,FO,NSE,IDO,71914,,NIFTY,,2025-08-28,2025-08-28,23650.00,CE,NIFTY25AUG23650CE,1685.85,1685.85,1685.85,1685.85,1685.85,1739.50,24971.90,1685.85,150,75,1,1900188.75,1,F1,75,,,,,
2025-06-23,2025-06-23,FO,NSE,IDO,71928,,NIFTY,,2025-08-28,2025-08-28,23900.00,CE,NIFTY25AUG23900CE,1477.20,1477.20,1477.20,1477.20,1477.20,1553.15,24971.90,1477.20,225,75,1,1903290.00,1,F1,75,,,,,
2025-06-23,2025-06-23,FO,NSE,IDO,71932,,NIFTY,,2025-08-28,2025-08-28,24000.00,CE,NIFTY25AUG24000CE,1250.00,1450.00,1250.00,1383.95,1378.00,1472.10,24971.90,1383.95,37875,2400,170,323186261.25,121,F1,75,,,,,
2025-06-23,2025-06-23,FO,NSE,IDO,71948,,NIFTY,,2025-08-28,2025-08-28,24350.00,CE,NIFTY25AUG24350CE,1086.00,1086.00,1086.00,1086.00,1086.00,1220.10,24971.90,1239.60,75,0,1,1907700.00,1,F1,75,,,,,
2025-06-23,2025-06-23,FO,NSE,IDO,72038,,NIFTY,,2025-08-28,2025-08-28,25300.00,CE,NIFTY25AUG25300CE,565.40,565.40,455.00,519.50,511.80,580.10,24971.90,519.50,11925,-3525,192,371441006.25,136,F1,75,,,,,
2025-06-23,2025-06-23,FO,NSE,IDO,72087,,NIFTY,,2025-08-28,2025-08-28,25500.00,CE,NIFTY25AUG25500CE,431.00,465.00,366.75,419.05,414.00,480.45,24971.90,419.05,176625,7875,2689,5223955897.50,1454,F1,75,,,,,
2025-06-23,2025-06-23,FO,NSE,IDO,72326,,NIFTY,,2025-08-28,2025-08-28,26750.00,CE,NIFTY25AUG26750CE,0.00,0.00,0.00,335.65,0.00,335.65,24971.90,224.10,0,0,0,0.00,0,F1,75,,,,,
2025-06-23,2025-06-23,FO,NSE,IDO,72328,,NIFTY,,2025-08-28,2025-08-28,26800.00,CE,NIFTY25AUG26800CE,81.60,82.55,60.05,70.50,70.45,83.35,24971.90,70.50,16950,5175,506,1019837235.00,195,F1,75,,,,,
2025-06-23,2025-06-23,FO,NSE,IDO,64698,,NIFTY,,2025-09-25,2025-09-25,27000.00,CE,NIFTY25SEP27000CE,140.00,153.25,128.05,139.70,138.00,159.20,24971.90,139.70,551775,19050,3371,6861215448.75,2042,F1,75,,,,,
2025-06-23,2025-06-23,FO,NSE,IDO,37795,,NIFTY,,2025-12-24,2025-12-24,23000.00,CE,NIFTY25DEC23000CE,2831.00,2920.00,2759.35,2869.20,2857.80,2963.30,24971.90,2869.20,438700,-2100,102,197491882.50,82,F1,75,,,,,
2025-06-23,2025-06-23,FO,NSE,IDO,62935,,NIFTY,,2026-03-26,2026-03-26,29000.00,CE,NIFTY26MAR29000CE,0.00,0.00,0.00,440.50,0.00,440.50,24971.90,557.70,0,0,0,0.00,0,F1,75,,,,,
2025-06-23,2025-06-23,FO,NSE,IDO,58636,,NIFTY,,2026-12-31,2026-12-31,16000.00,CE,NIFTY26DEC16000CE,0.00,0.00,0.00,6200.00,6200.00,6200.00,24971.90,10407.00,50,0,0,0.00,0,F1,75,,,,,
2025-06-23,2025-06-23,FO,NSE,IDO,58644,,NIFTY,,2026-12-31,2026-12-31,20000.00,CE,NIFTY26DEC20000CE,0.00,0.00,0.00,3704.30,0.00,3704.30,24971.90,6887.40,0,0,0,0.00,0,F1,75,,,,,
2025-06-23,2025-06-23,FO,NSE,IDO,58648,,NIFTY,,2026-12-31,2026-12-31,22000.00,CE,NIFTY26DEC22000CE,0.00,0.00,0.00,3362.20,3362.20,3362.20,24971.90,5290.80,150,0,0,0.00,0,F1,75,,,,,
2025-06-23,2025-06-23,FO,NSE,IDO,50978,,NIFTY,,2026-12-31,2026-12-31,27000.00,CE,NIFTY26DEC27000CE,1804.25,1804.25,1804.25,1804.25,1804.25,1804.25,24971.90,2266.15,23025,75,2,4320637.50,2,F1,75,,,,,
2025-06-23,2025-06-23,FO,NSE,IDO,71545,,NIFTY,,2027-06-24,2027-06-24,17000.00,CE,NIFTY27JUN17000CE,0.00,0.00,0.00,4464.70,0.00,4464.70,24971.90,9968.20,0,0,0,0.00,0,F1,75,,,,,
2025-06-23,2025-06-23,FO,NSE,IDO,50981,,NIFTY,,2027-06-24,2027-06-24,27000.00,CE,NIFTY27JUN27000CE,0.00,0.00,0.00,1932.50,0.00,1932.50,24971.90,2925.60,0,0,0,0.00,0,F1,75,,,,,
2025-06-23,2025-06-23,FO,NSE,IDO,86165,,NIFTY,,2028-06-29,2028-06-29,28000.00,CE,NIFTY28JUN28000CE,0.00,0.00,0.00,2596.45,0.00,2596.45,24971.90,3765.65,0,0,0,0.00,0,F1,75,,,,,
2025-06-23,2025-06-23,FO,NSE,IDO,35352,,NIFTY,,2028-06-29,2028-06-29,30000.00,CE,NIFTY28JUN30000CE,0.00,0.00,0.00,2278.45,0.00,2278.45,24971.90,2951.70,0,0,0,0.00,0,F1,75,,,,,
2025-06-23,2025-06-23,FO,NSE,IDO,89624,,NIFTY,,2029-06-28,2029-06-28,21000.00,CE,NIFTY29JUN21000CE,0.00,0.00,0.00,9799.75,0.00,9799.75,24971.90,8920.50,0,0,0,0.00,0,F1,75,,,,,
2025-06-23,2025-06-23,FO,NSE,IDO,89632,,NIFTY,,2029-06-28,2029-06-28,25000.00,CE,NIFTY29JUN25000CE,0.00,0.00,0.00,7557.70,0.00,7557.70,24971.90,6466.10,0,0,0,0.00,0,F1,75,,,,,
2025-06-23,2025-06-23,FO,NSE,IDO,89642,,NIFTY,,2029-06-28,2029-06-28,30000.00,CE,NIFTY29JUN30000CE,0.00,0.00,0.00,5268.40,0.00,5268.40,24971.90,4092.40,0,0,0,0.00,0,F1,75,,,,,
2025-06-23,2025-06-23,FO,NSE,IDO,61659,,NIFTY,,2029-12-27,2029-12-27,21000.00,CE,NIFTY29DEC21000CE,0.00,0.00,0.00,9463.95,0.00,9463.95,24971.90,9419.40,0,0,0,0.00,0,F1,75,,,,,
2025-06-23,2025-06-23,FO,NSE,IDO,62162,,NIFTY,,2025-06-26,2025-06-26,21750.00,PE,NIFTY25JUN21750PE,1.40,2.00,0.95,1.75,1.65,1.40,24971.90,1.75,85800,58650,18294,29843951932.50,4173,F1,75,,,,,
2025-06-23,2025-06-23,FO,NSE,IDO,62192,,NIFTY,,2025-06-26,2025-06-26,22300.00,PE,NIFTY25JUN22300PE,2.15,2.35,1.30,2.15,2.15,2.15,24971.90,2.15,217800,-12825,34920,58407923823.75,6731,F1,75,,,,,
2025-06-23,2025-06-23,FO,NSE,IDO,62200,,NIFTY,,2025-06-26,2025-06-26,22500.00,PE,NIFTY25JUN22500PE,2.20,2.55,1.35,2.30,2.45,2.40,24971.90,2.30,2905050,-946050,178951,302003431980.00,30644,F1,75,,,,,
2025-06-23,2025-06-23,FO,NSE,IDO,62202,,NIFTY,,2025-06-26,2025-06-26,22550.00,PE,NIFTY25JUN22550PE,2.50,2.50,1.45,2.35,2.45,2.50,24971.90,2.35,168600,6900,26011,43994623927.50,4637,F1,75,,,,,
2025-06-23,2025-06-23,FO,NSE,IDO,62210,,NIFTY,,2025-06-26,2025-06-26,22750.00,PE,NIFTY25JUN22750PE,2.70,2.90,1.65,2.55,2.50,3.05,24971.90,2.55,192525,-66075,37275,63606144675.00,6699,F1,75,,,,,
2025-06-23,2025-06-23,FO,NSE,IDO,62308,,NIFTY,,2025-06-26,2025-06-26,23150.00,PE,NIFTY25JUN23150PE,4.60,6.00,2.45,3.30,3.20,4.80,24971.90,3.30,247050,4875,57055,99074288778.75,14626,F1,75,,,,,
2025-06-23,2025-06-23,FO,NSE,IDO,71380,,NIFTY,,2025-06-26,2025-06-26,24000.00,PE,NIFTY25JUN24000PE,15.90,16.15,7.70,9.20,8.05,14.80,24971.90,9.20,10768825,992325,911844,1642013517862.50,225250,F1,75,,,,,
2025-06-23,2025-06-23,FO,NSE,IDO,62386,,NIFTY,,2025-06-26,2025-06-26,24750.00,PE,NIFTY25JUN24750PE,68.00,122.20,48.15,59.45,57.50,58.85,24971.90,59.45,1940775,196725,745323,1388067485171.25,415930,F1,75,,,,,
2025-06-23,2025-06-23,FO,NSE,IDO,62398,,NIFTY,,2025-06-26,2025-06-26,24950.00,PE,NIFTY25JUN24950PE,135.00,220.00,90.50,115.15,115.10,99.20,24971.90,115.15,2756475,959850,1446249,2721792471543.75,883548,F1,75,,,,,
2025-06-23,2025-06-23,FO,NSE,IDO,62400,,NIFTY,,2025-06-26,2025-06-26,25050.00,PE,NIFTY25JUN25050PE,160.00,285.55,124.80,159.40,160.05,131.05,24971.90,159.40,1863975,-430200,545733,1032365604971.25,351513,F1,75,,,,,
2025-06-23,2025-06-23,FO,NSE,IDO,62424,,NIFTY,,2025-06-26,2025-06-26,25550.00,PE,NIFTY25JUN25550PE,556.90,724.00,479.20,564.65,566.80,458.90,24971.90,564.65,13200,1425,695,1363311176.25,404,F1,75,,,,,
2025-06-23,2025-06-23,FO,NSE,IDO,62426,,NIFTY,,2025-06-26,2025-06-26,25600.00,PE,NIFTY25JUN25600PE,600.00,774.00,517.45,615.30,614.20,503.85,24971.90,615.30,59475,-6225,1626,3201166878.75,1008,F1,75,,,,,
2025-06-23,2025-06-23,FO,NSE,IDO,50970,,NIFTY,,2025-06-26,2025-06-26,27000.00,PE,NIFTY25JUN27000PE,1997.80,2176.60,1912.70,2010.05,2015.45,1890.70,24971.90,2010.05,741150,-15450,1542,3357442717.50,1277,F1,75,,,,,
2025-06-23,2025-06-23,FO,NSE,IDO,50538,,NIFTY,,2025-06-26,2025-06-26,28000.00,PE,NIFTY25JUN28000PE,3054.80,3169.10,2912.00,2999.70,3011.15,2886.15,24971.90,2999.70,274650,-19050,483,1125151698.75,337,F1,75,,,,,
2025-06-23,2025-06-23,FO,NSE,IDO,56088,,NIFTY,,2025-07-03,2025-07-03,23200.00,PE,NIFTY2570323200PE,14.00,16.00,8.00,9.55,8.85,12.15,24971.90,9.55,185475,90900,6701,11665035615.00,4495,F1,75,,,,,
2025-06-23,2025-06-23,FO,NSE,IDO,56210,,NIFTY,,2025-07-03,2025-07-03,23550.00,PE,NIFTY2570323550PE,20.00,26.40,14.20,16.05,15.40,19.25,24971.90,16.05,34275,7950,2495,4410261266.25,1468,F1,75,,,,,
2025-06-23,2025-06-23,FO,NSE,IDO,56230,,NIFTY,,2025-07-03,2025-07-03,23650.00,PE,NIFTY2570323650PE,21.95,27.00,16.50,19.10,18.00,21.95,24971.90,19.10,46875,23850,2731,4848226211.25,1374,F1,75,,,,,
2025-06-23,2025-06-23,FO,NSE,IDO,56427,,NIFTY,,2025-07-03,2025-07-03,24000.00,PE,NIFTY2570324000PE,55.00,55.00,28.65,33.70,32.30,35.20,24971.90,33.70,1132575,407025,64696,116635217163.75,37454,F1,75,,,,,
2025-06-23,2025-06-23,FO,NSE,IDO,56430,,NIFTY,,2025-07-03,2025-07-03,24050.00,PE,NIFTY2570324050PE,41.10,53.90,30.95,36.50,34.85,37.70,24971.90,36.50,89475,57450,7733,13971897517.50,3746,F1,75,,,,,
2025-06-23,2025-06-23,FO,NSE,IDO,56440,,NIFTY,,2025-07-03,2025-07-03,24150.00,PE,NIFTY2570324150PE,48.05,65.15,37.45,43.70,41.90,43.65,24971.90,43.70,63300,35025,5505,9992471876.25,3084,F1,75,,,,,
2025-06-23,2025-06-23,FO,NSE,IDO,56604,,NIFTY,,2025-07-03,2025-07-03,24750.00,PE,NIFTY2570324750PE,150.15,210.15,121.30,140.15,138.95,123.35,24971.90,140.15,97350,14700,15360,28704595537.50,9565,F1,75,,,,,
2025-06-23,2025-06-23,FO,NSE,IDO,57008,,NIFTY,,2025-07-03,2025-07-03,25700.00,PE,NIFTY2570325700PE,703.40,867.35,659.35,720.25,724.40,626.30,24971.90,720.25,2325,-150,116,230356278.75,64,F1,75,,,,,
2025-06-23,2025-06-23,FO,NSE,IDO,57342,,NIFTY,,2025-07-03,2025-07-03,25950.00,PE,NIFTY2570325950PE,1012.00,1019.55,908.20,918.90,918.90,849.20,24971.90,967.85,300,-300,9,18168382.50,9,F1,75,,,,,
2025-06-23,2025-06-23,FO,NSE,IDO,58684,,NIFTY,,2025-07-03,2025-07-03,26150.00,PE,NIFTY2570326150PE,1120.30,1120.30,1120.30,1120.30,1120.30,1050.55,24971.90,1152.90,225,75,1,2045272.50,1,F1,75,,,,,
2025-06-23,2025-06-23,FO,NSE,IDO,58727,,NIFTY,,2025-07-03,2025-07-03,26750.00,PE,NIFTY2570326750PE,1727.65,1727.65,1727.65,1727.65,1727.65,1625.60,24971.90,1736.45,600,75,1,2135823.75,1,F1,75,,,,,
2025-06-23,2025-06-23,FO,NSE,IDO,39881,,NIFTY,,2025-07-10,2025-07-10,23250.00,PE,NIFTY2571023250PE,22.10,23.20,18.10,19.10,19.85,24.75,24971.90,19.10,5250,2100,52,90754837.50,28,F1,75,,,,,
2025-06-23,2025-06-23,FO,NSE,IDO,39883,,NIFTY,,2025-07-10,2025-07-10,23300.00,PE,NIFTY2571023300PE,23.95,28.55,19.35,21.85,21.10,22.90,24971.90,21.85,16575,8625,298,521289056.25,194,F1,75,,,,,
2025-06-23,2025-06-23,FO,NSE,IDO,39919,,NIFTY,,2025-07-10,2025-07-10,23750.00,PE,NIFTY2571023750PE,40.00,43.45,37.25,41.00,41.00,39.20,24971.90,41.00,5475,5025,93,165946305.00,50,F1,75,,,,,
2025-06-23,2025-06-23,FO,NSE,IDO,39933,,NIFTY,,2025-07-10,2025-07-10,23950.00,PE,NIFTY2571023950PE,65.00,65.00,50.00,54.50,54.50,52.35,24971.90,54.50,5850,4950,97,174641748.75,42,F1,75,,,,,
2025-06-23,2025-06-23,FO,NSE,IDO,39963,,NIFTY,,2025-07-10,2025-07-10,24300.00,PE,NIFTY2571024300PE,96.95,132.00,82.75,93.95,88.90,86.50,24971.90,93.95,71775,9900,1290,2361286642.50,916,F1,75,,,,,
2025-06-23,2025-06-23,FO,NSE,IDO,39965,,NIFTY,,2025-07-10,2025-07-10,24350.00,PE,NIFTY2571024350PE,104.75,139.00,88.85,101.85,101.50,93.55,24971.90,101.85,5625,2400,321,588926216.25,213,F1,75,,,,,
2025-06-23,2025-06-23,FO,NSE,IDO,39995,,NIFTY,,2025-07-10,2025-07-10,24700.00,PE,NIFTY2571024700PE,181.70,244.15,159.85,179.35,180.00,160.70,24971.90,179.35,54375,3525,2653,4955091633.75,1803,F1,75,,,,,
2025-06-23,2025-06-23,FO,NSE,IDO,40034,,NIFTY,,2025-07-10,2025-07-10,25200.00,PE,NIFTY2571025200PE,375.00,496.45,340.95,385.65,388.00,336.70,24971.90,385.65,22575,-7050,1103,2118634016.25,727,F1,75,,,,,
2025-06-23,2025-06-23,FO,NSE,IDO,40075,,NIFTY,,2025-07-10,2025-07-10,25850.00,PE,NIFTY2571025850PE,835.60,835.60,835.60,835.60,835.60,776.20,24971.90,835.60,150,75,1,2001420.00,1,F1,75,,,,,
2025-06-23,2025-06-23,FO,NSE,IDO,40087,,NIFTY,,2025-07-10,2025-07-10,26100.00,PE,NIFTY2571026100PE,1069.20,1069.20,1069.20,1069.20,1069.20,968.75,24971.90,1069.20,450,75,1,2037690.00,1,F1,75,,,,,
2025-06-23,2025-06-23,FO,NSE,IDO,40111,,NIFTY,,2025-07-10,2025-07-10,26350.00,PE,NIFTY2571026350PE,1308.40,1308.40,1308.40,1308.40,1308.40,1215.30,24971.90,1308.40,225,75,1,2074380.00,1,F1,75,,,,,
2025-06-23,2025-06-23,FO,NSE,IDO,40113,,NIFTY,,2025-07-10,2025-07-10,26400.00,PE,NIFTY2571026400PE,1353.15,1353.15,1353.15,1353.15,1353.15,1261.05,24971.90,1353.15,225,75,1,2081486.25,1,F1,75,,,,,
2025-06-23,2025-06-23,FO,NSE,IDO,40145,,NIFTY,,2025-07-10,2025-07-10,26750.00,PE,NIFTY2571026750PE,1703.85,1703.85,1703.85,1703.85,1703.85,1608.65,24971.90,1717.40,225,75,1,2134038.75,1,F1,75,,,,,
2025-06-23,2025-06-23,FO,NSE,IDO,47234,,NIFTY,,2025-07-17,2025-07-17,24300.00,PE,NIFTY2571724300PE,136.60,162.50,115.30,122.90,123.85,113.85,24971.90,122.90,4350,900,89,163100103.75,76,F1,75,,,,,
2025-06-23,2025-06-23,FO,NSE,IDO,47260,,NIFTY,,2025-07-17,2025-07-17,24650.00,PE,NIFTY2571724650PE,206.05,260.10,185.10,199.65,199.65,184.35,24971.90,253.15,2850,-2400,66,123062313.75,59,F1,75,,,,,
2025-06-23,2025-06-23,FO,NSE,IDO,47306,,NIFTY,,2025-07-17,2025-07-17,25550.00,PE,NIFTY2571725550PE,0.00,0.00,0.00,825.60,0.00,825.60,24971.90,717.95,0,0,0,0.00,0,F1,75,,,,,
2025-06-23,2025-06-23,FO,NSE,IDO,49401,,NIFTY,,2025-07-24,2025-07-24,23600.00,PE,NIFTY2572423600PE,62.40,78.00,62.40,67.80,67.80,62.40,24971.90,61.35,1575,1050,34,60361657.50,23,F1,75,,,,,
2025-06-23,2025-06-23,FO,NSE,IDO,49489,,NIFTY,,2025-07-24,2025-07-24,25000.00,PE,NIFTY2572425000PE,364.95,445.35,327.65,355.00,356.00,323.80,24971.90,355.00,6975,-900,343,652837530.00,254,F1,75,,,,,
2025-06-23,2025-06-23,FO,NSE,IDO,49544,,NIFTY,,2025-07-24,2025-07-24,25450.00,PE,NIFTY2572425450PE,0.00,0.00,0.00,816.70,0.00,816.70,24971.90,688.50,0,0,0,0.00,0,F1,75,,,,,
2025-06-23,2025-06-23,FO,NSE,IDO,49618,,NIFTY,,2025-07-24,2025-07-24,26400.00,PE,NIFTY2572426400PE,0.00,0.00,0.00,1546.75,0.00,1546.75,24971.90,1393.15,0,0,0,0.00,0,F1,75,,,,,
2025-06-23,2025-06-23,FO,NSE,IDO,55676,,NIFTY,,2025-07-31,2025-07-31,22350.00,PE,NIFTY25JUL22350PE,24.15,25.80,18.90,20.90,20.90,23.55,24971.90,20.90,25200,7200,259,434559735.00,142,F1,75,,,,,
2025-06-23,2025-06-23,FO,NSE,IDO,55682,,NIFTY,,2025-07-31,2025-07-31,22500.00,PE,NIFTY25JUL22500PE,25.20,30.00,21.75,23.55,23.50,25.65,24971.90,23.55,1854675,593025,18125,30619560195.00,10111,F1,75,,,,,
2025-06-23,2025-06-23,FO,NSE,IDO,55694,,NIFTY,,2025-07-31,2025-07-31,22800.00,PE,NIFTY25JUL22800PE,40.00,40.35,29.80,32.30,32.25,33.45,24971.90,32.30,270975,-17550,3135,5368660162.50,1271,F1,75,,,,,
2025-06-23,2025-06-23,FO,NSE,IDO,55754,,NIFTY,,2025-07-31,2025-07-31,23900.00,PE,NIFTY25JUL23900PE,113.05,141.35,101.70,112.00,111.50,104.00,24971.90,112.00,365625,14325,3556,6406605660.00,1979,F1,75,,,,,
2025-06-23,2025-06-23,FO,NSE,IDO,55762,,NIFTY,,2025-07-31,2025-07-31,24100.00,PE,NIFTY25JUL24100PE,140.30,175.00,127.15,140.60,139.10,129.05,24971.90,140.60,257325,53400,3357,6105540562.50,1959,F1,75,,,,,
2025-06-23,2025-06-23,FO,NSE,IDO,55800,,NIFTY,,2025-07-31,2025-07-31,25000.00,PE,NIFTY25JUL25000PE,365.20,471.00,347.20,382.90,383.55,345.15,24971.90,382.90,3961800,-229800,50517,96256563705.00,33368,F1,75,,,,,
2025-06-23,2025-06-23,FO,NSE,IDO,55848,,NIFTY,,2025-07-31,2025-07-31,25950.00,PE,NIFTY25JUL25950PE,1050.00,1082.70,917.30,917.30,917.30,854.55,24971.90,1053.35,1800,-750,48,97096391.25,18,F1,75,,,,,
2025-06-23,2025-06-23,FO,NSE,IDO,55862,,NIFTY,,2025-07-31,2025-07-31,26300.00,PE,NIFTY25JUL26300PE,1361.85,1380.55,1182.95,1182.95,1182.95,1144.60,24971.90,1320.75,1350,225,48,99441967.50,19,F1,75,,,,,
2025-06-23,2025-06-23,FO,NSE,IDO,71842,,NIFTY,,2025-08-28,2025-08-28,23000.00,PE,NIFTY25AUG23000PE,83.50,99.35,77.00,82.00,82.70,79.90,24971.90,82.00,526875,5850,3554,6153846866.25,2145,F1,75,,,,,
2025-06-23,2025-06-23,FO,NSE,IDO,71931,,NIFTY,,2025-08-28,2025-08-28,23950.00,PE,NIFTY25AUG23950PE,186.30,186.85,186.30,186.85,186.85,182.35,24971.90,238.00,675,150,3,5430746.25,3,F1,75,,,,,
2025-06-23,2025-06-23,FO,NSE,IDO,71933,,NIFTY,,2025-08-28,2025-08-28,24000.00,PE,NIFTY25AUG24000PE,204.30,240.20,188.00,200.25,200.60,190.90,24971.90,200.25,418950,21525,4099,7444114023.75,2499,F1,75,,,,,
2025-06-23,2025-06-23,FO,NSE,IDO,71991,,NIFTY,,2025-08-28,2025-08-28,25150.00,PE,NIFTY25AUG25150PE,572.95,606.00,527.10,527.10,527.10,493.80,24971.90,669.50,2250,-75,24,46323397.50,15,F1,75,,,,,
2025-06-23,2025-06-23,FO,NSE,IDO,72039,,NIFTY,,2025-08-28,2025-08-28,25300.00,PE,NIFTY25AUG25300PE,615.00,692.80,581.90,610.30,610.30,563.50,24971.90,610.30,11325,-2400,142,276356295.00,105,F1,75,,,,,
2025-06-23,2025-06-23,FO,NSE,IDO,72097,,NIFTY,,2025-08-28,2025-08-28,25700.00,PE,NIFTY25AUG25700PE,802.00,802.00,802.00,802.00,802.00,763.80,24971.90,802.00,900,0,1,1987650.00,1,F1,75,,,,,
2025-06-23,2025-06-23,FO,NSE,IDO,72109,,NIFTY,,2025-08-28,2025-08-28,26000.00,PE,NIFTY25AUG26000PE,1010.00,1135.05,946.70,998.70,1006.00,944.60,24971.90,998.70,100275,12825,850,1723075597.50,455,F1,75,,,,,
2025-06-23,2025-06-23,FO,NSE,IDO,72111,,NIFTY,,2025-08-28,2025-08-28,26050.00,PE,NIFTY25AUG26050PE,1024.70,1024.70,1024.70,1024.70,1024.70,977.30,24971.90,1024.70,375,75,1,2030602.50,1,F1,75,,,,,
2025-06-23,2025-06-23,FO,NSE,IDO,72333,,NIFTY,,2025-08-28,2025-08-28,26900.00,PE,NIFTY25AUG26900PE,1699.20,1699.85,1699.20,1699.55,1699.85,1624.35,24971.90,1699.55,375,150,2,4289928.75,2,F1,75,,,,,
2025-06-23,2025-06-23,FO,NSE,IDO,64685,,NIFTY,,2025-09-25,2025-09-25,20000.00,PE,NIFTY25SEP20000PE,22.00,23.00,20.45,20.85,20.55,21.15,24971.90,20.85,565725,26175,1012,1519621533.75,436,F1,75,,,,,
2025-06-23,2025-06-23,FO,NSE,IDO,64705,,NIFTY,,2025-09-25,2025-09-25,30000.00,PE,NIFTY25SEP30000PE,0.00,0.00,0.00,2720.25,0.00,2720.25,24971.90,4580.60,0,0,0,0.00,0,F1,75,,,,,
2025-06-23,2025-06-23,FO,NSE,IDO,50972,,NIFTY,,2025-12-24,2025-12-24,27000.00,PE,NIFTY25DEC27000PE,1656.60,1750.00,1590.05,1644.20,1644.75,1579.20,24971.90,1644.20,667025,6825,395,849707557.50,296,F1,75,,,,,
2025-06-23,2025-06-23,FO,NSE,IDO,62913,,NIFTY,,2026-03-26,2026-03-26,18000.00,PE,NIFTY26MAR18000PE,0.00,0.00,0.00,16.55,0.00,16.55,24971.90,5.60,0,0,0,0.00,0,F1,75,,,,,
2025-06-23,2025-06-23,FO,NSE,IDO,49548,,NIFTY,,2025-07-24,2025-07-24,25500.00,PE,NIFTY2572425500PE,0.00,0.00,0.00,849.85,0.00,849.85,24971.90,719.65,0,0,0,0.00,0,F1,75,,,,,
2025-06-23,2025-06-23,FO,NSE,IDO,49474,,NIFTY,,2025-07-24,2025-07-24,24700.00,PE,NIFTY2572424700PE,302.95,309.85,232.90,249.90,250.15,226.60,24971.90,249.90,2925,-1425,61,114209568.75,42,F1,75,,,,,
2025-06-23,2025-06-23,FO,NSE,IDO,49464,,NIFTY,,2025-07-24,2025-07-24,24500.00,PE,NIFTY2572424500PE,196.85,244.00,179.75,194.50,194.35,176.75,24971.90,194.50,16500,-4350,502,930401591.25,285,F1,75,,,,,
2025-06-23,2025-06-23,FO,NSE,IDO,49430,,NIFTY,,2025-07-24,2025-07-24,24100.00,PE,NIFTY2572424100PE,118.95,118.95,118.95,118.95,118.95,114.00,24971.90,140.10,75,75,1,1816421.25,1,F1,75,,,,,
2025-06-23,2025-06-23,FO,NSE,IDO,47381,,NIFTY,,2025-07-17,2025-07-17,26650.00,PE,NIFTY2571726650PE,0.00,0.00,0.00,1684.75,0.00,1684.75,24971.90,1614.75,0,0,0,0.00,0,F1,75,,,,,
2025-06-23,2025-06-23,FO,NSE,IDO,47371,,NIFTY,,2025-07-17,2025-07-17,26400.00,PE,NIFTY2571726400PE,0.00,0.00,0.00,1469.10,0.00,1469.10,24971.90,1389.25,0,0,0,0.00,0,F1,75,,,,,
2025-06-23,2025-06-23,FO,NSE,IDO,47296,,NIFTY,,2025-07-17,2025-07-17,25350.00,PE,NIFTY2571725350PE,0.00,0.00,0.00,700.00,0.00,700.00,24971.90,589.85,0,0,0,0.00,0,F1,75,,,,,
2025-06-23,2025-06-23,FO,NSE,IDO,47258,,NIFTY,,2025-07-17,2025-07-17,24600.00,PE,NIFTY2571724600PE,192.80,246.40,172.15,191.35,191.65,172.40,24971.90,191.35,9150,600,253,470634633.75,193,F1,75,,,,,
2025-06-23,2025-06-23,FO,NSE,IDO,47200,,NIFTY,,2025-07-17,2025-07-17,23900.00,PE,NIFTY2571723900PE,80.00,90.00,67.90,70.50,71.55,67.75,24971.90,70.50,3000,-1800,56,100697163.75,43,F1,75,,,,,
2025-06-23,2025-06-23,FO,NSE,IDO,47172,,NIFTY,,2025-07-17,2025-07-17,23700.00,PE,NIFTY2571723700PE,55.00,67.95,48.50,54.20,54.00,100.15,24971.90,54.20,3225,3225,236,420451380.00,187,F1,75,,,,,
2025-06-23,2025-06-23,FO,NSE,IDO,47160,,NIFTY,,2025-07-17,2025-07-17,23600.00,PE,NIFTY2571723600PE,54.40,63.15,54.05,55.15,55.15,64.75,24971.90,40.00,1200,1050,41,72742998.75,39,F1,75,,,,,
2025-06-23,2025-06-23,FO,NSE,IDO,47138,,NIFTY,,2025-07-17,2025-07-17,23200.00,PE,NIFTY2571723200PE,28.40,30.00,28.40,30.00,30.00,27.00,24971.90,30.00,3300,-225,7,12195180.00,5,F1,75,,,,,
2025-06-23,2025-06-23,FO,NSE,IDO,47120,,NIFTY,,2025-07-17,2025-07-17,22950.00,PE,NIFTY2571722950PE,0.00,0.00,0.00,26.65,0.00,26.65,24971.90,8.25,0,0,0,0.00,0,F1,75,,,,,
2025-06-23,2025-06-23,FO,NSE,IDO,40153,,NIFTY,,2025-07-10,2025-07-10,26900.00,PE,NIFTY2571026900PE,1857.85,1857.85,1857.85,1857.85,1857.85,1762.00,24971.90,1862.60,150,75,1,2156838.75,1,F1,75,,,,,
2025-06-23,2025-06-23,FO,NSE,IDO,40151,,NIFTY,,2025-07-10,2025-07-10,26850.00,PE,NIFTY2571026850PE,1802.80,1802.80,1802.80,1802.80,1802.80,1713.05,24971.90,1814.05,225,75,1,2148960.00,1,F1,75,,,,,
2025-06-23,2025-06-23,FO,NSE,IDO,40133,,NIFTY,,2025-07-10,2025-07-10,26600.00,PE,NIFTY2571026600PE,1563.50,1563.50,1563.50,1563.50,1563.50,1464.75,24971.90,1573.95,150,75,1,2112262.50,1,F1,75,,,,,
2025-06-23,2025-06-23,FO,NSE,IDO,40105,,NIFTY,,2025-07-10,2025-07-10,26250.00,PE,NIFTY2571026250PE,1210.35,1210.35,1210.35,1210.35,1210.35,1126.20,24971.90,1249.35,150,75,1,2059526.25,1,F1,75,,,,,
2025-06-23,2025-06-23,FO,NSE,IDO,40101,,NIFTY,,2025-07-10,2025-07-10,26200.00,PE,NIFTY2571026200PE,1164.20,1164.20,1164.20,1164.20,1164.20,1069.65,24971.90,1204.55,225,75,1,2052315.00,1,F1,75,,,,,
2025-06-23,2025-06-23,FO,NSE,IDO,40092,,NIFTY,,2025-07-10,2025-07-10,26150.00,PE,NIFTY2571026150PE,1112.35,1112.35,1112.35,1112.35,1112.35,1026.40,24971.90,1112.35,300,75,1,2044676.25,1,F1,75,,,,,
2025-06-23,2025-06-23,FO,NSE,IDO,40079,,NIFTY,,2025-07-10,2025-07-10,25950.00,PE,NIFTY2571025950PE,924.00,924.00,924.00,924.00,924.00,856.45,24971.90,924.00,450,75,1,2015550.00,1,F1,75,,,,,
2025-06-23,2025-06-23,FO,NSE,IDO,40069,,NIFTY,,2025-07-10,2025-07-10,25700.00,PE,NIFTY2571025700PE,711.40,711.40,711.40,711.40,711.40,647.55,24971.90,787.60,225,75,1,1980855.00,1,F1,75,,,,,
2025-06-23,2025-06-23,FO,NSE,IDO,58724,,NIFTY,,2025-07-03,2025-07-03,26700.00,PE,NIFTY2570326700PE,1677.80,1677.80,1677.80,1677.80,1677.80,1575.30,24971.90,1687.00,600,75,1,2128335.00,1,F1,75,,,,,
2025-06-23,2025-06-23,FO,NSE,IDO,58682,,NIFTY,,2025-07-03,2025-07-03,26100.00,PE,NIFTY2570326100PE,1182.00,1182.00,1088.65,1104.00,1104.00,989.25,24971.90,1104.00,675,150,5,10207443.75,5,F1,75,,,,,
2025-06-23,2025-06-23,FO,NSE,IDO,56780,,NIFTY,,2025-07-03,2025-07-03,25350.00,PE,NIFTY2570325350PE,436.45,573.35,378.95,432.75,440.60,368.90,24971.90,432.75,12600,-8625,1267,2454261431.25,837,F1,75,,,,,
2025-06-23,2025-06-23,FO,NSE,IDO,56670,,NIFTY,,2025-07-03,2025-07-03,24850.00,PE,NIFTY2570324850PE,170.35,253.15,148.00,171.75,170.55,148.80,24971.90,171.75,188850,64950,24485,46008093255.00,15049,F1,75,,,,,
2025-06-23,2025-06-23,FO,NSE,IDO,56594,,NIFTY,,2025-07-03,2025-07-03,24700.00,PE,NIFTY2570324700PE,118.00,190.05,109.20,127.05,125.60,111.75,24971.90,127.05,643200,232350,46901,87396133181.25,26621,F1,75,,,,,
2025-06-23,2025-06-23,FO,NSE,IDO,56540,,NIFTY,,2025-07-03,2025-07-03,24600.00,PE,NIFTY2570324600PE,96.15,157.25,89.70,103.70,101.80,93.05,24971.90,103.70,363525,-31050,37614,69731588096.25,23102,F1,75,,,,,
2025-06-23,2025-06-23,FO,NSE,IDO,56463,,NIFTY,,2025-07-03,2025-07-03,24250.00,PE,NIFTY2570324250PE,56.30,78.45,45.10,52.80,50.95,50.85,24971.90,52.80,107550,33375,8526,15545486865.00,4039,F1,75,,,,,
2025-06-23,2025-06-23,FO,NSE,IDO,56082,,NIFTY,,2025-07-03,2025-07-03,23050.00,PE,NIFTY2570323050PE,7.95,13.35,6.25,8.15,7.75,10.35,24971.90,8.15,15825,8175,704,1217474201.25,439,F1,75,,,,,
2025-06-23,2025-06-23,FO,NSE,IDO,55988,,NIFTY,,2025-07-03,2025-07-03,22950.00,PE,NIFTY2570322950PE,9.35,10.35,5.85,7.35,7.20,8.85,24971.90,7.35,29700,16725,2272,3912047962.50,1278,F1,75,,,,,
2025-06-23,2025-06-23,FO,NSE,IDO,62502,,NIFTY,,2025-06-26,2025-06-26,26700.00,PE,NIFTY25JUN26700PE,0.00,0.00,0.00,1846.25,1846.25,1846.25,24971.90,1715.00,1950,0,0,0.00,0,F1,75,,,,,
2025-06-23,2025-06-23,FO,NSE,IDO,62444,,NIFTY,,2025-06-26,2025-06-26,25950.00,PE,NIFTY25JUN25950PE,1114.80,1114.80,894.55,956.35,961.20,845.45,24971.90,956.35,3825,300,69,139492901.25,44,F1,75,,,,,
2025-06-23,2025-06-23,FO,NSE,IDO,62440,,NIFTY,,2025-06-26,2025-06-26,25850.00,PE,NIFTY25JUN25850PE,802.00,1010.95,802.00,862.60,864.45,752.60,24971.90,862.60,3450,-600,141,283342796.25,79,F1,75,,,,,
2025-06-23,2025-06-23,FO,NSE,IDO,62432,,NIFTY,,2025-06-26,2025-06-26,25750.00,PE,NIFTY25JUN25750PE,735.55,921.75,681.75,764.50,771.00,649.45,24971.90,764.50,6375,-1125,265,528100218.75,149,F1,75,,,,,
2025-06-23,2025-06-23,FO,NSE,IDO,71382,,NIFTY,,2025-06-26,2025-06-26,25000.00,PE,NIFTY25JUN25000PE,140.00,252.00,106.35,135.50,135.15,114.05,24971.90,135.50,9452875,-338675,2304885,4348964095252.50,1278955,F1,75,,,,,
2025-06-23,2025-06-23,FO,NSE,IDO,62384,,NIFTY,,2025-06-26,2025-06-26,24700.00,PE,NIFTY25JUN24700PE,79.90,105.00,41.15,50.60,49.30,52.20,24971.90,50.60,4906725,-312300,1294881,2405344750121.25,612885,F1,75,,,,,
2025-06-23,2025-06-23,FO,NSE,IDO,62380,,NIFTY,,2025-06-26,2025-06-26,24600.00,PE,NIFTY25JUN24600PE,50.15,76.90,30.70,37.00,35.30,41.75,24971.90,37.00,5041725,1835700,876003,1619420499708.75,400557,F1,75,,,,,
2025-06-23,2025-06-23,FO,NSE,IDO,62348,,NIFTY,,2025-06-26,2025-06-26,23900.00,PE,NIFTY25JUN23900PE,18.00,18.00,6.45,7.65,6.50,12.45,24971.90,7.65,2737725,-550200,298902,535970880090.00,94281,F1,75,,,,,
2025-06-23,2025-06-23,FO,NSE,IDO,62322,,NIFTY,,2025-06-26,2025-06-26,23300.00,PE,NIFTY25JUN23300PE,5.55,6.60,2.90,3.80,3.45,5.85,24971.90,3.80,1792725,-266700,154311,269699632207.50,43189,F1,75,,,,,
2025-06-23,2025-06-23,FO,NSE,IDO,62204,,NIFTY,,2025-06-26,2025-06-26,22600.00,PE,NIFTY25JUN22600PE,2.00,3.15,1.45,2.30,2.20,2.55,24971.90,2.30,508050,-27000,53972,91489796947.50,10619,F1,75,,,,,
2025-06-23,2025-06-23,FO,NSE,IDO,62186,,NIFTY,,2025-06-26,2025-06-26,22150.00,PE,NIFTY25JUN22150PE,5.00,5.00,1.15,2.05,2.10,1.90,24971.90,2.05,55125,38175,17468,29020822421.25,4275,F1,75,,,,,
2025-06-23,2025-06-23,FO,NSE,IDO,58619,,NIFTY,,2025-06-26,2025-06-26,22000.00,PE,NIFTY25JUN22000PE,1.90,2.15,1.15,1.95,2.00,1.70,24971.90,1.95,6082625,1518650,210699,347677814231.25,33194,F1,75,,,,,
2025-06-23,2025-06-23,FO,NSE,IDO,62142,,NIFTY,,2025-06-26,2025-06-26,21450.00,PE,NIFTY25JUN21450PE,1.25,1.80,0.85,1.55,1.35,1.25,24971.90,1.55,32025,5175,10958,17629648567.50,2646,F1,75,,,,,
2025-06-23,2025-06-23,FO,NSE,IDO,62126,,NIFTY,,2025-06-26,2025-06-26,21150.00,PE,NIFTY25JUN21150PE,1.10,1.55,0.75,1.30,1.35,1.10,24971.90,1.30,23250,-8550,8658,13734457552.50,2173,F1,75,,,,,
2025-06-23,2025-06-23,FO,NSE,IDO,51450,,NIFTY,,2025-06-26,2025-06-26,21000.00,PE,NIFTY25JUN21000PE,10.00,10.00,0.75,1.25,1.20,1.05,24971.90,1.25,3796325,-420525,71387,112439946082.50,11801,F1,75,,,,,
2025-06-23,2025-06-23,FO,NSE,IDO,62070,,NIFTY,,2025-06-26,2025-06-26,20550.00,PE,NIFTY25JUN20550PE,0.80,1.00,0.60,0.90,0.75,0.80,24971.90,0.90,369825,-1125,15021,23151974576.25,2085,F1,75,,,,,
2025-06-23,2025-06-23,FO,NSE,IDO,89626,,NIFTY,,2029-06-28,2029-06-28,22000.00,CE,NIFTY29JUN22000CE,0.00,0.00,0.00,9207.90,0.00,9207.90,24971.90,8264.50,0,0,0,0.00,0,F1,75,,,,,
2025-06-23,2025-06-23,FO,NSE,IDO,67790,,NIFTY,,2028-12-28,2028-12-28,28000.00,CE,NIFTY28DEC28000CE,0.00,0.00,0.00,3636.85,3636.85,3636.85,24971.90,4364.30,975,0,0,0.00,0,F1,75,,,,,
2025-06-23,2025-06-23,FO,NSE,IDO,86147,,NIFTY,,2028-06-29,2028-06-29,22000.00,CE,NIFTY28JUN22000CE,0.00,0.00,0.00,4759.50,0.00,4759.50,24971.90,7163.25,0,0,0,0.00,0,F1,75,,,,,
2025-06-23,2025-06-23,FO,NSE,IDO,35346,,NIFTY,,2027-12-30,2027-12-30,30000.00,CE,NIFTY27DEC30000CE,0.00,0.00,0.00,1877.70,0.00,1877.70,24971.90,2369.95,0,0,0,0.00,0,F1,75,,,,,
2025-06-23,2025-06-23,FO,NSE,IDO,53626,,NIFTY,,2027-12-30,2027-12-30,25000.00,CE,NIFTY27DEC25000CE,0.00,0.00,0.00,3458.35,0.00,3458.35,24971.90,4657.50,0,0,0,0.00,0,F1,75,,,,,
2025-06-23,2025-06-23,FO,NSE,IDO,53607,,NIFTY,,2027-12-30,2027-12-30,20000.00,CE,NIFTY27DEC20000CE,0.00,0.00,0.00,5333.85,0.00,5333.85,24971.90,8045.05,0,0,0,0.00,0,F1,75,,,,,
2025-06-23,2025-06-23,FO,NSE,IDO,71560,,NIFTY,,2027-06-24,2027-06-24,24000.00,CE,NIFTY27JUN24000CE,0.00,0.00,0.00,2300.00,2300.00,2300.00,24971.90,4569.90,600,0,0,0.00,0,F1,75,,,,,
2025-06-23,2025-06-23,FO,NSE,IDO,49642,,NIFTY,,2025-07-24,2025-07-24,26800.00,PE,NIFTY2572426800PE,0.00,0.00,0.00,1902.25,0.00,1902.25,24971.90,1744.45,0,0,0,0.00,0,F1,75,,,,,
2025-06-23,2025-06-23,FO,NSE,IDO,55730,,NIFTY,,2025-07-31,2025-07-31,23350.00,PE,NIFTY25JUL23350PE,72.95,75.00,55.20,59.90,59.85,58.15,24971.90,59.90,29475,2325,156,273936558.75,92,F1,75,,,,,
2025-06-23,2025-06-23,FO,NSE,IDO,55734,,NIFTY,,2025-07-31,2025-07-31,23450.00,PE,NIFTY25JUL23450PE,72.05,89.30,63.45,67.40,66.60,64.90,24971.90,67.40,31575,3375,247,435736923.75,158,F1,75,,,,,
2025-06-23,2025-06-23,FO,NSE,IDO,55758,,NIFTY,,2025-07-31,2025-07-31,24000.00,PE,NIFTY25JUL24000PE,126.00,156.00,112.60,124.60,123.95,115.00,24971.90,124.60,3429600,213975,33715,61022049345.00,17230,F1,75,,,,,
2025-06-23,2025-06-23,FO,NSE,IDO,55770,,NIFTY,,2025-07-31,2025-07-31,24250.00,PE,NIFTY25JUL24250PE,171.35,206.95,151.65,165.90,166.00,151.65,24971.90,165.90,23775,1725,564,1033395442.50,399,F1,75,,,,,
2025-06-23,2025-06-23,FO,NSE,IDO,55776,,NIFTY,,2025-07-31,2025-07-31,24400.00,PE,NIFTY25JUL24400PE,199.00,245.45,179.00,197.10,195.00,179.30,24971.90,197.10,222075,14850,3685,6802799557.50,2293,F1,75,,,,,
2025-06-23,2025-06-23,FO,NSE,IDO,71549,,NIFTY,,2027-06-24,2027-06-24,19000.00,CE,NIFTY27JUN19000CE,0.00,0.00,0.00,7800.00,7800.00,7800.00,24971.90,8272.40,75,0,0,0.00,0,F1,75,,,,,
2025-06-23,2025-06-23,FO,NSE,IDO,71547,,NIFTY,,2027-06-24,2027-06-24,18000.00,CE,NIFTY27JUN18000CE,0.00,0.00,0.00,4066.45,0.00,4066.45,24971.90,9111.45,0,0,0,0.00,0,F1,75,,,,,
2025-06-23,2025-06-23,FO,NSE,IDO,58638,,NIFTY,,2026-12-31,2026-12-31,17000.00,CE,NIFTY26DEC17000CE,0.00,0.00,0.00,4955.10,0.00,4955.10,24971.90,9505.85,0,0,0,0.00,0,F1,75,,,,,
2025-06-23,2025-06-23,FO,NSE,IDO,58626,,NIFTY,,2026-06-25,2026-06-25,22000.00,CE,NIFTY26JUN22000CE,0.00,0.00,0.00,2722.55,0.00,2722.55,24971.90,4551.70,0,0,0,0.00,0,F1,75,,,,,
2025-06-23,2025-06-23,FO,NSE,IDO,50543,,NIFTY,,2025-12-24,2025-12-24,28000.00,CE,NIFTY25DEC28000CE,200.00,220.00,191.25,209.05,208.00,221.05,24971.90,209.05,1059875,73850,3254,6882845831.25,1878,F1,75,,,,,
2025-06-23,2025-06-23,FO,NSE,IDO,64690,,NIFTY,,2025-09-25,2025-09-25,23000.00,CE,NIFTY25SEP23000CE,2373.00,2450.00,2294.00,2405.95,2404.15,2504.75,24971.90,2405.95,147900,14100,340,647451993.75,240,F1,75,,,,,
2025-06-23,2025-06-23,FO,NSE,IDO,72112,,NIFTY,,2025-08-28,2025-08-28,26100.00,CE,NIFTY25AUG26100CE,189.30,229.00,174.95,214.00,214.00,236.85,24971.90,387.05,9075,825,85,167626860.00,57,F1,75,,,,,
2025-06-23,2025-06-23,FO,NSE,IDO,71970,,NIFTY,,2025-08-28,2025-08-28,24900.00,CE,NIFTY25AUG24900CE,732.30,806.00,667.40,748.75,740.00,822.30,24971.90,748.75,19050,4200,186,357387581.25,124,F1,75,,,,,
2025-06-23,2025-06-23,FO,NSE,IDO,71954,,NIFTY,,2025-08-28,2025-08-28,24500.00,CE,NIFTY25AUG24500CE,1000.00,1076.75,910.30,1010.75,1000.75,1091.85,24971.90,1010.75,112050,15975,624,1192299375.00,369,F1,75,,,,,
2025-06-23,2025-06-23,FO,NSE,IDO,71944,,NIFTY,,2025-08-28,2025-08-28,24250.00,CE,NIFTY25AUG24250CE,1206.50,1206.50,1206.50,1206.50,1206.50,1280.65,24971.90,1307.80,1125,-75,1,1909237.50,1,F1,75,,,,,
2025-06-23,2025-06-23,FO,NSE,IDO,71849,,NIFTY,,2025-08-28,2025-08-28,23200.00,CE,NIFTY25AUG23200CE,2085.95,2086.30,2085.95,2086.15,2086.30,2162.20,24971.90,2086.15,4350,0,2,3792918.75,2,F1,75,,,,,
2025-06-23,2025-06-23,FO,NSE,IDO,55885,,NIFTY,,2025-07-31,2025-07-31,26850.00,CE,NIFTY25JUL26850CE,0.00,0.00,0.00,203.90,0.00,203.90,24971.90,78.60,0,0,0,0.00,0,F1,75,,,,,
2025-06-23,2025-06-23,FO,NSE,IDO,55857,,NIFTY,,2025-07-31,2025-07-31,26200.00,CE,NIFTY25JUL26200CE,68.25,81.50,52.65,65.55,64.30,83.30,24971.90,65.55,437100,-3600,8214,16178726887.50,4669,F1,75,,,,,
2025-06-23,2025-06-23,FO,NSE,IDO,55831,,NIFTY,,2025-07-31,2025-07-31,25600.00,CE,NIFTY25JUL25600CE,235.00,240.00,165.00,205.15,199.90,245.55,24971.90,205.15,188775,23400,4574,8848465833.75,3133,F1,75,,,,,
2025-06-23,2025-06-23,FO,NSE,IDO,55781,,NIFTY,,2025-07-31,2025-07-31,24550.00,CE,NIFTY25JUL24550CE,770.05,826.05,694.60,786.25,786.25,856.45,24971.90,877.50,5475,0,73,138451698.75,42,F1,75,,,,,
2025-06-23,2025-06-23,FO,NSE,IDO,55747,,NIFTY,,2025-07-31,2025-07-31,23750.00,CE,NIFTY25JUL23750CE,1454.85,1457.00,1454.85,1456.00,1456.25,1536.15,24971.90,1456.00,1500,375,5,9452250.00,5,F1,75,,,,,
2025-06-23,2025-06-23,FO,NSE,IDO,55739,,NIFTY,,2025-07-31,2025-07-31,23600.00,CE,NIFTY25JUL23600CE,1475.20,1617.35,1429.35,1560.05,1560.05,1650.00,24971.90,1605.35,3600,2400,75,141109755.00,42,F1,75,,,,,
2025-06-23,2025-06-23,FO,NSE,IDO,55723,,NIFTY,,2025-07-31,2025-07-31,23200.00,CE,NIFTY25JUL23200CE,1865.00,1990.00,1857.90,1961.05,1961.05,2026.70,24971.90,1962.20,2025,1350,34,64012425.00,22,F1,75,,,,,
2025-06-23,2025-06-23,FO,NSE,IDO,55703,,NIFTY,,2025-07-31,2025-07-31,23000.00,CE,NIFTY25JUL23000CE,2100.00,2200.00,1962.00,2109.85,2106.15,2221.00,24971.90,2109.85,332850,92700,1897,3564264926.25,1224,F1,75,,,,,
2025-06-23,2025-06-23,FO,NSE,IDO,49568,,NIFTY,,2025-07-24,2025-07-24,25750.00,CE,NIFTY2572425750CE,0.00,0.00,0.00,219.95,0.00,219.95,24971.90,242.15,0,0,0,0.00,0,F1,75,,,,,
2025-06-23,2025-06-23,FO,NSE,IDO,49545,,NIFTY,,2025-07-24,2025-07-24,25500.00,CE,NIFTY2572425500CE,181.40,229.10,158.10,194.40,187.90,243.50,24971.90,194.40,8775,2625,296,570263767.50,223,F1,75,,,,,
2025-06-23,2025-06-23,FO,NSE,IDO,49528,,NIFTY,,2025-07-24,2025-07-24,25400.00,CE,NIFTY2572425400CE,216.60,269.60,189.45,232.75,228.10,286.25,24971.90,232.75,900,-525,125,240259428.75,101,F1,75,,,,,
2025-06-23,2025-06-23,FO,NSE,IDO,49471,,NIFTY,,2025-07-24,2025-07-24,24650.00,CE,NIFTY2572424650CE,0.00,0.00,0.00,673.25,0.00,673.25,24971.90,746.50,0,0,0,0.00,0,F1,75,,,,,
2025-06-23,2025-06-23,FO,NSE,IDO,49393,,NIFTY,,2025-07-24,2025-07-24,23500.00,CE,NIFTY2572423500CE,0.00,0.00,0.00,1513.00,0.00,1513.00,24971.90,1645.20,0,0,0,0.00,0,F1,75,,,,,
2025-06-23,2025-06-23,FO,NSE,IDO,47342,,NIFTY,,2025-07-17,2025-07-17,26000.00,CE,NIFTY2571726000CE,45.65,58.40,35.00,43.00,42.95,62.45,24971.90,43.00,59025,17475,1650,3222858821.25,849,F1,75,,,,,
2025-06-23,2025-06-23,FO,NSE,IDO,47337,,NIFTY,,2025-07-17,2025-07-17,25950.00,CE,NIFTY2571725950CE,0.00,0.00,0.00,200.25,0.00,200.25,24971.90,135.15,0,0,0,0.00,0,F1,75,,,,,
2025-06-23,2025-06-23,FO,NSE,IDO,47277,,NIFTY,,2025-07-17,2025-07-17,25050.00,CE,NIFTY2571725050CE,324.55,401.85,284.55,353.30,351.65,422.50,24971.90,353.30,4050,1650,55,104728481.25,47,F1,75,,,,,
2025-06-23,2025-06-23,FO,NSE,IDO,47235,,NIFTY,,2025-07-17,2025-07-17,24350.00,CE,NIFTY2571724350CE,0.00,0.00,0.00,928.90,0.00,928.90,24971.90,879.85,0,0,0,0.00,0,F1,75,,,,,
2025-06-23,2025-06-23,FO,NSE,IDO,47220,,NIFTY,,2025-07-17,2025-07-17,24150.00,CE,NIFTY2571724150CE,0.00,0.00,0.00,1072.70,0.00,1072.70,24971.90,1032.45,0,0,0,0.00,0,F1,75,,,,,
2025-06-23,2025-06-23,FO,NSE,IDO,47203,,NIFTY,,2025-07-17,2025-07-17,24000.00,CE,NIFTY2571724000CE,0.00,0.00,0.00,1185.40,0.00,1185.40,24971.90,1154.65,0,0,0,0.00,0,F1,75,,,,,
2025-06-23,2025-06-23,FO,NSE,IDO,40110,,NIFTY,,2025-07-10,2025-07-10,26350.00,CE,NIFTY2571026350CE,0.00,0.00,0.00,101.30,0.00,101.30,24971.90,35.40,0,0,0,0.00,0,F1,75,,,,,
2025-06-23,2025-06-23,FO,NSE,IDO,40086,,NIFTY,,2025-07-10,2025-07-10,26100.00,CE,NIFTY2571026100CE,18.85,22.00,13.80,15.70,15.20,23.80,24971.90,15.70,30150,-2250,1746,3419950758.75,1101,F1,75,,,,,
2025-06-23,2025-06-23,FO,NSE,IDO,40047,,NIFTY,,2025-07-10,2025-07-10,25450.00,CE,NIFTY2571025450CE,117.00,150.10,87.95,114.05,111.90,158.55,24971.90,114.05,9825,2625,490,939225221.25,305,F1,75,,,,,
2025-06-23,2025-06-23,FO,NSE,IDO,55836,,NIFTY,,2025-07-31,2025-07-31,25700.00,PE,NIFTY25JUL25700PE,762.50,888.60,713.75,765.50,771.45,702.75,24971.90,765.50,17025,2325,340,675862736.25,180,F1,75,,,,,
2025-06-23,2025-06-23,FO,NSE,IDO,55838,,NIFTY,,2025-07-31,2025-07-31,25750.00,PE,NIFTY25JUL25750PE,900.00,926.25,787.75,787.75,787.75,770.00,24971.90,913.10,3300,600,25,49934741.25,18,F1,75,,,,,
2025-06-23,2025-06-23,FO,NSE,IDO,55840,,NIFTY,,2025-07-31,2025-07-31,25800.00,PE,NIFTY25JUL25800PE,833.00,966.05,782.45,838.75,843.85,767.60,24971.90,838.75,39225,3375,521,1043412483.75,239,F1,75,,,,,
2025-06-23,2025-06-23,FO,NSE,IDO,40031,,NIFTY,,2025-07-10,2025-07-10,25200.00,CE,NIFTY2571025200CE,206.70,259.95,161.25,207.30,204.50,275.20,24971.90,207.30,73875,14700,3806,7250272680.00,2544,F1,75,,,,,
2025-06-23,2025-06-23,FO,NSE,IDO,40002,,NIFTY,,2025-07-10,2025-07-10,24800.00,CE,NIFTY2571024800CE,436.55,499.00,349.95,433.05,431.00,521.75,24971.90,433.05,56850,24225,5324,10060070587.50,2821,F1,75,,,,,
2025-06-23,2025-06-23,FO,NSE,IDO,39942,,NIFTY,,2025-07-10,2025-07-10,24100.00,CE,NIFTY2571024100CE,910.00,986.00,910.00,980.35,975.00,1094.60,24971.90,980.35,3225,2925,46,86366730.00,26,F1,75,,,,,
2025-06-23,2025-06-23,FO,NSE,IDO,39914,,NIFTY,,2025-07-10,2025-07-10,23700.00,CE,NIFTY2571023700CE,1365.30,1365.30,1365.30,1365.30,1365.30,1462.20,24971.90,1365.30,150,75,1,1879897.50,1,F1,75,,,,,
2025-06-23,2025-06-23,FO,NSE,IDO,39850,,NIFTY,,2025-07-10,2025-07-10,23200.00,CE,NIFTY2571023200CE,1846.45,1846.45,1846.45,1846.45,1846.45,1950.20,24971.90,1846.45,150,75,1,1878483.75,1,F1,75,,,,,
2025-06-23,2025-06-23,FO,NSE,IDO,58700,,NIFTY,,2025-07-03,2025-07-03,26400.00,CE,NIFTY2570326400CE,2.95,3.00,2.15,2.30,2.15,2.95,24971.90,2.30,556050,25350,16362,32399774347.50,5583,F1,75,,,,,
2025-06-23,2025-06-23,FO,NSE,IDO,56781,,NIFTY,,2025-07-03,2025-07-03,25400.00,CE,NIFTY2570325400CE,79.45,107.85,52.45,73.25,71.50,118.05,24971.90,73.25,509850,150150,50101,95721604053.75,30779,F1,75,,,,,
2025-06-23,2025-06-23,FO,NSE,IDO,56466,,NIFTY,,2025-07-03,2025-07-03,24350.00,CE,NIFTY2570324350CE,735.95,735.95,731.45,731.45,731.45,825.20,24971.90,724.75,1275,-225,4,7524881.25,4,F1,75,,,,,
2025-06-23,2025-06-23,FO,NSE,IDO,56426,,NIFTY,,2025-07-03,2025-07-03,24000.00,CE,NIFTY2570324000CE,998.95,1112.00,888.00,1027.45,1021.35,1156.70,24971.90,1027.45,36750,23400,674,1262126531.25,352,F1,75,,,,,
2025-06-23,2025-06-23,FO,NSE,IDO,47270,,NIFTY,,2025-07-17,2025-07-17,24900.00,PE,NIFTY2571724900PE,280.50,370.65,259.00,286.70,288.50,253.80,24971.90,286.70,16500,4575,544,1028919855.00,420,F1,75,,,,,
2025-06-23,2025-06-23,FO,NSE,IDO,55850,,NIFTY,,2025-07-31,2025-07-31,26000.00,PE,NIFTY25JUL26000PE,988.50,1134.00,920.00,988.30,996.90,911.95,24971.90,988.30,636150,32400,3691,7483374982.50,2187,F1,75,,,,,
2025-06-23,2025-06-23,FO,NSE,IDO,55880,,NIFTY,,2025-07-31,2025-07-31,26700.00,PE,NIFTY25JUL26700PE,1590.35,1590.35,1590.35,1590.35,1590.35,1514.05,24971.90,1590.35,1200,75,1,2121776.25,1,F1,75,,,,,
2025-06-23,2025-06-23,FO,NSE,IDO,55884,,NIFTY,,2025-07-31,2025-07-31,26800.00,PE,NIFTY25JUL26800PE,1753.55,1810.00,1630.15,1706.40,1706.40,1579.75,24971.90,1706.40,9900,600,11,23533245.00,6,F1,75,,,,,
2025-06-23,2025-06-23,FO,NSE,IDO,71840,,NIFTY,,2025-08-28,2025-08-28,22950.00,PE,NIFTY25AUG22950PE,77.00,77.00,77.00,77.00,77.00,76.50,24971.90,74.95,2925,-150,2,3454050.00,1,F1,75,,,,,
2025-06-23,2025-06-23,FO,NSE,IDO,71861,,NIFTY,,2025-08-28,2025-08-28,23400.00,PE,NIFTY25AUG23400PE,116.00,137.00,105.90,111.20,111.20,107.90,24971.90,111.20,144075,17625,401,707424007.50,115,F1,75,,,,,
2025-06-23,2025-06-23,FO,NSE,IDO,71871,,NIFTY,,2025-08-28,2025-08-28,23500.00,PE,NIFTY25AUG23500PE,131.10,154.35,118.90,127.15,127.15,120.85,24971.90,127.15,536325,30000,1850,3279135206.25,1203,F1,75,,,,,
2025-06-23,2025-06-23,FO,NSE,IDO,71945,,NIFTY,,2025-08-28,2025-08-28,24250.00,PE,NIFTY25AUG24250PE,260.00,260.00,260.00,260.00,260.00,233.70,24971.90,318.20,600,0,1,1838250.00,1,F1,75,,,,,
2025-06-23,2025-06-23,FO,NSE,IDO,71383,,NIFTY,,2025-06-26,2025-06-26,26000.00,CE,NIFTY25JUN26000CE,2.80,2.80,1.50,1.75,1.50,2.95,24971.90,1.75,14808150,-739775,1023151,1995288378727.50,159828,F1,75,,,,,
2025-06-23,2025-06-23,FO,NSE,IDO,62427,,NIFTY,,2025-06-26,2025-06-26,25650.00,CE,NIFTY25JUN25650CE,8.75,8.75,3.10,3.85,3.20,11.90,24971.90,3.85,1472550,219825,474901,913756546515.00,106425,F1,75,,,,,
2025-06-23,2025-06-23,FO,NSE,IDO,62403,,NIFTY,,2025-06-26,2025-06-26,25150.00,CE,NIFTY25JUN25150CE,75.60,116.35,36.45,65.40,60.85,139.25,24971.90,65.40,1742100,219600,983849,1860684041992.50,547290,F1,75,,,,,
2025-06-23,2025-06-23,FO,NSE,IDO,62375,,NIFTY,,2025-06-26,2025-06-26,24500.00,CE,NIFTY25JUN24500CE,535.70,615.70,378.00,522.75,515.70,647.70,24971.90,522.75,1399725,-208500,53207,99640974228.75,28237,F1,75,,,,,
2025-06-23,2025-06-23,FO,NSE,IDO,62373,,NIFTY,,2025-06-26,2025-06-26,24450.00,CE,NIFTY25JUN24450CE,591.40,660.00,423.90,565.45,558.05,688.45,24971.90,565.45,41025,4725,2353,4404232537.50,1373,F1,75,,,,,
2025-06-23,2025-06-23,FO,NSE,IDO,62347,,NIFTY,,2025-06-26,2025-06-26,23900.00,CE,NIFTY25JUN23900CE,1050.00,1189.70,941.70,1093.40,1091.30,1224.00,24971.90,1093.40,34800,-1575,254,474653643.75,197,F1,75,,,,,
2025-06-23,2025-06-23,FO,NSE,IDO,62175,,NIFTY,,2025-06-26,2025-06-26,22100.00,CE,NIFTY25JUN22100CE,2800.00,2902.70,2750.00,2902.70,2902.70,3007.05,24971.90,2902.70,1200,-150,6,11205622.50,6,F1,75,,,,,
2025-06-23,2025-06-23,FO,NSE,IDO,62127,,NIFTY,,2025-06-26,2025-06-26,21200.00,CE,NIFTY25JUN21200CE,0.00,0.00,0.00,3901.60,3901.60,3901.60,24971.90,3782.30,900,0,0,0.00,0,F1,75,,,,,
2025-06-23,2025-06-23,FO,NSE,IDO,62099,,NIFTY,,2025-06-26,2025-06-26,20950.00,CE,NIFTY25JUN20950CE,0.00,0.00,0.00,4008.15,4008.15,4008.15,24971.90,4032.20,600,0,0,0.00,0,F1,75,,,,,
2025-06-23,2025-06-23,FO,NSE,IDO,62065,,NIFTY,,2025-06-26,2025-06-26,20500.00,CE,NIFTY25JUN20500CE,4375.50,4462.00,4350.00,4462.00,4462.00,4573.95,24971.90,4482.00,20925,-1275,17,31810912.50,5,F1,75,,,,,
2025-06-23,2025-06-23,FO,NSE,IDO,71967,,NIFTY,,2025-08-28,2025-08-28,24800.00,PE,NIFTY25AUG24800PE,410.00,469.75,378.95,401.70,402.30,377.70,24971.90,401.70,32700,7350,364,688757096.25,253,F1,75,,,,,
2025-06-23,2025-06-23,FO,NSE,IDO,72035,,NIFTY,,2025-08-28,2025-08-28,25200.00,PE,NIFTY25AUG25200PE,600.00,639.15,528.60,554.15,556.80,520.60,24971.90,554.15,25875,2700,244,471968760.00,146,F1,75,,,,,
2025-06-23,2025-06-23,FO,NSE,IDO,72107,,NIFTY,,2025-08-28,2025-08-28,25950.00,PE,NIFTY25AUG25950PE,957.60,957.95,957.60,957.80,957.95,908.15,24971.90,957.80,375,150,2,4036166.25,2,F1,75,,,,,
2025-06-23,2025-06-23,FO,NSE,IDO,72158,,NIFTY,,2025-08-28,2025-08-28,26450.00,PE,NIFTY25AUG26450PE,1322.40,1322.40,1322.40,1322.40,1322.40,1265.05,24971.90,1322.40,375,150,2,4165860.00,2,F1,75,,,,,
2025-06-23,2025-06-23,FO,NSE,IDO,72325,,NIFTY,,2025-08-28,2025-08-28,26700.00,PE,NIFTY25AUG26700PE,1526.95,1526.95,1526.95,1526.95,1526.95,1456.50,24971.90,1526.95,300,75,1,2117021.25,1,F1,75,,,,,
2025-06-23,2025-06-23,FO,NSE,IDO,64695,,NIFTY,,2025-09-25,2025-09-25,25000.00,PE,NIFTY25SEP25000PE,510.00,615.00,510.00,547.05,546.00,517.75,24971.90,547.05,1201575,-10350,3705,7103513572.50,2371,F1,75,,,,,
2025-06-23,2025-06-23,FO,NSE,IDO,58623,,NIFTY,,2025-12-24,2025-12-24,22000.00,PE,NIFTY25DEC22000PE,162.00,165.40,150.50,156.55,155.50,152.65,24971.90,156.55,1374875,19200,2491,4139629582.50,1463,F1,75,,,,,
2025-06-23,2025-06-23,FO,NSE,IDO,50448,,NIFTY,,2026-06-25,2026-06-25,15000.00,PE,NIFTY26JUN15000PE,0.00,0.00,0.00,20.20,20.20,20.20,24971.90,0.35,1000,0,0,0.00,0,F1,75,,,,,
2025-06-23,2025-06-23,FO,NSE,IDO,51455,,NIFTY,,2026-06-25,2026-06-25,21000.00,PE,NIFTY26JUN21000PE,279.40,279.40,220.05,230.05,230.00,239.50,24971.90,230.05,351300,150,5,7965341.25,5,F1,75,,,,,
2025-06-23,2025-06-23,FO,NSE,IDO,58637,,NIFTY,,2026-12-31,2026-12-31,16000.00,PE,NIFTY26DEC16000PE,0.00,0.00,0.00,23.30,23.30,23.30,24971.90,6.50,2425,0,0,0.00,0,F1,75,,,,,
2025-06-23,2025-06-23,FO,NSE,IDO,71504,,NIFTY,,2026-12-31,2026-12-31,25000.00,PE,NIFTY26DEC25000PE,1020.00,1020.00,976.05,978.05,976.05,965.00,24971.90,978.05,24725,300,5,9745203.75,5,F1,75,,,,,
2025-06-23,2025-06-23,FO,NSE,IDO,71557,,NIFTY,,2027-06-24,2027-06-24,22000.00,PE,NIFTY27JUN22000PE,0.00,0.00,0.00,3995.40,0.00,3995.40,24971.90,409.40,0,0,0,0.00,0,F1,75,,,,,
2025-06-23,2025-06-23,FO,NSE,IDO,53617,,NIFTY,,2027-12-30,2027-12-30,22000.00,PE,NIFTY27DEC22000PE,0.00,0.00,0.00,495.00,495.00,495.00,24971.90,447.10,250,0,0,0.00,0,F1,75,,,,,
2025-06-23,2025-06-23,FO,NSE,IDO,53619,,NIFTY,,2027-12-30,2027-12-30,23000.00,PE,NIFTY27DEC23000PE,0.00,0.00,0.00,700.05,700.05,700.05,24971.90,622.55,2025,0,0,0.00,0,F1,75,,,,,
2025-06-23,2025-06-23,FO,NSE,IDO,89615,,NIFTY,,2029-06-28,2029-06-28,19000.00,PE,NIFTY29JUN19000PE,0.00,0.00,0.00,170.30,0.00,170.30,24971.90,179.55,0,0,0,0.00,0,F1,75,,,,,
2025-06-23,2025-06-23,FO,NSE,IDO,89623,,NIFTY,,2029-06-28,2029-06-28,20000.00,PE,NIFTY29JUN20000PE,0.00,0.00,0.00,236.95,0.00,236.95,24971.90,258.20,0,0,0,0.00,0,F1,75,,,,,
2025-06-23,2025-06-23,FO,NSE,IDO,49636,,NIFTY,,2025-07-24,2025-07-24,26750.00,PE,NIFTY2572426750PE,0.00,0.00,0.00,1856.75,0.00,1856.75,24971.90,1699.30,0,0,0,0.00,0,F1,75,,,,,
2025-06-23,2025-06-23,FO,NSE,IDO,49570,,NIFTY,,2025-07-24,2025-07-24,25750.00,PE,NIFTY2572425750PE,0.00,0.00,0.00,1025.30,0.00,1025.30,24971.90,886.30,0,0,0,0.00,0,F1,75,,,,,
2025-06-23,2025-06-23,FO,NSE,IDO,71563,,NIFTY,,2027-06-24,2027-06-24,25000.00,PE,NIFTY27JUN25000PE,0.00,0.00,0.00,5619.05,0.00,5619.05,24971.90,1101.65,0,0,0,0.00,0,F1,75,,,,,
2025-06-23,2025-06-23,FO,NSE,IDO,53595,,NIFTY,,2027-12-30,2027-12-30,15000.00,PE,NIFTY27DEC15000PE,0.00,0.00,0.00,43.05,43.05,43.05,24971.90,10.80,475,0,0,0.00,0,F1,75,,,,,
2025-06-23,2025-06-23,FO,NSE,IDO,53615,,NIFTY,,2027-12-30,2027-12-30,21000.00,PE,NIFTY27DEC21000PE,0.00,0.00,0.00,440.05,440.05,440.05,24971.90,309.55,125,0,0,0.00,0,F1,75,,,,,
2025-06-23,2025-06-23,FO,NSE,IDO,53635,,NIFTY,,2027-12-30,2027-12-30,28000.00,PE,NIFTY27DEC28000PE,0.00,0.00,0.00,4251.00,0.00,4251.00,24971.90,2162.00,0,0,0,0.00,0,F1,75,,,,,
2025-06-23,2025-06-23,FO,NSE,IDO,67771,,NIFTY,,2028-12-28,2028-12-28,18000.00,PE,NIFTY28DEC18000PE,0.00,0.00,0.00,250.00,250.00,250.00,24971.90,109.00,75,0,0,0.00,0,F1,75,,,,,
2025-06-23,2025-06-23,FO,NSE,IDO,67779,,NIFTY,,2028-12-28,2028-12-28,22000.00,PE,NIFTY28DEC22000PE,0.00,0.00,0.00,521.30,521.30,521.30,24971.90,480.30,225,0,0,0.00,0,F1,75,,,,,
2025-06-23,2025-06-23,FO,NSE,IDO,67785,,NIFTY,,2028-12-28,2028-12-28,25000.00,PE,NIFTY28DEC25000PE,1270.00,1270.00,1255.00,1255.00,1255.00,1270.00,24971.90,1060.60,2200,0,2,3939375.00,2,F1,75,,,,,
2025-06-23,2025-06-23,FO,NSE,IDO,89629,,NIFTY,,2029-06-28,2029-06-28,23000.00,PE,NIFTY29JUN23000PE,0.00,0.00,0.00,543.65,0.00,543.65,24971.90,636.85,0,0,0,0.00,0,F1,75,,,,,
2025-06-23,2025-06-23,FO,NSE,IDO,89633,,NIFTY,,2029-06-28,2029-06-28,25000.00,PE,NIFTY29JUN25000PE,0.00,0.00,0.00,852.50,0.00,852.50,24971.90,1030.35,0,0,0,0.00,0,F1,75,,,,,
2025-06-23,2025-06-23,FO,NSE,IDO,89641,,NIFTY,,2029-06-28,2029-06-28,29000.00,PE,NIFTY29JUN29000PE,0.00,0.00,0.00,1746.95,0.00,1746.95,24971.90,2193.35,0,0,0,0.00,0,F1,75,,,,,
2025-06-23,2025-06-23,FO,NSE,IDO,61795,,NIFTY,,2029-12-27,2029-12-27,27000.00,PE,NIFTY29DEC27000PE,0.00,0.00,0.00,1177.90,0.00,1177.90,24971.90,1476.70,0,0,0,0.00,0,F1,75,,,,,
2025-06-23,2025-06-23,FO,NSE,IDO,50979,,NIFTY,,2026-12-31,2026-12-31,27000.00,PE,NIFTY26DEC27000PE,0.00,0.00,0.00,1640.00,1640.00,1640.00,24971.90,1883.45,4050,0,0,0.00,0,F1,75,,,,,
2025-06-23,2025-06-23,FO,NSE,IDO,62122,,NIFTY,,2025-06-26,2025-06-26,21100.00,CE,NIFTY25JUN21100CE,0.00,0.00,0.00,3860.00,3860.00,3860.00,24971.90,3882.25,600,0,0,0.00,0,F1,75,,,,,
2025-06-23,2025-06-23,FO,NSE,IDO,62185,,NIFTY,,2025-06-26,2025-06-26,22150.00,CE,NIFTY25JUN22150CE,0.00,0.00,0.00,2858.10,2858.35,2858.10,24971.90,2832.80,2250,0,0,0.00,0,F1,75,,,,,
2025-06-23,2025-06-23,FO,NSE,IDO,62205,,NIFTY,,2025-06-26,2025-06-26,22650.00,CE,NIFTY25JUN22650CE,0.00,0.00,0.00,2200.05,2200.05,2200.05,24971.90,2333.05,2025,0,0,0.00,0,F1,75,,,,,
2025-06-23,2025-06-23,FO,NSE,IDO,62327,,NIFTY,,2025-06-26,2025-06-26,23450.00,CE,NIFTY25JUN23450CE,0.00,0.00,0.00,1398.90,1398.90,1398.90,24971.90,1533.45,1200,0,0,0.00,0,F1,75,,,,,
2025-06-23,2025-06-23,FO,NSE,IDO,62329,,NIFTY,,2025-06-26,2025-06-26,23500.00,CE,NIFTY25JUN23500CE,1500.00,1600.00,1334.60,1498.15,1489.35,1616.05,24971.90,1498.15,388350,-18150,1682,3144360596.25,1320,F1,75,,,,,
2025-06-23,2025-06-23,FO,NSE,IDO,62353,,NIFTY,,2025-06-26,2025-06-26,24100.00,CE,NIFTY25JUN24100CE,866.95,995.35,745.65,896.50,896.40,1026.90,24971.90,896.50,37725,-4875,660,1234355917.50,419,F1,75,,,,,
2025-06-23,2025-06-23,FO,NSE,IDO,62393,,NIFTY,,2025-06-26,2025-06-26,24850.00,CE,NIFTY25JUN24850CE,240.00,310.40,138.70,229.10,221.20,340.35,24971.90,229.10,1121325,116625,715700,1343807387340.00,462746,F1,75,,,,,
2025-06-23,2025-06-23,FO,NSE,IDO,62411,,NIFTY,,2025-06-26,2025-06-26,25300.00,CE,NIFTY25JUN25300CE,44.20,57.25,16.80,27.70,24.75,73.65,24971.90,27.70,6028275,1567050,1505551,2860133873066.25,569018,F1,75,,,,,
2025-06-23,2025-06-23,FO,NSE,IDO,62483,,NIFTY,,2025-06-26,2025-06-26,26600.00,CE,NIFTY25JUN26600CE,1.25,1.45,1.00,1.20,1.05,1.15,24971.90,1.20,1280700,96900,48057,95878041870.00,12341,F1,75,,,,,
2025-06-23,2025-06-23,FO,NSE,IDO,62503,,NIFTY,,2025-06-26,2025-06-26,26750.00,CE,NIFTY25JUN26750CE,1.15,1.35,0.90,1.10,0.90,1.00,24971.90,1.10,809475,-163650,35582,71389417792.50,5473,F1,75,,,,,
2025-06-23,2025-06-23,FO,NSE,IDO,62505,,NIFTY,,2025-06-26,2025-06-26,26800.00,CE,NIFTY25JUN26800CE,1.15,1.35,0.85,1.05,0.85,1.00,24971.90,1.05,2613000,177825,143821,289092309915.00,24117,F1,75,,,,,
2025-06-23,2025-06-23,FO,NSE,IDO,62511,,NIFTY,,2025-06-26,2025-06-26,26900.00,CE,NIFTY25JUN26900CE,1.20,1.35,0.85,1.05,0.90,1.00,24971.90,1.05,2287950,27675,186629,376539229736.25,20764,F1,75,,,,,
2025-06-23,2025-06-23,FO,NSE,IDO,50537,,NIFTY,,2025-06-26,2025-06-26,28000.00,CE,NIFTY25JUN28000CE,0.60,1.05,0.60,0.80,0.70,0.80,24971.90,0.80,1405275,140250,69641,146250759176.25,8090,F1,75,,,,,
2025-06-23,2025-06-23,FO,NSE,IDO,56087,,NIFTY,,2025-07-03,2025-07-03,23200.00,CE,NIFTY2570323200CE,1700.00,1830.65,1700.00,1830.65,1830.65,1917.10,24971.90,1830.65,300,75,4,7490673.75,4,F1,75,,,,,
2025-06-23,2025-06-23,FO,NSE,IDO,56164,,NIFTY,,2025-07-03,2025-07-03,23450.00,CE,NIFTY2570323450CE,1586.70,1586.70,1586.70,1586.70,1586.70,1659.90,24971.90,1586.70,225,75,1,1877752.50,1,F1,75,,,,,
2025-06-23,2025-06-23,FO,NSE,IDO,56243,,NIFTY,,2025-07-03,2025-07-03,23800.00,CE,NIFTY2570323800CE,1107.00,1248.00,1092.00,1248.00,1248.00,1322.00,24971.90,1221.50,1200,300,16,29939786.25,14,F1,75,,,,,
2025-06-23,2025-06-23,FO,NSE,IDO,56776,,NIFTY,,2025-07-03,2025-07-03,25350.00,CE,NIFTY2570325350CE,100.00,125.00,61.75,85.95,85.10,135.30,24971.90,85.95,213675,135150,19208,36641839222.50,12582,F1,75,,,,,
2025-06-23,2025-06-23,FO,NSE,IDO,58714,,NIFTY,,2025-07-03,2025-07-03,26550.00,CE,NIFTY2570326550CE,2.80,2.80,2.05,2.20,2.10,2.25,24971.90,2.20,37275,4425,1215,2419574235.00,659,F1,75,,,,,
2025-06-23,2025-06-23,FO,NSE,IDO,39934,,NIFTY,,2025-07-10,2025-07-10,24000.00,CE,NIFTY2571024000CE,970.00,1150.00,970.00,1150.00,1150.00,1165.40,24971.90,1093.45,8775,1500,47,88199426.25,26,F1,75,,,,,
2025-06-23,2025-06-23,FO,NSE,IDO,39985,,NIFTY,,2025-07-10,2025-07-10,24650.00,CE,NIFTY2571024650CE,475.00,588.25,442.45,556.00,556.00,630.20,24971.90,590.60,900,-1875,50,94217917.50,28,F1,75,,,,,
2025-06-23,2025-06-23,FO,NSE,IDO,40004,,NIFTY,,2025-07-10,2025-07-10,24850.00,CE,NIFTY2571024850CE,380.20,465.00,320.00,399.70,379.55,492.65,24971.90,399.70,9825,2775,765,1447014922.50,503,F1,75,,,,,
2025-06-23,2025-06-23,FO,NSE,IDO,40010,,NIFTY,,2025-07-10,2025-07-10,24950.00,CE,NIFTY2571024950CE,320.15,401.55,269.20,336.70,330.05,417.60,24971.90,336.70,15525,8100,1226,2323901760.00,778,F1,75,,,,,
2025-06-23,2025-06-23,FO,NSE,IDO,40080,,NIFTY,,2025-07-10,2025-07-10,26000.00,CE,NIFTY2571026000CE,25.75,31.05,18.25,22.05,21.85,33.45,24971.90,22.05,241500,-24450,10444,20382989205.00,6102,F1,75,,,,,
2025-06-23,2025-06-23,FO,NSE,IDO,40130,,NIFTY,,2025-07-10,2025-07-10,26600.00,CE,NIFTY2571026600CE,4.30,5.65,3.60,4.60,4.40,4.30,24971.90,4.60,49050,-9525,1157,2308612728.75,521,F1,75,,,,,
2025-06-23,2025-06-23,FO,NSE,IDO,40150,,NIFTY,,2025-07-10,2025-07-10,26850.00,CE,NIFTY2571026850CE,3.25,4.15,3.10,4.15,4.15,3.45,24971.90,10.50,10575,600,33,66462206.25,11,F1,75,,,,,
2025-06-23,2025-06-23,FO,NSE,IDO,47163,,NIFTY,,2025-07-17,2025-07-17,23650.00,CE,NIFTY2571723650CE,0.00,0.00,0.00,1469.90,0.00,1469.90,24971.90,1459.05,0,0,0,0.00,0,F1,75,,,,,
2025-06-23,2025-06-23,FO,NSE,IDO,47233,,NIFTY,,2025-07-17,2025-07-17,24300.00,CE,NIFTY2571724300CE,0.00,0.00,0.00,963.60,0.00,963.60,24971.90,916.25,0,0,0,0.00,0,F1,75,,,,,
2025-06-23,2025-06-23,FO,NSE,IDO,47287,,NIFTY,,2025-07-17,2025-07-17,25200.00,CE,NIFTY2571725200CE,256.80,320.00,220.60,265.95,264.00,336.15,24971.90,265.95,13125,1200,597,1139890582.50,358,F1,75,,,,,
2025-06-23,2025-06-23,FO,NSE,IDO,47289,,NIFTY,,2025-07-17,2025-07-17,25250.00,CE,NIFTY2571725250CE,227.70,283.30,202.05,250.90,241.35,309.90,24971.90,250.90,2100,450,44,84109938.75,42,F1,75,,,,,
2025-06-23,2025-06-23,FO,NSE,IDO,47362,,NIFTY,,2025-07-17,2025-07-17,26200.00,CE,NIFTY2571726200CE,0.00,0.00,0.00,146.20,0.00,146.20,24971.90,90.80,0,0,0,0.00,0,F1,75,,,,,
2025-06-23,2025-06-23,FO,NSE,IDO,49403,,NIFTY,,2025-07-24,2025-07-24,23650.00,CE,NIFTY2572423650CE,0.00,0.00,0.00,1386.00,0.00,1386.00,24971.90,1512.00,0,0,0,0.00,0,F1,75,,,,,
2025-06-23,2025-06-23,FO,NSE,IDO,49487,,NIFTY,,2025-07-24,2025-07-24,25000.00,CE,NIFTY2572425000CE,409.15,489.35,358.05,424.95,422.00,500.65,24971.90,424.95,8850,6450,507,966490425.00,338,F1,75,,,,,
2025-06-23,2025-06-23,FO,NSE,IDO,49561,,NIFTY,,2025-07-24,2025-07-24,25700.00,CE,NIFTY2572425700CE,0.00,0.00,0.00,233.30,0.00,233.30,24971.90,257.15,0,0,0,0.00,0,F1,75,,,,,
2025-06-23,2025-06-23,FO,NSE,IDO,49577,,NIFTY,,2025-07-24,2025-07-24,25900.00,CE,NIFTY2572425900CE,0.00,0.00,0.00,183.65,0.00,183.65,24971.90,201.10,0,0,0,0.00,0,F1,75,,,,,
2025-06-23,2025-06-23,FO,NSE,IDO,49581,,NIFTY,,2025-07-24,2025-07-24,25950.00,CE,NIFTY2572425950CE,0.00,0.00,0.00,172.60,0.00,172.60,24971.90,189.85,0,0,0,0.00,0,F1,75,,,,,
2025-06-23,2025-06-23,FO,NSE,IDO,49603,,NIFTY,,2025-07-24,2025-07-24,26200.00,CE,NIFTY2572426200CE,0.00,0.00,0.00,125.05,0.00,125.05,24971.90,135.60,0,0,0,0.00,0,F1,75,,,,,
2025-06-23,2025-06-23,FO,NSE,IDO,55673,,NIFTY,,2025-07-31,2025-07-31,22300.00,CE,NIFTY25JUL22300CE,2700.00,2802.75,2700.00,2802.75,2802.75,2894.85,24971.90,2802.75,750,75,4,7517081.25,4,F1,75,,,,,
2025-06-23,2025-06-23,FO,NSE,IDO,55695,,NIFTY,,2025-07-31,2025-07-31,22850.00,CE,NIFTY25JUL22850CE,2276.95,2276.95,2276.95,2276.95,2276.95,2306.80,24971.90,2276.95,1050,75,1,1884521.25,1,F1,75,,,,,
2025-06-23,2025-06-23,FO,NSE,IDO,55721,,NIFTY,,2025-07-31,2025-07-31,23150.00,CE,NIFTY25JUL23150CE,1993.30,1993.30,1993.30,1993.30,1993.30,2077.35,24971.90,1993.30,1500,75,1,1885747.50,1,F1,75,,,,,
2025-06-23,2025-06-23,FO,NSE,IDO,55761,,NIFTY,,2025-07-31,2025-07-31,24100.00,CE,NIFTY25JUL24100CE,1070.00,1171.80,1018.00,1136.85,1136.85,1237.05,24971.90,1197.05,9300,525,74,139691077.50,53,F1,75,,,,,
2025-06-23,2025-06-23,FO,NSE,IDO,55771,,NIFTY,,2025-07-31,2025-07-31,24300.00,CE,NIFTY25JUL24300CE,964.50,1024.00,860.00,958.55,956.50,1055.25,24971.90,958.55,33000,-1050,295,557775048.75,193,F1,75,,,,,
2025-06-23,2025-06-23,FO,NSE,IDO,55775,,NIFTY,,2025-07-31,2025-07-31,24400.00,CE,NIFTY25JUL24400CE,887.00,950.00,774.00,887.05,885.05,977.05,24971.90,887.05,44025,3450,565,1069461333.75,422,F1,75,,,,,
2025-06-23,2025-06-23,FO,NSE,IDO,55793,,NIFTY,,2025-07-31,2025-07-31,24850.00,CE,NIFTY25JUL24850CE,598.00,637.15,485.25,574.60,567.25,651.45,24971.90,574.60,27600,3300,843,1604943243.75,591,F1,75,,,,,
2025-06-23,2025-06-23,FO,NSE,IDO,55801,,NIFTY,,2025-07-31,2025-07-31,25050.00,CE,NIFTY25JUL25050CE,463.75,510.50,379.30,451.85,449.10,521.65,24971.90,451.85,31500,7500,1184,2262625511.25,764,F1,75,,,,,
2025-06-23,2025-06-23,FO,NSE,IDO,55841,,NIFTY,,2025-07-31,2025-07-31,25850.00,CE,NIFTY25JUL25850CE,141.05,155.95,106.00,130.05,129.55,161.55,24971.90,130.05,22275,-300,610,1188325263.75,367,F1,75,,,,,
2025-06-23,2025-06-23,FO,NSE,IDO,55847,,NIFTY,,2025-07-31,2025-07-31,25950.00,CE,NIFTY25JUL25950CE,111.55,129.25,87.95,107.35,106.40,134.40,24971.90,107.35,18300,-225,604,1180203315.00,400,F1,75,,,,,
2025-06-23,2025-06-23,FO,NSE,IDO,55873,,NIFTY,,2025-07-31,2025-07-31,26600.00,CE,NIFTY25JUL26600CE,28.65,32.90,22.10,25.95,25.55,34.40,24971.90,25.95,271350,150,4752,9489235770.00,2324,F1,75,,,,,
2025-06-23,2025-06-23,FO,NSE,IDO,71872,,NIFTY,,2025-08-28,2025-08-28,23550.00,CE,NIFTY25AUG23550CE,0.00,0.00,0.00,1823.15,1824.45,1823.15,24971.90,1837.30,75,0,0,0.00,0,F1,75,,,,,
2025-06-23,2025-06-23,FO,NSE,IDO,71874,,NIFTY,,2025-08-28,2025-08-28,23600.00,CE,NIFTY25AUG23600CE,1728.50,1728.50,1728.50,1728.50,1728.50,1781.15,24971.90,1728.50,150,75,1,1899637.50,1,F1,75,,,,,
2025-06-23,2025-06-23,FO,NSE,IDO,71916,,NIFTY,,2025-08-28,2025-08-28,23700.00,CE,NIFTY25AUG23700CE,1650.25,1650.25,1650.25,1650.25,1650.25,1748.55,24971.90,1650.25,1050,-75,1,1901268.75,1,F1,75,,,,,
2025-06-23,2025-06-23,FO,NSE,IDO,71956,,NIFTY,,2025-08-28,2025-08-28,24550.00,CE,NIFTY25AUG24550CE,986.60,986.60,986.60,986.60,986.60,1075.80,24971.90,986.60,225,75,1,1915245.00,1,F1,75,,,,,
2025-06-23,2025-06-23,FO,NSE,IDO,71964,,NIFTY,,2025-08-28,2025-08-28,24750.00,CE,NIFTY25AUG24750CE,850.80,850.80,850.80,850.80,850.80,916.00,24971.90,850.80,375,75,1,1920060.00,1,F1,75,,,,,
2025-06-23,2025-06-23,FO,NSE,IDO,71972,,NIFTY,,2025-08-28,2025-08-28,24950.00,CE,NIFTY25AUG24950CE,640.00,695.45,640.00,686.70,686.70,783.75,24971.90,873.85,975,375,20,38434537.50,10,F1,75,,,,,
2025-06-23,2025-06-23,FO,NSE,IDO,72036,,NIFTY,,2025-08-28,2025-08-28,25250.00,CE,NIFTY25AUG25250CE,509.15,585.15,491.25,562.10,562.10,612.45,24971.90,719.90,2325,-300,61,117916410.00,41,F1,75,,,,,
2025-06-23,2025-06-23,FO,NSE,IDO,72090,,NIFTY,,2025-08-28,2025-08-28,25550.00,CE,NIFTY25AUG25550CE,396.20,431.80,349.05,408.00,408.00,451.50,24971.90,408.00,2325,825,39,75847301.25,27,F1,75,,,,,
2025-06-23,2025-06-23,FO,NSE,IDO,72096,,NIFTY,,2025-08-28,2025-08-28,25700.00,CE,NIFTY25AUG25700CE,333.60,374.40,292.75,331.65,331.65,384.05,24971.90,331.65,13350,-300,159,310365776.25,102,F1,75,,,,,
2025-06-23,2025-06-23,FO,NSE,IDO,72120,,NIFTY,,2025-08-28,2025-08-28,26250.00,CE,NIFTY25AUG26250CE,0.00,0.00,0.00,469.15,0.00,469.15,24971.90,343.00,0,0,0,0.00,0,F1,75,,,,,
2025-06-23,2025-06-23,FO,NSE,IDO,62924,,NIFTY,,2026-03-26,2026-03-26,24000.00,CE,NIFTY26MAR24000CE,0.00,0.00,0.00,2170.10,0.00,2170.10,24971.90,2672.70,0,0,0,0.00,0,F1,75,,,,,
2025-06-23,2025-06-23,FO,NSE,IDO,38378,,NIFTY,,2026-06-25,2026-06-25,20000.00,CE,NIFTY26JUN20000CE,0.00,0.00,0.00,3829.50,0.00,3829.50,24971.90,6242.85,0,0,0,0.00,0,F1,75,,,,,
2025-06-23,2025-06-23,FO,NSE,IDO,58646,,NIFTY,,2026-12-31,2026-12-31,21000.00,CE,NIFTY26DEC21000CE,0.00,0.00,0.00,3356.25,0.00,3356.25,24971.90,6068.30,0,0,0,0.00,0,F1,75,,,,,
2025-06-23,2025-06-23,FO,NSE,IDO,38158,,NIFTY,,2026-12-31,2026-12-31,29000.00,CE,NIFTY26DEC29000CE,1055.05,1089.00,1040.00,1083.00,1083.00,1124.70,24971.90,1501.70,7950,750,18,40590461.25,18,F1,75,,,,,
2025-06-23,2025-06-23,FO,NSE,IDO,71562,,NIFTY,,2027-06-24,2027-06-24,25000.00,CE,NIFTY27JUN25000CE,0.00,0.00,0.00,2090.05,0.00,2090.05,24971.90,3966.25,0,0,0,0.00,0,F1,75,,,,,
2025-06-23,2025-06-23,FO,NSE,IDO,71564,,NIFTY,,2027-06-24,2027-06-24,26000.00,CE,NIFTY27JUN26000CE,0.00,0.00,0.00,1900.85,0.00,1900.85,24971.90,3418.45,0,0,0,0.00,0,F1,75,,,,,
2025-06-23,2025-06-23,FO,NSE,IDO,38160,,NIFTY,,2027-06-24,2027-06-24,29000.00,CE,NIFTY27JUN29000CE,0.00,0.00,0.00,1545.20,0.00,1545.20,24971.90,2100.10,0,0,0,0.00,0,F1,75,,,,,
2025-06-23,2025-06-23,FO,NSE,IDO,53616,,NIFTY,,2027-12-30,2027-12-30,22000.00,CE,NIFTY27DEC22000CE,0.00,0.00,0.00,4499.55,0.00,4499.55,24971.90,6573.35,0,0,0,0.00,0,F1,75,,,,,
2025-06-23,2025-06-23,FO,NSE,IDO,86139,,NIFTY,,2028-06-29,2028-06-29,18000.00,CE,NIFTY28JUN18000CE,0.00,0.00,0.00,6809.35,0.00,6809.35,24971.90,10112.65,0,0,0,0.00,0,F1,75,,,,,
2025-06-23,2025-06-23,FO,NSE,IDO,86167,,NIFTY,,2028-06-29,2028-06-29,29000.00,CE,NIFTY28JUN29000CE,0.00,0.00,0.00,2333.25,0.00,2333.25,24971.90,3339.30,0,0,0,0.00,0,F1,75,,,,,
2025-06-23,2025-06-23,FO,NSE,IDO,89610,,NIFTY,,2029-06-28,2029-06-28,17000.00,CE,NIFTY29JUN17000CE,0.00,0.00,0.00,12333.10,0.00,12333.10,24971.90,11764.10,0,0,0,0.00,0,F1,75,,,,,
2025-06-23,2025-06-23,FO,NSE,IDO,61744,,NIFTY,,2029-12-27,2029-12-27,22000.00,CE,NIFTY29DEC22000CE,0.00,0.00,0.00,8865.25,0.00,8865.25,24971.90,8781.65,0,0,0,0.00,0,F1,75,,,,,
2025-06-23,2025-06-23,FO,NSE,IDO,61748,,NIFTY,,2029-12-27,2029-12-27,24000.00,CE,NIFTY29DEC24000CE,0.00,0.00,0.00,7730.00,0.00,7730.00,24971.90,7581.00,0,0,0,0.00,0,F1,75,,,,,
2025-06-23,2025-06-23,FO,NSE,IDO,55120,,NIFTY,,2025-06-26,2025-06-26,18000.00,PE,NIFTY25JUN18000PE,1.00,1.00,0.50,0.65,0.55,0.65,24971.90,0.65,540150,-92475,37590,50748305107.50,11733,F1,75,,,,,
2025-06-23,2025-06-23,FO,NSE,IDO,62064,,NIFTY,,2025-06-26,2025-06-26,20450.00,PE,NIFTY25JUN20450PE,0.90,1.20,0.60,0.90,0.90,0.75,24971.90,0.90,347100,-2400,15059,23097613601.25,2141,F1,75,,,,,
2025-06-23,2025-06-23,FO,NSE,IDO,62170,,NIFTY,,2025-06-26,2025-06-26,21900.00,PE,NIFTY25JUN21900PE,1.65,2.10,1.05,1.95,1.80,1.65,24971.90,1.95,865650,797700,45985,75536075718.75,7169,F1,75,,,,,
2025-06-23,2025-06-23,FO,NSE,IDO,62174,,NIFTY,,2025-06-26,2025-06-26,22050.00,PE,NIFTY25JUN22050PE,1.70,2.15,1.10,1.95,2.00,1.80,24971.90,1.95,82650,25200,19983,33049124857.50,3842,F1,75,,,,,
2025-06-23,2025-06-23,FO,NSE,IDO,62198,,NIFTY,,2025-06-26,2025-06-26,22450.00,PE,NIFTY25JUN22450PE,2.70,2.70,1.35,2.25,2.35,2.30,24971.90,2.25,130350,12750,30063,50622545051.25,5857,F1,75,,,,,
2025-06-23,2025-06-23,FO,NSE,IDO,62298,,NIFTY,,2025-06-26,2025-06-26,23100.00,PE,NIFTY25JUN23100PE,4.85,4.85,2.30,3.20,3.05,4.60,24971.90,3.20,880500,144375,95947,166248521730.00,20248,F1,75,,,,,
2025-06-23,2025-06-23,FO,NSE,IDO,62330,,NIFTY,,2025-06-26,2025-06-26,23500.00,PE,NIFTY25JUN23500PE,5.85,7.95,3.75,4.70,4.20,7.25,24971.90,4.70,7214550,-402375,479845,845891300186.25,117244,F1,75,,,,,
2025-06-23,2025-06-23,FO,NSE,IDO,62352,,NIFTY,,2025-06-26,2025-06-26,24050.00,PE,NIFTY25JUN24050PE,17.45,25.00,8.55,9.80,8.60,15.90,24971.90,9.80,622350,-40950,153883,277698431493.75,55303,F1,75,,,,,
2025-06-23,2025-06-23,FO,NSE,IDO,62354,,NIFTY,,2025-06-26,2025-06-26,24100.00,PE,NIFTY25JUN24100PE,18.90,18.90,9.25,10.60,9.40,17.10,24971.90,10.60,2538900,555600,466749,844073488128.75,131015,F1,75,,,,,
2025-06-23,2025-06-23,FO,NSE,IDO,62358,,NIFTY,,2025-06-26,2025-06-26,24150.00,PE,NIFTY25JUN24150PE,22.05,22.05,10.50,11.90,10.50,18.60,24971.90,11.90,622950,-187050,160457,290800603293.75,69408,F1,75,,,,,
2025-06-23,2025-06-23,FO,NSE,IDO,62396,,NIFTY,,2025-06-26,2025-06-26,24900.00,PE,NIFTY25JUN24900PE,110.05,191.00,77.45,97.70,96.45,86.50,24971.90,97.70,8153025,1954800,2722964,5111390770972.50,1469223,F1,75,,,,,
2025-06-23,2025-06-23,FO,NSE,IDO,62462,,NIFTY,,2025-06-26,2025-06-26,26200.00,PE,NIFTY25JUN26200PE,1250.00,1343.00,1135.00,1195.00,1195.00,1097.20,24971.90,1215.40,5625,-75,30,61779930.00,26,F1,75,,,,,
2025-06-23,2025-06-23,FO,NSE,IDO,62474,,NIFTY,,2025-06-26,2025-06-26,26500.00,PE,NIFTY25JUN26500PE,1500.00,1668.90,1406.55,1508.30,1512.00,1392.30,24971.90,1508.30,329175,-44325,930,1957155397.50,770,F1,75,,,,,
2025-06-23,2025-06-23,FO,NSE,IDO,62500,,NIFTY,,2025-06-26,2025-06-26,26650.00,PE,NIFTY25JUN26650PE,1583.55,1583.55,1583.55,1583.55,1583.55,1557.45,24971.90,1665.05,29700,-75,1,2117516.25,1,F1,75,,,,,
2025-06-23,2025-06-23,FO,NSE,IDO,62510,,NIFTY,,2025-06-26,2025-06-26,26850.00,PE,NIFTY25JUN26850PE,0.00,0.00,0.00,1864.00,1864.00,1864.00,24971.90,1864.95,150,0,0,0.00,0,F1,75,,,,,
2025-06-23,2025-06-23,FO,NSE,IDO,55990,,NIFTY,,2025-07-03,2025-07-03,23000.00,PE,NIFTY2570323000PE,12.00,13.20,6.05,7.50,7.10,9.35,24971.90,7.50,512775,75525,20461,35308553115.00,10834,F1,75,,,,,
2025-06-23,2025-06-23,FO,NSE,IDO,56194,,NIFTY,,2025-07-03,2025-07-03,23500.00,PE,NIFTY2570323500PE,20.55,22.00,13.05,15.05,14.30,17.95,24971.90,15.05,486300,176250,31517,55589791331.25,16446,F1,75,,,,,
2025-06-23,2025-06-23,FO,NSE,IDO,56422,,NIFTY,,2025-07-03,2025-07-03,23900.00,PE,NIFTY2570323900PE,28.40,41.30,24.00,28.00,26.20,30.35,24971.90,28.00,209325,72825,12953,23248696942.50,7919,F1,75,,,,,
2025-06-23,2025-06-23,FO,NSE,IDO,56592,,NIFTY,,2025-07-03,2025-07-03,24650.00,PE,NIFTY2570324650PE,115.10,173.20,98.70,114.80,113.50,101.80,24971.90,114.80,78450,7650,13293,24711246528.75,8169,F1,75,,,,,
2025-06-23,2025-06-23,FO,NSE,IDO,56754,,NIFTY,,2025-07-03,2025-07-03,25250.00,PE,NIFTY2570325250PE,372.60,496.50,315.80,369.25,371.20,309.85,24971.90,369.25,17550,-10950,1812,3485842293.75,1240,F1,75,,,,,
2025-06-23,2025-06-23,FO,NSE,IDO,39916,,NIFTY,,2025-07-10,2025-07-10,23700.00,PE,NIFTY2571023700PE,46.45,49.00,33.05,37.60,36.05,36.60,24971.90,37.60,19650,3900,387,689041391.25,204,F1,75,,,,,
2025-06-23,2025-06-23,FO,NSE,IDO,39921,,NIFTY,,2025-07-10,2025-07-10,23800.00,PE,NIFTY2571023800PE,45.05,58.40,38.00,42.80,41.90,42.35,24971.90,42.80,66900,54600,1616,2890201237.50,1166,F1,75,,,,,
2025-06-23,2025-06-23,FO,NSE,IDO,39981,,NIFTY,,2025-07-10,2025-07-10,24550.00,PE,NIFTY2571024550PE,142.25,192.00,123.00,139.25,141.00,127.35,24971.90,139.25,4500,-3150,394,730182776.25,265,F1,75,,,,,
2025-06-23,2025-06-23,FO,NSE,IDO,40014,,NIFTY,,2025-07-10,2025-07-10,24950.00,PE,NIFTY2571024950PE,262.05,350.85,234.95,264.80,266.50,235.60,24971.90,264.80,31650,14475,1324,2506531676.25,771,F1,75,,,,,
2025-06-23,2025-06-23,FO,NSE,IDO,40030,,NIFTY,,2025-07-10,2025-07-10,25150.00,PE,NIFTY2571025150PE,352.15,458.90,317.35,353.35,360.95,314.25,24971.90,353.35,8700,-4800,525,1005514770.00,266,F1,75,,,,,
2025-06-23,2025-06-23,FO,NSE,IDO,40041,,NIFTY,,2025-07-10,2025-07-10,25350.00,PE,NIFTY2571025350PE,444.40,475.35,444.40,475.05,475.35,409.60,24971.90,475.05,1500,0,7,13550752.50,5,F1,75,,,,,
2025-06-23,2025-06-23,FO,NSE,IDO,40050,,NIFTY,,2025-07-10,2025-07-10,25500.00,PE,NIFTY2571025500PE,598.00,701.00,515.50,577.80,581.00,507.10,24971.90,577.80,8325,3900,248,485648013.75,142,F1,75,,,,,
2025-06-23,2025-06-23,FO,NSE,IDO,40059,,NIFTY,,2025-07-10,2025-07-10,25600.00,PE,NIFTY2571025600PE,703.65,785.25,620.65,638.00,638.00,570.35,24971.90,712.70,1050,900,21,41387302.50,17,F1,75,,,,,
2025-06-23,2025-06-23,FO,NSE,IDO,47158,,NIFTY,,2025-07-17,2025-07-17,23550.00,PE,NIFTY2571723550PE,0.00,0.00,0.00,78.85,0.00,78.85,24971.90,35.90,0,0,0,0.00,0,F1,75,,,,,
2025-06-23,2025-06-23,FO,NSE,IDO,47236,,NIFTY,,2025-07-17,2025-07-17,24350.00,PE,NIFTY2571724350PE,146.25,173.10,120.45,133.40,133.40,121.80,24971.90,162.55,5025,2775,81,148762016.25,53,F1,75,,,,,
2025-06-23,2025-06-23,FO,NSE,IDO,47246,,NIFTY,,2025-07-17,2025-07-17,24550.00,PE,NIFTY2571724550PE,180.70,226.90,161.80,171.45,174.00,158.10,24971.90,171.45,3300,-1200,64,118726245.00,53,F1,75,,,,,
2025-06-23,2025-06-23,FO,NSE,IDO,47268,,NIFTY,,2025-07-17,2025-07-17,24850.00,PE,NIFTY2571724850PE,269.85,340.00,243.85,261.70,261.70,241.20,24971.90,331.35,2625,900,81,152703873.75,78,F1,75,,,,,
2025-06-23,2025-06-23,FO,NSE,IDO,47361,,NIFTY,,2025-07-17,2025-07-17,26150.00,PE,NIFTY2571726150PE,0.00,0.00,0.00,1263.85,0.00,1263.85,24971.90,1174.20,0,0,0,0.00,0,F1,75,,,,,
2025-06-23,2025-06-23,FO,NSE,IDO,47369,,NIFTY,,2025-07-17,2025-07-17,26350.00,PE,NIFTY2571726350PE,0.00,0.00,0.00,1427.15,0.00,1427.15,24971.90,1345.35,0,0,0,0.00,0,F1,75,,,,,
2025-06-23,2025-06-23,FO,NSE,IDO,49366,,NIFTY,,2025-07-24,2025-07-24,23100.00,PE,NIFTY2572423100PE,39.75,45.40,29.10,34.75,36.00,35.75,24971.90,34.75,3225,900,20,34707116.25,11,F1,75,,,,,
2025-06-23,2025-06-23,FO,NSE,IDO,49378,,NIFTY,,2025-07-24,2025-07-24,23250.00,PE,NIFTY2572423250PE,0.00,0.00,0.00,53.20,0.00,53.20,24971.90,31.40,0,0,0,0.00,0,F1,75,,,,,
2025-06-23,2025-06-23,FO,NSE,IDO,49394,,NIFTY,,2025-07-24,2025-07-24,23500.00,PE,NIFTY2572423500PE,60.00,65.60,55.00,56.05,55.55,60.00,24971.90,56.05,1425,1125,29,51245242.50,18,F1,75,,,,,
2025-06-23,2025-06-23,FO,NSE,IDO,49404,,NIFTY,,2025-07-24,2025-07-24,23650.00,PE,NIFTY2572423650PE,0.00,0.00,0.00,103.70,0.00,103.70,24971.90,67.05,0,0,0,0.00,0,F1,75,,,,,
2025-06-23,2025-06-23,FO,NSE,IDO,49424,,NIFTY,,2025-07-24,2025-07-24,24000.00,PE,NIFTY2572424000PE,110.00,133.80,95.65,103.65,103.70,99.30,24971.90,103.65,8025,3600,340,614898652.50,206,F1,75,,,,,
2025-06-23,2025-06-23,FO,NSE,IDO,49432,,NIFTY,,2025-07-24,2025-07-24,24150.00,PE,NIFTY2572424150PE,0.00,0.00,0.00,211.65,0.00,211.65,24971.90,150.95,0,0,0,0.00,0,F1,75,,,,,
2025-06-23,2025-06-23,FO,NSE,IDO,49472,,NIFTY,,2025-07-24,2025-07-24,24650.00,PE,NIFTY2572424650PE,250.95,280.80,218.65,230.00,230.00,213.55,24971.90,296.40,1500,-225,11,20537437.50,9,F1,75,,,,,
2025-06-23,2025-06-23,FO,NSE,IDO,49525,,NIFTY,,2025-07-24,2025-07-24,25300.00,PE,NIFTY2572425300PE,0.00,0.00,0.00,721.45,0.00,721.45,24971.90,599.60,0,0,0,0.00,0,F1,75,,,,,
2025-06-23,2025-06-23,FO,NSE,IDO,49554,,NIFTY,,2025-07-24,2025-07-24,25550.00,PE,NIFTY2572425550PE,0.00,0.00,0.00,883.65,0.00,883.65,24971.90,751.55,0,0,0,0.00,0,F1,75,,,,,
2025-06-23,2025-06-23,FO,NSE,IDO,49558,,NIFTY,,2025-07-24,2025-07-24,25600.00,PE,NIFTY2572425600PE,0.00,0.00,0.00,918.10,0.00,918.10,24971.90,784.20,0,0,0,0.00,0,F1,75,,,,,
2025-06-23,2025-06-23,FO,NSE,IDO,49574,,NIFTY,,2025-07-24,2025-07-24,25800.00,PE,NIFTY2572425800PE,0.00,0.00,0.00,1063.30,0.00,1063.30,24971.90,921.70,0,0,0,0.00,0,F1,75,,,,,
2025-06-23,2025-06-23,FO,NSE,IDO,49634,,NIFTY,,2025-07-24,2025-07-24,26700.00,PE,NIFTY2572426700PE,0.00,0.00,0.00,1811.50,0.00,1811.50,24971.90,1654.50,0,0,0,0.00,0,F1,75,,,,,
2025-06-23,2025-06-23,FO,NSE,IDO,55722,,NIFTY,,2025-07-31,2025-07-31,23150.00,PE,NIFTY25JUL23150PE,53.05,59.20,44.95,47.60,46.85,47.60,24971.90,47.60,14400,375,116,201847192.50,57,F1,75,,,,,
2025-06-23,2025-06-23,FO,NSE,IDO,55740,,NIFTY,,2025-07-31,2025-07-31,23600.00,PE,NIFTY25JUL23600PE,85.00,98.75,72.00,79.10,78.65,74.90,24971.90,79.10,249075,450,3669,6517960575.00,2533,F1,75,,,,,
2025-06-23,2025-06-23,FO,NSE,IDO,55790,,NIFTY,,2025-07-31,2025-07-31,24750.00,PE,NIFTY25JUL24750PE,295.85,362.55,268.75,293.80,294.70,264.95,24971.90,293.80,35250,8400,909,1708726241.25,573,F1,75,,,,,
2025-06-23,2025-06-23,FO,NSE,IDO,55824,,NIFTY,,2025-07-31,2025-07-31,25450.00,PE,NIFTY25JUL25450PE,613.95,712.70,564.05,609.40,609.40,548.30,24971.90,609.40,5400,825,97,189993573.75,61,F1,75,,,,,
2025-06-23,2025-06-23,FO,NSE,IDO,55846,,NIFTY,,2025-07-31,2025-07-31,25900.00,PE,NIFTY25JUL25900PE,950.00,1042.75,870.00,917.50,914.75,829.70,24971.90,917.50,5550,900,168,338671072.50,81,F1,75,,,,,
2025-06-23,2025-06-23,FO,NSE,IDO,55854,,NIFTY,,2025-07-31,2025-07-31,26100.00,PE,NIFTY25JUL26100PE,1149.00,1149.00,1058.10,1058.10,1058.10,991.90,24971.90,1058.10,7875,0,10,20410522.50,10,F1,75,,,,,
2025-06-23,2025-06-23,FO,NSE,IDO,55864,,NIFTY,,2025-07-31,2025-07-31,26350.00,PE,NIFTY25JUL26350PE,1260.45,1264.65,1260.45,1264.65,1264.65,1198.40,24971.90,1360.90,2025,0,4,8283738.75,4,F1,75,,,,,
2025-06-23,2025-06-23,FO,NSE,IDO,71852,,NIFTY,,2025-08-28,2025-08-28,23250.00,PE,NIFTY25AUG23250PE,105.40,105.40,105.40,105.40,105.40,97.60,24971.90,109.45,2100,75,1,1751655.00,1,F1,75,,,,,
2025-06-23,2025-06-23,FO,NSE,IDO,71935,,NIFTY,,2025-08-28,2025-08-28,24050.00,PE,NIFTY25AUG24050PE,239.00,239.00,206.05,208.25,210.45,195.60,24971.90,208.25,750,75,5,9099273.75,5,F1,75,,,,,
2025-06-23,2025-06-23,FO,NSE,IDO,71955,,NIFTY,,2025-08-28,2025-08-28,24500.00,PE,NIFTY25AUG24500PE,324.00,369.00,289.00,306.20,309.30,291.40,24971.90,306.20,413025,35850,2625,4887932490.00,1698,F1,75,,,,,
2025-06-23,2025-06-23,FO,NSE,IDO,71965,,NIFTY,,2025-08-28,2025-08-28,24750.00,PE,NIFTY25AUG24750PE,440.30,440.30,373.50,375.00,375.00,359.90,24971.90,492.10,2925,225,16,30163987.50,14,F1,75,,,,,
2025-06-23,2025-06-23,FO,NSE,IDO,72088,,NIFTY,,2025-08-28,2025-08-28,25500.00,PE,NIFTY25AUG25500PE,690.20,806.00,657.00,696.00,699.20,657.05,24971.90,696.00,144375,-9075,1103,2170125093.75,595,F1,75,,,,,
2025-06-23,2025-06-23,FO,NSE,IDO,72091,,NIFTY,,2025-08-28,2025-08-28,25550.00,PE,NIFTY25AUG25550PE,717.50,717.75,717.50,717.65,717.75,672.05,24971.90,717.65,450,150,2,3940143.75,2,F1,75,,,,,
2025-06-23,2025-06-23,FO,NSE,IDO,72105,,NIFTY,,2025-08-28,2025-08-28,25900.00,PE,NIFTY25AUG25900PE,924.80,924.80,924.80,924.80,924.80,876.75,24971.90,924.80,300,75,1,2011860.00,1,F1,75,,,,,
2025-06-23,2025-06-23,FO,NSE,IDO,72125,,NIFTY,,2025-08-28,2025-08-28,26350.00,PE,NIFTY25AUG26350PE,1244.25,1244.25,1244.25,1244.25,1244.25,1169.85,24971.90,1244.25,375,75,1,2069568.75,1,F1,75,,,,,
2025-06-23,2025-06-23,FO,NSE,IDO,64691,,NIFTY,,2025-09-25,2025-09-25,23000.00,PE,NIFTY25SEP23000PE,137.00,147.40,124.00,130.00,130.00,124.90,24971.90,130.00,752925,22275,3340,5794556021.25,1683,F1,75,,,,,
2025-06-23,2025-06-23,FO,NSE,IDO,62936,,NIFTY,,2026-03-26,2026-03-26,29000.00,PE,NIFTY26MAR29000PE,0.00,0.00,0.00,3815.05,0.00,3815.05,24971.90,3270.15,0,0,0,0.00,0,F1,75,,,,,
2025-06-23,2025-06-23,FO,NSE,IDO,58625,,NIFTY,,2026-06-25,2026-06-25,12000.00,PE,NIFTY26JUN12000PE,0.00,0.00,0.00,20.05,20.05,20.05,24971.90,0.00,325,0,0,0.00,0,F1,75,,,,,
2025-06-23,2025-06-23,FO,NSE,IDO,71552,,NIFTY,,2027-06-24,2027-06-24,20000.00,PE,NIFTY27JUN20000PE,0.00,0.00,0.00,3034.20,0.00,3034.20,24971.90,171.35,0,0,0,0.00,0,F1,75,,,,,
2025-06-23,2025-06-23,FO,NSE,IDO,64678,,NIFTY,,2025-09-25,2025-09-25,17000.00,CE,NIFTY25SEP17000CE,7980.00,8105.00,7980.00,8105.00,8105.00,8210.00,24971.90,8105.00,675,225,3,5637375.00,3,F1,75,,,,,
2025-06-23,2025-06-23,FO,NSE,IDO,64680,,NIFTY,,2025-09-25,2025-09-25,18000.00,CE,NIFTY25SEP18000CE,7074.00,7170.00,7002.00,7157.00,7140.00,7240.00,24971.90,7157.00,12375,6450,86,161880277.50,82,F1,75,,,,,
2025-06-23,2025-06-23,FO,NSE,IDO,49177,,NIFTY,,2025-12-24,2025-12-24,16000.00,CE,NIFTY25DEC16000CE,0.00,0.00,0.00,9565.00,9565.00,9565.00,24971.90,9459.60,350,0,0,0.00,0,F1,75,,,,,
2025-06-23,2025-06-23,FO,NSE,IDO,51451,,NIFTY,,2025-12-24,2025-12-24,21000.00,CE,NIFTY25DEC21000CE,4600.00,4672.15,4485.75,4601.30,4600.00,4705.15,24971.90,4601.30,124900,1800,164,314984535.00,93,F1,75,,,,,
2025-06-23,2025-06-23,FO,NSE,IDO,58622,,NIFTY,,2025-12-24,2025-12-24,22000.00,CE,NIFTY25DEC22000CE,3715.00,3805.50,3613.50,3729.20,3710.35,3818.75,24971.90,3729.20,440350,1425,108,208303353.75,107,F1,75,,,,,
2025-06-23,2025-06-23,FO,NSE,IDO,71474,,NIFTY,,2026-06-25,2026-06-25,25000.00,CE,NIFTY26JUN25000CE,0.00,0.00,0.00,2222.00,2222.00,2222.00,24971.90,2482.50,300,0,0,0.00,0,F1,75,,,,,
2025-06-23,2025-06-23,FO,NSE,IDO,50973,,NIFTY,,2026-06-25,2026-06-25,27000.00,CE,NIFTY26JUN27000CE,0.00,0.00,0.00,1352.80,0.00,1352.80,24971.90,1511.15,0,0,0,0.00,0,F1,75,,,,,
2025-06-23,2025-06-23,FO,NSE,IDO,71505,,NIFTY,,2026-12-31,2026-12-31,26000.00,CE,NIFTY26DEC26000CE,2330.00,2362.75,2330.00,2360.00,2360.00,2489.95,24971.90,2742.75,5100,75,3,6378956.25,3,F1,75,,,,,
2025-06-23,2025-06-23,FO,NSE,IDO,71551,,NIFTY,,2027-06-24,2027-06-24,20000.00,CE,NIFTY27JUN20000CE,0.00,0.00,0.00,3367.05,0.00,3367.05,24971.90,7457.45,0,0,0,0.00,0,F1,75,,,,,
2025-06-23,2025-06-23,FO,NSE,IDO,86143,,NIFTY,,2028-06-29,2028-06-29,20000.00,CE,NIFTY28JUN20000CE,0.00,0.00,0.00,5724.65,0.00,5724.65,24971.90,8585.65,0,0,0,0.00,0,F1,75,,,,,
2025-06-23,2025-06-23,FO,NSE,IDO,86145,,NIFTY,,2028-06-29,2028-06-29,21000.00,CE,NIFTY28JUN21000CE,0.00,0.00,0.00,5226.55,0.00,5226.55,24971.90,7859.40,0,0,0,0.00,0,F1,75,,,,,
2025-06-23,2025-06-23,FO,NSE,IDO,86161,,NIFTY,,2028-06-29,2028-06-29,26000.00,CE,NIFTY28JUN26000CE,0.00,0.00,0.00,3200.90,0.00,3200.90,24971.90,4738.55,0,0,0,0.00,0,F1,75,,,,,
2025-06-23,2025-06-23,FO,NSE,IDO,67780,,NIFTY,,2028-12-28,2028-12-28,23000.00,CE,NIFTY28DEC23000CE,0.00,0.00,0.00,6377.60,0.00,6377.60,24971.90,7080.60,0,0,0,0.00,0,F1,75,,,,,
2025-06-23,2025-06-23,FO,NSE,IDO,89634,,NIFTY,,2029-06-28,2029-06-28,26000.00,CE,NIFTY29JUN26000CE,0.00,0.00,0.00,7052.20,0.00,7052.20,24971.90,5927.40,0,0,0,0.00,0,F1,75,,,,,
2025-06-23,2025-06-23,FO,NSE,IDO,62395,,NIFTY,,2025-06-26,2025-06-26,24900.00,CE,NIFTY25JUN24900CE,195.25,275.00,114.35,195.25,187.25,299.30,24971.90,195.25,5001150,1790025,2163110,4066293985020.00,1268624,F1,75,,,,,
2025-06-23,2025-06-23,FO,NSE,IDO,62397,,NIFTY,,2025-06-26,2025-06-26,24950.00,CE,NIFTY25JUN24950CE,180.00,236.00,93.25,163.55,155.00,261.50,24971.90,163.55,1883100,1085550,1501903,2826625511801.25,932750,F1,75,,,,,
2025-06-23,2025-06-23,FO,NSE,IDO,56120,,NIFTY,,2025-07-03,2025-07-03,23400.00,CE,NIFTY2570323400CE,1627.70,1627.70,1627.70,1627.70,1627.70,1715.40,24971.90,1612.20,600,0,1,1877077.50,1,F1,75,,,,,
2025-06-23,2025-06-23,FO,NSE,IDO,56189,,NIFTY,,2025-07-03,2025-07-03,23500.00,CE,NIFTY2570323500CE,1510.00,1600.00,1367.90,1508.05,1502.95,1625.00,24971.90,1508.05,4575,2475,51,95510497.50,44,F1,75,,,,,
2025-06-23,2025-06-23,FO,NSE,IDO,56217,,NIFTY,,2025-07-03,2025-07-03,23600.00,CE,NIFTY2570323600CE,1300.35,1306.00,1300.35,1306.00,1306.00,1516.20,24971.90,1415.35,300,150,2,3735476.25,2,F1,75,,,,,
2025-06-23,2025-06-23,FO,NSE,IDO,56595,,NIFTY,,2025-07-03,2025-07-03,24750.00,CE,NIFTY2570324750CE,407.25,468.80,297.20,386.35,388.45,490.60,24971.90,386.35,37275,8550,4325,8141355693.75,2682,F1,75,,,,,
2025-06-23,2025-06-23,FO,NSE,IDO,56685,,NIFTY,,2025-07-03,2025-07-03,24950.00,CE,NIFTY2570324950CE,258.80,328.00,190.70,260.45,253.50,346.50,24971.90,260.45,147450,65850,28096,53084689522.50,17249,F1,75,,,,,
2025-06-23,2025-06-23,FO,NSE,IDO,56729,,NIFTY,,2025-07-03,2025-07-03,25100.00,CE,NIFTY2570325100CE,193.35,238.55,129.05,181.90,177.90,253.55,24971.90,181.90,927000,206475,66064,125240781491.25,37385,F1,75,,,,,
2025-06-23,2025-06-23,FO,NSE,IDO,56984,,NIFTY,,2025-07-03,2025-07-03,25650.00,CE,NIFTY2570325650CE,34.55,46.15,23.00,29.15,28.25,51.75,24971.90,29.15,163875,-32700,17163,33055692232.50,9262,F1,75,,,,,
2025-06-23,2025-06-23,FO,NSE,IDO,57009,,NIFTY,,2025-07-03,2025-07-03,25750.00,CE,NIFTY2570325750CE,24.45,31.35,16.05,19.35,19.20,36.30,24971.90,19.35,75675,-3150,8200,15848752023.75,4425,F1,75,,,,,
2025-06-23,2025-06-23,FO,NSE,IDO,57022,,NIFTY,,2025-07-03,2025-07-03,25800.00,CE,NIFTY2570325800CE,26.95,26.95,13.50,15.60,15.30,30.10,24971.90,15.60,419850,60225,31919,61804271831.25,19948,F1,75,,,,,
2025-06-23,2025-06-23,FO,NSE,IDO,57125,,NIFTY,,2025-07-03,2025-07-03,25850.00,CE,NIFTY2570325850CE,24.80,24.80,11.55,12.80,12.85,25.70,24971.90,12.80,72675,27300,6735,13064729085.00,4360,F1,75,,,,,
2025-06-23,2025-06-23,FO,NSE,IDO,58723,,NIFTY,,2025-07-03,2025-07-03,26700.00,CE,NIFTY2570326700CE,2.05,2.35,1.65,2.10,1.95,2.05,24971.90,2.10,138750,-50175,5276,10566020242.50,1547,F1,75,,,,,
2025-06-23,2025-06-23,FO,NSE,IDO,58726,,NIFTY,,2025-07-03,2025-07-03,26750.00,CE,NIFTY2570326750CE,2.50,2.50,1.90,2.00,1.95,2.10,24971.90,2.00,57375,1725,640,1284100248.75,332,F1,75,,,,,
2025-06-23,2025-06-23,FO,NSE,IDO,39930,,NIFTY,,2025-07-10,2025-07-10,23900.00,CE,NIFTY2571023900CE,1085.00,1185.00,1085.00,1152.10,1152.10,1297.25,24971.90,1152.10,12225,450,8,15015082.50,7,F1,75,,,,,
2025-06-23,2025-06-23,FO,NSE,IDO,39972,,NIFTY,,2025-07-10,2025-07-10,24550.00,CE,NIFTY2571024550CE,544.65,649.45,544.65,641.40,641.40,707.60,24971.90,658.35,1125,300,11,20729936.25,10,F1,75,,,,,
2025-06-23,2025-06-23,FO,NSE,IDO,40020,,NIFTY,,2025-07-10,2025-07-10,25050.00,CE,NIFTY2571025050CE,269.60,341.10,223.05,284.75,287.65,363.25,24971.90,284.75,17550,9150,766,1455274140.00,493,F1,75,,,,,
2025-06-23,2025-06-23,FO,NSE,IDO,40076,,NIFTY,,2025-07-10,2025-07-10,25900.00,CE,NIFTY2571025900CE,0.00,0.00,0.00,181.35,0.00,181.35,24971.90,90.40,0,0,0,0.00,0,F1,75,,,,,
2025-06-23,2025-06-23,FO,NSE,IDO,40152,,NIFTY,,2025-07-10,2025-07-10,26900.00,CE,NIFTY2571026900CE,3.35,3.85,3.15,3.45,3.30,3.75,24971.90,3.45,46425,16800,452,912029696.25,205,F1,75,,,,,
2025-06-23,2025-06-23,FO,NSE,IDO,47229,,NIFTY,,2025-07-17,2025-07-17,24250.00,CE,NIFTY2571724250CE,0.00,0.00,0.00,998.90,0.00,998.90,24971.90,954.25,0,0,0,0.00,0,F1,75,,,,,
2025-06-23,2025-06-23,FO,NSE,IDO,47301,,NIFTY,,2025-07-17,2025-07-17,25500.00,CE,NIFTY2571725500CE,159.00,186.70,118.40,148.65,147.00,193.65,24971.90,148.65,37125,7200,815,1567610767.50,531,F1,75,,,,,
2025-06-23,2025-06-23,FO,NSE,IDO,47315,,NIFTY,,2025-07-17,2025-07-17,25750.00,CE,NIFTY2571725750CE,0.00,0.00,0.00,251.55,0.00,251.55,24971.90,181.65,0,0,0,0.00,0,F1,75,,,,,
2025-06-23,2025-06-23,FO,NSE,IDO,49415,,NIFTY,,2025-07-24,2025-07-24,23850.00,CE,NIFTY2572423850CE,0.00,0.00,0.00,1223.60,0.00,1223.60,24971.90,1340.35,0,0,0,0.00,0,F1,75,,,,,
2025-06-23,2025-06-23,FO,NSE,IDO,61402,,NIFTY,,2029-12-27,2029-12-27,19000.00,CE,NIFTY29DEC19000CE,0.00,0.00,0.00,10714.60,0.00,10714.60,24971.90,10760.20,0,0,0,0.00,0,F1,75,,,,,
2025-06-23,2025-06-23,FO,NSE,IDO,62188,,NIFTY,,2025-06-26,2025-06-26,22200.00,PE,NIFTY25JUN22200PE,2.00,2.35,1.20,2.10,2.00,2.00,24971.90,2.10,988725,810600,54391,90568541148.75,8188,F1,75,,,,,
2025-06-23,2025-06-23,FO,NSE,IDO,62196,,NIFTY,,2025-06-26,2025-06-26,22400.00,PE,NIFTY25JUN22400PE,2.15,2.70,1.30,2.20,2.35,2.15,24971.90,2.20,193575,-171000,42571,71524580220.00,7760,F1,75,,,,,
2025-06-23,2025-06-23,FO,NSE,IDO,62376,,NIFTY,,2025-06-26,2025-06-26,24500.00,PE,NIFTY25JUN24500PE,45.00,56.45,23.55,27.95,26.60,34.20,24971.90,27.95,7701600,639825,1231671,2266548423093.75,487984,F1,75,,,,,
2025-06-23,2025-06-23,FO,NSE,IDO,62392,,NIFTY,,2025-06-26,2025-06-26,24800.00,PE,NIFTY25JUN24800PE,85.50,142.25,56.50,69.80,68.65,66.50,24971.90,69.80,7946100,-744600,2008062,3749264840846.25,999257,F1,75,,,,,
2025-06-23,2025-06-23,FO,NSE,IDO,62402,,NIFTY,,2025-06-26,2025-06-26,25100.00,PE,NIFTY25JUN25100PE,216.60,322.55,146.20,187.20,187.85,150.75,24971.90,187.20,2778750,-1096650,521130,989205987093.75,323256,F1,75,,,,,
2025-06-23,2025-06-23,FO,NSE,IDO,62406,,NIFTY,,2025-06-26,2025-06-26,25150.00,PE,NIFTY25JUN25150PE,222.00,361.80,170.00,218.20,220.00,172.80,24971.90,218.20,733425,-422100,100351,191063502356.25,66491,F1,75,,,,,
2025-06-23,2025-06-23,FO,NSE,IDO,62446,,NIFTY,,2025-06-26,2025-06-26,26050.00,PE,NIFTY25JUN26050PE,1100.00,1210.05,1001.00,1058.50,1064.75,947.15,24971.90,1058.50,2400,-150,51,103868767.50,41,F1,75,,,,,
2025-06-23,2025-06-23,FO,NSE,IDO,62482,,NIFTY,,2025-06-26,2025-06-26,26550.00,PE,NIFTY25JUN26550PE,0.00,0.00,0.00,1449.25,1449.25,1449.25,24971.90,1565.10,3075,0,0,0.00,0,F1,75,,,,,
2025-06-23,2025-06-23,FO,NSE,IDO,38151,,NIFTY,,2025-06-26,2025-06-26,29000.00,PE,NIFTY25JUN29000PE,4063.00,4166.80,3923.65,4002.80,4013.30,3875.20,24971.90,4002.80,268125,-8475,238,590082667.50,175,F1,75,,,,,
2025-06-23,2025-06-23,FO,NSE,IDO,56266,,NIFTY,,2025-07-03,2025-07-03,23800.00,PE,NIFTY2570323800PE,28.05,34.75,20.30,23.65,22.00,26.50,24971.90,23.65,345225,74850,19319,34522955062.50,9995,F1,75,,,,,
2025-06-23,2025-06-23,FO,NSE,IDO,56698,,NIFTY,,2025-07-03,2025-07-03,24950.00,PE,NIFTY2570324950PE,219.85,301.80,179.85,209.55,209.85,178.80,24971.90,209.55,163575,70875,26810,50637995482.50,16384,F1,75,,,,,
2025-06-23,2025-06-23,FO,NSE,IDO,58033,,NIFTY,,2025-07-03,2025-07-03,26050.00,PE,NIFTY2570326050PE,1030.85,1030.85,1030.85,1030.85,1030.85,945.30,24971.90,1059.45,450,75,1,2031063.75,1,F1,75,,,,,
2025-06-23,2025-06-23,FO,NSE,IDO,58722,,NIFTY,,2025-07-03,2025-07-03,26650.00,PE,NIFTY2570326650PE,1628.40,1628.40,1628.40,1628.40,1628.40,1509.20,24971.90,1637.60,600,75,1,2120880.00,1,F1,75,,,,,
2025-06-23,2025-06-23,FO,NSE,IDO,58736,,NIFTY,,2025-07-03,2025-07-03,26900.00,PE,NIFTY2570326900PE,1877.45,1877.45,1877.45,1877.45,1877.45,1764.75,24971.90,1885.25,600,75,1,2158308.75,1,F1,75,,,,,
2025-06-23,2025-06-23,FO,NSE,IDO,39839,,NIFTY,,2025-07-10,2025-07-10,23000.00,PE,NIFTY2571023000PE,17.60,20.05,13.70,15.25,14.45,17.20,24971.90,15.25,119400,38325,2329,4020434572.50,1087,F1,75,,,,,
2025-06-23,2025-06-23,FO,NSE,IDO,39885,,NIFTY,,2025-07-10,2025-07-10,23350.00,PE,NIFTY2571023350PE,35.20,35.20,24.40,24.40,24.40,21.75,24971.90,24.40,450,300,6,10520805.00,5,F1,75,,,,,
2025-06-23,2025-06-23,FO,NSE,IDO,39905,,NIFTY,,2025-07-10,2025-07-10,23600.00,PE,NIFTY2571023600PE,37.00,42.75,29.00,32.55,32.60,32.60,24971.90,32.55,18300,9900,534,946590198.75,294,F1,75,,,,,
2025-06-23,2025-06-23,FO,NSE,IDO,39929,,NIFTY,,2025-07-10,2025-07-10,23850.00,PE,NIFTY2571023850PE,50.85,51.70,41.90,47.55,48.00,46.00,24971.90,47.55,6225,4950,84,150555438.75,39,F1,75,,,,,
2025-06-23,2025-06-23,FO,NSE,IDO,40039,,NIFTY,,2025-07-10,2025-07-10,25300.00,PE,NIFTY2571025300PE,446.15,561.45,394.20,445.00,448.00,387.40,24971.90,445.00,28950,-3075,799,1543948901.25,403,F1,75,,,,,
2025-06-23,2025-06-23,FO,NSE,IDO,40073,,NIFTY,,2025-07-10,2025-07-10,25800.00,PE,NIFTY2571025800PE,792.65,792.65,792.65,792.65,792.65,738.25,24971.90,792.65,150,75,1,1994448.75,1,F1,75,,,,,
2025-06-23,2025-06-23,FO,NSE,IDO,40129,,NIFTY,,2025-07-10,2025-07-10,26550.00,PE,NIFTY2571026550PE,1506.05,1506.05,1506.05,1506.05,1506.05,1416.45,24971.90,1526.65,150,75,1,2104203.75,1,F1,75,,,,,
2025-06-23,2025-06-23,FO,NSE,IDO,47133,,NIFTY,,2025-07-17,2025-07-17,23150.00,PE,NIFTY2571723150PE,0.00,0.00,0.00,54.25,54.25,54.25,24971.90,13.95,150,0,0,0.00,0,F1,75,,,,,
2025-06-23,2025-06-23,FO,NSE,IDO,47228,,NIFTY,,2025-07-17,2025-07-17,24200.00,PE,NIFTY2571724200PE,117.70,141.05,97.30,108.45,108.55,99.30,24971.90,108.45,10650,2775,192,350080072.50,141,F1,75,,,,,
2025-06-23,2025-06-23,FO,NSE,IDO,47264,,NIFTY,,2025-07-17,2025-07-17,24750.00,PE,NIFTY2571724750PE,244.00,292.65,211.40,227.60,227.60,209.90,24971.90,227.60,3150,-525,75,140534763.75,54,F1,75,,,,,
2025-06-23,2025-06-23,FO,NSE,IDO,47281,,NIFTY,,2025-07-17,2025-07-17,25100.00,PE,NIFTY2571725100PE,372.85,464.20,330.40,365.75,371.55,327.10,24971.90,365.75,8475,1200,242,462556125.00,205,F1,75,,,,,
2025-06-23,2025-06-23,FO,NSE,IDO,47365,,NIFTY,,2025-07-17,2025-07-17,26250.00,PE,NIFTY2571726250PE,0.00,0.00,0.00,1344.55,0.00,1344.55,24971.90,1258.80,0,0,0,0.00,0,F1,75,,,,,
2025-06-23,2025-06-23,FO,NSE,IDO,47377,,NIFTY,,2025-07-17,2025-07-17,26550.00,PE,NIFTY2571726550PE,0.00,0.00,0.00,1597.40,0.00,1597.40,24971.90,1523.45,0,0,0,0.00,0,F1,75,,,,,
2025-06-23,2025-06-23,FO,NSE,IDO,49384,,NIFTY,,2025-07-24,2025-07-24,23300.00,PE,NIFTY2572423300PE,0.00,0.00,0.00,58.15,0.00,58.15,24971.90,34.70,0,0,0,0.00,0,F1,75,,,,,
2025-06-23,2025-06-23,FO,NSE,IDO,49406,,NIFTY,,2025-07-24,2025-07-24,23700.00,PE,NIFTY2572423700PE,0.00,0.00,0.00,112.00,0.00,112.00,24971.90,73.25,0,0,0,0.00,0,F1,75,,,,,
2025-06-23,2025-06-23,FO,NSE,IDO,49412,,NIFTY,,2025-07-24,2025-07-24,23750.00,PE,NIFTY2572423750PE,0.00,0.00,0.00,120.85,0.00,120.85,24971.90,79.80,0,0,0,0.00,0,F1,75,,,,,
2025-06-23,2025-06-23,FO,NSE,IDO,49520,,NIFTY,,2025-07-24,2025-07-24,25200.00,PE,NIFTY2572425200PE,477.00,545.00,414.65,450.00,450.00,407.65,24971.90,450.00,1125,-525,39,75098475.00,37,F1,75,,,,,
2025-06-23,2025-06-23,FO,NSE,IDO,49576,,NIFTY,,2025-07-24,2025-07-24,25850.00,PE,NIFTY2572425850PE,0.00,0.00,0.00,1101.00,0.00,1101.00,24971.90,957.80,0,0,0,0.00,0,F1,75,,,,,
2025-06-23,2025-06-23,FO,NSE,IDO,49646,,NIFTY,,2025-07-24,2025-07-24,26850.00,PE,NIFTY2572426850PE,0.00,0.00,0.00,1948.05,0.00,1948.05,24971.90,1789.90,0,0,0,0.00,0,F1,75,,,,,
2025-06-23,2025-06-23,FO,NSE,IDO,55724,,NIFTY,,2025-07-31,2025-07-31,23200.00,PE,NIFTY25JUL23200PE,55.35,63.80,46.75,50.65,50.00,50.20,24971.90,50.65,269850,300,2170,3784684500.00,1277,F1,75,,,,,
2025-06-23,2025-06-23,FO,NSE,IDO,55728,,NIFTY,,2025-07-31,2025-07-31,23300.00,PE,NIFTY25JUL23300PE,57.00,71.45,51.35,55.90,55.50,54.80,24971.90,55.90,301425,35625,2827,4952603186.25,1782,F1,75,,,,,
2025-06-23,2025-06-23,FO,NSE,IDO,55778,,NIFTY,,2025-07-31,2025-07-31,24450.00,PE,NIFTY25JUL24450PE,213.80,260.60,190.05,209.70,208.95,189.30,24971.90,209.70,19950,750,412,762558060.00,309,F1,75,,,,,
2025-06-23,2025-06-23,FO,NSE,IDO,55804,,NIFTY,,2025-07-31,2025-07-31,25100.00,PE,NIFTY25JUL25100PE,425.00,521.95,387.75,425.50,427.10,387.65,24971.90,425.50,290325,83400,9537,18276781072.50,5990,F1,75,,,,,
2025-06-23,2025-06-23,FO,NSE,IDO,72100,,NIFTY,,2025-08-28,2025-08-28,25800.00,CE,NIFTY25AUG25800CE,295.95,328.95,259.70,298.40,292.85,345.50,24971.90,298.40,10800,2625,150,293561970.00,122,F1,75,,,,,
2025-06-23,2025-06-23,FO,NSE,IDO,71990,,NIFTY,,2025-08-28,2025-08-28,25150.00,CE,NIFTY25AUG25150CE,561.95,641.80,539.65,585.00,585.00,666.60,24971.90,585.00,2700,300,65,125398335.00,38,F1,75,,,,,
2025-06-23,2025-06-23,FO,NSE,IDO,71922,,NIFTY,,2025-08-28,2025-08-28,23750.00,CE,NIFTY25AUG23750CE,1610.00,1610.00,1609.25,1609.65,1609.25,1683.30,24971.90,1609.65,225,-150,2,3803943.75,2,F1,75,,,,,
2025-06-23,2025-06-23,FO,NSE,IDO,71853,,NIFTY,,2025-08-28,2025-08-28,23300.00,CE,NIFTY25AUG23300CE,1988.25,1988.25,1988.25,1988.25,1988.25,2200.00,24971.90,1988.25,150,75,1,1896618.75,1,F1,75,,,,,
2025-06-23,2025-06-23,FO,NSE,IDO,72118,,NIFTY,,2025-08-28,2025-08-28,26200.00,CE,NIFTY25AUG26200CE,180.00,198.85,155.00,177.20,173.15,209.50,24971.90,177.20,33375,1125,223,441078337.50,114,F1,75,,,,,
2025-06-23,2025-06-23,FO,NSE,IDO,62379,,NIFTY,,2025-06-26,2025-06-26,24600.00,CE,NIFTY25JUN24600CE,444.00,523.55,300.00,431.40,425.10,552.70,24971.90,431.40,495450,-55050,48763,91360052913.75,26585,F1,75,,,,,
2025-06-23,2025-06-23,FO,NSE,IDO,55870,,NIFTY,,2025-07-31,2025-07-31,26500.00,PE,NIFTY25JUL26500PE,1395.05,1574.85,1329.25,1412.65,1428.10,1323.85,24971.90,1412.65,431100,142425,3196,6705037027.50,2578,F1,75,,,,,
2025-06-23,2025-06-23,FO,NSE,IDO,71836,,NIFTY,,2025-08-28,2025-08-28,22850.00,PE,NIFTY25AUG22850PE,69.95,75.70,69.65,71.85,71.50,69.70,24971.90,71.85,4050,-1350,30,51574290.00,13,F1,75,,,,,
2025-06-23,2025-06-23,FO,NSE,IDO,71873,,NIFTY,,2025-08-28,2025-08-28,23550.00,PE,NIFTY25AUG23550PE,128.95,132.00,128.95,132.00,132.00,124.40,24971.90,155.40,1350,450,8,14208101.25,7,F1,75,,,,,
2025-06-23,2025-06-23,FO,NSE,IDO,71925,,NIFTY,,2025-08-28,2025-08-28,23800.00,PE,NIFTY25AUG23800PE,185.00,195.65,154.90,164.20,165.00,154.45,24971.90,164.20,77025,14550,415,746138381.25,208,F1,75,,,,,
2025-06-23,2025-06-23,FO,NSE,IDO,71975,,NIFTY,,2025-08-28,2025-08-28,25000.00,PE,NIFTY25AUG25000PE,480.80,555.30,442.00,472.80,474.00,444.55,24971.90,472.80,386400,-30300,4361,8338643692.50,2824,F1,75,,,,,
2025-06-23,2025-06-23,FO,NSE,IDO,71989,,NIFTY,,2025-08-28,2025-08-28,25100.00,PE,NIFTY25AUG25100PE,600.00,602.55,480.00,510.60,513.95,484.05,24971.90,510.60,9750,3150,173,332643300.00,107,F1,75,,,,,
2025-06-23,2025-06-23,FO,NSE,IDO,72093,,NIFTY,,2025-08-28,2025-08-28,25600.00,PE,NIFTY25AUG25600PE,740.80,740.80,740.80,740.80,740.80,700.00,24971.90,740.80,600,75,1,1975560.00,1,F1,75,,,,,
2025-06-23,2025-06-23,FO,NSE,IDO,72103,,NIFTY,,2025-08-28,2025-08-28,25850.00,PE,NIFTY25AUG25850PE,892.70,892.70,892.70,892.70,892.70,846.35,24971.90,892.70,375,75,1,2005702.50,1,F1,75,,,,,
2025-06-23,2025-06-23,FO,NSE,IDO,72113,,NIFTY,,2025-08-28,2025-08-28,26100.00,PE,NIFTY25AUG26100PE,1058.05,1058.05,1058.05,1058.05,1058.05,1010.65,24971.90,1058.05,375,75,1,2036853.75,1,F1,75,,,,,
2025-06-23,2025-06-23,FO,NSE,IDO,72331,,NIFTY,,2025-08-28,2025-08-28,26850.00,PE,NIFTY25AUG26850PE,1655.70,1655.70,1655.70,1655.70,1655.70,1592.75,24971.90,1655.70,450,75,1,2137927.50,1,F1,75,,,,,
2025-06-23,2025-06-23,FO,NSE,IDO,62377,,NIFTY,,2025-06-26,2025-06-26,24550.00,CE,NIFTY25JUN24550CE,531.10,569.05,340.05,472.15,467.80,595.75,24971.90,472.15,63450,-4950,6129,11475948131.25,3733,F1,75,,,,,
2025-06-23,2025-06-23,FO,NSE,IDO,62361,,NIFTY,,2025-06-26,2025-06-26,24250.00,CE,NIFTY25JUN24250CE,772.75,847.35,605.80,753.50,749.55,879.20,24971.90,753.50,18300,-4125,314,587749620.00,209,F1,75,,,,,
2025-06-23,2025-06-23,FO,NSE,IDO,62257,,NIFTY,,2025-06-26,2025-06-26,22900.00,CE,NIFTY25JUN22900CE,2050.00,2050.00,1930.20,2043.65,2043.65,2215.80,24971.90,2083.15,8700,-525,14,26160836.25,6,F1,75,,,,,
2025-06-23,2025-06-23,FO,NSE,IDO,62195,,NIFTY,,2025-06-26,2025-06-26,22400.00,CE,NIFTY25JUN22400CE,2587.85,2587.85,2540.00,2540.00,2540.00,2705.10,24971.90,2582.90,6000,-3675,83,155355240.00,80,F1,75,,,,,
2025-06-23,2025-06-23,FO,NSE,IDO,62193,,NIFTY,,2025-06-26,2025-06-26,22350.00,CE,NIFTY25JUN22350CE,0.00,0.00,0.00,2659.40,2659.55,2659.40,24971.90,2632.90,1950,0,0,0.00,0,F1,75,,,,,
2025-06-23,2025-06-23,FO,NSE,IDO,62165,,NIFTY,,2025-06-26,2025-06-26,21850.00,CE,NIFTY25JUN21850CE,0.00,0.00,0.00,3155.95,3155.95,3155.95,24971.90,3132.65,1875,0,0,0.00,0,F1,75,,,,,
2025-06-23,2025-06-23,FO,NSE,IDO,62143,,NIFTY,,2025-06-26,2025-06-26,21500.00,CE,NIFTY25JUN21500CE,3440.00,3590.00,3340.00,3491.10,3486.50,3591.20,24971.90,3491.10,68550,-5175,105,196228717.50,81,F1,75,,,,,
2025-06-23,2025-06-23,FO,NSE,IDO,62081,,NIFTY,,2025-06-26,2025-06-26,20800.00,CE,NIFTY25JUN20800CE,0.00,0.00,0.00,4156.20,4156.20,4156.20,24971.90,4182.10,600,0,0,0.00,0,F1,75,,,,,
2025-06-23,2025-06-23,FO,NSE,IDO,71833,,NIFTY,,2025-08-28,2025-08-28,22800.00,CE,NIFTY25AUG22800CE,2442.35,2442.35,2442.35,2442.35,2442.35,2527.70,24971.90,2442.35,75,75,1,1893176.25,1,F1,75,,,,,
2025-06-23,2025-06-23,FO,NSE,IDO,55863,,NIFTY,,2025-07-31,2025-07-31,26350.00,CE,NIFTY25JUL26350CE,49.00,58.20,38.65,46.35,46.00,61.30,24971.90,46.35,29700,5625,480,950238701.25,267,F1,75,,,,,
2025-06-23,2025-06-23,FO,NSE,IDO,55833,,NIFTY,,2025-07-31,2025-07-31,25650.00,CE,NIFTY25JUL25650CE,192.00,214.20,151.30,189.45,184.75,226.10,24971.90,189.45,19125,1650,598,1158223342.50,355,F1,75,,,,,
2025-06-23,2025-06-23,FO,NSE,IDO,55789,,NIFTY,,2025-07-31,2025-07-31,24750.00,CE,NIFTY25JUL24750CE,650.50,702.80,547.25,635.05,633.95,713.50,24971.90,635.05,23550,2475,319,606448181.25,220,F1,75,,,,,
2025-06-23,2025-06-23,FO,NSE,IDO,55749,,NIFTY,,2025-07-31,2025-07-31,23800.00,CE,NIFTY25JUL23800CE,1315.80,1454.40,1254.55,1380.75,1380.75,1488.80,24971.90,1380.75,14925,7050,205,386414572.50,135,F1,75,,,,,
2025-06-23,2025-06-23,FO,NSE,IDO,55745,,NIFTY,,2025-07-31,2025-07-31,23700.00,CE,NIFTY25JUL23700CE,1427.95,1495.00,1341.20,1495.00,1495.00,1554.00,24971.90,1495.00,5025,75,69,129829758.75,36,F1,75,,,,,
2025-06-23,2025-06-23,FO,NSE,IDO,55743,,NIFTY,,2025-07-31,2025-07-31,23650.00,CE,NIFTY25JUL23650CE,1537.40,1537.40,1537.40,1537.40,1537.40,1627.45,24971.90,1562.45,1425,75,1,1889055.00,1,F1,75,,,,,
2025-06-23,2025-06-23,FO,NSE,IDO,55687,,NIFTY,,2025-07-31,2025-07-31,22650.00,CE,NIFTY25JUL22650CE,2468.40,2468.40,2468.40,2468.40,2468.40,2496.05,24971.90,2468.40,900,75,1,1883880.00,1,F1,75,,,,,
2025-06-23,2025-06-23,FO,NSE,IDO,55683,,NIFTY,,2025-07-31,2025-07-31,22550.00,CE,NIFTY25JUL22550CE,2495.00,2556.80,2495.00,2556.80,2556.80,2591.20,24971.90,2556.80,1200,450,14,26301885.00,4,F1,75,,,,,
2025-06-23,2025-06-23,FO,NSE,IDO,49627,,NIFTY,,2025-07-24,2025-07-24,26600.00,CE,NIFTY2572426600CE,44.85,44.85,24.20,24.20,24.20,71.55,24971.90,76.10,75,75,3,5992038.75,3,F1,75,,,,,
2025-06-23,2025-06-23,FO,NSE,IDO,49621,,NIFTY,,2025-07-24,2025-07-24,26500.00,CE,NIFTY2572426500CE,20.05,28.00,16.35,19.50,19.20,25.40,24971.90,19.50,8700,5850,279,554909872.50,152,F1,75,,,,,
2025-06-23,2025-06-23,FO,NSE,IDO,49605,,NIFTY,,2025-07-24,2025-07-24,26250.00,CE,NIFTY2572426250CE,0.00,0.00,0.00,116.95,0.00,116.95,24971.90,126.60,0,0,0,0.00,0,F1,75,,,,,
2025-06-23,2025-06-23,FO,NSE,IDO,49597,,NIFTY,,2025-07-24,2025-07-24,26150.00,CE,NIFTY2572426150CE,0.00,0.00,0.00,133.60,0.00,133.60,24971.90,145.20,0,0,0,0.00,0,F1,75,,,,,
2025-06-23,2025-06-23,FO,NSE,IDO,49593,,NIFTY,,2025-07-24,2025-07-24,26100.00,CE,NIFTY2572426100CE,0.00,0.00,0.00,142.60,0.00,142.60,24971.90,155.25,0,0,0,0.00,0,F1,75,,,,,
2025-06-23,2025-06-23,FO,NSE,IDO,49587,,NIFTY,,2025-07-24,2025-07-24,26050.00,CE,NIFTY2572426050CE,0.00,0.00,0.00,152.10,0.00,152.10,24971.90,165.90,0,0,0,0.00,0,F1,75,,,,,
2025-06-23,2025-06-23,FO,NSE,IDO,49419,,NIFTY,,2025-07-24,2025-07-24,23950.00,CE,NIFTY2572423950CE,0.00,0.00,0.00,1145.65,0.00,1145.65,24971.90,1257.50,0,0,0,0.00,0,F1,75,,,,,
2025-06-23,2025-06-23,FO,NSE,IDO,64681,,NIFTY,,2025-09-25,2025-09-25,18000.00,PE,NIFTY25SEP18000PE,12.65,13.55,11.60,11.95,12.25,12.40,24971.90,11.95,16500,3975,187,252626655.00,100,F1,75,,,,,
2025-06-23,2025-06-23,FO,NSE,IDO,64701,,NIFTY,,2025-09-25,2025-09-25,28000.00,PE,NIFTY25SEP28000PE,2700.00,2770.45,2561.70,2623.80,2624.60,2519.00,24971.90,2623.80,84300,26775,533,1225461997.50,317,F1,75,,,,,
2025-06-23,2025-06-23,FO,NSE,IDO,64703,,NIFTY,,2025-09-25,2025-09-25,29000.00,PE,NIFTY25SEP29000PE,3530.00,3690.00,3498.00,3559.60,3569.00,3463.10,24971.90,3559.60,49425,9825,173,422785575.00,161,F1,75,,,,,
2025-06-23,2025-06-23,FO,NSE,IDO,45874,,NIFTY,,2025-12-24,2025-12-24,17000.00,PE,NIFTY25DEC17000PE,20.20,20.20,20.20,20.20,20.20,27.75,24971.90,0.20,40625,150,4,5106060.00,2,F1,75,,,,,
2025-06-23,2025-06-23,FO,NSE,IDO,71394,,NIFTY,,2025-12-24,2025-12-24,24000.00,PE,NIFTY25DEC24000PE,427.10,450.00,402.45,418.25,420.15,402.35,24971.90,418.25,2576500,12300,2939,5384458173.75,2088,F1,75,,,,,
2025-06-23,2025-06-23,FO,NSE,IDO,50544,,NIFTY,,2025-12-24,2025-12-24,28000.00,PE,NIFTY25DEC28000PE,2319.00,2472.25,2300.00,2372.85,2377.55,2290.45,24971.90,2372.85,608750,12675,372,848208352.50,211,F1,75,,,,,
2025-06-23,2025-06-23,FO,NSE,IDO,62915,,NIFTY,,2026-03-26,2026-03-26,19000.00,PE,NIFTY26MAR19000PE,0.00,0.00,0.00,42.60,0.00,42.60,24971.90,17.05,0,0,0,0.00,0,F1,75,,,,,
2025-06-23,2025-06-23,FO,NSE,IDO,50546,,NIFTY,,2026-06-25,2026-06-25,28000.00,PE,NIFTY26JUN28000PE,0.00,0.00,0.00,6532.55,0.00,6532.55,24971.90,2499.40,0,0,0,0.00,0,F1,75,,,,,
2025-06-23,2025-06-23,FO,NSE,IDO,58633,,NIFTY,,2026-12-31,2026-12-31,14000.00,PE,NIFTY26DEC14000PE,0.00,0.00,0.00,21.30,21.30,21.30,24971.90,0.70,1700,0,0,0.00,0,F1,75,,,,,
2025-06-23,2025-06-23,FO,NSE,IDO,58635,,NIFTY,,2026-12-31,2026-12-31,15000.00,PE,NIFTY26DEC15000PE,0.00,0.00,0.00,25.05,25.05,25.05,24971.90,2.30,1400,0,0,0.00,0,F1,75,,,,,
2025-06-23,2025-06-23,FO,NSE,IDO,71561,,NIFTY,,2027-06-24,2027-06-24,24000.00,PE,NIFTY27JUN24000PE,0.00,0.00,0.00,5056.20,0.00,5056.20,24971.90,821.05,0,0,0,0.00,0,F1,75,,,,,
2025-06-23,2025-06-23,FO,NSE,IDO,35353,,NIFTY,,2028-06-29,2028-06-29,30000.00,PE,NIFTY28JUN30000PE,0.00,0.00,0.00,3779.25,0.00,3779.25,24971.90,2903.50,0,0,0,0.00,0,F1,75,,,,,
2025-06-23,2025-06-23,FO,NSE,IDO,67769,,NIFTY,,2028-12-28,2028-12-28,17000.00,PE,NIFTY28DEC17000PE,0.00,0.00,0.00,66.15,0.00,66.15,24971.90,67.50,0,0,0,0.00,0,F1,75,,,,,
2025-06-23,2025-06-23,FO,NSE,IDO,67781,,NIFTY,,2028-12-28,2028-12-28,23000.00,PE,NIFTY28DEC23000PE,0.00,0.00,0.00,800.00,800.00,800.00,24971.90,640.70,2925,0,0,0.00,0,F1,75,,,,,
2025-06-23,2025-06-23,FO,NSE,IDO,67787,,NIFTY,,2028-12-28,2028-12-28,26000.00,PE,NIFTY28DEC26000PE,0.00,0.00,0.00,1160.95,0.00,1160.95,24971.90,1322.30,0,0,0,0.00,0,F1,75,,,,,
2025-06-23,2025-06-23,FO,NSE,IDO,72084,,NIFTY,,2025-08-28,2025-08-28,25450.00,CE,NIFTY25AUG25450CE,442.05,461.20,389.90,449.45,449.45,492.65,24971.90,628.10,1500,300,60,116449177.50,43,F1,75,,,,,
2025-06-23,2025-06-23,FO,NSE,IDO,72156,,NIFTY,,2025-08-28,2025-08-28,26450.00,CE,NIFTY25AUG26450CE,0.00,0.00,0.00,410.95,0.00,410.95,24971.90,291.60,0,0,0,0.00,0,F1,75,,,,,
2025-06-23,2025-06-23,FO,NSE,IDO,71559,,NIFTY,,2027-06-24,2027-06-24,23000.00,PE,NIFTY27JUN23000PE,0.00,0.00,0.00,4514.30,0.00,4514.30,24971.90,590.70,0,0,0,0.00,0,F1,75,,,,,
2025-06-23,2025-06-23,FO,NSE,IDO,50550,,NIFTY,,2027-06-24,2027-06-24,28000.00,PE,NIFTY27JUN28000PE,0.00,0.00,0.00,5959.35,0.00,5959.35,24971.90,2275.00,0,0,0,0.00,0,F1,75,,,,,
2025-06-23,2025-06-23,FO,NSE,IDO,53625,,NIFTY,,2027-12-30,2027-12-30,24000.00,PE,NIFTY27DEC24000PE,0.00,0.00,0.00,900.00,900.00,900.00,24971.90,840.15,975,0,0,0.00,0,F1,75,,,,,
2025-06-23,2025-06-23,FO,NSE,IDO,86166,,NIFTY,,2028-06-29,2028-06-29,28000.00,PE,NIFTY28JUN28000PE,0.00,0.00,0.00,3161.35,0.00,3161.35,24971.90,2055.90,0,0,0,0.00,0,F1,75,,,,,
2025-06-23,2025-06-23,FO,NSE,IDO,89613,,NIFTY,,2029-06-28,2029-06-28,18000.00,PE,NIFTY29JUN18000PE,0.00,0.00,0.00,118.45,0.00,118.45,24971.90,120.10,0,0,0,0.00,0,F1,75,,,,,
2025-06-23,2025-06-23,FO,NSE,IDO,89643,,NIFTY,,2029-06-28,2029-06-28,30000.00,PE,NIFTY29JUN30000PE,0.00,0.00,0.00,2031.05,0.00,2031.05,24971.90,2563.90,0,0,0,0.00,0,F1,75,,,,,
2025-06-23,2025-06-23,FO,NSE,IDO,61660,,NIFTY,,2029-12-27,2029-12-27,21000.00,PE,NIFTY29DEC21000PE,0.00,0.00,0.00,278.80,0.00,278.80,24971.90,363.05,0,0,0,0.00,0,F1,75,,,,,
2025-06-23,2025-06-23,FO,NSE,IDO,61933,,NIFTY,,2029-12-27,2029-12-27,30000.00,PE,NIFTY29DEC30000PE,0.00,0.00,0.00,1953.50,0.00,1953.50,24971.90,2412.70,0,0,0,0.00,0,F1,75,,,,,
2025-06-23,2025-06-23,FO,NSE,IDO,56465,,NIFTY,,2025-07-03,2025-07-03,24300.00,PE,NIFTY2570324300PE,66.40,87.00,49.45,57.60,55.80,55.05,24971.90,57.60,359175,14325,32120,58700746162.50,18331,F1,75,,,,,
2025-06-23,2025-06-23,FO,NSE,IDF,64103,,NIFTY,,2025-08-28,2025-08-28,,,NIFTY25AUGFUT,25190.00,25293.90,25040.00,25207.30,25198.90,25301.00,24971.90,25207.30,912900,86550,5531,10440309585.00,4576,F1,75,,,,,
2025-06-23,2025-06-23,FO,NSE,IDO,62073,,NIFTY,,2025-06-26,2025-06-26,20650.00,CE,NIFTY25JUN20650CE,0.00,0.00,0.00,4304.25,4304.25,4304.25,24971.90,4332.05,600,0,0,0.00,0,F1,75,,,,,
2025-06-23,2025-06-23,FO,NSE,IDO,62075,,NIFTY,,2025-06-26,2025-06-26,20700.00,CE,NIFTY25JUN20700CE,0.00,0.00,0.00,4254.90,4254.90,4254.90,24971.90,4282.05,600,0,0,0.00,0,F1,75,,,,,
2025-06-23,2025-06-23,FO,NSE,IDO,51449,,NIFTY,,2025-06-26,2025-06-26,21000.00,CE,NIFTY25JUN21000CE,3972.75,4090.25,3833.50,4001.20,3988.65,4108.00,24971.90,4001.20,259875,-48375,778,1455429810.00,584,F1,75,,,,,
2025-06-23,2025-06-23,FO,NSE,IDO,62203,,NIFTY,,2025-06-26,2025-06-26,22600.00,CE,NIFTY25JUN22600CE,2230.00,2355.00,2230.00,2355.00,2355.00,2230.00,24971.90,2383.00,8100,-300,4,7473975.00,3,F1,75,,,,,
2025-06-23,2025-06-23,FO,NSE,IDO,62207,,NIFTY,,2025-06-26,2025-06-26,22700.00,CE,NIFTY25JUN22700CE,2230.00,2315.00,2230.00,2311.05,2299.10,2370.00,24971.90,2311.05,5400,-825,13,24367466.25,6,F1,75,,,,,
2025-06-23,2025-06-23,FO,NSE,IDO,62319,,NIFTY,,2025-06-26,2025-06-26,23250.00,CE,NIFTY25JUN23250CE,1620.00,1630.00,1620.00,1630.00,1630.00,1560.00,24971.90,1733.35,1650,-75,2,3731250.00,2,F1,75,,,,,
2025-06-23,2025-06-23,FO,NSE,IDO,62333,,NIFTY,,2025-06-26,2025-06-26,23600.00,CE,NIFTY25JUN23600CE,1331.90,1456.00,1232.80,1389.85,1389.65,1505.10,24971.90,1389.85,60450,-2250,69,128887207.50,51,F1,75,,,,,
2025-06-23,2025-06-23,FO,NSE,IDO,62417,,NIFTY,,2025-06-26,2025-06-26,25400.00,CE,NIFTY25JUN25400CE,23.00,33.40,10.15,15.05,13.25,45.45,24971.90,15.05,3480150,-1388325,1307759,2492966141261.25,409575,F1,75,,,,,
2025-06-23,2025-06-23,FO,NSE,IDO,62419,,NIFTY,,2025-06-26,2025-06-26,25450.00,CE,NIFTY25JUN25450CE,20.00,25.05,7.95,10.95,9.65,35.00,24971.90,10.95,3077175,1663800,774681,1479421637917.50,243693,F1,75,,,,,
2025-06-23,2025-06-23,FO,NSE,IDO,62429,,NIFTY,,2025-06-26,2025-06-26,25700.00,CE,NIFTY25JUN25700CE,6.75,6.75,2.60,3.20,2.60,9.10,24971.90,3.20,4107750,138000,824711,1589866226040.00,166748,F1,75,,,,,
2025-06-23,2025-06-23,FO,NSE,IDO,62461,,NIFTY,,2025-06-26,2025-06-26,26200.00,CE,NIFTY25JUN26200CE,1.25,1.85,1.25,1.55,1.40,1.65,24971.90,1.55,5275125,1818450,289377,568657658936.25,44973,F1,75,,,,,
2025-06-23,2025-06-23,FO,NSE,IDO,62463,,NIFTY,,2025-06-26,2025-06-26,26250.00,CE,NIFTY25JUN26250CE,1.30,1.95,1.20,1.40,1.25,1.60,24971.90,1.40,826200,-81900,70292,138394756001.25,14343,F1,75,,,,,
2025-06-23,2025-06-23,FO,NSE,IDO,62507,,NIFTY,,2025-06-26,2025-06-26,26850.00,CE,NIFTY25JUN26850CE,1.10,1.35,0.85,1.10,0.95,0.95,24971.90,1.10,737250,50700,55856,112484648407.50,7386,F1,75,,,,,
2025-06-23,2025-06-23,FO,NSE,IDO,50969,,NIFTY,,2025-06-26,2025-06-26,27000.00,CE,NIFTY25JUN27000CE,0.95,1.30,0.85,1.05,1.10,0.90,24971.90,1.05,8321225,1073925,287371,581949135986.25,43573,F1,75,,,,,
2025-06-23,2025-06-23,FO,NSE,IDO,56464,,NIFTY,,2025-07-03,2025-07-03,24300.00,CE,NIFTY2570324300CE,738.00,814.25,634.25,756.85,748.10,868.25,24971.90,756.85,6675,525,235,440450242.50,148,F1,75,,,,,
2025-06-23,2025-06-23,FO,NSE,IDO,56533,,NIFTY,,2025-07-03,2025-07-03,24600.00,CE,NIFTY2570324600CE,522.05,585.00,393.75,500.00,494.30,608.15,24971.90,500.00,83175,11175,4150,7805836413.75,2464,F1,75,,,,,
2025-06-23,2025-06-23,FO,NSE,IDO,57246,,NIFTY,,2025-07-03,2025-07-03,25900.00,CE,NIFTY2570325900CE,15.00,17.00,9.45,10.65,10.40,20.65,24971.90,10.65,403275,137025,27323,53098922898.75,15365,F1,75,,,,,
2025-06-23,2025-06-23,FO,NSE,IDO,57544,,NIFTY,,2025-07-03,2025-07-03,26050.00,CE,NIFTY2570326050CE,8.10,10.15,5.40,5.80,5.75,11.80,24971.90,5.80,63450,-20550,8766,17131131198.75,3999,F1,75,,,,,
2025-06-23,2025-06-23,FO,NSE,IDO,58731,,NIFTY,,2025-07-03,2025-07-03,26800.00,CE,NIFTY2570326800CE,2.00,2.30,1.85,2.10,1.90,2.15,24971.90,2.10,161025,66375,3710,7457689443.75,873,F1,75,,,,,
2025-06-23,2025-06-23,FO,NSE,IDO,58735,,NIFTY,,2025-07-03,2025-07-03,26900.00,CE,NIFTY2570326900CE,1.95,2.25,1.80,1.95,1.80,2.00,24971.90,1.95,500025,88800,6110,12327850226.25,1704,F1,75,,,,,
2025-06-23,2025-06-23,FO,NSE,IDO,39838,,NIFTY,,2025-07-10,2025-07-10,23000.00,CE,NIFTY2571023000CE,2046.40,2046.40,2046.40,2046.40,2046.40,2147.10,24971.90,2046.40,150,75,1,1878480.00,1,F1,75,,,,,
2025-06-23,2025-06-23,FO,NSE,IDO,39840,,NIFTY,,2025-07-10,2025-07-10,23050.00,CE,NIFTY2571023050CE,1992.65,1992.65,1992.65,1992.65,1992.65,2098.15,24971.90,1992.65,150,75,1,1878198.75,1,F1,75,,,,,
2025-06-23,2025-06-23,FO,NSE,IDO,39844,,NIFTY,,2025-07-10,2025-07-10,23100.00,CE,NIFTY2571023100CE,1943.80,1943.80,1943.80,1943.80,1943.80,2049.30,24971.90,1943.80,150,75,1,1878285.00,1,F1,75,,,,,
2025-06-23,2025-06-23,FO,NSE,IDO,39940,,NIFTY,,2025-07-10,2025-07-10,24050.00,CE,NIFTY2571024050CE,1050.35,1050.35,1050.35,1050.35,1050.35,1131.65,24971.90,1050.35,150,75,1,1882526.25,1,F1,75,,,,,
2025-06-23,2025-06-23,FO,NSE,IDO,39964,,NIFTY,,2025-07-10,2025-07-10,24350.00,CE,NIFTY2571024350CE,796.60,796.60,796.60,796.60,796.60,868.55,24971.90,796.60,150,75,1,1885995.00,1,F1,75,,,,,
2025-06-23,2025-06-23,FO,NSE,IDO,39970,,NIFTY,,2025-07-10,2025-07-10,24500.00,CE,NIFTY2571024500CE,653.60,720.65,544.00,657.50,644.50,751.75,24971.90,657.50,21900,6525,615,1158231667.50,378,F1,75,,,,,
2025-06-23,2025-06-23,FO,NSE,IDO,40008,,NIFTY,,2025-07-10,2025-07-10,24900.00,CE,NIFTY2571024900CE,389.65,437.40,292.05,369.85,363.10,450.00,24971.90,369.85,49950,21300,3600,6815571363.75,2566,F1,75,,,,,
2025-06-23,2025-06-23,FO,NSE,IDO,40112,,NIFTY,,2025-07-10,2025-07-10,26400.00,CE,NIFTY2571026400CE,5.75,8.40,5.30,6.75,6.30,8.35,24971.90,6.75,33525,2400,588,1164531911.25,277,F1,75,,,,,
2025-06-23,2025-06-23,FO,NSE,IDO,40128,,NIFTY,,2025-07-10,2025-07-10,26550.00,CE,NIFTY2571026550CE,0.00,0.00,0.00,76.60,0.00,76.60,24971.90,22.25,0,0,0,0.00,0,F1,75,,,,,
2025-06-23,2025-06-23,FO,NSE,IDO,47139,,NIFTY,,2025-07-17,2025-07-17,23250.00,CE,NIFTY2571723250CE,0.00,0.00,0.00,1822.00,0.00,1822.00,24971.90,1830.90,0,0,0,0.00,0,F1,75,,,,,
2025-06-23,2025-06-23,FO,NSE,IDO,47201,,NIFTY,,2025-07-17,2025-07-17,23950.00,CE,NIFTY2571723950CE,0.00,0.00,0.00,1224.40,0.00,1224.40,24971.90,1196.60,0,0,0,0.00,0,F1,75,,,,,
2025-06-23,2025-06-23,FO,NSE,IDO,47245,,NIFTY,,2025-07-17,2025-07-17,24550.00,CE,NIFTY2571724550CE,0.00,0.00,0.00,595.50,595.50,595.50,24971.90,737.35,150,0,0,0.00,0,F1,75,,,,,
2025-06-23,2025-06-23,FO,NSE,IDO,47265,,NIFTY,,2025-07-17,2025-07-17,24800.00,CE,NIFTY2571724800CE,497.85,561.70,413.00,494.25,496.50,583.15,24971.90,494.25,11625,3375,618,1171728851.25,361,F1,75,,,,,
2025-06-23,2025-06-23,FO,NSE,IDO,47267,,NIFTY,,2025-07-17,2025-07-17,24850.00,CE,NIFTY2571724850CE,442.10,527.55,387.05,467.85,460.90,545.05,24971.90,467.85,3375,1500,184,348853278.75,110,F1,75,,,,,
2025-06-23,2025-06-23,FO,NSE,IDO,47280,,NIFTY,,2025-07-17,2025-07-17,25100.00,CE,NIFTY2571725100CE,294.65,369.25,262.60,320.55,314.65,393.40,24971.90,320.55,9000,2250,236,449951760.00,201,F1,75,,,,,
2025-06-23,2025-06-23,FO,NSE,IDO,47308,,NIFTY,,2025-07-17,2025-07-17,25600.00,CE,NIFTY2571725600CE,111.20,152.90,96.55,121.60,117.35,160.15,24971.90,121.60,15525,975,258,497706626.25,185,F1,75,,,,,
2025-06-23,2025-06-23,FO,NSE,IDO,47310,,NIFTY,,2025-07-17,2025-07-17,25650.00,CE,NIFTY2571725650CE,99.30,135.15,85.75,108.05,104.50,141.45,24971.90,108.05,1950,1425,142,274329060.00,121,F1,75,,,,,
2025-06-23,2025-06-23,FO,NSE,IDO,47380,,NIFTY,,2025-07-17,2025-07-17,26650.00,CE,NIFTY2571726650CE,0.00,0.00,0.00,79.65,0.00,79.65,24971.90,41.05,0,0,0,0.00,0,F1,75,,,,,
2025-06-23,2025-06-23,FO,NSE,IDO,49367,,NIFTY,,2025-07-24,2025-07-24,23150.00,CE,NIFTY2572423150CE,0.00,0.00,0.00,1823.75,0.00,1823.75,24971.90,1967.85,0,0,0,0.00,0,F1,75,,,,,
2025-06-23,2025-06-23,FO,NSE,IDO,49383,,NIFTY,,2025-07-24,2025-07-24,23300.00,CE,NIFTY2572423300CE,0.00,0.00,0.00,1688.40,0.00,1688.40,24971.90,1827.80,0,0,0,0.00,0,F1,75,,,,,
2025-06-23,2025-06-23,FO,NSE,IDO,49391,,NIFTY,,2025-07-24,2025-07-24,23450.00,CE,NIFTY2572423450CE,0.00,0.00,0.00,1556.25,0.00,1556.25,24971.90,1690.35,0,0,0,0.00,0,F1,75,,,,,
2025-06-23,2025-06-23,FO,NSE,IDO,49405,,NIFTY,,2025-07-24,2025-07-24,23700.00,CE,NIFTY2572423700CE,0.00,0.00,0.00,1344.60,0.00,1344.60,24971.90,1468.40,0,0,0,0.00,0,F1,75,,,,,
2025-06-23,2025-06-23,FO,NSE,IDO,49429,,NIFTY,,2025-07-24,2025-07-24,24100.00,CE,NIFTY2572424100CE,0.00,0.00,0.00,1034.15,0.00,1034.15,24971.90,1137.35,0,0,0,0.00,0,F1,75,,,,,
2025-06-23,2025-06-23,FO,NSE,IDO,49523,,NIFTY,,2025-07-24,2025-07-24,25300.00,CE,NIFTY2572425300CE,256.85,324.10,224.00,278.75,269.75,335.35,24971.90,278.75,2175,1350,115,220558293.75,82,F1,75,,,,,
2025-06-23,2025-06-23,FO,NSE,IDO,49585,,NIFTY,,2025-07-24,2025-07-24,26000.00,CE,NIFTY2572426000CE,65.15,85.05,55.90,67.60,67.55,90.80,24971.90,67.60,18525,17625,779,1523117433.75,432,F1,75,,,,,
2025-06-23,2025-06-23,FO,NSE,IDO,49611,,NIFTY,,2025-07-24,2025-07-24,26300.00,CE,NIFTY2572426300CE,0.00,0.00,0.00,109.30,0.00,109.30,24971.90,118.05,0,0,0,0.00,0,F1,75,,,,,
2025-06-23,2025-06-23,FO,NSE,IDO,49643,,NIFTY,,2025-07-24,2025-07-24,26850.00,CE,NIFTY2572426850CE,51.60,51.60,9.05,11.00,11.00,49.15,24971.90,11.00,375,375,13,26194016.25,13,F1,75,,,,,
2025-06-23,2025-06-23,FO,NSE,IDO,55679,,NIFTY,,2025-07-31,2025-07-31,22450.00,CE,NIFTY25JUL22450CE,2661.10,2661.10,2661.10,2661.10,2661.10,2686.80,24971.90,2661.10,675,75,1,1883332.50,1,F1,75,,,,,
2025-06-23,2025-06-23,FO,NSE,IDO,55691,,NIFTY,,2025-07-31,2025-07-31,22750.00,CE,NIFTY25JUL22750CE,2377.90,2377.90,2377.75,2377.75,2377.75,2401.20,24971.90,2384.80,1275,375,6,11307528.75,3,F1,75,,,,,
2025-06-23,2025-06-23,FO,NSE,IDO,55699,,NIFTY,,2025-07-31,2025-07-31,22900.00,CE,NIFTY25JUL22900CE,2229.35,2229.35,2229.35,2229.35,2229.35,2259.75,24971.90,2229.35,1200,75,1,1884701.25,1,F1,75,,,,,
2025-06-23,2025-06-23,FO,NSE,IDO,55725,,NIFTY,,2025-07-31,2025-07-31,23250.00,CE,NIFTY25JUL23250CE,1899.80,1899.80,1899.80,1899.80,1899.80,1984.70,24971.90,1899.80,1125,75,1,1886235.00,1,F1,75,,,,,
2025-06-23,2025-06-23,FO,NSE,IDO,55787,,NIFTY,,2025-07-31,2025-07-31,24700.00,CE,NIFTY25JUL24700CE,671.00,740.00,573.80,671.65,664.20,751.95,24971.90,671.65,168975,-4425,2719,5165837066.25,1947,F1,75,,,,,
2025-06-23,2025-06-23,FO,NSE,IDO,55799,,NIFTY,,2025-07-31,2025-07-31,25000.00,CE,NIFTY25JUL25000CE,500.00,541.00,402.05,481.40,475.45,550.60,24971.90,481.40,3692475,-30975,46639,89054702201.25,30627,F1,75,,,,,
2025-06-23,2025-06-23,FO,NSE,IDO,55839,,NIFTY,,2025-07-31,2025-07-31,25800.00,CE,NIFTY25JUL25800CE,151.50,173.00,115.60,142.25,140.40,177.95,24971.90,142.25,440850,77025,7844,15258157773.75,5007,F1,75,,,,,
2025-06-23,2025-06-23,FO,NSE,IDO,55876,,NIFTY,,2025-07-31,2025-07-31,26650.00,CE,NIFTY25JUL26650CE,25.60,29.65,20.05,23.85,23.60,30.45,24971.90,23.85,14400,825,338,676150740.00,220,F1,75,,,,,
2025-06-23,2025-06-23,FO,NSE,IDO,55883,,NIFTY,,2025-07-31,2025-07-31,26800.00,CE,NIFTY25JUL26800CE,18.00,20.80,14.45,16.70,16.80,21.40,24971.90,16.70,783075,-28050,6243,12556092352.50,2845,F1,75,,,,,
2025-06-23,2025-06-23,FO,NSE,IDO,71950,,NIFTY,,2025-08-28,2025-08-28,24400.00,CE,NIFTY25AUG24400CE,1003.90,1047.85,1003.90,1047.85,1047.85,1160.60,24971.90,1206.25,1800,-150,4,7628257.50,4,F1,75,,,,,
2025-06-23,2025-06-23,FO,NSE,IDO,71952,,NIFTY,,2025-08-28,2025-08-28,24450.00,CE,NIFTY25AUG24450CE,1013.30,1013.30,1013.30,1013.30,1013.30,1144.35,24971.90,1173.40,0,-75,1,1909747.50,1,F1,75,,,,,
2025-06-23,2025-06-23,FO,NSE,IDO,72094,,NIFTY,,2025-08-28,2025-08-28,25650.00,CE,NIFTY25AUG25650CE,353.65,392.80,311.05,349.10,348.50,399.90,24971.90,349.10,4725,2400,76,148165627.50,39,F1,75,,,,,
2025-06-23,2025-06-23,FO,NSE,IDO,64682,,NIFTY,,2025-09-25,2025-09-25,19000.00,CE,NIFTY25SEP19000CE,6049.95,6210.00,6047.95,6197.75,6185.50,6299.95,24971.90,6197.75,1875,900,12,22587146.25,12,F1,75,,,,,
2025-06-23,2025-06-23,FO,NSE,IDO,64692,,NIFTY,,2025-09-25,2025-09-25,24000.00,CE,NIFTY25SEP24000CE,1600.00,1650.00,1471.00,1581.65,1574.00,1679.85,24971.90,1581.65,372225,-675,330,632594767.50,273,F1,75,,,,,
2025-06-23,2025-06-23,FO,NSE,IDO,64700,,NIFTY,,2025-09-25,2025-09-25,28000.00,CE,NIFTY25SEP28000CE,48.25,48.25,40.00,44.35,44.75,48.25,24971.90,44.35,515400,17025,2030,4269649410.00,1048,F1,75,,,,,
2025-06-23,2025-06-23,FO,NSE,IDO,38152,,NIFTY,,2025-12-24,2025-12-24,29000.00,CE,NIFTY25DEC29000CE,98.00,103.00,92.05,100.55,101.00,104.15,24971.90,100.55,412675,11700,1704,3718554052.50,890,F1,75,,,,,
2025-06-23,2025-06-23,FO,NSE,IDO,62910,,NIFTY,,2026-03-26,2026-03-26,17000.00,CE,NIFTY26MAR17000CE,0.00,0.00,0.00,7789.50,0.00,7789.50,24971.90,8744.70,0,0,0,0.00,0,F1,75,,,,,
2025-06-23,2025-06-23,FO,NSE,IDO,62914,,NIFTY,,2026-03-26,2026-03-26,19000.00,CE,NIFTY26MAR19000CE,0.00,0.00,0.00,5966.85,0.00,5966.85,24971.90,6850.95,0,0,0,0.00,0,F1,75,,,,,
2025-06-23,2025-06-23,FO,NSE,IDO,62932,,NIFTY,,2026-03-26,2026-03-26,28000.00,CE,NIFTY26MAR28000CE,0.00,0.00,0.00,634.25,0.00,634.25,24971.90,801.55,0,0,0,0.00,0,F1,75,,,,,
2025-06-23,2025-06-23,FO,NSE,IDO,62937,,NIFTY,,2026-03-26,2026-03-26,30000.00,CE,NIFTY26MAR30000CE,0.00,0.00,0.00,300.00,0.00,300.00,24971.90,377.45,0,0,0,0.00,0,F1,75,,,,,
2025-06-23,2025-06-23,FO,NSE,IDO,58642,,NIFTY,,2026-12-31,2026-12-31,19000.00,CE,NIFTY26DEC19000CE,0.00,0.00,0.00,8600.00,8600.00,8600.00,24971.90,7739.05,125,0,0,0.00,0,F1,75,,,,,
2025-06-23,2025-06-23,FO,NSE,IDO,37806,,NIFTY,,2026-12-31,2026-12-31,23000.00,CE,NIFTY26DEC23000CE,4499.80,4499.80,4499.80,4499.80,4499.80,4625.00,24971.90,4563.40,4875,75,1,2062485.00,1,F1,75,,,,,
2025-06-23,2025-06-23,FO,NSE,IDO,71501,,NIFTY,,2026-12-31,2026-12-31,24000.00,CE,NIFTY26DEC24000CE,0.00,0.00,0.00,3640.00,3640.00,3640.00,24971.90,3893.75,3750,0,0,0.00,0,F1,75,,,,,
2025-06-23,2025-06-23,FO,NSE,IDO,35235,,NIFTY,,2026-12-31,2026-12-31,30000.00,CE,NIFTY26DEC30000CE,0.00,0.00,0.00,1131.45,0.00,1131.45,24971.90,1205.40,0,0,0,0.00,0,F1,75,,,,,
2025-06-23,2025-06-23,FO,NSE,IDO,71553,,NIFTY,,2027-06-24,2027-06-24,21000.00,CE,NIFTY27JUN21000CE,0.00,0.00,0.00,3061.80,0.00,3061.80,24971.90,6673.40,0,0,0,0.00,0,F1,75,,,,,
2025-06-23,2025-06-23,FO,NSE,IDO,53618,,NIFTY,,2027-12-30,2027-12-30,23000.00,CE,NIFTY27DEC23000CE,0.00,0.00,0.00,4125.70,0.00,4125.70,24971.90,5892.20,0,0,0,0.00,0,F1,75,,,,,
2025-06-23,2025-06-23,FO,NSE,IDO,86163,,NIFTY,,2028-06-29,2028-06-29,27000.00,CE,NIFTY28JUN27000CE,0.00,0.00,0.00,2885.15,0.00,2885.15,24971.90,4231.85,0,0,0,0.00,0,F1,75,,,,,
2025-06-23,2025-06-23,FO,NSE,IDO,67770,,NIFTY,,2028-12-28,2028-12-28,18000.00,CE,NIFTY28DEC18000CE,0.00,0.00,0.00,9380.30,0.00,9380.30,24971.90,10577.60,0,0,0,0.00,0,F1,75,,,,,
2025-06-23,2025-06-23,FO,NSE,IDO,67774,,NIFTY,,2028-12-28,2028-12-28,20000.00,CE,NIFTY28DEC20000CE,0.00,0.00,0.00,8115.50,0.00,8115.50,24971.90,9103.75,0,0,0,0.00,0,F1,75,,,,,
2025-06-23,2025-06-23,FO,NSE,IDO,61410,,NIFTY,,2029-12-27,2029-12-27,20000.00,CE,NIFTY29DEC20000CE,0.00,0.00,0.00,10081.10,0.00,10081.10,24971.90,10079.65,0,0,0,0.00,0,F1,75,,,,,
2025-06-23,2025-06-23,FO,NSE,IDO,61772,,NIFTY,,2029-12-27,2029-12-27,25000.00,CE,NIFTY29DEC25000CE,0.00,0.00,0.00,7196.25,0.00,7196.25,24971.90,7021.45,0,0,0,0.00,0,F1,75,,,,,
2025-06-23,2025-06-23,FO,NSE,IDO,61794,,NIFTY,,2029-12-27,2029-12-27,27000.00,CE,NIFTY29DEC27000CE,0.00,0.00,0.00,6201.65,0.00,6201.65,24971.90,5985.75,0,0,0,0.00,0,F1,75,,,,,
2025-06-23,2025-06-23,FO,NSE,IDO,62121,,NIFTY,,2025-06-26,2025-06-26,21050.00,PE,NIFTY25JUN21050PE,1.05,1.50,0.80,1.25,1.05,1.05,24971.90,1.25,26925,10575,8873,14008984878.75,2275,F1,75,,,,,
2025-06-23,2025-06-23,FO,NSE,IDO,62136,,NIFTY,,2025-06-26,2025-06-26,21300.00,PE,NIFTY25JUN21300PE,1.15,1.75,0.85,1.40,1.35,1.15,24971.90,1.40,126375,51825,22793,36413857331.25,3880,F1,75,,,,,
2025-06-23,2025-06-23,FO,NSE,IDO,62318,,NIFTY,,2025-06-26,2025-06-26,23200.00,PE,NIFTY25JUN23200PE,6.00,6.65,2.55,3.45,3.00,5.15,24971.90,3.45,2038050,146250,139154,242160668655.00,37674,F1,75,,,,,
2025-06-23,2025-06-23,FO,NSE,IDO,62320,,NIFTY,,2025-06-26,2025-06-26,23250.00,PE,NIFTY25JUN23250PE,4.50,6.10,2.75,3.65,3.40,5.45,24971.90,3.65,357000,107775,48671,84882017220.00,16931,F1,75,,,,,
2025-06-23,2025-06-23,FO,NSE,IDO,62362,,NIFTY,,2025-06-26,2025-06-26,24250.00,PE,NIFTY25JUN24250PE,24.65,26.90,12.95,14.75,13.35,21.80,24971.90,14.75,798225,-336375,231092,420614816632.50,101142,F1,75,,,,,
2025-06-23,2025-06-23,FO,NSE,IDO,62374,,NIFTY,,2025-06-26,2025-06-26,24450.00,PE,NIFTY25JUN24450PE,38.95,48.65,20.55,24.15,22.85,30.95,24971.90,24.15,1016475,254325,318582,584962591245.00,163244,F1,75,,,,,
2025-06-23,2025-06-23,FO,NSE,IDO,62408,,NIFTY,,2025-06-26,2025-06-26,25200.00,PE,NIFTY25JUN25200PE,260.10,403.55,198.25,253.20,254.65,199.25,24971.90,253.20,1554975,-464775,209898,401064849097.50,117840,F1,75,,,,,
2025-06-23,2025-06-23,FO,NSE,IDO,62418,,NIFTY,,2025-06-26,2025-06-26,25400.00,PE,NIFTY25JUN25400PE,340.00,585.60,340.00,421.40,421.80,331.10,24971.90,421.40,146850,-59325,13764,26682110227.50,8727,F1,75,,,,,
2025-06-23,2025-06-23,FO,NSE,IDO,56084,,NIFTY,,2025-07-03,2025-07-03,23100.00,PE,NIFTY2570323100PE,11.00,12.40,6.50,8.65,7.90,10.70,24971.90,8.65,84975,50100,8323,14425226576.25,4282,F1,75,,,,,
2025-06-23,2025-06-23,FO,NSE,IDO,56090,,NIFTY,,2025-07-03,2025-07-03,23250.00,PE,NIFTY2570323250PE,12.75,14.30,8.70,10.15,9.70,13.05,24971.90,10.15,32025,23700,1328,2316770310.00,729,F1,75,,,,,
2025-06-23,2025-06-23,FO,NSE,IDO,56158,,NIFTY,,2025-07-03,2025-07-03,23400.00,PE,NIFTY2570323400PE,15.75,18.40,10.85,12.90,11.90,15.70,24971.90,12.90,129975,30975,9776,17167102031.25,6329,F1,75,,,,,
2025-06-23,2025-06-23,FO,NSE,IDO,56188,,NIFTY,,2025-07-03,2025-07-03,23450.00,PE,NIFTY2570323450PE,15.25,26.85,12.20,14.15,13.30,16.90,24971.90,14.15,15000,6375,1518,2671469223.75,847,F1,75,,,,,
2025-06-23,2025-06-23,FO,NSE,IDO,56425,,NIFTY,,2025-07-03,2025-07-03,23950.00,PE,NIFTY2570323950PE,35.00,46.15,26.30,30.75,29.90,32.85,24971.90,30.75,27750,-2250,4111,7395271623.75,2165,F1,75,,,,,
2025-06-23,2025-06-23,FO,NSE,IDO,56960,,NIFTY,,2025-07-03,2025-07-03,25600.00,PE,NIFTY2570325600PE,630.00,775.65,559.95,636.70,642.55,546.30,24971.90,636.70,7125,-1725,537,1058176121.25,306,F1,75,,,,,
2025-06-23,2025-06-23,FO,NSE,IDO,57089,,NIFTY,,2025-07-03,2025-07-03,25800.00,PE,NIFTY2570325800PE,833.95,960.65,733.40,809.35,822.65,714.85,24971.90,809.35,2325,750,99,197897707.50,56,F1,75,,,,,
2025-06-23,2025-06-23,FO,NSE,IDO,57247,,NIFTY,,2025-07-03,2025-07-03,25900.00,PE,NIFTY2570325900PE,949.50,1037.50,847.90,889.20,889.20,808.45,24971.90,922.85,825,-300,54,108902253.75,29,F1,75,,,,,
2025-06-23,2025-06-23,FO,NSE,IDO,58718,,NIFTY,,2025-07-03,2025-07-03,26600.00,PE,NIFTY2570326600PE,1580.30,1580.30,1580.30,1580.30,1580.30,1459.15,24971.90,1588.35,675,75,1,2113522.50,1,F1,75,,,,,
2025-06-23,2025-06-23,FO,NSE,IDO,39849,,NIFTY,,2025-07-10,2025-07-10,23150.00,PE,NIFTY2571023150PE,0.00,0.00,0.00,49.50,0.00,49.50,24971.90,5.10,0,0,0,0.00,0,F1,75,,,,,
2025-06-23,2025-06-23,FO,NSE,IDO,40021,,NIFTY,,2025-07-10,2025-07-10,25050.00,PE,NIFTY2571025050PE,304.35,400.40,273.60,307.75,311.25,272.00,24971.90,307.75,13125,-975,591,1124941695.00,364,F1,75,,,,,
2025-06-23,2025-06-23,FO,NSE,IDO,40120,,NIFTY,,2025-07-10,2025-07-10,26450.00,PE,NIFTY2571026450PE,1402.35,1402.35,1402.35,1402.35,1402.35,1311.65,24971.90,1402.35,150,75,1,2088926.25,1,F1,75,,,,,
2025-06-23,2025-06-23,FO,NSE,IDO,47123,,NIFTY,,2025-07-17,2025-07-17,23000.00,PE,NIFTY2571723000PE,24.25,29.25,20.95,23.25,24.15,24.25,24971.90,23.25,32325,7725,287,495616848.75,184,F1,75,,,,,
2025-06-23,2025-06-23,FO,NSE,IDO,47230,,NIFTY,,2025-07-17,2025-07-17,24250.00,PE,NIFTY2571724250PE,123.50,149.05,104.45,115.85,116.35,109.95,24971.90,115.85,2775,1350,70,127960882.50,60,F1,75,,,,,
2025-06-23,2025-06-23,FO,NSE,IDO,47334,,NIFTY,,2025-07-17,2025-07-17,25850.00,PE,NIFTY2571725850PE,0.00,0.00,0.00,1033.95,0.00,1033.95,24971.90,934.00,0,0,0,0.00,0,F1,75,,,,,
2025-06-23,2025-06-23,FO,NSE,IDO,47367,,NIFTY,,2025-07-17,2025-07-17,26300.00,PE,NIFTY2571726300PE,0.00,0.00,0.00,1385.65,0.00,1385.65,24971.90,1301.85,0,0,0,0.00,0,F1,75,,,,,
2025-06-23,2025-06-23,FO,NSE,IDO,49482,,NIFTY,,2025-07-24,2025-07-24,24850.00,PE,NIFTY2572424850PE,320.30,364.90,279.30,280.30,280.30,262.60,24971.90,375.45,825,300,33,62330996.25,27,F1,75,,,,,
2025-06-23,2025-06-23,FO,NSE,IDO,49495,,NIFTY,,2025-07-24,2025-07-24,25100.00,PE,NIFTY2572425100PE,463.45,486.90,369.20,404.05,404.00,361.60,24971.90,404.05,1200,300,46,88043681.25,43,F1,75,,,,,
2025-06-23,2025-06-23,FO,NSE,IDO,49522,,NIFTY,,2025-07-24,2025-07-24,25250.00,PE,NIFTY2572425250PE,500.00,580.00,438.90,438.90,438.90,426.60,24971.90,571.50,750,75,30,57923737.50,27,F1,75,,,,,
2025-06-23,2025-06-23,FO,NSE,IDO,49592,,NIFTY,,2025-07-24,2025-07-24,26050.00,PE,NIFTY2572426050PE,0.00,0.00,0.00,1255.70,0.00,1255.70,24971.90,1108.50,0,0,0,0.00,0,F1,75,,,,,
2025-06-23,2025-06-23,FO,NSE,IDO,49624,,NIFTY,,2025-07-24,2025-07-24,26500.00,PE,NIFTY2572426500PE,0.00,0.00,0.00,1633.60,0.00,1633.60,24971.90,1478.70,0,0,0,0.00,0,F1,75,,,,,
2025-06-23,2025-06-23,FO,NSE,IDO,55688,,NIFTY,,2025-07-31,2025-07-31,22650.00,PE,NIFTY25JUL22650PE,32.10,35.00,26.60,26.85,26.85,30.15,24971.90,14.55,14550,150,44,74844495.00,27,F1,75,,,,,
2025-06-23,2025-06-23,FO,NSE,IDO,55696,,NIFTY,,2025-07-31,2025-07-31,22850.00,PE,NIFTY25JUL22850PE,38.70,41.75,32.90,32.90,32.90,35.75,24971.90,21.95,11400,1275,78,133887206.25,31,F1,75,,,,,
2025-06-23,2025-06-23,FO,NSE,IDO,55732,,NIFTY,,2025-07-31,2025-07-31,23400.00,PE,NIFTY25JUL23400PE,75.55,80.55,57.55,62.90,60.65,60.55,24971.90,62.90,253125,11025,2049,3606512208.75,1306,F1,75,,,,,
2025-06-23,2025-06-23,FO,NSE,IDO,55752,,NIFTY,,2025-07-31,2025-07-31,23850.00,PE,NIFTY25JUL23850PE,109.50,131.05,98.10,105.25,105.25,98.60,24971.90,105.25,29250,1800,365,656078752.50,214,F1,75,,,,,
2025-06-23,2025-06-23,FO,NSE,IDO,55794,,NIFTY,,2025-07-31,2025-07-31,24850.00,PE,NIFTY25JUL24850PE,328.10,402.75,298.55,328.15,328.85,296.05,24971.90,328.15,50625,6300,1436,2715315397.50,812,F1,75,,,,,
2025-06-23,2025-06-23,FO,NSE,IDO,55802,,NIFTY,,2025-07-31,2025-07-31,25050.00,PE,NIFTY25JUL25050PE,404.55,489.20,370.05,405.10,405.05,365.90,24971.90,405.10,24675,2400,687,1312999380.00,482,F1,75,,,,,
2025-06-23,2025-06-23,FO,NSE,IDO,55812,,NIFTY,,2025-07-31,2025-07-31,25300.00,PE,NIFTY25JUL25300PE,521.95,627.50,475.90,520.20,523.25,472.60,24971.90,520.20,121575,30750,2371,4596209490.00,1505,F1,75,,,,,
2025-06-23,2025-06-23,FO,NSE,IDO,55820,,NIFTY,,2025-07-31,2025-07-31,25400.00,PE,NIFTY25JUL25400PE,574.95,688.50,532.20,579.10,575.50,526.10,24971.90,579.10,64275,24750,1414,2758123320.00,1037,F1,75,,,,,
2025-06-23,2025-06-23,FO,NSE,IDO,55826,,NIFTY,,2025-07-31,2025-07-31,25500.00,PE,NIFTY25JUL25500PE,626.00,755.00,583.25,634.40,640.45,577.10,24971.90,634.40,619875,2400,7661,15037985797.50,4820,F1,75,,,,,
2025-06-23,2025-06-23,FO,NSE,IDO,55852,,NIFTY,,2025-07-31,2025-07-31,26050.00,PE,NIFTY25JUL26050PE,1086.00,1088.65,1056.45,1056.45,1056.45,930.60,24971.90,1128.10,1275,-75,4,8138782.50,4,F1,75,,,,,
2025-06-23,2025-06-23,FO,NSE,IDO,71848,,NIFTY,,2025-08-28,2025-08-28,23150.00,PE,NIFTY25AUG23150PE,79.85,79.85,79.85,79.85,79.85,152.30,24971.90,96.80,2100,-75,1,1742238.75,1,F1,75,,,,,
2025-06-23,2025-06-23,FO,NSE,IDO,71857,,NIFTY,,2025-08-28,2025-08-28,23350.00,PE,NIFTY25AUG23350PE,108.75,108.75,108.45,108.45,108.45,105.70,24971.90,123.40,1425,150,2,3518790.00,2,F1,75,,,,,
2025-06-23,2025-06-23,FO,NSE,IDO,71921,,NIFTY,,2025-08-28,2025-08-28,23700.00,PE,NIFTY25AUG23700PE,150.00,178.95,143.50,149.65,151.00,141.50,24971.90,149.65,89850,13575,470,841037028.75,243,F1,75,,,,,
2025-06-23,2025-06-23,FO,NSE,IDO,71951,,NIFTY,,2025-08-28,2025-08-28,24400.00,PE,NIFTY25AUG24400PE,318.65,335.00,265.00,283.50,283.00,268.40,24971.90,283.50,6975,-150,86,159324525.00,56,F1,75,,,,,
2025-06-23,2025-06-23,FO,NSE,IDO,72329,,NIFTY,,2025-08-28,2025-08-28,26800.00,PE,NIFTY25AUG26800PE,1617.70,1617.70,1617.70,1617.70,1617.70,1550.70,24971.90,1617.70,375,75,1,2131327.50,1,F1,75,,,,,
2025-06-23,2025-06-23,FO,NSE,IDO,64697,,NIFTY,,2025-09-25,2025-09-25,26000.00,PE,NIFTY25SEP26000PE,1034.20,1142.60,975.50,1028.30,1033.10,970.80,24971.90,1028.30,520725,-1425,825,1674706275.00,627,F1,75,,,,,
2025-06-23,2025-06-23,FO,NSE,IDO,64699,,NIFTY,,2025-09-25,2025-09-25,27000.00,PE,NIFTY25SEP27000PE,1746.40,1875.00,1662.10,1747.90,1755.70,1652.80,24971.90,1747.90,250950,45150,1402,3025290555.00,967,F1,75,,,,,
2025-06-23,2025-06-23,FO,NSE,IDO,37797,,NIFTY,,2025-12-24,2025-12-24,13000.00,PE,NIFTY25DEC13000PE,8.80,18.80,8.10,8.10,8.10,6.50,24971.90,0.00,7100,525,28,27323598.75,11,F1,75,,,,,
2025-06-23,2025-06-23,FO,NSE,IDO,35222,,NIFTY,,2025-12-24,2025-12-24,30000.00,PE,NIFTY25DEC30000PE,4050.00,4050.00,4050.00,4050.00,4050.00,4363.40,24971.90,4273.80,4050,0,1,2553750.00,1,F1,75,,,,,
2025-06-23,2025-06-23,FO,NSE,IDO,62921,,NIFTY,,2026-03-26,2026-03-26,22000.00,PE,NIFTY26MAR22000PE,0.00,0.00,0.00,346.60,0.00,346.60,24971.90,201.35,0,0,0,0.00,0,F1,75,,,,,
2025-06-23,2025-06-23,FO,NSE,IDO,37802,,NIFTY,,2026-06-25,2026-06-25,13000.00,PE,NIFTY26JUN13000PE,0.00,0.00,0.00,21.60,21.60,21.60,24971.90,0.05,200,0,0,0.00,0,F1,75,,,,,
2025-06-23,2025-06-23,FO,NSE,IDO,72040,,NIFTY,,2025-08-28,2025-08-28,25350.00,CE,NIFTY25AUG25350CE,491.10,530.75,442.00,504.45,504.45,544.15,24971.90,504.45,1500,75,65,125881736.25,43,F1,75,,,,,
2025-06-23,2025-06-23,FO,NSE,IDO,72126,,NIFTY,,2025-08-28,2025-08-28,26400.00,CE,NIFTY25AUG26400CE,135.00,152.20,115.85,132.20,133.20,154.75,24971.90,132.20,25350,7275,231,459587812.50,107,F1,75,,,,,
2025-06-23,2025-06-23,FO,NSE,IDO,72324,,NIFTY,,2025-08-28,2025-08-28,26700.00,CE,NIFTY25AUG26700CE,0.00,0.00,0.00,347.50,0.00,347.50,24971.90,234.30,0,0,0,0.00,0,F1,75,,,,,
2025-06-23,2025-06-23,FO,NSE,IDO,64702,,NIFTY,,2025-09-25,2025-09-25,29000.00,CE,NIFTY25SEP29000CE,20.00,21.05,18.35,20.10,20.45,21.55,24971.90,20.10,324900,6675,975,2122054440.00,499,F1,75,,,,,
2025-06-23,2025-06-23,FO,NSE,IDO,38376,,NIFTY,,2025-12-24,2025-12-24,20000.00,CE,NIFTY25DEC20000CE,5460.00,5575.00,5391.15,5527.35,5511.00,5625.25,24971.90,5527.35,191050,-1500,356,680646375.00,218,F1,75,,,,,
2025-06-23,2025-06-23,FO,NSE,IDO,71395,,NIFTY,,2025-12-24,2025-12-24,25000.00,CE,NIFTY25DEC25000CE,1399.45,1440.00,1305.55,1390.75,1382.00,1458.85,24971.90,1390.75,826000,450,901,1781820978.75,701,F1,75,,,,,
2025-06-23,2025-06-23,FO,NSE,IDO,62926,,NIFTY,,2026-03-26,2026-03-26,25000.00,CE,NIFTY26MAR25000CE,0.00,0.00,0.00,1652.55,0.00,1652.55,24971.90,2058.05,0,0,0,0.00,0,F1,75,,,,,
2025-06-23,2025-06-23,FO,NSE,IDO,37799,,NIFTY,,2026-06-25,2026-06-25,23000.00,CE,NIFTY26JUN23000CE,0.00,0.00,0.00,2645.65,0.00,2645.65,24971.90,3787.95,0,0,0,0.00,0,F1,75,,,,,
2025-06-23,2025-06-23,FO,NSE,IDO,35262,,NIFTY,,2027-06-24,2027-06-24,30000.00,CE,NIFTY27JUN30000CE,0.00,0.00,0.00,1478.40,0.00,1478.40,24971.90,1762.70,0,0,0,0.00,0,F1,75,,,,,
2025-06-23,2025-06-23,FO,NSE,IDO,53633,,NIFTY,,2027-12-30,2027-12-30,28000.00,CE,NIFTY27DEC28000CE,0.00,0.00,0.00,2639.20,0.00,2639.20,24971.90,3148.60,0,0,0,0.00,0,F1,75,,,,,
2025-06-23,2025-06-23,FO,NSE,IDO,86137,,NIFTY,,2028-06-29,2028-06-29,17000.00,CE,NIFTY28JUN17000CE,0.00,0.00,0.00,7393.45,0.00,7393.45,24971.90,10904.85,0,0,0,0.00,0,F1,75,,,,,
2025-06-23,2025-06-23,FO,NSE,IDO,67768,,NIFTY,,2028-12-28,2028-12-28,17000.00,CE,NIFTY28DEC17000CE,0.00,0.00,0.00,10036.40,0.00,10036.40,24971.90,11341.80,0,0,0,0.00,0,F1,75,,,,,
2025-06-23,2025-06-23,FO,NSE,IDO,67772,,NIFTY,,2028-12-28,2028-12-28,19000.00,CE,NIFTY28DEC19000CE,0.00,0.00,0.00,8739.00,0.00,8739.00,24971.90,9830.35,0,0,0,0.00,0,F1,75,,,,,
2025-06-23,2025-06-23,FO,NSE,IDO,67782,,NIFTY,,2028-12-28,2028-12-28,24000.00,CE,NIFTY28DEC24000CE,0.00,0.00,0.00,5850.30,0.00,5850.30,24971.90,6468.30,0,0,0,0.00,0,F1,75,,,,,
2025-06-23,2025-06-23,FO,NSE,IDO,89614,,NIFTY,,2029-06-28,2029-06-28,19000.00,CE,NIFTY29JUN19000CE,0.00,0.00,0.00,11036.95,0.00,11036.95,24971.90,10304.00,0,0,0,0.00,0,F1,75,,,,,
2025-06-23,2025-06-23,FO,NSE,IDO,61778,,NIFTY,,2029-12-27,2029-12-27,26000.00,CE,NIFTY29DEC26000CE,0.00,0.00,0.00,6686.95,0.00,6686.95,24971.90,6489.25,0,0,0,0.00,0,F1,75,,,,,
2025-06-23,2025-06-23,FO,NSE,IDO,45866,,NIFTY,,2025-06-26,2025-06-26,17000.00,PE,NIFTY25JUN17000PE,0.65,0.75,0.50,0.65,0.50,0.70,24971.90,0.65,526350,190950,52163,66510176778.75,6466,F1,75,,,,,
2025-06-23,2025-06-23,FO,NSE,IDO,39986,,NIFTY,,2025-06-26,2025-06-26,19000.00,PE,NIFTY25JUN19000PE,0.70,0.80,0.50,0.65,0.55,0.70,24971.90,0.65,912025,-183525,37510,53453603385.00,4597,F1,75,,,,,
2025-06-23,2025-06-23,FO,NSE,IDO,62062,,NIFTY,,2025-06-26,2025-06-26,20400.00,PE,NIFTY25JUN20400PE,0.70,1.00,0.55,0.85,0.80,0.75,24971.90,0.85,725925,-73425,41227,63079524761.25,5531,F1,75,,,,,
2025-06-23,2025-06-23,FO,NSE,IDO,62080,,NIFTY,,2025-06-26,2025-06-26,20750.00,PE,NIFTY25JUN20750PE,0.65,1.35,0.65,1.10,0.95,0.95,24971.90,1.10,36825,1350,11920,18551342850.00,2139,F1,75,,,,,
2025-06-23,2025-06-23,FO,NSE,IDO,62104,,NIFTY,,2025-06-26,2025-06-26,20950.00,PE,NIFTY25JUN20950PE,1.00,1.35,0.75,1.20,1.15,1.00,24971.90,1.20,36375,8100,12362,19424747426.25,2445,F1,75,,,,,
2025-06-23,2025-06-23,FO,NSE,IDO,62214,,NIFTY,,2025-06-26,2025-06-26,22800.00,PE,NIFTY25JUN22800PE,3.50,3.75,1.65,2.50,2.65,3.10,24971.90,2.50,979500,-178350,90717,155140197251.25,19347,F1,75,,,,,
2025-06-23,2025-06-23,FO,NSE,IDO,62266,,NIFTY,,2025-06-26,2025-06-26,23050.00,PE,NIFTY25JUN23050PE,4.30,4.30,2.25,3.15,2.80,4.30,24971.90,3.15,306675,82575,46147,79786036372.50,10159,F1,75,,,,,
2025-06-23,2025-06-23,FO,NSE,IDO,62336,,NIFTY,,2025-06-26,2025-06-26,23650.00,PE,NIFTY25JUN23650PE,8.55,12.00,4.35,5.50,4.90,9.00,24971.90,5.50,239400,-17625,61325,108800894103.75,22682,F1,75,,,,,
2025-06-23,2025-06-23,FO,NSE,IDO,62342,,NIFTY,,2025-06-26,2025-06-26,23750.00,PE,NIFTY25JUN23750PE,15.00,15.00,5.40,6.20,5.40,10.25,24971.90,6.20,499725,99150,75709,134893845228.75,27541,F1,75,,,,,
2025-06-23,2025-06-23,FO,NSE,IDO,62460,,NIFTY,,2025-06-26,2025-06-26,26150.00,PE,NIFTY25JUN26150PE,0.00,0.00,0.00,1168.55,1168.55,1168.55,24971.90,1165.45,2400,0,0,0.00,0,F1,75,,,,,
2025-06-23,2025-06-23,FO,NSE,IDO,62466,,NIFTY,,2025-06-26,2025-06-26,26300.00,PE,NIFTY25JUN26300PE,1317.45,1460.15,1277.85,1281.20,1281.20,1199.10,24971.90,1315.25,3075,-1125,23,47779785.00,20,F1,75,,,,,
2025-06-23,2025-06-23,FO,NSE,IDO,62470,,NIFTY,,2025-06-26,2025-06-26,26400.00,PE,NIFTY25JUN26400PE,1450.00,1450.00,1439.30,1439.30,1439.30,1300.75,24971.90,1415.20,4875,0,4,8353398.75,3,F1,75,,,,,
2025-06-23,2025-06-23,FO,NSE,IDO,56240,,NIFTY,,2025-07-03,2025-07-03,23700.00,PE,NIFTY2570323700PE,30.00,30.00,17.40,20.20,18.95,23.25,24971.90,20.20,236400,67050,11556,20560367512.50,6821,F1,75,,,,,
2025-06-23,2025-06-23,FO,NSE,IDO,56728,,NIFTY,,2025-07-03,2025-07-03,25050.00,PE,NIFTY2570325050PE,250.00,360.00,217.50,254.10,256.05,215.30,24971.90,254.10,183525,74550,14190,26941936398.75,8710,F1,75,,,,,
2025-06-23,2025-06-23,FO,NSE,IDO,56842,,NIFTY,,2025-07-03,2025-07-03,25450.00,PE,NIFTY2570325450PE,525.05,636.30,446.40,512.65,514.40,429.80,24971.90,512.65,7275,-7275,636,1239952117.50,385,F1,75,,,,,
2025-06-23,2025-06-23,FO,NSE,IDO,56985,,NIFTY,,2025-07-03,2025-07-03,25650.00,PE,NIFTY2570325650PE,729.45,729.45,599.95,661.95,661.95,587.85,24971.90,708.45,1350,-600,27,53291752.50,21,F1,75,,,,,
2025-06-23,2025-06-23,FO,NSE,IDO,58713,,NIFTY,,2025-07-03,2025-07-03,26500.00,PE,NIFTY2570326500PE,1591.10,1621.00,1433.25,1433.25,1433.25,1386.45,24971.90,1490.15,76800,225,11,23146252.50,9,F1,75,,,,,
2025-06-23,2025-06-23,FO,NSE,IDO,39837,,NIFTY,,2025-07-10,2025-07-10,22950.00,PE,NIFTY2571022950PE,15.00,19.25,13.15,14.45,13.75,16.20,24971.90,14.45,7500,-450,161,277304051.25,66,F1,75,,,,,
2025-06-23,2025-06-23,FO,NSE,IDO,39903,,NIFTY,,2025-07-10,2025-07-10,23550.00,PE,NIFTY2571023550PE,35.50,39.05,27.00,29.20,29.20,38.60,24971.90,29.20,2925,1350,38,67206765.00,22,F1,75,,,,,
2025-06-23,2025-06-23,FO,NSE,IDO,39993,,NIFTY,,2025-07-10,2025-07-10,24650.00,PE,NIFTY2571024650PE,175.00,225.10,147.50,166.15,165.90,149.40,24971.90,166.15,6450,-5025,539,1004079048.75,313,F1,75,,,,,
2025-06-23,2025-06-23,FO,NSE,IDO,40009,,NIFTY,,2025-07-10,2025-07-10,24900.00,PE,NIFTY2571024900PE,250.05,329.10,216.30,244.95,246.40,218.40,24971.90,244.95,89400,18900,5647,10663359825.00,3669,F1,75,,,,,
2025-06-23,2025-06-23,FO,NSE,IDO,40061,,NIFTY,,2025-07-10,2025-07-10,25650.00,PE,NIFTY2571025650PE,744.15,744.15,664.15,664.15,664.15,619.05,24971.90,750.75,300,-75,2,3953122.50,2,F1,75,,,,,
2025-06-23,2025-06-23,FO,NSE,IDO,40127,,NIFTY,,2025-07-10,2025-07-10,26500.00,PE,NIFTY2571026500PE,1457.05,1457.05,1457.05,1457.05,1457.05,1374.25,24971.90,1479.60,150,75,1,2096778.75,1,F1,75,,,,,
2025-06-23,2025-06-23,FO,NSE,IDO,47128,,NIFTY,,2025-07-17,2025-07-17,23050.00,PE,NIFTY2571723050PE,0.00,0.00,0.00,29.15,29.15,29.15,24971.90,10.80,75,0,0,0.00,0,F1,75,,,,,
2025-06-23,2025-06-23,FO,NSE,IDO,47180,,NIFTY,,2025-07-17,2025-07-17,23800.00,PE,NIFTY2571723800PE,56.40,62.00,56.40,62.00,62.00,116.70,24971.90,62.00,150,150,2,3578880.00,2,F1,75,,,,,
2025-06-23,2025-06-23,FO,NSE,IDO,47204,,NIFTY,,2025-07-17,2025-07-17,24000.00,PE,NIFTY2571724000PE,80.00,109.00,72.95,82.10,81.05,76.75,24971.90,82.10,49875,10200,1172,2117174355.00,694,F1,75,,,,,
2025-06-23,2025-06-23,FO,NSE,IDO,47219,,NIFTY,,2025-07-17,2025-07-17,24100.00,PE,NIFTY2571724100PE,100.20,125.50,86.65,91.65,87.15,87.85,24971.90,91.65,4125,-1050,51,92565105.00,46,F1,75,,,,,
2025-06-23,2025-06-23,FO,NSE,IDO,47262,,NIFTY,,2025-07-17,2025-07-17,24700.00,PE,NIFTY2571724700PE,242.90,281.00,195.00,215.85,218.00,194.95,24971.90,215.85,8850,-4275,556,1039730347.50,397,F1,75,,,,,
2025-06-23,2025-06-23,FO,NSE,IDO,47274,,NIFTY,,2025-07-17,2025-07-17,24950.00,PE,NIFTY2571724950PE,321.85,386.50,277.00,303.90,304.85,271.15,24971.90,303.90,8475,5025,257,486903731.25,149,F1,75,,,,,
2025-06-23,2025-06-23,FO,NSE,IDO,47292,,NIFTY,,2025-07-17,2025-07-17,25250.00,PE,NIFTY2571725250PE,465.00,543.90,406.00,442.70,442.70,398.15,24971.90,530.95,2250,1275,35,67463857.50,35,F1,75,,,,,
2025-06-23,2025-06-23,FO,NSE,IDO,47294,,NIFTY,,2025-07-17,2025-07-17,25300.00,PE,NIFTY2571725300PE,0.00,0.00,0.00,670.35,0.00,670.35,24971.90,559.95,0,0,0,0.00,0,F1,75,,,,,
2025-06-23,2025-06-23,FO,NSE,IDO,47314,,NIFTY,,2025-07-17,2025-07-17,25700.00,PE,NIFTY2571725700PE,0.00,0.00,0.00,926.90,0.00,926.90,24971.90,822.50,0,0,0,0.00,0,F1,75,,,,,
2025-06-23,2025-06-23,FO,NSE,IDO,47387,,NIFTY,,2025-07-17,2025-07-17,26750.00,PE,NIFTY2571726750PE,0.00,0.00,0.00,1773.50,0.00,1773.50,24971.90,1707.25,0,0,0,0.00,0,F1,75,,,,,
2025-06-23,2025-06-23,FO,NSE,IDO,49386,,NIFTY,,2025-07-24,2025-07-24,23350.00,PE,NIFTY2572423350PE,0.00,0.00,0.00,63.40,0.00,63.40,24971.90,38.30,0,0,0,0.00,0,F1,75,,,,,
2025-06-23,2025-06-23,FO,NSE,IDO,49414,,NIFTY,,2025-07-24,2025-07-24,23800.00,PE,NIFTY2572423800PE,0.00,0.00,0.00,130.20,0.00,130.20,24971.90,86.90,0,0,0,0.00,0,F1,75,,,,,
2025-06-23,2025-06-23,FO,NSE,IDO,49448,,NIFTY,,2025-07-24,2025-07-24,24250.00,PE,NIFTY2572424250PE,161.15,176.15,124.85,141.60,141.60,153.40,24971.90,174.55,1200,1200,46,84156423.75,46,F1,75,,,,,
2025-06-23,2025-06-23,FO,NSE,IDO,49450,,NIFTY,,2025-07-24,2025-07-24,24300.00,PE,NIFTY2572424300PE,167.55,186.95,136.50,144.75,144.75,138.10,24971.90,188.20,3225,2625,90,165105468.75,63,F1,75,,,,,
2025-06-23,2025-06-23,FO,NSE,IDO,49518,,NIFTY,,2025-07-24,2025-07-24,25150.00,PE,NIFTY2572425150PE,500.00,504.35,391.50,393.45,393.45,381.60,24971.90,517.70,450,-300,22,42213210.00,22,F1,75,,,,,
2025-06-23,2025-06-23,FO,NSE,IDO,49529,,NIFTY,,2025-07-24,2025-07-24,25400.00,PE,NIFTY2572425400PE,0.00,0.00,0.00,784.25,0.00,784.25,24971.90,658.10,0,0,0,0.00,0,F1,75,,,,,
2025-06-23,2025-06-23,FO,NSE,IDO,55684,,NIFTY,,2025-07-31,2025-07-31,22550.00,PE,NIFTY25JUL22550PE,28.05,31.00,23.20,25.35,25.55,27.05,24971.90,25.35,16125,4200,161,272618786.25,63,F1,75,,,,,
2025-06-23,2025-06-23,FO,NSE,IDO,55706,,NIFTY,,2025-07-31,2025-07-31,23050.00,PE,NIFTY25JUL23050PE,47.15,53.25,41.00,43.65,43.55,44.00,24971.90,43.65,18750,150,115,199212495.00,59,F1,75,,,,,
2025-06-23,2025-06-23,FO,NSE,IDO,55720,,NIFTY,,2025-07-31,2025-07-31,23100.00,PE,NIFTY25JUL23100PE,48.90,56.65,41.40,45.45,44.60,45.25,24971.90,45.45,230025,3000,1269,2203155630.00,701,F1,75,,,,,
2025-06-23,2025-06-23,FO,NSE,IDO,55726,,NIFTY,,2025-07-31,2025-07-31,23250.00,PE,NIFTY25JUL23250PE,58.15,66.60,49.65,53.65,52.80,51.85,24971.90,53.65,17025,-1125,120,209768032.50,71,F1,75,,,,,
2025-06-23,2025-06-23,FO,NSE,IDO,55746,,NIFTY,,2025-07-31,2025-07-31,23700.00,PE,NIFTY25JUL23700PE,94.60,112.30,80.80,88.70,88.00,83.75,24971.90,88.70,305025,25575,5011,8943330787.50,3250,F1,75,,,,,
2025-06-23,2025-06-23,FO,NSE,IDO,55774,,NIFTY,,2025-07-31,2025-07-31,24350.00,PE,NIFTY25JUL24350PE,191.45,232.00,170.00,187.75,187.40,169.65,24971.90,187.75,24600,-750,475,874606650.00,338,F1,75,,,,,
2025-06-23,2025-06-23,FO,NSE,IDO,55784,,NIFTY,,2025-07-31,2025-07-31,24600.00,PE,NIFTY25JUL24600PE,245.00,307.55,227.05,247.90,245.60,223.60,24971.90,247.90,241125,-25350,4173,7782602313.75,2594,F1,75,,,,,
2025-06-23,2025-06-23,FO,NSE,IDO,55806,,NIFTY,,2025-07-31,2025-07-31,25150.00,PE,NIFTY25JUL25150PE,451.05,537.95,410.00,448.05,451.20,405.00,24971.90,448.05,20850,-450,393,755261475.00,253,F1,75,,,,,
2025-06-23,2025-06-23,FO,NSE,IDO,55834,,NIFTY,,2025-07-31,2025-07-31,25650.00,PE,NIFTY25JUL25650PE,752.00,841.90,695.00,714.30,714.30,663.50,24971.90,846.70,1800,150,45,89284590.00,27,F1,75,,,,,
2025-06-23,2025-06-23,FO,NSE,IDO,55843,,NIFTY,,2025-07-31,2025-07-31,25850.00,PE,NIFTY25JUL25850PE,975.00,1000.50,860.80,860.80,860.80,792.00,24971.90,982.00,1425,-525,46,92517292.50,19,F1,75,,,,,
2025-06-23,2025-06-23,FO,NSE,IDO,55858,,NIFTY,,2025-07-31,2025-07-31,26200.00,PE,NIFTY25JUL26200PE,1161.05,1293.50,1119.00,1135.05,1161.60,1050.00,24971.90,1135.05,3825,975,88,181036863.75,43,F1,75,,,,,
2025-06-23,2025-06-23,FO,NSE,IDO,55872,,NIFTY,,2025-07-31,2025-07-31,26550.00,PE,NIFTY25JUL26550PE,1456.10,1456.10,1454.25,1455.30,1454.25,1374.00,24971.90,1455.30,1875,300,4,8401582.50,4,F1,75,,,,,
2025-06-23,2025-06-23,FO,NSE,IDO,55886,,NIFTY,,2025-07-31,2025-07-31,26850.00,PE,NIFTY25JUL26850PE,1736.25,1736.25,1731.45,1734.25,1731.45,1641.70,24971.90,1734.25,525,225,4,8575275.00,4,F1,75,,,,,
2025-06-23,2025-06-23,FO,NSE,IDO,55892,,NIFTY,,2025-07-31,2025-07-31,26900.00,PE,NIFTY25JUL26900PE,1850.00,1942.20,1745.15,1780.40,1792.25,1688.40,24971.90,1780.40,43200,11925,239,514883707.50,217,F1,75,,,,,
2025-06-23,2025-06-23,FO,NSE,IDO,71838,,NIFTY,,2025-08-28,2025-08-28,22900.00,PE,NIFTY25AUG22900PE,79.00,80.00,70.35,73.10,73.10,72.10,24971.90,70.15,26400,-900,67,115447507.50,15,F1,75,,,,,
2025-06-23,2025-06-23,FO,NSE,IDO,71850,,NIFTY,,2025-08-28,2025-08-28,23200.00,PE,NIFTY25AUG23200PE,100.05,113.00,89.00,94.70,94.35,89.05,24971.90,94.70,110400,10650,437,763705368.75,205,F1,75,,,,,
2025-06-23,2025-06-23,FO,NSE,IDO,71927,,NIFTY,,2025-08-28,2025-08-28,23850.00,PE,NIFTY25AUG23850PE,171.60,171.60,171.10,171.30,171.30,165.95,24971.90,214.85,825,300,4,7206412.50,4,F1,75,,,,,
2025-06-23,2025-06-23,FO,NSE,IDO,71971,,NIFTY,,2025-08-28,2025-08-28,24900.00,PE,NIFTY25AUG24900PE,460.00,519.60,410.80,439.45,441.00,410.10,24971.90,439.45,22350,3075,288,548057257.50,216,F1,75,,,,,
2025-06-23,2025-06-23,FO,NSE,IDO,71973,,NIFTY,,2025-08-28,2025-08-28,24950.00,PE,NIFTY25AUG24950PE,486.20,517.90,443.35,450.25,450.25,433.95,24971.90,450.25,1575,-225,42,80137815.00,20,F1,75,,,,,
2025-06-23,2025-06-23,FO,NSE,IDO,72037,,NIFTY,,2025-08-28,2025-08-28,25250.00,PE,NIFTY25AUG25250PE,620.10,654.75,565.95,579.00,579.00,547.50,24971.90,579.00,3750,150,19,36846986.25,13,F1,75,,,,,
2025-06-23,2025-06-23,FO,NSE,IDO,72277,,NIFTY,,2025-08-28,2025-08-28,26500.00,PE,NIFTY25AUG26500PE,1401.35,1500.00,1315.00,1365.00,1365.00,1296.25,24971.90,1515.10,18825,1125,47,98426171.25,22,F1,75,,,,,
2025-06-23,2025-06-23,FO,NSE,IDO,64679,,NIFTY,,2025-09-25,2025-09-25,17000.00,PE,NIFTY25SEP17000PE,10.75,10.75,10.70,10.70,10.70,10.80,24971.90,10.70,11325,-150,18,22964501.25,9,F1,75,,,,,
2025-06-23,2025-06-23,FO,NSE,IDO,64689,,NIFTY,,2025-09-25,2025-09-25,22000.00,PE,NIFTY25SEP22000PE,70.00,70.00,60.65,64.00,63.75,62.75,24971.90,64.00,1012500,13875,2459,4069307096.25,1381,F1,75,,,,,
2025-06-23,2025-06-23,FO,NSE,IDO,62919,,NIFTY,,2026-03-26,2026-03-26,21000.00,PE,NIFTY26MAR21000PE,0.00,0.00,0.00,162.75,162.75,162.75,24971.90,100.10,375,0,0,0.00,0,F1,75,,,,,
2025-06-23,2025-06-23,FO,NSE,IDO,62927,,NIFTY,,2026-03-26,2026-03-26,25000.00,PE,NIFTY26MAR25000PE,0.00,0.00,0.00,1307.55,0.00,1307.55,24971.90,951.95,0,0,0,0.00,0,F1,75,,,,,
2025-06-23,2025-06-23,FO,NSE,IDO,58643,,NIFTY,,2026-12-31,2026-12-31,19000.00,PE,NIFTY26DEC19000PE,0.00,0.00,0.00,109.35,109.35,109.35,24971.90,70.65,1800,0,0,0.00,0,F1,75,,,,,
2025-06-23,2025-06-23,FO,NSE,IDO,37810,,NIFTY,,2026-12-31,2026-12-31,23000.00,PE,NIFTY26DEC23000PE,575.05,584.35,564.05,564.05,564.05,580.15,24971.90,564.05,23475,0,13,22987638.75,10,F1,75,,,,,
2025-06-23,2025-06-23,FO,NSE,IDO,53606,,NIFTY,,2027-12-30,2027-12-30,19000.00,PE,NIFTY27DEC19000PE,0.00,0.00,0.00,299.95,299.95,299.95,24971.90,130.05,525,0,0,0.00,0,F1,75,,,,,
2025-06-23,2025-06-23,FO,NSE,IDO,86146,,NIFTY,,2028-06-29,2028-06-29,21000.00,PE,NIFTY28JUN21000PE,0.00,0.00,0.00,907.20,0.00,907.20,24971.90,334.10,0,0,0,0.00,0,F1,75,,,,,
2025-06-23,2025-06-23,FO,NSE,IDO,67783,,NIFTY,,2028-12-28,2028-12-28,24000.00,PE,NIFTY28DEC24000PE,0.00,0.00,0.00,950.00,950.00,950.00,24971.90,834.20,1575,0,0,0.00,0,F1,75,,,,,
2025-06-23,2025-06-23,FO,NSE,IDO,67789,,NIFTY,,2028-12-28,2028-12-28,27000.00,PE,NIFTY28DEC27000PE,0.00,0.00,0.00,1413.85,0.00,1413.85,24971.90,1619.15,0,0,0,0.00,0,F1,75,,,,,
2025-06-23,2025-06-23,FO,NSE,IDO,89611,,NIFTY,,2029-06-28,2029-06-28,17000.00,PE,NIFTY29JUN17000PE,0.00,0.00,0.00,79.30,0.00,79.30,24971.90,76.80,0,0,0,0.00,0,F1,75,,,,,
2025-06-23,2025-06-23,FO,NSE,IDO,62209,,NIFTY,,2025-06-26,2025-06-26,22750.00,CE,NIFTY25JUN22750CE,2300.00,2300.00,2300.00,2300.00,2300.00,2060.00,24971.90,2233.10,2475,0,6,11272500.00,2,F1,75,,,,,
2025-06-23,2025-06-23,FO,NSE,IDO,62363,,NIFTY,,2025-06-26,2025-06-26,24300.00,CE,NIFTY25JUN24300CE,725.35,800.20,555.05,709.05,700.50,834.60,24971.90,709.05,96825,-14700,2737,5119833165.00,1484,F1,75,,,,,
2025-06-23,2025-06-23,FO,NSE,IDO,62469,,NIFTY,,2025-06-26,2025-06-26,26400.00,CE,NIFTY25JUN26400CE,1.35,1.65,1.05,1.35,1.15,1.35,24971.90,1.35,1375650,-12375,102555,203069129223.75,19572,F1,75,,,,,
2025-06-23,2025-06-23,FO,NSE,IDO,62171,,NIFTY,,2025-06-26,2025-06-26,21950.00,CE,NIFTY25JUN21950CE,0.00,0.00,0.00,2935.00,2935.00,2935.00,24971.90,3032.70,2625,0,0,0.00,0,F1,75,,,,,
2025-06-23,2025-06-23,FO,NSE,IDO,71476,,NIFTY,,2026-06-25,2026-06-25,26000.00,CE,NIFTY26JUN26000CE,1400.00,1600.00,1378.15,1489.10,1378.15,1510.00,24971.90,1489.10,2850,225,5,10304111.25,5,F1,75,,,,,
2025-06-23,2025-06-23,FO,NSE,IDO,51453,,NIFTY,,2026-06-25,2026-06-25,21000.00,CE,NIFTY26JUN21000CE,0.00,0.00,0.00,3881.90,0.00,3881.90,24971.90,5374.60,0,0,0,0.00,0,F1,75,,,,,
2025-06-23,2025-06-23,FO,NSE,IDO,62149,,NIFTY,,2025-06-26,2025-06-26,21650.00,CE,NIFTY25JUN21650CE,0.00,0.00,0.00,3355.00,3355.00,3355.00,24971.90,3332.55,2025,0,0,0.00,0,F1,75,,,,,
2025-06-23,2025-06-23,FO,NSE,IDO,62135,,NIFTY,,2025-06-26,2025-06-26,21300.00,CE,NIFTY25JUN21300CE,0.00,0.00,0.00,3703.30,3703.30,3703.30,24971.90,3682.35,900,0,0,0.00,0,F1,75,,,,,
2025-06-23,2025-06-23,FO,NSE,IDO,61932,,NIFTY,,2029-12-27,2029-12-27,30000.00,CE,NIFTY29DEC30000CE,0.00,0.00,0.00,4896.55,0.00,4896.55,24971.90,4648.05,0,0,0,0.00,0,F1,75,,,,,
2025-06-23,2025-06-23,FO,NSE,IDO,62206,,NIFTY,,2025-06-26,2025-06-26,22650.00,PE,NIFTY25JUN22650PE,3.00,3.00,1.55,2.40,2.40,2.75,24971.90,2.40,139350,-32475,30184,51279325541.25,5370,F1,75,,,,,
2025-06-23,2025-06-23,FO,NSE,IDO,39952,,NIFTY,,2025-07-10,2025-07-10,24250.00,PE,NIFTY2571024250PE,89.90,120.00,76.30,88.15,88.05,79.65,24971.90,88.15,7425,1875,327,597052908.75,245,F1,75,,,,,
2025-06-23,2025-06-23,FO,NSE,IDO,50497,,NIFTY,,2026-06-25,2026-06-25,17000.00,CE,NIFTY26JUN17000CE,0.00,0.00,0.00,4348.25,0.00,4348.25,24971.90,8994.40,0,0,0,0.00,0,F1,75,,,,,
2025-06-23,2025-06-23,FO,NSE,IDO,56431,,NIFTY,,2025-07-03,2025-07-03,24100.00,CE,NIFTY2570324100CE,852.50,984.00,812.30,924.85,924.85,1043.55,24971.90,924.85,1275,450,53,99224778.75,35,F1,75,,,,,
2025-06-23,2025-06-23,FO,NSE,IDO,62922,,NIFTY,,2026-03-26,2026-03-26,23000.00,CE,NIFTY26MAR23000CE,0.00,0.00,0.00,2782.55,0.00,2782.55,24971.90,3381.85,0,0,0,0.00,0,F1,75,,,,,
2025-06-23,2025-06-23,FO,NSE,IDO,72316,,NIFTY,,2025-08-28,2025-08-28,26600.00,CE,NIFTY25AUG26600CE,100.00,113.00,86.45,98.50,97.90,116.40,24971.90,98.50,59025,6825,465,931041397.50,238,F1,75,,,,,
2025-06-23,2025-06-23,FO,NSE,IDO,72122,,NIFTY,,2025-08-28,2025-08-28,26300.00,CE,NIFTY25AUG26300CE,140.00,178.85,131.85,159.70,159.70,183.90,24971.90,329.25,18450,750,76,150753971.25,47,F1,75,,,,,
2025-06-23,2025-06-23,FO,NSE,IDO,72102,,NIFTY,,2025-08-28,2025-08-28,25850.00,CE,NIFTY25AUG25850CE,278.35,311.95,244.00,287.95,287.95,321.55,24971.90,287.95,4425,1500,89,174381971.25,75,F1,75,,,,,
2025-06-23,2025-06-23,FO,NSE,IDO,71930,,NIFTY,,2025-08-28,2025-08-28,23950.00,CE,NIFTY25AUG23950CE,1436.65,1436.65,1436.65,1436.65,1436.65,1521.50,24971.90,1436.65,225,75,1,1903998.75,1,F1,75,,,,,
2025-06-23,2025-06-23,FO,NSE,IDO,39882,,NIFTY,,2025-07-10,2025-07-10,23300.00,CE,NIFTY2571023300CE,1749.35,1749.35,1749.35,1749.35,1749.35,1855.65,24971.90,1749.35,150,75,1,1878701.25,1,F1,75,,,,,
2025-06-23,2025-06-23,FO,NSE,IDO,40051,,NIFTY,,2025-07-10,2025-07-10,25550.00,CE,NIFTY2571025550CE,79.85,115.00,66.95,89.05,86.00,127.20,24971.90,89.05,10125,-5250,584,1122767910.00,444,F1,75,,,,,
2025-06-23,2025-06-23,FO,NSE,IDO,40085,,NIFTY,,2025-07-10,2025-07-10,26050.00,PE,NIFTY2571026050PE,1023.80,1023.80,1023.80,1023.80,1023.80,936.50,24971.90,1073.00,150,75,1,2030535.00,1,F1,75,,,,,
2025-06-23,2025-06-23,FO,NSE,IDO,47358,,NIFTY,,2025-07-17,2025-07-17,26100.00,PE,NIFTY2571726100PE,0.00,0.00,0.00,1224.25,0.00,1224.25,24971.90,1132.70,0,0,0,0.00,0,F1,75,,,,,
2025-06-23,2025-06-23,FO,NSE,IDO,47391,,NIFTY,,2025-07-17,2025-07-17,26800.00,PE,NIFTY2571726800PE,0.00,0.00,0.00,1818.35,0.00,1818.35,24971.90,1753.90,0,0,0,0.00,0,F1,75,,,,,
2025-06-23,2025-06-23,FO,NSE,IDO,40136,,NIFTY,,2025-07-10,2025-07-10,26650.00,CE,NIFTY2571026650CE,4.00,4.60,3.70,4.20,4.20,4.20,24971.90,17.45,9000,-750,57,113946168.75,19,F1,75,,,,,
2025-06-23,2025-06-23,FO,NSE,IDO,47177,,NIFTY,,2025-07-17,2025-07-17,23800.00,CE,NIFTY2571723800CE,0.00,0.00,0.00,1344.85,0.00,1344.85,24971.90,1325.65,0,0,0,0.00,0,F1,75,,,,,
2025-06-23,2025-06-23,FO,NSE,IDO,47393,,NIFTY,,2025-07-17,2025-07-17,26850.00,PE,NIFTY2571726850PE,0.00,0.00,0.00,1863.50,0.00,1863.50,24971.90,1800.80,0,0,0,0.00,0,F1,75,,,,,
2025-06-23,2025-06-23,FO,NSE,IDO,55750,,NIFTY,,2025-07-31,2025-07-31,23800.00,PE,NIFTY25JUL23800PE,103.60,124.25,90.10,99.25,98.50,92.95,24971.90,99.25,387825,46950,5334,9564028023.75,3127,F1,75,,,,,
2025-06-23,2025-06-23,FO,NSE,IDO,71987,,NIFTY,,2025-08-28,2025-08-28,25050.00,PE,NIFTY25AUG25050PE,496.00,560.80,496.00,497.65,497.65,469.20,24971.90,497.65,1425,75,25,47980200.00,15,F1,75,,,,,
2025-06-23,2025-06-23,FO,NSE,IDO,71839,,NIFTY,,2025-08-28,2025-08-28,22950.00,CE,NIFTY25AUG22950CE,2304.35,2304.35,2304.35,2304.35,2304.35,2400.40,24971.90,2304.35,75,75,1,1894076.25,1,F1,75,,,,,
2025-06-23,2025-06-23,FO,NSE,IDO,55825,,NIFTY,,2025-07-31,2025-07-31,25500.00,CE,NIFTY25JUL25500CE,250.00,280.00,194.00,240.20,236.85,286.00,24971.90,240.20,1947600,166275,31216,60233103412.50,18306,F1,75,,,,,
2025-06-23,2025-06-23,FO,NSE,IDO,55701,,NIFTY,,2025-07-31,2025-07-31,22950.00,CE,NIFTY25JUL22950CE,2181.90,2181.90,2181.90,2181.90,2181.90,2213.00,24971.90,2181.90,1125,75,1,1884892.50,1,F1,75,,,,,
2025-06-23,2025-06-23,FO,NSE,IDO,55675,,NIFTY,,2025-07-31,2025-07-31,22350.00,CE,NIFTY25JUL22350CE,2809.00,2809.00,2741.05,2741.35,2741.60,2782.75,24971.90,2741.35,4350,3900,61,115026765.00,23,F1,75,,,,,
2025-06-23,2025-06-23,FO,NSE,IDO,47378,,NIFTY,,2025-07-17,2025-07-17,26600.00,CE,NIFTY2571726600CE,0.00,0.00,0.00,79.00,79.00,79.00,24971.90,45.05,75,0,0,0.00,0,F1,75,,,,,
2025-06-23,2025-06-23,FO,NSE,IDO,47243,,NIFTY,,2025-07-17,2025-07-17,24500.00,CE,NIFTY2571724500CE,634.70,773.00,615.50,773.00,773.00,810.25,24971.90,771.50,4725,2250,62,117006348.75,48,F1,75,,,,,
2025-06-23,2025-06-23,FO,NSE,IDO,49178,,NIFTY,,2025-12-24,2025-12-24,16000.00,PE,NIFTY25DEC16000PE,0.00,0.00,0.00,17.85,17.85,17.85,24971.90,0.05,4100,0,0,0.00,0,F1,75,,,,,
2025-06-23,2025-06-23,FO,NSE,IDO,62917,,NIFTY,,2026-03-26,2026-03-26,20000.00,PE,NIFTY26MAR20000PE,0.00,0.00,0.00,95.70,0.00,95.70,24971.90,44.25,0,0,0,0.00,0,F1,75,,,,,
2025-06-23,2025-06-23,FO,NSE,IDO,89637,,NIFTY,,2029-06-28,2029-06-28,27000.00,PE,NIFTY29JUN27000PE,0.00,0.00,0.00,1252.35,0.00,1252.35,24971.90,1547.85,0,0,0,0.00,0,F1,75,,,,,
2025-06-23,2025-06-23,FO,NSE,IDO,62187,,NIFTY,,2025-06-26,2025-06-26,22200.00,CE,NIFTY25JUN22200CE,2685.00,2700.00,2685.00,2685.00,2685.00,2817.70,24971.90,2782.80,8550,-300,4,7467750.00,4,F1,75,,,,,
2025-06-23,2025-06-23,FO,NSE,IDO,67784,,NIFTY,,2028-12-28,2028-12-28,25000.00,CE,NIFTY28DEC25000CE,0.00,0.00,0.00,5350.40,0.00,5350.40,24971.90,5889.00,0,0,0,0.00,0,F1,75,,,,,
2025-06-23,2025-06-23,FO,NSE,IDO,67794,,NIFTY,,2028-12-28,2028-12-28,30000.00,CE,NIFTY28DEC30000CE,0.00,0.00,0.00,3293.05,0.00,3293.05,24971.90,3526.55,0,0,0,0.00,0,F1,75,,,,,
2025-06-23,2025-06-23,FO,NSE,IDO,61390,,NIFTY,,2029-12-27,2029-12-27,18000.00,CE,NIFTY29DEC18000CE,0.00,0.00,0.00,11362.40,0.00,11362.40,24971.90,11458.60,0,0,0,0.00,0,F1,75,,,,,
2025-06-23,2025-06-23,FO,NSE,IDO,61858,,NIFTY,,2029-12-27,2029-12-27,28000.00,CE,NIFTY29DEC28000CE,0.00,0.00,0.00,5741.50,0.00,5741.50,24971.90,5510.30,0,0,0,0.00,0,F1,75,,,,,
2025-06-23,2025-06-23,FO,NSE,IDO,62086,,NIFTY,,2025-06-26,2025-06-26,20800.00,PE,NIFTY25JUN20800PE,0.90,1.45,0.65,1.00,0.65,0.90,24971.90,1.00,109500,-15300,20189,31496174358.75,3508,F1,75,,,,,
2025-06-23,2025-06-23,FO,NSE,IDO,62138,,NIFTY,,2025-06-26,2025-06-26,21350.00,PE,NIFTY25JUN21350PE,1.10,1.75,0.85,1.40,1.30,1.20,24971.90,1.40,25875,-11400,12690,20320947048.75,2706,F1,75,,,,,
2025-06-23,2025-06-23,FO,NSE,IDO,71477,,NIFTY,,2026-06-25,2026-06-25,26000.00,PE,NIFTY26JUN26000PE,1100.05,1220.10,1100.05,1162.30,1162.30,1100.05,24971.90,1426.25,600,300,7,14263473.75,7,F1,75,,,,,
2025-06-23,2025-06-23,FO,NSE,IDO,58631,,NIFTY,,2026-12-31,2026-12-31,13000.00,PE,NIFTY26DEC13000PE,0.00,0.00,0.00,20.30,20.30,20.30,24971.90,0.20,2025,0,0,0.00,0,F1,75,,,,,
2025-06-23,2025-06-23,FO,NSE,IDO,58649,,NIFTY,,2026-12-31,2026-12-31,22000.00,PE,NIFTY26DEC22000PE,410.95,410.95,410.95,410.95,410.95,411.00,24971.90,410.95,5575,-25,1,1680821.25,1,F1,75,,,,,
2025-06-23,2025-06-23,FO,NSE,IDO,89627,,NIFTY,,2029-06-28,2029-06-28,22000.00,PE,NIFTY29JUN22000PE,0.00,0.00,0.00,422.00,0.00,422.00,24971.90,484.40,0,0,0,0.00,0,F1,75,,,,,
2025-06-23,2025-06-23,FO,NSE,IDO,62063,,NIFTY,,2025-06-26,2025-06-26,20450.00,CE,NIFTY25JUN20450CE,0.00,0.00,0.00,4426.90,4426.90,4426.90,24971.90,4531.95,1200,0,0,0.00,0,F1,75,,,,,
2025-06-23,2025-06-23,FO,NSE,IDO,62141,,NIFTY,,2025-06-26,2025-06-26,21450.00,CE,NIFTY25JUN21450CE,0.00,0.00,0.00,3515.60,3515.60,3515.60,24971.90,3532.45,1575,0,0,0.00,0,F1,75,,,,,
2025-06-23,2025-06-23,FO,NSE,IDO,62147,,NIFTY,,2025-06-26,2025-06-26,21600.00,CE,NIFTY25JUN21600CE,0.00,0.00,0.00,3405.10,3405.40,3405.10,24971.90,3382.50,1650,0,0,0.00,0,F1,75,,,,,
2025-06-23,2025-06-23,FO,NSE,IDO,58618,,NIFTY,,2025-06-26,2025-06-26,22000.00,CE,NIFTY25JUN22000CE,3017.00,3082.45,2828.75,2995.10,2993.60,3114.40,24971.90,2995.10,680400,-61575,1128,2110401457.50,775,F1,75,,,,,
2025-06-23,2025-06-23,FO,NSE,IDO,62265,,NIFTY,,2025-06-26,2025-06-26,23050.00,CE,NIFTY25JUN23050CE,0.00,0.00,0.00,1765.00,1765.00,1765.00,24971.90,1933.25,2775,0,0,0.00,0,F1,75,,,,,
2025-06-23,2025-06-23,FO,NSE,IDO,62267,,NIFTY,,2025-06-26,2025-06-26,23100.00,CE,NIFTY25JUN23100CE,1760.00,1840.60,1760.00,1839.50,1839.50,2002.95,24971.90,1883.25,9225,-150,5,9346518.75,4,F1,75,,,,,
2025-06-23,2025-06-23,FO,NSE,IDO,62325,,NIFTY,,2025-06-26,2025-06-26,23400.00,CE,NIFTY25JUN23400CE,1530.00,1640.00,1449.60,1588.85,1588.80,1711.75,24971.90,1588.85,26400,-1950,54,100920307.50,39,F1,75,,,,,
2025-06-23,2025-06-23,FO,NSE,IDO,62349,,NIFTY,,2025-06-26,2025-06-26,23950.00,CE,NIFTY25JUN23950CE,910.75,1101.65,897.25,1042.85,1041.00,1166.35,24971.90,1042.85,3075,825,46,86062991.25,43,F1,75,,,,,
2025-06-23,2025-06-23,FO,NSE,IDO,62355,,NIFTY,,2025-06-26,2025-06-26,24150.00,CE,NIFTY25JUN24150CE,783.10,946.40,701.25,852.10,847.20,973.75,24971.90,852.10,22875,-2850,205,383428597.50,133,F1,75,,,,,
2025-06-23,2025-06-23,FO,NSE,IDO,62383,,NIFTY,,2025-06-26,2025-06-26,24700.00,CE,NIFTY25JUN24700CE,300.00,434.75,228.05,345.75,338.00,464.70,24971.90,345.75,945450,-129975,155620,291778857435.00,95216,F1,75,,,,,
2025-06-23,2025-06-23,FO,NSE,IDO,62425,,NIFTY,,2025-06-26,2025-06-26,25600.00,CE,NIFTY25JUN25600CE,13.00,13.00,4.05,4.95,4.15,15.55,24971.90,4.95,3777900,-387450,836043,1605587562247.50,198983,F1,75,,,,,
2025-06-23,2025-06-23,FO,NSE,IDO,62439,,NIFTY,,2025-06-26,2025-06-26,25850.00,CE,NIFTY25JUN25850CE,4.30,4.30,1.70,2.10,1.75,4.65,24971.90,2.10,1256400,175950,583271,1130920564507.50,89536,F1,75,,,,,
2025-06-23,2025-06-23,FO,NSE,IDO,55993,,NIFTY,,2025-07-03,2025-07-03,23050.00,CE,NIFTY2570323050CE,1959.45,1959.45,1959.45,1959.45,1959.45,2066.60,24971.90,1959.45,225,75,1,1875708.75,1,F1,75,,,,,
2025-06-23,2025-06-23,FO,NSE,IDO,56101,,NIFTY,,2025-07-03,2025-07-03,23350.00,CE,NIFTY2570323350CE,1677.70,1677.70,1677.70,1677.70,1677.70,1762.95,24971.90,1677.70,225,75,1,1877077.50,1,F1,75,,,,,
2025-06-23,2025-06-23,FO,NSE,IDO,56195,,NIFTY,,2025-07-03,2025-07-03,23550.00,CE,NIFTY2570323550CE,1480.90,1480.90,1480.90,1480.90,1480.90,1570.45,24971.90,1464.35,150,75,1,1877317.50,1,F1,75,,,,,
2025-06-23,2025-06-23,FO,NSE,IDO,56241,,NIFTY,,2025-07-03,2025-07-03,23750.00,CE,NIFTY2570323750CE,1295.05,1295.05,1295.05,1295.05,1295.05,1364.40,24971.90,1295.05,225,75,1,1878378.75,1,F1,75,,,,,
2025-06-23,2025-06-23,FO,NSE,IDO,56480,,NIFTY,,2025-07-03,2025-07-03,24450.00,CE,NIFTY2570324450CE,571.00,699.00,507.15,630.90,619.55,736.35,24971.90,630.90,4350,600,256,480378521.25,190,F1,75,,,,,
2025-06-23,2025-06-23,FO,NSE,IDO,56739,,NIFTY,,2025-07-03,2025-07-03,25200.00,CE,NIFTY2570325200CE,149.90,187.40,88.40,138.20,134.10,200.40,24971.90,138.20,699675,137550,65996,125380593787.50,40070,F1,75,,,,,
2025-06-23,2025-06-23,FO,NSE,IDO,57269,,NIFTY,,2025-07-03,2025-07-03,25950.00,CE,NIFTY2570325950CE,16.80,17.20,7.90,8.80,8.90,17.20,24971.90,8.80,67425,26625,4431,8627087340.00,2884,F1,75,,,,,
2025-06-23,2025-06-23,FO,NSE,IDO,58685,,NIFTY,,2025-07-03,2025-07-03,26200.00,CE,NIFTY2570326200CE,6.35,6.35,3.30,3.50,3.45,6.15,24971.90,3.50,507300,183600,18331,36025648987.50,8301,F1,75,,,,,
2025-06-23,2025-06-23,FO,NSE,IDO,58719,,NIFTY,,2025-07-03,2025-07-03,26650.00,CE,NIFTY2570326650CE,1.95,2.45,1.90,2.10,2.00,2.05,24971.90,2.10,55050,-16950,1944,3885881756.25,759,F1,75,,,,,
2025-06-23,2025-06-23,FO,NSE,IDO,58733,,NIFTY,,2025-07-03,2025-07-03,26850.00,CE,NIFTY2570326850CE,2.40,2.65,1.90,2.20,2.00,2.00,24971.90,2.20,28125,7650,942,1897103418.75,444,F1,75,,,,,
2025-06-23,2025-06-23,FO,NSE,IDO,39880,,NIFTY,,2025-07-10,2025-07-10,23250.00,CE,NIFTY2571023250CE,1797.85,1797.85,1797.85,1797.85,1797.85,1903.10,24971.90,1797.85,150,75,1,1878588.75,1,F1,75,,,,,
2025-06-23,2025-06-23,FO,NSE,IDO,39944,,NIFTY,,2025-07-10,2025-07-10,24150.00,CE,NIFTY2571024150CE,959.80,959.80,959.80,959.80,959.80,1036.40,24971.90,959.80,150,75,1,1883235.00,1,F1,75,,,,,
2025-06-23,2025-06-23,FO,NSE,IDO,39953,,NIFTY,,2025-07-10,2025-07-10,24300.00,CE,NIFTY2571024300CE,763.70,820.00,709.00,820.00,820.00,914.40,24971.90,820.00,2700,300,35,65784172.50,13,F1,75,,,,,
2025-06-23,2025-06-23,FO,NSE,IDO,39968,,NIFTY,,2025-07-10,2025-07-10,24450.00,CE,NIFTY2571024450CE,702.95,705.95,702.95,705.95,705.95,791.60,24971.90,731.00,525,-75,5,9432840.00,5,F1,75,,,,,
2025-06-23,2025-06-23,FO,NSE,IDO,40038,,NIFTY,,2025-07-10,2025-07-10,25300.00,CE,NIFTY2571025300CE,166.10,214.15,127.85,166.30,167.70,225.40,24971.90,166.30,67950,15525,2861,5463484207.50,1905,F1,75,,,,,
2025-06-23,2025-06-23,FO,NSE,IDO,47134,,NIFTY,,2025-07-17,2025-07-17,23200.00,CE,NIFTY2571723200CE,0.00,0.00,0.00,1867.60,0.00,1867.60,24971.90,1878.60,0,0,0,0.00,0,F1,75,,,,,
2025-06-23,2025-06-23,FO,NSE,IDO,47211,,NIFTY,,2025-07-17,2025-07-17,24050.00,CE,NIFTY2571724050CE,0.00,0.00,0.00,1146.90,0.00,1146.90,24971.90,1113.30,0,0,0,0.00,0,F1,75,,,,,
2025-06-23,2025-06-23,FO,NSE,IDO,47263,,NIFTY,,2025-07-17,2025-07-17,24750.00,CE,NIFTY2571724750CE,494.25,494.25,494.25,494.25,494.25,565.45,24971.90,609.35,825,0,1,1893318.75,1,F1,75,,,,,
2025-06-23,2025-06-23,FO,NSE,IDO,47275,,NIFTY,,2025-07-17,2025-07-17,25000.00,CE,NIFTY2571725000CE,370.00,432.65,302.85,373.60,364.95,453.75,24971.90,373.60,39000,9975,876,1666160797.50,655,F1,75,,,,,
2025-06-23,2025-06-23,FO,NSE,IDO,47293,,NIFTY,,2025-07-17,2025-07-17,25300.00,CE,NIFTY2571725300CE,207.10,263.60,179.75,224.30,221.00,287.85,24971.90,224.30,8100,675,230,440169108.75,161,F1,75,,,,,
2025-06-23,2025-06-23,FO,NSE,IDO,47299,,NIFTY,,2025-07-17,2025-07-17,25450.00,CE,NIFTY2571725450CE,153.10,198.00,132.95,172.00,163.35,215.70,24971.90,172.00,1425,-75,54,103741938.75,48,F1,75,,,,,
2025-06-23,2025-06-23,FO,NSE,IDO,47333,,NIFTY,,2025-07-17,2025-07-17,25850.00,CE,NIFTY2571725850CE,0.00,0.00,0.00,224.10,0.00,224.10,24971.90,157.15,0,0,0,0.00,0,F1,75,,,,,
2025-06-23,2025-06-23,FO,NSE,IDO,47355,,NIFTY,,2025-07-17,2025-07-17,26050.00,CE,NIFTY2571726050CE,0.00,0.00,0.00,176.50,0.00,176.50,24971.90,115.70,0,0,0,0.00,0,F1,75,,,,,
2025-06-23,2025-06-23,FO,NSE,IDO,47366,,NIFTY,,2025-07-17,2025-07-17,26300.00,CE,NIFTY2571726300CE,0.00,0.00,0.00,128.50,0.00,128.50,24971.90,76.75,0,0,0,0.00,0,F1,75,,,,,
2025-06-23,2025-06-23,FO,NSE,IDO,47374,,NIFTY,,2025-07-17,2025-07-17,26500.00,CE,NIFTY2571726500CE,0.00,0.00,0.00,98.25,0.00,98.25,24971.90,54.05,0,0,0,0.00,0,F1,75,,,,,
2025-06-23,2025-06-23,FO,NSE,IDO,47382,,NIFTY,,2025-07-17,2025-07-17,26700.00,CE,NIFTY2571726700CE,0.00,0.00,0.00,74.20,0.00,74.20,24971.90,37.35,0,0,0,0.00,0,F1,75,,,,,
2025-06-23,2025-06-23,FO,NSE,IDO,47392,,NIFTY,,2025-07-17,2025-07-17,26850.00,CE,NIFTY2571726850CE,0.00,0.00,0.00,59.55,0.00,59.55,24971.90,27.90,0,0,0,0.00,0,F1,75,,,,,
2025-06-23,2025-06-23,FO,NSE,IDO,49365,,NIFTY,,2025-07-24,2025-07-24,23100.00,CE,NIFTY2572423100CE,0.00,0.00,0.00,1869.55,0.00,1869.55,24971.90,2015.00,0,0,0,0.00,0,F1,75,,,,,
2025-06-23,2025-06-23,FO,NSE,IDO,49369,,NIFTY,,2025-07-24,2025-07-24,23200.00,CE,NIFTY2572423200CE,0.00,0.00,0.00,1778.30,0.00,1778.30,24971.90,1920.90,0,0,0,0.00,0,F1,75,,,,,
2025-06-23,2025-06-23,FO,NSE,IDO,49425,,NIFTY,,2025-07-24,2025-07-24,24050.00,CE,NIFTY2572424050CE,0.00,0.00,0.00,1070.15,0.00,1070.15,24971.90,1176.80,0,0,0,0.00,0,F1,75,,,,,
2025-06-23,2025-06-23,FO,NSE,IDO,49431,,NIFTY,,2025-07-24,2025-07-24,24150.00,CE,NIFTY2572424150CE,0.00,0.00,0.00,996.90,0.00,996.90,24971.90,1098.45,0,0,0,0.00,0,F1,75,,,,,
2025-06-23,2025-06-23,FO,NSE,IDO,49463,,NIFTY,,2025-07-24,2025-07-24,24500.00,CE,NIFTY2572424500CE,700.00,800.00,676.35,800.00,800.00,845.00,24971.90,844.55,600,375,13,24575606.25,12,F1,75,,,,,
2025-06-23,2025-06-23,FO,NSE,IDO,49631,,NIFTY,,2025-07-24,2025-07-24,26650.00,CE,NIFTY2572426650CE,37.10,37.10,20.00,20.00,20.00,66.50,24971.90,70.50,300,300,5,10002532.50,5,F1,75,,,,,
2025-06-23,2025-06-23,FO,NSE,IDO,49633,,NIFTY,,2025-07-24,2025-07-24,26700.00,CE,NIFTY2572426700CE,0.00,0.00,0.00,61.75,0.00,61.75,24971.90,65.25,0,0,0,0.00,0,F1,75,,,,,
2025-06-23,2025-06-23,FO,NSE,IDO,55671,,NIFTY,,2025-07-31,2025-07-31,22250.00,CE,NIFTY25JUL22250CE,2710.00,2903.45,2710.00,2836.10,2836.10,2932.00,24971.90,2836.10,25725,10575,153,287783145.00,70,F1,75,,,,,
2025-06-23,2025-06-23,FO,NSE,IDO,55705,,NIFTY,,2025-07-31,2025-07-31,23050.00,CE,NIFTY25JUL23050CE,2087.35,2087.35,2087.35,2087.35,2087.35,2173.30,24971.90,2087.35,1200,75,1,1885301.25,1,F1,75,,,,,
2025-06-23,2025-06-23,FO,NSE,IDO,55731,,NIFTY,,2025-07-31,2025-07-31,23400.00,CE,NIFTY25JUL23400CE,1673.45,1691.00,1671.00,1691.00,1691.00,1829.50,24971.90,1781.05,1800,150,4,7522983.75,3,F1,75,,,,,
2025-06-23,2025-06-23,FO,NSE,IDO,55751,,NIFTY,,2025-07-31,2025-07-31,23850.00,CE,NIFTY25JUL23850CE,1250.00,1310.35,1214.60,1310.35,1310.35,1447.20,24971.90,1395.10,825,-750,46,86643333.75,17,F1,75,,,,,
2025-06-23,2025-06-23,FO,NSE,IDO,55755,,NIFTY,,2025-07-31,2025-07-31,23950.00,CE,NIFTY25JUL23950CE,1277.90,1277.90,1275.75,1275.75,1275.75,1351.30,24971.90,1314.30,675,150,2,3784023.75,2,F1,75,,,,,
2025-06-23,2025-06-23,FO,NSE,IDO,55765,,NIFTY,,2025-07-31,2025-07-31,24200.00,CE,NIFTY25JUL24200CE,1025.80,1102.00,920.00,1046.65,1039.50,1134.45,24971.90,1046.65,30225,1050,157,296513351.25,119,F1,75,,,,,
2025-06-23,2025-06-23,FO,NSE,IDO,55777,,NIFTY,,2025-07-31,2025-07-31,24450.00,CE,NIFTY25JUL24450CE,849.05,907.55,751.75,860.20,860.15,944.75,24971.90,860.20,12000,1875,122,231145830.00,83,F1,75,,,,,
2025-06-23,2025-06-23,FO,NSE,IDO,55803,,NIFTY,,2025-07-31,2025-07-31,25100.00,CE,NIFTY25JUL25100CE,433.35,482.65,353.80,427.40,423.70,490.85,24971.90,427.40,321450,90975,9765,18679348721.25,6128,F1,75,,,,,
2025-06-23,2025-06-23,FO,NSE,IDO,55815,,NIFTY,,2025-07-31,2025-07-31,25350.00,CE,NIFTY25JUL25350CE,310.00,337.80,249.95,301.30,297.55,355.10,24971.90,301.30,20850,-1050,543,1043900325.00,349,F1,75,,,,,
2025-06-23,2025-06-23,FO,NSE,IDO,55879,,NIFTY,,2025-07-31,2025-07-31,26700.00,CE,NIFTY25JUL26700CE,21.65,26.05,17.80,20.45,20.30,27.10,24971.90,20.45,242850,-12900,3736,7486907137.50,1895,F1,75,,,,,
2025-06-23,2025-06-23,FO,NSE,IDO,71845,,NIFTY,,2025-08-28,2025-08-28,23100.00,CE,NIFTY25AUG23100CE,2167.65,2167.65,2167.65,2167.65,2167.65,2275.60,24971.90,2167.65,75,75,1,1895073.75,1,F1,75,,,,,
2025-06-23,2025-06-23,FO,NSE,IDO,71926,,NIFTY,,2025-08-28,2025-08-28,23850.00,CE,NIFTY25AUG23850CE,1518.30,1518.30,1518.30,1518.30,1518.30,1594.60,24971.90,1518.30,225,75,1,1902622.50,1,F1,75,,,,,
2025-06-23,2025-06-23,FO,NSE,IDO,71976,,NIFTY,,2025-08-28,2025-08-28,25050.00,CE,NIFTY25AUG25050CE,689.00,711.90,590.00,649.20,646.80,719.55,24971.90,649.20,5250,975,96,185009876.25,64,F1,75,,,,,
2025-06-23,2025-06-23,FO,NSE,IDO,72092,,NIFTY,,2025-08-28,2025-08-28,25600.00,CE,NIFTY25AUG25600CE,374.50,411.50,333.05,371.25,369.25,422.30,24971.90,371.25,6225,1200,133,259012282.50,93,F1,75,,,,,
2025-06-23,2025-06-23,FO,NSE,IDO,72104,,NIFTY,,2025-08-28,2025-08-28,25900.00,CE,NIFTY25AUG25900CE,261.50,293.80,231.90,263.50,260.55,303.35,24971.90,263.50,13725,5550,282,553170690.00,186,F1,75,,,,,
2025-06-23,2025-06-23,FO,NSE,IDO,72108,,NIFTY,,2025-08-28,2025-08-28,26000.00,CE,NIFTY25AUG26000CE,242.40,263.65,200.60,231.70,228.00,269.55,24971.90,231.70,363075,26475,3709,7295072208.75,1965,F1,75,,,,,
2025-06-23,2025-06-23,FO,NSE,IDO,72110,,NIFTY,,2025-08-28,2025-08-28,26050.00,CE,NIFTY25AUG26050CE,0.00,0.00,0.00,533.45,0.00,533.45,24971.90,402.65,0,0,0,0.00,0,F1,75,,,,,
2025-06-23,2025-06-23,FO,NSE,IDO,72332,,NIFTY,,2025-08-28,2025-08-28,26900.00,CE,NIFTY25AUG26900CE,0.00,0.00,0.00,301.05,0.00,301.05,24971.90,195.75,0,0,0,0.00,0,F1,75,,,,,
2025-06-23,2025-06-23,FO,NSE,IDO,64704,,NIFTY,,2025-09-25,2025-09-25,30000.00,CE,NIFTY25SEP30000CE,13.20,13.35,11.00,11.95,12.00,12.70,24971.90,11.95,92625,2325,402,904851341.25,150,F1,75,,,,,
2025-06-23,2025-06-23,FO,NSE,IDO,50971,,NIFTY,,2025-12-24,2025-12-24,27000.00,CE,NIFTY25DEC27000CE,427.60,464.20,401.80,435.45,431.90,465.70,24971.90,435.45,1532475,-4575,2471,5081910093.75,1697,F1,75,,,,,
2025-06-23,2025-06-23,FO,NSE,IDO,62918,,NIFTY,,2026-03-26,2026-03-26,21000.00,CE,NIFTY26MAR21000CE,0.00,0.00,0.00,4255.80,0.00,4255.80,24971.90,5024.70,0,0,0,0.00,0,F1,75,,,,,
2025-06-23,2025-06-23,FO,NSE,IDO,50556,,NIFTY,,2026-06-25,2026-06-25,18000.00,CE,NIFTY26JUN18000CE,0.00,0.00,0.00,7400.00,7400.00,7400.00,24971.90,8063.05,100,0,0,0.00,0,F1,75,,,,,
2025-06-23,2025-06-23,FO,NSE,IDO,38154,,NIFTY,,2026-06-25,2026-06-25,29000.00,CE,NIFTY26JUN29000CE,0.00,0.00,0.00,864.20,0.00,864.20,24971.90,856.70,0,0,0,0.00,0,F1,75,,,,,
2025-06-23,2025-06-23,FO,NSE,IDO,71556,,NIFTY,,2027-06-24,2027-06-24,22000.00,CE,NIFTY27JUN22000CE,0.00,0.00,0.00,2783.50,0.00,2783.50,24971.90,5926.85,0,0,0,0.00,0,F1,75,,,,,
2025-06-23,2025-06-23,FO,NSE,IDO,50549,,NIFTY,,2027-06-24,2027-06-24,28000.00,CE,NIFTY27JUN28000CE,0.00,0.00,0.00,2186.30,0.00,2186.30,24971.90,2486.75,0,0,0,0.00,0,F1,75,,,,,
2025-06-23,2025-06-23,FO,NSE,IDO,53624,,NIFTY,,2027-12-30,2027-12-30,24000.00,CE,NIFTY27DEC24000CE,0.00,0.00,0.00,3778.95,0.00,3778.95,24971.90,5253.20,0,0,0,0.00,0,F1,75,,,,,
2025-06-23,2025-06-23,FO,NSE,IDO,86141,,NIFTY,,2028-06-29,2028-06-29,19000.00,CE,NIFTY28JUN19000CE,0.00,0.00,0.00,6252.25,0.00,6252.25,24971.90,9338.15,0,0,0,0.00,0,F1,75,,,,,
2025-06-23,2025-06-23,FO,NSE,IDO,86149,,NIFTY,,2028-06-29,2028-06-29,23000.00,CE,NIFTY28JUN23000CE,0.00,0.00,0.00,4323.10,0.00,4323.10,24971.90,6500.75,0,0,0,0.00,0,F1,75,,,,,
2025-06-23,2025-06-23,FO,NSE,IDO,86153,,NIFTY,,2028-06-29,2028-06-29,25000.00,CE,NIFTY28JUN25000CE,0.00,0.00,0.00,3545.15,0.00,3545.15,24971.90,5287.35,0,0,0,0.00,0,F1,75,,,,,
2025-06-23,2025-06-23,FO,NSE,IDO,89630,,NIFTY,,2029-06-28,2029-06-28,24000.00,CE,NIFTY29JUN24000CE,0.00,0.00,0.00,8085.35,0.00,8085.35,24971.90,7035.40,0,0,0,0.00,0,F1,75,,,,,
2025-06-23,2025-06-23,FO,NSE,IDO,89638,,NIFTY,,2029-06-28,2029-06-28,28000.00,CE,NIFTY29JUN28000CE,0.00,0.00,0.00,6112.60,0.00,6112.60,24971.90,4945.50,0,0,0,0.00,0,F1,75,,,,,
2025-06-23,2025-06-23,FO,NSE,IDO,89640,,NIFTY,,2029-06-28,2029-06-28,29000.00,CE,NIFTY29JUN29000CE,0.00,0.00,0.00,5677.90,0.00,5677.90,24971.90,4503.30,0,0,0,0.00,0,F1,75,,,,,
2025-06-23,2025-06-23,FO,NSE,IDO,61914,,NIFTY,,2029-12-27,2029-12-27,29000.00,CE,NIFTY29DEC29000CE,0.00,0.00,0.00,5305.80,0.00,5305.80,24971.90,5065.00,0,0,0,0.00,0,F1,75,,,,,
2025-06-23,2025-06-23,FO,NSE,IDO,62066,,NIFTY,,2025-06-26,2025-06-26,20500.00,PE,NIFTY25JUN20500PE,0.85,1.00,0.60,0.85,0.85,0.85,24971.90,0.85,1610250,-172650,44047,67724745071.25,6642,F1,75,,,,,
2025-06-23,2025-06-23,FO,NSE,IDO,62076,,NIFTY,,2025-06-26,2025-06-26,20700.00,PE,NIFTY25JUN20700PE,0.90,1.20,0.65,0.95,0.90,0.90,24971.90,0.95,100875,22275,18905,29351308901.25,3197,F1,75,,,,,
2025-06-23,2025-06-23,FO,NSE,IDO,62098,,NIFTY,,2025-06-26,2025-06-26,20900.00,PE,NIFTY25JUN20900PE,1.00,1.90,0.70,1.15,1.60,1.00,24971.90,1.15,89400,-6750,17606,27598726256.25,2973,F1,75,,,,,
2025-06-23,2025-06-23,FO,NSE,IDO,62140,,NIFTY,,2025-06-26,2025-06-26,21400.00,PE,NIFTY25JUN21400PE,1.25,1.80,0.85,1.55,1.80,1.25,24971.90,1.55,127275,28950,20573,33021510975.00,4350,F1,75,,,,,
2025-06-23,2025-06-23,FO,NSE,IDO,62360,,NIFTY,,2025-06-26,2025-06-26,24200.00,PE,NIFTY25JUN24200PE,25.10,25.20,11.50,13.25,11.95,19.90,24971.90,13.25,3355425,-435675,506902,920638261177.50,158302,F1,75,,,,,
2025-06-23,2025-06-23,FO,NSE,IDO,62394,,NIFTY,,2025-06-26,2025-06-26,24850.00,PE,NIFTY25JUN24850PE,110.00,165.30,66.10,82.40,80.65,75.90,24971.90,82.40,2651775,-164775,1304883,2443258928973.75,743728,F1,75,,,,,
2025-06-23,2025-06-23,FO,NSE,IDO,62410,,NIFTY,,2025-06-26,2025-06-26,25250.00,PE,NIFTY25JUN25250PE,287.00,446.25,229.35,290.15,292.85,227.45,24971.90,290.15,159150,-60150,26399,50620504170.00,17975,F1,75,,,,,
2025-06-23,2025-06-23,FO,NSE,IDO,62416,,NIFTY,,2025-06-26,2025-06-26,25350.00,PE,NIFTY25JUN25350PE,380.70,536.10,300.30,376.45,377.10,293.80,24971.90,376.45,86625,-10500,7778,15026925633.75,5099,F1,75,,,,,
2025-06-23,2025-06-23,FO,NSE,IDO,62430,,NIFTY,,2025-06-26,2025-06-26,25700.00,PE,NIFTY25JUN25700PE,700.00,871.00,616.65,708.40,716.15,598.35,24971.90,708.40,33675,-1650,756,1499838461.25,377,F1,75,,,,,
2025-06-23,2025-06-23,FO,NSE,IDO,62442,,NIFTY,,2025-06-26,2025-06-26,25900.00,PE,NIFTY25JUN25900PE,900.00,1061.40,836.15,915.30,916.00,796.50,24971.90,915.30,31650,0,284,572587503.75,168,F1,75,,,,,
2025-06-23,2025-06-23,FO,NSE,IDO,71384,,NIFTY,,2025-06-26,2025-06-26,26000.00,PE,NIFTY25JUN26000PE,1000.00,1178.10,908.85,1013.35,1014.40,894.75,24971.90,1013.35,1049300,-79475,4773,9683728631.25,2418,F1,75,,,,,
2025-06-23,2025-06-23,FO,NSE,IDO,62458,,NIFTY,,2025-06-26,2025-06-26,26100.00,PE,NIFTY25JUN26100PE,1064.55,1260.30,1053.10,1095.95,1095.95,994.50,24971.90,1115.60,6450,-825,47,96073687.50,40,F1,75,,,,,
2025-06-23,2025-06-23,FO,NSE,IDO,62464,,NIFTY,,2025-06-26,2025-06-26,26250.00,PE,NIFTY25JUN26250PE,1262.15,1410.15,1262.15,1410.15,1410.15,1262.15,24971.90,1265.30,2100,75,9,18645446.25,8,F1,75,,,,,
2025-06-23,2025-06-23,FO,NSE,IDO,55982,,NIFTY,,2025-07-03,2025-07-03,22850.00,PE,NIFTY2570322850PE,8.00,9.40,5.10,6.45,6.20,7.95,24971.90,6.45,29700,5025,1033,1770830955.00,625,F1,75,,,,,
2025-06-23,2025-06-23,FO,NSE,IDO,56224,,NIFTY,,2025-07-03,2025-07-03,23600.00,PE,NIFTY2570323600PE,25.05,25.05,15.05,17.35,16.60,20.40,24971.90,17.35,147675,-34575,14733,26099625915.00,9043,F1,75,,,,,
2025-06-23,2025-06-23,FO,NSE,IDO,56242,,NIFTY,,2025-07-03,2025-07-03,23750.00,PE,NIFTY2570323750PE,27.00,31.65,18.80,22.25,20.05,24.70,24971.90,22.25,39975,23325,2153,3838943580.00,1186,F1,75,,,,,
2025-06-23,2025-06-23,FO,NSE,IDO,56451,,NIFTY,,2025-07-03,2025-07-03,24200.00,PE,NIFTY2570324200PE,77.10,77.10,40.95,47.65,46.00,46.90,24971.90,47.65,389925,135075,20593,37461251486.25,12373,F1,75,,,,,
2025-06-23,2025-06-23,FO,NSE,IDO,56495,,NIFTY,,2025-07-03,2025-07-03,24450.00,PE,NIFTY2570324450PE,80.55,117.60,66.00,77.00,75.10,71.25,24971.90,77.00,133050,67350,15037,27677349255.00,8629,F1,75,,,,,
2025-06-23,2025-06-23,FO,NSE,IDO,56738,,NIFTY,,2025-07-03,2025-07-03,25150.00,PE,NIFTY2570325150PE,308.30,421.90,262.90,307.70,309.20,258.05,24971.90,307.70,39525,-2550,3580,6841832977.50,2327,F1,75,,,,,
2025-06-23,2025-06-23,FO,NSE,IDO,57019,,NIFTY,,2025-07-03,2025-07-03,25750.00,PE,NIFTY2570325750PE,811.00,863.00,729.70,754.15,754.15,678.95,24971.90,791.90,975,375,20,39857295.00,17,F1,75,,,,,
2025-06-23,2025-06-23,FO,NSE,IDO,39843,,NIFTY,,2025-07-10,2025-07-10,23050.00,PE,NIFTY2571023050PE,15.30,17.00,14.70,17.00,17.00,41.25,24971.90,17.00,2325,2325,38,65735737.50,12,F1,75,,,,,
2025-06-23,2025-06-23,FO,NSE,IDO,39945,,NIFTY,,2025-07-10,2025-07-10,24150.00,PE,NIFTY2571024150PE,76.55,103.20,66.35,74.60,75.00,68.35,24971.90,74.60,7275,1950,375,681498727.50,258,F1,75,,,,,
2025-06-23,2025-06-23,FO,NSE,IDO,39971,,NIFTY,,2025-07-10,2025-07-10,24500.00,PE,NIFTY2571024500PE,152.00,180.00,114.30,129.25,128.45,117.40,24971.90,129.25,205200,19575,5326,9843943380.00,3406,F1,75,,,,,
2025-06-23,2025-06-23,FO,NSE,IDO,39984,,NIFTY,,2025-07-10,2025-07-10,24600.00,PE,NIFTY2571024600PE,155.45,209.70,134.15,152.25,152.80,138.15,24971.90,152.25,46800,-3150,1466,2723701837.50,1033,F1,75,,,,,
2025-06-23,2025-06-23,FO,NSE,IDO,40007,,NIFTY,,2025-07-10,2025-07-10,24850.00,PE,NIFTY2571024850PE,225.20,306.00,201.75,227.60,228.00,202.80,24971.90,227.60,21375,5025,1050,1977281426.25,621,F1,75,,,,,
2025-06-23,2025-06-23,FO,NSE,IDO,40019,,NIFTY,,2025-07-10,2025-07-10,25000.00,PE,NIFTY2571025000PE,282.45,381.45,254.00,287.15,288.00,254.00,24971.90,287.15,259200,41100,9362,17774654508.75,5949,F1,75,,,,,
2025-06-23,2025-06-23,FO,NSE,IDO,40048,,NIFTY,,2025-07-10,2025-07-10,25450.00,PE,NIFTY2571025450PE,582.20,582.20,513.75,528.40,528.40,474.05,24971.90,607.20,525,300,17,33142020.00,15,F1,75,,,,,
2025-06-23,2025-06-23,FO,NSE,IDO,40057,,NIFTY,,2025-07-10,2025-07-10,25550.00,PE,NIFTY2571025550PE,673.50,719.50,590.00,615.05,615.05,540.15,24971.90,615.05,375,-900,19,37370332.50,16,F1,75,,,,,
2025-06-23,2025-06-23,FO,NSE,IDO,47131,,NIFTY,,2025-07-17,2025-07-17,23100.00,PE,NIFTY2571723100PE,23.75,33.40,23.40,33.40,33.40,25.00,24971.90,12.30,375,75,5,8672692.50,5,F1,75,,,,,
2025-06-23,2025-06-23,FO,NSE,IDO,47143,,NIFTY,,2025-07-17,2025-07-17,23300.00,PE,NIFTY2571723300PE,42.10,42.10,32.10,32.15,32.15,40.10,24971.90,20.20,2250,0,22,38499795.00,7,F1,75,,,,,
2025-06-23,2025-06-23,FO,NSE,IDO,47146,,NIFTY,,2025-07-17,2025-07-17,23350.00,PE,NIFTY2571723350PE,0.00,0.00,0.00,85.00,85.00,85.00,24971.90,22.75,2175,0,0,0.00,0,F1,75,,,,,
2025-06-23,2025-06-23,FO,NSE,IDO,47156,,NIFTY,,2025-07-17,2025-07-17,23500.00,PE,NIFTY2571723500PE,40.55,55.00,37.05,41.25,40.20,40.15,24971.90,41.25,18075,8550,369,651533077.50,261,F1,75,,,,,
2025-06-23,2025-06-23,FO,NSE,IDO,47238,,NIFTY,,2025-07-17,2025-07-17,24400.00,PE,NIFTY2571724400PE,143.40,184.80,127.80,143.60,143.60,128.65,24971.90,143.60,4575,1050,92,169418696.25,76,F1,75,,,,,
2025-06-23,2025-06-23,FO,NSE,IDO,47279,,NIFTY,,2025-07-17,2025-07-17,25050.00,PE,NIFTY2571725050PE,352.90,425.00,312.35,342.20,346.40,307.85,24971.90,342.20,6300,2400,129,245779215.00,82,F1,75,,,,,
2025-06-23,2025-06-23,FO,NSE,IDO,47332,,NIFTY,,2025-07-17,2025-07-17,25800.00,PE,NIFTY2571725800PE,0.00,0.00,0.00,997.65,0.00,997.65,24971.90,897.10,0,0,0,0.00,0,F1,75,,,,,
2025-06-23,2025-06-23,FO,NSE,IDO,47379,,NIFTY,,2025-07-17,2025-07-17,26600.00,PE,NIFTY2571726600PE,0.00,0.00,0.00,1640.90,0.00,1640.90,24971.90,1568.95,0,0,0,0.00,0,F1,75,,,,,
2025-06-23,2025-06-23,FO,NSE,IDO,49392,,NIFTY,,2025-07-24,2025-07-24,23450.00,PE,NIFTY2572423450PE,0.00,0.00,0.00,75.10,0.00,75.10,24971.90,46.50,0,0,0,0.00,0,F1,75,,,,,
2025-06-23,2025-06-23,FO,NSE,IDO,49468,,NIFTY,,2025-07-24,2025-07-24,24550.00,PE,NIFTY2572424550PE,225.00,242.15,196.50,202.80,202.80,187.10,24971.90,261.50,1275,-675,13,24142638.75,13,F1,75,,,,,
2025-06-23,2025-06-23,FO,NSE,IDO,49486,,NIFTY,,2025-07-24,2025-07-24,24950.00,PE,NIFTY2572424950PE,353.85,420.40,310.80,337.90,335.65,303.70,24971.90,337.90,450,300,33,62636130.00,32,F1,75,,,,,
2025-06-23,2025-06-23,FO,NSE,IDO,49491,,NIFTY,,2025-07-24,2025-07-24,25050.00,PE,NIFTY2572425050PE,377.30,470.00,347.95,374.65,374.65,342.95,24971.90,374.65,525,-150,24,45776340.00,23,F1,75,,,,,
2025-06-23,2025-06-23,FO,NSE,IDO,49580,,NIFTY,,2025-07-24,2025-07-24,25900.00,PE,NIFTY2572425900PE,0.00,0.00,0.00,1138.10,0.00,1138.10,24971.90,994.50,0,0,0,0.00,0,F1,75,,,,,
2025-06-23,2025-06-23,FO,NSE,IDO,49602,,NIFTY,,2025-07-24,2025-07-24,26150.00,PE,NIFTY2572426150PE,0.00,0.00,0.00,1336.60,0.00,1336.60,24971.90,1187.25,0,0,0,0.00,0,F1,75,,,,,
2025-06-23,2025-06-23,FO,NSE,IDO,49604,,NIFTY,,2025-07-24,2025-07-24,26200.00,PE,NIFTY2572426200PE,0.00,0.00,0.00,1377.75,0.00,1377.75,24971.90,1227.45,0,0,0,0.00,0,F1,75,,,,,
2025-06-23,2025-06-23,FO,NSE,IDO,49630,,NIFTY,,2025-07-24,2025-07-24,26600.00,PE,NIFTY2572426600PE,0.00,0.00,0.00,1721.90,0.00,1721.90,24971.90,1565.85,0,0,0,0.00,0,F1,75,,,,,
2025-06-23,2025-06-23,FO,NSE,IDO,55686,,NIFTY,,2025-07-31,2025-07-31,22600.00,PE,NIFTY25JUL22600PE,29.50,33.40,24.30,26.35,26.40,28.10,24971.90,26.35,122175,36825,1255,2129889071.25,461,F1,75,,,,,
2025-06-23,2025-06-23,FO,NSE,IDO,55700,,NIFTY,,2025-07-31,2025-07-31,22900.00,PE,NIFTY25JUL22900PE,38.85,45.95,33.80,36.30,35.95,37.00,24971.90,36.30,172950,3375,608,1045988632.50,369,F1,75,,,,,
2025-06-23,2025-06-23,FO,NSE,IDO,55748,,NIFTY,,2025-07-31,2025-07-31,23750.00,PE,NIFTY25JUL23750PE,97.65,116.40,89.00,94.15,93.65,87.50,24971.90,94.15,30825,8550,284,508077030.00,147,F1,75,,,,,
2025-06-23,2025-06-23,FO,NSE,IDO,55760,,NIFTY,,2025-07-31,2025-07-31,24050.00,PE,NIFTY25JUL24050PE,134.95,162.25,121.75,131.95,132.10,122.00,24971.90,131.95,22725,3750,350,635105561.25,212,F1,75,,,,,
2025-06-23,2025-06-23,FO,NSE,IDO,55772,,NIFTY,,2025-07-31,2025-07-31,24300.00,PE,NIFTY25JUL24300PE,177.85,220.50,160.00,176.10,175.70,160.75,24971.90,176.10,219750,-5850,3810,6998087501.25,2409,F1,75,,,,,
2025-06-23,2025-06-23,FO,NSE,IDO,55788,,NIFTY,,2025-07-31,2025-07-31,24700.00,PE,NIFTY25JUL24700PE,275.00,344.00,250.55,277.40,276.60,248.90,24971.90,277.40,479100,18750,7758,14543885313.75,5564,F1,75,,,,,
2025-06-23,2025-06-23,FO,NSE,IDO,55808,,NIFTY,,2025-07-31,2025-07-31,25200.00,PE,NIFTY25JUL25200PE,449.95,574.95,431.30,470.50,469.95,430.15,24971.90,470.50,311325,75075,8530,16443260816.25,5047,F1,75,,,,,
2025-06-23,2025-06-23,FO,NSE,IDO,55868,,NIFTY,,2025-07-31,2025-07-31,26450.00,PE,NIFTY25JUL26450PE,1357.85,1358.40,1357.85,1358.15,1358.40,1283.25,24971.90,1358.15,1275,150,2,4171218.75,2,F1,75,,,,,
2025-06-23,2025-06-23,FO,NSE,IDO,71834,,NIFTY,,2025-08-28,2025-08-28,22800.00,PE,NIFTY25AUG22800PE,69.30,79.30,64.00,67.45,67.00,66.00,24971.90,67.45,65775,4875,232,397961460.00,111,F1,75,,,,,
2025-06-23,2025-06-23,FO,NSE,IDO,71846,,NIFTY,,2025-08-28,2025-08-28,23100.00,PE,NIFTY25AUG23100PE,97.00,103.40,85.35,87.75,85.95,85.40,24971.90,87.75,46275,-300,55,95663595.00,19,F1,75,,,,,
2025-06-23,2025-06-23,FO,NSE,IDO,71855,,NIFTY,,2025-08-28,2025-08-28,23300.00,PE,NIFTY25AUG23300PE,105.95,125.00,95.65,98.10,95.65,97.00,24971.90,98.10,133875,15900,354,621498123.75,144,F1,75,,,,,
2025-06-23,2025-06-23,FO,NSE,IDO,71943,,NIFTY,,2025-08-28,2025-08-28,24200.00,PE,NIFTY25AUG24200PE,250.00,279.15,227.85,237.15,236.95,225.60,24971.90,237.15,30675,-1425,212,388858188.75,88,F1,75,,,,,
2025-06-23,2025-06-23,FO,NSE,IDO,71963,,NIFTY,,2025-08-28,2025-08-28,24700.00,PE,NIFTY25AUG24700PE,368.70,435.10,346.95,369.70,367.85,346.70,24971.90,369.70,26325,1500,325,611693523.75,230,F1,75,,,,,
2025-06-23,2025-06-23,FO,NSE,IDO,72095,,NIFTY,,2025-08-28,2025-08-28,25650.00,PE,NIFTY25AUG25650PE,773.05,773.05,773.05,773.05,773.05,721.75,24971.90,773.05,300,75,1,1981728.75,1,F1,75,,,,,
2025-06-23,2025-06-23,FO,NSE,IDO,72101,,NIFTY,,2025-08-28,2025-08-28,25800.00,PE,NIFTY25AUG25800PE,925.00,947.05,925.00,947.05,947.05,810.00,24971.90,1031.00,975,0,3,6014778.75,3,F1,75,,,,,
2025-06-23,2025-06-23,FO,NSE,IDO,72119,,NIFTY,,2025-08-28,2025-08-28,26200.00,PE,NIFTY25AUG26200PE,1138.60,1266.20,1100.00,1139.95,1139.95,1062.15,24971.90,1139.95,675,450,28,57594090.00,17,F1,75,,,,,
2025-06-23,2025-06-23,FO,NSE,IDO,49180,,NIFTY,,2025-12-24,2025-12-24,16500.00,PE,NIFTY25DEC16500PE,0.00,0.00,0.00,19.15,19.15,19.15,24971.90,0.10,3900,0,0,0.00,0,F1,75,,,,,
2025-06-23,2025-06-23,FO,NSE,IDO,55122,,NIFTY,,2025-12-24,2025-12-24,18000.00,PE,NIFTY25DEC18000PE,34.80,36.00,32.00,33.25,33.95,32.75,24971.90,33.25,100850,1425,72,97383438.75,51,F1,75,,,,,
2025-06-23,2025-06-23,FO,NSE,IDO,39988,,NIFTY,,2025-12-24,2025-12-24,19000.00,PE,NIFTY25DEC19000PE,45.60,46.00,42.50,42.95,43.00,43.50,24971.90,42.95,168125,2775,54,77127742.50,26,F1,75,,,,,
2025-06-23,2025-06-23,FO,NSE,IDO,71398,,NIFTY,,2025-12-24,2025-12-24,25000.00,PE,NIFTY25DEC25000PE,669.15,730.00,653.10,680.50,682.35,652.20,24971.90,680.50,1753200,2150,3270,6300745027.50,2144,F1,75,,,,,
2025-06-23,2025-06-23,FO,NSE,IDO,38153,,NIFTY,,2025-12-24,2025-12-24,29000.00,PE,NIFTY25DEC29000PE,3250.00,3328.00,3125.00,3204.85,3210.00,3119.20,24971.90,3204.85,66900,3000,113,273144697.50,105,F1,75,,,,,
2025-06-23,2025-06-23,FO,NSE,IDO,38380,,NIFTY,,2026-06-25,2026-06-25,20000.00,PE,NIFTY26JUN20000PE,0.00,0.00,0.00,3159.75,0.00,3159.75,24971.90,73.55,0,0,0,0.00,0,F1,75,,,,,
2025-06-23,2025-06-23,FO,NSE,IDO,71473,,NIFTY,,2026-06-25,2026-06-25,24000.00,PE,NIFTY26JUN24000PE,585.00,592.00,551.05,562.80,563.00,543.50,24971.90,562.80,39150,825,15,27641602.50,15,F1,75,,,,,
2025-06-23,2025-06-23,FO,NSE,IDO,58639,,NIFTY,,2026-12-31,2026-12-31,17000.00,PE,NIFTY26DEC17000PE,0.00,0.00,0.00,97.05,97.05,97.05,24971.90,16.05,2850,0,0,0.00,0,F1,75,,,,,
2025-06-23,2025-06-23,FO,NSE,IDO,71502,,NIFTY,,2026-12-31,2026-12-31,24000.00,PE,NIFTY26DEC24000PE,800.00,800.00,774.95,774.95,774.95,755.10,24971.90,778.90,20700,75,3,5578121.25,3,F1,75,,,,,
2025-06-23,2025-06-23,FO,NSE,IDO,71506,,NIFTY,,2026-12-31,2026-12-31,26000.00,PE,NIFTY26DEC26000PE,1300.00,1359.00,1275.00,1280.00,1280.00,1265.25,24971.90,1449.30,16700,225,16,32769682.50,16,F1,75,,,,,
2025-06-23,2025-06-23,FO,NSE,IDO,71546,,NIFTY,,2027-06-24,2027-06-24,17000.00,PE,NIFTY27JUN17000PE,0.00,0.00,0.00,1814.75,0.00,1814.75,24971.90,29.25,0,0,0,0.00,0,F1,75,,,,,
2025-06-23,2025-06-23,FO,NSE,IDO,35263,,NIFTY,,2027-06-24,2027-06-24,30000.00,PE,NIFTY27JUN30000PE,0.00,0.00,0.00,4562.55,0.00,4562.55,24971.90,3319.55,0,0,0,0.00,0,F1,75,,,,,
2025-06-23,2025-06-23,FO,NSE,IDO,53627,,NIFTY,,2027-12-30,2027-12-30,25000.00,PE,NIFTY27DEC25000PE,0.00,0.00,0.00,1546.40,1546.40,1546.40,24971.90,1101.05,75,0,0,0.00,0,F1,75,,,,,
2025-06-23,2025-06-23,FO,NSE,IDO,86150,,NIFTY,,2028-06-29,2028-06-29,23000.00,PE,NIFTY28JUN23000PE,0.00,0.00,0.00,1399.25,0.00,1399.25,24971.90,637.00,0,0,0,0.00,0,F1,75,,,,,
2025-06-23,2025-06-23,FO,NSE,IDO,62933,,NIFTY,,2026-03-26,2026-03-26,28000.00,PE,NIFTY26MAR28000PE,0.00,0.00,0.00,3078.95,0.00,3078.95,24971.90,2559.40,0,0,0,0.00,0,F1,75,,,,,
2025-06-23,2025-06-23,FO,NSE,IDO,62931,,NIFTY,,2026-03-26,2026-03-26,27000.00,PE,NIFTY26MAR27000PE,0.00,0.00,0.00,2406.70,0.00,2406.70,24971.90,1929.85,0,0,0,0.00,0,F1,75,,,,,
2025-06-23,2025-06-23,FO,NSE,IDO,62923,,NIFTY,,2026-03-26,2026-03-26,23000.00,PE,NIFTY26MAR23000PE,0.00,0.00,0.00,577.80,0.00,577.80,24971.90,366.50,0,0,0,0.00,0,F1,75,,,,,
2025-06-23,2025-06-23,FO,NSE,IDO,71403,,NIFTY,,2025-12-24,2025-12-24,26000.00,PE,NIFTY25DEC26000PE,1095.00,1159.95,1033.00,1072.20,1077.95,1030.75,24971.90,1072.20,835500,-8900,1765,3586998840.00,1252,F1,75,,,,,
2025-06-23,2025-06-23,FO,NSE,IDO,72155,,NIFTY,,2025-08-28,2025-08-28,26400.00,PE,NIFTY25AUG26400PE,1282.90,1283.15,1282.55,1282.90,1282.55,1219.95,24971.90,1282.90,525,225,3,6228645.00,3,F1,75,,,,,
2025-06-23,2025-06-23,FO,NSE,IDO,71953,,NIFTY,,2025-08-28,2025-08-28,24450.00,PE,NIFTY25AUG24450PE,332.50,343.10,274.25,291.75,291.75,273.95,24971.90,381.55,2100,-150,12,22275191.25,12,F1,75,,,,,
2025-06-23,2025-06-23,FO,NSE,IDO,71939,,NIFTY,,2025-08-28,2025-08-28,24150.00,PE,NIFTY25AUG24150PE,260.00,260.00,225.00,225.00,225.00,219.65,24971.90,225.00,675,75,6,10971510.00,3,F1,75,,,,,
2025-06-23,2025-06-23,FO,NSE,IDO,55878,,NIFTY,,2025-07-31,2025-07-31,26650.00,PE,NIFTY25JUL26650PE,1542.95,1542.95,1542.95,1542.95,1542.95,1467.20,24971.90,1542.95,1350,75,1,2114471.25,1,F1,75,,,,,
2025-06-23,2025-06-23,FO,NSE,IDO,55875,,NIFTY,,2025-07-31,2025-07-31,26600.00,PE,NIFTY25JUL26600PE,1600.00,1632.10,1557.40,1557.40,1557.40,1410.65,24971.90,1568.45,2475,-525,16,33810022.50,10,F1,75,,,,,
2025-06-23,2025-06-23,FO,NSE,IDO,49584,,NIFTY,,2025-07-24,2025-07-24,25950.00,PE,NIFTY2572425950PE,0.00,0.00,0.00,1176.75,0.00,1176.75,24971.90,1033.00,0,0,0,0.00,0,F1,75,,,,,
2025-06-23,2025-06-23,FO,NSE,IDO,47170,,NIFTY,,2025-07-17,2025-07-17,23700.00,CE,NIFTY2571723700CE,0.00,0.00,0.00,1427.75,0.00,1427.75,24971.90,1414.15,0,0,0,0.00,0,F1,75,,,,,
2025-06-23,2025-06-23,FO,NSE,IDO,40049,,NIFTY,,2025-07-10,2025-07-10,25500.00,CE,NIFTY2571025500CE,118.95,136.00,75.55,101.15,101.65,144.45,24971.90,101.15,156450,27825,7958,15277602813.75,5026,F1,75,,,,,
2025-06-23,2025-06-23,FO,NSE,IDO,40024,,NIFTY,,2025-07-10,2025-07-10,25150.00,CE,NIFTY2571025150CE,299.90,299.90,179.25,232.30,227.65,299.90,24971.90,232.30,13725,3975,512,974372261.25,353,F1,75,,,,,
2025-06-23,2025-06-23,FO,NSE,IDO,39994,,NIFTY,,2025-07-10,2025-07-10,24700.00,CE,NIFTY2571024700CE,505.95,575.75,407.95,500.75,501.00,592.95,24971.90,500.75,23025,6825,601,1134551100.00,451,F1,75,,,,,
2025-06-23,2025-06-23,FO,NSE,IDO,47317,,NIFTY,,2025-07-17,2025-07-17,25800.00,CE,NIFTY2571725800CE,0.00,0.00,0.00,237.55,0.00,237.55,24971.90,170.10,0,0,0,0.00,0,F1,75,,,,,
2025-06-23,2025-06-23,FO,NSE,IDO,47359,,NIFTY,,2025-07-17,2025-07-17,26150.00,CE,NIFTY2571726150CE,25.00,35.80,23.50,27.75,28.00,40.75,24971.90,27.75,4800,825,128,251312688.75,65,F1,75,,,,,
2025-06-23,2025-06-23,FO,NSE,IDO,47368,,NIFTY,,2025-07-17,2025-07-17,26350.00,CE,NIFTY2571726350CE,0.00,0.00,0.00,120.30,0.00,120.30,24971.90,70.45,0,0,0,0.00,0,F1,75,,,,,
2025-06-23,2025-06-23,FO,NSE,IDO,49377,,NIFTY,,2025-07-24,2025-07-24,23250.00,CE,NIFTY2572423250CE,0.00,0.00,0.00,1733.15,0.00,1733.15,24971.90,1874.20,0,0,0,0.00,0,F1,75,,,,,
2025-06-23,2025-06-23,FO,NSE,IDO,49385,,NIFTY,,2025-07-24,2025-07-24,23350.00,CE,NIFTY2572423350CE,0.00,0.00,0.00,1643.95,0.00,1643.95,24971.90,1781.65,0,0,0,0.00,0,F1,75,,,,,
2025-06-23,2025-06-23,FO,NSE,IDO,49389,,NIFTY,,2025-07-24,2025-07-24,23400.00,CE,NIFTY2572423400CE,0.00,0.00,0.00,1599.90,0.00,1599.90,24971.90,1735.85,0,0,0,0.00,0,F1,75,,,,,
2025-06-23,2025-06-23,FO,NSE,IDO,49413,,NIFTY,,2025-07-24,2025-07-24,23800.00,CE,NIFTY2572423800CE,0.00,0.00,0.00,1263.40,0.00,1263.40,24971.90,1382.55,0,0,0,0.00,0,F1,75,,,,,
2025-06-23,2025-06-23,FO,NSE,IDO,49435,,NIFTY,,2025-07-24,2025-07-24,24200.00,CE,NIFTY2572424200CE,0.00,0.00,0.00,961.40,0.00,961.40,24971.90,1060.20,0,0,0,0.00,0,F1,75,,,,,
2025-06-23,2025-06-23,FO,NSE,IDO,49459,,NIFTY,,2025-07-24,2025-07-24,24400.00,CE,NIFTY2572424400CE,0.00,0.00,0.00,826.15,0.00,826.15,24971.90,913.55,0,0,0,0.00,0,F1,75,,,,,
2025-06-23,2025-06-23,FO,NSE,IDO,49483,,NIFTY,,2025-07-24,2025-07-24,24900.00,CE,NIFTY2572424900CE,500.00,539.05,410.00,481.20,480.00,570.40,24971.90,481.20,4500,2850,182,346302120.00,123,F1,75,,,,,
2025-06-23,2025-06-23,FO,NSE,IDO,49526,,NIFTY,,2025-07-24,2025-07-24,25350.00,CE,NIFTY2572425350CE,236.10,292.50,210.80,263.60,263.60,309.75,24971.90,263.60,675,150,38,72950370.00,35,F1,75,,,,,
2025-06-23,2025-06-23,FO,NSE,IDO,49559,,NIFTY,,2025-07-24,2025-07-24,25650.00,CE,NIFTY2572425650CE,0.00,0.00,0.00,247.30,0.00,247.30,24971.90,272.85,0,0,0,0.00,0,F1,75,,,,,
2025-06-23,2025-06-23,FO,NSE,IDO,49617,,NIFTY,,2025-07-24,2025-07-24,26400.00,CE,NIFTY2572426400CE,0.00,0.00,0.00,95.20,0.00,95.20,24971.90,102.35,0,0,0,0.00,0,F1,75,,,,,
2025-06-23,2025-06-23,FO,NSE,IDO,55753,,NIFTY,,2025-07-31,2025-07-31,23900.00,CE,NIFTY25JUL23900CE,1192.45,1192.45,1192.45,1192.45,1192.45,1390.00,24971.90,1354.45,1650,-75,1,1881933.75,1,F1,75,,,,,
2025-06-23,2025-06-23,FO,NSE,IDO,55791,,NIFTY,,2025-07-31,2025-07-31,24800.00,CE,NIFTY25JUL24800CE,649.75,674.00,514.00,607.05,605.60,682.40,24971.90,607.05,581175,69600,10731,20425257693.75,7448,F1,75,,,,,
2025-06-23,2025-06-23,FO,NSE,IDO,55805,,NIFTY,,2025-07-31,2025-07-31,25150.00,CE,NIFTY25JUL25150CE,407.80,452.70,330.55,400.70,389.35,460.95,24971.90,400.70,47925,3600,1075,2058955916.25,643,F1,75,,,,,
2025-06-23,2025-06-23,FO,NSE,IDO,55859,,NIFTY,,2025-07-31,2025-07-31,26250.00,CE,NIFTY25JUL26250CE,102.55,102.55,46.45,57.80,57.30,166.10,24971.90,57.80,10575,7575,407,803014342.50,252,F1,75,,,,,
2025-06-23,2025-06-23,FO,NSE,IDO,56441,,NIFTY,,2025-07-03,2025-07-03,24200.00,CE,NIFTY2570324200CE,825.00,929.05,716.85,836.90,837.30,963.60,24971.90,836.90,13350,1650,258,483275756.25,135,F1,75,,,,,
2025-06-23,2025-06-23,FO,NSE,IDO,49560,,NIFTY,,2025-07-24,2025-07-24,25650.00,PE,NIFTY2572425650PE,0.00,0.00,0.00,953.20,0.00,953.20,24971.90,817.55,0,0,0,0.00,0,F1,75,,,,,
2025-06-23,2025-06-23,FO,NSE,IDO,39950,,NIFTY,,2025-07-10,2025-07-10,24250.00,CE,NIFTY2571024250CE,883.95,883.95,883.95,883.95,883.95,951.90,24971.90,883.95,150,75,1,1885046.25,1,F1,75,,,,,
2025-06-23,2025-06-23,FO,NSE,IDO,39906,,NIFTY,,2025-07-10,2025-07-10,23650.00,CE,NIFTY2571023650CE,1412.65,1412.65,1412.65,1412.65,1412.65,1510.30,24971.90,1412.65,150,75,1,1879698.75,1,F1,75,,,,,
2025-06-23,2025-06-23,FO,NSE,IDO,39904,,NIFTY,,2025-07-10,2025-07-10,23600.00,CE,NIFTY2571023600CE,1380.00,1380.00,1320.00,1320.00,1320.00,1560.00,24971.90,1457.40,375,300,4,7485000.00,4,F1,75,,,,,
2025-06-23,2025-06-23,FO,NSE,IDO,39898,,NIFTY,,2025-07-10,2025-07-10,23500.00,CE,NIFTY2571023500CE,1556.60,1556.60,1556.60,1556.60,1556.60,1675.25,24971.90,1556.60,150,75,1,1879245.00,1,F1,75,,,,,
2025-06-23,2025-06-23,FO,NSE,IDO,58696,,NIFTY,,2025-07-03,2025-07-03,26300.00,CE,NIFTY2570326300CE,3.10,3.80,2.50,2.75,2.65,4.20,24971.90,2.75,585150,48375,13391,26416765173.75,5230,F1,75,,,,,
2025-06-23,2025-06-23,FO,NSE,IDO,56888,,NIFTY,,2025-07-03,2025-07-03,25550.00,CE,NIFTY2570325550CE,52.80,65.65,31.50,42.30,41.40,74.20,24971.90,42.30,132075,53175,16807,32258983136.25,10343,F1,75,,,,,
2025-06-23,2025-06-23,FO,NSE,IDO,56805,,NIFTY,,2025-07-03,2025-07-03,25450.00,CE,NIFTY2570325450CE,70.10,92.00,44.50,60.45,60.00,104.35,24971.90,60.45,127725,-9600,17874,34197678011.25,11131,F1,75,,,,,
2025-06-23,2025-06-23,FO,NSE,IDO,67777,,NIFTY,,2028-12-28,2028-12-28,21000.00,PE,NIFTY28DEC21000PE,0.00,0.00,0.00,618.05,618.05,618.05,24971.90,349.85,1250,0,0,0.00,0,F1,75,,,,,
2025-06-23,2025-06-23,FO,NSE,IDO,49484,,NIFTY,,2025-07-24,2025-07-24,24900.00,PE,NIFTY2572424900PE,342.00,390.75,294.00,313.00,318.00,286.25,24971.90,313.00,9525,9150,316,597694661.25,177,F1,75,,,,,
2025-06-23,2025-06-23,FO,NSE,IDO,62359,,NIFTY,,2025-06-26,2025-06-26,24200.00,CE,NIFTY25JUN24200CE,820.30,897.05,650.00,802.10,797.45,932.70,24971.90,802.10,116325,-10575,1414,2645090921.25,789,F1,75,,,,,
2025-06-23,2025-06-23,FO,NSE,IDO,62387,,NIFTY,,2025-06-26,2025-06-26,24800.00,CE,NIFTY25JUN24800CE,318.00,350.20,166.00,266.35,257.60,380.65,24971.90,266.35,3355575,79425,747778,1403455834698.75,448241,F1,75,,,,,
2025-06-23,2025-06-23,FO,NSE,IDO,67793,,NIFTY,,2028-12-28,2028-12-28,29000.00,PE,NIFTY28DEC29000PE,0.00,0.00,0.00,2010.85,0.00,2010.85,24971.90,2322.70,0,0,0,0.00,0,F1,75,,,,,
2025-06-23,2025-06-23,FO,NSE,IDO,89635,,NIFTY,,2029-06-28,2029-06-28,26000.00,PE,NIFTY29JUN26000PE,0.00,0.00,0.00,1391.75,1391.75,1391.75,24971.90,1273.10,25,0,0,0.00,0,F1,75,,,,,
2025-06-23,2025-06-23,FO,NSE,IDO,61403,,NIFTY,,2029-12-27,2029-12-27,19000.00,PE,NIFTY29DEC19000PE,0.00,0.00,0.00,142.25,0.00,142.25,24971.90,188.10,0,0,0,0.00,0,F1,75,,,,,
2025-06-23,2025-06-23,FO,NSE,IDO,55871,,NIFTY,,2025-07-31,2025-07-31,26550.00,CE,NIFTY25JUL26550CE,33.65,34.35,25.10,29.90,29.85,39.10,24971.90,29.90,18450,-1200,348,693672810.00,157,F1,75,,,,,
2025-06-23,2025-06-23,FO,NSE,IDO,61747,,NIFTY,,2029-12-27,2029-12-27,23000.00,PE,NIFTY29DEC23000PE,0.00,0.00,0.00,800.00,800.00,800.00,24971.90,627.75,1875,0,0,0.00,0,F1,75,,,,,
2025-06-23,2025-06-23,FO,NSE,IDO,61749,,NIFTY,,2029-12-27,2029-12-27,24000.00,PE,NIFTY29DEC24000PE,0.00,0.00,0.00,625.50,0.00,625.50,24971.90,798.30,0,0,0,0.00,0,F1,75,,,,,
2025-06-23,2025-06-23,FO,NSE,IDO,39897,,NIFTY,,2025-07-10,2025-07-10,23450.00,PE,NIFTY2571023450PE,25.10,27.60,25.10,26.85,25.65,26.95,24971.90,26.85,2025,1350,20,35214048.75,15,F1,75,,,,,
2025-06-23,2025-06-23,FO,NSE,IDO,39913,,NIFTY,,2025-07-10,2025-07-10,23650.00,PE,NIFTY2571023650PE,33.10,35.00,33.10,34.90,35.00,34.45,24971.90,34.90,3450,1050,32,56841945.00,20,F1,75,,,,,
2025-06-23,2025-06-23,FO,NSE,IDO,62401,,NIFTY,,2025-06-26,2025-06-26,25100.00,CE,NIFTY25JUN25100CE,110.20,141.20,46.55,85.10,78.70,165.55,24971.90,85.10,5199600,881625,1907504,3602978115967.50,966539,F1,75,,,,,
2025-06-23,2025-06-23,FO,NSE,IDO,62415,,NIFTY,,2025-06-26,2025-06-26,25350.00,CE,NIFTY25JUN25350CE,28.00,44.00,13.05,20.65,18.25,58.35,24971.90,20.65,1509900,329700,798280,1519093471290.00,312436,F1,75,,,,,
2025-06-23,2025-06-23,FO,NSE,IDO,39967,,NIFTY,,2025-07-10,2025-07-10,24400.00,PE,NIFTY2571024400PE,113.05,153.70,98.45,111.15,109.10,101.00,24971.90,111.15,40800,15225,1378,2534299293.75,975,F1,75,,,,,
2025-06-23,2025-06-23,FO,NSE,IDO,40003,,NIFTY,,2025-07-10,2025-07-10,24800.00,PE,NIFTY2571024800PE,208.30,285.00,185.20,211.50,214.00,187.60,24971.90,211.50,114525,22800,4249,7979638076.25,2814,F1,75,,,,,
2025-06-23,2025-06-23,FO,NSE,IDO,40147,,NIFTY,,2025-07-10,2025-07-10,26800.00,PE,NIFTY2571026800PE,1758.65,1758.65,1758.65,1758.65,1758.65,1663.30,24971.90,1765.65,150,75,1,2141898.75,1,F1,75,,,,,
2025-06-23,2025-06-23,FO,NSE,IDO,61773,,NIFTY,,2029-12-27,2029-12-27,25000.00,PE,NIFTY29DEC25000PE,0.00,0.00,0.00,785.30,0.00,785.30,24971.90,996.65,0,0,0,0.00,0,F1,75,,,,,
2025-06-23,2025-06-23,FO,NSE,IDO,55881,,NIFTY,,2025-07-31,2025-07-31,26750.00,CE,NIFTY25JUL26750CE,19.95,22.70,16.00,18.60,18.55,24.35,24971.90,18.60,32475,825,318,638429396.25,115,F1,75,,,,,
2025-06-23,2025-06-23,FO,NSE,IDO,71843,,NIFTY,,2025-08-28,2025-08-28,23050.00,CE,NIFTY25AUG23050CE,2213.10,2213.10,2213.10,2213.10,2213.10,2316.90,24971.90,2213.10,75,75,1,1894732.50,1,F1,75,,,,,
2025-06-23,2025-06-23,FO,NSE,IDO,71847,,NIFTY,,2025-08-28,2025-08-28,23150.00,CE,NIFTY25AUG23150CE,0.00,0.00,0.00,2168.20,2168.20,2168.20,24971.90,2174.30,75,0,0,0.00,0,F1,75,,,,,
2025-06-23,2025-06-23,FO,NSE,IDO,71864,,NIFTY,,2025-08-28,2025-08-28,23500.00,CE,NIFTY25AUG23500CE,1733.10,1828.70,1700.00,1790.00,1790.00,1900.00,24971.90,1790.00,4575,450,12,22729807.50,11,F1,75,,,,,
2025-06-23,2025-06-23,FO,NSE,IDO,71968,,NIFTY,,2025-08-28,2025-08-28,24850.00,CE,NIFTY25AUG24850CE,717.00,790.95,710.00,790.95,790.95,807.00,24971.90,790.95,1050,300,19,36461358.75,10,F1,75,,,,,
2025-06-23,2025-06-23,FO,NSE,IDO,72074,,NIFTY,,2025-08-28,2025-08-28,25400.00,CE,NIFTY25AUG25400CE,466.15,504.40,411.85,463.30,463.30,521.85,24971.90,463.30,9225,0,108,209327130.00,64,F1,75,,,,,
2025-06-23,2025-06-23,FO,NSE,IDO,72124,,NIFTY,,2025-08-28,2025-08-28,26350.00,CE,NIFTY25AUG26350CE,0.00,0.00,0.00,286.10,286.10,286.10,24971.90,315.90,225,0,0,0.00,0,F1,75,,,,,
2025-06-23,2025-06-23,FO,NSE,IDO,72330,,NIFTY,,2025-08-28,2025-08-28,26850.00,CE,NIFTY25AUG26850CE,0.00,0.00,0.00,312.00,0.00,312.00,24971.90,204.85,0,0,0,0.00,0,F1,75,,,,,
2025-06-23,2025-06-23,FO,NSE,IDO,64684,,NIFTY,,2025-09-25,2025-09-25,20000.00,CE,NIFTY25SEP20000CE,5125.00,5300.00,5079.90,5218.20,5204.00,5327.95,24971.90,5218.20,81600,7575,174,328609593.75,144,F1,75,,,,,
2025-06-23,2025-06-23,FO,NSE,IDO,64688,,NIFTY,,2025-09-25,2025-09-25,22000.00,CE,NIFTY25SEP22000CE,3280.00,3390.00,3187.20,3305.95,3299.35,3430.50,24971.90,3305.95,83625,16425,326,617621437.50,299,F1,75,,,,,
2025-06-23,2025-06-23,FO,NSE,IDO,62475,,NIFTY,,2025-06-26,2025-06-26,26550.00,CE,NIFTY25JUN26550CE,1.30,1.45,1.00,1.20,1.05,1.20,24971.90,1.20,494250,86475,49693,98955765798.75,8775,F1,75,,,,,
2025-06-23,2025-06-23,FO,NSE,IDO,35219,,NIFTY,,2025-06-26,2025-06-26,30000.00,CE,NIFTY25JUN30000CE,0.75,0.85,0.65,0.80,0.70,0.75,24971.90,0.80,8060625,1193850,220657,496490579321.25,21907,F1,75,,,,,
2025-06-23,2025-06-23,FO,NSE,IDO,56347,,NIFTY,,2025-07-03,2025-07-03,23900.00,CE,NIFTY2570323900CE,1090.00,1090.00,1090.00,1090.00,1090.00,1230.70,24971.90,1126.35,600,75,1,1874250.00,1,F1,75,,,,,
2025-06-23,2025-06-23,FO,NSE,IDO,62486,,NIFTY,,2025-06-26,2025-06-26,26600.00,PE,NIFTY25JUN26600PE,0.00,0.00,0.00,1601.60,1601.60,1601.60,24971.90,1615.05,1800,0,0,0.00,0,F1,75,,,,,
2025-06-23,2025-06-23,FO,NSE,IDO,56612,,NIFTY,,2025-07-03,2025-07-03,24850.00,CE,NIFTY2570324850CE,361.15,394.15,240.20,319.25,316.00,414.75,24971.90,319.25,116025,43725,14854,28001418198.75,9721,F1,75,,,,,
2025-06-23,2025-06-23,FO,NSE,IDF,53216,,NIFTY,,2025-07-31,2025-07-31,,,NIFTY25JULFUT,25120.10,25189.00,24931.30,25102.30,25099.70,25201.20,24971.90,25102.30,8506425,1296000,54568,102604255035.00,38428,F1,75,,,,,
2025-06-23,2025-06-23,FO,NSE,IDO,56474,,NIFTY,,2025-07-03,2025-07-03,24400.00,CE,NIFTY2570324400CE,682.40,752.00,546.60,667.35,656.60,777.40,24971.90,667.35,20625,225,956,1794181087.50,617,F1,75,,,,,
2025-06-23,2025-06-23,FO,NSE,IDO,62061,,NIFTY,,2025-06-26,2025-06-26,20400.00,CE,NIFTY25JUN20400CE,0.00,0.00,0.00,3793.10,3787.65,3793.10,24971.90,4581.95,525,0,0,0.00,0,F1,75,,,,,
2025-06-23,2025-06-23,FO,NSE,IDO,64696,,NIFTY,,2025-09-25,2025-09-25,26000.00,CE,NIFTY25SEP26000CE,393.55,431.95,358.40,398.25,395.35,443.55,24971.90,398.25,565575,-1200,2279,4510003616.25,1628,F1,75,,,,,
2025-06-23,2025-06-23,FO,NSE,IDO,62378,,NIFTY,,2025-06-26,2025-06-26,24550.00,PE,NIFTY25JUN24550PE,50.00,65.95,26.70,32.05,30.00,37.55,24971.90,32.05,1114050,121725,411702,759355812667.50,206549,F1,75,,,,,
2025-06-23,2025-06-23,FO,NSE,IDO,62346,,NIFTY,,2025-06-26,2025-06-26,23850.00,PE,NIFTY25JUN23850PE,15.00,15.00,6.00,7.10,6.15,11.65,24971.90,7.10,660825,167175,84075,150437746590.00,32558,F1,75,,,,,
2025-06-23,2025-06-23,FO,NSE,IDO,62338,,NIFTY,,2025-06-26,2025-06-26,23700.00,PE,NIFTY25JUN23700PE,20.00,20.00,5.00,5.85,5.30,9.60,24971.90,5.85,2076975,-308325,183405,326085953175.00,56526,F1,75,,,,,
2025-06-23,2025-06-23,FO,NSE,IDO,62382,,NIFTY,,2025-06-26,2025-06-26,24650.00,PE,NIFTY25JUN24650PE,56.15,89.85,35.55,43.35,41.25,46.70,24971.90,43.35,1213725,175725,473392,877266580267.50,268465,F1,75,,,,,
2025-06-23,2025-06-23,FO,NSE,IDO,62334,,NIFTY,,2025-06-26,2025-06-26,23600.00,PE,NIFTY25JUN23600PE,6.10,10.15,4.35,5.25,4.75,8.35,24971.90,5.25,2021625,696600,211430,374313012345.00,69048,F1,75,,,,,
2025-06-23,2025-06-23,FO,NSE,IDO,62264,,NIFTY,,2025-06-26,2025-06-26,22950.00,PE,NIFTY25JUN22950PE,3.70,3.80,2.00,2.90,2.90,3.70,24971.90,2.90,253650,45075,33625,57883208362.50,7712,F1,75,,,,,
2025-06-23,2025-06-23,FO,NSE,IDO,62258,,NIFTY,,2025-06-26,2025-06-26,22900.00,PE,NIFTY25JUN22900PE,3.70,3.80,1.85,2.70,2.75,3.45,24971.90,2.70,518850,-35550,70112,120429484031.25,16579,F1,75,,,,,
2025-06-23,2025-06-23,FO,NSE,IDO,62256,,NIFTY,,2025-06-26,2025-06-26,22850.00,PE,NIFTY25JUN22850PE,3.40,3.40,1.80,2.65,2.70,3.40,24971.90,2.65,137550,-21750,34041,58343402816.25,7232,F1,75,,,,,
2025-06-23,2025-06-23,FO,NSE,IDO,62190,,NIFTY,,2025-06-26,2025-06-26,22250.00,PE,NIFTY25JUN22250PE,2.05,2.35,1.25,2.10,2.20,2.05,24971.90,2.10,113775,37650,22538,37613040948.75,4234,F1,75,,,,,
2025-06-23,2025-06-23,FO,NSE,IDO,62422,,NIFTY,,2025-06-26,2025-06-26,25500.00,PE,NIFTY25JUN25500PE,526.00,683.35,424.50,514.85,515.00,413.45,24971.90,514.85,763350,-147675,25287,49391283630.00,11999,F1,75,,,,,
2025-06-23,2025-06-23,FO,NSE,IDO,62428,,NIFTY,,2025-06-26,2025-06-26,25650.00,PE,NIFTY25JUN25650PE,736.30,822.45,567.55,664.60,665.45,542.65,24971.90,664.60,5475,-675,221,437304645.00,134,F1,75,,,,,
2025-06-23,2025-06-23,FO,NSE,IDO,47141,,NIFTY,,2025-07-17,2025-07-17,23250.00,PE,NIFTY2571723250PE,0.00,0.00,0.00,47.10,0.00,47.10,24971.90,17.90,0,0,0,0.00,0,F1,75,,,,,
2025-06-23,2025-06-23,FO,NSE,IDO,47151,,NIFTY,,2025-07-17,2025-07-17,23400.00,PE,NIFTY2571723400PE,35.00,36.15,35.00,36.15,36.15,55.00,24971.90,25.60,450,375,5,8788211.25,2,F1,75,,,,,
2025-06-23,2025-06-23,FO,NSE,IDO,62184,,NIFTY,,2025-06-26,2025-06-26,22100.00,PE,NIFTY25JUN22100PE,1.85,2.25,1.15,2.10,2.00,1.85,24971.90,2.10,1023975,779100,52125,86404029738.75,9003,F1,75,,,,,
2025-06-23,2025-06-23,FO,NSE,IDO,47154,,NIFTY,,2025-07-17,2025-07-17,23450.00,PE,NIFTY2571723450PE,40.00,45.15,35.15,39.00,39.00,35.15,24971.90,39.00,1050,225,27,47563102.50,10,F1,75,,,,,
2025-06-23,2025-06-23,FO,NSE,IDO,47169,,NIFTY,,2025-07-17,2025-07-17,23650.00,PE,NIFTY2571723650PE,0.00,0.00,0.00,92.60,0.00,92.60,24971.90,44.50,0,0,0,0.00,0,F1,75,,,,,
2025-06-23,2025-06-23,FO,NSE,IDO,55832,,NIFTY,,2025-07-31,2025-07-31,25600.00,PE,NIFTY25JUL25600PE,705.45,820.00,648.00,698.40,701.00,635.85,24971.90,698.40,51150,4500,437,863275972.50,272,F1,75,,,,,
2025-06-23,2025-06-23,FO,NSE,IDO,55792,,NIFTY,,2025-07-31,2025-07-31,24800.00,PE,NIFTY25JUL24800PE,320.00,383.00,280.60,309.70,311.00,280.40,24971.90,309.70,766275,10425,15346,28926426318.75,10359,F1,75,,,,,
2025-06-23,2025-06-23,FO,NSE,IDO,47174,,NIFTY,,2025-07-17,2025-07-17,23750.00,PE,NIFTY2571723750PE,0.00,0.00,0.00,108.20,0.00,108.20,24971.90,54.75,0,0,0,0.00,0,F1,75,,,,,
2025-06-23,2025-06-23,FO,NSE,IDO,47186,,NIFTY,,2025-07-17,2025-07-17,23850.00,PE,NIFTY2571723850PE,0.00,0.00,0.00,125.75,0.00,125.75,24971.90,66.80,0,0,0,0.00,0,F1,75,,,,,
2025-06-23,2025-06-23,FO,NSE,IDO,47286,,NIFTY,,2025-07-17,2025-07-17,25150.00,PE,NIFTY2571725150PE,413.85,487.70,355.30,391.80,391.80,349.75,24971.90,391.80,5100,-750,53,101626920.00,48,F1,75,,,,,
2025-06-23,2025-06-23,FO,NSE,IDO,47298,,NIFTY,,2025-07-17,2025-07-17,25400.00,PE,NIFTY2571725400PE,653.75,653.75,463.85,506.40,506.40,600.00,24971.90,620.60,1650,1575,38,73822833.75,36,F1,75,,,,,
2025-06-23,2025-06-23,FO,NSE,IDO,47356,,NIFTY,,2025-07-17,2025-07-17,26050.00,PE,NIFTY2571726050PE,0.00,0.00,0.00,1308.45,1308.45,1308.45,24971.90,1091.75,75,0,0,0.00,0,F1,75,,,,,
2025-06-23,2025-06-23,FO,NSE,IDO,49426,,NIFTY,,2025-07-24,2025-07-24,24050.00,PE,NIFTY2572424050PE,0.00,0.00,0.00,185.45,0.00,185.45,24971.90,129.85,0,0,0,0.00,0,F1,75,,,,,
2025-06-23,2025-06-23,FO,NSE,IDO,49458,,NIFTY,,2025-07-24,2025-07-24,24350.00,PE,NIFTY2572424350PE,176.95,194.45,144.00,156.90,156.90,157.60,24971.90,200.60,375,300,21,38620338.75,18,F1,75,,,,,
2025-06-23,2025-06-23,FO,NSE,IDO,49462,,NIFTY,,2025-07-24,2025-07-24,24450.00,PE,NIFTY2572424450PE,195.50,221.00,165.95,178.00,178.00,165.25,24971.90,229.60,600,-450,30,55448992.50,28,F1,75,,,,,
2025-06-23,2025-06-23,FO,NSE,IDO,49470,,NIFTY,,2025-07-24,2025-07-24,24600.00,PE,NIFTY2572424600PE,239.00,266.70,206.00,216.30,216.30,199.70,24971.90,278.60,1950,-225,35,65188301.25,27,F1,75,,,,,
2025-06-23,2025-06-23,FO,NSE,IDO,49478,,NIFTY,,2025-07-24,2025-07-24,24750.00,PE,NIFTY2572424750PE,302.35,329.05,247.15,247.15,247.15,242.70,24971.90,334.35,975,150,9,16905596.25,9,F1,75,,,,,
2025-06-23,2025-06-23,FO,NSE,IDO,56741,,NIFTY,,2025-07-03,2025-07-03,25250.00,CE,NIFTY2570325250CE,133.25,164.90,84.15,118.50,115.25,176.30,24971.90,118.50,126375,24825,22930,43617015180.00,13839,F1,75,,,,,
2025-06-23,2025-06-23,FO,NSE,IDO,56733,,NIFTY,,2025-07-03,2025-07-03,25150.00,CE,NIFTY2570325150CE,174.15,212.10,112.75,158.15,154.85,226.30,24971.90,158.15,128025,41400,15884,30141685023.75,10436,F1,75,,,,,
2025-06-23,2025-06-23,FO,NSE,IDO,62438,,NIFTY,,2025-06-26,2025-06-26,25800.00,PE,NIFTY25JUN25800PE,810.55,973.25,730.65,812.75,817.40,690.20,24971.90,812.75,23325,75,602,1205153085.00,317,F1,75,,,,,
2025-06-23,2025-06-23,FO,NSE,IDO,62468,,NIFTY,,2025-06-26,2025-06-26,26350.00,PE,NIFTY25JUN26350PE,0.00,0.00,0.00,1244.50,1244.45,1244.50,24971.90,1365.20,1725,0,0,0.00,0,F1,75,,,,,
2025-06-23,2025-06-23,FO,NSE,IDO,62105,,NIFTY,,2025-06-26,2025-06-26,21050.00,CE,NIFTY25JUN21050CE,0.00,0.00,0.00,3750.25,3750.25,3750.25,24971.90,3932.25,675,0,0,0.00,0,F1,75,,,,,
2025-06-23,2025-06-23,FO,NSE,IDO,45873,,NIFTY,,2025-12-24,2025-12-24,17000.00,CE,NIFTY25DEC17000CE,0.00,0.00,0.00,7010.00,7010.00,7010.00,24971.90,8490.25,700,0,0,0.00,0,F1,75,,,,,
2025-06-23,2025-06-23,FO,NSE,IDO,35221,,NIFTY,,2025-12-24,2025-12-24,30000.00,CE,NIFTY25DEC30000CE,55.55,55.55,49.55,53.15,53.75,55.55,24971.90,53.15,263025,4725,552,1244129171.25,292,F1,75,,,,,
2025-06-23,2025-06-23,FO,NSE,IDO,42129,,NIFTY,,2025-12-24,2025-12-24,31000.00,CE,NIFTY25DEC31000CE,31.85,32.00,29.00,31.35,31.80,32.90,24971.90,31.35,155675,-2150,202,470113560.00,90,F1,75,,,,,
2025-06-23,2025-06-23,FO,NSE,IDO,58624,,NIFTY,,2026-06-25,2026-06-25,12000.00,CE,NIFTY26JUN12000CE,0.00,0.00,0.00,8690.00,8690.00,8690.00,24971.90,13690.35,50,0,0,0.00,0,F1,75,,,,,
2025-06-23,2025-06-23,FO,NSE,IDO,39989,,NIFTY,,2026-06-25,2026-06-25,19000.00,CE,NIFTY26JUN19000CE,0.00,0.00,0.00,5792.00,5792.00,5792.00,24971.90,7142.90,100,0,0,0.00,0,F1,75,,,,,
2025-06-23,2025-06-23,FO,NSE,IDO,53613,,NIFTY,,2027-12-30,2027-12-30,21000.00,CE,NIFTY27DEC21000CE,0.00,0.00,0.00,4902.40,0.00,4902.40,24971.90,7292.45,0,0,0,0.00,0,F1,75,,,,,
2025-06-23,2025-06-23,FO,NSE,IDO,53631,,NIFTY,,2027-12-30,2027-12-30,27000.00,CE,NIFTY27DEC27000CE,0.00,0.00,0.00,2889.80,0.00,2889.80,24971.90,3604.70,0,0,0,0.00,0,F1,75,,,,,
2025-06-23,2025-06-23,FO,NSE,IDO,86151,,NIFTY,,2028-06-29,2028-06-29,24000.00,CE,NIFTY28JUN24000CE,0.00,0.00,0.00,3918.85,0.00,3918.85,24971.90,5875.30,0,0,0,0.00,0,F1,75,,,,,
2025-06-23,2025-06-23,FO,NSE,IDO,67778,,NIFTY,,2028-12-28,2028-12-28,22000.00,CE,NIFTY28DEC22000CE,0.00,0.00,0.00,6932.45,0.00,6932.45,24971.90,7725.90,0,0,0,0.00,0,F1,75,,,,,
2025-06-23,2025-06-23,FO,NSE,IDO,67786,,NIFTY,,2028-12-28,2028-12-28,26000.00,CE,NIFTY28DEC26000CE,0.00,0.00,0.00,4879.70,0.00,4879.70,24971.90,5344.95,0,0,0,0.00,0,F1,75,,,,,
2025-06-23,2025-06-23,FO,NSE,IDO,61746,,NIFTY,,2029-12-27,2029-12-27,23000.00,CE,NIFTY29DEC23000CE,0.00,0.00,0.00,8286.75,0.00,8286.75,24971.90,8168.30,0,0,0,0.00,0,F1,75,,,,,
2025-06-23,2025-06-23,FO,NSE,IDO,40091,,NIFTY,,2025-06-26,2025-06-26,15000.00,PE,NIFTY25JUN15000PE,0.60,0.75,0.50,0.60,0.50,0.65,24971.90,0.60,167650,72450,15910,17899473825.00,2393,F1,75,,,,,
2025-06-23,2025-06-23,FO,NSE,IDO,62072,,NIFTY,,2025-06-26,2025-06-26,20600.00,PE,NIFTY25JUN20600PE,0.80,1.10,0.65,0.95,0.65,0.80,24971.90,0.95,612600,375,22625,34957048920.00,3021,F1,75,,,,,
2025-06-23,2025-06-23,FO,NSE,IDO,62074,,NIFTY,,2025-06-26,2025-06-26,20650.00,PE,NIFTY25JUN20650PE,0.75,1.20,0.65,1.00,0.80,0.95,24971.90,1.00,55050,8550,17955,27809003452.50,3207,F1,75,,,,,
2025-06-23,2025-06-23,FO,NSE,IDO,62134,,NIFTY,,2025-06-26,2025-06-26,21250.00,PE,NIFTY25JUN21250PE,1.20,1.80,0.80,1.30,1.35,1.15,24971.90,1.30,20625,-2550,9501,15143009182.50,2547,F1,75,,,,,
2025-06-23,2025-06-23,FO,NSE,IDO,62156,,NIFTY,,2025-06-26,2025-06-26,21650.00,PE,NIFTY25JUN21650PE,1.65,1.85,0.90,1.65,1.60,1.40,24971.90,1.65,52425,26925,12329,20020416067.50,2830,F1,75,,,,,
2025-06-23,2025-06-23,FO,NSE,IDO,62166,,NIFTY,,2025-06-26,2025-06-26,21850.00,PE,NIFTY25JUN21850PE,1.60,2.35,1.00,1.80,1.60,1.55,24971.90,1.80,84300,37500,20687,33903040751.25,4025,F1,75,,,,,
2025-06-23,2025-06-23,FO,NSE,IDO,62133,,NIFTY,,2025-06-26,2025-06-26,21250.00,CE,NIFTY25JUN21250CE,0.00,0.00,0.00,3712.50,3712.50,3712.50,24971.90,3732.35,825,0,0,0.00,0,F1,75,,,,,
2025-06-23,2025-06-23,FO,NSE,IDO,62145,,NIFTY,,2025-06-26,2025-06-26,21550.00,CE,NIFTY25JUN21550CE,0.00,0.00,0.00,3417.60,3417.60,3417.60,24971.90,3432.50,1575,0,0,0.00,0,F1,75,,,,,
2025-06-23,2025-06-23,FO,NSE,IDO,62161,,NIFTY,,2025-06-26,2025-06-26,21750.00,CE,NIFTY25JUN21750CE,0.00,0.00,0.00,3260.50,3261.05,3260.50,24971.90,3232.60,1875,0,0,0.00,0,F1,75,,,,,
2025-06-23,2025-06-23,FO,NSE,IDO,39847,,NIFTY,,2025-07-10,2025-07-10,23100.00,PE,NIFTY2571023100PE,20.45,21.70,15.15,16.85,16.95,18.60,24971.90,16.85,9975,4650,154,267009330.00,109,F1,75,,,,,
2025-06-23,2025-06-23,FO,NSE,IDO,58699,,NIFTY,,2025-07-03,2025-07-03,26350.00,PE,NIFTY2570326350PE,1329.95,1329.95,1329.95,1329.95,1329.95,1211.95,24971.90,1344.10,675,75,1,2075996.25,1,F1,75,,,,,
2025-06-23,2025-06-23,FO,NSE,IDO,58688,,NIFTY,,2025-07-03,2025-07-03,26250.00,PE,NIFTY2570326250PE,1217.20,1220.65,1217.20,1220.65,1220.65,1147.20,24971.90,1247.90,300,150,2,4120338.75,2,F1,75,,,,,
2025-06-23,2025-06-23,FO,NSE,IDO,57126,,NIFTY,,2025-07-03,2025-07-03,25850.00,PE,NIFTY2570325850PE,831.25,859.70,831.25,859.70,859.70,759.50,24971.90,859.70,825,-75,8,16013208.75,8,F1,75,,,,,
2025-06-23,2025-06-23,FO,NSE,IDO,56473,,NIFTY,,2025-07-03,2025-07-03,24350.00,PE,NIFTY2570324350PE,66.55,95.60,54.40,63.10,60.95,59.80,24971.90,63.10,87675,35325,8821,16159556047.50,4587,F1,75,,,,,
2025-06-23,2025-06-23,FO,NSE,IDO,56119,,NIFTY,,2025-07-03,2025-07-03,23350.00,PE,NIFTY2570323350PE,14.90,17.45,10.30,12.00,11.50,14.85,24971.90,12.00,70050,33225,2664,4668021735.00,1439,F1,75,,,,,
2025-06-23,2025-06-23,FO,NSE,IDO,56094,,NIFTY,,2025-07-03,2025-07-03,23300.00,PE,NIFTY2570323300PE,14.00,16.05,9.30,11.15,10.25,13.70,24971.90,11.15,198900,64950,7874,13766859821.25,4803,F1,75,,,,,
2025-06-23,2025-06-23,FO,NSE,IDO,62163,,NIFTY,,2025-06-26,2025-06-26,21800.00,CE,NIFTY25JUN21800CE,0.00,0.00,0.00,3204.80,3205.15,3204.80,24971.90,3182.60,3975,0,0,0.00,0,F1,75,,,,,
2025-06-23,2025-06-23,FO,NSE,IDO,62173,,NIFTY,,2025-06-26,2025-06-26,22050.00,CE,NIFTY25JUN22050CE,0.00,0.00,0.00,2958.50,2958.30,2958.50,24971.90,2932.75,2475,0,0,0.00,0,F1,75,,,,,
2025-06-23,2025-06-23,FO,NSE,IDO,62199,,NIFTY,,2025-06-26,2025-06-26,22500.00,CE,NIFTY25JUN22500CE,2500.00,2589.20,2333.25,2497.00,2479.70,2607.85,24971.90,2497.00,172350,-4425,756,1415249568.75,362,F1,75,,,,,
2025-06-23,2025-06-23,FO,NSE,IDO,62259,,NIFTY,,2025-06-26,2025-06-26,22950.00,CE,NIFTY25JUN22950CE,0.00,0.00,0.00,1855.45,1855.45,1855.45,24971.90,2033.20,2850,0,0,0.00,0,F1,75,,,,,
2025-06-23,2025-06-23,FO,NSE,IDO,62345,,NIFTY,,2025-06-26,2025-06-26,23850.00,CE,NIFTY25JUN23850CE,1131.70,1145.10,1111.50,1145.10,1145.10,1262.60,24971.90,1145.10,4200,-225,8,14981850.00,8,F1,75,,,,,
2025-06-23,2025-06-23,FO,NSE,IDO,55756,,NIFTY,,2025-07-31,2025-07-31,23950.00,PE,NIFTY25JUL23950PE,122.55,144.90,106.70,118.75,117.65,108.80,24971.90,118.75,22875,3000,405,731250401.25,265,F1,75,,,,,
2025-06-23,2025-06-23,FO,NSE,IDO,55738,,NIFTY,,2025-07-31,2025-07-31,23550.00,PE,NIFTY25JUL23550PE,77.70,92.45,69.00,75.00,75.85,71.05,24971.90,75.00,29925,3225,190,336732907.50,134,F1,75,,,,,
2025-06-23,2025-06-23,FO,NSE,IDO,55702,,NIFTY,,2025-07-31,2025-07-31,22950.00,PE,NIFTY25JUL22950PE,42.55,48.85,35.80,38.50,38.45,38.95,24971.90,38.50,20700,1500,195,336250252.50,96,F1,75,,,,,
2025-06-23,2025-06-23,FO,NSE,IDO,55692,,NIFTY,,2025-07-31,2025-07-31,22750.00,PE,NIFTY25JUL22750PE,34.70,34.70,28.65,31.00,31.00,32.70,24971.90,31.00,11850,-450,46,78596958.75,33,F1,75,,,,,
2025-06-23,2025-06-23,FO,NSE,IDO,49586,,NIFTY,,2025-07-24,2025-07-24,26000.00,PE,NIFTY2572426000PE,0.00,0.00,0.00,1215.95,0.00,1215.95,24971.90,1070.00,0,0,0,0.00,0,F1,75,,,,,
2025-06-23,2025-06-23,FO,NSE,IDO,47303,,NIFTY,,2025-07-17,2025-07-17,25550.00,CE,NIFTY2571725550CE,123.75,161.35,111.25,137.45,132.00,177.60,24971.90,137.45,1200,-975,67,129063690.00,65,F1,75,,,,,
2025-06-23,2025-06-23,FO,NSE,IDO,47259,,NIFTY,,2025-07-17,2025-07-17,24650.00,CE,NIFTY2571724650CE,531.40,545.60,531.40,545.60,545.60,655.90,24971.90,671.60,1125,150,2,3778275.00,2,F1,75,,,,,
2025-06-23,2025-06-23,FO,NSE,IDO,47227,,NIFTY,,2025-07-17,2025-07-17,24200.00,CE,NIFTY2571724200CE,0.00,0.00,0.00,1035.95,0.00,1035.95,24971.90,993.00,0,0,0,0.00,0,F1,75,,,,,
2025-06-23,2025-06-23,FO,NSE,IDO,86160,,NIFTY,,2028-06-29,2028-06-29,25000.00,PE,NIFTY28JUN25000PE,0.00,0.00,0.00,2016.80,0.00,2016.80,24971.90,1085.25,0,0,0,0.00,0,F1,75,,,,,
2025-06-23,2025-06-23,FO,NSE,IDO,86148,,NIFTY,,2028-06-29,2028-06-29,22000.00,PE,NIFTY28JUN22000PE,0.00,0.00,0.00,520.05,520.05,520.05,24971.90,468.75,100,0,0,0.00,0,F1,75,,,,,
2025-06-23,2025-06-23,FO,NSE,IDO,86144,,NIFTY,,2028-06-29,2028-06-29,20000.00,PE,NIFTY28JUN20000PE,0.00,0.00,0.00,400.00,400.00,400.00,24971.90,229.55,0,0,0,0.00,0,F1,75,,,,,
2025-06-23,2025-06-23,FO,NSE,IDO,86140,,NIFTY,,2028-06-29,2028-06-29,18000.00,PE,NIFTY28JUN18000PE,0.00,0.00,0.00,396.75,0.00,396.75,24971.90,95.00,0,0,0,0.00,0,F1,75,,,,,
2025-06-23,2025-06-23,FO,NSE,IDO,86138,,NIFTY,,2028-06-29,2028-06-29,17000.00,PE,NIFTY28JUN17000PE,0.00,0.00,0.00,283.10,0.00,283.10,24971.90,56.40,0,0,0,0.00,0,F1,75,,,,,
2025-06-23,2025-06-23,FO,NSE,IDO,53602,,NIFTY,,2027-12-30,2027-12-30,17000.00,PE,NIFTY27DEC17000PE,0.00,0.00,0.00,94.05,94.05,94.05,24971.90,43.65,14200,0,0,0.00,0,F1,75,,,,,
2025-06-23,2025-06-23,FO,NSE,IDO,50984,,NIFTY,,2027-06-24,2027-06-24,27000.00,PE,NIFTY27JUN27000PE,0.00,0.00,0.00,6273.45,0.00,6273.45,24971.90,1829.55,0,0,0,0.00,0,F1,75,,,,,
2025-06-23,2025-06-23,FO,NSE,IDO,58647,,NIFTY,,2026-12-31,2026-12-31,21000.00,PE,NIFTY26DEC21000PE,300.00,300.00,300.00,300.00,300.00,284.15,24971.90,221.30,5700,0,1,1597500.00,1,F1,75,,,,,
2025-06-23,2025-06-23,FO,NSE,IDO,58629,,NIFTY,,2026-12-31,2026-12-31,12000.00,PE,NIFTY26DEC12000PE,0.00,0.00,0.00,20.05,20.05,20.05,24971.90,0.05,1100,0,0,0.00,0,F1,75,,,,,
2025-06-23,2025-06-23,FO,NSE,IDO,38157,,NIFTY,,2026-06-25,2026-06-25,29000.00,PE,NIFTY26JUN29000PE,0.00,0.00,0.00,5546.10,0.00,5546.10,24971.90,3148.55,0,0,0,0.00,0,F1,75,,,,,
2025-06-23,2025-06-23,FO,NSE,IDO,50444,,NIFTY,,2026-06-25,2026-06-25,14000.00,PE,NIFTY26JUN14000PE,0.00,0.00,0.00,24.00,24.00,24.00,24971.90,0.10,1225,0,0,0.00,0,F1,75,,,,,
2025-06-23,2025-06-23,FO,NSE,IDO,47341,,NIFTY,,2025-07-17,2025-07-17,25950.00,PE,NIFTY2571725950PE,0.00,0.00,0.00,1109.50,0.00,1109.50,24971.90,1011.60,0,0,0,0.00,0,F1,75,,,,,
2025-06-23,2025-06-23,FO,NSE,IDO,47363,,NIFTY,,2025-07-17,2025-07-17,26200.00,PE,NIFTY2571726200PE,0.00,0.00,0.00,1303.95,0.00,1303.95,24971.90,1216.25,0,0,0,0.00,0,F1,75,,,,,
2025-06-23,2025-06-23,FO,NSE,IDO,49396,,NIFTY,,2025-07-24,2025-07-24,23550.00,PE,NIFTY2572423550PE,0.00,0.00,0.00,88.50,0.00,88.50,24971.90,56.00,0,0,0,0.00,0,F1,75,,,,,
2025-06-23,2025-06-23,FO,NSE,IDO,49527,,NIFTY,,2025-07-24,2025-07-24,25350.00,PE,NIFTY2572425350PE,0.00,0.00,0.00,752.50,0.00,752.50,24971.90,628.45,0,0,0,0.00,0,F1,75,,,,,
2025-06-23,2025-06-23,FO,NSE,IDO,49616,,NIFTY,,2025-07-24,2025-07-24,26350.00,PE,NIFTY2572426350PE,0.00,0.00,0.00,1503.90,0.00,1503.90,24971.90,1351.00,0,0,0,0.00,0,F1,75,,,,,
2025-06-23,2025-06-23,FO,NSE,IDO,49620,,NIFTY,,2025-07-24,2025-07-24,26450.00,PE,NIFTY2572426450PE,0.00,0.00,0.00,1590.00,0.00,1590.00,24971.90,1435.70,0,0,0,0.00,0,F1,75,,,,,
2025-06-23,2025-06-23,FO,NSE,IDO,55680,,NIFTY,,2025-07-31,2025-07-31,22450.00,PE,NIFTY25JUL22450PE,26.35,28.25,20.95,22.80,23.10,24.80,24971.90,22.80,21600,8400,212,357329906.25,71,F1,75,,,,,
2025-06-23,2025-06-23,FO,NSE,IDO,55744,,NIFTY,,2025-07-31,2025-07-31,23650.00,PE,NIFTY25JUL23650PE,87.00,104.90,77.00,84.30,83.50,79.25,24971.90,84.30,24600,6750,321,571567106.25,187,F1,75,,,,,
2025-06-23,2025-06-23,FO,NSE,IDO,61859,,NIFTY,,2029-12-27,2029-12-27,28000.00,PE,NIFTY29DEC28000PE,0.00,0.00,0.00,1411.30,0.00,1411.30,24971.90,1759.15,0,0,0,0.00,0,F1,75,,,,,
2025-06-23,2025-06-23,FO,NSE,IDO,67773,,NIFTY,,2028-12-28,2028-12-28,19000.00,PE,NIFTY28DEC19000PE,0.00,0.00,0.00,158.00,0.00,158.00,24971.90,167.55,0,0,0,0.00,0,F1,75,,,,,
2025-06-23,2025-06-23,FO,NSE,IDO,86152,,NIFTY,,2028-06-29,2028-06-29,24000.00,PE,NIFTY28JUN24000PE,0.00,0.00,0.00,1692.75,0.00,1692.75,24971.90,842.35,0,0,0,0.00,0,F1,75,,,,,
2025-06-23,2025-06-23,FO,NSE,IDO,53632,,NIFTY,,2027-12-30,2027-12-30,27000.00,PE,NIFTY27DEC27000PE,0.00,0.00,0.00,2492.45,2492.45,2492.45,24971.90,1761.55,75,0,0,0.00,0,F1,75,,,,,
2025-06-23,2025-06-23,FO,NSE,IDO,53611,,NIFTY,,2027-12-30,2027-12-30,20000.00,PE,NIFTY27DEC20000PE,0.00,0.00,0.00,460.00,460.00,460.00,24971.90,205.55,3950,0,0,0.00,0,F1,75,,,,,
2025-06-23,2025-06-23,FO,NSE,IDO,71550,,NIFTY,,2027-06-24,2027-06-24,19000.00,PE,NIFTY27JUN19000PE,0.00,0.00,0.00,182.10,182.10,182.10,24971.90,102.05,600,0,0,0.00,0,F1,75,,,,,
2025-06-23,2025-06-23,FO,NSE,IDO,35237,,NIFTY,,2026-12-31,2026-12-31,30000.00,PE,NIFTY26DEC30000PE,0.00,0.00,0.00,5003.20,0.00,5003.20,24971.90,3554.80,0,0,0,0.00,0,F1,75,,,,,
2025-06-23,2025-06-23,FO,NSE,IDO,71475,,NIFTY,,2026-06-25,2026-06-25,25000.00,PE,NIFTY26JUN25000PE,0.00,0.00,0.00,851.00,851.00,851.00,24971.90,1013.85,4950,0,0,0.00,0,F1,75,,,,,
2025-06-23,2025-06-23,FO,NSE,IDO,37805,,NIFTY,,2026-06-25,2026-06-25,23000.00,PE,NIFTY26JUN23000PE,400.00,400.00,400.00,400.00,400.00,400.00,24971.90,439.05,12600,75,1,1755000.00,1,F1,75,,,,,
2025-06-23,2025-06-23,FO,NSE,IDO,62929,,NIFTY,,2026-03-26,2026-03-26,26000.00,PE,NIFTY26MAR26000PE,0.00,0.00,0.00,1813.30,0.00,1813.30,24971.90,1391.60,0,0,0,0.00,0,F1,75,,,,,
2025-06-23,2025-06-23,FO,NSE,IDO,62925,,NIFTY,,2026-03-26,2026-03-26,24000.00,PE,NIFTY26MAR24000PE,0.00,0.00,0.00,895.25,0.00,895.25,24971.90,611.95,0,0,0,0.00,0,F1,75,,,,,
2025-06-23,2025-06-23,FO,NSE,IDO,62911,,NIFTY,,2026-03-26,2026-03-26,17000.00,PE,NIFTY26MAR17000PE,0.00,0.00,0.00,5.50,0.00,5.50,24971.90,1.55,0,0,0,0.00,0,F1,75,,,,,
2025-06-23,2025-06-23,FO,NSE,IDO,51452,,NIFTY,,2025-12-24,2025-12-24,21000.00,PE,NIFTY25DEC21000PE,99.95,102.00,91.35,96.35,95.25,95.50,24971.90,96.35,698650,12825,1742,2756132403.75,789,F1,75,,,,,
2025-06-23,2025-06-23,FO,NSE,IDO,64693,,NIFTY,,2025-09-25,2025-09-25,24000.00,PE,NIFTY25SEP24000PE,278.90,307.85,256.55,270.85,272.70,257.65,24971.90,270.85,1133700,4725,3784,6891063686.25,2484,F1,75,,,,,
2025-06-23,2025-06-23,FO,NSE,IDO,72327,,NIFTY,,2025-08-28,2025-08-28,26750.00,PE,NIFTY25AUG26750PE,1569.25,1569.25,1569.25,1569.25,1569.25,1497.80,24971.90,1569.25,300,75,1,2123943.75,1,F1,75,,,,,
2025-06-23,2025-06-23,FO,NSE,IDO,72323,,NIFTY,,2025-08-28,2025-08-28,26650.00,PE,NIFTY25AUG26650PE,1485.10,1485.10,1485.10,1485.10,1485.10,1415.70,24971.90,1485.10,300,75,1,2110132.50,1,F1,75,,,,,
2025-06-23,2025-06-23,FO,NSE,IDO,72121,,NIFTY,,2025-08-28,2025-08-28,26250.00,PE,NIFTY25AUG26250PE,1167.00,1167.00,1166.70,1166.85,1166.70,1103.55,24971.90,1166.85,450,150,2,4112527.50,2,F1,75,,,,,
2025-06-23,2025-06-23,FO,NSE,IDO,72075,,NIFTY,,2025-08-28,2025-08-28,25400.00,PE,NIFTY25AUG25400PE,697.50,740.70,615.75,645.20,645.20,605.40,24971.90,797.90,8175,2775,86,168425433.75,50,F1,75,,,,,
2025-06-23,2025-06-23,FO,NSE,IDO,71969,,NIFTY,,2025-08-28,2025-08-28,24850.00,PE,NIFTY25AUG24850PE,418.15,478.55,392.05,392.05,392.05,400.00,24971.90,533.20,1350,225,36,68331847.50,20,F1,75,,,,,
2025-06-23,2025-06-23,FO,NSE,IDO,55882,,NIFTY,,2025-07-31,2025-07-31,26750.00,PE,NIFTY25JUL26750PE,1636.65,1636.65,1636.65,1636.65,1636.65,1559.40,24971.90,1636.65,900,75,1,2128998.75,1,F1,75,,,,,
2025-06-23,2025-06-23,FO,NSE,IDO,55860,,NIFTY,,2025-07-31,2025-07-31,26250.00,PE,NIFTY25JUL26250PE,1175.90,1175.90,1175.30,1175.30,1175.30,1134.80,24971.90,1281.00,1575,0,2,4113840.00,2,F1,75,,,,,
2025-06-23,2025-06-23,FO,NSE,IDO,55856,,NIFTY,,2025-07-31,2025-07-31,26150.00,PE,NIFTY25JUL26150PE,1092.00,1100.80,1092.00,1100.80,1100.80,1016.05,24971.90,1203.10,2025,-150,3,6130762.50,3,F1,75,,,,,
2025-06-23,2025-06-23,FO,NSE,IDO,55830,,NIFTY,,2025-07-31,2025-07-31,25550.00,PE,NIFTY25JUL25550PE,674.00,777.90,642.55,651.50,651.50,605.80,24971.90,782.90,3075,0,58,114243442.50,36,F1,75,,,,,
2025-06-23,2025-06-23,FO,NSE,IDO,55816,,NIFTY,,2025-07-31,2025-07-31,25350.00,PE,NIFTY25JUL25350PE,550.90,650.25,510.85,543.80,543.80,502.25,24971.90,663.45,20850,-525,159,309241953.75,115,F1,75,,,,,
2025-06-23,2025-06-23,FO,NSE,IDO,55796,,NIFTY,,2025-07-31,2025-07-31,24900.00,PE,NIFTY25JUL24900PE,343.00,427.10,313.90,345.40,346.65,313.25,24971.90,345.40,489825,79950,12584,23852074053.75,8486,F1,75,,,,,
2025-06-23,2025-06-23,FO,NSE,IDO,55786,,NIFTY,,2025-07-31,2025-07-31,24650.00,PE,NIFTY25JUL24650PE,265.75,321.40,240.70,263.00,263.65,234.60,24971.90,263.00,35775,-2400,729,1363220576.25,485,F1,75,,,,,
2025-06-23,2025-06-23,FO,NSE,IDO,55782,,NIFTY,,2025-07-31,2025-07-31,24550.00,PE,NIFTY25JUL24550PE,237.85,290.00,215.00,235.15,235.30,213.10,24971.90,235.15,19350,1875,606,1127223172.50,380,F1,75,,,,,
2025-06-23,2025-06-23,FO,NSE,IDO,55764,,NIFTY,,2025-07-31,2025-07-31,24150.00,PE,NIFTY25JUL24150PE,153.65,184.55,137.00,148.20,148.50,135.90,24971.90,148.20,42900,2025,474,864168581.25,357,F1,75,,,,,
2025-06-23,2025-06-23,FO,NSE,IDO,39982,,NIFTY,,2025-06-26,2025-06-26,19000.00,CE,NIFTY25JUN19000CE,5967.00,6059.95,5834.00,6005.30,5985.05,6118.75,24971.90,6005.30,106725,-1875,191,357963408.75,80,F1,75,,,,,
2025-06-23,2025-06-23,FO,NSE,IDO,62077,,NIFTY,,2025-06-26,2025-06-26,20750.00,CE,NIFTY25JUN20750CE,0.00,0.00,0.00,4205.45,4205.45,4205.45,24971.90,4232.10,600,0,0,0.00,0,F1,75,,,,,
2025-06-23,2025-06-23,FO,NSE,IDO,62157,,NIFTY,,2025-06-26,2025-06-26,21700.00,CE,NIFTY25JUN21700CE,0.00,0.00,0.00,3307.25,3307.60,3307.25,24971.90,3282.55,1350,0,0,0.00,0,F1,75,,,,,
2025-06-23,2025-06-23,FO,NSE,IDO,62167,,NIFTY,,2025-06-26,2025-06-26,21900.00,CE,NIFTY25JUN21900CE,0.00,0.00,0.00,3111.05,3111.05,3111.05,24971.90,3082.65,2250,0,0,0.00,0,F1,75,,,,,
2025-06-23,2025-06-23,FO,NSE,IDO,62191,,NIFTY,,2025-06-26,2025-06-26,22300.00,CE,NIFTY25JUN22300CE,2575.45,2575.45,2575.45,2575.45,2575.45,2575.45,24971.90,2682.85,8325,0,2,3731317.50,1,F1,75,,,,,
2025-06-23,2025-06-23,FO,NSE,IDO,62299,,NIFTY,,2025-06-26,2025-06-26,23150.00,CE,NIFTY25JUN23150CE,0.00,0.00,0.00,1966.35,1966.35,1966.35,24971.90,1833.30,2625,0,0,0.00,0,F1,75,,,,,
2025-06-23,2025-06-23,FO,NSE,IDO,62337,,NIFTY,,2025-06-26,2025-06-26,23700.00,CE,NIFTY25JUN23700CE,1217.95,1350.00,1150.00,1290.05,1290.10,1427.20,24971.90,1290.05,34350,-2550,42,78549217.50,29,F1,75,,,,,
2025-06-23,2025-06-23,FO,NSE,IDO,62343,,NIFTY,,2025-06-26,2025-06-26,23800.00,CE,NIFTY25JUN23800CE,1140.10,1289.70,1036.20,1191.45,1191.00,1317.70,24971.90,1191.45,228150,-10950,360,673161750.00,239,F1,75,,,,,
2025-06-23,2025-06-23,FO,NSE,IDO,62367,,NIFTY,,2025-06-26,2025-06-26,24350.00,CE,NIFTY25JUN24350CE,650.05,749.70,512.00,664.95,655.50,786.90,24971.90,664.95,17850,-2700,688,1288103235.00,374,F1,75,,,,,
2025-06-23,2025-06-23,FO,NSE,IDO,62371,,NIFTY,,2025-06-26,2025-06-26,24400.00,CE,NIFTY25JUN24400CE,630.20,711.90,465.00,610.10,606.40,736.45,24971.90,610.10,137925,-12750,6212,11625115687.50,3736,F1,75,,,,,
2025-06-23,2025-06-23,FO,NSE,IDO,71381,,NIFTY,,2025-06-26,2025-06-26,25000.00,CE,NIFTY25JUN25000CE,150.00,201.00,75.10,133.60,126.80,227.90,24971.90,133.60,10573300,2431375,3326363,6267957393311.25,1780337,F1,75,,,,,
2025-06-23,2025-06-23,FO,NSE,IDO,62433,,NIFTY,,2025-06-26,2025-06-26,25800.00,CE,NIFTY25JUN25800CE,4.75,4.80,1.90,2.40,2.00,5.65,24971.90,2.40,4994250,1504350,1020131,1974161965983.75,166161,F1,75,,,,,
2025-06-23,2025-06-23,FO,NSE,IDO,62471,,NIFTY,,2025-06-26,2025-06-26,26450.00,CE,NIFTY25JUN26450CE,1.20,1.50,1.10,1.30,1.10,1.25,24971.90,1.30,336450,-30300,48741,96694761918.75,9090,F1,75,,,,,
2025-06-23,2025-06-23,FO,NSE,IDO,55979,,NIFTY,,2025-07-03,2025-07-03,22800.00,CE,NIFTY2570322800CE,2160.00,2170.00,2150.00,2170.00,2170.00,2234.75,24971.90,2209.25,450,300,4,7488375.00,4,F1,75,,,,,
2025-06-23,2025-06-23,FO,NSE,IDO,56225,,NIFTY,,2025-07-03,2025-07-03,23650.00,CE,NIFTY2570323650CE,1391.75,1391.75,1391.75,1391.75,1391.75,1462.80,24971.90,1391.75,225,75,1,1878131.25,1,F1,75,,,,,
2025-06-23,2025-06-23,FO,NSE,IDO,56231,,NIFTY,,2025-07-03,2025-07-03,23700.00,CE,NIFTY2570323700CE,1200.00,1335.20,1200.00,1335.20,1335.20,1411.00,24971.90,1317.95,825,150,3,5612640.00,3,F1,75,,,,,
2025-06-23,2025-06-23,FO,NSE,IDO,56267,,NIFTY,,2025-07-03,2025-07-03,23850.00,CE,NIFTY2570323850CE,1203.45,1203.45,1203.45,1203.45,1203.45,1284.55,24971.90,1203.45,825,75,1,1879008.75,1,F1,75,,,,,
2025-06-23,2025-06-23,FO,NSE,IDO,56498,,NIFTY,,2025-07-03,2025-07-03,24550.00,CE,NIFTY2570324550CE,500.25,622.80,430.00,542.60,536.65,643.65,24971.90,542.60,8025,3975,634,1190634577.50,457,F1,75,,,,,
2025-06-23,2025-06-23,FO,NSE,IDO,56541,,NIFTY,,2025-07-03,2025-07-03,24650.00,CE,NIFTY2570324650CE,476.35,541.30,359.25,462.35,455.75,565.75,24971.90,462.35,12075,1800,1329,2499462480.00,908,F1,75,,,,,
2025-06-23,2025-06-23,FO,NSE,IDO,56843,,NIFTY,,2025-07-03,2025-07-03,25500.00,CE,NIFTY2570325500CE,69.00,78.00,38.05,51.55,49.90,87.40,24971.90,51.55,1085325,-231225,108768,208444394223.75,60792,F1,75,,,,,
2025-06-23,2025-06-23,FO,NSE,IDO,39836,,NIFTY,,2025-07-10,2025-07-10,22950.00,CE,NIFTY2571022950CE,2097.75,2097.75,2097.75,2097.75,2097.75,2183.35,24971.90,2097.75,150,75,1,1878581.25,1,F1,75,,,,,
2025-06-23,2025-06-23,FO,NSE,IDO,39932,,NIFTY,,2025-07-10,2025-07-10,23950.00,CE,NIFTY2571023950CE,1141.05,1141.05,1139.15,1140.10,1139.15,1245.15,24971.90,1140.10,375,150,2,3763515.00,2,F1,75,,,,,
2025-06-23,2025-06-23,FO,NSE,IDO,39983,,NIFTY,,2025-07-10,2025-07-10,24600.00,CE,NIFTY2571024600CE,575.00,645.95,473.50,574.90,568.85,673.00,24971.90,574.90,8475,2475,457,861545625.00,262,F1,75,,,,,
2025-06-23,2025-06-23,FO,NSE,IDO,40058,,NIFTY,,2025-07-10,2025-07-10,25600.00,CE,NIFTY2571025600CE,85.05,102.85,57.95,77.20,74.45,111.25,24971.90,77.20,60000,26850,2518,4848464835.00,1663,F1,75,,,,,
2025-06-23,2025-06-23,FO,NSE,IDO,40072,,NIFTY,,2025-07-10,2025-07-10,25800.00,CE,NIFTY2571025800CE,49.35,59.45,32.55,42.30,40.55,63.60,24971.90,42.30,106500,18525,3387,6564437936.25,2368,F1,75,,,,,
2025-06-23,2025-06-23,FO,NSE,IDO,40138,,NIFTY,,2025-07-10,2025-07-10,26700.00,CE,NIFTY2571026700CE,3.30,4.50,3.10,4.00,3.95,3.80,24971.90,4.00,31800,11175,1220,2443420886.25,720,F1,75,,,,,
2025-06-23,2025-06-23,FO,NSE,IDO,47152,,NIFTY,,2025-07-17,2025-07-17,23450.00,CE,NIFTY2571723450CE,0.00,0.00,0.00,1642.85,0.00,1642.85,24971.90,1642.50,0,0,0,0.00,0,F1,75,,,,,
2025-06-23,2025-06-23,FO,NSE,IDO,47173,,NIFTY,,2025-07-17,2025-07-17,23750.00,CE,NIFTY2571723750CE,0.00,0.00,0.00,1386.05,0.00,1386.05,24971.90,1369.65,0,0,0,0.00,0,F1,75,,,,,
2025-06-23,2025-06-23,FO,NSE,IDO,47261,,NIFTY,,2025-07-17,2025-07-17,24700.00,CE,NIFTY2571724700CE,525.95,606.05,480.00,565.75,565.75,651.75,24971.90,565.75,3825,-1050,70,132468262.50,57,F1,75,,,,,
2025-06-23,2025-06-23,FO,NSE,IDO,47269,,NIFTY,,2025-07-17,2025-07-17,24900.00,CE,NIFTY2571724900CE,433.25,494.30,355.05,434.25,423.00,505.80,24971.90,434.25,10050,1650,523,992869807.50,412,F1,75,,,,,
2025-06-23,2025-06-23,FO,NSE,IDO,47297,,NIFTY,,2025-07-17,2025-07-17,25400.00,CE,NIFTY2571725400CE,175.85,218.30,152.00,183.15,178.85,234.00,24971.90,183.15,9000,1800,187,358769621.25,138,F1,75,,,,,
2025-06-23,2025-06-23,FO,NSE,IDO,47313,,NIFTY,,2025-07-17,2025-07-17,25700.00,CE,NIFTY2571725700CE,0.00,0.00,0.00,266.20,0.00,266.20,24971.90,195.10,0,0,0,0.00,0,F1,75,,,,,
2025-06-23,2025-06-23,FO,NSE,IDO,47386,,NIFTY,,2025-07-17,2025-07-17,26750.00,CE,NIFTY2571726750CE,0.00,0.00,0.00,69.00,0.00,69.00,24971.90,33.95,0,0,0,0.00,0,F1,75,,,,,
2025-06-23,2025-06-23,FO,NSE,IDO,49363,,NIFTY,,2025-07-24,2025-07-24,23050.00,CE,NIFTY2572423050CE,0.00,0.00,0.00,1915.60,0.00,1915.60,24971.90,2062.40,0,0,0,0.00,0,F1,75,,,,,
2025-06-23,2025-06-23,FO,NSE,IDO,49490,,NIFTY,,2025-07-24,2025-07-24,25050.00,CE,NIFTY2572425050CE,378.75,453.15,340.15,413.60,413.60,471.55,24971.90,413.60,3750,1800,58,110741302.50,51,F1,75,,,,,
2025-06-23,2025-06-23,FO,NSE,IDO,49492,,NIFTY,,2025-07-24,2025-07-24,25100.00,CE,NIFTY2572425100CE,432.90,432.90,310.00,371.65,367.05,441.85,24971.90,371.65,4125,2775,191,364788945.00,144,F1,75,,,,,
2025-06-23,2025-06-23,FO,NSE,IDO,49555,,NIFTY,,2025-07-24,2025-07-24,25600.00,CE,NIFTY2572425600CE,150.80,192.00,130.00,162.10,157.50,203.20,24971.90,162.10,8475,4800,277,535018942.50,162,F1,75,,,,,
2025-06-23,2025-06-23,FO,NSE,IDO,49613,,NIFTY,,2025-07-24,2025-07-24,26350.00,CE,NIFTY2572426350CE,0.00,0.00,0.00,102.05,0.00,102.05,24971.90,109.95,0,0,0,0.00,0,F1,75,,,,,
2025-06-23,2025-06-23,FO,NSE,IDO,55681,,NIFTY,,2025-07-31,2025-07-31,22500.00,CE,NIFTY25JUL22500CE,2590.00,2672.00,2430.00,2585.80,2578.00,2698.25,24971.90,2585.80,282900,49200,964,1810992191.25,757,F1,75,,,,,
2025-06-23,2025-06-23,FO,NSE,IDO,55685,,NIFTY,,2025-07-31,2025-07-31,22600.00,CE,NIFTY25JUL22600CE,2420.00,2435.00,2420.00,2430.00,2430.00,2543.70,24971.90,2529.00,3675,2925,48,90106125.00,9,F1,75,,,,,
2025-06-23,2025-06-23,FO,NSE,IDO,55693,,NIFTY,,2025-07-31,2025-07-31,22800.00,CE,NIFTY25JUL22800CE,2190.00,2200.00,2150.95,2200.00,2200.00,2368.00,24971.90,2337.05,1050,150,4,7494821.25,4,F1,75,,,,,
2025-06-23,2025-06-23,FO,NSE,IDO,55757,,NIFTY,,2025-07-31,2025-07-31,24000.00,CE,NIFTY25JUL24000CE,1198.90,1293.70,1076.95,1209.85,1202.05,1304.00,24971.90,1209.85,521400,84975,3201,6041930707.50,2234,F1,75,,,,,
2025-06-23,2025-06-23,FO,NSE,IDO,55767,,NIFTY,,2025-07-31,2025-07-31,24250.00,CE,NIFTY25JUL24250CE,909.00,1070.15,909.00,1070.15,1070.15,983.00,24971.90,1085.80,1425,300,21,39713006.25,13,F1,75,,,,,
2025-06-23,2025-06-23,FO,NSE,IDO,55807,,NIFTY,,2025-07-31,2025-07-31,25200.00,CE,NIFTY25JUL25200CE,380.30,426.25,307.60,374.15,367.70,435.45,24971.90,374.15,500250,132075,13543,25957277823.75,8195,F1,75,,,,,
2025-06-23,2025-06-23,FO,NSE,IDO,55821,,NIFTY,,2025-07-31,2025-07-31,25450.00,CE,NIFTY25JUL25450CE,267.05,298.45,213.55,259.00,254.90,308.10,24971.90,259.00,14700,2475,468,901716120.00,311,F1,75,,,,,
2025-06-23,2025-06-23,FO,NSE,IDO,55829,,NIFTY,,2025-07-31,2025-07-31,25550.00,CE,NIFTY25JUL25550CE,270.90,270.90,179.20,220.50,216.15,265.60,24971.90,220.50,24675,3900,554,1070196120.00,408,F1,75,,,,,
2025-06-23,2025-06-23,FO,NSE,IDO,55837,,NIFTY,,2025-07-31,2025-07-31,25750.00,CE,NIFTY25JUL25750CE,163.25,187.25,125.65,156.70,154.65,194.00,24971.90,156.70,32400,5025,639,1241175483.75,424,F1,75,,,,,
2025-06-23,2025-06-23,FO,NSE,IDO,55853,,NIFTY,,2025-07-31,2025-07-31,26100.00,CE,NIFTY25JUL26100CE,96.50,99.00,65.00,80.40,80.45,101.90,24971.90,80.40,244425,-6375,5134,10079379172.50,3278,F1,75,,,,,
2025-06-23,2025-06-23,FO,NSE,IDO,55869,,NIFTY,,2025-07-31,2025-07-31,26500.00,CE,NIFTY25JUL26500CE,40.15,42.60,28.10,33.70,33.30,44.35,24971.90,33.70,1396800,95775,28991,57690963615.00,15482,F1,75,,,,,
2025-06-23,2025-06-23,FO,NSE,IDO,71851,,NIFTY,,2025-08-28,2025-08-28,23250.00,CE,NIFTY25AUG23250CE,0.00,0.00,0.00,2080.50,2080.50,2080.50,24971.90,2088.05,75,0,0,0.00,0,F1,75,,,,,
2025-06-23,2025-06-23,FO,NSE,IDO,71938,,NIFTY,,2025-08-28,2025-08-28,24150.00,CE,NIFTY25AUG24150CE,1237.70,1287.70,1237.70,1272.55,1287.70,1363.70,24971.90,1272.55,75,-75,3,5717460.00,3,F1,75,,,,,
2025-06-23,2025-06-23,FO,NSE,IDO,71940,,NIFTY,,2025-08-28,2025-08-28,24200.00,CE,NIFTY25AUG24200CE,1199.05,1199.05,1199.05,1199.05,1199.05,1324.45,24971.90,1342.65,75,-75,1,1904928.75,1,F1,75,,,,,
2025-06-23,2025-06-23,FO,NSE,IDO,71960,,NIFTY,,2025-08-28,2025-08-28,24650.00,CE,NIFTY25AUG24650CE,917.45,917.45,917.45,917.45,917.45,982.10,24971.90,917.45,375,75,1,1917558.75,1,F1,75,,,,,
2025-06-23,2025-06-23,FO,NSE,IDO,71962,,NIFTY,,2025-08-28,2025-08-28,24700.00,CE,NIFTY25AUG24700CE,858.70,897.85,795.00,871.90,879.60,958.70,24971.90,871.90,9375,-225,39,74680001.25,25,F1,75,,,,,
2025-06-23,2025-06-23,FO,NSE,IDO,71966,,NIFTY,,2025-08-28,2025-08-28,24800.00,CE,NIFTY25AUG24800CE,826.60,860.65,728.25,811.10,799.50,882.00,24971.90,811.10,31125,2250,163,312728767.50,115,F1,75,,,,,
2025-06-23,2025-06-23,FO,NSE,IDO,72098,,NIFTY,,2025-08-28,2025-08-28,25750.00,CE,NIFTY25AUG25750CE,314.35,350.70,275.75,321.95,316.95,359.85,24971.90,321.95,2925,825,58,113351283.75,43,F1,75,,,,,
2025-06-23,2025-06-23,FO,NSE,IDO,72115,,NIFTY,,2025-08-28,2025-08-28,26150.00,CE,NIFTY25AUG26150CE,0.00,0.00,0.00,249.00,249.00,249.00,24971.90,371.90,600,0,0,0.00,0,F1,75,,,,,
2025-06-23,2025-06-23,FO,NSE,IDO,72311,,NIFTY,,2025-08-28,2025-08-28,26550.00,CE,NIFTY25AUG26550CE,0.00,0.00,0.00,384.05,0.00,384.05,24971.90,268.00,0,0,0,0.00,0,F1,75,,,,,
2025-06-23,2025-06-23,FO,NSE,IDO,64686,,NIFTY,,2025-09-25,2025-09-25,21000.00,CE,NIFTY25SEP21000CE,4160.55,4346.10,4114.85,4255.05,4256.90,4353.95,24971.90,4255.05,212775,33675,557,1053779302.50,437,F1,75,,,,,
2025-06-23,2025-06-23,FO,NSE,IDO,36688,,NIFTY,,2025-12-24,2025-12-24,19500.00,CE,NIFTY25DEC19500CE,0.00,0.00,0.00,5980.00,5980.00,5980.00,24971.90,6075.70,1150,0,0,0.00,0,F1,75,,,,,
2025-06-23,2025-06-23,FO,NSE,IDO,71393,,NIFTY,,2025-12-24,2025-12-24,24000.00,CE,NIFTY25DEC24000CE,1997.15,2154.75,1990.35,2090.65,2075.00,2174.65,24971.90,2090.65,905450,-1350,338,660745623.75,264,F1,75,,,,,
2025-06-23,2025-06-23,FO,NSE,IDO,71399,,NIFTY,,2025-12-24,2025-12-24,26000.00,CE,NIFTY25DEC26000CE,826.00,864.95,763.75,826.15,818.00,872.90,24971.90,826.15,1664775,10350,2892,5814140287.50,1996,F1,75,,,,,
2025-06-23,2025-06-23,FO,NSE,IDO,53628,,NIFTY,,2027-12-30,2027-12-30,26000.00,CE,NIFTY27DEC26000CE,0.00,0.00,0.00,3162.40,0.00,3162.40,24971.90,4107.20,0,0,0,0.00,0,F1,75,,,,,
2025-06-23,2025-06-23,FO,NSE,IDO,67776,,NIFTY,,2028-12-28,2028-12-28,21000.00,CE,NIFTY28DEC21000CE,0.00,0.00,0.00,7512.50,0.00,7512.50,24971.90,8401.20,0,0,0,0.00,0,F1,75,,,,,
2025-06-23,2025-06-23,FO,NSE,IDO,67788,,NIFTY,,2028-12-28,2028-12-28,27000.00,CE,NIFTY28DEC27000CE,0.00,0.00,0.00,4437.95,0.00,4437.95,24971.90,4836.05,0,0,0,0.00,0,F1,75,,,,,
2025-06-23,2025-06-23,FO,NSE,IDO,67792,,NIFTY,,2028-12-28,2028-12-28,29000.00,CE,NIFTY28DEC29000CE,0.00,0.00,0.00,3645.75,0.00,3645.75,24971.90,3928.10,0,0,0,0.00,0,F1,75,,,,,
2025-06-23,2025-06-23,FO,NSE,IDO,89616,,NIFTY,,2029-06-28,2029-06-28,20000.00,CE,NIFTY29JUN20000CE,0.00,0.00,0.00,10410.00,0.00,10410.00,24971.90,9601.20,0,0,0,0.00,0,F1,75,,,,,
2025-06-23,2025-06-23,FO,NSE,IDO,61382,,NIFTY,,2029-12-27,2029-12-27,17000.00,CE,NIFTY29DEC17000CE,0.00,0.00,0.00,12022.30,0.00,12022.30,24971.90,12172.25,0,0,0,0.00,0,F1,75,,,,,
2025-06-23,2025-06-23,FO,NSE,IDO,43386,,NIFTY,,2025-06-26,2025-06-26,14000.00,PE,NIFTY25JUN14000PE,0.60,0.70,0.50,0.60,0.50,0.70,24971.90,0.60,841400,321675,105682,110970753630.00,10644,F1,75,,,,,
2025-06-23,2025-06-23,FO,NSE,IDO,39680,,NIFTY,,2025-06-26,2025-06-26,16000.00,PE,NIFTY25JUN16000PE,0.55,0.70,0.50,0.60,0.50,0.65,24971.90,0.60,390300,221025,40434,48522569985.00,5281,F1,75,,,,,
2025-06-23,2025-06-23,FO,NSE,IDO,38375,,NIFTY,,2025-06-26,2025-06-26,20000.00,PE,NIFTY25JUN20000PE,0.75,1.00,0.55,0.75,0.70,0.80,24971.90,0.75,2909050,66175,90439,135663527122.50,16592,F1,75,,,,,
2025-06-23,2025-06-23,FO,NSE,IDO,62124,,NIFTY,,2025-06-26,2025-06-26,21100.00,PE,NIFTY25JUN21100PE,1.00,1.65,0.75,1.35,1.30,1.10,24971.90,1.35,254250,54750,23582,37320494355.00,3247,F1,75,,,,,
2025-06-23,2025-06-23,FO,NSE,IDO,62132,,NIFTY,,2025-06-26,2025-06-26,21200.00,PE,NIFTY25JUN21200PE,1.10,1.60,0.80,1.40,1.60,1.10,24971.90,1.40,153450,74850,21800,34663857596.25,3723,F1,75,,,,,
2025-06-23,2025-06-23,FO,NSE,IDO,62148,,NIFTY,,2025-06-26,2025-06-26,21600.00,PE,NIFTY25JUN21600PE,1.40,1.95,0.95,1.65,1.55,1.35,24971.90,1.65,85650,55650,17102,27706876383.75,3768,F1,75,,,,,
2025-06-23,2025-06-23,FO,NSE,IDO,62160,,NIFTY,,2025-06-26,2025-06-26,21700.00,PE,NIFTY25JUN21700PE,3.00,3.00,1.00,1.70,1.50,1.35,24971.90,1.70,124425,11250,22702,36949705083.75,4379,F1,75,,,,,
2025-06-23,2025-06-23,FO,NSE,IDO,62332,,NIFTY,,2025-06-26,2025-06-26,23550.00,PE,NIFTY25JUN23550PE,8.55,8.90,4.00,4.90,4.40,7.75,24971.90,4.90,365475,22575,57120,100908873982.50,22111,F1,75,,,,,
2025-06-23,2025-06-23,FO,NSE,IDO,62344,,NIFTY,,2025-06-26,2025-06-26,23800.00,PE,NIFTY25JUN23800PE,12.20,15.75,5.65,6.50,5.75,11.00,24971.90,6.50,4895700,-234900,301809,538887289968.75,97463,F1,75,,,,,
2025-06-23,2025-06-23,FO,NSE,IDO,62366,,NIFTY,,2025-06-26,2025-06-26,24300.00,PE,NIFTY25JUN24300PE,32.15,38.00,14.45,16.55,15.00,23.65,24971.90,16.55,2775375,-150600,460480,839936902560.00,185921,F1,75,,,,,
2025-06-23,2025-06-23,FO,NSE,IDO,62370,,NIFTY,,2025-06-26,2025-06-26,24350.00,PE,NIFTY25JUN24350PE,35.00,36.00,16.10,18.60,17.10,25.85,24971.90,18.60,896925,126975,225984,413109763020.00,112579,F1,75,,,,,
2025-06-23,2025-06-23,FO,NSE,IDO,62372,,NIFTY,,2025-06-26,2025-06-26,24400.00,PE,NIFTY25JUN24400PE,41.00,41.90,18.20,21.15,20.10,28.15,24971.90,21.15,3401400,505125,536853,983535500501.25,234330,F1,75,,,,,
2025-06-23,2025-06-23,FO,NSE,IDO,62420,,NIFTY,,2025-06-26,2025-06-26,25450.00,PE,NIFTY25JUN25450PE,474.10,626.60,382.05,470.95,475.60,374.35,24971.90,470.95,27375,-16650,2722,5298822300.00,1597,F1,75,,,,,
2025-06-23,2025-06-23,FO,NSE,IDO,62504,,NIFTY,,2025-06-26,2025-06-26,26750.00,PE,NIFTY25JUN26750PE,0.00,0.00,0.00,1749.00,1749.00,1749.00,24971.90,1765.00,1950,0,0,0.00,0,F1,75,,,,,
2025-06-23,2025-06-23,FO,NSE,IDO,56497,,NIFTY,,2025-07-03,2025-07-03,24500.00,PE,NIFTY2570324500PE,95.95,129.70,73.50,85.25,82.75,77.45,24971.90,85.25,1138650,369825,87547,161519303876.25,50975,F1,75,,,,,
2025-06-23,2025-06-23,FO,NSE,IDO,56532,,NIFTY,,2025-07-03,2025-07-03,24550.00,PE,NIFTY2570324550PE,135.00,142.75,81.15,93.90,92.00,84.95,24971.90,93.90,102750,51975,14818,27406500472.50,8586,F1,75,,,,,
2025-06-23,2025-06-23,FO,NSE,IDO,56740,,NIFTY,,2025-07-03,2025-07-03,25200.00,PE,NIFTY2570325200PE,335.75,459.00,288.15,337.80,338.80,283.20,24971.90,337.80,185775,-63225,12024,23052268091.25,7859,F1,75,,,,,
2025-06-23,2025-06-23,FO,NSE,IDO,57536,,NIFTY,,2025-07-03,2025-07-03,26000.00,PE,NIFTY2570326000PE,993.05,1151.65,914.95,998.95,1012.00,898.35,24971.90,998.95,32775,21675,549,1113221763.75,367,F1,75,,,,,
2025-06-23,2025-06-23,FO,NSE,IDO,58701,,NIFTY,,2025-07-03,2025-07-03,26400.00,PE,NIFTY2570326400PE,1380.40,1380.40,1380.40,1380.40,1380.40,1261.10,24971.90,1392.60,675,75,1,2083530.00,1,F1,75,,,,,
2025-06-23,2025-06-23,FO,NSE,IDO,58715,,NIFTY,,2025-07-03,2025-07-03,26550.00,PE,NIFTY2570326550PE,1529.70,1529.70,1529.70,1529.70,1529.70,1426.60,24971.90,1539.15,675,75,1,2105977.50,1,F1,75,,,,,
2025-06-23,2025-06-23,FO,NSE,IDO,58734,,NIFTY,,2025-07-03,2025-07-03,26850.00,PE,NIFTY2570326850PE,1824.70,1824.70,1824.70,1824.70,1824.70,1712.25,24971.90,1835.60,675,75,1,2150602.50,1,F1,75,,,,,
2025-06-23,2025-06-23,FO,NSE,IDO,39939,,NIFTY,,2025-07-10,2025-07-10,24000.00,PE,NIFTY2571024000PE,65.05,82.35,51.85,58.75,57.00,55.65,24971.90,58.75,179625,44400,5661,10217391648.75,3114,F1,75,,,,,
2025-06-23,2025-06-23,FO,NSE,IDO,47202,,NIFTY,,2025-07-17,2025-07-17,23950.00,PE,NIFTY2571723950PE,87.90,95.70,72.70,72.70,72.70,70.65,24971.90,80.85,2175,0,25,45058413.75,19,F1,75,,,,,
2025-06-23,2025-06-23,FO,NSE,IDO,71959,,NIFTY,,2025-08-28,2025-08-28,24600.00,PE,NIFTY25AUG24600PE,366.20,395.45,316.30,336.55,337.85,317.75,24971.90,336.55,10650,1575,77,144153247.50,54,F1,75,,,,,
2025-06-23,2025-06-23,FO,NSE,IDO,47213,,NIFTY,,2025-07-17,2025-07-17,24050.00,PE,NIFTY2571724050PE,84.25,89.80,81.15,87.15,86.35,132.15,24971.90,87.15,300,150,7,12671786.25,6,F1,75,,,,,
2025-06-23,2025-06-23,FO,NSE,IDO,47244,,NIFTY,,2025-07-17,2025-07-17,24500.00,PE,NIFTY2571724500PE,175.45,216.00,148.15,163.30,164.90,149.25,24971.90,163.30,24825,-4125,730,1351336203.75,477,F1,75,,,,,
2025-06-23,2025-06-23,FO,NSE,IDO,47288,,NIFTY,,2025-07-17,2025-07-17,25200.00,PE,NIFTY2571725200PE,389.00,517.00,375.20,418.00,419.05,371.65,24971.90,418.00,5175,-1725,114,219221602.50,107,F1,75,,,,,
2025-06-23,2025-06-23,FO,NSE,IDO,47316,,NIFTY,,2025-07-17,2025-07-17,25750.00,PE,NIFTY2571725750PE,0.00,0.00,0.00,961.95,0.00,961.95,24971.90,858.90,0,0,0,0.00,0,F1,75,,,,,
2025-06-23,2025-06-23,FO,NSE,IDO,47336,,NIFTY,,2025-07-17,2025-07-17,25900.00,PE,NIFTY2571725900PE,0.00,0.00,0.00,1071.90,0.00,1071.90,24971.90,972.45,0,0,0,0.00,0,F1,75,,,,,
2025-06-23,2025-06-23,FO,NSE,IDO,47144,,NIFTY,,2025-07-17,2025-07-17,23350.00,CE,NIFTY2571723350CE,0.00,0.00,0.00,1731.75,0.00,1731.75,24971.90,1736.15,0,0,0,0.00,0,F1,75,,,,,
2025-06-23,2025-06-23,FO,NSE,IDO,47119,,NIFTY,,2025-07-17,2025-07-17,22950.00,CE,NIFTY2571722950CE,0.00,0.00,0.00,2099.80,0.00,2099.80,24971.90,2120.05,0,0,0,0.00,0,F1,75,,,,,
2025-06-23,2025-06-23,FO,NSE,IDO,40144,,NIFTY,,2025-07-10,2025-07-10,26750.00,CE,NIFTY2571026750CE,4.85,5.40,3.40,4.35,4.00,4.05,24971.90,4.35,14475,2925,246,493612477.50,70,F1,75,,,,,
2025-06-23,2025-06-23,FO,NSE,IDO,40106,,NIFTY,,2025-07-10,2025-07-10,26300.00,CE,NIFTY2571026300CE,8.35,11.55,7.40,8.45,8.25,11.90,24971.90,8.45,65775,17550,1699,3352393196.25,993,F1,75,,,,,
2025-06-23,2025-06-23,FO,NSE,IDO,40042,,NIFTY,,2025-07-10,2025-07-10,25400.00,CE,NIFTY2571025400CE,139.10,170.25,99.00,132.00,129.90,179.70,24971.90,132.00,41175,12375,1948,3729647283.75,1365,F1,75,,,,,
2025-06-23,2025-06-23,FO,NSE,IDO,40040,,NIFTY,,2025-07-10,2025-07-10,25350.00,CE,NIFTY2571025350CE,133.85,189.00,112.75,149.30,146.00,201.35,24971.90,149.30,10350,-1800,591,1129933113.75,424,F1,75,,,,,
2025-06-23,2025-06-23,FO,NSE,IDO,39922,,NIFTY,,2025-07-10,2025-07-10,23850.00,CE,NIFTY2571023850CE,1231.40,1231.40,1231.40,1231.40,1231.40,1327.95,24971.90,1231.40,150,75,1,1881105.00,1,F1,75,,,,,
2025-06-23,2025-06-23,FO,NSE,IDO,39900,,NIFTY,,2025-07-10,2025-07-10,23550.00,CE,NIFTY2571023550CE,1508.90,1508.90,1508.90,1508.90,1508.90,1611.85,24971.90,1508.90,150,75,1,1879417.50,1,F1,75,,,,,
2025-06-23,2025-06-23,FO,NSE,IDO,39890,,NIFTY,,2025-07-10,2025-07-10,23400.00,CE,NIFTY2571023400CE,1677.55,1677.55,1677.55,1677.55,1677.55,1749.95,24971.90,1648.10,75,0,1,1880816.25,1,F1,75,,,,,
2025-06-23,2025-06-23,FO,NSE,IDO,47214,,NIFTY,,2025-07-17,2025-07-17,24100.00,CE,NIFTY2571724100CE,0.00,0.00,0.00,1109.05,0.00,1109.05,24971.90,1072.55,0,0,0,0.00,0,F1,75,,,,,
2025-06-23,2025-06-23,FO,NSE,IDO,47295,,NIFTY,,2025-07-17,2025-07-17,25350.00,CE,NIFTY2571725350CE,187.75,243.55,170.00,204.05,197.15,260.55,24971.90,204.05,2100,375,53,101586911.25,44,F1,75,,,,,
2025-06-23,2025-06-23,FO,NSE,IDO,47357,,NIFTY,,2025-07-17,2025-07-17,26100.00,CE,NIFTY2571726100CE,0.00,0.00,0.00,88.25,88.25,88.25,24971.90,106.85,75,0,0,0.00,0,F1,75,,,,,
2025-06-23,2025-06-23,FO,NSE,IDO,47376,,NIFTY,,2025-07-17,2025-07-17,26550.00,CE,NIFTY2571726550CE,0.00,0.00,0.00,91.70,0.00,91.70,24971.90,49.40,0,0,0,0.00,0,F1,75,,,,,
2025-06-23,2025-06-23,FO,NSE,IDO,49469,,NIFTY,,2025-07-24,2025-07-24,24600.00,CE,NIFTY2572424600CE,673.40,673.40,673.40,673.40,673.40,773.35,24971.90,778.45,375,0,1,1895505.00,1,F1,75,,,,,
2025-06-23,2025-06-23,FO,NSE,IDO,62172,,NIFTY,,2025-06-26,2025-06-26,21950.00,PE,NIFTY25JUN21950PE,1.80,2.30,1.10,1.85,1.65,1.70,24971.90,1.85,61200,28425,21565,35503772696.25,4066,F1,75,,,,,
2025-06-23,2025-06-23,FO,NSE,IDO,62194,,NIFTY,,2025-06-26,2025-06-26,22350.00,PE,NIFTY25JUN22350PE,2.20,2.55,1.35,2.15,2.20,2.20,24971.90,2.15,70950,12450,24469,41019211132.50,4595,F1,75,,,,,
2025-06-23,2025-06-23,FO,NSE,IDO,62208,,NIFTY,,2025-06-26,2025-06-26,22700.00,PE,NIFTY25JUN22700PE,2.15,3.30,1.50,2.35,2.45,2.75,24971.90,2.35,1013475,-600,76628,130470419283.75,17678,F1,75,,,,,
2025-06-23,2025-06-23,FO,NSE,IDO,39884,,NIFTY,,2025-07-10,2025-07-10,23350.00,CE,NIFTY2571023350CE,1706.25,1706.25,1705.85,1706.05,1705.85,1807.15,24971.90,1706.05,225,150,2,3758407.50,2,F1,75,,,,,
2025-06-23,2025-06-23,FO,NSE,IDO,56699,,NIFTY,,2025-07-03,2025-07-03,25000.00,CE,NIFTY2570325000CE,250.00,297.25,168.45,232.50,228.00,314.70,24971.90,232.50,2272875,386925,135668,256621416960.00,79608,F1,75,,,,,
2025-06-23,2025-06-23,FO,NSE,IDO,56671,,NIFTY,,2025-07-03,2025-07-03,24900.00,CE,NIFTY2570324900CE,311.40,361.35,214.35,288.80,283.50,380.15,24971.90,288.80,528825,213000,70467,132999491501.25,42271,F1,75,,,,,
2025-06-23,2025-06-23,FO,NSE,IDO,56085,,NIFTY,,2025-07-03,2025-07-03,23150.00,CE,NIFTY2570323150CE,1873.25,1873.25,1873.25,1873.25,1873.25,1968.60,24971.90,1873.25,225,75,1,1876743.75,1,F1,75,,,,,
2025-06-23,2025-06-23,FO,NSE,IDO,55989,,NIFTY,,2025-07-03,2025-07-03,23000.00,CE,NIFTY2570323000CE,1888.00,2050.10,1880.00,2025.85,2025.85,2117.65,24971.90,2025.85,450,225,6,11225883.75,6,F1,75,,,,,
2025-06-23,2025-06-23,FO,NSE,IDO,55983,,NIFTY,,2025-07-03,2025-07-03,22900.00,CE,NIFTY2570322900CE,2119.80,2119.80,2119.80,2119.80,2119.80,2215.40,24971.90,2119.80,225,75,1,1876485.00,1,F1,75,,,,,
2025-06-23,2025-06-23,FO,NSE,IDO,62473,,NIFTY,,2025-06-26,2025-06-26,26500.00,CE,NIFTY25JUN26500CE,1.40,1.55,1.05,1.30,1.10,1.25,24971.90,1.30,10268775,5564100,592618,1177886721847.50,74414,F1,75,,,,,
2025-06-23,2025-06-23,FO,NSE,IDO,62465,,NIFTY,,2025-06-26,2025-06-26,26300.00,CE,NIFTY25JUN26300CE,1.25,2.05,1.20,1.40,1.25,1.45,24971.90,1.40,3262650,823050,191881,378505235205.00,27486,F1,75,,,,,
2025-06-23,2025-06-23,FO,NSE,IDO,62447,,NIFTY,,2025-06-26,2025-06-26,26100.00,CE,NIFTY25JUN26100CE,8.00,8.00,1.35,1.55,1.35,2.00,24971.90,1.55,3770700,412425,283505,554993899005.00,54523,F1,75,,,,,
2025-06-23,2025-06-23,FO,NSE,IDO,62423,,NIFTY,,2025-06-26,2025-06-26,25550.00,CE,NIFTY25JUN25550CE,17.65,17.65,5.10,6.60,5.45,20.55,24971.90,6.60,1389450,349200,556168,1066092048768.75,158276,F1,75,,,,,
2025-06-23,2025-06-23,FO,NSE,IDO,62407,,NIFTY,,2025-06-26,2025-06-26,25200.00,CE,NIFTY25JUN25200CE,69.15,92.75,28.05,49.65,45.75,114.10,24971.90,49.65,6030375,1298625,1930818,3656602465856.25,847474,F1,75,,,,,
2025-06-23,2025-06-23,FO,NSE,IDO,71379,,NIFTY,,2025-06-26,2025-06-26,24000.00,CE,NIFTY25JUN24000CE,1042.10,1103.90,836.15,1002.45,996.80,1130.05,24971.90,1002.45,1275375,-53200,8148,15238886156.25,4502,F1,75,,,,,
2025-06-23,2025-06-23,FO,NSE,IDO,62323,,NIFTY,,2025-06-26,2025-06-26,23350.00,CE,NIFTY25JUN23350CE,0.00,0.00,0.00,1475.00,1475.00,1475.00,24971.90,1633.40,6525,0,0,0.00,0,F1,75,,,,,
2025-06-23,2025-06-23,FO,NSE,IDO,62309,,NIFTY,,2025-06-26,2025-06-26,23200.00,CE,NIFTY25JUN23200CE,1740.00,1860.00,1649.00,1798.70,1792.00,1902.70,24971.90,1798.70,56325,-1575,35,65501253.75,25,F1,75,,,,,
2025-06-23,2025-06-23,FO,NSE,IDO,62215,,NIFTY,,2025-06-26,2025-06-26,22850.00,CE,NIFTY25JUN22850CE,0.00,0.00,0.00,1990.00,1990.00,1990.00,24971.90,2133.15,2325,0,0,0.00,0,F1,75,,,,,
2025-06-23,2025-06-23,FO,NSE,IDO,62189,,NIFTY,,2025-06-26,2025-06-26,22250.00,CE,NIFTY25JUN22250CE,2808.00,2808.00,2789.00,2789.00,2789.00,2742.05,24971.90,2732.85,450,-3900,58,108960150.00,7,F1,75,,,,,
2025-06-23,2025-06-23,FO,NSE,IDO,62071,,NIFTY,,2025-06-26,2025-06-26,20600.00,CE,NIFTY25JUN20600CE,0.00,0.00,0.00,4353.70,4353.70,4353.70,24971.90,4382.05,600,0,0,0.00,0,F1,75,,,,,
2025-06-23,2025-06-23,FO,NSE,IDF,56785,,NIFTY,,2025-06-26,2025-06-26,,,NIFTY25JUNFUT,24975.00,25090.00,24825.00,24993.30,24993.00,25111.70,24971.90,24993.30,9159975,-1694025,110836,207427057342.50,72419,F1,75,,,,,
2025-06-23,2025-06-23,FO,NSE,IDO,62326,,NIFTY,,2025-06-26,2025-06-26,23400.00,PE,NIFTY25JUN23400PE,7.25,8.70,3.30,4.25,3.90,6.60,24971.90,4.25,1765950,55575,157176,275891389856.25,48127,F1,75,,,,,
2025-06-23,2025-06-23,FO,NSE,IDO,62350,,NIFTY,,2025-06-26,2025-06-26,23950.00,PE,NIFTY25JUN23950PE,15.50,16.00,7.05,8.40,7.25,13.70,24971.90,8.40,493350,-103725,132000,237198461152.50,45910,F1,75,,,,,
2025-06-23,2025-06-23,FO,NSE,IDO,62414,,NIFTY,,2025-06-26,2025-06-26,25300.00,PE,NIFTY25JUN25300PE,324.00,494.05,263.05,331.95,333.10,258.80,24971.90,331.95,507675,-191625,54785,105413000381.25,30564,F1,75,,,,,
2025-06-23,2025-06-23,FO,NSE,IDO,55984,,NIFTY,,2025-07-03,2025-07-03,22900.00,PE,NIFTY2570322900PE,6.20,10.85,5.10,6.70,6.45,8.40,24971.90,6.70,117300,75225,6454,11088343530.00,3864,F1,75,,,,,
2025-06-23,2025-06-23,FO,NSE,IDO,56086,,NIFTY,,2025-07-03,2025-07-03,23150.00,PE,NIFTY2570323150PE,11.60,12.75,7.60,9.15,8.90,11.60,24971.90,9.15,24750,16500,865,1502460622.50,535,F1,75,,,,,
2025-06-23,2025-06-23,FO,NSE,IDO,56887,,NIFTY,,2025-07-03,2025-07-03,25500.00,PE,NIFTY2570325500PE,570.00,696.35,479.40,545.00,557.00,469.15,24971.90,545.00,102750,28200,3475,6795598815.00,1912,F1,75,,,,,
2025-06-23,2025-06-23,FO,NSE,IDO,56924,,NIFTY,,2025-07-03,2025-07-03,25550.00,PE,NIFTY2570325550PE,618.95,732.35,530.70,594.85,602.15,506.90,24971.90,594.85,3525,-600,217,426265477.50,119,F1,75,,,,,
2025-06-23,2025-06-23,FO,NSE,IDO,58686,,NIFTY,,2025-07-03,2025-07-03,26200.00,PE,NIFTY2570326200PE,1181.90,1181.90,1181.90,1181.90,1181.90,1089.20,24971.90,1200.25,1050,75,1,2053642.50,1,F1,75,,,,,
2025-06-23,2025-06-23,FO,NSE,IDO,58697,,NIFTY,,2025-07-03,2025-07-03,26300.00,PE,NIFTY2570326300PE,1267.05,1270.60,1267.05,1270.60,1270.60,1197.55,24971.90,1295.85,300,150,2,4135323.75,2,F1,75,,,,,
2025-06-23,2025-06-23,FO,NSE,IDO,39851,,NIFTY,,2025-07-10,2025-07-10,23200.00,PE,NIFTY2571023200PE,20.60,24.50,17.45,18.95,19.00,20.75,24971.90,18.95,16950,4875,480,835933500.00,209,F1,75,,,,,
2025-06-23,2025-06-23,FO,NSE,IDO,39941,,NIFTY,,2025-07-10,2025-07-10,24050.00,PE,NIFTY2571024050PE,70.00,87.10,59.50,65.45,64.35,59.25,24971.90,65.45,9450,3375,90,162791100.00,43,F1,75,,,,,
2025-06-23,2025-06-23,FO,NSE,IDO,39943,,NIFTY,,2025-07-10,2025-07-10,24100.00,PE,NIFTY2571024100PE,80.00,95.80,60.40,68.55,67.00,64.75,24971.90,68.55,56475,17850,1846,3347040911.25,1286,F1,75,,,,,
2025-06-23,2025-06-23,FO,NSE,IDO,40001,,NIFTY,,2025-07-10,2025-07-10,24750.00,PE,NIFTY2571024750PE,193.30,269.55,169.85,195.15,197.05,173.85,24971.90,195.15,12975,-1350,499,934441687.50,320,F1,75,,,,,
2025-06-23,2025-06-23,FO,NSE,IDO,40023,,NIFTY,,2025-07-10,2025-07-10,25100.00,PE,NIFTY2571025100PE,327.65,435.00,295.70,334.40,334.30,292.60,24971.90,334.40,44925,1800,1530,2921640780.00,914,F1,75,,,,,
2025-06-23,2025-06-23,FO,NSE,IDO,40037,,NIFTY,,2025-07-10,2025-07-10,25250.00,PE,NIFTY2571025250PE,442.00,519.00,375.95,410.50,413.90,362.95,24971.90,410.50,4125,-1350,201,387630461.25,92,F1,75,,,,,
2025-06-23,2025-06-23,FO,NSE,IDO,40077,,NIFTY,,2025-07-10,2025-07-10,25900.00,PE,NIFTY2571025900PE,884.90,884.90,884.90,884.90,884.90,777.90,24971.90,946.60,1200,0,1,2008867.50,1,F1,75,,,,,
2025-06-23,2025-06-23,FO,NSE,IDO,40107,,NIFTY,,2025-07-10,2025-07-10,26300.00,PE,NIFTY2571026300PE,1252.60,1252.60,1252.60,1252.60,1252.60,1169.15,24971.90,1252.60,225,75,1,2066445.00,1,F1,75,,,,,
2025-06-23,2025-06-23,FO,NSE,IDO,47226,,NIFTY,,2025-07-17,2025-07-17,24150.00,PE,NIFTY2571724150PE,105.00,131.65,90.70,101.70,102.40,92.15,24971.90,101.70,1425,-3900,164,298314082.50,132,F1,75,,,,,
2025-06-23,2025-06-23,FO,NSE,IDO,47266,,NIFTY,,2025-07-17,2025-07-17,24800.00,PE,NIFTY2571724800PE,251.05,325.00,226.35,251.85,252.40,224.40,24971.90,251.85,43875,16275,596,1120889186.25,372,F1,75,,,,,
2025-06-23,2025-06-23,FO,NSE,IDO,47300,,NIFTY,,2025-07-17,2025-07-17,25450.00,PE,NIFTY2571725450PE,0.00,0.00,0.00,761.40,0.00,761.40,24971.90,652.25,0,0,0,0.00,0,F1,75,,,,,
2025-06-23,2025-06-23,FO,NSE,IDO,47311,,NIFTY,,2025-07-17,2025-07-17,25650.00,PE,NIFTY2571725650PE,0.00,0.00,0.00,892.50,0.00,892.50,24971.90,786.90,0,0,0,0.00,0,F1,75,,,,,
2025-06-23,2025-06-23,FO,NSE,IDO,47353,,NIFTY,,2025-07-17,2025-07-17,26000.00,PE,NIFTY2571726000PE,0.00,0.00,0.00,1339.45,1339.45,1339.45,24971.90,1051.35,75,0,0,0.00,0,F1,75,,,,,
2025-06-23,2025-06-23,FO,NSE,IDO,47375,,NIFTY,,2025-07-17,2025-07-17,26500.00,PE,NIFTY2571726500PE,0.00,0.00,0.00,1554.25,0.00,1554.25,24971.90,1478.35,0,0,0,0.00,0,F1,75,,,,,
2025-06-23,2025-06-23,FO,NSE,IDO,47383,,NIFTY,,2025-07-17,2025-07-17,26700.00,PE,NIFTY2571726700PE,0.00,0.00,0.00,1729.00,0.00,1729.00,24971.90,1660.85,0,0,0,0.00,0,F1,75,,,,,
2025-06-23,2025-06-23,FO,NSE,IDO,49364,,NIFTY,,2025-07-24,2025-07-24,23050.00,PE,NIFTY2572423050PE,38.60,38.60,25.55,31.00,31.00,36.80,24971.90,20.60,150,75,7,12119396.25,7,F1,75,,,,,
2025-06-23,2025-06-23,FO,NSE,IDO,49390,,NIFTY,,2025-07-24,2025-07-24,23400.00,PE,NIFTY2572423400PE,0.00,0.00,0.00,69.05,0.00,69.05,24971.90,42.25,0,0,0,0.00,0,F1,75,,,,,
2025-06-23,2025-06-23,FO,NSE,IDO,49460,,NIFTY,,2025-07-24,2025-07-24,24400.00,PE,NIFTY2572424400PE,187.85,215.70,156.15,172.25,173.00,159.60,24971.90,172.25,1725,1050,45,82967062.50,35,F1,75,,,,,
2025-06-23,2025-06-23,FO,NSE,IDO,49567,,NIFTY,,2025-07-24,2025-07-24,25700.00,PE,NIFTY2572425700PE,0.00,0.00,0.00,988.95,0.00,988.95,24971.90,851.60,0,0,0,0.00,0,F1,75,,,,,
2025-06-23,2025-06-23,FO,NSE,IDO,49610,,NIFTY,,2025-07-24,2025-07-24,26250.00,PE,NIFTY2572426250PE,0.00,0.00,0.00,1419.35,0.00,1419.35,24971.90,1268.15,0,0,0,0.00,0,F1,75,,,,,
2025-06-23,2025-06-23,FO,NSE,IDO,49612,,NIFTY,,2025-07-24,2025-07-24,26300.00,PE,NIFTY2572426300PE,0.00,0.00,0.00,1461.40,0.00,1461.40,24971.90,1309.35,0,0,0,0.00,0,F1,75,,,,,
2025-06-23,2025-06-23,FO,NSE,IDO,49626,,NIFTY,,2025-07-24,2025-07-24,26550.00,PE,NIFTY2572426550PE,0.00,0.00,0.00,1677.60,0.00,1677.60,24971.90,1522.05,0,0,0,0.00,0,F1,75,,,,,
2025-06-23,2025-06-23,FO,NSE,IDO,55672,,NIFTY,,2025-07-31,2025-07-31,22250.00,PE,NIFTY25JUL22250PE,22.05,24.45,17.80,19.05,18.20,21.10,24971.90,19.05,421500,18825,2969,4959082245.00,1055,F1,75,,,,,
2025-06-23,2025-06-23,FO,NSE,IDO,55674,,NIFTY,,2025-07-31,2025-07-31,22300.00,PE,NIFTY25JUL22300PE,20.00,25.00,18.25,19.50,19.65,21.35,24971.90,19.50,533250,57075,2587,4330870312.50,934,F1,75,,,,,
2025-06-23,2025-06-23,FO,NSE,IDO,55678,,NIFTY,,2025-07-31,2025-07-31,22400.00,PE,NIFTY25JUL22400PE,25.50,27.40,20.00,21.60,21.50,23.50,24971.90,21.60,133125,-3750,491,825738607.50,303,F1,75,,,,,
2025-06-23,2025-06-23,FO,NSE,IDO,55766,,NIFTY,,2025-07-31,2025-07-31,24200.00,PE,NIFTY25JUL24200PE,153.30,196.20,142.75,156.80,159.80,144.55,24971.90,156.80,370425,5100,4989,9117528052.50,3032,F1,75,,,,,
2025-06-23,2025-06-23,FO,NSE,IDO,55866,,NIFTY,,2025-07-31,2025-07-31,26400.00,PE,NIFTY25JUL26400PE,1389.60,1471.05,1283.00,1283.00,1283.00,1240.05,24971.90,1401.55,1500,0,9,18784320.00,6,F1,75,,,,,
2025-06-23,2025-06-23,FO,NSE,IDO,71844,,NIFTY,,2025-08-28,2025-08-28,23050.00,PE,NIFTY25AUG23050PE,84.20,84.20,84.15,84.15,84.15,81.60,24971.90,85.30,3525,150,2,3470126.25,2,F1,75,,,,,
2025-06-23,2025-06-23,FO,NSE,IDO,71863,,NIFTY,,2025-08-28,2025-08-28,23450.00,PE,NIFTY25AUG23450PE,118.35,118.35,118.20,118.20,118.20,114.55,24971.90,138.70,1200,150,2,3535241.25,2,F1,75,,,,,
2025-06-23,2025-06-23,FO,NSE,IDO,40070,,NIFTY,,2025-07-10,2025-07-10,25750.00,CE,NIFTY2571025750CE,50.35,66.35,36.50,49.30,47.25,72.85,24971.90,49.30,40050,22500,1098,2124190038.75,788,F1,75,,,,,
2025-06-23,2025-06-23,FO,NSE,IDO,71913,,NIFTY,,2025-08-28,2025-08-28,23600.00,PE,NIFTY25AUG23600PE,136.00,163.00,133.95,137.30,138.00,129.60,24971.90,137.30,80775,17325,351,625134757.50,145,F1,75,,,,,
2025-06-23,2025-06-23,FO,NSE,IDO,71915,,NIFTY,,2025-08-28,2025-08-28,23650.00,PE,NIFTY25AUG23650PE,143.95,144.00,142.35,142.90,142.35,134.40,24971.90,142.90,975,300,9,16060492.50,6,F1,75,,,,,
2025-06-23,2025-06-23,FO,NSE,IDO,71929,,NIFTY,,2025-08-28,2025-08-28,23900.00,PE,NIFTY25AUG23900PE,182.00,213.35,177.75,180.30,179.85,171.20,24971.90,180.30,47400,11775,302,545597047.50,128,F1,75,,,,,
2025-06-23,2025-06-23,FO,NSE,IDO,71937,,NIFTY,,2025-08-28,2025-08-28,24100.00,PE,NIFTY25AUG24100PE,224.00,256.10,209.60,219.85,219.85,204.60,24971.90,276.90,6450,0,21,38333096.25,17,F1,75,,,,,
2025-06-23,2025-06-23,FO,NSE,IDO,71949,,NIFTY,,2025-08-28,2025-08-28,24350.00,PE,NIFTY25AUG24350PE,285.65,316.50,249.10,266.75,266.75,254.15,24971.90,348.85,2775,450,55,101662582.50,34,F1,75,,,,,
2025-06-23,2025-06-23,FO,NSE,IDO,71961,,NIFTY,,2025-08-28,2025-08-28,24650.00,PE,NIFTY25AUG24650PE,399.55,412.05,329.10,329.10,329.10,332.95,24971.90,453.15,2400,600,22,41308016.25,14,F1,75,,,,,
2025-06-23,2025-06-23,FO,NSE,IDO,72043,,NIFTY,,2025-08-28,2025-08-28,25350.00,PE,NIFTY25AUG25350PE,669.50,706.25,620.10,620.10,620.10,591.35,24971.90,771.15,4500,150,17,33194568.75,11,F1,75,,,,,
2025-06-23,2025-06-23,FO,NSE,IDO,72116,,NIFTY,,2025-08-28,2025-08-28,26150.00,PE,NIFTY25AUG26150PE,1243.30,1243.30,1144.15,1144.15,1144.15,1044.80,24971.90,1261.30,450,150,10,20495692.50,8,F1,75,,,,,
2025-06-23,2025-06-23,FO,NSE,IDO,72123,,NIFTY,,2025-08-28,2025-08-28,26300.00,PE,NIFTY25AUG26300PE,1203.70,1204.65,1203.70,1204.20,1204.65,1133.35,24971.90,1204.20,375,150,2,4125626.25,2,F1,75,,,,,
2025-06-23,2025-06-23,FO,NSE,IDO,72312,,NIFTY,,2025-08-28,2025-08-28,26550.00,PE,NIFTY25AUG26550PE,1402.75,1403.00,1402.75,1402.90,1403.00,1336.10,24971.90,1402.90,375,150,2,4192931.25,2,F1,75,,,,,
2025-06-23,2025-06-23,FO,NSE,IDO,72317,,NIFTY,,2025-08-28,2025-08-28,26600.00,PE,NIFTY25AUG26600PE,1444.05,1444.05,1444.05,1444.05,1444.05,1375.45,24971.90,1444.05,450,75,1,2103303.75,1,F1,75,,,,,
2025-06-23,2025-06-23,FO,NSE,IDO,64683,,NIFTY,,2025-09-25,2025-09-25,19000.00,PE,NIFTY25SEP19000PE,16.75,16.75,15.50,16.10,16.45,15.75,24971.90,16.10,137025,-4875,249,355124152.50,124,F1,75,,,,,
2025-06-23,2025-06-23,FO,NSE,IDO,62955,,NIFTY,,2026-03-26,2026-03-26,30000.00,PE,NIFTY26MAR30000PE,0.00,0.00,0.00,4604.45,0.00,4604.45,24971.90,4044.55,0,0,0,0.00,0,F1,75,,,,,
2025-06-23,2025-06-23,FO,NSE,IDO,50557,,NIFTY,,2026-06-25,2026-06-25,18000.00,PE,NIFTY26JUN18000PE,0.00,0.00,0.00,3088.05,0.00,3088.05,24971.90,13.50,0,0,0,0.00,0,F1,75,,,,,
2025-06-23,2025-06-23,FO,NSE,IDO,58641,,NIFTY,,2026-12-31,2026-12-31,18000.00,PE,NIFTY26DEC18000PE,0.00,0.00,0.00,132.00,132.00,132.00,24971.90,35.35,5950,0,0,0.00,0,F1,75,,,,,
2025-06-23,2025-06-23,FO,NSE,IDO,58645,,NIFTY,,2026-12-31,2026-12-31,20000.00,PE,NIFTY26DEC20000PE,0.00,0.00,0.00,241.00,241.00,241.00,24971.90,129.70,12325,0,0,0.00,0,F1,75,,,,,
2025-06-23,2025-06-23,FO,NSE,IDO,50548,,NIFTY,,2026-12-31,2026-12-31,28000.00,PE,NIFTY26DEC28000PE,2100.00,2100.00,2057.05,2099.95,2099.95,2044.00,24971.90,2381.70,3375,-75,3,6769275.00,3,F1,75,,,,,
2025-06-23,2025-06-23,FO,NSE,IDO,38159,,NIFTY,,2026-12-31,2026-12-31,29000.00,PE,NIFTY26DEC29000PE,0.00,0.00,0.00,5042.25,0.00,5042.25,24971.90,2940.40,0,0,0,0.00,0,F1,75,,,,,
2025-06-23,2025-06-23,FO,NSE,IDO,86164,,NIFTY,,2028-06-29,2028-06-29,27000.00,PE,NIFTY28JUN27000PE,0.00,0.00,0.00,2752.35,0.00,2752.35,24971.90,1691.25,0,0,0,0.00,0,F1,75,,,,,
2025-06-23,2025-06-23,FO,NSE,IDO,89625,,NIFTY,,2029-06-28,2029-06-28,21000.00,PE,NIFTY29JUN21000PE,0.00,0.00,0.00,320.25,0.00,320.25,24971.90,358.95,0,0,0,0.00,0,F1,75,,,,,
2025-06-23,2025-06-23,FO,NSE,IDO,89639,,NIFTY,,2029-06-28,2029-06-28,28000.00,PE,NIFTY29JUN28000PE,0.00,0.00,0.00,1488.10,0.00,1488.10,24971.90,1854.10,0,0,0,0.00,0,F1,75,,,,,
2025-06-23,2025-06-23,FO,NSE,IDO,61383,,NIFTY,,2029-12-27,2029-12-27,17000.00,PE,NIFTY29DEC17000PE,0.00,0.00,0.00,62.80,0.00,62.80,24971.90,84.40,0,0,0,0.00,0,F1,75,,,,,
2025-06-23,2025-06-23,FO,NSE,IDO,61411,,NIFTY,,2029-12-27,2029-12-27,20000.00,PE,NIFTY29DEC20000PE,0.00,0.00,0.00,202.30,0.00,202.30,24971.90,265.45,0,0,0,0.00,0,F1,75,,,,,
2025-06-23,2025-06-23,FO,NSE,IDO,61745,,NIFTY,,2029-12-27,2029-12-27,22000.00,PE,NIFTY29DEC22000PE,0.00,0.00,0.00,373.65,0.00,373.65,24971.90,483.20,0,0,0,0.00,0,F1,75,,,,,
2025-06-23,2025-06-23,FO,NSE,IDO,47155,,NIFTY,,2025-07-17,2025-07-17,23500.00,CE,NIFTY2571723500CE,0.00,0.00,0.00,1599.00,0.00,1599.00,24971.90,1596.10,0,0,0,0.00,0,F1,75,,,,,
2025-06-23,2025-06-23,FO,NSE,IDO,53599,,NIFTY,,2027-12-30,2027-12-30,17000.00,CE,NIFTY27DEC17000CE,0.00,0.00,0.00,6805.50,0.00,6805.50,24971.90,10453.05,0,0,0,0.00,0,F1,75,,,,,
2025-06-23,2025-06-23,FO,NSE,IDO,35229,,NIFTY,,2026-06-25,2026-06-25,30000.00,CE,NIFTY26JUN30000CE,0.00,0.00,0.00,788.00,0.00,788.00,24971.90,630.80,0,0,0,0.00,0,F1,75,,,,,
2025-06-23,2025-06-23,FO,NSE,IDO,50545,,NIFTY,,2026-06-25,2026-06-25,28000.00,CE,NIFTY26JUN28000CE,0.00,0.00,0.00,1533.95,0.00,1533.95,24971.90,1147.65,0,0,0,0.00,0,F1,75,,,,,
2025-06-23,2025-06-23,FO,NSE,IDO,71472,,NIFTY,,2026-06-25,2026-06-25,24000.00,CE,NIFTY26JUN24000CE,0.00,0.00,0.00,3000.00,3000.00,3000.00,24971.90,3095.80,3600,0,0,0.00,0,F1,75,,,,,
2025-06-23,2025-06-23,FO,NSE,IDO,39987,,NIFTY,,2025-12-24,2025-12-24,19000.00,CE,NIFTY25DEC19000CE,0.00,0.00,0.00,6300.00,6300.00,6300.00,24971.90,6555.85,7100,0,0,0.00,0,F1,75,,,,,
2025-06-23,2025-06-23,FO,NSE,IDO,55121,,NIFTY,,2025-12-24,2025-12-24,18000.00,CE,NIFTY25DEC18000CE,7300.00,7400.00,7240.45,7400.00,7400.00,7427.45,24971.90,7521.60,19575,675,25,47439296.25,21,F1,75,,,,,
2025-06-23,2025-06-23,FO,NSE,IDO,72322,,NIFTY,,2025-08-28,2025-08-28,26650.00,CE,NIFTY25AUG26650CE,0.00,0.00,0.00,359.65,0.00,359.65,24971.90,244.80,0,0,0,0.00,0,F1,75,,,,,
2025-06-23,2025-06-23,FO,NSE,IDO,72164,,NIFTY,,2025-08-28,2025-08-28,26500.00,CE,NIFTY25AUG26500CE,115.40,137.40,102.70,117.45,118.70,138.10,24971.90,117.45,347550,22575,4386,8754531948.75,2576,F1,75,,,,,
2025-06-23,2025-06-23,FO,NSE,IDO,72106,,NIFTY,,2025-08-28,2025-08-28,25950.00,CE,NIFTY25AUG25950CE,245.50,276.10,215.00,242.80,243.10,286.00,24971.90,242.80,3900,525,177,347712536.25,135,F1,75,,,,,
2025-06-23,2025-06-23,FO,NSE,IDO,71992,,NIFTY,,2025-08-28,2025-08-28,25200.00,CE,NIFTY25AUG25200CE,570.70,620.00,508.60,571.05,562.00,638.30,24971.90,571.05,23550,7575,447,863506185.00,244,F1,75,,,,,
2025-06-23,2025-06-23,FO,NSE,IDO,71974,,NIFTY,,2025-08-28,2025-08-28,25000.00,CE,NIFTY25AUG25000CE,725.00,742.80,608.10,685.15,677.00,760.25,24971.90,685.15,388125,-3825,2574,4953352863.75,1827,F1,75,,,,,
2025-06-23,2025-06-23,FO,NSE,IDO,71946,,NIFTY,,2025-08-28,2025-08-28,24300.00,CE,NIFTY25AUG24300CE,1123.15,1180.00,1123.15,1180.00,1180.00,1246.95,24971.90,1273.45,150,-75,2,3817736.25,2,F1,75,,,,,
2025-06-23,2025-06-23,FO,NSE,IDO,71936,,NIFTY,,2025-08-28,2025-08-28,24100.00,CE,NIFTY25AUG24100CE,1276.90,1276.90,1276.90,1276.90,1276.90,1403.40,24971.90,1414.90,75,-75,1,1903267.50,1,F1,75,,,,,
2025-06-23,2025-06-23,FO,NSE,IDO,71934,,NIFTY,,2025-08-28,2025-08-28,24050.00,CE,NIFTY25AUG24050CE,1354.70,1354.70,1354.70,1354.70,1354.70,1443.55,24971.90,1354.70,225,75,1,1905352.50,1,F1,75,,,,,
2025-06-23,2025-06-23,FO,NSE,IDO,71862,,NIFTY,,2025-08-28,2025-08-28,23450.00,CE,NIFTY25AUG23450CE,0.00,0.00,0.00,1908.05,1908.05,1908.05,24971.90,1919.50,75,0,0,0.00,0,F1,75,,,,,
2025-06-23,2025-06-23,FO,NSE,IDO,71858,,NIFTY,,2025-08-28,2025-08-28,23400.00,CE,NIFTY25AUG23400CE,0.00,0.00,0.00,1950.55,1950.55,1950.55,24971.90,1961.15,75,0,0,0.00,0,F1,75,,,,,
2025-06-23,2025-06-23,FO,NSE,IDO,71841,,NIFTY,,2025-08-28,2025-08-28,23000.00,CE,NIFTY25AUG23000CE,2190.30,2239.25,2115.25,2239.25,2239.25,2338.35,24971.90,2305.85,7725,450,11,20752661.25,11,F1,75,,,,,
2025-06-23,2025-06-23,FO,NSE,IDO,55887,,NIFTY,,2025-07-31,2025-07-31,26900.00,CE,NIFTY25JUL26900CE,15.00,20.95,12.20,13.90,13.70,17.90,24971.90,13.90,481500,78675,6975,14079568672.50,3475,F1,75,,,,,
2025-06-23,2025-06-23,FO,NSE,IDO,55855,,NIFTY,,2025-07-31,2025-07-31,26150.00,CE,NIFTY25JUL26150CE,72.25,88.65,59.20,71.55,71.20,91.60,24971.90,71.55,23550,5625,550,1081510800.00,359,F1,75,,,,,
2025-06-23,2025-06-23,FO,NSE,IDO,55835,,NIFTY,,2025-07-31,2025-07-31,25700.00,CE,NIFTY25JUL25700CE,177.15,205.50,138.00,171.45,171.50,209.50,24971.90,171.45,361350,157050,8913,17287416048.75,5912,F1,75,,,,,
2025-06-23,2025-06-23,FO,NSE,IDO,55809,,NIFTY,,2025-07-31,2025-07-31,25250.00,CE,NIFTY25JUL25250CE,356.90,391.30,287.50,348.90,343.00,405.45,24971.90,348.90,25650,825,808,1549766576.25,479,F1,75,,,,,
2025-06-23,2025-06-23,FO,NSE,IDO,55797,,NIFTY,,2025-07-31,2025-07-31,24950.00,CE,NIFTY25JUL24950CE,517.35,560.60,433.00,511.05,500.40,580.60,24971.90,511.05,31125,6750,1196,2280986658.75,764,F1,75,,,,,
2025-06-23,2025-06-23,FO,NSE,IDO,55785,,NIFTY,,2025-07-31,2025-07-31,24650.00,CE,NIFTY25JUL24650CE,721.95,755.15,618.05,699.80,699.80,801.95,24971.90,699.80,24300,75,94,178439400.00,67,F1,75,,,,,
2025-06-23,2025-06-23,FO,NSE,IDO,55779,,NIFTY,,2025-07-31,2025-07-31,24500.00,CE,NIFTY25JUL24500CE,825.00,885.65,702.00,815.50,810.60,896.60,24971.90,815.50,562275,68775,6987,13244624272.50,4449,F1,75,,,,,
2025-06-23,2025-06-23,FO,NSE,IDO,55773,,NIFTY,,2025-07-31,2025-07-31,24350.00,CE,NIFTY25JUL24350CE,838.50,980.05,828.45,947.15,947.15,1034.35,24971.90,1013.05,1425,450,41,77561077.50,26,F1,75,,,,,
2025-06-23,2025-06-23,FO,NSE,IDO,55759,,NIFTY,,2025-07-31,2025-07-31,24050.00,CE,NIFTY25JUL24050CE,1131.75,1206.10,1129.95,1190.80,1190.80,1287.95,24971.90,1235.60,2250,225,7,13244576.25,7,F1,75,,,,,
2025-06-23,2025-06-23,FO,NSE,IDO,55735,,NIFTY,,2025-07-31,2025-07-31,23500.00,CE,NIFTY25JUL23500CE,1630.00,1714.70,1508.30,1651.80,1646.30,1750.65,24971.90,1651.80,194475,70500,2091,3936665066.25,1267,F1,75,,,,,
2025-06-23,2025-06-23,FO,NSE,IDO,55733,,NIFTY,,2025-07-31,2025-07-31,23450.00,CE,NIFTY25JUL23450CE,1708.55,1708.55,1708.55,1708.55,1708.55,1793.10,24971.90,1708.55,1350,75,1,1886891.25,1,F1,75,,,,,
2025-06-23,2025-06-23,FO,NSE,IDO,55729,,NIFTY,,2025-07-31,2025-07-31,23350.00,CE,NIFTY25JUL23350CE,1670.00,1685.00,1670.00,1685.00,1685.00,1891.30,24971.90,1825.85,600,-450,33,61947105.00,15,F1,75,,,,,
2025-06-23,2025-06-23,FO,NSE,IDO,55727,,NIFTY,,2025-07-31,2025-07-31,23300.00,CE,NIFTY25JUL23300CE,1846.75,1846.75,1846.75,1846.75,1846.75,1693.00,24971.90,1846.75,1350,75,1,1886006.25,1,F1,75,,,,,
2025-06-23,2025-06-23,FO,NSE,IDO,49637,,NIFTY,,2025-07-24,2025-07-24,26800.00,CE,NIFTY2572426800CE,0.00,0.00,0.00,53.10,0.00,53.10,24971.90,55.75,0,0,0,0.00,0,F1,75,,,,,
2025-06-23,2025-06-23,FO,NSE,IDO,49635,,NIFTY,,2025-07-24,2025-07-24,26750.00,CE,NIFTY2572426750CE,0.00,0.00,0.00,57.25,0.00,57.25,24971.90,60.35,0,0,0,0.00,0,F1,75,,,,,
2025-06-23,2025-06-23,FO,NSE,IDO,49543,,NIFTY,,2025-07-24,2025-07-24,25450.00,CE,NIFTY2572425450CE,198.40,249.35,178.80,219.20,218.80,262.65,24971.90,219.20,750,300,47,90444682.50,42,F1,75,,,,,
2025-06-23,2025-06-23,FO,NSE,IDO,71924,,NIFTY,,2025-08-28,2025-08-28,23800.00,CE,NIFTY25AUG23800CE,1450.00,1549.00,1434.70,1549.00,1549.00,1649.00,24971.90,1549.00,375,300,4,7581277.50,3,F1,75,,,,,
2025-06-23,2025-06-23,FO,NSE,IDO,55867,,NIFTY,,2025-07-31,2025-07-31,26450.00,CE,NIFTY25JUL26450CE,0.00,0.00,0.00,88.25,88.25,88.25,24971.90,133.10,675,0,0,0.00,0,F1,75,,,,,
2025-06-23,2025-06-23,FO,NSE,IDO,55865,,NIFTY,,2025-07-31,2025-07-31,26400.00,CE,NIFTY25JUL26400CE,44.70,52.50,34.65,41.75,42.05,54.30,24971.90,41.75,281325,44250,6479,12848086001.25,3327,F1,75,,,,,
2025-06-23,2025-06-23,FO,NSE,IDO,55849,,NIFTY,,2025-07-31,2025-07-31,26000.00,CE,NIFTY25JUL26000CE,109.00,121.00,79.00,98.05,96.05,123.05,24971.90,98.05,3540375,117450,42424,83026952865.00,23905,F1,75,,,,,
2025-06-23,2025-06-23,FO,NSE,IDO,55737,,NIFTY,,2025-07-31,2025-07-31,23550.00,CE,NIFTY25JUL23550CE,1617.60,1617.60,1617.60,1617.60,1617.60,1714.55,24971.90,1617.60,825,75,1,1887570.00,1,F1,75,,,,,
2025-06-23,2025-06-23,FO,NSE,IDO,55711,,NIFTY,,2025-07-31,2025-07-31,23100.00,CE,NIFTY25JUL23100CE,1887.20,2060.00,1887.20,2015.00,2014.95,2109.90,24971.90,2015.00,3750,300,11,20691262.50,9,F1,75,,,,,
2025-06-23,2025-06-23,FO,NSE,IDO,55689,,NIFTY,,2025-07-31,2025-07-31,22700.00,CE,NIFTY25JUL22700CE,2350.00,2420.35,2350.00,2408.65,2410.00,2506.75,24971.90,2408.65,2025,225,9,16939901.25,9,F1,75,,,,,
2025-06-23,2025-06-23,FO,NSE,IDO,49575,,NIFTY,,2025-07-24,2025-07-24,25850.00,CE,NIFTY2572425850CE,0.00,0.00,0.00,196.25,0.00,196.25,24971.90,214.15,0,0,0,0.00,0,F1,75,,,,,
2025-06-23,2025-06-23,FO,NSE,IDO,49573,,NIFTY,,2025-07-24,2025-07-24,25800.00,CE,NIFTY2572425800CE,0.00,0.00,0.00,208.30,0.00,208.30,24971.90,227.80,0,0,0,0.00,0,F1,75,,,,,
2025-06-23,2025-06-23,FO,NSE,IDO,49549,,NIFTY,,2025-07-24,2025-07-24,25550.00,CE,NIFTY2572425550CE,165.55,210.65,144.40,176.95,172.00,220.85,24971.90,176.95,3975,1050,159,306913721.25,105,F1,75,,,,,
2025-06-23,2025-06-23,FO,NSE,IDO,49521,,NIFTY,,2025-07-24,2025-07-24,25250.00,CE,NIFTY2572425250CE,278.75,340.15,243.90,303.15,293.00,358.90,24971.90,303.15,1575,525,49,93859593.75,42,F1,75,,,,,
2025-06-23,2025-06-23,FO,NSE,IDO,49485,,NIFTY,,2025-07-24,2025-07-24,24950.00,CE,NIFTY2572424950CE,435.40,515.85,393.70,472.45,472.45,533.80,24971.90,472.45,3225,2100,41,78187226.25,31,F1,75,,,,,
2025-06-23,2025-06-23,FO,NSE,IDO,49465,,NIFTY,,2025-07-24,2025-07-24,24550.00,CE,NIFTY2572424550CE,0.00,0.00,0.00,732.20,0.00,732.20,24971.90,811.10,0,0,0,0.00,0,F1,75,,,,,
2025-06-23,2025-06-23,FO,NSE,IDO,49461,,NIFTY,,2025-07-24,2025-07-24,24450.00,CE,NIFTY2572424450CE,0.00,0.00,0.00,794.10,0.00,794.10,24971.90,878.70,0,0,0,0.00,0,F1,75,,,,,
2025-06-23,2025-06-23,FO,NSE,IDO,49447,,NIFTY,,2025-07-24,2025-07-24,24250.00,CE,NIFTY2572424250CE,0.00,0.00,0.00,926.55,0.00,926.55,24971.90,1022.60,0,0,0,0.00,0,F1,75,,,,,
2025-06-23,2025-06-23,FO,NSE,IDO,49421,,NIFTY,,2025-07-24,2025-07-24,24000.00,CE,NIFTY2572424000CE,0.00,0.00,0.00,1107.60,0.00,1107.60,24971.90,1216.90,0,0,0,0.00,0,F1,75,,,,,
2025-06-23,2025-06-23,FO,NSE,IDO,47388,,NIFTY,,2025-07-17,2025-07-17,26800.00,CE,NIFTY2571726800CE,0.00,0.00,0.00,64.15,0.00,64.15,24971.90,30.80,0,0,0,0.00,0,F1,75,,,,,
2025-06-23,2025-06-23,FO,NSE,IDO,47364,,NIFTY,,2025-07-17,2025-07-17,26250.00,CE,NIFTY2571726250CE,0.00,0.00,0.00,137.10,0.00,137.10,24971.90,83.55,0,0,0,0.00,0,F1,75,,,,,
2025-06-23,2025-06-23,FO,NSE,IDO,47159,,NIFTY,,2025-07-17,2025-07-17,23600.00,CE,NIFTY2571723600CE,0.00,0.00,0.00,1512.50,0.00,1512.50,24971.90,1504.35,0,0,0,0.00,0,F1,75,,,,,
2025-06-23,2025-06-23,FO,NSE,IDO,47147,,NIFTY,,2025-07-17,2025-07-17,23400.00,CE,NIFTY2571723400CE,0.00,0.00,0.00,1687.10,0.00,1687.10,24971.90,1689.20,0,0,0,0.00,0,F1,75,,,,,
2025-06-23,2025-06-23,FO,NSE,IDO,47129,,NIFTY,,2025-07-17,2025-07-17,23100.00,CE,NIFTY2571723100CE,0.00,0.00,0.00,1959.70,0.00,1959.70,24971.90,1974.70,0,0,0,0.00,0,F1,75,,,,,
2025-06-23,2025-06-23,FO,NSE,IDO,47127,,NIFTY,,2025-07-17,2025-07-17,23050.00,CE,NIFTY2571723050CE,0.00,0.00,0.00,2006.15,0.00,2006.15,24971.90,2023.00,0,0,0,0.00,0,F1,75,,,,,
2025-06-23,2025-06-23,FO,NSE,IDO,40121,,NIFTY,,2025-07-10,2025-07-10,26500.00,CE,NIFTY2571026500CE,5.50,6.40,4.50,5.25,4.70,6.35,24971.90,5.25,108825,-36300,3485,6927842283.75,1802,F1,75,,,,,
2025-06-23,2025-06-23,FO,NSE,IDO,40095,,NIFTY,,2025-07-10,2025-07-10,26200.00,CE,NIFTY2571026200CE,0.00,0.00,0.00,123.85,0.00,123.85,24971.90,49.20,0,0,0,0.00,0,F1,75,,,,,
2025-06-23,2025-06-23,FO,NSE,IDO,40088,,NIFTY,,2025-07-10,2025-07-10,26150.00,CE,NIFTY2571026150CE,17.95,17.95,11.60,13.65,13.25,19.95,24971.90,13.65,4650,2550,173,339479505.00,79,F1,75,,,,,
2025-06-23,2025-06-23,FO,NSE,IDO,40083,,NIFTY,,2025-07-10,2025-07-10,26050.00,CE,NIFTY2571026050CE,0.00,0.00,0.00,150.40,0.00,150.40,24971.90,67.25,0,0,0,0.00,0,F1,75,,,,,
2025-06-23,2025-06-23,FO,NSE,IDO,40062,,NIFTY,,2025-07-10,2025-07-10,25700.00,CE,NIFTY2571025700CE,65.05,79.00,43.35,57.45,55.30,84.95,24971.90,57.45,90150,20625,3655,7060347862.50,2273,F1,75,,,,,
2025-06-23,2025-06-23,FO,NSE,IDO,40035,,NIFTY,,2025-07-10,2025-07-10,25250.00,CE,NIFTY2571025250CE,169.90,235.80,142.55,185.85,183.00,249.60,24971.90,185.85,16875,3300,622,1186309616.25,397,F1,75,,,,,
2025-06-23,2025-06-23,FO,NSE,IDO,40015,,NIFTY,,2025-07-10,2025-07-10,25000.00,CE,NIFTY2571025000CE,325.30,373.00,243.00,312.40,308.00,388.05,24971.90,312.40,202500,79575,10453,19829840718.75,7104,F1,75,,,,,
2025-06-23,2025-06-23,FO,NSE,IDO,39848,,NIFTY,,2025-07-10,2025-07-10,23150.00,CE,NIFTY2571023150CE,1900.20,1900.20,1900.20,1900.20,1900.20,2000.45,24971.90,1900.20,225,150,2,3757530.00,2,F1,75,,,,,
2025-06-23,2025-06-23,FO,NSE,IDO,58712,,NIFTY,,2025-07-03,2025-07-03,26500.00,CE,NIFTY2570326500CE,2.70,3.05,1.95,2.10,2.00,2.55,24971.90,2.10,1223700,496500,26495,52663298981.25,6283,F1,75,,,,,
2025-06-23,2025-06-23,FO,NSE,IDO,58708,,NIFTY,,2025-07-03,2025-07-03,26450.00,CE,NIFTY2570326450CE,2.40,2.75,2.05,2.20,2.10,2.80,24971.90,2.20,79500,24900,1576,3126673140.00,764,F1,75,,,,,
2025-06-23,2025-06-23,FO,NSE,IDO,58034,,NIFTY,,2025-07-03,2025-07-03,26100.00,CE,NIFTY2570326100CE,8.00,8.00,4.45,4.70,4.60,9.50,24971.90,4.70,512175,279900,21341,41783718997.50,10430,F1,75,,,,,
2025-06-23,2025-06-23,FO,NSE,IDO,56755,,NIFTY,,2025-07-03,2025-07-03,25300.00,CE,NIFTY2570325300CE,103.85,144.40,71.10,102.10,100.50,155.70,24971.90,102.10,858900,439125,62340,118760296766.25,35141,F1,75,,,,,
2025-06-23,2025-06-23,FO,NSE,IDO,56705,,NIFTY,,2025-07-03,2025-07-03,25050.00,CE,NIFTY2570325050CE,225.00,267.20,148.10,204.90,203.50,283.30,24971.90,204.90,276000,91800,22022,41702936947.50,14240,F1,75,,,,,
2025-06-23,2025-06-23,FO,NSE,IDO,56436,,NIFTY,,2025-07-03,2025-07-03,24150.00,CE,NIFTY2570324150CE,909.75,909.75,908.85,908.85,908.85,987.65,24971.90,896.60,150,-150,2,3758895.00,2,F1,75,,,,,
2025-06-23,2025-06-23,FO,NSE,IDO,56089,,NIFTY,,2025-07-03,2025-07-03,23250.00,CE,NIFTY2570323250CE,1782.00,1782.00,1782.00,1782.00,1782.00,1856.05,24971.90,1782.00,300,75,1,1877400.00,1,F1,75,,,,,
2025-06-23,2025-06-23,FO,NSE,IDO,55985,,NIFTY,,2025-07-03,2025-07-03,22950.00,CE,NIFTY2570322950CE,2072.20,2072.20,2072.20,2072.20,2072.20,2165.10,24971.90,2072.20,225,75,1,1876665.00,1,F1,75,,,,,
2025-06-23,2025-06-23,FO,NSE,IDO,38150,,NIFTY,,2025-06-26,2025-06-26,29000.00,CE,NIFTY25JUN29000CE,0.55,0.95,0.55,0.75,0.65,0.75,24971.90,0.75,1543125,136650,74931,162979453327.50,9513,F1,75,,,,,
2025-06-23,2025-06-23,FO,NSE,IDO,62443,,NIFTY,,2025-06-26,2025-06-26,25950.00,CE,NIFTY25JUN25950CE,2.30,2.85,1.45,1.75,1.55,3.20,24971.90,1.75,1208250,248400,324118,630862478565.00,50972,F1,75,,,,,
2025-06-23,2025-06-23,FO,NSE,IDO,62421,,NIFTY,,2025-06-26,2025-06-26,25500.00,CE,NIFTY25JUN25500CE,19.00,19.00,6.55,8.45,7.30,26.85,24971.90,8.45,9527850,1327425,1726435,3303110030497.50,415813,F1,75,,,,,
2025-06-23,2025-06-23,FO,NSE,IDO,62399,,NIFTY,,2025-06-26,2025-06-26,25050.00,CE,NIFTY25JUN25050CE,110.00,170.00,59.50,107.30,101.00,195.70,24971.90,107.30,2397750,857250,1279239,2413684522987.50,775893,F1,75,,,,,
2025-06-23,2025-06-23,FO,NSE,IDO,62385,,NIFTY,,2025-06-26,2025-06-26,24750.00,CE,NIFTY25JUN24750CE,318.95,392.00,195.65,304.50,297.35,421.05,24971.90,304.50,373200,10350,102530,192276153603.75,66566,F1,75,,,,,
2025-06-23,2025-06-23,FO,NSE,IDO,62381,,NIFTY,,2025-06-26,2025-06-26,24650.00,CE,NIFTY25JUN24650CE,415.50,478.75,263.25,385.40,380.50,507.70,24971.90,385.40,124500,-22800,19156,35882105497.50,12753,F1,75,,,,,
2025-06-23,2025-06-23,FO,NSE,IDO,62351,,NIFTY,,2025-06-26,2025-06-26,24050.00,CE,NIFTY25JUN24050CE,900.00,1001.55,794.35,943.45,943.45,1070.70,24971.90,943.45,10500,-675,79,147647463.75,69,F1,75,,,,,
2025-06-23,2025-06-23,FO,NSE,IDO,62211,,NIFTY,,2025-06-26,2025-06-26,22800.00,CE,NIFTY25JUN22800CE,2075.00,2180.00,2070.40,2180.00,2180.00,2251.00,24971.90,2183.10,15750,-750,13,24296546.25,13,F1,75,,,,,
2025-06-23,2025-06-23,FO,NSE,IDO,62067,,NIFTY,,2025-06-26,2025-06-26,20550.00,CE,NIFTY25JUN20550CE,0.00,0.00,0.00,3650.20,3644.70,3650.20,24971.90,4432.00,675,0,0,0.00,0,F1,75,,,,,
2025-06-23,2025-06-23,FO,NSE,IDO,62164,,NIFTY,,2025-06-26,2025-06-26,21800.00,PE,NIFTY25JUN21800PE,1.80,2.20,1.05,1.85,1.90,1.50,24971.90,1.85,926850,823500,41422,67729819837.50,7488,F1,75,,,,,
2025-06-23,2025-06-23,FO,NSE,IDO,40146,,NIFTY,,2025-07-10,2025-07-10,26800.00,CE,NIFTY2571026800CE,3.35,4.30,3.25,3.85,3.60,3.35,24971.90,3.85,25800,-1275,424,852359433.75,193,F1,75,,,,,
2025-06-23,2025-06-23,FO,NSE,IDO,47122,,NIFTY,,2025-07-17,2025-07-17,23000.00,CE,NIFTY2571723000CE,0.00,0.00,0.00,2052.85,0.00,2052.85,24971.90,2071.45,0,0,0,0.00,0,F1,75,,,,,
2025-06-23,2025-06-23,FO,NSE,IDO,47142,,NIFTY,,2025-07-17,2025-07-17,23300.00,CE,NIFTY2571723300CE,0.00,0.00,0.00,1776.70,0.00,1776.70,24971.90,1783.40,0,0,0,0.00,0,F1,75,,,,,
2025-06-23,2025-06-23,FO,NSE,IDO,47157,,NIFTY,,2025-07-17,2025-07-17,23550.00,CE,NIFTY2571723550CE,0.00,0.00,0.00,1555.55,0.00,1555.55,24971.90,1550.05,0,0,0,0.00,0,F1,75,,,,,
2025-06-23,2025-06-23,FO,NSE,IDO,47237,,NIFTY,,2025-07-17,2025-07-17,24400.00,CE,NIFTY2571724400CE,0.00,0.00,0.00,894.95,0.00,894.95,24971.90,842.20,0,0,0,0.00,0,F1,75,,,,,
2025-06-23,2025-06-23,FO,NSE,IDO,47273,,NIFTY,,2025-07-17,2025-07-17,24950.00,CE,NIFTY2571724950CE,380.60,460.00,343.30,398.80,398.00,483.45,24971.90,398.80,5850,1500,110,209138778.75,98,F1,75,,,,,
2025-06-23,2025-06-23,FO,NSE,IDO,47335,,NIFTY,,2025-07-17,2025-07-17,25900.00,CE,NIFTY2571725900CE,0.00,0.00,0.00,212.35,0.00,212.35,24971.90,145.85,0,0,0,0.00,0,F1,75,,,,,
2025-06-23,2025-06-23,FO,NSE,IDO,47370,,NIFTY,,2025-07-17,2025-07-17,26400.00,CE,NIFTY2571726400CE,0.00,0.00,0.00,112.55,0.00,112.55,24971.90,64.60,0,0,0,0.00,0,F1,75,,,,,
2025-06-23,2025-06-23,FO,NSE,IDO,47372,,NIFTY,,2025-07-17,2025-07-17,26450.00,CE,NIFTY2571726450CE,0.00,0.00,0.00,105.20,0.00,105.20,24971.90,59.15,0,0,0,0.00,0,F1,75,,,,,
2025-06-23,2025-06-23,FO,NSE,IDO,49417,,NIFTY,,2025-07-24,2025-07-24,23900.00,CE,NIFTY2572423900CE,0.00,0.00,0.00,1184.35,0.00,1184.35,24971.90,1298.70,0,0,0,0.00,0,F1,75,,,,,
2025-06-23,2025-06-23,FO,NSE,IDO,49449,,NIFTY,,2025-07-24,2025-07-24,24300.00,CE,NIFTY2572424300CE,0.00,0.00,0.00,892.35,0.00,892.35,24971.90,986.50,0,0,0,0.00,0,F1,75,,,,,
2025-06-23,2025-06-23,FO,NSE,IDO,49473,,NIFTY,,2025-07-24,2025-07-24,24700.00,CE,NIFTY2572424700CE,637.90,649.80,621.90,645.00,645.00,644.90,24971.90,715.35,1125,1125,15,28507207.50,8,F1,75,,,,,
2025-06-23,2025-06-23,FO,NSE,IDO,49475,,NIFTY,,2025-07-24,2025-07-24,24750.00,CE,NIFTY2572424750CE,604.05,611.10,580.75,580.75,580.75,617.30,24971.90,685.00,900,900,14,26621771.25,8,F1,75,,,,,
2025-06-23,2025-06-23,FO,NSE,IDO,49479,,NIFTY,,2025-07-24,2025-07-24,24800.00,CE,NIFTY2572424800CE,550.00,578.00,465.90,558.00,551.05,611.00,24971.90,558.00,3225,2025,79,150065902.50,61,F1,75,,,,,
2025-06-23,2025-06-23,FO,NSE,IDO,49496,,NIFTY,,2025-07-24,2025-07-24,25150.00,CE,NIFTY2572425150CE,326.35,394.35,286.10,348.90,339.15,412.45,24971.90,348.90,2100,600,47,89853131.25,43,F1,75,,,,,
2025-06-23,2025-06-23,FO,NSE,IDO,49619,,NIFTY,,2025-07-24,2025-07-24,26450.00,CE,NIFTY2572426450CE,0.00,0.00,0.00,88.75,0.00,88.75,24971.90,95.15,0,0,0,0.00,0,F1,75,,,,,
2025-06-23,2025-06-23,FO,NSE,IDO,49625,,NIFTY,,2025-07-24,2025-07-24,26550.00,CE,NIFTY2572426550CE,0.00,0.00,0.00,76.95,0.00,76.95,24971.90,82.05,0,0,0,0.00,0,F1,75,,,,,
2025-06-23,2025-06-23,FO,NSE,IDO,55736,,NIFTY,,2025-07-31,2025-07-31,23500.00,PE,NIFTY25JUL23500PE,85.00,89.00,64.25,70.60,69.90,68.35,24971.90,70.60,2427225,36450,15904,28120513845.00,9097,F1,75,,,,,
2025-06-23,2025-06-23,FO,NSE,IDO,55704,,NIFTY,,2025-07-31,2025-07-31,23000.00,PE,NIFTY25JUL23000PE,54.95,55.00,37.20,40.85,40.05,41.15,24971.90,40.85,1960050,63300,13237,22877283138.75,7396,F1,75,,,,,
2025-06-23,2025-06-23,FO,NSE,IDO,55677,,NIFTY,,2025-07-31,2025-07-31,22400.00,CE,NIFTY25JUL22400CE,2598.15,2688.65,2598.15,2671.85,2663.45,2734.80,24971.90,2671.85,10725,10125,148,277826752.50,131,F1,75,,,,,
2025-06-23,2025-06-23,FO,NSE,IDO,55817,,NIFTY,,2025-07-31,2025-07-31,25400.00,CE,NIFTY25JUL25400CE,287.45,322.50,229.25,280.10,276.85,332.35,24971.90,280.10,150075,11850,4551,8758594841.25,3009,F1,75,,,,,
2025-06-23,2025-06-23,FO,NSE,IDO,55851,,NIFTY,,2025-07-31,2025-07-31,26050.00,CE,NIFTY25JUL26050CE,97.70,108.30,72.25,88.10,87.75,112.55,24971.90,88.10,24900,2850,536,1050582532.50,332,F1,75,,,,,
2025-06-23,2025-06-23,FO,NSE,IDO,71958,,NIFTY,,2025-08-28,2025-08-28,24600.00,CE,NIFTY25AUG24600CE,959.50,959.50,956.10,956.10,956.10,1013.05,24971.90,1078.00,2100,-300,4,7667478.75,4,F1,75,,,,,
2025-06-23,2025-06-23,FO,NSE,IDO,71988,,NIFTY,,2025-08-28,2025-08-28,25100.00,CE,NIFTY25AUG25100CE,627.00,669.00,557.20,623.95,620.00,698.25,24971.90,623.95,10725,3000,180,347053608.75,117,F1,75,,,,,
