TradDt,BizDt,Sgmt,Src,FinInstrmTp,FinInstrmId,ISIN,TckrSymb,SctySrs,XpryDt,FininstrmActlXpryDt,StrkPric,OptnTp,FinInstrmNm,OpnPric,HghPric,LwPric,ClsPric,LastPric,PrvsClsgPric,UndrlygPric,SttlmPric,OpnIntrst,ChngInOpnIntrst,TtlTradgVol,TtlTrfVal,TtlNbOfTxsExctd,SsnId,NewBrdLotQty,Rmks,Rsvd1,Rsvd2,Rsvd3,Rsvd4
2026-07-13,2026-07-13,FO,NSE,IDO,40879,,NIFTY,,2026-08-11,2026-08-11,21600.00,CE,NIFTY2681121600CE,0.00,0.00,0.00,2926.60,0.00,2926.60,24211.00,2716.80,0,0,0,0.00,0,F1,65,,,,,
2026-07-13,2026-07-13,FO,NSE,IDO,40905,,NIFTY,,2026-08-11,2026-08-11,21950.00,CE,NIFTY2681121950CE,0.00,0.00,0.00,2582.90,0.00,2582.90,24211.00,2372.45,0,0,0,0.00,0,F1,65,,,,,
2026-07-13,2026-07-13,FO,NSE,IDO,40915,,NIFTY,,2026-08-11,2026-08-11,22200.00,CE,NIFTY2681122200CE,0.00,0.00,0.00,2340.15,0.00,2340.15,24211.00,2129.40,0,0,0,0.00,0,F1,65,,,,,
2026-07-13,2026-07-13,FO,NSE,IDO,40917,,NIFTY,,2026-08-11,2026-08-11,22250.00,CE,NIFTY2681122250CE,0.00,0.00,0.00,2292.00,0.00,2292.00,24211.00,2081.20,0,0,0,0.00,0,F1,65,,,,,
2026-07-13,2026-07-13,FO,NSE,IDO,40943,,NIFTY,,2026-08-11,2026-08-11,22850.00,CE,NIFTY2681122850CE,0.00,0.00,0.00,1730.10,0.00,1730.10,24211.00,1521.20,0,0,0,0.00,0,F1,65,,,,,
2026-07-13,2026-07-13,FO,NSE,IDO,40951,,NIFTY,,2026-08-11,2026-08-11,23050.00,CE,NIFTY2681123050CE,0.00,0.00,0.00,1552.25,0.00,1552.25,24211.00,1345.55,0,0,0,0.00,0,F1,65,,,,,
2026-07-13,2026-07-13,FO,NSE,IDO,40971,,NIFTY,,2026-08-11,2026-08-11,23550.00,CE,NIFTY2681123550CE,0.00,0.00,0.00,1139.15,0.00,1139.15,24211.00,944.65,0,0,0,0.00,0,F1,65,,,,,
2026-07-13,2026-07-13,FO,NSE,IDO,40975,,NIFTY,,2026-08-11,2026-08-11,23650.00,CE,NIFTY2681123650CE,0.00,0.00,0.00,1063.15,0.00,1063.15,24211.00,871.00,0,0,0,0.00,0,F1,65,,,,,
2026-07-13,2026-07-13,FO,NSE,IDO,41003,,NIFTY,,2026-08-11,2026-08-11,24300.00,CE,NIFTY2681124300CE,238.60,356.10,231.05,330.60,334.85,317.65,24211.00,330.60,2535,-65,101,161566570.75,83,F1,65,,,,,
2026-07-13,2026-07-13,FO,NSE,IDO,41009,,NIFTY,,2026-08-11,2026-08-11,24450.00,CE,NIFTY2681124450CE,187.30,263.00,177.00,258.45,259.15,247.70,24211.00,258.45,780,-65,57,91403006.50,38,F1,65,,,,,
2026-07-13,2026-07-13,FO,NSE,IDO,41011,,NIFTY,,2026-08-11,2026-08-11,24500.00,CE,NIFTY2681124500CE,150.50,256.95,150.50,235.05,238.00,222.30,24211.00,235.05,22035,12415,1573,2525919685.25,891,F1,65,,,,,
2026-07-13,2026-07-13,FO,NSE,IDO,41013,,NIFTY,,2026-08-11,2026-08-11,24550.00,CE,NIFTY2681124550CE,235.10,235.10,210.00,211.00,210.00,505.10,24211.00,211.00,195,195,5,8049216.50,5,F1,65,,,,,
2026-07-13,2026-07-13,FO,NSE,IDO,41045,,NIFTY,,2026-08-11,2026-08-11,25200.00,CE,NIFTY2681125200CE,0.00,0.00,0.00,253.50,0.00,253.50,24211.00,159.45,0,0,0,0.00,0,F1,65,,,,,
2026-07-13,2026-07-13,FO,NSE,IDO,41053,,NIFTY,,2026-08-11,2026-08-11,25400.00,CE,NIFTY2681125400CE,0.00,0.00,0.00,200.60,0.00,200.60,24211.00,119.55,0,0,0,0.00,0,F1,65,,,,,
2026-07-13,2026-07-13,FO,NSE,IDO,51469,,NIFTY,,2026-07-14,2026-07-14,25400.00,CE,NIFTY2671425400CE,0.75,0.80,0.35,0.45,0.35,0.80,24211.00,0.45,1520155,-1225445,175523,289795650134.25,19758,F1,65,,,,,
2026-07-13,2026-07-13,FO,NSE,IDO,51379,,NIFTY,,2026-07-14,2026-07-14,24200.00,CE,NIFTY2671424200CE,39.70,135.45,17.00,83.50,91.40,101.15,24211.00,83.50,8446100,-959335,10701005,16882908492255.00,3783204,F1,65,,,,,
2026-07-13,2026-07-13,FO,NSE,IDO,51373,,NIFTY,,2026-07-14,2026-07-14,24050.00,CE,NIFTY2671424050CE,78.00,246.75,59.10,191.00,203.00,199.75,24211.00,191.00,1154205,222495,3036671,4770126121299.50,1565481,F1,65,,,,,
2026-07-13,2026-07-13,FO,NSE,IDO,51359,,NIFTY,,2026-07-14,2026-07-14,23800.00,CE,NIFTY2671423800CE,290.00,472.00,219.00,417.20,429.40,419.50,24211.00,417.20,453115,-116545,156918,245923220582.00,90078,F1,65,,,,,
2026-07-13,2026-07-13,FO,NSE,IDO,74642,,NIFTY,,2031-06-24,2031-06-24,18000.00,PE,NIFTY31JUN18000PE,0.00,0.00,0.00,173.45,0.00,173.45,24211.00,143.10,0,0,0,0.00,0,F1,65,,,,,
2026-07-13,2026-07-13,FO,NSE,IDO,61773,,NIFTY,,2029-12-24,2029-12-24,25000.00,PE,NIFTY29DEC25000PE,0.00,0.00,0.00,709.70,709.70,709.70,24211.00,1148.90,290,0,0,0.00,0,F1,65,,,,,
2026-07-13,2026-07-13,FO,NSE,IDO,55559,,NIFTY,,2029-06-26,2029-06-26,19500.00,PE,NIFTY29JUN19500PE,0.00,0.00,0.00,56.00,0.00,56.00,24211.00,212.40,0,0,0,0.00,0,F1,65,,,,,
2026-07-13,2026-07-13,FO,NSE,IDO,89613,,NIFTY,,2029-06-26,2029-06-26,18000.00,PE,NIFTY29JUN18000PE,0.00,0.00,0.00,118.45,0.00,118.45,24211.00,108.65,0,0,0,0.00,0,F1,65,,,,,
2026-07-13,2026-07-13,FO,NSE,IDO,55557,,NIFTY,,2029-06-26,2029-06-26,16500.00,PE,NIFTY29JUN16500PE,0.00,0.00,0.00,8.10,0.00,8.10,24211.00,49.00,0,0,0,0.00,0,F1,65,,,,,
2026-07-13,2026-07-13,FO,NSE,IDO,55527,,NIFTY,,2028-12-26,2028-12-26,31500.00,PE,NIFTY28DEC31500PE,0.00,0.00,0.00,2673.40,0.00,2673.40,24211.00,4223.80,0,0,0,0.00,0,F1,65,,,,,
2026-07-13,2026-07-13,FO,NSE,IDO,67783,,NIFTY,,2028-12-26,2028-12-26,24000.00,PE,NIFTY28DEC24000PE,0.00,0.00,0.00,999.00,999.00,999.00,24211.00,946.50,3575,0,0,0.00,0,F1,65,,,,,
2026-07-13,2026-07-13,FO,NSE,IDO,74360,,NIFTY,,2026-09-29,2026-09-29,24850.00,PE,NIFTY26SEP24850PE,0.00,0.00,0.00,880.05,876.25,880.05,24211.00,921.25,5720,0,0,0.00,0,F1,65,,,,,
2026-07-13,2026-07-13,FO,NSE,IDO,74367,,NIFTY,,2026-09-29,2026-09-29,25050.00,PE,NIFTY26SEP25050PE,0.00,0.00,0.00,1284.45,0.00,1284.45,24211.00,1038.90,0,0,0,0.00,0,F1,65,,,,,
2026-07-13,2026-07-13,FO,NSE,IDO,74387,,NIFTY,,2026-09-29,2026-09-29,25300.00,PE,NIFTY26SEP25300PE,1146.55,1159.10,1146.55,1159.10,1159.10,1278.55,24211.00,1196.70,650,0,4,6878072.50,4,F1,65,,,,,
2026-07-13,2026-07-13,FO,NSE,IDO,51225,,NIFTY,,2026-07-14,2026-07-14,21650.00,CE,NIFTY2671421650CE,0.00,0.00,0.00,2565.25,2565.25,2565.25,24211.00,2564.60,2990,0,0,0.00,0,F1,65,,,,,
2026-07-13,2026-07-13,FO,NSE,IDO,51287,,NIFTY,,2026-07-14,2026-07-14,22550.00,CE,NIFTY2671422550CE,0.00,0.00,0.00,1609.05,1609.05,1609.05,24211.00,1664.75,2210,0,0,0.00,0,F1,65,,,,,
2026-07-13,2026-07-13,FO,NSE,IDO,51291,,NIFTY,,2026-07-14,2026-07-14,22650.00,CE,NIFTY2671422650CE,0.00,0.00,0.00,1428.85,1428.85,1428.85,24211.00,1564.75,2145,0,0,0.00,0,F1,65,,,,,
2026-07-13,2026-07-13,FO,NSE,IDO,51305,,NIFTY,,2026-07-14,2026-07-14,22900.00,CE,NIFTY2671422900CE,1228.75,1302.10,1201.15,1301.40,1302.10,1305.40,24211.00,1301.40,1235,-325,12,18827295.50,10,F1,65,,,,,
2026-07-13,2026-07-13,FO,NSE,IDO,51417,,NIFTY,,2026-07-14,2026-07-14,24900.00,CE,NIFTY2671424900CE,1.60,1.80,0.70,0.95,0.70,1.95,24211.00,0.95,3118050,-45890,710024,1149231732876.50,87838,F1,65,,,,,
2026-07-13,2026-07-13,FO,NSE,IDO,51419,,NIFTY,,2026-07-14,2026-07-14,24950.00,CE,NIFTY2671424950CE,1.35,1.60,0.65,0.90,0.75,1.75,24211.00,0.90,986310,-203905,237642,385414325081.50,39730,F1,65,,,,,
2026-07-13,2026-07-13,FO,NSE,IDO,51473,,NIFTY,,2026-07-14,2026-07-14,25500.00,CE,NIFTY2671425500CE,0.70,0.90,0.35,0.45,0.40,0.75,24211.00,0.45,4472845,-1446965,302047,500655311598.00,38134,F1,65,,,,,
2026-07-13,2026-07-13,FO,NSE,IDO,51505,,NIFTY,,2026-07-14,2026-07-14,26150.00,CE,NIFTY2671426150CE,0.50,0.55,0.25,0.35,0.25,0.45,24211.00,0.35,74945,2015,3410,5796239566.00,733,F1,65,,,,,
2026-07-13,2026-07-13,FO,NSE,IDO,51511,,NIFTY,,2026-07-14,2026-07-14,26300.00,CE,NIFTY2671426300CE,0.40,0.45,0.25,0.30,0.25,0.40,24211.00,0.30,888420,-572780,42215,72167487395.25,14639,F1,65,,,,,
2026-07-13,2026-07-13,FO,NSE,IDO,57257,,NIFTY,,2026-07-21,2026-07-21,21950.00,CE,NIFTY2672121950CE,0.00,0.00,0.00,2187.30,0.00,2187.30,24211.00,2290.05,0,0,0,0.00,0,F1,65,,,,,
2026-07-13,2026-07-13,FO,NSE,IDO,57319,,NIFTY,,2026-07-21,2026-07-21,23500.00,CE,NIFTY2672123500CE,685.00,796.50,550.60,752.85,762.00,747.25,24211.00,752.85,128050,57785,3803,5980558593.75,2590,F1,65,,,,,
2026-07-13,2026-07-13,FO,NSE,IDO,57358,,NIFTY,,2026-07-21,2026-07-21,24450.00,CE,NIFTY2672124450CE,48.00,115.70,35.05,88.60,90.00,88.00,24211.00,88.60,354575,155805,48224,76881612080.00,33883,F1,65,,,,,
2026-07-13,2026-07-13,FO,NSE,IDO,57363,,NIFTY,,2026-07-21,2026-07-21,24550.00,CE,NIFTY2672124550CE,33.00,81.40,22.40,59.75,61.80,59.60,24211.00,59.75,423605,238095,58533,93591414380.75,38277,F1,65,,,,,
2026-07-13,2026-07-13,FO,NSE,IDO,57392,,NIFTY,,2026-07-21,2026-07-21,24950.00,CE,NIFTY2672124950CE,10.40,14.90,5.15,9.60,8.80,10.40,24211.00,9.60,390520,106405,33131,53749835954.75,15311,F1,65,,,,,
2026-07-13,2026-07-13,FO,NSE,IDO,57413,,NIFTY,,2026-07-21,2026-07-21,25400.00,CE,NIFTY2672125400CE,2.00,3.10,1.75,2.60,2.25,2.80,24211.00,2.60,447070,252395,24032,39680636505.25,11262,F1,65,,,,,
2026-07-13,2026-07-13,FO,NSE,IDO,57465,,NIFTY,,2026-07-21,2026-07-21,26200.00,CE,NIFTY2672126200CE,1.20,1.25,0.80,0.90,0.90,1.05,24211.00,0.90,159575,84435,2479,4221885755.75,378,F1,65,,,,,
2026-07-13,2026-07-13,FO,NSE,IDO,63847,,NIFTY,,2026-07-28,2026-07-28,21800.00,CE,NIFTY26JUL21800CE,0.00,0.00,0.00,2230.00,2230.00,2230.00,24211.00,2465.25,130,0,0,0.00,0,F1,65,,,,,
2026-07-13,2026-07-13,FO,NSE,IDO,63911,,NIFTY,,2026-07-28,2026-07-28,23400.00,CE,NIFTY26JUL23400CE,698.55,905.00,695.75,882.75,894.05,879.45,24211.00,882.75,39585,-1755,193,303541537.00,136,F1,65,,,,,
2026-07-13,2026-07-13,FO,NSE,IDO,63943,,NIFTY,,2026-07-28,2026-07-28,24100.00,CE,NIFTY26JUL24100CE,185.75,368.75,183.90,330.90,335.75,321.05,24211.00,330.90,1492855,-105040,54790,86803260576.50,37662,F1,65,,,,,
2026-07-13,2026-07-13,FO,NSE,IDO,63945,,NIFTY,,2026-07-28,2026-07-28,24150.00,CE,NIFTY26JUL24150CE,210.00,335.40,180.05,298.90,303.60,287.80,24211.00,298.90,146055,19760,9285,14734456519.25,7085,F1,65,,,,,
2026-07-13,2026-07-13,FO,NSE,IDO,63993,,NIFTY,,2026-07-28,2026-07-28,25300.00,CE,NIFTY26JUL25300CE,9.40,13.40,6.50,10.40,10.50,10.65,24211.00,10.40,528125,0,11968,19689193023.50,5928,F1,65,,,,,
2026-07-13,2026-07-13,FO,NSE,IDO,64029,,NIFTY,,2026-07-28,2026-07-28,26100.00,CE,NIFTY26JUL26100CE,2.10,2.70,1.75,2.20,2.10,2.60,24211.00,2.20,186030,-8255,962,1632173689.25,552,F1,65,,,,,
2026-07-13,2026-07-13,FO,NSE,IDO,64031,,NIFTY,,2026-07-28,2026-07-28,26150.00,CE,NIFTY26JUL26150CE,2.45,2.45,1.75,2.10,2.10,2.10,24211.00,4.75,15990,2015,123,209086644.00,86,F1,65,,,,,
2026-07-13,2026-07-13,FO,NSE,IDO,65370,,NIFTY,,2026-08-04,2026-08-04,22000.00,CE,NIFTY2680422000CE,0.00,0.00,0.00,2020.30,0.00,2020.30,24211.00,2293.75,0,0,0,0.00,0,F1,65,,,,,
2026-07-13,2026-07-13,FO,NSE,IDO,65435,,NIFTY,,2026-08-04,2026-08-04,22550.00,CE,NIFTY2680422550CE,0.00,0.00,0.00,1533.15,0.00,1533.15,24211.00,1757.40,0,0,0,0.00,0,F1,65,,,,,
2026-07-13,2026-07-13,FO,NSE,IDO,65588,,NIFTY,,2026-08-04,2026-08-04,23450.00,CE,NIFTY2680423450CE,0.00,0.00,0.00,859.50,0.00,859.50,24211.00,955.45,0,0,0,0.00,0,F1,65,,,,,
2026-07-13,2026-07-13,FO,NSE,IDO,65672,,NIFTY,,2026-08-04,2026-08-04,23500.00,CE,NIFTY2680423500CE,654.15,854.55,650.10,835.85,835.85,823.15,24211.00,835.85,4940,585,48,75665118.75,43,F1,65,,,,,
2026-07-13,2026-07-13,FO,NSE,IDO,65684,,NIFTY,,2026-08-04,2026-08-04,23800.00,CE,NIFTY2680423800CE,463.80,601.40,437.65,585.05,582.90,572.00,24211.00,585.05,12220,1495,149,235265026.75,133,F1,65,,,,,
2026-07-13,2026-07-13,FO,NSE,IDO,66006,,NIFTY,,2026-08-04,2026-08-04,25750.00,CE,NIFTY2680425750CE,13.00,13.00,7.05,7.65,7.05,78.85,24211.00,7.65,1625,1625,27,45204610.75,12,F1,65,,,,,
2026-07-13,2026-07-13,FO,NSE,IDO,66058,,NIFTY,,2026-08-04,2026-08-04,26050.00,CE,NIFTY2680426050CE,5.15,5.15,5.15,5.15,5.15,6.25,24211.00,20.95,1170,65,1,1693584.75,1,F1,65,,,,,
2026-07-13,2026-07-13,FO,NSE,IDO,66066,,NIFTY,,2026-08-04,2026-08-04,26200.00,CE,NIFTY2680426200CE,4.30,5.00,3.10,3.85,3.50,4.45,24211.00,3.85,5525,3380,125,212906603.00,82,F1,65,,,,,
2026-07-13,2026-07-13,FO,NSE,IDO,40909,,NIFTY,,2026-08-11,2026-08-11,22050.00,CE,NIFTY2681122050CE,0.00,0.00,0.00,2485.45,0.00,2485.45,24211.00,2274.85,0,0,0,0.00,0,F1,65,,,,,
2026-07-13,2026-07-13,FO,NSE,IDO,40913,,NIFTY,,2026-08-11,2026-08-11,22150.00,CE,NIFTY2681122150CE,0.00,0.00,0.00,2388.45,0.00,2388.45,24211.00,2177.75,0,0,0,0.00,0,F1,65,,,,,
2026-07-13,2026-07-13,FO,NSE,IDO,40919,,NIFTY,,2026-08-11,2026-08-11,22300.00,CE,NIFTY2681122300CE,0.00,0.00,0.00,2244.00,0.00,2244.00,24211.00,2033.20,0,0,0,0.00,0,F1,65,,,,,
2026-07-13,2026-07-13,FO,NSE,IDO,40945,,NIFTY,,2026-08-11,2026-08-11,22900.00,CE,NIFTY2681122900CE,0.00,0.00,0.00,1685.10,0.00,1685.10,24211.00,1476.65,0,0,0,0.00,0,F1,65,,,,,
2026-07-13,2026-07-13,FO,NSE,IDO,40979,,NIFTY,,2026-08-11,2026-08-11,23750.00,CE,NIFTY2681123750CE,0.00,0.00,0.00,989.50,0.00,989.50,24211.00,801.45,0,0,0,0.00,0,F1,65,,,,,
2026-07-13,2026-07-13,FO,NSE,IDO,40987,,NIFTY,,2026-08-11,2026-08-11,23900.00,CE,NIFTY2681123900CE,604.45,604.60,604.45,604.60,604.60,884.35,24211.00,703.05,130,130,2,3185588.25,2,F1,65,,,,,
2026-07-13,2026-07-13,FO,NSE,IDO,41049,,NIFTY,,2026-08-11,2026-08-11,25300.00,CE,NIFTY2681125300CE,0.00,0.00,0.00,225.25,0.00,225.25,24211.00,138.35,0,0,0,0.00,0,F1,65,,,,,
2026-07-13,2026-07-13,FO,NSE,IDO,41051,,NIFTY,,2026-08-11,2026-08-11,25350.00,CE,NIFTY2681125350CE,0.00,0.00,0.00,212.05,0.00,212.05,24211.00,128.70,0,0,0,0.00,0,F1,65,,,,,
2026-07-13,2026-07-13,FO,NSE,IDO,41061,,NIFTY,,2026-08-11,2026-08-11,25600.00,CE,NIFTY2681125600CE,0.00,0.00,0.00,155.15,0.00,155.15,24211.00,88.20,0,0,0,0.00,0,F1,65,,,,,
2026-07-13,2026-07-13,FO,NSE,IDO,41079,,NIFTY,,2026-08-11,2026-08-11,26000.00,CE,NIFTY2681126000CE,15.35,15.35,8.40,10.15,10.15,89.90,24211.00,10.15,2600,2600,45,76078980.25,14,F1,65,,,,,
2026-07-13,2026-07-13,FO,NSE,IDO,61356,,NIFTY,,2026-08-25,2026-08-25,22100.00,CE,NIFTY26AUG22100CE,0.00,0.00,0.00,2281.05,0.00,2281.05,24211.00,2305.00,0,0,0,0.00,0,F1,65,,,,,
2026-07-13,2026-07-13,FO,NSE,IDO,61399,,NIFTY,,2026-08-25,2026-08-25,22550.00,CE,NIFTY26AUG22550CE,0.00,0.00,0.00,1548.90,1548.90,1548.90,24211.00,1889.35,65,0,0,0.00,0,F1,65,,,,,
2026-07-13,2026-07-13,FO,NSE,IDO,61409,,NIFTY,,2026-08-25,2026-08-25,22700.00,CE,NIFTY26AUG22700CE,0.00,0.00,0.00,1555.45,1555.45,1555.45,24211.00,1756.00,1105,0,0,0.00,0,F1,65,,,,,
2026-07-13,2026-07-13,FO,NSE,IDO,61445,,NIFTY,,2026-08-25,2026-08-25,23200.00,CE,NIFTY26AUG23200CE,1060.00,1243.50,1055.00,1234.80,1243.50,1166.80,24211.00,1234.80,3445,585,33,52216827.00,25,F1,65,,,,,
2026-07-13,2026-07-13,FO,NSE,IDO,61468,,NIFTY,,2026-08-25,2026-08-25,23400.00,CE,NIFTY26AUG23400CE,1037.95,1069.85,1037.95,1069.85,1069.85,1040.00,24211.00,1183.10,9555,130,3,4767477.00,3,F1,65,,,,,
2026-07-13,2026-07-13,FO,NSE,IDO,61517,,NIFTY,,2026-08-25,2026-08-25,23600.00,CE,NIFTY26AUG23600CE,757.15,912.25,742.05,904.25,903.35,898.90,24211.00,904.25,10075,0,69,109465508.75,56,F1,65,,,,,
2026-07-13,2026-07-13,FO,NSE,IDO,61671,,NIFTY,,2026-08-25,2026-08-25,24250.00,CE,NIFTY26AUG24250CE,351.05,498.35,349.95,461.30,467.00,435.95,24211.00,461.30,21710,2795,477,765793401.75,352,F1,65,,,,,
2026-07-13,2026-07-13,FO,NSE,IDO,61685,,NIFTY,,2026-08-25,2026-08-25,24300.00,CE,NIFTY26AUG24300CE,362.55,465.20,320.70,436.20,442.55,416.25,24211.00,436.20,310830,131560,5737,9209104222.50,4295,F1,65,,,,,
2026-07-13,2026-07-13,FO,NSE,IDO,61778,,NIFTY,,2026-08-25,2026-08-25,24650.00,CE,NIFTY26AUG24650CE,197.45,280.00,193.10,262.15,264.35,244.40,24211.00,262.15,11635,325,211,341364409.75,154,F1,65,,,,,
2026-07-13,2026-07-13,FO,NSE,IDO,61921,,NIFTY,,2026-08-25,2026-08-25,25150.00,CE,NIFTY26AUG25150CE,80.00,113.75,72.85,106.65,107.10,98.15,24211.00,106.65,31915,3185,659,1081167148.75,458,F1,65,,,,,
2026-07-13,2026-07-13,FO,NSE,IDO,73873,,NIFTY,,2026-09-29,2026-09-29,22200.00,CE,NIFTY26SEP22200CE,0.00,0.00,0.00,2158.90,0.00,2158.90,24211.00,2404.25,0,0,0,0.00,0,F1,65,,,,,
2026-07-13,2026-07-13,FO,NSE,IDO,73895,,NIFTY,,2026-09-29,2026-09-29,22800.00,CE,NIFTY26SEP22800CE,1602.10,1602.10,1599.20,1599.20,1599.20,1521.75,24211.00,1897.55,260,195,3,4758221.00,2,F1,65,,,,,
2026-07-13,2026-07-13,FO,NSE,IDO,73903,,NIFTY,,2026-09-29,2026-09-29,23000.00,CE,NIFTY26SEP23000CE,1420.00,1616.15,1418.70,1586.00,1596.15,1582.80,24211.00,1586.00,25285,7280,222,354012883.25,143,F1,65,,,,,
2026-07-13,2026-07-13,FO,NSE,IDO,74007,,NIFTY,,2026-09-29,2026-09-29,23700.00,CE,NIFTY26SEP23700CE,980.00,1064.85,980.00,1035.20,1028.00,1024.00,24211.00,1035.20,2665,195,10,16066833.25,9,F1,65,,,,,
2026-07-13,2026-07-13,FO,NSE,IDO,74372,,NIFTY,,2026-09-29,2026-09-29,25200.00,CE,NIFTY26SEP25200CE,0.00,0.00,0.00,437.00,0.00,437.00,24211.00,491.35,0,0,0,0.00,0,F1,65,,,,,
2026-07-13,2026-07-13,FO,NSE,IDO,74407,,NIFTY,,2026-09-29,2026-09-29,25600.00,CE,NIFTY26SEP25600CE,0.00,0.00,0.00,329.10,0.00,329.10,24211.00,365.60,0,0,0,0.00,0,F1,65,,,,,
2026-07-13,2026-07-13,FO,NSE,IDO,74465,,NIFTY,,2026-09-29,2026-09-29,26200.00,CE,NIFTY26SEP26200CE,0.00,0.00,0.00,206.55,0.00,206.55,24211.00,225.90,0,0,0,0.00,0,F1,65,,,,,
2026-07-13,2026-07-13,FO,NSE,IDO,58648,,NIFTY,,2026-12-29,2026-12-29,22000.00,CE,NIFTY26DEC22000CE,2700.00,2937.50,2700.00,2925.40,2930.95,2901.60,24211.00,2925.40,177255,-650,67,108430211.50,48,F1,65,,,,,
2026-07-13,2026-07-13,FO,NSE,IDO,50978,,NIFTY,,2026-12-29,2026-12-29,27000.00,CE,NIFTY26DEC27000CE,129.30,140.95,111.15,133.80,134.60,129.30,24211.00,133.80,1596985,8980,3580,6312825551.50,2026,F1,65,,,,,
2026-07-13,2026-07-13,FO,NSE,IDO,55330,,NIFTY,,2026-12-29,2026-12-29,28500.00,CE,NIFTY26DEC28500CE,37.00,44.70,25.75,38.15,38.60,38.00,24211.00,38.15,103545,325,69,127992894.25,60,F1,65,,,,,
2026-07-13,2026-07-13,FO,NSE,IDO,38158,,NIFTY,,2026-12-29,2026-12-29,29000.00,CE,NIFTY26DEC29000CE,27.55,30.00,26.70,28.70,28.60,28.45,24211.00,28.70,444540,-5785,834,1573618894.25,499,F1,65,,,,,
2026-07-13,2026-07-13,FO,NSE,IDO,42136,,NIFTY,,2026-12-29,2026-12-29,31000.00,CE,NIFTY26DEC31000CE,14.40,14.90,13.55,14.50,14.40,14.85,24211.00,14.50,152750,1865,171,344726534.75,33,F1,65,,,,,
2026-07-13,2026-07-13,FO,NSE,IDO,80276,,NIFTY,,2027-03-30,2027-03-30,27000.00,CE,NIFTY27MAR27000CE,303.05,347.95,284.60,337.70,335.00,325.40,24211.00,337.70,131105,-358670,10268,18239479817.00,2969,F1,65,,,,,
2026-07-13,2026-07-13,FO,NSE,IDO,80311,,NIFTY,,2027-03-30,2027-03-30,31500.00,CE,NIFTY27MAR31500CE,0.00,0.00,0.00,94.65,0.00,94.65,24211.00,111.45,0,0,0,0.00,0,F1,65,,,,,
2026-07-13,2026-07-13,FO,NSE,IDO,55418,,NIFTY,,2027-12-28,2027-12-28,16500.00,CE,NIFTY27DEC16500CE,0.00,0.00,0.00,11316.40,0.00,11316.40,24211.00,9220.60,0,0,0,0.00,0,F1,65,,,,,
2026-07-13,2026-07-13,FO,NSE,IDO,61390,,NIFTY,,2029-12-24,2029-12-24,18000.00,CE,NIFTY29DEC18000CE,0.00,0.00,0.00,11362.40,0.00,11362.40,24211.00,9955.60,0,0,0,0.00,0,F1,65,,,,,
2026-07-13,2026-07-13,FO,NSE,IDO,60898,,NIFTY,,2030-06-25,2030-06-25,21000.00,CE,NIFTY30JUN21000CE,0.00,0.00,0.00,10421.65,0.00,10421.65,24211.00,8365.15,0,0,0,0.00,0,F1,65,,,,,
2026-07-13,2026-07-13,FO,NSE,IDO,55764,,NIFTY,,2030-12-31,2030-12-31,31500.00,CE,NIFTY30DEC31500CE,0.00,0.00,0.00,4554.55,0.00,4554.55,24211.00,3753.05,0,0,0,0.00,0,F1,65,,,,,
2026-07-13,2026-07-13,FO,NSE,IDO,74645,,NIFTY,,2031-06-24,2031-06-24,21000.00,CE,NIFTY31JUN21000CE,0.00,0.00,0.00,8900.75,0.00,8900.75,24211.00,9379.30,0,0,0,0.00,0,F1,65,,,,,
2026-07-13,2026-07-13,FO,NSE,IDO,51230,,NIFTY,,2026-07-14,2026-07-14,21700.00,PE,NIFTY2671421700PE,0.85,0.95,0.40,0.60,0.70,1.00,24211.00,0.60,121875,-215280,22329,31496085559.25,5664,F1,65,,,,,
2026-07-13,2026-07-13,FO,NSE,IDO,51240,,NIFTY,,2026-07-14,2026-07-14,21950.00,PE,NIFTY2671421950PE,1.25,1.25,0.40,0.65,0.50,1.20,24211.00,0.65,70395,-43420,16162,23059979627.75,2706,F1,65,,,,,
2026-07-13,2026-07-13,FO,NSE,IDO,51258,,NIFTY,,2026-07-14,2026-07-14,22150.00,PE,NIFTY2671422150PE,1.30,1.30,0.55,0.85,0.65,1.40,24211.00,0.85,87035,-48945,23693,34113396700.50,3997,F1,65,,,,,
2026-07-13,2026-07-13,FO,NSE,IDO,51338,,NIFTY,,2026-07-14,2026-07-14,23250.00,PE,NIFTY2671423250PE,4.10,4.10,2.00,2.60,2.85,3.95,24211.00,2.60,2208960,693290,485618,733975705541.00,83352,F1,65,,,,,
2026-07-13,2026-07-13,FO,NSE,IDO,51352,,NIFTY,,2026-07-14,2026-07-14,23600.00,PE,NIFTY2671423600PE,9.85,12.60,3.85,5.45,5.90,7.15,24211.00,5.45,9325485,2495480,1555390,2386606527483.75,363959,F1,65,,,,,
2026-07-13,2026-07-13,FO,NSE,IDO,51392,,NIFTY,,2026-07-14,2026-07-14,24450.00,PE,NIFTY2671424450PE,439.00,462.75,220.20,253.95,239.75,264.05,24211.00,253.95,249925,-40300,60769,97694170652.00,40733,F1,65,,,,,
2026-07-13,2026-07-13,FO,NSE,IDO,51404,,NIFTY,,2026-07-14,2026-07-14,24650.00,PE,NIFTY2671424650PE,520.00,659.10,398.00,446.85,429.85,448.70,24211.00,446.85,61035,-195,2211,3613049719.50,1814,F1,65,,,,,
2026-07-13,2026-07-13,FO,NSE,IDO,51480,,NIFTY,,2026-07-14,2026-07-14,25600.00,PE,NIFTY2671425600PE,0.00,0.00,0.00,1390.80,1390.80,1390.80,24211.00,1384.80,1560,0,0,0.00,0,F1,65,,,,,
2026-07-13,2026-07-13,FO,NSE,IDO,51496,,NIFTY,,2026-07-14,2026-07-14,25900.00,PE,NIFTY2671425900PE,0.00,0.00,0.00,1434.10,1434.10,1434.10,24211.00,1684.75,390,0,0,0.00,0,F1,65,,,,,
2026-07-13,2026-07-13,FO,NSE,IDO,57274,,NIFTY,,2026-07-21,2026-07-21,22350.00,PE,NIFTY2672122350PE,5.80,6.20,4.35,5.15,4.95,4.85,24211.00,5.15,39715,30940,1247,1811982445.00,755,F1,65,,,,,
2026-07-13,2026-07-13,FO,NSE,IDO,57320,,NIFTY,,2026-07-21,2026-07-21,23500.00,PE,NIFTY2672123500PE,45.05,49.15,25.15,29.35,29.40,25.50,24211.00,29.35,1655940,731575,96458,147547844821.00,54588,F1,65,,,,,
2026-07-13,2026-07-13,FO,NSE,IDO,57351,,NIFTY,,2026-07-21,2026-07-21,24250.00,PE,NIFTY2672124250PE,272.60,328.75,184.75,201.65,190.80,195.40,24211.00,201.65,328575,103155,31806,50585470513.50,21844,F1,65,,,,,
2026-07-13,2026-07-13,FO,NSE,IDO,57397,,NIFTY,,2026-07-21,2026-07-21,25050.00,PE,NIFTY2672125050PE,0.00,0.00,0.00,1159.75,1153.45,1159.75,24211.00,834.20,0,0,0,0.00,0,F1,65,,,,,
2026-07-13,2026-07-13,FO,NSE,IDO,57433,,NIFTY,,2026-07-21,2026-07-21,25550.00,PE,NIFTY2672125550PE,0.00,0.00,0.00,1499.75,1499.75,1499.75,24211.00,1309.45,65,0,0,0.00,0,F1,65,,,,,
2026-07-13,2026-07-13,FO,NSE,IDO,57435,,NIFTY,,2026-07-21,2026-07-21,25600.00,PE,NIFTY2672125600PE,1443.65,1443.65,1364.55,1364.55,1364.55,1410.50,24211.00,1358.60,845,650,11,19331068.25,2,F1,65,,,,,
2026-07-13,2026-07-13,FO,NSE,IDO,63812,,NIFTY,,2026-07-28,2026-07-28,21100.00,PE,NIFTY26JUL21100PE,5.40,5.70,4.35,5.50,5.55,4.75,24211.00,5.50,1180270,10465,4707,6457214614.50,1571,F1,65,,,,,
2026-07-13,2026-07-13,FO,NSE,IDO,63830,,NIFTY,,2026-07-28,2026-07-28,21450.00,PE,NIFTY26JUL21450PE,6.45,6.45,6.15,6.15,6.15,5.60,24211.00,6.15,2340,-65,8,11157217.50,3,F1,65,,,,,
2026-07-13,2026-07-13,FO,NSE,IDO,63942,,NIFTY,,2026-07-28,2026-07-28,24050.00,PE,NIFTY26JUL24050PE,235.20,256.45,160.00,170.60,168.65,160.20,24211.00,170.60,205660,325,9608,15150330074.75,7042,F1,65,,,,,
2026-07-13,2026-07-13,FO,NSE,IDO,63952,,NIFTY,,2026-07-28,2026-07-28,24300.00,PE,NIFTY26JUL24300PE,373.95,396.20,254.50,272.15,270.00,265.45,24211.00,272.15,1328730,-26390,26142,41809529271.25,18091,F1,65,,,,,
2026-07-13,2026-07-13,FO,NSE,IDO,63994,,NIFTY,,2026-07-28,2026-07-28,25300.00,PE,NIFTY26JUL25300PE,1087.45,1087.45,1044.60,1058.20,1054.45,1065.25,24211.00,1058.20,20930,65,6,10278963.50,6,F1,65,,,,,
2026-07-13,2026-07-13,FO,NSE,IDO,64011,,NIFTY,,2026-07-28,2026-07-28,25700.00,PE,NIFTY26JUL25700PE,0.00,0.00,0.00,1455.00,1455.00,1455.00,24211.00,1442.80,14820,0,0,0.00,0,F1,65,,,,,
2026-07-13,2026-07-13,FO,NSE,IDO,64026,,NIFTY,,2026-07-28,2026-07-28,26000.00,PE,NIFTY26JUL26000PE,1931.00,1962.20,1718.95,1754.05,1736.15,1753.55,24211.00,1754.05,2427100,-62465,1578,2853679224.50,1405,F1,65,,,,,
2026-07-13,2026-07-13,FO,NSE,IDO,65448,,NIFTY,,2026-08-04,2026-08-04,22800.00,PE,NIFTY2680422800PE,35.30,36.80,26.15,28.00,28.45,25.25,24211.00,28.00,16315,6110,261,387306487.75,188,F1,65,,,,,
2026-07-13,2026-07-13,FO,NSE,IDO,65452,,NIFTY,,2026-08-04,2026-08-04,22900.00,PE,NIFTY2680422900PE,43.20,43.35,30.25,32.35,32.60,27.85,24211.00,32.35,7085,-325,153,228098994.50,85,F1,65,,,,,
2026-07-13,2026-07-13,FO,NSE,IDO,65872,,NIFTY,,2026-08-04,2026-08-04,24600.00,PE,NIFTY2680424600PE,537.95,537.95,485.00,487.90,485.00,496.35,24211.00,487.90,2665,1170,23,37534259.75,21,F1,65,,,,,
2026-07-13,2026-07-13,FO,NSE,IDO,65917,,NIFTY,,2026-08-04,2026-08-04,25000.00,PE,NIFTY2680425000PE,885.85,912.20,631.10,796.00,789.65,779.35,24211.00,796.00,3055,2925,81,135862886.25,81,F1,65,,,,,
2026-07-13,2026-07-13,FO,NSE,IDO,65919,,NIFTY,,2026-08-04,2026-08-04,25050.00,PE,NIFTY2680425050PE,0.00,0.00,0.00,1237.80,0.00,1237.80,24211.00,888.00,0,0,0,0.00,0,F1,65,,,,,
2026-07-13,2026-07-13,FO,NSE,IDO,65931,,NIFTY,,2026-08-04,2026-08-04,25250.00,PE,NIFTY2680425250PE,0.00,0.00,0.00,1396.40,0.00,1396.40,24211.00,1047.55,0,0,0,0.00,0,F1,65,,,,,
2026-07-13,2026-07-13,FO,NSE,IDO,40880,,NIFTY,,2026-08-11,2026-08-11,21600.00,PE,NIFTY2681121600PE,0.00,0.00,0.00,2.95,0.00,2.95,24211.00,2.35,0,0,0,0.00,0,F1,65,,,,,
2026-07-13,2026-07-13,FO,NSE,IDO,40927,,NIFTY,,2026-08-11,2026-08-11,22450.00,PE,NIFTY2681122450PE,0.00,0.00,0.00,22.45,0.00,22.45,24211.00,21.85,0,0,0,0.00,0,F1,65,,,,,
2026-07-13,2026-07-13,FO,NSE,IDO,40942,,NIFTY,,2026-08-11,2026-08-11,22800.00,PE,NIFTY2681122800PE,47.95,47.95,40.00,40.00,40.00,47.95,24211.00,46.05,1235,1105,26,38606704.50,13,F1,65,,,,,
2026-07-13,2026-07-13,FO,NSE,IDO,40998,,NIFTY,,2026-08-11,2026-08-11,24150.00,PE,NIFTY2681124150PE,321.65,359.85,304.05,304.05,304.05,259.10,24211.00,378.75,325,130,10,15905886.75,10,F1,65,,,,,
2026-07-13,2026-07-13,FO,NSE,IDO,41006,,NIFTY,,2026-08-11,2026-08-11,24350.00,PE,NIFTY2681124350PE,0.00,0.00,0.00,345.85,345.85,345.85,24211.00,474.80,65,0,0,0.00,0,F1,65,,,,,
2026-07-13,2026-07-13,FO,NSE,IDO,41038,,NIFTY,,2026-08-11,2026-08-11,25000.00,PE,NIFTY2681125000PE,0.00,0.00,0.00,774.65,0.00,774.65,24211.00,878.25,0,0,0,0.00,0,F1,65,,,,,
2026-07-13,2026-07-13,FO,NSE,IDO,74654,,NIFTY,,2031-06-24,2031-06-24,27000.00,PE,NIFTY31JUN27000PE,0.00,0.00,0.00,1653.15,0.00,1653.15,24211.00,1462.75,0,0,0,0.00,0,F1,65,,,,,
2026-07-13,2026-07-13,FO,NSE,IDO,55607,,NIFTY,,2029-12-24,2029-12-24,28500.00,PE,NIFTY29DEC28500PE,0.00,0.00,0.00,1255.90,0.00,1255.90,24211.00,2282.65,0,0,0,0.00,0,F1,65,,,,,
2026-07-13,2026-07-13,FO,NSE,IDO,61795,,NIFTY,,2029-12-24,2029-12-24,27000.00,PE,NIFTY29DEC27000PE,0.00,0.00,0.00,1177.90,0.00,1177.90,24211.00,1741.45,0,0,0,0.00,0,F1,65,,,,,
2026-07-13,2026-07-13,FO,NSE,IDO,55603,,NIFTY,,2029-12-24,2029-12-24,22500.00,PE,NIFTY29DEC22500PE,0.00,0.00,0.00,225.70,0.00,225.70,24211.00,609.20,0,0,0,0.00,0,F1,65,,,,,
2026-07-13,2026-07-13,FO,NSE,IDO,55565,,NIFTY,,2029-06-26,2029-06-26,28500.00,PE,NIFTY29JUN28500PE,0.00,0.00,0.00,1349.10,0.00,1349.10,24211.00,2439.40,0,0,0,0.00,0,F1,65,,,,,
2026-07-13,2026-07-13,FO,NSE,IDO,55523,,NIFTY,,2028-12-26,2028-12-26,25500.00,PE,NIFTY28DEC25500PE,0.00,0.00,0.00,648.20,0.00,648.20,24211.00,1393.40,0,0,0,0.00,0,F1,65,,,,,
2026-07-13,2026-07-13,FO,NSE,IDO,86152,,NIFTY,,2028-06-27,2028-06-27,24000.00,PE,NIFTY28JUN24000PE,0.00,0.00,0.00,1692.75,0.00,1692.75,24211.00,948.25,0,0,0,0.00,0,F1,65,,,,,
2026-07-13,2026-07-13,FO,NSE,IDO,53615,,NIFTY,,2027-12-28,2027-12-28,21000.00,PE,NIFTY27DEC21000PE,315.00,315.00,287.40,298.80,300.00,307.00,24211.00,298.80,12205,325,9,12461241.00,5,F1,65,,,,,
2026-07-13,2026-07-13,FO,NSE,IDO,53602,,NIFTY,,2027-12-28,2027-12-28,17000.00,PE,NIFTY27DEC17000PE,70.00,70.05,70.00,70.00,70.00,67.00,24211.00,70.00,17815,65,3,3328653.25,3,F1,65,,,,,
2026-07-13,2026-07-13,FO,NSE,IDO,55377,,NIFTY,,2027-06-29,2027-06-29,25500.00,PE,NIFTY27JUN25500PE,0.00,0.00,0.00,667.15,0.00,667.15,24211.00,1475.70,0,0,0,0.00,0,F1,65,,,,,
2026-07-13,2026-07-13,FO,NSE,IDO,71554,,NIFTY,,2027-06-29,2027-06-29,21000.00,PE,NIFTY27JUN21000PE,176.70,189.95,176.70,189.95,189.95,188.50,24211.00,193.60,4925,-65,2,2753832.25,2,F1,65,,,,,
2026-07-13,2026-07-13,FO,NSE,IDO,55293,,NIFTY,,2026-09-29,2026-09-29,34500.00,PE,NIFTY26SEP34500PE,0.00,0.00,0.00,7064.95,0.00,7064.95,24211.00,9812.40,0,0,0,0.00,0,F1,65,,,,,
2026-07-13,2026-07-13,FO,NSE,IDO,74439,,NIFTY,,2026-09-29,2026-09-29,26050.00,PE,NIFTY26SEP26050PE,0.00,0.00,0.00,2017.50,0.00,2017.50,24211.00,1735.10,0,0,0,0.00,0,F1,65,,,,,
2026-07-13,2026-07-13,FO,NSE,IDO,65905,,NIFTY,,2026-09-29,2026-09-29,26000.00,PE,NIFTY26SEP26000PE,1674.00,1735.00,1525.50,1545.55,1544.60,1553.55,24211.00,1545.55,579290,5980,198,355358887.00,144,F1,65,,,,,
2026-07-13,2026-07-13,FO,NSE,IDO,74406,,NIFTY,,2026-09-29,2026-09-29,25550.00,PE,NIFTY26SEP25550PE,0.00,0.00,0.00,1632.65,0.00,1632.65,24211.00,1365.80,0,0,0,0.00,0,F1,65,,,,,
2026-07-13,2026-07-13,FO,NSE,IDO,41050,,NIFTY,,2026-08-11,2026-08-11,25300.00,PE,NIFTY2681125300PE,0.00,0.00,0.00,980.20,0.00,980.20,24211.00,1106.25,0,0,0,0.00,0,F1,65,,,,,
2026-07-13,2026-07-13,FO,NSE,IDO,61400,,NIFTY,,2026-08-25,2026-08-25,22550.00,PE,NIFTY26AUG22550PE,55.20,59.50,44.75,45.95,46.30,41.20,24211.00,45.95,15340,-3315,150,220365840.50,81,F1,65,,,,,
2026-07-13,2026-07-13,FO,NSE,IDO,61402,,NIFTY,,2026-08-25,2026-08-25,22600.00,PE,NIFTY26AUG22600PE,58.15,62.15,47.40,49.25,48.80,45.15,24211.00,49.25,68315,3770,740,1089541820.25,447,F1,65,,,,,
2026-07-13,2026-07-13,FO,NSE,IDO,61467,,NIFTY,,2026-08-25,2026-08-25,23350.00,PE,NIFTY26AUG23350PE,151.50,158.55,116.25,123.65,122.10,111.90,24211.00,123.65,8775,-65,134,204481264.00,86,F1,65,,,,,
2026-07-13,2026-07-13,FO,NSE,IDO,61518,,NIFTY,,2026-08-25,2026-08-25,23600.00,PE,NIFTY26AUG23600PE,222.10,222.10,162.50,168.00,165.80,156.75,24211.00,168.00,162435,18850,1879,2904631908.75,1270,F1,65,,,,,
2026-07-13,2026-07-13,FO,NSE,IDO,61703,,NIFTY,,2026-08-25,2026-08-25,24300.00,PE,NIFTY26AUG24300PE,477.00,493.00,375.90,392.90,388.00,377.85,24211.00,392.90,256490,8255,2082,3346433983.75,1596,F1,65,,,,,
2026-07-13,2026-07-13,FO,NSE,IDO,61976,,NIFTY,,2026-08-25,2026-08-25,25500.00,PE,NIFTY26AUG25500PE,1337.05,1380.00,1144.75,1189.50,1191.00,1190.00,24211.00,1189.50,374985,47515,924,1607202480.00,890,F1,65,,,,,
2026-07-13,2026-07-13,FO,NSE,IDO,62039,,NIFTY,,2026-08-25,2026-08-25,26000.00,PE,NIFTY26AUG26000PE,1820.00,1855.70,1610.00,1647.25,1638.00,1645.75,24211.00,1647.25,424060,49270,955,1720310449.00,722,F1,65,,,,,
2026-07-13,2026-07-13,FO,NSE,IDO,62044,,NIFTY,,2026-08-25,2026-08-25,26050.00,PE,NIFTY26AUG26050PE,0.00,0.00,0.00,2002.60,0.00,2002.60,24211.00,1736.25,0,0,0,0.00,0,F1,65,,,,,
2026-07-13,2026-07-13,FO,NSE,IDO,73882,,NIFTY,,2026-09-29,2026-09-29,22400.00,PE,NIFTY26SEP22400PE,91.20,91.25,74.00,75.50,75.25,72.90,24211.00,75.50,51350,24310,631,922318874.75,167,F1,65,,,,,
2026-07-13,2026-07-13,FO,NSE,IDO,73905,,NIFTY,,2026-09-29,2026-09-29,23050.00,PE,NIFTY26SEP23050PE,173.25,173.25,138.05,141.60,139.50,137.60,24211.00,141.60,12740,-23985,458,690453630.75,452,F1,65,,,,,
2026-07-13,2026-07-13,FO,NSE,IDO,53595,,NIFTY,,2027-12-28,2027-12-28,15000.00,PE,NIFTY27DEC15000PE,0.00,0.00,0.00,39.00,39.00,39.00,24211.00,2.95,625,0,0,0.00,0,F1,65,,,,,
2026-07-13,2026-07-13,FO,NSE,IDO,51241,,NIFTY,,2026-07-14,2026-07-14,22000.00,CE,NIFTY2671422000CE,2094.00,2225.00,2070.00,2225.00,2225.00,2219.30,24211.00,2214.65,3315,65,23,36153643.50,15,F1,65,,,,,
2026-07-13,2026-07-13,FO,NSE,IDO,51295,,NIFTY,,2026-07-14,2026-07-14,22750.00,CE,NIFTY2671422750CE,0.00,0.00,0.00,1424.35,1424.35,1424.35,24211.00,1464.80,2925,0,0,0.00,0,F1,65,,,,,
2026-07-13,2026-07-13,FO,NSE,IDO,51307,,NIFTY,,2026-07-14,2026-07-14,22950.00,CE,NIFTY2671422950CE,1283.00,1283.00,1272.20,1272.20,1272.20,1252.55,24211.00,1264.80,5915,0,25,39372690.50,8,F1,65,,,,,
2026-07-13,2026-07-13,FO,NSE,IDO,51337,,NIFTY,,2026-07-14,2026-07-14,23250.00,CE,NIFTY2671423250CE,760.05,978.40,744.90,959.05,959.80,966.60,24211.00,959.05,18005,260,122,191378174.00,103,F1,65,,,,,
2026-07-13,2026-07-13,FO,NSE,IDO,51343,,NIFTY,,2026-07-14,2026-07-14,23400.00,CE,NIFTY2671423400CE,627.95,851.75,598.75,806.15,818.70,814.10,24211.00,806.15,36660,-7215,827,1296881638.00,678,F1,65,,,,,
2026-07-13,2026-07-13,FO,NSE,IDO,51441,,NIFTY,,2026-07-14,2026-07-14,25200.00,CE,NIFTY2671425200CE,0.80,1.00,0.45,0.55,0.50,1.00,24211.00,0.55,3667755,-812695,335529,549612667223.75,40889,F1,65,,,,,
2026-07-13,2026-07-13,FO,NSE,IDO,51445,,NIFTY,,2026-07-14,2026-07-14,25300.00,CE,NIFTY2671425300CE,0.70,0.90,0.40,0.50,0.40,0.85,24211.00,0.50,1949025,-1091285,274233,450987728906.00,28467,F1,65,,,,,
2026-07-13,2026-07-13,FO,NSE,IDO,51483,,NIFTY,,2026-07-14,2026-07-14,25700.00,CE,NIFTY2671425700CE,0.65,0.75,0.30,0.40,0.30,0.65,24211.00,0.40,810160,-439140,37003,61814782815.50,6232,F1,65,,,,,
2026-07-13,2026-07-13,FO,NSE,IDO,51495,,NIFTY,,2026-07-14,2026-07-14,25900.00,CE,NIFTY2671425900CE,0.50,0.70,0.25,0.35,0.25,0.55,24211.00,0.35,729170,23140,35993,60595149813.25,9989,F1,65,,,,,
2026-07-13,2026-07-13,FO,NSE,IDO,51507,,NIFTY,,2026-07-14,2026-07-14,26200.00,CE,NIFTY2671426200CE,0.50,0.50,0.25,0.30,0.30,0.45,24211.00,0.30,193310,-26910,7979,13588431493.00,1780,F1,65,,,,,
2026-07-13,2026-07-13,FO,NSE,IDO,57295,,NIFTY,,2026-07-21,2026-07-21,22900.00,CE,NIFTY2672122900CE,1230.00,1351.80,1230.00,1329.60,1323.70,991.60,24211.00,1329.60,28145,28080,445,701081455.75,207,F1,65,,,,,
2026-07-13,2026-07-13,FO,NSE,IDO,57331,,NIFTY,,2026-07-21,2026-07-21,23800.00,CE,NIFTY2672123800CE,330.00,533.45,314.50,483.20,497.35,477.95,24211.00,483.20,238095,65000,11828,18605812436.25,7714,F1,65,,,,,
2026-07-13,2026-07-13,FO,NSE,IDO,57440,,NIFTY,,2026-07-21,2026-07-21,25700.00,CE,NIFTY2672125700CE,1.30,1.35,0.95,1.05,1.05,1.35,24211.00,1.05,858780,498290,33591,56116084787.75,13409,F1,65,,,,,
2026-07-13,2026-07-13,FO,NSE,IDO,57443,,NIFTY,,2026-07-21,2026-07-21,25750.00,CE,NIFTY2672125750CE,1.15,1.25,0.95,1.05,1.00,1.40,24211.00,1.05,105105,83005,3520,5891832729.25,2187,F1,65,,,,,
2026-07-13,2026-07-13,FO,NSE,IDO,57463,,NIFTY,,2026-07-21,2026-07-21,26150.00,CE,NIFTY2672126150CE,0.95,1.10,0.90,0.95,1.00,1.10,24211.00,0.95,11180,1300,116,197178465.25,42,F1,65,,,,,
2026-07-13,2026-07-13,FO,NSE,IDO,63838,,NIFTY,,2026-07-28,2026-07-28,21600.00,CE,NIFTY26JUL21600CE,0.00,0.00,0.00,2783.40,0.00,2783.40,24211.00,2664.65,0,0,0,0.00,0,F1,65,,,,,
2026-07-13,2026-07-13,FO,NSE,IDO,63869,,NIFTY,,2026-07-28,2026-07-28,22350.00,CE,NIFTY26JUL22350CE,0.00,0.00,0.00,1528.15,1528.15,1528.15,24211.00,1918.70,260,0,0,0.00,0,F1,65,,,,,
2026-07-13,2026-07-13,FO,NSE,IDO,63897,,NIFTY,,2026-07-28,2026-07-28,23050.00,CE,NIFTY26JUL23050CE,1013.15,1218.20,1012.00,1218.20,1218.20,987.85,24211.00,1242.35,1300,260,28,43851843.75,15,F1,65,,,,,
2026-07-13,2026-07-13,FO,NSE,IDO,63901,,NIFTY,,2026-07-28,2026-07-28,23150.00,CE,NIFTY26JUL23150CE,922.90,1111.30,922.90,1111.30,1111.30,1122.65,24211.00,1111.30,1950,0,3,4717973.00,3,F1,65,,,,,
2026-07-13,2026-07-13,FO,NSE,IDO,63957,,NIFTY,,2026-07-28,2026-07-28,24450.00,CE,NIFTY26JUL24450CE,90.05,175.00,77.10,149.10,150.10,143.25,24211.00,149.10,237575,-45435,9157,14632148752.00,7594,F1,65,,,,,
2026-07-13,2026-07-13,FO,NSE,IDO,64013,,NIFTY,,2026-07-28,2026-07-28,25750.00,CE,NIFTY26JUL25750CE,3.45,4.20,3.30,3.75,3.60,4.10,24211.00,3.75,39390,-2405,347,580880062.75,139,F1,65,,,,,
2026-07-13,2026-07-13,FO,NSE,IDO,64025,,NIFTY,,2026-07-28,2026-07-28,26000.00,CE,NIFTY26JUL26000CE,2.70,3.00,2.25,2.65,2.45,3.00,24211.00,2.65,3146650,-113945,13603,22991396717.25,6687,F1,65,,,,,
2026-07-13,2026-07-13,FO,NSE,IDO,64027,,NIFTY,,2026-07-28,2026-07-28,26050.00,CE,NIFTY26JUL26050CE,2.35,2.80,2.25,2.55,2.40,2.90,24211.00,2.55,122980,-1040,285,482623761.75,116,F1,65,,,,,
2026-07-13,2026-07-13,FO,NSE,IDO,65158,,NIFTY,,2026-08-04,2026-08-04,21650.00,CE,NIFTY2680421650CE,0.00,0.00,0.00,2348.40,0.00,2348.40,24211.00,2640.50,0,0,0,0.00,0,F1,65,,,,,
2026-07-13,2026-07-13,FO,NSE,IDO,65419,,NIFTY,,2026-08-04,2026-08-04,22250.00,CE,NIFTY2680422250CE,0.00,0.00,0.00,1793.65,0.00,1793.65,24211.00,2048.00,0,0,0,0.00,0,F1,65,,,,,
2026-07-13,2026-07-13,FO,NSE,IDO,65425,,NIFTY,,2026-08-04,2026-08-04,22350.00,CE,NIFTY2680422350CE,0.00,0.00,0.00,1705.25,0.00,1705.25,24211.00,1950.50,0,0,0,0.00,0,F1,65,,,,,
2026-07-13,2026-07-13,FO,NSE,IDO,65443,,NIFTY,,2026-08-04,2026-08-04,22700.00,CE,NIFTY2680422700CE,0.00,0.00,0.00,1408.60,0.00,1408.60,24211.00,1614.80,0,0,0,0.00,0,F1,65,,,,,
2026-07-13,2026-07-13,FO,NSE,IDO,65523,,NIFTY,,2026-08-04,2026-08-04,23150.00,CE,NIFTY2680423150CE,0.00,0.00,0.00,1062.75,0.00,1062.75,24211.00,1205.50,0,0,0,0.00,0,F1,65,,,,,
2026-07-13,2026-07-13,FO,NSE,IDO,65527,,NIFTY,,2026-08-04,2026-08-04,23250.00,CE,NIFTY2680423250CE,0.00,0.00,0.00,992.40,0.00,992.40,24211.00,1119.70,0,0,0,0.00,0,F1,65,,,,,
2026-07-13,2026-07-13,FO,NSE,IDO,65697,,NIFTY,,2026-08-04,2026-08-04,24100.00,CE,NIFTY2680424100CE,257.35,412.70,255.70,385.45,387.15,369.80,24211.00,385.45,145470,54600,2071,3286893844.00,1706,F1,65,,,,,
2026-07-13,2026-07-13,FO,NSE,IDO,65806,,NIFTY,,2026-08-04,2026-08-04,24250.00,CE,NIFTY2680424250CE,200.00,328.85,190.00,301.45,306.10,286.65,24211.00,301.45,31460,15665,694,1106976234.00,477,F1,65,,,,,
2026-07-13,2026-07-13,FO,NSE,IDO,65854,,NIFTY,,2026-08-04,2026-08-04,24400.00,CE,NIFTY2680424400CE,157.75,251.25,133.70,224.55,228.10,211.90,24211.00,224.55,61295,3640,782,1249991158.00,596,F1,65,,,,,
2026-07-13,2026-07-13,FO,NSE,IDO,66015,,NIFTY,,2026-08-04,2026-08-04,25850.00,CE,NIFTY2680425850CE,6.20,8.40,5.95,7.55,7.55,7.70,24211.00,7.55,1820,715,28,47059476.75,24,F1,65,,,,,
2026-07-13,2026-07-13,FO,NSE,IDO,40885,,NIFTY,,2026-08-11,2026-08-11,21650.00,CE,NIFTY2681121650CE,0.00,0.00,0.00,2877.30,0.00,2877.30,24211.00,2667.40,0,0,0,0.00,0,F1,65,,,,,
2026-07-13,2026-07-13,FO,NSE,IDO,40949,,NIFTY,,2026-08-11,2026-08-11,23000.00,CE,NIFTY2681123000CE,0.00,0.00,0.00,1596.15,0.00,1596.15,24211.00,1388.75,0,0,0,0.00,0,F1,65,,,,,
2026-07-13,2026-07-13,FO,NSE,IDO,40961,,NIFTY,,2026-08-11,2026-08-11,23300.00,CE,NIFTY2681123300CE,0.00,0.00,0.00,1339.35,0.00,1339.35,24211.00,1137.10,0,0,0,0.00,0,F1,65,,,,,
2026-07-13,2026-07-13,FO,NSE,IDO,41029,,NIFTY,,2026-08-11,2026-08-11,24850.00,CE,NIFTY2681124850CE,0.00,0.00,0.00,373.65,0.00,373.65,24211.00,253.45,0,0,0,0.00,0,F1,65,,,,,
2026-07-13,2026-07-13,FO,NSE,IDO,41055,,NIFTY,,2026-08-11,2026-08-11,25450.00,CE,NIFTY2681125450CE,0.00,0.00,0.00,187.70,0.00,187.70,24211.00,111.00,0,0,0,0.00,0,F1,65,,,,,
2026-07-13,2026-07-13,FO,NSE,IDO,61344,,NIFTY,,2026-08-25,2026-08-25,21850.00,CE,NIFTY26AUG21850CE,0.00,0.00,0.00,2494.10,0.00,2494.10,24211.00,2543.30,0,0,0,0.00,0,F1,65,,,,,
2026-07-13,2026-07-13,FO,NSE,IDO,61350,,NIFTY,,2026-08-25,2026-08-25,21950.00,CE,NIFTY26AUG21950CE,0.00,0.00,0.00,2408.05,0.00,2408.05,24211.00,2447.50,0,0,0,0.00,0,F1,65,,,,,
2026-07-13,2026-07-13,FO,NSE,IDO,61411,,NIFTY,,2026-08-25,2026-08-25,22750.00,CE,NIFTY26AUG22750CE,0.00,0.00,0.00,1400.40,1400.40,1400.40,24211.00,1712.20,65,0,0,0.00,0,F1,65,,,,,
2026-07-13,2026-07-13,FO,NSE,IDO,61436,,NIFTY,,2026-08-25,2026-08-25,23100.00,CE,NIFTY26AUG23100CE,0.00,0.00,0.00,1285.00,1285.00,1285.00,24211.00,1417.25,2145,0,0,0.00,0,F1,65,,,,,
2026-07-13,2026-07-13,FO,NSE,IDO,61450,,NIFTY,,2026-08-25,2026-08-25,23250.00,CE,NIFTY26AUG23250CE,0.00,0.00,0.00,1054.70,1054.70,1054.70,24211.00,1297.80,325,0,0,0.00,0,F1,65,,,,,
2026-07-13,2026-07-13,FO,NSE,IDO,61459,,NIFTY,,2026-08-25,2026-08-25,23350.00,CE,NIFTY26AUG23350CE,1065.00,1065.00,1065.00,1065.00,1065.00,965.25,24211.00,1220.80,1235,0,1,1586975.00,1,F1,65,,,,,
2026-07-13,2026-07-13,FO,NSE,IDO,61501,,NIFTY,,2026-08-25,2026-08-25,23550.00,CE,NIFTY26AUG23550CE,0.00,0.00,0.00,954.95,954.95,954.95,24211.00,1073.35,1105,0,0,0.00,0,F1,65,,,,,
2026-07-13,2026-07-13,FO,NSE,IDO,61530,,NIFTY,,2026-08-25,2026-08-25,23700.00,CE,NIFTY26AUG23700CE,685.00,854.35,678.00,825.80,825.80,797.10,24211.00,825.80,13065,3120,197,313277380.00,153,F1,65,,,,,
2026-07-13,2026-07-13,FO,NSE,IDO,61593,,NIFTY,,2026-08-25,2026-08-25,24000.00,CE,NIFTY26AUG24000CE,573.35,650.00,470.55,614.55,606.30,596.10,24211.00,614.55,1169740,94835,10770,17189375076.25,8109,F1,65,,,,,
2026-07-13,2026-07-13,FO,NSE,IDO,61772,,NIFTY,,2026-08-25,2026-08-25,24550.00,CE,NIFTY26AUG24550CE,228.40,325.10,225.45,307.10,311.00,288.05,24211.00,307.10,21775,390,235,379351498.50,167,F1,65,,,,,
2026-07-13,2026-07-13,FO,NSE,IDO,61775,,NIFTY,,2026-08-25,2026-08-25,24600.00,CE,NIFTY26AUG24600CE,208.00,308.95,205.60,284.55,289.00,267.15,24211.00,284.55,228995,28275,4426,7150250620.50,2319,F1,65,,,,,
2026-07-13,2026-07-13,FO,NSE,IDO,61797,,NIFTY,,2026-08-25,2026-08-25,24750.00,CE,NIFTY26AUG24750CE,164.30,246.20,162.65,225.10,224.55,210.00,24211.00,225.10,12610,585,216,350150277.75,135,F1,65,,,,,
2026-07-13,2026-07-13,FO,NSE,IDO,61897,,NIFTY,,2026-08-25,2026-08-25,25000.00,CE,NIFTY26AUG25000CE,100.00,158.40,95.30,143.20,145.10,132.15,24211.00,143.20,1483365,99515,26432,43163114959.25,15969,F1,65,,,,,
2026-07-13,2026-07-13,FO,NSE,IDO,61994,,NIFTY,,2026-08-25,2026-08-25,25750.00,CE,NIFTY26AUG25750CE,0.00,0.00,0.00,315.30,0.00,315.30,24211.00,139.95,0,0,0,0.00,0,F1,65,,,,,
2026-07-13,2026-07-13,FO,NSE,IDO,73871,,NIFTY,,2026-09-29,2026-09-29,22150.00,CE,NIFTY26SEP22150CE,0.00,0.00,0.00,2200.35,0.00,2200.35,24211.00,2448.35,0,0,0,0.00,0,F1,65,,,,,
2026-07-13,2026-07-13,FO,NSE,IDO,73875,,NIFTY,,2026-09-29,2026-09-29,22250.00,CE,NIFTY26SEP22250CE,0.00,0.00,0.00,2117.80,0.00,2117.80,24211.00,2360.35,0,0,0,0.00,0,F1,65,,,,,
2026-07-13,2026-07-13,FO,NSE,IDO,73881,,NIFTY,,2026-09-29,2026-09-29,22400.00,CE,NIFTY26SEP22400CE,0.00,0.00,0.00,1996.35,0.00,1996.35,24211.00,2230.45,0,0,0,0.00,0,F1,65,,,,,
2026-07-13,2026-07-13,FO,NSE,IDO,73921,,NIFTY,,2026-09-29,2026-09-29,23250.00,CE,NIFTY26SEP23250CE,0.00,0.00,0.00,1354.85,1354.85,1354.85,24211.00,1552.00,325,0,0,0.00,0,F1,65,,,,,
2026-07-13,2026-07-13,FO,NSE,IDO,73995,,NIFTY,,2026-09-29,2026-09-29,23550.00,CE,NIFTY26SEP23550CE,0.00,0.00,0.00,993.80,985.25,993.80,24211.00,1339.05,325,0,0,0.00,0,F1,65,,,,,
2026-07-13,2026-07-13,FO,NSE,IDO,74045,,NIFTY,,2026-09-29,2026-09-29,23800.00,CE,NIFTY26SEP23800CE,840.00,994.30,832.00,951.00,951.00,953.50,24211.00,1175.50,6435,780,30,48124683.75,24,F1,65,,,,,
2026-07-13,2026-07-13,FO,NSE,IDO,74368,,NIFTY,,2026-09-29,2026-09-29,25100.00,CE,NIFTY26SEP25100CE,0.00,0.00,0.00,468.20,0.00,468.20,24211.00,527.30,0,0,0,0.00,0,F1,65,,,,,
2026-07-13,2026-07-13,FO,NSE,IDO,74463,,NIFTY,,2026-09-29,2026-09-29,26150.00,CE,NIFTY26SEP26150CE,0.00,0.00,0.00,215.05,0.00,215.05,24211.00,235.60,0,0,0,0.00,0,F1,65,,,,,
2026-07-13,2026-07-13,FO,NSE,IDO,58636,,NIFTY,,2026-12-29,2026-12-29,16000.00,CE,NIFTY26DEC16000CE,0.00,0.00,0.00,6200.00,6200.00,6200.00,24211.00,8686.15,50,0,0,0.00,0,F1,65,,,,,
2026-07-13,2026-07-13,FO,NSE,IDO,55326,,NIFTY,,2026-12-29,2026-12-29,22500.00,CE,NIFTY26DEC22500CE,2328.00,2480.00,2328.00,2480.00,2480.00,2458.20,24211.00,2650.25,15535,0,5,8108620.00,2,F1,65,,,,,
2026-07-13,2026-07-13,FO,NSE,IDO,55376,,NIFTY,,2027-06-29,2027-06-29,25500.00,CE,NIFTY27JUN25500CE,0.00,0.00,0.00,3312.45,0.00,3312.45,24211.00,1734.15,0,0,0,0.00,0,F1,65,,,,,
2026-07-13,2026-07-13,FO,NSE,IDO,47194,,NIFTY,,2027-12-28,2027-12-28,33000.00,CE,NIFTY27DEC33000CE,226.75,226.75,168.55,169.80,168.55,250.00,24211.00,169.80,2210,585,15,32358248.00,15,F1,65,,,,,
2026-07-13,2026-07-13,FO,NSE,IDO,55470,,NIFTY,,2028-06-27,2028-06-27,19500.00,CE,NIFTY28JUN19500CE,0.00,0.00,0.00,9209.10,0.00,9209.10,24211.00,7207.20,0,0,0,0.00,0,F1,65,,,,,
2026-07-13,2026-07-13,FO,NSE,IDO,89612,,NIFTY,,2029-06-26,2029-06-26,18000.00,CE,NIFTY29JUN18000CE,0.00,0.00,0.00,11678.65,0.00,11678.65,24211.00,9470.75,0,0,0,0.00,0,F1,65,,,,,
2026-07-13,2026-07-13,FO,NSE,IDO,89624,,NIFTY,,2029-06-26,2029-06-26,21000.00,CE,NIFTY29JUN21000CE,0.00,0.00,0.00,9799.75,0.00,9799.75,24211.00,7262.65,0,0,0,0.00,0,F1,65,,,,,
2026-07-13,2026-07-13,FO,NSE,IDO,55598,,NIFTY,,2029-12-24,2029-12-24,16500.00,CE,NIFTY29DEC16500CE,0.00,0.00,0.00,12984.85,0.00,12984.85,24211.00,11090.40,0,0,0,0.00,0,F1,65,,,,,
2026-07-13,2026-07-13,FO,NSE,IDO,55606,,NIFTY,,2029-12-24,2029-12-24,28500.00,CE,NIFTY29DEC28500CE,0.00,0.00,0.00,4802.10,0.00,4802.10,24211.00,3729.75,0,0,0,0.00,0,F1,65,,,,,
2026-07-13,2026-07-13,FO,NSE,IDO,60892,,NIFTY,,2030-06-25,2030-06-25,18000.00,CE,NIFTY30JUN18000CE,0.00,0.00,0.00,12423.90,0.00,12423.90,24211.00,10427.15,0,0,0,0.00,0,F1,65,,,,,
2026-07-13,2026-07-13,FO,NSE,IDO,55650,,NIFTY,,2030-06-25,2030-06-25,31500.00,CE,NIFTY30JUN31500CE,0.00,0.00,0.00,3984.80,0.00,3984.80,24211.00,3192.50,0,0,0,0.00,0,F1,65,,,,,
2026-07-13,2026-07-13,FO,NSE,IDO,55696,,NIFTY,,2030-12-31,2030-12-31,16500.00,CE,NIFTY30DEC16500CE,0.00,0.00,0.00,13763.55,0.00,13763.55,24211.00,11950.90,0,0,0,0.00,0,F1,65,,,,,
2026-07-13,2026-07-13,FO,NSE,IDO,55760,,NIFTY,,2030-12-31,2030-12-31,28500.00,CE,NIFTY30DEC28500CE,0.00,0.00,0.00,5968.30,0.00,5968.30,24211.00,4904.90,0,0,0,0.00,0,F1,65,,,,,
2026-07-13,2026-07-13,FO,NSE,IDO,74661,,NIFTY,,2031-06-24,2031-06-24,31500.00,CE,NIFTY31JUN31500CE,0.00,0.00,0.00,3928.35,0.00,3928.35,24211.00,4268.85,0,0,0,0.00,0,F1,65,,,,,
2026-07-13,2026-07-13,FO,NSE,IDO,51226,,NIFTY,,2026-07-14,2026-07-14,21650.00,PE,NIFTY2671421650PE,0.95,1.00,0.40,0.65,0.45,1.00,24211.00,0.65,48555,-35685,7046,9915814389.00,1604,F1,65,,,,,
2026-07-13,2026-07-13,FO,NSE,IDO,51247,,NIFTY,,2026-07-14,2026-07-14,22050.00,PE,NIFTY2671422050PE,1.25,1.25,0.55,0.75,0.85,1.30,24211.00,0.75,131950,-67340,23607,33836057125.00,3840,F1,65,,,,,
2026-07-13,2026-07-13,FO,NSE,IDO,51278,,NIFTY,,2026-07-14,2026-07-14,22400.00,PE,NIFTY2671422400PE,1.45,1.45,0.65,1.00,1.25,1.65,24211.00,1.00,626795,-217035,75235,109547432120.75,12655,F1,65,,,,,
2026-07-13,2026-07-13,FO,NSE,IDO,51350,,NIFTY,,2026-07-14,2026-07-14,23550.00,PE,NIFTY2671423550PE,16.50,16.50,3.50,4.75,5.70,6.25,24211.00,4.75,3218865,1128855,744020,1139167580141.50,191719,F1,65,,,,,
2026-07-13,2026-07-13,FO,NSE,IDO,51482,,NIFTY,,2026-07-14,2026-07-14,25650.00,PE,NIFTY2671425650PE,1530.00,1530.00,1530.00,1530.00,1530.00,1596.45,24211.00,1434.80,1430,0,8,14133600.00,1,F1,65,,,,,
2026-07-13,2026-07-13,FO,NSE,IDO,57251,,NIFTY,,2026-07-21,2026-07-21,21850.00,PE,NIFTY2672121850PE,4.10,4.10,3.00,3.55,3.25,3.50,24211.00,3.55,11895,9035,688,977286228.75,442,F1,65,,,,,
2026-07-13,2026-07-13,FO,NSE,IDO,57326,,NIFTY,,2026-07-21,2026-07-21,23650.00,PE,NIFTY2672123650PE,44.00,73.05,37.65,44.20,43.00,38.35,24211.00,44.20,834275,487500,39721,61192271179.00,23260,F1,65,,,,,
2026-07-13,2026-07-13,FO,NSE,IDO,57357,,NIFTY,,2026-07-21,2026-07-21,24400.00,PE,NIFTY2672124400PE,420.00,437.65,262.60,282.50,280.75,279.95,24211.00,282.50,412295,100100,15290,24568709132.50,10739,F1,65,,,,,
2026-07-13,2026-07-13,FO,NSE,IDO,57362,,NIFTY,,2026-07-21,2026-07-21,24500.00,PE,NIFTY2672124500PE,465.00,524.60,322.85,347.95,339.55,346.00,24211.00,347.95,660790,324155,22441,36297018706.00,15018,F1,65,,,,,
2026-07-13,2026-07-13,FO,NSE,IDO,57364,,NIFTY,,2026-07-21,2026-07-21,24550.00,PE,NIFTY2672124550PE,548.30,565.30,360.50,387.25,377.00,383.55,24211.00,387.25,25740,9360,858,1393410970.25,631,F1,65,,,,,
2026-07-13,2026-07-13,FO,NSE,IDO,57374,,NIFTY,,2026-07-21,2026-07-21,24750.00,PE,NIFTY2672124750PE,743.65,743.65,524.60,550.60,554.10,542.80,24211.00,550.60,2470,390,71,116952800.25,53,F1,65,,,,,
2026-07-13,2026-07-13,FO,NSE,IDO,57399,,NIFTY,,2026-07-21,2026-07-21,25100.00,PE,NIFTY2672125100PE,1070.00,1077.60,851.00,878.00,880.00,872.45,24211.00,878.00,2730,1690,79,133560287.25,52,F1,65,,,,,
2026-07-13,2026-07-13,FO,NSE,IDO,57408,,NIFTY,,2026-07-21,2026-07-21,25250.00,PE,NIFTY2672125250PE,0.00,0.00,0.00,1170.30,1170.30,1170.30,24211.00,1019.60,195,0,0,0.00,0,F1,65,,,,,
2026-07-13,2026-07-13,FO,NSE,IDO,57410,,NIFTY,,2026-07-21,2026-07-21,25300.00,PE,NIFTY2672125300PE,1153.00,1153.00,1153.00,1153.00,1153.00,1405.95,24211.00,1067.15,130,130,2,3438890.00,1,F1,65,,,,,
2026-07-13,2026-07-13,FO,NSE,IDO,63866,,NIFTY,,2026-07-28,2026-07-28,22250.00,PE,NIFTY26JUL22250PE,11.05,12.00,9.45,10.75,10.60,9.35,24211.00,10.75,27495,-5265,910,1316718581.75,681,F1,65,,,,,
2026-07-13,2026-07-13,FO,NSE,IDO,63876,,NIFTY,,2026-07-28,2026-07-28,22500.00,PE,NIFTY26JUL22500PE,16.00,16.70,11.75,13.20,13.90,11.90,24211.00,13.20,1563185,20540,10498,15362487208.25,5577,F1,65,,,,,
2026-07-13,2026-07-13,FO,NSE,IDO,63914,,NIFTY,,2026-07-28,2026-07-28,23450.00,PE,NIFTY26JUL23450PE,71.00,77.15,47.95,52.05,51.50,44.40,24211.00,52.05,131495,20800,2598,3969685190.25,1544,F1,65,,,,,
2026-07-13,2026-07-13,FO,NSE,IDO,63936,,NIFTY,,2026-07-28,2026-07-28,23900.00,PE,NIFTY26JUL23900PE,170.00,193.45,118.55,126.20,124.00,117.05,24211.00,126.20,990340,45695,20282,31708810370.25,13286,F1,65,,,,,
2026-07-13,2026-07-13,FO,NSE,IDO,63944,,NIFTY,,2026-07-28,2026-07-28,24100.00,PE,NIFTY26JUL24100PE,186.00,282.70,175.80,186.70,181.90,178.45,24211.00,186.70,2034630,45565,59546,94153246336.50,41435,F1,65,,,,,
2026-07-13,2026-07-13,FO,NSE,IDO,63992,,NIFTY,,2026-07-28,2026-07-28,25250.00,PE,NIFTY26JUL25250PE,1084.30,1095.15,1084.30,1095.15,1095.15,1024.20,24211.00,1029.90,780,0,2,3424164.25,2,F1,65,,,,,
2026-07-13,2026-07-13,FO,NSE,IDO,63999,,NIFTY,,2026-07-28,2026-07-28,25400.00,PE,NIFTY26JUL25400PE,1235.00,1235.00,1130.00,1144.00,1144.00,1165.00,24211.00,1144.00,14820,0,14,24175892.00,13,F1,65,,,,,
2026-07-13,2026-07-13,FO,NSE,IDO,64044,,NIFTY,,2026-07-28,2026-07-28,26250.00,PE,NIFTY26JUL26250PE,0.00,0.00,0.00,1770.65,1770.65,1770.65,24211.00,1977.40,65,0,0,0.00,0,F1,65,,,,,
2026-07-13,2026-07-13,FO,NSE,IDO,65420,,NIFTY,,2026-08-04,2026-08-04,22250.00,PE,NIFTY2680422250PE,17.00,17.60,12.80,15.80,16.00,14.80,24211.00,15.80,910,-65,74,107094942.50,30,F1,65,,,,,
2026-07-13,2026-07-13,FO,NSE,IDO,65439,,NIFTY,,2026-08-04,2026-08-04,22600.00,PE,NIFTY2680422600PE,26.05,27.70,20.45,21.60,21.60,19.45,24211.00,21.60,4680,-1430,111,163230564.25,72,F1,65,,,,,
2026-07-13,2026-07-13,FO,NSE,IDO,65456,,NIFTY,,2026-08-04,2026-08-04,23000.00,PE,NIFTY2680423000PE,50.60,52.90,34.85,37.60,37.30,33.75,24211.00,37.60,66430,12935,1362,2039938368.00,888,F1,65,,,,,
2026-07-13,2026-07-13,FO,NSE,IDO,66057,,NIFTY,,2026-08-04,2026-08-04,26000.00,PE,NIFTY2680426000PE,0.00,0.00,0.00,2047.15,0.00,2047.15,24211.00,1717.90,0,0,0,0.00,0,F1,65,,,,,
2026-07-13,2026-07-13,FO,NSE,IDO,66059,,NIFTY,,2026-08-04,2026-08-04,26050.00,PE,NIFTY2680426050PE,0.00,0.00,0.00,2092.95,0.00,2092.95,24211.00,1765.30,0,0,0,0.00,0,F1,65,,,,,
2026-07-13,2026-07-13,FO,NSE,IDO,66063,,NIFTY,,2026-08-04,2026-08-04,26150.00,PE,NIFTY2680426150PE,0.00,0.00,0.00,2185.20,0.00,2185.20,24211.00,1860.75,0,0,0,0.00,0,F1,65,,,,,
2026-07-13,2026-07-13,FO,NSE,IDO,40940,,NIFTY,,2026-08-11,2026-08-11,22750.00,PE,NIFTY2681122750PE,40.20,40.20,37.65,37.65,37.65,77.25,24211.00,37.65,455,130,4,5925107.50,4,F1,65,,,,,
2026-07-13,2026-07-13,FO,NSE,IDO,40948,,NIFTY,,2026-08-11,2026-08-11,22950.00,PE,NIFTY2681122950PE,71.90,71.90,55.15,55.15,55.15,70.15,24211.00,61.60,1755,-195,15,22433856.25,10,F1,65,,,,,
2026-07-13,2026-07-13,FO,NSE,IDO,41014,,NIFTY,,2026-08-11,2026-08-11,24550.00,PE,NIFTY2681124550PE,0.00,0.00,0.00,514.35,0.00,514.35,24211.00,584.50,0,0,0,0.00,0,F1,65,,,,,
2026-07-13,2026-07-13,FO,NSE,IDO,41016,,NIFTY,,2026-08-11,2026-08-11,24600.00,PE,NIFTY2681124600PE,0.00,0.00,0.00,540.30,0.00,540.30,24211.00,614.00,0,0,0,0.00,0,F1,65,,,,,
2026-07-13,2026-07-13,FO,NSE,IDO,41064,,NIFTY,,2026-08-11,2026-08-11,25650.00,PE,NIFTY2681125650PE,0.00,0.00,0.00,1248.25,0.00,1248.25,24211.00,1397.70,0,0,0,0.00,0,F1,65,,,,,
2026-07-13,2026-07-13,FO,NSE,IDO,41072,,NIFTY,,2026-08-11,2026-08-11,25800.00,PE,NIFTY2681125800PE,0.00,0.00,0.00,1371.00,0.00,1371.00,24211.00,1529.45,0,0,0,0.00,0,F1,65,,,,,
2026-07-13,2026-07-13,FO,NSE,IDO,41080,,NIFTY,,2026-08-11,2026-08-11,26000.00,PE,NIFTY2681126000PE,0.00,0.00,0.00,1540.80,0.00,1540.80,24211.00,1710.10,0,0,0,0.00,0,F1,65,,,,,
2026-07-13,2026-07-13,FO,NSE,IDO,61208,,NIFTY,,2026-08-25,2026-08-25,21450.00,PE,NIFTY26AUG21450PE,0.00,0.00,0.00,26.35,26.35,26.35,24211.00,6.45,1625,0,0,0.00,0,F1,65,,,,,
2026-07-13,2026-07-13,FO,NSE,IDO,61343,,NIFTY,,2026-08-25,2026-08-25,21800.00,PE,NIFTY26AUG21800PE,26.40,27.80,21.30,23.25,23.25,21.20,24211.00,13.85,35815,2535,128,181584419.25,85,F1,65,,,,,
2026-07-13,2026-07-13,FO,NSE,IDO,61365,,NIFTY,,2026-08-25,2026-08-25,22150.00,PE,NIFTY26AUG22150PE,37.30,38.05,29.55,30.95,31.50,28.20,24211.00,30.95,10010,-780,41,59117643.00,31,F1,65,,,,,
2026-07-13,2026-07-13,FO,NSE,IDO,61446,,NIFTY,,2026-08-25,2026-08-25,23200.00,PE,NIFTY26AUG23200PE,127.65,131.10,96.85,100.95,102.20,92.25,24211.00,100.95,284115,23790,2631,3986425053.00,1800,F1,65,,,,,
2026-07-13,2026-07-13,FO,NSE,IDO,61492,,NIFTY,,2026-08-25,2026-08-25,23400.00,PE,NIFTY26AUG23400PE,185.60,185.60,125.00,130.10,127.80,119.60,24211.00,130.10,178555,17095,1971,3016296218.00,1387,F1,65,,,,,
2026-07-13,2026-07-13,FO,NSE,IDO,61514,,NIFTY,,2026-08-25,2026-08-25,23550.00,PE,NIFTY26AUG23550PE,202.35,202.35,154.35,157.60,158.60,145.30,24211.00,157.60,12285,910,55,84777442.75,32,F1,65,,,,,
2026-07-13,2026-07-13,FO,NSE,IDO,61733,,NIFTY,,2026-08-25,2026-08-25,24450.00,PE,NIFTY26AUG24450PE,466.35,482.75,451.00,457.70,457.70,444.15,24211.00,457.70,7345,65,36,58302481.25,30,F1,65,,,,,
2026-07-13,2026-07-13,FO,NSE,IDO,61914,,NIFTY,,2026-08-25,2026-08-25,25100.00,PE,NIFTY26AUG25100PE,1013.00,1013.00,851.15,855.60,857.55,848.85,24211.00,855.60,9165,65,12,20263564.75,12,F1,65,,,,,
2026-07-13,2026-07-13,FO,NSE,IDO,62056,,NIFTY,,2026-08-25,2026-08-25,26200.00,PE,NIFTY26AUG26200PE,0.00,0.00,0.00,1820.00,1820.00,1820.00,24211.00,1867.95,130,0,0,0.00,0,F1,65,,,,,
2026-07-13,2026-07-13,FO,NSE,IDO,65888,,NIFTY,,2026-09-29,2026-09-29,18000.00,PE,NIFTY26SEP18000PE,10.50,11.00,10.00,10.55,10.50,9.55,24211.00,10.55,774280,67600,1194,1397795012.25,168,F1,65,,,,,
2026-07-13,2026-07-13,FO,NSE,IDO,73924,,NIFTY,,2026-09-29,2026-09-29,23300.00,PE,NIFTY26SEP23300PE,216.40,222.25,178.00,182.55,181.70,174.40,24211.00,182.55,43225,2210,144,219948218.75,112,F1,65,,,,,
2026-07-13,2026-07-13,FO,NSE,IDO,74055,,NIFTY,,2026-09-29,2026-09-29,23850.00,PE,NIFTY26SEP23850PE,337.00,337.00,308.70,313.25,312.50,297.40,24211.00,313.25,1755,-65,9,14138137.00,9,F1,65,,,,,
2026-07-13,2026-07-13,FO,NSE,IDO,74113,,NIFTY,,2026-09-29,2026-09-29,24350.00,PE,NIFTY26SEP24350PE,582.00,582.00,491.00,491.00,491.00,482.45,24211.00,662.05,7150,-65,4,6466791.50,4,F1,65,,,,,
2026-07-13,2026-07-13,FO,NSE,IDO,74371,,NIFTY,,2026-09-29,2026-09-29,25150.00,PE,NIFTY26SEP25150PE,0.00,0.00,0.00,1350.90,0.00,1350.90,24211.00,1100.65,0,0,0,0.00,0,F1,65,,,,,
2026-07-13,2026-07-13,FO,NSE,IDO,74390,,NIFTY,,2026-09-29,2026-09-29,25350.00,PE,NIFTY26SEP25350PE,0.00,0.00,0.00,1488.65,0.00,1488.65,24211.00,1229.65,0,0,0,0.00,0,F1,65,,,,,
2026-07-13,2026-07-13,FO,NSE,IDO,55325,,NIFTY,,2026-12-29,2026-12-29,19500.00,PE,NIFTY26DEC19500PE,44.00,48.05,42.60,43.10,43.00,42.90,24211.00,43.10,65975,-325,23,29217613.75,8,F1,65,,,,,
2026-07-13,2026-07-13,FO,NSE,IDO,71504,,NIFTY,,2026-12-29,2026-12-29,25000.00,PE,NIFTY26DEC25000PE,866.00,935.00,811.95,823.95,823.65,819.00,24211.00,823.95,1856905,-760,1790,3009195195.50,1351,F1,65,,,,,
2026-07-13,2026-07-13,FO,NSE,IDO,55331,,NIFTY,,2026-12-29,2026-12-29,28500.00,PE,NIFTY26DEC28500PE,0.00,0.00,0.00,1948.15,0.00,1948.15,24211.00,3630.00,0,0,0,0.00,0,F1,65,,,,,
2026-07-13,2026-07-13,FO,NSE,IDO,80275,,NIFTY,,2027-03-30,2027-03-30,25500.00,PE,NIFTY27MAR25500PE,1113.45,1113.45,1044.00,1053.35,1044.00,1036.45,24211.00,1053.35,2990,-130,94,162419237.50,75,F1,65,,,,,
2026-07-13,2026-07-13,FO,NSE,IDO,80310,,NIFTY,,2027-03-30,2027-03-30,30000.00,PE,NIFTY27MAR30000PE,0.00,0.00,0.00,5754.50,0.00,5754.50,24211.00,4655.65,0,0,0,0.00,0,F1,65,,,,,
2026-07-13,2026-07-13,FO,NSE,IDO,80312,,NIFTY,,2027-03-30,2027-03-30,31500.00,PE,NIFTY27MAR31500PE,0.00,0.00,0.00,7066.15,0.00,7066.15,24211.00,5973.10,0,0,0,0.00,0,F1,65,,,,,
2026-07-13,2026-07-13,FO,NSE,IDO,71561,,NIFTY,,2027-06-29,2027-06-29,24000.00,PE,NIFTY27JUN24000PE,0.00,0.00,0.00,5056.20,0.00,5056.20,24211.00,860.70,0,0,0,0.00,0,F1,65,,,,,
2026-07-13,2026-07-13,FO,NSE,IDO,55381,,NIFTY,,2027-06-29,2027-06-29,31500.00,PE,NIFTY27JUN31500PE,0.00,0.00,0.00,3604.70,0.00,3604.70,24211.00,5627.45,0,0,0,0.00,0,F1,65,,,,,
2026-07-13,2026-07-13,FO,NSE,IDO,53617,,NIFTY,,2027-12-28,2027-12-28,22000.00,PE,NIFTY27DEC22000PE,410.00,430.00,410.00,429.45,429.45,415.00,24211.00,431.50,25455,195,15,21854725.75,9,F1,65,,,,,
2026-07-13,2026-07-13,FO,NSE,IDO,86146,,NIFTY,,2028-06-27,2028-06-27,21000.00,PE,NIFTY28JUN21000PE,0.00,0.00,0.00,907.20,0.00,907.20,24211.00,323.60,0,0,0,0.00,0,F1,65,,,,,
2026-07-13,2026-07-13,FO,NSE,IDO,67771,,NIFTY,,2028-12-26,2028-12-26,18000.00,PE,NIFTY28DEC18000PE,0.00,0.00,0.00,250.00,250.00,250.00,24211.00,91.45,75,0,0,0.00,0,F1,65,,,,,
2026-07-13,2026-07-13,FO,NSE,IDO,67785,,NIFTY,,2028-12-26,2028-12-26,25000.00,PE,NIFTY28DEC25000PE,0.00,0.00,0.00,1160.00,1160.00,1160.00,24211.00,1232.05,5620,0,0,0.00,0,F1,65,,,,,
2026-07-13,2026-07-13,FO,NSE,IDO,89625,,NIFTY,,2029-06-26,2029-06-26,21000.00,PE,NIFTY29JUN21000PE,0.00,0.00,0.00,320.25,0.00,320.25,24211.00,375.35,0,0,0,0.00,0,F1,65,,,,,
2026-07-13,2026-07-13,FO,NSE,IDO,55567,,NIFTY,,2029-06-26,2029-06-26,31500.00,PE,NIFTY29JUN31500PE,0.00,0.00,0.00,2443.35,0.00,2443.35,24211.00,3891.15,0,0,0,0.00,0,F1,65,,,,,
2026-07-13,2026-07-13,FO,NSE,IDO,55641,,NIFTY,,2030-06-25,2030-06-25,16500.00,PE,NIFTY30JUN16500PE,0.00,0.00,0.00,12.00,0.00,12.00,24211.00,66.45,0,0,0,0.00,0,F1,65,,,,,
2026-07-13,2026-07-13,FO,NSE,IDO,55643,,NIFTY,,2030-06-25,2030-06-25,19500.00,PE,NIFTY30JUN19500PE,0.00,0.00,0.00,64.95,0.00,64.95,24211.00,235.70,0,0,0,0.00,0,F1,65,,,,,
2026-07-13,2026-07-13,FO,NSE,IDO,65219,,NIFTY,,2026-08-04,2026-08-04,21850.00,PE,NIFTY2680421850PE,0.00,0.00,0.00,30.40,0.00,30.40,24211.00,1.70,0,0,0,0.00,0,F1,65,,,,,
2026-07-13,2026-07-13,FO,NSE,IDO,65861,,NIFTY,,2026-08-04,2026-08-04,24500.00,PE,NIFTY2680424500PE,540.00,570.00,415.00,428.85,420.25,419.70,24211.00,428.85,74425,910,326,529191643.50,284,F1,65,,,,,
2026-07-13,2026-07-13,FO,NSE,IDO,66014,,NIFTY,,2026-08-04,2026-08-04,25800.00,PE,NIFTY2680425800PE,0.00,0.00,0.00,1866.45,0.00,1866.45,24211.00,1530.80,0,0,0,0.00,0,F1,65,,,,,
2026-07-13,2026-07-13,FO,NSE,IDO,41046,,NIFTY,,2026-08-11,2026-08-11,25200.00,PE,NIFTY2681125200PE,0.00,0.00,0.00,909.05,0.00,909.05,24211.00,1027.80,0,0,0,0.00,0,F1,65,,,,,
2026-07-13,2026-07-13,FO,NSE,IDO,61910,,NIFTY,,2026-08-25,2026-08-25,25050.00,PE,NIFTY26AUG25050PE,0.00,0.00,0.00,1127.35,1124.50,1127.35,24211.00,952.85,325,0,0,0.00,0,F1,65,,,,,
2026-07-13,2026-07-13,FO,NSE,IDO,73884,,NIFTY,,2026-09-29,2026-09-29,22450.00,PE,NIFTY26SEP22450PE,96.35,96.35,80.00,80.00,80.00,77.80,24211.00,80.00,4550,-195,23,33696455.00,22,F1,65,,,,,
2026-07-13,2026-07-13,FO,NSE,IDO,51255,,NIFTY,,2026-07-14,2026-07-14,22150.00,CE,NIFTY2671422150CE,0.00,0.00,0.00,2058.95,2058.95,2058.95,24211.00,2064.70,1625,0,0,0.00,0,F1,65,,,,,
2026-07-13,2026-07-13,FO,NSE,IDO,51324,,NIFTY,,2026-07-14,2026-07-14,23100.00,CE,NIFTY2671423100CE,900.00,1129.05,896.85,1109.15,1109.95,1113.35,24211.00,1109.15,7215,-1235,161,252472753.00,121,F1,65,,,,,
2026-07-13,2026-07-13,FO,NSE,IDO,51431,,NIFTY,,2026-07-14,2026-07-14,25100.00,CE,NIFTY2671425100CE,1.05,1.20,0.55,0.65,0.55,1.20,24211.00,0.65,2277080,-523315,380452,620729172748.75,44362,F1,65,,,,,
2026-07-13,2026-07-13,FO,NSE,IDO,51493,,NIFTY,,2026-07-14,2026-07-14,25850.00,CE,NIFTY2671425850CE,0.65,0.95,0.30,0.40,0.30,0.65,24211.00,0.40,130065,-4680,5818,9775889600.75,1296,F1,65,,,,,
2026-07-13,2026-07-13,FO,NSE,IDO,51501,,NIFTY,,2026-07-14,2026-07-14,26050.00,CE,NIFTY2671426050CE,0.55,0.55,0.25,0.35,0.25,0.50,24211.00,0.35,83070,-4290,2520,4267061253.00,642,F1,65,,,,,
2026-07-13,2026-07-13,FO,NSE,IDO,57273,,NIFTY,,2026-07-21,2026-07-21,22350.00,CE,NIFTY2672122350CE,0.00,0.00,0.00,1812.95,0.00,1812.95,24211.00,1890.70,0,0,0,0.00,0,F1,65,,,,,
2026-07-13,2026-07-13,FO,NSE,IDO,57321,,NIFTY,,2026-07-21,2026-07-21,23550.00,CE,NIFTY2672123550CE,522.90,742.60,514.80,702.55,711.10,705.15,24211.00,702.55,3250,455,154,242025082.00,143,F1,65,,,,,
2026-07-13,2026-07-13,FO,NSE,IDO,63840,,NIFTY,,2026-07-28,2026-07-28,21650.00,CE,NIFTY26JUL21650CE,0.00,0.00,0.00,1938.20,1938.20,1938.20,24211.00,2614.80,65,0,0,0.00,0,F1,65,,,,,
2026-07-13,2026-07-13,FO,NSE,IDO,63855,,NIFTY,,2026-07-28,2026-07-28,22000.00,CE,NIFTY26JUL22000CE,2065.00,2259.80,2036.50,2239.45,2240.40,2244.50,24211.00,2239.45,660205,-3380,329,516770670.00,202,F1,65,,,,,
2026-07-13,2026-07-13,FO,NSE,IDO,63969,,NIFTY,,2026-07-28,2026-07-28,24750.00,CE,NIFTY26JUL24750CE,37.05,77.00,29.70,61.20,64.20,58.65,24211.00,61.20,234455,11830,5911,9528743370.25,4174,F1,65,,,,,
2026-07-13,2026-07-13,FO,NSE,IDO,64021,,NIFTY,,2026-07-28,2026-07-28,25900.00,CE,NIFTY26JUL25900CE,2.90,3.55,2.75,2.95,2.80,3.15,24211.00,2.95,71825,-5330,1112,1872265716.75,587,F1,65,,,,,
2026-07-13,2026-07-13,FO,NSE,IDO,65455,,NIFTY,,2026-08-04,2026-08-04,23000.00,CE,NIFTY2680423000CE,1091.00,1125.00,1091.00,1125.00,1125.00,1290.40,24211.00,1338.15,130,65,2,3134040.00,2,F1,65,,,,,
2026-07-13,2026-07-13,FO,NSE,IDO,61428,,NIFTY,,2026-08-25,2026-08-25,23000.00,CE,NIFTY26AUG23000CE,1235.00,1432.90,1220.00,1398.40,1399.95,1380.90,24211.00,1398.40,130975,12610,387,612438726.25,259,F1,65,,,,,
2026-07-13,2026-07-13,FO,NSE,IDO,73899,,NIFTY,,2026-09-29,2026-09-29,22900.00,CE,NIFTY26SEP22900CE,1522.35,1587.00,1508.55,1587.00,1587.00,1439.75,24211.00,1817.80,325,260,5,7939061.00,4,F1,65,,,,,
2026-07-13,2026-07-13,FO,NSE,IDO,74442,,NIFTY,,2026-09-29,2026-09-29,26100.00,CE,NIFTY26SEP26100CE,0.00,0.00,0.00,223.80,0.00,223.80,24211.00,245.60,0,0,0,0.00,0,F1,65,,,,,
2026-07-13,2026-07-13,FO,NSE,IDO,65906,,NIFTY,,2026-09-29,2026-09-29,27000.00,CE,NIFTY26SEP27000CE,17.80,19.30,14.25,17.50,17.05,17.20,24211.00,17.50,1477905,-9100,3319,5828506121.75,1474,F1,65,,,,,
2026-07-13,2026-07-13,FO,NSE,IDO,55332,,NIFTY,,2026-12-29,2026-12-29,31500.00,CE,NIFTY26DEC31500CE,13.10,13.15,13.10,13.15,13.15,13.15,24211.00,26.00,18135,0,6,12290118.75,4,F1,65,,,,,
2026-07-13,2026-07-13,FO,NSE,IDO,80272,,NIFTY,,2027-03-30,2027-03-30,24000.00,CE,NIFTY27MAR24000CE,1636.40,1777.35,1630.00,1755.15,1750.00,1744.85,24211.00,1755.15,19760,845,50,83564861.25,35,F1,65,,,,,
2026-07-13,2026-07-13,FO,NSE,IDO,51262,,NIFTY,,2026-07-14,2026-07-14,22250.00,PE,NIFTY2671422250PE,1.40,1.55,0.60,0.85,0.80,1.45,24211.00,0.85,98605,-84955,23748,34347040507.00,3917,F1,65,,,,,
2026-07-13,2026-07-13,FO,NSE,IDO,57330,,NIFTY,,2026-07-21,2026-07-21,23750.00,PE,NIFTY2672123750PE,80.00,95.80,49.45,55.85,55.45,49.60,24211.00,55.85,328705,95355,20542,31801870724.00,13910,F1,65,,,,,
2026-07-13,2026-07-13,FO,NSE,IDO,57453,,NIFTY,,2026-07-21,2026-07-21,25900.00,PE,NIFTY2672125900PE,0.00,0.00,0.00,1975.05,1969.15,1975.05,24211.00,1655.60,520,0,0,0.00,0,F1,65,,,,,
2026-07-13,2026-07-13,FO,NSE,IDO,65532,,NIFTY,,2026-08-04,2026-08-04,23350.00,PE,NIFTY2680423350PE,87.45,92.00,62.25,65.30,65.10,60.45,24211.00,65.30,3315,1430,56,85244679.00,24,F1,65,,,,,
2026-07-13,2026-07-13,FO,NSE,IDO,65351,,NIFTY,,2026-08-04,2026-08-04,21950.00,PE,NIFTY2680421950PE,12.60,13.95,12.55,13.95,13.95,36.60,24211.00,2.40,520,520,8,11420695.00,8,F1,65,,,,,
2026-07-13,2026-07-13,FO,NSE,IDO,64032,,NIFTY,,2026-07-28,2026-07-28,26150.00,PE,NIFTY26JUL26150PE,0.00,0.00,0.00,2060.00,2060.00,2060.00,24211.00,1878.95,65,0,0,0.00,0,F1,65,,,,,
2026-07-13,2026-07-13,FO,NSE,IDO,64022,,NIFTY,,2026-07-28,2026-07-28,25900.00,PE,NIFTY26JUL25900PE,0.00,0.00,0.00,1860.00,1860.00,1860.00,24211.00,1634.85,5005,0,0,0.00,0,F1,65,,,,,
2026-07-13,2026-07-13,FO,NSE,IDO,63986,,NIFTY,,2026-07-28,2026-07-28,25150.00,PE,NIFTY26JUL25150PE,911.45,917.60,911.45,917.60,917.60,1027.50,24211.00,943.60,585,-65,5,8470982.00,5,F1,65,,,,,
2026-07-13,2026-07-13,FO,NSE,IDO,63976,,NIFTY,,2026-07-28,2026-07-28,24900.00,PE,NIFTY26JUL24900PE,810.00,887.30,665.00,692.75,693.35,688.55,24211.00,692.75,77545,-1365,113,188485469.25,98,F1,65,,,,,
2026-07-13,2026-07-13,FO,NSE,IDO,63974,,NIFTY,,2026-07-28,2026-07-28,24850.00,PE,NIFTY26JUL24850PE,834.60,834.75,645.00,652.00,652.00,642.85,24211.00,701.80,5265,0,13,21671208.00,9,F1,65,,,,,
2026-07-13,2026-07-13,FO,NSE,IDO,63970,,NIFTY,,2026-07-28,2026-07-28,24750.00,PE,NIFTY26JUL24750PE,742.40,743.95,553.75,566.40,565.85,566.10,24211.00,566.40,15080,-65,47,77657934.25,32,F1,65,,,,,
2026-07-13,2026-07-13,FO,NSE,IDO,63962,,NIFTY,,2026-07-28,2026-07-28,24550.00,PE,NIFTY26JUL24550PE,562.25,575.00,400.85,419.45,410.15,413.00,24211.00,419.45,61815,5330,373,605860453.25,314,F1,65,,,,,
2026-07-13,2026-07-13,FO,NSE,IDO,63841,,NIFTY,,2026-07-28,2026-07-28,21650.00,PE,NIFTY26JUL21650PE,6.85,6.95,6.30,6.95,6.95,6.80,24211.00,0.10,2990,195,17,23930666.50,10,F1,65,,,,,
2026-07-13,2026-07-13,FO,NSE,IDO,63839,,NIFTY,,2026-07-28,2026-07-28,21600.00,PE,NIFTY26JUL21600PE,7.40,7.40,6.00,6.80,6.50,6.20,24211.00,6.80,113490,-195,255,358127295.50,157,F1,65,,,,,
2026-07-13,2026-07-13,FO,NSE,IDO,63824,,NIFTY,,2026-07-28,2026-07-28,21350.00,PE,NIFTY26JUL21350PE,5.25,6.55,5.25,5.95,5.65,5.25,24211.00,5.95,4940,-1690,98,136034479.75,48,F1,65,,,,,
2026-07-13,2026-07-13,FO,NSE,IDO,57451,,NIFTY,,2026-07-21,2026-07-21,25850.00,PE,NIFTY2672125850PE,1749.00,1749.00,1749.00,1749.00,1749.00,1771.00,24211.00,1605.90,260,260,4,7175740.00,4,F1,65,,,,,
2026-07-13,2026-07-13,FO,NSE,IDO,57403,,NIFTY,,2026-07-21,2026-07-21,25150.00,PE,NIFTY2672125150PE,0.00,0.00,0.00,1256.85,1250.75,1256.85,24211.00,925.85,0,0,0,0.00,0,F1,65,,,,,
2026-07-13,2026-07-13,FO,NSE,IDO,57395,,NIFTY,,2026-07-21,2026-07-21,25000.00,PE,NIFTY2672125000PE,969.35,988.55,735.15,782.95,772.40,782.75,24211.00,782.95,120965,95160,2611,4383435774.25,1924,F1,65,,,,,
2026-07-13,2026-07-13,FO,NSE,IDO,57347,,NIFTY,,2026-07-21,2026-07-21,24150.00,PE,NIFTY2672124150PE,247.00,264.65,147.60,157.70,154.00,151.70,24211.00,157.70,794040,498160,67328,106530367771.75,43897,F1,65,,,,,
2026-07-13,2026-07-13,FO,NSE,IDO,57337,,NIFTY,,2026-07-21,2026-07-21,23900.00,PE,NIFTY2672123900PE,126.00,143.40,75.10,81.85,80.95,75.80,24211.00,81.85,1276600,684710,85912,134023737510.00,50037,F1,65,,,,,
2026-07-13,2026-07-13,FO,NSE,IDO,57322,,NIFTY,,2026-07-21,2026-07-21,23550.00,PE,NIFTY2672123550PE,31.05,55.80,28.45,33.35,33.65,28.85,24211.00,33.35,319215,163800,19871,30466453355.00,14467,F1,65,,,,,
2026-07-13,2026-07-13,FO,NSE,IDO,57316,,NIFTY,,2026-07-21,2026-07-21,23400.00,PE,NIFTY2672123400PE,25.00,37.70,19.20,22.55,22.95,19.90,24211.00,22.55,824200,382005,60210,91676832510.25,39884,F1,65,,,,,
2026-07-13,2026-07-13,FO,NSE,IDO,57294,,NIFTY,,2026-07-21,2026-07-21,22850.00,PE,NIFTY2672122850PE,10.75,11.85,7.45,8.65,8.85,8.30,24211.00,8.65,102830,15145,10670,15853653153.00,4971,F1,65,,,,,
2026-07-13,2026-07-13,FO,NSE,IDO,57292,,NIFTY,,2026-07-21,2026-07-21,22800.00,PE,NIFTY2672122800PE,9.70,11.00,6.95,8.05,8.30,7.70,24211.00,8.05,777660,513370,36938,54761360062.50,15961,F1,65,,,,,
2026-07-13,2026-07-13,FO,NSE,IDO,57290,,NIFTY,,2026-07-21,2026-07-21,22750.00,PE,NIFTY2672122750PE,10.05,10.65,6.55,7.80,8.00,7.30,24211.00,7.80,90740,45955,6234,9221664939.50,3340,F1,65,,,,,
2026-07-13,2026-07-13,FO,NSE,IDO,57272,,NIFTY,,2026-07-21,2026-07-21,22300.00,PE,NIFTY2672122300PE,3.80,6.20,3.80,4.95,4.90,4.75,24211.00,4.95,218335,82290,9243,13400557742.00,4049,F1,65,,,,,
2026-07-13,2026-07-13,FO,NSE,IDO,51486,,NIFTY,,2026-07-14,2026-07-14,25750.00,PE,NIFTY2671425750PE,0.00,0.00,0.00,1540.60,1540.60,1540.60,24211.00,1534.75,1755,0,0,0.00,0,F1,65,,,,,
2026-07-13,2026-07-13,FO,NSE,IDO,51446,,NIFTY,,2026-07-14,2026-07-14,25300.00,PE,NIFTY2671425300PE,1280.00,1294.15,1090.00,1121.25,1121.25,1080.75,24211.00,1084.85,8125,585,26,44742896.25,18,F1,65,,,,,
2026-07-13,2026-07-13,FO,NSE,IDO,51442,,NIFTY,,2026-07-14,2026-07-14,25200.00,PE,NIFTY2671425200PE,1206.80,1206.80,932.20,998.60,993.35,986.00,24211.00,998.60,24570,-24895,760,1296329833.50,481,F1,65,,,,,
2026-07-13,2026-07-13,FO,NSE,IDO,51418,,NIFTY,,2026-07-14,2026-07-14,24900.00,PE,NIFTY2671424900PE,887.70,903.00,649.25,694.20,685.00,695.50,24211.00,694.20,29380,-8905,1366,2284479856.75,978,F1,65,,,,,
2026-07-13,2026-07-13,FO,NSE,IDO,51363,,NIFTY,,2026-07-14,2026-07-14,23850.00,PE,NIFTY2671423850PE,31.00,44.40,10.45,13.60,14.85,17.30,24211.00,13.60,4922190,1627080,2040509,3165979685527.75,608301,F1,65,,,,,
2026-07-13,2026-07-13,FO,NSE,IDO,51306,,NIFTY,,2026-07-14,2026-07-14,22900.00,PE,NIFTY2671422900PE,2.05,2.30,1.40,1.70,1.60,2.65,24211.00,1.70,2069600,-177970,276148,411077526834.00,46783,F1,65,,,,,
2026-07-13,2026-07-13,FO,NSE,IDO,51283,,NIFTY,,2026-07-14,2026-07-14,22500.00,PE,NIFTY2671422500PE,1.45,1.60,0.85,1.10,1.40,1.80,24211.00,1.10,5521620,-1542190,516707,755723573666.75,84816,F1,65,,,,,
2026-07-13,2026-07-13,FO,NSE,IDO,74657,,NIFTY,,2031-06-24,2031-06-24,30000.00,CE,NIFTY31JUN30000CE,0.00,0.00,0.00,4459.90,0.00,4459.90,24211.00,4825.55,0,0,0,0.00,0,F1,65,,,,,
2026-07-13,2026-07-13,FO,NSE,IDO,74641,,NIFTY,,2031-06-24,2031-06-24,18000.00,CE,NIFTY31JUN18000CE,0.00,0.00,0.00,10825.95,0.00,10825.95,24211.00,11313.30,0,0,0,0.00,0,F1,65,,,,,
2026-07-13,2026-07-13,FO,NSE,IDO,55756,,NIFTY,,2030-12-31,2030-12-31,25500.00,CE,NIFTY30DEC25500CE,0.00,0.00,0.00,7639.65,0.00,7639.65,24211.00,6314.30,0,0,0,0.00,0,F1,65,,,,,
2026-07-13,2026-07-13,FO,NSE,IDO,55700,,NIFTY,,2030-12-31,2030-12-31,19500.00,CE,NIFTY30DEC19500CE,0.00,0.00,0.00,11601.15,0.00,11601.15,24211.00,9876.25,0,0,0,0.00,0,F1,65,,,,,
2026-07-13,2026-07-13,FO,NSE,IDO,61659,,NIFTY,,2029-12-24,2029-12-24,21000.00,CE,NIFTY29DEC21000CE,0.00,0.00,0.00,9463.95,0.00,9463.95,24211.00,7823.05,0,0,0,0.00,0,F1,65,,,,,
2026-07-13,2026-07-13,FO,NSE,IDO,55562,,NIFTY,,2029-06-26,2029-06-26,25500.00,CE,NIFTY29JUN25500CE,0.00,0.00,0.00,5917.35,0.00,5917.35,24211.00,4514.60,0,0,0,0.00,0,F1,65,,,,,
2026-07-13,2026-07-13,FO,NSE,IDO,86163,,NIFTY,,2028-06-27,2028-06-27,27000.00,CE,NIFTY28JUN27000CE,0.00,0.00,0.00,2885.15,0.00,2885.15,24211.00,2503.05,0,0,0,0.00,0,F1,65,,,,,
2026-07-13,2026-07-13,FO,NSE,IDO,53613,,NIFTY,,2027-12-28,2027-12-28,21000.00,CE,NIFTY27DEC21000CE,0.00,0.00,0.00,4902.40,0.00,4902.40,24211.00,5387.75,0,0,0,0.00,0,F1,65,,,,,
2026-07-13,2026-07-13,FO,NSE,IDO,55372,,NIFTY,,2027-06-29,2027-06-29,19500.00,CE,NIFTY27JUN19500CE,0.00,0.00,0.00,8143.40,0.00,8143.40,24211.00,5963.35,0,0,0,0.00,0,F1,65,,,,,
2026-07-13,2026-07-13,FO,NSE,IDO,55368,,NIFTY,,2027-06-29,2027-06-29,16500.00,CE,NIFTY27JUN16500CE,0.00,0.00,0.00,10867.20,0.00,10867.20,24211.00,8716.05,0,0,0,0.00,0,F1,65,,,,,
2026-07-13,2026-07-13,FO,NSE,IDO,80307,,NIFTY,,2027-03-30,2027-03-30,30000.00,CE,NIFTY27MAR30000CE,55.05,64.10,51.25,60.00,59.55,57.30,24211.00,60.00,68900,1625,1036,2024209170.75,567,F1,65,,,,,
2026-07-13,2026-07-13,FO,NSE,IDO,80268,,NIFTY,,2027-03-30,2027-03-30,21000.00,CE,NIFTY27MAR21000CE,0.00,0.00,0.00,3217.45,0.00,3217.45,24211.00,4302.95,0,0,0,0.00,0,F1,65,,,,,
2026-07-13,2026-07-13,FO,NSE,IDO,55328,,NIFTY,,2026-12-29,2026-12-29,25500.00,CE,NIFTY26DEC25500CE,480.00,531.70,435.55,509.00,513.00,500.10,24211.00,509.00,739440,10140,826,1394944213.00,657,F1,65,,,,,
2026-07-13,2026-07-13,FO,NSE,IDO,55324,,NIFTY,,2026-12-29,2026-12-29,19500.00,CE,NIFTY26DEC19500CE,0.00,0.00,0.00,7586.85,0.00,7586.85,24211.00,5304.90,0,0,0,0.00,0,F1,65,,,,,
2026-07-13,2026-07-13,FO,NSE,IDO,74432,,NIFTY,,2026-09-29,2026-09-29,25950.00,CE,NIFTY26SEP25950CE,0.00,0.00,0.00,251.80,0.00,251.80,24211.00,277.75,0,0,0,0.00,0,F1,65,,,,,
2026-07-13,2026-07-13,FO,NSE,IDO,74107,,NIFTY,,2026-09-29,2026-09-29,24300.00,CE,NIFTY26SEP24300CE,551.35,684.00,540.00,646.60,655.00,632.20,24211.00,646.60,17225,2145,191,309279291.75,131,F1,65,,,,,
2026-07-13,2026-07-13,FO,NSE,IDO,73906,,NIFTY,,2026-09-29,2026-09-29,23100.00,CE,NIFTY26SEP23100CE,0.00,0.00,0.00,1280.10,1280.10,1280.10,24211.00,1662.95,325,0,0,0.00,0,F1,65,,,,,
2026-07-13,2026-07-13,FO,NSE,IDO,73897,,NIFTY,,2026-09-29,2026-09-29,22850.00,CE,NIFTY26SEP22850CE,0.00,0.00,0.00,1471.30,1471.30,1471.30,24211.00,1857.50,325,0,0,0.00,0,F1,65,,,,,
2026-07-13,2026-07-13,FO,NSE,IDO,73859,,NIFTY,,2026-09-29,2026-09-29,21950.00,CE,NIFTY26SEP21950CE,0.00,0.00,0.00,2369.20,0.00,2369.20,24211.00,2627.30,0,0,0,0.00,0,F1,65,,,,,
2026-07-13,2026-07-13,FO,NSE,IDO,73805,,NIFTY,,2026-09-29,2026-09-29,21600.00,CE,NIFTY26SEP21600CE,0.00,0.00,0.00,2675.05,0.00,2675.05,24211.00,2948.55,0,0,0,0.00,0,F1,65,,,,,
2026-07-13,2026-07-13,FO,NSE,IDO,65893,,NIFTY,,2026-09-29,2026-09-29,21000.00,CE,NIFTY26SEP21000CE,3250.00,3439.00,3247.80,3430.10,3439.00,3422.45,24211.00,3430.10,475150,-130,25,39545580.75,21,F1,65,,,,,
2026-07-13,2026-07-13,FO,NSE,IDO,61977,,NIFTY,,2026-08-25,2026-08-25,25550.00,CE,NIFTY26AUG25550CE,0.00,0.00,0.00,362.90,0.00,362.90,24211.00,177.25,0,0,0,0.00,0,F1,65,,,,,
2026-07-13,2026-07-13,FO,NSE,IDO,61943,,NIFTY,,2026-08-25,2026-08-25,25300.00,CE,NIFTY26AUG25300CE,52.20,87.40,52.20,78.40,81.20,71.10,24211.00,78.40,266370,-9425,4986,8221836678.25,3457,F1,65,,,,,
2026-07-13,2026-07-13,FO,NSE,IDO,61845,,NIFTY,,2026-08-25,2026-08-25,24800.00,CE,NIFTY26AUG24800CE,152.00,226.10,139.25,205.05,207.40,191.80,24211.00,205.05,209560,21840,3959,6429926200.75,2846,F1,65,,,,,
2026-07-13,2026-07-13,FO,NSE,IDO,61720,,NIFTY,,2026-08-25,2026-08-25,24400.00,CE,NIFTY26AUG24400CE,313.10,408.35,275.30,381.65,386.15,360.40,24211.00,381.65,159120,5070,1825,2936686795.25,1581,F1,65,,,,,
2026-07-13,2026-07-13,FO,NSE,IDO,61605,,NIFTY,,2026-08-25,2026-08-25,24050.00,CE,NIFTY26AUG24050CE,471.50,599.80,457.95,585.75,592.25,566.35,24211.00,585.75,6370,1170,293,468057593.25,219,F1,65,,,,,
2026-07-13,2026-07-13,FO,NSE,IDO,61536,,NIFTY,,2026-08-25,2026-08-25,23850.00,CE,NIFTY26AUG23850CE,588.75,750.00,588.75,725.45,728.05,696.70,24211.00,725.45,2665,-130,6,9570210.00,6,F1,65,,,,,
2026-07-13,2026-07-13,FO,NSE,IDO,61519,,NIFTY,,2026-08-25,2026-08-25,23650.00,CE,NIFTY26AUG23650CE,726.65,801.25,726.65,801.25,801.25,855.20,24211.00,1003.35,910,0,3,4760577.25,3,F1,65,,,,,
2026-07-13,2026-07-13,FO,NSE,IDO,61430,,NIFTY,,2026-08-25,2026-08-25,23050.00,CE,NIFTY26AUG23050CE,0.00,0.00,0.00,1490.45,1490.45,1490.45,24211.00,1458.05,130,0,0,0.00,0,F1,65,,,,,
2026-07-13,2026-07-13,FO,NSE,IDO,61342,,NIFTY,,2026-08-25,2026-08-25,21800.00,CE,NIFTY26AUG21800CE,0.00,0.00,0.00,2714.00,2714.00,2714.00,24211.00,2591.40,0,0,0,0.00,0,F1,65,,,,,
2026-07-13,2026-07-13,FO,NSE,IDO,61148,,NIFTY,,2026-08-25,2026-08-25,21200.00,CE,NIFTY26AUG21200CE,0.00,0.00,0.00,3076.30,0.00,3076.30,24211.00,3176.55,0,0,0,0.00,0,F1,65,,,,,
2026-07-13,2026-07-13,FO,NSE,IDO,41093,,NIFTY,,2026-08-11,2026-08-11,26150.00,CE,NIFTY2681126150CE,0.00,0.00,0.00,72.25,0.00,72.25,24211.00,34.95,0,0,0,0.00,0,F1,65,,,,,
2026-07-13,2026-07-13,FO,NSE,IDO,41071,,NIFTY,,2026-08-11,2026-08-11,25800.00,CE,NIFTY2681125800CE,0.00,0.00,0.00,118.90,0.00,118.90,24211.00,63.95,0,0,0,0.00,0,F1,65,,,,,
2026-07-13,2026-07-13,FO,NSE,IDO,41025,,NIFTY,,2026-08-11,2026-08-11,24750.00,CE,NIFTY2681124750CE,0.00,0.00,0.00,414.45,0.00,414.45,24211.00,286.85,0,0,0,0.00,0,F1,65,,,,,
2026-07-13,2026-07-13,FO,NSE,IDO,41007,,NIFTY,,2026-08-11,2026-08-11,24400.00,CE,NIFTY2681124400CE,200.05,283.30,192.10,283.20,283.30,266.45,24211.00,283.20,1950,455,53,84885339.50,32,F1,65,,,,,
2026-07-13,2026-07-13,FO,NSE,IDO,40991,,NIFTY,,2026-08-11,2026-08-11,24000.00,CE,NIFTY2681124000CE,389.25,513.95,377.00,504.80,503.80,497.90,24211.00,504.80,5720,2405,151,239849268.75,116,F1,65,,,,,
2026-07-13,2026-07-13,FO,NSE,IDO,40965,,NIFTY,,2026-08-11,2026-08-11,23400.00,CE,NIFTY2681123400CE,0.00,0.00,0.00,1257.60,0.00,1257.60,24211.00,1057.80,0,0,0,0.00,0,F1,65,,,,,
2026-07-13,2026-07-13,FO,NSE,IDO,40947,,NIFTY,,2026-08-11,2026-08-11,22950.00,CE,NIFTY2681122950CE,0.00,0.00,0.00,1640.40,0.00,1640.40,24211.00,1432.50,0,0,0,0.00,0,F1,65,,,,,
2026-07-13,2026-07-13,FO,NSE,IDO,40933,,NIFTY,,2026-08-11,2026-08-11,22600.00,CE,NIFTY2681122600CE,0.00,0.00,0.00,1959.95,0.00,1959.95,24211.00,1749.60,0,0,0,0.00,0,F1,65,,,,,
2026-07-13,2026-07-13,FO,NSE,IDO,40921,,NIFTY,,2026-08-11,2026-08-11,22350.00,CE,NIFTY2681122350CE,0.00,0.00,0.00,2196.15,0.00,2196.15,24211.00,1985.35,0,0,0,0.00,0,F1,65,,,,,
2026-07-13,2026-07-13,FO,NSE,IDO,65940,,NIFTY,,2026-08-04,2026-08-04,25450.00,CE,NIFTY2680425450CE,0.00,0.00,0.00,116.80,0.00,116.80,24211.00,70.20,0,0,0,0.00,0,F1,65,,,,,
2026-07-13,2026-07-13,FO,NSE,IDO,65934,,NIFTY,,2026-08-04,2026-08-04,25350.00,CE,NIFTY2680425350CE,18.70,22.00,12.90,19.25,19.75,18.25,24211.00,19.25,42770,14820,1008,1662094518.50,642,F1,65,,,,,
2026-07-13,2026-07-13,FO,NSE,IDO,65896,,NIFTY,,2026-08-04,2026-08-04,24800.00,CE,NIFTY2680424800CE,53.15,102.00,49.00,87.50,89.90,81.35,24211.00,87.50,74425,13065,2408,3893180895.50,1491,F1,65,,,,,
2026-07-13,2026-07-13,FO,NSE,IDO,65699,,NIFTY,,2026-08-04,2026-08-04,24150.00,CE,NIFTY2680424150CE,253.50,371.70,242.05,359.30,358.50,342.35,24211.00,359.30,21840,5980,516,820865126.25,407,F1,65,,,,,
2026-07-13,2026-07-13,FO,NSE,IDO,65693,,NIFTY,,2026-08-04,2026-08-04,24000.00,CE,NIFTY2680424000CE,333.00,480.00,307.10,448.80,452.15,434.25,24211.00,448.80,215020,94575,3291,5211736702.25,2954,F1,65,,,,,
2026-07-13,2026-07-13,FO,NSE,IDO,65453,,NIFTY,,2026-08-04,2026-08-04,22950.00,CE,NIFTY2680422950CE,0.00,0.00,0.00,1211.00,0.00,1211.00,24211.00,1383.30,0,0,0,0.00,0,F1,65,,,,,
2026-07-13,2026-07-13,FO,NSE,IDO,65441,,NIFTY,,2026-08-04,2026-08-04,22650.00,CE,NIFTY2680422650CE,0.00,0.00,0.00,1449.65,0.00,1449.65,24211.00,1662.10,0,0,0,0.00,0,F1,65,,,,,
2026-07-13,2026-07-13,FO,NSE,IDO,65164,,NIFTY,,2026-08-04,2026-08-04,21700.00,CE,NIFTY2680421700CE,0.00,0.00,0.00,2300.90,0.00,2300.90,24211.00,2590.85,0,0,0,0.00,0,F1,65,,,,,
2026-07-13,2026-07-13,FO,NSE,IDO,64002,,NIFTY,,2026-07-28,2026-07-28,25500.00,CE,NIFTY26JUL25500CE,5.00,7.70,4.85,6.15,6.35,6.65,24211.00,6.15,2006160,67275,21887,36286303017.25,10353,F1,65,,,,,
2026-07-13,2026-07-13,FO,NSE,IDO,63967,,NIFTY,,2026-07-28,2026-07-28,24700.00,CE,NIFTY26JUL24700CE,40.10,88.65,35.50,71.25,74.15,68.85,24211.00,71.25,1262300,154830,38207,61488291273.50,24484,F1,65,,,,,
2026-07-13,2026-07-13,FO,NSE,IDO,63961,,NIFTY,,2026-07-28,2026-07-28,24550.00,CE,NIFTY26JUL24550CE,74.50,134.50,53.90,112.70,116.45,108.65,24211.00,112.70,201175,45695,7915,12677715631.75,5683,F1,65,,,,,
2026-07-13,2026-07-13,FO,NSE,IDO,63939,,NIFTY,,2026-07-28,2026-07-28,24000.00,CE,NIFTY26JUL24000CE,250.00,435.40,231.20,397.05,398.00,385.45,24211.00,397.05,4736225,50960,92521,146326938017.00,58302,F1,65,,,,,
2026-07-13,2026-07-13,FO,NSE,IDO,63937,,NIFTY,,2026-07-28,2026-07-28,23950.00,CE,NIFTY26JUL23950CE,297.00,470.00,284.05,429.50,437.55,420.30,24211.00,429.50,77285,4420,1166,1841993143.25,923,F1,65,,,,,
2026-07-13,2026-07-13,FO,NSE,IDO,63927,,NIFTY,,2026-07-28,2026-07-28,23750.00,CE,NIFTY26JUL23750CE,417.70,610.30,417.65,587.00,593.00,577.65,24211.00,587.00,19565,-650,153,241171339.50,136,F1,65,,,,,
2026-07-13,2026-07-13,FO,NSE,IDO,63907,,NIFTY,,2026-07-28,2026-07-28,23300.00,CE,NIFTY26JUL23300CE,785.15,1001.10,785.10,977.45,983.80,976.30,24211.00,977.45,63180,-1235,76,119637163.75,66,F1,65,,,,,
2026-07-13,2026-07-13,FO,NSE,IDO,63889,,NIFTY,,2026-07-28,2026-07-28,22850.00,CE,NIFTY26JUL22850CE,1200.00,1277.85,1198.80,1277.85,1277.85,1427.60,24211.00,1430.90,780,0,10,15637027.25,9,F1,65,,,,,
2026-07-13,2026-07-13,FO,NSE,IDO,63877,,NIFTY,,2026-07-28,2026-07-28,22550.00,CE,NIFTY26JUL22550CE,0.00,0.00,0.00,1180.85,1180.85,1180.85,24211.00,1721.70,260,0,0,0.00,0,F1,65,,,,,
2026-07-13,2026-07-13,FO,NSE,IDO,63867,,NIFTY,,2026-07-28,2026-07-28,22300.00,CE,NIFTY26JUL22300CE,0.00,0.00,0.00,1760.00,1760.00,1760.00,24211.00,1968.15,585,0,0,0.00,0,F1,65,,,,,
2026-07-13,2026-07-13,FO,NSE,IDO,63861,,NIFTY,,2026-07-28,2026-07-28,22150.00,CE,NIFTY26JUL22150CE,0.00,0.00,0.00,1874.45,1874.45,1874.45,24211.00,2116.95,65,0,0,0.00,0,F1,65,,,,,
2026-07-13,2026-07-13,FO,NSE,IDO,63853,,NIFTY,,2026-07-28,2026-07-28,21950.00,CE,NIFTY26JUL21950CE,0.00,0.00,0.00,1968.90,1968.90,1968.90,24211.00,2315.85,130,0,0,0.00,0,F1,65,,,,,
2026-07-13,2026-07-13,FO,NSE,IDO,63831,,NIFTY,,2026-07-28,2026-07-28,21500.00,CE,NIFTY26JUL21500CE,2540.00,2766.20,2536.00,2734.30,2740.75,2734.60,24211.00,2734.30,496015,-1040,140,220196674.75,101,F1,65,,,,,
2026-07-13,2026-07-13,FO,NSE,IDO,63829,,NIFTY,,2026-07-28,2026-07-28,21450.00,CE,NIFTY26JUL21450CE,0.00,0.00,0.00,2918.50,0.00,2918.50,24211.00,2814.25,0,0,0,0.00,0,F1,65,,,,,
2026-07-13,2026-07-13,FO,NSE,IDO,63825,,NIFTY,,2026-07-28,2026-07-28,21400.00,CE,NIFTY26JUL21400CE,0.00,0.00,0.00,2963.90,0.00,2963.90,24211.00,2864.10,0,0,0,0.00,0,F1,65,,,,,
2026-07-13,2026-07-13,FO,NSE,IDO,57369,,NIFTY,,2026-07-21,2026-07-21,24650.00,CE,NIFTY2672124650CE,26.00,55.10,15.70,38.50,39.65,38.60,24211.00,38.50,274430,106210,44681,71690541292.50,29722,F1,65,,,,,
2026-07-13,2026-07-13,FO,NSE,IDO,57342,,NIFTY,,2026-07-21,2026-07-21,24050.00,CE,NIFTY2672124050CE,179.65,337.60,164.00,295.40,297.45,290.75,24211.00,295.40,173875,104325,33744,53252652589.50,23712,F1,65,,,,,
2026-07-13,2026-07-13,FO,NSE,IDO,57334,,NIFTY,,2026-07-21,2026-07-21,23850.00,CE,NIFTY2672123850CE,298.55,491.45,278.15,444.55,450.90,438.85,24211.00,444.55,22100,3575,1825,2871813048.00,1227,F1,65,,,,,
2026-07-13,2026-07-13,FO,NSE,IDO,57323,,NIFTY,,2026-07-21,2026-07-21,23600.00,CE,NIFTY2672123600CE,492.60,700.40,470.55,657.25,666.60,645.60,24211.00,657.25,54210,34905,1254,1972773302.50,894,F1,65,,,,,
2026-07-13,2026-07-13,FO,NSE,IDO,57291,,NIFTY,,2026-07-21,2026-07-21,22800.00,CE,NIFTY2672122800CE,1345.00,1441.10,1330.55,1441.10,1441.10,1420.00,24211.00,1442.65,3900,3705,62,97298968.00,57,F1,65,,,,,
2026-07-13,2026-07-13,FO,NSE,IDO,57263,,NIFTY,,2026-07-21,2026-07-21,22100.00,CE,NIFTY2672122100CE,0.00,0.00,0.00,2045.15,0.00,2045.15,24211.00,2140.25,0,0,0,0.00,0,F1,65,,,,,
2026-07-13,2026-07-13,FO,NSE,IDO,51509,,NIFTY,,2026-07-14,2026-07-14,26250.00,CE,NIFTY2671426250CE,0.50,0.50,0.25,0.30,0.25,0.45,24211.00,0.30,149630,-29120,5287,9021077000.00,684,F1,65,,,,,
2026-07-13,2026-07-13,FO,NSE,IDO,51447,,NIFTY,,2026-07-14,2026-07-14,25350.00,CE,NIFTY2671425350CE,0.90,1.15,0.40,0.50,0.40,0.80,24211.00,0.50,246805,-248755,29066,47894751495.50,6329,F1,65,,,,,
2026-07-13,2026-07-13,FO,NSE,IDO,51421,,NIFTY,,2026-07-14,2026-07-14,25000.00,CE,NIFTY2671425000CE,1.25,1.40,0.60,0.90,0.65,1.55,24211.00,0.90,7364500,-491075,1220733,1983776326938.25,147351,F1,65,,,,,
2026-07-13,2026-07-13,FO,NSE,IDO,51411,,NIFTY,,2026-07-14,2026-07-14,24850.00,CE,NIFTY2671424850CE,1.60,2.20,0.80,1.10,0.80,2.35,24211.00,1.10,1303705,72345,548191,885517945825.50,70326,F1,65,,,,,
2026-07-13,2026-07-13,FO,NSE,IDO,51364,,NIFTY,,2026-07-14,2026-07-14,23900.00,CE,NIFTY2671423900CE,203.00,378.60,141.65,321.90,333.75,325.70,24211.00,321.90,765375,-127010,655561,1027998301635.50,400662,F1,65,,,,,
2026-07-13,2026-07-13,FO,NSE,IDO,51309,,NIFTY,,2026-07-14,2026-07-14,23000.00,CE,NIFTY2671423000CE,1010.00,1249.85,996.00,1213.90,1224.40,1212.30,24211.00,1213.90,57720,-39455,1560,2446988105.25,1108,F1,65,,,,,
2026-07-13,2026-07-13,FO,NSE,IDO,51269,,NIFTY,,2026-07-14,2026-07-14,22400.00,CE,NIFTY2671422400CE,1886.60,1886.60,1760.80,1760.80,1760.80,1811.50,24211.00,1814.75,2080,0,4,6298162.00,2,F1,65,,,,,
2026-07-13,2026-07-13,FO,NSE,IDO,51229,,NIFTY,,2026-07-14,2026-07-14,21700.00,CE,NIFTY2671421700CE,0.00,0.00,0.00,2509.05,2509.05,2509.05,24211.00,2514.60,3965,0,0,0.00,0,F1,65,,,,,
2026-07-13,2026-07-13,FO,NSE,IDO,51213,,NIFTY,,2026-07-14,2026-07-14,21500.00,CE,NIFTY2671421500CE,2673.40,2681.90,2673.40,2681.90,2681.90,2673.40,24211.00,2714.60,2340,0,4,6286725.25,4,F1,65,,,,,
2026-07-13,2026-07-13,FO,NSE,IDO,74646,,NIFTY,,2031-06-24,2031-06-24,21000.00,PE,NIFTY31JUN21000PE,0.00,0.00,0.00,450.50,0.00,450.50,24211.00,382.55,0,0,0,0.00,0,F1,65,,,,,
2026-07-13,2026-07-13,FO,NSE,IDO,65696,,NIFTY,,2026-08-04,2026-08-04,24050.00,PE,NIFTY2680424050PE,295.00,298.30,204.40,214.90,214.00,198.40,24211.00,214.90,4485,1105,171,270037995.50,140,F1,65,,,,,
2026-07-13,2026-07-13,FO,NSE,IDO,65807,,NIFTY,,2026-08-04,2026-08-04,24250.00,PE,NIFTY2680424250PE,377.00,406.60,284.20,296.55,295.60,281.25,24211.00,296.55,11570,-260,525,838914716.25,277,F1,65,,,,,
2026-07-13,2026-07-13,FO,NSE,IDO,65809,,NIFTY,,2026-08-04,2026-08-04,24300.00,PE,NIFTY2680424300PE,370.70,437.80,304.85,318.95,313.50,308.65,24211.00,318.95,92885,12285,754,1208222856.75,627,F1,65,,,,,
2026-07-13,2026-07-13,FO,NSE,IDO,65943,,NIFTY,,2026-08-04,2026-08-04,25500.00,PE,NIFTY2680425500PE,1360.00,1360.00,1360.00,1360.00,1360.00,1604.50,24211.00,1260.35,65,65,1,1745900.00,1,F1,65,,,,,
2026-07-13,2026-07-13,FO,NSE,IDO,66007,,NIFTY,,2026-08-04,2026-08-04,25750.00,PE,NIFTY2680425750PE,0.00,0.00,0.00,1822.00,0.00,1822.00,24211.00,1484.80,0,0,0,0.00,0,F1,65,,,,,
2026-07-13,2026-07-13,FO,NSE,IDO,40890,,NIFTY,,2026-08-11,2026-08-11,21700.00,PE,NIFTY2681121700PE,0.00,0.00,0.00,3.85,0.00,3.85,24211.00,3.20,0,0,0,0.00,0,F1,65,,,,,
2026-07-13,2026-07-13,FO,NSE,IDO,40918,,NIFTY,,2026-08-11,2026-08-11,22250.00,PE,NIFTY2681122250PE,0.00,0.00,0.00,53.50,53.50,53.50,24211.00,13.70,65,0,0,0.00,0,F1,65,,,,,
2026-07-13,2026-07-13,FO,NSE,IDO,40920,,NIFTY,,2026-08-11,2026-08-11,22300.00,PE,NIFTY2681122300PE,0.00,0.00,0.00,16.30,0.00,16.30,24211.00,15.45,0,0,0,0.00,0,F1,65,,,,,
2026-07-13,2026-07-13,FO,NSE,IDO,40938,,NIFTY,,2026-08-11,2026-08-11,22700.00,PE,NIFTY2681122700PE,0.00,0.00,0.00,37.10,0.00,37.10,24211.00,37.55,0,0,0,0.00,0,F1,65,,,,,
2026-07-13,2026-07-13,FO,NSE,IDO,40946,,NIFTY,,2026-08-11,2026-08-11,22900.00,PE,NIFTY2681122900PE,51.00,51.00,50.00,50.00,50.00,64.95,24211.00,56.00,390,325,5,7459010.00,2,F1,65,,,,,
2026-07-13,2026-07-13,FO,NSE,IDO,40972,,NIFTY,,2026-08-11,2026-08-11,23550.00,PE,NIFTY2681123550PE,146.85,146.85,117.00,125.00,125.00,99.00,24211.00,170.90,1495,390,63,96936710.00,28,F1,65,,,,,
2026-07-13,2026-07-13,FO,NSE,IDO,41044,,NIFTY,,2026-08-11,2026-08-11,25150.00,PE,NIFTY2681125150PE,0.00,0.00,0.00,874.45,0.00,874.45,24211.00,989.50,0,0,0,0.00,0,F1,65,,,,,
2026-07-13,2026-07-13,FO,NSE,IDO,41062,,NIFTY,,2026-08-11,2026-08-11,25600.00,PE,NIFTY2681125600PE,0.00,0.00,0.00,1208.35,0.00,1208.35,24211.00,1354.65,0,0,0,0.00,0,F1,65,,,,,
2026-07-13,2026-07-13,FO,NSE,IDO,41070,,NIFTY,,2026-08-11,2026-08-11,25750.00,PE,NIFTY2681125750PE,0.00,0.00,0.00,1329.60,0.00,1329.60,24211.00,1485.15,0,0,0,0.00,0,F1,65,,,,,
2026-07-13,2026-07-13,FO,NSE,IDO,41074,,NIFTY,,2026-08-11,2026-08-11,25850.00,PE,NIFTY2681125850PE,0.00,0.00,0.00,1412.80,0.00,1412.80,24211.00,1574.10,0,0,0,0.00,0,F1,65,,,,,
2026-07-13,2026-07-13,FO,NSE,IDO,41094,,NIFTY,,2026-08-11,2026-08-11,26150.00,PE,NIFTY2681126150PE,0.00,0.00,0.00,1672.30,0.00,1672.30,24211.00,1848.80,0,0,0,0.00,0,F1,65,,,,,
2026-07-13,2026-07-13,FO,NSE,IDO,61153,,NIFTY,,2026-08-25,2026-08-25,21200.00,PE,NIFTY26AUG21200PE,17.90,20.00,16.75,18.30,18.50,16.40,24211.00,18.30,429195,24245,917,1264712585.50,669,F1,65,,,,,
2026-07-13,2026-07-13,FO,NSE,IDO,61174,,NIFTY,,2026-08-25,2026-08-25,21350.00,PE,NIFTY26AUG21350PE,0.00,0.00,0.00,29.55,29.55,29.55,24211.00,5.10,130,0,0,0.00,0,F1,65,,,,,
2026-07-13,2026-07-13,FO,NSE,IDO,61357,,NIFTY,,2026-08-25,2026-08-25,22100.00,PE,NIFTY26AUG22100PE,33.40,36.55,28.85,30.20,30.00,28.40,24211.00,30.20,10725,3770,163,234485797.00,118,F1,65,,,,,
2026-07-13,2026-07-13,FO,NSE,IDO,61367,,NIFTY,,2026-08-25,2026-08-25,22200.00,PE,NIFTY26AUG22200PE,37.30,40.20,30.80,32.85,32.25,29.85,24211.00,32.85,58695,-1560,466,673498098.00,262,F1,65,,,,,
2026-07-13,2026-07-13,FO,NSE,IDO,61408,,NIFTY,,2026-08-25,2026-08-25,22650.00,PE,NIFTY26AUG22650PE,61.80,65.50,50.40,52.40,52.05,47.25,24211.00,52.40,16640,-7280,227,335061512.50,109,F1,65,,,,,
2026-07-13,2026-07-13,FO,NSE,IDO,61719,,NIFTY,,2026-08-25,2026-08-25,24350.00,PE,NIFTY26AUG24350PE,509.55,509.55,403.55,415.65,419.35,413.75,24211.00,415.65,17550,-390,56,90178169.25,50,F1,65,,,,,
2026-07-13,2026-07-13,FO,NSE,IDO,61898,,NIFTY,,2026-08-25,2026-08-25,25000.00,PE,NIFTY26AUG25000PE,920.00,958.00,762.00,791.35,790.15,781.20,24211.00,791.35,658970,22035,1720,2891257752.50,1279,F1,65,,,,,
2026-07-13,2026-07-13,FO,NSE,IDO,61930,,NIFTY,,2026-08-25,2026-08-25,25200.00,PE,NIFTY26AUG25200PE,1120.00,1120.00,934.00,935.10,935.10,936.00,24211.00,1057.45,11245,-260,19,32337834.75,16,F1,65,,,,,
2026-07-13,2026-07-13,FO,NSE,IDO,61954,,NIFTY,,2026-08-25,2026-08-25,25350.00,PE,NIFTY26AUG25350PE,0.00,0.00,0.00,808.20,808.20,808.20,24211.00,1168.25,195,0,0,0.00,0,F1,65,,,,,
2026-07-13,2026-07-13,FO,NSE,IDO,73900,,NIFTY,,2026-09-29,2026-09-29,22900.00,PE,NIFTY26SEP22900PE,129.00,150.15,121.05,125.20,124.45,116.40,24211.00,125.20,40495,1105,132,197604026.75,92,F1,65,,,,,
2026-07-13,2026-07-13,FO,NSE,IDO,65899,,NIFTY,,2026-09-29,2026-09-29,23000.00,PE,NIFTY26SEP23000PE,145.00,169.35,134.25,137.50,137.10,130.20,24211.00,137.50,1659845,-43095,5263,7918798069.00,2949,F1,65,,,,,
2026-07-13,2026-07-13,FO,NSE,IDO,74004,,NIFTY,,2026-09-29,2026-09-29,23600.00,PE,NIFTY26SEP23600PE,287.00,297.00,240.05,247.90,247.90,234.00,24211.00,247.90,25090,-650,76,117923542.75,49,F1,65,,,,,
2026-07-13,2026-07-13,FO,NSE,IDO,74006,,NIFTY,,2026-09-29,2026-09-29,23650.00,PE,NIFTY26SEP23650PE,305.10,312.00,305.10,312.00,312.00,252.15,24211.00,384.45,6890,-65,2,3114611.50,2,F1,65,,,,,
2026-07-13,2026-07-13,FO,NSE,IDO,74240,,NIFTY,,2026-09-29,2026-09-29,24450.00,PE,NIFTY26SEP24450PE,555.40,555.40,524.00,528.55,531.95,509.25,24211.00,528.55,5785,260,20,32475030.25,18,F1,65,,,,,
2026-07-13,2026-07-13,FO,NSE,IDO,74358,,NIFTY,,2026-09-29,2026-09-29,24800.00,PE,NIFTY26SEP24800PE,805.00,814.00,696.80,702.00,702.00,692.00,24211.00,702.00,22815,-65,20,33212695.75,15,F1,65,,,,,
2026-07-13,2026-07-13,FO,NSE,IDO,74423,,NIFTY,,2026-09-29,2026-09-29,25850.00,PE,NIFTY26SEP25850PE,0.00,0.00,0.00,1859.75,0.00,1859.75,24211.00,1583.70,0,0,0,0.00,0,F1,65,,,,,
2026-07-13,2026-07-13,FO,NSE,IDO,74466,,NIFTY,,2026-09-29,2026-09-29,26200.00,PE,NIFTY26SEP26200PE,0.00,0.00,0.00,2138.95,0.00,2138.95,24211.00,1852.95,0,0,0,0.00,0,F1,65,,,,,
2026-07-13,2026-07-13,FO,NSE,IDO,58639,,NIFTY,,2026-12-29,2026-12-29,17000.00,PE,NIFTY26DEC17000PE,27.05,28.90,26.55,27.60,28.90,26.75,24211.00,27.60,186625,-65,147,162696378.00,55,F1,65,,,,,
2026-07-13,2026-07-13,FO,NSE,IDO,55327,,NIFTY,,2026-12-29,2026-12-29,22500.00,PE,NIFTY26DEC22500PE,193.00,209.60,180.80,184.20,183.85,178.20,24211.00,184.20,772460,75530,2846,4196972653.25,1348,F1,65,,,,,
2026-07-13,2026-07-13,FO,NSE,IDO,50979,,NIFTY,,2026-12-29,2026-12-29,27000.00,PE,NIFTY26DEC27000PE,2300.00,2317.70,2104.00,2124.20,2112.15,2134.25,24211.00,2124.20,824135,3770,279,529829251.25,243,F1,65,,,,,
2026-07-13,2026-07-13,FO,NSE,IDO,38159,,NIFTY,,2026-12-29,2026-12-29,29000.00,PE,NIFTY26DEC29000PE,4045.00,4130.00,3905.00,3920.55,3907.15,3952.15,24211.00,3920.55,223355,65,21,45023088.50,21,F1,65,,,,,
2026-07-13,2026-07-13,FO,NSE,IDO,80189,,NIFTY,,2027-03-30,2027-03-30,15000.00,PE,NIFTY27MAR15000PE,0.00,0.00,0.00,18.00,18.00,18.00,24211.00,0.10,325,0,0,0.00,0,F1,65,,,,,
2026-07-13,2026-07-13,FO,NSE,IDO,55379,,NIFTY,,2027-06-29,2027-06-29,28500.00,PE,NIFTY27JUN28500PE,0.00,0.00,0.00,1807.05,0.00,1807.05,24211.00,3273.60,0,0,0,0.00,0,F1,65,,,,,
2026-07-13,2026-07-13,FO,NSE,IDO,35263,,NIFTY,,2027-06-29,2027-06-29,30000.00,PE,NIFTY27JUN30000PE,0.00,0.00,0.00,4000.05,4000.05,4000.05,24211.00,4398.80,65,0,0,0.00,0,F1,65,,,,,
2026-07-13,2026-07-13,FO,NSE,IDO,53619,,NIFTY,,2027-12-28,2027-12-28,23000.00,PE,NIFTY27DEC23000PE,591.00,591.00,562.10,569.35,566.50,568.60,24211.00,569.35,42420,1755,45,68950953.50,37,F1,65,,,,,
2026-07-13,2026-07-13,FO,NSE,IDO,55469,,NIFTY,,2028-06-27,2028-06-27,16500.00,PE,NIFTY28JUN16500PE,0.00,0.00,0.00,3.80,0.00,3.80,24211.00,25.50,0,0,0,0.00,0,F1,65,,,,,
2026-07-13,2026-07-13,FO,NSE,IDO,67775,,NIFTY,,2028-12-26,2028-12-26,20000.00,PE,NIFTY28DEC20000PE,0.00,0.00,0.00,400.00,400.00,400.00,24211.00,238.05,2315,0,0,0.00,0,F1,65,,,,,
2026-07-13,2026-07-13,FO,NSE,IDO,55651,,NIFTY,,2030-06-25,2030-06-25,31500.00,PE,NIFTY30JUN31500PE,0.00,0.00,0.00,2056.30,0.00,2056.30,24211.00,3333.65,0,0,0,0.00,0,F1,65,,,,,
2026-07-13,2026-07-13,FO,NSE,IDO,65685,,NIFTY,,2026-08-04,2026-08-04,23800.00,PE,NIFTY2680423800PE,190.00,201.60,135.00,141.95,139.80,128.65,24211.00,141.95,65975,12155,1030,1604181059.00,659,F1,65,,,,,
2026-07-13,2026-07-13,FO,NSE,IDO,65673,,NIFTY,,2026-08-04,2026-08-04,23500.00,PE,NIFTY2680423500PE,102.00,121.20,80.05,85.35,82.80,76.00,24211.00,85.35,95940,23335,1699,2606333892.50,1167,F1,65,,,,,
2026-07-13,2026-07-13,FO,NSE,IDO,65681,,NIFTY,,2026-08-04,2026-08-04,23700.00,PE,NIFTY2680423700PE,163.15,167.90,113.60,119.90,116.00,107.40,24211.00,119.90,38285,3510,446,691104544.00,318,F1,65,,,,,
2026-07-13,2026-07-13,FO,NSE,IDO,65677,,NIFTY,,2026-08-04,2026-08-04,23600.00,PE,NIFTY2680423600PE,136.55,140.20,95.60,100.05,96.85,88.75,24211.00,100.05,15275,4420,290,446928514.50,188,F1,65,,,,,
2026-07-13,2026-07-13,FO,NSE,IDO,65675,,NIFTY,,2026-08-04,2026-08-04,23550.00,PE,NIFTY2680423550PE,140.00,140.00,89.25,91.80,93.85,81.15,24211.00,91.80,7800,1300,115,176866322.75,77,F1,65,,,,,
2026-07-13,2026-07-13,FO,NSE,IDO,65526,,NIFTY,,2026-08-04,2026-08-04,23200.00,PE,NIFTY2680423200PE,58.90,72.95,48.30,51.00,50.70,45.55,24211.00,51.00,24505,6045,537,811775617.25,399,F1,65,,,,,
2026-07-13,2026-07-13,FO,NSE,IDO,65412,,NIFTY,,2026-08-04,2026-08-04,22050.00,PE,NIFTY2680422050PE,13.05,14.30,12.75,14.20,14.10,12.50,24211.00,14.20,780,455,11,15775383.00,11,F1,65,,,,,
2026-07-13,2026-07-13,FO,NSE,IDO,65127,,NIFTY,,2026-08-04,2026-08-04,21600.00,PE,NIFTY2680421600PE,13.25,14.45,9.10,10.05,9.60,9.90,24211.00,10.05,12675,8450,166,233169794.00,135,F1,65,,,,,
2026-07-13,2026-07-13,FO,NSE,IDO,64016,,NIFTY,,2026-07-28,2026-07-28,25800.00,PE,NIFTY26JUL25800PE,1612.00,1612.45,1537.30,1537.30,1537.30,1556.40,24211.00,1538.35,26260,260,6,10683383.75,6,F1,65,,,,,
2026-07-13,2026-07-13,FO,NSE,IDO,64007,,NIFTY,,2026-07-28,2026-07-28,25600.00,PE,NIFTY26JUL25600PE,1553.70,1554.70,1336.70,1342.80,1342.80,1360.70,24211.00,1348.30,16640,0,14,24597875.25,13,F1,65,,,,,
2026-07-13,2026-07-13,FO,NSE,IDO,65904,,NIFTY,,2026-09-29,2026-09-29,26000.00,CE,NIFTY26SEP26000CE,69.85,83.95,57.80,77.95,78.90,73.80,24211.00,77.95,1642975,104110,13920,23588321734.25,7328,F1,65,,,,,
2026-07-13,2026-07-13,FO,NSE,IDO,40978,,NIFTY,,2026-08-11,2026-08-11,23700.00,PE,NIFTY2681123700PE,158.95,158.95,148.15,148.15,148.15,191.20,24211.00,148.15,0,0,2,3100961.50,2,F1,65,,,,,
2026-07-13,2026-07-13,FO,NSE,IDO,40986,,NIFTY,,2026-08-11,2026-08-11,23850.00,PE,NIFTY2681123850PE,197.90,197.90,197.90,197.90,197.90,232.05,24211.00,259.85,65,65,1,1563113.50,1,F1,65,,,,,
2026-07-13,2026-07-13,FO,NSE,IDO,41042,,NIFTY,,2026-08-11,2026-08-11,25100.00,PE,NIFTY2681125100PE,0.00,0.00,0.00,840.50,0.00,840.50,24211.00,952.70,0,0,0,0.00,0,F1,65,,,,,
2026-07-13,2026-07-13,FO,NSE,IDO,61381,,NIFTY,,2026-08-25,2026-08-25,22400.00,PE,NIFTY26AUG22400PE,49.15,50.05,38.25,40.65,40.00,35.65,24211.00,40.65,86905,-95355,3660,5340177306.75,1925,F1,65,,,,,
2026-07-13,2026-07-13,FO,NSE,IDO,63966,,NIFTY,,2026-07-28,2026-07-28,24650.00,PE,NIFTY26JUL24650PE,555.90,555.90,473.90,488.55,490.00,485.40,24211.00,488.55,12935,-1430,65,106245522.50,36,F1,65,,,,,
2026-07-13,2026-07-13,FO,NSE,IDO,63946,,NIFTY,,2026-07-28,2026-07-28,24150.00,PE,NIFTY26JUL24150PE,270.00,306.95,194.00,206.15,200.35,197.50,24211.00,206.15,163150,25805,9903,15698746020.75,6788,F1,65,,,,,
2026-07-13,2026-07-13,FO,NSE,IDO,63930,,NIFTY,,2026-07-28,2026-07-28,23800.00,PE,NIFTY26JUL23800PE,135.00,158.70,96.10,103.25,101.60,93.25,24211.00,103.25,1416480,42055,35313,54915750717.75,20426,F1,65,,,,,
2026-07-13,2026-07-13,FO,NSE,IDO,63898,,NIFTY,,2026-07-28,2026-07-28,23050.00,PE,NIFTY26JUL23050PE,32.00,36.30,23.55,26.00,26.30,22.60,24211.00,26.00,75465,-9685,1257,1885598708.50,695,F1,65,,,,,
2026-07-13,2026-07-13,FO,NSE,IDO,63892,,NIFTY,,2026-07-28,2026-07-28,22900.00,PE,NIFTY26JUL22900PE,28.25,28.65,18.75,20.85,21.05,18.25,24211.00,20.85,322270,44590,6356,9470065426.25,4061,F1,65,,,,,
2026-07-13,2026-07-13,FO,NSE,IDO,63880,,NIFTY,,2026-07-28,2026-07-28,22600.00,PE,NIFTY26JUL22600PE,18.30,19.10,13.15,14.65,14.90,12.80,24211.00,14.65,342745,-22165,5339,7848338845.75,2903,F1,65,,,,,
2026-07-13,2026-07-13,FO,NSE,IDO,63868,,NIFTY,,2026-07-28,2026-07-28,22300.00,PE,NIFTY26JUL22300PE,12.55,13.10,9.80,11.15,11.70,10.05,24211.00,11.15,179270,17940,3064,4443473154.25,1674,F1,65,,,,,
2026-07-13,2026-07-13,FO,NSE,IDO,63816,,NIFTY,,2026-07-28,2026-07-28,21200.00,PE,NIFTY26JUL21200PE,4.80,10.60,4.65,5.55,5.50,5.25,24211.00,5.55,189150,8645,856,1179868881.75,381,F1,65,,,,,
2026-07-13,2026-07-13,FO,NSE,IDO,57459,,NIFTY,,2026-07-21,2026-07-21,26050.00,PE,NIFTY2672126050PE,0.00,0.00,0.00,1953.25,0.00,1953.25,24211.00,1804.95,0,0,0,0.00,0,F1,65,,,,,
2026-07-13,2026-07-13,FO,NSE,IDO,57455,,NIFTY,,2026-07-21,2026-07-21,25950.00,PE,NIFTY2672125950PE,0.00,0.00,0.00,1861.60,0.00,1861.60,24211.00,1705.35,0,0,0,0.00,0,F1,65,,,,,
2026-07-13,2026-07-13,FO,NSE,IDO,57431,,NIFTY,,2026-07-21,2026-07-21,25500.00,PE,NIFTY2672125500PE,1472.10,1472.10,1230.00,1274.20,1274.00,1281.00,24211.00,1274.20,49790,46540,951,1657646302.00,771,F1,65,,,,,
2026-07-13,2026-07-13,FO,NSE,IDO,57412,,NIFTY,,2026-07-21,2026-07-21,25350.00,PE,NIFTY2672125350PE,1202.00,1202.00,1200.00,1200.00,1200.00,1268.75,24211.00,1115.05,520,455,8,13806130.00,8,F1,65,,,,,
2026-07-13,2026-07-13,FO,NSE,IDO,57359,,NIFTY,,2026-07-21,2026-07-21,24450.00,PE,NIFTY2672124450PE,434.10,477.50,294.20,314.15,309.75,311.45,24211.00,314.15,65650,23205,2079,3351461467.25,1688,F1,65,,,,,
2026-07-13,2026-07-13,FO,NSE,IDO,57314,,NIFTY,,2026-07-21,2026-07-21,23350.00,PE,NIFTY2672123350PE,18.30,33.10,16.10,20.00,20.55,17.85,24211.00,20.00,375830,81900,18706,28418319406.75,11690,F1,65,,,,,
2026-07-13,2026-07-13,FO,NSE,IDO,57280,,NIFTY,,2026-07-21,2026-07-21,22500.00,PE,NIFTY2672122500PE,5.55,7.15,4.70,5.80,6.20,5.35,24211.00,5.80,1675765,803920,57987,84827196909.00,17828,F1,65,,,,,
2026-07-13,2026-07-13,FO,NSE,IDO,61498,,NIFTY,,2026-08-25,2026-08-25,23450.00,PE,NIFTY26AUG23450PE,156.00,158.25,138.05,139.35,139.75,131.65,24211.00,139.35,16250,2665,102,156447924.75,68,F1,65,,,,,
2026-07-13,2026-07-13,FO,NSE,IDO,61500,,NIFTY,,2026-08-25,2026-08-25,23500.00,PE,NIFTY26AUG23500PE,180.00,192.85,142.30,148.30,145.75,136.95,24211.00,148.30,1187550,-10660,8027,12346466353.00,4697,F1,65,,,,,
2026-07-13,2026-07-13,FO,NSE,IDO,61604,,NIFTY,,2026-08-25,2026-08-25,24000.00,PE,NIFTY26AUG24000PE,321.00,354.75,265.60,276.25,273.50,262.75,24211.00,276.25,1688635,105105,11534,18224507080.00,8938,F1,65,,,,,
2026-07-13,2026-07-13,FO,NSE,IDO,61670,,NIFTY,,2026-08-25,2026-08-25,24200.00,PE,NIFTY26AUG24200PE,400.00,443.50,335.70,351.70,350.00,332.40,24211.00,351.70,289770,47255,4375,6990320285.00,3329,F1,65,,,,,
2026-07-13,2026-07-13,FO,NSE,IDO,57260,,NIFTY,,2026-07-21,2026-07-21,22000.00,PE,NIFTY2672122000PE,4.70,7.05,3.30,3.80,3.50,3.90,24211.00,3.80,711165,373295,26622,38075913567.25,9166,F1,65,,,,,
2026-07-13,2026-07-13,FO,NSE,IDO,57243,,NIFTY,,2026-07-21,2026-07-21,21650.00,PE,NIFTY2672121650PE,3.65,3.70,2.65,3.25,2.90,3.65,24211.00,3.25,4940,2535,191,268823870.25,125,F1,65,,,,,
2026-07-13,2026-07-13,FO,NSE,IDO,57241,,NIFTY,,2026-07-21,2026-07-21,21600.00,PE,NIFTY2672121600PE,3.50,3.90,2.70,3.15,3.00,3.30,24211.00,3.15,2161185,952640,32835,46106781909.50,8065,F1,65,,,,,
2026-07-13,2026-07-13,FO,NSE,IDO,51512,,NIFTY,,2026-07-14,2026-07-14,26300.00,PE,NIFTY2671426300PE,0.00,0.00,0.00,2229.25,2229.25,2229.25,24211.00,2084.65,520,0,0,0.00,0,F1,65,,,,,
2026-07-13,2026-07-13,FO,NSE,IDO,51492,,NIFTY,,2026-07-14,2026-07-14,25800.00,PE,NIFTY2671425800PE,1672.65,1691.40,1572.65,1572.65,1572.65,1584.40,24211.00,1584.75,1365,-520,13,23203352.25,6,F1,65,,,,,
2026-07-13,2026-07-13,FO,NSE,IDO,51470,,NIFTY,,2026-07-14,2026-07-14,25400.00,PE,NIFTY2671425400PE,1416.80,1416.80,1166.85,1212.00,1212.00,1184.00,24211.00,1184.80,9295,260,15,25986034.75,13,F1,65,,,,,
2026-07-13,2026-07-13,FO,NSE,IDO,51420,,NIFTY,,2026-07-14,2026-07-14,24950.00,PE,NIFTY2671424950PE,935.45,956.15,708.50,744.00,736.80,742.00,24211.00,744.00,20930,-3835,217,362901100.25,211,F1,65,,,,,
2026-07-13,2026-07-13,FO,NSE,IDO,51398,,NIFTY,,2026-07-14,2026-07-14,24550.00,PE,NIFTY2671424550PE,480.10,566.85,306.00,349.30,335.90,353.90,24211.00,349.30,74035,650,10898,17663056190.00,7692,F1,65,,,,,
2026-07-13,2026-07-13,FO,NSE,IDO,61859,,NIFTY,,2026-08-25,2026-08-25,24900.00,PE,NIFTY26AUG24900PE,850.00,867.85,713.20,723.55,728.00,722.85,24211.00,723.55,44590,-2795,100,166835799.00,99,F1,65,,,,,
2026-07-13,2026-07-13,FO,NSE,IDO,62052,,NIFTY,,2026-08-25,2026-08-25,26100.00,PE,NIFTY26AUG26100PE,0.00,0.00,0.00,1919.10,1919.10,1919.10,24211.00,1779.80,65,0,0,0.00,0,F1,65,,,,,
2026-07-13,2026-07-13,FO,NSE,IDO,73806,,NIFTY,,2026-09-29,2026-09-29,21600.00,PE,NIFTY26SEP21600PE,44.65,46.20,37.25,39.70,39.40,38.95,24211.00,39.70,4940,390,44,61894280.50,40,F1,65,,,,,
2026-07-13,2026-07-13,FO,NSE,IDO,73853,,NIFTY,,2026-09-29,2026-09-29,21800.00,PE,NIFTY26SEP21800PE,52.10,54.15,46.80,48.40,47.90,44.05,24211.00,48.40,2795,1755,33,46865526.50,22,F1,65,,,,,
2026-07-13,2026-07-13,FO,NSE,IDO,51390,,NIFTY,,2026-07-14,2026-07-14,24400.00,PE,NIFTY2671424400PE,331.00,413.80,182.00,209.70,197.75,224.50,24211.00,209.70,821275,-347230,381434,610888418325.25,204966,F1,65,,,,,
2026-07-13,2026-07-13,FO,NSE,IDO,51360,,NIFTY,,2026-07-14,2026-07-14,23800.00,PE,NIFTY2671423800PE,21.00,34.40,8.35,10.95,11.15,14.25,24211.00,10.95,10115690,1296165,3313914,5130042102064.75,782119,F1,65,,,,,
2026-07-13,2026-07-13,FO,NSE,IDO,51302,,NIFTY,,2026-07-14,2026-07-14,22800.00,PE,NIFTY2671422800PE,2.10,2.20,1.10,1.50,1.75,2.30,24211.00,1.50,3314220,-567775,405180,600518118830.50,78942,F1,65,,,,,
2026-07-13,2026-07-13,FO,NSE,IDO,51280,,NIFTY,,2026-07-14,2026-07-14,22450.00,PE,NIFTY2671422450PE,1.45,1.50,0.85,1.00,1.05,1.65,24211.00,1.00,138385,-195780,31291,45663680624.25,6265,F1,65,,,,,
2026-07-13,2026-07-13,FO,NSE,IDO,51254,,NIFTY,,2026-07-14,2026-07-14,22100.00,PE,NIFTY2671422100PE,1.25,1.35,0.50,0.70,0.70,1.25,24211.00,0.70,391430,-128440,38319,55047325567.00,6467,F1,65,,,,,
2026-07-13,2026-07-13,FO,NSE,IDO,74647,,NIFTY,,2031-06-24,2031-06-24,22500.00,CE,NIFTY31JUN22500CE,0.00,0.00,0.00,8012.75,0.00,8012.75,24211.00,8480.35,0,0,0,0.00,0,F1,65,,,,,
2026-07-13,2026-07-13,FO,NSE,IDO,60936,,NIFTY,,2030-06-25,2030-06-25,30000.00,CE,NIFTY30JUN30000CE,0.00,0.00,0.00,5580.35,0.00,5580.35,24211.00,3719.35,0,0,0,0.00,0,F1,65,,,,,
2026-07-13,2026-07-13,FO,NSE,IDO,55648,,NIFTY,,2030-06-25,2030-06-25,28500.00,CE,NIFTY30JUN28500CE,0.00,0.00,0.00,5382.85,0.00,5382.85,24211.00,4314.45,0,0,0,0.00,0,F1,65,,,,,
2026-07-13,2026-07-13,FO,NSE,IDO,55560,,NIFTY,,2029-06-26,2029-06-26,22500.00,CE,NIFTY29JUN22500CE,0.00,0.00,0.00,7946.50,0.00,7946.50,24211.00,6261.05,0,0,0,0.00,0,F1,65,,,,,
2026-07-13,2026-07-13,FO,NSE,IDO,67788,,NIFTY,,2028-12-26,2028-12-26,27000.00,CE,NIFTY28DEC27000CE,0.00,0.00,0.00,2635.00,2635.00,2635.00,24211.00,3152.40,715,0,0,0.00,0,F1,65,,,,,
2026-07-13,2026-07-13,FO,NSE,IDO,55478,,NIFTY,,2028-06-27,2028-06-27,28500.00,CE,NIFTY28JUN28500CE,0.00,0.00,0.00,2990.00,0.00,2990.00,24211.00,1924.50,0,0,0,0.00,0,F1,65,,,,,
2026-07-13,2026-07-13,FO,NSE,IDO,55472,,NIFTY,,2028-06-27,2028-06-27,22500.00,CE,NIFTY28JUN22500CE,0.00,0.00,0.00,6796.05,0.00,6796.05,24211.00,4984.45,0,0,0,0.00,0,F1,65,,,,,
2026-07-13,2026-07-13,FO,NSE,IDO,80278,,NIFTY,,2027-03-30,2027-03-30,28500.00,CE,NIFTY27MAR28500CE,0.00,0.00,0.00,269.75,269.75,269.75,24211.00,433.50,65,0,0,0.00,0,F1,65,,,,,
2026-07-13,2026-07-13,FO,NSE,IDO,80190,,NIFTY,,2027-03-30,2027-03-30,16500.00,CE,NIFTY27MAR16500CE,0.00,0.00,0.00,6995.90,0.00,6995.90,24211.00,8459.80,0,0,0,0.00,0,F1,65,,,,,
2026-07-13,2026-07-13,FO,NSE,IDO,58644,,NIFTY,,2026-12-29,2026-12-29,20000.00,CE,NIFTY26DEC20000CE,4550.05,4710.00,4535.00,4703.85,4703.85,4703.25,24211.00,4703.85,539200,1235,51,81685981.00,42,F1,65,,,,,
2026-07-13,2026-07-13,FO,NSE,IDO,74422,,NIFTY,,2026-09-29,2026-09-29,25850.00,CE,NIFTY26SEP25850CE,0.00,0.00,0.00,272.00,0.00,272.00,24211.00,301.80,0,0,0,0.00,0,F1,65,,,,,
2026-07-13,2026-07-13,FO,NSE,IDO,74418,,NIFTY,,2026-09-29,2026-09-29,25750.00,CE,NIFTY26SEP25750CE,0.00,0.00,0.00,293.50,0.00,293.50,24211.00,325.45,0,0,0,0.00,0,F1,65,,,,,
2026-07-13,2026-07-13,FO,NSE,IDO,55286,,NIFTY,,2026-09-29,2026-09-29,25500.00,CE,NIFTY26SEP25500CE,131.10,178.70,119.55,163.55,167.75,153.10,24211.00,163.55,1418690,284375,14971,24955067098.00,9179,F1,65,,,,,
2026-07-13,2026-07-13,FO,NSE,IDO,74243,,NIFTY,,2026-09-29,2026-09-29,24550.00,CE,NIFTY26SEP24550CE,422.30,515.45,422.30,515.45,515.45,501.00,24211.00,759.75,3965,-65,6,9762528.75,6,F1,65,,,,,
2026-07-13,2026-07-13,FO,NSE,IDO,73925,,NIFTY,,2026-09-29,2026-09-29,23350.00,CE,NIFTY26SEP23350CE,0.00,0.00,0.00,1176.70,1176.70,1176.70,24211.00,1479.45,325,0,0,0.00,0,F1,65,,,,,
2026-07-13,2026-07-13,FO,NSE,IDO,73831,,NIFTY,,2026-09-29,2026-09-29,21650.00,CE,NIFTY26SEP21650CE,0.00,0.00,0.00,2630.65,0.00,2630.65,24211.00,2902.10,0,0,0,0.00,0,F1,65,,,,,
2026-07-13,2026-07-13,FO,NSE,IDO,55280,,NIFTY,,2026-09-29,2026-09-29,16500.00,CE,NIFTY26SEP16500CE,0.00,0.00,0.00,10168.85,0.00,10168.85,24211.00,7939.00,0,0,0,0.00,0,F1,65,,,,,
2026-07-13,2026-07-13,FO,NSE,IDO,62066,,NIFTY,,2026-08-25,2026-08-25,26300.00,CE,NIFTY26AUG26300CE,9.65,13.10,6.30,12.05,12.15,9.85,24211.00,12.05,160745,4745,2928,5007592167.50,1864,F1,65,,,,,
2026-07-13,2026-07-13,FO,NSE,IDO,62045,,NIFTY,,2026-08-25,2026-08-25,26100.00,CE,NIFTY26AUG26100CE,0.00,0.00,0.00,241.70,0.00,241.70,24211.00,90.20,0,0,0,0.00,0,F1,65,,,,,
2026-07-13,2026-07-13,FO,NSE,IDO,62043,,NIFTY,,2026-08-25,2026-08-25,26050.00,CE,NIFTY26AUG26050CE,0.00,0.00,0.00,251.15,0.00,251.15,24211.00,96.25,0,0,0,0.00,0,F1,65,,,,,
2026-07-13,2026-07-13,FO,NSE,IDO,62036,,NIFTY,,2026-08-25,2026-08-25,25950.00,CE,NIFTY26AUG25950CE,0.00,0.00,0.00,270.95,0.00,270.95,24211.00,109.35,0,0,0,0.00,0,F1,65,,,,,
2026-07-13,2026-07-13,FO,NSE,IDO,61979,,NIFTY,,2026-08-25,2026-08-25,25600.00,CE,NIFTY26AUG25600CE,31.00,46.60,24.70,42.40,43.20,37.15,24211.00,42.40,230035,-119080,7898,13161132712.00,4410,F1,65,,,,,
2026-07-13,2026-07-13,FO,NSE,IDO,61909,,NIFTY,,2026-08-25,2026-08-25,25050.00,CE,NIFTY26AUG25050CE,94.95,142.25,94.00,130.90,132.35,119.65,24211.00,130.90,29575,2795,224,366450948.50,130,F1,65,,,,,
2026-07-13,2026-07-13,FO,NSE,IDO,61865,,NIFTY,,2026-08-25,2026-08-25,24950.00,CE,NIFTY26AUG24950CE,115.25,168.45,113.20,156.90,159.05,144.75,24211.00,156.90,12415,-2665,243,396162763.75,160,F1,65,,,,,
2026-07-13,2026-07-13,FO,NSE,IDO,61857,,NIFTY,,2026-08-25,2026-08-25,24900.00,CE,NIFTY26AUG24900CE,125.00,191.00,116.40,171.80,174.10,160.50,24211.00,171.80,132340,10270,2509,4084946398.00,1998,F1,65,,,,,
2026-07-13,2026-07-13,FO,NSE,IDO,61734,,NIFTY,,2026-08-25,2026-08-25,24500.00,CE,NIFTY26AUG24500CE,240.00,357.75,235.90,331.40,335.00,312.60,24211.00,331.40,2276235,159315,14257,22984432584.75,9269,F1,65,,,,,
2026-07-13,2026-07-13,FO,NSE,IDO,61647,,NIFTY,,2026-08-25,2026-08-25,24200.00,CE,NIFTY26AUG24200CE,414.80,523.85,366.90,493.95,496.00,470.85,24211.00,493.95,254670,17810,4554,7299549380.50,3376,F1,65,,,,,
2026-07-13,2026-07-13,FO,NSE,IDO,61534,,NIFTY,,2026-08-25,2026-08-25,23800.00,CE,NIFTY26AUG23800CE,625.00,789.95,605.85,747.85,749.50,734.25,24211.00,747.85,46670,-845,393,625686958.00,330,F1,65,,,,,
2026-07-13,2026-07-13,FO,NSE,IDO,61532,,NIFTY,,2026-08-25,2026-08-25,23750.00,CE,NIFTY26AUG23750CE,655.80,810.00,655.80,810.00,810.00,767.80,24211.00,935.90,1170,-65,3,4779024.25,3,F1,65,,,,,
2026-07-13,2026-07-13,FO,NSE,IDO,61376,,NIFTY,,2026-08-25,2026-08-25,22300.00,CE,NIFTY26AUG22300CE,0.00,0.00,0.00,1755.00,1755.00,1755.00,24211.00,2117.80,65,0,0,0.00,0,F1,65,,,,,
2026-07-13,2026-07-13,FO,NSE,IDO,61364,,NIFTY,,2026-08-25,2026-08-25,22150.00,CE,NIFTY26AUG22150CE,0.00,0.00,0.00,1664.95,1664.95,1664.95,24211.00,2257.90,65,0,0,0.00,0,F1,65,,,,,
2026-07-13,2026-07-13,FO,NSE,IDO,61354,,NIFTY,,2026-08-25,2026-08-25,22050.00,CE,NIFTY26AUG22050CE,0.00,0.00,0.00,2323.10,0.00,2323.10,24211.00,2352.35,0,0,0,0.00,0,F1,65,,,,,
2026-07-13,2026-07-13,FO,NSE,IDO,61211,,NIFTY,,2026-08-25,2026-08-25,21500.00,CE,NIFTY26AUG21500CE,2810.00,2828.00,2810.00,2828.00,2828.00,2797.10,24211.00,2828.00,3120,845,13,20544420.00,7,F1,65,,,,,
2026-07-13,2026-07-13,FO,NSE,IDO,61175,,NIFTY,,2026-08-25,2026-08-25,21400.00,CE,NIFTY26AUG21400CE,0.00,0.00,0.00,2616.30,2616.30,2616.30,24211.00,2980.25,130,0,0,0.00,0,F1,65,,,,,
2026-07-13,2026-07-13,FO,NSE,IDO,61154,,NIFTY,,2026-08-25,2026-08-25,21250.00,CE,NIFTY26AUG21250CE,0.00,0.00,0.00,3030.30,0.00,3030.30,24211.00,3127.40,0,0,0,0.00,0,F1,65,,,,,
2026-07-13,2026-07-13,FO,NSE,IDO,40989,,NIFTY,,2026-08-11,2026-08-11,23950.00,CE,NIFTY2681123950CE,506.05,506.05,506.05,506.05,506.05,850.70,24211.00,671.85,65,65,1,1589643.25,1,F1,65,,,,,
2026-07-13,2026-07-13,FO,NSE,IDO,40977,,NIFTY,,2026-08-11,2026-08-11,23700.00,CE,NIFTY2681123700CE,683.85,683.85,683.85,683.85,683.85,720.70,24211.00,835.85,390,65,1,1584950.25,1,F1,65,,,,,
2026-07-13,2026-07-13,FO,NSE,IDO,40973,,NIFTY,,2026-08-11,2026-08-11,23600.00,CE,NIFTY2681123600CE,0.00,0.00,0.00,1100.85,0.00,1100.85,24211.00,906.90,0,0,0,0.00,0,F1,65,,,,,
2026-07-13,2026-07-13,FO,NSE,IDO,40941,,NIFTY,,2026-08-11,2026-08-11,22800.00,CE,NIFTY2681122800CE,0.00,0.00,0.00,1775.45,0.00,1775.45,24211.00,1566.20,0,0,0,0.00,0,F1,65,,,,,
2026-07-13,2026-07-13,FO,NSE,IDO,40935,,NIFTY,,2026-08-11,2026-08-11,22650.00,CE,NIFTY2681122650CE,0.00,0.00,0.00,1913.40,0.00,1913.40,24211.00,1703.25,0,0,0,0.00,0,F1,65,,,,,
2026-07-13,2026-07-13,FO,NSE,IDO,40903,,NIFTY,,2026-08-11,2026-08-11,21900.00,CE,NIFTY2681121900CE,0.00,0.00,0.00,2631.80,0.00,2631.80,24211.00,2421.40,0,0,0,0.00,0,F1,65,,,,,
2026-07-13,2026-07-13,FO,NSE,IDO,65938,,NIFTY,,2026-08-04,2026-08-04,25400.00,CE,NIFTY2680425400CE,0.00,0.00,0.00,124.40,0.00,124.40,24211.00,76.95,0,0,0,0.00,0,F1,65,,,,,
2026-07-13,2026-07-13,FO,NSE,IDO,65932,,NIFTY,,2026-08-04,2026-08-04,25300.00,CE,NIFTY2680425300CE,0.00,0.00,0.00,140.85,0.00,140.85,24211.00,91.95,0,0,0,0.00,0,F1,65,,,,,
2026-07-13,2026-07-13,FO,NSE,IDO,65860,,NIFTY,,2026-08-04,2026-08-04,24500.00,CE,NIFTY2680424500CE,127.55,203.20,105.40,182.00,185.50,172.55,24211.00,182.00,125385,4615,3270,5240864928.00,2349,F1,65,,,,,
2026-07-13,2026-07-13,FO,NSE,IDO,65774,,NIFTY,,2026-08-04,2026-08-04,24200.00,CE,NIFTY2680424200CE,240.25,355.00,208.35,330.15,331.15,311.15,24211.00,330.15,235625,62400,3411,5430590379.50,2920,F1,65,,,,,
2026-07-13,2026-07-13,FO,NSE,IDO,65689,,NIFTY,,2026-08-04,2026-08-04,23900.00,CE,NIFTY2680423900CE,373.45,546.55,367.95,515.35,520.30,503.30,24211.00,515.35,28860,10595,349,551635623.50,288,F1,65,,,,,
2026-07-13,2026-07-13,FO,NSE,IDO,65678,,NIFTY,,2026-08-04,2026-08-04,23650.00,CE,NIFTY2680423650CE,0.00,0.00,0.00,669.80,669.80,669.80,24211.00,803.55,1105,0,0,0.00,0,F1,65,,,,,
2026-07-13,2026-07-13,FO,NSE,IDO,65433,,NIFTY,,2026-08-04,2026-08-04,22500.00,CE,NIFTY2680422500CE,0.00,0.00,0.00,1575.55,0.00,1575.55,24211.00,1805.35,0,0,0,0.00,0,F1,65,,,,,
2026-07-13,2026-07-13,FO,NSE,IDO,65166,,NIFTY,,2026-08-04,2026-08-04,21750.00,CE,NIFTY2680421750CE,0.00,0.00,0.00,2253.60,0.00,2253.60,24211.00,2541.25,0,0,0,0.00,0,F1,65,,,,,
2026-07-13,2026-07-13,FO,NSE,IDO,64043,,NIFTY,,2026-07-28,2026-07-28,26250.00,CE,NIFTY26JUL26250CE,2.10,2.25,1.25,1.80,1.75,2.10,24211.00,1.80,51350,-9165,312,532385743.50,110,F1,65,,,,,
2026-07-13,2026-07-13,FO,NSE,IDO,64015,,NIFTY,,2026-07-28,2026-07-28,25800.00,CE,NIFTY26JUL25800CE,3.45,4.45,2.65,3.65,3.50,3.85,24211.00,3.65,338260,24180,4856,8144647485.00,2361,F1,65,,,,,
2026-07-13,2026-07-13,FO,NSE,IDO,63983,,NIFTY,,2026-07-28,2026-07-28,25100.00,CE,NIFTY26JUL25100CE,18.70,25.15,11.90,19.45,19.65,19.50,24211.00,19.45,631085,113165,18181,29682702036.00,9540,F1,65,,,,,
2026-07-13,2026-07-13,FO,NSE,IDO,63951,,NIFTY,,2026-07-28,2026-07-28,24300.00,CE,NIFTY26JUL24300CE,132.00,249.00,122.05,218.00,222.90,208.80,24211.00,218.00,2025335,157625,54231,86321401741.25,33907,F1,65,,,,,
2026-07-13,2026-07-13,FO,NSE,IDO,63941,,NIFTY,,2026-07-28,2026-07-28,24050.00,CE,NIFTY26JUL24050CE,319.55,400.75,232.15,363.20,365.55,353.30,24211.00,363.20,122200,19565,5745,9089840318.00,4366,F1,65,,,,,
2026-07-13,2026-07-13,FO,NSE,IDO,63899,,NIFTY,,2026-07-28,2026-07-28,23100.00,CE,NIFTY26JUL23100CE,975.00,1189.30,975.00,1159.00,1159.00,1162.05,24211.00,1159.00,22165,-845,22,34664659.25,19,F1,65,,,,,
2026-07-13,2026-07-13,FO,NSE,IDO,63883,,NIFTY,,2026-07-28,2026-07-28,22700.00,CE,NIFTY26JUL22700CE,1425.00,1565.25,1425.00,1565.15,1565.15,1560.10,24211.00,1575.40,5460,-130,9,14181371.75,9,F1,65,,,,,
2026-07-13,2026-07-13,FO,NSE,IDO,57450,,NIFTY,,2026-07-21,2026-07-21,25850.00,CE,NIFTY2672125850CE,1.25,1.25,0.95,1.05,1.10,1.30,24211.00,1.05,62400,7475,856,1438352262.75,451,F1,65,,,,,
2026-07-13,2026-07-13,FO,NSE,IDO,57430,,NIFTY,,2026-07-21,2026-07-21,25500.00,CE,NIFTY2672125500CE,2.15,2.15,1.40,1.95,1.95,2.30,24211.00,1.95,1083940,612105,47641,78970506108.00,20082,F1,65,,,,,
2026-07-13,2026-07-13,FO,NSE,IDO,57398,,NIFTY,,2026-07-21,2026-07-21,25100.00,CE,NIFTY2672125100CE,4.90,8.40,3.60,5.45,5.30,6.25,24211.00,5.45,1125540,607100,51434,83932086689.75,22446,F1,65,,,,,
2026-07-13,2026-07-13,FO,NSE,IDO,57373,,NIFTY,,2026-07-21,2026-07-21,24750.00,CE,NIFTY2672124750CE,15.25,36.85,10.15,23.70,24.15,24.80,24211.00,23.70,470665,293345,41208,66351912620.50,26531,F1,65,,,,,
2026-07-13,2026-07-13,FO,NSE,IDO,73878,,NIFTY,,2026-09-29,2026-09-29,22300.00,PE,NIFTY26SEP22300PE,84.00,84.40,67.95,68.85,67.95,64.95,24211.00,68.85,33020,4030,191,277817839.00,122,F1,65,,,,,
2026-07-13,2026-07-13,FO,NSE,IDO,57360,,NIFTY,,2026-07-21,2026-07-21,24500.00,CE,NIFTY2672124500CE,41.05,97.45,29.55,72.70,74.80,72.25,24211.00,72.70,2273635,1109355,204975,327279150799.25,116288,F1,65,,,,,
2026-07-13,2026-07-13,FO,NSE,IDO,57348,,NIFTY,,2026-07-21,2026-07-21,24200.00,CE,NIFTY2672124200CE,128.00,241.60,99.85,200.50,204.35,195.95,24211.00,200.50,2080780,845780,208566,330468861404.50,139656,F1,65,,,,,
2026-07-13,2026-07-13,FO,NSE,IDO,57313,,NIFTY,,2026-07-21,2026-07-21,23350.00,CE,NIFTY2672123350CE,0.00,0.00,0.00,744.00,744.00,744.00,24211.00,909.95,195,0,0,0.00,0,F1,65,,,,,
2026-07-13,2026-07-13,FO,NSE,IDO,57303,,NIFTY,,2026-07-21,2026-07-21,23100.00,CE,NIFTY2672123100CE,943.10,1150.20,939.10,1129.55,1131.50,1140.50,24211.00,1129.55,31525,30745,552,868746690.50,247,F1,65,,,,,
2026-07-13,2026-07-13,FO,NSE,IDO,57299,,NIFTY,,2026-07-21,2026-07-21,23000.00,CE,NIFTY2672123000CE,1041.05,1261.95,1023.40,1230.55,1238.75,1235.30,24211.00,1230.55,91260,79495,1511,2374774564.50,1068,F1,65,,,,,
2026-07-13,2026-07-13,FO,NSE,IDO,57297,,NIFTY,,2026-07-21,2026-07-21,22950.00,CE,NIFTY2672122950CE,1300.00,1300.00,1300.00,1300.00,1300.00,941.00,24211.00,1294.50,65,0,1,1576250.00,1,F1,65,,,,,
2026-07-13,2026-07-13,FO,NSE,IDO,57242,,NIFTY,,2026-07-21,2026-07-21,21650.00,CE,NIFTY2672121650CE,0.00,0.00,0.00,2476.25,0.00,2476.25,24211.00,2589.65,0,0,0,0.00,0,F1,65,,,,,
2026-07-13,2026-07-13,FO,NSE,IDO,51503,,NIFTY,,2026-07-14,2026-07-14,26100.00,CE,NIFTY2671426100CE,0.45,0.55,0.25,0.30,0.25,0.45,24211.00,0.30,245700,-99515,17533,29745227443.75,2821,F1,65,,,,,
2026-07-13,2026-07-13,FO,NSE,IDO,63955,,NIFTY,,2026-07-28,2026-07-28,24400.00,CE,NIFTY26JUL24400CE,103.00,198.25,91.65,170.65,174.90,163.10,24211.00,170.65,1194375,-102895,32571,51956710159.25,23410,F1,65,,,,,
2026-07-13,2026-07-13,FO,NSE,IDO,73898,,NIFTY,,2026-09-29,2026-09-29,22850.00,PE,NIFTY26SEP22850PE,142.30,142.30,116.15,118.25,118.25,115.10,24211.00,118.25,3640,-650,36,53766820.25,25,F1,65,,,,,
2026-07-13,2026-07-13,FO,NSE,IDO,73922,,NIFTY,,2026-09-29,2026-09-29,23250.00,PE,NIFTY26SEP23250PE,189.25,190.65,170.05,173.40,175.00,171.80,24211.00,173.40,4810,-130,18,27414279.75,18,F1,65,,,,,
2026-07-13,2026-07-13,FO,NSE,IDO,73926,,NIFTY,,2026-09-29,2026-09-29,23350.00,PE,NIFTY26SEP23350PE,208.40,210.00,190.00,192.35,192.35,184.50,24211.00,192.35,2990,-65,14,21431384.00,14,F1,65,,,,,
2026-07-13,2026-07-13,FO,NSE,IDO,74057,,NIFTY,,2026-09-29,2026-09-29,23900.00,PE,NIFTY26SEP23900PE,384.05,394.85,319.30,327.85,326.00,314.40,24211.00,327.85,16380,-2080,152,239539563.25,93,F1,65,,,,,
2026-07-13,2026-07-13,FO,NSE,IDO,51423,,NIFTY,,2026-07-14,2026-07-14,25050.00,CE,NIFTY2671425050CE,1.30,1.30,0.60,0.75,0.65,1.35,24211.00,0.75,925600,-341705,187884,305934137583.75,33628,F1,65,,,,,
2026-07-13,2026-07-13,FO,NSE,IDO,51381,,NIFTY,,2026-07-14,2026-07-14,24250.00,CE,NIFTY2671424250CE,15.00,105.80,11.85,58.10,64.40,76.75,24211.00,58.10,6102460,466700,6996235,11052658783231.00,2588443,F1,65,,,,,
2026-07-13,2026-07-13,FO,NSE,IDO,51375,,NIFTY,,2026-07-14,2026-07-14,24100.00,CE,NIFTY2671424100CE,77.00,206.95,41.45,151.50,161.45,163.10,24211.00,151.50,3108495,310180,6410284,10084990873720.75,2795984,F1,65,,,,,
2026-07-13,2026-07-13,FO,NSE,IDO,51279,,NIFTY,,2026-07-14,2026-07-14,22450.00,CE,NIFTY2671422450CE,0.00,0.00,0.00,1723.45,1723.45,1723.45,24211.00,1764.75,1170,0,0,0.00,0,F1,65,,,,,
2026-07-13,2026-07-13,FO,NSE,IDO,51233,,NIFTY,,2026-07-14,2026-07-14,21800.00,CE,NIFTY2671421800CE,0.00,0.00,0.00,2139.80,2139.80,2139.80,24211.00,2414.65,390,0,0,0.00,0,F1,65,,,,,
2026-07-13,2026-07-13,FO,NSE,IDF,61093,,NIFTY,,2026-07-28,2026-07-28,,,NIFTY26JULFUT,24076.50,24293.80,24030.00,24242.80,24249.00,24241.90,24211.00,24242.80,16499145,-135330,46405,72866087105.50,29627,F1,65,,,,,
2026-07-13,2026-07-13,FO,NSE,IDO,65903,,NIFTY,,2026-09-29,2026-09-29,25000.00,PE,NIFTY26SEP25000PE,911.60,955.95,790.05,809.30,805.00,798.45,24211.00,809.30,685505,33360,1267,2129522635.50,958,F1,65,,,,,
2026-07-13,2026-07-13,FO,NSE,IDO,74413,,NIFTY,,2026-09-29,2026-09-29,25600.00,PE,NIFTY26SEP25600PE,0.00,0.00,0.00,1670.65,0.00,1670.65,24211.00,1400.90,0,0,0,0.00,0,F1,65,,,,,
2026-07-13,2026-07-13,FO,NSE,IDO,55289,,NIFTY,,2026-09-29,2026-09-29,28500.00,PE,NIFTY26SEP28500PE,4100.00,4100.00,3876.50,3907.65,3908.45,3910.00,24211.00,3907.65,458185,2275,49,103304100.25,45,F1,65,,,,,
2026-07-13,2026-07-13,FO,NSE,IDO,58633,,NIFTY,,2026-12-29,2026-12-29,14000.00,PE,NIFTY26DEC14000PE,12.30,12.30,12.25,12.25,12.25,14.05,24211.00,0.00,8115,-650,20,18215957.50,4,F1,65,,,,,
2026-07-13,2026-07-13,FO,NSE,IDO,55323,,NIFTY,,2026-12-29,2026-12-29,16500.00,PE,NIFTY26DEC16500PE,0.00,0.00,0.00,25.00,25.00,25.00,24211.00,0.10,2470,0,0,0.00,0,F1,65,,,,,
2026-07-13,2026-07-13,FO,NSE,IDO,58641,,NIFTY,,2026-12-29,2026-12-29,18000.00,PE,NIFTY26DEC18000PE,33.00,36.60,30.50,34.90,36.00,30.80,24211.00,34.90,418085,16575,624,731437759.00,333,F1,65,,,,,
2026-07-13,2026-07-13,FO,NSE,IDO,58645,,NIFTY,,2026-12-29,2026-12-29,20000.00,PE,NIFTY26DEC20000PE,52.10,60.00,50.00,52.65,52.30,49.30,24211.00,52.65,999040,11180,1306,1702212733.00,802,F1,65,,,,,
2026-07-13,2026-07-13,FO,NSE,IDO,80271,,NIFTY,,2027-03-30,2027-03-30,22500.00,PE,NIFTY27MAR22500PE,248.10,276.00,245.25,248.15,251.70,244.40,24211.00,248.15,599625,2925,271,400955275.50,211,F1,65,,,,,
2026-07-13,2026-07-13,FO,NSE,IDO,53625,,NIFTY,,2027-12-28,2027-12-28,24000.00,PE,NIFTY27DEC24000PE,797.35,797.35,702.00,713.20,722.20,741.40,24211.00,713.20,105670,24700,634,1018800692.00,211,F1,65,,,,,
2026-07-13,2026-07-13,FO,NSE,IDO,55599,,NIFTY,,2029-12-24,2029-12-24,16500.00,PE,NIFTY29DEC16500PE,0.00,0.00,0.00,10.15,0.00,10.15,24211.00,58.50,0,0,0,0.00,0,F1,65,,,,,
2026-07-13,2026-07-13,FO,NSE,IDO,61660,,NIFTY,,2029-12-24,2029-12-24,21000.00,PE,NIFTY29DEC21000PE,0.00,0.00,0.00,525.10,525.10,525.10,24211.00,385.40,650,0,0,0.00,0,F1,65,,,,,
2026-07-13,2026-07-13,FO,NSE,IDO,61933,,NIFTY,,2029-12-24,2029-12-24,30000.00,PE,NIFTY29DEC30000PE,0.00,0.00,0.00,1953.50,0.00,1953.50,24211.00,2903.10,0,0,0,0.00,0,F1,65,,,,,
2026-07-13,2026-07-13,FO,NSE,IDO,55697,,NIFTY,,2030-12-31,2030-12-31,16500.00,PE,NIFTY30DEC16500PE,0.00,0.00,0.00,13.65,0.00,13.65,24211.00,72.95,0,0,0,0.00,0,F1,65,,,,,
2026-07-13,2026-07-13,FO,NSE,IDO,55701,,NIFTY,,2030-12-31,2030-12-31,19500.00,PE,NIFTY30DEC19500PE,0.00,0.00,0.00,67.40,0.00,67.40,24211.00,240.70,0,0,0,0.00,0,F1,65,,,,,
2026-07-13,2026-07-13,FO,NSE,IDO,40956,,NIFTY,,2026-08-11,2026-08-11,23150.00,PE,NIFTY2681123150PE,0.00,0.00,0.00,96.35,96.35,96.35,24211.00,88.70,260,0,0,0.00,0,F1,65,,,,,
2026-07-13,2026-07-13,FO,NSE,IDO,40930,,NIFTY,,2026-08-11,2026-08-11,22500.00,PE,NIFTY2681122500PE,0.00,0.00,0.00,24.90,0.00,24.90,24211.00,24.45,0,0,0,0.00,0,F1,65,,,,,
2026-07-13,2026-07-13,FO,NSE,IDO,40908,,NIFTY,,2026-08-11,2026-08-11,22000.00,PE,NIFTY2681122000PE,0.00,0.00,0.00,8.15,0.00,8.15,24211.00,7.30,0,0,0,0.00,0,F1,65,,,,,
2026-07-13,2026-07-13,FO,NSE,IDO,40906,,NIFTY,,2026-08-11,2026-08-11,21950.00,PE,NIFTY2681121950PE,0.00,0.00,0.00,7.25,0.00,7.25,24211.00,6.40,0,0,0,0.00,0,F1,65,,,,,
2026-07-13,2026-07-13,FO,NSE,IDO,40902,,NIFTY,,2026-08-11,2026-08-11,21850.00,PE,NIFTY2681121850PE,0.00,0.00,0.00,5.65,0.00,5.65,24211.00,4.85,0,0,0,0.00,0,F1,65,,,,,
2026-07-13,2026-07-13,FO,NSE,IDO,65868,,NIFTY,,2026-08-04,2026-08-04,24550.00,PE,NIFTY2680424550PE,605.00,605.00,460.00,460.00,460.00,444.75,24211.00,460.00,1885,65,5,8145338.50,5,F1,65,,,,,
2026-07-13,2026-07-13,FO,NSE,IDO,65855,,NIFTY,,2026-08-04,2026-08-04,24400.00,PE,NIFTY2680424400PE,493.15,502.15,354.15,371.70,371.15,361.90,24211.00,371.70,48685,325,310,499852320.50,262,F1,65,,,,,
2026-07-13,2026-07-13,FO,NSE,IDO,65776,,NIFTY,,2026-08-04,2026-08-04,24200.00,PE,NIFTY2680424200PE,366.15,378.85,258.10,273.45,269.50,262.15,24211.00,273.45,247780,62985,2773,4417224688.50,2266,F1,65,,,,,
2026-07-13,2026-07-13,FO,NSE,IDO,65700,,NIFTY,,2026-08-04,2026-08-04,24150.00,PE,NIFTY2680424150PE,264.30,348.20,238.45,254.45,248.50,237.30,24211.00,254.45,8515,2405,631,1001934089.00,408,F1,65,,,,,
2026-07-13,2026-07-13,FO,NSE,IDO,65683,,NIFTY,,2026-08-04,2026-08-04,23750.00,PE,NIFTY2680423750PE,170.35,183.00,127.20,130.60,127.90,116.60,24211.00,130.60,8450,3510,212,329200293.50,104,F1,65,,,,,
2026-07-13,2026-07-13,FO,NSE,IDO,61774,,NIFTY,,2026-08-25,2026-08-25,24550.00,PE,NIFTY26AUG24550PE,628.25,632.00,510.05,513.85,513.85,510.40,24211.00,513.85,1755,-260,6,9797102.25,6,F1,65,,,,,
2026-07-13,2026-07-13,FO,NSE,IDO,61922,,NIFTY,,2026-08-25,2026-08-25,25150.00,PE,NIFTY26AUG25150PE,0.00,0.00,0.00,1157.50,1157.50,1157.50,24211.00,1022.00,195,0,0,0.00,0,F1,65,,,,,
2026-07-13,2026-07-13,FO,NSE,IDO,62000,,NIFTY,,2026-08-25,2026-08-25,25800.00,PE,NIFTY26AUG25800PE,0.00,0.00,0.00,1472.60,1472.60,1472.60,24211.00,1523.60,260,0,0,0.00,0,F1,65,,,,,
2026-07-13,2026-07-13,FO,NSE,IDO,51223,,NIFTY,,2026-07-14,2026-07-14,21600.00,CE,NIFTY2671421600CE,0.00,0.00,0.00,2610.35,2610.35,2610.35,24211.00,2614.60,975,0,0,0.00,0,F1,65,,,,,
2026-07-13,2026-07-13,FO,NSE,IDO,51261,,NIFTY,,2026-07-14,2026-07-14,22250.00,CE,NIFTY2671422250CE,0.00,0.00,0.00,1955.90,1955.90,1955.90,24211.00,1964.70,520,0,0,0.00,0,F1,65,,,,,
2026-07-13,2026-07-13,FO,NSE,IDO,51289,,NIFTY,,2026-07-14,2026-07-14,22600.00,CE,NIFTY2671422600CE,0.00,0.00,0.00,1606.25,1606.25,1606.25,24211.00,1614.75,2405,0,0,0.00,0,F1,65,,,,,
2026-07-13,2026-07-13,FO,NSE,IDO,51347,,NIFTY,,2026-07-14,2026-07-14,23500.00,CE,NIFTY2671423500CE,531.05,764.95,496.30,709.05,727.00,712.10,24211.00,709.05,185900,-71500,10112,15852343445.25,5825,F1,65,,,,,
2026-07-13,2026-07-13,FO,NSE,IDO,51357,,NIFTY,,2026-07-14,2026-07-14,23750.00,CE,NIFTY2671423750CE,297.20,518.25,262.00,461.75,478.60,464.95,24211.00,461.75,85150,34385,20973,32861456689.75,11862,F1,65,,,,,
2026-07-13,2026-07-13,FO,NSE,IDO,51399,,NIFTY,,2026-07-14,2026-07-14,24600.00,CE,NIFTY2671424600CE,3.90,9.95,2.10,3.00,2.80,7.40,24211.00,3.00,8207745,402740,2964763,4741364300894.00,436807,F1,65,,,,,
2026-07-13,2026-07-13,FO,NSE,IDO,51405,,NIFTY,,2026-07-14,2026-07-14,24700.00,CE,NIFTY2671424700CE,1.95,4.75,1.25,1.70,1.40,4.00,24211.00,1.70,7807670,-634335,2879596,4623597204863.00,342817,F1,65,,,,,
2026-07-13,2026-07-13,FO,NSE,IDO,57246,,NIFTY,,2026-07-21,2026-07-21,21750.00,CE,NIFTY2672121750CE,0.00,0.00,0.00,2379.35,0.00,2379.35,24211.00,2489.80,0,0,0,0.00,0,F1,65,,,,,
2026-07-13,2026-07-13,FO,NSE,IDO,57305,,NIFTY,,2026-07-21,2026-07-21,23150.00,CE,NIFTY2672123150CE,889.60,942.60,889.60,942.60,942.60,955.05,24211.00,1099.55,65,0,2,3128593.00,2,F1,65,,,,,
2026-07-13,2026-07-13,FO,NSE,IDO,57307,,NIFTY,,2026-07-21,2026-07-21,23200.00,CE,NIFTY2672123200CE,859.00,1052.40,840.00,1034.95,1035.00,1021.70,24211.00,1034.95,3445,1755,105,165150612.25,94,F1,65,,,,,
2026-07-13,2026-07-13,FO,NSE,IDO,57309,,NIFTY,,2026-07-21,2026-07-21,23250.00,CE,NIFTY2672123250CE,974.00,1001.00,974.00,977.80,977.80,975.00,24211.00,977.80,715,260,6,9452270.75,6,F1,65,,,,,
2026-07-13,2026-07-13,FO,NSE,IDO,57346,,NIFTY,,2026-07-21,2026-07-21,24150.00,CE,NIFTY2672124150CE,140.00,270.40,112.00,230.00,237.95,225.10,24211.00,230.00,329420,118560,59725,94511251165.50,41509,F1,65,,,,,
2026-07-13,2026-07-13,FO,NSE,IDO,57390,,NIFTY,,2026-07-21,2026-07-21,24900.00,CE,NIFTY2672124900CE,10.50,18.70,5.85,11.65,11.15,12.80,24211.00,11.65,1327235,619710,83736,135585037061.50,37355,F1,65,,,,,
2026-07-13,2026-07-13,FO,NSE,IDO,57396,,NIFTY,,2026-07-21,2026-07-21,25050.00,CE,NIFTY2672125050CE,7.85,10.05,4.20,6.50,5.95,7.50,24211.00,6.50,223145,135070,17955,29242659949.75,10653,F1,65,,,,,
2026-07-13,2026-07-13,FO,NSE,IDO,57417,,NIFTY,,2026-07-21,2026-07-21,25450.00,CE,NIFTY2672125450CE,2.45,2.65,1.70,2.15,1.90,2.40,24211.00,2.15,63700,50570,3758,6217185266.50,2438,F1,65,,,,,
2026-07-13,2026-07-13,FO,NSE,IDO,57434,,NIFTY,,2026-07-21,2026-07-21,25600.00,CE,NIFTY2672125600CE,1.60,1.60,1.15,1.30,1.30,1.60,24211.00,1.30,864630,509470,41999,69889780291.50,17191,F1,65,,,,,
2026-07-13,2026-07-13,FO,NSE,IDO,63811,,NIFTY,,2026-07-28,2026-07-28,21100.00,CE,NIFTY26JUL21100CE,2925.80,3140.75,2925.80,3140.75,3140.75,3090.25,24211.00,3163.35,44915,0,11,17262277.50,7,F1,65,,,,,
2026-07-13,2026-07-13,FO,NSE,IDO,63859,,NIFTY,,2026-07-28,2026-07-28,22100.00,CE,NIFTY26JUL22100CE,0.00,0.00,0.00,1855.35,1855.35,1855.35,24211.00,2166.60,130,0,0,0.00,0,F1,65,,,,,
2026-07-13,2026-07-13,FO,NSE,IDO,63879,,NIFTY,,2026-07-28,2026-07-28,22600.00,CE,NIFTY26JUL22600CE,1447.55,1662.60,1447.55,1662.60,1662.60,1305.30,24211.00,1672.80,2600,0,14,21911227.00,6,F1,65,,,,,
2026-07-13,2026-07-13,FO,NSE,IDO,63905,,NIFTY,,2026-07-28,2026-07-28,23250.00,CE,NIFTY26JUL23250CE,860.40,1017.60,829.00,1011.20,1004.75,935.30,24211.00,1011.20,3120,0,8,12553086.00,8,F1,65,,,,,
2026-07-13,2026-07-13,FO,NSE,IDO,64004,,NIFTY,,2026-07-28,2026-07-28,25550.00,CE,NIFTY26JUL25550CE,5.60,6.70,4.45,5.55,5.35,5.85,24211.00,5.55,48880,5850,1123,1865432520.25,560,F1,65,,,,,
2026-07-13,2026-07-13,FO,NSE,IDO,64010,,NIFTY,,2026-07-28,2026-07-28,25700.00,CE,NIFTY26JUL25700CE,2.70,5.25,2.70,4.10,3.80,4.40,24211.00,4.10,228020,-3835,3393,5668913038.75,1989,F1,65,,,,,
2026-07-13,2026-07-13,FO,NSE,IDO,64045,,NIFTY,,2026-07-28,2026-07-28,26300.00,CE,NIFTY26JUL26300CE,1.80,1.85,1.25,1.45,1.40,1.75,24211.00,1.45,669305,2405,5647,9654085824.50,2600,F1,65,,,,,
2026-07-13,2026-07-13,FO,NSE,IDO,65218,,NIFTY,,2026-08-04,2026-08-04,21850.00,CE,NIFTY2680421850CE,0.00,0.00,0.00,2159.60,0.00,2159.60,24211.00,2442.10,0,0,0,0.00,0,F1,65,,,,,
2026-07-13,2026-07-13,FO,NSE,IDO,65431,,NIFTY,,2026-08-04,2026-08-04,22450.00,CE,NIFTY2680422450CE,0.00,0.00,0.00,1618.40,0.00,1618.40,24211.00,1853.55,0,0,0,0.00,0,F1,65,,,,,
2026-07-13,2026-07-13,FO,NSE,IDO,65912,,NIFTY,,2026-08-04,2026-08-04,24900.00,CE,NIFTY2680424900CE,0.00,0.00,0.00,225.70,0.00,225.70,24211.00,177.10,0,0,0,0.00,0,F1,65,,,,,
2026-07-13,2026-07-13,FO,NSE,IDO,65928,,NIFTY,,2026-08-04,2026-08-04,25250.00,CE,NIFTY2680425250CE,0.00,0.00,0.00,149.70,0.00,149.70,24211.00,100.30,0,0,0,0.00,0,F1,65,,,,,
2026-07-13,2026-07-13,FO,NSE,IDO,66000,,NIFTY,,2026-08-04,2026-08-04,25700.00,CE,NIFTY2680425700CE,0.00,0.00,0.00,84.35,0.00,84.35,24211.00,43.50,0,0,0,0.00,0,F1,65,,,,,
2026-07-13,2026-07-13,FO,NSE,IDO,66008,,NIFTY,,2026-08-04,2026-08-04,25800.00,CE,NIFTY2680425800CE,10.00,10.00,7.00,7.55,7.85,73.70,24211.00,7.55,1235,1235,48,80519565.75,23,F1,65,,,,,
2026-07-13,2026-07-13,FO,NSE,IDO,66052,,NIFTY,,2026-08-04,2026-08-04,25900.00,CE,NIFTY2680425900CE,6.40,7.65,5.20,7.20,7.35,6.10,24211.00,7.20,8320,2080,192,323316145.75,116,F1,65,,,,,
2026-07-13,2026-07-13,FO,NSE,IDO,66056,,NIFTY,,2026-08-04,2026-08-04,26000.00,CE,NIFTY2680426000CE,5.20,6.95,4.65,6.35,6.30,6.35,24211.00,6.35,46735,6565,1549,2618407161.50,854,F1,65,,,,,
2026-07-13,2026-07-13,FO,NSE,IDO,40929,,NIFTY,,2026-08-11,2026-08-11,22500.00,CE,NIFTY2681122500CE,0.00,0.00,0.00,2053.75,0.00,2053.75,24211.00,1843.15,0,0,0,0.00,0,F1,65,,,,,
2026-07-13,2026-07-13,FO,NSE,IDO,40939,,NIFTY,,2026-08-11,2026-08-11,22750.00,CE,NIFTY2681122750CE,0.00,0.00,0.00,1821.15,0.00,1821.15,24211.00,1611.55,0,0,0,0.00,0,F1,65,,,,,
2026-07-13,2026-07-13,FO,NSE,IDO,40953,,NIFTY,,2026-08-11,2026-08-11,23100.00,CE,NIFTY2681123100CE,0.00,0.00,0.00,1508.75,0.00,1508.75,24211.00,1302.75,0,0,0,0.00,0,F1,65,,,,,
2026-07-13,2026-07-13,FO,NSE,IDO,40997,,NIFTY,,2026-08-11,2026-08-11,24150.00,CE,NIFTY2681124150CE,357.10,428.00,342.25,414.00,413.95,388.80,24211.00,414.00,910,-195,58,92542027.50,48,F1,65,,,,,
2026-07-13,2026-07-13,FO,NSE,IDO,40999,,NIFTY,,2026-08-11,2026-08-11,24200.00,CE,NIFTY2681124200CE,274.85,410.00,274.85,393.70,392.65,368.70,24211.00,393.70,63700,59865,1435,2292206530.25,899,F1,65,,,,,
2026-07-13,2026-07-13,FO,NSE,IDO,41047,,NIFTY,,2026-08-11,2026-08-11,25250.00,CE,NIFTY2681125250CE,0.00,0.00,0.00,239.05,0.00,239.05,24211.00,148.60,0,0,0,0.00,0,F1,65,,,,,
2026-07-13,2026-07-13,FO,NSE,IDO,41063,,NIFTY,,2026-08-11,2026-08-11,25650.00,CE,NIFTY2681125650CE,0.00,0.00,0.00,145.35,0.00,145.35,24211.00,81.50,0,0,0,0.00,0,F1,65,,,,,
2026-07-13,2026-07-13,FO,NSE,IDO,41069,,NIFTY,,2026-08-11,2026-08-11,25750.00,CE,NIFTY2681125750CE,0.00,0.00,0.00,127.25,0.00,127.25,24211.00,69.40,0,0,0,0.00,0,F1,65,,,,,
2026-07-13,2026-07-13,FO,NSE,IDO,61156,,NIFTY,,2026-08-25,2026-08-25,21300.00,CE,NIFTY26AUG21300CE,0.00,0.00,0.00,2750.00,2750.00,2750.00,24211.00,3078.30,130,0,0,0.00,0,F1,65,,,,,
2026-07-13,2026-07-13,FO,NSE,IDO,61336,,NIFTY,,2026-08-25,2026-08-25,21650.00,CE,NIFTY26AUG21650CE,0.00,0.00,0.00,2669.30,0.00,2669.30,24211.00,2736.50,0,0,0,0.00,0,F1,65,,,,,
2026-07-13,2026-07-13,FO,NSE,IDO,61338,,NIFTY,,2026-08-25,2026-08-25,21700.00,CE,NIFTY26AUG21700CE,0.00,0.00,0.00,2625.10,0.00,2625.10,24211.00,2688.00,0,0,0,0.00,0,F1,65,,,,,
2026-07-13,2026-07-13,FO,NSE,IDO,61397,,NIFTY,,2026-08-25,2026-08-25,22500.00,CE,NIFTY26AUG22500CE,1670.00,1871.95,1667.00,1855.95,1855.95,1846.45,24211.00,1855.95,25155,6110,123,194088050.00,81,F1,65,,,,,
2026-07-13,2026-07-13,FO,NSE,IDO,61727,,NIFTY,,2026-08-25,2026-08-25,24450.00,CE,NIFTY26AUG24450CE,270.00,381.00,264.00,359.30,362.85,333.10,24211.00,359.30,11245,-130,217,349350953.25,151,F1,65,,,,,
2026-07-13,2026-07-13,FO,NSE,IDO,62002,,NIFTY,,2026-08-25,2026-08-25,25850.00,CE,NIFTY26AUG25850CE,0.00,0.00,0.00,292.05,0.00,292.05,24211.00,123.85,0,0,0,0.00,0,F1,65,,,,,
2026-07-13,2026-07-13,FO,NSE,IDO,62022,,NIFTY,,2026-08-25,2026-08-25,25900.00,CE,NIFTY26AUG25900CE,0.00,0.00,0.00,281.35,0.00,281.35,24211.00,116.40,0,0,0,0.00,0,F1,65,,,,,
2026-07-13,2026-07-13,FO,NSE,IDO,62058,,NIFTY,,2026-08-25,2026-08-25,26250.00,CE,NIFTY26AUG26250CE,0.00,0.00,0.00,215.05,0.00,215.05,24211.00,74.00,0,0,0,0.00,0,F1,65,,,,,
2026-07-13,2026-07-13,FO,NSE,IDO,55703,,NIFTY,,2030-12-31,2030-12-31,21000.00,PE,NIFTY30DEC21000PE,0.00,0.00,0.00,555.00,555.00,555.00,24211.00,387.35,715,0,0,0.00,0,F1,65,,,,,
2026-07-13,2026-07-13,FO,NSE,IDO,55647,,NIFTY,,2030-06-25,2030-06-25,25500.00,PE,NIFTY30JUN25500PE,0.00,0.00,0.00,568.55,0.00,568.55,24211.00,1224.45,0,0,0,0.00,0,F1,65,,,,,
2026-07-13,2026-07-13,FO,NSE,IDO,60899,,NIFTY,,2030-06-25,2030-06-25,21000.00,PE,NIFTY30JUN21000PE,0.00,0.00,0.00,220.00,220.00,220.00,24211.00,388.90,65,0,0,0.00,0,F1,65,,,,,
2026-07-13,2026-07-13,FO,NSE,IDO,55609,,NIFTY,,2029-12-24,2029-12-24,31500.00,PE,NIFTY29DEC31500PE,0.00,0.00,0.00,2240.25,0.00,2240.25,24211.00,3598.50,0,0,0,0.00,0,F1,65,,,,,
2026-07-13,2026-07-13,FO,NSE,IDO,55605,,NIFTY,,2029-12-24,2029-12-24,25500.00,PE,NIFTY29DEC25500PE,0.00,0.00,0.00,597.30,0.00,597.30,24211.00,1283.40,0,0,0,0.00,0,F1,65,,,,,
2026-07-13,2026-07-13,FO,NSE,IDO,89631,,NIFTY,,2029-06-26,2029-06-26,24000.00,PE,NIFTY29JUN24000PE,0.00,0.00,0.00,825.00,825.00,825.00,24211.00,930.95,155,0,0,0.00,0,F1,65,,,,,
2026-07-13,2026-07-13,FO,NSE,IDO,55525,,NIFTY,,2028-12-26,2028-12-26,28500.00,PE,NIFTY28DEC28500PE,0.00,0.00,0.00,1451.15,0.00,1451.15,24211.00,2611.35,0,0,0,0.00,0,F1,65,,,,,
2026-07-13,2026-07-13,FO,NSE,IDO,67789,,NIFTY,,2028-12-26,2028-12-26,27000.00,PE,NIFTY28DEC27000PE,1705.00,1705.00,1645.00,1645.00,1645.00,1650.00,24211.00,1645.00,11410,0,3,5590000.00,3,F1,65,,,,,
2026-07-13,2026-07-13,FO,NSE,IDO,80267,,NIFTY,,2027-03-30,2027-03-30,19500.00,PE,NIFTY27MAR19500PE,71.10,79.95,69.00,71.00,71.00,69.50,24211.00,71.00,24700,780,44,55971077.50,21,F1,65,,,,,
2026-07-13,2026-07-13,FO,NSE,IDO,71506,,NIFTY,,2026-12-29,2026-12-29,26000.00,PE,NIFTY26DEC26000PE,1506.95,1535.00,1371.20,1383.60,1375.30,1382.50,24211.00,1383.60,1154580,340,337,601298837.75,252,F1,65,,,,,
2026-07-13,2026-07-13,FO,NSE,IDO,58631,,NIFTY,,2026-12-29,2026-12-29,13000.00,PE,NIFTY26DEC13000PE,0.00,0.00,0.00,10.00,10.00,10.00,24211.00,0.00,11360,0,0,0.00,0,F1,65,,,,,
2026-07-13,2026-07-13,FO,NSE,IDO,74419,,NIFTY,,2026-09-29,2026-09-29,25750.00,PE,NIFTY26SEP25750PE,0.00,0.00,0.00,1782.80,0.00,1782.80,24211.00,1508.70,0,0,0,0.00,0,F1,65,,,,,
2026-07-13,2026-07-13,FO,NSE,IDO,55282,,NIFTY,,2026-09-29,2026-09-29,19500.00,CE,NIFTY26SEP19500CE,4776.25,4910.90,4776.25,4873.15,4863.15,4881.70,24211.00,4873.15,160355,260,12,19000348.25,10,F1,65,,,,,
2026-07-13,2026-07-13,FO,NSE,IDO,73849,,NIFTY,,2026-09-29,2026-09-29,21750.00,CE,NIFTY26SEP21750CE,0.00,0.00,0.00,2542.45,0.00,2542.45,24211.00,2809.70,0,0,0,0.00,0,F1,65,,,,,
2026-07-13,2026-07-13,FO,NSE,IDO,73852,,NIFTY,,2026-09-29,2026-09-29,21800.00,CE,NIFTY26SEP21800CE,0.00,0.00,0.00,2498.75,0.00,2498.75,24211.00,2763.80,0,0,0,0.00,0,F1,65,,,,,
2026-07-13,2026-07-13,FO,NSE,IDO,73869,,NIFTY,,2026-09-29,2026-09-29,22100.00,CE,NIFTY26SEP22100CE,0.00,0.00,0.00,2242.10,0.00,2242.10,24211.00,2492.75,0,0,0,0.00,0,F1,65,,,,,
2026-07-13,2026-07-13,FO,NSE,IDO,74114,,NIFTY,,2026-09-29,2026-09-29,24400.00,CE,NIFTY26SEP24400CE,493.55,615.95,490.00,593.85,596.05,576.95,24211.00,593.85,16250,910,151,244967573.50,112,F1,65,,,,,
2026-07-13,2026-07-13,FO,NSE,IDO,74353,,NIFTY,,2026-09-29,2026-09-29,24700.00,CE,NIFTY26SEP24700CE,360.05,463.00,355.00,440.55,451.30,424.35,24211.00,440.55,19175,1430,158,257897685.50,87,F1,65,,,,,
2026-07-13,2026-07-13,FO,NSE,IDO,74357,,NIFTY,,2026-09-29,2026-09-29,24800.00,CE,NIFTY26SEP24800CE,308.05,415.00,305.80,392.90,392.25,378.50,24211.00,392.90,22230,520,302,493789023.00,222,F1,65,,,,,
2026-07-13,2026-07-13,FO,NSE,IDO,74361,,NIFTY,,2026-09-29,2026-09-29,24900.00,CE,NIFTY26SEP24900CE,283.05,374.10,279.00,349.95,354.00,339.30,24211.00,349.95,15600,-455,223,365615929.25,158,F1,65,,,,,
2026-07-13,2026-07-13,FO,NSE,IDO,58646,,NIFTY,,2026-12-29,2026-12-29,21000.00,CE,NIFTY26DEC21000CE,3665.00,3828.95,3665.00,3816.05,3828.95,3782.40,24211.00,3816.05,176450,0,13,20921192.50,12,F1,65,,,,,
2026-07-13,2026-07-13,FO,NSE,IDO,80192,,NIFTY,,2027-03-30,2027-03-30,18000.00,CE,NIFTY27MAR18000CE,0.00,0.00,0.00,5643.55,0.00,5643.55,24211.00,7035.00,0,0,0,0.00,0,F1,65,,,,,
2026-07-13,2026-07-13,FO,NSE,IDO,71553,,NIFTY,,2027-06-29,2027-06-29,21000.00,CE,NIFTY27JUN21000CE,0.00,0.00,0.00,3061.80,0.00,3061.80,24211.00,4678.95,0,0,0,0.00,0,F1,65,,,,,
2026-07-13,2026-07-13,FO,NSE,IDO,71560,,NIFTY,,2027-06-29,2027-06-29,24000.00,CE,NIFTY27JUN24000CE,2166.30,2166.30,2166.30,2166.30,2166.30,2111.75,24211.00,2528.10,735,0,1,1700809.50,1,F1,65,,,,,
2026-07-13,2026-07-13,FO,NSE,IDO,50981,,NIFTY,,2027-06-29,2027-06-29,27000.00,CE,NIFTY27JUN27000CE,0.00,0.00,0.00,1932.50,0.00,1932.50,24211.00,1136.40,0,0,0,0.00,0,F1,65,,,,,
2026-07-13,2026-07-13,FO,NSE,IDO,55424,,NIFTY,,2027-12-28,2027-12-28,22500.00,CE,NIFTY27DEC22500CE,0.00,0.00,0.00,6183.00,0.00,6183.00,24211.00,4283.25,0,0,0,0.00,0,F1,65,,,,,
2026-07-13,2026-07-13,FO,NSE,IDO,55426,,NIFTY,,2027-12-28,2027-12-28,25500.00,CE,NIFTY27DEC25500CE,0.00,0.00,0.00,2750.00,2750.00,2750.00,24211.00,2495.45,130,0,0,0.00,0,F1,65,,,,,
2026-07-13,2026-07-13,FO,NSE,IDO,55428,,NIFTY,,2027-12-28,2027-12-28,28500.00,CE,NIFTY27DEC28500CE,700.00,720.05,700.00,720.05,720.05,780.00,24211.00,1311.45,5915,260,8,15190178.25,8,F1,65,,,,,
2026-07-13,2026-07-13,FO,NSE,IDO,55476,,NIFTY,,2028-06-27,2028-06-27,25500.00,CE,NIFTY28JUN25500CE,0.00,0.00,0.00,4676.60,0.00,4676.60,24211.00,3203.95,0,0,0,0.00,0,F1,65,,,,,
2026-07-13,2026-07-13,FO,NSE,IDO,55480,,NIFTY,,2028-06-27,2028-06-27,31500.00,CE,NIFTY28JUN31500CE,0.00,0.00,0.00,1784.80,0.00,1784.80,24211.00,1090.85,0,0,0,0.00,0,F1,65,,,,,
2026-07-13,2026-07-13,FO,NSE,IDO,67776,,NIFTY,,2028-12-26,2028-12-26,21000.00,CE,NIFTY28DEC21000CE,0.00,0.00,0.00,7512.50,0.00,7512.50,24211.00,6671.70,0,0,0,0.00,0,F1,65,,,,,
2026-07-13,2026-07-13,FO,NSE,IDO,55602,,NIFTY,,2029-12-24,2029-12-24,22500.00,CE,NIFTY29DEC22500CE,0.00,0.00,0.00,8486.15,0.00,8486.15,24211.00,6848.70,0,0,0,0.00,0,F1,65,,,,,
2026-07-13,2026-07-13,FO,NSE,IDO,55640,,NIFTY,,2030-06-25,2030-06-25,16500.00,CE,NIFTY30JUN16500CE,0.00,0.00,0.00,13374.05,0.00,13374.05,24211.00,11521.55,0,0,0,0.00,0,F1,65,,,,,
2026-07-13,2026-07-13,FO,NSE,IDO,55642,,NIFTY,,2030-06-25,2030-06-25,19500.00,CE,NIFTY30JUN19500CE,0.00,0.00,0.00,11140.25,0.00,11140.25,24211.00,9371.55,0,0,0,0.00,0,F1,65,,,,,
2026-07-13,2026-07-13,FO,NSE,IDO,74350,,NIFTY,,2026-09-29,2026-09-29,24600.00,PE,NIFTY26SEP24600PE,701.35,704.00,586.05,599.60,596.05,577.05,24211.00,599.60,16185,130,133,217991910.50,86,F1,65,,,,,
2026-07-13,2026-07-13,FO,NSE,IDO,74115,,NIFTY,,2026-09-29,2026-09-29,24400.00,PE,NIFTY26SEP24400PE,576.90,604.00,498.75,507.40,510.00,495.00,24211.00,507.40,34320,1430,181,293251409.75,118,F1,65,,,,,
2026-07-13,2026-07-13,FO,NSE,IDO,74098,,NIFTY,,2026-09-29,2026-09-29,24250.00,PE,NIFTY26SEP24250PE,522.85,534.00,440.00,442.90,442.90,426.70,24211.00,442.90,3055,-130,35,56268130.75,18,F1,65,,,,,
2026-07-13,2026-07-13,FO,NSE,IDO,74065,,NIFTY,,2026-09-29,2026-09-29,24100.00,PE,NIFTY26SEP24100PE,460.00,471.00,385.00,389.60,394.00,377.10,24211.00,389.60,14430,260,193,307610309.50,139,F1,65,,,,,
2026-07-13,2026-07-13,FO,NSE,IDO,74059,,NIFTY,,2026-09-29,2026-09-29,23950.00,PE,NIFTY26SEP23950PE,333.65,344.70,333.65,344.70,344.70,327.55,24211.00,344.70,1300,0,3,4736423.25,3,F1,65,,,,,
2026-07-13,2026-07-13,FO,NSE,IDO,74011,,NIFTY,,2026-09-29,2026-09-29,23750.00,PE,NIFTY26SEP23750PE,313.85,313.85,280.55,286.30,286.30,269.25,24211.00,286.30,5200,-65,6,9378742.75,6,F1,65,,,,,
2026-07-13,2026-07-13,FO,NSE,IDO,74009,,NIFTY,,2026-09-29,2026-09-29,23700.00,PE,NIFTY26SEP23700PE,320.00,325.05,265.00,270.60,267.50,259.00,24211.00,270.60,28665,3315,180,280820761.00,125,F1,65,,,,,
2026-07-13,2026-07-13,FO,NSE,IDO,73909,,NIFTY,,2026-09-29,2026-09-29,23150.00,PE,NIFTY26SEP23150PE,189.70,190.35,158.50,158.50,158.50,153.45,24211.00,244.45,4875,520,48,72755286.50,33,F1,65,,,,,
2026-07-13,2026-07-13,FO,NSE,IDO,73876,,NIFTY,,2026-09-29,2026-09-29,22250.00,PE,NIFTY26SEP22250PE,81.80,81.80,65.65,66.65,66.40,62.90,24211.00,66.65,6500,-130,17,24665621.50,16,F1,65,,,,,
2026-07-13,2026-07-13,FO,NSE,IDO,73874,,NIFTY,,2026-09-29,2026-09-29,22200.00,PE,NIFTY26SEP22200PE,75.45,75.80,62.00,63.85,63.35,59.95,24211.00,63.85,18200,455,34,49214428.25,25,F1,65,,,,,
2026-07-13,2026-07-13,FO,NSE,IDO,73848,,NIFTY,,2026-09-29,2026-09-29,21700.00,PE,NIFTY26SEP21700PE,48.15,48.90,42.40,42.40,42.40,40.45,24211.00,45.00,1495,715,35,49471490.25,26,F1,65,,,,,
2026-07-13,2026-07-13,FO,NSE,IDO,74655,,NIFTY,,2031-06-24,2031-06-24,28500.00,CE,NIFTY31JUN28500CE,0.00,0.00,0.00,5048.95,0.00,5048.95,24211.00,5439.10,0,0,0,0.00,0,F1,65,,,,,
2026-07-13,2026-07-13,FO,NSE,IDO,51204,,NIFTY,,2026-07-14,2026-07-14,21400.00,PE,NIFTY2671421400PE,0.70,0.75,0.40,0.50,0.60,0.85,24211.00,0.50,2724735,-195390,49956,69490812196.00,11914,F1,65,,,,,
2026-07-13,2026-07-13,FO,NSE,IDO,51212,,NIFTY,,2026-07-14,2026-07-14,21450.00,PE,NIFTY2671421450PE,0.85,0.85,0.35,0.50,0.60,0.85,24211.00,0.50,133380,21450,12800,17846916152.00,2809,F1,65,,,,,
2026-07-13,2026-07-13,FO,NSE,IDO,51234,,NIFTY,,2026-07-14,2026-07-14,21800.00,PE,NIFTY2671421800PE,1.05,1.05,0.45,0.65,0.70,1.10,24211.00,0.65,417430,-464165,49384,69979621660.00,8348,F1,65,,,,,
2026-07-13,2026-07-13,FO,NSE,IDO,51292,,NIFTY,,2026-07-14,2026-07-14,22650.00,PE,NIFTY2671422650PE,1.85,1.85,1.00,1.25,1.25,2.00,24211.00,1.25,565045,94965,80228,118122867414.50,14465,F1,65,,,,,
2026-07-13,2026-07-13,FO,NSE,IDO,51304,,NIFTY,,2026-07-14,2026-07-14,22850.00,PE,NIFTY2671422850PE,1.95,2.25,1.30,1.60,1.60,2.55,24211.00,1.60,720915,125970,113250,168216873392.75,19697,F1,65,,,,,
2026-07-13,2026-07-13,FO,NSE,IDO,51432,,NIFTY,,2026-07-14,2026-07-14,25100.00,PE,NIFTY2671425100PE,1175.35,1175.35,858.65,895.30,898.60,889.75,24211.00,895.30,16250,-2730,228,385698335.75,160,F1,65,,,,,
2026-07-13,2026-07-13,FO,NSE,IDO,51478,,NIFTY,,2026-07-14,2026-07-14,25550.00,PE,NIFTY2671425550PE,0.00,0.00,0.00,1339.05,1339.05,1339.05,24211.00,1334.80,2340,0,0,0.00,0,F1,65,,,,,
2026-07-13,2026-07-13,FO,NSE,IDO,51504,,NIFTY,,2026-07-14,2026-07-14,26100.00,PE,NIFTY2671426100PE,0.00,0.00,0.00,1889.10,1889.10,1889.10,24211.00,1884.70,1040,0,0,0.00,0,F1,65,,,,,
2026-07-13,2026-07-13,FO,NSE,IDO,57249,,NIFTY,,2026-07-21,2026-07-21,21800.00,PE,NIFTY2672121800PE,4.00,4.10,3.00,3.40,3.50,3.70,24211.00,3.40,553085,55510,14757,20913828026.00,5973,F1,65,,,,,
2026-07-13,2026-07-13,FO,NSE,IDO,57282,,NIFTY,,2026-07-21,2026-07-21,22550.00,PE,NIFTY2672122550PE,6.85,7.80,5.10,6.20,6.00,5.80,24211.00,6.20,42055,4615,3747,5493632878.50,2131,F1,65,,,,,
2026-07-13,2026-07-13,FO,NSE,IDO,57298,,NIFTY,,2026-07-21,2026-07-21,22950.00,PE,NIFTY2672122950PE,11.70,13.90,8.10,10.00,10.50,9.45,24211.00,10.00,116675,37635,9701,14477978768.50,5105,F1,65,,,,,
2026-07-13,2026-07-13,FO,NSE,IDO,57304,,NIFTY,,2026-07-21,2026-07-21,23100.00,PE,NIFTY2672123100PE,17.00,18.85,10.35,12.45,12.70,11.25,24211.00,12.45,773370,372255,41419,62225075467.75,22999,F1,65,,,,,
2026-07-13,2026-07-13,FO,NSE,IDO,57308,,NIFTY,,2026-07-21,2026-07-21,23200.00,PE,NIFTY2672123200PE,19.95,23.10,12.35,14.65,15.90,13.20,24211.00,14.65,1493570,1071525,69059,104210303798.25,37318,F1,65,,,,,
2026-07-13,2026-07-13,FO,NSE,IDO,57318,,NIFTY,,2026-07-21,2026-07-21,23450.00,PE,NIFTY2672123450PE,37.80,42.80,21.90,25.70,26.55,22.40,24211.00,25.70,180635,51090,18353,28009006411.75,11874,F1,65,,,,,
2026-07-13,2026-07-13,FO,NSE,IDO,57341,,NIFTY,,2026-07-21,2026-07-21,24000.00,PE,NIFTY2672124000PE,140.25,185.00,99.10,107.10,106.75,100.30,24211.00,107.10,2749695,1066130,211539,331852046279.00,130937,F1,65,,,,,
2026-07-13,2026-07-13,FO,NSE,IDO,57367,,NIFTY,,2026-07-21,2026-07-21,24600.00,PE,NIFTY2672124600PE,593.00,608.70,394.00,423.05,419.65,421.90,24211.00,423.05,141700,75530,4142,6750122258.75,3047,F1,65,,,,,
2026-07-13,2026-07-13,FO,NSE,IDO,63852,,NIFTY,,2026-07-28,2026-07-28,21900.00,PE,NIFTY26JUL21900PE,10.35,10.35,5.40,7.40,7.40,7.35,24211.00,7.40,61165,1625,285,405846385.75,176,F1,65,,,,,
2026-07-13,2026-07-13,FO,NSE,IDO,63870,,NIFTY,,2026-07-28,2026-07-28,22350.00,PE,NIFTY26JUL22350PE,12.20,13.15,10.55,11.75,12.15,10.00,24211.00,11.75,23010,7410,304,441863555.25,193,F1,65,,,,,
2026-07-13,2026-07-13,FO,NSE,IDO,63888,,NIFTY,,2026-07-28,2026-07-28,22800.00,PE,NIFTY26JUL22800PE,22.10,24.65,16.30,18.45,18.90,15.75,24211.00,18.45,592670,22620,11349,16833561524.00,6207,F1,65,,,,,
2026-07-13,2026-07-13,FO,NSE,IDO,63924,,NIFTY,,2026-07-28,2026-07-28,23650.00,PE,NIFTY26JUL23650PE,96.00,115.65,71.55,76.25,74.90,67.40,24211.00,76.25,137995,10335,2538,3916154996.00,1839,F1,65,,,,,
2026-07-13,2026-07-13,FO,NSE,IDO,63934,,NIFTY,,2026-07-28,2026-07-28,23850.00,PE,NIFTY26JUL23850PE,165.45,175.25,106.80,113.50,109.90,104.10,24211.00,113.50,133510,-18200,4771,7438862606.50,3281,F1,65,,,,,
2026-07-13,2026-07-13,FO,NSE,IDO,63938,,NIFTY,,2026-07-28,2026-07-28,23950.00,PE,NIFTY26JUL23950PE,179.50,212.45,131.60,139.50,135.55,129.40,24211.00,139.50,157950,715,3648,5718383875.75,2718,F1,65,,,,,
2026-07-13,2026-07-13,FO,NSE,IDO,64003,,NIFTY,,2026-07-28,2026-07-28,25500.00,PE,NIFTY26JUL25500PE,1442.95,1465.60,1217.15,1258.90,1245.30,1262.60,24211.00,1258.90,1427075,-15015,1066,1860458554.50,978,F1,65,,,,,
2026-07-13,2026-07-13,FO,NSE,IDO,65416,,NIFTY,,2026-08-04,2026-08-04,22150.00,PE,NIFTY2680422150PE,17.55,17.55,13.65,15.50,15.30,13.80,24211.00,15.50,11180,6890,194,279506256.25,101,F1,65,,,,,
2026-07-13,2026-07-13,FO,NSE,IDO,65434,,NIFTY,,2026-08-04,2026-08-04,22500.00,PE,NIFTY2680422500PE,20.00,23.30,17.65,19.05,19.55,17.35,24211.00,19.05,40690,3770,440,644052513.00,283,F1,65,,,,,
2026-07-13,2026-07-13,FO,NSE,IDO,65892,,NIFTY,,2026-08-04,2026-08-04,24750.00,PE,NIFTY2680424750PE,585.15,675.30,585.15,617.05,617.05,585.15,24211.00,670.60,130,65,5,8251587.50,5,F1,65,,,,,
2026-07-13,2026-07-13,FO,NSE,IDO,65933,,NIFTY,,2026-08-04,2026-08-04,25300.00,PE,NIFTY2680425300PE,0.00,0.00,0.00,1437.15,0.00,1437.15,24211.00,1089.00,0,0,0,0.00,0,F1,65,,,,,
2026-07-13,2026-07-13,FO,NSE,IDO,40936,,NIFTY,,2026-08-11,2026-08-11,22650.00,PE,NIFTY2681122650PE,0.00,0.00,0.00,33.70,0.00,33.70,24211.00,33.85,0,0,0,0.00,0,F1,65,,,,,
2026-07-13,2026-07-13,FO,NSE,IDO,40964,,NIFTY,,2026-08-11,2026-08-11,23350.00,PE,NIFTY2681123350PE,107.90,107.90,86.05,86.05,86.05,114.45,24211.00,86.05,975,975,31,47231431.00,11,F1,65,,,,,
2026-07-13,2026-07-13,FO,NSE,IDO,41028,,NIFTY,,2026-08-11,2026-08-11,24800.00,PE,NIFTY2681124800PE,0.00,0.00,0.00,651.50,0.00,651.50,24211.00,740.05,0,0,0,0.00,0,F1,65,,,,,
2026-07-13,2026-07-13,FO,NSE,IDO,41040,,NIFTY,,2026-08-11,2026-08-11,25050.00,PE,NIFTY2681125050PE,0.00,0.00,0.00,807.20,0.00,807.20,24211.00,914.60,0,0,0,0.00,0,F1,65,,,,,
2026-07-13,2026-07-13,FO,NSE,IDO,61351,,NIFTY,,2026-08-25,2026-08-25,21950.00,PE,NIFTY26AUG21950PE,0.00,0.00,0.00,24.50,24.50,24.50,24211.00,18.80,1170,0,0,0.00,0,F1,65,,,,,
2026-07-13,2026-07-13,FO,NSE,IDO,61429,,NIFTY,,2026-08-25,2026-08-25,23000.00,PE,NIFTY26AUG23000PE,94.95,100.80,74.95,78.60,77.35,70.70,24211.00,78.60,1168440,91455,10310,15470766174.50,6389,F1,65,,,,,
2026-07-13,2026-07-13,FO,NSE,IDO,61529,,NIFTY,,2026-08-25,2026-08-25,23650.00,PE,NIFTY26AUG23650PE,222.55,230.00,174.90,180.35,180.10,168.40,24211.00,180.35,11180,1105,114,176695291.50,71,F1,65,,,,,
2026-07-13,2026-07-13,FO,NSE,IDO,61646,,NIFTY,,2026-08-25,2026-08-25,24150.00,PE,NIFTY26AUG24150PE,401.30,420.05,320.85,331.25,329.60,314.00,24211.00,331.25,15145,3120,436,694513729.00,309,F1,65,,,,,
2026-07-13,2026-07-13,FO,NSE,IDO,89643,,NIFTY,,2029-06-26,2029-06-26,30000.00,PE,NIFTY29JUN30000PE,0.00,0.00,0.00,2031.05,0.00,2031.05,24211.00,3124.20,0,0,0,0.00,0,F1,65,,,,,
2026-07-13,2026-07-13,FO,NSE,IDO,89637,,NIFTY,,2029-06-26,2029-06-26,27000.00,PE,NIFTY29JUN27000PE,0.00,0.00,0.00,1252.35,0.00,1252.35,24211.00,1843.25,0,0,0,0.00,0,F1,65,,,,,
2026-07-13,2026-07-13,FO,NSE,IDO,55563,,NIFTY,,2029-06-26,2029-06-26,25500.00,PE,NIFTY29JUN25500PE,0.00,0.00,0.00,624.25,0.00,624.25,24211.00,1339.50,0,0,0,0.00,0,F1,65,,,,,
2026-07-13,2026-07-13,FO,NSE,IDO,67787,,NIFTY,,2028-12-26,2028-12-26,26000.00,PE,NIFTY28DEC26000PE,0.00,0.00,0.00,1470.05,1470.05,1470.05,24211.00,1566.85,6680,0,0,0.00,0,F1,65,,,,,
2026-07-13,2026-07-13,FO,NSE,IDO,67781,,NIFTY,,2028-12-26,2028-12-26,23000.00,PE,NIFTY28DEC23000PE,750.00,750.00,701.00,701.00,701.00,784.95,24211.00,706.95,2770,65,3,4624880.00,2,F1,65,,,,,
2026-07-13,2026-07-13,FO,NSE,IDO,53630,,NIFTY,,2027-12-28,2027-12-28,26000.00,PE,NIFTY27DEC26000PE,1441.00,1455.00,1357.30,1359.80,1359.05,1351.45,24211.00,1359.80,38645,2285,55,97950459.75,34,F1,65,,,,,
2026-07-13,2026-07-13,FO,NSE,IDO,53627,,NIFTY,,2027-12-28,2027-12-28,25000.00,PE,NIFTY27DEC25000PE,1080.80,1090.00,1000.00,1006.00,1003.00,1017.95,24211.00,1006.00,55090,1430,53,89644503.00,50,F1,65,,,,,
2026-07-13,2026-07-13,FO,NSE,IDO,55375,,NIFTY,,2027-06-29,2027-06-29,22500.00,PE,NIFTY27JUN22500PE,0.00,0.00,0.00,375.05,375.05,375.05,24211.00,442.50,455,0,0,0.00,0,F1,65,,,,,
2026-07-13,2026-07-13,FO,NSE,IDO,80273,,NIFTY,,2027-03-30,2027-03-30,24000.00,PE,NIFTY27MAR24000PE,590.00,591.00,535.00,540.90,541.50,526.35,24211.00,540.90,76115,19305,769,1228022162.25,614,F1,65,,,,,
2026-07-13,2026-07-13,FO,NSE,IDO,35237,,NIFTY,,2026-12-29,2026-12-29,30000.00,PE,NIFTY26DEC30000PE,5050.00,5050.00,4855.45,4873.55,4881.15,4875.45,24211.00,4873.55,419070,65,16,36355627.75,16,F1,65,,,,,
2026-07-13,2026-07-13,FO,NSE,IDO,37810,,NIFTY,,2026-12-29,2026-12-29,23000.00,PE,NIFTY26DEC23000PE,270.50,284.10,246.60,250.05,249.45,244.60,24211.00,250.05,2066575,14170,3384,5116393954.75,2122,F1,65,,,,,
2026-07-13,2026-07-13,FO,NSE,IDO,74433,,NIFTY,,2026-09-29,2026-09-29,25950.00,PE,NIFTY26SEP25950PE,0.00,0.00,0.00,1938.00,0.00,1938.00,24211.00,1658.25,0,0,0,0.00,0,F1,65,,,,,
2026-07-13,2026-07-13,FO,NSE,IDO,74396,,NIFTY,,2026-09-29,2026-09-29,25450.00,PE,NIFTY26SEP25450PE,0.00,0.00,0.00,1559.90,0.00,1559.90,24211.00,1296.85,0,0,0,0.00,0,F1,65,,,,,
2026-07-13,2026-07-13,FO,NSE,IDO,74394,,NIFTY,,2026-09-29,2026-09-29,25400.00,PE,NIFTY26SEP25400PE,0.00,0.00,0.00,1257.25,1257.25,1257.25,24211.00,1263.00,1040,0,0,0.00,0,F1,65,,,,,
2026-07-13,2026-07-13,FO,NSE,IDO,74373,,NIFTY,,2026-09-29,2026-09-29,25200.00,PE,NIFTY26SEP25200PE,1079.30,1079.30,933.10,933.15,933.15,960.10,24211.00,1132.20,6045,-520,21,35763360.75,21,F1,65,,,,,
2026-07-13,2026-07-13,FO,NSE,IDO,74352,,NIFTY,,2026-09-29,2026-09-29,24650.00,PE,NIFTY26SEP24650PE,741.55,741.55,617.00,627.65,627.65,621.65,24211.00,627.65,5785,845,14,23003708.00,9,F1,65,,,,,
2026-07-13,2026-07-13,FO,NSE,IDO,74242,,NIFTY,,2026-09-29,2026-09-29,24500.00,PE,NIFTY26SEP24500PE,639.95,657.70,535.15,553.20,550.00,537.95,24211.00,553.20,445705,45825,2131,3475169438.00,1804,F1,65,,,,,
2026-07-13,2026-07-13,FO,NSE,IDO,74108,,NIFTY,,2026-09-29,2026-09-29,24300.00,PE,NIFTY26SEP24300PE,530.00,557.50,458.00,466.40,468.00,450.70,24211.00,466.40,32175,845,164,264317690.00,114,F1,65,,,,,
2026-07-13,2026-07-13,FO,NSE,IDO,74083,,NIFTY,,2026-09-29,2026-09-29,24200.00,PE,NIFTY26SEP24200PE,492.15,514.00,418.60,426.85,426.30,414.20,24211.00,426.85,26130,-520,550,881689555.50,374,F1,65,,,,,
2026-07-13,2026-07-13,FO,NSE,IDO,73851,,NIFTY,,2026-09-29,2026-09-29,21750.00,PE,NIFTY26SEP21750PE,49.95,50.75,44.10,44.20,44.10,55.00,24211.00,44.20,130,-390,17,24087823.50,17,F1,65,,,,,
2026-07-13,2026-07-13,FO,NSE,IDO,55283,,NIFTY,,2026-09-29,2026-09-29,19500.00,PE,NIFTY26SEP19500PE,18.70,20.80,17.20,19.25,20.00,17.50,24211.00,19.25,785265,33475,882,1119024302.50,231,F1,65,,,,,
2026-07-13,2026-07-13,FO,NSE,IDO,61776,,NIFTY,,2026-08-25,2026-08-25,24600.00,PE,NIFTY26AUG24600PE,650.00,670.00,518.65,536.70,533.10,527.30,24211.00,536.70,51870,3510,205,335396451.00,151,F1,65,,,,,
2026-07-13,2026-07-13,FO,NSE,IDO,61726,,NIFTY,,2026-08-25,2026-08-25,24400.00,PE,NIFTY26AUG24400PE,522.00,546.00,419.80,437.20,433.25,420.95,24211.00,437.20,148265,-4615,1400,2262390016.25,1164,F1,65,,,,,
2026-07-13,2026-07-13,FO,NSE,IDO,61444,,NIFTY,,2026-08-25,2026-08-25,23150.00,PE,NIFTY26AUG23150PE,115.50,121.75,91.75,94.90,94.00,86.40,24211.00,94.90,19045,845,93,140568645.75,50,F1,65,,,,,
2026-07-13,2026-07-13,FO,NSE,IDO,61431,,NIFTY,,2026-08-25,2026-08-25,23050.00,PE,NIFTY26AUG23050PE,101.45,106.95,79.90,82.70,84.55,75.60,24211.00,82.70,23465,1755,96,144361535.50,49,F1,65,,,,,
2026-07-13,2026-07-13,FO,NSE,IDO,61373,,NIFTY,,2026-08-25,2026-08-25,22250.00,PE,NIFTY26AUG22250PE,41.00,41.75,33.05,34.35,34.50,30.80,24211.00,34.35,5980,195,73,105755308.75,42,F1,65,,,,,
2026-07-13,2026-07-13,FO,NSE,IDO,61345,,NIFTY,,2026-08-25,2026-08-25,21850.00,PE,NIFTY26AUG21850PE,26.80,29.45,25.30,25.80,25.80,23.05,24211.00,25.80,975,-65,10,14219965.50,6,F1,65,,,,,
2026-07-13,2026-07-13,FO,NSE,IDO,41092,,NIFTY,,2026-08-11,2026-08-11,26100.00,PE,NIFTY2681126100PE,0.00,0.00,0.00,1628.10,0.00,1628.10,24211.00,1802.30,0,0,0,0.00,0,F1,65,,,,,
2026-07-13,2026-07-13,FO,NSE,IDO,41060,,NIFTY,,2026-08-11,2026-08-11,25550.00,PE,NIFTY2681125550PE,0.00,0.00,0.00,1168.95,0.00,1168.95,24211.00,1312.00,0,0,0,0.00,0,F1,65,,,,,
2026-07-13,2026-07-13,FO,NSE,IDO,41056,,NIFTY,,2026-08-11,2026-08-11,25450.00,PE,NIFTY2681125450PE,0.00,0.00,0.00,1091.80,0.00,1091.80,24211.00,1228.15,0,0,0,0.00,0,F1,65,,,,,
2026-07-13,2026-07-13,FO,NSE,IDO,41004,,NIFTY,,2026-08-11,2026-08-11,24300.00,PE,NIFTY2681124300PE,435.80,449.25,331.40,348.55,348.50,329.95,24211.00,348.55,7475,6500,210,336844953.25,129,F1,65,,,,,
2026-07-13,2026-07-13,FO,NSE,IDO,40988,,NIFTY,,2026-08-11,2026-08-11,23900.00,PE,NIFTY2681123900PE,213.20,213.20,213.20,213.20,213.20,247.40,24211.00,277.60,65,65,1,1567358.00,1,F1,65,,,,,
2026-07-13,2026-07-13,FO,NSE,IDO,40954,,NIFTY,,2026-08-11,2026-08-11,23100.00,PE,NIFTY2681123100PE,0.00,0.00,0.00,89.65,89.65,89.65,24211.00,81.20,260,0,0,0.00,0,F1,65,,,,,
2026-07-13,2026-07-13,FO,NSE,IDO,40944,,NIFTY,,2026-08-11,2026-08-11,22850.00,PE,NIFTY2681122850PE,52.20,52.20,50.00,50.00,50.00,50.00,24211.00,50.80,1625,325,7,10419782.75,3,F1,65,,,,,
2026-07-13,2026-07-13,FO,NSE,IDO,40934,,NIFTY,,2026-08-11,2026-08-11,22600.00,PE,NIFTY2681122600PE,0.00,0.00,0.00,30.50,0.00,30.50,24211.00,30.40,0,0,0,0.00,0,F1,65,,,,,
2026-07-13,2026-07-13,FO,NSE,IDO,40932,,NIFTY,,2026-08-11,2026-08-11,22550.00,PE,NIFTY2681122550PE,0.00,0.00,0.00,27.60,0.00,27.60,24211.00,27.30,0,0,0,0.00,0,F1,65,,,,,
2026-07-13,2026-07-13,FO,NSE,IDO,40894,,NIFTY,,2026-08-11,2026-08-11,21800.00,PE,NIFTY2681121800PE,0.00,0.00,0.00,5.00,0.00,5.00,24211.00,4.25,0,0,0,0.00,0,F1,65,,,,,
2026-07-13,2026-07-13,FO,NSE,IDO,40892,,NIFTY,,2026-08-11,2026-08-11,21750.00,PE,NIFTY2681121750PE,0.00,0.00,0.00,4.40,0.00,4.40,24211.00,3.65,0,0,0,0.00,0,F1,65,,,,,
2026-07-13,2026-07-13,FO,NSE,IDO,66061,,NIFTY,,2026-08-04,2026-08-04,26100.00,PE,NIFTY2680426100PE,0.00,0.00,0.00,2138.95,0.00,2138.95,24211.00,1812.90,0,0,0,0.00,0,F1,65,,,,,
2026-07-13,2026-07-13,FO,NSE,IDO,66055,,NIFTY,,2026-08-04,2026-08-04,25950.00,PE,NIFTY2680425950PE,0.00,0.00,0.00,2001.55,0.00,2001.55,24211.00,1670.70,0,0,0,0.00,0,F1,65,,,,,
2026-07-13,2026-07-13,FO,NSE,IDO,66001,,NIFTY,,2026-08-04,2026-08-04,25700.00,PE,NIFTY2680425700PE,0.00,0.00,0.00,1777.85,0.00,1777.85,24211.00,1439.15,0,0,0,0.00,0,F1,65,,,,,
2026-07-13,2026-07-13,FO,NSE,IDO,65897,,NIFTY,,2026-08-04,2026-08-04,24800.00,PE,NIFTY2680424800PE,0.00,0.00,0.00,622.75,622.75,622.75,24211.00,704.75,65,0,0,0.00,0,F1,65,,,,,
2026-07-13,2026-07-13,FO,NSE,IDO,65690,,NIFTY,,2026-08-04,2026-08-04,23900.00,PE,NIFTY2680423900PE,209.55,237.20,160.70,169.40,169.25,153.45,24211.00,169.40,49855,11570,759,1189176192.75,521,F1,65,,,,,
2026-07-13,2026-07-13,FO,NSE,IDO,65679,,NIFTY,,2026-08-04,2026-08-04,23650.00,PE,NIFTY2680423650PE,149.25,151.80,109.85,114.25,114.25,98.10,24211.00,156.60,7280,1040,44,68012041.50,32,F1,65,,,,,
2026-07-13,2026-07-13,FO,NSE,IDO,65534,,NIFTY,,2026-08-04,2026-08-04,23400.00,PE,NIFTY2680423400PE,99.00,101.30,67.60,71.75,72.25,63.75,24211.00,71.75,13780,3575,258,393720372.50,173,F1,65,,,,,
2026-07-13,2026-07-13,FO,NSE,IDO,65454,,NIFTY,,2026-08-04,2026-08-04,22950.00,PE,NIFTY2680422950PE,45.00,47.10,32.40,34.60,34.65,31.70,24211.00,34.60,10790,2470,199,297370635.25,132,F1,65,,,,,
2026-07-13,2026-07-13,FO,NSE,IDO,65450,,NIFTY,,2026-08-04,2026-08-04,22850.00,PE,NIFTY2680422850PE,37.45,39.15,30.30,30.30,30.30,26.85,24211.00,30.30,4225,-1170,31,46115290.00,20,F1,65,,,,,
2026-07-13,2026-07-13,FO,NSE,IDO,65442,,NIFTY,,2026-08-04,2026-08-04,22650.00,PE,NIFTY2680422650PE,28.15,28.95,24.15,26.35,26.35,20.95,24211.00,18.75,4875,-455,41,60436671.75,17,F1,65,,,,,
2026-07-13,2026-07-13,FO,NSE,IDO,65426,,NIFTY,,2026-08-04,2026-08-04,22350.00,PE,NIFTY2680422350PE,19.20,19.65,16.15,16.80,17.35,15.40,24211.00,16.80,585,-390,12,17446334.75,12,F1,65,,,,,
2026-07-13,2026-07-13,FO,NSE,IDO,65418,,NIFTY,,2026-08-04,2026-08-04,22200.00,PE,NIFTY2680422200PE,17.65,17.65,13.90,14.85,14.50,13.65,24211.00,14.85,7410,1040,39,56315028.25,34,F1,65,,,,,
2026-07-13,2026-07-13,FO,NSE,IDO,63918,,NIFTY,,2026-07-28,2026-07-28,23550.00,PE,NIFTY26JUL23550PE,91.30,94.45,58.10,62.50,61.30,55.05,24211.00,62.50,121030,-6305,1998,3068093564.25,1455,F1,65,,,,,
2026-07-13,2026-07-13,FO,NSE,IDO,63902,,NIFTY,,2026-07-28,2026-07-28,23150.00,PE,NIFTY26JUL23150PE,40.55,43.15,27.25,29.90,30.60,25.85,24211.00,29.90,60385,1300,2682,4041964745.00,1404,F1,65,,,,,
2026-07-13,2026-07-13,FO,NSE,IDO,63886,,NIFTY,,2026-07-28,2026-07-28,22750.00,PE,NIFTY26JUL22750PE,22.05,23.15,15.60,17.05,17.90,14.85,24211.00,17.05,97370,8190,1568,2320514316.25,933,F1,65,,,,,
2026-07-13,2026-07-13,FO,NSE,IDO,63878,,NIFTY,,2026-07-28,2026-07-28,22550.00,PE,NIFTY26JUL22550PE,17.15,17.65,12.50,13.95,13.85,12.35,24211.00,13.95,53170,2535,380,557343241.00,204,F1,65,,,,,
2026-07-13,2026-07-13,FO,NSE,IDO,63860,,NIFTY,,2026-07-28,2026-07-28,22100.00,PE,NIFTY26JUL22100PE,10.85,10.95,7.20,9.10,9.85,8.55,24211.00,9.10,51740,4420,1284,1845238684.25,767,F1,65,,,,,
2026-07-13,2026-07-13,FO,NSE,IDO,63846,,NIFTY,,2026-07-28,2026-07-28,21750.00,PE,NIFTY26JUL21750PE,7.00,7.55,5.95,7.10,7.10,6.80,24211.00,7.10,11570,1040,86,121621340.75,20,F1,65,,,,,
2026-07-13,2026-07-13,FO,NSE,IDO,57464,,NIFTY,,2026-07-21,2026-07-21,26150.00,PE,NIFTY2672126150PE,0.00,0.00,0.00,2045.95,0.00,2045.95,24211.00,1904.65,0,0,0,0.00,0,F1,65,,,,,
2026-07-13,2026-07-13,FO,NSE,IDO,57389,,NIFTY,,2026-07-21,2026-07-21,24850.00,PE,NIFTY2672124850PE,720.00,720.00,720.00,720.00,720.00,630.85,24211.00,659.55,1755,65,1,1662050.00,1,F1,65,,,,,
2026-07-13,2026-07-13,FO,NSE,IDO,57355,,NIFTY,,2026-07-21,2026-07-21,24350.00,PE,NIFTY2672124350PE,318.00,398.80,235.75,254.45,246.55,250.15,24211.00,254.45,115635,27040,5211,8344531965.25,3855,F1,65,,,,,
2026-07-13,2026-07-13,FO,NSE,IDO,57300,,NIFTY,,2026-07-21,2026-07-21,23000.00,PE,NIFTY2672123000PE,12.35,15.45,9.05,10.65,11.20,10.10,24211.00,10.65,2891915,1383980,105321,157530067152.25,37441,F1,65,,,,,
2026-07-13,2026-07-13,FO,NSE,IDO,51510,,NIFTY,,2026-07-14,2026-07-14,26250.00,PE,NIFTY2671426250PE,0.00,0.00,0.00,2861.50,0.00,2861.50,24211.00,2034.70,0,0,0,0.00,0,F1,65,,,,,
2026-07-13,2026-07-13,FO,NSE,IDO,51444,,NIFTY,,2026-07-14,2026-07-14,25250.00,PE,NIFTY2671425250PE,0.00,0.00,0.00,1042.85,1045.00,1042.85,24211.00,1034.85,780,0,0,0.00,0,F1,65,,,,,
2026-07-13,2026-07-13,FO,NSE,IDO,51422,,NIFTY,,2026-07-14,2026-07-14,25000.00,PE,NIFTY2671425000PE,960.05,1011.05,741.85,793.00,782.40,794.15,24211.00,793.00,263315,-135265,3832,6437266316.00,2792,F1,65,,,,,
2026-07-13,2026-07-13,FO,NSE,IDO,51384,,NIFTY,,2026-07-14,2026-07-14,24250.00,PE,NIFTY2671424250PE,199.00,272.40,85.70,101.40,95.00,121.30,24211.00,101.40,3787875,306995,2347347,3718565548672.00,1257255,F1,65,,,,,
2026-07-13,2026-07-13,FO,NSE,IDO,51365,,NIFTY,,2026-07-14,2026-07-14,23900.00,PE,NIFTY2671423900PE,37.50,58.30,13.25,17.20,18.55,21.85,24211.00,17.20,8836165,2293720,4006560,6231163183254.75,1122741,F1,65,,,,,
2026-07-13,2026-07-13,FO,NSE,IDO,51358,,NIFTY,,2026-07-14,2026-07-14,23750.00,PE,NIFTY2671423750PE,20.00,26.25,6.55,8.80,9.70,11.50,24211.00,8.80,6235775,2716545,1484059,2292175904723.25,441713,F1,65,,,,,
2026-07-13,2026-07-13,FO,NSE,IDO,51308,,NIFTY,,2026-07-14,2026-07-14,22950.00,PE,NIFTY2671422950PE,2.80,2.80,1.50,1.75,1.85,2.75,24211.00,1.75,1038960,398125,158188,235996103258.50,30261,F1,65,,,,,
2026-07-13,2026-07-13,FO,NSE,IDO,51232,,NIFTY,,2026-07-14,2026-07-14,21750.00,PE,NIFTY2671421750PE,1.15,1.30,0.35,0.65,0.45,1.10,24211.00,0.65,39585,-24895,9554,13507431782.00,1821,F1,65,,,,,
2026-07-13,2026-07-13,FO,NSE,IDO,74651,,NIFTY,,2031-06-24,2031-06-24,25500.00,CE,NIFTY31JUN25500CE,0.00,0.00,0.00,6409.80,0.00,6409.80,24211.00,6844.45,0,0,0,0.00,0,F1,65,,,,,
2026-07-13,2026-07-13,FO,NSE,IDO,74643,,NIFTY,,2031-06-24,2031-06-24,19500.00,CE,NIFTY31JUN19500CE,0.00,0.00,0.00,9840.60,0.00,9840.60,24211.00,10325.75,0,0,0,0.00,0,F1,65,,,,,
2026-07-13,2026-07-13,FO,NSE,IDO,60910,,NIFTY,,2030-06-25,2030-06-25,27000.00,CE,NIFTY30JUN27000CE,0.00,0.00,0.00,6972.50,0.00,6972.50,24211.00,4980.90,0,0,0,0.00,0,F1,65,,,,,
2026-07-13,2026-07-13,FO,NSE,IDO,55556,,NIFTY,,2029-06-26,2029-06-26,16500.00,CE,NIFTY29JUN16500CE,0.00,0.00,0.00,12587.95,0.00,12587.95,24211.00,10648.50,0,0,0,0.00,0,F1,65,,,,,
2026-07-13,2026-07-13,FO,NSE,IDO,53631,,NIFTY,,2027-12-28,2027-12-28,27000.00,CE,NIFTY27DEC27000CE,1350.00,1405.00,1336.70,1378.95,1374.90,1405.95,24211.00,1378.95,38635,3575,129,237857977.50,123,F1,65,,,,,
2026-07-13,2026-07-13,FO,NSE,IDO,55422,,NIFTY,,2027-12-28,2027-12-28,19500.00,CE,NIFTY27DEC19500CE,0.00,0.00,0.00,8684.70,0.00,8684.70,24211.00,6600.30,0,0,0,0.00,0,F1,65,,,,,
2026-07-13,2026-07-13,FO,NSE,IDO,55374,,NIFTY,,2027-06-29,2027-06-29,22500.00,CE,NIFTY27JUN22500CE,0.00,0.00,0.00,5539.60,0.00,5539.60,24211.00,3518.90,0,0,0,0.00,0,F1,65,,,,,
2026-07-13,2026-07-13,FO,NSE,IDO,80274,,NIFTY,,2027-03-30,2027-03-30,25500.00,CE,NIFTY27MAR25500CE,788.00,889.05,775.65,867.25,867.45,848.70,24211.00,867.25,266370,242645,5441,9319334930.75,1891,F1,65,,,,,
2026-07-13,2026-07-13,FO,NSE,IDO,47190,,NIFTY,,2026-12-29,2026-12-29,33000.00,CE,NIFTY26DEC33000CE,7.10,7.60,7.10,7.30,7.15,7.75,24211.00,7.30,96525,-650,36,77237004.00,22,F1,65,,,,,
2026-07-13,2026-07-13,FO,NSE,IDO,55290,,NIFTY,,2026-09-29,2026-09-29,31500.00,CE,NIFTY26SEP31500CE,2.75,2.75,2.75,2.75,2.75,2.70,24211.00,0.45,11570,0,1,2047678.75,1,F1,65,,,,,
2026-07-13,2026-07-13,FO,NSE,IDO,55288,,NIFTY,,2026-09-29,2026-09-29,28500.00,CE,NIFTY26SEP28500CE,5.60,6.15,4.85,5.85,5.80,5.50,24211.00,5.85,532610,-390,348,644797643.75,192,F1,65,,,,,
2026-07-13,2026-07-13,FO,NSE,IDO,74391,,NIFTY,,2026-09-29,2026-09-29,25400.00,CE,NIFTY26SEP25400CE,0.00,0.00,0.00,379.45,0.00,379.45,24211.00,424.95,0,0,0,0.00,0,F1,65,,,,,
2026-07-13,2026-07-13,FO,NSE,IDO,74363,,NIFTY,,2026-09-29,2026-09-29,24950.00,CE,NIFTY26SEP24950CE,260.45,340.45,260.40,340.45,340.45,320.05,24211.00,584.80,7215,-65,39,63973510.25,32,F1,65,,,,,
2026-07-13,2026-07-13,FO,NSE,IDO,74048,,NIFTY,,2026-09-29,2026-09-29,23850.00,CE,NIFTY26SEP23850CE,0.00,0.00,0.00,830.45,830.45,830.45,24211.00,1144.25,910,0,0,0.00,0,F1,65,,,,,
2026-07-13,2026-07-13,FO,NSE,IDO,73887,,NIFTY,,2026-09-29,2026-09-29,22600.00,CE,NIFTY26SEP22600CE,0.00,0.00,0.00,1717.70,1717.70,1717.70,24211.00,2061.35,65,0,0,0.00,0,F1,65,,,,,
2026-07-13,2026-07-13,FO,NSE,IDO,61953,,NIFTY,,2026-08-25,2026-08-25,25350.00,CE,NIFTY26AUG25350CE,0.00,0.00,0.00,417.60,0.00,417.60,24211.00,222.90,0,0,0,0.00,0,F1,65,,,,,
2026-07-13,2026-07-13,FO,NSE,IDO,61440,,NIFTY,,2026-08-25,2026-08-25,23150.00,CE,NIFTY26AUG23150CE,0.00,0.00,0.00,1100.00,1100.00,1100.00,24211.00,1376.95,325,0,0,0.00,0,F1,65,,,,,
2026-07-13,2026-07-13,FO,NSE,IDO,61424,,NIFTY,,2026-08-25,2026-08-25,22900.00,CE,NIFTY26AUG22900CE,1341.45,1341.45,1307.95,1307.95,1307.95,1308.75,24211.00,1583.25,910,0,2,3149211.00,2,F1,65,,,,,
2026-07-13,2026-07-13,FO,NSE,IDO,61401,,NIFTY,,2026-08-25,2026-08-25,22600.00,CE,NIFTY26AUG22600CE,0.00,0.00,0.00,1644.55,1644.55,1644.55,24211.00,1844.55,1560,0,0,0.00,0,F1,65,,,,,
2026-07-13,2026-07-13,FO,NSE,IDO,61340,,NIFTY,,2026-08-25,2026-08-25,21750.00,CE,NIFTY26AUG21750CE,0.00,0.00,0.00,2581.20,0.00,2581.20,24211.00,2639.65,0,0,0,0.00,0,F1,65,,,,,
2026-07-13,2026-07-13,FO,NSE,IDO,61173,,NIFTY,,2026-08-25,2026-08-25,21350.00,CE,NIFTY26AUG21350CE,0.00,0.00,0.00,2938.85,0.00,2938.85,24211.00,3029.25,0,0,0,0.00,0,F1,65,,,,,
2026-07-13,2026-07-13,FO,NSE,IDO,41065,,NIFTY,,2026-08-11,2026-08-11,25700.00,CE,NIFTY2681125700CE,0.00,0.00,0.00,136.05,0.00,136.05,24211.00,75.25,0,0,0,0.00,0,F1,65,,,,,
2026-07-13,2026-07-13,FO,NSE,IDO,41039,,NIFTY,,2026-08-11,2026-08-11,25050.00,CE,NIFTY2681125050CE,0.00,0.00,0.00,300.80,0.00,300.80,24211.00,195.50,0,0,0,0.00,0,F1,65,,,,,
2026-07-13,2026-07-13,FO,NSE,IDO,41033,,NIFTY,,2026-08-11,2026-08-11,24950.00,CE,NIFTY2681124950CE,0.00,0.00,0.00,335.80,0.00,335.80,24211.00,223.05,0,0,0,0.00,0,F1,65,,,,,
2026-07-13,2026-07-13,FO,NSE,IDO,41031,,NIFTY,,2026-08-11,2026-08-11,24900.00,CE,NIFTY2681124900CE,0.00,0.00,0.00,354.35,0.00,354.35,24211.00,237.90,0,0,0,0.00,0,F1,65,,,,,
2026-07-13,2026-07-13,FO,NSE,IDO,41027,,NIFTY,,2026-08-11,2026-08-11,24800.00,CE,NIFTY2681124800CE,0.00,0.00,0.00,393.70,0.00,393.70,24211.00,269.80,0,0,0,0.00,0,F1,65,,,,,
2026-07-13,2026-07-13,FO,NSE,IDO,40993,,NIFTY,,2026-08-11,2026-08-11,24050.00,CE,NIFTY2681124050CE,0.00,0.00,0.00,402.85,402.85,402.85,24211.00,611.95,0,0,0,0.00,0,F1,65,,,,,
2026-07-13,2026-07-13,FO,NSE,IDO,40955,,NIFTY,,2026-08-11,2026-08-11,23150.00,CE,NIFTY2681123150CE,0.00,0.00,0.00,1465.70,0.00,1465.70,24211.00,1260.55,0,0,0,0.00,0,F1,65,,,,,
2026-07-13,2026-07-13,FO,NSE,IDO,40907,,NIFTY,,2026-08-11,2026-08-11,22000.00,CE,NIFTY2681122000CE,0.00,0.00,0.00,2534.15,0.00,2534.15,24211.00,2323.60,0,0,0,0.00,0,F1,65,,,,,
2026-07-13,2026-07-13,FO,NSE,IDO,65691,,NIFTY,,2026-08-04,2026-08-04,23950.00,CE,NIFTY2680423950CE,351.95,513.35,350.00,490.95,490.95,473.65,24211.00,598.55,9360,6565,161,254636843.50,127,F1,65,,,,,
2026-07-13,2026-07-13,FO,NSE,IDO,65674,,NIFTY,,2026-08-04,2026-08-04,23550.00,CE,NIFTY2680423550CE,0.00,0.00,0.00,797.05,0.00,797.05,24211.00,877.55,0,0,0,0.00,0,F1,65,,,,,
2026-07-13,2026-07-13,FO,NSE,IDO,65417,,NIFTY,,2026-08-04,2026-08-04,22200.00,CE,NIFTY2680422200CE,0.00,0.00,0.00,1838.35,0.00,1838.35,24211.00,2097.00,0,0,0,0.00,0,F1,65,,,,,
2026-07-13,2026-07-13,FO,NSE,IDO,65202,,NIFTY,,2026-08-04,2026-08-04,21800.00,CE,NIFTY2680421800CE,0.00,0.00,0.00,2206.50,0.00,2206.50,24211.00,2491.65,0,0,0,0.00,0,F1,65,,,,,
2026-07-13,2026-07-13,FO,NSE,IDO,65126,,NIFTY,,2026-08-04,2026-08-04,21600.00,CE,NIFTY2680421600CE,0.00,0.00,0.00,2396.10,0.00,2396.10,24211.00,2690.20,0,0,0,0.00,0,F1,65,,,,,
2026-07-13,2026-07-13,FO,NSE,IDO,64039,,NIFTY,,2026-07-28,2026-07-28,26200.00,CE,NIFTY26JUL26200CE,2.00,2.40,1.35,1.95,1.75,2.15,24211.00,1.95,86385,-3575,900,1532815007.75,478,F1,65,,,,,
2026-07-13,2026-07-13,FO,NSE,IDO,64000,,NIFTY,,2026-07-28,2026-07-28,25450.00,CE,NIFTY26JUL25450CE,7.60,8.70,4.75,7.10,6.55,7.40,24211.00,7.10,64285,6110,885,1464411055.25,490,F1,65,,,,,
2026-07-13,2026-07-13,FO,NSE,IDO,63991,,NIFTY,,2026-07-28,2026-07-28,25250.00,CE,NIFTY26JUL25250CE,8.50,15.45,8.40,12.30,11.90,12.55,24211.00,12.30,91780,13715,935,1535232900.50,594,F1,65,,,,,
2026-07-13,2026-07-13,FO,NSE,IDO,63959,,NIFTY,,2026-07-28,2026-07-28,24500.00,CE,NIFTY26JUL24500CE,81.00,154.95,67.00,130.40,134.15,125.15,24211.00,130.40,4218695,-280410,120774,193167399642.75,65787,F1,65,,,,,
2026-07-13,2026-07-13,FO,NSE,IDO,63887,,NIFTY,,2026-07-28,2026-07-28,22800.00,CE,NIFTY26JUL22800CE,1429.30,1466.55,1429.30,1456.30,1456.30,1447.35,24211.00,1478.80,15665,0,18,28380618.50,14,F1,65,,,,,
2026-07-13,2026-07-13,FO,NSE,IDO,63873,,NIFTY,,2026-07-28,2026-07-28,22450.00,CE,NIFTY26JUL22450CE,0.00,0.00,0.00,1750.50,1750.50,1750.50,24211.00,1820.00,325,0,0,0.00,0,F1,65,,,,,
2026-07-13,2026-07-13,FO,NSE,IDO,63815,,NIFTY,,2026-07-28,2026-07-28,21200.00,CE,NIFTY26JUL21200CE,0.00,0.00,0.00,2030.40,2030.40,2030.40,24211.00,3063.60,195,0,0,0.00,0,F1,65,,,,,
2026-07-13,2026-07-13,FO,NSE,IDO,57458,,NIFTY,,2026-07-21,2026-07-21,26050.00,CE,NIFTY2672126050CE,0.95,1.20,0.85,0.90,0.85,1.15,24211.00,0.90,19240,16185,510,863587669.75,224,F1,65,,,,,
2026-07-13,2026-07-13,FO,NSE,IDO,57394,,NIFTY,,2026-07-21,2026-07-21,25000.00,CE,NIFTY2672125000CE,7.80,12.60,4.65,8.05,7.40,9.05,24211.00,8.05,2568540,1340365,135721,220612633150.00,54101,F1,65,,,,,
2026-07-13,2026-07-13,FO,NSE,IDO,57336,,NIFTY,,2026-07-21,2026-07-21,23900.00,CE,NIFTY2672123900CE,277.05,449.95,247.20,402.85,411.00,399.05,24211.00,402.85,235755,72670,14089,22185514893.75,8671,F1,65,,,,,
2026-07-13,2026-07-13,FO,NSE,IDO,57301,,NIFTY,,2026-07-21,2026-07-21,23050.00,CE,NIFTY2672123050CE,0.00,0.00,0.00,1142.10,1142.10,1142.10,24211.00,1196.55,0,0,0,0.00,0,F1,65,,,,,
2026-07-13,2026-07-13,FO,NSE,IDO,57267,,NIFTY,,2026-07-21,2026-07-21,22200.00,CE,NIFTY2672122200CE,0.00,0.00,0.00,1951.45,0.00,1951.45,24211.00,2040.40,0,0,0,0.00,0,F1,65,,,,,
2026-07-13,2026-07-13,FO,NSE,IDO,51407,,NIFTY,,2026-07-14,2026-07-14,24750.00,CE,NIFTY2671424750CE,1.95,3.60,1.05,1.45,1.05,3.20,24211.00,1.45,1965210,113360,1420323,2285122801227.50,164899,F1,65,,,,,
2026-07-13,2026-07-13,FO,NSE,IDO,51329,,NIFTY,,2026-07-14,2026-07-14,23200.00,CE,NIFTY2671423200CE,818.20,1051.90,801.00,1003.30,1016.60,1016.70,24211.00,1003.30,30615,-7605,927,1453284446.25,419,F1,65,,,,,
2026-07-13,2026-07-13,FO,NSE,IDO,51303,,NIFTY,,2026-07-14,2026-07-14,22850.00,CE,NIFTY2671422850CE,0.00,0.00,0.00,1338.15,1338.15,1338.15,24211.00,1364.80,4355,0,0,0.00,0,F1,65,,,,,
2026-07-13,2026-07-13,FO,NSE,IDO,74644,,NIFTY,,2031-06-24,2031-06-24,19500.00,PE,NIFTY31JUN19500PE,0.00,0.00,0.00,289.20,0.00,289.20,24211.00,242.30,0,0,0,0.00,0,F1,65,,,,,
2026-07-13,2026-07-13,FO,NSE,IDO,55755,,NIFTY,,2030-12-31,2030-12-31,24000.00,PE,NIFTY30DEC24000PE,0.00,0.00,0.00,1309.95,1309.95,1309.95,24211.00,844.25,325,0,0,0.00,0,F1,65,,,,,
2026-07-13,2026-07-13,FO,NSE,IDO,55649,,NIFTY,,2030-06-25,2030-06-25,28500.00,PE,NIFTY30JUN28500PE,0.00,0.00,0.00,1167.60,0.00,1167.60,24211.00,2136.35,0,0,0,0.00,0,F1,65,,,,,
2026-07-13,2026-07-13,FO,NSE,IDO,61749,,NIFTY,,2029-12-24,2029-12-24,24000.00,PE,NIFTY29DEC24000PE,0.00,0.00,0.00,865.05,865.05,865.05,24211.00,907.10,195,0,0,0.00,0,F1,65,,,,,
2026-07-13,2026-07-13,FO,NSE,IDO,55763,,NIFTY,,2030-12-31,2030-12-31,30000.00,PE,NIFTY30DEC30000PE,0.00,0.00,0.00,1450.10,0.00,1450.10,24211.00,2510.75,0,0,0,0.00,0,F1,65,,,,,
2026-07-13,2026-07-13,FO,NSE,IDF,68407,,NIFTY,,2026-09-29,2026-09-29,,,NIFTY26SEPFUT,24352.00,24515.00,24279.80,24472.60,24488.70,24473.50,24211.00,24472.60,471380,17355,2257,3579610268.00,1701,F1,65,,,,,
2026-07-13,2026-07-13,FO,NSE,IDO,51235,,NIFTY,,2026-07-14,2026-07-14,21850.00,CE,NIFTY2671421850CE,0.00,0.00,0.00,2354.25,2354.25,2354.25,24211.00,2364.65,455,0,0,0.00,0,F1,65,,,,,
2026-07-13,2026-07-13,FO,NSE,IDO,51259,,NIFTY,,2026-07-14,2026-07-14,22200.00,CE,NIFTY2671422200CE,0.00,0.00,0.00,2011.90,2011.90,2011.90,24211.00,2014.70,1885,0,0,0.00,0,F1,65,,,,,
2026-07-13,2026-07-13,FO,NSE,IDO,51293,,NIFTY,,2026-07-14,2026-07-14,22700.00,CE,NIFTY2671422700CE,0.00,0.00,0.00,1509.95,1509.95,1509.95,24211.00,1514.80,2340,0,0,0.00,0,F1,65,,,,,
2026-07-13,2026-07-13,FO,NSE,IDO,51327,,NIFTY,,2026-07-14,2026-07-14,23150.00,CE,NIFTY2671423150CE,1030.65,1082.05,1028.05,1075.05,1075.05,1030.65,24211.00,1064.85,3250,195,12,18867969.25,10,F1,65,,,,,
2026-07-13,2026-07-13,FO,NSE,IDO,51339,,NIFTY,,2026-07-14,2026-07-14,23300.00,CE,NIFTY2671423300CE,701.00,946.90,697.20,909.00,918.80,914.75,24211.00,909.00,62790,-55185,1518,2386555574.00,956,F1,65,,,,,
2026-07-13,2026-07-13,FO,NSE,IDO,51389,,NIFTY,,2026-07-14,2026-07-14,24400.00,CE,NIFTY2671424400CE,14.00,43.20,4.05,15.25,17.10,29.45,24211.00,15.25,8249865,1780545,5499462,8728326866093.25,1265346,F1,65,,,,,
2026-07-13,2026-07-13,FO,NSE,IDO,51397,,NIFTY,,2026-07-14,2026-07-14,24550.00,CE,NIFTY2671424550CE,5.25,14.60,2.40,4.15,4.00,10.40,24211.00,4.15,3768310,512980,2304026,3677425354963.75,388838,F1,65,,,,,
2026-07-13,2026-07-13,FO,NSE,IDO,51403,,NIFTY,,2026-07-14,2026-07-14,24650.00,CE,NIFTY2671424650CE,2.95,6.95,1.75,2.30,2.10,5.35,24211.00,2.30,3204695,-82290,2543460,4075719672401.00,303972,F1,65,,,,,
2026-07-13,2026-07-13,FO,NSE,IDO,51409,,NIFTY,,2026-07-14,2026-07-14,24800.00,CE,NIFTY2671424800CE,1.30,2.75,0.80,1.25,0.80,2.75,24211.00,1.25,5879510,117910,1473038,2374692235373.25,173179,F1,65,,,,,
2026-07-13,2026-07-13,FO,NSE,IDO,51477,,NIFTY,,2026-07-14,2026-07-14,25550.00,CE,NIFTY2671425550CE,0.85,1.05,0.35,0.45,0.40,0.70,24211.00,0.45,209625,-109395,13368,22201399463.75,2434,F1,65,,,,,
2026-07-13,2026-07-13,FO,NSE,IDO,51479,,NIFTY,,2026-07-14,2026-07-14,25600.00,CE,NIFTY2671425600CE,0.70,0.75,0.30,0.40,0.30,0.70,24211.00,0.40,891735,-585390,56940,94750243389.75,10628,F1,65,,,,,
2026-07-13,2026-07-13,FO,NSE,IDO,57244,,NIFTY,,2026-07-21,2026-07-21,21700.00,CE,NIFTY2672121700CE,0.00,0.00,0.00,2427.75,0.00,2427.75,24211.00,2539.75,0,0,0,0.00,0,F1,65,,,,,
2026-07-13,2026-07-13,FO,NSE,IDO,57259,,NIFTY,,2026-07-21,2026-07-21,22000.00,CE,NIFTY2672122000CE,2212.00,2220.70,2200.00,2220.70,2220.70,2139.70,24211.00,2240.15,780,780,12,18886510.50,8,F1,65,,,,,
2026-07-13,2026-07-13,FO,NSE,IDO,57261,,NIFTY,,2026-07-21,2026-07-21,22050.00,CE,NIFTY2672122050CE,0.00,0.00,0.00,2092.30,0.00,2092.30,24211.00,2190.20,0,0,0,0.00,0,F1,65,,,,,
2026-07-13,2026-07-13,FO,NSE,IDO,57265,,NIFTY,,2026-07-21,2026-07-21,22150.00,CE,NIFTY2672122150CE,0.00,0.00,0.00,1998.20,0.00,1998.20,24211.00,2090.35,0,0,0,0.00,0,F1,65,,,,,
2026-07-13,2026-07-13,FO,NSE,IDO,57277,,NIFTY,,2026-07-21,2026-07-21,22450.00,CE,NIFTY2672122450CE,0.00,0.00,0.00,1722.15,0.00,1722.15,24211.00,1790.90,0,0,0,0.00,0,F1,65,,,,,
2026-07-13,2026-07-13,FO,NSE,IDO,57315,,NIFTY,,2026-07-21,2026-07-21,23400.00,CE,NIFTY2672123400CE,667.35,875.30,649.60,844.80,868.05,847.45,24211.00,844.80,24245,15730,550,866265858.25,318,F1,65,,,,,
2026-07-13,2026-07-13,FO,NSE,IDO,57317,,NIFTY,,2026-07-21,2026-07-21,23450.00,CE,NIFTY2672123450CE,764.00,764.00,764.00,764.00,764.00,680.00,24211.00,818.35,195,130,2,3147820.00,1,F1,65,,,,,
2026-07-13,2026-07-13,FO,NSE,IDO,57375,,NIFTY,,2026-07-21,2026-07-21,24800.00,CE,NIFTY2672124800CE,10.85,30.55,8.30,18.90,18.25,19.80,24211.00,18.90,1673360,791180,127159,205117024154.25,66401,F1,65,,,,,
2026-07-13,2026-07-13,FO,NSE,IDO,57386,,NIFTY,,2026-07-21,2026-07-21,24850.00,CE,NIFTY2672124850CE,7.75,23.50,6.45,14.95,15.00,16.00,24211.00,14.95,292110,169130,30731,49665368642.50,18002,F1,65,,,,,
2026-07-13,2026-07-13,FO,NSE,IDO,57404,,NIFTY,,2026-07-21,2026-07-21,25200.00,CE,NIFTY2672125200CE,3.95,6.10,2.25,4.30,4.10,4.50,24211.00,4.30,1298635,867555,55936,91637692854.50,22014,F1,65,,,,,
2026-07-13,2026-07-13,FO,NSE,IDO,57432,,NIFTY,,2026-07-21,2026-07-21,25550.00,CE,NIFTY2672125550CE,1.75,1.80,1.30,1.60,1.55,2.00,24211.00,1.60,98345,64480,3764,6251452330.50,2851,F1,65,,,,,
2026-07-13,2026-07-13,FO,NSE,IDO,63813,,NIFTY,,2026-07-28,2026-07-28,21150.00,CE,NIFTY26JUL21150CE,0.00,0.00,0.00,2502.70,2502.70,2502.70,24211.00,3113.45,130,0,0,0.00,0,F1,65,,,,,
2026-07-13,2026-07-13,FO,NSE,IDO,63819,,NIFTY,,2026-07-28,2026-07-28,21300.00,CE,NIFTY26JUL21300CE,0.00,0.00,0.00,2648.30,2648.30,2648.30,24211.00,2963.85,4290,0,0,0.00,0,F1,65,,,,,
2026-07-13,2026-07-13,FO,NSE,IDO,63842,,NIFTY,,2026-07-28,2026-07-28,21700.00,CE,NIFTY26JUL21700CE,0.00,0.00,0.00,2130.00,2130.00,2130.00,24211.00,2564.95,130,0,0,0.00,0,F1,65,,,,,
2026-07-13,2026-07-13,FO,NSE,IDO,63857,,NIFTY,,2026-07-28,2026-07-28,22050.00,CE,NIFTY26JUL22050CE,0.00,0.00,0.00,2230.00,2230.00,2230.00,24211.00,2216.35,65,0,0,0.00,0,F1,65,,,,,
2026-07-13,2026-07-13,FO,NSE,IDO,63923,,NIFTY,,2026-07-28,2026-07-28,23650.00,CE,NIFTY26JUL23650CE,490.70,694.85,490.70,669.65,666.00,655.75,24211.00,669.65,14365,-650,46,72511315.50,45,F1,65,,,,,
2026-07-13,2026-07-13,FO,NSE,IDO,63949,,NIFTY,,2026-07-28,2026-07-28,24250.00,CE,NIFTY26JUL24250CE,153.70,276.65,140.00,242.85,249.45,235.05,24211.00,242.85,455910,27885,12779,20315844805.75,9292,F1,65,,,,,
2026-07-13,2026-07-13,FO,NSE,IDO,63973,,NIFTY,,2026-07-28,2026-07-28,24850.00,CE,NIFTY26JUL24850CE,42.70,56.75,21.80,44.55,47.15,42.70,24211.00,44.55,159640,15535,6977,11285765266.75,4494,F1,65,,,,,
2026-07-13,2026-07-13,FO,NSE,IDO,64006,,NIFTY,,2026-07-28,2026-07-28,25600.00,CE,NIFTY26JUL25600CE,4.60,6.60,4.40,5.05,4.80,5.30,24211.00,5.05,248495,16705,5791,9638106715.25,2881,F1,65,,,,,
2026-07-13,2026-07-13,FO,NSE,IDO,65244,,NIFTY,,2026-08-04,2026-08-04,21900.00,CE,NIFTY2680421900CE,0.00,0.00,0.00,2112.90,0.00,2112.90,24211.00,2392.60,0,0,0,0.00,0,F1,65,,,,,
2026-07-13,2026-07-13,FO,NSE,IDO,65423,,NIFTY,,2026-08-04,2026-08-04,22300.00,CE,NIFTY2680422300CE,0.00,0.00,0.00,1749.25,0.00,1749.25,24211.00,1999.20,0,0,0,0.00,0,F1,65,,,,,
2026-07-13,2026-07-13,FO,NSE,IDO,65437,,NIFTY,,2026-08-04,2026-08-04,22600.00,CE,NIFTY2680422600CE,0.00,0.00,0.00,1491.15,0.00,1491.15,24211.00,1709.60,0,0,0,0.00,0,F1,65,,,,,
2026-07-13,2026-07-13,FO,NSE,IDO,65449,,NIFTY,,2026-08-04,2026-08-04,22850.00,CE,NIFTY2680422850CE,0.00,0.00,0.00,1288.45,0.00,1288.45,24211.00,1474.85,0,0,0,0.00,0,F1,65,,,,,
2026-07-13,2026-07-13,FO,NSE,IDO,65680,,NIFTY,,2026-08-04,2026-08-04,23700.00,CE,NIFTY2680423700CE,528.05,679.85,514.20,671.75,672.40,569.40,24211.00,671.75,2275,1365,30,47273164.25,30,F1,65,,,,,
2026-07-13,2026-07-13,FO,NSE,IDO,65910,,NIFTY,,2026-08-04,2026-08-04,24850.00,CE,NIFTY2680424850CE,0.00,0.00,0.00,237.50,0.00,237.50,24211.00,191.10,0,0,0,0.00,0,F1,65,,,,,
2026-07-13,2026-07-13,FO,NSE,IDO,65926,,NIFTY,,2026-08-04,2026-08-04,25200.00,CE,NIFTY2680425200CE,50.70,50.70,22.95,28.80,28.30,159.00,24211.00,28.80,4355,4355,154,252549498.50,119,F1,65,,,,,
2026-07-13,2026-07-13,FO,NSE,IDO,40923,,NIFTY,,2026-08-11,2026-08-11,22400.00,CE,NIFTY2681122400CE,0.00,0.00,0.00,2148.50,0.00,2148.50,24211.00,1937.75,0,0,0,0.00,0,F1,65,,,,,
2026-07-13,2026-07-13,FO,NSE,IDO,40931,,NIFTY,,2026-08-11,2026-08-11,22550.00,CE,NIFTY2681122550CE,0.00,0.00,0.00,2006.75,0.00,2006.75,24211.00,1796.25,0,0,0,0.00,0,F1,65,,,,,
2026-07-13,2026-07-13,FO,NSE,IDO,40957,,NIFTY,,2026-08-11,2026-08-11,23200.00,CE,NIFTY2681123200CE,0.00,0.00,0.00,1423.10,0.00,1423.10,24211.00,1218.80,0,0,0,0.00,0,F1,65,,,,,
2026-07-13,2026-07-13,FO,NSE,IDO,41043,,NIFTY,,2026-08-11,2026-08-11,25150.00,CE,NIFTY2681125150CE,0.00,0.00,0.00,268.60,0.00,268.60,24211.00,170.90,0,0,0,0.00,0,F1,65,,,,,
2026-07-13,2026-07-13,FO,NSE,IDO,61352,,NIFTY,,2026-08-25,2026-08-25,22000.00,CE,NIFTY26AUG22000CE,2111.40,2385.00,2111.40,2325.00,2325.00,2328.45,24211.00,2399.85,42120,1690,42,66249576.25,35,F1,65,,,,,
2026-07-13,2026-07-13,FO,NSE,IDO,61366,,NIFTY,,2026-08-25,2026-08-25,22200.00,CE,NIFTY26AUG22200CE,0.00,0.00,0.00,1486.10,1486.10,1486.10,24211.00,2211.00,65,0,0,0.00,0,F1,65,,,,,
2026-07-13,2026-07-13,FO,NSE,IDO,61372,,NIFTY,,2026-08-25,2026-08-25,22250.00,CE,NIFTY26AUG22250CE,0.00,0.00,0.00,1585.40,1585.40,1585.40,24211.00,2164.30,65,0,0,0.00,0,F1,65,,,,,
2026-07-13,2026-07-13,FO,NSE,IDO,61380,,NIFTY,,2026-08-25,2026-08-25,22400.00,CE,NIFTY26AUG22400CE,0.00,0.00,0.00,1672.00,1672.00,1672.00,24211.00,2025.60,65,0,0,0.00,0,F1,65,,,,,
2026-07-13,2026-07-13,FO,NSE,IDO,61416,,NIFTY,,2026-08-25,2026-08-25,22800.00,CE,NIFTY26AUG22800CE,0.00,0.00,0.00,1402.85,1402.85,1402.85,24211.00,1668.80,1625,0,0,0.00,0,F1,65,,,,,
2026-07-13,2026-07-13,FO,NSE,IDO,61422,,NIFTY,,2026-08-25,2026-08-25,22850.00,CE,NIFTY26AUG22850CE,0.00,0.00,0.00,1016.60,1016.60,1016.60,24211.00,1625.80,130,0,0,0.00,0,F1,65,,,,,
2026-07-13,2026-07-13,FO,NSE,IDO,61493,,NIFTY,,2026-08-25,2026-08-25,23450.00,CE,NIFTY26AUG23450CE,0.00,0.00,0.00,874.35,874.35,874.35,24211.00,1146.90,455,0,0,0.00,0,F1,65,,,,,
2026-07-13,2026-07-13,FO,NSE,IDO,61499,,NIFTY,,2026-08-25,2026-08-25,23500.00,CE,NIFTY26AUG23500CE,830.00,1015.80,819.00,977.80,989.65,966.65,24211.00,977.80,231920,-4940,983,1559199573.75,696,F1,65,,,,,
2026-07-13,2026-07-13,FO,NSE,IDO,61610,,NIFTY,,2026-08-25,2026-08-25,24100.00,CE,NIFTY26AUG24100CE,440.20,585.80,429.00,552.20,558.00,533.70,24211.00,552.20,91390,1690,2109,3375126719.25,1699,F1,65,,,,,
2026-07-13,2026-07-13,FO,NSE,IDO,61855,,NIFTY,,2026-08-25,2026-08-25,24850.00,CE,NIFTY26AUG24850CE,139.45,199.95,136.00,189.70,188.30,175.55,24211.00,189.70,12285,-910,120,195141527.75,93,F1,65,,,,,
2026-07-13,2026-07-13,FO,NSE,IDO,61913,,NIFTY,,2026-08-25,2026-08-25,25100.00,CE,NIFTY26AUG25100CE,95.00,130.40,77.55,117.55,121.60,107.65,24211.00,117.55,192725,9685,2945,4824226091.75,2119,F1,65,,,,,
2026-07-13,2026-07-13,FO,NSE,IDO,73867,,NIFTY,,2026-09-29,2026-09-29,22050.00,CE,NIFTY26SEP22050CE,0.00,0.00,0.00,2284.20,0.00,2284.20,24211.00,2537.35,0,0,0,0.00,0,F1,65,,,,,
2026-07-13,2026-07-13,FO,NSE,IDO,73889,,NIFTY,,2026-09-29,2026-09-29,22650.00,CE,NIFTY26SEP22650CE,0.00,0.00,0.00,1671.25,1671.25,1671.25,24211.00,2019.90,65,0,0,0.00,0,F1,65,,,,,
2026-07-13,2026-07-13,FO,NSE,IDO,73904,,NIFTY,,2026-09-29,2026-09-29,23050.00,CE,NIFTY26SEP23050CE,0.00,0.00,0.00,1457.35,1457.35,1457.35,24211.00,1701.10,325,0,0,0.00,0,F1,65,,,,,
2026-07-13,2026-07-13,FO,NSE,IDO,73923,,NIFTY,,2026-09-29,2026-09-29,23300.00,CE,NIFTY26SEP23300CE,0.00,0.00,0.00,1311.10,1311.10,1311.10,24211.00,1515.50,325,0,0,0.00,0,F1,65,,,,,
2026-07-13,2026-07-13,FO,NSE,IDO,74003,,NIFTY,,2026-09-29,2026-09-29,23600.00,CE,NIFTY26SEP23600CE,982.00,1044.00,973.95,1044.00,1044.00,955.40,24211.00,1305.40,1170,325,10,15996802.25,10,F1,65,,,,,
2026-07-13,2026-07-13,FO,NSE,IDO,74060,,NIFTY,,2026-09-29,2026-09-29,24050.00,CE,NIFTY26SEP24050CE,692.25,761.35,677.40,745.50,745.50,795.80,24211.00,1024.25,3380,-130,61,98145433.75,33,F1,65,,,,,
2026-07-13,2026-07-13,FO,NSE,IDO,74116,,NIFTY,,2026-09-29,2026-09-29,24450.00,CE,NIFTY26SEP24450CE,573.30,578.40,565.00,567.90,567.90,530.00,24211.00,567.90,2600,-65,4,6505499.00,4,F1,65,,,,,
2026-07-13,2026-07-13,FO,NSE,IDO,74370,,NIFTY,,2026-09-29,2026-09-29,25150.00,CE,NIFTY26SEP25150CE,0.00,0.00,0.00,452.40,0.00,452.40,24211.00,509.10,0,0,0,0.00,0,F1,65,,,,,
2026-07-13,2026-07-13,FO,NSE,IDO,65929,,NIFTY,,2026-09-29,2026-09-29,33000.00,CE,NIFTY26SEP33000CE,3.10,3.10,2.80,3.00,3.00,3.20,24211.00,3.00,30745,-1625,25,53629946.50,16,F1,65,,,,,
2026-07-13,2026-07-13,FO,NSE,IDO,55322,,NIFTY,,2026-12-29,2026-12-29,16500.00,CE,NIFTY26DEC16500CE,0.00,0.00,0.00,10405.00,0.00,10405.00,24211.00,8201.05,0,0,0,0.00,0,F1,65,,,,,
2026-07-13,2026-07-13,FO,NSE,IDO,58642,,NIFTY,,2026-12-29,2026-12-29,19000.00,CE,NIFTY26DEC19000CE,5600.00,5699.00,5600.00,5699.00,5699.00,5690.25,24211.00,5782.85,56940,130,2,3204435.00,2,F1,65,,,,,
2026-07-13,2026-07-13,FO,NSE,IDO,80249,,NIFTY,,2027-03-30,2027-03-30,19500.00,CE,NIFTY27MAR19500CE,0.00,0.00,0.00,4365.40,0.00,4365.40,24211.00,5635.20,0,0,0,0.00,0,F1,65,,,,,
2026-07-13,2026-07-13,FO,NSE,IDO,53603,,NIFTY,,2027-12-28,2027-12-28,18000.00,CE,NIFTY27DEC18000CE,0.00,0.00,0.00,6285.70,0.00,6285.70,24211.00,7888.25,0,0,0,0.00,0,F1,65,,,,,
2026-07-13,2026-07-13,FO,NSE,IDO,86151,,NIFTY,,2028-06-27,2028-06-27,24000.00,CE,NIFTY28JUN24000CE,0.00,0.00,0.00,3918.85,0.00,3918.85,24211.00,4032.75,0,0,0,0.00,0,F1,65,,,,,
2026-07-13,2026-07-13,FO,NSE,IDO,35352,,NIFTY,,2028-06-27,2028-06-27,30000.00,CE,NIFTY28JUN30000CE,0.00,0.00,0.00,2278.45,0.00,2278.45,24211.00,1457.90,0,0,0,0.00,0,F1,65,,,,,
2026-07-13,2026-07-13,FO,NSE,IDO,55520,,NIFTY,,2028-12-26,2028-12-26,22500.00,CE,NIFTY28DEC22500CE,0.00,0.00,0.00,7382.90,0.00,7382.90,24211.00,5640.50,0,0,0,0.00,0,F1,65,,,,,
2026-07-13,2026-07-13,FO,NSE,IDO,55526,,NIFTY,,2028-12-26,2028-12-26,31500.00,CE,NIFTY28DEC31500CE,0.00,0.00,0.00,2327.60,0.00,2327.60,24211.00,1591.90,0,0,0,0.00,0,F1,65,,,,,
2026-07-13,2026-07-13,FO,NSE,IDO,55566,,NIFTY,,2029-06-26,2029-06-26,31500.00,CE,NIFTY29JUN31500CE,0.00,0.00,0.00,2878.65,0.00,2878.65,24211.00,2116.60,0,0,0,0.00,0,F1,65,,,,,
2026-07-13,2026-07-13,FO,NSE,IDO,61748,,NIFTY,,2029-12-24,2029-12-24,24000.00,CE,NIFTY29DEC24000CE,0.00,0.00,0.00,7730.00,0.00,7730.00,24211.00,5948.50,0,0,0,0.00,0,F1,65,,,,,
2026-07-13,2026-07-13,FO,NSE,IDO,55698,,NIFTY,,2030-12-31,2030-12-31,18000.00,CE,NIFTY30DEC18000CE,0.00,0.00,0.00,12674.15,0.00,12674.15,24211.00,10895.55,0,0,0,0.00,0,F1,65,,,,,
2026-07-13,2026-07-13,FO,NSE,IDO,51224,,NIFTY,,2026-07-14,2026-07-14,21600.00,PE,NIFTY2671421600PE,0.80,0.95,0.35,0.50,0.65,0.95,24211.00,0.50,195520,-163670,14697,20635224099.75,2621,F1,65,,,,,
2026-07-13,2026-07-13,FO,NSE,IDO,51266,,NIFTY,,2026-07-14,2026-07-14,22300.00,PE,NIFTY2671422300PE,0.95,1.45,0.60,0.85,1.10,1.45,24211.00,0.85,434850,-901875,81901,118720810715.00,14055,F1,65,,,,,
2026-07-13,2026-07-13,FO,NSE,IDO,51318,,NIFTY,,2026-07-14,2026-07-14,23050.00,PE,NIFTY2671423050PE,1.65,2.75,1.65,2.10,2.20,3.10,24211.00,2.10,1609140,799045,368979,552873195312.75,62038,F1,65,,,,,
2026-07-13,2026-07-13,FO,NSE,IDO,51348,,NIFTY,,2026-07-14,2026-07-14,23500.00,PE,NIFTY2671423500PE,8.00,8.20,3.15,4.25,4.60,5.70,24211.00,4.25,11179155,1223170,1716849,2623008943087.00,341627,F1,65,,,,,
2026-07-13,2026-07-13,FO,NSE,IDO,51406,,NIFTY,,2026-07-14,2026-07-14,24700.00,PE,NIFTY2671424700PE,685.00,710.00,448.25,498.45,483.10,495.20,24211.00,498.45,122135,-38090,5256,8619927091.75,3574,F1,65,,,,,
2026-07-13,2026-07-13,FO,NSE,IDO,51440,,NIFTY,,2026-07-14,2026-07-14,25150.00,PE,NIFTY2671425150PE,980.95,980.95,906.55,924.15,924.15,934.25,24211.00,934.85,4225,-195,14,23745608.25,11,F1,65,,,,,
2026-07-13,2026-07-13,FO,NSE,IDO,51476,,NIFTY,,2026-07-14,2026-07-14,25500.00,PE,NIFTY2671425500PE,1500.00,1502.90,1258.75,1296.80,1282.35,1291.10,24211.00,1296.80,109980,-25935,558,973755750.50,383,F1,65,,,,,
2026-07-13,2026-07-13,FO,NSE,IDO,51494,,NIFTY,,2026-07-14,2026-07-14,25850.00,PE,NIFTY2671425850PE,1762.70,1762.70,1762.50,1762.50,1762.50,1639.35,24211.00,1634.75,3055,0,4,7179276.00,2,F1,65,,,,,
2026-07-13,2026-07-13,FO,NSE,IDO,57264,,NIFTY,,2026-07-21,2026-07-21,22100.00,PE,NIFTY2672122100PE,4.50,4.80,3.50,4.05,4.25,4.00,24211.00,4.05,142935,-19500,7442,10692362083.00,3546,F1,65,,,,,
2026-07-13,2026-07-13,FO,NSE,IDO,57339,,NIFTY,,2026-07-21,2026-07-21,23950.00,PE,NIFTY2672123950PE,134.95,162.85,86.70,94.65,90.00,87.15,24211.00,94.65,452270,293280,30433,47601386891.50,20663,F1,65,,,,,
2026-07-13,2026-07-13,FO,NSE,IDO,57343,,NIFTY,,2026-07-21,2026-07-21,24050.00,PE,NIFTY2672124050PE,172.50,209.65,114.00,122.30,117.65,115.70,24211.00,122.30,470015,350675,56109,88279172923.50,33515,F1,65,,,,,
2026-07-13,2026-07-13,FO,NSE,IDO,57349,,NIFTY,,2026-07-21,2026-07-21,24200.00,PE,NIFTY2672124200PE,236.00,299.95,166.10,177.75,175.75,172.85,24211.00,177.75,1925040,656370,172304,273314237290.25,112243,F1,65,,,,,
2026-07-13,2026-07-13,FO,NSE,IDO,57391,,NIFTY,,2026-07-21,2026-07-21,24900.00,PE,NIFTY2672124900PE,867.50,886.10,651.00,688.55,683.25,678.10,24211.00,688.55,10140,6370,251,418665081.25,186,F1,65,,,,,
2026-07-13,2026-07-13,FO,NSE,IDO,57449,,NIFTY,,2026-07-21,2026-07-21,25800.00,PE,NIFTY2672125800PE,1650.00,1670.00,1570.00,1570.00,1570.00,1590.00,24211.00,1556.25,1300,715,11,19622850.00,11,F1,65,,,,,
2026-07-13,2026-07-13,FO,NSE,IDO,63814,,NIFTY,,2026-07-28,2026-07-28,21150.00,PE,NIFTY26JUL21150PE,5.05,6.00,4.35,5.30,4.95,4.90,24211.00,5.30,15145,2795,146,200764560.75,65,F1,65,,,,,
2026-07-13,2026-07-13,FO,NSE,IDO,63856,,NIFTY,,2026-07-28,2026-07-28,22000.00,PE,NIFTY26JUL22000PE,10.00,12.00,7.95,8.70,9.10,8.25,24211.00,8.70,1795235,65650,11821,16910701327.00,5133,F1,65,,,,,
2026-07-13,2026-07-13,FO,NSE,IDO,63862,,NIFTY,,2026-07-28,2026-07-28,22150.00,PE,NIFTY26JUL22150PE,10.50,10.95,8.55,9.85,10.45,8.60,24211.00,9.85,13260,650,249,358652895.25,206,F1,65,,,,,
2026-07-13,2026-07-13,FO,NSE,IDO,63890,,NIFTY,,2026-07-28,2026-07-28,22850.00,PE,NIFTY26JUL22850PE,25.30,26.45,17.30,18.95,20.00,16.80,24211.00,18.95,52260,-6890,816,1213091613.50,448,F1,65,,,,,
2026-07-13,2026-07-13,FO,NSE,IDO,63900,,NIFTY,,2026-07-28,2026-07-28,23100.00,PE,NIFTY26JUL23100PE,37.45,39.65,25.00,27.75,27.90,23.65,24211.00,27.75,941915,-19955,13568,20400635645.00,7166,F1,65,,,,,
2026-07-13,2026-07-13,FO,NSE,IDO,63904,,NIFTY,,2026-07-28,2026-07-28,23200.00,PE,NIFTY26JUL23200PE,36.10,48.95,29.75,32.65,33.25,28.10,24211.00,32.65,793650,-22100,17531,26479719890.00,11658,F1,65,,,,,
2026-07-13,2026-07-13,FO,NSE,IDO,63948,,NIFTY,,2026-07-28,2026-07-28,24200.00,PE,NIFTY26JUL24200PE,290.00,336.75,212.20,226.60,221.80,218.25,24211.00,226.60,2744040,117975,71350,113429037956.00,45167,F1,65,,,,,
2026-07-13,2026-07-13,FO,NSE,IDO,63997,,NIFTY,,2026-07-28,2026-07-28,25350.00,PE,NIFTY26JUL25350PE,0.00,0.00,0.00,1336.75,1336.75,1336.75,24211.00,1118.55,1430,0,0,0.00,0,F1,65,,,,,
2026-07-13,2026-07-13,FO,NSE,IDO,65167,,NIFTY,,2026-08-04,2026-08-04,21750.00,PE,NIFTY2680421750PE,0.00,0.00,0.00,25.15,0.00,25.15,24211.00,1.20,0,0,0,0.00,0,F1,65,,,,,
2026-07-13,2026-07-13,FO,NSE,IDO,65245,,NIFTY,,2026-08-04,2026-08-04,21900.00,PE,NIFTY2680421900PE,12.00,12.65,12.00,12.65,12.65,33.40,24211.00,12.65,195,195,3,4272914.75,3,F1,65,,,,,
2026-07-13,2026-07-13,FO,NSE,IDO,65424,,NIFTY,,2026-08-04,2026-08-04,22300.00,PE,NIFTY2680422300PE,17.50,18.10,13.50,16.45,16.35,14.70,24211.00,16.45,10010,2600,134,194367943.25,66,F1,65,,,,,
2026-07-13,2026-07-13,FO,NSE,IDO,65432,,NIFTY,,2026-08-04,2026-08-04,22450.00,PE,NIFTY2680422450PE,21.90,22.50,17.70,17.70,17.70,17.10,24211.00,11.00,1690,195,16,23369323.25,13,F1,65,,,,,
2026-07-13,2026-07-13,FO,NSE,IDO,65436,,NIFTY,,2026-08-04,2026-08-04,22550.00,PE,NIFTY2680422550PE,25.45,25.45,19.55,20.35,20.35,18.20,24211.00,20.35,2730,-325,25,36682941.75,9,F1,65,,,,,
2026-07-13,2026-07-13,FO,NSE,IDO,65446,,NIFTY,,2026-08-04,2026-08-04,22750.00,PE,NIFTY2680422750PE,33.45,33.45,25.35,26.75,26.40,24.15,24211.00,26.75,4810,-910,47,69593803.50,29,F1,65,,,,,
2026-07-13,2026-07-13,FO,NSE,IDO,65524,,NIFTY,,2026-08-04,2026-08-04,23150.00,PE,NIFTY2680423150PE,62.75,62.75,45.05,48.65,47.20,41.95,24211.00,48.65,2860,0,30,45245317.00,24,F1,65,,,,,
2026-07-13,2026-07-13,FO,NSE,IDO,65913,,NIFTY,,2026-08-04,2026-08-04,24900.00,PE,NIFTY2680424900PE,0.00,0.00,0.00,703.15,703.15,703.15,24211.00,775.65,65,0,0,0.00,0,F1,65,,,,,
2026-07-13,2026-07-13,FO,NSE,IDO,65925,,NIFTY,,2026-08-04,2026-08-04,25150.00,PE,NIFTY2680425150PE,0.00,0.00,0.00,1316.15,0.00,1316.15,24211.00,966.45,0,0,0,0.00,0,F1,65,,,,,
2026-07-13,2026-07-13,FO,NSE,IDO,65927,,NIFTY,,2026-08-04,2026-08-04,25200.00,PE,NIFTY2680425200PE,0.00,0.00,0.00,1356.05,0.00,1356.05,24211.00,1006.70,0,0,0,0.00,0,F1,65,,,,,
2026-07-13,2026-07-13,FO,NSE,IDO,40886,,NIFTY,,2026-08-11,2026-08-11,21650.00,PE,NIFTY2681121650PE,0.00,0.00,0.00,3.35,0.00,3.35,24211.00,2.75,0,0,0,0.00,0,F1,65,,,,,
2026-07-13,2026-07-13,FO,NSE,IDO,40962,,NIFTY,,2026-08-11,2026-08-11,23300.00,PE,NIFTY2681123300PE,99.80,99.80,82.50,82.55,82.55,105.85,24211.00,82.55,195,195,4,6080581.00,3,F1,65,,,,,
2026-07-13,2026-07-13,FO,NSE,IDO,41026,,NIFTY,,2026-08-11,2026-08-11,24750.00,PE,NIFTY2681124750PE,0.00,0.00,0.00,622.55,0.00,622.55,24211.00,707.35,0,0,0,0.00,0,F1,65,,,,,
2026-07-13,2026-07-13,FO,NSE,IDO,41036,,NIFTY,,2026-08-11,2026-08-11,24950.00,PE,NIFTY2681124950PE,0.00,0.00,0.00,742.80,0.00,742.80,24211.00,842.65,0,0,0,0.00,0,F1,65,,,,,
2026-07-13,2026-07-13,FO,NSE,IDO,41048,,NIFTY,,2026-08-11,2026-08-11,25250.00,PE,NIFTY2681125250PE,0.00,0.00,0.00,944.30,0.00,944.30,24211.00,1066.70,0,0,0,0.00,0,F1,65,,,,,
2026-07-13,2026-07-13,FO,NSE,IDO,41052,,NIFTY,,2026-08-11,2026-08-11,25350.00,PE,NIFTY2681125350PE,0.00,0.00,0.00,1016.70,0.00,1016.70,24211.00,1146.35,0,0,0,0.00,0,F1,65,,,,,
2026-07-13,2026-07-13,FO,NSE,IDO,41076,,NIFTY,,2026-08-11,2026-08-11,25900.00,PE,NIFTY2681125900PE,0.00,0.00,0.00,1455.05,0.00,1455.05,24211.00,1619.10,0,0,0,0.00,0,F1,65,,,,,
2026-07-13,2026-07-13,FO,NSE,IDO,41082,,NIFTY,,2026-08-11,2026-08-11,26050.00,PE,NIFTY2681126050PE,0.00,0.00,0.00,1584.30,0.00,1584.30,24211.00,1756.05,0,0,0,0.00,0,F1,65,,,,,
2026-07-13,2026-07-13,FO,NSE,IDO,61410,,NIFTY,,2026-08-25,2026-08-25,22700.00,PE,NIFTY26AUG22700PE,66.60,69.40,52.55,55.35,55.30,49.55,24211.00,55.35,97435,520,1370,2026739819.00,1020,F1,65,,,,,
2026-07-13,2026-07-13,FO,NSE,IDO,61423,,NIFTY,,2026-08-25,2026-08-25,22850.00,PE,NIFTY26AUG22850PE,82.35,83.90,62.60,64.65,64.00,59.40,24211.00,64.65,17875,-650,61,90893796.50,39,F1,65,,,,,
2026-07-13,2026-07-13,FO,NSE,IDO,61866,,NIFTY,,2026-08-25,2026-08-25,24950.00,PE,NIFTY26AUG24950PE,746.00,746.00,746.00,746.00,746.00,748.15,24211.00,886.10,390,0,1,1670240.00,1,F1,65,,,,,
2026-07-13,2026-07-13,FO,NSE,IDO,61934,,NIFTY,,2026-08-25,2026-08-25,25250.00,PE,NIFTY26AUG25250PE,0.00,0.00,0.00,1736.20,1736.20,1736.20,24211.00,1093.45,65,0,0,0.00,0,F1,65,,,,,
2026-07-13,2026-07-13,FO,NSE,IDO,61980,,NIFTY,,2026-08-25,2026-08-25,25600.00,PE,NIFTY26AUG25600PE,0.00,0.00,0.00,1658.25,0.00,1658.25,24211.00,1360.65,0,0,0,0.00,0,F1,65,,,,,
2026-07-13,2026-07-13,FO,NSE,IDO,65882,,NIFTY,,2026-09-29,2026-09-29,15000.00,PE,NIFTY26SEP15000PE,4.50,5.50,4.50,5.50,5.50,4.70,24211.00,5.50,36075,585,110,107286624.25,18,F1,65,,,,,
2026-07-13,2026-07-13,FO,NSE,IDO,73858,,NIFTY,,2026-09-29,2026-09-29,21900.00,PE,NIFTY26SEP21900PE,57.25,57.50,49.35,50.00,50.00,45.70,24211.00,59.00,2600,520,20,28540258.50,16,F1,65,,,,,
2026-07-13,2026-07-13,FO,NSE,IDO,55285,,NIFTY,,2026-09-29,2026-09-29,22500.00,PE,NIFTY26SEP22500PE,97.85,104.35,81.50,83.90,83.10,80.70,24211.00,83.90,1164865,67925,4956,7277499823.75,2364,F1,65,,,,,
2026-07-13,2026-07-13,FO,NSE,IDO,73890,,NIFTY,,2026-09-29,2026-09-29,22650.00,PE,NIFTY26SEP22650PE,113.20,113.20,97.15,97.15,97.15,94.45,24211.00,97.15,5200,-130,8,11832785.25,8,F1,65,,,,,
2026-07-13,2026-07-13,FO,NSE,IDO,65907,,NIFTY,,2026-09-29,2026-09-29,27000.00,PE,NIFTY26SEP27000PE,2611.70,2660.00,2439.15,2461.10,2446.25,2473.15,24211.00,2461.10,1360915,4095,122,234163036.25,100,F1,65,,,,,
2026-07-13,2026-07-13,FO,NSE,IDO,55291,,NIFTY,,2026-09-29,2026-09-29,31500.00,PE,NIFTY26SEP31500PE,0.00,0.00,0.00,4341.20,0.00,4341.20,24211.00,6854.30,0,0,0,0.00,0,F1,65,,,,,
2026-07-13,2026-07-13,FO,NSE,IDO,80191,,NIFTY,,2027-03-30,2027-03-30,16500.00,PE,NIFTY27MAR16500PE,0.00,0.00,0.00,33.00,33.00,33.00,24211.00,1.10,1105,0,0,0.00,0,F1,65,,,,,
2026-07-13,2026-07-13,FO,NSE,IDO,71550,,NIFTY,,2027-06-29,2027-06-29,19000.00,PE,NIFTY27JUN19000PE,0.00,0.00,0.00,195.00,195.00,195.00,24211.00,46.35,1135,0,0,0.00,0,F1,65,,,,,
2026-07-13,2026-07-13,FO,NSE,IDO,55373,,NIFTY,,2027-06-29,2027-06-29,19500.00,PE,NIFTY27JUN19500PE,0.00,0.00,0.00,17.30,0.00,17.30,24211.00,69.05,0,0,0,0.00,0,F1,65,,,,,
2026-07-13,2026-07-13,FO,NSE,IDO,53604,,NIFTY,,2027-12-28,2027-12-28,18000.00,PE,NIFTY27DEC18000PE,0.00,0.00,0.00,181.05,195.00,181.05,24211.00,44.90,11915,0,0,0.00,0,F1,65,,,,,
2026-07-13,2026-07-13,FO,NSE,IDO,53606,,NIFTY,,2027-12-28,2027-12-28,19000.00,PE,NIFTY27DEC19000PE,0.00,0.00,0.00,228.45,228.05,228.45,24211.00,88.85,1910,0,0,0.00,0,F1,65,,,,,
2026-07-13,2026-07-13,FO,NSE,IDO,53611,,NIFTY,,2027-12-28,2027-12-28,20000.00,PE,NIFTY27DEC20000PE,261.60,261.90,228.00,233.25,235.00,236.55,24211.00,233.25,26680,715,34,44725749.25,26,F1,65,,,,,
2026-07-13,2026-07-13,FO,NSE,IDO,55479,,NIFTY,,2028-06-27,2028-06-27,28500.00,PE,NIFTY28JUN28500PE,0.00,0.00,0.00,1560.85,0.00,1560.85,24211.00,2801.25,0,0,0,0.00,0,F1,65,,,,,
2026-07-13,2026-07-13,FO,NSE,IDO,67779,,NIFTY,,2028-12-26,2028-12-26,22000.00,PE,NIFTY28DEC22000PE,0.00,0.00,0.00,600.00,600.00,600.00,24211.00,510.60,7850,0,0,0.00,0,F1,65,,,,,
2026-07-13,2026-07-13,FO,NSE,IDO,74650,,NIFTY,,2031-06-24,2031-06-24,24000.00,PE,NIFTY31JUN24000PE,0.00,0.00,0.00,933.85,0.00,933.85,24211.00,810.80,0,0,0,0.00,0,F1,65,,,,,
2026-07-13,2026-07-13,FO,NSE,IDO,74652,,NIFTY,,2031-06-24,2031-06-24,25500.00,PE,NIFTY31JUN25500PE,0.00,0.00,0.00,1262.85,0.00,1262.85,24211.00,1107.90,0,0,0,0.00,0,F1,65,,,,,
2026-07-13,2026-07-13,FO,NSE,IDO,74656,,NIFTY,,2031-06-24,2031-06-24,28500.00,PE,NIFTY31JUN28500PE,0.00,0.00,0.00,2104.20,0.00,2104.20,24211.00,1876.05,0,0,0,0.00,0,F1,65,,,,,
2026-07-13,2026-07-13,FO,NSE,IDO,74660,,NIFTY,,2031-06-24,2031-06-24,30000.00,PE,NIFTY31JUN30000PE,0.00,0.00,0.00,2616.25,0.00,2616.25,24211.00,2349.20,0,0,0,0.00,0,F1,65,,,,,
2026-07-13,2026-07-13,FO,NSE,IDO,67795,,NIFTY,,2028-12-26,2028-12-26,30000.00,PE,NIFTY28DEC30000PE,0.00,0.00,0.00,2352.75,0.00,2352.75,24211.00,3372.50,0,0,0,0.00,0,F1,65,,,,,
2026-07-13,2026-07-13,FO,NSE,IDO,51215,,NIFTY,,2026-07-14,2026-07-14,21550.00,CE,NIFTY2671421550CE,0.00,0.00,0.00,2660.90,2660.90,2660.90,24211.00,2664.60,2015,0,0,0.00,0,F1,65,,,,,
2026-07-13,2026-07-13,FO,NSE,IDO,51239,,NIFTY,,2026-07-14,2026-07-14,21950.00,CE,NIFTY2671421950CE,0.00,0.00,0.00,2231.85,2231.85,2231.85,24211.00,2264.65,3250,0,0,0.00,0,F1,65,,,,,
2026-07-13,2026-07-13,FO,NSE,IDO,51250,,NIFTY,,2026-07-14,2026-07-14,22100.00,CE,NIFTY2671422100CE,0.00,0.00,0.00,2090.90,2090.90,2090.90,24211.00,2114.70,3380,0,0,0.00,0,F1,65,,,,,
2026-07-13,2026-07-13,FO,NSE,IDO,51267,,NIFTY,,2026-07-14,2026-07-14,22350.00,CE,NIFTY2671422350CE,0.00,0.00,0.00,1861.45,1861.45,1861.45,24211.00,1864.70,2080,0,0,0.00,0,F1,65,,,,,
2026-07-13,2026-07-13,FO,NSE,IDO,51282,,NIFTY,,2026-07-14,2026-07-14,22500.00,CE,NIFTY2671422500CE,1626.45,1727.65,1604.60,1726.90,1726.90,1714.90,24211.00,1714.75,6435,-5395,207,324914278.00,176,F1,65,,,,,
2026-07-13,2026-07-13,FO,NSE,IDO,51311,,NIFTY,,2026-07-14,2026-07-14,23050.00,CE,NIFTY2671423050CE,967.00,1152.00,967.00,1152.00,1152.00,1140.25,24211.00,1152.00,3705,195,11,17242592.25,11,F1,65,,,,,
2026-07-13,2026-07-13,FO,NSE,IDO,51362,,NIFTY,,2026-07-14,2026-07-14,23850.00,CE,NIFTY2671423850CE,243.00,424.80,178.50,368.25,380.00,372.40,24211.00,368.25,253565,-62400,107799,168917989776.25,74457,F1,65,,,,,
2026-07-13,2026-07-13,FO,NSE,IDO,51385,,NIFTY,,2026-07-14,2026-07-14,24300.00,CE,NIFTY2671424300CE,20.00,80.40,7.80,37.95,42.95,57.00,24211.00,37.95,9325030,-75920,7457321,11796670596701.25,2196512,F1,65,,,,,
2026-07-13,2026-07-13,FO,NSE,IDO,51387,,NIFTY,,2026-07-14,2026-07-14,24350.00,CE,NIFTY2671424350CE,12.00,59.70,5.50,24.40,27.10,41.40,24211.00,24.40,5036655,2015845,4242682,6722207520765.75,1283995,F1,65,,,,,
2026-07-13,2026-07-13,FO,NSE,IDO,57240,,NIFTY,,2026-07-21,2026-07-21,21600.00,CE,NIFTY2672121600CE,0.00,0.00,0.00,2524.90,0.00,2524.90,24211.00,2639.60,0,0,0,0.00,0,F1,65,,,,,
2026-07-13,2026-07-13,FO,NSE,IDO,57281,,NIFTY,,2026-07-21,2026-07-21,22550.00,CE,NIFTY2672122550CE,0.00,0.00,0.00,1632.70,0.00,1632.70,24211.00,1691.20,0,0,0,0.00,0,F1,65,,,,,
2026-07-13,2026-07-13,FO,NSE,IDO,57283,,NIFTY,,2026-07-21,2026-07-21,22600.00,CE,NIFTY2672122600CE,0.00,0.00,0.00,1584.20,1584.20,1584.20,24211.00,1641.40,65,0,0,0.00,0,F1,65,,,,,
2026-07-13,2026-07-13,FO,NSE,IDO,57287,,NIFTY,,2026-07-21,2026-07-21,22700.00,CE,NIFTY2672122700CE,0.00,0.00,0.00,1501.40,0.00,1501.40,24211.00,1541.90,0,0,0,0.00,0,F1,65,,,,,
2026-07-13,2026-07-13,FO,NSE,IDO,57354,,NIFTY,,2026-07-21,2026-07-21,24350.00,CE,NIFTY2672124350CE,75.00,158.55,56.80,127.35,130.00,124.45,24211.00,127.35,421655,186810,40082,63729943098.25,28562,F1,65,,,,,
2026-07-13,2026-07-13,FO,NSE,IDO,57371,,NIFTY,,2026-07-21,2026-07-21,24700.00,CE,NIFTY2672124700CE,16.25,44.85,12.35,30.35,30.75,30.85,24211.00,30.35,1686555,923325,126538,203371938919.50,79073,F1,65,,,,,
2026-07-13,2026-07-13,FO,NSE,IDO,57436,,NIFTY,,2026-07-21,2026-07-21,25650.00,CE,NIFTY2672125650CE,1.65,1.65,1.05,1.20,1.15,1.60,24211.00,1.20,116285,47515,3692,6155776029.00,2641,F1,65,,,,,
2026-07-13,2026-07-13,FO,NSE,IDO,57454,,NIFTY,,2026-07-21,2026-07-21,25950.00,CE,NIFTY2672125950CE,1.05,1.10,0.90,1.00,0.90,1.15,24211.00,1.00,17420,10985,357,602192591.00,178,F1,65,,,,,
2026-07-13,2026-07-13,FO,NSE,IDO,57456,,NIFTY,,2026-07-21,2026-07-21,26000.00,CE,NIFTY2672126000CE,1.15,1.15,0.90,0.95,0.90,1.15,24211.00,0.95,1125670,271635,13774,23278932342.25,2478,F1,65,,,,,
2026-07-13,2026-07-13,FO,NSE,IDO,63849,,NIFTY,,2026-07-28,2026-07-28,21850.00,CE,NIFTY26JUL21850CE,0.00,0.00,0.00,2031.20,2031.20,2031.20,24211.00,2415.45,65,0,0,0.00,0,F1,65,,,,,
2026-07-13,2026-07-13,FO,NSE,IDO,63871,,NIFTY,,2026-07-28,2026-07-28,22400.00,CE,NIFTY26JUL22400CE,1799.00,1862.75,1799.00,1862.75,1862.75,1866.00,24211.00,1869.30,910,0,3,4726484.75,3,F1,65,,,,,
2026-07-13,2026-07-13,FO,NSE,IDO,63915,,NIFTY,,2026-07-28,2026-07-28,23500.00,CE,NIFTY26JUL23500CE,688.95,840.00,604.00,797.55,809.00,787.90,24211.00,797.55,926640,-30355,3920,6169590059.75,2679,F1,65,,,,,
2026-07-13,2026-07-13,FO,NSE,IDO,63919,,NIFTY,,2026-07-28,2026-07-28,23600.00,CE,NIFTY26JUL23600CE,579.45,748.40,529.85,711.45,708.00,698.85,24211.00,711.45,103285,-4485,412,648413678.25,308,F1,65,,,,,
2026-07-13,2026-07-13,FO,NSE,IDO,63925,,NIFTY,,2026-07-28,2026-07-28,23700.00,CE,NIFTY26JUL23700CE,464.10,671.95,455.05,624.50,633.00,618.50,24211.00,624.50,114140,-5395,727,1145127564.75,591,F1,65,,,,,
2026-07-13,2026-07-13,FO,NSE,IDO,63971,,NIFTY,,2026-07-28,2026-07-28,24800.00,CE,NIFTY26JUL24800CE,37.00,66.35,25.00,51.90,56.00,49.95,24211.00,51.90,1662245,188110,49831,80469212096.00,29392,F1,65,,,,,
2026-07-13,2026-07-13,FO,NSE,IDO,63975,,NIFTY,,2026-07-28,2026-07-28,24900.00,CE,NIFTY26JUL24900CE,38.10,48.05,19.00,37.50,39.25,36.15,24211.00,37.50,921115,-27300,29071,47114167054.50,19921,F1,65,,,,,
2026-07-13,2026-07-13,FO,NSE,IDO,63981,,NIFTY,,2026-07-28,2026-07-28,25050.00,CE,NIFTY26JUL25050CE,23.10,29.65,13.00,23.15,23.35,22.55,24211.00,23.15,180245,32565,5450,8881363520.25,3856,F1,65,,,,,
2026-07-13,2026-07-13,FO,NSE,IDO,63998,,NIFTY,,2026-07-28,2026-07-28,25400.00,CE,NIFTY26JUL25400CE,5.20,10.05,5.20,7.95,7.50,8.30,24211.00,7.95,352885,13325,7031,11611634931.00,4003,F1,65,,,,,
2026-07-13,2026-07-13,FO,NSE,IDO,65445,,NIFTY,,2026-08-04,2026-08-04,22750.00,CE,NIFTY2680422750CE,0.00,0.00,0.00,1368.05,0.00,1368.05,24211.00,1567.85,0,0,0,0.00,0,F1,65,,,,,
2026-07-13,2026-07-13,FO,NSE,IDO,65447,,NIFTY,,2026-08-04,2026-08-04,22800.00,CE,NIFTY2680422800CE,0.00,0.00,0.00,1328.00,0.00,1328.00,24211.00,1521.20,0,0,0,0.00,0,F1,65,,,,,
2026-07-13,2026-07-13,FO,NSE,IDO,65867,,NIFTY,,2026-08-04,2026-08-04,24550.00,CE,NIFTY2680424550CE,93.25,184.55,93.25,162.95,163.80,154.30,24211.00,162.95,15405,5915,408,654753856.25,293,F1,65,,,,,
2026-07-13,2026-07-13,FO,NSE,IDO,65871,,NIFTY,,2026-08-04,2026-08-04,24600.00,CE,NIFTY2680424600CE,0.00,0.00,0.00,310.35,0.00,310.35,24211.00,273.70,0,0,0,0.00,0,F1,65,,,,,
2026-07-13,2026-07-13,FO,NSE,IDO,65883,,NIFTY,,2026-08-04,2026-08-04,24700.00,CE,NIFTY2680424700CE,0.00,0.00,0.00,405.30,405.30,405.30,24211.00,238.00,65,0,0,0.00,0,F1,65,,,,,
2026-07-13,2026-07-13,FO,NSE,IDO,65920,,NIFTY,,2026-08-04,2026-08-04,25100.00,CE,NIFTY2680425100CE,33.80,44.80,26.80,38.65,39.40,84.45,24211.00,38.65,11635,10985,440,718866411.25,290,F1,65,,,,,
2026-07-13,2026-07-13,FO,NSE,IDO,65942,,NIFTY,,2026-08-04,2026-08-04,25500.00,CE,NIFTY2680425500CE,0.00,0.00,0.00,109.60,0.00,109.60,24211.00,64.00,0,0,0,0.00,0,F1,65,,,,,
2026-07-13,2026-07-13,FO,NSE,IDO,40937,,NIFTY,,2026-08-11,2026-08-11,22700.00,CE,NIFTY2681122700CE,0.00,0.00,0.00,1867.15,0.00,1867.15,24211.00,1657.25,0,0,0,0.00,0,F1,65,,,,,
2026-07-13,2026-07-13,FO,NSE,IDO,40959,,NIFTY,,2026-08-11,2026-08-11,23250.00,CE,NIFTY2681123250CE,0.00,0.00,0.00,1381.00,0.00,1381.00,24211.00,1177.65,0,0,0,0.00,0,F1,65,,,,,
2026-07-13,2026-07-13,FO,NSE,IDO,40963,,NIFTY,,2026-08-11,2026-08-11,23350.00,CE,NIFTY2681123350CE,0.00,0.00,0.00,1298.20,0.00,1298.20,24211.00,1097.10,0,0,0,0.00,0,F1,65,,,,,
2026-07-13,2026-07-13,FO,NSE,IDO,41057,,NIFTY,,2026-08-11,2026-08-11,25500.00,CE,NIFTY2681125500CE,0.00,0.00,0.00,176.30,0.00,176.30,24211.00,102.90,0,0,0,0.00,0,F1,65,,,,,
2026-07-13,2026-07-13,FO,NSE,IDO,41059,,NIFTY,,2026-08-11,2026-08-11,25550.00,CE,NIFTY2681125550CE,0.00,0.00,0.00,165.45,0.00,165.45,24211.00,95.30,0,0,0,0.00,0,F1,65,,,,,
2026-07-13,2026-07-13,FO,NSE,IDO,41075,,NIFTY,,2026-08-11,2026-08-11,25900.00,CE,NIFTY2681125900CE,0.00,0.00,0.00,103.60,0.00,103.60,24211.00,54.10,0,0,0,0.00,0,F1,65,,,,,
2026-07-13,2026-07-13,FO,NSE,IDO,61557,,NIFTY,,2026-08-25,2026-08-25,23900.00,CE,NIFTY26AUG23900CE,561.10,703.05,545.00,677.10,679.95,664.60,24211.00,677.10,30355,-2795,277,441619298.25,244,F1,65,,,,,
2026-07-13,2026-07-13,FO,NSE,IDO,61955,,NIFTY,,2026-08-25,2026-08-25,25400.00,CE,NIFTY26AUG25400CE,42.90,71.20,41.55,63.60,66.15,57.60,24211.00,63.60,120770,-1560,3205,5303077035.75,2660,F1,65,,,,,
2026-07-13,2026-07-13,FO,NSE,IDO,61975,,NIFTY,,2026-08-25,2026-08-25,25500.00,CE,NIFTY26AUG25500CE,42.75,57.45,31.75,52.15,53.90,46.20,24211.00,52.15,958360,74880,17526,29101114308.50,11216,F1,65,,,,,
2026-07-13,2026-07-13,FO,NSE,IDO,61997,,NIFTY,,2026-08-25,2026-08-25,25800.00,CE,NIFTY26AUG25800CE,0.00,0.00,0.00,304.05,0.00,304.05,24211.00,131.70,0,0,0,0.00,0,F1,65,,,,,
2026-07-13,2026-07-13,FO,NSE,IDO,65881,,NIFTY,,2026-09-29,2026-09-29,15000.00,CE,NIFTY26SEP15000CE,0.00,0.00,0.00,10499.30,0.00,10499.30,24211.00,9418.25,0,0,0,0.00,0,F1,65,,,,,
2026-07-13,2026-07-13,FO,NSE,IDO,65887,,NIFTY,,2026-09-29,2026-09-29,18000.00,CE,NIFTY26SEP18000CE,0.00,0.00,0.00,6537.70,6537.70,6537.70,24211.00,6459.70,1365,0,0,0.00,0,F1,65,,,,,
2026-07-13,2026-07-13,FO,NSE,IDO,73877,,NIFTY,,2026-09-29,2026-09-29,22300.00,CE,NIFTY26SEP22300CE,0.00,0.00,0.00,2077.00,0.00,2077.00,24211.00,2316.75,0,0,0,0.00,0,F1,65,,,,,
2026-07-13,2026-07-13,FO,NSE,IDO,73879,,NIFTY,,2026-09-29,2026-09-29,22350.00,CE,NIFTY26SEP22350CE,0.00,0.00,0.00,2036.50,0.00,2036.50,24211.00,2273.45,0,0,0,0.00,0,F1,65,,,,,
2026-07-13,2026-07-13,FO,NSE,IDO,73910,,NIFTY,,2026-09-29,2026-09-29,23200.00,CE,NIFTY26SEP23200CE,0.00,0.00,0.00,1252.55,1246.80,1252.55,24211.00,1588.00,455,0,0,0.00,0,F1,65,,,,,
2026-07-13,2026-07-13,FO,NSE,IDO,73927,,NIFTY,,2026-09-29,2026-09-29,23400.00,CE,NIFTY26SEP23400CE,1250.00,1260.35,1240.00,1260.35,1260.35,1087.00,24211.00,1442.90,585,65,5,8011922.75,5,F1,65,,,,,
2026-07-13,2026-07-13,FO,NSE,IDO,73964,,NIFTY,,2026-09-29,2026-09-29,23450.00,CE,NIFTY26SEP23450CE,0.00,0.00,0.00,1102.35,1102.35,1102.35,24211.00,1407.80,390,0,0,0.00,0,F1,65,,,,,
2026-07-13,2026-07-13,FO,NSE,IDO,73985,,NIFTY,,2026-09-29,2026-09-29,23500.00,CE,NIFTY26SEP23500CE,1045.95,1223.85,1032.00,1184.20,1182.00,1168.85,24211.00,1184.20,37505,845,154,246350809.25,132,F1,65,,,,,
2026-07-13,2026-07-13,FO,NSE,IDO,74005,,NIFTY,,2026-09-29,2026-09-29,23650.00,CE,NIFTY26SEP23650CE,0.00,0.00,0.00,1047.70,1047.70,1047.70,24211.00,1272.20,325,0,0,0.00,0,F1,65,,,,,
2026-07-13,2026-07-13,FO,NSE,IDO,74097,,NIFTY,,2026-09-29,2026-09-29,24250.00,CE,NIFTY26SEP24250CE,611.00,695.25,600.00,681.00,681.00,647.95,24211.00,681.00,2795,195,12,19433609.00,11,F1,65,,,,,
2026-07-13,2026-07-13,FO,NSE,IDO,74366,,NIFTY,,2026-09-29,2026-09-29,25050.00,CE,NIFTY26SEP25050CE,0.00,0.00,0.00,484.40,0.00,484.40,24211.00,546.00,0,0,0,0.00,0,F1,65,,,,,
2026-07-13,2026-07-13,FO,NSE,IDO,74384,,NIFTY,,2026-09-29,2026-09-29,25250.00,CE,NIFTY26SEP25250CE,0.00,0.00,0.00,422.05,0.00,422.05,24211.00,474.05,0,0,0,0.00,0,F1,65,,,,,
2026-07-13,2026-07-13,FO,NSE,IDO,74386,,NIFTY,,2026-09-29,2026-09-29,25300.00,CE,NIFTY26SEP25300CE,0.00,0.00,0.00,407.45,0.00,407.45,24211.00,457.25,0,0,0,0.00,0,F1,65,,,,,
2026-07-13,2026-07-13,FO,NSE,IDO,58640,,NIFTY,,2026-12-29,2026-12-29,18000.00,CE,NIFTY26DEC18000CE,6450.00,6755.00,6450.00,6755.00,6755.00,6488.70,24211.00,6747.20,2145,0,7,11209250.00,6,F1,65,,,,,
2026-07-13,2026-07-13,FO,NSE,IDO,55336,,NIFTY,,2026-12-29,2026-12-29,34500.00,CE,NIFTY26DEC34500CE,0.00,0.00,0.00,8.00,8.00,8.00,24211.00,2.55,845,0,0,0.00,0,F1,65,,,,,
2026-07-13,2026-07-13,FO,NSE,IDO,80270,,NIFTY,,2027-03-30,2027-03-30,22500.00,CE,NIFTY27MAR22500CE,2868.30,2868.30,2868.30,2868.30,2868.30,2750.00,24211.00,3102.05,195,65,2,3297879.00,1,F1,65,,,,,
2026-07-13,2026-07-13,FO,NSE,IDO,55516,,NIFTY,,2028-12-26,2028-12-26,16500.00,CE,NIFTY28DEC16500CE,0.00,0.00,0.00,12176.65,0.00,12176.65,24211.00,10188.20,0,0,0,0.00,0,F1,65,,,,,
2026-07-13,2026-07-13,FO,NSE,IDO,89636,,NIFTY,,2029-06-26,2029-06-26,27000.00,CE,NIFTY29JUN27000CE,0.00,0.00,0.00,6570.40,0.00,6570.40,24211.00,3780.90,0,0,0,0.00,0,F1,65,,,,,
2026-07-13,2026-07-13,FO,NSE,IDO,55604,,NIFTY,,2029-12-24,2029-12-24,25500.00,CE,NIFTY29DEC25500CE,0.00,0.00,0.00,6500.60,0.00,6500.60,24211.00,5126.70,0,0,0,0.00,0,F1,65,,,,,
2026-07-13,2026-07-13,FO,NSE,IDO,61932,,NIFTY,,2029-12-24,2029-12-24,30000.00,CE,NIFTY29DEC30000CE,0.00,0.00,0.00,2863.20,2863.20,2863.20,24211.00,3152.10,8145,0,0,0.00,0,F1,65,,,,,
2026-07-13,2026-07-13,FO,NSE,IDO,55702,,NIFTY,,2030-12-31,2030-12-31,21000.00,CE,NIFTY30DEC21000CE,0.00,0.00,0.00,10552.50,0.00,10552.50,24211.00,8901.75,0,0,0,0.00,0,F1,65,,,,,
2026-07-13,2026-07-13,FO,NSE,IDO,74653,,NIFTY,,2031-06-24,2031-06-24,27000.00,CE,NIFTY31JUN27000CE,0.00,0.00,0.00,5699.00,0.00,5699.00,24211.00,6112.55,0,0,0,0.00,0,F1,65,,,,,
2026-07-13,2026-07-13,FO,NSE,IDO,51214,,NIFTY,,2026-07-14,2026-07-14,21500.00,PE,NIFTY2671421500PE,0.80,0.85,0.40,0.55,0.65,0.85,24211.00,0.55,1764230,-278200,84713,118389862672.25,23012,F1,65,,,,,
2026-07-13,2026-07-13,FO,NSE,IDO,51325,,NIFTY,,2026-07-14,2026-07-14,23100.00,PE,NIFTY2671423100PE,2.85,3.05,1.70,2.20,2.35,3.25,24211.00,2.20,2996500,262990,650428,976711484095.75,99955,F1,65,,,,,
2026-07-13,2026-07-13,FO,NSE,IDO,51354,,NIFTY,,2026-07-14,2026-07-14,23650.00,PE,NIFTY2671423650PE,10.00,15.90,4.45,6.25,7.00,8.30,24211.00,6.25,5711615,3236155,1050895,1616009859226.75,286030,F1,65,,,,,
2026-07-13,2026-07-13,FO,NSE,IDO,51371,,NIFTY,,2026-07-14,2026-07-14,24000.00,PE,NIFTY2671424000PE,61.00,97.35,22.55,27.65,27.90,35.00,24211.00,27.65,18870930,8343725,8686563,13578083192397.75,2664476,F1,65,,,,,
2026-07-13,2026-07-13,FO,NSE,IDO,51374,,NIFTY,,2026-07-14,2026-07-14,24050.00,PE,NIFTY2671424050PE,100.20,123.60,29.10,35.00,34.55,44.95,24211.00,35.00,8505900,5141435,4736157,7422663788793.50,1820511,F1,65,,,,,
2026-07-13,2026-07-13,FO,NSE,IDO,51388,,NIFTY,,2026-07-14,2026-07-14,24350.00,PE,NIFTY2671424350PE,323.95,365.00,144.65,168.35,156.25,185.75,24211.00,168.35,444470,-21905,345726,551473348933.00,218448,F1,65,,,,,
2026-07-13,2026-07-13,FO,NSE,IDO,51396,,NIFTY,,2026-07-14,2026-07-14,24500.00,PE,NIFTY2671424500PE,421.70,513.45,261.15,301.45,287.10,310.10,24211.00,301.45,3375775,-50180,194137,313407974538.75,102539,F1,65,,,,,
2026-07-13,2026-07-13,FO,NSE,IDO,57278,,NIFTY,,2026-07-21,2026-07-21,22450.00,PE,NIFTY2672122450PE,9.00,9.00,4.50,5.75,6.05,5.40,24211.00,5.75,23855,9620,2044,2983444912.50,1158,F1,65,,,,,
2026-07-13,2026-07-13,FO,NSE,IDO,57312,,NIFTY,,2026-07-21,2026-07-21,23300.00,PE,NIFTY2672123300PE,20.85,29.20,15.35,18.20,18.90,15.70,24211.00,18.20,1224405,671125,66064,100138279556.25,40456,F1,65,,,,,
2026-07-13,2026-07-13,FO,NSE,IDO,57324,,NIFTY,,2026-07-21,2026-07-21,23600.00,PE,NIFTY2672123600PE,56.00,63.55,32.70,37.80,37.20,32.95,24211.00,37.80,1257295,596180,68594,105418300572.00,45335,F1,65,,,,,
2026-07-13,2026-07-13,FO,NSE,IDO,57335,,NIFTY,,2026-07-21,2026-07-21,23850.00,PE,NIFTY2672123850PE,101.70,125.55,65.30,72.20,71.60,65.45,24211.00,72.20,310375,160355,35914,55878994593.50,22731,F1,65,,,,,
2026-07-13,2026-07-13,FO,NSE,IDO,57372,,NIFTY,,2026-07-21,2026-07-21,24700.00,PE,NIFTY2672124700PE,650.00,695.00,473.55,506.55,492.85,503.45,24211.00,506.55,48295,15860,1109,1821670594.25,852,F1,65,,,,,
2026-07-13,2026-07-13,FO,NSE,IDO,57406,,NIFTY,,2026-07-21,2026-07-21,25200.00,PE,NIFTY2672125200PE,1100.00,1100.00,952.90,979.55,976.40,971.50,24211.00,979.55,36335,35555,652,1111104722.00,533,F1,65,,,,,
2026-07-13,2026-07-13,FO,NSE,IDO,63818,,NIFTY,,2026-07-28,2026-07-28,21250.00,PE,NIFTY26JUL21250PE,5.60,5.65,4.70,5.05,5.00,5.00,24211.00,5.05,4745,-130,40,55263045.50,25,F1,65,,,,,
2026-07-13,2026-07-13,FO,NSE,IDO,63848,,NIFTY,,2026-07-28,2026-07-28,21800.00,PE,NIFTY26JUL21800PE,7.70,8.00,6.50,7.45,6.60,6.80,24211.00,7.45,136045,3250,327,463509520.50,230,F1,65,,,,,
2026-07-13,2026-07-13,FO,NSE,IDO,63864,,NIFTY,,2026-07-28,2026-07-28,22200.00,PE,NIFTY26JUL22200PE,12.00,12.00,8.90,10.00,10.50,9.15,24211.00,10.00,294840,-2210,4519,6523894718.25,3095,F1,65,,,,,
2026-07-13,2026-07-13,FO,NSE,IDO,63954,,NIFTY,,2026-07-28,2026-07-28,24350.00,PE,NIFTY26JUL24350PE,391.00,427.10,279.80,296.85,290.50,288.95,24211.00,296.85,163605,-2600,1606,2575732766.75,1214,F1,65,,,,,
2026-07-13,2026-07-13,FO,NSE,IDO,63980,,NIFTY,,2026-07-28,2026-07-28,25000.00,PE,NIFTY26JUL25000PE,874.95,978.25,744.80,778.10,767.25,780.50,24211.00,778.10,2104895,-31525,4322,7264705519.50,3385,F1,65,,,,,
2026-07-13,2026-07-13,FO,NSE,IDO,63984,,NIFTY,,2026-07-28,2026-07-28,25100.00,PE,NIFTY26JUL25100PE,1050.00,1050.00,857.00,869.10,873.75,851.00,24211.00,869.10,42575,-455,113,190978459.75,82,F1,65,,,,,
2026-07-13,2026-07-13,FO,NSE,IDO,63988,,NIFTY,,2026-07-28,2026-07-28,25200.00,PE,NIFTY26JUL25200PE,1137.50,1140.50,949.55,961.45,955.20,964.15,24211.00,961.45,81055,1560,113,192417936.75,95,F1,65,,,,,
2026-07-13,2026-07-13,FO,NSE,IDO,64024,,NIFTY,,2026-07-28,2026-07-28,25950.00,PE,NIFTY26JUL25950PE,0.00,0.00,0.00,1587.10,1587.10,1587.10,24211.00,1683.35,650,0,0,0.00,0,F1,65,,,,,
2026-07-13,2026-07-13,FO,NSE,IDO,64047,,NIFTY,,2026-07-28,2026-07-28,26300.00,PE,NIFTY26JUL26300PE,2256.40,2256.40,2020.00,2045.50,2046.00,2049.65,24211.00,2045.50,592475,-2210,147,271433389.50,103,F1,65,,,,,
2026-07-13,2026-07-13,FO,NSE,IDO,65414,,NIFTY,,2026-08-04,2026-08-04,22100.00,PE,NIFTY2680422100PE,14.55,15.00,13.80,14.70,14.55,13.60,24211.00,14.70,16315,3250,107,153805531.75,99,F1,65,,,,,
2026-07-13,2026-07-13,FO,NSE,IDO,65430,,NIFTY,,2026-08-04,2026-08-04,22400.00,PE,NIFTY2680422400PE,20.65,20.75,16.70,16.95,16.95,16.10,24211.00,9.55,2210,0,28,40801936.50,24,F1,65,,,,,
2026-07-13,2026-07-13,FO,NSE,IDO,65520,,NIFTY,,2026-08-04,2026-08-04,23050.00,PE,NIFTY2680423050PE,55.40,55.50,37.65,41.05,40.50,36.55,24211.00,41.05,4615,260,174,261240040.75,105,F1,65,,,,,
2026-07-13,2026-07-13,FO,NSE,IDO,65853,,NIFTY,,2026-08-04,2026-08-04,24350.00,PE,NIFTY2680424350PE,459.95,466.85,334.30,344.95,336.15,329.90,24211.00,344.95,7800,-845,161,259009653.50,127,F1,65,,,,,
2026-07-13,2026-07-13,FO,NSE,IDO,65937,,NIFTY,,2026-08-04,2026-08-04,25350.00,PE,NIFTY2680425350PE,0.00,0.00,0.00,1478.40,0.00,1478.40,24211.00,1131.05,0,0,0,0.00,0,F1,65,,,,,
2026-07-13,2026-07-13,FO,NSE,IDO,65948,,NIFTY,,2026-08-04,2026-08-04,25600.00,PE,NIFTY2680425600PE,0.00,0.00,0.00,1690.50,0.00,1690.50,24211.00,1348.90,0,0,0,0.00,0,F1,65,,,,,
2026-07-13,2026-07-13,FO,NSE,IDO,40914,,NIFTY,,2026-08-11,2026-08-11,22150.00,PE,NIFTY2681122150PE,0.00,0.00,0.00,11.65,0.00,11.65,24211.00,10.70,0,0,0,0.00,0,F1,65,,,,,
2026-07-13,2026-07-13,FO,NSE,IDO,40950,,NIFTY,,2026-08-11,2026-08-11,23000.00,PE,NIFTY2681123000PE,75.00,75.00,49.40,52.45,52.15,48.10,24211.00,52.45,6825,2535,228,341708357.25,132,F1,65,,,,,
2026-07-13,2026-07-13,FO,NSE,IDO,40960,,NIFTY,,2026-08-11,2026-08-11,23250.00,PE,NIFTY2681123250PE,92.35,92.35,92.35,92.35,92.35,97.80,24211.00,105.35,65,65,1,1517252.75,1,F1,65,,,,,
2026-07-13,2026-07-13,FO,NSE,IDO,40992,,NIFTY,,2026-08-11,2026-08-11,24000.00,PE,NIFTY2681124000PE,294.95,306.65,220.80,230.65,223.45,215.15,24211.00,230.65,14690,1885,390,615134204.75,266,F1,65,,,,,
2026-07-13,2026-07-13,FO,NSE,IDO,41019,,NIFTY,,2026-08-11,2026-08-11,24650.00,PE,NIFTY2681124650PE,0.00,0.00,0.00,566.95,0.00,566.95,24211.00,644.35,0,0,0,0.00,0,F1,65,,,,,
2026-07-13,2026-07-13,FO,NSE,IDO,41032,,NIFTY,,2026-08-11,2026-08-11,24900.00,PE,NIFTY2681124900PE,0.00,0.00,0.00,711.65,0.00,711.65,24211.00,807.70,0,0,0,0.00,0,F1,65,,,,,
2026-07-13,2026-07-13,FO,NSE,IDO,41078,,NIFTY,,2026-08-11,2026-08-11,25950.00,PE,NIFTY2681125950PE,0.00,0.00,0.00,1497.75,0.00,1497.75,24211.00,1664.45,0,0,0,0.00,0,F1,65,,,,,
2026-07-13,2026-07-13,FO,NSE,IDO,61337,,NIFTY,,2026-08-25,2026-08-25,21650.00,PE,NIFTY26AUG21650PE,25.00,25.00,22.65,23.05,23.05,17.05,24211.00,10.10,1170,260,9,12678939.00,7,F1,65,,,,,
2026-07-13,2026-07-13,FO,NSE,IDO,61377,,NIFTY,,2026-08-25,2026-08-25,22300.00,PE,NIFTY26AUG22300PE,41.00,44.55,33.90,35.85,36.15,32.85,24211.00,35.85,121095,9165,987,1433074903.00,734,F1,65,,,,,
2026-07-13,2026-07-13,FO,NSE,IDO,61427,,NIFTY,,2026-08-25,2026-08-25,22950.00,PE,NIFTY26AUG22950PE,94.00,94.75,71.15,73.00,73.80,67.95,24211.00,73.00,25935,-1690,162,242537386.00,110,F1,65,,,,,
2026-07-13,2026-07-13,FO,NSE,IDO,61533,,NIFTY,,2026-08-25,2026-08-25,23750.00,PE,NIFTY26AUG23750PE,225.00,262.80,198.40,204.00,203.75,189.85,24211.00,204.00,20150,1690,256,399002932.25,179,F1,65,,,,,
2026-07-13,2026-07-13,FO,NSE,IDO,61609,,NIFTY,,2026-08-25,2026-08-25,24050.00,PE,NIFTY26AUG24050PE,369.20,373.75,286.40,298.20,290.95,279.20,24211.00,298.20,267605,255255,5144,8143900189.75,2798,F1,65,,,,,
2026-07-13,2026-07-13,FO,NSE,IDO,61771,,NIFTY,,2026-08-25,2026-08-25,24500.00,PE,NIFTY26AUG24500PE,555.00,609.85,466.05,487.45,482.45,473.10,24211.00,487.45,1540760,38220,6370,10363021431.75,4590,F1,65,,,,,
2026-07-13,2026-07-13,FO,NSE,IDO,61956,,NIFTY,,2026-08-25,2026-08-25,25400.00,PE,NIFTY26AUG25400PE,0.00,0.00,0.00,1277.10,1277.10,1277.10,24211.00,1206.00,910,0,0,0.00,0,F1,65,,,,,
2026-07-13,2026-07-13,FO,NSE,IDO,62037,,NIFTY,,2026-08-25,2026-08-25,25950.00,PE,NIFTY26AUG25950PE,0.00,0.00,0.00,1923.90,0.00,1923.90,24211.00,1650.10,0,0,0,0.00,0,F1,65,,,,,
2026-07-13,2026-07-13,FO,NSE,IDO,65894,,NIFTY,,2026-09-29,2026-09-29,21000.00,PE,NIFTY26SEP21000PE,32.00,35.35,30.15,32.15,32.30,30.25,24211.00,32.15,1672710,16510,3237,4425273508.50,1524,F1,65,,,,,
2026-07-13,2026-07-13,FO,NSE,IDO,73864,,NIFTY,,2026-09-29,2026-09-29,21950.00,PE,NIFTY26SEP21950PE,58.65,60.00,53.85,53.85,53.85,48.15,24211.00,63.05,325,65,9,12874738.50,9,F1,65,,,,,
2026-07-13,2026-07-13,FO,NSE,IDO,73886,,NIFTY,,2026-09-29,2026-09-29,22550.00,PE,NIFTY26SEP22550PE,103.15,103.15,88.00,88.00,88.00,83.80,24211.00,88.00,4355,0,9,13247000.00,8,F1,65,,,,,
2026-07-13,2026-07-13,FO,NSE,IDO,73888,,NIFTY,,2026-09-29,2026-09-29,22600.00,PE,NIFTY26SEP22600PE,104.85,105.25,90.00,92.55,92.60,86.70,24211.00,92.55,16120,1430,52,76719051.50,41,F1,65,,,,,
2026-07-13,2026-07-13,FO,NSE,IDO,73928,,NIFTY,,2026-09-29,2026-09-29,23400.00,PE,NIFTY26SEP23400PE,240.00,245.20,198.45,204.20,200.20,193.10,24211.00,204.20,31655,3510,157,240978968.75,97,F1,65,,,,,
2026-07-13,2026-07-13,FO,NSE,IDO,74356,,NIFTY,,2026-09-29,2026-09-29,24750.00,PE,NIFTY26SEP24750PE,669.30,670.70,669.30,670.70,670.70,828.30,24211.00,670.70,32760,0,8,13218185.50,8,F1,65,,,,,
2026-07-13,2026-07-13,FO,NSE,IDO,74364,,NIFTY,,2026-09-29,2026-09-29,24950.00,PE,NIFTY26SEP24950PE,0.00,0.00,0.00,1026.25,1024.20,1026.25,24211.00,979.10,0,0,0,0.00,0,F1,65,,,,,
2026-07-13,2026-07-13,FO,NSE,IDO,74415,,NIFTY,,2026-09-29,2026-09-29,25650.00,PE,NIFTY26SEP25650PE,0.00,0.00,0.00,1708.05,0.00,1708.05,24211.00,1436.40,0,0,0,0.00,0,F1,65,,,,,
2026-07-13,2026-07-13,FO,NSE,IDO,74417,,NIFTY,,2026-09-29,2026-09-29,25700.00,PE,NIFTY26SEP25700PE,0.00,0.00,0.00,1745.75,0.00,1745.75,24211.00,1472.35,0,0,0,0.00,0,F1,65,,,,,
2026-07-13,2026-07-13,FO,NSE,IDO,65930,,NIFTY,,2026-09-29,2026-09-29,33000.00,PE,NIFTY26SEP33000PE,0.00,0.00,0.00,6552.15,0.00,6552.15,24211.00,8333.15,0,0,0,0.00,0,F1,65,,,,,
2026-07-13,2026-07-13,FO,NSE,IDO,58629,,NIFTY,,2026-12-29,2026-12-29,12000.00,PE,NIFTY26DEC12000PE,0.00,0.00,0.00,6.70,6.60,6.70,24211.00,0.00,22050,0,0,0.00,0,F1,65,,,,,
2026-07-13,2026-07-13,FO,NSE,IDO,55423,,NIFTY,,2027-12-28,2027-12-28,19500.00,PE,NIFTY27DEC19500PE,0.00,0.00,0.00,29.25,0.00,29.25,24211.00,120.95,0,0,0,0.00,0,F1,65,,,,,
2026-07-13,2026-07-13,FO,NSE,IDO,55425,,NIFTY,,2027-12-28,2027-12-28,22500.00,PE,NIFTY27DEC22500PE,0.00,0.00,0.00,186.50,0.00,186.50,24211.00,531.80,0,0,0,0.00,0,F1,65,,,,,
2026-07-13,2026-07-13,FO,NSE,IDO,35347,,NIFTY,,2027-12-28,2027-12-28,30000.00,PE,NIFTY27DEC30000PE,0.00,0.00,0.00,4140.90,0.00,4140.90,24211.00,3987.70,0,0,0,0.00,0,F1,65,,,,,
2026-07-13,2026-07-13,FO,NSE,IDO,86140,,NIFTY,,2028-06-27,2028-06-27,18000.00,PE,NIFTY28JUN18000PE,0.00,0.00,0.00,396.75,0.00,396.75,24211.00,70.05,0,0,0,0.00,0,F1,65,,,,,
2026-07-13,2026-07-13,FO,NSE,IDO,86148,,NIFTY,,2028-06-27,2028-06-27,22000.00,PE,NIFTY28JUN22000PE,0.00,0.00,0.00,585.00,585.00,585.00,24211.00,482.55,975,0,0,0.00,0,F1,65,,,,,
2026-07-13,2026-07-13,FO,NSE,IDO,55477,,NIFTY,,2028-06-27,2028-06-27,25500.00,PE,NIFTY28JUN25500PE,0.00,0.00,0.00,667.45,0.00,667.45,24211.00,1439.85,0,0,0,0.00,0,F1,65,,,,,
2026-07-13,2026-07-13,FO,NSE,IDO,67777,,NIFTY,,2028-12-26,2028-12-26,21000.00,PE,NIFTY28DEC21000PE,0.00,0.00,0.00,490.00,490.00,490.00,24211.00,356.00,6930,0,0,0.00,0,F1,65,,,,,
2026-07-13,2026-07-13,FO,NSE,IDO,55521,,NIFTY,,2028-12-26,2028-12-26,22500.00,PE,NIFTY28DEC22500PE,0.00,0.00,0.00,218.80,0.00,218.80,24211.00,603.05,0,0,0,0.00,0,F1,65,,,,,
2026-07-13,2026-07-13,FO,NSE,IDO,55561,,NIFTY,,2029-06-26,2029-06-26,22500.00,PE,NIFTY29JUN22500PE,0.00,0.00,0.00,224.45,0.00,224.45,24211.00,611.15,0,0,0,0.00,0,F1,65,,,,,
2026-07-13,2026-07-13,FO,NSE,IDO,89635,,NIFTY,,2029-06-26,2029-06-26,26000.00,PE,NIFTY29JUN26000PE,0.00,0.00,0.00,1650.00,1650.00,1650.00,24211.00,1497.00,50,0,0,0.00,0,F1,65,,,,,
2026-07-13,2026-07-13,FO,NSE,IDO,55601,,NIFTY,,2029-12-24,2029-12-24,19500.00,PE,NIFTY29DEC19500PE,0.00,0.00,0.00,61.20,0.00,61.20,24211.00,226.60,0,0,0,0.00,0,F1,65,,,,,
2026-07-13,2026-07-13,FO,NSE,IDO,55759,,NIFTY,,2030-12-31,2030-12-31,27000.00,PE,NIFTY30DEC27000PE,0.00,0.00,0.00,779.50,0.00,779.50,24211.00,1547.55,0,0,0,0.00,0,F1,65,,,,,
2026-07-13,2026-07-13,FO,NSE,IDO,55481,,NIFTY,,2028-06-27,2028-06-27,31500.00,PE,NIFTY28JUN31500PE,0.00,0.00,0.00,2935.60,0.00,2935.60,24211.00,4608.40,0,0,0,0.00,0,F1,65,,,,,
2026-07-13,2026-07-13,FO,NSE,IDO,51205,,NIFTY,,2026-07-14,2026-07-14,21450.00,CE,NIFTY2671421450CE,2731.70,2731.70,2700.80,2700.80,2700.80,2759.20,24211.00,2764.55,2080,0,4,6283228.25,3,F1,65,,,,,
2026-07-13,2026-07-13,FO,NSE,IDO,51231,,NIFTY,,2026-07-14,2026-07-14,21750.00,CE,NIFTY2671421750CE,0.00,0.00,0.00,2410.00,2410.00,2410.00,24211.00,2464.60,1950,0,0,0.00,0,F1,65,,,,,
2026-07-13,2026-07-13,FO,NSE,IDO,51264,,NIFTY,,2026-07-14,2026-07-14,22300.00,CE,NIFTY2671422300CE,0.00,0.00,0.00,1955.10,1955.10,1955.10,24211.00,1914.70,975,0,0,0.00,0,F1,65,,,,,
2026-07-13,2026-07-13,FO,NSE,IDO,51299,,NIFTY,,2026-07-14,2026-07-14,22800.00,CE,NIFTY2671422800CE,1202.70,1453.15,1202.70,1428.10,1428.10,1407.00,24211.00,1414.80,4095,-2145,89,139594204.75,57,F1,65,,,,,
2026-07-13,2026-07-13,FO,NSE,IDO,51351,,NIFTY,,2026-07-14,2026-07-14,23600.00,CE,NIFTY2671423600CE,440.00,666.05,400.85,611.45,625.20,614.95,24211.00,611.45,78715,-30680,7798,12220878985.25,4894,F1,65,,,,,
2026-07-13,2026-07-13,FO,NSE,IDO,51353,,NIFTY,,2026-07-14,2026-07-14,23650.00,CE,NIFTY2671423650CE,375.05,610.05,353.45,560.00,575.05,569.35,24211.00,560.00,39845,3965,4742,7427222702.25,3642,F1,65,,,,,
2026-07-13,2026-07-13,FO,NSE,IDO,51366,,NIFTY,,2026-07-14,2026-07-14,23950.00,CE,NIFTY2671423950CE,163.00,332.50,109.40,275.90,288.60,281.95,24211.00,275.90,360880,5980,598547,938729377748.50,383420,F1,65,,,,,
2026-07-13,2026-07-13,FO,NSE,IDO,51481,,NIFTY,,2026-07-14,2026-07-14,25650.00,CE,NIFTY2671425650CE,0.80,1.05,0.30,0.45,0.30,0.65,24211.00,0.45,340795,-21515,11567,19285469242.00,2295,F1,65,,,,,
2026-07-13,2026-07-13,FO,NSE,IDO,51497,,NIFTY,,2026-07-14,2026-07-14,25950.00,CE,NIFTY2671425950CE,0.65,0.70,0.30,0.40,0.30,0.55,24211.00,0.40,131560,20215,15683,26453733046.00,2413,F1,65,,,,,
2026-07-13,2026-07-13,FO,NSE,IDO,57285,,NIFTY,,2026-07-21,2026-07-21,22650.00,CE,NIFTY2672122650CE,0.00,0.00,0.00,1544.75,0.00,1544.75,24211.00,1591.60,0,0,0,0.00,0,F1,65,,,,,
2026-07-13,2026-07-13,FO,NSE,IDO,57293,,NIFTY,,2026-07-21,2026-07-21,22850.00,CE,NIFTY2672122850CE,0.00,0.00,0.00,1072.00,1068.20,1072.00,24211.00,1393.15,65,0,0,0.00,0,F1,65,,,,,
2026-07-13,2026-07-13,FO,NSE,IDO,57338,,NIFTY,,2026-07-21,2026-07-21,23950.00,CE,NIFTY2672123950CE,234.45,410.85,217.90,366.00,374.60,361.85,24211.00,366.00,38675,7540,8718,13736694816.00,5948,F1,65,,,,,
2026-07-13,2026-07-13,FO,NSE,IDO,57350,,NIFTY,,2026-07-21,2026-07-21,24250.00,CE,NIFTY2672124250CE,100.00,211.20,82.60,174.60,176.35,171.05,24211.00,174.60,509925,246480,63918,101401974027.25,43763,F1,65,,,,,
2026-07-13,2026-07-13,FO,NSE,IDO,57409,,NIFTY,,2026-07-21,2026-07-21,25300.00,CE,NIFTY2672125300CE,2.65,4.20,2.05,3.25,3.45,3.35,24211.00,3.25,718250,341120,31742,52206107018.00,13146,F1,65,,,,,
2026-07-13,2026-07-13,FO,NSE,IDO,57461,,NIFTY,,2026-07-21,2026-07-21,26100.00,CE,NIFTY2672126100CE,1.35,1.35,0.90,0.95,0.90,1.15,24211.00,0.95,9490,3250,186,315560674.00,87,F1,65,,,,,
2026-07-13,2026-07-13,FO,NSE,IDO,63851,,NIFTY,,2026-07-28,2026-07-28,21900.00,CE,NIFTY26JUL21900CE,0.00,0.00,0.00,1962.40,1962.40,1962.40,24211.00,2365.65,65,0,0,0.00,0,F1,65,,,,,
2026-07-13,2026-07-13,FO,NSE,IDO,63913,,NIFTY,,2026-07-28,2026-07-28,23450.00,CE,NIFTY26JUL23450CE,680.00,828.40,660.00,828.40,828.40,835.60,24211.00,828.40,9880,-715,17,26759508.75,11,F1,65,,,,,
2026-07-13,2026-07-13,FO,NSE,IDO,63917,,NIFTY,,2026-07-28,2026-07-28,23550.00,CE,NIFTY26JUL23550CE,602.25,779.70,570.50,753.20,762.50,740.05,24211.00,753.20,15600,-1040,62,97485280.75,50,F1,65,,,,,
2026-07-13,2026-07-13,FO,NSE,IDO,63929,,NIFTY,,2026-07-28,2026-07-28,23800.00,CE,NIFTY26JUL23800CE,481.00,584.30,379.05,545.80,553.00,533.00,24211.00,545.80,379665,-27040,5134,8098070129.50,3675,F1,65,,,,,
2026-07-13,2026-07-13,FO,NSE,IDO,63933,,NIFTY,,2026-07-28,2026-07-28,23850.00,CE,NIFTY26JUL23850CE,351.40,529.95,350.05,504.20,511.70,496.35,24211.00,504.20,31655,-3510,480,757282633.25,324,F1,65,,,,,
2026-07-13,2026-07-13,FO,NSE,IDO,63953,,NIFTY,,2026-07-28,2026-07-28,24350.00,CE,NIFTY26JUL24350CE,113.80,222.00,109.35,193.05,199.60,184.95,24211.00,193.05,207220,13325,6537,10415020586.75,5234,F1,65,,,,,
2026-07-13,2026-07-13,FO,NSE,IDO,63987,,NIFTY,,2026-07-28,2026-07-28,25200.00,CE,NIFTY26JUL25200CE,13.40,18.35,8.80,14.05,13.40,14.25,24211.00,14.05,1133080,87945,20116,32966870683.50,11188,F1,65,,,,,
2026-07-13,2026-07-13,FO,NSE,IDO,63995,,NIFTY,,2026-07-28,2026-07-28,25350.00,CE,NIFTY26JUL25350CE,8.00,11.30,6.00,8.95,8.85,9.35,24211.00,8.95,60645,1755,624,1028549509.00,364,F1,65,,,,,
2026-07-13,2026-07-13,FO,NSE,IDO,64023,,NIFTY,,2026-07-28,2026-07-28,25950.00,CE,NIFTY26JUL25950CE,3.35,3.35,2.55,2.70,2.60,3.05,24211.00,2.70,29510,-2535,95,160258445.75,46,F1,65,,,,,
2026-07-13,2026-07-13,FO,NSE,IDO,65429,,NIFTY,,2026-08-04,2026-08-04,22400.00,CE,NIFTY2680422400CE,0.00,0.00,0.00,1661.65,0.00,1661.65,24211.00,1901.95,0,0,0,0.00,0,F1,65,,,,,
2026-07-13,2026-07-13,FO,NSE,IDO,65451,,NIFTY,,2026-08-04,2026-08-04,22900.00,CE,NIFTY2680422900CE,0.00,0.00,0.00,1249.45,0.00,1249.45,24211.00,1428.90,0,0,0,0.00,0,F1,65,,,,,
2026-07-13,2026-07-13,FO,NSE,IDO,65525,,NIFTY,,2026-08-04,2026-08-04,23200.00,CE,NIFTY2680423200CE,0.00,0.00,0.00,1027.25,0.00,1027.25,24211.00,1162.30,0,0,0,0.00,0,F1,65,,,,,
2026-07-13,2026-07-13,FO,NSE,IDO,65529,,NIFTY,,2026-08-04,2026-08-04,23300.00,CE,NIFTY2680423300CE,0.00,0.00,0.00,958.20,0.00,958.20,24211.00,1077.65,0,0,0,0.00,0,F1,65,,,,,
2026-07-13,2026-07-13,FO,NSE,IDO,65676,,NIFTY,,2026-08-04,2026-08-04,23600.00,CE,NIFTY2680423600CE,585.00,585.00,585.00,585.00,585.00,675.00,24211.00,839.70,65,65,1,1572025.00,1,F1,65,,,,,
2026-07-13,2026-07-13,FO,NSE,IDO,65808,,NIFTY,,2026-08-04,2026-08-04,24300.00,CE,NIFTY2680424300CE,170.05,301.95,169.90,273.45,282.00,258.20,24211.00,273.45,92040,3120,685,1092726046.75,537,F1,65,,,,,
2026-07-13,2026-07-13,FO,NSE,IDO,65852,,NIFTY,,2026-08-04,2026-08-04,24350.00,CE,NIFTY2680424350CE,162.35,262.05,161.70,246.90,248.00,239.75,24211.00,246.90,13130,1950,195,311471153.50,170,F1,65,,,,,
2026-07-13,2026-07-13,FO,NSE,IDO,65858,,NIFTY,,2026-08-04,2026-08-04,24450.00,CE,NIFTY2680424450CE,132.05,227.30,125.00,204.40,207.85,193.50,24211.00,204.40,13390,5850,259,414664903.25,196,F1,65,,,,,
2026-07-13,2026-07-13,FO,NSE,IDO,65891,,NIFTY,,2026-08-04,2026-08-04,24750.00,CE,NIFTY2680424750CE,0.00,0.00,0.00,264.90,0.00,264.90,24211.00,221.50,0,0,0,0.00,0,F1,65,,,,,
2026-07-13,2026-07-13,FO,NSE,IDO,65944,,NIFTY,,2026-08-04,2026-08-04,25550.00,CE,NIFTY2680425550CE,0.00,0.00,0.00,102.75,0.00,102.75,24211.00,58.25,0,0,0,0.00,0,F1,65,,,,,
2026-07-13,2026-07-13,FO,NSE,IDO,40893,,NIFTY,,2026-08-11,2026-08-11,21800.00,CE,NIFTY2681121800CE,0.00,0.00,0.00,2729.80,0.00,2729.80,24211.00,2519.60,0,0,0,0.00,0,F1,65,,,,,
2026-07-13,2026-07-13,FO,NSE,IDO,40897,,NIFTY,,2026-08-11,2026-08-11,21850.00,CE,NIFTY2681121850CE,0.00,0.00,0.00,2680.75,0.00,2680.75,24211.00,2470.45,0,0,0,0.00,0,F1,65,,,,,
2026-07-13,2026-07-13,FO,NSE,IDO,40967,,NIFTY,,2026-08-11,2026-08-11,23450.00,CE,NIFTY2681123450CE,0.00,0.00,0.00,1217.55,0.00,1217.55,24211.00,1019.10,0,0,0,0.00,0,F1,65,,,,,
2026-07-13,2026-07-13,FO,NSE,IDO,40983,,NIFTY,,2026-08-11,2026-08-11,23800.00,CE,NIFTY2681123800CE,0.00,0.00,0.00,953.75,0.00,953.75,24211.00,767.85,0,0,0,0.00,0,F1,65,,,,,
2026-07-13,2026-07-13,FO,NSE,IDO,41081,,NIFTY,,2026-08-11,2026-08-11,26050.00,CE,NIFTY2681126050CE,0.00,0.00,0.00,83.70,0.00,83.70,24211.00,41.75,0,0,0,0.00,0,F1,65,,,,,
2026-07-13,2026-07-13,FO,NSE,IDO,41083,,NIFTY,,2026-08-11,2026-08-11,26100.00,CE,NIFTY2681126100CE,0.00,0.00,0.00,77.80,0.00,77.80,24211.00,38.25,0,0,0,0.00,0,F1,65,,,,,
2026-07-13,2026-07-13,FO,NSE,IDO,61346,,NIFTY,,2026-08-25,2026-08-25,21900.00,CE,NIFTY26AUG21900CE,0.00,0.00,0.00,2450.95,0.00,2450.95,24211.00,2495.35,0,0,0,0.00,0,F1,65,,,,,
2026-07-13,2026-07-13,FO,NSE,IDO,61426,,NIFTY,,2026-08-25,2026-08-25,22950.00,CE,NIFTY26AUG22950CE,0.00,0.00,0.00,882.45,880.90,882.45,24211.00,1541.05,520,0,0,0.00,0,F1,65,,,,,
2026-07-13,2026-07-13,FO,NSE,IDO,61973,,NIFTY,,2026-08-25,2026-08-25,25450.00,CE,NIFTY26AUG25450CE,47.65,61.30,40.15,57.55,58.60,53.05,24211.00,57.55,16380,-2275,168,278486734.50,94,F1,65,,,,,
2026-07-13,2026-07-13,FO,NSE,IDO,62055,,NIFTY,,2026-08-25,2026-08-25,26200.00,CE,NIFTY26AUG26200CE,0.00,0.00,0.00,223.65,0.00,223.65,24211.00,79.10,0,0,0,0.00,0,F1,65,,,,,
2026-07-13,2026-07-13,FO,NSE,IDO,74056,,NIFTY,,2026-09-29,2026-09-29,23900.00,CE,NIFTY26SEP23900CE,820.05,916.00,814.00,894.55,898.00,891.25,24211.00,894.55,4290,130,8,12876217.25,8,F1,65,,,,,
2026-07-13,2026-07-13,FO,NSE,IDO,65900,,NIFTY,,2026-09-29,2026-09-29,24000.00,CE,NIFTY26SEP24000CE,710.05,868.00,700.00,830.15,838.00,819.45,24211.00,830.15,1054755,31525,2483,3997323580.25,1895,F1,65,,,,,
2026-07-13,2026-07-13,FO,NSE,IDO,74064,,NIFTY,,2026-09-29,2026-09-29,24100.00,CE,NIFTY26SEP24100CE,662.00,800.00,648.00,765.60,768.50,757.50,24211.00,765.60,7410,-780,130,209690263.25,77,F1,65,,,,,
2026-07-13,2026-07-13,FO,NSE,IDO,74359,,NIFTY,,2026-09-29,2026-09-29,24850.00,CE,NIFTY26SEP24850CE,302.35,383.25,299.75,381.50,381.50,350.20,24211.00,625.55,6370,-650,30,49131826.25,24,F1,65,,,,,
2026-07-13,2026-07-13,FO,NSE,IDO,74414,,NIFTY,,2026-09-29,2026-09-29,25650.00,CE,NIFTY26SEP25650CE,0.00,0.00,0.00,317.20,0.00,317.20,24211.00,351.80,0,0,0,0.00,0,F1,65,,,,,
2026-07-13,2026-07-13,FO,NSE,IDO,37806,,NIFTY,,2026-12-29,2026-12-29,23000.00,CE,NIFTY26DEC23000CE,1927.00,2099.85,1918.00,2079.75,2092.10,2056.70,24211.00,2079.75,304540,-5655,227,369356503.75,181,F1,65,,,,,
2026-07-13,2026-07-13,FO,NSE,IDO,71549,,NIFTY,,2027-06-29,2027-06-29,19000.00,CE,NIFTY27JUN19000CE,0.00,0.00,0.00,7800.00,7800.00,7800.00,24211.00,6410.35,75,0,0,0.00,0,F1,65,,,,,
2026-07-13,2026-07-13,FO,NSE,IDO,55380,,NIFTY,,2027-06-29,2027-06-29,31500.00,CE,NIFTY27JUN31500CE,0.00,0.00,0.00,769.15,0.00,769.15,24211.00,249.95,0,0,0,0.00,0,F1,65,,,,,
2026-07-13,2026-07-13,FO,NSE,IDO,86139,,NIFTY,,2028-06-27,2028-06-27,18000.00,CE,NIFTY28JUN18000CE,0.00,0.00,0.00,6809.35,0.00,6809.35,24211.00,8436.15,0,0,0,0.00,0,F1,65,,,,,
2026-07-13,2026-07-13,FO,NSE,IDO,55564,,NIFTY,,2029-06-26,2029-06-26,28500.00,CE,NIFTY29JUN28500CE,0.00,0.00,0.00,4213.30,0.00,4213.30,24211.00,3139.65,0,0,0,0.00,0,F1,65,,,,,
2026-07-13,2026-07-13,FO,NSE,IDO,89642,,NIFTY,,2029-06-26,2029-06-26,30000.00,CE,NIFTY29JUN30000CE,0.00,0.00,0.00,5268.40,0.00,5268.40,24211.00,2587.05,0,0,0,0.00,0,F1,65,,,,,
2026-07-13,2026-07-13,FO,NSE,IDO,55608,,NIFTY,,2029-12-24,2029-12-24,31500.00,CE,NIFTY29DEC31500CE,0.00,0.00,0.00,3429.30,0.00,3429.30,24211.00,2649.45,0,0,0,0.00,0,F1,65,,,,,
2026-07-13,2026-07-13,FO,NSE,IDO,55644,,NIFTY,,2030-06-25,2030-06-25,22500.00,CE,NIFTY30JUN22500CE,0.00,0.00,0.00,9012.40,0.00,9012.40,24211.00,7417.00,0,0,0,0.00,0,F1,65,,,,,
2026-07-13,2026-07-13,FO,NSE,IDO,55762,,NIFTY,,2030-12-31,2030-12-31,30000.00,CE,NIFTY30DEC30000CE,0.00,0.00,0.00,5227.20,0.00,5227.20,24211.00,4298.00,0,0,0,0.00,0,F1,65,,,,,
2026-07-13,2026-07-13,FO,NSE,IDO,74649,,NIFTY,,2031-06-24,2031-06-24,24000.00,CE,NIFTY31JUN24000CE,0.00,0.00,0.00,7181.90,0.00,7181.90,24211.00,7634.05,0,0,0,0.00,0,F1,65,,,,,
2026-07-13,2026-07-13,FO,NSE,IDO,51236,,NIFTY,,2026-07-14,2026-07-14,21850.00,PE,NIFTY2671421850PE,1.25,2.05,0.45,0.65,0.55,1.20,24211.00,0.65,52585,-54860,21797,30958341017.50,4036,F1,65,,,,,
2026-07-13,2026-07-13,FO,NSE,IDO,51238,,NIFTY,,2026-07-14,2026-07-14,21900.00,PE,NIFTY2671421900PE,1.30,1.45,0.45,0.60,0.60,1.15,24211.00,0.60,162305,-170755,28107,40011660289.25,5219,F1,65,,,,,
2026-07-13,2026-07-13,FO,NSE,IDO,51260,,NIFTY,,2026-07-14,2026-07-14,22200.00,PE,NIFTY2671422200PE,1.40,1.55,0.55,0.75,0.75,1.40,24211.00,0.75,877565,-432835,94389,136208819984.25,16429,F1,65,,,,,
2026-07-13,2026-07-13,FO,NSE,IDO,51268,,NIFTY,,2026-07-14,2026-07-14,22350.00,PE,NIFTY2671422350PE,1.35,1.45,0.60,0.85,1.20,1.55,24211.00,0.85,175760,-12480,40581,58956774734.00,7466,F1,65,,,,,
2026-07-13,2026-07-13,FO,NSE,IDO,51288,,NIFTY,,2026-07-14,2026-07-14,22550.00,PE,NIFTY2671422550PE,1.60,1.70,0.95,1.20,1.15,1.85,24211.00,1.20,617500,-21385,68799,100847807251.75,10887,F1,65,,,,,
2026-07-13,2026-07-13,FO,NSE,IDO,51290,,NIFTY,,2026-07-14,2026-07-14,22600.00,PE,NIFTY2671422600PE,1.40,1.75,0.90,1.20,1.10,1.85,24211.00,1.20,1183715,-884130,189955,279059868538.75,42479,F1,65,,,,,
2026-07-13,2026-07-13,FO,NSE,IDO,51344,,NIFTY,,2026-07-14,2026-07-14,23400.00,PE,NIFTY2671423400PE,4.55,5.70,2.45,3.30,4.05,4.80,24211.00,3.30,6523855,2709265,1271753,1934627865709.50,219478,F1,65,,,,,
2026-07-13,2026-07-13,FO,NSE,IDO,51356,,NIFTY,,2026-07-14,2026-07-14,23700.00,PE,NIFTY2671423700PE,12.05,20.40,5.40,7.40,8.30,9.65,24211.00,7.40,10579595,3488095,2022569,3117011185993.25,487287,F1,65,,,,,
2026-07-13,2026-07-13,FO,NSE,IDO,51367,,NIFTY,,2026-07-14,2026-07-14,23950.00,PE,NIFTY2671423950PE,45.50,75.65,17.15,21.80,22.75,27.25,24211.00,21.80,6412055,2663830,2982803,4650397900950.75,1069435,F1,65,,,,,
2026-07-13,2026-07-13,FO,NSE,IDO,51380,,NIFTY,,2026-07-14,2026-07-14,24200.00,PE,NIFTY2671424200PE,157.65,230.00,65.10,77.35,72.70,96.25,24211.00,77.35,11804910,1509625,6969328,11009619319848.50,2969619,F1,65,,,,,
2026-07-13,2026-07-13,FO,NSE,IDO,51386,,NIFTY,,2026-07-14,2026-07-14,24300.00,PE,NIFTY2671424300PE,239.55,318.00,112.30,131.95,122.90,151.60,24211.00,131.95,2839590,384475,1636793,2602158883896.00,870967,F1,65,,,,,
2026-07-13,2026-07-13,FO,NSE,IDO,51400,,NIFTY,,2026-07-14,2026-07-14,24600.00,PE,NIFTY2671424600PE,520.00,610.00,351.60,398.40,382.45,402.05,24211.00,398.40,362505,-66430,22830,37148233164.25,14136,F1,65,,,,,
2026-07-13,2026-07-13,FO,NSE,IDO,51468,,NIFTY,,2026-07-14,2026-07-14,25350.00,PE,NIFTY2671425350PE,1200.25,1200.25,1200.25,1200.25,1200.25,1143.05,24211.00,1134.85,1495,-390,8,13806130.00,5,F1,65,,,,,
2026-07-13,2026-07-13,FO,NSE,IDO,51484,,NIFTY,,2026-07-14,2026-07-14,25700.00,PE,NIFTY2671425700PE,0.00,0.00,0.00,1618.50,1618.50,1618.50,24211.00,1484.75,780,0,0,0.00,0,F1,65,,,,,
2026-07-13,2026-07-13,FO,NSE,IDO,57245,,NIFTY,,2026-07-21,2026-07-21,21700.00,PE,NIFTY2672121700PE,3.60,3.60,2.85,3.25,3.10,3.50,24211.00,3.25,134680,81510,3036,4282900186.50,1166,F1,65,,,,,
2026-07-13,2026-07-13,FO,NSE,IDO,57247,,NIFTY,,2026-07-21,2026-07-21,21750.00,PE,NIFTY2672121750PE,3.60,3.60,2.70,3.30,3.35,3.65,24211.00,3.30,2665,650,196,277136294.50,136,F1,65,,,,,
2026-07-13,2026-07-13,FO,NSE,IDO,57429,,NIFTY,,2026-07-21,2026-07-21,25450.00,PE,NIFTY2672125450PE,0.00,0.00,0.00,1393.45,1393.45,1393.45,24211.00,1211.80,65,0,0,0.00,0,F1,65,,,,,
2026-07-13,2026-07-13,FO,NSE,IDO,57437,,NIFTY,,2026-07-21,2026-07-21,25650.00,PE,NIFTY2672125650PE,1530.00,1530.00,1530.00,1530.00,1530.00,1759.40,24211.00,1407.85,585,520,8,14133600.00,8,F1,65,,,,,
2026-07-13,2026-07-13,FO,NSE,IDO,57442,,NIFTY,,2026-07-21,2026-07-21,25700.00,PE,NIFTY2672125700PE,0.00,0.00,0.00,1640.00,1640.00,1640.00,24211.00,1457.20,65,0,0,0.00,0,F1,65,,,,,
2026-07-13,2026-07-13,FO,NSE,IDO,57462,,NIFTY,,2026-07-21,2026-07-21,26100.00,PE,NIFTY2672126100PE,0.00,0.00,0.00,1999.50,0.00,1999.50,24211.00,1854.80,0,0,0,0.00,0,F1,65,,,,,
2026-07-13,2026-07-13,FO,NSE,IDO,63874,,NIFTY,,2026-07-28,2026-07-28,22450.00,PE,NIFTY26JUL22450PE,13.45,14.60,11.30,12.75,13.05,11.30,24211.00,12.75,39130,8710,348,508105019.50,174,F1,65,,,,,
2026-07-13,2026-07-13,FO,NSE,IDO,63906,,NIFTY,,2026-07-28,2026-07-28,23250.00,PE,NIFTY26JUL23250PE,31.10,51.95,31.10,35.25,36.10,30.80,24211.00,35.25,89765,17160,2712,4105417819.75,1606,F1,65,,,,,
2026-07-13,2026-07-13,FO,NSE,IDO,63921,,NIFTY,,2026-07-28,2026-07-28,23600.00,PE,NIFTY26JUL23600PE,84.95,104.65,64.15,68.85,67.90,60.70,24211.00,68.85,1115205,83395,22274,34284401446.75,15300,F1,65,,,,,
2026-07-13,2026-07-13,FO,NSE,IDO,63950,,NIFTY,,2026-07-28,2026-07-28,24250.00,PE,NIFTY26JUL24250PE,298.00,368.20,232.40,248.95,241.15,239.70,24211.00,248.95,391495,52650,6911,11016267928.25,4857,F1,65,,,,,
2026-07-13,2026-07-13,FO,NSE,IDO,63982,,NIFTY,,2026-07-28,2026-07-28,25050.00,PE,NIFTY26JUL25050PE,0.00,0.00,0.00,971.00,971.00,971.00,24211.00,859.90,2015,0,0,0.00,0,F1,65,,,,,
2026-07-13,2026-07-13,FO,NSE,IDO,64005,,NIFTY,,2026-07-28,2026-07-28,25550.00,PE,NIFTY26JUL25550PE,0.00,0.00,0.00,1529.85,1529.85,1529.85,24211.00,1301.60,845,0,0,0.00,0,F1,65,,,,,
2026-07-13,2026-07-13,FO,NSE,IDO,64014,,NIFTY,,2026-07-28,2026-07-28,25750.00,PE,NIFTY26JUL25750PE,0.00,0.00,0.00,1735.75,1735.75,1735.75,24211.00,1490.45,390,0,0,0.00,0,F1,65,,,,,
2026-07-13,2026-07-13,FO,NSE,IDO,65161,,NIFTY,,2026-08-04,2026-08-04,21650.00,PE,NIFTY2680421650PE,0.00,0.00,0.00,20.65,0.00,20.65,24211.00,0.85,0,0,0,0.00,0,F1,65,,,,,
2026-07-13,2026-07-13,FO,NSE,IDO,65687,,NIFTY,,2026-08-04,2026-08-04,23850.00,PE,NIFTY2680423850PE,196.20,218.75,149.05,153.90,153.50,139.00,24211.00,153.90,8905,4615,156,243648908.75,109,F1,65,,,,,
2026-07-13,2026-07-13,FO,NSE,IDO,65692,,NIFTY,,2026-08-04,2026-08-04,23950.00,PE,NIFTY2680423950PE,249.30,253.70,173.65,182.45,179.15,166.00,24211.00,182.45,8450,3120,231,362777561.25,160,F1,65,,,,,
2026-07-13,2026-07-13,FO,NSE,IDO,65921,,NIFTY,,2026-08-04,2026-08-04,25100.00,PE,NIFTY2680425100PE,0.00,0.00,0.00,1276.70,0.00,1276.70,24211.00,926.90,0,0,0,0.00,0,F1,65,,,,,
2026-07-13,2026-07-13,FO,NSE,IDO,66053,,NIFTY,,2026-08-04,2026-08-04,25900.00,PE,NIFTY2680425900PE,0.00,0.00,0.00,1956.25,0.00,1956.25,24211.00,1623.80,0,0,0,0.00,0,F1,65,,,,,
2026-07-13,2026-07-13,FO,NSE,IDO,40904,,NIFTY,,2026-08-11,2026-08-11,21900.00,PE,NIFTY2681121900PE,0.00,0.00,0.00,6.40,0.00,6.40,24211.00,5.55,0,0,0,0.00,0,F1,65,,,,,
2026-07-13,2026-07-13,FO,NSE,IDO,40916,,NIFTY,,2026-08-11,2026-08-11,22200.00,PE,NIFTY2681122200PE,0.00,0.00,0.00,13.05,0.00,13.05,24211.00,12.10,0,0,0,0.00,0,F1,65,,,,,
2026-07-13,2026-07-13,FO,NSE,IDO,40925,,NIFTY,,2026-08-11,2026-08-11,22400.00,PE,NIFTY2681122400PE,0.00,0.00,0.00,20.20,0.00,20.20,24211.00,19.50,0,0,0,0.00,0,F1,65,,,,,
2026-07-13,2026-07-13,FO,NSE,IDO,40952,,NIFTY,,2026-08-11,2026-08-11,23050.00,PE,NIFTY2681123050PE,68.20,68.20,67.55,67.55,67.55,81.00,24211.00,74.20,130,0,2,3005323.75,2,F1,65,,,,,
2026-07-13,2026-07-13,FO,NSE,IDO,40958,,NIFTY,,2026-08-11,2026-08-11,23200.00,PE,NIFTY2681123200PE,92.40,92.45,68.40,69.10,68.40,59.00,24211.00,69.10,2730,-195,48,72618685.75,28,F1,65,,,,,
2026-07-13,2026-07-13,FO,NSE,IDO,40970,,NIFTY,,2026-08-11,2026-08-11,23500.00,PE,NIFTY2681123500PE,117.95,117.95,106.45,109.40,106.80,143.45,24211.00,109.40,3510,3510,92,141189847.50,38,F1,65,,,,,
2026-07-13,2026-07-13,FO,NSE,IDO,40984,,NIFTY,,2026-08-11,2026-08-11,23800.00,PE,NIFTY2681123800PE,200.00,229.05,165.75,170.30,170.00,156.15,24211.00,170.30,10790,6695,334,520908007.75,185,F1,65,,,,,
2026-07-13,2026-07-13,FO,NSE,IDO,40990,,NIFTY,,2026-08-11,2026-08-11,23950.00,PE,NIFTY2681123950PE,254.00,282.60,214.65,214.65,214.65,191.10,24211.00,214.65,650,130,15,23590651.50,13,F1,65,,,,,
2026-07-13,2026-07-13,FO,NSE,IDO,41012,,NIFTY,,2026-08-11,2026-08-11,24500.00,PE,NIFTY2681124500PE,560.70,560.70,427.95,457.90,459.40,626.30,24211.00,457.90,650,455,18,29232255.00,17,F1,65,,,,,
2026-07-13,2026-07-13,FO,NSE,IDO,61212,,NIFTY,,2026-08-25,2026-08-25,21500.00,PE,NIFTY26AUG21500PE,19.45,23.10,19.20,20.35,21.35,18.60,24211.00,20.35,358085,6435,1313,1836688769.50,884,F1,65,,,,,
2026-07-13,2026-07-13,FO,NSE,IDO,61333,,NIFTY,,2026-08-25,2026-08-25,21550.00,PE,NIFTY26AUG21550PE,0.00,0.00,0.00,25.90,25.90,25.90,24211.00,8.10,130,0,0,0.00,0,F1,65,,,,,
2026-07-13,2026-07-13,FO,NSE,IDO,61353,,NIFTY,,2026-08-25,2026-08-25,22000.00,PE,NIFTY26AUG22000PE,29.95,33.85,25.45,28.00,25.45,25.40,24211.00,28.00,700960,32045,4254,6091367525.75,2471,F1,65,,,,,
2026-07-13,2026-07-13,FO,NSE,IDO,61396,,NIFTY,,2026-08-25,2026-08-25,22450.00,PE,NIFTY26AUG22450PE,48.90,51.45,41.05,41.25,41.40,37.70,24211.00,41.25,7735,260,53,77494742.00,31,F1,65,,,,,
2026-07-13,2026-07-13,FO,NSE,IDO,61412,,NIFTY,,2026-08-25,2026-08-25,22750.00,PE,NIFTY26AUG22750PE,69.50,73.50,56.30,58.35,58.85,52.15,24211.00,58.35,28015,-1950,63,93423768.75,41,F1,65,,,,,
2026-07-13,2026-07-13,FO,NSE,IDO,61437,,NIFTY,,2026-08-25,2026-08-25,23100.00,PE,NIFTY26AUG23100PE,109.85,115.20,85.30,88.85,87.50,80.10,24211.00,88.85,114595,-2665,1146,1728073919.00,730,F1,65,,,,,
2026-07-13,2026-07-13,FO,NSE,IDO,61454,,NIFTY,,2026-08-25,2026-08-25,23250.00,PE,NIFTY26AUG23250PE,132.05,138.65,103.45,106.90,105.40,98.75,24211.00,106.90,28145,130,89,135163314.00,47,F1,65,,,,,
2026-07-13,2026-07-13,FO,NSE,IDO,61535,,NIFTY,,2026-08-25,2026-08-25,23800.00,PE,NIFTY26AUG23800PE,250.00,288.00,210.00,217.00,212.10,204.05,24211.00,217.00,319800,-8840,2868,4481605719.50,2011,F1,65,,,,,
2026-07-13,2026-07-13,FO,NSE,IDO,61984,,NIFTY,,2026-08-25,2026-08-25,25700.00,PE,NIFTY26AUG25700PE,0.00,0.00,0.00,1395.00,1395.00,1395.00,24211.00,1441.25,260,0,0,0.00,0,F1,65,,,,,
2026-07-13,2026-07-13,FO,NSE,IDO,73855,,NIFTY,,2026-09-29,2026-09-29,21850.00,PE,NIFTY26SEP21850PE,54.60,55.00,49.95,49.95,49.95,45.35,24211.00,55.25,455,130,12,17084840.50,12,F1,65,,,,,
2026-07-13,2026-07-13,FO,NSE,IDO,73872,,NIFTY,,2026-09-29,2026-09-29,22150.00,PE,NIFTY26SEP22150PE,71.50,71.50,57.85,59.70,59.70,57.35,24211.00,59.70,25870,1690,40,57752584.50,26,F1,65,,,,,
2026-07-13,2026-07-13,FO,NSE,IDO,73896,,NIFTY,,2026-09-29,2026-09-29,22800.00,PE,NIFTY26SEP22800PE,117.00,137.20,108.95,111.35,111.50,105.80,24211.00,111.35,41340,1560,102,151959083.25,71,F1,65,,,,,
2026-07-13,2026-07-13,FO,NSE,IDO,73902,,NIFTY,,2026-09-29,2026-09-29,22950.00,PE,NIFTY26SEP22950PE,156.65,158.00,130.45,130.65,130.45,123.30,24211.00,130.65,8450,-585,41,61536195.50,23,F1,65,,,,,
2026-07-13,2026-07-13,FO,NSE,IDO,74354,,NIFTY,,2026-09-29,2026-09-29,24700.00,PE,NIFTY26SEP24700PE,747.00,762.00,630.00,646.00,646.00,630.35,24211.00,838.15,16900,-260,30,49506889.25,23,F1,65,,,,,
2026-07-13,2026-07-13,FO,NSE,IDO,74421,,NIFTY,,2026-09-29,2026-09-29,25800.00,PE,NIFTY26SEP25800PE,1395.00,1395.00,1395.00,1395.00,1395.00,1734.15,24211.00,1546.50,130,65,1,1767675.00,1,F1,65,,,,,
2026-07-13,2026-07-13,FO,NSE,IDO,65924,,NIFTY,,2026-09-29,2026-09-29,30000.00,PE,NIFTY26SEP30000PE,5600.00,5600.00,5360.00,5370.00,5370.00,5386.70,24211.00,5378.20,149500,-65,10,23042425.25,8,F1,65,,,,,
2026-07-13,2026-07-13,FO,NSE,IDO,55329,,NIFTY,,2026-12-29,2026-12-29,25500.00,PE,NIFTY26DEC25500PE,1141.05,1202.40,1070.00,1082.80,1081.00,1078.85,24211.00,1082.80,161265,2665,245,423973855.50,194,F1,65,,,,,
2026-07-13,2026-07-13,FO,NSE,IDO,80269,,NIFTY,,2027-03-30,2027-03-30,21000.00,PE,NIFTY27MAR21000PE,130.00,132.00,124.60,126.20,125.55,118.75,24211.00,126.20,225745,-3575,615,844645590.75,200,F1,65,,,,,
2026-07-13,2026-07-13,FO,NSE,IDO,80306,,NIFTY,,2027-03-30,2027-03-30,28500.00,PE,NIFTY27MAR28500PE,0.00,0.00,0.00,4504.70,0.00,4504.70,24211.00,3431.05,0,0,0,0.00,0,F1,65,,,,,
2026-07-13,2026-07-13,FO,NSE,IDO,55371,,NIFTY,,2027-06-29,2027-06-29,16500.00,PE,NIFTY27JUN16500PE,0.00,0.00,0.00,0.65,0.00,0.65,24211.00,3.75,0,0,0,0.00,0,F1,65,,,,,
2026-07-13,2026-07-13,FO,NSE,IDO,55427,,NIFTY,,2027-12-28,2027-12-28,25500.00,PE,NIFTY27DEC25500PE,0.00,0.00,0.00,676.05,0.00,676.05,24211.00,1472.00,0,0,0,0.00,0,F1,65,,,,,
2026-07-13,2026-07-13,FO,NSE,IDO,55475,,NIFTY,,2028-06-27,2028-06-27,22500.00,PE,NIFTY28JUN22500PE,0.00,0.00,0.00,206.95,0.00,206.95,24211.00,579.55,0,0,0,0.00,0,F1,65,,,,,
2026-07-13,2026-07-13,FO,NSE,IDO,55519,,NIFTY,,2028-12-26,2028-12-26,19500.00,PE,NIFTY28DEC19500PE,0.00,0.00,0.00,49.00,0.00,49.00,24211.00,191.30,0,0,0,0.00,0,F1,65,,,,,
2026-07-13,2026-07-13,FO,NSE,IDO,55705,,NIFTY,,2030-12-31,2030-12-31,22500.00,PE,NIFTY30DEC22500PE,0.00,0.00,0.00,219.35,0.00,219.35,24211.00,586.35,0,0,0,0.00,0,F1,65,,,,,
2026-07-13,2026-07-13,FO,NSE,IDO,55761,,NIFTY,,2030-12-31,2030-12-31,28500.00,PE,NIFTY30DEC28500PE,0.00,0.00,0.00,1083.10,0.00,1083.10,24211.00,1996.45,0,0,0,0.00,0,F1,65,,,,,
2026-07-13,2026-07-13,FO,NSE,IDO,55765,,NIFTY,,2030-12-31,2030-12-31,31500.00,PE,NIFTY30DEC31500PE,0.00,0.00,0.00,1885.50,0.00,1885.50,24211.00,3087.00,0,0,0,0.00,0,F1,65,,,,,
2026-07-13,2026-07-13,FO,NSE,IDO,74648,,NIFTY,,2031-06-24,2031-06-24,22500.00,PE,NIFTY31JUN22500PE,0.00,0.00,0.00,663.60,0.00,663.60,24211.00,570.35,0,0,0,0.00,0,F1,65,,,,,
2026-07-13,2026-07-13,FO,NSE,IDO,63863,,NIFTY,,2026-07-28,2026-07-28,22200.00,CE,NIFTY26JUL22200CE,0.00,0.00,0.00,1800.00,1800.00,1800.00,24211.00,2067.30,2015,0,0,0.00,0,F1,65,,,,,
2026-07-13,2026-07-13,FO,NSE,IDO,63835,,NIFTY,,2026-07-28,2026-07-28,21550.00,CE,NIFTY26JUL21550CE,0.00,0.00,0.00,2828.20,0.00,2828.20,24211.00,2714.50,0,0,0,0.00,0,F1,65,,,,,
2026-07-13,2026-07-13,FO,NSE,IDO,57448,,NIFTY,,2026-07-21,2026-07-21,25800.00,CE,NIFTY2672125800CE,1.65,2.15,0.90,1.00,1.00,1.20,24211.00,1.00,402675,75985,6550,10984780345.50,1995,F1,65,,,,,
2026-07-13,2026-07-13,FO,NSE,IDO,57411,,NIFTY,,2026-07-21,2026-07-21,25350.00,CE,NIFTY2672125350CE,1.95,3.55,1.90,2.85,2.65,3.10,24211.00,2.85,53170,34255,2871,4731208859.00,1926,F1,65,,,,,
2026-07-13,2026-07-13,FO,NSE,IDO,57407,,NIFTY,,2026-07-21,2026-07-21,25250.00,CE,NIFTY2672125250CE,2.50,4.90,2.35,3.70,3.85,3.90,24211.00,3.70,132210,83785,7803,12808381556.75,4627,F1,65,,,,,
2026-07-13,2026-07-13,FO,NSE,IDO,57365,,NIFTY,,2026-07-21,2026-07-21,24600.00,CE,NIFTY2672124600CE,30.00,67.35,15.40,48.15,49.35,47.95,24211.00,48.15,1612000,711815,108425,173664326020.25,72776,F1,65,,,,,
2026-07-13,2026-07-13,FO,NSE,IDO,57356,,NIFTY,,2026-07-21,2026-07-21,24400.00,CE,NIFTY2672124400CE,61.50,136.30,46.00,106.45,110.30,104.60,24211.00,106.45,1372930,594945,127479,202945108564.25,80612,F1,65,,,,,
2026-07-13,2026-07-13,FO,NSE,IDO,57352,,NIFTY,,2026-07-21,2026-07-21,24300.00,CE,NIFTY2672124300CE,100.00,184.10,69.00,149.35,152.85,146.10,24211.00,149.35,1370915,275925,156785,248884459242.25,96393,F1,65,,,,,
2026-07-13,2026-07-13,FO,NSE,IDO,57275,,NIFTY,,2026-07-21,2026-07-21,22400.00,CE,NIFTY2672122400CE,0.00,0.00,0.00,1767.40,0.00,1767.40,24211.00,1840.80,0,0,0,0.00,0,F1,65,,,,,
2026-07-13,2026-07-13,FO,NSE,IDO,57269,,NIFTY,,2026-07-21,2026-07-21,22250.00,CE,NIFTY2672122250CE,0.00,0.00,0.00,1905.00,0.00,1905.00,24211.00,1990.50,0,0,0,0.00,0,F1,65,,,,,
2026-07-13,2026-07-13,FO,NSE,IDO,57248,,NIFTY,,2026-07-21,2026-07-21,21800.00,CE,NIFTY2672121800CE,0.00,0.00,0.00,2331.10,0.00,2331.10,24211.00,2439.85,0,0,0,0.00,0,F1,65,,,,,
2026-07-13,2026-07-13,FO,NSE,IDO,51499,,NIFTY,,2026-07-14,2026-07-14,26000.00,CE,NIFTY2671426000CE,0.60,0.65,0.25,0.35,0.30,0.55,24211.00,0.35,1285440,-449280,70766,119596475423.75,14188,F1,65,,,,,
2026-07-13,2026-07-13,FO,NSE,IDO,51487,,NIFTY,,2026-07-14,2026-07-14,25800.00,CE,NIFTY2671425800CE,0.75,0.80,0.30,0.35,0.30,0.60,24211.00,0.35,609830,-23465,25483,42735709334.50,3881,F1,65,,,,,
2026-07-13,2026-07-13,FO,NSE,IDO,51439,,NIFTY,,2026-07-14,2026-07-14,25150.00,CE,NIFTY2671425150CE,1.10,1.10,0.50,0.60,0.55,1.10,24211.00,0.60,640185,-20800,95159,155566146388.25,17691,F1,65,,,,,
2026-07-13,2026-07-13,FO,NSE,IDO,51393,,NIFTY,,2026-07-14,2026-07-14,24500.00,CE,NIFTY2671424500CE,6.45,21.20,2.80,6.15,6.10,14.65,24211.00,6.15,17223115,3153150,5054741,8052243922388.25,902426,F1,65,,,,,
2026-07-13,2026-07-13,FO,NSE,IDO,51377,,NIFTY,,2026-07-14,2026-07-14,24150.00,CE,NIFTY2671424150CE,57.00,169.25,28.40,115.40,124.40,130.60,24211.00,115.40,3801200,-677105,6234428,9821676019532.00,2668194,F1,65,,,,,
2026-07-13,2026-07-13,FO,NSE,IDO,51370,,NIFTY,,2026-07-14,2026-07-14,24000.00,CE,NIFTY2671424000CE,90.00,288.60,81.70,233.15,245.00,239.85,24211.00,233.15,3172455,-89245,3386898,5316091781776.75,1710441,F1,65,,,,,
2026-07-13,2026-07-13,FO,NSE,IDO,51349,,NIFTY,,2026-07-14,2026-07-14,23550.00,CE,NIFTY2671423550CE,496.10,703.50,449.05,661.45,673.95,668.50,24211.00,661.45,31980,11440,1493,2339618004.75,1193,F1,65,,,,,
2026-07-13,2026-07-13,FO,NSE,IDO,51345,,NIFTY,,2026-07-14,2026-07-14,23450.00,CE,NIFTY2671423450CE,562.30,797.85,547.90,760.15,776.50,769.25,24211.00,760.15,17615,6110,493,772508441.25,430,F1,65,,,,,
2026-07-13,2026-07-13,FO,NSE,IDO,51341,,NIFTY,,2026-07-14,2026-07-14,23350.00,CE,NIFTY2671423350CE,669.50,897.10,650.00,859.35,875.30,867.15,24211.00,859.35,10205,5070,1168,1836716326.25,836,F1,65,,,,,
2026-07-13,2026-07-13,FO,NSE,IDO,51243,,NIFTY,,2026-07-14,2026-07-14,22050.00,CE,NIFTY2671422050CE,0.00,0.00,0.00,2159.00,2159.00,2159.00,24211.00,2164.65,1625,0,0,0.00,0,F1,65,,,,,
2026-07-13,2026-07-13,FO,NSE,IDO,65922,,NIFTY,,2026-08-04,2026-08-04,25150.00,CE,NIFTY2680425150CE,0.00,0.00,0.00,168.75,0.00,168.75,24211.00,118.85,0,0,0,0.00,0,F1,65,,,,,
2026-07-13,2026-07-13,FO,NSE,IDO,66060,,NIFTY,,2026-08-04,2026-08-04,26100.00,CE,NIFTY2680426100CE,5.50,6.40,4.60,5.40,5.15,5.40,24211.00,5.40,16250,455,209,354641514.50,167,F1,65,,,,,
2026-07-13,2026-07-13,FO,NSE,IDO,40889,,NIFTY,,2026-08-11,2026-08-11,21700.00,CE,NIFTY2681121700CE,0.00,0.00,0.00,2828.05,0.00,2828.05,24211.00,2618.05,0,0,0,0.00,0,F1,65,,,,,
2026-07-13,2026-07-13,FO,NSE,IDO,40985,,NIFTY,,2026-08-11,2026-08-11,23850.00,CE,NIFTY2681123850CE,0.00,0.00,0.00,918.70,0.00,918.70,24211.00,735.05,0,0,0,0.00,0,F1,65,,,,,
2026-07-13,2026-07-13,FO,NSE,IDO,41005,,NIFTY,,2026-08-11,2026-08-11,24350.00,CE,NIFTY2681124350CE,282.10,314.45,282.10,308.80,308.65,218.00,24211.00,308.80,1105,260,11,17628315.25,9,F1,65,,,,,
2026-07-13,2026-07-13,FO,NSE,IDO,41015,,NIFTY,,2026-08-11,2026-08-11,24600.00,CE,NIFTY2681124600CE,0.00,0.00,0.00,481.30,0.00,481.30,24211.00,342.80,0,0,0,0.00,0,F1,65,,,,,
2026-07-13,2026-07-13,FO,NSE,IDO,41020,,NIFTY,,2026-08-11,2026-08-11,24700.00,CE,NIFTY2681124700CE,0.00,0.00,0.00,435.95,0.00,435.95,24211.00,304.70,0,0,0,0.00,0,F1,65,,,,,
2026-07-13,2026-07-13,FO,NSE,IDO,41037,,NIFTY,,2026-08-11,2026-08-11,25000.00,CE,NIFTY2681125000CE,0.00,0.00,0.00,317.95,0.00,317.95,24211.00,208.95,0,0,0,0.00,0,F1,65,,,,,
2026-07-13,2026-07-13,FO,NSE,IDO,61177,,NIFTY,,2026-08-25,2026-08-25,21450.00,CE,NIFTY26AUG21450CE,0.00,0.00,0.00,2848.15,0.00,2848.15,24211.00,2931.35,0,0,0,0.00,0,F1,65,,,,,
2026-07-13,2026-07-13,FO,NSE,IDO,61271,,NIFTY,,2026-08-25,2026-08-25,21550.00,CE,NIFTY26AUG21550CE,0.00,0.00,0.00,2758.30,0.00,2758.30,24211.00,2833.75,0,0,0,0.00,0,F1,65,,,,,
2026-07-13,2026-07-13,FO,NSE,IDO,61403,,NIFTY,,2026-08-25,2026-08-25,22650.00,CE,NIFTY26AUG22650CE,0.00,0.00,0.00,1075.00,1075.00,1075.00,24211.00,1800.10,65,0,0,0.00,0,F1,65,,,,,
2026-07-13,2026-07-13,FO,NSE,IDO,61455,,NIFTY,,2026-08-25,2026-08-25,23300.00,CE,NIFTY26AUG23300CE,1056.85,1158.85,1056.85,1155.80,1158.85,1130.00,24211.00,1155.80,4940,-65,9,14272540.75,8,F1,65,,,,,
2026-07-13,2026-07-13,FO,NSE,IDO,61623,,NIFTY,,2026-08-25,2026-08-25,24150.00,CE,NIFTY26AUG24150CE,410.25,553.20,403.15,521.50,530.75,494.90,24211.00,521.50,7475,-1300,246,394048622.50,196,F1,65,,,,,
2026-07-13,2026-07-13,FO,NSE,IDO,61717,,NIFTY,,2026-08-25,2026-08-25,24350.00,CE,NIFTY26AUG24350CE,309.00,436.20,309.00,406.85,408.05,388.25,24211.00,406.85,13780,-975,122,196177861.75,96,F1,65,,,,,
2026-07-13,2026-07-13,FO,NSE,IDO,61981,,NIFTY,,2026-08-25,2026-08-25,25650.00,CE,NIFTY26AUG25650CE,31.00,40.10,20.05,38.00,38.55,33.40,24211.00,38.00,45110,1625,336,560902901.00,216,F1,65,,,,,
2026-07-13,2026-07-13,FO,NSE,IDO,61983,,NIFTY,,2026-08-25,2026-08-25,25700.00,CE,NIFTY26AUG25700CE,0.00,0.00,0.00,326.90,0.00,326.90,24211.00,148.60,0,0,0,0.00,0,F1,65,,,,,
2026-07-13,2026-07-13,FO,NSE,IDO,73856,,NIFTY,,2026-09-29,2026-09-29,21900.00,CE,NIFTY26SEP21900CE,0.00,0.00,0.00,2412.10,0.00,2412.10,24211.00,2672.60,0,0,0,0.00,0,F1,65,,,,,
2026-07-13,2026-07-13,FO,NSE,IDO,55284,,NIFTY,,2026-09-29,2026-09-29,22500.00,CE,NIFTY26SEP22500CE,1850.05,2045.00,1850.00,2028.00,2028.00,2021.70,24211.00,2028.00,163280,-1040,45,71585699.25,21,F1,65,,,,,
2026-07-13,2026-07-13,FO,NSE,IDO,73901,,NIFTY,,2026-09-29,2026-09-29,22950.00,CE,NIFTY26SEP22950CE,0.00,0.00,0.00,1605.90,1605.90,1605.90,24211.00,1778.50,195,0,0,0.00,0,F1,65,,,,,
2026-07-13,2026-07-13,FO,NSE,IDO,74058,,NIFTY,,2026-09-29,2026-09-29,23950.00,CE,NIFTY26SEP23950CE,850.00,856.35,850.00,856.35,856.35,740.45,24211.00,1083.25,780,-130,2,3224412.75,2,F1,65,,,,,
2026-07-13,2026-07-13,FO,NSE,IDO,74068,,NIFTY,,2026-09-29,2026-09-29,24200.00,CE,NIFTY26SEP24200CE,620.00,726.05,592.25,708.60,718.05,697.75,24211.00,708.60,37830,7345,387,625189100.25,212,F1,65,,,,,
2026-07-13,2026-07-13,FO,NSE,IDO,74388,,NIFTY,,2026-09-29,2026-09-29,25350.00,CE,NIFTY26SEP25350CE,0.00,0.00,0.00,393.25,0.00,393.25,24211.00,440.85,0,0,0,0.00,0,F1,65,,,,,
2026-07-13,2026-07-13,FO,NSE,IDO,55292,,NIFTY,,2026-09-29,2026-09-29,34500.00,CE,NIFTY26SEP34500CE,0.00,0.00,0.00,1.10,1.10,1.10,24211.00,0.00,3575,0,0,0.00,0,F1,65,,,,,
2026-07-13,2026-07-13,FO,NSE,IDO,71501,,NIFTY,,2026-12-29,2026-12-29,24000.00,CE,NIFTY26DEC24000CE,1201.20,1370.70,1190.05,1329.30,1338.95,1311.05,24211.00,1329.30,775060,8515,1280,2102483864.00,904,F1,65,,,,,
2026-07-13,2026-07-13,FO,NSE,IDO,35235,,NIFTY,,2026-12-29,2026-12-29,30000.00,CE,NIFTY26DEC30000CE,19.75,20.90,18.55,19.90,19.70,19.85,24211.00,19.90,737585,-810,277,540504900.00,123,F1,65,,,,,
2026-07-13,2026-07-13,FO,NSE,IDO,71547,,NIFTY,,2027-06-29,2027-06-29,18000.00,CE,NIFTY27JUN18000CE,0.00,0.00,0.00,4066.45,0.00,4066.45,24211.00,7322.30,0,0,0,0.00,0,F1,65,,,,,
2026-07-13,2026-07-13,FO,NSE,IDO,86145,,NIFTY,,2028-06-27,2028-06-27,21000.00,CE,NIFTY28JUN21000CE,0.00,0.00,0.00,5226.55,0.00,5226.55,24211.00,6048.90,0,0,0,0.00,0,F1,65,,,,,
2026-07-13,2026-07-13,FO,NSE,IDO,55518,,NIFTY,,2028-12-26,2028-12-26,19500.00,CE,NIFTY28DEC19500CE,0.00,0.00,0.00,9716.40,0.00,9716.40,24211.00,7785.25,0,0,0,0.00,0,F1,65,,,,,
2026-07-13,2026-07-13,FO,NSE,IDO,89630,,NIFTY,,2029-06-26,2029-06-26,24000.00,CE,NIFTY29JUN24000CE,0.00,0.00,0.00,8085.35,0.00,8085.35,24211.00,5343.45,0,0,0,0.00,0,F1,65,,,,,
2026-07-13,2026-07-13,FO,NSE,IDO,61794,,NIFTY,,2029-12-24,2029-12-24,27000.00,CE,NIFTY29DEC27000CE,0.00,0.00,0.00,6201.65,0.00,6201.65,24211.00,4386.70,0,0,0,0.00,0,F1,65,,,,,
2026-07-13,2026-07-13,FO,NSE,IDO,51242,,NIFTY,,2026-07-14,2026-07-14,22000.00,PE,NIFTY2671422000PE,0.85,1.15,0.50,0.70,0.75,1.20,24211.00,0.70,2746770,-1503450,206555,295384367824.00,33188,F1,65,,,,,
2026-07-13,2026-07-13,FO,NSE,IDO,51294,,NIFTY,,2026-07-14,2026-07-14,22700.00,PE,NIFTY2671422700PE,1.40,3.80,1.10,1.35,1.35,2.05,24211.00,1.35,2111395,-918645,258615,381610594059.50,52391,F1,65,,,,,
2026-07-13,2026-07-13,FO,NSE,IDO,51340,,NIFTY,,2026-07-14,2026-07-14,23300.00,PE,NIFTY2671423300PE,5.50,5.50,2.10,2.85,3.15,4.15,24211.00,2.85,7018505,1512225,1241741,1880853243031.75,198370,F1,65,,,,,
2026-07-13,2026-07-13,FO,NSE,IDO,51378,,NIFTY,,2026-07-14,2026-07-14,24150.00,PE,NIFTY2671424150PE,130.00,190.00,48.85,58.70,54.90,74.85,24211.00,58.70,9938240,2028065,5247464,8267438018476.00,2389221,F1,65,,,,,
2026-07-13,2026-07-13,FO,NSE,IDO,51430,,NIFTY,,2026-07-14,2026-07-14,25050.00,PE,NIFTY2671425050PE,968.40,976.40,806.95,841.20,846.00,834.10,24211.00,841.20,17940,-260,70,117946374.00,64,F1,65,,,,,
2026-07-13,2026-07-13,FO,NSE,IDO,51506,,NIFTY,,2026-07-14,2026-07-14,26150.00,PE,NIFTY2671426150PE,0.00,0.00,0.00,1938.95,1938.95,1938.95,24211.00,1934.70,650,0,0,0.00,0,F1,65,,,,,
2026-07-13,2026-07-13,FO,NSE,IDO,57258,,NIFTY,,2026-07-21,2026-07-21,21950.00,PE,NIFTY2672121950PE,4.25,4.60,3.20,3.65,3.45,3.70,24211.00,3.65,5395,455,638,910416997.75,331,F1,65,,,,,
2026-07-13,2026-07-13,FO,NSE,IDO,57276,,NIFTY,,2026-07-21,2026-07-21,22400.00,PE,NIFTY2672122400PE,6.00,6.70,4.40,5.30,5.35,5.20,24211.00,5.30,160030,79300,8851,12890048496.00,4209,F1,65,,,,,
2026-07-13,2026-07-13,FO,NSE,IDO,57393,,NIFTY,,2026-07-21,2026-07-21,24950.00,PE,NIFTY2672124950PE,745.00,746.00,720.30,746.00,746.00,891.30,24211.00,745.25,195,130,4,6679159.50,4,F1,65,,,,,
2026-07-13,2026-07-13,FO,NSE,IDO,57447,,NIFTY,,2026-07-21,2026-07-21,25750.00,PE,NIFTY2672125750PE,0.00,0.00,0.00,1689.35,1689.35,1689.35,24211.00,1506.70,65,0,0,0.00,0,F1,65,,,,,
2026-07-13,2026-07-13,FO,NSE,IDO,63820,,NIFTY,,2026-07-28,2026-07-28,21300.00,PE,NIFTY26JUL21300PE,5.65,5.85,4.75,5.60,5.65,5.20,24211.00,5.60,67730,260,238,329593543.50,159,F1,65,,,,,
2026-07-13,2026-07-13,FO,NSE,IDO,63826,,NIFTY,,2026-07-28,2026-07-28,21400.00,PE,NIFTY26JUL21400PE,5.50,6.70,5.05,5.90,6.70,5.70,24211.00,5.90,21255,-130,100,139136422.75,83,F1,65,,,,,
2026-07-13,2026-07-13,FO,NSE,IDO,63843,,NIFTY,,2026-07-28,2026-07-28,21700.00,PE,NIFTY26JUL21700PE,6.50,7.50,6.05,6.75,7.05,6.45,24211.00,6.75,85410,910,336,474072855.75,196,F1,65,,,,,
2026-07-13,2026-07-13,FO,NSE,IDO,63882,,NIFTY,,2026-07-28,2026-07-28,22650.00,PE,NIFTY26JUL22650PE,19.25,20.05,13.65,15.60,15.45,13.75,24211.00,15.60,59540,650,429,632051368.00,258,F1,65,,,,,
2026-07-13,2026-07-13,FO,NSE,IDO,63896,,NIFTY,,2026-07-28,2026-07-28,23000.00,PE,NIFTY26JUL23000PE,27.00,36.00,21.95,24.45,25.15,21.30,24211.00,24.45,3876015,14430,38384,57451420653.25,20795,F1,65,,,,,
2026-07-13,2026-07-13,FO,NSE,IDO,63908,,NIFTY,,2026-07-28,2026-07-28,23300.00,PE,NIFTY26JUL23300PE,49.95,57.10,35.50,38.80,39.90,33.30,24211.00,38.80,734890,-73320,14126,21435946714.00,9565,F1,65,,,,,
2026-07-13,2026-07-13,FO,NSE,IDO,63910,,NIFTY,,2026-07-28,2026-07-28,23350.00,PE,NIFTY26JUL23350PE,58.00,62.90,38.95,42.15,42.40,36.65,24211.00,42.15,117260,25350,2088,3175478761.00,1559,F1,65,,,,,
2026-07-13,2026-07-13,FO,NSE,IDO,63926,,NIFTY,,2026-07-28,2026-07-28,23700.00,PE,NIFTY26JUL23700PE,111.95,129.70,78.40,84.40,82.15,75.00,24211.00,84.40,1447875,-187980,27432,42446501152.25,17127,F1,65,,,,,
2026-07-13,2026-07-13,FO,NSE,IDO,63928,,NIFTY,,2026-07-28,2026-07-28,23750.00,PE,NIFTY26JUL23750PE,133.00,142.15,86.70,92.80,90.95,84.15,24211.00,92.80,141310,31265,2648,4106213920.25,1730,F1,65,,,,,
2026-07-13,2026-07-13,FO,NSE,IDO,63940,,NIFTY,,2026-07-28,2026-07-28,24000.00,PE,NIFTY26JUL24000PE,165.00,243.95,144.15,153.25,149.30,144.85,24211.00,153.25,5826730,-139165,143639,225828886279.75,82419,F1,65,,,,,
2026-07-13,2026-07-13,FO,NSE,IDO,63956,,NIFTY,,2026-07-28,2026-07-28,24400.00,PE,NIFTY26JUL24400PE,440.00,465.00,303.80,324.40,319.20,322.10,24211.00,324.40,821535,-46865,10830,17429032770.50,7512,F1,65,,,,,
2026-07-13,2026-07-13,FO,NSE,IDO,63968,,NIFTY,,2026-07-28,2026-07-28,24700.00,PE,NIFTY26JUL24700PE,652.40,704.50,500.65,524.00,513.60,525.35,24211.00,524.00,239590,-11245,960,1579641537.50,763,F1,65,,,,,
2026-07-13,2026-07-13,FO,NSE,IDO,64001,,NIFTY,,2026-07-28,2026-07-28,25450.00,PE,NIFTY26JUL25450PE,0.00,0.00,0.00,1433.00,1433.00,1433.00,24211.00,1209.20,195,0,0,0.00,0,F1,65,,,,,
2026-07-13,2026-07-13,FO,NSE,IDO,64018,,NIFTY,,2026-07-28,2026-07-28,25850.00,PE,NIFTY26JUL25850PE,0.00,0.00,0.00,1764.15,1764.15,1764.15,24211.00,1586.50,65,0,0,0.00,0,F1,65,,,,,
2026-07-13,2026-07-13,FO,NSE,IDO,64028,,NIFTY,,2026-07-28,2026-07-28,26050.00,PE,NIFTY26JUL26050PE,0.00,0.00,0.00,1980.90,1980.90,1980.90,24211.00,1780.90,1040,0,0,0.00,0,F1,65,,,,,
2026-07-13,2026-07-13,FO,NSE,IDO,65203,,NIFTY,,2026-08-04,2026-08-04,21800.00,PE,NIFTY2680421800PE,11.25,11.70,10.65,11.70,11.70,27.65,24211.00,1.45,195,195,5,7088675.75,5,F1,65,,,,,
2026-07-13,2026-07-13,FO,NSE,IDO,65444,,NIFTY,,2026-08-04,2026-08-04,22700.00,PE,NIFTY2680422700PE,29.45,31.65,22.30,24.70,24.65,21.30,24211.00,24.70,29770,-1040,215,317603604.50,149,F1,65,,,,,
2026-07-13,2026-07-13,FO,NSE,IDO,65522,,NIFTY,,2026-08-04,2026-08-04,23100.00,PE,NIFTY2680423100PE,59.85,59.90,40.95,43.85,42.95,37.90,24211.00,43.85,10530,3705,245,368662489.00,137,F1,65,,,,,
2026-07-13,2026-07-13,FO,NSE,IDO,65528,,NIFTY,,2026-08-04,2026-08-04,23250.00,PE,NIFTY2680423250PE,74.80,76.05,54.25,55.20,55.05,50.10,24211.00,55.20,3120,390,51,77272380.25,28,F1,65,,,,,
2026-07-13,2026-07-13,FO,NSE,IDO,65694,,NIFTY,,2026-08-04,2026-08-04,24000.00,PE,NIFTY2680424000PE,235.40,279.75,188.40,198.45,197.75,184.50,24211.00,198.45,243620,103090,4093,6448758774.25,3704,F1,65,,,,,
2026-07-13,2026-07-13,FO,NSE,IDO,65941,,NIFTY,,2026-08-04,2026-08-04,25450.00,PE,NIFTY2680425450PE,0.00,0.00,0.00,1562.10,0.00,1562.10,24211.00,1216.75,0,0,0,0.00,0,F1,65,,,,,
2026-07-13,2026-07-13,FO,NSE,IDO,65946,,NIFTY,,2026-08-04,2026-08-04,25550.00,PE,NIFTY2680425550PE,0.00,0.00,0.00,1647.35,0.00,1647.35,24211.00,1304.40,0,0,0,0.00,0,F1,65,,,,,
2026-07-13,2026-07-13,FO,NSE,IDO,66031,,NIFTY,,2026-08-04,2026-08-04,25850.00,PE,NIFTY2680425850PE,0.00,0.00,0.00,1911.25,0.00,1911.25,24211.00,1577.15,0,0,0,0.00,0,F1,65,,,,,
2026-07-13,2026-07-13,FO,NSE,IDO,40968,,NIFTY,,2026-08-11,2026-08-11,23450.00,PE,NIFTY2681123450PE,109.65,109.65,109.65,109.65,109.65,133.20,24211.00,145.80,65,65,1,1531377.25,1,F1,65,,,,,
2026-07-13,2026-07-13,FO,NSE,IDO,40974,,NIFTY,,2026-08-11,2026-08-11,23600.00,PE,NIFTY2681123600PE,136.85,137.40,120.50,128.50,128.00,115.55,24211.00,128.50,650,130,25,38564165.25,23,F1,65,,,,,
2026-07-13,2026-07-13,FO,NSE,IDO,40976,,NIFTY,,2026-08-11,2026-08-11,23650.00,PE,NIFTY2681123650PE,148.10,148.10,148.10,148.10,148.10,177.65,24211.00,196.80,65,65,1,1546876.50,1,F1,65,,,,,
2026-07-13,2026-07-13,FO,NSE,IDO,41008,,NIFTY,,2026-08-11,2026-08-11,24400.00,PE,NIFTY2681124400PE,400.00,403.05,388.30,393.30,393.25,371.10,24211.00,393.30,715,130,12,19340451.00,11,F1,65,,,,,
2026-07-13,2026-07-13,FO,NSE,IDO,41068,,NIFTY,,2026-08-11,2026-08-11,25700.00,PE,NIFTY2681125700PE,0.00,0.00,0.00,1288.70,0.00,1288.70,24211.00,1441.20,0,0,0,0.00,0,F1,65,,,,,
2026-07-13,2026-07-13,FO,NSE,IDO,61155,,NIFTY,,2026-08-25,2026-08-25,21250.00,PE,NIFTY26AUG21250PE,16.05,17.00,16.05,17.00,17.00,18.00,24211.00,4.05,1755,-65,2,2764648.25,2,F1,65,,,,,
2026-07-13,2026-07-13,FO,NSE,IDO,61458,,NIFTY,,2026-08-25,2026-08-25,23300.00,PE,NIFTY26AUG23300PE,144.05,150.00,109.80,115.40,113.00,105.65,24211.00,115.40,207285,6760,2133,3248295888.50,1355,F1,65,,,,,
2026-07-13,2026-07-13,FO,NSE,IDO,61586,,NIFTY,,2026-08-25,2026-08-25,23900.00,PE,NIFTY26AUG23900PE,319.45,319.45,237.95,247.15,241.45,233.15,24211.00,247.15,129740,13650,1374,2158105423.50,1087,F1,65,,,,,
2026-07-13,2026-07-13,FO,NSE,IDO,61588,,NIFTY,,2026-08-25,2026-08-25,23950.00,PE,NIFTY26AUG23950PE,330.00,334.00,254.20,261.05,260.90,246.55,24211.00,261.05,19240,65,173,272468501.50,139,F1,65,,,,,
2026-07-13,2026-07-13,FO,NSE,IDO,61622,,NIFTY,,2026-08-25,2026-08-25,24100.00,PE,NIFTY26AUG24100PE,350.00,397.40,300.00,312.40,308.65,296.30,24211.00,312.40,128700,20995,1817,2887495380.25,1439,F1,65,,,,,
2026-07-13,2026-07-13,FO,NSE,IDO,61786,,NIFTY,,2026-08-25,2026-08-25,24650.00,PE,NIFTY26AUG24650PE,693.10,693.10,693.10,693.10,693.10,743.10,24211.00,701.15,1365,-65,1,1647301.50,1,F1,65,,,,,
2026-07-13,2026-07-13,FO,NSE,IDO,61982,,NIFTY,,2026-08-25,2026-08-25,25650.00,PE,NIFTY26AUG25650PE,0.00,0.00,0.00,1696.20,0.00,1696.20,24211.00,1400.75,0,0,0,0.00,0,F1,65,,,,,
2026-07-13,2026-07-13,FO,NSE,IDO,62023,,NIFTY,,2026-08-25,2026-08-25,25900.00,PE,NIFTY26AUG25900PE,1635.00,1635.00,1635.00,1635.00,1635.00,1885.00,24211.00,1607.55,130,130,2,3579550.00,2,F1,65,,,,,
2026-07-13,2026-07-13,FO,NSE,IDO,62068,,NIFTY,,2026-08-25,2026-08-25,26300.00,PE,NIFTY26AUG26300PE,2090.45,2090.45,1920.00,1920.00,1920.00,1940.00,24211.00,1957.25,585,0,2,3679679.25,2,F1,65,,,,,
2026-07-13,2026-07-13,FO,NSE,IDO,73866,,NIFTY,,2026-09-29,2026-09-29,22000.00,PE,NIFTY26SEP22000PE,61.00,64.15,51.15,53.40,52.80,49.85,24211.00,53.40,86515,15535,1122,1608617773.75,750,F1,65,,,,,
2026-07-13,2026-07-13,FO,NSE,IDO,73892,,NIFTY,,2026-09-29,2026-09-29,22700.00,PE,NIFTY26SEP22700PE,120.10,123.40,99.95,102.15,102.35,96.85,24211.00,102.15,25805,260,124,183857596.00,104,F1,65,,,,,
2026-07-13,2026-07-13,FO,NSE,IDO,73907,,NIFTY,,2026-09-29,2026-09-29,23100.00,PE,NIFTY26SEP23100PE,179.95,180.00,146.15,150.15,150.70,141.30,24211.00,150.15,59215,-2015,376,568485349.25,228,F1,65,,,,,
2026-07-13,2026-07-13,FO,NSE,IDO,74046,,NIFTY,,2026-09-29,2026-09-29,23800.00,PE,NIFTY26SEP23800PE,350.00,357.95,291.00,295.35,293.85,284.90,24211.00,295.35,36530,-260,227,355884782.50,148,F1,65,,,,,
2026-07-13,2026-07-13,FO,NSE,IDO,74369,,NIFTY,,2026-09-29,2026-09-29,25100.00,PE,NIFTY26SEP25100PE,987.75,1013.70,881.00,881.00,881.00,854.00,24211.00,1069.55,1625,-195,23,38955410.00,21,F1,65,,,,,
2026-07-13,2026-07-13,FO,NSE,IDO,55287,,NIFTY,,2026-09-29,2026-09-29,25500.00,PE,NIFTY26SEP25500PE,1312.00,1320.10,1124.05,1149.20,1150.95,1144.40,24211.00,1149.20,266565,-2665,169,293371601.25,127,F1,65,,,,,
2026-07-13,2026-07-13,FO,NSE,IDO,74443,,NIFTY,,2026-09-29,2026-09-29,26100.00,PE,NIFTY26SEP26100PE,0.00,0.00,0.00,2057.70,0.00,2057.70,24211.00,1774.00,0,0,0,0.00,0,F1,65,,,,,
2026-07-13,2026-07-13,FO,NSE,IDO,58647,,NIFTY,,2026-12-29,2026-12-29,21000.00,PE,NIFTY26DEC21000PE,78.05,86.00,76.00,78.50,78.90,75.25,24211.00,78.50,906080,-3640,1597,2188162336.75,952,F1,65,,,,,
2026-07-13,2026-07-13,FO,NSE,IDO,50548,,NIFTY,,2026-12-29,2026-12-29,28000.00,PE,NIFTY26DEC28000PE,3144.95,3189.65,2960.00,3000.00,3000.00,3010.10,24211.00,3000.00,842450,-325,40,80803544.25,35,F1,65,,,,,
2026-07-13,2026-07-13,FO,NSE,IDO,55333,,NIFTY,,2026-12-29,2026-12-29,31500.00,PE,NIFTY26DEC31500PE,0.00,0.00,0.00,4059.30,0.00,4059.30,24211.00,6379.70,0,0,0,0.00,0,F1,65,,,,,
2026-07-13,2026-07-13,FO,NSE,IDO,80277,,NIFTY,,2027-03-30,2027-03-30,27000.00,PE,NIFTY27MAR27000PE,0.00,0.00,0.00,3350.65,0.00,3350.65,24211.00,2347.55,0,0,0,0.00,0,F1,65,,,,,
2026-07-13,2026-07-13,FO,NSE,IDO,55421,,NIFTY,,2027-12-28,2027-12-28,16500.00,PE,NIFTY27DEC16500PE,0.00,0.00,0.00,52.05,52.05,52.05,24211.00,13.30,130,0,0,0.00,0,F1,65,,,,,
2026-07-13,2026-07-13,FO,NSE,IDO,53632,,NIFTY,,2027-12-28,2027-12-28,27000.00,PE,NIFTY27DEC27000PE,1797.40,1797.40,1700.00,1706.15,1705.00,1752.75,24211.00,1706.15,35765,1680,26,48557297.75,21,F1,65,,,,,
2026-07-13,2026-07-13,FO,NSE,IDO,61375,,NIFTY,,2029-12-24,2029-12-24,15000.00,PE,NIFTY29DEC15000PE,0.00,0.00,0.00,39.00,39.00,39.00,24211.00,24.40,0,0,0,0.00,0,F1,65,,,,,
2026-07-13,2026-07-13,FO,NSE,IDO,60893,,NIFTY,,2030-06-25,2030-06-25,18000.00,PE,NIFTY30JUN18000PE,0.00,0.00,0.00,116.65,0.00,116.65,24211.00,131.65,0,0,0,0.00,0,F1,65,,,,,
2026-07-13,2026-07-13,FO,NSE,IDO,55645,,NIFTY,,2030-06-25,2030-06-25,22500.00,PE,NIFTY30JUN22500PE,0.00,0.00,0.00,223.75,0.00,223.75,24211.00,600.35,0,0,0,0.00,0,F1,65,,,,,
2026-07-13,2026-07-13,FO,NSE,IDO,60911,,NIFTY,,2030-06-25,2030-06-25,27000.00,PE,NIFTY30JUN27000PE,0.00,0.00,0.00,1286.05,0.00,1286.05,24211.00,1643.15,0,0,0,0.00,0,F1,65,,,,,
2026-07-13,2026-07-13,FO,NSE,IDO,60939,,NIFTY,,2030-06-25,2030-06-25,30000.00,PE,NIFTY30JUN30000PE,0.00,0.00,0.00,2100.85,0.00,2100.85,24211.00,2700.85,0,0,0,0.00,0,F1,65,,,,,
2026-07-13,2026-07-13,FO,NSE,IDO,55699,,NIFTY,,2030-12-31,2030-12-31,18000.00,PE,NIFTY30DEC18000PE,0.00,0.00,0.00,32.30,0.00,32.30,24211.00,138.80,0,0,0,0.00,0,F1,65,,,,,
2026-07-13,2026-07-13,FO,NSE,IDO,74639,,NIFTY,,2031-06-24,2031-06-24,16500.00,PE,NIFTY31JUN16500PE,0.00,0.00,0.00,95.65,0.00,95.65,24211.00,77.55,0,0,0,0.00,0,F1,65,,,,,
2026-07-13,2026-07-13,FO,NSE,IDO,65918,,NIFTY,,2026-08-04,2026-08-04,25050.00,CE,NIFTY2680425050CE,0.00,0.00,0.00,189.70,0.00,189.70,24211.00,140.05,0,0,0,0.00,0,F1,65,,,,,
2026-07-13,2026-07-13,FO,NSE,IDO,65914,,NIFTY,,2026-08-04,2026-08-04,24950.00,CE,NIFTY2680424950CE,0.00,0.00,0.00,213.55,0.00,213.55,24211.00,163.95,0,0,0,0.00,0,F1,65,,,,,
2026-07-13,2026-07-13,FO,NSE,IDO,63965,,NIFTY,,2026-07-28,2026-07-28,24650.00,CE,NIFTY26JUL24650CE,52.00,102.55,42.10,84.00,86.35,80.80,24211.00,84.00,173680,26585,7137,11468140368.75,5029,F1,65,,,,,
2026-07-13,2026-07-13,FO,NSE,IDO,63963,,NIFTY,,2026-07-28,2026-07-28,24600.00,CE,NIFTY26JUL24600CE,56.05,118.90,48.30,97.90,101.90,94.35,24211.00,97.90,1241045,17030,35816,57464576237.25,24136,F1,65,,,,,
2026-07-13,2026-07-13,FO,NSE,IDO,63909,,NIFTY,,2026-07-28,2026-07-28,23350.00,CE,NIFTY26JUL23350CE,830.00,947.10,830.00,923.85,923.85,908.45,24211.00,923.85,43550,195,28,44163028.00,20,F1,65,,,,,
2026-07-13,2026-07-13,FO,NSE,IDO,63903,,NIFTY,,2026-07-28,2026-07-28,23200.00,CE,NIFTY26JUL23200CE,877.05,1100.40,872.80,1069.50,1085.70,1063.20,24211.00,1069.50,46150,1170,142,223288282.75,125,F1,65,,,,,
2026-07-13,2026-07-13,FO,NSE,IDO,63895,,NIFTY,,2026-07-28,2026-07-28,23000.00,CE,NIFTY26JUL23000CE,1115.65,1306.95,1056.10,1269.65,1274.00,1257.20,24211.00,1269.65,657865,7020,1845,2903794045.75,1332,F1,65,,,,,
2026-07-13,2026-07-13,FO,NSE,IDO,63893,,NIFTY,,2026-07-28,2026-07-28,22950.00,CE,NIFTY26JUL22950CE,1333.70,1333.70,1263.05,1297.70,1297.70,1334.20,24211.00,1335.95,715,-65,24,37861879.25,9,F1,65,,,,,
2026-07-13,2026-07-13,FO,NSE,IDO,63891,,NIFTY,,2026-07-28,2026-07-28,22900.00,CE,NIFTY26JUL22900CE,1155.55,1376.15,1154.95,1355.05,1357.50,1133.00,24211.00,1355.05,4485,-130,18,28247514.75,16,F1,65,,,,,
2026-07-13,2026-07-13,FO,NSE,IDO,57284,,NIFTY,,2026-07-21,2026-07-21,22600.00,PE,NIFTY2672122600PE,6.75,8.25,5.35,6.45,6.60,6.10,24211.00,6.45,273780,62595,18224,26778492013.00,8491,F1,65,,,,,
2026-07-13,2026-07-13,FO,NSE,IDO,57286,,NIFTY,,2026-07-21,2026-07-21,22650.00,PE,NIFTY2672122650PE,6.90,9.15,5.75,6.85,7.00,6.50,24211.00,6.85,54925,24635,4077,6004192678.25,2387,F1,65,,,,,
2026-07-13,2026-07-13,FO,NSE,IDO,57288,,NIFTY,,2026-07-21,2026-07-21,22700.00,PE,NIFTY2672122700PE,7.90,9.65,6.20,7.35,7.65,6.90,24211.00,7.35,716235,515255,29428,43434664991.25,11672,F1,65,,,,,
2026-07-13,2026-07-13,FO,NSE,IDO,57296,,NIFTY,,2026-07-21,2026-07-21,22900.00,PE,NIFTY2672122900PE,9.90,12.65,7.85,9.10,9.70,8.70,24211.00,9.10,656890,275275,33873,50440444925.00,16362,F1,65,,,,,
2026-07-13,2026-07-13,FO,NSE,IDO,57306,,NIFTY,,2026-07-21,2026-07-21,23150.00,PE,NIFTY2672123150PE,12.60,27.20,11.10,13.35,13.65,12.30,24211.00,13.35,87880,30875,9477,14269256972.75,5671,F1,65,,,,,
2026-07-13,2026-07-13,FO,NSE,IDO,57457,,NIFTY,,2026-07-21,2026-07-21,26000.00,PE,NIFTY2672126000PE,1931.25,1945.15,1751.00,1773.90,1770.00,1756.80,24211.00,1773.90,24570,23725,379,685520611.75,341,F1,65,,,,,
2026-07-13,2026-07-13,FO,NSE,IDO,57471,,NIFTY,,2026-07-21,2026-07-21,26200.00,PE,NIFTY2672126200PE,0.00,0.00,0.00,2092.60,0.00,2092.60,24211.00,1954.55,0,0,0,0.00,0,F1,65,,,,,
2026-07-13,2026-07-13,FO,NSE,IDO,63837,,NIFTY,,2026-07-28,2026-07-28,21550.00,PE,NIFTY26JUL21550PE,5.50,6.65,5.50,6.65,6.65,5.70,24211.00,0.10,5720,-130,18,25220698.75,8,F1,65,,,,,
2026-07-13,2026-07-13,FO,NSE,IDO,63850,,NIFTY,,2026-07-28,2026-07-28,21850.00,PE,NIFTY26JUL21850PE,8.55,8.55,6.75,7.70,7.40,6.95,24211.00,7.70,16380,260,72,102293402.25,42,F1,65,,,,,
2026-07-13,2026-07-13,FO,NSE,IDO,63854,,NIFTY,,2026-07-28,2026-07-28,21950.00,PE,NIFTY26JUL21950PE,9.35,10.00,7.60,8.45,9.05,7.60,24211.00,8.45,9100,260,107,152722904.75,45,F1,65,,,,,
2026-07-13,2026-07-13,FO,NSE,IDO,63884,,NIFTY,,2026-07-28,2026-07-28,22700.00,PE,NIFTY26JUL22700PE,18.00,34.45,9.60,16.35,16.70,14.70,24211.00,16.35,367380,23530,7751,11445406446.50,4211,F1,65,,,,,
2026-07-13,2026-07-13,FO,NSE,IDO,63916,,NIFTY,,2026-07-28,2026-07-28,23500.00,PE,NIFTY26JUL23500PE,75.00,85.25,52.30,56.90,56.80,49.20,24211.00,56.90,3359135,-560430,59136,90592454793.75,34364,F1,65,,,,,
2026-07-13,2026-07-13,FO,NSE,IDO,63958,,NIFTY,,2026-07-28,2026-07-28,24450.00,PE,NIFTY26JUL24450PE,465.00,500.15,333.30,354.75,348.00,350.00,24211.00,354.75,77935,-5460,835,1348827463.75,670,F1,65,,,,,
2026-07-13,2026-07-13,FO,NSE,IDO,63972,,NIFTY,,2026-07-28,2026-07-28,24800.00,PE,NIFTY26JUL24800PE,788.90,795.45,578.00,604.25,590.95,601.50,24211.00,604.25,286000,-455,640,1059123845.00,494,F1,65,,,,,
2026-07-13,2026-07-13,FO,NSE,IDO,64009,,NIFTY,,2026-07-28,2026-07-28,25650.00,PE,NIFTY26JUL25650PE,0.00,0.00,0.00,1618.05,1618.05,1618.05,24211.00,1395.40,65,0,0,0.00,0,F1,65,,,,,
2026-07-13,2026-07-13,FO,NSE,IDO,64042,,NIFTY,,2026-07-28,2026-07-28,26200.00,PE,NIFTY26JUL26200PE,0.00,0.00,0.00,1940.05,1940.05,1940.05,24211.00,1928.15,45240,0,0,0.00,0,F1,65,,,,,
2026-07-13,2026-07-13,FO,NSE,IDO,65165,,NIFTY,,2026-08-04,2026-08-04,21700.00,PE,NIFTY2680421700PE,10.85,10.85,10.85,10.85,10.85,22.80,24211.00,1.00,65,65,1,1411205.25,1,F1,65,,,,,
2026-07-13,2026-07-13,FO,NSE,IDO,65371,,NIFTY,,2026-08-04,2026-08-04,22000.00,PE,NIFTY2680422000PE,13.60,17.75,11.90,13.45,13.50,11.55,24211.00,13.45,6435,2340,194,277589812.50,129,F1,65,,,,,
2026-07-13,2026-07-13,FO,NSE,IDO,65530,,NIFTY,,2026-08-04,2026-08-04,23300.00,PE,NIFTY2680423300PE,54.55,84.90,54.55,60.60,59.90,54.55,24211.00,60.60,10530,1560,144,218723648.00,90,F1,65,,,,,
2026-07-13,2026-07-13,FO,NSE,IDO,65589,,NIFTY,,2026-08-04,2026-08-04,23450.00,PE,NIFTY2680423450PE,105.25,124.70,74.90,77.00,76.75,69.20,24211.00,77.00,4550,2145,106,162215829.75,51,F1,65,,,,,
2026-07-13,2026-07-13,FO,NSE,IDO,65698,,NIFTY,,2026-08-04,2026-08-04,24100.00,PE,NIFTY2680424100PE,318.70,327.95,221.65,235.05,229.75,219.45,24211.00,235.05,165815,63830,2216,3511923948.00,1778,F1,65,,,,,
2026-07-13,2026-07-13,FO,NSE,IDO,65880,,NIFTY,,2026-08-04,2026-08-04,24650.00,PE,NIFTY2680424650PE,512.25,515.55,507.10,515.55,515.55,945.55,24211.00,604.85,1040,1040,16,26167258.00,16,F1,65,,,,,
2026-07-13,2026-07-13,FO,NSE,IDO,65884,,NIFTY,,2026-08-04,2026-08-04,24700.00,PE,NIFTY2680424700PE,680.25,680.25,573.75,573.75,573.75,555.85,24211.00,637.25,585,-65,2,3292510.00,2,F1,65,,,,,
2026-07-13,2026-07-13,FO,NSE,IDO,65911,,NIFTY,,2026-08-04,2026-08-04,24850.00,PE,NIFTY2680424850PE,0.00,0.00,0.00,683.55,683.55,683.55,24211.00,739.80,65,0,0,0.00,0,F1,65,,,,,
2026-07-13,2026-07-13,FO,NSE,IDO,65915,,NIFTY,,2026-08-04,2026-08-04,24950.00,PE,NIFTY2680424950PE,0.00,0.00,0.00,744.20,744.20,744.20,24211.00,812.25,65,0,0,0.00,0,F1,65,,,,,
2026-07-13,2026-07-13,FO,NSE,IDO,65999,,NIFTY,,2026-08-04,2026-08-04,25650.00,PE,NIFTY2680425650PE,0.00,0.00,0.00,1734.00,0.00,1734.00,24211.00,1393.80,0,0,0,0.00,0,F1,65,,,,,
2026-07-13,2026-07-13,FO,NSE,IDO,40966,,NIFTY,,2026-08-11,2026-08-11,23400.00,PE,NIFTY2681123400PE,101.40,101.40,94.70,94.70,94.70,123.55,24211.00,134.75,65,65,5,7636219.50,4,F1,65,,,,,
2026-07-13,2026-07-13,FO,NSE,IDO,40982,,NIFTY,,2026-08-11,2026-08-11,23750.00,PE,NIFTY2681123750PE,207.00,209.00,158.80,158.80,158.80,203.40,24211.00,158.80,130,130,9,14007311.50,8,F1,65,,,,,
2026-07-13,2026-07-13,FO,NSE,IDO,40994,,NIFTY,,2026-08-11,2026-08-11,24050.00,PE,NIFTY2681124050PE,318.40,318.40,240.00,245.00,245.20,229.20,24211.00,245.00,1820,1040,33,52189731.75,25,F1,65,,,,,
2026-07-13,2026-07-13,FO,NSE,IDO,41000,,NIFTY,,2026-08-11,2026-08-11,24200.00,PE,NIFTY2681124200PE,389.90,406.65,294.00,306.20,306.00,289.95,24211.00,306.20,6370,1495,164,261567507.50,120,F1,65,,,,,
2026-07-13,2026-07-13,FO,NSE,IDO,41002,,NIFTY,,2026-08-11,2026-08-11,24250.00,PE,NIFTY2681124250PE,346.85,346.85,317.35,318.50,324.20,300.55,24211.00,318.50,715,650,10,15972762.00,10,F1,65,,,,,
2026-07-13,2026-07-13,FO,NSE,IDO,41054,,NIFTY,,2026-08-11,2026-08-11,25400.00,PE,NIFTY2681125400PE,0.00,0.00,0.00,1054.95,0.00,1054.95,24211.00,1186.95,0,0,0,0.00,0,F1,65,,,,,
2026-07-13,2026-07-13,FO,NSE,IDO,61335,,NIFTY,,2026-08-25,2026-08-25,21600.00,PE,NIFTY26AUG21600PE,25.00,25.20,17.10,21.60,21.60,19.35,24211.00,21.60,28535,650,66,92758926.00,52,F1,65,,,,,
2026-07-13,2026-07-13,FO,NSE,IDO,61339,,NIFTY,,2026-08-25,2026-08-25,21700.00,PE,NIFTY26AUG21700PE,25.95,25.95,21.80,23.00,23.00,20.75,24211.00,11.25,10920,-195,30,42361198.75,20,F1,65,,,,,
2026-07-13,2026-07-13,FO,NSE,IDO,61341,,NIFTY,,2026-08-25,2026-08-25,21750.00,PE,NIFTY26AUG21750PE,25.00,25.95,22.95,22.95,22.95,21.40,24211.00,22.95,1170,65,7,9907514.50,5,F1,65,,,,,
2026-07-13,2026-07-13,FO,NSE,IDO,61347,,NIFTY,,2026-08-25,2026-08-25,21900.00,PE,NIFTY26AUG21900PE,28.15,30.00,24.70,24.90,24.90,23.15,24211.00,17.00,12545,195,18,25654382.00,15,F1,65,,,,,
2026-07-13,2026-07-13,FO,NSE,IDO,61425,,NIFTY,,2026-08-25,2026-08-25,22900.00,PE,NIFTY26AUG22900PE,84.70,89.10,66.80,69.90,68.65,63.30,24211.00,69.90,70525,-130,617,921521812.25,451,F1,65,,,,,
2026-07-13,2026-07-13,FO,NSE,IDO,61531,,NIFTY,,2026-08-25,2026-08-25,23700.00,PE,NIFTY26AUG23700PE,233.10,253.50,183.95,190.90,185.05,178.25,24211.00,190.90,164840,33540,1930,2999338407.00,1455,F1,65,,,,,
2026-07-13,2026-07-13,FO,NSE,IDO,61550,,NIFTY,,2026-08-25,2026-08-25,23850.00,PE,NIFTY26AUG23850PE,292.95,293.55,223.75,230.55,227.85,216.15,24211.00,230.55,14430,1560,136,213040720.75,87,F1,65,,,,,
2026-07-13,2026-07-13,FO,NSE,IDO,61684,,NIFTY,,2026-08-25,2026-08-25,24250.00,PE,NIFTY26AUG24250PE,435.30,467.60,357.85,374.80,372.45,353.90,24211.00,374.80,25415,-650,368,589598360.00,312,F1,65,,,,,
2026-07-13,2026-07-13,FO,NSE,IDO,61796,,NIFTY,,2026-08-25,2026-08-25,24700.00,PE,NIFTY26AUG24700PE,718.00,738.00,574.95,596.90,590.20,589.70,24211.00,596.90,54990,-455,130,214203414.75,122,F1,65,,,,,
2026-07-13,2026-07-13,FO,NSE,IDO,61846,,NIFTY,,2026-08-25,2026-08-25,24800.00,PE,NIFTY26AUG24800PE,789.95,808.70,643.65,655.70,661.80,644.65,24211.00,655.70,52065,325,222,367889957.50,179,F1,65,,,,,
2026-07-13,2026-07-13,FO,NSE,IDO,61856,,NIFTY,,2026-08-25,2026-08-25,24850.00,PE,NIFTY26AUG24850PE,731.05,731.05,712.30,712.30,712.30,678.20,24211.00,821.85,455,65,2,3324317.75,2,F1,65,,,,,
2026-07-13,2026-07-13,FO,NSE,IDO,61974,,NIFTY,,2026-08-25,2026-08-25,25450.00,PE,NIFTY26AUG25450PE,0.00,0.00,0.00,1155.50,1155.50,1155.50,24211.00,1243.20,65,0,0,0.00,0,F1,65,,,,,
2026-07-13,2026-07-13,FO,NSE,IDO,61995,,NIFTY,,2026-08-25,2026-08-25,25750.00,PE,NIFTY26AUG25750PE,0.00,0.00,0.00,1771.20,0.00,1771.20,24211.00,1482.20,0,0,0,0.00,0,F1,65,,,,,
2026-07-13,2026-07-13,FO,NSE,IDO,62003,,NIFTY,,2026-08-25,2026-08-25,25850.00,PE,NIFTY26AUG25850PE,0.00,0.00,0.00,1846.45,0.00,1846.45,24211.00,1565.40,0,0,0,0.00,0,F1,65,,,,,
2026-07-13,2026-07-13,FO,NSE,IDO,62054,,NIFTY,,2026-08-25,2026-08-25,26150.00,PE,NIFTY26AUG26150PE,0.00,0.00,0.00,2082.50,0.00,2082.50,24211.00,1823.70,0,0,0,0.00,0,F1,65,,,,,
2026-07-13,2026-07-13,FO,NSE,IDO,55281,,NIFTY,,2026-09-29,2026-09-29,16500.00,PE,NIFTY26SEP16500PE,0.00,0.00,0.00,6.65,6.35,6.65,24211.00,0.00,60190,0,0,0.00,0,F1,65,,,,,
2026-07-13,2026-07-13,FO,NSE,IDO,73832,,NIFTY,,2026-09-29,2026-09-29,21650.00,PE,NIFTY26SEP21650PE,46.05,46.40,42.55,43.50,43.50,54.00,24211.00,42.00,390,-130,12,16921911.50,12,F1,65,,,,,
2026-07-13,2026-07-13,FO,NSE,IDO,73868,,NIFTY,,2026-09-29,2026-09-29,22050.00,PE,NIFTY26SEP22050PE,65.55,65.55,54.45,56.80,56.80,70.45,24211.00,71.70,260,130,6,8622922.75,6,F1,65,,,,,
2026-07-13,2026-07-13,FO,NSE,IDO,73870,,NIFTY,,2026-09-29,2026-09-29,22100.00,PE,NIFTY26SEP22100PE,65.00,69.50,56.20,57.85,57.15,54.70,24211.00,57.85,369070,34125,1297,1868176306.75,670,F1,65,,,,,
2026-07-13,2026-07-13,FO,NSE,IDO,73880,,NIFTY,,2026-09-29,2026-09-29,22350.00,PE,NIFTY26SEP22350PE,87.25,87.25,72.95,72.95,72.95,68.65,24211.00,72.95,4485,65,25,36453618.50,25,F1,65,,,,,
2026-07-13,2026-07-13,FO,NSE,IDO,73894,,NIFTY,,2026-09-29,2026-09-29,22750.00,PE,NIFTY26SEP22750PE,125.05,125.05,104.35,107.00,107.00,99.40,24211.00,107.00,5005,-260,15,22290440.25,15,F1,65,,,,,
2026-07-13,2026-07-13,FO,NSE,IDO,73911,,NIFTY,,2026-09-29,2026-09-29,23200.00,PE,NIFTY26SEP23200PE,193.45,199.90,159.50,164.70,165.15,157.05,24211.00,164.70,95680,18720,502,762768808.75,277,F1,65,,,,,
2026-07-13,2026-07-13,FO,NSE,IDO,73982,,NIFTY,,2026-09-29,2026-09-29,23450.00,PE,NIFTY26SEP23450PE,227.55,227.55,215.00,215.00,215.00,209.60,24211.00,322.85,11245,65,3,4615685.75,3,F1,65,,,,,
2026-07-13,2026-07-13,FO,NSE,IDO,74063,,NIFTY,,2026-09-29,2026-09-29,24050.00,PE,NIFTY26SEP24050PE,420.15,420.15,368.45,368.45,368.45,357.55,24211.00,531.00,2340,130,6,9536650.50,6,F1,65,,,,,
2026-07-13,2026-07-13,FO,NSE,IDO,74067,,NIFTY,,2026-09-29,2026-09-29,24150.00,PE,NIFTY26SEP24150PE,445.45,451.00,400.00,411.60,406.80,398.25,24211.00,411.60,2795,130,34,54322511.75,32,F1,65,,,,,
2026-07-13,2026-07-13,FO,NSE,IDO,74362,,NIFTY,,2026-09-29,2026-09-29,24900.00,PE,NIFTY26SEP24900PE,876.00,876.00,752.00,760.00,760.00,734.95,24211.00,760.00,3965,1690,45,75235124.25,26,F1,65,,,,,
2026-07-13,2026-07-13,FO,NSE,IDO,74385,,NIFTY,,2026-09-29,2026-09-29,25250.00,PE,NIFTY26SEP25250PE,0.00,0.00,0.00,1419.00,0.00,1419.00,24211.00,1164.20,0,0,0,0.00,0,F1,65,,,,,
2026-07-13,2026-07-13,FO,NSE,IDO,74427,,NIFTY,,2026-09-29,2026-09-29,25900.00,PE,NIFTY26SEP25900PE,0.00,0.00,0.00,1898.75,0.00,1898.75,24211.00,1621.30,0,0,0,0.00,0,F1,65,,,,,
2026-07-13,2026-07-13,FO,NSE,IDO,58635,,NIFTY,,2026-12-29,2026-12-29,15000.00,PE,NIFTY26DEC15000PE,17.30,18.95,17.05,17.75,17.80,17.10,24211.00,17.75,109965,-1625,81,79067615.25,17,F1,65,,,,,
2026-07-13,2026-07-13,FO,NSE,IDO,58637,,NIFTY,,2026-12-29,2026-12-29,16000.00,PE,NIFTY26DEC16000PE,20.80,22.50,20.80,22.00,22.00,21.45,24211.00,22.00,121610,3120,61,63527256.00,13,F1,65,,,,,
2026-07-13,2026-07-13,FO,NSE,IDO,71502,,NIFTY,,2026-12-29,2026-12-29,24000.00,PE,NIFTY26DEC24000PE,510.00,524.85,454.10,461.60,460.00,454.00,24211.00,461.60,1727525,22610,4154,6610526149.50,2870,F1,65,,,,,
2026-07-13,2026-07-13,FO,NSE,IDO,55429,,NIFTY,,2027-12-28,2027-12-28,28500.00,PE,NIFTY27DEC28500PE,0.00,0.00,0.00,2700.00,2700.00,2700.00,24211.00,3015.95,260,0,0,0.00,0,F1,65,,,,,
2026-07-13,2026-07-13,FO,NSE,IDO,55431,,NIFTY,,2027-12-28,2027-12-28,31500.00,PE,NIFTY27DEC31500PE,0.00,0.00,0.00,3240.00,0.00,3240.00,24211.00,5062.90,0,0,0,0.00,0,F1,65,,,,,
2026-07-13,2026-07-13,FO,NSE,IDO,55471,,NIFTY,,2028-06-27,2028-06-27,19500.00,PE,NIFTY28JUN19500PE,0.00,0.00,0.00,40.05,0.00,40.05,24211.00,161.50,0,0,0,0.00,0,F1,65,,,,,
2026-07-13,2026-07-13,FO,NSE,IDO,35353,,NIFTY,,2028-06-27,2028-06-27,30000.00,PE,NIFTY28JUN30000PE,0.00,0.00,0.00,3779.25,0.00,3779.25,24211.00,3655.05,0,0,0,0.00,0,F1,65,,,,,
2026-07-13,2026-07-13,FO,NSE,IDO,55517,,NIFTY,,2028-12-26,2028-12-26,16500.00,PE,NIFTY28DEC16500PE,0.00,0.00,0.00,5.90,0.00,5.90,24211.00,37.80,0,0,0,0.00,0,F1,65,,,,,
2026-07-13,2026-07-13,FO,NSE,IDO,61391,,NIFTY,,2029-12-24,2029-12-24,18000.00,PE,NIFTY29DEC18000PE,0.00,0.00,0.00,96.50,0.00,96.50,24211.00,121.75,0,0,0,0.00,0,F1,65,,,,,
2026-07-13,2026-07-13,FO,NSE,IDO,61747,,NIFTY,,2029-12-24,2029-12-24,23000.00,PE,NIFTY29DEC23000PE,0.00,0.00,0.00,865.00,865.00,865.00,24211.00,699.80,1495,0,0,0.00,0,F1,65,,,,,
2026-07-13,2026-07-13,FO,NSE,IDO,61779,,NIFTY,,2029-12-24,2029-12-24,26000.00,PE,NIFTY29DEC26000PE,0.00,0.00,0.00,2150.00,2150.00,2150.00,24211.00,1426.15,3665,0,0,0.00,0,F1,65,,,,,
2026-07-13,2026-07-13,FO,NSE,IDO,60905,,NIFTY,,2030-06-25,2030-06-25,24000.00,PE,NIFTY30JUN24000PE,0.00,0.00,0.00,698.15,0.00,698.15,24211.00,877.80,0,0,0,0.00,0,F1,65,,,,,
2026-07-13,2026-07-13,FO,NSE,IDO,55757,,NIFTY,,2030-12-31,2030-12-31,25500.00,PE,NIFTY30DEC25500PE,0.00,0.00,0.00,538.25,0.00,538.25,24211.00,1163.50,0,0,0,0.00,0,F1,65,,,,,
2026-07-13,2026-07-13,FO,NSE,IDO,74664,,NIFTY,,2031-06-24,2031-06-24,31500.00,PE,NIFTY31JUN31500PE,0.00,0.00,0.00,3185.85,0.00,3185.85,24211.00,2879.20,0,0,0,0.00,0,F1,65,,,,,
2026-07-13,2026-07-13,FO,NSE,IDO,51310,,NIFTY,,2026-07-14,2026-07-14,23000.00,PE,NIFTY2671423000PE,2.35,2.70,1.55,1.90,2.00,2.95,24211.00,1.90,14191710,1947465,1564017,2338403738622.25,235642,F1,65,,,,,
2026-07-13,2026-07-13,FO,NSE,IDO,51222,,NIFTY,,2026-07-14,2026-07-14,21550.00,PE,NIFTY2671421550PE,0.75,0.90,0.35,0.55,0.45,0.95,24211.00,0.55,90675,-5655,6971,9764930951.75,1515,F1,65,,,,,
2026-07-13,2026-07-13,FO,NSE,IDO,74638,,NIFTY,,2031-06-24,2031-06-24,16500.00,CE,NIFTY31JUN16500CE,0.00,0.00,0.00,11849.25,0.00,11849.25,24211.00,12334.50,0,0,0,0.00,0,F1,65,,,,,
2026-07-13,2026-07-13,FO,NSE,IDO,55754,,NIFTY,,2030-12-31,2030-12-31,24000.00,CE,NIFTY30DEC24000CE,0.00,0.00,0.00,8563.30,0.00,8563.30,24211.00,7116.30,0,0,0,0.00,0,F1,65,,,,,
2026-07-13,2026-07-13,FO,NSE,IDO,55646,,NIFTY,,2030-06-25,2030-06-25,25500.00,CE,NIFTY30JUN25500CE,0.00,0.00,0.00,7070.45,0.00,7070.45,24211.00,5721.80,0,0,0,0.00,0,F1,65,,,,,
2026-07-13,2026-07-13,FO,NSE,IDO,55600,,NIFTY,,2029-12-24,2029-12-24,19500.00,CE,NIFTY29DEC19500CE,0.00,0.00,0.00,10678.80,0.00,10678.80,24211.00,8862.30,0,0,0,0.00,0,F1,65,,,,,
2026-07-13,2026-07-13,FO,NSE,IDO,55558,,NIFTY,,2029-06-26,2029-06-26,19500.00,CE,NIFTY29JUN19500CE,0.00,0.00,0.00,10206.95,0.00,10206.95,24211.00,8337.10,0,0,0,0.00,0,F1,65,,,,,
2026-07-13,2026-07-13,FO,NSE,IDO,55468,,NIFTY,,2028-06-27,2028-06-27,16500.00,CE,NIFTY28JUN16500CE,0.00,0.00,0.00,11752.80,0.00,11752.80,24211.00,9712.00,0,0,0,0.00,0,F1,65,,,,,
2026-07-13,2026-07-13,FO,NSE,IDO,55430,,NIFTY,,2027-12-28,2027-12-28,31500.00,CE,NIFTY27DEC31500CE,0.00,0.00,0.00,330.00,330.00,330.00,24211.00,630.45,2210,0,0,0.00,0,F1,65,,,,,
2026-07-13,2026-07-13,FO,NSE,IDO,35346,,NIFTY,,2027-12-28,2027-12-28,30000.00,CE,NIFTY27DEC30000CE,370.00,370.00,333.00,354.90,352.10,384.90,24211.00,354.90,83330,2925,626,1234860084.25,247,F1,65,,,,,
2026-07-13,2026-07-13,FO,NSE,IDO,53628,,NIFTY,,2027-12-28,2027-12-28,26000.00,CE,NIFTY27DEC26000CE,1857.65,1997.00,1840.00,1954.95,1957.90,1923.45,24211.00,1954.95,58215,11635,421,764844268.50,210,F1,65,,,,,
2026-07-13,2026-07-13,FO,NSE,IDO,53626,,NIFTY,,2027-12-28,2027-12-28,25000.00,CE,NIFTY27DEC25000CE,2330.00,2527.25,2330.00,2456.00,2456.95,2411.10,24211.00,2456.00,29975,390,63,112394301.50,59,F1,65,,,,,
2026-07-13,2026-07-13,FO,NSE,IDO,55378,,NIFTY,,2027-06-29,2027-06-29,28500.00,CE,NIFTY27JUN28500CE,0.00,0.00,0.00,1711.90,0.00,1711.90,24211.00,714.10,0,0,0,0.00,0,F1,65,,,,,
2026-07-13,2026-07-13,FO,NSE,IDO,50547,,NIFTY,,2026-12-29,2026-12-29,28000.00,CE,NIFTY26DEC28000CE,51.05,58.05,50.00,55.85,55.70,54.55,24211.00,55.85,1450685,7280,2023,3688923150.25,1125,F1,65,,,,,
2026-07-13,2026-07-13,FO,NSE,IDO,74420,,NIFTY,,2026-09-29,2026-09-29,25800.00,CE,NIFTY26SEP25800CE,0.00,0.00,0.00,282.60,0.00,282.60,24211.00,313.90,0,0,0,0.00,0,F1,65,,,,,
2026-07-13,2026-07-13,FO,NSE,IDO,74241,,NIFTY,,2026-09-29,2026-09-29,24500.00,CE,NIFTY26SEP24500CE,477.70,564.90,424.90,534.70,537.55,519.65,24211.00,534.70,489255,40950,3435,5581264165.75,2914,F1,65,,,,,
2026-07-13,2026-07-13,FO,NSE,IDO,74066,,NIFTY,,2026-09-29,2026-09-29,24150.00,CE,NIFTY26SEP24150CE,689.20,750.00,689.20,750.00,750.00,738.85,24211.00,967.30,3055,-65,2,3233048.00,2,F1,65,,,,,
2026-07-13,2026-07-13,FO,NSE,IDO,74010,,NIFTY,,2026-09-29,2026-09-29,23750.00,CE,NIFTY26SEP23750CE,955.85,955.85,955.85,955.85,955.85,976.25,24211.00,1207.25,455,65,1,1605880.25,1,F1,65,,,,,
2026-07-13,2026-07-13,FO,NSE,IDO,73893,,NIFTY,,2026-09-29,2026-09-29,22750.00,CE,NIFTY26SEP22750CE,0.00,0.00,0.00,1566.60,1566.60,1566.60,24211.00,1938.00,65,0,0,0.00,0,F1,65,,,,,
2026-07-13,2026-07-13,FO,NSE,IDO,73833,,NIFTY,,2026-09-29,2026-09-29,21700.00,CE,NIFTY26SEP21700CE,0.00,0.00,0.00,2586.45,0.00,2586.45,24211.00,2855.80,0,0,0,0.00,0,F1,65,,,,,
2026-07-13,2026-07-13,FO,NSE,IDO,62053,,NIFTY,,2026-08-25,2026-08-25,26150.00,CE,NIFTY26AUG26150CE,0.00,0.00,0.00,232.55,0.00,232.55,24211.00,84.50,0,0,0,0.00,0,F1,65,,,,,
2026-07-13,2026-07-13,FO,NSE,IDO,61378,,NIFTY,,2026-08-25,2026-08-25,22350.00,CE,NIFTY26AUG22350CE,0.00,0.00,0.00,1713.35,1713.35,1713.35,24211.00,2071.60,65,0,0,0.00,0,F1,65,,,,,
2026-07-13,2026-07-13,FO,NSE,IDO,61334,,NIFTY,,2026-08-25,2026-08-25,21600.00,CE,NIFTY26AUG21600CE,0.00,0.00,0.00,2713.65,0.00,2713.65,24211.00,2785.05,0,0,0,0.00,0,F1,65,,,,,
2026-07-13,2026-07-13,FO,NSE,IDO,41077,,NIFTY,,2026-08-11,2026-08-11,25950.00,CE,NIFTY2681125950CE,0.00,0.00,0.00,96.55,0.00,96.55,24211.00,49.70,0,0,0,0.00,0,F1,65,,,,,
2026-07-13,2026-07-13,FO,NSE,IDO,51485,,NIFTY,,2026-07-14,2026-07-14,25750.00,CE,NIFTY2671425750CE,0.70,1.00,0.40,0.45,0.40,0.65,24211.00,0.45,138450,-101595,12336,20647804710.00,2212,F1,65,,,,,
2026-07-13,2026-07-13,FO,NSE,IDO,57250,,NIFTY,,2026-07-21,2026-07-21,21850.00,CE,NIFTY2672121850CE,0.00,0.00,0.00,2283.00,0.00,2283.00,24211.00,2389.95,0,0,0,0.00,0,F1,65,,,,,
2026-07-13,2026-07-13,FO,NSE,IDO,57279,,NIFTY,,2026-07-21,2026-07-21,22500.00,CE,NIFTY2672122500CE,1623.40,1740.60,1583.55,1725.60,1722.95,1549.00,24211.00,1725.60,6435,6370,138,216769016.75,103,F1,65,,,,,
2026-07-13,2026-07-13,FO,NSE,IDO,57289,,NIFTY,,2026-07-21,2026-07-21,22750.00,CE,NIFTY2672122750CE,0.00,0.00,0.00,1458.50,0.00,1458.50,24211.00,1492.25,0,0,0,0.00,0,F1,65,,,,,
2026-07-13,2026-07-13,FO,NSE,IDO,57340,,NIFTY,,2026-07-21,2026-07-21,24000.00,CE,NIFTY2672124000CE,234.00,375.00,183.70,331.30,340.00,323.50,24211.00,331.30,1291940,580255,115873,182729701563.50,80392,F1,65,,,,,
2026-07-13,2026-07-13,FO,NSE,IDO,57344,,NIFTY,,2026-07-21,2026-07-21,24100.00,CE,NIFTY2672124100CE,179.00,304.25,139.30,261.70,268.00,257.00,24211.00,261.70,1013935,538005,117162,185171308942.75,79433,F1,65,,,,,
2026-07-13,2026-07-13,FO,NSE,IDO,57452,,NIFTY,,2026-07-21,2026-07-21,25900.00,CE,NIFTY2672125900CE,1.15,1.20,0.90,0.95,1.00,1.15,24211.00,0.95,208520,27235,4613,7766278373.75,1452,F1,65,,,,,
2026-07-13,2026-07-13,FO,NSE,IDO,63817,,NIFTY,,2026-07-28,2026-07-28,21250.00,CE,NIFTY26JUL21250CE,0.00,0.00,0.00,3101.30,0.00,3101.30,24211.00,3013.70,0,0,0,0.00,0,F1,65,,,,,
2026-07-13,2026-07-13,FO,NSE,IDO,63823,,NIFTY,,2026-07-28,2026-07-28,21350.00,CE,NIFTY26JUL21350CE,0.00,0.00,0.00,3009.55,0.00,3009.55,24211.00,2913.95,0,0,0,0.00,0,F1,65,,,,,
2026-07-13,2026-07-13,FO,NSE,IDO,63881,,NIFTY,,2026-07-28,2026-07-28,22650.00,CE,NIFTY26JUL22650CE,1394.50,1415.70,1394.40,1412.90,1412.90,1433.60,24211.00,1624.00,780,520,18,28136953.00,10,F1,65,,,,,
2026-07-13,2026-07-13,FO,NSE,IDO,63885,,NIFTY,,2026-07-28,2026-07-28,22750.00,CE,NIFTY26JUL22750CE,0.00,0.00,0.00,1398.80,1398.80,1398.80,24211.00,1527.00,2990,0,0,0.00,0,F1,65,,,,,
2026-07-13,2026-07-13,FO,NSE,IDO,63935,,NIFTY,,2026-07-28,2026-07-28,23900.00,CE,NIFTY26JUL23900CE,340.00,510.20,280.10,467.95,474.30,457.20,24211.00,467.95,544570,-42900,6749,10654074850.25,5044,F1,65,,,,,
2026-07-13,2026-07-13,FO,NSE,IDO,63947,,NIFTY,,2026-07-28,2026-07-28,24200.00,CE,NIFTY26JUL24200CE,190.25,305.70,144.30,271.00,272.05,261.00,24211.00,271.00,2543190,17420,80114,127280215598.25,51343,F1,65,,,,,
2026-07-13,2026-07-13,FO,NSE,IDO,63977,,NIFTY,,2026-07-28,2026-07-28,24950.00,CE,NIFTY26JUL24950CE,27.35,40.80,17.40,32.00,32.20,31.05,24211.00,32.00,172445,23075,6764,10981975192.50,4816,F1,65,,,,,
2026-07-13,2026-07-13,FO,NSE,IDO,63985,,NIFTY,,2026-07-28,2026-07-28,25150.00,CE,NIFTY26JUL25150CE,15.40,21.50,10.25,16.80,16.30,16.50,24211.00,16.80,105170,29120,2655,4342850193.50,1804,F1,65,,,,,
2026-07-13,2026-07-13,FO,NSE,IDO,65350,,NIFTY,,2026-08-04,2026-08-04,21950.00,CE,NIFTY2680421950CE,0.00,0.00,0.00,2066.45,0.00,2066.45,24211.00,2343.15,0,0,0,0.00,0,F1,65,,,,,
2026-07-13,2026-07-13,FO,NSE,IDO,65413,,NIFTY,,2026-08-04,2026-08-04,22100.00,CE,NIFTY2680422100CE,0.00,0.00,0.00,1928.70,0.00,1928.70,24211.00,2195.20,0,0,0,0.00,0,F1,65,,,,,
2026-07-13,2026-07-13,FO,NSE,IDO,65519,,NIFTY,,2026-08-04,2026-08-04,23050.00,CE,NIFTY2680423050CE,0.00,0.00,0.00,1136.70,0.00,1136.70,24211.00,1293.45,0,0,0,0.00,0,F1,65,,,,,
2026-07-13,2026-07-13,FO,NSE,IDO,65533,,NIFTY,,2026-08-04,2026-08-04,23400.00,CE,NIFTY2680423400CE,0.00,0.00,0.00,891.70,0.00,891.70,24211.00,995.55,0,0,0,0.00,0,F1,65,,,,,
2026-07-13,2026-07-13,FO,NSE,IDO,65695,,NIFTY,,2026-08-04,2026-08-04,24050.00,CE,NIFTY2680424050CE,308.00,452.00,292.15,414.50,414.70,392.90,24211.00,414.50,13845,4485,265,420180855.25,220,F1,65,,,,,
2026-07-13,2026-07-13,FO,NSE,IDO,65998,,NIFTY,,2026-08-04,2026-08-04,25650.00,CE,NIFTY2680425650CE,0.00,0.00,0.00,90.15,0.00,90.15,24211.00,48.05,0,0,0,0.00,0,F1,65,,,,,
2026-07-13,2026-07-13,FO,NSE,IDO,40891,,NIFTY,,2026-08-11,2026-08-11,21750.00,CE,NIFTY2681121750CE,0.00,0.00,0.00,2778.90,0.00,2778.90,24211.00,2568.80,0,0,0,0.00,0,F1,65,,,,,
2026-07-13,2026-07-13,FO,NSE,IDO,40911,,NIFTY,,2026-08-11,2026-08-11,22100.00,CE,NIFTY2681122100CE,0.00,0.00,0.00,2436.90,0.00,2436.90,24211.00,2226.25,0,0,0,0.00,0,F1,65,,,,,
2026-07-13,2026-07-13,FO,NSE,IDO,40926,,NIFTY,,2026-08-11,2026-08-11,22450.00,CE,NIFTY2681122450CE,0.00,0.00,0.00,2101.00,0.00,2101.00,24211.00,1890.35,0,0,0,0.00,0,F1,65,,,,,
2026-07-13,2026-07-13,FO,NSE,IDO,40969,,NIFTY,,2026-08-11,2026-08-11,23500.00,CE,NIFTY2681123500CE,0.00,0.00,0.00,1178.05,0.00,1178.05,24211.00,981.05,0,0,0,0.00,0,F1,65,,,,,
2026-07-13,2026-07-13,FO,NSE,IDO,40995,,NIFTY,,2026-08-11,2026-08-11,24100.00,CE,NIFTY2681124100CE,333.80,450.20,325.00,446.70,441.85,428.00,24211.00,446.70,7540,2470,154,245168787.50,124,F1,65,,,,,
2026-07-13,2026-07-13,FO,NSE,IDO,41001,,NIFTY,,2026-08-11,2026-08-11,24250.00,CE,NIFTY2681124250CE,300.00,360.30,300.00,360.30,360.30,341.70,24211.00,360.30,2340,-325,28,44714777.25,11,F1,65,,,,,
2026-07-13,2026-07-13,FO,NSE,IDO,41017,,NIFTY,,2026-08-11,2026-08-11,24650.00,CE,NIFTY2681124650CE,0.00,0.00,0.00,458.25,0.00,458.25,24211.00,323.35,0,0,0,0.00,0,F1,65,,,,,
2026-07-13,2026-07-13,FO,NSE,IDO,41041,,NIFTY,,2026-08-11,2026-08-11,25100.00,CE,NIFTY2681125100CE,0.00,0.00,0.00,284.40,0.00,284.40,24211.00,183.85,0,0,0,0.00,0,F1,65,,,,,
2026-07-13,2026-07-13,FO,NSE,IDO,41073,,NIFTY,,2026-08-11,2026-08-11,25850.00,CE,NIFTY2681125850CE,0.00,0.00,0.00,111.05,0.00,111.05,24211.00,58.85,0,0,0,0.00,0,F1,65,,,,,
2026-07-13,2026-07-13,FO,NSE,IDO,61389,,NIFTY,,2026-08-25,2026-08-25,22450.00,CE,NIFTY26AUG22450CE,0.00,0.00,0.00,1994.00,1994.00,1994.00,24211.00,1979.90,65,0,0,0.00,0,F1,65,,,,,
2026-07-13,2026-07-13,FO,NSE,IDO,61587,,NIFTY,,2026-08-25,2026-08-25,23950.00,CE,NIFTY26AUG23950CE,532.00,666.10,520.65,655.55,655.55,636.45,24211.00,808.85,4615,-195,14,22336437.50,13,F1,65,,,,,
2026-07-13,2026-07-13,FO,NSE,IDO,61793,,NIFTY,,2026-08-25,2026-08-25,24700.00,CE,NIFTY26AUG24700CE,176.00,265.95,168.25,244.05,247.00,229.60,24211.00,244.05,220285,68770,6545,10596825983.25,4304,F1,65,,,,,
2026-07-13,2026-07-13,FO,NSE,IDO,61929,,NIFTY,,2026-08-25,2026-08-25,25200.00,CE,NIFTY26AUG25200CE,66.50,106.15,64.65,96.05,100.30,87.45,24211.00,96.05,290225,61230,4758,7819992511.50,3267,F1,65,,,,,
2026-07-13,2026-07-13,FO,NSE,IDO,61931,,NIFTY,,2026-08-25,2026-08-25,25250.00,CE,NIFTY26AUG25250CE,0.00,0.00,0.00,447.25,0.00,447.25,24211.00,247.35,0,0,0,0.00,0,F1,65,,,,,
2026-07-13,2026-07-13,FO,NSE,IDO,62038,,NIFTY,,2026-08-25,2026-08-25,26000.00,CE,NIFTY26AUG26000CE,14.30,20.80,11.00,19.65,20.45,16.30,24211.00,19.65,978380,69030,8743,14785867827.25,4709,F1,65,,,,,
2026-07-13,2026-07-13,FO,NSE,IDO,73854,,NIFTY,,2026-09-29,2026-09-29,21850.00,CE,NIFTY26SEP21850CE,0.00,0.00,0.00,2455.30,0.00,2455.30,24211.00,2718.10,0,0,0,0.00,0,F1,65,,,,,
2026-07-13,2026-07-13,FO,NSE,IDO,73865,,NIFTY,,2026-09-29,2026-09-29,22000.00,CE,NIFTY26SEP22000CE,2460.00,2460.00,2425.75,2425.75,2425.75,2460.00,24211.00,2582.20,260,65,2,3177573.75,2,F1,65,,,,,
2026-07-13,2026-07-13,FO,NSE,IDO,73883,,NIFTY,,2026-09-29,2026-09-29,22450.00,CE,NIFTY26SEP22450CE,0.00,0.00,0.00,1843.95,1843.95,1843.95,24211.00,2187.70,65,0,0,0.00,0,F1,65,,,,,
2026-07-13,2026-07-13,FO,NSE,IDO,73885,,NIFTY,,2026-09-29,2026-09-29,22550.00,CE,NIFTY26SEP22550CE,0.00,0.00,0.00,1732.55,1732.55,1732.55,24211.00,2103.15,65,0,0,0.00,0,F1,65,,,,,
2026-07-13,2026-07-13,FO,NSE,IDO,73891,,NIFTY,,2026-09-29,2026-09-29,22700.00,CE,NIFTY26SEP22700CE,0.00,0.00,0.00,1606.80,1606.80,1606.80,24211.00,1978.75,65,0,0,0.00,0,F1,65,,,,,
2026-07-13,2026-07-13,FO,NSE,IDO,73908,,NIFTY,,2026-09-29,2026-09-29,23150.00,CE,NIFTY26SEP23150CE,0.00,0.00,0.00,1382.10,1382.10,1382.10,24211.00,1625.25,325,0,0,0.00,0,F1,65,,,,,
2026-07-13,2026-07-13,FO,NSE,IDO,74112,,NIFTY,,2026-09-29,2026-09-29,24350.00,CE,NIFTY26SEP24350CE,553.90,623.45,546.25,622.70,622.15,611.20,24211.00,622.70,2730,260,12,19457412.00,10,F1,65,,,,,
2026-07-13,2026-07-13,FO,NSE,IDO,74289,,NIFTY,,2026-09-29,2026-09-29,24600.00,CE,NIFTY26SEP24600CE,402.05,513.95,397.00,483.25,482.05,473.85,24211.00,483.25,15795,3965,190,309550107.75,153,F1,65,,,,,
2026-07-13,2026-07-13,FO,NSE,IDO,74351,,NIFTY,,2026-09-29,2026-09-29,24650.00,CE,NIFTY26SEP24650CE,426.55,471.60,375.20,471.60,471.60,451.60,24211.00,713.00,6305,65,8,13029422.25,8,F1,65,,,,,
2026-07-13,2026-07-13,FO,NSE,IDO,74355,,NIFTY,,2026-09-29,2026-09-29,24750.00,CE,NIFTY26SEP24750CE,350.15,425.00,350.15,412.50,412.90,399.00,24211.00,412.50,28665,-520,18,29430293.75,18,F1,65,,,,,
2026-07-13,2026-07-13,FO,NSE,IDO,74365,,NIFTY,,2026-09-29,2026-09-29,25000.00,CE,NIFTY26SEP25000CE,267.75,335.00,232.65,310.35,314.00,296.30,24211.00,310.35,601315,5395,7814,12841743161.00,4960,F1,65,,,,,
2026-07-13,2026-07-13,FO,NSE,IDO,74395,,NIFTY,,2026-09-29,2026-09-29,25450.00,CE,NIFTY26SEP25450CE,0.00,0.00,0.00,366.00,0.00,366.00,24211.00,409.45,0,0,0,0.00,0,F1,65,,,,,
2026-07-13,2026-07-13,FO,NSE,IDO,74397,,NIFTY,,2026-09-29,2026-09-29,25550.00,CE,NIFTY26SEP25550CE,0.00,0.00,0.00,340.30,0.00,340.30,24211.00,379.80,0,0,0,0.00,0,F1,65,,,,,
2026-07-13,2026-07-13,FO,NSE,IDO,74416,,NIFTY,,2026-09-29,2026-09-29,25700.00,CE,NIFTY26SEP25700CE,0.00,0.00,0.00,305.70,0.00,305.70,24211.00,338.40,0,0,0,0.00,0,F1,65,,,,,
2026-07-13,2026-07-13,FO,NSE,IDO,74426,,NIFTY,,2026-09-29,2026-09-29,25900.00,CE,NIFTY26SEP25900CE,0.00,0.00,0.00,261.75,0.00,261.75,24211.00,290.10,0,0,0,0.00,0,F1,65,,,,,
2026-07-13,2026-07-13,FO,NSE,IDO,74438,,NIFTY,,2026-09-29,2026-09-29,26050.00,CE,NIFTY26SEP26050CE,0.00,0.00,0.00,232.80,0.00,232.80,24211.00,255.95,0,0,0,0.00,0,F1,65,,,,,
2026-07-13,2026-07-13,FO,NSE,IDO,65923,,NIFTY,,2026-09-29,2026-09-29,30000.00,CE,NIFTY26SEP30000CE,4.00,4.15,3.75,3.95,3.95,4.10,24211.00,3.95,305935,-1040,133,259383319.00,46,F1,65,,,,,
2026-07-13,2026-07-13,FO,NSE,IDO,71503,,NIFTY,,2026-12-29,2026-12-29,25000.00,CE,NIFTY26DEC25000CE,666.00,763.00,643.00,735.35,740.00,724.10,24211.00,735.35,1809515,10075,3030,5062469054.50,2240,F1,65,,,,,
2026-07-13,2026-07-13,FO,NSE,IDO,71505,,NIFTY,,2026-12-29,2026-12-29,26000.00,CE,NIFTY26DEC26000CE,300.00,356.00,290.60,341.20,344.95,333.55,24211.00,341.20,2129060,-28355,4710,8058818215.50,2872,F1,65,,,,,
2026-07-13,2026-07-13,FO,NSE,IDO,35262,,NIFTY,,2027-06-29,2027-06-29,30000.00,CE,NIFTY27JUN30000CE,0.00,0.00,0.00,1478.40,0.00,1478.40,24211.00,430.30,0,0,0,0.00,0,F1,65,,,,,
2026-07-13,2026-07-13,FO,NSE,IDO,53624,,NIFTY,,2027-12-28,2027-12-28,24000.00,CE,NIFTY27DEC24000CE,2963.35,3090.00,2963.35,3046.80,3046.80,3061.20,24211.00,3046.80,29185,260,12,21106390.50,12,F1,65,,,,,
2026-07-13,2026-07-13,FO,NSE,IDO,67770,,NIFTY,,2028-12-26,2028-12-26,18000.00,CE,NIFTY28DEC18000CE,0.00,0.00,0.00,9380.30,0.00,9380.30,24211.00,8963.65,0,0,0,0.00,0,F1,65,,,,,
2026-07-13,2026-07-13,FO,NSE,IDO,67782,,NIFTY,,2028-12-26,2028-12-26,24000.00,CE,NIFTY28DEC24000CE,0.00,0.00,0.00,4800.00,4800.00,4800.00,24211.00,4705.75,260,0,0,0.00,0,F1,65,,,,,
2026-07-13,2026-07-13,FO,NSE,IDO,55522,,NIFTY,,2028-12-26,2028-12-26,25500.00,CE,NIFTY28DEC25500CE,0.00,0.00,0.00,5309.05,0.00,5309.05,24211.00,3874.45,0,0,0,0.00,0,F1,65,,,,,
2026-07-13,2026-07-13,FO,NSE,IDO,61176,,NIFTY,,2026-08-25,2026-08-25,21400.00,PE,NIFTY26AUG21400PE,19.25,21.95,17.80,17.80,17.80,18.70,24211.00,5.75,3900,520,22,30631084.25,14,F1,65,,,,,
2026-07-13,2026-07-13,FO,NSE,IDO,86164,,NIFTY,,2028-06-27,2028-06-27,27000.00,PE,NIFTY28JUN27000PE,0.00,0.00,0.00,2752.35,0.00,2752.35,24211.00,2059.35,0,0,0,0.00,0,F1,65,,,,,
2026-07-13,2026-07-13,FO,NSE,IDO,50984,,NIFTY,,2027-06-29,2027-06-29,27000.00,PE,NIFTY27JUN27000PE,0.00,0.00,0.00,6273.45,0.00,6273.45,24211.00,2286.95,0,0,0,0.00,0,F1,65,,,,,
2026-07-13,2026-07-13,FO,NSE,IDO,71548,,NIFTY,,2027-06-29,2027-06-29,18000.00,PE,NIFTY27JUN18000PE,0.00,0.00,0.00,220.00,220.00,220.00,24211.00,19.00,230,0,0,0.00,0,F1,65,,,,,
2026-07-13,2026-07-13,FO,NSE,IDO,80248,,NIFTY,,2027-03-30,2027-03-30,18000.00,PE,NIFTY27MAR18000PE,0.00,0.00,0.00,37.30,37.30,37.30,24211.00,8.35,65,0,0,0.00,0,F1,65,,,,,
2026-07-13,2026-07-13,FO,NSE,IDO,58649,,NIFTY,,2026-12-29,2026-12-29,22000.00,PE,NIFTY26DEC22000PE,150.00,153.05,133.00,135.80,134.75,130.80,24211.00,135.80,1319700,27170,3474,4999329289.50,1860,F1,65,,,,,
2026-07-13,2026-07-13,FO,NSE,IDO,58643,,NIFTY,,2026-12-29,2026-12-29,19000.00,PE,NIFTY26DEC19000PE,40.90,44.90,38.20,43.35,44.00,39.20,24211.00,43.35,527600,24375,1648,2039705382.00,785,F1,65,,,,,
2026-07-13,2026-07-13,FO,NSE,IDO,74464,,NIFTY,,2026-09-29,2026-09-29,26150.00,PE,NIFTY26SEP26150PE,0.00,0.00,0.00,2098.20,0.00,2098.20,24211.00,1813.30,0,0,0,0.00,0,F1,65,,,,,
2026-07-13,2026-07-13,FO,NSE,IDO,74288,,NIFTY,,2026-09-29,2026-09-29,24550.00,PE,NIFTY26SEP24550PE,621.65,621.65,568.10,568.10,568.10,554.65,24211.00,759.60,6110,0,3,4904077.75,3,F1,65,,,,,
2026-07-13,2026-07-13,FO,NSE,IDO,65901,,NIFTY,,2026-09-29,2026-09-29,24000.00,PE,NIFTY26SEP24000PE,417.00,431.95,349.15,357.00,356.30,346.50,24211.00,357.00,1453615,31860,4910,7784415395.25,3317,F1,65,,,,,
2026-07-13,2026-07-13,FO,NSE,IDO,74002,,NIFTY,,2026-09-29,2026-09-29,23550.00,PE,NIFTY26SEP23550PE,278.15,278.15,230.40,235.35,230.40,220.00,24211.00,235.35,13260,130,10,15468661.00,9,F1,65,,,,,
2026-07-13,2026-07-13,FO,NSE,IDO,73994,,NIFTY,,2026-09-29,2026-09-29,23500.00,PE,NIFTY26SEP23500PE,262.40,271.15,216.90,222.50,220.80,212.85,24211.00,222.50,417625,41340,2793,4309817794.75,1943,F1,65,,,,,
2026-07-13,2026-07-13,FO,NSE,IDO,62059,,NIFTY,,2026-08-25,2026-08-25,26250.00,PE,NIFTY26AUG26250PE,0.00,0.00,0.00,2163.55,0.00,2163.55,24211.00,1912.45,0,0,0,0.00,0,F1,65,,,,,
2026-07-13,2026-07-13,FO,NSE,IDO,61978,,NIFTY,,2026-08-25,2026-08-25,25550.00,PE,NIFTY26AUG25550PE,0.00,0.00,0.00,1249.75,1249.75,1249.75,24211.00,1321.05,65,0,0,0.00,0,F1,65,,,,,
2026-07-13,2026-07-13,FO,NSE,IDO,61944,,NIFTY,,2026-08-25,2026-08-25,25300.00,PE,NIFTY26AUG25300PE,0.00,0.00,0.00,1180.00,1180.00,1180.00,24211.00,1130.05,260,0,0,0.00,0,F1,65,,,,,
2026-07-13,2026-07-13,FO,NSE,IDO,61798,,NIFTY,,2026-08-25,2026-08-25,24750.00,PE,NIFTY26AUG24750PE,0.00,0.00,0.00,881.35,864.55,881.35,24211.00,760.20,1885,0,0,0.00,0,F1,65,,,,,
2026-07-13,2026-07-13,FO,NSE,IDO,61417,,NIFTY,,2026-08-25,2026-08-25,22800.00,PE,NIFTY26AUG22800PE,54.60,78.75,54.60,61.95,61.50,56.00,24211.00,61.95,192530,17745,2037,3027805953.25,1456,F1,65,,,,,
2026-07-13,2026-07-13,FO,NSE,IDO,61398,,NIFTY,,2026-08-25,2026-08-25,22500.00,PE,NIFTY26AUG22500PE,50.95,54.55,41.20,43.50,44.30,39.30,24211.00,43.50,879580,49920,6981,10231430946.75,4480,F1,65,,,,,
2026-07-13,2026-07-13,FO,NSE,IDO,61379,,NIFTY,,2026-08-25,2026-08-25,22350.00,PE,NIFTY26AUG22350PE,43.95,46.50,36.15,36.80,37.65,34.05,24211.00,36.80,6305,-325,62,90230266.75,34,F1,65,,,,,
2026-07-13,2026-07-13,FO,NSE,IDO,61355,,NIFTY,,2026-08-25,2026-08-25,22050.00,PE,NIFTY26AUG22050PE,31.95,31.95,28.55,28.80,28.80,26.00,24211.00,28.80,1300,260,13,18657551.25,13,F1,65,,,,,
2026-07-13,2026-07-13,FO,NSE,IDO,61172,,NIFTY,,2026-08-25,2026-08-25,21300.00,PE,NIFTY26AUG21300PE,18.00,18.90,17.50,17.50,17.50,17.55,24211.00,4.55,5200,390,15,20784835.50,8,F1,65,,,,,
2026-07-13,2026-07-13,FO,NSE,IDO,41058,,NIFTY,,2026-08-11,2026-08-11,25500.00,PE,NIFTY2681125500PE,0.00,0.00,0.00,1130.10,0.00,1130.10,24211.00,1269.80,0,0,0,0.00,0,F1,65,,,,,
2026-07-13,2026-07-13,FO,NSE,IDO,41030,,NIFTY,,2026-08-11,2026-08-11,24850.00,PE,NIFTY2681124850PE,0.00,0.00,0.00,681.20,0.00,681.20,24211.00,773.50,0,0,0,0.00,0,F1,65,,,,,
2026-07-13,2026-07-13,FO,NSE,IDO,41024,,NIFTY,,2026-08-11,2026-08-11,24700.00,PE,NIFTY2681124700PE,0.00,0.00,0.00,594.40,0.00,594.40,24211.00,675.45,0,0,0,0.00,0,F1,65,,,,,
2026-07-13,2026-07-13,FO,NSE,IDO,41010,,NIFTY,,2026-08-11,2026-08-11,24450.00,PE,NIFTY2681124450PE,0.00,0.00,0.00,465.00,0.00,465.00,24211.00,528.00,0,0,0,0.00,0,F1,65,,,,,
2026-07-13,2026-07-13,FO,NSE,IDO,40996,,NIFTY,,2026-08-11,2026-08-11,24100.00,PE,NIFTY2681124100PE,273.50,347.75,255.00,264.10,264.70,244.15,24211.00,264.10,8385,3510,229,363240917.00,183,F1,65,,,,,
2026-07-13,2026-07-13,FO,NSE,IDO,40922,,NIFTY,,2026-08-11,2026-08-11,22350.00,PE,NIFTY2681122350PE,0.00,0.00,0.00,18.15,0.00,18.15,24211.00,17.35,0,0,0,0.00,0,F1,65,,,,,
2026-07-13,2026-07-13,FO,NSE,IDO,40912,,NIFTY,,2026-08-11,2026-08-11,22100.00,PE,NIFTY2681122100PE,0.00,0.00,0.00,10.35,0.00,10.35,24211.00,9.45,0,0,0,0.00,0,F1,65,,,,,
2026-07-13,2026-07-13,FO,NSE,IDO,40910,,NIFTY,,2026-08-11,2026-08-11,22050.00,PE,NIFTY2681122050PE,0.00,0.00,0.00,9.20,0.00,9.20,24211.00,8.30,0,0,0,0.00,0,F1,65,,,,,
2026-07-13,2026-07-13,FO,NSE,IDO,66067,,NIFTY,,2026-08-04,2026-08-04,26200.00,PE,NIFTY2680426200PE,0.00,0.00,0.00,2231.65,0.00,2231.65,24211.00,1908.80,0,0,0,0.00,0,F1,65,,,,,
2026-07-13,2026-07-13,FO,NSE,IDO,65939,,NIFTY,,2026-08-04,2026-08-04,25400.00,PE,NIFTY2680425400PE,0.00,0.00,0.00,1520.05,0.00,1520.05,24211.00,1173.65,0,0,0,0.00,0,F1,65,,,,,
2026-07-13,2026-07-13,FO,NSE,IDO,65859,,NIFTY,,2026-08-04,2026-08-04,24450.00,PE,NIFTY2680424450PE,483.90,483.90,380.00,406.90,406.90,404.50,24211.00,406.90,3250,1040,29,46954602.50,29,F1,65,,,,,
2026-07-13,2026-07-13,FO,NSE,IDO,64030,,NIFTY,,2026-07-28,2026-07-28,26100.00,PE,NIFTY26JUL26100PE,1830.00,1853.60,1830.00,1843.75,1837.60,1952.20,24211.00,1843.75,36530,-130,16,29058919.50,16,F1,65,,,,,
2026-07-13,2026-07-13,FO,NSE,IDO,63978,,NIFTY,,2026-07-28,2026-07-28,24950.00,PE,NIFTY26JUL24950PE,926.05,926.15,735.80,735.80,735.80,718.50,24211.00,779.20,4940,130,11,18473224.25,8,F1,65,,,,,
2026-07-13,2026-07-13,FO,NSE,IDO,63964,,NIFTY,,2026-07-28,2026-07-28,24600.00,PE,NIFTY26JUL24600PE,580.00,619.00,424.85,450.00,442.00,449.20,24211.00,450.00,449280,-1365,1364,2225706063.75,1123,F1,65,,,,,
2026-07-13,2026-07-13,FO,NSE,IDO,63960,,NIFTY,,2026-07-28,2026-07-28,24500.00,PE,NIFTY26JUL24500PE,420.05,539.10,360.05,385.00,383.15,380.30,24211.00,385.00,2345330,5330,22250,36065665587.25,16095,F1,65,,,,,
2026-07-13,2026-07-13,FO,NSE,IDO,63912,,NIFTY,,2026-07-28,2026-07-28,23400.00,PE,NIFTY26JUL23400PE,58.90,69.55,43.20,47.50,47.60,40.30,24211.00,47.50,1135485,10465,17774,27097787847.00,11821,F1,65,,,,,
2026-07-13,2026-07-13,FO,NSE,IDO,63894,,NIFTY,,2026-07-28,2026-07-28,22950.00,PE,NIFTY26JUL22950PE,29.35,30.95,20.40,22.55,22.85,19.25,24211.00,22.55,76440,-2730,696,1039355083.00,476,F1,65,,,,,
2026-07-13,2026-07-13,FO,NSE,IDO,63872,,NIFTY,,2026-07-28,2026-07-28,22400.00,PE,NIFTY26JUL22400PE,13.00,13.95,10.70,12.60,12.50,10.80,24211.00,12.60,217360,83590,4351,6338542895.75,1822,F1,65,,,,,
2026-07-13,2026-07-13,FO,NSE,IDO,63858,,NIFTY,,2026-07-28,2026-07-28,22050.00,PE,NIFTY26JUL22050PE,9.15,10.00,8.15,8.80,9.00,8.10,24211.00,8.80,11570,-1365,431,617982254.50,282,F1,65,,,,,
2026-07-13,2026-07-13,FO,NSE,IDO,63832,,NIFTY,,2026-07-28,2026-07-28,21500.00,PE,NIFTY26JUL21500PE,6.05,7.45,5.55,6.25,6.35,5.85,24211.00,6.25,1053520,6175,3486,4873067719.00,1676,F1,65,,,,,
2026-07-13,2026-07-13,FO,NSE,IDO,57416,,NIFTY,,2026-07-21,2026-07-21,25400.00,PE,NIFTY2672125400PE,1174.00,1190.00,1174.00,1175.00,1175.00,1195.00,24211.00,1175.00,390,260,4,6910345.00,4,F1,65,,,,,
2026-07-13,2026-07-13,FO,NSE,IDO,57376,,NIFTY,,2026-07-21,2026-07-21,24800.00,PE,NIFTY2672124800PE,792.05,793.95,568.40,594.10,585.00,585.95,24211.00,594.10,29315,17550,781,1291396054.00,601,F1,65,,,,,
2026-07-13,2026-07-13,FO,NSE,IDO,57370,,NIFTY,,2026-07-21,2026-07-21,24650.00,PE,NIFTY2672124650PE,642.55,650.05,435.05,462.65,452.30,457.15,24211.00,462.65,8450,4030,246,402018087.25,203,F1,65,,,,,
2026-07-13,2026-07-13,FO,NSE,IDO,57353,,NIFTY,,2026-07-21,2026-07-21,24300.00,PE,NIFTY2672124300PE,321.00,362.20,210.00,224.50,220.35,222.35,24211.00,224.50,667420,88335,47946,76523595814.25,32529,F1,65,,,,,
2026-07-13,2026-07-13,FO,NSE,IDO,57345,,NIFTY,,2026-07-21,2026-07-21,24100.00,PE,NIFTY2672124100PE,199.95,235.85,129.55,138.75,135.90,132.30,24211.00,138.75,1643395,902395,149590,235963091003.25,96062,F1,65,,,,,
2026-07-13,2026-07-13,FO,NSE,IDO,57333,,NIFTY,,2026-07-21,2026-07-21,23800.00,PE,NIFTY2672123800PE,90.10,109.65,57.10,63.30,62.00,57.10,24211.00,63.30,1484795,458770,101287,157210959688.25,55005,F1,65,,,,,
2026-07-13,2026-07-13,FO,NSE,IDO,57328,,NIFTY,,2026-07-21,2026-07-21,23700.00,PE,NIFTY2672123700PE,58.40,84.40,43.05,48.65,49.15,43.30,24211.00,48.65,1505010,1006850,77252,119293553655.25,51646,F1,65,,,,,
2026-07-13,2026-07-13,FO,NSE,IDO,57310,,NIFTY,,2026-07-21,2026-07-21,23250.00,PE,NIFTY2672123250PE,14.90,25.65,13.60,16.10,17.00,14.55,24211.00,16.10,294645,214565,18110,27388881074.75,10678,F1,65,,,,,
2026-07-13,2026-07-13,FO,NSE,IDO,57302,,NIFTY,,2026-07-21,2026-07-21,23050.00,PE,NIFTY2672123050PE,14.90,17.10,9.75,11.30,12.20,10.70,24211.00,11.30,97240,32500,8633,12941094666.50,5552,F1,65,,,,,
2026-07-13,2026-07-13,FO,NSE,IDO,57270,,NIFTY,,2026-07-21,2026-07-21,22250.00,PE,NIFTY2672122250PE,5.70,7.25,3.75,4.70,4.35,4.60,24211.00,4.70,38220,9425,1186,1715606340.50,736,F1,65,,,,,
2026-07-13,2026-07-13,FO,NSE,IDO,57266,,NIFTY,,2026-07-21,2026-07-21,22150.00,PE,NIFTY2672122150PE,4.95,5.10,3.55,4.25,4.00,4.20,24211.00,4.25,10400,2600,757,1090095607.25,484,F1,65,,,,,
2026-07-13,2026-07-13,FO,NSE,IDO,51502,,NIFTY,,2026-07-14,2026-07-14,26050.00,PE,NIFTY2671426050PE,0.00,0.00,0.00,1840.80,1840.80,1840.80,24211.00,1834.70,5915,0,0,0.00,0,F1,65,,,,,
2026-07-13,2026-07-13,FO,NSE,IDO,51500,,NIFTY,,2026-07-14,2026-07-14,26000.00,PE,NIFTY2671426000PE,1975.00,1975.00,1757.45,1797.45,1798.00,1791.25,24211.00,1797.45,61685,-23530,548,992124682.25,465,F1,65,,,,,
2026-07-13,2026-07-13,FO,NSE,IDO,51498,,NIFTY,,2026-07-14,2026-07-14,25950.00,PE,NIFTY2671425950PE,0.00,0.00,0.00,1991.00,1991.00,1991.00,24211.00,1734.75,7995,0,0,0.00,0,F1,65,,,,,
2026-07-13,2026-07-13,FO,NSE,IDO,51472,,NIFTY,,2026-07-14,2026-07-14,25450.00,PE,NIFTY2671425450PE,1245.45,1245.45,1210.40,1210.40,1210.40,1241.75,24211.00,1234.80,2405,0,6,10404390.75,2,F1,65,,,,,
2026-07-13,2026-07-13,FO,NSE,IDO,51410,,NIFTY,,2026-07-14,2026-07-14,24800.00,PE,NIFTY2671424800PE,788.75,806.60,543.65,597.55,580.00,599.80,24211.00,597.55,74555,-54730,3501,5792204769.00,2349,F1,65,,,,,
2026-07-13,2026-07-13,FO,NSE,IDO,51408,,NIFTY,,2026-07-14,2026-07-14,24750.00,PE,NIFTY2671424750PE,746.25,757.55,495.35,545.45,527.45,545.00,24211.00,545.45,20995,-3900,867,1427801371.75,760,F1,65,,,,,
2026-07-13,2026-07-13,FO,NSE,IDO,51376,,NIFTY,,2026-07-14,2026-07-14,24100.00,PE,NIFTY2671424100PE,117.00,154.85,37.50,44.90,42.90,57.90,24211.00,44.90,12905230,4915430,7719651,12130360904957.75,2836627,F1,65,,,,,
2026-07-13,2026-07-13,FO,NSE,IDO,51330,,NIFTY,,2026-07-14,2026-07-14,23200.00,PE,NIFTY2671423200PE,3.10,3.40,1.90,2.40,2.35,3.70,24211.00,2.40,6628960,1089855,1088534,1641685560281.00,170226,F1,65,,,,,
2026-07-13,2026-07-13,FO,NSE,IDO,51298,,NIFTY,,2026-07-14,2026-07-14,22750.00,PE,NIFTY2671422750PE,2.15,2.15,1.10,1.40,1.35,2.20,24211.00,1.40,678080,22815,109230,161534641706.75,20766,F1,65,,,,,
2026-07-13,2026-07-13,FO,NSE,IDO,55758,,NIFTY,,2030-12-31,2030-12-31,27000.00,CE,NIFTY30DEC27000CE,0.00,0.00,0.00,6772.80,0.00,6772.80,24211.00,5577.20,0,0,0,0.00,0,F1,65,,,,,
2026-07-13,2026-07-13,FO,NSE,IDO,55704,,NIFTY,,2030-12-31,2030-12-31,22500.00,CE,NIFTY30DEC22500CE,0.00,0.00,0.00,9536.95,0.00,9536.95,24211.00,7979.55,0,0,0,0.00,0,F1,65,,,,,
2026-07-13,2026-07-13,FO,NSE,IDO,60904,,NIFTY,,2030-06-25,2030-06-25,24000.00,CE,NIFTY30JUN24000CE,0.00,0.00,0.00,8591.55,0.00,8591.55,24211.00,6534.80,0,0,0,0.00,0,F1,65,,,,,
2026-07-13,2026-07-13,FO,NSE,IDO,67794,,NIFTY,,2028-12-26,2028-12-26,30000.00,CE,NIFTY28DEC30000CE,0.00,0.00,0.00,1400.00,1400.00,1400.00,24211.00,2018.85,10255,0,0,0.00,0,F1,65,,,,,
2026-07-13,2026-07-13,FO,NSE,IDO,55524,,NIFTY,,2028-12-26,2028-12-26,28500.00,CE,NIFTY28DEC28500CE,0.00,0.00,0.00,3608.65,0.00,3608.65,24211.00,2535.90,0,0,0,0.00,0,F1,65,,,,,
2026-07-13,2026-07-13,FO,NSE,IDO,67790,,NIFTY,,2028-12-26,2028-12-26,28000.00,CE,NIFTY28DEC28000CE,2091.80,2091.80,2091.80,2091.80,2091.80,2275.60,24211.00,2729.95,6185,0,1,1955967.00,1,F1,65,,,,,
2026-07-13,2026-07-13,FO,NSE,IDO,57268,,NIFTY,,2026-07-21,2026-07-21,22200.00,PE,NIFTY2672122200PE,5.45,5.75,3.70,4.35,4.30,4.35,24211.00,4.35,184730,121875,9671,13957939791.25,4404,F1,65,,,,,
2026-07-13,2026-07-13,FO,NSE,IDO,57262,,NIFTY,,2026-07-21,2026-07-21,22050.00,PE,NIFTY2672122050PE,3.20,4.80,3.20,4.00,4.10,3.95,24211.00,4.00,175435,585,1036,1485109951.00,597,F1,65,,,,,
2026-07-13,2026-07-13,FO,NSE,IDO,57256,,NIFTY,,2026-07-21,2026-07-21,21900.00,PE,NIFTY2672121900PE,4.10,4.60,3.10,3.65,3.30,3.70,24211.00,3.65,49465,5720,2377,3384206068.75,1727,F1,65,,,,,
2026-07-13,2026-07-13,FO,NSE,IDO,51508,,NIFTY,,2026-07-14,2026-07-14,26200.00,PE,NIFTY2671426200PE,0.00,0.00,0.00,2812.55,0.00,2812.55,24211.00,1984.70,0,0,0,0.00,0,F1,65,,,,,
2026-07-13,2026-07-13,FO,NSE,IDO,51412,,NIFTY,,2026-07-14,2026-07-14,24850.00,PE,NIFTY2671424850PE,836.80,852.60,594.55,646.05,632.50,635.85,24211.00,646.05,23075,-5005,714,1187421680.25,559,F1,65,,,,,
2026-07-13,2026-07-13,FO,NSE,IDO,51346,,NIFTY,,2026-07-14,2026-07-14,23450.00,PE,NIFTY2671423450PE,5.25,6.75,2.80,3.75,4.35,5.15,24211.00,3.75,2518100,1041820,688055,1048950312761.00,144656,F1,65,,,,,
2026-07-13,2026-07-13,FO,NSE,IDO,51342,,NIFTY,,2026-07-14,2026-07-14,23350.00,PE,NIFTY2671423350PE,6.70,6.70,2.25,3.00,3.75,4.45,24211.00,3.00,2377765,1168440,612075,929102373455.75,103506,F1,65,,,,,
2026-07-13,2026-07-13,FO,NSE,IDO,51328,,NIFTY,,2026-07-14,2026-07-14,23150.00,PE,NIFTY2671423150PE,2.80,3.15,1.80,2.35,2.40,3.50,24211.00,2.35,1376635,487890,349899,526565172740.75,56913,F1,65,,,,,
2026-07-13,2026-07-13,FO,NSE,IDF,58072,,NIFTY,,2026-08-25,2026-08-25,,,NIFTY26AUGFUT,24151.00,24375.00,24125.00,24330.10,24348.00,24328.70,24211.00,24330.10,1867840,-7215,5743,9050936433.50,4260,F1,65,,,,,
2026-07-13,2026-07-13,FO,NSE,IDO,51203,,NIFTY,,2026-07-14,2026-07-14,21400.00,CE,NIFTY2671421400CE,0.00,0.00,0.00,2820.00,2820.00,2820.00,24211.00,2814.55,260,0,0,0.00,0,F1,65,,,,,
2026-07-13,2026-07-13,FO,NSE,IDO,51237,,NIFTY,,2026-07-14,2026-07-14,21900.00,CE,NIFTY2671421900CE,0.00,0.00,0.00,2112.05,2112.05,2112.05,24211.00,2314.65,1040,0,0,0.00,0,F1,65,,,,,
2026-07-13,2026-07-13,FO,NSE,IDO,51355,,NIFTY,,2026-07-14,2026-07-14,23700.00,CE,NIFTY2671423700CE,340.05,567.20,306.90,510.60,531.20,515.30,24211.00,510.60,204100,-58565,31706,49683443238.00,17927,F1,65,,,,,
2026-07-13,2026-07-13,FO,NSE,IDO,51391,,NIFTY,,2026-07-14,2026-07-14,24450.00,CE,NIFTY2671424450CE,10.00,34.00,3.25,9.45,9.90,20.85,24211.00,9.45,5428020,2018965,3090101,4913248785331.25,766804,F1,65,,,,,
2026-07-13,2026-07-13,FO,NSE,IDO,51443,,NIFTY,,2026-07-14,2026-07-14,25250.00,CE,NIFTY2671425250CE,0.90,1.00,0.45,0.60,0.50,0.90,24211.00,0.60,555490,-379795,75153,123348558147.75,13511,F1,65,,,,,
2026-07-13,2026-07-13,FO,NSE,IDO,51471,,NIFTY,,2026-07-14,2026-07-14,25450.00,CE,NIFTY2671425450CE,0.80,0.95,0.35,0.40,0.35,0.70,24211.00,0.40,592345,-132665,42083,69617412878.00,7336,F1,65,,,,,
2026-07-13,2026-07-13,FO,NSE,IDO,57255,,NIFTY,,2026-07-21,2026-07-21,21900.00,CE,NIFTY2672121900CE,0.00,0.00,0.00,2235.05,0.00,2235.05,24211.00,2340.00,0,0,0,0.00,0,F1,65,,,,,
2026-07-13,2026-07-13,FO,NSE,IDO,57271,,NIFTY,,2026-07-21,2026-07-21,22300.00,CE,NIFTY2672122300CE,0.00,0.00,0.00,1858.85,0.00,1858.85,24211.00,1940.60,0,0,0,0.00,0,F1,65,,,,,
2026-07-13,2026-07-13,FO,NSE,IDO,57311,,NIFTY,,2026-07-21,2026-07-21,23300.00,CE,NIFTY2672123300CE,754.00,960.50,735.20,923.45,931.75,946.05,24211.00,923.45,15535,390,138,216680652.50,131,F1,65,,,,,
2026-07-13,2026-07-13,FO,NSE,IDO,57325,,NIFTY,,2026-07-21,2026-07-21,23650.00,CE,NIFTY2672123650CE,440.15,655.00,430.00,613.90,610.90,624.30,24211.00,613.90,5720,325,213,334789078.00,196,F1,65,,,,,
2026-07-13,2026-07-13,FO,NSE,IDO,57327,,NIFTY,,2026-07-21,2026-07-21,23700.00,CE,NIFTY2672123700CE,412.05,614.10,391.00,567.60,576.30,570.00,24211.00,567.60,87620,36790,2095,3296421020.75,1441,F1,65,,,,,
2026-07-13,2026-07-13,FO,NSE,IDO,57329,,NIFTY,,2026-07-21,2026-07-21,23750.00,CE,NIFTY2672123750CE,369.75,567.65,351.65,526.00,533.00,521.50,24211.00,526.00,13845,5655,740,1162972986.50,584,F1,65,,,,,
2026-07-13,2026-07-13,FO,NSE,IDO,57400,,NIFTY,,2026-07-21,2026-07-21,25150.00,CE,NIFTY2672125150CE,5.40,7.10,3.10,4.85,6.00,5.45,24211.00,4.85,207350,89895,14461,23644602683.00,7949,F1,65,,,,,
2026-07-13,2026-07-13,FO,NSE,IDO,63844,,NIFTY,,2026-07-28,2026-07-28,21750.00,CE,NIFTY26JUL21750CE,0.00,0.00,0.00,2140.00,2140.00,2140.00,24211.00,2515.10,65,0,0,0.00,0,F1,65,,,,,
2026-07-13,2026-07-13,FO,NSE,IDO,63865,,NIFTY,,2026-07-28,2026-07-28,22250.00,CE,NIFTY26JUL22250CE,0.00,0.00,0.00,1737.50,1737.50,1737.50,24211.00,2017.70,390,0,0,0.00,0,F1,65,,,,,
2026-07-13,2026-07-13,FO,NSE,IDO,63875,,NIFTY,,2026-07-28,2026-07-28,22500.00,CE,NIFTY26JUL22500CE,1570.00,1774.35,1537.75,1750.15,1746.20,1748.90,24211.00,1750.15,323440,-2470,91,143027651.00,77,F1,65,,,,,
2026-07-13,2026-07-13,FO,NSE,IDO,63979,,NIFTY,,2026-07-28,2026-07-28,25000.00,CE,NIFTY26JUL25000CE,21.85,35.50,15.80,27.45,27.95,27.15,24211.00,27.45,6743295,383305,108203,176004132798.00,53798,F1,65,,,,,
2026-07-13,2026-07-13,FO,NSE,IDO,64008,,NIFTY,,2026-07-28,2026-07-28,25650.00,CE,NIFTY26JUL25650CE,4.80,5.30,3.90,4.35,4.35,4.85,24211.00,4.35,32045,-260,198,330175647.75,127,F1,65,,,,,
2026-07-13,2026-07-13,FO,NSE,IDO,64017,,NIFTY,,2026-07-28,2026-07-28,25850.00,CE,NIFTY26JUL25850CE,3.00,3.45,2.80,3.05,3.15,3.40,24211.00,3.05,32825,650,133,223500153.50,35,F1,65,,,,,
2026-07-13,2026-07-13,FO,NSE,IDO,65411,,NIFTY,,2026-08-04,2026-08-04,22050.00,CE,NIFTY2680422050CE,0.00,0.00,0.00,1974.35,0.00,1974.35,24211.00,2244.45,0,0,0,0.00,0,F1,65,,,,,
2026-07-13,2026-07-13,FO,NSE,IDO,65415,,NIFTY,,2026-08-04,2026-08-04,22150.00,CE,NIFTY2680422150CE,0.00,0.00,0.00,1883.40,0.00,1883.40,24211.00,2146.05,0,0,0,0.00,0,F1,65,,,,,
2026-07-13,2026-07-13,FO,NSE,IDO,65521,,NIFTY,,2026-08-04,2026-08-04,23100.00,CE,NIFTY2680423100CE,0.00,0.00,0.00,1099.85,0.00,1099.85,24211.00,1249.25,0,0,0,0.00,0,F1,65,,,,,
2026-07-13,2026-07-13,FO,NSE,IDO,65531,,NIFTY,,2026-08-04,2026-08-04,23350.00,CE,NIFTY2680423350CE,0.00,0.00,0.00,924.60,0.00,924.60,24211.00,1036.25,0,0,0,0.00,0,F1,65,,,,,
2026-07-13,2026-07-13,FO,NSE,IDO,65682,,NIFTY,,2026-08-04,2026-08-04,23750.00,CE,NIFTY2680423750CE,481.90,637.10,475.70,633.55,630.00,598.55,24211.00,633.55,3900,2145,38,59883492.50,37,F1,65,,,,,
2026-07-13,2026-07-13,FO,NSE,IDO,65686,,NIFTY,,2026-08-04,2026-08-04,23850.00,CE,NIFTY2680423850CE,419.25,563.95,412.25,559.35,557.65,525.45,24211.00,559.35,6630,5005,93,147075906.25,91,F1,65,,,,,
2026-07-13,2026-07-13,FO,NSE,IDO,65879,,NIFTY,,2026-08-04,2026-08-04,24650.00,CE,NIFTY2680424650CE,0.00,0.00,0.00,294.60,0.00,294.60,24211.00,255.40,0,0,0,0.00,0,F1,65,,,,,
2026-07-13,2026-07-13,FO,NSE,IDO,65916,,NIFTY,,2026-08-04,2026-08-04,25000.00,CE,NIFTY2680425000CE,40.00,60.00,30.05,51.50,53.00,48.35,24211.00,51.50,266825,67535,6078,9894368796.00,3917,F1,65,,,,,
2026-07-13,2026-07-13,FO,NSE,IDO,65947,,NIFTY,,2026-08-04,2026-08-04,25600.00,CE,NIFTY2680425600CE,0.00,0.00,0.00,96.30,0.00,96.30,24211.00,52.95,0,0,0,0.00,0,F1,65,,,,,
2026-07-13,2026-07-13,FO,NSE,IDO,66054,,NIFTY,,2026-08-04,2026-08-04,25950.00,CE,NIFTY2680425950CE,5.25,6.35,5.10,6.10,5.60,6.10,24211.00,6.10,910,325,32,53987683.75,29,F1,65,,,,,
2026-07-13,2026-07-13,FO,NSE,IDO,66062,,NIFTY,,2026-08-04,2026-08-04,26150.00,CE,NIFTY2680426150CE,4.65,5.50,4.45,5.10,5.10,5.50,24211.00,16.80,1170,130,5,8500323.00,5,F1,65,,,,,
