session_date,session_type,expected_trading_date,calendar_source,in_chain,n_records,n_regular_window,n_outside_window,n_valid_bars,n_missing_minutes,longest_gap_minutes,n_out_of_order,n_duplicate_exact,n_duplicate_conflict,n_invalid_ohlc,first_bar,last_bar,complete,exclusion_reasons
2021-09-16,regular,True,participant_oi,True,375,375,0,375,0.0,0.0,0,0,0,0,09:15,15:29,True,
2021-09-17,regular,True,participant_oi,True,375,375,0,375,0.0,0.0,0,0,0,0,09:15,15:29,True,
2021-09-20,regular,True,participant_oi,True,375,375,0,375,0.0,0.0,0,0,0,0,09:15,15:29,True,
2021-09-21,regular,True,participant_oi,True,375,375,0,375,0.0,0.0,0,0,0,0,09:15,15:29,True,
2021-09-22,regular,True,participant_oi,True,375,375,0,375,0.0,0.0,0,0,0,0,09:15,15:29,True,
2021-09-23,regular,True,participant_oi,True,375,375,0,375,0.0,0.0,0,0,0,0,09:15,15:29,True,
2021-09-24,regular,True,participant_oi,True,375,375,0,375,0.0,0.0,0,0,0,0,09:15,15:29,True,
2021-09-27,regular,True,participant_oi,True,375,375,0,375,0.0,0.0,0,0,0,0,09:15,15:29,True,
2021-09-28,regular,True,participant_oi,True,375,375,0,375,0.0,0.0,0,0,0,0,09:15,15:29,True,
2021-09-29,regular,True,participant_oi,True,375,375,0,375,0.0,0.0,0,0,0,0,09:15,15:29,True,
2021-09-30,regular,True,participant_oi,True,375,375,0,375,0.0,0.0,0,0,0,0,09:15,15:29,True,
2021-10-01,regular,True,participant_oi,True,375,375,0,375,0.0,0.0,0,0,0,0,09:15,15:29,True,
2021-10-04,regular,True,participant_oi,True,375,375,0,375,0.0,0.0,0,0,0,0,09:15,15:29,True,
2021-10-05,regular,True,participant_oi,True,375,375,0,375,0.0,0.0,0,0,0,0,09:15,15:29,True,
2021-10-06,regular,True,participant_oi,True,375,375,0,375,0.0,0.0,0,0,0,0,09:15,15:29,True,
2021-10-07,regular,True,participant_oi,True,375,375,0,375,0.0,0.0,0,0,0,0,09:15,15:29,True,
2021-10-08,regular,True,participant_oi,True,375,375,0,375,0.0,0.0,0,0,0,0,09:15,15:29,True,
2021-10-11,regular,True,participant_oi,True,375,375,0,375,0.0,0.0,0,0,0,0,09:15,15:29,True,
2021-10-12,regular,True,participant_oi,True,375,375,0,375,0.0,0.0,0,0,0,0,09:15,15:29,True,
2021-10-13,regular,True,participant_oi,True,375,375,0,375,0.0,0.0,0,0,0,0,09:15,15:29,True,
2021-10-14,regular,True,participant_oi,True,375,375,0,375,0.0,0.0,0,0,0,0,09:15,15:29,True,
2021-10-18,regular,True,participant_oi,True,375,375,0,375,0.0,0.0,0,0,0,0,09:15,15:29,True,
2021-10-19,regular,True,participant_oi,True,375,375,0,375,0.0,0.0,0,0,0,0,09:15,15:29,True,
2021-10-20,regular,True,participant_oi,True,375,375,0,375,0.0,0.0,0,0,0,0,09:15,15:29,True,
2021-10-21,regular,True,participant_oi,True,375,375,0,375,0.0,0.0,0,0,0,0,09:15,15:29,True,
2021-10-22,regular,True,participant_oi,True,375,375,0,375,0.0,0.0,0,0,0,0,09:15,15:29,True,
2021-10-25,regular,True,participant_oi,True,375,375,0,375,0.0,0.0,0,0,0,0,09:15,15:29,True,
2021-10-26,regular,True,participant_oi,True,375,375,0,375,0.0,0.0,0,0,0,0,09:15,15:29,True,
2021-10-27,regular,True,participant_oi,True,375,375,0,375,0.0,0.0,0,0,0,0,09:15,15:29,True,
2021-10-28,regular,True,participant_oi,True,375,375,0,375,0.0,0.0,0,0,0,0,09:15,15:29,True,
2021-10-29,regular,True,participant_oi,True,375,375,0,375,0.0,0.0,0,0,0,0,09:15,15:29,True,
2021-11-01,regular,True,participant_oi,True,374,374,0,374,1.0,1.0,0,0,0,0,09:15,15:29,False,missing_minutes
2021-11-02,regular,True,participant_oi,True,375,375,0,375,0.0,0.0,0,0,0,0,09:15,15:29,True,
2021-11-03,regular,True,participant_oi,True,375,375,0,375,0.0,0.0,0,0,0,0,09:15,15:29,True,
2021-11-04,special_short,True,participant_oi,False,103,43,60,43,,,0,0,0,0,14:47,15:29,False,special_short|bars_outside_regular_window
2021-11-08,regular,True,participant_oi,True,375,375,0,375,0.0,0.0,0,0,0,0,09:15,15:29,True,
2021-11-09,regular,True,participant_oi,True,375,375,0,375,0.0,0.0,0,0,0,0,09:15,15:29,True,
2021-11-10,regular,True,participant_oi,True,375,375,0,375,0.0,0.0,0,0,0,0,09:15,15:29,True,
2021-11-11,regular,True,participant_oi,True,375,375,0,375,0.0,0.0,0,0,0,0,09:15,15:29,True,
2021-11-12,regular,True,participant_oi,True,375,375,0,375,0.0,0.0,0,0,0,0,09:15,15:29,True,
2021-11-15,regular,True,participant_oi,True,375,375,0,375,0.0,0.0,0,0,0,0,09:15,15:29,True,
2021-11-16,regular,True,participant_oi,True,375,375,0,375,0.0,0.0,0,0,0,0,09:15,15:29,True,
2021-11-17,regular,True,participant_oi,True,375,375,0,375,0.0,0.0,0,0,0,0,09:15,15:29,True,
2021-11-18,regular,True,participant_oi,True,375,375,0,375,0.0,0.0,0,0,0,0,09:15,15:29,True,
2021-11-22,regular,True,participant_oi,True,375,375,0,375,0.0,0.0,0,0,0,0,09:15,15:29,True,
2021-11-23,regular,True,participant_oi,True,375,375,0,375,0.0,0.0,0,0,0,0,09:15,15:29,True,
2021-11-24,regular,True,participant_oi,True,375,375,0,375,0.0,0.0,0,0,0,0,09:15,15:29,True,
2021-11-25,regular,True,participant_oi,True,375,375,0,375,0.0,0.0,0,0,0,0,09:15,15:29,True,
2021-11-26,regular,True,participant_oi,True,375,375,0,375,0.0,0.0,0,0,0,0,09:15,15:29,True,
2021-11-29,regular,True,participant_oi,True,375,375,0,375,0.0,0.0,0,0,0,0,09:15,15:29,True,
2021-11-30,regular,True,participant_oi,True,375,375,0,375,0.0,0.0,0,0,0,0,09:15,15:29,True,
2021-12-01,regular,True,participant_oi,True,375,375,0,375,0.0,0.0,0,0,0,0,09:15,15:29,True,
2021-12-02,regular,True,participant_oi,True,375,375,0,375,0.0,0.0,0,0,0,0,09:15,15:29,True,
2021-12-03,regular,True,participant_oi,True,375,375,0,375,0.0,0.0,0,0,0,0,09:15,15:29,True,
2021-12-06,regular,True,participant_oi,True,375,375,0,375,0.0,0.0,0,0,0,0,09:15,15:29,True,
2021-12-07,regular,True,participant_oi,True,375,375,0,375,0.0,0.0,0,0,0,0,09:15,15:29,True,
2021-12-08,regular,True,participant_oi,True,375,375,0,375,0.0,0.0,0,0,0,0,09:15,15:29,True,
2021-12-09,regular,True,participant_oi,True,375,375,0,375,0.0,0.0,0,0,0,0,09:15,15:29,True,
2021-12-10,regular,True,participant_oi,True,375,375,0,375,0.0,0.0,0,0,0,0,09:15,15:29,True,
2021-12-13,regular,True,participant_oi,True,375,375,0,375,0.0,0.0,0,0,0,0,09:15,15:29,True,
2021-12-14,regular,True,participant_oi,True,375,375,0,375,0.0,0.0,0,0,0,0,09:15,15:29,True,
2021-12-15,regular,True,participant_oi,True,375,375,0,375,0.0,0.0,0,0,0,0,09:15,15:29,True,
2021-12-16,regular,True,participant_oi,True,375,375,0,375,0.0,0.0,0,0,0,0,09:15,15:29,True,
2021-12-17,regular,True,participant_oi,True,375,375,0,375,0.0,0.0,0,0,0,0,09:15,15:29,True,
2021-12-20,regular,True,participant_oi,True,371,371,0,371,4.0,4.0,0,0,0,0,09:19,15:29,False,missing_minutes
2021-12-21,regular,True,participant_oi,True,375,375,0,375,0.0,0.0,0,0,0,0,09:15,15:29,True,
2021-12-22,regular,True,participant_oi,True,375,375,0,375,0.0,0.0,0,0,0,0,09:15,15:29,True,
2021-12-23,regular,True,participant_oi,True,375,375,0,375,0.0,0.0,0,0,0,0,09:15,15:29,True,
2021-12-24,regular,True,participant_oi,True,375,375,0,375,0.0,0.0,0,0,0,0,09:15,15:29,True,
2021-12-27,regular,True,participant_oi,True,375,375,0,375,0.0,0.0,0,0,0,0,09:15,15:29,True,
2021-12-28,regular,True,participant_oi,True,375,375,0,375,0.0,0.0,0,0,0,0,09:15,15:29,True,
2021-12-29,regular,True,participant_oi,True,375,375,0,375,0.0,0.0,0,0,0,0,09:15,15:29,True,
2021-12-30,regular,True,participant_oi,True,375,375,0,375,0.0,0.0,0,0,0,0,09:15,15:29,True,
2021-12-31,regular,True,participant_oi,True,375,375,0,375,0.0,0.0,0,0,0,0,09:15,15:29,True,
2022-01-03,regular,True,participant_oi,True,375,375,0,375,0.0,0.0,0,0,0,0,09:15,15:29,True,
2022-01-04,regular,True,participant_oi,True,375,375,0,375,0.0,0.0,0,0,0,0,09:15,15:29,True,
2022-01-05,regular,True,participant_oi,True,375,375,0,375,0.0,0.0,0,0,0,0,09:15,15:29,True,
2022-01-06,regular,True,participant_oi,True,375,375,0,375,0.0,0.0,0,0,0,0,09:15,15:29,True,
2022-01-07,regular,True,participant_oi,True,375,375,0,375,0.0,0.0,0,0,0,0,09:15,15:29,True,
2022-01-10,regular,True,participant_oi,True,375,375,0,375,0.0,0.0,0,0,0,0,09:15,15:29,True,
2022-01-11,regular,True,participant_oi,True,375,375,0,375,0.0,0.0,0,0,0,0,09:15,15:29,True,
2022-01-12,regular,True,participant_oi,True,375,375,0,375,0.0,0.0,0,0,0,0,09:15,15:29,True,
2022-01-13,regular,True,participant_oi,True,375,375,0,375,0.0,0.0,0,0,0,0,09:15,15:29,True,
2022-01-14,regular,True,participant_oi,True,375,375,0,375,0.0,0.0,0,0,0,0,09:15,15:29,True,
2022-01-17,regular,True,participant_oi,True,375,375,0,375,0.0,0.0,0,0,0,0,09:15,15:29,True,
2022-01-18,regular,True,participant_oi,True,375,375,0,375,0.0,0.0,0,0,0,0,09:15,15:29,True,
2022-01-19,regular,True,participant_oi,True,375,375,0,375,0.0,0.0,0,0,0,0,09:15,15:29,True,
2022-01-20,regular,True,participant_oi,True,375,375,0,375,0.0,0.0,0,0,0,0,09:15,15:29,True,
2022-01-21,regular,True,participant_oi,True,375,375,0,375,0.0,0.0,0,0,0,0,09:15,15:29,True,
2022-01-24,regular,True,participant_oi,True,375,375,0,375,0.0,0.0,0,0,0,0,09:15,15:29,True,
2022-01-25,regular,True,participant_oi,True,375,375,0,375,0.0,0.0,0,0,0,0,09:15,15:29,True,
2022-01-27,regular,True,participant_oi,True,375,375,0,375,0.0,0.0,0,0,0,0,09:15,15:29,True,
2022-01-28,regular,True,participant_oi,True,375,375,0,375,0.0,0.0,0,0,0,0,09:15,15:29,True,
2022-01-31,regular,True,participant_oi,True,375,375,0,375,0.0,0.0,0,0,0,0,09:15,15:29,True,
2022-02-01,regular,True,participant_oi,True,375,375,0,375,0.0,0.0,0,0,0,0,09:15,15:29,True,
2022-02-02,regular,True,participant_oi,True,375,375,0,375,0.0,0.0,0,0,0,0,09:15,15:29,True,
2022-02-03,regular,True,participant_oi,True,375,375,0,375,0.0,0.0,0,0,0,0,09:15,15:29,True,
2022-02-04,regular,True,participant_oi,True,375,375,0,375,0.0,0.0,0,0,0,0,09:15,15:29,True,
2022-02-07,regular,True,participant_oi,True,375,375,0,375,0.0,0.0,0,0,0,0,09:15,15:29,True,
2022-02-08,regular,True,participant_oi,True,375,375,0,375,0.0,0.0,0,0,0,0,09:15,15:29,True,
2022-02-09,regular,True,participant_oi,True,375,375,0,375,0.0,0.0,0,0,0,0,09:15,15:29,True,
2022-02-10,regular,True,participant_oi,True,375,375,0,375,0.0,0.0,0,0,0,0,09:15,15:29,True,
2022-02-11,regular,True,participant_oi,True,375,375,0,375,0.0,0.0,0,0,0,0,09:15,15:29,True,
2022-02-14,regular,True,participant_oi,True,375,375,0,375,0.0,0.0,0,0,0,0,09:15,15:29,True,
2022-02-15,regular,True,participant_oi,True,375,375,0,375,0.0,0.0,0,0,0,0,09:15,15:29,True,
2022-02-16,regular,True,participant_oi,True,375,375,0,375,0.0,0.0,0,0,0,0,09:15,15:29,True,
2022-02-17,regular,True,participant_oi,True,375,375,0,375,0.0,0.0,0,0,0,0,09:15,15:29,True,
2022-02-18,regular,True,participant_oi,True,375,375,0,375,0.0,0.0,0,0,0,0,09:15,15:29,True,
2022-02-21,regular,True,participant_oi,True,375,375,0,375,0.0,0.0,0,0,0,0,09:15,15:29,True,
2022-02-22,regular,True,participant_oi,True,375,375,0,375,0.0,0.0,0,0,0,0,09:15,15:29,True,
2022-02-23,regular,True,participant_oi,True,375,375,0,375,0.0,0.0,0,0,0,0,09:15,15:29,True,
2022-02-24,regular,True,participant_oi,True,375,375,0,375,0.0,0.0,0,0,0,0,09:15,15:29,True,
2022-02-25,regular,True,participant_oi,True,375,375,0,375,0.0,0.0,0,0,0,0,09:15,15:29,True,
2022-02-28,regular,True,participant_oi,True,375,375,0,375,0.0,0.0,0,0,0,0,09:15,15:29,True,
2022-03-02,regular,True,participant_oi,True,375,375,0,375,0.0,0.0,0,0,0,0,09:15,15:29,True,
2022-03-03,regular,True,participant_oi,True,375,375,0,375,0.0,0.0,0,0,0,0,09:15,15:29,True,
2022-03-04,regular,True,participant_oi,True,375,375,0,375,0.0,0.0,0,0,0,0,09:15,15:29,True,
2022-03-07,regular,True,participant_oi,True,372,372,0,372,3.0,3.0,0,0,0,0,09:15,15:29,False,missing_minutes
2022-03-08,regular,True,participant_oi,True,375,375,0,375,0.0,0.0,0,0,0,0,09:15,15:29,True,
2022-03-09,regular,True,participant_oi,True,375,375,0,375,0.0,0.0,0,0,0,0,09:15,15:29,True,
2022-03-10,regular,True,participant_oi,True,375,375,0,375,0.0,0.0,0,0,0,0,09:15,15:29,True,
2022-03-11,regular,True,participant_oi,True,375,375,0,375,0.0,0.0,0,0,0,0,09:15,15:29,True,
2022-03-14,regular,True,participant_oi,True,375,375,0,375,0.0,0.0,0,0,0,0,09:15,15:29,True,
2022-03-15,regular,True,participant_oi,True,375,375,0,375,0.0,0.0,0,0,0,0,09:15,15:29,True,
2022-03-16,regular,True,participant_oi,True,375,375,0,375,0.0,0.0,0,0,0,0,09:15,15:29,True,
2022-03-17,regular,True,participant_oi,True,375,375,0,375,0.0,0.0,0,0,0,0,09:15,15:29,True,
2022-03-21,regular,True,participant_oi,True,375,375,0,375,0.0,0.0,0,0,0,0,09:15,15:29,True,
2022-03-22,regular,True,participant_oi,True,375,375,0,375,0.0,0.0,0,0,0,0,09:15,15:29,True,
2022-03-23,regular,True,participant_oi,True,375,375,0,375,0.0,0.0,0,0,0,0,09:15,15:29,True,
2022-03-24,regular,True,participant_oi,True,375,375,0,375,0.0,0.0,0,0,0,0,09:15,15:29,True,
2022-03-25,regular,True,participant_oi,True,375,375,0,375,0.0,0.0,0,0,0,0,09:15,15:29,True,
2022-03-28,regular,True,participant_oi,True,375,375,0,375,0.0,0.0,0,0,0,0,09:15,15:29,True,
2022-03-29,regular,True,participant_oi,True,375,375,0,375,0.0,0.0,0,0,0,0,09:15,15:29,True,
2022-03-30,regular,True,participant_oi,True,375,375,0,375,0.0,0.0,0,0,0,0,09:15,15:29,True,
2022-03-31,regular,True,participant_oi,True,375,375,0,375,0.0,0.0,0,0,0,0,09:15,15:29,True,
2022-04-01,regular,True,participant_oi,True,375,375,0,375,0.0,0.0,0,0,0,0,09:15,15:29,True,
2022-04-04,regular,True,participant_oi,True,375,375,0,375,0.0,0.0,0,0,0,0,09:15,15:29,True,
2022-04-05,regular,True,participant_oi,True,375,375,0,375,0.0,0.0,0,0,0,0,09:15,15:29,True,
2022-04-06,regular,True,participant_oi,True,375,375,0,375,0.0,0.0,0,0,0,0,09:15,15:29,True,
2022-04-07,regular,True,participant_oi,True,375,375,0,375,0.0,0.0,0,0,0,0,09:15,15:29,True,
2022-04-08,regular,True,participant_oi,True,375,375,0,375,0.0,0.0,0,0,0,0,09:15,15:29,True,
2022-04-11,regular,True,participant_oi,True,375,375,0,375,0.0,0.0,0,0,0,0,09:15,15:29,True,
2022-04-12,regular,True,participant_oi,True,375,375,0,375,0.0,0.0,0,0,0,0,09:15,15:29,True,
2022-04-13,regular,True,participant_oi,True,375,375,0,375,0.0,0.0,0,0,0,0,09:15,15:29,True,
2022-04-18,regular,True,participant_oi,True,375,375,0,375,0.0,0.0,0,0,0,0,09:15,15:29,True,
2022-04-19,regular,True,participant_oi,True,375,375,0,375,0.0,0.0,0,0,0,0,09:15,15:29,True,
2022-04-20,regular,True,participant_oi,True,375,375,0,375,0.0,0.0,0,0,0,0,09:15,15:29,True,
2022-04-21,regular,True,participant_oi,True,375,375,0,375,0.0,0.0,0,0,0,0,09:15,15:29,True,
2022-04-22,regular,True,participant_oi,True,375,375,0,375,0.0,0.0,0,0,0,0,09:15,15:29,True,
2022-04-25,regular,True,participant_oi,True,375,375,0,375,0.0,0.0,0,0,0,0,09:15,15:29,True,
2022-04-26,regular,True,participant_oi,True,375,375,0,375,0.0,0.0,0,0,0,0,09:15,15:29,True,
2022-04-27,regular,True,participant_oi,True,375,375,0,375,0.0,0.0,0,0,0,0,09:15,15:29,True,
2022-04-28,regular,True,participant_oi,True,375,375,0,375,0.0,0.0,0,0,0,0,09:15,15:29,True,
2022-04-29,regular,True,participant_oi,True,375,375,0,375,0.0,0.0,0,0,0,0,09:15,15:29,True,
2022-05-02,regular,True,participant_oi,True,375,375,0,375,0.0,0.0,0,0,0,0,09:15,15:29,True,
2022-05-04,regular,True,participant_oi,True,375,375,0,375,0.0,0.0,0,0,0,0,09:15,15:29,True,
2022-05-05,regular,True,participant_oi,True,375,375,0,375,0.0,0.0,0,0,0,0,09:15,15:29,True,
2022-05-06,regular,True,participant_oi,True,375,375,0,375,0.0,0.0,0,0,0,0,09:15,15:29,True,
2022-05-09,regular,True,participant_oi,True,375,375,0,375,0.0,0.0,0,0,0,0,09:15,15:29,True,
2022-05-10,regular,True,participant_oi,True,375,375,0,375,0.0,0.0,0,0,0,0,09:15,15:29,True,
2022-05-11,regular,True,participant_oi,True,375,375,0,375,0.0,0.0,0,0,0,0,09:15,15:29,True,
2022-05-12,regular,True,participant_oi,True,375,375,0,375,0.0,0.0,0,0,0,0,09:15,15:29,True,
2022-05-13,regular,True,participant_oi,True,375,375,0,375,0.0,0.0,0,0,0,0,09:15,15:29,True,
2022-05-16,regular,True,participant_oi,True,375,375,0,375,0.0,0.0,0,0,0,0,09:15,15:29,True,
2022-05-17,regular,True,participant_oi,True,375,375,0,375,0.0,0.0,0,0,0,0,09:15,15:29,True,
2022-05-18,regular,True,participant_oi,True,375,375,0,375,0.0,0.0,0,0,0,0,09:15,15:29,True,
2022-05-19,regular,True,participant_oi,True,375,375,0,375,0.0,0.0,0,0,0,0,09:15,15:29,True,
2022-05-20,regular,True,participant_oi,True,375,375,0,375,0.0,0.0,0,0,0,0,09:15,15:29,True,
2022-05-23,regular,True,participant_oi,True,375,375,0,375,0.0,0.0,0,0,0,0,09:15,15:29,True,
2022-05-24,regular,True,participant_oi,True,375,375,0,375,0.0,0.0,0,0,0,0,09:15,15:29,True,
2022-05-25,regular,True,participant_oi,True,375,375,0,375,0.0,0.0,0,0,0,0,09:15,15:29,True,
2022-05-26,regular,True,participant_oi,True,375,375,0,375,0.0,0.0,0,0,0,0,09:15,15:29,True,
2022-05-27,regular,True,participant_oi,True,375,375,0,375,0.0,0.0,0,0,0,0,09:15,15:29,True,
2022-05-30,regular,True,participant_oi,True,375,375,0,375,0.0,0.0,0,0,0,0,09:15,15:29,True,
2022-05-31,regular,True,participant_oi,True,375,375,0,375,0.0,0.0,0,0,0,0,09:15,15:29,True,
2022-06-01,regular,True,participant_oi,True,375,375,0,375,0.0,0.0,0,0,0,0,09:15,15:29,True,
2022-06-02,regular,True,participant_oi,True,375,375,0,375,0.0,0.0,0,0,0,0,09:15,15:29,True,
2022-06-03,regular,True,participant_oi,True,375,375,0,375,0.0,0.0,0,0,0,0,09:15,15:29,True,
2022-06-06,regular,True,participant_oi,True,375,375,0,375,0.0,0.0,0,0,0,0,09:15,15:29,True,
2022-06-07,regular,True,participant_oi,True,375,375,0,375,0.0,0.0,0,0,0,0,09:15,15:29,True,
2022-06-08,regular,True,participant_oi,True,375,375,0,375,0.0,0.0,0,0,0,0,09:15,15:29,True,
2022-06-09,regular,True,participant_oi,True,375,375,0,375,0.0,0.0,0,0,0,0,09:15,15:29,True,
2022-06-10,regular,True,participant_oi,True,375,375,0,375,0.0,0.0,0,0,0,0,09:15,15:29,True,
2022-06-13,regular,True,participant_oi,True,375,375,0,375,0.0,0.0,0,0,0,0,09:15,15:29,True,
2022-06-14,regular,True,participant_oi,True,375,375,0,375,0.0,0.0,0,0,0,0,09:15,15:29,True,
2022-06-15,regular,True,participant_oi,True,375,375,0,375,0.0,0.0,0,0,0,0,09:15,15:29,True,
2022-06-16,regular,True,participant_oi,True,375,375,0,375,0.0,0.0,0,0,0,0,09:15,15:29,True,
2022-06-17,regular,True,participant_oi,True,375,375,0,375,0.0,0.0,0,0,0,0,09:15,15:29,True,
2022-06-20,regular,True,participant_oi,True,375,375,0,375,0.0,0.0,0,0,0,0,09:15,15:29,True,
2022-06-21,regular,True,participant_oi,True,375,375,0,375,0.0,0.0,0,0,0,0,09:15,15:29,True,
2022-06-22,regular,True,participant_oi,True,375,375,0,375,0.0,0.0,0,0,0,0,09:15,15:29,True,
2022-06-23,regular,True,participant_oi,True,375,375,0,375,0.0,0.0,0,0,0,0,09:15,15:29,True,
2022-06-24,regular,True,participant_oi,True,375,375,0,375,0.0,0.0,0,0,0,0,09:15,15:29,True,
2022-06-27,regular,True,participant_oi,True,375,375,0,375,0.0,0.0,0,0,0,0,09:15,15:29,True,
2022-06-28,regular,True,participant_oi,True,375,375,0,375,0.0,0.0,0,0,0,0,09:15,15:29,True,
2022-06-29,regular,True,participant_oi,True,375,375,0,375,0.0,0.0,0,0,0,0,09:15,15:29,True,
2022-06-30,regular,True,participant_oi,True,375,375,0,375,0.0,0.0,0,0,0,0,09:15,15:29,True,
2022-07-01,regular,True,participant_oi,True,375,375,0,375,0.0,0.0,0,0,0,0,09:15,15:29,True,
2022-07-04,regular,True,participant_oi,True,375,375,0,375,0.0,0.0,0,0,0,0,09:15,15:29,True,
2022-07-05,regular,True,participant_oi,True,375,375,0,375,0.0,0.0,0,0,0,0,09:15,15:29,True,
2022-07-06,regular,True,participant_oi,True,375,375,0,375,0.0,0.0,0,0,0,0,09:15,15:29,True,
2022-07-07,regular,True,participant_oi,True,375,375,0,375,0.0,0.0,0,0,0,0,09:15,15:29,True,
2022-07-08,regular,True,participant_oi,True,375,375,0,375,0.0,0.0,0,0,0,0,09:15,15:29,True,
2022-07-11,regular,True,participant_oi,True,375,375,0,375,0.0,0.0,0,0,0,0,09:15,15:29,True,
2022-07-12,regular,True,participant_oi,True,375,375,0,375,0.0,0.0,0,0,0,0,09:15,15:29,True,
2022-07-13,regular,True,participant_oi,True,375,375,0,375,0.0,0.0,0,0,0,0,09:15,15:29,True,
2022-07-14,regular,True,participant_oi,True,375,375,0,375,0.0,0.0,0,0,0,0,09:15,15:29,True,
2022-07-15,regular,True,participant_oi,True,375,375,0,375,0.0,0.0,0,0,0,0,09:15,15:29,True,
2022-07-18,regular,True,participant_oi,True,375,375,0,375,0.0,0.0,0,0,0,0,09:15,15:29,True,
2022-07-19,regular,True,participant_oi,True,375,375,0,375,0.0,0.0,0,0,0,0,09:15,15:29,True,
2022-07-20,regular,True,participant_oi,True,375,375,0,375,0.0,0.0,0,0,0,0,09:15,15:29,True,
2022-07-21,regular,True,participant_oi,True,375,375,0,375,0.0,0.0,0,0,0,0,09:15,15:29,True,
2022-07-22,regular,True,participant_oi,True,375,375,0,375,0.0,0.0,0,0,0,0,09:15,15:29,True,
2022-07-25,regular,True,participant_oi,True,375,375,0,375,0.0,0.0,0,0,0,0,09:15,15:29,True,
2022-07-26,regular,True,participant_oi,True,375,375,0,375,0.0,0.0,0,0,0,0,09:15,15:29,True,
2022-07-27,regular,True,participant_oi,True,375,375,0,375,0.0,0.0,0,0,0,0,09:15,15:29,True,
2022-07-28,regular,True,participant_oi,True,375,375,0,375,0.0,0.0,0,0,0,0,09:15,15:29,True,
2022-07-29,regular,True,participant_oi,True,375,375,0,375,0.0,0.0,0,0,0,0,09:15,15:29,True,
2022-08-01,regular,True,participant_oi,True,375,375,0,375,0.0,0.0,0,0,0,0,09:15,15:29,True,
2022-08-02,regular,True,participant_oi,True,375,375,0,375,0.0,0.0,0,0,0,0,09:15,15:29,True,
2022-08-03,regular,True,participant_oi,True,375,375,0,375,0.0,0.0,0,0,0,0,09:15,15:29,True,
2022-08-04,regular,True,participant_oi,True,375,375,0,375,0.0,0.0,0,0,0,0,09:15,15:29,True,
2022-08-05,regular,True,participant_oi,True,375,375,0,375,0.0,0.0,0,0,0,0,09:15,15:29,True,
2022-08-08,regular,True,participant_oi,True,375,375,0,375,0.0,0.0,0,0,0,0,09:15,15:29,True,
2022-08-10,regular,True,participant_oi,True,375,375,0,375,0.0,0.0,0,0,0,0,09:15,15:29,True,
2022-08-11,regular,True,participant_oi,True,375,375,0,375,0.0,0.0,0,0,0,0,09:15,15:29,True,
2022-08-12,regular,True,participant_oi,True,375,375,0,375,0.0,0.0,0,0,0,0,09:15,15:29,True,
2022-08-16,regular,True,participant_oi,True,375,375,0,375,0.0,0.0,0,0,0,0,09:15,15:29,True,
2022-08-17,regular,True,participant_oi,True,375,375,0,375,0.0,0.0,0,0,0,0,09:15,15:29,True,
2022-08-18,regular,True,participant_oi,True,375,375,0,375,0.0,0.0,0,0,0,0,09:15,15:29,True,
2022-08-19,regular,True,participant_oi,True,375,375,0,375,0.0,0.0,0,0,0,0,09:15,15:29,True,
2022-08-22,regular,True,participant_oi,True,375,375,0,375,0.0,0.0,0,0,0,0,09:15,15:29,True,
2022-08-23,regular,True,participant_oi,True,375,375,0,375,0.0,0.0,0,0,0,0,09:15,15:29,True,
2022-08-24,regular,True,participant_oi,True,375,375,0,375,0.0,0.0,0,0,0,0,09:15,15:29,True,
2022-08-25,regular,True,participant_oi,True,375,375,0,375,0.0,0.0,0,0,0,0,09:15,15:29,True,
2022-08-26,regular,True,participant_oi,True,375,375,0,375,0.0,0.0,0,0,0,0,09:15,15:29,True,
2022-08-29,regular,True,participant_oi,True,375,375,0,375,0.0,0.0,0,0,0,0,09:15,15:29,True,
2022-08-30,regular,True,participant_oi,True,375,375,0,375,0.0,0.0,0,0,0,0,09:15,15:29,True,
2022-09-01,regular,True,participant_oi,True,375,375,0,375,0.0,0.0,0,0,0,0,09:15,15:29,True,
2022-09-02,regular,True,participant_oi,True,375,375,0,375,0.0,0.0,0,0,0,0,09:15,15:29,True,
2022-09-05,regular,True,participant_oi,True,375,375,0,375,0.0,0.0,0,0,0,0,09:15,15:29,True,
2022-09-06,regular,True,participant_oi,True,375,375,0,375,0.0,0.0,0,0,0,0,09:15,15:29,True,
2022-09-07,regular,True,participant_oi,True,375,375,0,375,0.0,0.0,0,0,0,0,09:15,15:29,True,
2022-09-08,regular,True,participant_oi,True,375,375,0,375,0.0,0.0,0,0,0,0,09:15,15:29,True,
2022-09-09,regular,True,participant_oi,True,375,375,0,375,0.0,0.0,0,0,0,0,09:15,15:29,True,
2022-09-12,regular,True,participant_oi,True,375,375,0,375,0.0,0.0,0,0,0,0,09:15,15:29,True,
2022-09-13,regular,True,participant_oi,True,375,375,0,375,0.0,0.0,0,0,0,0,09:15,15:29,True,
2022-09-14,regular,True,participant_oi,True,375,375,0,375,0.0,0.0,0,0,0,0,09:15,15:29,True,
2022-09-15,regular,True,participant_oi,True,375,375,0,375,0.0,0.0,0,0,0,0,09:15,15:29,True,
2022-09-16,regular,True,participant_oi,True,375,375,0,375,0.0,0.0,0,0,0,0,09:15,15:29,True,
2022-09-19,regular,True,participant_oi,True,375,375,0,375,0.0,0.0,0,0,0,0,09:15,15:29,True,
2022-09-20,regular,True,participant_oi,True,375,375,0,375,0.0,0.0,0,0,0,0,09:15,15:29,True,
2022-09-21,regular,True,participant_oi,True,375,375,0,375,0.0,0.0,0,0,0,0,09:15,15:29,True,
2022-09-22,regular,True,participant_oi,True,375,375,0,375,0.0,0.0,0,0,0,0,09:15,15:29,True,
2022-09-23,regular,True,participant_oi,True,375,375,0,375,0.0,0.0,0,0,0,0,09:15,15:29,True,
2022-09-26,regular,True,participant_oi,True,375,375,0,375,0.0,0.0,0,0,0,0,09:15,15:29,True,
2022-09-27,regular,True,participant_oi,True,375,375,0,375,0.0,0.0,0,0,0,0,09:15,15:29,True,
2022-09-28,regular,True,participant_oi,True,375,375,0,375,0.0,0.0,0,0,0,0,09:15,15:29,True,
2022-09-29,regular,True,participant_oi,True,375,375,0,375,0.0,0.0,0,0,0,0,09:15,15:29,True,
2022-09-30,regular,True,participant_oi,True,375,375,0,375,0.0,0.0,0,0,0,0,09:15,15:29,True,
2022-10-03,regular,True,participant_oi,True,375,375,0,375,0.0,0.0,0,0,0,0,09:15,15:29,True,
2022-10-04,regular,True,participant_oi,True,375,375,0,375,0.0,0.0,0,0,0,0,09:15,15:29,True,
2022-10-06,regular,True,participant_oi,True,375,375,0,375,0.0,0.0,0,0,0,0,09:15,15:29,True,
2022-10-07,regular,True,participant_oi,True,375,375,0,375,0.0,0.0,0,0,0,0,09:15,15:29,True,
2022-10-10,regular,True,participant_oi,True,375,375,0,375,0.0,0.0,0,0,0,0,09:15,15:29,True,
2022-10-11,regular,True,participant_oi,True,375,375,0,375,0.0,0.0,0,0,0,0,09:15,15:29,True,
2022-10-12,regular,True,participant_oi,True,375,375,0,375,0.0,0.0,0,0,0,0,09:15,15:29,True,
2022-10-13,regular,True,participant_oi,True,375,375,0,375,0.0,0.0,0,0,0,0,09:15,15:29,True,
2022-10-14,regular,True,participant_oi,True,375,375,0,375,0.0,0.0,0,0,0,0,09:15,15:29,True,
2022-10-17,regular,True,participant_oi,True,375,375,0,375,0.0,0.0,0,0,0,0,09:15,15:29,True,
2022-10-18,regular,True,participant_oi,True,375,375,0,375,0.0,0.0,0,0,0,0,09:15,15:29,True,
2022-10-19,regular,True,participant_oi,True,375,375,0,375,0.0,0.0,0,0,0,0,09:15,15:29,True,
2022-10-20,regular,True,participant_oi,True,375,375,0,375,0.0,0.0,0,0,0,0,09:15,15:29,True,
2022-10-21,regular,True,participant_oi,True,375,375,0,375,0.0,0.0,0,0,0,0,09:15,15:29,True,
2022-10-24,special_offhours,True,participant_oi,False,60,0,60,0,,,0,0,0,0,,,False,special_offhours|bars_outside_regular_window
2022-10-25,regular,True,participant_oi,True,375,375,0,375,0.0,0.0,0,0,0,0,09:15,15:29,True,
2022-10-27,regular,True,participant_oi,True,375,375,0,375,0.0,0.0,0,0,0,0,09:15,15:29,True,
2022-10-28,regular,True,participant_oi,True,375,375,0,375,0.0,0.0,0,0,0,0,09:15,15:29,True,
2022-10-31,regular,True,participant_oi,True,375,375,0,375,0.0,0.0,0,0,0,0,09:15,15:29,True,
2022-11-01,regular,True,participant_oi,True,375,375,0,375,0.0,0.0,0,0,0,0,09:15,15:29,True,
2022-11-02,regular,True,participant_oi,True,375,375,0,375,0.0,0.0,0,0,0,0,09:15,15:29,True,
2022-11-03,regular,True,participant_oi,True,375,375,0,375,0.0,0.0,0,0,0,0,09:15,15:29,True,
2022-11-04,regular,True,participant_oi,True,375,375,0,375,0.0,0.0,0,0,0,0,09:15,15:29,True,
2022-11-07,regular,True,participant_oi,True,375,375,0,375,0.0,0.0,0,0,0,0,09:15,15:29,True,
2022-11-09,regular,True,participant_oi,True,375,375,0,375,0.0,0.0,0,0,0,0,09:15,15:29,True,
2022-11-10,regular,True,participant_oi,True,375,375,0,375,0.0,0.0,0,0,0,0,09:15,15:29,True,
2022-11-11,regular,True,participant_oi,True,375,375,0,375,0.0,0.0,0,0,0,0,09:15,15:29,True,
2022-11-14,regular,True,participant_oi,True,375,375,0,375,0.0,0.0,0,0,0,0,09:15,15:29,True,
2022-11-15,regular,True,participant_oi,True,375,375,0,375,0.0,0.0,0,0,0,0,09:15,15:29,True,
2022-11-16,regular,True,participant_oi,True,375,375,0,375,0.0,0.0,0,0,0,0,09:15,15:29,True,
2022-11-17,regular,True,participant_oi,True,375,375,0,375,0.0,0.0,0,0,0,0,09:15,15:29,True,
2022-11-18,regular,True,participant_oi,True,375,375,0,375,0.0,0.0,0,0,0,0,09:15,15:29,True,
2022-11-21,regular,True,participant_oi,True,375,375,0,375,0.0,0.0,0,0,0,0,09:15,15:29,True,
2022-11-22,regular,True,participant_oi,True,375,375,0,375,0.0,0.0,0,0,0,0,09:15,15:29,True,
2022-11-23,regular,True,participant_oi,True,375,375,0,375,0.0,0.0,0,0,0,0,09:15,15:29,True,
2022-11-24,regular,True,participant_oi,True,375,375,0,375,0.0,0.0,0,0,0,0,09:15,15:29,True,
2022-11-25,regular,True,participant_oi,True,375,375,0,375,0.0,0.0,0,0,0,0,09:15,15:29,True,
2022-11-28,regular,True,participant_oi,True,375,375,0,375,0.0,0.0,0,0,0,0,09:15,15:29,True,
2022-11-29,regular,True,participant_oi,True,375,375,0,375,0.0,0.0,0,0,0,0,09:15,15:29,True,
2022-11-30,regular,True,participant_oi,True,375,375,0,375,0.0,0.0,0,0,0,0,09:15,15:29,True,
2022-12-01,regular,True,participant_oi,True,375,375,0,375,0.0,0.0,0,0,0,0,09:15,15:29,True,
2022-12-02,regular,True,participant_oi,True,375,375,0,375,0.0,0.0,0,0,0,0,09:15,15:29,True,
2022-12-05,regular,True,participant_oi,True,375,375,0,375,0.0,0.0,0,0,0,0,09:15,15:29,True,
2022-12-06,regular,True,participant_oi,True,375,375,0,375,0.0,0.0,0,0,0,0,09:15,15:29,True,
2022-12-07,regular,True,participant_oi,True,375,375,0,375,0.0,0.0,0,0,0,0,09:15,15:29,True,
2022-12-08,regular,True,participant_oi,True,375,375,0,375,0.0,0.0,0,0,0,0,09:15,15:29,True,
2022-12-09,regular,True,participant_oi,True,375,375,0,375,0.0,0.0,0,0,0,0,09:15,15:29,True,
2022-12-12,regular,True,participant_oi,True,375,375,0,375,0.0,0.0,0,0,0,0,09:15,15:29,True,
2022-12-13,regular,True,participant_oi,True,375,375,0,375,0.0,0.0,0,0,0,0,09:15,15:29,True,
2022-12-14,regular,True,participant_oi,True,375,375,0,375,0.0,0.0,0,0,0,0,09:15,15:29,True,
2022-12-15,regular,True,participant_oi,True,375,375,0,375,0.0,0.0,0,0,0,0,09:15,15:29,True,
2022-12-16,regular,True,participant_oi,True,375,375,0,375,0.0,0.0,0,0,0,0,09:15,15:29,True,
2022-12-19,regular,True,participant_oi,True,375,375,0,375,0.0,0.0,0,0,0,0,09:15,15:29,True,
2022-12-20,regular,True,participant_oi,True,375,375,0,375,0.0,0.0,0,0,0,0,09:15,15:29,True,
2022-12-21,regular,True,participant_oi,True,375,375,0,375,0.0,0.0,0,0,0,0,09:15,15:29,True,
2022-12-22,regular,True,participant_oi,True,375,375,0,375,0.0,0.0,0,0,0,0,09:15,15:29,True,
2022-12-23,regular,True,participant_oi,True,375,375,0,375,0.0,0.0,0,0,0,0,09:15,15:29,True,
2022-12-26,regular,True,participant_oi,True,375,375,0,375,0.0,0.0,0,0,0,0,09:15,15:29,True,
2022-12-27,regular,True,participant_oi,True,375,375,0,375,0.0,0.0,0,0,0,0,09:15,15:29,True,
2022-12-28,regular,True,participant_oi,True,375,375,0,375,0.0,0.0,0,0,0,0,09:15,15:29,True,
2022-12-29,regular,True,participant_oi,True,375,375,0,375,0.0,0.0,0,0,0,0,09:15,15:29,True,
2022-12-30,regular,True,participant_oi,True,375,375,0,375,0.0,0.0,0,0,0,0,09:15,15:29,True,
2023-01-02,regular,True,participant_oi,True,375,375,0,375,0.0,0.0,0,0,0,0,09:15,15:29,True,
2023-01-03,regular,True,participant_oi,True,375,375,0,375,0.0,0.0,0,0,0,0,09:15,15:29,True,
2023-01-04,regular,True,participant_oi,True,375,375,0,375,0.0,0.0,0,0,0,0,09:15,15:29,True,
2023-01-05,regular,True,participant_oi,True,375,375,0,375,0.0,0.0,0,0,0,0,09:15,15:29,True,
2023-01-06,regular,True,participant_oi,True,375,375,0,375,0.0,0.0,0,0,0,0,09:15,15:29,True,
2023-01-09,regular,True,participant_oi,True,375,375,0,375,0.0,0.0,0,0,0,0,09:15,15:29,True,
2023-01-10,regular,True,participant_oi,True,375,375,0,375,0.0,0.0,0,0,0,0,09:15,15:29,True,
2023-01-11,regular,True,participant_oi,True,375,375,0,375,0.0,0.0,0,0,0,0,09:15,15:29,True,
2023-01-12,regular,True,participant_oi,True,375,375,0,375,0.0,0.0,0,0,0,0,09:15,15:29,True,
2023-01-13,regular,True,participant_oi,True,375,375,0,375,0.0,0.0,0,0,0,0,09:15,15:29,True,
2023-01-16,regular,True,participant_oi,True,375,375,0,375,0.0,0.0,0,0,0,0,09:15,15:29,True,
2023-01-17,regular,True,participant_oi,True,375,375,0,375,0.0,0.0,0,0,0,0,09:15,15:29,True,
2023-01-18,regular,True,participant_oi,True,375,375,0,375,0.0,0.0,0,0,0,0,09:15,15:29,True,
2023-01-19,regular,True,participant_oi,True,375,375,0,375,0.0,0.0,0,0,0,0,09:15,15:29,True,
2023-01-20,regular,True,participant_oi,True,375,375,0,375,0.0,0.0,0,0,0,0,09:15,15:29,True,
2023-01-23,regular,True,participant_oi,True,375,375,0,375,0.0,0.0,0,0,0,0,09:15,15:29,True,
2023-01-24,regular,True,participant_oi,True,375,375,0,375,0.0,0.0,0,0,0,0,09:15,15:29,True,
2023-01-25,regular,True,participant_oi,True,375,375,0,375,0.0,0.0,0,0,0,0,09:15,15:29,True,
2023-01-27,regular,True,participant_oi,True,375,375,0,375,0.0,0.0,0,0,0,0,09:15,15:29,True,
2023-01-30,regular,True,participant_oi,True,375,375,0,375,0.0,0.0,0,0,0,0,09:15,15:29,True,
2023-01-31,regular,True,participant_oi,True,375,375,0,375,0.0,0.0,0,0,0,0,09:15,15:29,True,
2023-02-01,regular,True,participant_oi,True,375,375,0,375,0.0,0.0,0,0,0,0,09:15,15:29,True,
2023-02-02,regular,True,participant_oi,True,375,375,0,375,0.0,0.0,0,0,0,0,09:15,15:29,True,
2023-02-03,regular,True,participant_oi,True,375,375,0,375,0.0,0.0,0,0,0,0,09:15,15:29,True,
2023-02-06,regular,True,participant_oi,True,375,375,0,375,0.0,0.0,0,0,0,0,09:15,15:29,True,
2023-02-07,regular,True,participant_oi,True,375,375,0,375,0.0,0.0,0,0,0,0,09:15,15:29,True,
2023-02-08,regular,True,participant_oi,True,375,375,0,375,0.0,0.0,0,0,0,0,09:15,15:29,True,
2023-02-09,regular,True,participant_oi,True,375,375,0,375,0.0,0.0,0,0,0,0,09:15,15:29,True,
2023-02-10,regular,True,participant_oi,True,375,375,0,375,0.0,0.0,0,0,0,0,09:15,15:29,True,
2023-02-13,regular,True,participant_oi,True,375,375,0,375,0.0,0.0,0,0,0,0,09:15,15:29,True,
2023-02-14,regular,True,participant_oi,True,375,375,0,375,0.0,0.0,0,0,0,0,09:15,15:29,True,
2023-02-15,regular,True,participant_oi,True,375,375,0,375,0.0,0.0,0,0,0,0,09:15,15:29,True,
2023-02-16,regular,True,participant_oi,True,375,375,0,375,0.0,0.0,0,0,0,0,09:15,15:29,True,
2023-02-17,regular,True,participant_oi,True,375,375,0,375,0.0,0.0,0,0,0,0,09:15,15:29,True,
2023-02-20,regular,True,participant_oi,True,375,375,0,375,0.0,0.0,0,0,0,0,09:15,15:29,True,
2023-02-21,regular,True,participant_oi,True,375,375,0,375,0.0,0.0,0,0,0,0,09:15,15:29,True,
2023-02-22,regular,True,participant_oi,True,375,375,0,375,0.0,0.0,0,0,0,0,09:15,15:29,True,
2023-02-23,regular,True,participant_oi,True,375,375,0,375,0.0,0.0,0,0,0,0,09:15,15:29,True,
2023-02-24,regular,True,participant_oi,True,375,375,0,375,0.0,0.0,0,0,0,0,09:15,15:29,True,
2023-02-27,regular,True,participant_oi,True,375,375,0,375,0.0,0.0,0,0,0,0,09:15,15:29,True,
2023-02-28,regular,True,participant_oi,True,375,375,0,375,0.0,0.0,0,0,0,0,09:15,15:29,True,
2023-03-01,regular,True,participant_oi,True,375,375,0,375,0.0,0.0,0,0,0,0,09:15,15:29,True,
2023-03-02,regular,True,participant_oi,True,375,375,0,375,0.0,0.0,0,0,0,0,09:15,15:29,True,
2023-03-03,regular,True,participant_oi,True,375,375,0,375,0.0,0.0,0,0,0,0,09:15,15:29,True,
2023-03-06,regular,True,participant_oi,True,375,375,0,375,0.0,0.0,0,0,0,0,09:15,15:29,True,
2023-03-08,regular,True,participant_oi,True,375,375,0,375,0.0,0.0,0,0,0,0,09:15,15:29,True,
2023-03-09,regular,True,participant_oi,True,375,375,0,375,0.0,0.0,0,0,0,0,09:15,15:29,True,
2023-03-10,regular,True,participant_oi,True,375,375,0,375,0.0,0.0,0,0,0,0,09:15,15:29,True,
2023-03-13,regular,True,participant_oi,True,375,375,0,375,0.0,0.0,0,0,0,0,09:15,15:29,True,
2023-03-14,regular,True,participant_oi,True,375,375,0,375,0.0,0.0,0,0,0,0,09:15,15:29,True,
2023-03-15,regular,True,participant_oi,True,375,375,0,375,0.0,0.0,0,0,0,0,09:15,15:29,True,
2023-03-16,regular,True,participant_oi,True,375,375,0,375,0.0,0.0,0,0,0,0,09:15,15:29,True,
2023-03-17,regular,True,participant_oi,True,375,375,0,375,0.0,0.0,0,0,0,0,09:15,15:29,True,
2023-03-20,regular,True,participant_oi,True,375,375,0,375,0.0,0.0,0,0,0,0,09:15,15:29,True,
2023-03-21,regular,True,participant_oi,True,375,375,0,375,0.0,0.0,0,0,0,0,09:15,15:29,True,
2023-03-22,regular,True,participant_oi,True,375,375,0,375,0.0,0.0,0,0,0,0,09:15,15:29,True,
2023-03-23,regular,True,participant_oi,True,375,375,0,375,0.0,0.0,0,0,0,0,09:15,15:29,True,
2023-03-24,regular,True,participant_oi,True,375,375,0,375,0.0,0.0,0,0,0,0,09:15,15:29,True,
2023-03-27,regular,True,participant_oi,True,375,375,0,375,0.0,0.0,0,0,0,0,09:15,15:29,True,
2023-03-28,regular,True,participant_oi,True,375,375,0,375,0.0,0.0,0,0,0,0,09:15,15:29,True,
2023-03-29,regular,True,participant_oi,True,375,375,0,375,0.0,0.0,0,0,0,0,09:15,15:29,True,
2023-03-31,regular,True,participant_oi,True,375,375,0,375,0.0,0.0,0,0,0,0,09:15,15:29,True,
2023-04-03,regular,True,participant_oi,True,375,375,0,375,0.0,0.0,0,0,0,0,09:15,15:29,True,
2023-04-05,regular,True,participant_oi,True,375,375,0,375,0.0,0.0,0,0,0,0,09:15,15:29,True,
2023-04-06,regular,True,participant_oi,True,375,375,0,375,0.0,0.0,0,0,0,0,09:15,15:29,True,
2023-04-10,regular,True,participant_oi,True,375,375,0,375,0.0,0.0,0,0,0,0,09:15,15:29,True,
2023-04-11,regular,True,participant_oi,True,375,375,0,375,0.0,0.0,0,0,0,0,09:15,15:29,True,
2023-04-12,regular,True,participant_oi,True,375,375,0,375,0.0,0.0,0,0,0,0,09:15,15:29,True,
2023-04-13,regular,True,participant_oi,True,375,375,0,375,0.0,0.0,0,0,0,0,09:15,15:29,True,
2023-04-17,regular,True,participant_oi,True,375,375,0,375,0.0,0.0,0,0,0,0,09:15,15:29,True,
2023-04-18,regular,True,participant_oi,True,375,375,0,375,0.0,0.0,0,0,0,0,09:15,15:29,True,
2023-04-19,regular,True,participant_oi,True,375,375,0,375,0.0,0.0,0,0,0,0,09:15,15:29,True,
2023-04-20,regular,True,participant_oi,True,375,375,0,375,0.0,0.0,0,0,0,0,09:15,15:29,True,
2023-04-21,regular,True,participant_oi,True,375,375,0,375,0.0,0.0,0,0,0,0,09:15,15:29,True,
2023-04-24,regular,True,participant_oi,True,375,375,0,375,0.0,0.0,0,0,0,0,09:15,15:29,True,
2023-04-25,regular,True,participant_oi,True,375,375,0,375,0.0,0.0,0,0,0,0,09:15,15:29,True,
2023-04-26,regular,True,participant_oi,True,375,375,0,375,0.0,0.0,0,0,0,0,09:15,15:29,True,
2023-04-27,regular,True,participant_oi,True,375,375,0,375,0.0,0.0,0,0,0,0,09:15,15:29,True,
2023-04-28,regular,True,participant_oi,True,375,375,0,375,0.0,0.0,0,0,0,0,09:15,15:29,True,
2023-05-02,regular,True,participant_oi,True,375,375,0,375,0.0,0.0,0,0,0,0,09:15,15:29,True,
2023-05-03,regular,True,participant_oi,True,375,375,0,375,0.0,0.0,0,0,0,0,09:15,15:29,True,
2023-05-04,regular,True,participant_oi,True,375,375,0,375,0.0,0.0,0,0,0,0,09:15,15:29,True,
2023-05-05,regular,True,participant_oi,True,375,375,0,375,0.0,0.0,0,0,0,0,09:15,15:29,True,
2023-05-08,regular,True,participant_oi,True,375,375,0,375,0.0,0.0,0,0,0,0,09:15,15:29,True,
2023-05-09,regular,True,participant_oi,True,375,375,0,375,0.0,0.0,0,0,0,0,09:15,15:29,True,
2023-05-10,regular,True,participant_oi,True,375,375,0,375,0.0,0.0,0,0,0,0,09:15,15:29,True,
2023-05-11,regular,True,participant_oi,True,375,375,0,375,0.0,0.0,0,0,0,0,09:15,15:29,True,
2023-05-12,regular,True,participant_oi,True,375,375,0,375,0.0,0.0,0,0,0,0,09:15,15:29,True,
2023-05-15,regular,True,participant_oi,True,375,375,0,375,0.0,0.0,0,0,0,0,09:15,15:29,True,
2023-05-16,regular,True,participant_oi,True,375,375,0,375,0.0,0.0,0,0,0,0,09:15,15:29,True,
2023-05-17,regular,True,participant_oi,True,375,375,0,375,0.0,0.0,0,0,0,0,09:15,15:29,True,
2023-05-18,regular,True,participant_oi,True,375,375,0,375,0.0,0.0,0,0,0,0,09:15,15:29,True,
2023-05-19,regular,True,participant_oi,True,375,375,0,375,0.0,0.0,0,0,0,0,09:15,15:29,True,
2023-05-22,regular,True,participant_oi,True,375,375,0,375,0.0,0.0,0,0,0,0,09:15,15:29,True,
2023-05-23,regular,True,participant_oi,True,375,375,0,375,0.0,0.0,0,0,0,0,09:15,15:29,True,
2023-05-24,regular,True,participant_oi,True,375,375,0,375,0.0,0.0,0,0,0,0,09:15,15:29,True,
2023-05-25,regular,True,participant_oi,True,375,375,0,375,0.0,0.0,0,0,0,0,09:15,15:29,True,
2023-05-26,regular,True,participant_oi,True,375,375,0,375,0.0,0.0,0,0,0,0,09:15,15:29,True,
2023-05-29,regular,True,participant_oi,True,375,375,0,375,0.0,0.0,0,0,0,0,09:15,15:29,True,
2023-05-30,regular,True,participant_oi,True,375,375,0,375,0.0,0.0,0,0,0,0,09:15,15:29,True,
2023-05-31,regular,True,participant_oi,True,375,375,0,375,0.0,0.0,0,0,0,0,09:15,15:29,True,
2023-06-01,regular,True,participant_oi,True,375,375,0,375,0.0,0.0,0,0,0,0,09:15,15:29,True,
2023-06-02,regular,True,participant_oi,True,375,375,0,375,0.0,0.0,0,0,0,0,09:15,15:29,True,
2023-06-05,regular,True,participant_oi,True,375,375,0,375,0.0,0.0,0,0,0,0,09:15,15:29,True,
2023-06-06,regular,True,participant_oi,True,375,375,0,375,0.0,0.0,0,0,0,0,09:15,15:29,True,
2023-06-07,regular,True,participant_oi,True,375,375,0,375,0.0,0.0,0,0,0,0,09:15,15:29,True,
2023-06-08,regular,True,participant_oi,True,375,375,0,375,0.0,0.0,0,0,0,0,09:15,15:29,True,
2023-06-09,regular,True,participant_oi,True,375,375,0,375,0.0,0.0,0,0,0,0,09:15,15:29,True,
2023-06-12,regular,True,participant_oi,True,375,375,0,375,0.0,0.0,0,0,0,0,09:15,15:29,True,
2023-06-13,regular,True,participant_oi,True,375,375,0,375,0.0,0.0,0,0,0,0,09:15,15:29,True,
2023-06-14,regular,True,participant_oi,True,375,375,0,375,0.0,0.0,0,0,0,0,09:15,15:29,True,
2023-06-15,regular,True,participant_oi,True,375,375,0,375,0.0,0.0,0,0,0,0,09:15,15:29,True,
2023-06-16,regular,True,participant_oi,True,375,375,0,375,0.0,0.0,0,0,0,0,09:15,15:29,True,
2023-06-19,regular,True,participant_oi,True,375,375,0,375,0.0,0.0,0,0,0,0,09:15,15:29,True,
2023-06-20,regular,True,participant_oi,True,375,375,0,375,0.0,0.0,0,0,0,0,09:15,15:29,True,
2023-06-21,regular,True,participant_oi,True,375,375,0,375,0.0,0.0,0,0,0,0,09:15,15:29,True,
2023-06-22,regular,True,participant_oi,True,375,375,0,375,0.0,0.0,0,0,0,0,09:15,15:29,True,
2023-06-23,regular,True,participant_oi,True,375,375,0,375,0.0,0.0,0,0,0,0,09:15,15:29,True,
2023-06-26,regular,True,participant_oi,True,375,375,0,375,0.0,0.0,0,0,0,0,09:15,15:29,True,
2023-06-27,regular,True,participant_oi,True,375,375,0,375,0.0,0.0,0,0,0,0,09:15,15:29,True,
2023-06-28,regular,True,participant_oi,True,375,375,0,375,0.0,0.0,0,0,0,0,09:15,15:29,True,
2023-06-30,regular,True,participant_oi,True,375,375,0,375,0.0,0.0,0,0,0,0,09:15,15:29,True,
2023-07-03,regular,True,participant_oi,True,375,375,0,375,0.0,0.0,0,0,0,0,09:15,15:29,True,
2023-07-04,regular,True,participant_oi,True,375,375,0,375,0.0,0.0,0,0,0,0,09:15,15:29,True,
2023-07-05,regular,True,participant_oi,True,375,375,0,375,0.0,0.0,0,0,0,0,09:15,15:29,True,
2023-07-06,regular,True,participant_oi,True,375,375,0,375,0.0,0.0,0,0,0,0,09:15,15:29,True,
2023-07-07,regular,True,participant_oi,True,375,375,0,375,0.0,0.0,0,0,0,0,09:15,15:29,True,
2023-07-10,regular,True,participant_oi,True,375,375,0,375,0.0,0.0,0,0,0,0,09:15,15:29,True,
2023-07-11,regular,True,participant_oi,True,375,375,0,375,0.0,0.0,0,0,0,0,09:15,15:29,True,
2023-07-12,regular,True,participant_oi,True,375,375,0,375,0.0,0.0,0,0,0,0,09:15,15:29,True,
2023-07-13,regular,True,participant_oi,True,375,375,0,375,0.0,0.0,0,0,0,0,09:15,15:29,True,
2023-07-14,regular,True,participant_oi,True,375,375,0,375,0.0,0.0,0,0,0,0,09:15,15:29,True,
2023-07-17,regular,True,participant_oi,True,375,375,0,375,0.0,0.0,0,0,0,0,09:15,15:29,True,
2023-07-18,regular,True,participant_oi,True,375,375,0,375,0.0,0.0,0,0,0,0,09:15,15:29,True,
2023-07-19,regular,True,participant_oi,True,375,375,0,375,0.0,0.0,0,0,0,0,09:15,15:29,True,
2023-07-20,regular,True,participant_oi,True,375,375,0,375,0.0,0.0,0,0,0,0,09:15,15:29,True,
2023-07-21,regular,True,participant_oi,True,375,375,0,375,0.0,0.0,0,0,0,0,09:15,15:29,True,
2023-07-24,regular,True,participant_oi,True,375,375,0,375,0.0,0.0,0,0,0,0,09:15,15:29,True,
2023-07-25,regular,True,participant_oi,True,375,375,0,375,0.0,0.0,0,0,0,0,09:15,15:29,True,
2023-07-26,regular,True,participant_oi,True,375,375,0,375,0.0,0.0,0,0,0,0,09:15,15:29,True,
2023-07-27,regular,True,participant_oi,True,375,375,0,375,0.0,0.0,0,0,0,0,09:15,15:29,True,
2023-07-28,regular,True,participant_oi,True,375,375,0,375,0.0,0.0,0,0,0,0,09:15,15:29,True,
2023-07-31,regular,True,participant_oi,True,375,375,0,375,0.0,0.0,0,0,0,0,09:15,15:29,True,
2023-08-01,regular,True,participant_oi,True,375,375,0,375,0.0,0.0,0,0,0,0,09:15,15:29,True,
2023-08-02,regular,True,participant_oi,True,375,375,0,375,0.0,0.0,0,0,0,0,09:15,15:29,True,
2023-08-03,regular,True,participant_oi,True,375,375,0,375,0.0,0.0,0,0,0,0,09:15,15:29,True,
2023-08-04,regular,True,participant_oi,True,375,375,0,375,0.0,0.0,0,0,0,0,09:15,15:29,True,
2023-08-07,regular,True,participant_oi,True,375,375,0,375,0.0,0.0,0,0,0,0,09:15,15:29,True,
2023-08-08,regular,True,participant_oi,True,375,375,0,375,0.0,0.0,0,0,0,0,09:15,15:29,True,
2023-08-09,regular,True,participant_oi,True,375,375,0,375,0.0,0.0,0,0,0,0,09:15,15:29,True,
2023-08-10,regular,True,participant_oi,True,375,375,0,375,0.0,0.0,0,0,0,0,09:15,15:29,True,
2023-08-11,regular,True,participant_oi,True,375,375,0,375,0.0,0.0,0,0,0,0,09:15,15:29,True,
2023-08-14,regular,True,participant_oi,True,375,375,0,375,0.0,0.0,0,0,0,0,09:15,15:29,True,
2023-08-16,regular,True,participant_oi,True,375,375,0,375,0.0,0.0,0,0,0,0,09:15,15:29,True,
2023-08-17,regular,True,participant_oi,True,375,375,0,375,0.0,0.0,0,0,0,0,09:15,15:29,True,
2023-08-18,regular,True,participant_oi,True,375,375,0,375,0.0,0.0,0,0,0,0,09:15,15:29,True,
2023-08-21,regular,True,participant_oi,True,375,375,0,375,0.0,0.0,0,0,0,0,09:15,15:29,True,
2023-08-22,regular,True,participant_oi,True,375,375,0,375,0.0,0.0,0,0,0,0,09:15,15:29,True,
2023-08-23,regular,True,participant_oi,True,375,375,0,375,0.0,0.0,0,0,0,0,09:15,15:29,True,
2023-08-24,regular,True,participant_oi,True,375,375,0,375,0.0,0.0,0,0,0,0,09:15,15:29,True,
2023-08-25,regular,True,participant_oi,True,375,375,0,375,0.0,0.0,0,0,0,0,09:15,15:29,True,
2023-08-28,regular,True,participant_oi,True,375,375,0,375,0.0,0.0,0,0,0,0,09:15,15:29,True,
2023-08-29,regular,True,participant_oi,True,375,375,0,375,0.0,0.0,0,0,0,0,09:15,15:29,True,
2023-08-30,regular,True,participant_oi,True,375,375,0,375,0.0,0.0,0,0,0,0,09:15,15:29,True,
2023-08-31,regular,True,participant_oi,True,375,375,0,375,0.0,0.0,0,0,0,0,09:15,15:29,True,
2023-09-01,regular,True,participant_oi,True,375,375,0,375,0.0,0.0,0,0,0,0,09:15,15:29,True,
2023-09-04,regular,True,participant_oi,True,375,375,0,375,0.0,0.0,0,0,0,0,09:15,15:29,True,
2023-09-05,regular,True,participant_oi,True,375,375,0,375,0.0,0.0,0,0,0,0,09:15,15:29,True,
2023-09-06,regular,True,participant_oi,True,375,375,0,375,0.0,0.0,0,0,0,0,09:15,15:29,True,
2023-09-07,regular,True,participant_oi,True,375,375,0,375,0.0,0.0,0,0,0,0,09:15,15:29,True,
2023-09-08,regular,True,participant_oi,True,375,375,0,375,0.0,0.0,0,0,0,0,09:15,15:29,True,
2023-09-11,regular,True,participant_oi,True,375,375,0,375,0.0,0.0,0,0,0,0,09:15,15:29,True,
2023-09-12,regular,True,participant_oi,True,375,375,0,375,0.0,0.0,0,0,0,0,09:15,15:29,True,
2023-09-13,regular,True,participant_oi,True,375,375,0,375,0.0,0.0,0,0,0,0,09:15,15:29,True,
2023-09-14,regular,True,participant_oi,True,375,375,0,375,0.0,0.0,0,0,0,0,09:15,15:29,True,
2023-09-15,regular,True,participant_oi,True,375,375,0,375,0.0,0.0,0,0,0,0,09:15,15:29,True,
2023-09-18,regular,True,participant_oi,True,375,375,0,375,0.0,0.0,0,0,0,0,09:15,15:29,True,
2023-09-20,regular,True,participant_oi,True,375,375,0,375,0.0,0.0,0,0,0,0,09:15,15:29,True,
2023-09-21,regular,True,participant_oi,True,375,375,0,374,1.0,1.0,0,0,0,1,09:16,15:29,False,invalid_ohlc|missing_minutes
2023-09-22,regular,True,participant_oi,True,375,375,0,375,0.0,0.0,0,0,0,0,09:15,15:29,True,
2023-09-25,regular,True,participant_oi,True,375,375,0,375,0.0,0.0,0,0,0,0,09:15,15:29,True,
2023-09-26,regular,True,participant_oi,True,375,375,0,375,0.0,0.0,0,0,0,0,09:15,15:29,True,
2023-09-27,regular,True,participant_oi,True,375,375,0,375,0.0,0.0,0,0,0,0,09:15,15:29,True,
2023-09-28,regular,True,participant_oi,True,375,375,0,375,0.0,0.0,0,0,0,0,09:15,15:29,True,
2023-09-29,regular,True,participant_oi,True,375,375,0,375,0.0,0.0,0,0,0,0,09:15,15:29,True,
2023-10-03,regular,True,participant_oi,True,375,375,0,375,0.0,0.0,0,0,0,0,09:15,15:29,True,
2023-10-04,regular,True,participant_oi,True,375,375,0,375,0.0,0.0,0,0,0,0,09:15,15:29,True,
2023-10-05,regular,True,participant_oi,True,375,375,0,375,0.0,0.0,0,0,0,0,09:15,15:29,True,
2023-10-06,regular,True,participant_oi,True,375,375,0,375,0.0,0.0,0,0,0,0,09:15,15:29,True,
2023-10-09,regular,True,participant_oi,True,375,375,0,375,0.0,0.0,0,0,0,0,09:15,15:29,True,
2023-10-10,regular,True,participant_oi,True,375,375,0,375,0.0,0.0,0,0,0,0,09:15,15:29,True,
2023-10-11,regular,True,participant_oi,True,375,375,0,375,0.0,0.0,0,0,0,0,09:15,15:29,True,
2023-10-12,regular,True,participant_oi,True,375,375,0,375,0.0,0.0,0,0,0,0,09:15,15:29,True,
2023-10-13,regular,True,participant_oi,True,375,375,0,375,0.0,0.0,0,0,0,0,09:15,15:29,True,
2023-10-16,regular,True,participant_oi,True,375,375,0,375,0.0,0.0,0,0,0,0,09:15,15:29,True,
2023-10-17,regular,True,participant_oi,True,375,375,0,375,0.0,0.0,0,0,0,0,09:15,15:29,True,
2023-10-18,regular,True,participant_oi,True,375,375,0,375,0.0,0.0,0,0,0,0,09:15,15:29,True,
2023-10-19,regular,True,participant_oi,True,375,375,0,375,0.0,0.0,0,0,0,0,09:15,15:29,True,
2023-10-20,regular,True,participant_oi,True,375,375,0,375,0.0,0.0,0,0,0,0,09:15,15:29,True,
2023-10-23,regular,True,participant_oi,True,375,375,0,375,0.0,0.0,0,0,0,0,09:15,15:29,True,
2023-10-25,regular,True,participant_oi,True,375,375,0,375,0.0,0.0,0,0,0,0,09:15,15:29,True,
2023-10-26,regular,True,participant_oi,True,375,375,0,375,0.0,0.0,0,0,0,0,09:15,15:29,True,
2023-10-27,regular,True,participant_oi,True,375,375,0,375,0.0,0.0,0,0,0,0,09:15,15:29,True,
2023-10-30,regular,True,participant_oi,True,375,375,0,375,0.0,0.0,0,0,0,0,09:15,15:29,True,
2023-10-31,regular,True,participant_oi,True,375,375,0,375,0.0,0.0,0,0,0,0,09:15,15:29,True,
2023-11-01,regular,True,participant_oi,True,375,375,0,375,0.0,0.0,0,0,0,0,09:15,15:29,True,
2023-11-02,regular,True,participant_oi,True,375,375,0,375,0.0,0.0,0,0,0,0,09:15,15:29,True,
2023-11-03,regular,True,participant_oi,True,375,375,0,375,0.0,0.0,0,0,0,0,09:15,15:29,True,
2023-11-06,regular,True,participant_oi,True,375,375,0,375,0.0,0.0,0,0,0,0,09:15,15:29,True,
2023-11-07,regular,True,participant_oi,True,375,375,0,375,0.0,0.0,0,0,0,0,09:15,15:29,True,
2023-11-08,regular,True,participant_oi,True,375,375,0,375,0.0,0.0,0,0,0,0,09:15,15:29,True,
2023-11-09,regular,True,participant_oi,True,375,375,0,375,0.0,0.0,0,0,0,0,09:15,15:29,True,
2023-11-10,regular,True,participant_oi,True,375,375,0,375,0.0,0.0,0,0,0,0,09:15,15:29,True,
2023-11-12,special_weekend,False,weekend,False,60,0,60,0,,,0,0,0,0,,,False,special_weekend|bars_outside_regular_window
2023-11-13,regular,True,participant_oi,True,375,375,0,375,0.0,0.0,0,0,0,0,09:15,15:29,True,
2023-11-15,regular,True,participant_oi,True,375,375,0,375,0.0,0.0,0,0,0,0,09:15,15:29,True,
2023-11-16,regular,True,participant_oi,True,375,375,0,375,0.0,0.0,0,0,0,0,09:15,15:29,True,
2023-11-17,regular,True,participant_oi,True,375,375,0,375,0.0,0.0,0,0,0,0,09:15,15:29,True,
2023-11-20,regular,True,participant_oi,True,375,375,0,375,0.0,0.0,0,0,0,0,09:15,15:29,True,
2023-11-21,regular,True,participant_oi,True,375,375,0,375,0.0,0.0,0,0,0,0,09:15,15:29,True,
2023-11-22,regular,True,participant_oi,True,375,375,0,375,0.0,0.0,0,0,0,0,09:15,15:29,True,
2023-11-23,regular,True,participant_oi,True,375,375,0,375,0.0,0.0,0,0,0,0,09:15,15:29,True,
2023-11-24,regular,True,participant_oi,True,375,375,0,375,0.0,0.0,0,0,0,0,09:15,15:29,True,
2023-11-28,regular,True,participant_oi,True,375,375,0,375,0.0,0.0,0,0,0,0,09:15,15:29,True,
2023-11-29,regular,True,participant_oi,True,375,375,0,375,0.0,0.0,0,0,0,0,09:15,15:29,True,
2023-11-30,regular,True,participant_oi,True,375,375,0,375,0.0,0.0,0,0,0,0,09:15,15:29,True,
2023-12-01,regular,True,participant_oi,True,375,375,0,375,0.0,0.0,0,0,0,0,09:15,15:29,True,
2023-12-04,regular,True,participant_oi,True,375,375,0,375,0.0,0.0,0,0,0,0,09:15,15:29,True,
2023-12-05,regular,True,participant_oi,True,375,375,0,375,0.0,0.0,0,0,0,0,09:15,15:29,True,
2023-12-06,regular,True,participant_oi,True,375,375,0,375,0.0,0.0,0,0,0,0,09:15,15:29,True,
2023-12-07,regular,True,participant_oi,True,375,375,0,375,0.0,0.0,0,0,0,0,09:15,15:29,True,
2023-12-08,regular,True,participant_oi,True,375,375,0,375,0.0,0.0,0,0,0,0,09:15,15:29,True,
2023-12-11,regular,True,participant_oi,True,375,375,0,375,0.0,0.0,0,0,0,0,09:15,15:29,True,
2023-12-12,regular,True,participant_oi,True,375,375,0,375,0.0,0.0,0,0,0,0,09:15,15:29,True,
2023-12-13,regular,True,participant_oi,True,375,375,0,375,0.0,0.0,0,0,0,0,09:15,15:29,True,
2023-12-14,regular,True,participant_oi,True,375,375,0,375,0.0,0.0,0,0,0,0,09:15,15:29,True,
2023-12-15,regular,True,participant_oi,True,375,375,0,375,0.0,0.0,0,0,0,0,09:15,15:29,True,
2023-12-18,regular,True,participant_oi,True,375,375,0,375,0.0,0.0,0,0,0,0,09:15,15:29,True,
2023-12-19,regular,True,participant_oi,True,375,375,0,375,0.0,0.0,0,0,0,0,09:15,15:29,True,
2023-12-20,regular,True,participant_oi,True,375,375,0,375,0.0,0.0,0,0,0,0,09:15,15:29,True,
2023-12-21,regular,True,participant_oi,True,375,375,0,375,0.0,0.0,0,0,0,0,09:15,15:29,True,
2023-12-22,regular,True,participant_oi,True,375,375,0,375,0.0,0.0,0,0,0,0,09:15,15:29,True,
2023-12-26,regular,True,participant_oi,True,375,375,0,375,0.0,0.0,0,0,0,0,09:15,15:29,True,
2023-12-27,regular,True,participant_oi,True,375,375,0,375,0.0,0.0,0,0,0,0,09:15,15:29,True,
2023-12-28,regular,True,participant_oi,True,375,375,0,375,0.0,0.0,0,0,0,0,09:15,15:29,True,
2023-12-29,regular,True,participant_oi,True,375,375,0,375,0.0,0.0,0,0,0,0,09:15,15:29,True,
2024-01-01,regular,True,participant_oi,True,375,375,0,375,0.0,0.0,0,0,0,0,09:15,15:29,True,
2024-01-02,regular,True,participant_oi,True,375,375,0,375,0.0,0.0,0,0,0,0,09:15,15:29,True,
2024-01-03,regular,True,participant_oi,True,375,375,0,375,0.0,0.0,0,0,0,0,09:15,15:29,True,
2024-01-04,regular,True,participant_oi,True,375,375,0,375,0.0,0.0,0,0,0,0,09:15,15:29,True,
2024-01-05,regular,True,participant_oi,True,375,375,0,375,0.0,0.0,0,0,0,0,09:15,15:29,True,
2024-01-08,regular,True,participant_oi,True,375,375,0,375,0.0,0.0,0,0,0,0,09:15,15:29,True,
2024-01-09,regular,True,participant_oi,True,375,375,0,375,0.0,0.0,0,0,0,0,09:15,15:29,True,
2024-01-10,regular,True,participant_oi,True,375,375,0,375,0.0,0.0,0,0,0,0,09:15,15:29,True,
2024-01-11,regular,True,participant_oi,True,375,375,0,375,0.0,0.0,0,0,0,0,09:15,15:29,True,
2024-01-12,regular,True,participant_oi,True,375,375,0,375,0.0,0.0,0,0,0,0,09:15,15:29,True,
2024-01-15,regular,True,participant_oi,True,375,375,0,375,0.0,0.0,0,0,0,0,09:15,15:29,True,
2024-01-16,regular,True,participant_oi,True,375,375,0,375,0.0,0.0,0,0,0,0,09:15,15:29,True,
2024-01-17,regular,True,participant_oi,True,375,375,0,375,0.0,0.0,0,0,0,0,09:15,15:29,True,
2024-01-18,regular,True,participant_oi,True,375,375,0,375,0.0,0.0,0,0,0,0,09:15,15:29,True,
2024-01-19,regular,True,participant_oi,True,375,375,0,375,0.0,0.0,0,0,0,0,09:15,15:29,True,
2024-01-20,special_weekend,False,weekend,False,375,375,0,375,,,0,0,0,0,09:15,15:29,False,special_weekend
2024-01-23,regular,True,participant_oi,True,375,375,0,375,0.0,0.0,0,0,0,0,09:15,15:29,True,
2024-01-24,regular,True,participant_oi,True,375,375,0,375,0.0,0.0,0,0,0,0,09:15,15:29,True,
2024-01-25,regular,True,participant_oi,True,375,375,0,375,0.0,0.0,0,0,0,0,09:15,15:29,True,
2024-01-29,regular,True,participant_oi,True,375,375,0,375,0.0,0.0,0,0,0,0,09:15,15:29,True,
2024-01-30,regular,True,participant_oi,True,375,375,0,375,0.0,0.0,0,0,0,0,09:15,15:29,True,
2024-01-31,regular,True,participant_oi,True,375,375,0,375,0.0,0.0,0,0,0,0,09:15,15:29,True,
2024-02-01,regular,True,participant_oi,True,375,375,0,375,0.0,0.0,0,0,0,0,09:15,15:29,True,
2024-02-02,regular,True,participant_oi,True,375,375,0,375,0.0,0.0,0,0,0,0,09:15,15:29,True,
2024-02-05,regular,True,participant_oi,True,375,375,0,375,0.0,0.0,0,0,0,0,09:15,15:29,True,
2024-02-06,regular,True,participant_oi,True,375,375,0,375,0.0,0.0,0,0,0,0,09:15,15:29,True,
2024-02-07,regular,True,participant_oi,True,375,375,0,375,0.0,0.0,0,0,0,0,09:15,15:29,True,
2024-02-08,regular,True,participant_oi,True,375,375,0,375,0.0,0.0,0,0,0,0,09:15,15:29,True,
2024-02-09,regular,True,participant_oi,True,375,375,0,375,0.0,0.0,0,0,0,0,09:15,15:29,True,
2024-02-12,regular,True,participant_oi,True,375,375,0,375,0.0,0.0,0,0,0,0,09:15,15:29,True,
2024-02-13,regular,True,participant_oi,True,375,375,0,375,0.0,0.0,0,0,0,0,09:15,15:29,True,
2024-02-14,regular,True,participant_oi,True,375,375,0,375,0.0,0.0,0,0,0,0,09:15,15:29,True,
2024-02-15,regular,True,participant_oi,True,375,375,0,375,0.0,0.0,0,0,0,0,09:15,15:29,True,
2024-02-16,regular,True,participant_oi,True,375,375,0,375,0.0,0.0,0,0,0,0,09:15,15:29,True,
2024-02-19,regular,True,participant_oi,True,375,375,0,375,0.0,0.0,0,0,0,0,09:15,15:29,True,
2024-02-20,regular,True,participant_oi,True,375,375,0,375,0.0,0.0,0,0,0,0,09:15,15:29,True,
2024-02-21,regular,True,participant_oi,True,375,375,0,375,0.0,0.0,0,0,0,0,09:15,15:29,True,
2024-02-22,regular,True,participant_oi,True,375,375,0,375,0.0,0.0,0,0,0,0,09:15,15:29,True,
2024-02-23,regular,True,participant_oi,True,375,375,0,375,0.0,0.0,0,0,0,0,09:15,15:29,True,
2024-02-26,regular,True,participant_oi,True,375,375,0,375,0.0,0.0,0,0,0,0,09:15,15:29,True,
2024-02-27,regular,True,participant_oi,True,375,375,0,375,0.0,0.0,0,0,0,0,09:15,15:29,True,
2024-02-28,regular,True,participant_oi,True,375,375,0,375,0.0,0.0,0,0,0,0,09:15,15:29,True,
2024-02-29,regular,True,participant_oi,True,375,375,0,375,0.0,0.0,0,0,0,0,09:15,15:29,True,
2024-03-01,regular,True,participant_oi,True,375,375,0,375,0.0,0.0,0,0,0,0,09:15,15:29,True,
2024-03-02,special_weekend,False,weekend,False,105,105,0,105,,,0,0,0,0,09:15,12:29,False,special_weekend
2024-03-04,regular,True,participant_oi,True,375,375,0,375,0.0,0.0,0,0,0,0,09:15,15:29,True,
2024-03-05,regular,True,participant_oi,True,375,375,0,375,0.0,0.0,0,0,0,0,09:15,15:29,True,
2024-03-06,regular,True,participant_oi,True,375,375,0,375,0.0,0.0,0,0,0,0,09:15,15:29,True,
2024-03-07,regular,True,participant_oi,True,375,375,0,375,0.0,0.0,0,0,0,0,09:15,15:29,True,
2024-03-11,regular,True,participant_oi,True,375,375,0,375,0.0,0.0,0,0,0,0,09:15,15:29,True,
2024-03-12,regular,True,participant_oi,True,375,375,0,375,0.0,0.0,0,0,0,0,09:15,15:29,True,
2024-03-13,regular,True,participant_oi,True,375,375,0,375,0.0,0.0,0,0,0,0,09:15,15:29,True,
2024-03-14,regular,True,participant_oi,True,375,375,0,375,0.0,0.0,0,0,0,0,09:15,15:29,True,
2024-03-15,regular,True,participant_oi,True,375,375,0,375,0.0,0.0,0,0,0,0,09:15,15:29,True,
2024-03-18,regular,True,participant_oi,True,375,375,0,375,0.0,0.0,0,0,0,0,09:15,15:29,True,
2024-03-19,regular,True,participant_oi,True,375,375,0,375,0.0,0.0,0,0,0,0,09:15,15:29,True,
2024-03-20,regular,True,participant_oi,True,375,375,0,375,0.0,0.0,0,0,0,0,09:15,15:29,True,
2024-03-21,regular,True,participant_oi,True,375,375,0,375,0.0,0.0,0,0,0,0,09:15,15:29,True,
2024-03-22,regular,True,participant_oi,True,375,375,0,375,0.0,0.0,0,0,0,0,09:15,15:29,True,
2024-03-26,regular,True,participant_oi,True,375,375,0,375,0.0,0.0,0,0,0,0,09:15,15:29,True,
2024-03-27,regular,True,participant_oi,True,375,375,0,375,0.0,0.0,0,0,0,0,09:15,15:29,True,
2024-03-28,regular,True,participant_oi,True,375,375,0,375,0.0,0.0,0,0,0,0,09:15,15:29,True,
2024-04-01,regular,True,participant_oi,True,375,375,0,375,0.0,0.0,0,0,0,0,09:15,15:29,True,
2024-04-02,regular,True,participant_oi,True,375,375,0,375,0.0,0.0,0,0,0,0,09:15,15:29,True,
2024-04-03,regular,True,participant_oi,True,375,375,0,375,0.0,0.0,0,0,0,0,09:15,15:29,True,
2024-04-04,regular,True,participant_oi,True,375,375,0,375,0.0,0.0,0,0,0,0,09:15,15:29,True,
2024-04-05,regular,True,participant_oi,True,375,375,0,375,0.0,0.0,0,0,0,0,09:15,15:29,True,
2024-04-08,regular,True,participant_oi,True,375,375,0,375,0.0,0.0,0,0,0,0,09:15,15:29,True,
2024-04-09,regular,True,participant_oi,True,375,375,0,375,0.0,0.0,0,0,0,0,09:15,15:29,True,
2024-04-10,regular,True,participant_oi,True,375,375,0,375,0.0,0.0,0,0,0,0,09:15,15:29,True,
2024-04-12,regular,True,participant_oi,True,375,375,0,375,0.0,0.0,0,0,0,0,09:15,15:29,True,
2024-04-15,regular,True,participant_oi,True,375,375,0,375,0.0,0.0,0,0,0,0,09:15,15:29,True,
2024-04-16,regular,True,participant_oi,True,375,375,0,375,0.0,0.0,0,0,0,0,09:15,15:29,True,
2024-04-18,regular,True,participant_oi,True,375,375,0,375,0.0,0.0,0,0,0,0,09:15,15:29,True,
2024-04-19,regular,True,participant_oi,True,375,375,0,375,0.0,0.0,0,0,0,0,09:15,15:29,True,
2024-04-22,regular,True,participant_oi,True,375,375,0,375,0.0,0.0,0,0,0,0,09:15,15:29,True,
2024-04-23,regular,True,participant_oi,True,375,375,0,375,0.0,0.0,0,0,0,0,09:15,15:29,True,
2024-04-24,regular,True,participant_oi,True,375,375,0,375,0.0,0.0,0,0,0,0,09:15,15:29,True,
2024-04-25,regular,True,participant_oi,True,375,375,0,375,0.0,0.0,0,0,0,0,09:15,15:29,True,
2024-04-26,regular,True,participant_oi,True,375,375,0,375,0.0,0.0,0,0,0,0,09:15,15:29,True,
2024-04-29,regular,True,participant_oi,True,375,375,0,375,0.0,0.0,0,0,0,0,09:15,15:29,True,
2024-04-30,regular,True,participant_oi,True,375,375,0,375,0.0,0.0,0,0,0,0,09:15,15:29,True,
2024-05-02,regular,True,participant_oi,True,375,375,0,375,0.0,0.0,0,0,0,0,09:15,15:29,True,
2024-05-03,regular,True,participant_oi,True,375,375,0,375,0.0,0.0,0,0,0,0,09:15,15:29,True,
2024-05-06,regular,True,participant_oi,True,375,375,0,375,0.0,0.0,0,0,0,0,09:15,15:29,True,
2024-05-07,regular,True,participant_oi,True,375,375,0,375,0.0,0.0,0,0,0,0,09:15,15:29,True,
2024-05-08,regular,True,participant_oi,True,375,375,0,375,0.0,0.0,0,0,0,0,09:15,15:29,True,
2024-05-09,regular,True,participant_oi,True,375,375,0,375,0.0,0.0,0,0,0,0,09:15,15:29,True,
2024-05-10,regular,True,participant_oi,True,375,375,0,375,0.0,0.0,0,0,0,0,09:15,15:29,True,
2024-05-13,regular,True,participant_oi,True,375,375,0,375,0.0,0.0,0,0,0,0,09:15,15:29,True,
2024-05-14,regular,True,participant_oi,True,375,375,0,375,0.0,0.0,0,0,0,0,09:15,15:29,True,
2024-05-15,regular,True,participant_oi,True,375,375,0,375,0.0,0.0,0,0,0,0,09:15,15:29,True,
2024-05-16,regular,True,participant_oi,True,375,375,0,375,0.0,0.0,0,0,0,0,09:15,15:29,True,
2024-05-17,regular,True,participant_oi,True,375,375,0,375,0.0,0.0,0,0,0,0,09:15,15:29,True,
2024-05-18,special_weekend,False,weekend,False,105,105,0,105,,,0,0,0,0,09:15,12:29,False,special_weekend
2024-05-21,regular,True,participant_oi,True,375,375,0,375,0.0,0.0,0,0,0,0,09:15,15:29,True,
2024-05-22,regular,True,participant_oi,True,375,375,0,375,0.0,0.0,0,0,0,0,09:15,15:29,True,
2024-05-23,regular,True,participant_oi,True,375,375,0,375,0.0,0.0,0,0,0,0,09:15,15:29,True,
2024-05-24,regular,True,participant_oi,True,375,375,0,375,0.0,0.0,0,0,0,0,09:15,15:29,True,
2024-05-27,regular,True,participant_oi,True,375,375,0,375,0.0,0.0,0,0,0,0,09:15,15:29,True,
2024-05-28,regular,True,participant_oi,True,375,375,0,375,0.0,0.0,0,0,0,0,09:15,15:29,True,
2024-05-29,regular,True,participant_oi,True,375,375,0,375,0.0,0.0,0,0,0,0,09:15,15:29,True,
2024-05-30,regular,True,participant_oi,True,375,375,0,375,0.0,0.0,0,0,0,0,09:15,15:29,True,
2024-05-31,regular,True,participant_oi,True,375,375,0,375,0.0,0.0,0,0,0,0,09:15,15:29,True,
2024-06-03,regular,True,participant_oi,True,375,375,0,375,0.0,0.0,0,0,0,0,09:15,15:29,True,
2024-06-04,regular,True,participant_oi,True,375,375,0,375,0.0,0.0,0,0,0,0,09:15,15:29,True,
2024-06-05,regular,True,participant_oi,True,375,375,0,375,0.0,0.0,0,0,0,0,09:15,15:29,True,
2024-06-06,regular,True,participant_oi,True,375,375,0,375,0.0,0.0,0,0,0,0,09:15,15:29,True,
2024-06-07,regular,True,participant_oi,True,375,375,0,375,0.0,0.0,0,0,0,0,09:15,15:29,True,
2024-06-10,regular,True,participant_oi,True,375,375,0,375,0.0,0.0,0,0,0,0,09:15,15:29,True,
2024-06-11,regular,True,participant_oi,True,375,375,0,375,0.0,0.0,0,0,0,0,09:15,15:29,True,
2024-06-12,regular,True,participant_oi,True,375,375,0,375,0.0,0.0,0,0,0,0,09:15,15:29,True,
2024-06-13,regular,True,participant_oi,True,375,375,0,375,0.0,0.0,0,0,0,0,09:15,15:29,True,
2024-06-14,regular,True,participant_oi,True,375,375,0,375,0.0,0.0,0,0,0,0,09:15,15:29,True,
2024-06-18,regular,True,participant_oi,True,375,375,0,375,0.0,0.0,0,0,0,0,09:15,15:29,True,
2024-06-19,regular,True,participant_oi,True,375,375,0,375,0.0,0.0,0,0,0,0,09:15,15:29,True,
2024-06-20,regular,True,participant_oi,True,375,375,0,375,0.0,0.0,0,0,0,0,09:15,15:29,True,
2024-06-21,regular,True,participant_oi,True,375,375,0,375,0.0,0.0,0,0,0,0,09:15,15:29,True,
2024-06-24,regular,True,participant_oi,True,375,375,0,375,0.0,0.0,0,0,0,0,09:15,15:29,True,
2024-06-25,regular,True,participant_oi,True,375,375,0,375,0.0,0.0,0,0,0,0,09:15,15:29,True,
2024-06-26,regular,True,participant_oi,True,375,375,0,375,0.0,0.0,0,0,0,0,09:15,15:29,True,
2024-06-27,regular,True,participant_oi,True,375,375,0,375,0.0,0.0,0,0,0,0,09:15,15:29,True,
2024-06-28,regular,True,participant_oi,True,375,375,0,375,0.0,0.0,0,0,0,0,09:15,15:29,True,
2024-07-01,regular,True,participant_oi,True,375,375,0,375,0.0,0.0,0,0,0,0,09:15,15:29,True,
2024-07-02,regular,True,participant_oi,True,375,375,0,375,0.0,0.0,0,0,0,0,09:15,15:29,True,
2024-07-03,regular,True,participant_oi,True,375,375,0,375,0.0,0.0,0,0,0,0,09:15,15:29,True,
2024-07-04,regular,True,participant_oi,True,375,375,0,375,0.0,0.0,0,0,0,0,09:15,15:29,True,
2024-07-05,regular,True,participant_oi,True,375,375,0,375,0.0,0.0,0,0,0,0,09:15,15:29,True,
2024-07-08,regular,True,participant_oi,True,375,375,0,375,0.0,0.0,0,0,0,0,09:15,15:29,True,
2024-07-09,regular,True,participant_oi,True,375,375,0,375,0.0,0.0,0,0,0,0,09:15,15:29,True,
2024-07-10,regular,True,participant_oi,True,375,375,0,375,0.0,0.0,0,0,0,0,09:15,15:29,True,
2024-07-11,regular,True,participant_oi,True,375,375,0,375,0.0,0.0,0,0,0,0,09:15,15:29,True,
2024-07-12,regular,True,participant_oi,True,375,375,0,375,0.0,0.0,0,0,0,0,09:15,15:29,True,
2024-07-15,regular,True,participant_oi,True,375,375,0,375,0.0,0.0,0,0,0,0,09:15,15:29,True,
2024-07-16,regular,True,participant_oi,True,375,375,0,375,0.0,0.0,0,0,0,0,09:15,15:29,True,
2024-07-18,regular,True,participant_oi,True,375,375,0,375,0.0,0.0,0,0,0,0,09:15,15:29,True,
2024-07-19,regular,True,participant_oi,True,375,375,0,375,0.0,0.0,0,0,0,0,09:15,15:29,True,
2024-07-22,regular,True,participant_oi,True,375,375,0,375,0.0,0.0,0,0,0,0,09:15,15:29,True,
2024-07-23,regular,True,participant_oi,True,375,375,0,375,0.0,0.0,0,0,0,0,09:15,15:29,True,
2024-07-24,regular,True,participant_oi,True,375,375,0,375,0.0,0.0,0,0,0,0,09:15,15:29,True,
2024-07-25,regular,True,participant_oi,True,375,375,0,375,0.0,0.0,0,0,0,0,09:15,15:29,True,
2024-07-26,regular,True,participant_oi,True,375,375,0,375,0.0,0.0,0,0,0,0,09:15,15:29,True,
2024-07-29,regular,True,participant_oi,True,375,375,0,375,0.0,0.0,0,0,0,0,09:15,15:29,True,
2024-07-30,regular,True,participant_oi,True,375,375,0,375,0.0,0.0,0,0,0,0,09:15,15:29,True,
2024-07-31,regular,True,participant_oi,True,375,375,0,375,0.0,0.0,0,0,0,0,09:15,15:29,True,
2024-08-01,regular,True,participant_oi,True,375,375,0,375,0.0,0.0,0,0,0,0,09:15,15:29,True,
2024-08-02,regular,True,participant_oi,True,375,375,0,375,0.0,0.0,0,0,0,0,09:15,15:29,True,
2024-08-05,regular,True,participant_oi,True,375,375,0,375,0.0,0.0,0,0,0,0,09:15,15:29,True,
2024-08-06,regular,True,participant_oi,True,375,375,0,375,0.0,0.0,0,0,0,0,09:15,15:29,True,
2024-08-07,regular,True,participant_oi,True,375,375,0,375,0.0,0.0,0,0,0,0,09:15,15:29,True,
2024-08-08,regular,True,participant_oi,True,375,375,0,375,0.0,0.0,0,0,0,0,09:15,15:29,True,
2024-08-09,regular,True,participant_oi,True,375,375,0,375,0.0,0.0,0,0,0,0,09:15,15:29,True,
2024-08-12,regular,True,participant_oi,True,375,375,0,375,0.0,0.0,0,0,0,0,09:15,15:29,True,
2024-08-13,regular,True,participant_oi,True,375,375,0,375,0.0,0.0,0,0,0,0,09:15,15:29,True,
2024-08-14,regular,True,participant_oi,True,375,375,0,375,0.0,0.0,0,0,0,0,09:15,15:29,True,
2024-08-16,regular,True,participant_oi,True,375,375,0,375,0.0,0.0,0,0,0,0,09:15,15:29,True,
2024-08-19,regular,True,participant_oi,True,375,375,0,375,0.0,0.0,0,0,0,0,09:15,15:29,True,
2024-08-20,regular,True,participant_oi,True,375,375,0,375,0.0,0.0,0,0,0,0,09:15,15:29,True,
2024-08-21,regular,True,participant_oi,True,375,375,0,375,0.0,0.0,0,0,0,0,09:15,15:29,True,
2024-08-22,regular,True,participant_oi,True,375,375,0,375,0.0,0.0,0,0,0,0,09:15,15:29,True,
2024-08-23,regular,True,participant_oi,True,375,375,0,375,0.0,0.0,0,0,0,0,09:15,15:29,True,
2024-08-26,regular,True,participant_oi,True,375,375,0,375,0.0,0.0,0,0,0,0,09:15,15:29,True,
2024-08-27,regular,True,participant_oi,True,375,375,0,375,0.0,0.0,0,0,0,0,09:15,15:29,True,
2024-08-28,regular,True,participant_oi,True,375,375,0,375,0.0,0.0,0,0,0,0,09:15,15:29,True,
2024-08-29,regular,True,participant_oi,True,375,375,0,375,0.0,0.0,0,0,0,0,09:15,15:29,True,
2024-08-30,regular,True,participant_oi,True,375,375,0,375,0.0,0.0,0,0,0,0,09:15,15:29,True,
2024-09-02,regular,True,participant_oi,True,375,375,0,375,0.0,0.0,0,0,0,0,09:15,15:29,True,
2024-09-03,regular,True,participant_oi,True,375,375,0,375,0.0,0.0,0,0,0,0,09:15,15:29,True,
2024-09-04,regular,True,participant_oi,True,375,375,0,375,0.0,0.0,0,0,0,0,09:15,15:29,True,
2024-09-05,regular,True,participant_oi,True,375,375,0,375,0.0,0.0,0,0,0,0,09:15,15:29,True,
2024-09-06,regular,True,participant_oi,True,375,375,0,375,0.0,0.0,0,0,0,0,09:15,15:29,True,
2024-09-09,regular,True,participant_oi,True,375,375,0,375,0.0,0.0,0,0,0,0,09:15,15:29,True,
2024-09-10,regular,True,participant_oi,True,375,375,0,375,0.0,0.0,0,0,0,0,09:15,15:29,True,
2024-09-11,regular,True,participant_oi,True,375,375,0,375,0.0,0.0,0,0,0,0,09:15,15:29,True,
2024-09-12,regular,True,participant_oi,True,375,375,0,375,0.0,0.0,0,0,0,0,09:15,15:29,True,
2024-09-13,regular,True,participant_oi,True,375,375,0,375,0.0,0.0,0,0,0,0,09:15,15:29,True,
2024-09-16,regular,True,participant_oi,True,375,375,0,375,0.0,0.0,0,0,0,0,09:15,15:29,True,
2024-09-17,regular,True,participant_oi,True,375,375,0,375,0.0,0.0,0,0,0,0,09:15,15:29,True,
2024-09-18,regular,True,participant_oi,True,375,375,0,375,0.0,0.0,0,0,0,0,09:15,15:29,True,
2024-09-19,regular,True,participant_oi,True,375,375,0,375,0.0,0.0,0,0,0,0,09:15,15:29,True,
2024-09-20,regular,True,participant_oi,True,375,375,0,375,0.0,0.0,0,0,0,0,09:15,15:29,True,
2024-09-23,regular,True,participant_oi,True,375,375,0,375,0.0,0.0,0,0,0,0,09:15,15:29,True,
2024-09-24,regular,True,participant_oi,True,375,375,0,375,0.0,0.0,0,0,0,0,09:15,15:29,True,
2024-09-25,regular,True,participant_oi,True,375,375,0,375,0.0,0.0,0,0,0,0,09:15,15:29,True,
2024-09-26,regular,True,participant_oi,True,375,375,0,375,0.0,0.0,0,0,0,0,09:15,15:29,True,
2024-09-27,regular,True,participant_oi,True,375,375,0,375,0.0,0.0,0,0,0,0,09:15,15:29,True,
2024-09-30,regular,True,participant_oi,True,375,375,0,375,0.0,0.0,0,0,0,0,09:15,15:29,True,
2024-10-01,regular,True,participant_oi,True,375,375,0,375,0.0,0.0,0,0,0,0,09:15,15:29,True,
2024-10-03,regular,True,participant_oi,True,375,375,0,375,0.0,0.0,0,0,0,0,09:15,15:29,True,
2024-10-04,regular,True,participant_oi,True,375,375,0,375,0.0,0.0,0,0,0,0,09:15,15:29,True,
2024-10-07,regular,True,participant_oi,True,375,375,0,375,0.0,0.0,0,0,0,0,09:15,15:29,True,
2024-10-08,regular,True,participant_oi,True,375,375,0,375,0.0,0.0,0,0,0,0,09:15,15:29,True,
2024-10-09,regular,True,participant_oi,True,375,375,0,375,0.0,0.0,0,0,0,0,09:15,15:29,True,
2024-10-10,regular,True,participant_oi,True,375,375,0,375,0.0,0.0,0,0,0,0,09:15,15:29,True,
2024-10-11,regular,True,participant_oi,True,375,375,0,375,0.0,0.0,0,0,0,0,09:15,15:29,True,
2024-10-14,regular,True,participant_oi,True,375,375,0,375,0.0,0.0,0,0,0,0,09:15,15:29,True,
2024-10-15,regular,True,participant_oi,True,375,375,0,375,0.0,0.0,0,0,0,0,09:15,15:29,True,
2024-10-16,regular,True,participant_oi,True,375,375,0,375,0.0,0.0,0,0,0,0,09:15,15:29,True,
2024-10-17,regular,True,participant_oi,True,375,375,0,375,0.0,0.0,0,0,0,0,09:15,15:29,True,
2024-10-18,regular,True,participant_oi,True,375,375,0,375,0.0,0.0,0,0,0,0,09:15,15:29,True,
2024-10-21,regular,True,participant_oi,True,375,375,0,375,0.0,0.0,0,0,0,0,09:15,15:29,True,
2024-10-22,regular,True,participant_oi,True,375,375,0,375,0.0,0.0,0,0,0,0,09:15,15:29,True,
2024-10-23,regular,True,participant_oi,True,375,375,0,375,0.0,0.0,0,0,0,0,09:15,15:29,True,
2024-10-24,regular,True,participant_oi,True,375,375,0,375,0.0,0.0,0,0,0,0,09:15,15:29,True,
2024-10-25,regular,True,participant_oi,True,375,375,0,375,0.0,0.0,0,0,0,0,09:15,15:29,True,
2024-10-28,regular,True,participant_oi,True,375,375,0,375,0.0,0.0,0,0,0,0,09:15,15:29,True,
2024-10-29,regular,True,participant_oi,True,375,375,0,375,0.0,0.0,0,0,0,0,09:15,15:29,True,
2024-10-30,regular,True,participant_oi,True,375,375,0,375,0.0,0.0,0,0,0,0,09:15,15:29,True,
2024-10-31,regular,True,participant_oi,True,375,375,0,375,0.0,0.0,0,0,0,0,09:15,15:29,True,
2024-11-01,special_offhours,True,participant_oi,False,60,0,60,0,,,0,0,0,0,,,False,special_offhours|bars_outside_regular_window
2024-11-04,regular,True,participant_oi,True,375,375,0,375,0.0,0.0,0,0,0,0,09:15,15:29,True,
2024-11-05,regular,True,participant_oi,True,375,375,0,375,0.0,0.0,0,0,0,0,09:15,15:29,True,
2024-11-06,regular,True,participant_oi,True,375,375,0,375,0.0,0.0,0,0,0,0,09:15,15:29,True,
2024-11-07,regular,True,participant_oi,True,375,375,0,375,0.0,0.0,0,0,0,0,09:15,15:29,True,
2024-11-08,regular,True,participant_oi,True,375,375,0,375,0.0,0.0,0,0,0,0,09:15,15:29,True,
2024-11-11,regular,True,participant_oi,True,375,375,0,375,0.0,0.0,0,0,0,0,09:15,15:29,True,
2024-11-12,regular,True,participant_oi,True,375,375,0,375,0.0,0.0,0,0,0,0,09:15,15:29,True,
2024-11-13,regular,True,participant_oi,True,375,375,0,375,0.0,0.0,0,0,0,0,09:15,15:29,True,
2024-11-14,regular,True,participant_oi,True,375,375,0,375,0.0,0.0,0,0,0,0,09:15,15:29,True,
2024-11-18,regular,True,participant_oi,True,375,375,0,375,0.0,0.0,0,0,0,0,09:15,15:29,True,
2024-11-19,regular,True,participant_oi,True,375,375,0,375,0.0,0.0,0,0,0,0,09:15,15:29,True,
2024-11-21,regular,True,participant_oi,True,375,375,0,375,0.0,0.0,0,0,0,0,09:15,15:29,True,
2024-11-22,regular,True,participant_oi,True,375,375,0,375,0.0,0.0,0,0,0,0,09:15,15:29,True,
2024-11-25,regular,True,participant_oi,True,375,375,0,375,0.0,0.0,0,0,0,0,09:15,15:29,True,
2024-11-26,regular,True,participant_oi,True,375,375,0,375,0.0,0.0,0,0,0,0,09:15,15:29,True,
2024-11-27,regular,True,participant_oi,True,375,375,0,375,0.0,0.0,0,0,0,0,09:15,15:29,True,
2024-11-28,regular,True,participant_oi,True,375,375,0,375,0.0,0.0,0,0,0,0,09:15,15:29,True,
2024-11-29,regular,True,participant_oi,True,375,375,0,375,0.0,0.0,0,0,0,0,09:15,15:29,True,
2024-12-02,regular,True,participant_oi,True,375,375,0,375,0.0,0.0,0,0,0,0,09:15,15:29,True,
2024-12-03,regular,True,participant_oi,True,375,375,0,375,0.0,0.0,0,0,0,0,09:15,15:29,True,
2024-12-04,regular,True,participant_oi,True,375,375,0,375,0.0,0.0,0,0,0,0,09:15,15:29,True,
2024-12-05,regular,True,participant_oi,True,375,375,0,375,0.0,0.0,0,0,0,0,09:15,15:29,True,
2024-12-06,regular,True,participant_oi,True,375,375,0,375,0.0,0.0,0,0,0,0,09:15,15:29,True,
2024-12-09,regular,True,participant_oi,True,375,375,0,375,0.0,0.0,0,0,0,0,09:15,15:29,True,
2024-12-10,regular,True,participant_oi,True,375,375,0,375,0.0,0.0,0,0,0,0,09:15,15:29,True,
2024-12-11,regular,True,participant_oi,True,375,375,0,375,0.0,0.0,0,0,0,0,09:15,15:29,True,
2024-12-12,regular,True,participant_oi,True,375,375,0,375,0.0,0.0,0,0,0,0,09:15,15:29,True,
2024-12-13,regular,True,participant_oi,True,375,375,0,375,0.0,0.0,0,0,0,0,09:15,15:29,True,
2024-12-16,regular,True,participant_oi,True,375,375,0,375,0.0,0.0,0,0,0,0,09:15,15:29,True,
2024-12-17,regular,True,participant_oi,True,375,375,0,375,0.0,0.0,0,0,0,0,09:15,15:29,True,
2024-12-18,regular,True,participant_oi,True,375,375,0,375,0.0,0.0,0,0,0,0,09:15,15:29,True,
2024-12-19,regular,True,participant_oi,True,375,375,0,375,0.0,0.0,0,0,0,0,09:15,15:29,True,
2024-12-20,regular,True,participant_oi,True,375,375,0,375,0.0,0.0,0,0,0,0,09:15,15:29,True,
2024-12-23,regular,True,participant_oi,True,375,375,0,375,0.0,0.0,0,0,0,0,09:15,15:29,True,
2024-12-24,regular,True,participant_oi,True,375,375,0,375,0.0,0.0,0,0,0,0,09:15,15:29,True,
2024-12-26,regular,True,participant_oi,True,375,375,0,375,0.0,0.0,0,0,0,0,09:15,15:29,True,
2024-12-27,regular,True,participant_oi,True,375,375,0,375,0.0,0.0,0,0,0,0,09:15,15:29,True,
2024-12-30,regular,True,participant_oi,True,375,375,0,375,0.0,0.0,0,0,0,0,09:15,15:29,True,
2024-12-31,regular,True,participant_oi,True,375,375,0,375,0.0,0.0,0,0,0,0,09:15,15:29,True,
2025-01-01,regular,True,participant_oi,True,375,375,0,375,0.0,0.0,0,0,0,0,09:15,15:29,True,
2025-01-02,regular,True,participant_oi,True,375,375,0,375,0.0,0.0,0,0,0,0,09:15,15:29,True,
2025-01-03,regular,True,participant_oi,True,375,375,0,375,0.0,0.0,0,0,0,0,09:15,15:29,True,
2025-01-06,regular,True,participant_oi,True,375,375,0,375,0.0,0.0,0,0,0,0,09:15,15:29,True,
2025-01-07,regular,True,participant_oi,True,375,375,0,375,0.0,0.0,0,0,0,0,09:15,15:29,True,
2025-01-08,regular,True,participant_oi,True,375,375,0,375,0.0,0.0,0,0,0,0,09:15,15:29,True,
2025-01-09,regular,True,participant_oi,True,375,375,0,375,0.0,0.0,0,0,0,0,09:15,15:29,True,
2025-01-10,regular,True,participant_oi,True,375,375,0,375,0.0,0.0,0,0,0,0,09:15,15:29,True,
2025-01-13,regular,True,participant_oi,True,375,375,0,375,0.0,0.0,0,0,0,0,09:15,15:29,True,
2025-01-14,regular,True,participant_oi,True,375,375,0,375,0.0,0.0,0,0,0,0,09:15,15:29,True,
2025-01-15,regular,True,participant_oi,True,375,375,0,375,0.0,0.0,0,0,0,0,09:15,15:29,True,
2025-01-16,regular,True,participant_oi,True,375,375,0,375,0.0,0.0,0,0,0,0,09:15,15:29,True,
2025-01-17,regular,True,participant_oi,True,375,375,0,375,0.0,0.0,0,0,0,0,09:15,15:29,True,
2025-01-20,regular,True,participant_oi,True,375,375,0,375,0.0,0.0,0,0,0,0,09:15,15:29,True,
2025-01-21,regular,True,participant_oi,True,375,375,0,375,0.0,0.0,0,0,0,0,09:15,15:29,True,
2025-01-22,regular,True,participant_oi,True,375,375,0,375,0.0,0.0,0,0,0,0,09:15,15:29,True,
2025-01-23,regular,True,participant_oi,True,375,375,0,375,0.0,0.0,0,0,0,0,09:15,15:29,True,
2025-01-24,regular,True,participant_oi,True,375,375,0,375,0.0,0.0,0,0,0,0,09:15,15:29,True,
2025-01-27,regular,True,participant_oi,True,375,375,0,375,0.0,0.0,0,0,0,0,09:15,15:29,True,
2025-01-28,regular,True,participant_oi,True,375,375,0,375,0.0,0.0,0,0,0,0,09:15,15:29,True,
2025-01-29,regular,True,participant_oi,True,375,375,0,375,0.0,0.0,0,0,0,0,09:15,15:29,True,
2025-01-30,regular,True,participant_oi,True,375,375,0,375,0.0,0.0,0,0,0,0,09:15,15:29,True,
2025-01-31,regular,True,participant_oi,True,375,375,0,375,0.0,0.0,0,0,0,0,09:15,15:29,True,
2025-02-01,special_weekend,False,weekend,False,375,375,0,375,,,0,0,0,0,09:15,15:29,False,special_weekend
2025-02-03,regular,True,participant_oi,True,375,375,0,375,0.0,0.0,0,0,0,0,09:15,15:29,True,
2025-02-04,regular,True,participant_oi,True,375,375,0,375,0.0,0.0,0,0,0,0,09:15,15:29,True,
2025-02-05,regular,True,participant_oi,True,375,375,0,375,0.0,0.0,0,0,0,0,09:15,15:29,True,
2025-02-06,regular,True,participant_oi,True,375,375,0,375,0.0,0.0,0,0,0,0,09:15,15:29,True,
2025-02-07,regular,True,participant_oi,True,375,375,0,375,0.0,0.0,0,0,0,0,09:15,15:29,True,
2025-02-10,regular,True,participant_oi,True,375,375,0,375,0.0,0.0,0,0,0,0,09:15,15:29,True,
2025-02-11,regular,True,participant_oi,True,375,375,0,375,0.0,0.0,0,0,0,0,09:15,15:29,True,
2025-02-12,regular,True,participant_oi,True,375,375,0,375,0.0,0.0,0,0,0,0,09:15,15:29,True,
2025-02-13,regular,True,participant_oi,True,375,375,0,375,0.0,0.0,0,0,0,0,09:15,15:29,True,
2025-02-14,regular,True,participant_oi,True,375,375,0,375,0.0,0.0,0,0,0,0,09:15,15:29,True,
2025-02-17,regular,True,participant_oi,True,375,375,0,375,0.0,0.0,0,0,0,0,09:15,15:29,True,
2025-02-18,regular,True,participant_oi,True,375,375,0,375,0.0,0.0,0,0,0,0,09:15,15:29,True,
2025-02-19,regular,True,participant_oi,True,375,375,0,375,0.0,0.0,0,0,0,0,09:15,15:29,True,
2025-02-20,regular,True,participant_oi,True,375,375,0,375,0.0,0.0,0,0,0,0,09:15,15:29,True,
2025-02-21,regular,True,participant_oi,True,375,375,0,375,0.0,0.0,0,0,0,0,09:15,15:29,True,
2025-02-24,regular,True,participant_oi,True,375,375,0,375,0.0,0.0,0,0,0,0,09:15,15:29,True,
2025-02-25,regular,True,participant_oi,True,375,375,0,375,0.0,0.0,0,0,0,0,09:15,15:29,True,
2025-02-27,regular,True,participant_oi,True,375,375,0,375,0.0,0.0,0,0,0,0,09:15,15:29,True,
2025-02-28,regular,True,participant_oi,True,375,375,0,375,0.0,0.0,0,0,0,0,09:15,15:29,True,
2025-03-03,regular,True,participant_oi,True,375,375,0,375,0.0,0.0,0,0,0,0,09:15,15:29,True,
2025-03-04,regular,True,participant_oi,True,375,375,0,375,0.0,0.0,0,0,0,0,09:15,15:29,True,
2025-03-05,regular,True,participant_oi,True,375,375,0,375,0.0,0.0,0,0,0,0,09:15,15:29,True,
2025-03-06,regular,True,participant_oi,True,375,375,0,375,0.0,0.0,0,0,0,0,09:15,15:29,True,
2025-03-07,regular,True,participant_oi,True,375,375,0,375,0.0,0.0,0,0,0,0,09:15,15:29,True,
2025-03-10,regular,True,participant_oi,True,375,375,0,375,0.0,0.0,0,0,0,0,09:15,15:29,True,
2025-03-11,regular,True,participant_oi,True,375,375,0,375,0.0,0.0,0,0,0,0,09:15,15:29,True,
2025-03-12,regular,True,participant_oi,True,375,375,0,375,0.0,0.0,0,0,0,0,09:15,15:29,True,
2025-03-13,regular,True,participant_oi,True,375,375,0,375,0.0,0.0,0,0,0,0,09:15,15:29,True,
2025-03-17,regular,True,participant_oi,True,375,375,0,375,0.0,0.0,0,0,0,0,09:15,15:29,True,
2025-03-18,regular,True,participant_oi,True,375,375,0,375,0.0,0.0,0,0,0,0,09:15,15:29,True,
2025-03-19,regular,True,participant_oi,True,375,375,0,375,0.0,0.0,0,0,0,0,09:15,15:29,True,
2025-03-20,regular,True,participant_oi,True,375,375,0,375,0.0,0.0,0,0,0,0,09:15,15:29,True,
2025-03-21,regular,True,participant_oi,True,375,375,0,375,0.0,0.0,0,0,0,0,09:15,15:29,True,
2025-03-24,regular,True,participant_oi,True,375,375,0,375,0.0,0.0,0,0,0,0,09:15,15:29,True,
2025-03-25,regular,True,participant_oi,True,375,375,0,375,0.0,0.0,0,0,0,0,09:15,15:29,True,
2025-03-26,regular,True,participant_oi,True,375,375,0,375,0.0,0.0,0,0,0,0,09:15,15:29,True,
2025-03-27,regular,True,participant_oi,True,375,375,0,375,0.0,0.0,0,0,0,0,09:15,15:29,True,
2025-03-28,regular,True,participant_oi,True,375,375,0,375,0.0,0.0,0,0,0,0,09:15,15:29,True,
2025-04-01,regular,True,participant_oi,True,375,375,0,375,0.0,0.0,0,0,0,0,09:15,15:29,True,
2025-04-02,regular,True,participant_oi,True,375,375,0,375,0.0,0.0,0,0,0,0,09:15,15:29,True,
2025-04-03,regular,True,participant_oi,True,375,375,0,375,0.0,0.0,0,0,0,0,09:15,15:29,True,
2025-04-04,regular,True,participant_oi,True,375,375,0,375,0.0,0.0,0,0,0,0,09:15,15:29,True,
2025-04-07,regular,True,participant_oi,True,375,375,0,375,0.0,0.0,0,0,0,0,09:15,15:29,True,
2025-04-08,regular,True,participant_oi,True,375,375,0,375,0.0,0.0,0,0,0,0,09:15,15:29,True,
2025-04-09,regular,True,participant_oi,True,375,375,0,375,0.0,0.0,0,0,0,0,09:15,15:29,True,
2025-04-11,regular,True,participant_oi,True,375,375,0,375,0.0,0.0,0,0,0,0,09:15,15:29,True,
2025-04-15,regular,True,participant_oi,True,375,375,0,375,0.0,0.0,0,0,0,0,09:15,15:29,True,
2025-04-16,regular,True,participant_oi,True,375,375,0,375,0.0,0.0,0,0,0,0,09:15,15:29,True,
2025-04-17,regular,True,participant_oi,True,375,375,0,375,0.0,0.0,0,0,0,0,09:15,15:29,True,
2025-04-21,regular,True,participant_oi,True,375,375,0,375,0.0,0.0,0,0,0,0,09:15,15:29,True,
2025-04-22,regular,True,participant_oi,True,375,375,0,375,0.0,0.0,0,0,0,0,09:15,15:29,True,
2025-04-23,regular,True,participant_oi,True,375,375,0,375,0.0,0.0,0,0,0,0,09:15,15:29,True,
2025-04-24,regular,True,participant_oi,True,375,375,0,375,0.0,0.0,0,0,0,0,09:15,15:29,True,
2025-04-25,regular,True,participant_oi,True,375,375,0,375,0.0,0.0,0,0,0,0,09:15,15:29,True,
2025-04-28,regular,True,participant_oi,True,375,375,0,375,0.0,0.0,0,0,0,0,09:15,15:29,True,
2025-04-29,regular,True,participant_oi,True,375,375,0,375,0.0,0.0,0,0,0,0,09:15,15:29,True,
2025-04-30,regular,True,participant_oi,True,375,375,0,375,0.0,0.0,0,0,0,0,09:15,15:29,True,
2025-05-02,regular,True,participant_oi,True,375,375,0,375,0.0,0.0,0,0,0,0,09:15,15:29,True,
2025-05-05,regular,True,participant_oi,True,375,375,0,375,0.0,0.0,0,0,0,0,09:15,15:29,True,
2025-05-06,regular,True,participant_oi,True,375,375,0,375,0.0,0.0,0,0,0,0,09:15,15:29,True,
2025-05-07,regular,True,participant_oi,True,375,375,0,375,0.0,0.0,0,0,0,0,09:15,15:29,True,
2025-05-08,regular,True,participant_oi,True,375,375,0,375,0.0,0.0,0,0,0,0,09:15,15:29,True,
2025-05-09,regular,True,participant_oi,True,375,375,0,375,0.0,0.0,0,0,0,0,09:15,15:29,True,
2025-05-12,regular,True,participant_oi,True,375,375,0,375,0.0,0.0,0,0,0,0,09:15,15:29,True,
2025-05-13,regular,True,participant_oi,True,375,375,0,375,0.0,0.0,0,0,0,0,09:15,15:29,True,
2025-05-14,regular,True,participant_oi,True,375,375,0,375,0.0,0.0,0,0,0,0,09:15,15:29,True,
2025-05-15,regular,True,participant_oi,True,375,375,0,375,0.0,0.0,0,0,0,0,09:15,15:29,True,
2025-05-16,regular,True,participant_oi,True,375,375,0,375,0.0,0.0,0,0,0,0,09:15,15:29,True,
2025-05-19,regular,True,participant_oi,True,375,375,0,375,0.0,0.0,0,0,0,0,09:15,15:29,True,
2025-05-20,regular,True,participant_oi,True,375,375,0,375,0.0,0.0,0,0,0,0,09:15,15:29,True,
2025-05-21,regular,True,participant_oi,True,375,375,0,375,0.0,0.0,0,0,0,0,09:15,15:29,True,
2025-05-22,regular,True,participant_oi,True,375,375,0,375,0.0,0.0,0,0,0,0,09:15,15:29,True,
2025-05-23,regular,True,participant_oi,True,375,375,0,375,0.0,0.0,0,0,0,0,09:15,15:29,True,
2025-05-26,regular,True,participant_oi,True,375,375,0,375,0.0,0.0,0,0,0,0,09:15,15:29,True,
2025-05-27,regular,True,participant_oi,True,375,375,0,375,0.0,0.0,0,0,0,0,09:15,15:29,True,
2025-05-28,regular,True,participant_oi,True,375,375,0,375,0.0,0.0,0,0,0,0,09:15,15:29,True,
2025-05-29,regular,True,participant_oi,True,375,375,0,375,0.0,0.0,0,0,0,0,09:15,15:29,True,
2025-05-30,regular,True,participant_oi,True,375,375,0,375,0.0,0.0,0,0,0,0,09:15,15:29,True,
2025-06-02,regular,True,participant_oi,True,375,375,0,375,0.0,0.0,0,0,0,0,09:15,15:29,True,
2025-06-03,regular,True,participant_oi,True,375,375,0,375,0.0,0.0,0,0,0,0,09:15,15:29,True,
2025-06-04,regular,True,participant_oi,True,375,375,0,375,0.0,0.0,0,0,0,0,09:15,15:29,True,
2025-06-05,regular,True,participant_oi,True,375,375,0,375,0.0,0.0,0,0,0,0,09:15,15:29,True,
2025-06-06,regular,True,participant_oi,True,375,375,0,375,0.0,0.0,0,0,0,0,09:15,15:29,True,
2025-06-09,regular,True,participant_oi,True,375,375,0,375,0.0,0.0,0,0,0,0,09:15,15:29,True,
2025-06-10,regular,True,participant_oi,True,375,375,0,375,0.0,0.0,0,0,0,0,09:15,15:29,True,
2025-06-11,regular,True,participant_oi,True,375,375,0,375,0.0,0.0,0,0,0,0,09:15,15:29,True,
2025-06-12,regular,True,participant_oi,True,375,375,0,375,0.0,0.0,0,0,0,0,09:15,15:29,True,
2025-06-13,regular,True,participant_oi,True,375,375,0,375,0.0,0.0,0,0,0,0,09:15,15:29,True,
2025-06-16,regular,True,participant_oi,True,375,375,0,375,0.0,0.0,0,0,0,0,09:15,15:29,True,
2025-06-17,regular,True,participant_oi,True,375,375,0,375,0.0,0.0,0,0,0,0,09:15,15:29,True,
2025-06-18,regular,True,participant_oi,True,375,375,0,375,0.0,0.0,0,0,0,0,09:15,15:29,True,
2025-06-19,regular,True,participant_oi,True,375,375,0,375,0.0,0.0,0,0,0,0,09:15,15:29,True,
2025-06-20,regular,True,participant_oi,True,375,375,0,375,0.0,0.0,0,0,0,0,09:15,15:29,True,
2025-06-23,regular,True,participant_oi,True,375,375,0,375,0.0,0.0,0,0,0,0,09:15,15:29,True,
2025-06-24,regular,True,participant_oi,True,375,375,0,375,0.0,0.0,0,0,0,0,09:15,15:29,True,
2025-06-25,regular,True,participant_oi,True,375,375,0,375,0.0,0.0,0,0,0,0,09:15,15:29,True,
2025-06-26,regular,True,participant_oi,True,375,375,0,375,0.0,0.0,0,0,0,0,09:15,15:29,True,
2025-06-27,regular,True,participant_oi,True,375,375,0,375,0.0,0.0,0,0,0,0,09:15,15:29,True,
2025-06-30,regular,True,participant_oi,True,375,375,0,375,0.0,0.0,0,0,0,0,09:15,15:29,True,
2025-07-01,regular,True,participant_oi,True,375,375,0,375,0.0,0.0,0,0,0,0,09:15,15:29,True,
2025-07-02,regular,True,participant_oi,True,375,375,0,375,0.0,0.0,0,0,0,0,09:15,15:29,True,
2025-07-03,regular,True,participant_oi,True,375,375,0,375,0.0,0.0,0,0,0,0,09:15,15:29,True,
2025-07-04,regular,True,participant_oi,True,375,375,0,375,0.0,0.0,0,0,0,0,09:15,15:29,True,
2025-07-07,regular,True,participant_oi,True,375,375,0,375,0.0,0.0,0,0,0,0,09:15,15:29,True,
2025-07-08,regular,True,participant_oi,True,375,375,0,375,0.0,0.0,0,0,0,0,09:15,15:29,True,
2025-07-09,regular,True,participant_oi,True,375,375,0,375,0.0,0.0,0,0,0,0,09:15,15:29,True,
2025-07-10,regular,True,participant_oi,True,375,375,0,375,0.0,0.0,0,0,0,0,09:15,15:29,True,
2025-07-11,regular,True,participant_oi,True,375,375,0,375,0.0,0.0,0,0,0,0,09:15,15:29,True,
2025-07-14,regular,True,participant_oi,True,375,375,0,375,0.0,0.0,0,0,0,0,09:15,15:29,True,
2025-07-15,regular,True,participant_oi,True,375,375,0,375,0.0,0.0,0,0,0,0,09:15,15:29,True,
2025-07-16,regular,True,participant_oi,True,375,375,0,375,0.0,0.0,0,0,0,0,09:15,15:29,True,
2025-07-17,regular,True,participant_oi,True,375,375,0,375,0.0,0.0,0,0,0,0,09:15,15:29,True,
2025-07-18,regular,True,participant_oi,True,375,375,0,375,0.0,0.0,0,0,0,0,09:15,15:29,True,
2025-07-21,regular,True,participant_oi,True,375,375,0,375,0.0,0.0,0,0,0,0,09:15,15:29,True,
2025-07-22,regular,True,participant_oi,True,375,375,0,375,0.0,0.0,0,0,0,0,09:15,15:29,True,
2025-07-23,regular,True,participant_oi,True,375,375,0,375,0.0,0.0,0,0,0,0,09:15,15:29,True,
2025-07-24,regular,True,participant_oi,True,375,375,0,375,0.0,0.0,0,0,0,0,09:15,15:29,True,
2025-07-25,regular,True,participant_oi,True,375,375,0,375,0.0,0.0,0,0,0,0,09:15,15:29,True,
2025-07-28,regular,True,participant_oi,True,375,375,0,375,0.0,0.0,0,0,0,0,09:15,15:29,True,
2025-07-29,regular,True,participant_oi,True,375,375,0,375,0.0,0.0,0,0,0,0,09:15,15:29,True,
2025-07-30,regular,True,participant_oi,True,375,375,0,375,0.0,0.0,0,0,0,0,09:15,15:29,True,
2025-07-31,regular,True,participant_oi,True,375,375,0,375,0.0,0.0,0,0,0,0,09:15,15:29,True,
2025-08-01,regular,True,participant_oi,True,375,375,0,375,0.0,0.0,0,0,0,0,09:15,15:29,True,
2025-08-04,regular,True,participant_oi,True,375,375,0,375,0.0,0.0,0,0,0,0,09:15,15:29,True,
2025-08-05,regular,True,participant_oi,True,375,375,0,375,0.0,0.0,0,0,0,0,09:15,15:29,True,
2025-08-06,regular,True,participant_oi,True,375,375,0,375,0.0,0.0,0,0,0,0,09:15,15:29,True,
2025-08-07,regular,True,participant_oi,True,375,375,0,375,0.0,0.0,0,0,0,0,09:15,15:29,True,
2025-08-08,regular,True,participant_oi,True,375,375,0,375,0.0,0.0,0,0,0,0,09:15,15:29,True,
2025-08-11,regular,True,participant_oi,True,375,375,0,375,0.0,0.0,0,0,0,0,09:15,15:29,True,
2025-08-12,regular,True,participant_oi,True,375,375,0,375,0.0,0.0,0,0,0,0,09:15,15:29,True,
2025-08-13,regular,True,participant_oi,True,375,375,0,375,0.0,0.0,0,0,0,0,09:15,15:29,True,
2025-08-14,regular,True,participant_oi,True,375,375,0,375,0.0,0.0,0,0,0,0,09:15,15:29,True,
2025-08-18,regular,True,participant_oi,True,375,375,0,375,0.0,0.0,0,0,0,0,09:15,15:29,True,
2025-08-19,regular,True,participant_oi,True,375,375,0,375,0.0,0.0,0,0,0,0,09:15,15:29,True,
2025-08-20,regular,True,participant_oi,True,375,375,0,375,0.0,0.0,0,0,0,0,09:15,15:29,True,
2025-08-21,regular,True,participant_oi,True,375,375,0,375,0.0,0.0,0,0,0,0,09:15,15:29,True,
2025-08-22,regular,True,participant_oi,True,375,375,0,375,0.0,0.0,0,0,0,0,09:15,15:29,True,
2025-08-25,regular,True,participant_oi,True,375,375,0,375,0.0,0.0,0,0,0,0,09:15,15:29,True,
2025-08-26,regular,True,participant_oi,True,375,375,0,375,0.0,0.0,0,0,0,0,09:15,15:29,True,
2025-08-28,regular,True,participant_oi,True,375,375,0,375,0.0,0.0,0,0,0,0,09:15,15:29,True,
2025-08-29,regular,True,participant_oi,True,375,375,0,375,0.0,0.0,0,0,0,0,09:15,15:29,True,
2025-09-01,regular,True,participant_oi,True,375,375,0,375,0.0,0.0,0,0,0,0,09:15,15:29,True,
2025-09-02,regular,True,participant_oi,True,375,375,0,375,0.0,0.0,0,0,0,0,09:15,15:29,True,
2025-09-03,regular,True,participant_oi,True,375,375,0,375,0.0,0.0,0,0,0,0,09:15,15:29,True,
2025-09-04,regular,True,participant_oi,True,375,375,0,375,0.0,0.0,0,0,0,0,09:15,15:29,True,
2025-09-05,regular,True,participant_oi,True,375,375,0,375,0.0,0.0,0,0,0,0,09:15,15:29,True,
2025-09-08,regular,True,participant_oi,True,375,375,0,375,0.0,0.0,0,0,0,0,09:15,15:29,True,
2025-09-09,regular,True,participant_oi,True,375,375,0,375,0.0,0.0,0,0,0,0,09:15,15:29,True,
2025-09-10,regular,True,participant_oi,True,375,375,0,375,0.0,0.0,0,0,0,0,09:15,15:29,True,
2025-09-11,regular,True,participant_oi,True,375,375,0,375,0.0,0.0,0,0,0,0,09:15,15:29,True,
2025-09-12,regular,True,participant_oi,True,375,375,0,375,0.0,0.0,0,0,0,0,09:15,15:29,True,
2025-09-15,regular,True,participant_oi,True,375,375,0,375,0.0,0.0,0,0,0,0,09:15,15:29,True,
2025-09-16,regular,True,participant_oi,True,375,375,0,375,0.0,0.0,0,0,0,0,09:15,15:29,True,
2025-09-17,regular,True,participant_oi,True,375,375,0,375,0.0,0.0,0,0,0,0,09:15,15:29,True,
2025-09-18,regular,True,participant_oi,True,375,375,0,375,0.0,0.0,0,0,0,0,09:15,15:29,True,
2025-09-19,regular,True,participant_oi,True,375,375,0,375,0.0,0.0,0,0,0,0,09:15,15:29,True,
2025-09-22,regular,True,participant_oi,True,375,375,0,375,0.0,0.0,0,0,0,0,09:15,15:29,True,
2025-09-23,regular,True,participant_oi,True,375,375,0,375,0.0,0.0,0,0,0,0,09:15,15:29,True,
2025-09-24,regular,True,participant_oi,True,375,375,0,375,0.0,0.0,0,0,0,0,09:15,15:29,True,
2025-09-25,regular,True,participant_oi,True,375,375,0,375,0.0,0.0,0,0,0,0,09:15,15:29,True,
2025-09-26,regular,True,participant_oi,True,375,375,0,375,0.0,0.0,0,0,0,0,09:15,15:29,True,
2025-09-29,regular,True,participant_oi,True,375,375,0,375,0.0,0.0,0,0,0,0,09:15,15:29,True,
2025-09-30,regular,True,participant_oi,True,375,375,0,375,0.0,0.0,0,0,0,0,09:15,15:29,True,
2025-10-01,regular,True,participant_oi,True,375,375,0,375,0.0,0.0,0,0,0,0,09:15,15:29,True,
2025-10-03,regular,True,participant_oi,True,375,375,0,375,0.0,0.0,0,0,0,0,09:15,15:29,True,
2025-10-06,regular,True,participant_oi,True,375,375,0,375,0.0,0.0,0,0,0,0,09:15,15:29,True,
2025-10-07,regular,True,participant_oi,True,375,375,0,375,0.0,0.0,0,0,0,0,09:15,15:29,True,
2025-10-08,regular,True,participant_oi,True,375,375,0,375,0.0,0.0,0,0,0,0,09:15,15:29,True,
2025-10-09,regular,True,participant_oi,True,375,375,0,375,0.0,0.0,0,0,0,0,09:15,15:29,True,
2025-10-10,regular,True,participant_oi,True,375,375,0,375,0.0,0.0,0,0,0,0,09:15,15:29,True,
2025-10-13,regular,True,participant_oi,True,375,375,0,375,0.0,0.0,0,0,0,0,09:15,15:29,True,
2025-10-14,regular,True,participant_oi,True,375,375,0,375,0.0,0.0,0,0,0,0,09:15,15:29,True,
2025-10-15,regular,True,participant_oi,True,375,375,0,375,0.0,0.0,0,0,0,0,09:15,15:29,True,
2025-10-16,regular,True,participant_oi,True,375,375,0,375,0.0,0.0,0,0,0,0,09:15,15:29,True,
2025-10-17,regular,True,participant_oi,True,375,375,0,375,0.0,0.0,0,0,0,0,09:15,15:29,True,
2025-10-20,regular,True,participant_oi,True,375,375,0,375,0.0,0.0,0,0,0,0,09:15,15:29,True,
2025-10-21,special_short,True,participant_oi,False,61,61,0,61,,,0,0,0,0,13:45,14:45,False,special_short
2025-10-23,regular,True,participant_oi,True,375,375,0,375,0.0,0.0,0,0,0,0,09:15,15:29,True,
2025-10-24,regular,True,participant_oi,True,375,375,0,375,0.0,0.0,0,0,0,0,09:15,15:29,True,
2025-10-27,regular,True,participant_oi,True,375,375,0,375,0.0,0.0,0,0,0,0,09:15,15:29,True,
2025-10-28,regular,True,participant_oi,True,375,375,0,375,0.0,0.0,0,0,0,0,09:15,15:29,True,
2025-10-29,regular,True,participant_oi,True,375,375,0,375,0.0,0.0,0,0,0,0,09:15,15:29,True,
2025-10-30,regular,True,participant_oi,True,375,375,0,375,0.0,0.0,0,0,0,0,09:15,15:29,True,
2025-10-31,regular,True,participant_oi,True,375,375,0,375,0.0,0.0,0,0,0,0,09:15,15:29,True,
2025-11-03,regular,True,participant_oi,True,375,375,0,375,0.0,0.0,0,0,0,0,09:15,15:29,True,
2025-11-04,regular,True,participant_oi,True,375,375,0,375,0.0,0.0,0,0,0,0,09:15,15:29,True,
2025-11-06,regular,True,participant_oi,True,375,375,0,375,0.0,0.0,0,0,0,0,09:15,15:29,True,
2025-11-07,regular,True,participant_oi,True,375,375,0,375,0.0,0.0,0,0,0,0,09:15,15:29,True,
2025-11-10,regular,True,participant_oi,True,375,375,0,375,0.0,0.0,0,0,0,0,09:15,15:29,True,
2025-11-11,regular,True,participant_oi,True,375,375,0,375,0.0,0.0,0,0,0,0,09:15,15:29,True,
2025-11-12,regular,True,participant_oi,True,375,375,0,375,0.0,0.0,0,0,0,0,09:15,15:29,True,
2025-11-13,regular,True,participant_oi,True,375,375,0,375,0.0,0.0,0,0,0,0,09:15,15:29,True,
2025-11-14,regular,True,participant_oi,True,375,375,0,375,0.0,0.0,0,0,0,0,09:15,15:29,True,
2025-11-17,regular,True,participant_oi,True,375,375,0,375,0.0,0.0,0,0,0,0,09:15,15:29,True,
2025-11-18,regular,True,participant_oi,True,375,375,0,375,0.0,0.0,0,0,0,0,09:15,15:29,True,
2025-11-19,regular,True,participant_oi,True,375,375,0,375,0.0,0.0,0,0,0,0,09:15,15:29,True,
2025-11-20,regular,True,participant_oi,True,375,375,0,375,0.0,0.0,0,0,0,0,09:15,15:29,True,
2025-11-21,regular,True,participant_oi,True,375,375,0,375,0.0,0.0,0,0,0,0,09:15,15:29,True,
2025-11-24,regular,True,participant_oi,True,375,375,0,375,0.0,0.0,0,0,0,0,09:15,15:29,True,
2025-11-25,regular,True,participant_oi,True,375,375,0,375,0.0,0.0,0,0,0,0,09:15,15:29,True,
2025-11-26,regular,True,participant_oi,True,375,375,0,375,0.0,0.0,0,0,0,0,09:15,15:29,True,
2025-11-27,regular,True,participant_oi,True,375,375,0,375,0.0,0.0,0,0,0,0,09:15,15:29,True,
2025-11-28,regular,True,participant_oi,True,375,375,0,375,0.0,0.0,0,0,0,0,09:15,15:29,True,
2025-12-01,regular,True,participant_oi,True,375,375,0,375,0.0,0.0,0,0,0,0,09:15,15:29,True,
2025-12-02,regular,True,participant_oi,True,375,375,0,375,0.0,0.0,0,0,0,0,09:15,15:29,True,
2025-12-03,regular,True,participant_oi,True,375,375,0,375,0.0,0.0,0,0,0,0,09:15,15:29,True,
2025-12-04,regular,True,participant_oi,True,375,375,0,375,0.0,0.0,0,0,0,0,09:15,15:29,True,
2025-12-05,regular,True,participant_oi,True,375,375,0,375,0.0,0.0,0,0,0,0,09:15,15:29,True,
2025-12-08,regular,True,participant_oi,True,375,375,0,375,0.0,0.0,0,0,0,0,09:15,15:29,True,
2025-12-09,regular,True,participant_oi,True,375,375,0,375,0.0,0.0,0,0,0,0,09:15,15:29,True,
2025-12-10,regular,True,participant_oi,True,375,375,0,375,0.0,0.0,0,0,0,0,09:15,15:29,True,
2025-12-11,regular,True,participant_oi,True,375,375,0,375,0.0,0.0,0,0,0,0,09:15,15:29,True,
2025-12-12,regular,True,participant_oi,True,375,375,0,375,0.0,0.0,0,0,0,0,09:15,15:29,True,
2025-12-15,regular,True,participant_oi,True,375,375,0,375,0.0,0.0,0,0,0,0,09:15,15:29,True,
2025-12-16,regular,True,participant_oi,True,375,375,0,375,0.0,0.0,0,0,0,0,09:15,15:29,True,
2025-12-17,regular,True,participant_oi,True,375,375,0,375,0.0,0.0,0,0,0,0,09:15,15:29,True,
2025-12-18,regular,True,participant_oi,True,375,375,0,375,0.0,0.0,0,0,0,0,09:15,15:29,True,
2025-12-19,regular,True,participant_oi,True,375,375,0,375,0.0,0.0,0,0,0,0,09:15,15:29,True,
2025-12-22,regular,True,participant_oi,True,375,375,0,375,0.0,0.0,0,0,0,0,09:15,15:29,True,
2025-12-23,regular,True,participant_oi,True,375,375,0,375,0.0,0.0,0,0,0,0,09:15,15:29,True,
2025-12-24,regular,True,participant_oi,True,375,375,0,375,0.0,0.0,0,0,0,0,09:15,15:29,True,
2025-12-26,regular,True,participant_oi,True,375,375,0,375,0.0,0.0,0,0,0,0,09:15,15:29,True,
2025-12-29,regular,True,participant_oi,True,375,375,0,375,0.0,0.0,0,0,0,0,09:15,15:29,True,
2025-12-30,regular,True,participant_oi,True,375,375,0,375,0.0,0.0,0,0,0,0,09:15,15:29,True,
2025-12-31,regular,True,participant_oi,True,375,375,0,375,0.0,0.0,0,0,0,0,09:15,15:29,True,
2026-01-01,regular,True,participant_oi,True,375,375,0,375,0.0,0.0,0,0,0,0,09:15,15:29,True,
2026-01-02,regular,True,participant_oi,True,375,375,0,375,0.0,0.0,0,0,0,0,09:15,15:29,True,
2026-01-05,regular,True,participant_oi,True,375,375,0,375,0.0,0.0,0,0,0,0,09:15,15:29,True,
2026-01-06,regular,True,participant_oi,True,375,375,0,375,0.0,0.0,0,0,0,0,09:15,15:29,True,
2026-01-07,regular,True,participant_oi,True,375,375,0,375,0.0,0.0,0,0,0,0,09:15,15:29,True,
2026-01-08,regular,True,participant_oi,True,375,375,0,375,0.0,0.0,0,0,0,0,09:15,15:29,True,
2026-01-09,regular,True,participant_oi,True,375,375,0,375,0.0,0.0,0,0,0,0,09:15,15:29,True,
2026-01-12,regular,True,participant_oi,True,375,375,0,375,0.0,0.0,0,0,0,0,09:15,15:29,True,
2026-01-13,regular,True,participant_oi,True,375,375,0,375,0.0,0.0,0,0,0,0,09:15,15:29,True,
2026-01-14,regular,True,participant_oi,True,375,375,0,375,0.0,0.0,0,0,0,0,09:15,15:29,True,
2026-01-16,regular,True,participant_oi,True,375,375,0,375,0.0,0.0,0,0,0,0,09:15,15:29,True,
2026-01-19,regular,True,participant_oi,True,375,375,0,375,0.0,0.0,0,0,0,0,09:15,15:29,True,
2026-01-20,regular,True,participant_oi,True,375,375,0,375,0.0,0.0,0,0,0,0,09:15,15:29,True,
2026-01-21,regular,True,participant_oi,True,375,375,0,375,0.0,0.0,0,0,0,0,09:15,15:29,True,
2026-01-22,regular,True,participant_oi,True,375,375,0,375,0.0,0.0,0,0,0,0,09:15,15:29,True,
2026-01-23,regular,True,participant_oi,True,375,375,0,375,0.0,0.0,0,0,0,0,09:15,15:29,True,
2026-01-27,regular,True,participant_oi,True,375,375,0,375,0.0,0.0,0,0,0,0,09:15,15:29,True,
2026-01-28,regular,True,participant_oi,True,375,375,0,375,0.0,0.0,0,0,0,0,09:15,15:29,True,
2026-01-29,regular,True,participant_oi,True,375,375,0,375,0.0,0.0,0,0,0,0,09:15,15:29,True,
2026-01-30,regular,True,participant_oi,True,375,375,0,375,0.0,0.0,0,0,0,0,09:15,15:29,True,
2026-02-01,special_weekend,False,weekend,False,375,375,0,375,,,0,0,0,0,09:15,15:29,False,special_weekend
2026-02-02,regular,True,participant_oi,True,375,375,0,375,0.0,0.0,0,0,0,0,09:15,15:29,True,
2026-02-03,regular,True,participant_oi,True,375,375,0,375,0.0,0.0,0,0,0,0,09:15,15:29,True,
2026-02-04,regular,True,participant_oi,True,375,375,0,375,0.0,0.0,0,0,0,0,09:15,15:29,True,
2026-02-05,regular,True,participant_oi,True,375,375,0,375,0.0,0.0,0,0,0,0,09:15,15:29,True,
2026-02-06,regular,True,participant_oi,True,375,375,0,375,0.0,0.0,0,0,0,0,09:15,15:29,True,
2026-02-09,regular,True,participant_oi,True,375,375,0,375,0.0,0.0,0,0,0,0,09:15,15:29,True,
2026-02-10,regular,True,participant_oi,True,375,375,0,375,0.0,0.0,0,0,0,0,09:15,15:29,True,
2026-02-11,regular,True,participant_oi,True,375,375,0,375,0.0,0.0,0,0,0,0,09:15,15:29,True,
2026-02-12,regular,True,participant_oi,True,375,375,0,375,0.0,0.0,0,0,0,0,09:15,15:29,True,
2026-02-13,regular,True,participant_oi,True,375,375,0,375,0.0,0.0,0,0,0,0,09:15,15:29,True,
2026-02-16,regular,True,participant_oi,True,375,375,0,375,0.0,0.0,0,0,0,0,09:15,15:29,True,
2026-02-17,regular,True,participant_oi,True,375,375,0,375,0.0,0.0,0,0,0,0,09:15,15:29,True,
2026-02-18,regular,True,participant_oi,True,375,375,0,375,0.0,0.0,0,0,0,0,09:15,15:29,True,
2026-02-19,regular,True,participant_oi,True,375,375,0,375,0.0,0.0,0,0,0,0,09:15,15:29,True,
2026-02-20,regular,True,participant_oi,True,375,375,0,375,0.0,0.0,0,0,0,0,09:15,15:29,True,
2026-02-23,regular,True,participant_oi,True,375,375,0,375,0.0,0.0,0,0,0,0,09:15,15:29,True,
2026-02-24,regular,True,participant_oi,True,375,375,0,375,0.0,0.0,0,0,0,0,09:15,15:29,True,
2026-02-25,regular,True,participant_oi,True,375,375,0,375,0.0,0.0,0,0,0,0,09:15,15:29,True,
2026-02-26,regular,True,participant_oi,True,375,375,0,375,0.0,0.0,0,0,0,0,09:15,15:29,True,
2026-02-27,regular,True,participant_oi,True,375,375,0,375,0.0,0.0,0,0,0,0,09:15,15:29,True,
2026-03-02,regular,True,participant_oi,True,375,375,0,375,0.0,0.0,0,0,0,0,09:15,15:29,True,
2026-03-04,regular,True,participant_oi,True,375,375,0,375,0.0,0.0,0,0,0,0,09:15,15:29,True,
2026-03-05,regular,True,participant_oi,True,375,375,0,375,0.0,0.0,0,0,0,0,09:15,15:29,True,
2026-03-06,regular,True,participant_oi,True,375,375,0,375,0.0,0.0,0,0,0,0,09:15,15:29,True,
2026-03-09,regular,True,participant_oi,True,375,375,0,375,0.0,0.0,0,0,0,0,09:15,15:29,True,
2026-03-10,regular,True,participant_oi,True,375,375,0,375,0.0,0.0,0,0,0,0,09:15,15:29,True,
2026-03-11,regular,True,participant_oi,True,375,375,0,375,0.0,0.0,0,0,0,0,09:15,15:29,True,
2026-03-12,regular,True,participant_oi,True,375,375,0,375,0.0,0.0,0,0,0,0,09:15,15:29,True,
2026-03-13,regular,True,participant_oi,True,375,375,0,375,0.0,0.0,0,0,0,0,09:15,15:29,True,
2026-03-16,regular,True,participant_oi,True,375,375,0,375,0.0,0.0,0,0,0,0,09:15,15:29,True,
2026-03-17,regular,True,participant_oi,True,375,375,0,375,0.0,0.0,0,0,0,0,09:15,15:29,True,
2026-03-18,regular,True,participant_oi,True,375,375,0,375,0.0,0.0,0,0,0,0,09:15,15:29,True,
2026-03-19,regular,True,participant_oi,True,375,375,0,375,0.0,0.0,0,0,0,0,09:15,15:29,True,
2026-03-20,regular,True,participant_oi,True,375,375,0,375,0.0,0.0,0,0,0,0,09:15,15:29,True,
2026-03-23,regular,True,participant_oi,True,375,375,0,375,0.0,0.0,0,0,0,0,09:15,15:29,True,
2026-03-24,regular,True,participant_oi,True,375,375,0,375,0.0,0.0,0,0,0,0,09:15,15:29,True,
2026-03-25,regular,True,participant_oi,True,375,375,0,375,0.0,0.0,0,0,0,0,09:15,15:29,True,
2026-03-27,regular,True,participant_oi,True,375,375,0,375,0.0,0.0,0,0,0,0,09:15,15:29,True,
2026-03-30,regular,True,participant_oi,True,375,375,0,375,0.0,0.0,0,0,0,0,09:15,15:29,True,
2026-04-01,regular,True,participant_oi,True,375,375,0,375,0.0,0.0,0,0,0,0,09:15,15:29,True,
2026-04-02,regular,True,participant_oi,True,375,375,0,375,0.0,0.0,0,0,0,0,09:15,15:29,True,
2026-04-06,regular,True,participant_oi,True,375,375,0,375,0.0,0.0,0,0,0,0,09:15,15:29,True,
2026-04-07,regular,True,participant_oi,True,375,375,0,375,0.0,0.0,0,0,0,0,09:15,15:29,True,
2026-04-08,regular,True,participant_oi,True,375,375,0,375,0.0,0.0,0,0,0,0,09:15,15:29,True,
2026-04-09,regular,True,participant_oi,True,375,375,0,375,0.0,0.0,0,0,0,0,09:15,15:29,True,
2026-04-10,regular,True,participant_oi,True,375,375,0,375,0.0,0.0,0,0,0,0,09:15,15:29,True,
2026-04-13,regular,True,participant_oi,True,375,375,0,375,0.0,0.0,0,0,0,0,09:15,15:29,True,
2026-04-15,regular,True,participant_oi,True,375,375,0,375,0.0,0.0,0,0,0,0,09:15,15:29,True,
2026-04-16,regular,True,participant_oi,True,375,375,0,375,0.0,0.0,0,0,0,0,09:15,15:29,True,
2026-04-17,regular,True,participant_oi,True,375,375,0,375,0.0,0.0,0,0,0,0,09:15,15:29,True,
2026-04-20,regular,True,participant_oi,True,375,375,0,375,0.0,0.0,0,0,0,0,09:15,15:29,True,
2026-04-21,regular,True,participant_oi,True,375,375,0,375,0.0,0.0,0,0,0,0,09:15,15:29,True,
2026-04-22,regular,True,participant_oi,True,375,375,0,375,0.0,0.0,0,0,0,0,09:15,15:29,True,
2026-04-23,regular,True,participant_oi,True,375,375,0,375,0.0,0.0,0,0,0,0,09:15,15:29,True,
2026-04-24,regular,True,participant_oi,True,375,375,0,375,0.0,0.0,0,0,0,0,09:15,15:29,True,
2026-04-27,regular,True,participant_oi,True,375,375,0,375,0.0,0.0,0,0,0,0,09:15,15:29,True,
2026-04-28,regular,True,participant_oi,True,375,375,0,375,0.0,0.0,0,0,0,0,09:15,15:29,True,
2026-04-29,regular,True,participant_oi,True,375,375,0,375,0.0,0.0,0,0,0,0,09:15,15:29,True,
2026-04-30,regular,True,participant_oi,True,375,375,0,375,0.0,0.0,0,0,0,0,09:15,15:29,True,
2026-05-04,regular,True,participant_oi,True,375,375,0,375,0.0,0.0,0,0,0,0,09:15,15:29,True,
2026-05-05,regular,True,participant_oi,True,375,375,0,375,0.0,0.0,0,0,0,0,09:15,15:29,True,
2026-05-06,regular,True,participant_oi,True,375,375,0,375,0.0,0.0,0,0,0,0,09:15,15:29,True,
2026-05-07,regular,True,participant_oi,True,375,375,0,375,0.0,0.0,0,0,0,0,09:15,15:29,True,
2026-05-08,regular,True,participant_oi,True,375,375,0,375,0.0,0.0,0,0,0,0,09:15,15:29,True,
2026-05-11,regular,True,participant_oi,True,375,375,0,375,0.0,0.0,0,0,0,0,09:15,15:29,True,
2026-05-12,regular,True,participant_oi,True,375,375,0,375,0.0,0.0,0,0,0,0,09:15,15:29,True,
2026-05-13,regular,True,participant_oi,True,375,375,0,375,0.0,0.0,0,0,0,0,09:15,15:29,True,
2026-05-14,regular,True,participant_oi,True,375,375,0,375,0.0,0.0,0,0,0,0,09:15,15:29,True,
2026-05-15,regular,True,participant_oi,True,375,375,0,375,0.0,0.0,0,0,0,0,09:15,15:29,True,
2026-05-18,regular,True,participant_oi,True,375,375,0,375,0.0,0.0,0,0,0,0,09:15,15:29,True,
2026-05-19,regular,True,participant_oi,True,375,375,0,375,0.0,0.0,0,0,0,0,09:15,15:29,True,
2026-05-20,regular,True,participant_oi,True,375,375,0,375,0.0,0.0,0,0,0,0,09:15,15:29,True,
2026-05-21,regular,True,participant_oi,True,375,375,0,375,0.0,0.0,0,0,0,0,09:15,15:29,True,
2026-05-22,regular,True,participant_oi,True,375,375,0,375,0.0,0.0,0,0,0,0,09:15,15:29,True,
2026-05-25,regular,True,participant_oi,True,375,375,0,375,0.0,0.0,0,0,0,0,09:15,15:29,True,
2026-05-26,regular,True,participant_oi,True,375,375,0,375,0.0,0.0,0,0,0,0,09:15,15:29,True,
2026-05-27,regular,True,participant_oi,True,375,375,0,375,0.0,0.0,0,0,0,0,09:15,15:29,True,
2026-05-29,regular,True,participant_oi,True,375,375,0,375,0.0,0.0,0,0,0,0,09:15,15:29,True,
2026-06-01,regular,True,participant_oi,True,375,375,0,375,0.0,0.0,0,0,0,0,09:15,15:29,True,
2026-06-02,regular,True,participant_oi,True,375,375,0,375,0.0,0.0,0,0,0,0,09:15,15:29,True,
2026-06-03,regular,True,participant_oi,True,375,375,0,375,0.0,0.0,0,0,0,0,09:15,15:29,True,
2026-06-04,regular,True,participant_oi,True,375,375,0,375,0.0,0.0,0,0,0,0,09:15,15:29,True,
2026-06-05,regular,True,participant_oi,True,375,375,0,375,0.0,0.0,0,0,0,0,09:15,15:29,True,
2026-06-08,regular,True,participant_oi,True,375,375,0,375,0.0,0.0,0,0,0,0,09:15,15:29,True,
2026-06-09,regular,True,participant_oi,True,375,375,0,375,0.0,0.0,0,0,0,0,09:15,15:29,True,
2026-06-10,regular,True,participant_oi,True,375,375,0,375,0.0,0.0,0,0,0,0,09:15,15:29,True,
2026-06-11,regular,True,participant_oi,True,375,375,0,375,0.0,0.0,0,0,0,0,09:15,15:29,True,
2026-06-12,regular,True,participant_oi,True,375,375,0,375,0.0,0.0,0,0,0,0,09:15,15:29,True,
2026-06-15,regular,True,participant_oi,True,375,375,0,375,0.0,0.0,0,0,0,0,09:15,15:29,True,
2026-06-16,regular,True,participant_oi,True,375,375,0,375,0.0,0.0,0,0,0,0,09:15,15:29,True,
2026-06-17,regular,True,participant_oi,True,375,375,0,375,0.0,0.0,0,0,0,0,09:15,15:29,True,
2026-06-18,regular,True,participant_oi,True,375,375,0,375,0.0,0.0,0,0,0,0,09:15,15:29,True,
2026-06-19,regular,True,participant_oi,True,375,375,0,375,0.0,0.0,0,0,0,0,09:15,15:29,True,
2026-06-22,regular,True,participant_oi,True,375,375,0,375,0.0,0.0,0,0,0,0,09:15,15:29,True,
2026-06-23,regular,True,participant_oi,True,375,375,0,375,0.0,0.0,0,0,0,0,09:15,15:29,True,
2026-06-24,regular,True,participant_oi,True,375,375,0,375,0.0,0.0,0,0,0,0,09:15,15:29,True,
2026-06-25,regular,True,participant_oi,True,375,375,0,375,0.0,0.0,0,0,0,0,09:15,15:29,True,
2026-06-29,regular,True,participant_oi,True,375,375,0,375,0.0,0.0,0,0,0,0,09:15,15:29,True,
2026-06-30,regular,True,participant_oi,True,375,375,0,375,0.0,0.0,0,0,0,0,09:15,15:29,True,
2026-07-01,regular,True,participant_oi,True,375,375,0,375,0.0,0.0,0,0,0,0,09:15,15:29,True,
2026-07-02,regular,True,participant_oi,True,375,375,0,375,0.0,0.0,0,0,0,0,09:15,15:29,True,
2026-07-03,regular,True,participant_oi,True,375,375,0,375,0.0,0.0,0,0,0,0,09:15,15:29,True,
2026-07-06,regular,True,participant_oi,True,375,375,0,375,0.0,0.0,0,0,0,0,09:15,15:29,True,
2026-07-07,regular,True,participant_oi,True,375,375,0,375,0.0,0.0,0,0,0,0,09:15,15:29,True,
2026-07-08,regular,True,participant_oi,True,375,375,0,375,0.0,0.0,0,0,0,0,09:15,15:29,True,
2026-07-09,regular,True,participant_oi,True,375,375,0,375,0.0,0.0,0,0,0,0,09:15,15:29,True,
2026-07-10,regular,True,participant_oi,True,375,375,0,375,0.0,0.0,0,0,0,0,09:15,15:29,True,
2026-07-13,regular,True,participant_oi,True,375,375,0,375,0.0,0.0,0,0,0,0,09:15,15:29,True,
2026-07-14,regular,True,participant_oi,True,375,375,0,375,0.0,0.0,0,0,0,0,09:15,15:29,True,
2026-07-15,regular,True,participant_oi,True,375,375,0,375,0.0,0.0,0,0,0,0,09:15,15:29,True,
2026-07-16,regular,True,participant_oi,True,375,375,0,375,0.0,0.0,0,0,0,0,09:15,15:29,True,
2026-07-17,regular,True,participant_oi,True,375,375,0,375,0.0,0.0,0,0,0,0,09:15,15:29,True,
2026-07-20,regular,True,participant_oi,True,375,375,0,375,0.0,0.0,0,0,0,0,09:15,15:29,True,
2026-07-21,regular,True,participant_oi,True,375,375,0,375,0.0,0.0,0,0,0,0,09:15,15:29,True,
2026-07-22,regular,True,participant_oi,True,375,375,0,375,0.0,0.0,0,0,0,0,09:15,15:29,True,
2026-07-23,regular,True,participant_oi,True,375,375,0,375,0.0,0.0,0,0,0,0,09:15,15:29,True,
2026-07-24,regular,True,participant_oi,True,375,375,0,375,0.0,0.0,0,0,0,0,09:15,15:29,True,
2026-07-27,regular,True,participant_oi,True,375,375,0,375,0.0,0.0,0,0,0,0,09:15,15:29,True,
2026-07-28,regular,True,participant_oi,True,375,375,0,375,0.0,0.0,0,0,0,0,09:15,15:29,True,
2026-07-29,regular,True,participant_oi,True,375,375,0,375,0.0,0.0,0,0,0,0,09:15,15:29,True,
2026-07-30,regular,True,participant_oi,True,375,375,0,375,0.0,0.0,0,0,0,0,09:15,15:29,True,
2026-07-31,regular,True,participant_oi,True,375,375,0,375,0.0,0.0,0,0,0,0,09:15,15:29,True,
2026-08-03,regular,True,participant_oi,True,375,375,0,375,0.0,0.0,0,0,0,0,09:15,15:29,True,
2026-08-04,regular,True,participant_oi,True,375,375,0,375,0.0,0.0,0,0,0,0,09:15,15:29,True,
2026-08-05,regular,True,participant_oi,True,375,375,0,375,0.0,0.0,0,0,0,0,09:15,15:29,True,
2026-08-06,regular,True,participant_oi,True,375,375,0,375,0.0,0.0,0,0,0,0,09:15,15:29,True,
2026-08-07,regular,True,participant_oi,True,375,375,0,375,0.0,0.0,0,0,0,0,09:15,15:29,True,
2026-08-10,regular,True,participant_oi,True,375,375,0,375,0.0,0.0,0,0,0,0,09:15,15:29,True,
2026-08-11,regular,True,participant_oi,True,375,375,0,375,0.0,0.0,0,0,0,0,09:15,15:29,True,
2026-08-12,regular,True,participant_oi,True,375,375,0,375,0.0,0.0,0,0,0,0,09:15,15:29,True,
2026-08-13,regular,True,participant_oi,True,375,375,0,375,0.0,0.0,0,0,0,0,09:15,15:29,True,
2026-08-14,regular,True,participant_oi,True,375,375,0,375,0.0,0.0,0,0,0,0,09:15,15:29,True,
2026-08-17,regular,True,participant_oi,True,375,375,0,375,0.0,0.0,0,0,0,0,09:15,15:29,True,
2026-08-18,regular,True,participant_oi,True,375,375,0,375,0.0,0.0,0,0,0,0,09:15,15:29,True,
2026-08-19,regular,True,participant_oi,True,375,375,0,375,0.0,0.0,0,0,0,0,09:15,15:29,True,
2026-08-20,regular,True,participant_oi,True,375,375,0,375,0.0,0.0,0,0,0,0,09:15,15:29,True,
2026-08-21,regular,True,participant_oi,True,375,375,0,375,0.0,0.0,0,0,0,0,09:15,15:29,True,
2026-08-24,regular,True,participant_oi,True,375,375,0,375,0.0,0.0,0,0,0,0,09:15,15:29,True,
2026-08-25,regular,True,participant_oi,True,375,375,0,375,0.0,0.0,0,0,0,0,09:15,15:29,True,
2026-08-26,regular,True,participant_oi,True,375,375,0,375,0.0,0.0,0,0,0,0,09:15,15:29,True,
2026-08-27,regular,True,participant_oi,True,375,375,0,375,0.0,0.0,0,0,0,0,09:15,15:29,True,
2026-08-28,regular,True,participant_oi,True,375,375,0,375,0.0,0.0,0,0,0,0,09:15,15:29,True,
2026-08-31,regular,True,participant_oi,True,375,375,0,375,0.0,0.0,0,0,0,0,09:15,15:29,True,
2026-09-01,regular,True,participant_oi,True,375,375,0,375,0.0,0.0,0,0,0,0,09:15,15:29,True,
2026-09-02,regular,True,participant_oi,True,375,375,0,375,0.0,0.0,0,0,0,0,09:15,15:29,True,
2026-09-03,regular,True,participant_oi,True,375,375,0,375,0.0,0.0,0,0,0,0,09:15,15:29,True,
2026-09-04,regular,True,participant_oi,True,375,375,0,375,0.0,0.0,0,0,0,0,09:15,15:29,True,
2026-09-07,regular,True,participant_oi,True,380,375,5,375,0.0,0.0,0,0,0,0,09:15,15:29,True,bars_outside_regular_window
2026-09-08,regular,True,participant_oi,True,380,375,5,375,0.0,0.0,0,0,0,0,09:15,15:29,True,bars_outside_regular_window
2026-09-09,regular,True,participant_oi,True,382,375,7,375,0.0,0.0,0,0,0,0,09:15,15:29,True,bars_outside_regular_window
2026-09-10,regular,True,participant_oi,True,375,375,0,375,0.0,0.0,0,0,0,0,09:15,15:29,True,
2026-09-11,regular,True,participant_oi,True,375,375,0,375,0.0,0.0,0,0,0,0,09:15,15:29,True,
2026-09-15,regular,True,participant_oi,True,375,375,0,375,0.0,0.0,0,0,0,0,09:15,15:29,True,
2026-09-16,regular,True,participant_oi,True,375,375,0,375,0.0,0.0,0,0,0,0,09:15,15:29,True,
2026-09-17,regular,True,participant_oi,True,375,375,0,375,0.0,0.0,0,0,0,0,09:15,15:29,True,
2026-09-18,regular,True,participant_oi,True,375,375,0,375,0.0,0.0,0,0,0,0,09:15,15:29,True,
2026-09-21,regular,True,participant_oi,True,375,375,0,375,0.0,0.0,0,0,0,0,09:15,15:29,True,
2026-09-22,regular,True,participant_oi,True,375,375,0,375,0.0,0.0,0,0,0,0,09:15,15:29,True,
2026-09-23,regular,True,participant_oi,True,375,375,0,375,0.0,0.0,0,0,0,0,09:15,15:29,True,
2026-09-24,regular,True,participant_oi,True,375,375,0,375,0.0,0.0,0,0,0,0,09:15,15:29,True,
2026-09-25,regular,True,participant_oi,True,375,375,0,375,0.0,0.0,0,0,0,0,09:15,15:29,True,
2026-09-28,regular,True,repo_market_calendar,True,375,375,0,375,0.0,0.0,0,0,0,0,09:15,15:29,True,
2026-09-29,regular,True,repo_market_calendar,True,375,375,0,375,0.0,0.0,0,0,0,0,09:15,15:29,True,
2026-09-30,regular,True,repo_market_calendar,True,375,375,0,375,0.0,0.0,0,0,0,0,09:15,15:29,True,
